date,return,nav,gross,turnover,trading_cost,borrow,funding,interest
2008-01-02,9.999999999998899e-05,1.0001,0.0,0.0,0.0,0.0,0.0,9.999000099990002e-05
2008-01-03,0.0019436274353377136,1.0020438217980812,1.2030667393362628,1.2028396614831685,0.0006014198307415842,0.0,0.0,9.999000099990002e-05
2008-01-04,-0.007324830029501683,0.994704021121298,1.2045937184267177,0.0,0.0,0.0,2.8415684517745066e-05,0.0
2008-01-07,-0.003566700148858515,0.9911562101410945,1.2053547353620955,0.0,0.0,0.0,2.861925264769025e-05,0.0
2008-01-08,0.007507241525206654,0.9985970591998322,1.2038530457827268,0.0,0.0,0.0,2.8430047324537356e-05,0.0
2008-01-09,0.0016789342244716288,1.0002736379789796,1.2035397905734482,0.0,0.0,0.0,2.836933249628427e-05,0.0
2008-01-10,-0.0009562953558188703,0.9993170809444323,1.2037630792146623,0.0,0.0,0.0,2.8549787016761596e-05,0.0
2008-01-11,0.0034756993216131793,1.0027904066447473,1.2030856766106357,0.0,0.0,0.0,2.8577342998643852e-05,0.0
2008-01-14,0.010582131094291292,1.0134020661879597,1.2009871715362503,0.0,0.0,0.0,2.813045541685748e-05,0.0
2008-01-15,-0.009471000391998552,1.0038041348218414,1.2029372648497572,0.0,0.0,0.0,2.812088129084722e-05,0.0
2008-01-16,-0.016045532837823506,0.9876975626138145,1.2062754105153675,0.0,0.0,0.0,2.8428068745990718e-05,0.0
2008-01-17,-0.001909896519805554,0.9858111624763579,1.2066989972841426,0.0,0.0,0.0,2.86237252948598e-05,0.0
2008-01-18,0.0035200716690857448,0.9892812884204595,1.2060027251684133,0.0,0.0,0.0,2.873700812485905e-05,0.0
2008-01-22,0.003427388490213623,0.9926719397219754,1.2053277621435543,0.0,0.0,0.0,2.924627928079095e-05,0.0
2008-01-23,-0.006808385105699033,0.985913446872727,1.2067641729624274,0.0,0.0,0.0,2.8780826845656853e-05,0.0
2008-01-24,0.006590977180209734,0.992411579902727,1.2054390104772417,0.0,0.0,0.0,2.8797507285820012e-05,0.0
2008-01-25,0.013563692306762354,1.0058723452141956,1.2027181007760377,0.0,0.0,0.0,2.8438998361514612e-05,0.0
2008-01-28,0.007211878793016435,1.0131265746491276,1.20129470394864,0.0,0.0,0.0,2.8398613968593032e-05,0.0
2008-01-29,-0.0033758658009077624,1.0097063952937788,1.202004762272689,0.0,0.0,0.0,2.8159582217113153e-05,0.0
2008-01-30,-0.004590867551783506,1.0050709669667963,1.2029647631562408,0.0,0.0,0.0,2.8357734115433468e-05,0.0
2008-01-31,0.005340975935343106,1.010439026814678,1.2019146922773787,0.0,0.0,0.0,2.840581483400444e-05,0.0
2008-02-01,-0.006269863245905394,1.0041037122982241,1.2032170392799182,0.0,0.0,0.0,2.8088040539143005e-05,0.0
2008-02-04,-0.0014610655514735171,1.0026366509540785,1.421629214643836,1.7803587644261185,0.0008901793822130592,0.0,2.851404390478274e-05,0.0
2008-02-05,0.0008216166971721783,1.0034604339676991,1.4213419273206365,0.0,0.0,0.0,5.879564012401023e-05,0.0
2008-02-06,0.00013917744223923556,1.003600093024287,1.4213421401097512,0.0,0.0,0.0,5.8786660279495836e-05,0.0
2008-02-07,-0.00690104836114902,0.9966742002470728,1.424329311348627,0.0,0.0,0.0,5.891123920991933e-05,0.0
2008-02-08,0.018620091850067633,1.015232365400266,1.4166308775371812,0.0,0.0,0.0,5.881542529911886e-05,0.0
2008-02-11,0.004571738851931517,1.0198737426489046,1.4147927494680235,0.0,0.0,0.0,5.8129929217006846e-05,0.0
2008-02-12,-0.011050791031288032,1.008603331040594,1.4194863447085642,0.0,0.0,0.0,5.835323138894596e-05,0.0
2008-02-13,-0.004522512857587313,1.0040419095077575,1.4214509569984233,0.0,0.0,0.0,5.891673838594541e-05,0.0
2008-02-14,-0.0007147236600586471,1.003324296999342,1.4218113048581105,0.0,0.0,0.0,5.886169218074087e-05,0.0
2008-02-15,0.0011164303592781089,1.0044444387047133,1.421399761045816,0.0,0.0,0.0,5.865224808367416e-05,0.0
2008-02-19,0.00666186077094455,1.0111359077075137,1.4186695052814353,0.0,0.0,0.0,5.849994320966639e-05,0.0
2008-02-20,0.005989273465521805,1.0171918771695827,1.4162350406170325,0.0,0.0,0.0,5.8712458093171445e-05,0.0
2008-02-21,0.006651901554556527,1.0239581373986093,1.4135423384605303,0.0,0.0,0.0,5.794949019956312e-05,0.0
2008-02-22,0.0008889752298415488,1.0248684108191513,1.4132327494262333,0.0,0.0,0.0,5.768479575897685e-05,0.0
2008-02-25,-0.004700331907351196,1.0200511891269417,1.4152422472099946,0.0,0.0,0.0,5.7764377398702876e-05,0.0
2008-02-26,0.011761802595444903,1.0320488298507016,1.4104723544971849,0.0,0.0,0.0,5.790976370666376e-05,0.0
2008-02-27,0.003791894715676758,1.0359622503549328,1.4089788854435936,0.0,0.0,0.0,5.722859129818284e-05,0.0
2008-02-28,0.016867423696429906,1.0534362645651765,1.402251073366178,0.0,0.0,0.0,5.6572809033177806e-05,0.0
2008-02-29,0.0063660141117796165,1.0601424546912588,1.3997623679420186,0.0,0.0,0.0,5.5989276211361985e-05,0.0
2008-03-03,0.004298552304593084,1.0646995324830688,1.3981069243277986,0.0,0.0,0.0,5.5398495541361906e-05,0.0
2008-03-04,-0.008354567729026652,1.055804428127876,1.1557656594851977,0.7051985276573609,0.00035259926382868046,0.0,5.54778321540641e-05,0.0
2008-03-05,0.01501406222242041,1.071656341506495,1.1534830137101806,0.0,0.0,0.0,2.1600006736146448e-05,0.0
2008-03-06,-0.0037194785853689183,1.0676703386933868,1.1540775407205301,0.0,0.0,0.0,2.143631235059018e-05,0.0
2008-03-07,-0.0038280366078911054,1.063583257551709,1.1546912263400755,0.0,0.0,0.0,2.1440863241416325e-05,0.0
2008-03-10,0.0054895100161000965,1.0694218084969955,1.1538681731259035,0.0,0.0,0.0,2.1641275050999597e-05,0.0
2008-03-11,0.008809452757587488,1.0788428293968837,1.1525458206229566,0.0,0.0,0.0,2.1374692081246613e-05,0.0
2008-03-12,0.007489780459217332,1.0869231253390672,1.1514329292164718,0.0,0.0,0.0,2.129248045390408e-05,0.0
2008-03-13,-0.0008563005023353165,1.0859923925208395,1.1515838831078675,0.0,0.0,0.0,2.1102498373703846e-05,0.0
2008-03-14,-0.003343986244054298,1.0823608488991021,1.1521137229266334,0.0,0.0,0.0,2.117684542173449e-05,0.0
2008-03-17,-0.018106093799594714,1.062763521843926,1.1549403347928728,0.0,0.0,0.0,2.1484662911428258e-05,0.0
2008-03-18,0.005253700244512771,1.0683469628184967,1.1541521082833555,0.0,0.0,0.0,2.149057967799278e-05,0.0
2008-03-19,-0.026872016209483096,1.039638325916286,1.1584310010701804,0.0,0.0,0.0,2.1776682457279405e-05,0.0
2008-03-20,-0.015308790881061962,1.0237227201928962,1.1609165692222965,0.0,0.0,0.0,2.255021934210344e-05,0.0
2008-03-24,0.0013193948651066822,1.0250734146932117,1.160726984099857,0.0,0.0,0.0,2.2441541246873747e-05,0.0
2008-03-25,0.011129365635447863,1.0364818315285096,1.1589800873325125,0.0,0.0,0.0,2.22542854761349e-05,0.0
2008-03-26,0.01076327128146981,1.0476377666595655,1.1573091331991943,0.0,0.0,0.0,2.2083133810857775e-05,0.0
2008-03-27,0.0022443950556882974,1.0499890796832085,1.1569787841314823,0.0,0.0,0.0,2.1979455694970383e-05,0.0
2008-03-28,-0.006939324741239705,1.0427028644845313,1.1580978033248739,0.0,0.0,0.0,2.2029963485931092e-05,0.0
2008-03-31,-0.008055334881807208,1.0343035437288888,1.1594039389371786,0.0,0.0,0.0,2.1891268598340947e-05,0.0
2008-04-01,-0.009799955866735544,1.0241674146475375,1.1610040373445476,0.0,0.0,0.0,2.249542124786647e-05,0.0
2008-04-02,0.010507467768694934,1.034928820746694,1.402534939644787,0.7537237505994482,0.00037686187529972407,0.0,2.253870907058526e-05,0.0
2008-04-03,0.00411374244967333,1.03918625136899,1.4009417954636207,0.0,0.0,0.0,5.60398770726421e-05,0.0
2008-04-04,0.009937984441036773,1.0495136681664343,1.3970519043838256,0.0,0.0,0.0,5.5751177500524345e-05,0.0
2008-04-07,-7.380563119874228e-05,1.0494362081477036,1.3971366765252986,0.0,0.0,0.0,5.543458608672964e-05,0.0
2008-04-08,-0.0019988918169275838,1.0473384986988497,1.3979876839094816,0.0,0.0,0.0,5.5464035172580766e-05,0.0
2008-04-09,0.014147609789111781,1.0621558350955551,1.3924904737710755,0.0,0.0,0.0,5.548048665835987e-05,0.0
2008-04-10,-0.006197121013511442,1.0555735268502606,1.3949931179889346,0.0,0.0,0.0,5.467537237766631e-05,0.0
2008-04-11,0.003758487621409179,1.0595408868844145,1.3935690671637082,0.0,0.0,0.0,5.502410830614952e-05,0.0
2008-04-14,-0.0018620952775514343,1.0575679208025743,1.3943583747578496,0.0,0.0,0.0,5.5011090529802004e-05,0.0
2008-04-15,-0.00028074390803256577,1.0572710150514784,1.3945242200085197,0.0,0.0,0.0,5.5002251669741456e-05,0.0
2008-04-16,-0.0005438008934468552,1.056696070128878,1.3947940174929767,0.0,0.0,0.0,5.487841087004515e-05,0.0
2008-04-17,-0.005840321699656759,1.0505246251405622,1.3971687566317739,0.0,0.0,0.0,5.510576321501681e-05,0.0
2008-04-18,-0.005487875243258111,1.0447594770578204,1.3994161803402287,0.0,0.0,0.0,5.623677418311003e-05,0.0
2008-04-21,-0.000431547687395728,1.0443086135216113,1.3996444374394463,0.0,0.0,0.0,5.585841070468679e-05,0.0
2008-04-22,0.0028991283941799395,1.0473361982753584,1.3985448281617605,0.0,0.0,0.0,5.591105637413645e-05,0.0
2008-04-23,-0.006537289856168971,1.0404894579703743,1.4012234116546027,0.0,0.0,0.0,5.5985147345707426e-05,0.0
2008-04-24,-0.016615282523106845,1.0232014316638822,1.4080594790910526,0.0,0.0,0.0,5.6646206754001214e-05,0.0
2008-04-25,0.0025813659941174016,1.0258426890447117,1.4070656923398555,0.0,0.0,0.0,5.691748570081482e-05,0.0
2008-04-28,0.0031760751794223108,1.0291008425473784,1.4058335943037352,0.0,0.0,0.0,5.680509710535642e-05,0.0
2008-04-29,-0.008861138655388179,1.0199818372911893,1.4095190875880217,0.0,0.0,0.0,5.680328973815565e-05,0.0
2008-04-30,0.005484685394036459,1.0255761167763628,1.4073421467316696,0.0,0.0,0.0,5.713245835999685e-05,0.0
2008-05-01,-0.01179324515588731,1.0134812462051963,1.412260939646695,0.0,0.0,0.0,5.7214073277327224e-05,0.0
2008-05-02,0.0011455471601777845,1.01464223676868,1.06650489279655,0.6654222332748435,0.00033271111663742175,0.0,5.7876896244948854e-05,0.0
2008-05-05,0.009566748888519605,1.0243490642595319,1.0658838877588883,0.0,0.0,0.0,9.254715242854636e-06,0.0
2008-05-06,0.0049103657687092905,1.0293789928398813,1.0655711124417047,0.0,0.0,0.0,9.187999660589803e-06,0.0
2008-05-07,-0.004947127735447809,1.0242865234741159,1.0659063185576985,0.0,0.0,0.0,9.208420503846266e-06,0.0
2008-05-08,0.01212645387673561,1.0367074867575865,1.065125779755267,0.0,0.0,0.0,9.156886440644791e-06,0.0
2008-05-09,0.00382601075098421,1.040673940747547,1.0648866197846907,0.0,0.0,0.0,9.041853017346664e-06,0.0
2008-05-12,-0.003594971926740742,1.0369327471456689,1.065129823198526,0.0,0.0,0.0,9.07075737386627e-06,0.0
2008-05-13,-0.005812992383993021,1.030905064983798,1.0655197867188368,0.0,0.0,0.0,9.150616604836126e-06,0.0
2008-05-14,-0.0031013189984586687,1.0277078995201565,1.0657327970613937,0.0,0.0,0.0,9.108435182505244e-06,0.0
2008-05-15,0.013612937854370344,1.0416980232887698,1.0648590564802687,0.0,0.0,0.0,9.098507299665515e-06,0.0
2008-05-16,0.010120586639138951,1.0522406183852835,1.0642181903982646,0.0,0.0,0.0,9.004875925066704e-06,0.0
2008-05-19,0.002571063910453031,1.0549459962643266,1.064062451900098,0.0,0.0,0.0,8.945734667206886e-06,0.0
2008-05-20,0.006862142029451679,1.0621851855240938,1.0636347297525102,0.0,0.0,0.0,8.925361029167128e-06,0.0
2008-05-21,0.007749289053095243,1.0704163655546357,1.0631542181220242,0.0,0.0,0.0,8.885379170372365e-06,0.0
2008-05-22,-0.008410528342076562,1.0614135983743158,1.063698780058642,0.0,0.0,0.0,8.837396484370394e-06,0.0
2008-05-23,0.0003296097495160133,1.0617634506446088,1.063686685913424,0.0,0.0,0.0,8.86271217334173e-06,0.0
2008-05-27,-0.011551308161491414,1.0494986938316044,1.0644399475232071,0.0,0.0,0.0,8.953397144424965e-06,0.0
2008-05-28,-0.0016233895561642564,1.0477949486128302,1.064553744533421,0.0,0.0,0.0,9.070174662970991e-06,0.0
2008-05-29,-0.013861998911613216,1.0332704161755653,1.0654703109434445,0.0,0.0,0.0,9.10327878073857e-06,0.0
2008-05-30,0.006194674813922552,1.0396711903986193,1.065076329304625,0.0,0.0,0.0,9.103968799118777e-06,0.0
2008-06-02,0.003940763038377204,1.0437682881978079,1.064829939900635,0.0,0.0,0.0,9.090423258459847e-06,0.0
2008-06-03,-0.010542347932655294,1.0327645197425546,1.077236771829852,0.04811425069745115,2.4057125348725574e-05,0.0,9.110475880805303e-06,0.0
2008-06-04,-0.007573784191098443,1.024942584149801,1.0778370817172898,0.0,0.0,0.0,1.0789417157916473e-05,0.0
2008-06-05,0.010625373590681164,1.0358329820153909,1.0770294871203927,0.0,0.0,0.0,1.0888748565549473e-05,0.0
2008-06-06,0.011501237299492262,1.0477463429441907,1.076164263526228,0.0,0.0,0.0,1.0648081499331976e-05,0.0
2008-06-09,-0.003499359557566639,1.0440799017651035,1.0764424017933092,0.0,0.0,0.0,1.0612708998922666e-05,0.0
2008-06-10,-0.013067005204183357,1.0304369042551556,1.0774653191911456,0.0,0.0,0.0,1.0700079190221267e-05,0.0
2008-06-11,0.009880539765689589,1.0406181770636826,1.076718123275891,0.0,0.0,0.0,1.0748686652856056e-05,0.0
2008-06-12,-0.007235677148540454,1.0330885998995472,1.0772880709872872,0.0,0.0,0.0,1.0794485448795547e-05,0.0
2008-06-13,0.0008079013694726189,1.0339232335941926,1.077236467333598,0.0,0.0,0.0,1.081680593575745e-05,0.0
2008-06-16,0.004422843763762341,1.0384961145201037,1.0769071077974004,0.0,0.0,0.0,1.0692286284528698e-05,0.0
2008-06-17,0.004813314115518663,1.0434947225270346,1.076549394098389,0.0,0.0,0.0,1.0711323234707237e-05,0.0
2008-06-18,0.007308640238643971,1.0511212500449083,1.0760045964601572,0.0,0.0,0.0,1.0658663282349345e-05,0.0
2008-06-19,-0.0075565388589734495,1.0431784114734513,1.0765939985012574,0.0,0.0,0.0,1.0610967708821921e-05,0.0
2008-06-20,-0.0008089609116787022,1.0423345209146622,1.0766667177233573,0.0,0.0,0.0,1.066133548126329e-05,0.0
2008-06-23,-0.002526398772723759,1.0397011682602557,1.0768716351298473,0.0,0.0,0.0,1.0754658927018982e-05,0.0
2008-06-24,0.003286034903811741,1.0431176625886929,1.0766305620534653,0.0,0.0,0.0,1.072454160899815e-05,0.0
2008-06-25,0.0024544021432082452,1.045677892815369,1.0764536180809166,0.0,0.0,0.0,1.0696437667837617e-05,0.0
2008-06-26,0.01377202125075594,1.060078990976668,1.075425535242252,0.0,0.0,0.0,1.0592260446415126e-05,0.0
2008-06-27,0.006379848853340642,1.066842134711701,1.0749578511121052,0.0,0.0,0.0,1.0480747876174831e-05,0.0
2008-06-30,-0.0024750055291834494,1.0642016945295236,1.0751543287944259,0.0,0.0,0.0,1.0423686160553232e-05,0.0
2008-07-01,0.004215470891006046,1.0686878057949722,1.0748493014902953,0.0,0.0,0.0,1.0442111016199308e-05,0.0
2008-07-02,0.007526960537703076,1.0767317767363156,1.3219798769001498,0.7597127348028557,0.00037985636740142794,0.0,1.0451344445491725e-05,0.0
2008-07-03,-0.0006308635402251239,1.0760525059157708,1.3222281338483615,0.0,0.0,0.0,4.503687332064432e-05,0.0
2008-07-07,-0.0016223430890182078,1.0743067795693777,1.3227968306998976,0.0,0.0,0.0,4.521236534384991e-05,0.0
2008-07-08,-0.005612833819706897,1.0682768741442703,1.3246642060165894,0.0,0.0,0.0,4.543973924560507e-05,0.0
2008-07-09,0.00632826694342592,1.0750372153733438,1.3226676290468191,0.0,0.0,0.0,4.530350519492659e-05,0.0
2008-07-10,0.007881890725930152,1.0835105412312247,1.32018900532907,0.0,0.0,0.0,4.494928163401796e-05,0.0
2008-07-11,-0.004150017304030196,1.079013953736016,1.321568243919204,0.0,0.0,0.0,4.4389336688476617e-05,0.0
2008-07-14,0.007700015423629525,1.0873223778220946,1.3191556578998287,0.0,0.0,0.0,4.4831423854232086e-05,0.0
2008-07-15,-0.0031380821183177865,1.0839102709114043,1.3202050681713011,0.0,0.0,0.0,4.447129825324761e-05,0.0
2008-07-16,-0.012538584274140896,1.0703195706339748,1.324316262011144,0.0,0.0,0.0,4.4835822611002014e-05,0.0
2008-07-17,-0.009687446134523214,1.0599509074467321,1.3275345365099176,0.0,0.0,0.0,4.531591285042471e-05,0.0
2008-07-18,-0.006738708808299854,1.0528082069303555,1.32980273194054,0.0,0.0,0.0,4.5743031068982984e-05,0.0
2008-07-21,0.004752541152845735,1.0578117212598457,1.3282885945680374,0.0,0.0,0.0,4.6007316138022785e-05,0.0
2008-07-22,-0.011200465352451894,1.0459637377264572,1.3320536056580048,0.0,0.0,0.0,4.583847490172819e-05,0.0
2008-07-23,-0.01221549076516415,1.0331867773475631,1.3362069202788038,0.0,0.0,0.0,4.6650951768336556e-05,0.0
2008-07-24,0.00950949321160266,1.0430118599930673,1.3330863996588542,0.0,0.0,0.0,4.6875616601891034e-05,0.0
2008-07-25,-0.007676388326381511,1.035005295926739,1.3357099660777414,0.0,0.0,0.0,4.667055934092912e-05,0.0
2008-07-28,0.008019163937960094,1.0433051730714324,1.3330857893482115,0.0,0.0,0.0,4.662286043512078e-05,0.0
2008-07-29,-0.008684940599888447,1.0342441296157507,1.3360508977022834,0.0,0.0,0.0,4.659797278984524e-05,0.0
2008-07-30,0.003945847223328247,1.0383250989428385,1.334776859802451,0.0,0.0,0.0,4.723599378468424e-05,0.0
2008-07-31,0.00598032732064846,1.0445346228997614,1.3328331709788324,0.0,0.0,0.0,4.6314902859153695e-05,0.0
2008-08-01,-0.00035151661853305427,1.044167451621179,1.3329967158409803,0.0,0.0,0.0,4.682715369935866e-05,0.0
2008-08-04,-0.009323886912915857,1.0344317523841156,1.298080317173593,0.06008732810468235,3.0043664052341174e-05,0.0,4.664878508078361e-05,0.0
2008-08-05,-0.010262109180194878,1.0238163008016894,1.3012130348393445,0.0,0.0,0.0,4.1766285736974066e-05,0.0
2008-08-06,-0.0014856426528458977,1.0222952756365395,1.3017033323801261,0.0,0.0,0.0,4.2047005414048854e-05,0.0
2008-08-07,0.009338621931088475,1.0318421047176471,1.2989536598634437,0.0,0.0,0.0,4.195540284920072e-05,0.0
2008-08-08,-0.008081486061390919,1.0235032871308152,1.3014314323892193,0.0,0.0,0.0,4.1941564178507775e-05,0.0
2008-08-11,-0.013642384677849395,1.0095402615687332,1.3056432397480628,0.0,0.0,0.0,4.211901731567412e-05,0.0
2008-08-12,0.0033939756295944257,1.0129666166135918,1.304651951473219,0.0,0.0,0.0,4.256389709890624e-05,0.0
2008-08-13,0.005443602738578024,1.0184808044618776,1.3030448502547614,0.0,0.0,0.0,4.244088194487434e-05,0.0
2008-08-14,-0.0016358286678546108,1.0168147443642792,1.3035837913981478,0.0,0.0,0.0,4.223394597610838e-05,0.0
2008-08-15,-0.002259363984715601,1.0145173897517348,1.3043137522851034,0.0,0.0,0.0,4.247545827161971e-05,0.0
2008-08-18,0.00484128419110319,1.0194289567523391,1.3028898835977758,0.0,0.0,0.0,4.2383418257763944e-05,0.0
2008-08-19,0.0040976044766165565,1.02360617340912,1.3016959613043433,0.0,0.0,0.0,4.234940724293583e-05,0.0
2008-08-20,0.003837636225331398,1.0275344015406676,1.300584568732686,0.0,0.0,0.0,4.202291816721282e-05,0.0
2008-08-21,0.010120411384486383,1.0379334723959712,1.2976145732334947,0.0,0.0,0.0,4.158959095824032e-05,0.0
2008-08-22,-0.01065312083087322,1.0268762417001291,1.3008612561075727,0.0,0.0,0.0,4.174674525880961e-05,0.0
2008-08-25,0.004090361203862747,1.0310765364403478,1.2996774919850316,0.0,0.0,0.0,4.177761053328713e-05,0.0
2008-08-26,0.000981590102663965,1.0320886309636066,1.2994254386511317,0.0,0.0,0.0,4.1897773781439e-05,0.0
2008-08-27,0.0035413944706714773,1.035743663934544,1.2984104739543956,0.0,0.0,0.0,4.18136518888129e-05,0.0
2008-08-28,-0.0034048668555354267,1.0322170946623825,1.2994718183557519,0.0,0.0,0.0,4.161323307292805e-05,0.0
2008-08-29,-0.0035244692451094073,1.0285790772579688,1.3005730096683894,0.0,0.0,0.0,4.183781256561408e-05,0.0
2008-09-02,-0.0060551101796187945,1.0223509176167211,1.3024463403841884,0.0,0.0,0.0,4.2671856677707294e-05,0.0
2008-09-03,0.0009535298602136866,1.0233257597442855,1.4210946315419604,0.5561352883077508,0.00027806764415387543,0.0,4.2396076739390245e-05,0.0
2008-09-04,0.0026727045841887787,1.0260608071934725,1.4200308327772766,0.0,0.0,0.0,5.870864244680641e-05,0.0
2008-09-05,-0.002444001356425418,1.0235531131889166,1.4211187184699003,0.0,0.0,0.0,5.847112310719663e-05,0.0
2008-09-08,0.0029348471067696114,1.0265570850817842,1.4199450668375937,0.0,0.0,0.0,5.908682985517579e-05,0.0
2008-09-09,0.0019316840838756733,1.0285400690642266,1.4191939755005256,0.0,0.0,0.0,5.8939549266885914e-05,0.0
2008-09-10,-0.0035042505139913915,1.0249358069985475,1.4207268619017124,0.0,0.0,0.0,5.892365992280553e-05,0.0
2008-09-11,-0.0017686593968171405,1.0231230446523651,1.4215311751723154,0.0,0.0,0.0,5.851297219834759e-05,0.0
2008-09-12,-0.009463609614525637,1.0134406075701503,1.4256179377249876,0.0,0.0,0.0,5.8809869990387984e-05,0.0
2008-09-15,0.01873856610777258,1.0324310313914047,1.417847525637339,0.0,0.0,0.0,5.8751796714045655e-05,0.0
2008-09-16,-0.008372540585531718,1.0237869606793177,1.4214343679910633,0.0,0.0,0.0,5.739128553206519e-05,0.0
2008-09-17,0.011219067853042164,1.035272896058239,1.4168169375096753,0.0,0.0,0.0,5.825070615897362e-05,0.0
2008-09-18,-0.016850088940824293,1.0178284556816328,1.4240199331442525,0.0,0.0,0.0,5.839823997593846e-05,0.0
2008-09-19,-0.014039467528119132,1.0035386861288949,1.4301177860154202,0.0,0.0,0.0,6.061637795889994e-05,0.0
2008-09-22,0.004583572038830308,1.0081384779905198,1.4282151111500612,0.0,0.0,0.0,6.007658516022599e-05,0.0
2008-09-23,-0.0073139793157810384,1.0007649740150542,1.4314303983339307,0.0,0.0,0.0,5.9839290579021234e-05,0.0
2008-09-24,-0.0005474009245971523,1.0002171543429739,1.4317269893808269,0.0,0.0,0.0,5.983883213900544e-05,0.0
2008-09-25,-0.00032835964448130195,0.9998887233937697,1.4319291221961585,0.0,0.0,0.0,6.0160606852356865e-05,0.0
2008-09-26,-0.0003739147701223855,0.9995148502316139,1.4321510428107405,0.0,0.0,0.0,6.036169998170512e-05,0.0
2008-09-29,0.01121653059778982,1.0107259391321821,1.427417267902475,0.0,0.0,0.0,6.0235479288028355e-05,0.0
2008-09-30,-0.01992988670421081,0.9905822856762706,1.4361697850314363,0.0,0.0,0.0,5.953522911134058e-05,0.0
2008-10-01,0.011219665466970952,1.0016962875390658,1.431347518498676,0.0,0.0,0.0,1.7115064601492244e-05,0.0
2008-10-02,-0.000703694520450715,1.0009913993503687,1.2695131314803794,0.39792048704335237,0.00019896024352167616,0.0,1.706008290471717e-05,0.0
2008-10-03,0.005370644137671743,1.0063673679411496,1.2680840424549007,0.0,0.0,0.0,1.067276982784824e-05,0.0
2008-10-06,0.010119071628835297,1.0165508714222684,1.265408988148542,0.0,0.0,0.0,1.054688931183165e-05,0.0
2008-10-07,-0.0011668739469220535,1.0153646846946849,1.2657295931904662,0.0,0.0,0.0,1.0571685224631603e-05,0.0
2008-10-08,-0.019956890300114938,0.9951011630676223,1.271151478323203,0.0,0.0,0.0,1.0492742343671941e-05,0.0
2008-10-09,-0.008714485328618626,0.9864293685815781,1.2735460513537251,0.0,0.0,0.0,1.0858170596207711e-05,0.0
2008-10-10,-0.025021431551431328,0.9617474936552926,1.2805773533987106,0.0,0.0,0.0,1.0994547016723003e-05,0.0
2008-10-13,-0.014737898630010737,0.947573356586134,1.2847856291544326,0.0,0.0,0.0,1.1198555952139865e-05,0.0
2008-10-14,0.006794563528975006,0.9540117039558225,1.282874918566509,0.0,0.0,0.0,1.1257789423548062e-05,0.0
2008-10-15,0.009275936057268508,0.9628610555196024,1.2802862266455926,0.0,0.0,0.0,1.1234720714226014e-05,0.0
2008-10-16,-0.009728804947444991,0.9534935681189612,1.2830510980378744,0.0,0.0,0.0,1.115503986587814e-05,0.0
2008-10-17,-0.003777021538640901,0.9498922023752203,1.2841355161888426,0.0,0.0,0.0,1.1255619785295861e-05,0.0
2008-10-20,0.01066543002029885,0.9600232111864808,1.2811482246919557,0.0,0.0,0.0,1.1278786661264849e-05,0.0
2008-10-21,0.0034372125449735336,0.9633230150114368,1.2801962871742085,0.0,0.0,0.0,1.1104861062478288e-05,0.0
2008-10-22,0.006322017602524266,0.9694131600692559,1.2784470588669652,0.0,0.0,0.0,1.1092752506663078e-05,0.0
2008-10-23,-0.0035123715853544457,0.9660082208313601,1.2794396040786165,0.0,0.0,0.0,1.1013799185402715e-05,0.0
2008-10-24,-0.013615968913144871,0.9528550829266779,1.2833082087144896,0.0,0.0,0.0,1.1041905298848334e-05,0.0
2008-10-27,-0.004901866596278004,0.9481843144245858,1.2847150864755752,0.0,0.0,0.0,1.123519522406411e-05,0.0
2008-10-28,-0.008176629219118214,0.9404313628541522,1.2870736797310212,0.0,0.0,0.0,1.1313071981048463e-05,0.0
2008-10-29,0.0025456700205055416,0.9428253907809132,1.2863561033961046,0.0,0.0,0.0,1.130559914922505e-05,0.0
2008-10-30,-0.010311733510486643,0.93310322660426,1.28935117898215,0.0,0.0,0.0,1.138454610295648e-05,0.0
2008-10-31,-0.008905630879657678,0.924793353695505,1.2919627738664476,0.0,0.0,0.0,1.1392201395667843e-05,0.0
2008-11-03,0.0049684427366845085,0.9293881365166076,1.290530873681681,0.0,0.0,0.0,1.1540718437660447e-05,0.0
2008-11-04,0.018854856110153584,0.946911616101112,0.9132218180494219,0.7444365804550912,0.0003722182902275456,0.0,1.145190893261095e-05,0.0
2008-11-05,0.007550604763973068,0.9540613714607065,0.9138721355133258,0.0,0.0,0.0,0.0,0.0
2008-11-06,-0.004506970578030178,0.9497614449298979,0.9134822023448178,0.0,0.0,0.0,0.0,0.0
2008-11-07,-0.004502646274872291,0.9454850050978669,0.913090881325365,0.0,0.0,0.0,0.0,0.0
2008-11-10,0.0025244368897205938,0.9478718223234137,0.913309725452413,0.0,0.0,0.0,0.0,0.0
2008-11-11,0.003080605442056239,0.9507918414176351,0.9135759638086286,0.0,0.0,0.0,0.0,0.0
2008-11-12,0.005743542674844226,0.956252754933711,0.9140695092493255,0.0,0.0,0.0,0.0,0.0
2008-11-13,-0.013553258293588222,0.9432924143521391,0.9128888695987509,0.0,0.0,0.0,0.0,0.0
2008-11-14,0.013105323726295248,0.9556545668107825,0.9140157214051088,0.0,0.0,0.0,0.0,0.0
2008-11-17,0.003940908248545094,0.959420713775887,0.9143532473988957,0.0,0.0,0.0,0.0,0.0
2008-11-18,0.009205228592972237,0.9682524007630267,0.9151344541481294,0.0,0.0,0.0,0.0,0.0
2008-11-19,0.016015610807515568,0.9837595543770898,0.9164722028390682,0.0,0.0,0.0,0.0,0.0
2008-11-20,0.031646945490014566,1.0148925393697426,0.9190345131868174,0.0,0.0,0.0,0.0,0.0
2008-11-21,-0.010685952948022437,1.0040474454467385,0.91815997452533,0.0,0.0,0.0,0.0,0.0
2008-11-24,-0.0112679478192379,0.9927338912234056,0.9172272960159809,0.0,0.0,0.0,0.0,0.0
2008-11-25,0.02093096951081086,1.0135127740329513,0.9189242892458435,0.0,0.0,0.0,0.0,0.0
2008-11-26,0.003570296498393022,1.0171313151411576,0.9192127237752634,0.0,0.0,0.0,0.0,0.0
2008-11-28,0.0062545844428254505,1.02349304884115,0.9197148738761081,0.0,0.0,0.0,0.0,0.0
2008-12-01,0.02305427606317867,1.0470889401378782,0.9215240794136186,0.0,0.0,0.0,0.0,0.0
2008-12-02,0.0029220043280295815,1.050148538552793,0.8211549064724011,0.12468107798084054,6.234053899042026e-05,0.0,0.0,0.0
2008-12-03,0.0016899232498819305,1.051923208983923,0.8214566310626807,0.0,0.0,0.0,0.0,0.0
2008-12-04,0.009465760790000832,1.061880462449615,0.8231308322952999,0.0,0.0,0.0,0.0,0.0
2008-12-05,-0.010529515910552179,1.0506993752251472,0.8212486672935346,0.0,0.0,0.0,0.0,0.0
2008-12-08,-0.002578465691363885,1.0479901829341918,0.8207865716170174,0.0,0.0,0.0,0.0,0.0
2008-12-09,0.01062791888113268,1.0591281375866397,0.8226712076375351,0.0,0.0,0.0,0.0,0.0
2008-12-10,-0.0012491082693941724,1.0578051718716321,0.8224494277495011,0.0,0.0,0.0,0.0,0.0
2008-12-11,0.003641630512500882,1.0616573074618012,0.823093655292244,0.0,0.0,0.0,0.0,0.0
2008-12-12,0.001392517634240198,1.0631356839839616,0.823339657933842,0.0,0.0,0.0,0.0,0.0
2008-12-15,0.004784086973606438,1.0682218175608855,0.8241807923150376,0.0,0.0,0.0,0.0,0.0
2008-12-16,0.015982004771065705,1.0852941437457,0.8269465336400517,0.0,0.0,0.0,0.0,0.0
2008-12-17,0.012332463960789575,1.0986784946602999,0.8290547102649755,0.0,0.0,0.0,0.0,0.0
2008-12-18,0.010363755895927085,1.1100649303870638,0.8308081730589784,0.0,0.0,0.0,0.0,0.0
2008-12-19,-0.001268057917634069,1.1086573037629985,0.8305933556222752,0.0,0.0,0.0,0.0,0.0
2008-12-22,-0.003890587707225057,1.104343975285453,0.8299316899457897,0.0,0.0,0.0,0.0,0.0
2008-12-23,-0.0006940935994376174,1.1035774572006298,0.8298135646302887,0.0,0.0,0.0,0.0,0.0
2008-12-24,-0.0012204096807044706,1.102230640588455,0.8296056136716757,0.0,0.0,0.0,0.0,0.0
2008-12-26,0.003749036663370564,1.1063629436715114,0.8302420424783233,0.0,0.0,0.0,0.0,0.0
2008-12-29,0.0006834683577299216,1.107119107735676,0.8303579874260595,0.0,0.0,0.0,0.0,0.0
2008-12-30,0.003899805253787525,1.111436656648592,0.831016988263032,0.0,0.0,0.0,0.0,0.0
2008-12-31,-0.012518283087387783,1.097523377946965,0.8288747944971602,0.0,0.0,0.0,0.0,0.0
2009-01-02,-0.015493084468212737,1.0805193555465946,0.8261818146697267,0.0,0.0,0.0,0.0,0.0
2009-01-05,-0.005003616057017157,1.0751128515492638,0.995111126747111,0.3519047671170775,0.00017595238355853874,0.0,0.0,0.0
2009-01-06,-0.0022972613678008402,1.0726430363293735,0.9950998698674604,0.0,0.0,0.0,0.0,0.0
2009-01-07,-0.001175272920497239,1.0713823880154156,0.9950941041008593,0.0,0.0,0.0,0.0,0.0
2009-01-08,0.0030047454045025734,1.07460161932227,0.9951088009088509,0.0,0.0,0.0,0.0,0.0
2009-01-09,0.005917562158356704,1.0809606412000803,0.995137574613317,0.0,0.0,0.0,0.0,0.0
2009-01-12,0.004174413026656776,1.085473017382009,0.995157788006142,0.0,0.0,0.0,0.0,0.0
2009-01-13,3.594896218728216e-05,1.0855120390104662,0.9951579620723804,0.0,0.0,0.0,0.0,0.0
2009-01-14,0.005566737560994683,1.0915547996509378,0.9951847672096196,0.0,0.0,0.0,0.0,0.0
2009-01-15,0.0005155667127980657,1.092117568970833,0.9951872485040878,0.0,0.0,0.0,0.0,0.0
2009-01-16,-0.008284407744303834,1.0830700217247606,0.9951470446431467,0.0,0.0,0.0,0.0,0.0
2009-01-20,-0.0046718275246304675,1.0780101053861648,0.9951242660551002,0.0,0.0,0.0,0.0,0.0
2009-01-21,-0.01337230325024541,1.063594627350112,0.9950581825738706,0.0,0.0,0.0,0.0,0.0
2009-01-22,-0.008839474633065447,1.054193009621786,0.9950141099250296,0.0,0.0,0.0,0.0,0.0
2009-01-23,-0.003504905097054145,1.0504981631690837,0.9949965733896001,0.0,0.0,0.0,0.0,0.0
2009-01-26,-0.005641205116621362,1.044572087556013,0.9949681879054666,0.0,0.0,0.0,0.0,0.0
2009-01-27,0.013726249094431209,1.0589101442268969,0.9950363206052636,0.0,0.0,0.0,0.0,0.0
2009-01-28,-0.007010712943177344,1.0514864291731036,0.9950012759861201,0.0,0.0,0.0,0.0,0.0
2009-01-29,-0.014996993122558866,1.0357172944263306,0.9949251687771733,0.0,0.0,0.0,0.0,0.0
2009-01-30,0.0009508565789044798,1.036702113029621,0.9949299896298888,0.0,0.0,0.0,0.0,0.0
2009-02-02,0.006996676368586474,1.043955582205119,0.9949652163814536,0.0,0.0,0.0,0.0,0.0
2009-02-03,-0.010915023422795156,1.0325607825729923,0.9972041654300925,0.3540368948849081,0.00017701844744245402,0.0,0.0,0.0
2009-02-04,-0.0014303213527758762,1.0310838888376392,0.9972001607602435,0.0,0.0,0.0,0.0,0.0
2009-02-05,-0.0005026495815458887,1.0305656149523763,0.9971987527144677,0.0,0.0,0.0,0.0,0.0
2009-02-06,-0.0016599163167327902,1.028854962272653,0.9971940951472194,0.0,0.0,0.0,0.0,0.0
2009-02-09,-0.0013997592951717763,1.0274148129758283,0.9971901620504315,0.0,0.0,0.0,0.0,0.0
2009-02-10,0.01293657516443436,1.0407060419289433,0.9972260474955085,0.0,0.0,0.0,0.0,0.0
2009-02-11,0.009076414408139,1.0501519212425445,0.9972509985716804,0.0,0.0,0.0,0.0,0.0
2009-02-12,-0.00025597445710889843,1.0498831091746226,0.9972502947173635,0.0,0.0,0.0,0.0,0.0
2009-02-13,-0.01074827027836811,1.0385986817565203,0.9972204190298355,0.0,0.0,0.0,0.0,0.0
2009-02-17,0.017289793923186636,1.0565558389329839,0.997267660614735,0.0,0.0,0.0,0.0,0.0
2009-02-18,-0.003827039346326999,1.0525123581657958,0.9972571636721879,0.0,0.0,0.0,0.0,0.0
2009-02-19,-0.009091151032702083,1.0429438093539252,0.9972319993603139,0.0,0.0,0.0,0.0,0.0
2009-02-20,0.00410810234029535,1.0472283292579285,0.997243324067165,0.0,0.0,0.0,0.0,0.0
2009-02-23,0.0007194309568718804,1.0479817377369098,0.9972453058793921,0.0,0.0,0.0,0.0,0.0
2009-02-24,-0.006819699943738877,1.040834816739026,0.9972263906961789,0.0,0.0,0.0,0.0,0.0
2009-02-25,-0.011886293084992228,1.0284631490542018,0.9971930261827046,0.0,0.0,0.0,0.0,0.0
2009-02-26,-0.004890100131388131,1.023433861273884,0.9971792323464312,0.0,0.0,0.0,0.0,0.0
2009-02-27,-0.004079973246896462,1.0192582784999187,0.9971676765424982,0.0,0.0,0.0,0.0,0.0
2009-03-02,0.004313715554693065,1.0236550687901333,0.9971798419023506,0.0,0.0,0.0,0.0,0.0
2009-03-03,-0.0027791439806629237,1.0208101839674302,0.8233450700437587,0.45502828607096346,0.00022751414303548176,0.0,0.0,0.0
2009-03-04,-0.005147106835748927,1.0155559648915293,0.8224311039651612,0.0,0.0,0.0,0.0,0.0
2009-03-05,0.016418476365569923,1.0322298464990145,0.8252994212877989,0.0,0.0,0.0,0.0,0.0
2009-03-06,-0.0030038440719575288,1.0291291889937109,0.8247730669035699,0.0,0.0,0.0,0.0,0.0
2009-03-09,-0.004053881299813766,1.0249572214193567,0.8240598263236172,0.0,0.0,0.0,0.0,0.0
2009-03-10,-0.01159118840158102,1.013076749162324,0.8219965548548089,0.0,0.0,0.0,0.0,0.0
2009-03-11,0.007425411274232907,1.0205992606772172,0.8233085614546439,0.0,0.0,0.0,0.0,0.0
2009-03-12,0.005649426836637383,1.0263650615299393,0.8243011592010198,0.0,0.0,0.0,0.0,0.0
2009-03-13,-0.0010025327141716112,1.0253360969790728,0.8241248385981041,0.0,0.0,0.0,0.0,0.0
2009-03-16,-0.006692646306947103,1.0184738851362463,0.8229398375558146,0.0,0.0,0.0,0.0,0.0
2009-03-17,-0.003330287373093155,1.015082074416752,0.8223482060295474,0.0,0.0,0.0,0.0,0.0
2009-03-18,0.028835193640345036,1.044352162593402,0.8273272579820445,0.0,0.0,0.0,0.0,0.0
2009-03-19,0.0008831327972798064,1.0452744642400984,0.8274796163910091,0.0,0.0,0.0,0.0,0.0
2009-03-20,-0.0024456600951766605,1.0427180781943992,0.8270566557552631,0.0,0.0,0.0,0.0,0.0
2009-03-23,-0.00595894074600567,1.03650458295165,0.82601991876017,0.0,0.0,0.0,0.0,0.0
2009-03-24,-0.0007625869478808944,1.0357141580852722,0.8258871425676336,0.0,0.0,0.0,0.0,0.0
2009-03-25,-0.003689981760751415,1.0318923917325855,0.8252422898044616,0.0,0.0,0.0,0.0,0.0
2009-03-26,0.003438200211800302,1.0354402443723956,0.8258410830296758,0.0,0.0,0.0,0.0,0.0
2009-03-27,-0.0009805143994568999,1.0344249803030112,0.8256701501015952,0.0,0.0,0.0,0.0,0.0
2009-03-30,0.0014962202718435957,1.035972707928242,0.8259305962721604,0.0,0.0,0.0,0.0,0.0
2009-03-31,0.0028035369493388806,1.0388770956934255,0.8264172419481269,0.0,0.0,0.0,0.0,0.0
2009-04-01,0.004322206756728786,1.0433673372958423,0.8271642736921787,0.0,0.0,0.0,0.0,0.0
2009-04-02,-0.01042232325178094,1.032493025636195,0.9108943758261052,0.5324987768174172,0.0002662493884087086,0.0,0.0,0.0
2009-04-03,-0.010643020038087592,1.0215041816751633,0.9099358209639103,0.0,0.0,0.0,0.0,0.0
2009-04-06,-0.005192045133689871,1.016200485859653,0.9094657631198847,0.0,0.0,0.0,0.0,0.0
2009-04-07,0.003022959855492058,1.0192724191335383,0.9097386196491865,0.0,0.0,0.0,0.0,0.0
2009-04-08,0.004252325716080918,1.0236066974531117,0.9101208152179754,0.0,0.0,0.0,0.0,0.0
2009-04-09,-0.0051967878617089625,1.0182872305926234,0.9096512921496979,0.0,0.0,0.0,0.0,0.0
2009-04-13,0.007092252417084888,1.0255091806650807,0.9102875554513903,0.0,0.0,0.0,0.0,0.0
2009-04-14,0.0017827331760114085,1.0273373899037566,0.9104472041914828,0.0,0.0,0.0,0.0,0.0
2009-04-15,0.00040181973329000975,1.0277501943397664,0.9104831738187039,0.0,0.0,0.0,0.0,0.0
2009-04-16,-0.006202012354282638,1.0213760749373548,0.9099245246075017,0.0,0.0,0.0,0.0,0.0
2009-04-17,-0.008191259322081312,1.0130097186421734,0.9091805993452627,0.0,0.0,0.0,0.0,0.0
2009-04-20,0.007483637724589709,1.02059071638798,0.9098552102941805,0.0,0.0,0.0,0.0,0.0
2009-04-21,-0.003888997752986012,1.0166216413852287,0.9095032687095392,0.0,0.0,0.0,0.0,0.0
2009-04-22,-0.0001759543643274908,1.0164427623705572,0.909487342612445,0.0,0.0,0.0,0.0,0.0
2009-04-23,0.003737500714848352,1.0202417179215195,0.9098243740787875,0.0,0.0,0.0,0.0,0.0
2009-04-24,-0.0006712832354384135,1.0195568467601839,0.9097638000305183,0.0,0.0,0.0,0.0,0.0
2009-04-27,0.001144090042084489,1.0207233115959014,0.9098669203893632,0.0,0.0,0.0,0.0,0.0
2009-04-28,-0.00594264380177123,1.0146575165349225,0.9093280895225698,0.0,0.0,0.0,0.0,0.0
2009-04-29,-0.0034158629588157963,1.011191585508307,0.9090173051051853,0.0,0.0,0.0,0.0,0.0
2009-04-30,-0.004281989219790838,1.0068616740400171,0.908626042805509,0.0,0.0,0.0,0.0,0.0
2009-05-01,-0.0055496879138072774,1.0012739059767215,0.9081161159245819,0.0,0.0,0.0,0.0,0.0
2009-05-04,0.007355068325172631,1.0086383439673927,0.8937817243320634,0.6040008746398887,0.00030200043731994433,0.0,0.0,0.0
2009-05-05,-0.0019946752874511198,1.0066264379887053,0.8935694299040637,0.0,0.0,0.0,0.0,0.0
2009-05-06,0.003912970016169748,1.010565337058039,0.8939842662913081,0.0,0.0,0.0,0.0,0.0
2009-05-07,-0.011161170738137605,0.9992862447890907,0.8927876509584182,0.0,0.0,0.0,0.0,0.0
2009-05-08,0.005143611789113711,1.004426185298487,0.8933362876865443,0.0,0.0,0.0,0.0,0.0
2009-05-11,0.004011740176389278,1.0084556821802664,0.8937624849937347,0.0,0.0,0.0,0.0,0.0
2009-05-12,0.003310630521432767,1.0117943063412047,0.894113037603267,0.0,0.0,0.0,0.0,0.0
2009-05-13,0.0017102335871184149,1.0135247109471646,0.8942938198629036,0.0,0.0,0.0,0.0,0.0
2009-05-14,0.0020233538895886305,1.0155754301132538,0.8945072689905149,0.0,0.0,0.0,0.0,0.0
2009-05-15,-0.0007572053038032989,1.0148064310111597,0.8944273288039485,0.0,0.0,0.0,0.0,0.0
2009-05-18,-0.003415966227018896,1.011339886515864,0.89406545999301,0.0,0.0,0.0,0.0,0.0
2009-05-19,0.00059795483454117,1.0119446220903705,0.8941287662090941,0.0,0.0,0.0,0.0,0.0
2009-05-20,0.006514850970868791,1.0185372904940615,0.8948140370817338,0.0,0.0,0.0,0.0,0.0
2009-05-21,-0.00817445243481274,1.0102113058598348,0.8939471127997407,0.0,0.0,0.0,0.0,0.0
2009-05-22,-0.0036337132116310844,1.0065404876911928,0.893560341606796,0.0,0.0,0.0,0.0,0.0
2009-05-26,-0.005521748403777504,1.0009826243599464,0.8929693452598291,0.0,0.0,0.0,0.0,0.0
2009-05-27,-0.009880017120749596,0.9910928988936973,0.8919013285350248,0.0,0.0,0.0,0.0,0.0
2009-05-28,0.009658117258412036,1.000664990325192,0.8929353712734938,0.0,0.0,0.0,0.0,0.0
2009-05-29,0.015422674477408638,1.0160979207319167,0.8945615147095198,0.0,0.0,0.0,0.0,0.0
2009-06-01,-0.009506395671342038,1.0064384918566112,0.8935495546566958,0.0,0.0,0.0,0.0,0.0
2009-06-02,0.003378662882215888,1.0098389082322805,0.42559250153847333,0.8573739292036913,0.0004286869646018457,0.0,0.0,0.0
2009-06-03,-0.008689907259278873,1.0010635017729306,0.42055719732113744,0.0,0.0,0.0,0.0,0.0
2009-06-04,0.006072109712458751,1.007142069184834,0.42405440217951107,0.0,0.0,0.0,0.0,0.0
2009-06-05,-0.004984412458027387,1.0021220577081857,0.4211692710832092,0.0,0.0,0.0,0.0,0.0
2009-06-08,-0.0018427932304651007,1.0002753539641414,0.4201006364617299,0.0,0.0,0.0,0.0,0.0
2009-06-09,0.00246287188480121,1.0027389040104793,0.42152534542455394,0.0,0.0,0.0,0.0,0.0
2009-06-10,0.000705462773445964,1.0034462989787447,0.42193315006774434,0.0,0.0,0.0,0.0,0.0
2009-06-11,0.0027237609111714356,1.0061794467843626,0.42350338900220275,0.0,0.0,0.0,0.0,0.0
2009-06-12,-0.0046373540131771085,1.0015134364888407,0.4208175147800059,0.0,0.0,0.0,0.0,0.0
2009-06-15,-0.009698095980136268,0.9918006630563758,0.41514554009342114,0.0,0.0,0.0,0.0,0.0
2009-06-16,-0.0016737993933656492,0.9901405877082124,0.41416496977521855,0.0,0.0,0.0,0.0,0.0
2009-06-17,0.0012052261253732155,0.9913339310123107,0.41487018351677896,0.0,0.0,0.0,0.0,0.0
2009-06-18,-0.0017932584918910477,0.9895562130222232,0.4138190094777398,0.0,0.0,0.0,0.0,0.0
2009-06-19,0.003323903821671692,0.9928454027004467,0.4157609638427926,0.0,0.0,0.0,0.0,0.0
2009-06-22,-0.010711435945352066,0.9822106027657836,0.4094351664567162,0.0,0.0,0.0,0.0,0.0
2009-06-23,0.0019359532283542702,0.9841121165531319,0.41057626324276003,0.0,0.0,0.0,0.0,0.0
2009-06-24,0.004190493034252674,0.9882360315224714,0.41303593208073225,0.0,0.0,0.0,0.0,0.0
2009-06-25,0.007329747186733959,0.9954795517943524,0.41730692500788513,0.0,0.0,0.0,0.0,0.0
2009-06-26,0.00039691326872004495,0.995874670837199,0.41753811185981166,0.0,0.0,0.0,0.0,0.0
2009-06-29,0.0010560843549207721,0.9969263984965322,0.4181525918045582,0.0,0.0,0.0,0.0,0.0
2009-06-30,-0.0033556477736229606,0.9935810646469514,0.4161935429667879,0.0,0.0,0.0,0.0,0.0
2009-07-01,0.004770006827065965,0.9983204531085608,0.4189650834853266,0.0,0.0,0.0,0.0,0.0
2009-07-02,-0.008044993491347685,0.9902889715610231,0.8658056436275855,0.6210870007996872,0.00031054350039984356,0.0,0.0,0.0
2009-07-06,-0.0009430103781398191,0.9893551187834837,0.8656789775093745,0.0,0.0,0.0,0.0,0.0
2009-07-07,-0.007664414373820039,0.9817722911902671,0.8646415341380036,0.0,0.0,0.0,0.0,0.0
2009-07-08,0.000767401101291254,0.9825257043277438,0.8647453287216974,0.0,0.0,0.0,0.0,0.0
2009-07-09,0.002504165055788432,0.9849861108629353,0.8650831827010157,0.0,0.0,0.0,0.0,0.0
2009-07-10,0.0014844811290846138,0.9864483041569219,0.8652831672969334,0.0,0.0,0.0,0.0,0.0
2009-07-13,0.004423406523828666,0.9908117660209492,0.8658764502817562,0.0,0.0,0.0,0.0,0.0
2009-07-14,0.001816824886038626,0.9926118974948359,0.8661196873655012,0.0,0.0,0.0,0.0,0.0
2009-07-15,0.008633443813095498,1.0011815565400677,0.8672656419874697,0.0,0.0,0.0,0.0,0.0
2009-07-16,0.004452468320409242,1.0056392857035403,0.8678540177869425,0.0,0.0,0.0,0.0,0.0
2009-07-17,0.00032612681883747996,1.005967251644685,0.867897100085451,0.0,0.0,0.0,0.0,0.0
2009-07-20,0.009350135347174549,1.0153731816023879,0.8691208379646067,0.0,0.0,0.0,0.0,0.0
2009-07-21,0.006570557755354978,1.0220447497353449,0.8699751735961234,0.0,0.0,0.0,0.0,0.0
2009-07-22,0.0005374862152418558,1.022594084699688,0.8700450226050752,0.0,0.0,0.0,0.0,0.0
2009-07-23,0.005039098482684468,1.0277470370003003,0.8706965951960288,0.0,0.0,0.0,0.0,0.0
2009-07-24,-0.000182979598816857,1.0275589802597849,0.8706729309808235,0.0,0.0,0.0,0.0,0.0
2009-07-27,0.0016727232593156671,1.0292778020663842,0.8708888981239675,0.0,0.0,0.0,0.0,0.0
2009-07-28,-0.003041129694908551,1.02614763477821,0.8704950567955511,0.0,0.0,0.0,0.0,0.0
2009-07-29,-0.00024460583916918743,1.0258966330748935,0.8704633713798042,0.0,0.0,0.0,0.0,0.0
2009-07-30,0.006499274329551774,1.0325642167270108,0.8712998290967645,0.0,0.0,0.0,0.0,0.0
2009-07-31,0.00914584653603745,1.0420078905917998,0.8724662333546657,0.0,0.0,0.0,0.0,0.0
2009-08-03,0.002905393974927506,1.0450353340389522,0.8728356957580361,0.0,0.0,0.0,0.0,0.0
2009-08-04,-0.000849535793368883,1.044147539117351,0.6337808732931277,0.4448509025150464,0.0002224254512575232,0.0,0.0,0.0
2009-08-05,-0.002103317641675484,1.0419513651778134,0.6330089745950569,0.0,0.0,0.0,0.0,0.0
2009-08-06,-0.0033573262383624902,1.0384531945204043,0.6317727154710268,0.0,0.0,0.0,0.0,0.0
2009-08-07,0.002336043858746528,1.0408790667280594,0.6326309057874551,0.0,0.0,0.0,0.0,0.0
2009-08-10,-0.0015262877621231574,1.0392903857466622,0.6320693377203078,0.0,0.0,0.0,0.0,0.0
2009-08-11,-0.0016680136337949847,1.0375568352137647,0.6314545989667119,0.0,0.0,0.0,0.0,0.0
2009-08-12,0.0011725128397992446,1.0387733839250743,0.631886217103665,0.0,0.0,0.0,0.0,0.0
2009-08-13,0.0067835832945053465,1.0458199896990452,0.6343665222552064,0.0,0.0,0.0,0.0,0.0
2009-08-14,-0.003985600448602633,1.041651769078943,0.6329034219691259,0.0,0.0,0.0,0.0,0.0
2009-08-17,-0.009869168715038512,1.0313715320275847,0.6292443721255834,0.0,0.0,0.0,0.0,0.0
2009-08-18,0.004547511703636431,1.0360617061402775,0.6309227552157856,0.0,0.0,0.0,0.0,0.0
2009-08-19,0.003000042881159626,1.0391699356862256,0.632026690922141,0.0,0.0,0.0,0.0,0.0
2009-08-20,0.0051733545081529275,1.0445459301577449,0.63392054969671,0.0,0.0,0.0,0.0,0.0
2009-08-21,0.003825908960747082,1.0485422677918472,0.6353157982520202,0.0,0.0,0.0,0.0,0.0
2009-08-24,0.0018233191896825929,1.0504540950299055,0.6359795237717648,0.0,0.0,0.0,0.0,0.0
2009-08-25,0.0018021635265557112,1.0523471850862895,0.6366343680604499,0.0,0.0,0.0,0.0,0.0
2009-08-26,0.0011653405245537485,1.0535735279069707,0.6370573198736914,0.0,0.0,0.0,0.0,0.0
2009-08-27,-0.0004808012708555909,1.0530669684158132,0.6368827326300703,0.0,0.0,0.0,0.0,0.0
2009-08-28,0.0013306103701848926,1.0544681902444863,0.6373652581781278,0.0,0.0,0.0,0.0,0.0
2009-08-31,-0.002202607128759193,1.052145611091604,0.6365647531124909,0.0,0.0,0.0,0.0,0.0
2009-09-01,-0.008221196891799454,1.0434957148639774,0.6335521128819092,0.0,0.0,0.0,0.0,0.0
2009-09-02,-0.0005394531324615093,1.0429327978318839,0.33854963316063097,0.40175035764225897,0.00020087517882112947,0.0,0.0,0.0
2009-09-03,0.004073936481182816,1.0471816398043932,0.34123340641880595,0.0,0.0,0.0,0.0,0.0
2009-09-04,0.006040873315819706,1.0535075314291038,0.3451890364951485,0.0,0.0,0.0,0.0,0.0
2009-09-08,0.006499748252143167,1.0603550651651297,0.34941765793585494,0.0,0.0,0.0,0.0,0.0
2009-09-09,0.0037208555243120056,1.0643004931670816,0.35182940706726545,0.0,0.0,0.0,0.0,0.0
2009-09-10,0.0038659611431961505,1.06841503751835,0.35432555936591176,0.0,0.0,0.0,0.0,0.0
2009-09-11,-7.05679676618054e-05,1.068339641640533,0.3542799922172838,0.0,0.0,0.0,0.0,0.0
2009-09-14,0.002036587900716924,1.0705154092285545,0.35559238496918566,0.0,0.0,0.0,0.0,0.0
2009-09-15,0.002264050639706028,1.0729391103256336,0.3570480607186158,0.0,0.0,0.0,0.0,0.0
2009-09-16,0.008108562865743352,1.0816391045528237,0.3622195436435247,0.0,0.0,0.0,0.0,0.0
2009-09-17,-0.001380055521913337,1.0801463825338682,0.3613381548374729,0.0,0.0,0.0,0.0,0.0
2009-09-18,0.0007840827033738229,1.0809933066295248,0.3618385262110302,0.0,0.0,0.0,0.0,0.0
2009-09-21,-0.002356389167902262,1.078446065711208,0.36033121762118764,0.0,0.0,0.0,0.0,0.0
2009-09-22,0.004733723737894602,1.0835511314525041,0.36334496666533395,0.0,0.0,0.0,0.0,0.0
2009-09-23,-0.004877325705658464,1.0782662996656756,0.3602245735319728,0.0,0.0,0.0,0.0,0.0
2009-09-24,-0.006303054735631419,1.071469928159296,0.3561664554601024,0.0,0.0,0.0,0.0,0.0
2009-09-25,-0.000946105862784874,1.0704562041784669,0.35555674391729025,0.0,0.0,0.0,0.0,0.0
2009-09-28,0.0067972528624244966,1.077732365676419,0.3599076137221336,0.0,0.0,0.0,0.0,0.0
2009-09-29,-0.0019178230498064774,1.0756654657040023,0.35867767097717823,0.0,0.0,0.0,0.0,0.0
2009-09-30,5.931889834442927e-05,1.075729272994415,0.3587157112547119,0.0,0.0,0.0,0.0,0.0
2009-10-01,-0.010976765754203699,1.0639212447498154,0.3515983583193424,0.0,0.0,0.0,0.0,0.0
2009-10-02,-0.0012661641404878576,1.06257414582141,0.4315400011019497,0.08099306563892418,4.049653281946209e-05,0.0,0.0,0.0
2009-10-05,0.007031504155062374,1.0700456403428151,0.43550922036445144,0.0,0.0,0.0,0.0,0.0
2009-10-06,0.006139277451899128,1.0766149474150748,0.43895363963411593,0.0,0.0,0.0,0.0,0.0
2009-10-07,0.0007373802840831001,1.0774088220508478,0.43936703932592397,0.0,0.0,0.0,0.0,0.0
2009-10-08,0.0049715455584469215,1.0827652090947462,0.4421404634272097,0.0,0.0,0.0,0.0,0.0
2009-10-09,0.0011234217172171324,1.0839816110452904,0.4427664716744922,0.0,0.0,0.0,0.0,0.0
2009-10-12,0.0018288041542386946,1.0859640011186884,0.44378368238679855,0.0,0.0,0.0,0.0,0.0
2009-10-13,-0.0010044782620411974,1.0848731738862054,0.44322441341323693,0.0,0.0,0.0,0.0,0.0
2009-10-14,0.010809489102898917,1.0966000986373556,0.44917851228236333,0.0,0.0,0.0,0.0,0.0
2009-10-15,-0.0008749999708624889,1.0956405735830002,0.44869612140465603,0.0,0.0,0.0,0.0,0.0
2009-10-16,-0.006140049442337259,1.0889132862901698,0.44529017565704,0.0,0.0,0.0,0.0,0.0
2009-10-19,0.006957434688470654,1.0964893293609417,0.4491228673289708,0.0,0.0,0.0,0.0,0.0
2009-10-20,-0.0032734123216741073,1.0929000676796274,0.44731369717528374,0.0,0.0,0.0,0.0,0.0
2009-10-21,-0.0020995577441180746,1.0906054608789835,0.4461508589220604,0.0,0.0,0.0,0.0,0.0
2009-10-22,0.00442252217162431,1.0954286877102153,0.4485894841540558,0.0,0.0,0.0,0.0,0.0
2009-10-23,-0.004350749107118301,1.0906627523252483,0.4461799520750422,0.0,0.0,0.0,0.0,0.0
2009-10-26,-0.003921762934380291,1.08638543156927,0.44399944972548044,0.0,0.0,0.0,0.0,0.0
2009-10-27,-0.0059625867869841365,1.079907764149423,0.4406643624434968,0.0,0.0,0.0,0.0,0.0
2009-10-28,-0.013718032850832507,1.0650935539649522,0.4328846555176771,0.0,0.0,0.0,0.0,0.0
2009-10-29,0.013425769788450781,1.0793932548236485,0.4403977465456533,0.0,0.0,0.0,0.0,0.0
2009-10-30,-0.014054413063549487,1.0642230161623478,0.4324207533671775,0.0,0.0,0.0,0.0,0.0
2009-11-02,0.0032745107673495255,1.0677078258876327,0.43427323176115346,0.0,0.0,0.0,0.0,0.0
2009-11-03,0.00556208807108427,1.0736465108494055,0.6634397863370717,0.3566535208298229,0.0001783267604149114,0.0,0.0,0.0
2009-11-04,0.005277753155883413,1.0793129521103442,0.6652067425083664,0.0,0.0,0.0,0.0,0.0
2009-11-05,0.00857400790290197,1.0885669898914427,0.6680528599108367,0.0,0.0,0.0,0.0,0.0
2009-11-06,0.0022742447860648607,1.0910426576924857,0.6688060759657479,0.0,0.0,0.0,0.0,0.0
2009-11-09,0.014047852450821408,1.1063694639653017,0.6733941862469315,0.0,0.0,0.0,0.0,0.0
2009-11-10,-0.0005067320264737774,1.1058088311247978,0.6732286007135774,0.0,0.0,0.0,0.0,0.0
2009-11-11,0.005082736764137286,1.1114293663248636,0.6748810945271403,0.0,0.0,0.0,0.0,0.0
2009-11-12,-0.008707913470118345,1.1017511355747582,0.6720251176310998,0.0,0.0,0.0,0.0,0.0
2009-11-13,0.008740462887182332,1.1113809504861605,0.6748669311527548,0.0,0.0,0.0,0.0,0.0
2009-11-16,0.01107975737696476,1.1236947817709275,0.6784298503901066,0.0,0.0,0.0,0.0,0.0
2009-11-17,-0.00019621147395998406,1.123474299961515,0.6783667422545298,0.0,0.0,0.0,0.0,0.0
2009-11-18,-0.0019440939357676656,1.121290160387969,0.6777402390074423,0.0,0.0,0.0,0.0,0.0
2009-11-19,-0.007897658734124402,1.1124345933592932,0.6751748810698606,0.0,0.0,0.0,0.0,0.0
2009-11-20,-0.0010050429988386345,1.1113165487595715,0.6748480894185718,0.0,0.0,0.0,0.0,0.0
2009-11-23,0.010788034339643815,1.1233054698498042,0.6783184015490916,0.0,0.0,0.0,0.0,0.0
2009-11-24,-0.0010539243029147327,1.1221215909155324,0.6779790158078032,0.0,0.0,0.0,0.0,0.0
2009-11-25,0.007876328946488487,1.1309597896835402,0.6804955380499921,0.0,0.0,0.0,0.0,0.0
2009-11-27,-0.01482642561308567,1.1141916984904061,0.6756871375190515,0.0,0.0,0.0,0.0,0.0
2009-11-30,0.0029791586460390374,1.1175110523223086,0.6766504471351615,0.0,0.0,0.0,0.0,0.0
2009-12-01,0.012759610891363904,1.1317700585167398,0.680724281075696,0.0,0.0,0.0,0.0,0.0
2009-12-02,0.005860357094012336,1.1384026352079593,0.6388674481803359,0.27644165247353586,0.0001382208262367679,0.0,0.0,0.0
2009-12-03,-0.003919141801728032,1.1339410738531184,0.6374465497982896,0.0,0.0,0.0,0.0,0.0
2009-12-04,-0.004143155735565118,1.129242979389191,0.6359381850013778,0.0,0.0,0.0,0.0,0.0
2009-12-07,-0.005292701612524708,1.1232662332512455,0.6340010618311492,0.0,0.0,0.0,0.0,0.0
2009-12-08,-0.008078764142141592,1.114191630283977,0.6310201607365343,0.0,0.0,0.0,0.0,0.0
2009-12-09,0.0023864489326035354,1.1168505917107838,0.6318986158917294,0.0,0.0,0.0,0.0,0.0
2009-12-10,0.0013050571285824208,1.1183081455370574,0.6323783831034809,0.0,0.0,0.0,0.0,0.0
2009-12-11,-0.0016015885504130356,1.1165170760153316,0.6317886600372645,0.0,0.0,0.0,0.0,0.0
2009-12-14,0.006313197924860514,1.1235658693027029,0.634098667569866,0.0,0.0,0.0,0.0,0.0
2009-12-15,-0.003460847649749743,1.1196773790045875,0.6328279410124654,0.0,0.0,0.0,0.0,0.0
2009-12-16,0.0042854616781695665,1.1244757135042251,0.6343947283932727,0.0,0.0,0.0,0.0,0.0
2009-12-17,-0.014479434060911345,1.1081939415574444,0.629023194195499,0.0,0.0,0.0,0.0,0.0
2009-12-18,0.007411226316481612,1.1164070176608805,0.631752360790193,0.0,0.0,0.0,0.0,0.0
2009-12-21,-0.00017760265619359838,1.1162087408091508,0.6316869474137429,0.0,0.0,0.0,0.0,0.0
2009-12-22,0.0020590888583107425,1.1185071137909,0.6324437783345768,0.0,0.0,0.0,0.0,0.0
2009-12-23,0.004659752523628269,1.1237190801370833,0.6341485555262366,0.0,0.0,0.0,0.0,0.0
2009-12-24,0.008031018525646916,1.1327436888872873,0.6370633068327003,0.0,0.0,0.0,0.0,0.0
2009-12-28,0.002369073542403788,1.135427241990955,0.6379210983787936,0.0,0.0,0.0,0.0,0.0
2009-12-29,-0.004864599842490214,1.1299038428084067,0.63615111917042,0.0,0.0,0.0,0.0,0.0
2009-12-30,0.00033043860841663886,1.130277206661869,0.636271309172858,0.0,0.0,0.0,0.0,0.0
2009-12-31,-0.0026217422753246344,1.1273139111263277,0.635315199614519,0.0,0.0,0.0,0.0,0.0
2010-01-04,0.010825076301556269,1.139517170230076,0.6392206634605829,0.0,0.0,0.0,0.0,0.0
2010-01-05,0.00043712117260508165,1.1400152773117305,0.5471149326516259,0.3701469802722899,0.00018507349013614498,0.0,0.0,0.0
2010-01-06,-0.0012767950342965628,1.1385597114666366,0.5465359520069163,0.0,0.0,0.0,0.0,0.0
2010-01-07,0.0016054681491564082,1.140387632819309,0.5472628071499755,0.0,0.0,0.0,0.0,0.0
2010-01-08,0.0024742732886682273,1.1432092634779214,0.5483802378640631,0.0,0.0,0.0,0.0,0.0
2010-01-11,-0.0009923927271016098,1.1420747509192908,0.5479316084801662,0.0,0.0,0.0,0.0,0.0
2010-01-12,-0.007454043069615612,1.1335616765372178,0.5445365644146781,0.0,0.0,0.0,0.0,0.0
2010-01-13,0.006610757616478002,1.141055378024134,0.547527748795573,0.0,0.0,0.0,0.0,0.0
2010-01-14,0.0003099211944030955,1.1414090152697711,0.5476679360890868,0.0,0.0,0.0,0.0,0.0
2010-01-15,-0.006343581373470242,1.1341683943009948,0.5447802123231448,0.0,0.0,0.0,0.0,0.0
2010-01-19,0.009984968133328609,1.1454930295759187,0.5492806308610709,0.0,0.0,0.0,0.0,0.0
2010-01-20,-0.008637619463297774,1.1355986966885818,0.5453535679910316,0.0,0.0,0.0,0.0,0.0
2010-01-21,-0.010322099714340283,1.1238769337058874,0.5406117163192795,0.0,0.0,0.0,0.0,0.0
2010-01-22,-0.013116048128234636,1.1091361097531882,0.534506278261567,0.0,0.0,0.0,0.0,0.0
2010-01-25,0.0022858944108576917,1.1116714777873535,0.5355679209552784,0.0,0.0,0.0,0.0,0.0
2010-01-26,-0.004287459577901442,1.1069052312624343,0.5335681130943263,0.0,0.0,0.0,0.0,0.0
2010-01-27,0.0036098404381259552,1.1109009825274185,0.5352458015935226,0.0,0.0,0.0,0.0,0.0
2010-01-28,-0.008943646773463154,1.1009654765394001,0.5310516935859415,0.0,0.0,0.0,0.0,0.0
2010-01-29,-0.006525121849448201,1.0937815426529447,0.5279716510929289,0.0,0.0,0.0,0.0,0.0
2010-02-01,0.008270954383374551,1.1028281598976042,0.5318437500803066,0.0,0.0,0.0,0.0,0.0
2010-02-02,0.005589010509629011,1.1089918780735868,0.5502963639138441,0.051551709666477,2.5775854833238496e-05,0.0,0.0,0.0
2010-02-03,-0.002582447950601696,1.1061279642708217,0.5491320208250318,0.0,0.0,0.0,0.0,0.0
2010-02-04,-0.01935049068716499,1.0847238453993864,0.5402353492320588,0.0,0.0,0.0,0.0,0.0
2010-02-05,0.002829517813750071,1.0877930908429434,0.5415325909330376,0.0,0.0,0.0,0.0,0.0
2010-02-08,-0.00628195997149239,1.080959618189002,0.5386343101370991,0.0,0.0,0.0,0.0,0.0
2010-02-09,0.006995435883946577,1.0885214018911786,0.5418393436332596,0.0,0.0,0.0,0.0,0.0
2010-02-10,-0.00011324040313764883,1.0883981372888045,0.5417874554599932,0.0,0.0,0.0,0.0,0.0
2010-02-11,0.008950856554515774,1.0981402328898788,0.5458524649012491,0.0,0.0,0.0,0.0,0.0
2010-02-12,0.0012666342293676802,1.099531174897503,0.5464269760189411,0.0,0.0,0.0,0.0,0.0
2010-02-16,0.010821335601572057,1.1114295707454596,0.5512826965498081,0.0,0.0,0.0,0.0,0.0
2010-02-17,0.0034218650345316792,1.115232732731938,0.5528129104155511,0.0,0.0,0.0,0.0,0.0
2010-02-18,0.004459726052114865,1.120206365204274,0.5547983876446159,0.0,0.0,0.0,0.0,0.0
2010-02-19,-0.0008051595623186358,1.1193044203375595,0.5544396404605425,0.0,0.0,0.0,0.0,0.0
2010-02-22,0.0005222582536490439,1.1198889863094266,0.5546722165710177,0.0,0.0,0.0,0.0,0.0
2010-02-23,-0.00754389323049609,1.1114406633666998,0.5512871749275167,0.0,0.0,0.0,0.0,0.0
2010-02-24,0.005306310970949246,1.1173383131522816,0.5536556170237251,0.0,0.0,0.0,0.0,0.0
2010-02-25,-0.00047561336152690536,1.1168068921212004,0.5534432286565939,0.0,0.0,0.0,0.0,0.0
2010-02-26,0.0011161818282763303,1.11805345167988,0.5539411114822985,0.0,0.0,0.0,0.0,0.0
2010-03-01,0.008872905331292591,1.1279738341119603,0.5578641411018712,0.0,0.0,0.0,0.0,0.0
2010-03-02,0.0030152155564551197,1.131374918363849,0.5622378525598783,0.011356678781810037,5.6783393909050186e-06,0.0,0.0,0.0
2010-03-03,0.0008674133186559185,1.132356288036431,0.5626172441876205,0.0,0.0,0.0,0.0,0.0
2010-03-04,0.001119280058592631,1.1336237118488521,0.5631062506489929,0.0,0.0,0.0,0.0,0.0
2010-03-05,0.012049618231347647,1.147283444794634,0.568307974746811,0.0,0.0,0.0,0.0,0.0
2010-03-08,0.0019605145682319858,1.1495327107020454,0.5691526572389781,0.0,0.0,0.0,0.0,0.0
2010-03-09,0.0024717027322995744,1.1523740138439553,0.5702149581013405,0.0,0.0,0.0,0.0,0.0
2010-03-10,0.004665850751418343,1.1577508190023642,0.5722109579247558,0.0,0.0,0.0,0.0,0.0
2010-03-11,0.0018965970612283556,1.1599466058033188,0.5730207654861402,0.0,0.0,0.0,0.0,0.0
2010-03-12,0.0005836958381466584,1.1606236618095984,0.5732698461009829,0.0,0.0,0.0,0.0,0.0
2010-03-15,-0.0021038429534281367,1.1581818918971183,0.5723701801177478,0.0,0.0,0.0,0.0,0.0
2010-03-16,0.007015523079519248,1.1663071436900039,0.5753493267168989,0.0,0.0,0.0,0.0,0.0
2010-03-17,0.00457307649733063,1.1716407554774815,0.5772824464261564,0.0,0.0,0.0,0.0,0.0
2010-03-18,-0.0014879452428255835,1.1698974181890682,0.57665252856998,0.0,0.0,0.0,0.0,0.0
2010-03-19,-0.005906902171725625,1.162986948588871,0.5741369974755104,0.0,0.0,0.0,0.0,0.0
2010-03-22,0.005804470579952481,1.1697374721168239,0.5765946414227664,0.0,0.0,0.0,0.0,0.0
2010-03-23,0.003612489591710011,1.173963136559879,0.578118683288324,0.0,0.0,0.0,0.0,0.0
2010-03-24,-0.0036321410927044884,1.1696991368102596,0.5765807648850214,0.0,0.0,0.0,0.0,0.0
2010-03-25,-0.0012128790157096558,1.1682804332725287,0.5760665849418393,0.0,0.0,0.0,0.0,0.0
2010-03-26,-1.4070113964925746e-05,1.1682639954336895,0.5760606200664493,0.0,0.0,0.0,0.0,0.0
2010-03-29,0.004154442004598469,1.1731174804487794,0.5778145649714617,0.0,0.0,0.0,0.0,0.0
2010-03-30,0.0013202290558367302,1.1746662642323777,0.5783712115487522,0.0,0.0,0.0,0.0,0.0
2010-03-31,-0.0033125799041175963,1.1707750883714367,0.5769698905092163,0.0,0.0,0.0,0.0,0.0
2010-04-01,0.0051563250804838034,1.176811985323212,0.5791399815775807,0.0,0.0,0.0,0.0,0.0
2010-04-05,0.008765630793359236,1.1871274846997553,0.6044501387929054,0.022648394081311005,1.1324197040655502e-05,0.0,0.0,0.0
2010-04-06,0.0050702559093667166,1.193146524844226,0.60644556051536,0.0,0.0,0.0,0.0,0.0
2010-04-07,-0.0051570783867277425,1.1869933746887524,0.604405448403414,0.0,0.0,0.0,0.0,0.0
2010-04-08,0.0008272475877104668,1.187975312094592,0.6047324325450912,0.0,0.0,0.0,0.0,0.0
2010-04-09,0.0047952698392117465,1.1936719742784074,0.6066188015413728,0.0,0.0,0.0,0.0,0.0
2010-04-12,-0.0010309738818524705,1.1924413296494272,0.60621281724094,0.0,0.0,0.0,0.0,0.0
2010-04-13,0.004525181583151516,1.1978373431933453,0.6079867483874882,0.0,0.0,0.0,0.0,0.0
2010-04-14,0.007632861204608821,1.2069802693796374,0.6109562652176049,0.0,0.0,0.0,0.0,0.0
2010-04-15,-0.0032677074819138507,1.2030362109228632,0.6096808163006961,0.0,0.0,0.0,0.0,0.0
2010-04-16,-0.011127577444287384,1.189649332317537,0.6052886350187267,0.0,0.0,0.0,0.0,0.0
2010-04-19,-0.0007745962063028244,1.188727834457893,0.6049826560827044,0.0,0.0,0.0,0.0,0.0
2010-04-20,0.006921054159224838,1.1969550841807541,0.607697800849806,0.0,0.0,0.0,0.0,0.0
2010-04-21,0.004264506771021193,1.2020595072418512,0.609363672115078,0.0,0.0,0.0,0.0,0.0
2010-04-22,0.0054865452141359405,1.2086546610784155,0.6114952211501457,0.0,0.0,0.0,0.0,0.0
2010-04-23,0.005082170126063712,1.2147972496896757,0.6134596847926119,0.0,0.0,0.0,0.0,0.0
2010-04-26,0.0001162840111486041,1.214938511186602,0.6135046280247556,0.0,0.0,0.0,0.0,0.0
2010-04-27,-0.016551699648339024,1.1948292138582413,0.6069998068662668,0.0,0.0,0.0,0.0,0.0
2010-04-28,0.001791873924783749,1.1969701971711237,0.6077027540720097,0.0,0.0,0.0,0.0,0.0
2010-04-29,0.01509642093696506,1.2150401631166212,0.6135369627587811,0.0,0.0,0.0,0.0,0.0
2010-04-30,-0.014510429114126033,1.1974094089589014,0.6078466493624884,0.0,0.0,0.0,0.0,0.0
2010-05-03,0.011749645454744773,1.2114785449783438,0.6124008025115216,0.0,0.0,0.0,0.0,0.0
2010-05-04,-0.019876058671590924,1.1873991263389807,0.7185485881920444,0.40496077323082913,0.00020248038661541454,0.0,0.0,0.0
2010-05-05,-0.006401098012312034,1.1797984681515512,0.7167353836191708,0.0,0.0,0.0,0.0,0.0
2010-05-06,-0.02545509395339185,1.1497665872986857,0.7093365173597429,0.0,0.0,0.0,0.0,0.0
2010-05-07,-0.01517711657069476,1.1323164457741637,0.7048570991485067,0.0,0.0,0.0,0.0,0.0
2010-05-10,0.03716893851860115,1.1744034461307447,0.7154341111747439,0.0,0.0,0.0,0.0,0.0
2010-05-11,0.0009124530305919532,1.1754750341143043,0.7156935274772143,0.0,0.0,0.0,0.0,0.0
2010-05-12,0.014006093088916316,1.1919388468658063,0.7196205481796295,0.0,0.0,0.0,0.0,0.0
2010-05-13,-0.009689873612289457,1.1803891100860986,0.716877123287538,0.0,0.0,0.0,0.0,0.0
2010-05-14,-0.015028978592096509,1.1626490674202707,0.7125571508613824,0.0,0.0,0.0,0.0,0.0
2010-05-17,0.0012707695598557223,1.164126526463943,0.7129219608947805,0.0,0.0,0.0,0.0,0.0
2010-05-18,-0.012012040167845628,1.1501429918676036,0.7094316421082802,0.0,0.0,0.0,0.0,0.0
2010-05-19,-0.005934006903074773,1.1433180354143382,0.707697114769534,0.0,0.0,0.0,0.0,0.0
2010-05-20,-0.030201157588935268,1.1087885072525179,0.6985943141530697,0.0,0.0,0.0,0.0,0.0
2010-05-21,0.011588982019744787,1.121638237326767,0.7020472828350287,0.0,0.0,0.0,0.0,0.0
2010-05-24,-0.008285177652630815,1.112345265268531,0.6995580680545611,0.0,0.0,0.0,0.0,0.0
2010-05-25,0.00129222539816376,1.1137826660718382,0.6999458057052543,0.0,0.0,0.0,0.0,0.0
2010-05-26,-0.0035512723991474315,1.1098273204311684,0.6988764338962172,0.0,0.0,0.0,0.0,0.0
2010-05-27,0.028235651508732973,1.1411640178857339,0.707145375029602,0.0,0.0,0.0,0.0,0.0
2010-05-28,-0.007502782450976464,1.132602112518655,0.7049315405703566,0.0,0.0,0.0,0.0,0.0
2010-06-01,-0.012822909686129202,1.1180788579195091,0.7010987569253384,0.0,0.0,0.0,0.0,0.0
2010-06-02,0.012765621538859184,1.1323518294703094,0.7061524929387948,0.5198317818602642,0.0002599158909301321,0.0,0.0,0.0
2010-06-03,-0.0005736186305816959,1.131702291364552,0.7059838397916072,0.0,0.0,0.0,0.0,0.0
2010-06-04,-0.017979260395760033,1.1113551211776305,0.7006008647771707,0.0,0.0,0.0,0.0,0.0
2010-06-07,-0.002666351283697743,1.1083918580236345,0.6998004272610325,0.0,0.0,0.0,0.0,0.0
2010-06-08,0.0005883732404987629,1.1090440061328823,0.6999769527935417,0.0,0.0,0.0,0.0,0.0
2010-06-09,-0.0016864589424345766,1.107173648951186,0.6994701214924639,0.0,0.0,0.0,0.0,0.0
2010-06-10,0.011566357049416887,1.1199796146906613,0.7029064120082688,0.0,0.0,0.0,0.0,0.0
2010-06-11,0.007371028314029582,1.128235016141682,0.7050802736614757,0.0,0.0,0.0,0.0,0.0
2010-06-14,0.001499264225459651,1.1299265385392943,0.7055217743303991,0.0,0.0,0.0,0.0,0.0
2010-06-15,0.014238154686996962,1.1460146073799597,0.7096557408052948,0.0,0.0,0.0,0.0,0.0
2010-06-16,-0.0024405301549716985,1.143217724172611,0.7089454133097345,0.0,0.0,0.0,0.0,0.0
2010-06-17,0.004347246718312769,1.1481875736723373,0.7102052227043172,0.0,0.0,0.0,0.0,0.0
2010-06-18,0.001814713790823097,1.1502712054967321,0.7107301646637709,0.0,0.0,0.0,0.0,0.0
2010-06-21,-0.00915398877958018,1.139741635788141,0.7080577283851233,0.0,0.0,0.0,0.0,0.0
2010-06-22,-0.005810165805893663,1.1331195479083314,0.7063515823901718,0.0,0.0,0.0,0.0,0.0
2010-06-23,-0.0019101910833565494,1.1309550730515399,0.705789584277428,0.0,0.0,0.0,0.0,0.0
2010-06-24,-0.00688065251522596,1.1231733641835402,0.7037511992212169,0.0,0.0,0.0,0.0,0.0
2010-06-25,0.008585701036612159,1.1328165949007059,0.7062730509917974,0.0,0.0,0.0,0.0,0.0
2010-06-28,-0.006434008944050329,1.1255280427971461,0.7043709711762244,0.0,0.0,0.0,0.0,0.0
2010-06-29,-0.015963835519288483,1.1075602982495858,0.6995750364725843,0.0,0.0,0.0,0.0,0.0
2010-06-30,-0.004671886977842932,1.1023859017150177,0.6981648969853543,0.0,0.0,0.0,0.0,0.0
2010-07-01,-0.012054755751533586,1.089096908925909,0.6944819515334044,0.0,0.0,0.0,0.0,0.0
2010-07-02,-0.0002381291514255146,1.0888375632031664,1.28151731439744,1.2185197699711392,0.0006092598849855695,0.0,0.0,0.0
2010-07-06,-0.004205515039210073,1.0842584404558586,1.2827174582419236,0.0,0.0,0.0,1.1166436856665676e-05,0.0
2010-07-07,0.004152909648455605,1.0887612677946472,1.2815593864958874,0.0,0.0,0.0,1.1216792456872284e-05,0.0
2010-07-08,-0.002943095850716504,1.08555693902498,1.2824016947434496,0.0,0.0,0.0,1.1200455566684358e-05,0.0
2010-07-09,0.0015631411508814086,1.0872538177479947,1.2819721389061816,0.0,0.0,0.0,1.120459016821351e-05,0.0
2010-07-12,-0.0014828307785027528,1.0856416043229933,1.2824020827770282,0.0,0.0,0.0,1.1193988739744819e-05,0.0
2010-07-13,0.0008901603987021556,1.0866079994863451,1.2821621196639454,0.0,0.0,0.0,1.1158260885970903e-05,0.0
2010-07-14,0.004742390579621336,1.0917611190268504,1.2808414566948592,0.0,0.0,0.0,1.1173699238318476e-05,0.0
2010-07-15,0.005192418341964711,1.0974299994863292,1.2794018300101855,0.0,0.0,0.0,1.1106793991319219e-05,0.0
2010-07-16,-0.004260733691556884,1.0927541425133926,1.2806085155406943,0.0,0.0,0.0,1.1137496945618716e-05,0.0
2010-07-19,-0.0040516808686141825,1.0883266514600722,1.2817612574957598,0.0,0.0,0.0,1.1181470555690453e-05,0.0
2010-07-20,0.006091270830275164,1.094955943845922,1.2800664777316964,0.0,0.0,0.0,1.1171284767887712e-05,0.0
2010-07-21,0.003724588137671514,1.0990342037656433,1.2790382887804648,0.0,0.0,0.0,1.1093758592109968e-05,0.0
2010-07-22,0.0012508238961379536,1.1004089020103862,1.2787007561627524,0.0,0.0,0.0,1.108460884755301e-05,0.0
2010-07-23,-0.005236457892183521,1.0946466571308249,1.2801789610483736,0.0,0.0,0.0,1.1052440124700267e-05,0.0
2010-07-26,0.0015706493135529964,1.0963659631514304,1.2797506890334174,0.0,0.0,0.0,1.1114232189640279e-05,0.0
2010-07-27,-0.010102010620031132,1.085290462548234,1.2826167880454709,0.0,0.0,0.0,1.1149931902382235e-05,0.0
2010-07-28,0.003622612258294744,1.0892220490816715,1.2816078469589518,0.0,0.0,0.0,1.1223514258863465e-05,0.0
2010-07-29,0.000956541766190977,1.0902639354642742,1.28134989894426,0.0,0.0,0.0,1.1202236706376998e-05,0.0
2010-07-30,0.012067505288713809,1.1034207012715833,1.2780062220676922,0.0,0.0,0.0,1.110612269295207e-05,0.0
2010-08-02,-0.0009610111866684701,1.1023603016340597,1.278284688759608,0.0,0.0,0.0,1.1034596560553635e-05,0.0
2010-08-03,0.00315527017570294,1.1058385462166846,1.200101515821101,0.9212561342724395,0.0004606280671362197,0.0,1.1004882486239683e-05,0.0
2010-08-04,0.0008699764101789409,1.1068005996653598,1.1999355171739448,0.0,0.0,0.0,7.889393200719241e-06,0.0
2010-08-05,-0.0004321527771808942,1.106322292712429,1.2000298945975085,0.0,0.0,0.0,7.919722018232874e-06,0.0
2010-08-06,0.006332017780467991,1.1133275451408122,1.1987791591217927,0.0,0.0,0.0,7.910898975874323e-06,0.0
2010-08-09,7.75533987980026e-05,1.1134138874759134,1.1987716317680344,0.0,0.0,0.0,7.884472633658877e-06,0.0
2010-08-10,-0.0025555735054390016,1.110568476444492,1.1992888167512195,0.0,0.0,0.0,7.938404718512322e-06,0.0
2010-08-11,-0.006570411537321519,1.1032715845138756,1.2006148471438303,0.0,0.0,0.0,7.95272076148978e-06,0.0
2010-08-12,0.0019022327904514302,1.1053702638987113,1.2002419013397123,0.0,0.0,0.0,7.950912688563616e-06,0.0
2010-08-13,0.006255137634864516,1.1122845070368843,1.1990050435097228,0.0,0.0,0.0,7.919534702112885e-06,0.0
2010-08-16,0.015734006676129786,1.1297851988963583,1.1959301738715093,0.0,0.0,0.0,7.816413283539355e-06,0.0
2010-08-17,0.0035497669649153796,1.133795673072851,1.1952448750708136,0.0,0.0,0.0,7.746550481224889e-06,0.0
2010-08-18,0.002737723857675123,1.1368996925367514,1.1947195345679742,0.0,0.0,0.0,7.736562153157564e-06,0.0
2010-08-19,0.001268062106840162,1.1383413519561354,1.1944806479933976,0.0,0.0,0.0,7.711466078471895e-06,0.0
2010-08-20,-0.002994542140642875,1.1349325408072664,1.195072518356128,0.0,0.0,0.0,7.7331946493233e-06,0.0
2010-08-23,-0.0031720676281340454,1.1313324580344557,1.1957010362509624,0.0,0.0,0.0,7.746033073147945e-06,0.0
2010-08-24,0.005815453500437551,1.1379116693376907,1.194577247231581,0.0,0.0,0.0,7.797302369932117e-06,0.0
2010-08-25,0.003353349510332615,1.1417274848768661,1.1939346379277838,0.0,0.0,0.0,7.694733483352656e-06,0.0
2010-08-26,0.0006157092499874395,1.1424304570502697,1.193822995135784,0.0,0.0,0.0,7.681047340789263e-06,0.0
2010-08-27,-0.005548261618478434,1.136091953993637,1.1949121099028304,0.0,0.0,0.0,7.684120034444328e-06,0.0
2010-08-30,0.003501091286021163,1.1400695156338827,1.1942397932627753,0.0,0.0,0.0,7.72230662608561e-06,0.0
2010-08-31,0.011140061509834709,1.1527699601635317,1.1921074127960363,0.0,0.0,0.0,7.662755027210653e-06,0.0
2010-09-01,0.0016665666490125464,1.1546911281331238,1.1917953962951682,0.0,0.0,0.0,7.618564995742959e-06,0.0
2010-09-02,0.000528701515722485,1.155301615082759,1.1951616360550448,0.14062421149964202,7.031210574982101e-05,0.0,7.620037741632253e-06,0.0
2010-09-03,-8.176597211417835e-05,1.1552071507231167,1.1951853400834864,0.0,0.0,0.0,7.780583290313793e-06,0.0
2010-09-07,0.0033096809533375016,1.1590305178270244,1.1945491897855691,0.0,0.0,0.0,7.70430184544746e-06,0.0
2010-09-08,0.0001878317028107812,1.1592482205027974,1.19452037289864,0.0,0.0,0.0,7.717688315470641e-06,0.0
2010-09-09,-0.011676953687199787,1.1457117327200175,1.1968264250103193,0.0,0.0,0.0,7.72065795328967e-06,0.0
2010-09-10,0.0008754554704728523,1.1467147523240122,1.1966620667006127,0.0,0.0,0.0,7.824051704272806e-06,0.0
2010-09-13,0.010549764063900735,1.158812322409625,1.1946167103735452,0.0,0.0,0.0,7.768875115708263e-06,0.0
2010-09-14,0.010248774390981374,1.1706887284634904,1.1926500068027353,0.0,0.0,0.0,7.694539190447058e-06,0.0
2010-09-15,-0.0033961053654768536,1.1667129461914523,1.1933141669237877,0.0,0.0,0.0,7.688129851496693e-06,0.0
2010-09-16,-0.0035263152608956405,1.1625987485242129,1.1940059643135514,0.0,0.0,0.0,7.694646465999597e-06,0.0
2010-09-17,0.0012906116572790616,1.1640992120217963,1.1937635894156728,0.0,0.0,0.0,7.658551258932121e-06,0.0
2010-09-20,0.01185797085491358,1.1779030665501786,1.191500471437985,0.0,0.0,0.0,7.643993062622681e-06,0.0
2010-09-21,0.0046664364843667094,1.183399676394976,1.190618561254208,0.0,0.0,0.0,7.586469724233183e-06,0.0
2010-09-22,0.001172991264696721,1.184787793878032,1.190402784679626,0.0,0.0,0.0,7.533471412132433e-06,0.0
2010-09-23,-0.00510956921296335,1.178734038642538,1.1913882518651377,0.0,0.0,0.0,7.558859022161793e-06,0.0
2010-09-24,0.00649857769563722,1.1863941333751489,1.1901600766046136,0.0,0.0,0.0,7.5615419496135474e-06,0.0
2010-09-27,0.0032092600081772282,1.1902015806213257,1.189559277630521,0.0,0.0,0.0,7.51106817254525e-06,0.0
2010-09-28,0.008519618948052532,1.2003416445595894,1.1879654061879406,0.0,0.0,0.0,7.520069875349093e-06,0.0
2010-09-29,-0.0018077856880209797,1.198171684113819,1.18831329521258,0.0,0.0,0.0,7.454126769166558e-06,0.0
2010-09-30,0.0016471221495555355,1.2001452192336932,1.1880110907304857,0.0,0.0,0.0,7.447695102363663e-06,0.0
2010-10-01,0.0060861075760187955,1.2074494321447942,1.1868811725678738,0.0,0.0,0.0,7.454141638877767e-06,0.0
2010-10-04,-0.002627365120089986,1.2042770216225045,0.7167879750310686,0.802529084593333,0.0004012645422966665,0.0,7.428395783762364e-06,0.0
2010-10-05,0.014193763096246093,1.2213702443696672,0.7207515612161631,0.0,0.0,0.0,0.0,0.0
2010-10-06,-0.00037018039891845156,1.2209181170453793,0.7206481506371275,0.0,0.0,0.0,0.0,0.0
2010-10-07,-0.0035383892338374245,1.216598033524629,0.7196561851007148,0.0,0.0,0.0,0.0,0.0
2010-10-08,0.006102396151652867,1.224022196682518,0.7213565776489532,0.0,0.0,0.0,0.0,0.0
2010-10-11,0.0013090196440639357,1.2256244657827458,0.7217208505221532,0.0,0.0,0.0,0.0,0.0
2010-10-12,0.0006356589887310804,1.2264035449912292,0.7218976287941975,0.0,0.0,0.0,0.0,0.0
2010-10-13,0.009942886656375771,1.2385975364340545,0.7246355463460734,0.0,0.0,0.0,0.0,0.0
2010-10-14,0.0005584423170896802,1.2392892217122422,0.7247892356829866,0.0,0.0,0.0,0.0,0.0
2010-10-15,0.0009018830160232305,1.2404069156132451,0.7250372199443572,0.0,0.0,0.0,0.0,0.0
2010-10-18,0.00224046470519057,1.2431860035277509,0.7256518872080033,0.0,0.0,0.0,0.0,0.0
2010-10-19,-0.01672493683260179,1.2223937961475746,0.7209853854035042,0.0,0.0,0.0,0.0,0.0
2010-10-20,0.008854520950462685,1.233217507625279,0.7234342426957355,0.0,0.0,0.0,0.0,0.0
2010-10-21,-0.0037710870292788634,1.2285669370779937,0.7223873411989673,0.0,0.0,0.0,0.0,0.0
2010-10-22,0.0019562398935546454,1.230970308732208,0.7229293578424885,0.0,0.0,0.0,0.0,0.0
2010-10-25,0.005093256213384079,1.2372399559056495,0.7243333984735357,0.0,0.0,0.0,0.0,0.0
2010-10-26,-0.0004744937865825971,1.2366528932340606,0.7242025342897009,0.0,0.0,0.0,0.0,0.0
2010-10-27,-0.005801820062274365,1.2294780556680256,0.7225930691931318,0.0,0.0,0.0,0.0,0.0
2010-10-28,0.004273137270476068,1.234731784170933,0.7237734232732388,0.0,0.0,0.0,0.0,0.0
2010-10-29,0.0030065169046968876,1.2384440261528096,0.7246014137782442,0.0,0.0,0.0,0.0,0.0
2010-11-01,0.0013154379169491026,1.24007312238283,0.7249632076035186,0.0,0.0,0.0,0.0,0.0
2010-11-02,0.0056572689291409795,1.2470885495279493,0.669248776098775,0.09475258802788183,4.7376294013940915e-05,0.0,0.0,0.0
2010-11-03,0.0001743531420721478,1.2473059833350018,0.6693064335611467,0.0,0.0,0.0,0.0,0.0
2010-11-04,0.01587614980023755,1.2671083999731607,0.6744745247696965,0.0,0.0,0.0,0.0,0.0
2010-11-05,0.0017851770198427097,1.2693704127704424,0.6750546098129622,0.0,0.0,0.0,0.0,0.0
2010-11-08,0.0010829173565802819,1.2707450360223609,0.6754061181614448,0.0,0.0,0.0,0.0,0.0
2010-11-09,-0.011928011081605683,1.2555875751507908,0.6714876188385059,0.0,0.0,0.0,0.0,0.0
2010-11-10,0.006288370731641457,1.2634831753093816,0.6735405170958669,0.0,0.0,0.0,0.0,0.0
2010-11-11,-0.0029269108734646387,1.259785072665129,0.6725821943603744,0.0,0.0,0.0,0.0,0.0
2010-11-12,-0.013938094491642294,1.242226069283162,0.6679541073328175,0.0,0.0,0.0,0.0,0.0
2010-11-15,-0.004080944211782067,1.237156613995996,0.6665934939819127,0.0,0.0,0.0,0.0,0.0
2010-11-16,-0.013629754674991612,1.2202944728526872,0.6619864522492462,0.0,0.0,0.0,0.0,0.0
2010-11-17,0.0012630460063782767,1.2218357609132293,0.6624128403630302,0.0,0.0,0.0,0.0,0.0
2010-11-18,0.010169134956138581,1.2342607736601923,0.66581125085392,0.0,0.0,0.0,0.0,0.0
2010-11-19,0.0011111247817312542,1.235632191392925,0.6661821641239457,0.0,0.0,0.0,0.0,0.0
2010-11-22,0.0034343836175003695,1.239875826348301,0.6673246987285792,0.0,0.0,0.0,0.0,0.0
2010-11-23,-0.006832568653430515,1.2314042896430473,0.665036034437448,0.0,0.0,0.0,0.0,0.0
2010-11-24,0.008878237656273491,1.2423369895774528,0.6679837535789179,0.0,0.0,0.0,0.0,0.0
2010-11-26,-0.006699352483964027,1.2340141361804067,0.6657444578825548,0.0,0.0,0.0,0.0,0.0
2010-11-29,0.0015499315660139068,1.23592677364298,0.6662617293630019,0.0,0.0,0.0,0.0,0.0
2010-11-30,-0.0007010861726677309,1.235060282471549,0.6660275859214391,0.0,0.0,0.0,0.0,0.0
2010-12-01,0.008285961280928289,1.2452939441517208,0.6687721272502081,0.0,0.0,0.0,0.0,0.0
2010-12-02,0.007595045437440939,1.2547520082405232,0.5578316763826969,0.3830507203162458,0.00019152536015812292,0.0,0.0,0.0
2010-12-03,0.0018304100620494257,1.2570487189417834,0.5586395469968646,0.0,0.0,0.0,0.0,0.0
2010-12-06,0.0008095247824901897,1.2580663310325644,0.5589965502186264,0.0,0.0,0.0,0.0,0.0
2010-12-07,0.0005705532367028532,1.258784124849722,0.5592480226858662,0.0,0.0,0.0,0.0,0.0
2010-12-08,-0.0021258929284534434,1.2561080845802546,0.5583090349867829,0.0,0.0,0.0,0.0,0.0
2010-12-09,-0.0009251649345359825,1.2549459774264138,0.5579000195873458,0.0,0.0,0.0,0.0,0.0
2010-12-10,0.00422766760609683,1.260251471882581,0.5597612028888399,0.0,0.0,0.0,0.0,0.0
2010-12-13,-0.0003126678697870089,1.2598574317394715,0.5596235113102169,0.0,0.0,0.0,0.0,0.0
2010-12-14,-0.0008001649679292289,1.2588493379580084,0.5592708552882731,0.0,0.0,0.0,0.0,0.0
2010-12-15,-0.004385619402072494,1.2533285038771735,0.5573294708268055,0.0,0.0,0.0,0.0,0.0
2010-12-16,0.0031638843013099827,1.2572938902549748,0.5587256119357721,0.0,0.0,0.0,0.0,0.0
2010-12-17,0.0017896159496220143,1.2595439634543375,0.5595139128628993,0.0,0.0,0.0,0.0,0.0
2010-12-20,0.0016120241701258475,1.261574378766762,0.5602228442674094,0.0,0.0,0.0,0.0,0.0
2010-12-21,0.005686616850175463,1.2687484688868067,0.5627095475228866,0.0,0.0,0.0,0.0,0.0
2010-12-22,0.0013213981270501218,1.2704249907372913,0.563286619765586,0.0,0.0,0.0,0.0,0.0
2010-12-23,-0.001330667919749673,1.268734476957669,0.5627047249716477,0.0,0.0,0.0,0.0,0.0
2010-12-27,0.0017000602623724603,1.2708914020254467,0.5634468915637154,0.0,0.0,0.0,0.0,0.0
2010-12-28,-8.474582553630317e-05,1.270783699284415,0.5634098923746237,0.0,0.0,0.0,0.0,0.0
2010-12-29,0.002503944786946377,1.2739656715035748,0.5645003594293477,0.0,0.0,0.0,0.0,0.0
2010-12-30,0.0003046538495394824,1.2743537900495794,0.5646329956631814,0.0,0.0,0.0,0.0,0.0
2010-12-31,-0.0009328470615770357,1.273165012861122,0.5642264856207796,0.0,0.0,0.0,0.0,0.0
2011-01-03,0.00869006703204045,1.2842289021657338,0.5679807617602144,0.0,0.0,0.0,0.0,0.0
2011-01-04,-0.007779262337325621,1.2742385486346108,0.6788882593978443,0.36414689671120354,0.0001820734483556018,0.0,0.0,0.0
2011-01-05,0.005855864898536733,1.2817003174239228,0.6807576991813363,0.0,0.0,0.0,0.0,0.0
2011-01-06,-0.003425037226040928,1.2773104461241174,0.6796605245529599,0.0,0.0,0.0,0.0,0.0
2011-01-07,-0.0016306907605713183,1.2752275477812416,0.6791372967072885,0.0,0.0,0.0,0.0,0.0
2011-01-10,0.003359330927571458,1.279511459122194,0.6802115718642046,0.0,0.0,0.0,0.0,0.0
2011-01-11,0.002202683957292617,1.2823298184863747,0.6809144165598515,0.0,0.0,0.0,0.0,0.0
2011-01-12,0.00456462720505213,1.288183176061687,0.6823643050941145,0.0,0.0,0.0,0.0,0.0
2011-01-13,0.0003198165263151864,1.2885951583303128,0.682465857760472,0.0,0.0,0.0,0.0,0.0
2011-01-14,0.004590573326402003,1.2945105488926747,0.6839168605891768,0.0,0.0,0.0,0.0,0.0
2011-01-18,0.001931876525395504,1.2970113834339574,0.6845263167921462,0.0,0.0,0.0,0.0,0.0
2011-01-19,-0.009201841659530419,1.2850764900529896,0.6815964174416166,0.0,0.0,0.0,0.0,0.0
2011-01-20,-0.0046784253149545485,1.2790643556702728,0.6800997881924369,0.0,0.0,0.0,0.0,0.0
2011-01-21,-0.0013052561927640038,1.2773948489990905,0.6796816907356138,0.0,0.0,0.0,0.0,0.0
2011-01-24,0.003820478294916274,1.2822751082937294,0.6809008022943733,0.0,0.0,0.0,0.0,0.0
2011-01-25,0.0006887268291670967,1.2831582455631845,0.6811204232141792,0.0,0.0,0.0,0.0,0.0
2011-01-26,0.0071395188575809065,1.2923193780546431,0.6833809310277761,0.0,0.0,0.0,0.0,0.0
2011-01-27,0.003152811063870331,1.296393816887828,0.6843760337605584,0.0,0.0,0.0,0.0,0.0
2011-01-28,-0.010669764129375925,1.2825616006428535,0.6809720811153739,0.0,0.0,0.0,0.0,0.0
2011-01-31,0.006503859011629087,1.290903200467164,0.6830335859835585,0.0,0.0,0.0,0.0,0.0
2011-02-01,0.009353667345794348,1.3029778795799551,0.6859709096317653,0.0,0.0,0.0,0.0,0.0
2011-02-02,0.00046259403213766426,1.3035806293710561,0.7726879031008241,0.08659054414870425,4.329527207435212e-05,0.0,0.0,0.0
2011-02-03,0.00047564308423253543,1.3042006684821559,0.7727959711258678,0.0,0.0,0.0,0.0,0.0
2011-02-04,-0.0006095641017201947,1.3034056745732097,0.772657391232772,0.0,0.0,0.0,0.0,0.0
2011-02-07,0.004288575518442528,1.3089954282397833,0.7736282037761235,0.0,0.0,0.0,0.0,0.0
2011-02-08,0.0047898468902061175,1.3152653159210317,0.7747073212129977,0.0,0.0,0.0,0.0,0.0
2011-02-09,-0.0003203081435753097,1.31484402572938,0.7746351350114661,0.0,0.0,0.0,0.0,0.0
2011-02-10,0.0008910208067134384,1.316015579113888,0.7748357610333132,0.0,0.0,0.0,0.0,0.0
2011-02-11,0.004391090882815529,1.321794323124978,0.7758201551063367,0.0,0.0,0.0,0.0,0.0
2011-02-14,0.0023830633040431426,1.3249442426719098,0.7763531197796536,0.0,0.0,0.0,0.0,0.0
2011-02-15,-0.004220396575206786,1.3193524525277973,0.7754052408272315,0.0,0.0,0.0,0.0,0.0
2011-02-16,0.004702774493599682,1.3255570695896133,0.7764565154247026,0.0,0.0,0.0,0.0,0.0
2011-02-17,0.001970267174935758,1.3281687711723298,0.7768960897356961,0.0,0.0,0.0,0.0,0.0
2011-02-18,0.00022631500132064275,1.3284693556895317,0.7769465700729847,0.0,0.0,0.0,0.0,0.0
2011-02-22,-0.013651567593191305,1.3103336664848528,0.7738593963365075,0.0,0.0,0.0,0.0,0.0
2011-02-23,-0.0030611312667037094,1.3063225631285615,0.7731650247012384,0.0,0.0,0.0,0.0,0.0
2011-02-24,-0.00046028100079709144,1.305721287671841,0.773060568792722,0.0,0.0,0.0,0.0,0.0
2011-02-25,0.01489619108882767,1.3251715614817507,0.7763914839764973,0.0,0.0,0.0,0.0,0.0
2011-02-28,0.005493755015320456,1.3324517293938012,0.7776132224509981,0.0,0.0,0.0,0.0,0.0
2011-03-01,-0.010515869737725003,1.3184398405756896,0.7752497783970972,0.0,0.0,0.0,0.0,0.0
2011-03-02,0.0009323168199006915,1.3196690442150856,0.8455776145950633,0.07017358372828916,3.508679186414458e-05,0.0,0.0,0.0
2011-03-03,0.012040441617137576,1.335558442295901,0.8474148076946555,0.0,0.0,0.0,0.0,0.0
2011-03-04,-0.0030814019195297693,1.3314430499481662,0.8469431781098862,0.0,0.0,0.0,0.0,0.0
2011-03-07,-0.00886677646344547,1.3196374420504677,0.84557391654779,0.0,0.0,0.0,0.0,0.0
2011-03-08,0.005267840538322632,1.3265890816635897,0.8463831456405544,0.0,0.0,0.0,0.0,0.0
2011-03-09,-0.0018092013059407552,1.3241890149645972,0.8461047180955548,0.0,0.0,0.0,0.0,0.0
2011-03-10,-0.015239452168576473,1.3040090998088898,0.8437231444300408,0.0,0.0,0.0,0.0,0.0
2011-03-11,0.0029420062815179726,1.3078455027716842,0.8441815632497364,0.0,0.0,0.0,0.0,0.0
2011-03-14,-0.0034453772468482358,1.3033394816340418,0.8436428538961681,0.0,0.0,0.0,0.0,0.0
2011-03-15,-0.013624621557466132,1.2855819744358739,0.8414831214149764,0.0,0.0,0.0,0.0,0.0
2011-03-16,-0.009617809094506824,1.2732174924304105,0.8399437307731737,0.0,0.0,0.0,0.0,0.0
2011-03-17,0.010464165875183173,1.286540651466387,0.8416012416549197,0.0,0.0,0.0,0.0,0.0
2011-03-18,0.0053094103205479914,1.2933714236790872,0.8424378040044666,0.0,0.0,0.0,0.0,0.0
2011-03-21,0.012214502915215641,1.309169312704072,0.8443391242254005,0.0,0.0,0.0,0.0,0.0
2011-03-22,-0.0012970677606897185,1.3074712313952792,0.8441369593002257,0.0,0.0,0.0,0.0,0.0
2011-03-23,2.29024449789339e-05,1.3075011756832178,0.8441405288631879,0.0,0.0,0.0,0.0,0.0
2011-03-24,0.007092822570244017,1.3167750495327244,0.8452382266621297,0.0,0.0,0.0,0.0,0.0
2011-03-25,0.004443237364970765,1.3226257936340695,0.8459228281093633,0.0,0.0,0.0,0.0,0.0
2011-03-28,-0.004756811911113434,1.316334311504965,0.845186408975576,0.0,0.0,0.0,0.0,0.0
2011-03-29,0.006148314886734729,1.3244275493483109,0.8461324352147309,0.0,0.0,0.0,0.0,0.0
2011-03-30,0.006412383386744214,1.3329202865626983,0.8471128065142847,0.0,0.0,0.0,0.0,0.0
2011-03-31,0.005872087364326539,1.3407473109350778,0.8480053324808687,0.0,0.0,0.0,0.0,0.0
2011-04-01,0.0027187221550151186,1.344392430353594,0.848417443335985,0.0,0.0,0.0,0.0,0.0
2011-04-04,0.0013463723783857517,1.3462024831875328,0.8773069625819323,0.03404424932949969,1.7022124664749848e-05,0.0,0.0,0.0
2011-04-05,0.0009141830651626659,1.3474331586999426,0.8774190240342712,0.0,0.0,0.0,0.0,0.0
2011-04-06,0.0017579556158648924,1.3498018863882817,0.8776341377889353,0.0,0.0,0.0,0.0,0.0
2011-04-07,-0.0034830982208590155,1.3451003938392905,0.8772064357437414,0.0,0.0,0.0,0.0,0.0
2011-04-08,0.00033278757181021135,1.3455480265331972,0.8772472863212597,0.0,0.0,0.0,0.0,0.0
2011-04-11,-0.006492656365936655,1.3368118455730529,0.8764450867270553,0.0,0.0,0.0,0.0,0.0
2011-04-12,-0.009060321682207606,1.3246999002235753,0.8753154041801111,0.0,0.0,0.0,0.0,0.0
2011-04-13,0.0035848741682948937,1.3294487826766297,0.8757607861286079,0.0,0.0,0.0,0.0,0.0
2011-04-14,0.004358125983002337,1.3352426879594834,0.8762998868060189,0.0,0.0,0.0,0.0,0.0
2011-04-15,0.005766603509674617,1.3429425031301379,0.8770091264093248,0.0,0.0,0.0,0.0,0.0
2011-04-18,-0.008286255597821257,1.3318145382960236,0.875981477230795,0.0,0.0,0.0,0.0,0.0
2011-04-19,0.003380932302788686,1.3363173130898722,0.8763993626183638,0.0,0.0,0.0,0.0,0.0
2011-04-20,0.015376610241987665,1.3568653435728752,0.8782711398559996,0.0,0.0,0.0,0.0,0.0
2011-04-21,0.0064458085789826924,1.3656114378450017,0.8790507555336026,0.0,0.0,0.0,0.0,0.0
2011-04-25,0.001276166679072377,1.3673541856585396,0.879204910202198,0.0,0.0,0.0,0.0,0.0
2011-04-26,0.005238293864415766,1.374516788699758,0.8798343730684671,0.0,0.0,0.0,0.0,0.0
2011-04-27,0.005790964918511499,1.3824765672030235,0.8805262414131264,0.0,0.0,0.0,0.0,0.0
2011-04-28,0.002108266648426449,1.3853911964418886,0.8807775940353668,0.0,0.0,0.0,0.0,0.0
2011-04-29,0.0013724042064520159,1.3872925131474672,0.8809409911199698,0.0,0.0,0.0,0.0,0.0
2011-05-02,-0.004554343581440912,1.380974306394633,0.8803962746611564,0.0,0.0,0.0,0.0,0.0
2011-05-03,-0.008579967965106738,1.3691255910851314,0.9891945131208328,0.5754928357022919,0.000287746417851146,0.0,0.0,0.0
2011-05-04,-0.012105345113433863,1.3525518533014118,0.9890621061408537,0.0,0.0,0.0,0.0,0.0
2011-05-05,-0.02456781609984393,1.3193226081039997,0.9887866178298399,0.0,0.0,0.0,0.0,0.0
2011-05-06,0.002201432111373469,1.322227007258741,0.9888112491053456,0.0,0.0,0.0,0.0,0.0
2011-05-09,0.01584770582616679,1.3431812719051905,0.9889857989239097,0.0,0.0,0.0,0.0,0.0
2011-05-10,0.010274292399359286,1.356981509038088,0.9890978111994397,0.0,0.0,0.0,0.0,0.0
2011-05-11,-0.016233252451263946,1.3349532856301756,0.9889179128815592,0.0,0.0,0.0,0.0,0.0
2011-05-12,0.0026458530487680765,1.3384853758509232,0.9889471570796974,0.0,0.0,0.0,0.0,0.0
2011-05-13,-0.007418243175909556,1.3285561658454623,0.98886455161571,0.0,0.0,0.0,0.0,0.0
2011-05-16,-0.006063512437075702,1.3205004490105048,0.9887966197804112,0.0,0.0,0.0,0.0,0.0
2011-05-17,-0.0016223534255916938,1.3183581305835572,0.9887784144025766,0.0,0.0,0.0,0.0,0.0
2011-05-18,0.011804062705866647,1.3339201126257547,0.9889093293740949,0.0,0.0,0.0,0.0,0.0
2011-05-19,1.4732485817292584e-05,1.3339397645848954,0.9889094927648355,0.0,0.0,0.0,0.0,0.0
2011-05-20,0.0011731969112476204,1.3355047385964967,0.9889224888666814,0.0,0.0,0.0,0.0,0.0
2011-05-23,-0.00902397142522915,1.3234531819971438,0.9888216154438666,0.0,0.0,0.0,0.0,0.0
2011-05-24,0.004169442807611334,1.3289712443480322,0.9888680295579607,0.0,0.0,0.0,0.0,0.0
2011-05-25,0.007571852301149429,1.3390340183227103,0.9889516857615509,0.0,0.0,0.0,0.0,0.0
2011-05-26,0.006136471659067055,1.3472509626266742,0.9890190699277296,0.0,0.0,0.0,0.0,0.0
2011-05-27,0.0072280573917011814,1.3569889699055646,0.9890978711408155,0.0,0.0,0.0,0.0,0.0
2011-05-31,0.008077635382311099,1.3679502320222798,0.9891852289183563,0.0,0.0,0.0,0.0,0.0
2011-06-01,-0.01622587573027956,1.3457540415522793,0.989006855522174,0.0,0.0,0.0,0.0,0.0
2011-06-02,-0.001515703371287369,1.343714277614575,1.0495678797362231,0.11371622203624478,5.6858111018122386e-05,0.0,0.0,0.0
2011-06-03,-4.065666710273419e-05,1.3436596466705089,1.0495718621422745,0.0,0.0,0.0,1.9797644319569735e-06,0.0
2011-06-06,-0.009869761685022627,1.3303980461720892,1.0500679883931499,0.0,0.0,0.0,1.9681041238464456e-06,0.0
2011-06-07,0.005296416929087666,1.3374443889062602,1.0498061809182972,0.0,0.0,0.0,1.9780410971134764e-06,0.0
2011-06-08,-0.0032558314547176392,1.3330898953959236,1.049970854032426,0.0,0.0,0.0,1.9810679002629847e-06,0.0
2011-06-09,0.0007308618628814045,1.334064199960261,1.0499363404360276,0.0,0.0,0.0,1.9776198313229296e-06,0.0
2011-06-10,-0.016062610875467453,1.3126356458334074,1.050753556668145,0.0,0.0,0.0,1.9968074979818934e-06,0.0
2011-06-13,-0.004001126927312582,1.307383624005113,1.0509594659897443,0.0,0.0,0.0,2.0142384499033498e-06,0.0
2011-06-14,0.012778166596427054,1.324089589758091,1.050318509888536,0.0,0.0,0.0,2.011579347957033e-06,0.0
2011-06-15,-0.013040452248921919,1.3068228626895562,1.0509853790557715,0.0,0.0,0.0,2.0121224009191084e-06,0.0
2011-06-16,0.0017665567977573904,1.309131439501105,1.0508974889799527,0.0,0.0,0.0,2.025364570358446e-06,0.0
2011-06-17,0.004227687169336303,1.3146660376908588,1.0506852274358733,0.0,0.0,0.0,2.011016713331852e-06,0.0
2011-06-20,0.004965040908079921,1.3211934083484573,1.0504368178903236,0.0,0.0,0.0,2.0162831732859968e-06,0.0
2011-06-21,0.009199084261184431,1.3333471778371764,1.0499790577874695,0.0,0.0,0.0,1.9922430562153802e-06,0.0
2011-06-22,-0.0014152399883567979,1.3314601715927386,1.0500518765005291,0.0,0.0,0.0,1.9853325543786894e-06,0.0
2011-06-23,-0.014814642942821421,1.3117350645580044,1.050806543487024,0.0,0.0,0.0,2.0190661745435993e-06,0.0
2011-06-24,-0.007983470610442578,1.3012628662214185,1.051217452647656,0.0,0.0,0.0,2.0163238888347826e-06,0.0
2011-06-27,0.0019004148235624019,1.303735805461737,1.051122331449751,0.0,0.0,0.0,2.036421313904923e-06,0.0
2011-06-28,0.010606962966488442,1.3175644828683546,1.0505877774319203,0.0,0.0,0.0,2.0202809149351366e-06,0.0
2011-06-29,0.009656108164037391,1.3302870280280255,1.0501059563492348,0.0,0.0,0.0,1.998001459448438e-06,0.0
2011-06-30,-0.0019501535162679273,1.327692764102671,1.0502058538031676,0.0,0.0,0.0,1.984989492760897e-06,0.0
2011-07-01,0.00688313193393042,1.3368314485657145,1.049864621331493,0.0,0.0,0.0,1.9974582745921743e-06,0.0
2011-07-05,0.008732274391245909,1.348505027589437,0.8390516767361493,1.1398151457729644,0.0005699075728864822,0.0,1.964558563468081e-06,0.0
2011-07-06,0.003192002551017037,1.352809459077562,0.8395637895292475,0.0,0.0,0.0,0.0,0.0
2011-07-07,0.010673427268889757,1.3672485724476924,0.8412581095514758,0.0,0.0,0.0,0.0,0.0
2011-07-08,-0.0036861428302495947,1.3622086989251954,0.8406707993608906,0.0,0.0,0.0,0.0,0.0
2011-07-11,-0.01562402714691824,1.34092551323342,0.8381419243936693,0.0,0.0,0.0,0.0,0.0
2011-07-12,-0.0029924666203041683,1.3369128383947546,0.8376561157390078,0.0,0.0,0.0,0.0,0.0
2011-07-13,0.0012795368312998878,1.3386234676117184,0.83786357526615,0.0,0.0,0.0,0.0,0.0
2011-07-14,-0.00883722138648435,1.3267937556752902,0.8364179646045083,0.0,0.0,0.0,0.0,0.0
2011-07-15,0.007639473465357538,1.3369297613657736,0.8376581707017499,0.0,0.0,0.0,0.0,0.0
2011-07-18,-0.007393694449912669,1.3270449112092404,0.8364489240189918,0.0,0.0,0.0,0.0,0.0
2011-07-19,0.01603198227631042,1.348320071705615,0.8390295986405965,0.0,0.0,0.0,0.0,0.0
2011-07-20,0.00010588080911544395,1.3484628329257538,0.8390466405125289,0.0,0.0,0.0,0.0,0.0
2011-07-21,0.008096718754527998,1.3593809572348876,0.8403393677480431,0.0,0.0,0.0,0.0,0.0
2011-07-22,0.0035938767090015755,1.3642664047957545,0.8409111135915673,0.0,0.0,0.0,0.0,0.0
2011-07-25,-0.005758946620927796,1.3564096673938106,0.83998962236799,0.0,0.0,0.0,0.0,0.0
2011-07-26,-0.0012494480692840648,1.3547149039537272,0.8397894476026182,0.0,0.0,0.0,0.0,0.0
2011-07-27,-0.02148487527217191,1.325609023212929,0.8362717669367206,0.0,0.0,0.0,0.0,0.0
2011-07-28,-0.0004374554273031128,1.3250291283512425,0.83620011178663,0.0,0.0,0.0,0.0,0.0
2011-07-29,-0.0025933402678381956,1.3215928769566307,0.8357742184543304,0.0,0.0,0.0,0.0,0.0
2011-08-01,-0.006208580786835949,1.3133876608127386,0.834748239549406,0.0,0.0,0.0,0.0,0.0
2011-08-02,-0.0042141482679540765,1.3078528504767724,1.2066769847134982,1.6085718705026466,0.0008042859352513232,0.0,0.0,0.0
2011-08-03,-0.003539786913797971,1.3032233300714813,1.2074194066825885,0.0,0.0,0.0,8.19198232179333e-06,0.0
2011-08-04,-0.01435960380011847,1.2845095593885838,1.2104496106401061,0.0,0.0,0.0,8.226481583390534e-06,0.0
2011-08-05,-0.0043870043600354736,1.2788744103510388,1.2113853100921532,0.0,0.0,0.0,8.336446104279818e-06,0.0
2011-08-08,-0.003003288538938831,1.2750335814916893,1.2120304871300125,0.0,0.0,0.0,8.398251114457976e-06,0.0
2011-08-09,0.018863227933303195,1.2990848305619829,1.2081132140457544,0.0,0.0,0.0,8.30859114119267e-06,0.0
2011-08-10,0.012713986409870426,1.3156013774430169,1.2055086384700104,0.0,0.0,0.0,8.199496094040853e-06,0.0
2011-08-11,-0.005517918471882988,1.3083419963007894,1.206657110662985,0.0,0.0,0.0,8.187432212382286e-06,0.0
2011-08-12,0.0030580974478044975,1.3123430336205324,1.2060352355140962,0.0,0.0,0.0,8.188641832171917e-06,0.0
2011-08-15,0.006045875468638329,1.320277296173937,1.2048051848724353,0.0,0.0,0.0,8.17586627599195e-06,0.0
2011-08-16,0.003275265694844931,1.324601555109778,1.2041446839820797,0.0,0.0,0.0,8.146904293109359e-06,0.0
2011-08-17,0.003644147623487637,1.3294285987188994,1.2034115233422253,0.0,0.0,0.0,8.085728757232392e-06,0.0
2011-08-18,-0.012103399152297856,1.3133379937441245,1.2059118282758743,0.0,0.0,0.0,8.077732674355072e-06,0.0
2011-08-19,0.005098239997288756,1.3200337060337897,1.2048754949374167,0.0,0.0,0.0,8.121568322907812e-06,0.0
2011-08-22,0.009610044296095355,1.3327192884211132,1.2029334257071704,0.0,0.0,0.0,8.064911148007959e-06,0.0
2011-08-23,-0.006156329728890686,1.3245146290455403,1.2041985924864107,0.0,0.0,0.0,8.080931192746276e-06,0.0
2011-08-24,-0.01869747762272067,1.2997495464079951,1.2080975957449431,0.0,0.0,0.0,8.115715063732243e-06,0.0
2011-08-25,0.0025143945629266806,1.30301762960065,1.2075839057420952,0.0,0.0,0.0,8.311787254277627e-06,0.0
2011-08-26,0.018381509537284124,1.3269690605864035,1.2038451614199033,0.0,0.0,0.0,8.207572918022846e-06,0.0
2011-08-29,-0.0032086755598860206,1.322711247392975,1.204509455003646,0.0,0.0,0.0,8.104209753210998e-06,0.0
2011-08-30,0.0163654106153317,1.3443579600820785,1.2012244497128153,0.0,0.0,0.0,8.041718304898338e-06,0.0
2011-08-31,-0.004143662374192503,1.3387873945854403,1.2020697436035588,0.0,0.0,0.0,7.9883929740189e-06,0.0
2011-09-01,0.0015766586511423153,1.3408982053131537,1.2017596561368784,0.0,0.0,0.0,8.011985827054297e-06,0.0
2011-09-02,0.01306885694679627,1.3584222121386071,1.290316548675304,1.639982233967464,0.0008199911169837319,0.0,7.942803864404361e-06,0.0
2011-09-06,0.0016642093736667363,1.3606829111174452,1.2898457052337005,0.0,0.0,0.0,1.1479355013687735e-05,0.0
2011-09-07,-0.012934961731491335,1.3430825297334468,1.2936556314018195,0.0,0.0,0.0,1.1664181771016108e-05,0.0
2011-09-08,0.009452937899045999,1.3557786054803107,1.2909172615954434,0.0,0.0,0.0,1.1551175483029775e-05,0.0
2011-09-09,-0.0012360021227928453,1.3541028602459,1.2912888395552573,0.0,0.0,0.0,1.1609469174963635e-05,0.0
2011-09-12,-0.007761652118667528,1.3435927849117786,1.293579057147094,0.0,0.0,0.0,1.1627385329774074e-05,0.0
2011-09-13,-0.0031539443919845755,1.3393551679826952,1.29451960556799,0.0,0.0,0.0,1.1658427670572849e-05,0.0
2011-09-14,-0.0010054146175011436,1.3380085607187797,1.2948277169501914,0.0,0.0,0.0,1.1721942529524063e-05,0.0
2011-09-15,-0.010391652437845678,1.324104440796928,1.297935458193223,0.0,0.0,0.0,1.1781010183216684e-05,0.0
2011-09-16,0.00381130068571367,1.329151000960094,1.2968160259058,0.0,0.0,0.0,1.183518478537665e-05,0.0
2011-09-19,-0.0001278414391840954,1.3289810803832383,1.2968657560650263,0.0,0.0,0.0,1.170765352065401e-05,0.0
2011-09-20,0.004820636517440802,1.3353876151103217,1.2954532636601743,0.0,0.0,0.0,1.1777103080712563e-05,0.0
2011-09-21,0.0029724941601054766,1.3393570469977143,1.2945893229539238,0.0,0.0,0.0,1.1740118313179493e-05,0.0
2011-09-22,-0.0021307575884647045,1.3365032018061602,1.2952300767327636,0.0,0.0,0.0,1.1738542022227082e-05,0.0
2011-09-23,-0.027431996838953587,1.2998402501989623,1.303569304411005,0.0,0.0,0.0,1.1830163824733554e-05,0.0
2011-09-26,-0.008890802599642589,1.2882836271233733,1.306304644945538,0.0,0.0,0.0,1.2145674231291359e-05,0.0
2011-09-27,0.001659756493187059,1.2904218642385579,1.3058092310348794,0.0,0.0,0.0,1.212294179075668e-05,0.0
2011-09-28,-0.014169952704782385,1.2721366474530804,1.310217128358884,0.0,0.0,0.0,1.2149339891708944e-05,0.0
2011-09-29,0.007319934508154269,1.28144860439786,1.3079750811383144,0.0,0.0,0.0,1.2218963043740615e-05,0.0
2011-09-30,0.0009550186145874662,1.282672411668697,1.3076934493999293,0.0,0.0,0.0,1.2201920751701353e-05,0.0
2011-10-03,0.015392794310282953,1.3024163242689877,1.3030410114998479,0.0,0.0,0.0,1.2158412344346496e-05,0.0
2011-10-04,-0.009839716098694051,1.2896009173958762,1.2117876642212144,0.9723299101113116,0.0004861649550556558,0.0,1.2017973149760203e-05,0.0
2011-10-05,-0.0015309628767339323,1.2876265862655412,1.212120817590718,0.0,0.0,0.0,8.404511733271847e-06,0.0
2011-10-06,-0.005098321197256728,1.2810618523466322,1.2132162801642412,0.0,0.0,0.0,8.431885084768623e-06,0.0
2011-10-07,-0.006328997793770386,1.272954014709447,1.214582835419692,0.0,0.0,0.0,8.501574341607175e-06,0.0
2011-10-10,-0.005875465785418199,1.2654748169496108,1.2158596264613004,0.0,0.0,0.0,8.541444761764071e-06,0.0
2011-10-11,0.0008032900029859569,1.266491360219097,1.2156949267411472,0.0,0.0,0.0,8.535351799225478e-06,0.0
2011-10-12,-0.004500130132332081,1.2607919842866369,1.2166785678156948,0.0,0.0,0.0,8.587901550889362e-06,0.0
2011-10-13,0.0026132783352956768,1.2640867846644877,1.2161223782427264,0.0,0.0,0.0,8.582220365238315e-06,0.0
2011-10-14,-0.0040365481230985045,1.2589842375264166,1.2170069133764663,0.0,0.0,0.0,8.621720299301025e-06,0.0
2011-10-17,0.006479587404478515,1.2671419359343297,1.2156184064513023,0.0,0.0,0.0,8.59296561863623e-06,0.0
2011-10-18,-0.00010050725926424864,1.2670145789712501,1.2156486369907404,0.0,0.0,0.0,8.564270905842458e-06,0.0
2011-10-19,-0.002083079215278172,1.2643752872363407,1.2161073632329544,0.0,0.0,0.0,8.588709882655207e-06,0.0
2011-10-20,-0.004098179520803935,1.2591936503275782,1.2170052654567733,0.0,0.0,0.0,8.613660256204079e-06,0.0
2011-10-21,-0.0011541475079629437,1.2577403551140098,1.2172646322106657,0.0,0.0,0.0,8.600764411021063e-06,0.0
2011-10-24,0.0029131779939193247,1.2614043766385923,1.2166421367178128,0.0,0.0,0.0,8.59354653757776e-06,0.0
2011-10-25,0.016455167040293706,1.282160996361538,1.2131434229990112,0.0,0.0,0.0,8.60211338688802e-06,0.0
2011-10-26,-0.00453043229649619,1.2763522527743139,1.2141219460511312,0.0,0.0,0.0,8.471732110069141e-06,0.0
2011-10-27,-0.010909710678071338,1.2624276189732415,1.2164923114355408,0.0,0.0,0.0,8.555025937547402e-06,0.0
2011-10-28,0.005857935269463654,1.2698228382475698,1.2152400401775236,0.0,0.0,0.0,8.55709104298992e-06,0.0
2011-10-31,0.013562071986690905,1.2870442669902276,1.2123684255736296,0.0,0.0,0.0,8.488793584555448e-06,0.0
2011-11-01,0.015965053910476534,1.3075919980978963,1.2090395255965356,0.0,0.0,0.0,8.362275906739733e-06,0.0
2011-11-02,-0.0015235452171372676,1.3055998225632273,1.145410827317211,0.06435971561435713,3.217985780717856e-05,0.0,8.356142635795405e-06,0.0
2011-11-03,-0.004595716790237514,1.2995996555373424,1.146087976554841,0.0,0.0,0.0,5.789045650780177e-06,0.0
2011-11-04,0.0029464034037676168,1.3034288003859529,1.1456645870616409,0.0,0.0,0.0,5.799061949197928e-06,0.0
2011-11-07,0.0073165777386134945,1.3129654385307246,1.1446123002655448,0.0,0.0,0.0,5.765665659075445e-06,0.0
2011-11-08,-0.007884222290201026,1.302613727153997,1.1457673006498548,0.0,0.0,0.0,5.750474155988185e-06,0.0
2011-11-09,0.005241913972827916,1.3094419162515631,1.145012939711632,0.0,0.0,0.0,5.728193388787953e-06,0.0
2011-11-10,-0.004195604274716769,1.3039480161502448,1.1456296987800938,0.0,0.0,0.0,5.7741849429185966e-06,0.0
2011-11-11,-0.0015704898374939713,1.3019001790422604,1.1458645565400916,0.0,0.0,0.0,5.78741070278389e-06,0.0
2011-11-14,0.004802140981303271,1.3081520872456054,1.1451732026304062,0.0,0.0,0.0,5.77029425609958e-06,0.0
2011-11-15,-0.0022722812876468934,1.305179597736361,1.1455096022180735,0.0,0.0,0.0,5.756522714702043e-06,0.0
2011-11-16,-6.00133642936207e-05,1.3051012695176933,1.1455241098000528,0.0,0.0,0.0,5.773494812029804e-06,0.0
2011-11-17,-0.0020063101304781394,1.3024828316193602,1.1458224496242468,0.0,0.0,0.0,5.798144408181702e-06,0.0
2011-11-18,-0.0009985030485056834,1.301182298541362,1.1459739917051106,0.0,0.0,0.0,5.787370125533225e-06,0.0
2011-11-21,-0.0024791908934325146,1.2979564192361226,1.146342595554048,0.0,0.0,0.0,5.779605745008874e-06,0.0
2011-11-22,0.005933598836028953,1.3056579719345185,1.1454851522697362,0.0,0.0,0.0,5.798634585035804e-06,0.0
2011-11-23,0.004281119419920598,1.3112476496339414,1.1448707166516294,0.0,0.0,0.0,5.785620516216844e-06,0.0
2011-11-25,-0.007499886822362023,1.3014134406655986,1.1459712332180476,0.0,0.0,0.0,5.775782837162226e-06,0.0
2011-11-28,0.004293271560738887,1.3070007619791717,1.1453529858867262,0.0,0.0,0.0,5.812189972659962e-06,0.0
2011-11-29,-0.0019173670721200908,1.304494761754917,1.1456379953591078,0.0,0.0,0.0,5.7841878396478905e-06,0.0
2011-11-30,-0.0030763313633186407,1.3004817036060454,1.1460932057554714,0.0,0.0,0.0,5.785749658852131e-06,0.0
2011-12-01,-0.0014677355452127339,1.298572940383764,1.146313753000939,0.0,0.0,0.0,5.8125431618704865e-06,0.0
2011-12-02,0.006218839717019309,1.306648557360869,1.1563204817353903,0.12234681050510478,6.117340525255239e-05,0.0,5.81484141070843e-06,0.0
2011-12-05,-0.002540168913302776,1.303329449314849,1.1567247923746438,0.0,0.0,0.0,6.238373223859291e-06,0.0
2011-12-06,-0.0028880115948528573,1.2995654187533145,1.1571849636098783,0.0,0.0,0.0,6.244542003763818e-06,0.0
2011-12-07,0.002336045417406174,1.3026012625944128,1.1568248511336081,0.0,0.0,0.0,6.228428524591919e-06,0.0
2011-12-08,0.0012099788201951345,1.3041773825333114,1.1566415413945363,0.0,0.0,0.0,6.230777888358795e-06,0.0
2011-12-09,-0.007843325127560252,1.293948295298092,1.1578861094180097,0.0,0.0,0.0,6.220781676147776e-06,0.0
2011-12-12,0.0017164276837138281,1.2961692639734361,1.1576218282702113,0.0,0.0,0.0,6.255532714208005e-06,0.0
2011-12-13,0.0016675569807322876,1.2983307000777857,1.1573656668883194,0.0,0.0,0.0,6.269852090225853e-06,0.0
2011-12-14,0.000875915731235466,1.2994679283623298,1.1572341876591816,0.0,0.0,0.0,6.243433977358781e-06,0.0
2011-12-15,-0.002548363396080333,1.296156411859311,1.1576421566126636,0.0,0.0,0.0,6.246763612567507e-06,0.0
2011-12-16,0.006942183321239304,1.3051545672834381,1.1565615333879655,0.0,0.0,0.0,6.239094588806985e-06,0.0
2011-12-19,0.004851024012917815,1.3114859034298996,1.1558118988842412,0.0,0.0,0.0,6.213610247565659e-06,0.0
2011-12-20,-0.005173799867773332,1.3047005378361474,1.1566284461299785,0.0,0.0,0.0,6.201886902708717e-06,0.0
2011-12-21,-0.005038592800802433,1.298126683099003,1.157427876509735,0.0,0.0,0.0,6.212489590244887e-06,0.0
2011-12-22,-7.643000431123426e-05,1.2980274672710173,1.1574461572581698,0.0,0.0,0.0,6.227764241390638e-06,0.0
2011-12-23,-0.003549059131090715,1.2934206910358925,1.1580132033236417,0.0,0.0,0.0,6.268161496314982e-06,0.0
2011-12-27,-0.0016139765739792145,1.2913331403402606,1.158274925711199,0.0,0.0,0.0,6.267752111837689e-06,0.0
2011-12-28,0.003279353469137991,1.2955678781538482,1.1577638430561885,0.0,0.0,0.0,6.276998414370987e-06,0.0
2011-12-29,-0.00023422023394581437,1.2952644299423344,1.1578070651338652,0.0,0.0,0.0,6.272187005388182e-06,0.0
2011-12-30,0.002964662300260157,1.2991044515666523,1.1573468470534654,0.0,0.0,0.0,6.246625179068586e-06,0.0
2012-01-03,-0.0017239165607915163,1.2968649038883986,1.1576248230187614,0.0,0.0,0.0,6.266151467305702e-06,0.0
2012-01-04,-0.005025047574614749,1.2903480960485112,1.2900652181674355,0.37996669795661187,0.00018998334897830593,0.0,6.26156785823519e-06,0.0
2012-01-05,0.0018798863494342566,1.2927738038202912,1.2895324406091466,0.0,0.0,0.0,1.1487505205683937e-05,0.0
2012-01-06,0.004555901291426689,1.2986635536626385,1.2882307790133745,0.0,0.0,0.0,1.1461072380595772e-05,0.0
2012-01-09,-0.00015481908761172392,1.298462495756146,1.2882868490496406,0.0,0.0,0.0,1.1443277921473011e-05,0.0
2012-01-10,-0.0014386560965814477,1.296594454770444,1.2887136486547717,0.0,0.0,0.0,1.1456846129167518e-05,0.0
2012-01-11,0.007294318804648148,1.3060522280838784,1.286634303555112,0.0,0.0,0.0,1.1432593654335358e-05,0.0
2012-01-12,-0.002957941880206927,1.3021890015006916,1.2874960746117263,0.0,0.0,0.0,1.1377784908155647e-05,0.0
2012-01-13,0.0056209499915405026,1.309508540757661,1.2859004510482148,0.0,0.0,0.0,1.1346564707701608e-05,0.0
2012-01-17,0.002817461944123023,1.3131980312367497,1.285108513916304,0.0,0.0,0.0,1.1326973895056012e-05,0.0
2012-01-18,-0.0032125669891299724,1.308979294591408,1.2860387463804552,0.0,0.0,0.0,1.128253555910098e-05,0.0
2012-01-19,-0.006687743657560197,1.3002251766161268,1.2879760068376171,0.0,0.0,0.0,1.1379154005058173e-05,0.0
2012-01-20,-0.003913804885231298,1.295136348967986,1.289118989771517,0.0,0.0,0.0,1.1446328769840035e-05,0.0
2012-01-23,-0.0025946264896637983,1.291775953889227,1.2898825998196863,0.0,0.0,0.0,1.1521407928688149e-05,0.0
2012-01-24,0.0019007230313732304,1.2942312621961585,1.2893441400265158,0.0,0.0,0.0,1.1495052582497005e-05,0.0
2012-01-25,0.007418086884786845,1.3038319821481368,1.2872249622116685,0.0,0.0,0.0,1.1487078915677041e-05,0.0
2012-01-26,0.008090654322365332,1.3143808360101419,1.2849310811443921,0.0,0.0,0.0,1.133053860425788e-05,0.0
2012-01-27,0.0030918228216978427,1.3184446686753204,1.28406411202893,0.0,0.0,0.0,1.128433521237855e-05,0.0
2012-01-30,0.004353033300944276,1.3241839022235165,1.2828441543912852,0.0,0.0,0.0,1.1206939195381949e-05,0.0
2012-01-31,0.006860199628076824,1.3332680681370555,1.2809281551402565,0.0,0.0,0.0,1.12212267604447e-05,0.0
2012-02-01,-0.002713266392283753,1.329650556695874,1.281703640102194,0.0,0.0,0.0,1.1170318064884358e-05,0.0
2012-02-02,0.001965117706247632,1.332263476547959,1.16526955680554,0.8802930872572746,0.0004401465436286373,0.0,1.1179692672886497e-05,0.0
2012-02-03,-0.011167032690789558,1.317386046752603,1.1671426020220905,0.0,0.0,0.0,6.619613053475322e-06,0.0
2012-02-06,0.0026133422899776715,1.3208288274208082,1.1667135550812215,0.0,0.0,0.0,6.639004061273826e-06,0.0
2012-02-07,-0.003488421183100665,1.3162212201599834,1.1673037968072824,0.0,0.0,0.0,6.644158683373901e-06,0.0
2012-02-08,-0.0008313479641816057,1.3151269823281908,1.167449644768119,0.0,0.0,0.0,6.642012715873671e-06,0.0
2012-02-09,-0.005067951461767195,1.3084619826156911,1.1683092728205122,0.0,0.0,0.0,6.641954507539613e-06,0.0
2012-02-10,0.0030534050021069348,1.3124572469784765,1.1678035794709816,0.0,0.0,0.0,6.668512215816785e-06,0.0
2012-02-13,0.00242624165303984,1.3156415854189298,1.1674040756020685,0.0,0.0,0.0,6.662119345306932e-06,0.0
2012-02-14,-0.0001357509989682315,1.315462985759425,1.1674334478787518,0.0,0.0,0.0,6.633462357379925e-06,0.0
2012-02-15,9.975053801292155e-05,1.3155942038999906,1.1674233914898144,0.0,0.0,0.0,6.629169256533769e-06,0.0
2012-02-16,-0.00243291720938299,1.3123934721207577,1.1678383721391632,0.0,0.0,0.0,6.666902862429262e-06,0.0
2012-02-17,-0.0013080853864955166,1.3106767493985445,1.1680648755997811,0.0,0.0,0.0,6.674475528423674e-06,0.0
2012-02-21,-0.0026955202573015757,1.3071437936697665,1.1685258095744624,0.0,0.0,0.0,6.664369304498647e-06,0.0
2012-02-22,0.00602017405552413,1.3150130268232565,1.1675239736268817,0.0,0.0,0.0,6.680233357993053e-06,0.0
2012-02-23,0.0031671776005677277,1.3191779066262659,1.1670016973684507,0.0,0.0,0.0,6.6628614335931555e-06,0.0
2012-02-24,0.0011877951035021983,1.320744819684405,1.1668101880952997,0.0,0.0,0.0,6.617953655187873e-06,0.0
2012-02-27,0.002852088838546152,1.3245117012431946,1.1663423842895986,0.0,0.0,0.0,6.598779574871499e-06,0.0
2012-02-28,0.000663018240238511,1.325389876660528,1.166238765843875,0.0,0.0,0.0,6.576571297881032e-06,0.0
2012-02-29,-0.016429456316889635,1.3036144415790862,1.1690223072335713,0.0,0.0,0.0,6.5943718100584266e-06,0.0
2012-03-01,0.00024675900664883343,1.3039361201837434,1.168987315325919,0.0,0.0,0.0,6.7192936457311604e-06,0.0
2012-03-02,0.0008936935802164037,1.305101439523364,0.8512721787316185,1.227708165193459,0.0006138540825967293,0.0,6.700562591316741e-06,0.0
2012-03-05,-0.002993675025511844,1.3011943899381033,0.850825599053058,0.0,0.0,0.0,0.0,0.0
2012-03-06,-0.005576311776998244,1.2939385243373274,0.8499890914570719,0.0,0.0,0.0,0.0,0.0
2012-03-07,0.003041009360503333,1.297873403501753,0.8504438929784448,0.0,0.0,0.0,0.0,0.0
2012-03-08,0.0015953030592392725,1.2999439049128645,0.8506821002806663,0.0,0.0,0.0,0.0,0.0
2012-03-09,0.0031693820064153666,1.3040639237344447,0.8511538505883358,0.0,0.0,0.0,0.0,0.0
2012-03-12,0.0014788187611372017,1.3059923979305854,0.8513736420348941,0.0,0.0,0.0,0.0,0.0
2012-03-13,0.00858548578948537,1.3172049771041945,0.8526388094423485,0.0,0.0,0.0,0.0,0.0
2012-03-14,-0.005011283506927922,1.3106040895271889,0.8518966214239702,0.0,0.0,0.0,0.0,0.0
2012-03-15,0.002023282701911544,1.3132558121105837,0.8521956713653642,0.0,0.0,0.0,0.0,0.0
2012-03-16,0.0016530748511105475,1.3154267222666585,0.852439599752034,0.0,0.0,0.0,0.0,0.0
2012-03-19,0.0015509871634040717,1.3174669322272927,0.8526681096227691,0.0,0.0,0.0,0.0,0.0
2012-03-20,0.0002317837859320271,1.3177722997006847,0.8527022508527257,0.0,0.0,0.0,0.0,0.0
2012-03-21,0.001571246302982443,1.319842844554762,0.8529333288161153,0.0,0.0,0.0,0.0,0.0
2012-03-22,-0.0041821867966135295,1.3143230152366603,0.8523156854256355,0.0,0.0,0.0,0.0,0.0
2012-03-23,0.0036700282472881263,1.3191466178286397,0.8528557091295572,0.0,0.0,0.0,0.0,0.0
2012-03-26,0.008518598323763005,1.3303838979960725,0.8540985846815239,0.0,0.0,0.0,0.0,0.0
2012-03-27,0.0010587371354375819,1.331792424833269,0.8542528925565568,0.0,0.0,0.0,0.0,0.0
2012-03-28,-0.00265249618302843,1.3282598505098127,0.8538652707450001,0.0,0.0,0.0,0.0,0.0
2012-03-29,0.00028635778928221,1.328640208064197,0.8539071055832751,0.0,0.0,0.0,0.0,0.0
2012-03-30,-0.001258274877050769,1.3269684134697504,0.8537230489707033,0.0,0.0,0.0,0.0,0.0
2012-04-02,0.0065563487881827864,1.3356684812193595,0.8546758448194152,0.0,0.0,0.0,0.0,0.0
2012-04-03,-0.0011656293913108184,1.3341115867806028,0.5439646651478827,0.5127496477696002,0.0002563748238848001,0.0,0.0,0.0
2012-04-04,-0.0066988474011783206,1.3251745768446157,0.5408891516344564,0.0,0.0,0.0,0.0,0.0
2012-04-05,-6.027025898724947e-05,1.325094708229666,0.5408614792368989,0.0,0.0,0.0,0.0,0.0
2012-04-09,-0.005959211249781049,1.3171981889373585,0.5381089730328232,0.0,0.0,0.0,0.0,0.0
2012-04-10,-0.01018104073092263,1.3037877405250897,0.5333580725628292,0.0,0.0,0.0,0.0,0.0
2012-04-11,0.0049980311480173345,1.3103041122626373,0.535678764560243,0.0,0.0,0.0,0.0,0.0
2012-04-12,0.0069685981808191855,1.3194350951156706,0.5388920406469518,0.0,0.0,0.0,0.0,0.0
2012-04-13,-0.006063001766097309,1.3114353578037334,0.5360792885541263,0.0,0.0,0.0,0.0,0.0
2012-04-16,8.781509055943992e-05,1.3115505216184418,0.5361200242162084,0.0,0.0,0.0,0.0,0.0
2012-04-17,0.007925436702192146,1.321945132259256,0.5397675672304199,0.0,0.0,0.0,0.0,0.0
2012-04-18,-0.002539213349098679,1.3185884315326473,0.5385959639427352,0.0,0.0,0.0,0.0,0.0
2012-04-19,-0.003304305163546517,1.3142314129697412,0.5370662896933893,0.0,0.0,0.0,0.0,0.0
2012-04-20,0.0019762802798362067,1.3168287025943346,0.5379793719494831,0.0,0.0,0.0,0.0,0.0
2012-04-23,-0.005409499667857309,1.3097053181650256,0.5354664780166053,0.0,0.0,0.0,0.0,0.0
2012-04-24,0.0024795486055726457,1.3129527961603926,0.5366154625004064,0.0,0.0,0.0,0.0,0.0
2012-04-25,0.009129782913873674,1.3249397701655006,0.540807787714316,0.0,0.0,0.0,0.0,0.0
2012-04-26,0.0033112070512166802,1.32932692007491,0.5423232501954468,0.0,0.0,0.0,0.0,0.0
2012-04-27,0.002831248850344359,1.3330905753891038,0.5436153886017828,0.0,0.0,0.0,0.0,0.0
2012-04-30,-0.003116115380401352,1.3289365113436657,0.54218879606789,0.0,0.0,0.0,0.0,0.0
2012-05-01,0.002772404857494637,1.332620861383017,0.5434545249605566,0.0,0.0,0.0,0.0,0.0
2012-05-02,0.0002936495071699241,1.3330121848422065,1.0440565339360766,0.6988406322709754,0.00034942031613548766,0.0,0.0,0.0
2012-05-03,-0.0059947664716597515,1.3250210880902005,1.0443239942055866,0.0,0.0,0.0,1.7486288943135295e-06,0.0
2012-05-04,-0.011717031039622294,1.3094957748728935,1.044851276897824,0.0,0.0,0.0,1.7667349893676597e-06,0.0
2012-05-07,0.0022720288646909115,1.3124709870715954,1.0447513802826622,0.0,0.0,0.0,1.7852191111157297e-06,0.0
2012-05-08,-0.0013658839066769124,1.310678304072374,1.0448143673542434,0.0,0.0,0.0,1.7826041312046175e-06,0.0
2012-05-09,-0.0032315780791829507,1.306442744796073,1.0449614421128945,0.0,0.0,0.0,1.7905981175359183e-06,0.0
2012-05-10,-0.00039371644785912707,1.3059283767992604,1.0449809360314612,0.0,0.0,0.0,1.7785728934971584e-06,0.0
2012-05-11,0.0015474000252884146,1.3079491704025445,1.0449132222679671,0.0,0.0,0.0,1.7887769404361166e-06,0.0
2012-05-14,-0.005562491634124478,1.3006737140843203,1.0451662413785048,0.0,0.0,0.0,1.7913290754488097e-06,0.0
2012-05-15,-0.002888818313498076,1.296916304039188,1.0452988939641352,0.0,0.0,0.0,1.7914847828515588e-06,0.0
2012-05-16,-0.004908006882607174,1.2905510298927982,1.0455241242544582,0.0,0.0,0.0,1.7939631413610875e-06,0.0
2012-05-17,-0.012639321129562675,1.2742393409918953,1.0461087136054559,0.0,0.0,0.0,1.8063194401138605e-06,0.0
2012-05-18,-0.0086881211932478,1.2631685951681535,1.0465146683925715,0.0,0.0,0.0,1.828109658728684e-06,0.0
2012-05-21,0.016811653271483484,1.2844045476135473,1.0457474243760718,0.0,0.0,0.0,1.8433280163368908e-06,0.0
2012-05-22,-0.002092490718865525,1.2817169430183972,1.0458451703435037,0.0,0.0,0.0,1.815352211172511e-06,0.0
2012-05-23,0.0027229877480983156,1.2852070425507662,1.045722487822143,0.0,0.0,0.0,1.8265487821076648e-06,0.0
2012-05-24,-0.0008994442066029285,1.2840510705220587,1.0457654656895572,0.0,0.0,0.0,1.811213993894372e-06,0.0
2012-05-25,-0.0013444789989462969,1.2823246908241672,1.045828897770062,0.0,0.0,0.0,1.8147005481970136e-06,0.0
2012-05-29,0.009518320359951149,1.294530268036907,1.0453985979776725,0.0,0.0,0.0,1.8074073578836753e-06,0.0
2012-05-30,-0.0060649087292312664,1.2866790601140359,1.045677428946887,0.0,0.0,0.0,1.804957984094223e-06,0.0
2012-05-31,0.00307841590322,1.2906399933950312,1.0455390533970788,0.0,0.0,0.0,1.8092596242257218e-06,0.0
2012-06-01,-0.013874987475343659,1.2727323796514975,1.046181630040779,0.0,0.0,0.0,1.8245943566629415e-06,0.0
2012-06-04,-0.00440359565644266,1.2671277808726502,1.4868449395178522,2.228609014593881,0.0011143045072969403,0.0,1.8345667213014574e-06,0.0
2012-06-05,-0.004697968479085213,1.2611748544991372,1.489162327959393,0.0,0.0,0.0,1.9362335180787417e-05,0.0
2012-06-06,-0.009231109922939407,1.2495328107852086,1.493739502786402,0.0,0.0,0.0,1.938447170389579e-05,0.0
2012-06-07,0.0019949941427692686,1.2520256214239232,1.49277601036943,0.0,0.0,0.0,1.9601758053122282e-05,0.0
2012-06-08,0.002297333432782045,1.25490194174272,1.491666044132068,0.0,0.0,0.0,1.9411172138187013e-05,0.0
2012-06-11,0.0015654307679235924,1.2568664038530513,1.4909170580222482,0.0,0.0,0.0,1.955605843880615e-05,0.0
2012-06-12,-0.005854045181868606,1.2495086511373228,1.4938274269271614,0.0,0.0,0.0,1.9544418314502057e-05,0.0
2012-06-13,0.006265136013008155,1.2573369927861284,1.4907722682416802,0.0,0.0,0.0,1.9562242712676394e-05,0.0
2012-06-14,-0.002452598121505778,1.2542532504395214,1.4919984177267904,0.0,0.0,0.0,1.9480347897314872e-05,0.0
2012-06-15,0.007652500642195914,1.2638514242439862,1.488281367991399,0.0,0.0,0.0,1.9417722733549576e-05,0.0
2012-06-18,0.0002290106449376328,1.2641408596737576,1.4881889437712963,0.0,0.0,0.0,1.9352991054989865e-05,0.0
2012-06-19,-0.004241268392168318,1.2587792990023747,1.4902877583208634,0.0,0.0,0.0,1.9421263545132477e-05,0.0
2012-06-20,-0.0005417310184802071,1.2580973792106844,1.490572972780472,0.0,0.0,0.0,1.951366820001442e-05,0.0
2012-06-21,0.00016048831479653636,1.258299289138924,1.4905137182419064,0.0,0.0,0.0,1.9456615503050364e-05,0.0
2012-06-22,-0.006451800369716376,1.2501809933200436,1.4937185566382496,0.0,0.0,0.0,1.953492540358968e-05,0.0
2012-06-25,0.007737713508176869,1.2598545356797222,1.4899470785167348,0.0,0.0,0.0,1.948348633199953e-05,0.0
2012-06-26,-0.0013235919314474875,1.258187002381499,1.4906158961026417,0.0,0.0,0.0,1.9502995064701742e-05,0.0
2012-06-27,0.0018750493023496073,1.2605461650425398,1.4897171212408762,0.0,0.0,0.0,1.9430506747827018e-05,0.0
2012-06-28,0.002495230921256031,1.2636915188112248,1.4885175902631709,0.0,0.0,0.0,1.9358515301640066e-05,0.0
2012-06-29,-0.0050026481879136275,1.257369714724562,1.4909932423358816,0.0,0.0,0.0,1.9512902209095737e-05,0.0
2012-07-02,0.006788147631395569,1.265904925975358,1.4877021321217159,0.0,0.0,0.0,1.942047860061525e-05,0.0
2012-07-03,-0.0013054202547301275,1.2642523880444272,1.251589331798235,1.6779819379073577,0.0008389909689536789,0.0,1.935731461260452e-05,0.0
2012-07-05,0.0015102119125578461,1.2661616770613315,1.2512199201857415,0.0,0.0,0.0,9.980995832659792e-06,0.0
2012-07-06,0.0021936085151057494,1.2689391400976338,1.250679995457591,0.0,0.0,0.0,9.965683504799126e-06,0.0
2012-07-09,0.0037920638262187722,1.2737510383084711,1.249742902051733,0.0,0.0,0.0,9.93820151448924e-06,0.0
2012-07-10,-0.0038530676223658133,1.26884318942381,1.2507188491643861,0.0,0.0,0.0,9.898008033288e-06,0.0
2012-07-11,-0.0010729329131163867,1.2674818058042936,1.250998102450316,0.0,0.0,0.0,9.943143498501218e-06,0.0
2012-07-12,0.001897500483439174,1.2698868531435576,1.250532676817099,0.0,0.0,0.0,9.97120394725306e-06,0.0
2012-07-13,0.004940700849413782,1.2761609841975434,1.249310848270172,0.0,0.0,0.0,9.936929575519127e-06,0.0
2012-07-16,0.0023012124790098287,1.2790977017796041,1.248748318822395,0.0,0.0,0.0,9.85889673914077e-06,0.0
2012-07-17,-0.0002597594942302939,1.2787654440075187,1.2488228238783112,0.0,0.0,0.0,9.863233159343194e-06,0.0
2012-07-18,0.0022307962465140108,1.2816181091601824,1.2482788382993266,0.0,0.0,0.0,9.861540267082188e-06,0.0
2012-07-19,-0.0014832042906173237,1.2797172076817431,1.2486575005058242,0.0,0.0,0.0,9.848287664297311e-06,0.0
2012-07-20,0.0013667400992829482,1.2814662485052242,1.2483279680752137,0.0,0.0,0.0,9.846382720386467e-06,0.0
2012-07-23,-0.0018769432965106692,1.2790610090203876,1.2488048148891069,0.0,0.0,0.0,9.881081243478908e-06,0.0
2012-07-24,0.0008200256695840569,1.2801098718807484,1.2486108208412208,0.0,0.0,0.0,9.883997884056736e-06,0.0
2012-07-25,-0.0005101841755544845,1.2794567800811438,1.2487475934358625,0.0,0.0,0.0,9.878205584301237e-06,0.0
2012-07-26,0.0005486003956634011,1.2801586905769307,1.2486210707543237,0.0,0.0,0.0,9.835655310992456e-06,0.0
2012-07-27,-0.0019085666431181147,1.2777154224021978,1.2491063727835126,0.0,0.0,0.0,9.87601330182904e-06,0.0
2012-07-30,0.004706003082665999,1.2837283551187926,1.2479494072820212,0.0,0.0,0.0,9.876943172666292e-06,0.0
2012-07-31,0.0010337189065199315,1.2850553693903146,1.2477031910723981,0.0,0.0,0.0,9.817680622225302e-06,0.0
2012-08-01,-0.0050679776328506065,1.27854273752127,1.2489748193798675,0.0,0.0,0.0,9.833713661329447e-06,0.0
2012-08-02,0.0016974300274017473,1.280712974355255,1.169014757769001,1.0795556673785967,0.0005397778336892983,0.0,9.864158792114908e-06,0.0
2012-08-03,-8.261275721488381e-05,1.2806071711252427,1.1690354291867053,0.0,0.0,0.0,6.703343014396306e-06,0.0
2012-08-06,0.002038707485945368,1.283217954551571,1.1686982106369406,0.0,0.0,0.0,6.687282446929897e-06,0.0
2012-08-07,-0.006789520519589365,1.2745055199180375,1.1698581604763525,0.0,0.0,0.0,6.717573113259631e-06,0.0
2012-08-08,-0.0043220759932323105,1.2689970102071577,1.170602256798044,0.0,0.0,0.0,6.7386842678669375e-06,0.0
2012-08-09,-0.0005953933131755962,1.2682414578728405,1.1707106667183214,0.0,0.0,0.0,6.7785623488526335e-06,0.0
2012-08-10,0.0031112933941432885,1.272187329142899,1.170187936349002,0.0,0.0,0.0,6.754144222501813e-06,0.0
2012-08-13,-0.0011490262578291999,1.2707255524968362,1.1703904729660617,0.0,0.0,0.0,6.7500837162865e-06,0.0
2012-08-14,-0.006081477675746738,1.2629976634173257,1.1714398420650185,0.0,0.0,0.0,6.7806426646432e-06,0.0
2012-08-15,-0.004424888740569011,1.2574090392771053,1.1722086493468782,0.0,0.0,0.0,6.821955831655099e-06,0.0
2012-08-16,0.0004712982276990907,1.2580016539288095,1.1721343564063391,0.0,0.0,0.0,6.822247733110253e-06,0.0
2012-08-17,0.002867294254258246,1.2616087148429669,1.171649018889158,0.0,0.0,0.0,6.8178925228128325e-06,0.0
2012-08-20,0.0015769789699937586,1.263598245254635,1.171385558935959,0.0,0.0,0.0,6.818468117370504e-06,0.0
2012-08-21,0.0015676289636725738,1.265579098462342,1.1711241008533222,0.0,0.0,0.0,6.798159461203608e-06,0.0
2012-08-22,0.007694409092347421,1.2753169817846355,1.1698241946647163,0.0,0.0,0.0,6.767977435462993e-06,0.0
2012-08-23,-0.0009180833844130154,1.2741461344537992,1.1699869959566143,0.0,0.0,0.0,6.7383319292566345e-06,0.0
2012-08-24,0.002271842963511128,1.277040794383843,1.1696084177818367,0.0,0.0,0.0,6.737425464828493e-06,0.0
2012-08-27,0.0030719104068341885,1.2809637492900625,1.1690957014296333,0.0,0.0,0.0,6.704831774485292e-06,0.0
2012-08-28,0.0020405963350433876,1.2835776792221871,1.1687580445293397,0.0,0.0,0.0,6.707628901510755e-06,0.0
2012-08-29,-0.002211291310800334,1.280739315053386,1.1691387563393514,0.0,0.0,0.0,6.697667278743606e-06,0.0
2012-08-30,-0.0010896525756346476,1.2793437541600214,1.1693299790425575,0.0,0.0,0.0,6.7062125612890004e-06,0.0
2012-08-31,0.009062523745243967,1.2909378373104263,1.1678158632407227,0.0,0.0,0.0,6.704169566845115e-06,0.0
2012-09-04,-0.00014756682377981,1.2907473377140772,1.167847291292031,0.0,0.0,0.0,6.665709177411161e-06,0.0
2012-09-05,-0.0027143491990681,1.2872437987117538,0.8106826249319311,1.1779204460415689,0.0005889602230207845,0.0,6.666316333096509e-06,0.0
2012-09-06,0.013796577498604856,1.3050033575402789,0.8132590114525915,0.0,0.0,0.0,0.0,0.0
2012-09-07,0.0020639037614944566,1.3076967588786692,0.8136436330592989,0.0,0.0,0.0,0.0,0.0
2012-09-10,-0.006257636112692366,1.2995136684158592,0.8124701394315978,0.0,0.0,0.0,0.0,0.0
2012-09-11,0.0013824267668345325,1.3013101508949447,0.8127290278361683,0.0,0.0,0.0,0.0,0.0
2012-09-12,0.002647188762484154,1.3047549645029004,0.8132234605923838,0.0,0.0,0.0,0.0,0.0
2012-09-13,0.011021065532807794,1.3191347544709433,0.8152594977739805,0.0,0.0,0.0,0.0,0.0
2012-09-14,0.005564992231716026,1.3264757291321607,0.816281887642078,0.0,0.0,0.0,0.0,0.0
2012-09-17,-0.002160975508175733,1.3236092475693166,0.8158840175132603,0.0,0.0,0.0,0.0,0.0
2012-09-18,-0.0028158276845092756,1.3198821920065384,0.8153641146758106,0.0,0.0,0.0,0.0,0.0
2012-09-19,-0.001144198556686904,1.3183719847074478,0.8151526125618966,0.0,0.0,0.0,0.0,0.0
2012-09-20,-0.004386460142543069,1.312588998543483,0.8143382145399829,0.0,0.0,0.0,0.0,0.0
2012-09-21,0.0006288133743088675,1.3134143720607379,0.8144548877880794,0.0,0.0,0.0,0.0,0.0
2012-09-24,-0.002858813839412222,1.3096595648770077,0.8139229280796763,0.0,0.0,0.0,0.0,0.0
2012-09-25,-0.010896499991237651,1.295388859439801,0.8118730022503455,0.0,0.0,0.0,0.0,0.0
2012-09-26,-0.003909374628512596,1.2903246990986492,0.8111346568697066,0.0,0.0,0.0,0.0,0.0
2012-09-27,0.007527614439098551,1.3000377659347098,0.8125457402619811,0.0,0.0,0.0,0.0,0.0
2012-09-28,-0.0041691242026133946,1.2946177470204399,0.8117609482755598,0.0,0.0,0.0,0.0,0.0
2012-10-01,-0.0008009850438600585,1.2935807775675607,0.811610050743792,0.0,0.0,0.0,0.0,0.0
2012-10-02,0.0029636850335068576,1.2974145435576698,0.811306483798328,0.041068877837614155,2.053443891880708e-05,0.0,0.0,0.0
2012-10-03,0.002007859230175546,1.300019569324316,0.8116845946231981,0.0,0.0,0.0,0.0,0.0
2012-10-04,0.003233899680471053,1.30422370219416,0.8122916246781732,0.0,0.0,0.0,0.0,0.0
2012-10-05,-0.0008386658908424716,1.3031298942611016,0.8121340679288938,0.0,0.0,0.0,0.0,0.0
2012-10-08,-0.003974727408271206,1.2979503081538444,0.8113843722235424,0.0,0.0,0.0,0.0,0.0
2012-10-09,-0.007866008604202945,1.2877406198620784,0.8098889571245299,0.0,0.0,0.0,0.0,0.0
2012-10-10,-0.001508424274330733,1.2857981606520368,0.8096017557911754,0.0,0.0,0.0,0.0,0.0
2012-10-11,-1.1441513404486514e-06,1.2857966895043478,0.8096015379465199,0.0,0.0,0.0,0.0,0.0
2012-10-12,-0.003054570117289268,1.2818691333596783,0.8090181705573591,0.0,0.0,0.0,0.0,0.0
2012-10-15,0.005842126093662969,1.28935797447234,0.8101274300527189,0.0,0.0,0.0,0.0,0.0
2012-10-16,0.00743409671168882,1.2989431863505547,0.8115285450760166,0.0,0.0,0.0,0.0,0.0
2012-10-17,0.0017133306743182253,1.3011687055559258,0.8118509066889316,0.0,0.0,0.0,0.0,0.0
2012-10-18,-0.0009766965807425088,1.29989785853024,0.8116669624551207,0.0,0.0,0.0,0.0,0.0
2012-10-19,-0.013290627561629242,1.2826214002243552,0.8091301828019856,0.0,0.0,0.0,0.0,0.0
2012-10-22,-0.00040142980065049905,1.282106517771353,0.80905353119908,0.0,0.0,0.0,0.0,0.0
2012-10-23,-0.008014431864986848,1.271831162441019,0.8075108399410388,0.0,0.0,0.0,0.0,0.0
2012-10-24,-0.0018627918710888425,1.2694620056902264,0.8071516035157154,0.0,0.0,0.0,0.0,0.0
2012-10-25,0.0006018291437943635,1.2702260049221903,0.8072675954937009,0.0,0.0,0.0,0.0,0.0
2012-10-26,-0.002631119946014726,1.2668838879446929,0.8067591556537567,0.0,0.0,0.0,0.0,0.0
2012-10-31,0.0024073727192714944,1.2699337496550156,0.8072232411638883,0.0,0.0,0.0,0.0,0.0
2012-11-01,0.007671480333987679,1.2796760214409613,0.8086908654274737,0.0,0.0,0.0,0.0,0.0
2012-11-02,-0.008705314679267606,1.2685360389868046,1.2763062375053054,1.312589256242427,0.0006562946281212135,0.0,0.0,0.0
2012-11-05,0.0020983921126447314,1.27119792500562,1.27573859434701,0.0,0.0,0.0,1.0974514074250328e-05,0.0
2012-11-06,0.0038384156754600607,1.2760773110475738,1.2746951422148718,0.0,0.0,0.0,1.0921356157393961e-05,0.0
2012-11-07,-0.015377801109579647,1.256454047957837,1.2789963938709916,0.0,0.0,0.0,1.0957329384138126e-05,0.0
2012-11-08,-0.009678980714628804,1.2442928534588358,1.2817343666579937,0.0,0.0,0.0,1.1089343337041047e-05,0.0
2012-11-09,-0.0003786515278846325,1.2438217000687377,1.2818522703859978,0.0,0.0,0.0,1.1221809117980598e-05,0.0
2012-11-12,-0.0005950998573539534,1.243081501952453,1.2820312917814103,0.0,0.0,0.0,1.1167183277571781e-05,0.0
2012-11-13,-0.0033439614519611416,1.238924685328278,1.28298878709472,0.0,0.0,0.0,1.1231268373193815e-05,0.0
2012-11-14,-0.010005435292482212,1.226528704556967,1.2858601722647869,0.0,0.0,0.0,1.1215404589495351e-05,0.0
2012-11-15,-0.0022062451241570136,1.2238226815828996,1.28650361312192,0.0,0.0,0.0,1.1353430808835792e-05,0.0
2012-11-16,0.0036665821017365374,1.2283099279228906,1.2854682893924176,0.0,0.0,0.0,1.1365580359115573e-05,0.0
2012-11-19,0.017647869306494535,1.2499869809987436,1.2805288804797357,0.0,0.0,0.0,1.1232017783272064e-05,0.0
2012-11-20,-0.0007081772377068862,1.2491017686713703,1.2807388254240735,0.0,0.0,0.0,1.1155005647820172e-05,0.0
2012-11-21,0.0026545089500007446,1.2524175204957704,1.2800066856006669,0.0,0.0,0.0,1.1130964232029784e-05,0.0
2012-11-23,0.011363946899689115,1.2666499266949245,1.2768714445828002,0.0,0.0,0.0,1.10502245693482e-05,0.0
2012-11-26,0.0005097991907292432,1.2672956638024908,1.2767413490291106,0.0,0.0,0.0,1.1011470471858398e-05,0.0
2012-11-27,-0.0026268626371958037,1.2639666521729678,1.277481235919836,0.0,0.0,0.0,1.0993419217684009e-05,0.0
2012-11-28,0.006035075081420205,1.271594785819243,1.2758276067636445,0.0,0.0,0.0,1.1044928153050803e-05,0.0
2012-11-29,0.006550285258047683,1.2799240943990051,1.2740434892757286,0.0,0.0,0.0,1.0889033272371175e-05,0.0
2012-11-30,-0.00023209702688575806,1.2796270278220556,1.27411798598693,0.0,0.0,0.0,1.0861395839949037e-05,0.0
2012-12-03,-0.0009690653456382314,1.2783869856140513,1.274394770147561,0.0,0.0,0.0,1.0831092651661676e-05,0.0
2012-12-04,0.0005153495036223088,1.2790458017125248,0.7672971225903867,0.8467123261247882,0.0004233561630623941,0.0,1.0872116973262968e-05,0.0
2012-12-05,0.0022399315170560374,1.2819107767155389,0.7678171961704031,0.0,0.0,0.0,0.0,0.0
2012-12-06,0.002713734294029546,1.285389541952198,0.7684455733589133,0.0,0.0,0.0,0.0,0.0
2012-12-07,0.001404401361946972,1.2871947447755478,0.7687703126467548,0.0,0.0,0.0,0.0,0.0
2012-12-10,0.002107125297284851,1.2899070253847964,0.7692565180747032,0.0,0.0,0.0,0.0,0.0
2012-12-11,0.005484281768757038,1.2969812389675057,0.770515078048367,0.0,0.0,0.0,0.0,0.0
2012-12-12,0.0001009772134021869,1.2971122045188515,0.7705382484566202,0.0,0.0,0.0,0.0,0.0
2012-12-13,-0.003914496179513005,1.2920346637498628,0.7696364913822369,0.0,0.0,0.0,0.0,0.0
2012-12-14,0.0004633512216365432,1.292633329589708,0.7697431811605363,0.0,0.0,0.0,0.0,0.0
2012-12-17,0.006514686272905301,1.301054430197886,0.7712335229880269,0.0,0.0,0.0,0.0,0.0
2012-12-18,0.008228982584569167,1.311760784445561,0.7731006735934769,0.0,0.0,0.0,0.0,0.0
2012-12-19,-0.0006563496673693825,1.310899810691022,0.7729516504847956,0.0,0.0,0.0,0.0,0.0
2012-12-20,0.00451198399846775,1.3168145696604543,0.7739714875163195,0.0,0.0,0.0,0.0,0.0
2012-12-21,-0.00592788270882727,1.3090086473422322,0.7726236270466939,0.0,0.0,0.0,0.0,0.0
2012-12-24,-0.0024841442146159576,1.3057568810840547,0.7720573847176758,0.0,0.0,0.0,0.0,0.0
2012-12-26,-0.0018558500597332106,1.3033335920982978,0.7716335708665273,0.0,0.0,0.0,0.0,0.0
2012-12-27,0.0013790269583831005,1.3051309242575675,0.771948060638818,0.0,0.0,0.0,0.0,0.0
2012-12-28,-0.005056445694608613,1.2985316006147047,0.7707890680085927,0.0,0.0,0.0,0.0,0.0
2012-12-31,0.013314420365180268,1.3158207962027593,0.7738007795163877,0.0,0.0,0.0,0.0,0.0
2013-01-02,0.01767529949344393,1.339078322855345,0.7777294775689212,0.0,0.0,0.0,0.0,0.0
2013-01-03,-0.004118498395234926,1.3335633309315713,0.863099114468392,0.09100442856631069,4.550221428315534e-05,0.0,0.0,0.0
2013-01-04,0.004010472808116727,1.338911550408174,0.863645958643529,0.0,0.0,0.0,0.0,0.0
2013-01-07,-0.003986462242377309,1.3335740300665888,0.8631002128109102,0.0,0.0,0.0,0.0,0.0
2013-01-08,-0.003985168562273933,1.3282595127665024,0.8625524612003238,0.0,0.0,0.0,0.0,0.0
2013-01-09,0.0035996270049039047,1.3330407515781773,0.8630454465095126,0.0,0.0,0.0,0.0,0.0
2013-01-10,0.0069944370965859815,1.3423646212622764,0.8639967129457425,0.0,0.0,0.0,0.0,0.0
2013-01-11,-0.0015891891144446113,1.3402313500185508,0.8637802339764057,0.0,0.0,0.0,0.0,0.0
2013-01-14,0.0011574664564577564,1.3417826228500904,0.8639377214997589,0.0,0.0,0.0,0.0,0.0
2013-01-15,-0.00026077902201526726,1.3414327140899465,0.8639022300564146,0.0,0.0,0.0,0.0,0.0
2013-01-16,-0.0019034359313337967,1.338879382862481,0.8636426826390494,0.0,0.0,0.0,0.0,0.0
2013-01-17,0.006332372109423723,1.3473576653244017,0.8645007145351737,0.0,0.0,0.0,0.0,0.0
2013-01-18,0.0013134805983532338,1.349127393476848,0.864678456756763,0.0,0.0,0.0,0.0,0.0
2013-01-22,0.0024266790730231858,1.3524012926894406,0.8650060437653423,0.0,0.0,0.0,0.0,0.0
2013-01-23,-0.0014976179020139702,1.350375912302802,0.8648035711732429,0.0,0.0,0.0,0.0,0.0
2013-01-24,0.0010236888969084035,1.3517582771308791,0.8649418287236154,0.0,0.0,0.0,0.0,0.0
2013-01-25,0.004437558437751399,1.3577567834793616,0.8655385094455778,0.0,0.0,0.0,0.0,0.0
2013-01-28,-0.0027386045951427462,1.3540384245130388,0.8651692613651859,0.0,0.0,0.0,0.0,0.0
2013-01-29,0.004899844886640858,1.3606730027637044,0.8658266897732243,0.0,0.0,0.0,0.0,0.0
2013-01-30,-0.004068426872341213,1.3551372041547913,0.8652785855503977,0.0,0.0,0.0,0.0,0.0
2013-01-31,0.00039511883182674623,1.3556726443838618,0.8653317954940464,0.0,0.0,0.0,0.0,0.0
2013-02-01,0.00728808828640104,1.3655529063035903,0.8663061679454075,0.0,0.0,0.0,0.0,0.0
2013-02-04,-0.012605829564964699,1.348338979104785,0.978755793000239,0.11342578746056074,5.671289373028036e-05,0.0,0.0,0.0
2013-02-05,0.005938008497317071,1.356345427419973,0.978881196634079,0.0,0.0,0.0,0.0,0.0
2013-02-06,0.0007607336132795517,1.3573772449778294,0.9788972502051806,0.0,0.0,0.0,0.0,0.0
2013-02-07,-0.0054253365243214224,1.3500130166333684,0.978782136153486,0.0,0.0,0.0,0.0,0.0
2013-02-08,0.00643362387375479,1.3586984926070604,0.9789177712834686,0.0,0.0,0.0,0.0,0.0
2013-02-11,-0.0006716799455478428,1.3577858820775301,0.9789036012555087,0.0,0.0,0.0,0.0,0.0
2013-02-12,0.0033545536272086007,1.3623406476332258,0.9789741336517325,0.0,0.0,0.0,0.0,0.0
2013-02-13,0.0029927316706133134,1.3664177676355618,0.9790368706727852,0.0,0.0,0.0,0.0,0.0
2013-02-14,-0.0007688621886208225,1.365367180680167,0.9790207405134207,0.0,0.0,0.0,0.0,0.0
2013-02-15,-0.0017994022813822008,1.3629103358603267,0.978982922335924,0.0,0.0,0.0,0.0,0.0
2013-02-19,0.007401525026725864,1.3729979508203802,0.9791373378519369,0.0,0.0,0.0,0.0,0.0
2013-02-20,-0.011947924972927515,1.356593474315995,0.9788850581104327,0.0,0.0,0.0,0.0,0.0
2013-02-21,-0.010998549072687824,1.3416729144170425,0.9786502417465925,0.0,0.0,0.0,0.0,0.0
2013-02-22,0.009934183020571252,1.3550013387026045,0.978860247912836,0.0,0.0,0.0,0.0,0.0
2013-02-25,-0.019198086784470103,1.3289879054091187,0.978446461204528,0.0,0.0,0.0,0.0,0.0
2013-02-26,0.006079373514617847,1.3370673192825102,0.9785767014383991,0.0,0.0,0.0,0.0,0.0
2013-02-27,0.011490163924971597,1.3524304419597886,0.9788200623934195,0.0,0.0,0.0,0.0,0.0
2013-02-28,-0.001500519292532032,1.3504010939898203,0.978788233728901,0.0,0.0,0.0,0.0,0.0
2013-03-01,0.0018409564081030005,1.35288712353731,0.9788272119088148,0.0,0.0,0.0,0.0,0.0
2013-03-04,0.002824178568124669,1.3567079183566961,1.0888865387421545,0.6253476476224401,0.00031267382381122005,0.0,0.0,0.0
2013-03-05,0.0102503253692936,1.3706146159509491,1.0879881587301266,0.0,0.0,0.0,3.5060798905689515e-06,0.0
2013-03-06,0.0006015549452185187,1.3714391159511632,1.0879387503335873,0.0,0.0,0.0,3.4784623376428627e-06,0.0
2013-03-07,0.0007377524145371073,1.3724508984703467,1.0878774081964568,0.0,0.0,0.0,3.48209612551705e-06,0.0
2013-03-08,0.004429583964945083,1.3785302849628855,1.0874933363156116,0.0,0.0,0.0,3.4700282981910544e-06,0.0
2013-03-11,0.0019927366343308606,1.3812773327632657,1.0873227969369335,0.0,0.0,0.0,3.4767100678095076e-06,0.0
2013-03-12,-0.003582607032434293,1.376328758877166,1.087640242677027,0.0,0.0,0.0,3.466560123749966e-06,0.0
2013-03-13,0.0012061095597846183,1.3779887621506544,1.0875381398770834,0.0,0.0,0.0,3.478474047973447e-06,0.0
2013-03-14,0.008331657266434034,1.3894696922338914,1.0868182735134155,0.0,0.0,0.0,3.4641867878883913e-06,0.0
2013-03-15,0.0007737334978559218,1.3905447714790282,1.0867545937477239,0.0,0.0,0.0,3.4462480249353567e-06,0.0
2013-03-18,-0.007382214275504118,1.380279472016288,1.0874032660285344,0.0,0.0,0.0,3.4804487611870625e-06,0.0
2013-03-19,-0.004001307954294098,1.3747565487857605,1.087757880718277,0.0,0.0,0.0,3.4621638969212538e-06,0.0
2013-03-20,0.006638925975513077,1.3838834557475008,1.0871825645812507,0.0,0.0,0.0,3.461890037349067e-06,0.0
2013-03-21,-0.007648417590039314,1.3732989371819972,1.0878579988708186,0.0,0.0,0.0,3.481960097786636e-06,0.0
2013-03-22,0.006809268852132622,1.3826500988596173,1.0872672590703465,0.0,0.0,0.0,3.471720960527842e-06,0.0
2013-03-25,-0.004073479313843276,1.3770179022836293,1.0876276715642548,0.0,0.0,0.0,3.4561846861731375e-06,0.0
2013-03-26,0.007355404260645182,1.3871464256290709,1.086991292727641,0.0,0.0,0.0,3.4638096058454894e-06,0.0
2013-03-27,-0.00045544124739616,1.3865146619306612,1.0870343838113963,0.0,0.0,0.0,3.4762539430302712e-06,0.0
2013-03-28,0.0034473257241700583,1.3912944295916738,1.086738820589284,0.0,0.0,0.0,3.451808468913786e-06,0.0
2013-04-01,-0.006542320593338147,1.3821921353935596,1.0873134954855657,0.0,0.0,0.0,3.4476750431212848e-06,0.0
2013-04-02,0.0033825075383848713,1.3868674107110246,1.1467713667537636,0.06914645749074132,3.4573228745370657e-05,0.0,3.442760954580006e-06,0.0
2013-04-03,-0.009277313008544286,1.3740010076405091,1.1481516401527754,0.0,0.0,0.0,5.804631440336264e-06,0.0
2013-04-04,0.011429822963190617,1.3897055959090858,1.1464832416667892,0.0,0.0,0.0,5.865959856298966e-06,0.0
2013-04-05,-0.0008791036307546074,1.3884839006740421,1.1466179468632607,0.0,0.0,0.0,5.894751288211036e-06,0.0
2013-04-08,0.007898609214739283,1.3994509924064233,1.1454747170947988,0.0,0.0,0.0,5.812868929450675e-06,0.0
2013-04-09,0.0012047746974082063,1.4011370155523373,1.1453054295960592,0.0,0.0,0.0,5.760271888480418e-06,0.0
2013-04-10,0.013788532965602007,1.4204566394806057,1.1433348188102517,0.0,0.0,0.0,5.736452765481595e-06,0.0
2013-04-11,0.005346599765544635,1.428051252616219,1.1425781981391443,0.0,0.0,0.0,5.675202772142109e-06,0.0
2013-04-12,-0.0013777006609094755,1.426083825461677,1.1427805648827538,0.0,0.0,0.0,5.674435732620782e-06,0.0
2013-04-15,-0.028193840011460636,1.3858770462436787,1.1469287154753882,0.0,0.0,0.0,5.7022044782785245e-06,0.0
2013-04-16,0.018069921838612002,1.4109197361472283,1.1443265760318408,0.0,0.0,0.0,5.775481034004731e-06,0.0
2013-04-17,-0.017378928487401413,1.3863994629512624,1.1468850073149188,0.0,0.0,0.0,5.7751494537513535e-06,0.0
2013-04-18,-0.004447422692627434,1.3802335585186865,1.1475470401395973,0.0,0.0,0.0,5.817435781134968e-06,0.0
2013-04-19,0.013009730486518878,1.3981900251234636,1.1456579248355367,0.0,0.0,0.0,5.827921079618011e-06,0.0
2013-04-22,0.002460845759680863,1.4016307551180167,1.1453061289406596,0.0,0.0,0.0,5.769316126307705e-06,0.0
2013-04-23,0.01224435423453274,1.4187928185896972,1.1435541669844862,0.0,0.0,0.0,5.725013619782963e-06,0.0
2013-04-24,0.004314340725370069,1.4249139742278012,1.1429431580900533,0.0,0.0,0.0,5.686815822474377e-06,0.0
2013-04-25,0.0027409465543934974,1.428819587275768,1.1425580863420364,0.0,0.0,0.0,5.654514202286552e-06,0.0
2013-04-26,-0.0027939835395929258,1.4248274888678716,1.1429631801811488,0.0,0.0,0.0,5.667109387839793e-06,0.0
2013-04-29,0.00994600916630084,1.4389988361325488,1.1415608874391598,0.0,0.0,0.0,5.640010034383629e-06,0.0
2013-04-30,0.006683030535473922,1.448615709294934,1.1406266924549142,0.0,0.0,0.0,5.617014249119378e-06,0.0
2013-05-01,-0.012677020232651492,1.4302515786388654,1.142437961802891,0.0,0.0,0.0,5.583653354416254e-06,0.0
2013-05-02,0.00893073882208495,1.443024781937564,1.0436079752506806,0.10150334122719967,5.075167061359984e-05,0.0,5.6410421898717844e-06,0.0
2013-05-03,0.010544984097002663,1.458241455314676,1.0431546407257242,0.0,0.0,0.0,1.7141224003881905e-06,0.0
2013-05-06,0.0033735376223049673,1.463160887726585,1.043011253130848,0.0,0.0,0.0,1.7135334147030251e-06,0.0
2013-05-07,0.005275816848544723,1.4708802565901846,1.0427872223778836,0.0,0.0,0.0,1.7038678733978193e-06,0.0
2013-05-08,0.0045757751813639835,1.4776106739630483,1.0425940196256558,0.0,0.0,0.0,1.697791608270079e-06,0.0
2013-05-09,-0.0058142735252870725,1.4690194413407434,1.042844821375147,0.0,0.0,0.0,1.6941747499950507e-06,0.0
2013-05-10,0.003955596990906196,1.4748302902224935,1.0426777057619805,0.0,0.0,0.0,1.6983983619919628e-06,0.0
2013-05-13,0.0013920690643436373,1.4768833558446692,1.0426200692418213,0.0,0.0,0.0,1.695247607433772e-06,0.0
2013-05-14,0.007308055516598966,1.4876765014007232,1.0423125381366594,0.0,0.0,0.0,1.690707008293904e-06,0.0
2013-05-15,0.0060023769113455305,1.4966060964842822,1.0420617467481013,0.0,0.0,0.0,1.6807748999617877e-06,0.0
2013-05-16,-0.005067203711849988,1.4890224885169998,1.0422776453062599,0.0,0.0,0.0,1.6734357855594208e-06,0.0
2013-05-17,0.008522270313656932,1.501712340667256,1.0419220519319303,0.0,0.0,0.0,1.6727969917261521e-06,0.0
2013-05-20,0.002321758415406272,1.5051989539317194,1.0418266042350492,0.0,0.0,0.0,1.664066359038234e-06,0.0
2013-05-21,0.002650261021774236,1.5091881240493399,1.0417177012234609,0.0,0.0,0.0,1.6596864420059406e-06,0.0
2013-05-22,-0.015033540670645551,1.486499683006789,1.0423561191273467,0.0,0.0,0.0,1.6550425602111802e-06,0.0
2013-05-23,-0.009567390068242254,1.4722777607031445,1.0427669681924583,0.0,0.0,0.0,1.7044099912727644e-06,0.0
2013-05-24,-0.0030774182356035906,1.467746946274483,1.0429006886559604,0.0,0.0,0.0,1.7093954953893967e-06,0.0
2013-05-28,0.002648023560987811,1.4716335747697857,1.042789084560172,0.0,0.0,0.0,1.6831744110306008e-06,0.0
2013-05-29,-0.012446317721421019,1.4533171557286904,1.0433300825135774,0.0,0.0,0.0,1.7103018530959468e-06,0.0
2013-05-30,0.0007542668607822822,1.4544133446974628,1.0432991428527423,0.0,0.0,0.0,1.7186974724561754e-06,0.0
2013-05-31,-0.015130564342823671,1.4324072500044565,1.0439660928697652,0.0,0.0,0.0,1.7283780019234518e-06,0.0
2013-06-03,0.006298610556935147,1.4414294254311648,1.0436926346660225,0.0,0.0,0.0,1.7421981209666037e-06,0.0
2013-06-04,-0.004612925165359161,1.4347802193605041,1.0063857574699642,0.5880640846643391,0.00029403204233216957,0.0,1.729801355542554e-06,0.0
2013-06-05,-0.015583746943255372,1.4124209675028017,1.0064871042642876,0.0,0.0,0.0,2.546057812728697e-07,0.0
2013-06-06,0.007466036053366265,1.422966153368708,1.0064392857494964,0.0,0.0,0.0,2.574105522804274e-07,0.0
2013-06-07,0.012204978520839571,1.4403334247064548,1.006361894491093,0.0,0.0,0.0,2.544459866419833e-07,0.0
2013-06-10,0.0015880389295837016,1.4426207302564693,1.0063520596292492,0.0,0.0,0.0,2.516980036198778e-07,0.0
2013-06-11,-0.010851315928292471,1.4269663969477524,1.0064219988333394,0.0,0.0,0.0,2.5490798406368316e-07,0.0
2013-06-12,-0.007848930754308703,1.4157662365093842,1.0064730602764411,0.0,0.0,0.0,2.529305581935907e-07,0.0
2013-06-13,0.01514825226915395,1.437212620614179,1.0063767209660683,0.0,0.0,0.0,2.568762174728396e-07,0.0
2013-06-14,-0.007810148865913802,1.4259877760952122,1.0064271711742083,0.0,0.0,0.0,2.5368053281582725e-07,0.0
2013-06-17,0.009649501626273649,1.4397478474596894,1.0063659975172876,0.0,0.0,0.0,2.5246112147405365e-07,0.0
2013-06-18,0.008634769231012918,1.4521797378733514,1.0063117496346972,0.0,0.0,0.0,2.52187307441012e-07,0.0
2013-06-19,-0.014039193608319955,1.431792305379268,1.0064018772957644,0.0,0.0,0.0,2.5056004308381914e-07,0.0
2013-06-20,-0.027862958041458108,1.391898336450403,1.0065856263697308,0.0,0.0,0.0,2.577004850344903e-07,0.0
2013-06-21,0.000908110012815877,1.3931623332665553,1.0065799124197587,0.0,0.0,0.0,2.601472521393189e-07,0.0
2013-06-24,-0.012831598133080768,1.3752858340719336,1.0066657051775059,0.0,0.0,0.0,2.64408670782145e-07,0.0
2013-06-25,0.009817201236846707,1.3887872918632023,1.0066011647270925,0.0,0.0,0.0,2.6209054520136896e-07,0.0
2013-06-26,0.007245957876948372,1.3988503860800843,1.0065539371257326,0.0,0.0,0.0,2.599350851436741e-07,0.0
2013-06-27,0.00843654469882038,1.410651849889211,1.006499365019105,0.0,0.0,0.0,2.5840595260764315e-07,0.0
2013-06-28,-0.002482657356219442,1.407149684697019,1.0065157994277965,0.0,0.0,0.0,2.585328133163912e-07,0.0
2013-07-01,0.008968730515552581,1.4197700310141115,1.0064581367035392,0.0,0.0,0.0,2.568068422408911e-07,0.0
2013-07-02,-0.0014598793115473407,1.417697338118679,0.8914761926405962,0.11497055089223834,5.748527544611918e-05,0.0,2.5647456792850673e-07,0.0
2013-07-03,0.0015620576904271655,1.4199118631483856,0.891645448700746,0.0,0.0,0.0,0.0,0.0
2013-07-05,0.008231317867065657,1.4315996090371774,0.8925300678732334,0.0,0.0,0.0,0.0,0.0
2013-07-08,0.003704968993250679,1.43690364119941,0.8929267708671778,0.0,0.0,0.0,0.0,0.0
2013-07-09,0.006199352320340745,1.4458115131215856,0.8935864658569829,0.0,0.0,0.0,0.0,0.0
2013-07-10,0.0026284323644980567,1.4496117308956382,0.8938654333868609,0.0,0.0,0.0,0.0,0.0
2013-07-11,0.015862684485386636,1.4726064644091508,0.8955227234604994,0.0,0.0,0.0,0.0,0.0
2013-07-12,0.0002170460744364,1.4729260878614405,0.8955453949224883,0.0,0.0,0.0,0.0,0.0
2013-07-15,0.004461321303548926,1.4794972843957699,0.8960093307107587,0.0,0.0,0.0,0.0,0.0
2013-07-16,-0.0023684048593638485,1.4759932358379912,0.8957624540002848,0.0,0.0,0.0,0.0,0.0
2013-07-17,0.0026268230715036367,1.479870408923274,0.8960355502155947,0.0,0.0,0.0,0.0,0.0
2013-07-18,0.003387822293649423,1.4848839468863362,0.8963865740898146,0.0,0.0,0.0,0.0,0.0
2013-07-19,-0.0019851098003124124,1.4819362892110455,0.896180480945075,0.0,0.0,0.0,0.0,0.0
2013-07-22,0.002777577771523987,1.4860524825067727,0.8964680489908404,0.0,0.0,0.0,0.0,0.0
2013-07-23,-0.002023985564170161,1.4830447337345798,0.8962580768359572,0.0,0.0,0.0,0.0,0.0
2013-07-24,-0.002014733700679616,1.4800567935299094,0.8960486425328367,0.0,0.0,0.0,0.0,0.0
2013-07-25,0.004324156151420899,1.486456790218104,0.8964962090870086,0.0,0.0,0.0,0.0,0.0
2013-07-26,-0.00048577697804930153,1.485734703730551,0.8964459048916221,0.0,0.0,0.0,0.0,0.0
2013-07-29,-0.00454521466717861,1.4789817205636187,0.8959730802100113,0.0,0.0,0.0,0.0,0.0
2013-07-30,0.0014488679292496975,1.4811245697464899,0.8961235834186014,0.0,0.0,0.0,0.0,0.0
2013-07-31,0.0014481439913187621,1.4832694513925628,0.8962737939007064,0.0,0.0,0.0,0.0,0.0
2013-08-01,0.010819816767284829,1.4993181550731416,0.8973840793594435,0.0,0.0,0.0,0.0,0.0
2013-08-02,0.0036970374347131685,1.5048611904189921,0.9186824760833858,0.052224759572534064,2.611237978626703e-05,0.0,0.0,0.0
2013-08-05,0.00012467659900772254,1.5050488113941924,0.9186926132118447,0.0,0.0,0.0,0.0,0.0
2013-08-06,-0.005425657711950915,1.496882931703789,0.9182490605970137,0.0,0.0,0.0,0.0,0.0
2013-08-07,-0.003647291441533751,1.4914233633980079,0.9179497996033308,0.0,0.0,0.0,0.0,0.0
2013-08-08,0.0048245644140667565,1.4986188314833655,0.9183437554151412,0.0,0.0,0.0,0.0,0.0
2013-08-09,-0.001666315463547896,1.4961216597505007,0.9182074632463458,0.0,0.0,0.0,0.0,0.0
2013-08-12,0.0009049590926766271,1.4974755886502424,0.9182814152226807,0.0,0.0,0.0,0.0,0.0
2013-08-13,0.0031673515072503378,1.5022186202130243,0.9185394294834877,0.0,0.0,0.0,0.0,0.0
2013-08-14,-0.0030187510413506313,1.49768379618892,0.9182927757150917,0.0,0.0,0.0,0.0,0.0
2013-08-15,-0.013493272977591952,1.4774751398928267,0.9171751980531073,0.0,0.0,0.0,0.0,0.0
2013-08-16,-0.0014780011654638159,1.4752914299141213,0.9170526017017503,0.0,0.0,0.0,0.0,0.0
2013-08-19,-0.005577273534414728,1.4670633260665125,0.9165873867413866,0.0,0.0,0.0,0.0,0.0
2013-08-20,0.005142575852890241,1.474607810501803,0.9170141477811389,0.0,0.0,0.0,0.0,0.0
2013-08-21,-0.006003428830889113,1.4657551074579822,0.9165129391530441,0.0,0.0,0.0,0.0,0.0
2013-08-22,0.009711968112165792,1.4799904743218582,0.9173159638752726,0.0,0.0,0.0,0.0,0.0
2013-08-23,0.0048040841028071934,1.4871004730318538,0.9177112857791017,0.0,0.0,0.0,0.0,0.0
2013-08-26,-0.0021861958579477703,1.4838493801373593,0.9175309923762255,0.0,0.0,0.0,0.0,0.0
2013-08-27,-0.017652496572391208,1.4576557340405398,0.9160490484924902,0.0,0.0,0.0,0.0,0.0
2013-08-28,0.002097725819914631,1.4607134961103834,0.9162247859221302,0.0,0.0,0.0,0.0,0.0
2013-08-29,0.004035376443616734,1.46660802494346,0.9165614917129623,0.0,0.0,0.0,0.0,0.0
2013-08-30,-0.008152434810797082,1.4546515986271167,0.9158756736261976,0.0,0.0,0.0,0.0,0.0
2013-09-03,0.007719977472849804,1.465881476199363,0.9165201362934488,0.0,0.0,0.0,0.0,0.0
2013-09-04,0.008686391825855067,1.4786146970718936,0.943957849582815,0.04098284431216183,2.0491422156080913e-05,0.0,0.0,0.0
2013-09-05,0.0009470332923009472,1.4800149944165062,0.9440108731499489,0.0,0.0,0.0,0.0,0.0
2013-09-06,0.0021177084043186856,1.4831492346086996,0.9441291912312346,0.0,0.0,0.0,0.0,0.0
2013-09-09,0.011624619771947398,1.5003902805260807,0.9447712049738761,0.0,0.0,0.0,0.0,0.0
2013-09-10,0.007656257541323042,1.5118776549262862,0.9451908380335157,0.0,0.0,0.0,0.0,0.0
2013-09-11,0.001174118389372314,1.5136527782834164,0.9452551150097068,0.0,0.0,0.0,0.0,0.0
2013-09-12,-0.0036318501422183402,1.5081554182253385,0.9450555650558408,0.0,0.0,0.0,0.0,0.0
2013-09-13,0.002925346924928629,1.5125672960403584,0.9452158277656214,0.0,0.0,0.0,0.0,0.0
2013-09-16,0.002943966353035954,1.5170202432666038,0.9453766371080649,0.0,0.0,0.0,0.0,0.0
2013-09-17,0.005162177417866509,1.524851370908841,0.9456571644664789,0.0,0.0,0.0,0.0,0.0
2013-09-18,0.013702590939620896,1.545745785488125,0.9463917365712268,0.0,0.0,0.0,0.0,0.0
2013-09-19,-0.0010536125455159473,1.5441171683363561,0.9463351946590669,0.0,0.0,0.0,0.0,0.0
2013-09-20,-0.005045019984613153,1.536327066363515,0.9460630818289857,0.0,0.0,0.0,0.0,0.0
2013-09-23,-0.0018066976698962733,1.5335513878325173,0.945965457747404,0.0,0.0,0.0,0.0,0.0
2013-09-24,-0.00023695205592333402,1.5331880096783064,0.945952651116969,0.0,0.0,0.0,0.0,0.0
2013-09-25,-0.001829423139784847,1.5303831600557602,0.9458535944296824,0.0,0.0,0.0,0.0,0.0
2013-09-26,0.005077616389570494,1.5381538586715822,0.946127140145831,0.0,0.0,0.0,0.0,0.0
2013-09-27,-0.003259599602315477,1.5331400929655563,0.9459509619228091,0.0,0.0,0.0,0.0,0.0
2013-09-30,-0.003455810001646298,1.527841852098361,0.9457635309907529,0.0,0.0,0.0,0.0,0.0
2013-10-01,0.008331467083082078,1.5405710161972737,0.946211666718938,0.0,0.0,0.0,0.0,0.0
2013-10-02,-0.0013219765541609974,1.538534417433841,0.9421979059811535,0.03934743084887048,1.9673715424435235e-05,0.0,0.0,0.0
2013-10-03,-0.008975983622590111,1.5247245577001636,0.9416743761365781,0.0,0.0,0.0,0.0,0.0
2013-10-04,0.006161214545548521,1.5341187128230207,0.9420315323029363,0.0,0.0,0.0,0.0,0.0
2013-10-07,-0.009026515400442747,1.5202709666356162,0.9415035128609035,0.0,0.0,0.0,0.0,0.0
2013-10-08,-0.01303255998120112,1.500457944075259,0.9407310871998146,0.0,0.0,0.0,0.0,0.0
2013-10-09,-0.0005252815258450783,1.4996697812369288,0.9406999379727502,0.0,0.0,0.0,0.0,0.0
2013-10-10,0.01997512685365188,1.5296258753557248,0.9418612665485535,0.0,0.0,0.0,0.0,0.0
2013-10-11,0.00785151717317989,1.5416357591846206,0.9423141876945188,0.0,0.0,0.0,0.0,0.0
2013-10-14,0.004621606353519603,1.5487605928040813,0.9425795623539656,0.0,0.0,0.0,0.0,0.0
2013-10-15,-0.006026483227758228,1.5394270130677346,0.9422314209814187,0.0,0.0,0.0,0.0,0.0
2013-10-16,0.010865395105804865,1.5561534958012644,0.9428523527481769,0.0,0.0,0.0,0.0,0.0
2013-10-17,0.0078132172999259,1.568312061215999,0.9432953981245357,0.0,0.0,0.0,0.0,0.0
2013-10-18,0.009525555324131574,1.5832511045206148,0.9438304443345588,0.0,0.0,0.0,0.0,0.0
2013-10-21,0.00046084302331750315,1.5839807347462929,0.943856317758823,0.0,0.0,0.0,0.0,0.0
2013-10-22,0.004567359501287838,1.5912153442049932,0.9441115802637173,0.0,0.0,0.0,0.0,0.0
2013-10-23,-0.005544304844940173,1.5823931612627744,0.9437999902775274,0.0,0.0,0.0,0.0,0.0
2013-10-24,0.004553574926275061,1.5895987070854096,0.9440547412052193,0.0,0.0,0.0,0.0,0.0
2013-10-25,0.002704616022402906,1.593897961217784,0.9442056435157263,0.0,0.0,0.0,0.0,0.0
2013-10-28,8.83541999903148e-05,1.5940387887970136,0.9442105727459392,0.0,0.0,0.0,0.0,0.0
2013-10-29,0.002965857168168329,1.5987664801651056,0.9443755469288059,0.0,0.0,0.0,0.0,0.0
2013-10-30,-0.005199097213321124,1.590454337813328,0.9440848385688267,0.0,0.0,0.0,0.0,0.0
2013-10-31,-0.0037032054833918693,1.5845645585884534,0.9438770035807426,0.0,0.0,0.0,0.0,0.0
2013-11-01,-0.0011064393973477804,1.5828113339331902,0.9438148381040745,0.0,0.0,0.0,0.0,0.0
2013-11-04,0.00483785014962379,1.590468737981885,0.9938375447037041,0.051615264281388414,2.580763214069421e-05,0.0,0.0,0.0
2013-11-05,-0.003433361011724423,1.5850080846265313,0.9938163138768602,0.0,0.0,0.0,0.0,0.0
2013-11-06,0.00255676265338467,1.5890605741026174,0.9938320837747142,0.0,0.0,0.0,0.0,0.0
2013-11-07,-0.01578388207908421,1.5639790293844598,0.9937331688508464,0.0,0.0,0.0,0.0,0.0
2013-11-08,0.012580614765770992,1.5836548470548901,0.993811029899478,0.0,0.0,0.0,0.0,0.0
2013-11-11,0.000449183784412277,1.584366199132293,0.9938138086363258,0.0,0.0,0.0,0.0,0.0
2013-11-12,-0.0008084213099326387,1.5830853637341775,0.9938088035411745,0.0,0.0,0.0,0.0,0.0
2013-11-13,0.008215033025331664,1.596090462279173,0.9938592500051823,0.0,0.0,0.0,0.0,0.0
2013-11-14,0.003103633824739438,1.6010441426252466,0.9938782496765527,0.0,0.0,0.0,0.0,0.0
2013-11-15,0.00446183484026319,1.6081877371616113,0.9939054425851622,0.0,0.0,0.0,0.0,0.0
2013-11-18,-0.005002747225692383,1.6001423804211337,0.993874799756638,0.0,0.0,0.0,0.0,0.0
2013-11-19,-0.0032868740591439627,1.5948829139399905,0.9938546006027761,0.0,0.0,0.0,0.0,0.0
2013-11-20,-0.003257722946642283,1.5896872272740405,0.99383451516134,0.0,0.0,0.0,0.0,0.0
2013-11-21,0.010233858159707232,1.6059558608762614,0.9938969726773053,0.0,0.0,0.0,0.0,0.0
2013-11-22,0.004554410046383683,1.613270042383085,0.9939246423472344,0.0,0.0,0.0,0.0,0.0
2013-11-25,-0.0001270135516331372,1.6130651352252585,0.9939238705964587,0.0,0.0,0.0,0.0,0.0
2013-11-26,0.003004600909696009,1.6179117521979551,0.9939420722516822,0.0,0.0,0.0,0.0,0.0
2013-11-27,0.004257988830479231,1.6248008023675151,0.9939677574729849,0.0,0.0,0.0,0.0,0.0
2013-11-29,0.0019214066681074726,1.6279227054635304,0.9939793256368528,0.0,0.0,0.0,0.0,0.0
2013-12-02,-0.005393427681172902,1.6191426220810734,0.9939466774796083,0.0,0.0,0.0,0.0,0.0
2013-12-03,-0.0041541635550527145,1.6124164388099917,0.9909123542271792,0.029279049059290744,1.4639524529645372e-05,0.0,0.0,0.0
2013-12-04,-0.001695156130817721,1.6096831411983117,0.9908969230905468,0.0,0.0,0.0,0.0,0.0
2013-12-05,-0.0028140733368245963,1.6051533747899294,0.9908712340737557,0.0,0.0,0.0,0.0,0.0
2013-12-06,0.009676658269188732,1.6206858954674064,0.9909587234175611,0.0,0.0,0.0,0.0,0.0
2013-12-09,0.0014093007411835057,1.6229699293011144,0.9909714473634836,0.0,0.0,0.0,0.0,0.0
2013-12-10,-0.003541211304495806,1.6172226498406166,0.9909393617288117,0.0,0.0,0.0,0.0,0.0
2013-12-11,-0.012177487389952613,1.5975289414154368,0.9908276657440738,0.0,0.0,0.0,0.0,0.0
2013-12-12,-0.0029102956859907714,1.59287965982899,0.9908008936244741,0.0,0.0,0.0,0.0,0.0
2013-12-13,0.00018961185524890567,1.5931816886964785,0.990802637553431,0.0,0.0,0.0,0.0,0.0
2013-12-16,0.007440129182706645,1.6050351662719031,0.9908705617533515,0.0,0.0,0.0,0.0,0.0
2013-12-17,-0.0027669364452840295,1.600594135974383,0.9908452310896052,0.0,0.0,0.0,0.0,0.0
2013-12-18,0.014523738318489077,1.6238407463593831,0.9909762891053016,0.0,0.0,0.0,0.0,0.0
2013-12-19,-0.002611622873504915,1.6195998867232617,0.9909526608674787,0.0,0.0,0.0,0.0,0.0
2013-12-20,0.009175133261513091,1.6344599315142792,0.9910349167014435,0.0,0.0,0.0,0.0,0.0
2013-12-23,0.009074425683607501,1.6492917166956396,0.9911155380907776,0.0,0.0,0.0,0.0,0.0
2013-12-24,0.0020435825275537667,1.652662180430718,0.9911336571940192,0.0,0.0,0.0,0.0,0.0
2013-12-26,0.0036173688718448282,1.658640469157883,0.9911656144253986,0.0,0.0,0.0,0.0,0.0
2013-12-27,0.000492391759881583,1.6594571700575025,0.9911699622632196,0.0,0.0,0.0,0.0,0.0
2013-12-30,0.0004931568366488559,1.6602755427060423,0.9911743147102584,0.0,0.0,0.0,0.0,0.0
2013-12-31,0.004374185954984844,1.6675378966663519,0.9912127517680576,0.0,0.0,0.0,0.0,0.0
2014-01-02,-0.011352363525529707,1.6486074002707982,0.9911118502611528,0.0,0.0,0.0,0.0,0.0
2014-01-03,-0.0008712505316090802,1.6471710501968977,1.1300631246971378,0.13853595656777049,6.926797828388524e-05,0.0,0.0,0.0
2014-01-06,-0.004242377118794605,1.6401831294228015,1.1306224355640833,0.0,0.0,0.0,5.148322733073241e-06,0.0
2014-01-07,0.008184505585222102,1.6536072174063494,1.1295671757207182,0.0,0.0,0.0,5.159317596578066e-06,0.0
2014-01-08,0.0008983305876217873,1.6550927033496579,1.1294560229701243,0.0,0.0,0.0,5.139631507622142e-06,0.0
2014-01-09,-0.0008954808463621511,1.6536105995348545,1.1295771940092536,0.0,0.0,0.0,5.121867028603985e-06,0.0
2014-01-10,0.005773431471412849,1.663157607011671,1.1288384957353887,0.0,0.0,0.0,5.128590047165396e-06,0.0
2014-01-13,-0.014159680773274785,1.639607826220742,1.1306941964751156,0.0,0.0,0.0,5.127666259971441e-06,0.0
2014-01-14,0.014077416510613006,1.6626892685045123,1.1288850147185836,0.0,0.0,0.0,5.166251925869185e-06,0.0
2014-01-15,0.007010439660460666,1.6743454512954588,1.1279928430997728,0.0,0.0,0.0,5.102274585060722e-06,0.0
2014-01-16,-0.00022997151898129786,1.6739603995287249,1.128027364828409,0.0,0.0,0.0,5.087552803856051e-06,0.0
2014-01-17,-0.004645918153412643,1.6661833165204605,1.1286300499635944,0.0,0.0,0.0,5.088626160199304e-06,0.0
2014-01-21,0.005892954426609531,1.6760020588710927,1.1278815541599876,0.0,0.0,0.0,5.069059715415272e-06,0.0
2014-01-22,0.0021317245553311714,1.6795748336147738,1.1276145896704164,0.0,0.0,0.0,5.068015745161018e-06,0.0
2014-01-23,-0.007099928011950141,1.6676499732054257,1.1285322232738957,0.0,0.0,0.0,5.086913439495694e-06,0.0
2014-01-24,-0.02639759844251155,1.6236280188700838,1.132022398006951,0.0,0.0,0.0,5.148250749061656e-06,0.0
2014-01-27,-0.009158777631799175,1.608757570888494,1.1332480260312958,0.0,0.0,0.0,5.233113921332036e-06,0.0
2014-01-28,0.006767103085166815,1.619644199209739,1.132357635885232,0.0,0.0,0.0,5.284402041203557e-06,0.0
2014-01-29,-0.012816801796822985,1.5988855405270936,1.1340813826788085,0.0,0.0,0.0,5.3119225447538495e-06,0.0
2014-01-30,0.01365695900139241,1.6207214548019913,1.1322801586650117,0.0,0.0,0.0,5.270549428158088e-06,0.0
2014-01-31,-0.009369678924709302,1.6055358151441088,1.1335366029722032,0.0,0.0,0.0,5.340114448574071e-06,0.0
2014-02-03,-0.027131329534229143,1.5619754938644268,1.1372661142226064,0.0,0.0,0.0,5.308879053970158e-06,0.0
2014-02-04,0.00706311691146877,1.5730079093904403,1.2777787215830994,0.8584137707052691,0.0004292068853526346,0.0,5.413311271019291e-06,0.0
2014-02-05,-0.004287971273658542,1.5662628966617365,1.2789860286247365,0.0,0.0,0.0,1.1067266281001485e-05,0.0
2014-02-06,0.008534737513808732,1.579630539362362,1.2766360831424197,0.0,0.0,0.0,1.1052456503875449e-05,0.0
2014-02-07,0.012421233050246228,1.599251498425068,1.2732529225323317,0.0,0.0,0.0,1.0930177468160295e-05,0.0
2014-02-10,0.0028382911026962887,1.6037906397240218,1.2724903589409209,0.0,0.0,0.0,1.0849212185606546e-05,0.0
2014-02-11,0.007232089925689467,1.6153893978524851,1.2705445693956263,0.0,0.0,0.0,1.0813539688214728e-05,0.0
2014-02-12,4.053176543905579e-05,1.6154548724366515,1.270544339651522,0.0,0.0,0.0,1.0729487785980331e-05,0.0
2014-02-13,0.008314323059851025,1.6288862861347004,1.2683241419371927,0.0,0.0,0.0,1.0778426345685218e-05,0.0
2014-02-14,0.003408281039778416,1.6344379883796882,1.2674233358354805,0.0,0.0,0.0,1.0651862992907731e-05,0.0
2014-02-18,0.004931504941465326,1.6424982273959015,1.2661215680447737,0.0,0.0,0.0,1.0592055526233728e-05,0.0
2014-02-19,-0.006621236108968476,1.631622858823751,1.267905997287507,0.0,0.0,0.0,1.0570719250031843e-05,0.0
2014-02-20,0.004756788541221635,1.639384143742199,1.2666482391891638,0.0,0.0,0.0,1.0628545845169608e-05,0.0
2014-02-21,0.0004749529660414975,1.6401627741037508,1.2665322301952198,0.0,0.0,0.0,1.0565029761065624e-05,0.0
2014-02-24,0.004949045190407286,1.6482800137924138,1.2652301707700209,0.0,0.0,0.0,1.055509126895568e-05,0.0
2014-02-25,0.0016535421909718018,1.651005514337755,1.264802833119945,0.0,0.0,0.0,1.0503919485797749e-05,0.0
2014-02-26,0.0026934336828501326,1.6554523882006436,1.2641019999465142,0.0,0.0,0.0,1.049499742553536e-05,0.0
2014-02-27,0.005304347760355155,1.66423348336837,1.2627189276292343,0.0,0.0,0.0,1.0488006199756605e-05,0.0
2014-02-28,-0.0007160777715736755,1.6630417627642213,1.2629176224486958,0.0,0.0,0.0,1.043394350485565e-05,0.0
2014-03-03,-0.0040262394377952315,1.6563459584322795,1.2639909464474897,0.0,0.0,0.0,1.0503394492785131e-05,0.0
2014-03-04,0.01144863786395911,1.675308863487803,1.0128711421825116,0.7264221334032042,0.00036321106670160214,0.0,1.0402443062100314e-05,0.0
2014-03-05,0.0006380143487552115,1.6763777345813051,1.0128634458790766,0.0,0.0,0.0,5.105642838592795e-07,0.0
2014-03-06,0.0028579998605133827,1.6811688219129064,1.0128272959233187,0.0,0.0,0.0,5.082112825811389e-07,0.0
2014-03-07,-0.0025351097967327707,1.6769068743625133,1.012860407488011,0.0,0.0,0.0,5.075656940509169e-07,0.0
2014-03-10,-0.0021512570808857046,1.673299416575055,1.0128886446096208,0.0,0.0,0.0,5.117721145040404e-07,0.0
2014-03-11,-0.006617486497257685,1.6622263802800004,1.0129750180706563,0.0,0.0,0.0,5.110379101008257e-07,0.0
2014-03-12,0.0008554044998148047,1.663648256205403,1.0129644431093525,0.0,0.0,0.0,5.179711953808575e-07,0.0
2014-03-13,-0.013953491429659404,1.640434554520473,1.0131484239928787,0.0,0.0,0.0,5.12839662681991e-07,0.0
2014-03-14,-0.002174532916339955,1.6368673755845669,1.0131776008826132,0.0,0.0,0.0,5.236363928885294e-07,0.0
2014-03-17,0.008887186332121821,1.6514145209523583,1.013062039028559,0.0,0.0,0.0,5.196525512277315e-07,0.0
2014-03-18,0.00996919726314971,1.6678777980749624,1.0129336195587335,0.0,0.0,0.0,5.176104158768158e-07,0.0
2014-03-19,-0.00729966278094496,1.6557028525891901,1.013029241869544,0.0,0.0,0.0,5.134025971971774e-07,0.0
2014-03-20,0.0018477008125790118,1.6587620960953084,1.0130057282083726,0.0,0.0,0.0,5.191265598283171e-07,0.0
2014-03-21,-0.005792025089067621,1.64915450441793,1.0130820156716842,0.0,0.0,0.0,5.135689143193462e-07,0.0
2014-03-24,-0.005461612668049898,1.6401474612850295,1.0131543789218502,0.0,0.0,0.0,5.168379611796453e-07,0.0
2014-03-25,0.004745990790327781,1.647931586031068,1.0130927627893953,0.0,0.0,0.0,5.188816214596868e-07,0.0
2014-03-26,-0.009771761132810086,1.6318283922091594,1.0132224893509933,0.0,0.0,0.0,5.166229385660604e-07,0.0
2014-03-27,-0.0014387205635825184,1.6294806471450503,1.0132420656851573,0.0,0.0,0.0,5.245786873405149e-07,0.0
2014-03-28,0.0035526564776666714,1.6352696321213624,1.013195711334604,0.0,0.0,0.0,5.235742184374562e-07,0.0
2014-03-31,0.009423826141662817,1.650680128829215,1.0130730369466143,0.0,0.0,0.0,5.199136363974477e-07,0.0
2014-04-01,0.0109077766159702,1.668685378938905,1.0129324909950594,0.0,0.0,0.0,5.166021012421252e-07,0.0
2014-04-02,0.0030994653545759476,1.6738574114586133,0.9867922405216798,0.03323902350338998,1.661951175169499e-05,0.0,5.120165989017625e-07,0.0
2014-04-03,-0.005147833229341425,1.6652406726547273,0.9867238973593502,0.0,0.0,0.0,0.0,0.0
2014-04-04,-0.015645984417910208,1.6391863430383011,0.9865128780596286,0.0,0.0,0.0,0.0,0.0
2014-04-07,-0.009796103516778065,1.623128703938609,0.9863794497393196,0.0,0.0,0.0,0.0,0.0
2014-04-08,0.004788717959253841,1.6309014095133403,0.986444363857564,0.0,0.0,0.0,0.0,0.0
2014-04-09,0.01341537488006983,1.652780563314396,0.9866238104547799,0.0,0.0,0.0,0.0,0.0
2014-04-10,-0.023954268672944035,1.6131894136433431,0.9862955298958856,0.0,0.0,0.0,0.0,0.0
2014-04-11,-0.009822897806381459,1.5973432188907881,0.9861595768335243,0.0,0.0,0.0,0.0,0.0
2014-04-14,0.006193453594306675,1.6072362899911685,0.9862447692170574,0.0,0.0,0.0,0.0,0.0
2014-04-15,0.002677144923207475,1.6115390944653132,0.9862814956413551,0.0,0.0,0.0,0.0,0.0
2014-04-16,0.011537739347013964,1.630132612484777,0.9864379707992895,0.0,0.0,0.0,0.0,0.0
2014-04-17,0.0027427146883796105,1.6346036011450455,0.9864750658348835,0.0,0.0,0.0,0.0,0.0
2014-04-21,0.0041315160899191294,1.641356992223816,0.9865307144050388,0.0,0.0,0.0,0.0,0.0
2014-04-22,0.006416256852052937,1.6518883602718373,0.9866165858279243,0.0,0.0,0.0,0.0,0.0
2014-04-23,-0.004702199152728959,1.6441208522237643,0.9865533570347661,0.0,0.0,0.0,0.0,0.0
2014-04-24,0.00234497085531693,1.647976267704848,0.9865848152520188,0.0,0.0,0.0,0.0,0.0
2014-04-25,-0.011158655407055518,1.6295870684145242,0.9864334305787916,0.0,0.0,0.0,0.0,0.0
2014-04-28,0.0012682046791279156,1.631653718359734,0.9864506139735497,0.0,0.0,0.0,0.0,0.0
2014-04-29,0.0053959227998923165,1.6404579958601602,0.9865233330281298,0.0,0.0,0.0,0.0,0.0
2014-04-30,0.0038456780732532003,1.6467666692049323,0.9865749614046884,0.0,0.0,0.0,0.0,0.0
2014-05-01,0.0013380731339818208,1.6489701634429321,0.9865929010835531,0.0,0.0,0.0,0.0,0.0
2014-05-02,-0.0009478254863033442,1.647407227495867,0.9688316481778554,0.043473206662564524,2.1736603331282263e-05,0.0,0.0,0.0
2014-05-05,0.0012749080384306666,1.6495075202127703,0.9688713343639004,0.0,0.0,0.0,0.0,0.0
2014-05-06,-0.00916320598236775,1.634392743035596,0.9685834581193947,0.0,0.0,0.0,0.0,0.0
2014-05-07,0.0015549765651152736,1.636934185449211,0.9686322342600204,0.0,0.0,0.0,0.0,0.0
2014-05-08,-0.0025126212631999545,1.6328211898083924,0.9685532204129709,0.0,0.0,0.0,0.0,0.0
2014-05-09,0.002713955632295262,1.637252594073004,0.9686383345814717,0.0,0.0,0.0,0.0,0.0
2014-05-12,0.012716101907728206,1.6580720649079288,0.9690321252328762,0.0,0.0,0.0,0.0,0.0
2014-05-13,-0.0012074521696179286,1.656070022195773,0.9689946878013923,0.0,0.0,0.0,0.0,0.0
2014-05-14,-0.006299953083596765,1.6456368587527885,0.9687981174049235,0.0,0.0,0.0,0.0,0.0
2014-05-15,-0.006792167112786962,1.6344594182011778,0.9685847397071226,0.0,0.0,0.0,0.0,0.0
2014-05-16,0.004280743319648117,1.6414561194368784,0.9687186471493674,0.0,0.0,0.0,0.0,0.0
2014-05-19,0.004255615078209152,1.6484415248489728,0.9688512044334485,0.0,0.0,0.0,0.0,0.0
2014-05-20,-0.007319299086343212,1.6363760883022556,0.9686215360710827,0.0,0.0,0.0,0.0,0.0
2014-05-21,0.007594752593085952,1.6488039598421529,0.9688580514654691,0.0,0.0,0.0,0.0,0.0
2014-05-22,0.004094387760654961,1.65555480259505,0.9689850387432359,0.0,0.0,0.0,0.0,0.0
2014-05-23,0.0056468284732029694,1.6649034365932918,0.969159191498817,0.0,0.0,0.0,0.0,0.0
2014-05-27,0.009253044361501317,1.6803088619497055,0.9694419465232387,0.0,0.0,0.0,0.0,0.0
2014-05-28,-0.0027745899065347857,1.675646693941479,0.9693569245554049,0.0,0.0,0.0,0.0,0.0
2014-05-29,0.005146086985513332,1.6842697175854897,0.9695138091453996,0.0,0.0,0.0,0.0,0.0
2014-05-30,-0.0003661501932001876,1.6836530219029946,0.9695026425320706,0.0,0.0,0.0,0.0,0.0
2014-06-02,-0.0004614261272287701,1.682876140409501,0.9694885637582095,0.0,0.0,0.0,0.0,0.0
2014-06-03,-0.0023278323458407746,1.678958686895812,1.1485217700154078,0.5991927677039827,0.0002995963838519914,0.0,0.0,0.0
2014-06-04,0.001969828226606518,1.6822659471085655,1.1482356649394527,0.0,0.0,0.0,5.903701827741888e-06,0.0
2014-06-05,0.01179312070863836,1.7021051124868487,1.146513693632631,0.0,0.0,0.0,5.8698416790072195e-06,0.0
2014-06-06,0.002996241005071232,1.7072050296198231,1.1460818113548161,0.0,0.0,0.0,5.792386098276083e-06,0.0
2014-06-09,-0.004002729363772439,1.7003715499177838,1.1466747074103665,0.0,0.0,0.0,5.801741969880317e-06,0.0
2014-06-10,-0.0026132483035218312,1.6959280568496045,1.1470648447914225,0.0,0.0,0.0,5.832816698973721e-06,0.0
2014-06-11,-0.003509915561404453,1.6899754925718455,1.147588704588886,0.0,0.0,0.0,5.862162686694445e-06,0.0
2014-06-12,-0.004893010349138138,1.6817064249969016,1.1483202940171255,0.0,0.0,0.0,5.856253963860344e-06,0.0
2014-06-13,0.002606468929044814,1.6860897405414312,1.147940577225196,0.0,0.0,0.0,5.875406036663677e-06,0.0
2014-06-16,-0.0010875524866859054,1.6842560294513298,1.1481075225875095,0.0,0.0,0.0,5.879727346451529e-06,0.0
2014-06-17,0.0015770836435442526,1.6869122420869183,1.1478801804563497,0.0,0.0,0.0,5.89058612487173e-06,0.0
2014-06-18,0.008334180025168392,1.700971272399131,1.1466637268150401,0.0,0.0,0.0,5.864785940206189e-06,0.0
2014-06-19,0.00446141494977903,1.708560011062957,1.1460180994722757,0.0,0.0,0.0,5.800672256897641e-06,0.0
2014-06-20,0.0014556812534691765,1.7110471298414884,1.1458116385724948,0.0,0.0,0.0,5.791834041454771e-06,0.0
2014-06-23,-0.0021696209834056734,1.7073348060849882,1.1461344811854075,0.0,0.0,0.0,5.794567215495869e-06,0.0
2014-06-24,-0.003774047239347711,1.700891243873441,1.1466939099185132,0.0,0.0,0.0,5.806053961338464e-06,0.0
2014-06-25,0.0020272213635639247,1.7043393269401201,1.1464029399378841,0.0,0.0,0.0,5.839037529040745e-06,0.0
2014-06-26,-0.00019328660545725462,1.7040099009770686,1.1464370538994193,0.0,0.0,0.0,5.810176309853724e-06,0.0
2014-06-27,0.0041391543429771804,1.711063060959174,1.1458392138781215,0.0,0.0,0.0,5.825591938303754e-06,0.0
2014-06-30,-0.0002979455064970882,1.710553257408828,1.1458884679619927,0.0,0.0,0.0,5.791284952627528e-06,0.0
2014-07-01,0.008779794103395133,1.7255715628117694,1.1446244839951247,0.0,0.0,0.0,5.770353101105509e-06,0.0
2014-07-02,0.0004603945714354296,1.726366006591911,1.1978442234172286,0.07766245742253942,3.883122871126972e-05,0.0,5.738640753452303e-06,0.0
2014-07-03,0.001744960030213516,1.7293784462709332,1.1975074318043066,0.0,0.0,0.0,7.848595150752547e-06,0.0
2014-07-07,-0.0036302181901279873,1.7231004251776652,1.1982349053601635,0.0,0.0,0.0,7.870129203528985e-06,0.0
2014-07-08,-0.0073909579548964155,1.7103650623831128,1.1997188857117564,0.0,0.0,0.0,7.898462948127178e-06,0.0
2014-07-09,0.004611042686406108,1.7182516286950988,1.198810089256315,0.0,0.0,0.0,7.91448564661729e-06,0.0
2014-07-10,-0.004418805168053486,1.7106590095182046,1.1997004157748596,0.0,0.0,0.0,7.999263784104708e-06,0.0
2014-07-11,0.002022749550522507,1.7141192442608049,1.1993051958991114,0.0,0.0,0.0,7.926781859947418e-06,0.0
2014-07-14,0.007036289765182557,1.7261802839554996,1.1979204789947855,0.0,0.0,0.0,7.856479436719228e-06,0.0
2014-07-15,-0.0019940480033080465,1.7227381976069285,1.1983238001597643,0.0,0.0,0.0,7.845859183821576e-06,0.0
2014-07-16,0.0052036403831419165,1.731702707661577,1.1973049660626363,0.0,0.0,0.0,7.822294754352433e-06,0.0
2014-07-17,-0.01250156910686595,1.710053706589199,1.1998107434422187,0.0,0.0,0.0,7.86271824828134e-06,0.0
2014-07-18,0.012486234140718366,1.7314058375628751,1.197354458462892,0.0,0.0,0.0,7.904009375848521e-06,0.0
2014-07-21,-0.003339362568277937,1.7256240457184198,1.1980235624611413,0.0,0.0,0.0,7.866608317039464e-06,0.0
2014-07-22,0.005270303193898984,1.7347186076380385,1.1969932066130275,0.0,0.0,0.0,7.823083485098002e-06,0.0
2014-07-23,0.0033520313498132115,1.7405334387939457,1.1963428763270056,0.0,0.0,0.0,7.793854129332894e-06,0.0
2014-07-24,0.00018519939133243568,1.7408557845274042,1.196314310420187,0.0,0.0,0.0,7.77237886587426e-06,0.0
2014-07-25,-0.005959259899103286,1.730481572460548,1.1974990488324186,0.0,0.0,0.0,7.807200260512602e-06,0.0
2014-07-28,0.0024689552943093496,1.7347540541005793,1.197020451409666,0.0,0.0,0.0,7.830752744378458e-06,0.0
2014-07-29,-0.003990735728110151,1.7278311091173961,1.197817707876021,0.0,0.0,0.0,7.797912498132231e-06,0.0
2014-07-30,-0.0003305787088594414,1.727259924940217,1.1978909763285135,0.0,0.0,0.0,7.83280174060914e-06,0.0
2014-07-31,-0.02110242189436118,1.690810557282906,1.2021650002730704,0.0,0.0,0.0,7.925240855566372e-06,0.0
2014-08-01,-0.0049829941988029924,1.6823852580846903,1.2031854948357636,0.0,0.0,0.0,8.044918986290413e-06,0.0
2014-08-04,0.008932469432049395,1.6974131129754622,1.227712661206846,0.7413035830495892,0.0003706517915247946,0.0,8.035470359822258e-06,0.0
2014-08-05,-0.012978355405781627,1.6753834823248324,1.2307160118228015,0.0,0.0,0.0,9.095327470044449e-06,0.0
2014-08-06,-0.002031165107836519,1.6719805018532885,1.2311947619536912,0.0,0.0,0.0,9.208961841915951e-06,0.0
2014-08-07,-0.0036983483007456686,1.6657969356053794,1.2320621831296514,0.0,0.0,0.0,9.132822005786651e-06,0.0
2014-08-08,0.010476777696599049,1.6832491197873931,1.229665240279399,0.0,0.0,0.0,9.181990727175655e-06,0.0
2014-08-11,0.008087043843530761,1.6968616292186982,1.2278318676765565,0.0,0.0,0.0,9.072194674880461e-06,0.0
2014-08-12,-0.0008500700385205562,1.6954191779881842,1.228034754135919,0.0,0.0,0.0,9.057285781836482e-06,0.0
2014-08-13,0.011547166979566148,1.7149964663367725,1.225440602849027,0.0,0.0,0.0,9.001980664294152e-06,0.0
2014-08-14,0.0033302574749209946,1.7207078461382537,1.224701235934102,0.0,0.0,0.0,8.930598094536615e-06,0.0
2014-08-15,0.0002547852619267932,1.7211462571375316,1.2246529143981761,0.0,0.0,0.0,8.876537751643527e-06,0.0
2014-08-18,0.010865832874984438,1.7398479447209931,1.2222469311851307,0.0,0.0,0.0,8.865590596968694e-06,0.0
2014-08-19,0.005317103291934799,1.749098895955335,1.2210802440145652,0.0,0.0,0.0,8.797616573923154e-06,0.0
2014-08-20,0.0018939219181708378,1.7524115526914334,1.2206710832388687,0.0,0.0,0.0,8.78955690797718e-06,0.0
2014-08-21,1.2593839994190503e-05,1.7524336222821322,1.2206770608562914,0.0,0.0,0.0,8.755748514467002e-06,0.0
2014-08-22,-0.0034154978052548524,1.7464481890913728,1.2214421530703186,0.0,0.0,0.0,8.757197972292591e-06,0.0
2014-08-25,0.003983682002834055,1.753405483311138,1.2205722507517007,0.0,0.0,0.0,8.740769247178225e-06,0.0
2014-08-26,0.002679425532725377,1.7581036027323427,1.2199915526356784,0.0,0.0,0.0,8.741198184806666e-06,0.0
2014-08-27,0.001424174279308854,1.7606074486637142,1.2196874093013805,0.0,0.0,0.0,8.719854715386004e-06,0.0
2014-08-28,-0.003117559900052358,1.7551186494820268,1.2203831848354065,0.0,0.0,0.0,8.76822624919264e-06,0.0
2014-08-29,0.003385426432742644,1.7610604745505827,1.219648326947927,0.0,0.0,0.0,8.729467044109935e-06,0.0
2014-09-02,0.000287364917890498,1.7615665415492523,1.2195939395569673,0.0,0.0,0.0,8.711499388731761e-06,0.0
2014-09-03,0.0015106681566632307,1.764227684029414,1.3561637934057758,0.13606277104319253,6.803138552159625e-05,0.0,8.652494669181294e-06,0.0
2014-09-04,-0.0029238222462359964,1.7590693958794235,1.3572223816359217,0.0,0.0,0.0,1.410003401963186e-05,0.0
2014-09-05,0.009555197241624569,1.7758776509187566,1.353855398994847,0.0,0.0,0.0,1.415411090157544e-05,0.0
2014-09-08,-0.004100908767631806,1.7685949386898625,1.3553266028567876,0.0,0.0,0.0,1.406446224345991e-05,0.0
2014-09-09,-0.01093176757282055,1.749261069889638,1.3592681389096863,0.0,0.0,0.0,1.4128896955253472e-05,0.0
2014-09-10,-0.002409641848035826,1.745045977212492,1.3601502286443865,0.0,0.0,0.0,1.4292742045703888e-05,0.0
2014-09-11,-0.0014944810323282987,1.742438039099007,1.360703584986181,0.0,0.0,0.0,1.4369145717559903e-05,0.0
2014-09-12,-0.017578277237556672,1.7118089801784602,1.3671721525112592,0.0,0.0,0.0,1.4371345217151105e-05,0.0
2014-09-15,-0.006779108037274106,1.7002044421626543,1.3696929110191849,0.0,0.0,0.0,1.4578363667994182e-05,0.0
2014-09-16,0.013076451613192042,1.7224370832831284,1.3649355197074078,0.0,0.0,0.0,1.4702529813692863e-05,0.0
2014-09-17,-0.0017049787605618594,1.7195003646397264,1.3655732959807259,0.0,0.0,0.0,1.445383643895449e-05,0.0
2014-09-18,0.0021493348753018893,1.7231961467415409,1.3648037175048775,0.0,0.0,0.0,1.4454977686123286e-05,0.0
2014-09-19,-0.00231561574245831,1.7192058866168027,1.3656649333189321,0.0,0.0,0.0,1.4425074584191049e-05,0.0
2014-09-22,-0.01327325023199033,1.6963864366834271,1.3705984903299055,0.0,0.0,0.0,1.4575019634307027e-05,0.0
2014-09-23,-0.007283632701323484,1.684030580959118,1.3733324127894617,0.0,0.0,0.0,1.4760583860586998e-05,0.0
2014-09-24,0.010057603888766309,1.7009678934789738,1.369629639072409,0.0,0.0,0.0,1.4779279694489585e-05,0.0
2014-09-25,-0.021563430939438577,1.6642891897777377,1.3777907721398237,0.0,0.0,0.0,1.4761322149112116e-05,0.0
2014-09-26,0.012782669649799239,1.6855632486923984,1.3730373506171556,0.0,0.0,0.0,1.4967320064067222e-05,0.0
2014-09-29,-0.007366590276411733,1.673146394854304,1.3758206705842246,0.0,0.0,0.0,1.5042580587759199e-05,0.0
2014-09-30,-0.0022634430204996336,1.669359323324597,1.3766881963718811,0.0,0.0,0.0,1.490345815566689e-05,0.0
2014-10-01,-0.01656719682052854,1.641702718850894,1.3830491957338495,0.0,0.0,0.0,1.5013026853394545e-05,0.0
2014-10-02,-0.0015811544283674817,1.63910693332692,1.2993515243390945,1.5946074521440834,0.0007973037260720418,0.0,1.5197080972392085e-05,0.0
2014-10-03,0.00822361194114607,1.6525863126766425,1.2969216350641402,0.0,0.0,0.0,1.1844578921706535e-05,0.0
2014-10-06,-0.0004884507694035145,1.6517791056207098,1.297078525903257,0.0,0.0,0.0,1.176191806172971e-05,0.0
2014-10-07,-0.0028952605656813457,1.6469967747129899,1.2979529662071372,0.0,0.0,0.0,1.1792706953224358e-05,0.0
2014-10-08,0.012518290915209507,1.667614359475259,1.2942808958722252,0.0,0.0,0.0,1.1808976617860603e-05,0.0
2014-10-09,-0.013034503805715247,1.6458778337602133,1.2981791914918388,0.0,0.0,0.0,1.1704770609479553e-05,0.0
2014-10-10,-0.006517930695291163,1.6351501161068482,1.3001473637145031,0.0,0.0,0.0,1.1830506856722956e-05,0.0
2014-10-13,-0.005685955628792039,1.6258527251002506,1.301875726309379,0.0,0.0,0.0,1.1899919949189215e-05,0.0
2014-10-14,0.0033385021779201995,1.6312806379639753,1.3008832062654505,0.0,0.0,0.0,1.1921610308003015e-05,0.0
2014-10-15,-0.0010228394590345857,1.6296120997587067,1.301203228622647,0.0,0.0,0.0,1.1921080794715814e-05,0.0
2014-10-16,-0.0045885445107956,1.6221345521036328,1.3026036916399402,0.0,0.0,0.0,1.2010721144231358e-05,0.0
2014-10-17,0.004793381103560979,1.6299100612131197,1.3011720672269755,0.0,0.0,0.0,1.1944535273559461e-05,0.0
2014-10-20,0.008250494054405033,1.6433576244823735,1.2987194355723595,0.0,0.0,0.0,1.1924307511225371e-05,0.0
2014-10-21,0.009635584185262891,1.659192335219567,1.2958803098835707,0.0,0.0,0.0,1.1821220392595955e-05,0.0
2014-10-22,-0.0039093360696325075,1.6527059947770353,1.29705333247295,0.0,0.0,0.0,1.1738096243677836e-05,0.0
2014-10-23,0.003777389418084365,1.6589489089129108,1.29594721243504,0.0,0.0,0.0,1.1752053215739038e-05,0.0
2014-10-24,0.004731454039052618,1.6667981494285686,1.2945652345034855,0.0,0.0,0.0,1.1724898905749808e-05,0.0
2014-10-27,0.000848164271618268,1.6682118680669134,1.2943272857121892,0.0,0.0,0.0,1.170288286977044e-05,0.0
2014-10-28,0.0038349885630675207,1.6746094415017234,1.2932144911463124,0.0,0.0,0.0,1.1675437883475621e-05,0.0
2014-10-29,-0.001716490702602047,1.6717349899648961,1.2937303119915988,0.0,0.0,0.0,1.1651324333318873e-05,0.0
2014-10-30,0.0029621526365513073,1.6766869241730356,1.2928744291937457,0.0,0.0,0.0,1.1648916091611118e-05,0.0
2014-10-31,0.006088332029854593,1.6868951508775165,1.291113654607231,0.0,0.0,0.0,1.1540864971344048e-05,0.0
2014-11-03,-7.431747531971844e-05,1.6867697850887742,1.291146844034778,0.0,0.0,0.0,1.155482061905454e-05,0.0
2014-11-04,-0.0010833557773968217,1.68494241329696,1.4999910069677234,1.185401254834324,0.0005927006274171619,0.0,1.1559329004509994e-05,0.0
2014-11-05,0.0009737138575842685,1.6865830650740188,1.4995244539976385,0.0,0.0,0.0,1.9759805335245253e-05,0.0
2014-11-06,-0.0031552922721596044,1.6812614025624355,1.5011254737312532,0.0,0.0,0.0,1.9864556170072092e-05,0.0
2014-11-07,0.004513380765224229,1.6888495754380748,1.49889366260207,0.0,0.0,0.0,1.9843182782025507e-05,0.0
2014-11-10,0.001378052964721821,1.6911768996024765,1.4982268769447555,0.0,0.0,0.0,1.9822081167251788e-05,0.0
2014-11-11,0.00018468066987109566,1.6914892272851656,1.49815464831842,0.0,0.0,0.0,1.9782021040514543e-05,0.0
2014-11-12,-0.0030411785567676652,1.6863451065181425,1.499694075266665,0.0,0.0,0.0,1.9788010251202364e-05,0.0
2014-11-13,0.0048165587480095695,1.6944674867931058,1.4973185404301794,0.0,0.0,0.0,1.979049317520977e-05,0.0
2014-11-14,0.00011401354578111089,1.6946606790394858,1.4972815784568834,0.0,0.0,0.0,1.9745367577887214e-05,0.0
2014-11-17,-0.00018358920405292523,1.694349557634281,1.4973926277694878,0.0,0.0,0.0,1.9751490711630246e-05,0.0
2014-11-18,0.00734634247374788,1.7067968297549059,1.4937848529341735,0.0,0.0,0.0,1.9719957265674547e-05,0.0
2014-11-19,-0.008089487275296792,1.6929897185190868,1.4978316503721198,0.0,0.0,0.0,1.9675491945308353e-05,0.0
2014-11-20,0.0055303382693114855,1.7023525243489637,1.4951132617770915,0.0,0.0,0.0,1.9742442174684514e-05,0.0
2014-11-21,0.007495159480879643,1.7151119280116371,1.491449417368785,0.0,0.0,0.0,1.945062086428719e-05,0.0
2014-11-24,0.005182061433154805,1.72399974338733,1.4889352269469194,0.0,0.0,0.0,1.948341199400744e-05,0.0
2014-11-25,0.004373525514035581,1.7315397002512252,1.486825485456936,0.0,0.0,0.0,1.9356439816519314e-05,0.0
2014-11-26,0.007698852779319809,1.744870569485007,1.4831252934205705,0.0,0.0,0.0,1.9272405083726302e-05,0.0
2014-11-28,0.004925310979847053,1.7534645996593037,1.48077649132761,0.0,0.0,0.0,1.910365977841342e-05,0.0
2014-12-01,-0.009598795212535483,1.7366334520547435,1.4854553563098523,0.0,0.0,0.0,1.9097864590943517e-05,0.0
2014-12-02,0.0016059893646711565,1.7394224669090754,1.4982071683779865,0.04569503071170927,2.2847515355854633e-05,0.0,1.9301984088924492e-05,0.0
2014-12-03,0.003393591046658706,1.7453253554191352,1.4965418784307818,0.0,0.0,0.0,1.975340046769209e-05,0.0
2014-12-04,0.004117850621187413,1.752512344518122,1.494525201565119,0.0,0.0,0.0,1.9727433733331544e-05,0.0
2014-12-05,-0.003834362403159486,1.745792577073229,1.4964483886174782,0.0,0.0,0.0,1.963972981284341e-05,0.0
2014-12-08,0.003057123876887724,1.7511296812446928,1.49495495035365,0.0,0.0,0.0,1.97215618521403e-05,0.0
2014-12-09,0.004673884138400863,1.7593142584861454,1.4926719000440567,0.0,0.0,0.0,1.978680491905801e-05,0.0
2014-12-10,-0.007792934192538903,1.7456040382457676,1.4965611186363874,0.0,0.0,0.0,1.960112835276027e-05,0.0
2014-12-11,0.005851488187970766,1.7558184196564368,1.4936919905912422,0.0,0.0,0.0,1.9689481413758186e-05,0.0
2014-12-12,-0.0061556466136488686,1.7450102219472963,1.496769519151579,0.0,0.0,0.0,1.9657405483672153e-05,0.0
2014-12-15,-0.011284797835173443,1.7253181343723099,1.5024593848056533,0.0,0.0,0.0,1.965291418878643e-05,0.0
2014-12-16,-0.0023921982183872093,1.7211908314051132,1.5036842362026035,0.0,0.0,0.0,1.99118849453813e-05,0.0
2014-12-17,0.01646671371676467,1.7495331880777814,1.495544238561903,0.0,0.0,0.0,2.0005440062426385e-05,0.0
2014-12-18,0.010340180501876794,1.7676236770365295,1.4904921258992665,0.0,0.0,0.0,1.953799820039235e-05,0.0
2014-12-19,0.008847163805663305,1.7832621332540404,1.4862100102677247,0.0,0.0,0.0,1.938923806444521e-05,0.0
2014-12-22,0.009044736742314763,1.7993912697918617,1.4818709088018585,0.0,0.0,0.0,1.9306356964233757e-05,0.0
2014-12-23,-0.010617991143702654,1.7802853492251558,1.4870616469167177,0.0,0.0,0.0,1.9094296448157204e-05,0.0
2014-12-24,0.0012203522461724514,1.7824579244499108,1.486487288904101,0.0,0.0,0.0,1.930913584545399e-05,0.0
2014-12-26,0.006270007763968799,1.7936339494751594,1.483475200693215,0.0,0.0,0.0,1.919335335766744e-05,0.0
2014-12-29,0.005783753568827432,1.8040078862316062,1.480714054588242,0.0,0.0,0.0,1.9172488256260755e-05,0.0
2014-12-30,-0.003017910308637295,1.7985635522348848,1.4821883316796698,0.0,0.0,0.0,1.9066482657831366e-05,0.0
2014-12-31,-0.011955208737943646,1.7770613495394594,1.4880421114525988,0.0,0.0,0.0,1.9078606450122907e-05,0.0
2015-01-02,0.009452837890775223,1.793859622398618,1.48349111507066,0.0,0.0,0.0,1.9223982261563867e-05,0.0
2015-01-05,-0.0018257881866456938,1.790584414691542,1.4998833258432662,0.10626388791775111,5.313194395887555e-05,0.0,1.9224714082100644e-05,0.0
2015-01-06,0.004420920816329055,1.7985004466038461,1.4977028575598479,0.0,0.0,0.0,1.9716068636919596e-05,0.0
2015-01-07,0.013578854954797936,1.822922023304419,1.4910546478354068,0.0,0.0,0.0,1.968863078145048e-05,0.0
2015-01-08,0.007682581207364647,1.8369267697831488,1.4873301804448882,0.0,0.0,0.0,1.9392436882836433e-05,0.0
2015-01-09,2.7878775310519188e-05,1.8369779810518256,1.487335932615146,0.0,0.0,0.0,1.933273549573116e-05,0.0
2015-01-12,-0.0003214405248183061,1.8363875018855167,1.487511977448517,0.0,0.0,0.0,1.9307426177625593e-05,0.0
2015-01-13,-0.0016930463302415877,1.8332784127645478,1.488358136112096,0.0,0.0,0.0,1.9241231293616083e-05,0.0
2015-01-14,0.0030924760587667244,1.838947782365076,1.4868718757836639,0.0,0.0,0.0,1.9401732549283372e-05,0.0
2015-01-15,0.0008000931701743763,1.8404191119260536,1.486501949209356,0.0,0.0,0.0,1.9250373440570524e-05,0.0
2015-01-16,0.0057989044752690955,1.8510915265505723,1.4837162306277139,0.0,0.0,0.0,1.9358385214627435e-05,0.0
2015-01-20,0.005540444681573664,1.8613473967539553,1.4810700835304704,0.0,0.0,0.0,1.904306430102698e-05,0.0
2015-01-21,-0.002131493912463367,1.8573799461087948,1.48211680264308,0.0,0.0,0.0,1.91066020634505e-05,0.0
2015-01-22,0.016313238457627444,1.887679828076083,1.474396983152487,0.0,0.0,0.0,1.901312392356319e-05,0.0
2015-01-23,0.0035324353367232053,1.8943479350051986,1.472745864233488,0.0,0.0,0.0,1.875482781364738e-05,0.0
2015-01-26,0.0025548232973817697,1.8991876592428971,1.4715598718433094,0.0,0.0,0.0,1.875993532862265e-05,0.0
2015-01-27,-0.011392841695955114,1.8775505148902312,1.4770131194939247,0.0,0.0,0.0,1.88152223979446e-05,0.0
2015-01-28,-0.0015252347052051585,1.8746868096841447,1.4777607458563329,0.0,0.0,0.0,1.876953919116915e-05,0.0
2015-01-29,0.004424394645371699,1.8829811639666603,1.4756751301174609,0.0,0.0,0.0,1.8960026969641647e-05,0.0
2015-01-30,-0.007283231270045265,1.869266976672352,1.4791840141103623,0.0,0.0,0.0,1.882845590393551e-05,0.0
2015-02-02,0.0038778595362662927,1.8765157314436687,1.47735192563205,0.0,0.0,0.0,1.9065765010813592e-05,0.0
2015-02-03,0.002921813449621613,1.8819985603462273,1.4970073271271522,0.15841058054240698,7.920529027120349e-05,0.0,1.899957445804256e-05,0.0
2015-02-04,-0.0028205109338065304,1.8766903628293625,1.4984328850421635,0.0,0.0,0.0,1.9861454287582492e-05,0.0
2015-02-05,0.007656866472692148,1.8910599303481352,1.4946650796612335,0.0,0.0,0.0,1.975634861360477e-05,0.0
2015-02-06,-0.021403624888623463,1.8505843929570573,1.5055043343805412,0.0,0.0,0.0,1.969010195438327e-05,0.0
2015-02-09,-0.006308725435184903,1.838909564127253,1.5087338562952999,0.0,0.0,0.0,2.0068824504115246e-05,0.0
2015-02-10,0.008035048946187562,1.853685292482628,1.504698764867946,0.0,0.0,0.0,2.0120731454075224e-05,0.0
2015-02-11,0.0009828369525026748,1.8555071628863904,1.5042232233804622,0.0,0.0,0.0,2.0011795865835032e-05,0.0
2015-02-12,0.011487911306922838,1.876823064602989,1.4985163209583103,0.0,0.0,0.0,1.9924039785937607e-05,0.0
2015-02-13,-0.0016288270684050588,1.8737660443927568,1.4993494572645851,0.0,0.0,0.0,1.973281771921532e-05,0.0
2015-02-17,-0.005306617355848142,1.8638226849807833,1.5020333717228378,0.0,0.0,0.0,1.9856487525490526e-05,0.0
2015-02-18,0.006307852163836891,1.8755794029372477,1.498906266708027,0.0,0.0,0.0,1.991830401930048e-05,0.0
2015-02-19,-0.009409082921015166,1.857931920810063,1.5036650911831162,0.0,0.0,0.0,1.9837147244574955e-05,0.0
2015-02-20,0.009646839461345813,1.8758550917802275,1.4988725346397396,0.0,0.0,0.0,1.9960437392527374e-05,0.0
2015-02-23,0.007426136772604952,1.889785448257375,1.4952147983445672,0.0,0.0,0.0,1.9776053060307845e-05,0.0
2015-02-24,-0.0019324251621942734,1.8861335793060139,1.4961933061555812,0.0,0.0,0.0,1.969519837331408e-05,0.0
2015-02-25,0.00034576141452125064,1.8867857315203707,1.4960414843608492,0.0,0.0,0.0,1.970958984173821e-05,0.0
2015-02-26,-0.007676229670151247,1.872302330906856,1.4998985042773343,0.0,0.0,0.0,1.9710404766595993e-05,0.0
2015-02-27,0.003008633204613087,1.877935401868697,1.4984187822215729,0.0,0.0,0.0,1.9789843985682096e-05,0.0
2015-03-02,0.001454067480928689,1.880666046667839,1.4977148497668558,0.0,0.0,0.0,1.9755991803320125e-05,0.0
2015-03-03,-0.0052461766068524485,1.8707997404485086,1.4112886080951625,0.08887511703715174,4.4437558518575866e-05,0.0,1.980118848115932e-05,0.0
2015-03-04,-0.006239406727794439,1.859127059961598,1.4138873405287182,0.0,0.0,0.0,1.6339527660762934e-05,0.0
2015-03-05,0.00162317673283785,1.8621447517487169,1.4132330144152936,0.0,0.0,0.0,1.6379825070732852e-05,0.0
2015-03-06,-0.028208536372075654,1.8096163737889435,1.425244950195415,0.0,0.0,0.0,1.6581078222503557e-05,0.0
2015-03-09,0.008425395126412383,1.8248631067653407,1.421708762046514,0.0,0.0,0.0,1.6782301021336624e-05,0.0
2015-03-10,-0.008924430174744535,1.808577243390546,1.4255230472440725,0.0,0.0,0.0,1.67879719832221e-05,0.0
2015-03-11,-0.00023130236576673902,1.808158915195478,1.4256383842445175,0.0,0.0,0.0,1.6860831433533944e-05,0.0
2015-03-12,0.013041731417990476,1.8317404381285023,1.4201754591696691,0.0,0.0,0.0,1.6804926340886516e-05,0.0
2015-03-13,-0.0051322430746910674,1.8223395009502856,1.4223597858851385,0.0,0.0,0.0,1.6705692052726625e-05,0.0
2015-03-16,0.01650715597843555,1.8524211433381363,1.4155175334575436,0.0,0.0,0.0,1.6625480160465903e-05,0.0
2015-03-17,0.002027813034525039,1.856177507078027,1.4146931021706446,0.0,0.0,0.0,1.6516789682300415e-05,0.0
2015-03-18,0.021762975482989555,1.8965734526566427,1.4058764783976376,0.0,0.0,0.0,1.6449758213578837e-05,0.0
2015-03-19,-0.003075378468529233,1.8907407714963582,1.407144708677741,0.0,0.0,0.0,1.613498794885612e-05,0.0
2015-03-20,0.016115004904101005,1.9212100683014057,1.4007035259283733,0.0,0.0,0.0,1.602843071726999e-05,0.0
2015-03-23,-0.002257769875222304,1.916872418085221,1.4016262064118785,0.0,0.0,0.0,1.589640190287822e-05,0.0
2015-03-24,-0.003195934632065689,1.910746219139011,1.4029298815224036,0.0,0.0,0.0,1.592732008296555e-05,0.0
2015-03-25,-0.022267942822324138,1.8681978315832515,1.4121230022533586,0.0,0.0,0.0,1.5955166259315447e-05,0.0
2015-03-26,-0.009203277134675503,1.851004289196791,1.4159676216417707,0.0,0.0,0.0,1.6458781267128093e-05,0.0
2015-03-27,0.006874738778403389,1.8637294601627232,1.4131438720948728,0.0,0.0,0.0,1.6482576242491948e-05,0.0
2015-03-30,0.01192909572351497,1.8859620672957393,1.408289739309816,0.0,0.0,0.0,1.630564433109316e-05,0.0
2015-03-31,-0.00938048085636789,1.8682708362276357,1.412172315801499,0.0,0.0,0.0,1.627999602331696e-05,0.0
2015-04-01,0.0007555057646224661,1.8696823256142818,1.411877496023213,0.0,0.0,0.0,1.6315055340430117e-05,0.0
2015-04-02,-0.0005480505092412269,1.8686576452636097,1.2128788347762567,0.8419202763008823,0.00042096013815044113,0.0,1.633973561438955e-05,0.0
2015-04-06,0.005333273005267092,1.87862370663918,1.2117579195530614,0.0,0.0,0.0,8.459548945935759e-06,0.0
2015-04-07,-0.005079017727184776,1.86908214353045,1.212847378252436,0.0,0.0,0.0,8.40600509662662e-06,0.0
2015-04-08,0.005892549032652017,1.8800958017072575,1.21160890870667,0.0,0.0,0.0,8.439730312297423e-06,0.0
2015-04-09,-0.008413492997090266,1.8642776288457348,1.213412853433438,0.0,0.0,0.0,8.409498957111475e-06,0.0
2015-04-10,0.003152281675662394,1.8701543570534924,1.2127506721521533,0.0,0.0,0.0,8.432416449631658e-06,0.0
2015-04-13,-0.0009581897182362464,1.868362394377049,1.2129631737626057,0.0,0.0,0.0,8.441407477970315e-06,0.0
2015-04-14,0.0019068342320605058,1.871925051748542,1.2125662959924188,0.0,0.0,0.0,8.420103750864224e-06,0.0
2015-04-15,0.0021179292927964166,1.8758896566495595,1.2121254644280344,0.0,0.0,0.0,8.402241160202936e-06,0.0
2015-04-16,-0.0014091013961405885,1.873246337915369,1.2124332220549785,0.0,0.0,0.0,8.427093027100757e-06,0.0
2015-04-17,-0.008485387581670167,1.8573511167022128,1.214259728786641,0.0,0.0,0.0,8.499396818280198e-06,0.0
2015-04-20,0.0059872034547827635,1.8684714557248767,1.2129929987389365,0.0,0.0,0.0,8.475147929891589e-06,0.0
2015-04-21,0.00024619049855889585,1.8689314556441048,1.2129490248154742,0.0,0.0,0.0,8.422258569381408e-06,0.0
2015-04-22,-0.0014867693731211995,1.8661527855953903,1.2132745652653039,0.0,0.0,0.0,8.44620722275743e-06,0.0
2015-04-23,0.004675927947576097,1.874878781560003,1.2122903740486877,0.0,0.0,0.0,8.477001619937334e-06,0.0
2015-04-24,0.005829591961022507,1.8858085598328769,1.2110683558792203,0.0,0.0,0.0,8.383899206903212e-06,0.0
2015-04-27,-0.004788421852934044,1.8767785129145231,1.2120923191032618,0.0,0.0,0.0,8.355812552351049e-06,0.0
2015-04-28,-0.0033384560168957522,1.870512970395703,1.2128111962838275,0.0,0.0,0.0,8.431634554346718e-06,0.0
2015-04-29,-0.014460151714650538,1.8434650690595595,1.2159421981189642,0.0,0.0,0.0,8.525895086188523e-06,0.0
2015-04-30,-0.01612044712077154,1.8137475878947955,1.2194890285318474,0.0,0.0,0.0,8.625216839132776e-06,0.0
2015-05-01,0.004816858127719037,1.8224841527051772,1.2184455173482294,0.0,0.0,0.0,8.706738018422123e-06,0.0
2015-05-04,0.0037081559187588375,1.8292422081028752,0.9183256036522751,1.1879068505951083,0.0005939534252975542,0.0,8.641879399798782e-06,0.0
2015-05-05,-0.01185586094058777,1.8075549668569537,0.9173456653545823,0.0,0.0,0.0,0.0,0.0
2015-05-06,-0.004061139213000331,1.8002142345013974,0.9170086258306023,0.0,0.0,0.0,0.0,0.0
2015-05-07,0.0031408736727864817,1.8058684799959184,0.9172684750990729,0.0,0.0,0.0,0.0,0.0
2015-05-08,0.010479617901837157,1.824793291647247,0.9181264783225306,0.0,0.0,0.0,0.0,0.0
2015-05-11,-0.003720832463101842,1.8180035415292353,0.9178207029261835,0.0,0.0,0.0,0.0,0.0
2015-05-12,-0.0028701469835726856,1.8127856041483907,0.9175841573439857,0.0,0.0,0.0,0.0,0.0
2015-05-13,0.0008557591816682475,1.8143369120735366,0.9176546251545775,0.0,0.0,0.0,0.0,0.0
2015-05-14,0.010509053130051793,1.8334038750783317,0.9185109974122869,0.0,0.0,0.0,0.0,0.0
2015-05-15,0.0013497653197898085,1.8358785400460809,0.9186208401799655,0.0,0.0,0.0,0.0,0.0
2015-05-18,0.002815389176021199,1.841047252616216,0.9188493109515392,0.0,0.0,0.0,0.0,0.0
2015-05-19,-0.0003937352572876973,1.8403223674025284,0.9188173464785677,0.0,0.0,0.0,0.0,0.0
2015-05-20,0.0002844661769225709,1.8408458768706883,0.9188404336301336,0.0,0.0,0.0,0.0,0.0
2015-05-21,0.0011336005545747874,1.8429326607775955,0.9189323319835552,0.0,0.0,0.0,0.0,0.0
2015-05-22,-0.0013634014611438872,1.8404200036951015,0.9188216533070607,0.0,0.0,0.0,0.0,0.0
2015-05-26,-0.010653657225924484,1.8208127998239991,0.9179474940339705,0.0,0.0,0.0,0.0,0.0
2015-05-27,0.009366093572072076,1.8378667028843774,0.9187088743236345,0.0,0.0,0.0,0.0,0.0
2015-05-28,-0.003263744317532291,1.8318683758764567,0.9184426921234994,0.0,0.0,0.0,0.0,0.0
2015-05-29,-0.006171374297944121,1.820563230464356,0.9179362459811545,0.0,0.0,0.0,0.0,0.0
2015-06-01,0.0014659874042486365,1.823232153228855,0.918056374304283,0.0,0.0,0.0,0.0,0.0
2015-06-02,-0.001736506522837189,1.8200660987021264,0.9392375370066252,0.3661965619562255,0.0001830982809781128,0.0,0.0,0.0
2015-06-03,0.0013462451850978496,1.8225163539240639,0.9393192282034842,0.0,0.0,0.0,0.0,0.0
2015-06-04,-0.006983953829031053,1.8097879838556041,0.9388924559371438,0.0,0.0,0.0,0.0,0.0
2015-06-05,-0.001187954868170027,1.8076380374098273,0.9388197765929116,0.0,0.0,0.0,0.0,0.0
2015-06-08,-0.0055556131749686655,1.7975954997136188,0.938477984070664,0.0,0.0,0.0,0.0,0.0
2015-06-09,-0.002475691847772188,1.7931452071893859,0.9383252965100201,0.0,0.0,0.0,0.0,0.0
2015-06-10,0.010900691359019277,1.8126917296548621,0.938990343940643,0.0,0.0,0.0,0.0,0.0
2015-06-11,0.0029473621264966,1.8180343886058603,0.9391696330603019,0.0,0.0,0.0,0.0,0.0
2015-06-12,-0.004956183846841045,1.8090238759360504,0.9388666449133182,0.0,0.0,0.0,0.0,0.0
2015-06-15,-0.0040985550421728245,1.8016094920079218,0.9386150553388637,0.0,0.0,0.0,0.0,0.0
2015-06-16,0.005989929793208448,1.812401006379827,0.9389805575153674,0.0,0.0,0.0,0.0,0.0
2015-06-17,0.002198306628035551,1.81638521952481,0.9391144027274037,0.0,0.0,0.0,0.0,0.0
2015-06-18,0.01208695939310922,1.8383397939154502,0.9398415356432357,0.0,0.0,0.0,0.0,0.0
2015-06-19,-0.003856006978203652,1.8312511428418028,0.9396086662388295,0.0,0.0,0.0,0.0,0.0
2015-06-22,0.003057684197525612,1.8368505305229708,0.9397927609622121,0.0,0.0,0.0,0.0,0.0
2015-06-23,-0.0005321744220646574,1.8358730056534704,0.9397607031492249,0.0,0.0,0.0,0.0,0.0
2015-06-24,-0.006321462450402882,1.8242676033845238,0.9393774801664483,0.0,0.0,0.0,0.0,0.0
2015-06-25,-0.0032053561012604925,1.8184201760916834,0.9391825385453113,0.0,0.0,0.0,0.0,0.0
2015-06-26,-0.0010621491503508551,1.8164887426466667,0.9391178726454702,0.0,0.0,0.0,0.0,0.0
2015-06-29,-0.020461478372086672,1.779320697525863,0.9378461122148125,0.0,0.0,0.0,0.0,0.0
2015-06-30,0.002523046773543758,1.7838100068708553,0.9380025347195562,0.0,0.0,0.0,0.0,0.0
2015-07-01,0.007678920579136106,1.7975077422418848,0.9384749804582471,0.0,0.0,0.0,0.0,0.0
2015-07-02,-0.0012125037959641594,1.7953282572811415,0.9479870319677989,0.41058483620180614,0.00020529241810090306,0.0,0.0,0.0
2015-07-06,-0.0055051342365481926,1.7854447342261408,0.9476991085396184,0.0,0.0,0.0,0.0,0.0
2015-07-07,0.002692838991084967,1.7902526494228923,0.9478395681842038,0.0,0.0,0.0,0.0,0.0
2015-07-08,-0.016984075256266773,1.759846863697363,0.9469383653887457,0.0,0.0,0.0,0.0,0.0
2015-07-09,0.004523625471677173,1.7678077517962356,0.9471773154301483,0.0,0.0,0.0,0.0,0.0
2015-07-10,0.016885907253335386,1.7976587895347942,0.9480544629509826,0.0,0.0,0.0,0.0,0.0
2015-07-13,0.010479866299102358,1.8164980133005248,0.9485931993486731,0.0,0.0,0.0,0.0,0.0
2015-07-14,0.005725178412087972,1.8268977885118738,0.948885837050941,0.0,0.0,0.0,0.0,0.0
2015-07-15,-0.001856247798473265,1.8235066135139129,0.9487907800491457,0.0,0.0,0.0,0.0,0.0
2015-07-16,0.008627022677082596,1.8392380464205074,0.9492287844768074,0.0,0.0,0.0,0.0,0.0
2015-07-17,0.0022076062150808706,1.8432983597627983,0.9493406204379806,0.0,0.0,0.0,0.0,0.0
2015-07-20,0.00019596824154444192,1.843659587701003,0.9493505461223922,0.0,0.0,0.0,0.0,0.0
2015-07-21,-0.002950491419067003,1.8382198859078105,0.9492006631148182,0.0,0.0,0.0,0.0,0.0
2015-07-22,-0.003811690992155392,1.8312131597270949,0.949006290853006,0.0,0.0,0.0,0.0,0.0
2015-07-23,-0.00556735852971979,1.821018139522553,0.9487208011679914,0.0,0.0,0.0,0.0,0.0
2015-07-24,-0.011167267487982024,1.8006823428580374,0.948141685498477,0.0,0.0,0.0,0.0,0.0
2015-07-27,-0.00696739379968192,1.7881362798672116,0.9477778330965883,0.0,0.0,0.0,0.0,0.0
2015-07-28,0.010007576514913463,1.8060311905070754,0.9482952721170596,0.0,0.0,0.0,0.0,0.0
2015-07-29,0.00420476941664627,1.8136251352224286,0.9485117682592005,0.0,0.0,0.0,0.0,0.0
2015-07-30,0.001656654536924318,1.8166296855309747,0.9485969253959551,0.0,0.0,0.0,0.0,0.0
2015-07-31,0.0017554965270194511,1.819818772634805,0.9486870051801523,0.0,0.0,0.0,0.0,0.0
2015-08-03,-0.0033587831360678555,1.8137063960305795,0.9485140751239337,0.0,0.0,0.0,0.0,0.0
2015-08-04,-0.003907376570185583,1.806619562153534,1.0560703678930807,0.514339575387179,0.0002571697876935895,0.0,0.0,0.0
2015-08-05,0.0019815027788900874,1.8101993838363384,1.0559617046344352,0.0,0.0,0.0,2.2153365339275926e-06,0.0
2015-08-06,-0.009806542227347448,1.792447587138829,1.0565181731889903,0.0,0.0,0.0,2.218410405088581e-06,0.0
2015-08-07,-0.0018493929504614925,1.7891326472071027,1.0566251381048708,0.0,0.0,0.0,2.2484166869394765e-06,0.0
2015-08-10,0.009003804527669024,1.8052416478366264,1.0561220729595453,0.0,0.0,0.0,2.234848373818376e-06,0.0
2015-08-11,-0.006699235481168686,1.7931479089373559,1.0565028257610574,0.0,0.0,0.0,2.2404263250638102e-06,0.0
2015-08-12,0.0014413971428191008,1.7957325472099503,1.0564237389206155,0.0,0.0,0.0,2.2563266251528223e-06,0.0
2015-08-13,-0.001409319457254865,1.7932017863911416,1.0565056124168974,0.0,0.0,0.0,2.2397667422762585e-06,0.0
2015-08-14,0.004500021964790157,1.8012712338172028,1.0562547072847004,0.0,0.0,0.0,2.246396697463782e-06,0.0
2015-08-17,0.0086007214065702,1.8167634658769334,1.0557772153245142,0.0,0.0,0.0,2.237101993931698e-06,0.0
2015-08-18,-0.003634087252704199,1.8101611889244114,1.0559828753597895,0.0,0.0,0.0,2.216268464971376e-06,0.0
2015-08-19,-0.008216449226895683,1.7952880914231168,1.05644890647644,0.0,0.0,0.0,2.2313197732965583e-06,0.0
2015-08-20,-0.02166988166645567,1.7563844109247808,1.057701531880229,0.0,0.0,0.0,2.2591873451684897e-06,0.0
2015-08-21,-0.02744546866565334,1.7081796176099027,1.059332222270753,0.0,0.0,0.0,2.3149459381334387e-06,0.0
2015-08-24,-0.04406075131407239,1.6329159402786255,1.0620694011733294,0.0,0.0,0.0,2.494989710549824e-06,0.0
2015-08-25,-0.013311683788874484,1.6111790796278238,1.0629092928587214,0.0,0.0,0.0,2.390682888349927e-06,0.0
2015-08-26,0.037433913503871485,1.671491817933859,1.0606417319121089,0.0,0.0,0.0,2.441039886832646e-06,0.0
2015-08-27,0.023235614464524268,1.7103299573959767,1.0592670324144042,0.0,0.0,0.0,2.378445892905018e-06,0.0
2015-08-28,0.0022785062371628584,1.71422695487151,1.0591346456218882,0.0,0.0,0.0,2.358832866443755e-06,0.0
2015-08-31,-0.011913802045498634,1.6938039942701129,1.0598500336885919,0.0,0.0,0.0,2.3582857206931303e-06,0.0
2015-09-01,-0.02912279471047352,1.6444756882652043,1.0616477638612187,0.0,0.0,0.0,2.42466541842008e-06,0.0
2015-09-02,0.011632679338041463,1.6636053466259986,0.8709179472753286,1.9310670476786795,0.0009655335238393398,0.0,2.412058213038482e-06,0.0
2015-09-03,0.0030293762400606106,1.6686450331359053,0.8713078043550964,0.0,0.0,0.0,0.0,0.0
2015-09-04,0.004935927161263898,1.676881343477469,0.8719398996825277,0.0,0.0,0.0,0.0,0.0
2015-09-08,-0.007691254710798123,1.6639840219449984,0.8709473226700728,0.0,0.0,0.0,0.0,0.0
2015-09-09,0.001963658129642054,1.6672515176972853,0.8712002413632158,0.0,0.0,0.0,0.0,0.0
2015-09-10,-0.0036319661137144132,1.6611961166819698,0.8707307397905903,0.0,0.0,0.0,0.0,0.0
2015-09-11,0.0036495705833972103,1.667258769162666,0.8712008015563951,0.0,0.0,0.0,0.0,0.0
2015-09-14,0.0010499175523630555,1.669009253408741,0.8713358882656643,0.0,0.0,0.0,0.0,0.0
2015-09-15,-0.011049373474570579,1.6505677468353137,0.8698983465065561,0.0,0.0,0.0,0.0,0.0
2015-09-16,-0.001531163352329168,1.648040457990823,0.8696988341366203,0.0,0.0,0.0,0.0,0.0
2015-09-17,0.008660697374050175,1.6623136376576726,0.8708176434329145,0.0,0.0,0.0,0.0,0.0
2015-09-18,0.008022701843433122,1.6756498843428727,0.8718457864779813,0.0,0.0,0.0,0.0,0.0
2015-09-21,-0.00889795363682977,1.6607400293604306,0.8706952387069746,0.0,0.0,0.0,0.0,0.0
2015-09-22,0.007619460714541448,1.6733939727712088,0.8716730210814603,0.0,0.0,0.0,0.0,0.0
2015-09-23,-0.0005917669108914669,1.6724037135892376,0.8715970364563748,0.0,0.0,0.0,0.0,0.0
2015-09-24,0.003276281789425184,1.677882979420637,0.8720163469681469,0.0,0.0,0.0,0.0,0.0
2015-09-25,-0.004523897584409631,1.670292408663114,0.871434730857635,0.0,0.0,0.0,0.0,0.0
2015-09-28,0.009201078079686953,1.6856608995311317,0.8726068848568812,0.0,0.0,0.0,0.0,0.0
2015-09-29,0.0027756547149917488,1.6903397121547927,0.8729595054046997,0.0,0.0,0.0,0.0,0.0
2015-09-30,-0.001203045778022216,1.6883061561006616,0.8728064857844308,0.0,0.0,0.0,0.0,0.0
2015-10-01,0.0019802778768125417,1.6916494714308743,0.8730578664830698,0.0,0.0,0.0,0.0,0.0
2015-10-02,0.006103455501309529,1.7019743787035666,1.1110897182248236,0.3135705707847396,0.00015678528539236978,0.0,0.0,0.0
2015-10-05,-0.0026554092023500786,1.6974549402761931,1.111389912345266,0.0,0.0,0.0,4.417900137476353e-06,0.0
2015-10-06,0.0017905875513648528,1.7004943819612546,1.111195227789232,0.0,0.0,0.0,4.425067708216519e-06,0.0
2015-10-07,0.0008644273920637158,1.7019643358850725,1.1111035993036764,0.0,0.0,0.0,4.419899366726165e-06,0.0
2015-10-08,-0.0016810525162281875,1.6991032444557022,1.1112951010863898,0.0,0.0,0.0,4.4056390030260165e-06,0.0
2015-10-09,0.0006642749272138815,1.700231916139742,1.111225633159284,0.0,0.0,0.0,4.417553756484916e-06,0.0
2015-10-12,0.0061882756035267494,1.7107534198267271,1.1105459580198032,0.0,0.0,0.0,4.39788387931471e-06,0.0
2015-10-13,-0.0012128608056813928,1.708678514055634,1.1106845897648878,0.0,0.0,0.0,4.385340750086919e-06,0.0
2015-10-14,0.00347640071005495,1.7146185652551527,1.1103055158369348,0.0,0.0,0.0,4.378810717569686e-06,0.0
2015-10-15,0.0005111731650178086,1.7154950322539524,1.1102535343918147,0.0,0.0,0.0,4.381800224985097e-06,0.0
2015-10-16,0.0018419616119871307,1.7186549082489189,1.1100551920930333,0.0,0.0,0.0,4.367980389701473e-06,0.0
2015-10-19,0.0028701193337974384,1.7235876529292098,1.1097445793236644,0.0,0.0,0.0,4.369387780466807e-06,0.0
2015-10-20,-0.0038152259672910027,1.7170117765588522,1.1101692548692625,0.0,0.0,0.0,4.372651978358628e-06,0.0
2015-10-21,0.003865093400104991,1.7236481874443323,1.1097494348487915,0.0,0.0,0.0,4.356431994358119e-06,0.0
2015-10-22,0.0035883875903088835,1.7298333052102162,1.1093613590414513,0.0,0.0,0.0,4.3511017004222234e-06,0.0
2015-10-23,-0.008388138552189117,1.7153232237739215,1.1102908335709507,0.0,0.0,0.0,4.361988017564344e-06,0.0
2015-10-26,0.0033945975853679755,1.7211460558474703,1.10992206900132,0.0,0.0,0.0,4.3647663446404e-06,0.0
2015-10-27,0.0019445971171945242,1.7244929915059422,1.1097130832427928,0.0,0.0,0.0,4.35172575040883e-06,0.0
2015-10-28,-0.0036320280408327354,1.718229584604573,1.1101173863716571,0.0,0.0,0.0,4.355398497977606e-06,0.0
2015-10-29,-0.008662582577680378,1.7033452789405223,1.1110840306981964,0.0,0.0,0.0,4.386332291408266e-06,0.0
2015-10-30,0.0007634947629795441,1.7046457741405392,1.1110036880601473,0.0,0.0,0.0,4.401839136641168e-06,0.0
2015-11-02,0.003198857100568997,1.7100986923791035,1.1106541262310023,0.0,0.0,0.0,4.415393148856337e-06,0.0
2015-11-03,-0.004315882632914603,1.7027181071320945,1.1296719172940768,1.0341954715637358,0.0005170977357818679,0.0,4.399265637565403e-06,0.0
2015-11-04,-0.0015400316783655832,1.7000958673077844,1.1298770778192155,0.0,0.0,0.0,5.136545578442896e-06,0.0
2015-11-05,-0.0007730267206149666,1.6987816477747484,1.1299827117809347,0.0,0.0,0.0,5.1525859121046265e-06,0.0
2015-11-06,-0.014125504963167779,1.6747854991777678,1.1318503222057656,0.0,0.0,0.0,5.206954770227004e-06,0.0
2015-11-09,-0.011549451486252749,1.6554426453051345,1.133396207387076,0.0,0.0,0.0,5.265574223380601e-06,0.0
2015-11-10,0.004232704411856414,1.6624496446934929,1.1328392316853468,0.0,0.0,0.0,5.300772245396258e-06,0.0
2015-11-11,-0.001787463616244933,1.6594780764397639,1.133082383001007,0.0,0.0,0.0,5.271771992303883e-06,0.0
2015-11-12,-0.005750946775530008,1.649934506347,1.1338574712405631,0.0,0.0,0.0,5.292357006657881e-06,0.0
2015-11-13,-0.008066962551814272,1.6366245464713525,1.134951431186674,0.0,0.0,0.0,5.313707738803992e-06,0.0
2015-11-16,0.00974405608814588,1.6525719078474057,1.1336544499454981,0.0,0.0,0.0,5.359177429932758e-06,0.0
2015-11-17,0.0005951856481454243,1.6535554949294848,1.1335802486466415,0.0,0.0,0.0,5.313095550438006e-06,0.0
2015-11-18,0.01143598805100643,1.6724655358111744,1.1320751397303679,0.0,0.0,0.0,5.2940067286957625e-06,0.0
2015-11-19,0.003327451899552303,1.678030584435245,1.1316423472289927,0.0,0.0,0.0,5.225158764513199e-06,0.0
2015-11-20,0.004606961690553302,1.6857612070533148,1.1310438571022083,0.0,0.0,0.0,5.2021487522102e-06,0.0
2015-11-23,0.0008293789645497096,1.687159341937699,1.1309404579937994,0.0,0.0,0.0,5.197297431078132e-06,0.0
2015-11-24,-0.0013277288856290426,1.6849192517447493,1.1311197455173194,0.0,0.0,0.0,5.217492128723229e-06,0.0
2015-11-25,0.002141592766033096,1.6885276626256358,1.1308447325491233,0.0,0.0,0.0,5.193867353662074e-06,0.0
2015-11-27,0.0025756883779899375,1.6928767837021752,1.130513762020411,0.0,0.0,0.0,5.186986999662419e-06,0.0
2015-11-30,-0.0021102371450740787,1.6893044122311733,1.1307949494987721,0.0,0.0,0.0,5.1673362384149394e-06,0.0
2015-12-01,0.013586399773549918,1.7122559773149677,1.1290468575779713,0.0,0.0,0.0,5.1779479375303355e-06,0.0
2015-12-02,-0.009560077808693168,1.6958866769434366,1.0962379653642478,0.10734962124384918,5.367481062192459e-05,0.0,5.127149526222235e-06,0.0
2015-12-03,-0.020878631356243904,1.6604788841935691,1.0982940291298493,0.0,0.0,0.0,3.832180226824919e-06,0.0
2015-12-04,0.018684615899968948,1.6915042943547351,1.096494958451609,0.0,0.0,0.0,3.896864820959455e-06,0.0
2015-12-07,-0.00027799380543047647,1.6910340666390455,1.0965256211413694,0.0,0.0,0.0,3.829714283942063e-06,0.0
2015-12-08,-0.001872798368312556,1.687867100798283,1.0967105709225833,0.0,0.0,0.0,3.849166887821061e-06,0.0
2015-12-09,-0.007515971080408357,1.6751811404811106,1.0974468160953017,0.0,0.0,0.0,3.85378125544996e-06,0.0
2015-12-10,0.0003690638902125176,1.675799389349627,1.0974147307729454,0.0,0.0,0.0,3.861629848374005e-06,0.0
2015-12-11,-0.005928429589611706,1.6658645306635536,1.0979995800469848,0.0,0.0,0.0,3.878842086620262e-06,0.0
2015-12-14,-0.00010548652787401025,1.6656888043983054,1.0980138080555044,0.0,0.0,0.0,3.892562126675299e-06,0.0
2015-12-15,0.005066184784359606,1.6741274916746263,1.097523624788314,0.0,0.0,0.0,3.879491463047052e-06,0.0
2015-12-16,0.011788805079481879,1.6938634543521804,1.0963911581980423,0.0,0.0,0.0,3.85677920448153e-06,0.0
2015-12-17,-0.0051584893200598,1.685125677813265,1.0968948141077466,0.0,0.0,0.0,3.8118332296553572e-06,0.0
2015-12-18,-0.01045050852521312,1.667515257551222,1.0979219937707596,0.0,0.0,0.0,3.847867824850191e-06,0.0
2015-12-21,0.00570902828094888,1.6770351493154956,1.0973699915288095,0.0,0.0,0.0,3.862703453049837e-06,0.0
2015-12-22,0.002562173940974688,1.6813320050731702,1.097125004262424,0.0,0.0,0.0,3.8572965824562365e-06,0.0
2015-12-23,0.00522263861161365,1.690112994521807,1.0966242250208487,0.0,0.0,0.0,3.852413228742977e-06,0.0
2015-12-24,0.0013976649569478194,1.6924752062275323,1.0964931941594318,0.0,0.0,0.0,3.834225310413219e-06,0.0
2015-12-28,0.0016798089481873113,1.6953182412235384,1.0963351985259289,0.0,0.0,0.0,3.837002856136288e-06,0.0
2015-12-29,0.003823267053385093,1.701799895600211,1.0959720944046853,0.0,0.0,0.0,3.814458236537252e-06,0.0
2015-12-30,-0.005294569435878471,1.692789597886985,1.0964867586645222,0.0,0.0,0.0,3.813886531965968e-06,0.0
2015-12-31,-0.006473530019097229,1.681831273609048,1.097119292157366,0.0,0.0,0.0,3.831047569008893e-06,0.0
2016-01-04,-0.009507207120358685,1.66584175534935,1.098055378893941,0.0,0.0,0.0,3.885042391631724e-06,0.0
2016-01-05,0.0028505361575017485,1.6705902975056497,1.2230833645303623,0.8743615298029648,0.0004371807649014824,0.0,3.890419735410535e-06,0.0
2016-01-06,-0.00308407211899131,1.665438076546855,1.2237823780376553,0.0,0.0,0.0,8.922469312434325e-06,0.0
2016-01-07,-0.016757658639965478,1.637529233774082,1.2276053917503196,0.0,0.0,0.0,8.983839833112754e-06,0.0
2016-01-08,-0.006524644695313109,1.6268449373455178,1.2291092803610644,0.0,0.0,0.0,8.993985582265569e-06,0.0
2016-01-11,0.0006294864676372747,1.627869014218521,1.22897423581629,0.0,0.0,0.0,9.078746001300722e-06,0.0
2016-01-12,0.005304108842116628,1.6365034086506451,1.2277751777611117,0.0,0.0,0.0,9.037244605830057e-06,0.0
2016-01-13,-0.015366415760222796,1.6113562168802975,1.2313390687709593,0.0,0.0,0.0,9.017420059766939e-06,0.0
2016-01-14,0.007113897090966548,1.6228192391840732,1.2297140865208809,0.0,0.0,0.0,9.171357276924307e-06,0.0
2016-01-15,-0.011479145266567903,1.6041906613960981,1.2323908504906382,0.0,0.0,0.0,9.24299335631566e-06,0.0
2016-01-19,0.0013599056225086503,1.6063722092961066,1.2320844593885654,0.0,0.0,0.0,9.166289261571112e-06,0.0
2016-01-20,-0.007668924672090349,1.5940530618276754,1.2338873334311744,0.0,0.0,0.0,9.280516514821939e-06,0.0
2016-01-21,0.001566844291865488,1.5965506947685308,1.233530708417106,0.0,0.0,0.0,9.249226419310051e-06,0.0
2016-01-22,0.016738020796705166,1.6232737935005606,1.2296953302933535,0.0,0.0,0.0,9.184416309357048e-06,0.0
2016-01-25,-0.006817654901766446,1.6122068729653924,1.2312812408729368,0.0,0.0,0.0,9.123271041782206e-06,0.0
2016-01-26,0.010695125469652345,1.6294496277547932,1.2288429150110711,0.0,0.0,0.0,9.15006346641428e-06,0.0
2016-01-27,-0.012377398596998268,1.6092812802183416,1.231720087970874,0.0,0.0,0.0,9.106418448913683e-06,0.0
2016-01-28,0.00320425441466643,1.614437826864921,1.230989135256076,0.0,0.0,0.0,9.135093759732491e-06,0.0
2016-01-29,0.01829047179822707,1.6439666564071849,1.2268491239868677,0.0,0.0,0.0,9.125929292713475e-06,0.0
2016-02-01,-0.0003217111308595477,1.6434377740350568,1.2269311322074021,0.0,0.0,0.0,9.044606912735155e-06,0.0
2016-02-02,0.001865995967132772,1.6465044222936398,0.9425018701436831,1.1696503327821577,0.0005848251663910788,0.0,9.021988113952943e-06,0.0
2016-02-03,-0.004225068089543593,1.6395478289997145,0.9422579058643271,0.0,0.0,0.0,0.0,0.0
2016-02-04,0.0033303119630252453,1.6450080347485843,0.9424495667606215,0.0,0.0,0.0,0.0,0.0
2016-02-05,0.0011548969693897515,1.6469078495425373,0.9425159549100841,0.0,0.0,0.0,0.0,0.0
2016-02-08,0.01325674987361225,1.6687404949688114,0.9432680363618736,0.0,0.0,0.0,0.0,0.0
2016-02-09,0.0005644655660452802,1.6696824415168865,0.9433000415360229,0.0,0.0,0.0,0.0,0.0
2016-02-10,0.005415960340239501,1.6787253754009361,0.9436054720627375,0.0,0.0,0.0,0.0,0.0
2016-02-11,0.0054156852709295045,1.6878168236904307,0.9439092419549174,0.0,0.0,0.0,0.0,0.0
2016-02-12,-0.011224658503186102,1.6688716562285735,0.9432724950845034,0.0,0.0,0.0,0.0,0.0
2016-02-16,-0.006197923799928673,1.658528116871408,0.9429187095961787,0.0,0.0,0.0,0.0,0.0
2016-02-17,-0.0039519165466409545,1.6519737521632747,0.9426922340878193,0.0,0.0,0.0,0.0,0.0
2016-02-18,0.0077646051597177745,1.6648006760830398,0.943133777849741,0.0,0.0,0.0,0.0,0.0
2016-02-19,0.00037416285812530425,1.665423582662212,0.9431550471197807,0.0,0.0,0.0,0.0,0.0
2016-02-22,-0.0007339797839622797,1.6642011954208038,0.94311329342718,0.0,0.0,0.0,0.0,0.0
2016-02-23,0.0027947004596140523,1.6688521392665367,0.9432718316652982,0.0,0.0,0.0,0.0,0.0
2016-02-24,-0.0008819589303592501,1.6673802802188615,0.9432217555855867,0.0,0.0,0.0,0.0,0.0
2016-02-25,0.0030809543079017843,1.6725174026761125,0.9433961494627432,0.0,0.0,0.0,0.0,0.0
2016-02-26,-0.00672095218230917,1.6612764931886463,0.9430131435253569,0.0,0.0,0.0,0.0,0.0
2016-02-29,0.002755442436086497,1.6658540449360513,0.9431697360463089,0.0,0.0,0.0,0.0,0.0
2016-03-01,-0.01173009218321075,1.6463134234251768,0.9424951994347008,0.0,0.0,0.0,0.0,0.0
2016-03-02,0.00309301761605818,1.651405499845384,1.260924908538593,0.5976531535002286,0.00029882657675011433,0.0,0.0,0.0
2016-03-03,0.006995448873333698,1.6629578225886943,1.2591225839139342,0.0,0.0,0.0,1.034790646640455e-05,0.0
2016-03-04,-0.003978319275905973,1.656342045428071,1.26016789751782,0.0,0.0,0.0,1.0304769705878513e-05,0.0
2016-03-07,0.0006851972029795483,1.6574769663647757,1.2600000703197798,0.0,0.0,0.0,1.0334155694532055e-05,0.0
2016-03-08,0.0027961481761320517,1.6621115175612573,1.2592853874197565,0.0,0.0,0.0,1.0234553718698132e-05,0.0
2016-03-09,-0.004608180569568465,1.6544522075615755,1.2604960895407018,0.0,0.0,0.0,1.0348537018511167e-05,0.0
2016-03-10,5.0956517212208396e-05,1.654536512683967,1.2604931528632846,0.0,0.0,0.0,1.0294562240115381e-05,0.0
2016-03-11,-0.003794446594565848,1.6482584622478285,1.2614957214428826,0.0,0.0,0.0,1.031605054478645e-05,0.0
2016-03-14,-0.0017963597398440445,1.6452975971053891,1.2619767026586588,0.0,0.0,0.0,1.0344482630328106e-05,0.0
2016-03-15,0.0004750682352292479,1.6460792257312729,1.261862695910739,0.0,0.0,0.0,1.0378618533882514e-05,0.0
2016-03-16,0.011542619475805926,1.6650792918609183,1.2588848776567287,0.0,0.0,0.0,1.0419881208024027e-05,0.0
2016-03-17,0.004020379040965638,1.671773541747462,1.2578584621095588,0.0,0.0,0.0,1.0246411642700314e-05,0.0
2016-03-18,-0.0001683670425397521,1.6714920701804417,1.2579121184888389,0.0,0.0,0.0,1.0226316558215262e-05,0.0
2016-03-21,-0.007430009805324156,1.6590728677094795,1.2598530639095067,0.0,0.0,0.0,1.0285652040391263e-05,0.0
2016-03-22,-0.000417944052453989,1.6583794680718325,1.2599720293024783,0.0,0.0,0.0,1.0270436067110172e-05,0.0
2016-03-23,-0.0010060917111878176,1.6567109862350013,1.2602441751603612,0.0,0.0,0.0,1.0355466703511229e-05,0.0
2016-03-24,-0.0008735818384066896,1.6552637136059376,1.260482054702388,0.0,0.0,0.0,1.0293195458004519e-05,0.0
2016-03-28,0.0036928093751371627,1.6613762869658661,1.2595339817708102,0.0,0.0,0.0,1.0327183375886981e-05,0.0
2016-03-29,0.015775428722477836,1.687585210162111,1.2555134465742739,0.0,0.0,0.0,1.025287290133908e-05,0.0
2016-03-30,-0.0075829400129358016,1.674788352746734,1.2574760111440322,0.0,0.0,0.0,1.0187203405521443e-05,0.0
2016-03-31,0.006402460661482534,1.6855111192915042,1.2558481705984925,0.0,0.0,0.0,1.0183344703553425e-05,0.0
2016-04-01,-0.001075480472277901,1.683698384996899,1.2561337901933183,0.0,0.0,0.0,1.0173585455977945e-05,0.0
2016-04-04,-0.003693528799642243,1.6774795965220017,1.4403524091941788,1.1673355565235408,0.0005836677782617703,0.0,1.0157079322325207e-05,0.0
2016-04-05,0.005010832136954191,1.685885165193339,1.4381742658034566,0.0,0.0,0.0,1.7372866800612514e-05,0.0
2016-04-06,-0.0004329958385550503,1.6851551839325287,1.4383814710238,0.0,0.0,0.0,1.747358397718559e-05,0.0
2016-04-07,0.0049389331962799154,1.6934780528113365,1.4362442857294435,0.0,0.0,0.0,1.728928924443546e-05,0.0
2016-04-08,-0.0021766506801592644,1.6897919426558499,1.4372132575450334,0.0,0.0,0.0,1.7324932798311363e-05,0.0
2016-04-11,0.0022639513351474516,1.693617549380547,1.4362429744131044,0.0,0.0,0.0,1.731260321717456e-05,0.0
2016-04-12,0.0011723833041836773,1.6956031183191134,1.4357494202970837,0.0,0.0,0.0,1.733627629270388e-05,0.0
2016-04-13,0.00020303321106651673,1.69594738206492,1.4356782547856852,0.0,0.0,0.0,1.72887842215033e-05,0.0
2016-04-14,-0.008882114864400603,1.68088378261344,1.4396001223867636,0.0,0.0,0.0,1.7356937907812716e-05,0.0
2016-04-15,0.008274569866657311,1.6947923729104062,1.4360097735026711,0.0,0.0,0.0,1.7391718358758447e-05,0.0
2016-04-18,0.0003185474221440998,1.6953322446518664,1.4358882244075821,0.0,0.0,0.0,1.7330842158216896e-05,0.0
2016-04-19,0.0021224513565216707,1.6989305048742827,1.434982292801924,0.0,0.0,0.0,1.7183536184301444e-05,0.0
2016-04-20,-0.01237971944864924,1.677898221861187,1.4404522290299424,0.0,0.0,0.0,1.7239435828349293e-05,0.0
2016-04-21,-0.007295892755802114,1.6656564563793368,1.443706945582977,0.0,0.0,0.0,1.7479053098262817e-05,0.0
2016-04-22,-0.0066444124040120345,1.6545891479597472,1.4466925626052065,0.0,0.0,0.0,1.769905528834357e-05,0.0
2016-04-25,0.0015679960671952653,1.657183537236572,1.4460109450927165,0.0,0.0,0.0,1.7767144678449296e-05,0.0
2016-04-26,-0.0010217935973444447,1.655490237708599,1.4464848593102984,0.0,0.0,0.0,1.7643916947285506e-05,0.0
2016-04-27,0.0034666911080656337,1.6612293109951528,1.4449600379564176,0.0,0.0,0.0,1.771015956388753e-05,0.0
2016-04-28,0.004588478543883889,1.668851826045125,1.442945250323556,0.0,0.0,0.0,1.7662094976004774e-05,0.0
2016-04-29,0.0037385410417041243,1.6750908970893175,1.4413129608994706,0.0,0.0,0.0,1.758710939184119e-05,0.0
2016-05-02,0.00124168803942859,1.677170837421189,1.440783158143106,0.0,0.0,0.0,1.7528424791444464e-05,0.0
2016-05-03,0.0044332044451480535,1.6846060786329176,1.2007729579796078,1.2377129752097382,0.000618856487604869,0.0,1.7387191173623923e-05,0.0
2016-05-04,0.002777596888021483,1.6892852352344703,1.2002247814306735,0.0,0.0,0.0,7.976969120234975e-06,0.0
2016-05-05,0.0033847923180134742,1.6950031149216254,1.1995572669543173,0.0,0.0,0.0,7.936303826536038e-06,0.0
2016-05-06,0.001755218195707231,1.6979782152307163,1.1992155191893337,0.0,0.0,0.0,7.914666105761998e-06,0.0
2016-05-09,-0.0009177815225949182,1.6964198421990089,1.1994064361096273,0.0,0.0,0.0,7.91960913391532e-06,0.0
2016-05-10,0.001312559078834763,1.6986464934644028,1.199152949052086,0.0,0.0,0.0,7.905245814438276e-06,0.0
2016-05-11,-0.000927547346121993,1.6970709184173904,1.1993457545725041,0.0,0.0,0.0,7.897002189282197e-06,0.0
2016-05-12,-0.002557821245766534,1.69273011436669,1.1998648837642953,0.0,0.0,0.0,7.925096623690016e-06,0.0
2016-05-13,0.0026152837972193144,1.6971570840078583,1.1993514542821404,0.0,0.0,0.0,7.924775475742234e-06,0.0
2016-05-16,-0.002009457845331908,1.693746718390638,1.1997607759124826,0.0,0.0,0.0,7.907982895162957e-06,0.0
2016-05-17,-0.003187879303734875,1.6883472582813117,1.2004075780979298,0.0,0.0,0.0,7.933145467245517e-06,0.0
2016-05-18,-0.015147130027473588,1.6627736428285962,1.203497940545364,0.0,0.0,0.0,7.986457991401153e-06,0.0
2016-05-19,-0.00034499359830342247,1.6621999965663927,1.2035762483629169,0.0,0.0,0.0,8.09468374590197e-06,0.0
2016-05-20,0.0020527587827670057,1.6656120922080597,1.203167273380668,0.0,0.0,0.0,8.07221443771893e-06,0.0
2016-05-23,0.0001655220078109476,1.665887787665796,1.2031417111501563,0.0,0.0,0.0,8.065844015462726e-06,0.0
2016-05-24,-0.0026337963839910827,1.661500178434507,1.203686240412638,0.0,0.0,0.0,8.071437087263968e-06,0.0
2016-05-25,-0.0007424412589411844,1.660266612150299,1.2038456666333208,0.0,0.0,0.0,8.087125548342099e-06,0.0
2016-05-26,0.00279139534760664,1.6649010726472417,1.2032863033057963,0.0,0.0,0.0,8.076088129831056e-06,0.0
2016-05-27,-0.0010944836762912802,1.6630788656005895,1.2035171163843226,0.0,0.0,0.0,8.066898829840876e-06,0.0
2016-05-31,0.002241641168465369,1.6668068916521244,1.20306998242768,0.0,0.0,0.0,8.09886889959336e-06,0.0
2016-06-01,0.001564598063227285,1.6694147744865773,1.20276080160283,0.0,0.0,0.0,8.044443379069778e-06,0.0
2016-06-02,0.0038917172394370425,1.6759116647442176,1.2306622270892693,0.03635411012151124,1.817705506075562e-05,0.0,8.03959854112052e-06,0.0
2016-06-03,0.014817561725753992,1.700744589283476,1.2273032996787911,0.0,0.0,0.0,9.036754180891989e-06,0.0
2016-06-06,-0.005148324685445904,1.6919886039308294,1.2284886534257768,0.0,0.0,0.0,9.028667178322255e-06,0.0
2016-06-07,0.0026546628734696043,1.6964802632600182,1.2278927420344214,0.0,0.0,0.0,9.04611473411875e-06,0.0
2016-06-08,0.007681046532484803,1.7095110071035606,1.2261646045456842,0.0,0.0,0.0,9.010268534232731e-06,0.0
2016-06-09,0.004304590430088906,1.7168697518248701,1.2252041676267964,0.0,0.0,0.0,8.9422520380446e-06,0.0
2016-06-10,0.0018559911115885175,1.7200562468240124,1.224795885135382,0.0,0.0,0.0,8.922341518392644e-06,0.0
2016-06-13,0.002194364648807179,1.7238306774460028,1.224312582006776,0.0,0.0,0.0,8.890235072347016e-06,0.0
2016-06-14,-0.0016865868686973817,1.7209232872615647,1.224700460145184,0.0,0.0,0.0,8.873685177015112e-06,0.0
2016-06-15,0.006593491804341101,1.7322701808520238,1.2232374624510176,0.0,0.0,0.0,8.896315001920072e-06,0.0
2016-06-16,0.0013217133642369205,1.7345597455005248,1.2229516429144613,0.0,0.0,0.0,8.821376701605155e-06,0.0
2016-06-17,-0.001189637532695742,1.7324962481245743,1.2232260482871964,0.0,0.0,0.0,8.840144248637705e-06,0.0
2016-06-20,-0.004866485454814273,1.7240650803325557,1.2243265885439931,0.0,0.0,0.0,8.904695616698464e-06,0.0
2016-06-21,-0.004975122482362204,1.7154876453903376,1.2254571674151618,0.0,0.0,0.0,8.911400818131266e-06,0.0
2016-06-22,0.0011624138572470244,1.7174817520012755,1.2252043334901934,0.0,0.0,0.0,8.942488829807812e-06,0.0
2016-06-23,-0.004246686406080946,1.7101881455923595,1.226173759198695,0.0,0.0,0.0,8.960270008426974e-06,0.0
2016-06-24,0.018451531909535523,1.7417437367320665,1.2220849272265224,0.0,0.0,0.0,8.813602897118095e-06,0.0
2016-06-27,0.01107284515748308,1.7610297954329168,1.2196614627562934,0.0,0.0,0.0,8.746238736134642e-06,0.0
2016-06-28,0.0056447088909061804,1.7709702959763476,1.2184371652720902,0.0,0.0,0.0,8.709951546477948e-06,0.0
2016-06-29,0.0009080188040540005,1.7725783703065152,1.2182476604339545,0.0,0.0,0.0,8.640979234329657e-06,0.0
2016-06-30,0.006143410417177808,1.7834680467319204,1.21692366992187,0.0,0.0,0.0,8.64155817837143e-06,0.0
2016-07-01,0.010008369672347861,1.8013176542424336,1.2147826538055162,0.0,0.0,0.0,8.524667372791948e-06,0.0
2016-07-05,0.002889388258568104,1.806522360322553,1.457765252598473,1.200207570014848,0.000600103785007424,0.0,8.480111481928672e-06,0.0
2016-07-06,0.0019086872766571616,1.8099704465666973,1.4569113170688246,0.0,0.0,0.0,1.8165187324510433e-05,0.0
2016-07-07,-0.014079047751825557,1.7844877862200916,1.463454445742703,0.0,0.0,0.0,1.8149940925460514e-05,0.0
2016-07-08,0.014804773259955883,1.8109067232802407,1.4567113291192733,0.0,0.0,0.0,1.8290389903150994e-05,0.0
2016-07-11,-0.00523010154884862,1.8014354972219924,1.4591307530473516,0.0,0.0,0.0,1.8152453650808557e-05,0.0
2016-07-12,-0.006656609582956885,1.7894440444281057,1.462225829407201,0.0,0.0,0.0,1.8278579974647477e-05,0.0
2016-07-13,0.006316213988998953,1.8007465559340532,1.4593428638794366,0.0,0.0,0.0,1.819988583737301e-05,0.0
2016-07-14,-0.011198995478781337,1.7805800033957166,1.4645637389833408,0.0,0.0,0.0,1.8429190372915073e-05,0.0
2016-07-15,-0.00559512997084799,1.7706174268532247,1.4671961974992422,0.0,0.0,0.0,1.8518772529356286e-05,0.0
2016-07-18,-0.0002574034796216651,1.7701616637664739,1.4673350306939388,0.0,0.0,0.0,1.853084625174342e-05,0.0
2016-07-19,0.003030649912866501,1.7755264040585272,1.465941470258599,0.0,0.0,0.0,1.8517794061994627e-05,0.0
2016-07-20,-0.008778279531800548,1.7599403369676088,1.4700865107953731,0.0,0.0,0.0,1.86614246017776e-05,0.0
2016-07-21,0.004699694230172469,1.7682115184147031,1.4679061491923704,0.0,0.0,0.0,1.8713273608411825e-05,0.0
2016-07-22,0.0015587173677724664,1.7709676604183513,1.4671964896141794,0.0,0.0,0.0,1.8667367926874713e-05,0.0
2016-07-25,-0.006547129179416578,1.7593729063730232,1.4702941054179073,0.0,0.0,0.0,1.8604354479084385e-05,0.0
2016-07-26,-0.0014005361580797793,1.7569088410021019,1.4709723817324811,0.0,0.0,0.0,1.859148480734275e-05,0.0
2016-07-27,0.004112911891267279,1.764134852266132,1.4690618610068338,0.0,0.0,0.0,1.861107568751151e-05,0.0
2016-07-28,0.0013883510923113906,1.7665840908152601,1.4684301290913513,0.0,0.0,0.0,1.866537873322648e-05,0.0
2016-07-29,0.014753520679997134,1.7926474257320568,1.4616379328002973,0.0,0.0,0.0,1.8537114771980293e-05,0.0
2016-08-01,-0.00832731246244034,1.7777194904829967,1.465532889599119,0.0,0.0,0.0,1.8479478299240492e-05,0.0
2016-08-02,-0.010549138562283011,1.7589660812530203,1.5040321512528307,0.6256298824905743,0.0003128149412452872,0.0,1.8515331258354468e-05,0.0
2016-08-03,-0.001337693689591135,1.7566131234259232,1.5047273230837275,0.0,0.0,0.0,2.003741944615563e-05,0.0
2016-08-04,0.002271136312318678,1.7606026312772314,1.5036035995238615,0.0,0.0,0.0,1.9935671129635455e-05,0.0
2016-08-05,-0.005484811493274289,1.750946057730113,1.5064010983581655,0.0,0.0,0.0,2.0034458763002076e-05,0.0
2016-08-08,0.0011310905412142969,1.7529265362541882,1.5058490325838083,0.0,0.0,0.0,2.01371351410203e-05,0.0
2016-08-09,0.008223264307134048,1.7673413144727954,1.5017431395076546,0.0,0.0,0.0,2.0004640630283295e-05,0.0
2016-08-10,0.0003789229430612995,1.7680110006450693,1.5015729924352448,0.0,0.0,0.0,1.9811487588637814e-05,0.0
2016-08-11,-0.009512178988450692,1.7511933635533836,1.5064099582902113,0.0,0.0,0.0,1.9882782302815535e-05,0.0
2016-08-12,0.005101966388518786,1.76012789323403,1.503859380300643,0.0,0.0,0.0,1.999570973588675e-05,0.0
2016-08-15,-0.00030273425914539853,1.7595950422202706,1.5040319624632381,0.0,0.0,0.0,2.000229268898524e-05,0.0
2016-08-16,-0.0073899254953690985,1.746591765956242,1.5078046019058797,0.0,0.0,0.0,2.0019545025162296e-05,0.0
2016-08-17,0.0034491119269866033,1.7526159564477781,1.5060792289774796,0.0,0.0,0.0,2.0157130692185735e-05,0.0
2016-08-18,0.0029550916102962788,1.7577950971567482,1.5046081481813882,0.0,0.0,0.0,2.0075043392172166e-05,0.0
2016-08-19,-0.007875580445947938,1.7439514404615974,1.5086339599836445,0.0,0.0,0.0,2.014699009952463e-05,0.0
2016-08-22,0.0062293361352889765,1.7548151001878542,1.505505182173059,0.0,0.0,0.0,2.0133540250469973e-05,0.0
2016-08-23,0.0028836750917700105,1.7598754167829278,1.5040716630034403,0.0,0.0,0.0,1.9967758345593797e-05,0.0
2016-08-24,-0.009087932162192391,1.7438817883812945,1.508714831727854,0.0,0.0,0.0,2.0026010152149664e-05,0.0
2016-08-25,0.000612218222225902,1.7449494245895494,1.5084237525384347,0.0,0.0,0.0,2.0234110614784578e-05,0.0
2016-08-26,-0.007928482230123546,1.7311146240842268,1.5125073333695993,0.0,0.0,0.0,2.008495881470365e-05,0.0
2016-08-29,0.012394417404788527,1.7525707813106604,1.5062529604578687,0.0,0.0,0.0,2.024535750711288e-05,0.0
2016-08-30,-0.005101674315405091,1.7436297359697184,1.5088691344542087,0.0,0.0,0.0,2.0095745636933128e-05,0.0
2016-08-31,-0.0014260516902413478,1.7411432298375837,1.5096160665268747,0.0,0.0,0.0,2.0226328303570313e-05,0.0
2016-09-01,0.0009179838465738221,1.7427415711971461,1.509168880579108,0.0,0.0,0.0,2.027667143298908e-05,0.0
2016-09-02,0.0061244877345267845,1.7534149705743929,1.3198970880513605,0.6557236897770269,0.00032786184488851346,0.0,2.0118806794753082e-05,0.0
2016-09-06,0.011212153805665093,1.7730745289096288,1.3163626754052362,0.0,0.0,0.0,1.2616646691700659e-05,0.0
2016-09-07,0.0033946443991346165,1.7790934864284402,1.3153048815295532,0.0,0.0,0.0,1.2539451012970043e-05,0.0
2016-09-08,-0.010991472219947784,1.7595386297956719,1.318821713636579,0.0,0.0,0.0,1.2560284046917176e-05,0.0
2016-09-09,-0.040133197633411166,1.6889227182224607,1.332165217617469,0.0,0.0,0.0,1.2848870553767867e-05,0.0
2016-09-12,0.011048137425066606,1.7075821685136996,1.3285485492539344,0.0,0.0,0.0,1.326076449159424e-05,0.0
2016-09-13,-0.026644717667134055,1.6620841237402195,1.3375556622113416,0.0,0.0,0.0,1.3130415523629447e-05,0.0
2016-09-14,0.002695771663232982,1.666564723022908,1.3366614947596276,0.0,0.0,0.0,1.3363298716746992e-05,0.0
2016-09-15,0.007661167888040499,1.679332555162272,1.334115142144845,0.0,0.0,0.0,1.3359864005352685e-05,0.0
2016-09-16,0.001059626870049124,1.68111202106147,1.3337747240161208,0.0,0.0,0.0,1.3258501652017566e-05,0.0
2016-09-19,0.006578203309155262,1.6921707177214773,1.3316065934544519,0.0,0.0,0.0,1.3180465752858346e-05,0.0
2016-09-20,-0.0005421789131707655,1.6912532584408437,1.3317996472183748,0.0,0.0,0.0,1.3061895253800206e-05,0.0
2016-09-21,0.019445862883628928,1.724141137405975,1.3254835062378583,0.0,0.0,0.0,1.3119043781738879e-05,0.0
2016-09-22,0.016500197469252464,1.752589806638035,1.320212847041632,0.0,0.0,0.0,1.2786906152954532e-05,0.0
2016-09-23,-0.00417623015547941,1.7452705882373674,1.3215684979588695,0.0,0.0,0.0,1.2748071706084949e-05,0.0
2016-09-26,-0.003074732438185901,1.7399043481463021,1.3225730845402721,0.0,0.0,0.0,1.2815589475459942e-05,0.0
2016-09-27,0.002524120629629145,1.7442960766050395,1.3217736894518828,0.0,0.0,0.0,1.2732770317572146e-05,0.0
2016-09-28,0.00711095878407586,1.756699694113003,1.3195144044878515,0.0,0.0,0.0,1.2755435728524782e-05,0.0
2016-09-29,-0.013230427283800306,1.7334578065505668,1.3238112447583388,0.0,0.0,0.0,1.2743330709165305e-05,0.0
2016-09-30,-0.002007561532981539,1.7299777833390892,1.3244754989409775,0.0,0.0,0.0,1.2806162695024152e-05,0.0
2016-10-03,-0.008513073629635715,1.7152503550918896,1.3272744867556927,0.0,0.0,0.0,1.2913785372532755e-05,0.0
2016-10-04,-0.006860739789120274,1.703482468732408,0.8522965100289398,1.507552293527611,0.0007537761467638056,0.0,1.2993678195475667e-05,0.0
2016-10-05,0.005350532515161266,1.712597007070368,0.8530825963740833,0.0,0.0,0.0,0.0,0.0
2016-10-06,-1.1322993318407804e-05,1.7125776153458998,0.8530809328104672,0.0,0.0,0.0,0.0,0.0
2016-10-07,-0.0036317061090919145,1.706358036757954,0.8525454211155188,0.0,0.0,0.0,0.0,0.0
2016-10-10,0.006821523546240105,1.7179979982840146,0.8535444709553738,0.0,0.0,0.0,0.0,0.0
2016-10-11,-0.013810168804768597,1.6942721559214577,0.8514935721177264,0.0,0.0,0.0,0.0,0.0
2016-10-12,-0.0002858983366847978,1.6937877663301883,0.851451102234939,0.0,0.0,0.0,0.0,0.0
2016-10-13,-0.0046287369419693025,1.6859476683243202,0.8507603109731323,0.0,0.0,0.0,0.0,0.0
2016-10-14,-7.200628562653577e-05,1.6858262694949635,0.8507495640036081,0.0,0.0,0.0,0.0,0.0
2016-10-17,-0.001991563740658564,1.6824688390235876,0.8504517290897852,0.0,0.0,0.0,0.0,0.0
2016-10-18,0.007574398742527189,1.695212528882229,0.8515759520122246,0.0,0.0,0.0,0.0,0.0
2016-10-19,0.002402398571395903,1.699285105039828,0.8519316711539133,0.0,0.0,0.0,0.0,0.0
2016-10-20,-0.0017844912217124254,1.6962527456866978,0.8516669721678568,0.0,0.0,0.0,0.0,0.0
2016-10-21,0.0009119533426378279,1.6977996490480856,0.8518021217183277,0.0,0.0,0.0,0.0,0.0
2016-10-24,0.005918795928424592,1.707848578698152,0.8526741135750512,0.0,0.0,0.0,0.0,0.0
2016-10-25,-0.0029062797160679388,1.7028850930157662,0.8522446953301478,0.0,0.0,0.0,0.0,0.0
2016-10-26,-0.005638936116811322,1.6932826327619799,0.8514067876985884,0.0,0.0,0.0,0.0,0.0
2016-10-27,-0.005222235073152781,1.6844399128084098,0.8506267253446916,0.0,0.0,0.0,0.0,0.0
2016-10-28,-0.003468750614753824,1.6785970108253396,0.8501067831566188,0.0,0.0,0.0,0.0,0.0
2016-10-31,0.0013545347188053114,1.6808707287553852,0.8503095440762413,0.0,0.0,0.0,0.0,0.0
2016-11-01,-0.00725991425372674,1.668667751393022,0.8492148568663551,0.0,0.0,0.0,0.0,0.0
2016-11-02,-0.006689885139796847,1.6575045557997194,1.2629521830282053,1.3177975329706177,0.0006588987664853088,0.0,0.0,0.0
2016-11-03,-0.005517984697159473,1.6483584710253445,1.2644216924914076,0.0,0.0,0.0,1.044586334641459e-05,0.0
2016-11-04,-0.003264382101321406,1.6429775991359679,1.2652982201771716,0.0,0.0,0.0,1.0532488921344378e-05,0.0
2016-11-07,0.015197411560232466,1.6679466058942798,1.2613371004133815,0.0,0.0,0.0,1.0421851166064565e-05,0.0
2016-11-08,0.0019102972300699683,1.6711328796754243,1.2608491714834882,0.0,0.0,0.0,1.0394662434441588e-05,0.0
2016-11-09,-0.011090023687063577,1.6525999764555932,1.263784903468846,0.0,0.0,0.0,1.0487519604282042e-05,0.0
2016-11-10,-0.013209992890654165,1.6307691425155195,1.2673267556655694,0.0,0.0,0.0,1.048956641055945e-05,0.0
2016-11-11,-0.010360227547920209,1.613874003120932,1.27013603465811,0.0,0.0,0.0,1.068408979340391e-05,0.0
2016-11-14,-0.007840015454190441,1.6012212059953477,1.2722814450793365,0.0,0.0,0.0,1.0769201183125717e-05,0.0
2016-11-15,0.01540990172457768,1.6258958674190458,1.268159931704549,0.0,0.0,0.0,1.0733032648065548e-05,0.0
2016-11-16,-0.0019413819601239446,1.6227393825129983,1.2686922071755167,0.0,0.0,0.0,1.0700835636811121e-05,0.0
2016-11-17,-2.844779873889536e-06,1.6227347661766625,1.2687036339673803,0.0,0.0,0.0,1.0645271019953633e-05,0.0
2016-11-18,-0.002902274580212194,1.6180251443143614,1.2694964495048533,0.0,0.0,0.0,1.063303138832122e-05,0.0
2016-11-21,0.012800254842817216,1.6387362785036712,1.2661009834068728,0.0,0.0,0.0,1.061897405038571e-05,0.0
2016-11-22,0.00477272265135853,1.6465575122596887,1.2648474993105912,0.0,0.0,0.0,1.0496310603442684e-05,0.0
2016-11-23,-0.004184295406922445,1.6396678292239069,1.2659709099890346,0.0,0.0,0.0,1.0591918487113224e-05,0.0
2016-11-25,0.00016691088623144168,1.6399415076344077,1.2659370765970879,0.0,0.0,0.0,1.0535046045281711e-05,0.0
2016-11-28,0.003048980552397218,1.6449416573982538,1.2651392253140228,0.0,0.0,0.0,1.0518780690669771e-05,0.0
2016-11-29,-0.0029382909646399336,1.6401083401889607,1.2659311297476068,0.0,0.0,0.0,1.0566879588410937e-05,0.0
2016-11-30,0.0019521514216054303,1.6433100800168474,1.265423535637793,0.0,0.0,0.0,1.0523704389844608e-05,0.0
2016-12-01,-0.006023463897420367,1.633411661077599,1.2670425897160065,0.0,0.0,0.0,1.0519629965806212e-05,0.0
2016-12-02,0.0026665739411142475,1.6377672740481408,1.0021615562466908,1.3267823903827018,0.000663391195191351,0.0,1.0576603260546086e-05,0.0
2016-12-05,0.008593102429000465,1.6518407759889013,1.002143225070176,0.0,0.0,0.0,8.52443951431337e-08,0.0
2016-12-06,0.0029380824386850968,1.656694020364338,1.0021370313445257,0.0,0.0,0.0,8.496807090479009e-08,0.0
2016-12-07,0.007902506972116141,1.6697860564109304,1.0021203599877702,0.0,0.0,0.0,8.488150264223866e-08,0.0
2016-12-08,0.0049629474290870945,1.6780731168267204,1.0021099724467095,0.0,0.0,0.0,8.407899633667298e-08,0.0
2016-12-09,0.005467394637400647,1.6872478047868251,1.002098582397628,0.0,0.0,0.0,8.348234579084713e-08,0.0
2016-12-12,-0.0024389936803288492,1.6831326180538013,1.0021037968218605,0.0,0.0,0.0,8.318751899773594e-08,0.0
2016-12-13,0.0059694355431156865,1.693179969727789,1.002091395853121,0.0,0.0,0.0,8.312961866620578e-08,0.0
2016-12-14,-0.007818197183266706,1.6799423548576995,1.002107959286375,0.0,0.0,0.0,8.310638676895152e-08,0.0
2016-12-15,0.0030336540205382345,1.6850387187367861,1.0021016672043888,0.0,0.0,0.0,8.370366359812123e-08,0.0
2016-12-16,-0.0010518965075085873,1.6832662323935301,1.0021039637560079,0.0,0.0,0.0,8.321408190138764e-08,0.0
2016-12-19,0.001934597028985685,1.6865226742457107,1.002099984622621,0.0,0.0,0.0,8.344920809814991e-08,0.0
2016-12-20,0.00495864220418496,1.6948855367565405,1.0020897058517138,0.0,0.0,0.0,8.305159006512254e-08,0.0
2016-12-21,-0.0036608411640036698,1.6886808300153078,1.0020974672710752,0.0,0.0,0.0,8.293662978351272e-08,0.0
2016-12-22,-0.003368833253609149,1.68299194588042,1.002104640687438,0.0,0.0,0.0,8.325445255562918e-08,0.0
2016-12-23,0.0021586889068490045,1.6866250019243083,1.0021001905468898,0.0,0.0,0.0,8.354095254760199e-08,0.0
2016-12-27,0.006286482450373221,1.697227940399266,1.0020871530368471,0.0,0.0,0.0,8.309977294570985e-08,0.0
2016-12-28,-0.00670962253347307,1.685840181565923,1.002101335025216,0.0,0.0,0.0,8.271136418815184e-08,0.0
2016-12-29,9.945192301685779e-06,1.6858569475707186,1.0021013975127242,0.0,0.0,0.0,8.33547631131262e-08,0.0
2016-12-30,-0.004251127367869478,1.6786901549625879,1.0021104527047662,0.0,0.0,0.0,8.326109470748752e-08,0.0
2017-01-03,0.0032777602247422433,1.6841924987821906,1.0021036412213669,0.0,0.0,0.0,8.30686991710533e-08,0.0
2017-01-04,0.009862330017448295,1.7008025610180915,1.2577942187978048,0.2576454987018407,0.00012882274935092035,0.0,8.332956878542168e-08,0.0
2017-01-05,-0.00015953094878640162,1.7005312303718338,1.257845583077631,0.0,0.0,0.0,1.0232386637041923e-05,0.0
2017-01-06,0.003111089523607502,1.7058217352672111,1.2570560905349706,0.0,0.0,0.0,1.0221937110113384e-05,0.0
2017-01-09,-0.005879538355667457,1.6957922909467764,1.2585866613672567,0.0,0.0,0.0,1.0226507151553532e-05,0.0
2017-01-10,0.001911613403749568,1.6990339902201255,1.258103528577923,0.0,0.0,0.0,1.0244391712178802e-05,0.0
2017-01-11,0.005279394379912095,1.708003860719373,1.2567582427576274,0.0,0.0,0.0,1.0222161034967604e-05,0.0
2017-01-12,0.00020184379264764907,1.7083486106964776,1.256716614921593,0.0,0.0,0.0,1.0192590746560285e-05,0.0
2017-01-13,0.003373575719501698,1.7141118540899676,1.2558636267700767,0.0,0.0,0.0,1.0186426403706207e-05,0.0
2017-01-17,-0.005993900764603044,1.7038376377371225,1.25741671030532,0.0,0.0,0.0,1.0160674022708773e-05,0.0
2017-01-18,0.0001475819744838347,1.7040890934598998,1.2573889392862714,0.0,0.0,0.0,1.021123321753294e-05,0.0
2017-01-19,-0.004581874115139661,1.696281171752684,1.2585839522504754,0.0,0.0,0.0,1.0197086834124308e-05,0.0
2017-01-20,0.00647721202944207,1.7072683445636767,1.256930023280902,0.0,0.0,0.0,1.0198226846667898e-05,0.0
2017-01-23,-0.0018942144643675496,1.7040344121708473,1.257427842459464,0.0,0.0,0.0,1.0221896046585537e-05,0.0
2017-01-24,0.009314021218510105,1.7199058248428778,1.2550624012329104,0.0,0.0,0.0,1.0182572283663661e-05,0.0
2017-01-25,0.007696384918888688,1.7331428820951071,1.2531243800952012,0.0,0.0,0.0,1.007733429239605e-05,0.0
2017-01-26,2.1241674872385374e-06,1.733146563580868,1.2531338870146862,0.0,0.0,0.0,1.0028516744636436e-05,0.0
2017-01-27,-0.002969992167016544,1.7279991318627412,1.253898007102518,0.0,0.0,0.0,1.0031259369717987e-05,0.0
2017-01-30,-0.010063272715409077,1.7106098053468164,1.2564892032208297,0.0,0.0,0.0,1.0130446928082343e-05,0.0
2017-01-31,0.002437180691399643,1.7147788705349267,1.2558757658877957,0.0,0.0,0.0,1.0189183384616344e-05,0.0
2017-02-01,0.0049838987641170895,1.7233251548285198,1.254616934662044,0.0,0.0,0.0,1.010465175114174e-05,0.0
2017-02-02,-0.0011423311804676928,1.7213565467700749,1.1341717751686224,0.7462382947229488,0.00037311914736147436,0.0,1.0098952757510472e-05,0.0
2017-02-03,0.006361593403612975,1.7323071172232734,1.1333289150986126,0.0,0.0,0.0,5.311013474939294e-06,0.0
2017-02-06,-0.0038412510168527314,1.7256528907477382,1.1338483510431254,0.0,0.0,0.0,5.300270512705126e-06,0.0
2017-02-07,-0.0022116950982482564,1.7218362727079934,1.1341503621840978,0.0,0.0,0.0,5.321146942081327e-06,0.0
2017-02-08,0.002571961178241544,1.7262647687566866,1.1338115275570906,0.0,0.0,0.0,5.324524966736635e-06,0.0
2017-02-09,0.007480959122176056,1.739178884925808,1.13282319266355,0.0,0.0,0.0,5.298094587256239e-06,0.0
2017-02-10,0.008245288033449372,1.7535189157737148,1.1317422109497197,0.0,0.0,0.0,5.24304021931139e-06,0.0
2017-02-13,0.0004620108406248047,1.754329060522043,1.1316865981793096,0.0,0.0,0.0,5.226780606802924e-06,0.0
2017-02-14,0.002692033479570144,1.7590517730871513,1.1313382568533699,0.0,0.0,0.0,5.2198465687885825e-06,0.0
2017-02-15,0.005968745570433143,1.7695511055659277,1.130564164410974,0.0,0.0,0.0,5.220385908955709e-06,0.0
2017-02-16,-0.0033673361447491557,1.7635924321681746,1.1310105019270902,0.0,0.0,0.0,5.180023912495852e-06,0.0
2017-02-17,-4.9340437460743125e-05,1.763505415746069,1.1310221654474921,0.0,0.0,0.0,5.227380352331698e-06,0.0
2017-02-21,0.006109655536990832,1.7742798263738955,1.13023169394974,0.0,0.0,0.0,5.1794268658273134e-06,0.0
2017-02-22,-0.0016598034895504155,1.7713348705266412,1.1304533888641635,0.0,0.0,0.0,5.179552229849396e-06,0.0
2017-02-23,-0.002097140882052595,1.7676201317538545,1.1307327305397812,0.0,0.0,0.0,5.151093328014103e-06,0.0
2017-02-24,-0.0027473992735328467,1.762763773487992,1.131098097163457,0.0,0.0,0.0,5.2234051466038156e-06,0.0
2017-02-27,0.0016672046978685184,1.7657026615323836,1.1308850872365783,0.0,0.0,0.0,5.210718591207868e-06,0.0
2017-02-28,-0.006527871476155189,1.754176381492795,1.1317503303124672,0.0,0.0,0.0,5.204389804702211e-06,0.0
2017-03-01,0.013679645253897865,1.7781728921043827,1.129977512241727,0.0,0.0,0.0,5.180225810359834e-06,0.0
2017-03-02,-0.013044980123540939,1.7549766620706617,1.107947640022919,0.8020211634807392,0.00040101058174036956,0.0,5.184912074196912e-06,0.0
2017-03-03,0.002264757457218547,1.758951258553331,1.1077079911831935,0.0,0.0,0.0,4.2807202851492575e-06,0.0
2017-03-06,-0.00309864516768521,1.7535008927358209,1.1080470648251308,0.0,0.0,0.0,4.288876642328013e-06,0.0
2017-03-07,-0.002759991402995432,1.7486612453467252,1.1083503985756482,0.0,0.0,0.0,4.291719983691821e-06,0.0
2017-03-08,-0.0034624509040843687,1.7426065916368372,1.108731174548256,0.0,0.0,0.0,4.295591891415162e-06,0.0
2017-03-09,-0.0017134999087022873,1.7396206354011634,1.1089221273326448,0.0,0.0,0.0,4.319048215694601e-06,0.0
2017-03-10,0.0058838251434061295,1.749856259035725,1.1082892943663307,0.0,0.0,0.0,4.295348253252072e-06,0.0
2017-03-13,0.004103319838739683,1.757036478938369,1.1078510442311293,0.0,0.0,0.0,4.290649048754544e-06,0.0
2017-03-14,-0.004390974307755369,1.7493213769015616,1.1083310026839905,0.0,0.0,0.0,4.2933879813305645e-06,0.0
2017-03-15,0.01383352010618899,1.7735206493411155,1.1068570918053255,0.0,0.0,0.0,4.282678367850633e-06,0.0
2017-03-16,0.0005860696656831976,1.774560055995157,1.1067987406638753,0.0,0.0,0.0,4.227413715717716e-06,0.0
2017-03-17,-0.0003925409611956754,1.7738634684850774,1.1068449197166241,0.0,0.0,0.0,4.232045124334862e-06,0.0
2017-03-20,0.0015110799316051526,1.7765439179737128,1.1066879455808791,0.0,0.0,0.0,4.235606246138841e-06,0.0
2017-03-21,-0.017539689082647247,1.7453838900107859,1.1085969357173235,0.0,0.0,0.0,4.215457477459172e-06,0.0
2017-03-22,0.0041053582261127985,1.7525493161213666,1.1081572209826598,0.0,0.0,0.0,4.3110528162504076e-06,0.0
2017-03-23,-2.8038634226290604e-05,1.7525001770321282,1.108164545722007,0.0,0.0,0.0,4.29702915745541e-06,0.0
2017-03-24,0.001050115613046465,1.7543405048298966,1.1080553673375704,0.0,0.0,0.0,4.282785773736696e-06,0.0
2017-03-27,-0.0001459659019339421,1.75408443093581,1.1080754305766736,0.0,0.0,0.0,4.328207643031605e-06,0.0
2017-03-28,0.006811351523876574,1.7660321165974728,1.1073485307060258,0.0,0.0,0.0,4.294747388717462e-06,0.0
2017-03-29,0.002808376994341888,1.770991800564994,1.107052147779337,0.0,0.0,0.0,4.2639201402213345e-06,0.0
2017-03-30,0.002056696065807273,1.7746341924337932,1.1068366653311688,0.0,0.0,0.0,4.252272467956937e-06,0.0
2017-03-31,-0.0023222756754809337,1.7705130026158273,1.1070895964463046,0.0,0.0,0.0,4.248980181853042e-06,0.0
2017-04-03,-0.0017251204255912533,1.7674586544712398,1.1072789150811069,0.0,0.0,0.0,4.242351905818522e-06,0.0
2017-04-04,0.00117277577193442,1.7695314871590997,1.2996725629135348,0.19303457045996,9.651728522998e-05,0.0,4.265719285395883e-06,0.0
2017-04-05,-0.00610828648383821,1.7587226818933597,1.3015262634816516,0.0,0.0,0.0,1.1838530443159365e-05,0.0
2017-04-06,0.0029287695203235042,1.7638735752787904,1.300657671784394,0.0,0.0,0.0,1.1955889189292462e-05,0.0
2017-04-07,-0.0011840084390527528,1.7617851340802382,1.301026019992431,0.0,0.0,0.0,1.1951343087217712e-05,0.0
2017-04-10,-8.642143343029485e-05,1.7616328780835548,1.3010639838504534,0.0,0.0,0.0,1.1948693691208723e-05,0.0
2017-04-11,-0.0012514300239394593,1.7594283178087622,1.3014531783921914,0.0,0.0,0.0,1.1972237666460478e-05,0.0
2017-04-12,-0.0053526597657411745,1.7500106966413216,1.3030874648987696,0.0,0.0,0.0,1.1962959271051753e-05,0.0
2017-04-13,-0.0075654353805892915,1.7367711038005416,1.3054100521935756,0.0,0.0,0.0,1.2039604533205323e-05,0.0
2017-04-17,0.01228954188574316,1.7581152250266467,1.3017142418276253,0.0,0.0,0.0,1.2071724119664797e-05,0.0
2017-04-18,-0.004879060581159056,1.7495372743350837,1.3032055729740852,0.0,0.0,0.0,1.205191556839696e-05,0.0
2017-04-19,-0.0008172023770444126,1.7481075483157693,1.3034655977490983,0.0,0.0,0.0,1.1981359327904814e-05,0.0
2017-04-20,0.012652732054587057,1.7702258847272099,1.2996857959579022,0.0,0.0,0.0,1.1965607617881028e-05,0.0
2017-04-21,-0.001938063072141727,1.7667950753106707,1.3002796491507274,0.0,0.0,0.0,1.189413441765762e-05,0.0
2017-04-24,0.015820637872626664,1.7947469003923011,1.295614751083128,0.0,0.0,0.0,1.1730743100595442e-05,0.0
2017-04-25,0.009646062643640319,1.8120591414229645,1.2928020944816594,0.0,0.0,0.0,1.1656006821496994e-05,0.0
2017-04-26,-0.0006691091275381478,1.8108466761117994,1.2930097691233708,0.0,0.0,0.0,1.1624703478476932e-05,0.0
2017-04-27,0.0025645118203154738,1.8154906138174671,1.2922718618506999,0.0,0.0,0.0,1.1596307923394021e-05,0.0
2017-04-28,-0.0026477297428409985,1.8106836853214139,1.2930594020356447,0.0,0.0,0.0,1.1568262469955912e-05,0.0
2017-05-01,0.007426296122876597,1.8241303585534723,1.290910642798279,0.0,0.0,0.0,1.1578498567277417e-05,0.0
2017-05-02,0.0014029448195380656,1.826689512790167,1.3300927268915326,0.04313772401279842,2.1568862006399207e-05,0.0,1.1521463727317124e-05,0.0
2017-05-03,-0.004928806234447247,1.8176861141311274,1.3317409124869533,0.0,0.0,0.0,1.3139279911843587e-05,0.0
2017-05-04,-0.002397729237750612,1.8133277949902218,1.3325514451319265,0.0,0.0,0.0,1.3169565724653247e-05,0.0
2017-05-05,0.00672385561134714,1.8255203492597785,1.330343459891382,0.0,0.0,0.0,1.3164140693777127e-05,0.0
2017-05-08,-0.00013238456863295944,1.825278678535811,1.3304003086611762,0.0,0.0,0.0,1.3103146188748632e-05,0.0
2017-05-09,0.004097601627296221,1.8327579434192485,1.3290650423315915,0.0,0.0,0.0,1.3067247909005223e-05,0.0
2017-05-10,0.0040125799723678135,1.8401120312372106,1.3277629255175754,0.0,0.0,0.0,1.305319470109589e-05,0.0
2017-05-11,-0.002229789229762913,1.8360089692484007,1.3285084365565938,0.0,0.0,0.0,1.3041448615094621e-05,0.0
2017-05-12,0.00010187787187621034,1.8361960179349333,1.328488006946579,0.0,0.0,0.0,1.3046836659264652e-05,0.0
2017-05-15,0.00796377284553973,1.8508190659216517,1.3259056039857193,0.0,0.0,0.0,1.2995368992905861e-05,0.0
2017-05-16,0.0017097485114243582,1.853983501064527,1.3253622491266641,0.0,0.0,0.0,1.290511629982544e-05,0.0
2017-05-17,-0.028685122068902058,1.8008017580227607,1.3349842236742795,0.0,0.0,0.0,1.3031338379097418e-05,0.0
2017-05-18,0.002119394285359233,1.8046183669777789,1.334289026446719,0.0,0.0,0.0,1.3386041556574654e-05,0.0
2017-05-19,0.010971614831471355,1.824417944618058,1.330674261255104,0.0,0.0,0.0,1.3178347181391456e-05,0.0
2017-05-22,0.007528868167240299,1.8381537468050348,1.328216286101201,0.0,0.0,0.0,1.3087495867750607e-05,0.0
2017-05-23,0.00232903441048804,1.8424348701331112,1.3274666295085868,0.0,0.0,0.0,1.2988653652846503e-05,0.0
2017-05-24,0.004082803072305019,1.8499571688814125,1.3261480260533103,0.0,0.0,0.0,1.296864222934079e-05,0.0
2017-05-25,0.0070592828841820054,1.8630165398601668,1.32387464569234,0.0,0.0,0.0,1.287770155173657e-05,0.0
2017-05-26,0.0014974108300334077,1.8658062410034848,1.3234032303612093,0.0,0.0,0.0,1.2854056602133031e-05,0.0
2017-05-30,-0.0030125238639793217,1.8601854551769001,1.3243933063995754,0.0,0.0,0.0,1.287084481457299e-05,0.0
2017-05-31,-0.0023992579921178203,1.8557223903567457,1.3251863851834085,0.0,0.0,0.0,1.2837757646728578e-05,0.0
2017-06-01,0.011321367486313738,1.8767317054905548,1.3215588040163146,0.0,0.0,0.0,1.2864223119875293e-05,0.0
2017-06-02,0.009353942030532858,1.8942865450705766,1.4968229380323521,0.6829480502290604,0.00034147402511453017,0.0,1.2718515406270334e-05,0.0
2017-06-05,-0.0028079467467342356,1.8889674893289632,1.4982416893590287,0.0,0.0,0.0,1.9764327159744007e-05,0.0
2017-06-06,-0.004029310800540475,1.8813562522223402,1.5002772333140952,0.0,0.0,0.0,1.9841917410386162e-05,0.0
2017-06-07,0.0022074830166265436,1.8855093141973451,1.4991951208340346,0.0,0.0,0.0,1.981967172070416e-05,0.0
2017-06-08,0.001526572895650391,1.888387681610895,1.4984540037923086,0.0,0.0,0.0,1.9781827906305726e-05,0.0
2017-06-09,-0.014113444951182053,1.8617360260199893,1.5056096780713388,0.0,0.0,0.0,1.979287421318918e-05,0.0
2017-06-12,-0.005039243902577262,1.8523542841026597,1.5081906385239816,0.0,0.0,0.0,2.0194918747821795e-05,0.0
2017-06-13,0.009673372769845257,1.8702727975946045,1.5033417920341727,0.0,0.0,0.0,2.002355718256611e-05,0.0
2017-06-14,-0.0026778046831268387,1.8652645723384809,1.5047132895251356,0.0,0.0,0.0,1.9849415796485658e-05,0.0
2017-06-15,-0.009281849844195778,1.847951466658337,1.509462068249077,0.0,0.0,0.0,2.0351166111971016e-05,0.0
2017-06-16,0.001993250202916741,1.8516348962942342,1.5084687794999019,0.0,0.0,0.0,2.0165809238724087e-05,0.0
2017-06-19,0.014664851436219095,1.878788846962508,1.501139815883713,0.0,0.0,0.0,2.000389956175057e-05,0.0
2017-06-20,-0.012185397423110422,1.8558950581881626,1.507341864634294,0.0,0.0,0.0,1.9945554960139427e-05,0.0
2017-06-21,0.003898151986365006,1.8631296191957238,1.5053919027981844,0.0,0.0,0.0,2.0089973509538028e-05,0.0
2017-06-22,0.0009324128767922435,1.8648668252437948,1.5049411444073548,0.0,0.0,0.0,2.0017029647531546e-05,0.0
2017-06-23,0.004385603608088928,1.8730453919211891,1.5027562919464057,0.0,0.0,0.0,2.0034015557040622e-05,0.0
2017-06-26,0.001592228773785953,1.876027708688813,1.5019769804009389,0.0,0.0,0.0,1.978025628337613e-05,0.0
2017-06-27,-0.014136781382202979,1.8495067151041242,1.5091952825121062,0.0,0.0,0.0,1.995609962233158e-05,0.0
2017-06-28,0.015233756095444972,1.877681649298908,1.501574623200608,0.0,0.0,0.0,2.008678974105759e-05,0.0
2017-06-29,-0.01802272453737186,1.8438407101647156,1.5108005444618726,0.0,0.0,0.0,1.9978052200440863e-05,0.0
2017-06-30,0.002463025453203871,1.8483821367655047,1.5095657409347452,0.0,0.0,0.0,2.0158613734628988e-05,0.0
2017-07-03,-0.0022709583925212273,1.8441845378394308,1.5107458443591735,0.0,0.0,0.0,2.01219772213634e-05,0.0
2017-07-05,0.0031362716209375474,1.8499684014692284,1.3327014610654258,0.9410012095900561,0.00047050060479502813,0.0,2.0279988546815627e-05,0.0
2017-07-06,-0.012392785784127058,1.8270421393624163,1.3368896649550308,0.0,0.0,0.0,1.3329436759551032e-05,0.0
2017-07-07,0.006997181144681397,1.8398262841705013,1.3345620423778763,0.0,0.0,0.0,1.3349917709127939e-05,0.0
2017-07-10,0.004662542238112799,1.8484045519312364,1.3330225867723278,0.0,0.0,0.0,1.3279374618229181e-05,0.0
2017-07-11,0.005265866040954137,1.858138002691196,1.3312912665242878,0.0,0.0,0.0,1.3215941760191323e-05,0.0
2017-07-12,0.015337405074435706,1.886637017922674,1.3262998204806902,0.0,0.0,0.0,1.3000691606542644e-05,0.0
2017-07-13,0.0036373196219106063,1.893499319767387,1.3251301665517907,0.0,0.0,0.0,1.293541508024941e-05,0.0
2017-07-14,0.009712963657879659,1.9118908098465077,1.3220153451973455,0.0,0.0,0.0,1.2852628454118733e-05,0.0
2017-07-17,-0.0014076183280017363,1.9091995973014297,1.3224820552354608,0.0,0.0,0.0,1.2803737144122072e-05,0.0
2017-07-18,0.0026006281415507093,1.9141647155020092,1.3216583384155667,0.0,0.0,0.0,1.2826055124084968e-05,0.0
2017-07-19,0.009146235860692853,1.9316721174662066,1.3187556879315854,0.0,0.0,0.0,1.2739294167026803e-05,0.0
2017-07-20,0.0018325041486328963,1.935211914635262,1.318185261155719,0.0,0.0,0.0,1.2622264724995845e-05,0.0
2017-07-21,-0.0032379840101012247,1.9289457293995156,1.3192315542230653,0.0,0.0,0.0,1.2671201071198733e-05,0.0
2017-07-24,0.001719257351075365,1.932262083524611,1.3186963011833137,0.0,0.0,0.0,1.2679860438490262e-05,0.0
2017-07-25,0.0016226367833409583,1.9353974430563932,1.318192636785296,0.0,0.0,0.0,1.2607297625651495e-05,0.0
2017-07-26,0.004360460671181787,1.9438366674899463,1.3168237659063018,0.0,0.0,0.0,1.2593991444344564e-05,0.0
2017-07-27,-0.006462189521729056,1.9312752265453401,1.3188971118526889,0.0,0.0,0.0,1.2518825170464394e-05,0.0
2017-07-28,-0.0007968599809852206,1.929736270605038,1.3191640955951318,0.0,0.0,0.0,1.2714455065122561e-05,0.0
2017-07-31,-0.0010826405879266199,1.9276470597944868,1.31952268906897,0.0,0.0,0.0,1.2632372110605315e-05,0.0
2017-08-01,0.004395505577299286,1.936120043196878,1.3181369956022435,0.0,0.0,0.0,1.2592688001472753e-05,0.0
2017-08-02,0.0005482677118726631,1.9371815553028724,1.4922014176628737,0.9028988727790094,0.0004514494363895047,0.0,1.2594071046570325e-05,0.0
2017-08-03,-0.0029609133193693182,1.9314457286337396,1.4936827011505407,0.0,0.0,0.0,1.9561074792156814e-05,0.0
2017-08-04,0.0030059660450454384,1.9372515889118607,1.4922226870500461,0.0,0.0,0.0,1.9535349620458322e-05,0.0
2017-08-07,0.004772872625668612,1.9464978439896112,1.4899039704466066,0.0,0.0,0.0,1.9517673452127658e-05,0.0
2017-08-08,-0.003966342870349249,1.938777366143953,1.4918743534151302,0.0,0.0,0.0,1.9465481120041374e-05,0.0
2017-08-09,-0.003683489488097269,1.9316359000960008,1.4937124568837525,0.0,0.0,0.0,1.9710835838432083e-05,0.0
2017-08-10,-0.025868477822275415,1.8816674196536565,1.5068433136668749,0.0,0.0,0.0,1.975992868221484e-05,0.0
2017-08-11,0.0026995453047449214,1.8867470661014738,1.5054988095588835,0.0,0.0,0.0,2.0093516140432432e-05,0.0
2017-08-14,0.014676429118436474,1.91443777568153,1.4982069697574962,0.0,0.0,0.0,1.9830836218366166e-05,0.0
2017-08-15,0.00011209733715955572,1.9146523790583416,1.4981708962444242,0.0,0.0,0.0,1.975313616927939e-05,0.0
2017-08-16,0.006751371979031751,1.9275789094799027,1.4948497501934959,0.0,0.0,0.0,1.9656981434098988e-05,0.0
2017-08-17,-0.021985477412037602,1.8852001669056122,1.5059939046496487,0.0,0.0,0.0,1.9729980013941072e-05,0.0
2017-08-18,0.0026333363835964185,1.8901645330954868,1.504684978456824,0.0,0.0,0.0,2.0047153681623938e-05,0.0
2017-08-21,0.0009458433812574718,1.8919523327086027,1.504228084841817,0.0,0.0,0.0,2.0021630008003835e-05,0.0
2017-08-22,0.01478477089143726,1.9199244144852199,1.4969015187820036,0.0,0.0,0.0,1.989326219164862e-05,0.0
2017-08-23,-0.0013689650427687328,1.9172961050770314,1.4976024374382906,0.0,0.0,0.0,1.9825906559504563e-05,0.0
2017-08-24,-0.0020602978637950242,1.9133459040074787,1.4986495501697574,0.0,0.0,0.0,1.9688478473088897e-05,0.0
2017-08-25,0.004871659501078929,1.922667073759587,1.4962517682087981,0.0,0.0,0.0,1.9667668154783142e-05,0.0
2017-08-28,-0.0001912164238127012,1.9222994282375603,1.496366374142247,0.0,0.0,0.0,1.9645866796287245e-05,0.0
2017-08-29,-0.0006433415352952165,1.9210627331721009,1.4967056225784052,0.0,0.0,0.0,1.985285737526866e-05,0.0
2017-08-30,0.0054501424156896405,1.9315327986573627,1.4940327840876861,0.0,0.0,0.0,1.972896218070768e-05,0.0
2017-08-31,0.009697459189415225,1.9502637591453595,1.489307350500684,0.0,0.0,0.0,1.9527336282184832e-05,0.0
2017-09-01,0.002991409480045615,1.9560977966430564,1.4878673564240257,0.0,0.0,0.0,1.9340451221211726e-05,0.0
2017-09-05,-0.012494206938130303,1.9316579059805774,1.44216441520205,0.09176160502187146,4.588080251093573e-05,0.0,1.944198240130509e-05,0.0
2017-09-06,0.0069399647544072796,1.945063543765655,1.4391343842597912,0.0,0.0,0.0,1.7448620865475896e-05,0.0
2017-09-07,0.0063175467045129,1.95735157354664,1.4363948652843768,0.0,0.0,0.0,1.7318808844625906e-05,0.0
2017-09-08,-0.004541727929831096,1.9484618152365645,1.438403291012256,0.0,0.0,0.0,1.732291243160766e-05,0.0
2017-09-11,0.015041930837757844,1.9777704431013652,1.4319237212263742,0.0,0.0,0.0,1.7225102161499765e-05,0.0
2017-09-12,0.003155214442985388,1.9840107329683483,1.430582281622712,0.0,0.0,0.0,1.7115336265065175e-05,0.0
2017-09-13,-0.003410602886270153,1.9772440602360954,1.432072997633999,0.0,0.0,0.0,1.7139502716548517e-05,0.0
2017-09-14,-5.679319525364601e-05,1.9771317662281183,1.4321146845615256,0.0,0.0,0.0,1.7199624064924892e-05,0.0
2017-09-15,0.0035391682728216356,1.9841291682463407,1.4306078383700556,0.0,0.0,0.0,1.7138238904579365e-05,0.0
2017-09-18,0.002223159630587501,1.988540204115057,1.4296697016475002,0.0,0.0,0.0,1.7019960270106593e-05,0.0
2017-09-19,0.003579342606750746,1.9956578707928827,1.428154241314289,0.0,0.0,0.0,1.700028321487826e-05,0.0
2017-09-20,-0.0029039777340970074,1.9898625247712247,1.4294182526061432,0.0,0.0,0.0,1.6984545295955436e-05,0.0
2017-09-21,-0.0036333118757060356,1.982632733628951,1.4310012549911963,0.0,0.0,0.0,1.706697555647545e-05,0.0
2017-09-22,-0.00042597141101785585,1.981788188765877,1.4312020379561425,0.0,0.0,0.0,1.7131884245245048e-05,0.0
2017-09-25,-0.010929582082584877,1.9601280720864631,1.4359842750692102,0.0,0.0,0.0,1.7210049505893494e-05,0.0
2017-09-26,-0.0008774863247569265,1.958408086508435,1.4363844974613649,0.0,0.0,0.0,1.726701405877622e-05,0.0
2017-09-27,0.0032652324030129076,1.9648027440508247,1.4349814986224891,0.0,0.0,0.0,1.7294143819600734e-05,0.0
2017-09-28,0.0014481984246883517,1.9676481682895826,1.4343697062687186,0.0,0.0,0.0,1.730725986473956e-05,0.0
2017-09-29,0.009246472778711823,1.9858419735157544,1.4304071947517905,0.0,0.0,0.0,1.7191828599655305e-05,0.0
2017-10-02,0.001842377955268093,1.989500644990406,1.429632728534462,0.0,0.0,0.0,1.7089131811188743e-05,0.0
2017-10-03,0.006532043024804368,2.0024961488013595,1.333530082686877,0.8308876357544428,0.00041544381787722134,0.0,1.7000789450151538e-05,0.0
2017-10-04,-0.00161238762148741,1.999267348798956,1.3340819876690981,0.0,0.0,0.0,1.3267095757780566e-05,0.0
2017-10-05,0.005501287063848004,2.0102658924020775,1.3322673468339543,0.0,0.0,0.0,1.3228070482447387e-05,0.0
2017-10-06,-0.0017487581114715711,2.006750423616525,1.3328626282673184,0.0,0.0,0.0,1.3274637641552234e-05,0.0
2017-10-09,-0.0016181732709358299,2.0035031537195893,1.3334153609269448,0.0,0.0,0.0,1.3201876550811686e-05,0.0
2017-10-10,0.008191797916822896,2.0199154466805775,1.330719405160985,0.0,0.0,0.0,1.3141152270876689e-05,0.0
2017-10-11,0.003067707521027696,2.0261119564881995,1.3297210412288851,0.0,0.0,0.0,1.3127203777260872e-05,0.0
2017-10-12,-0.0012907973020097607,2.023496656641195,1.3301602954157412,0.0,0.0,0.0,1.3106462800997545e-05,0.0
2017-10-13,0.005551200314130256,2.034729491917183,1.328350656745893,0.0,0.0,0.0,1.3012071638120109e-05,0.0
2017-10-16,0.00024290547394123507,2.0352237388487593,1.328283944566717,0.0,0.0,0.0,1.3004974328581272e-05,0.0
2017-10-17,-0.0030988780296479224,2.028916828719023,1.3293174864308537,0.0,0.0,0.0,1.3052026682868793e-05,0.0
2017-10-18,0.0029984955035429195,2.0350005267069995,1.3283460105488403,0.0,0.0,0.0,1.302491986251809e-05,0.0
2017-10-19,-0.004743090777373227,2.025348334476826,1.3299238991557538,0.0,0.0,0.0,1.3136529706783183e-05,0.0
2017-10-20,0.0025468839416362687,2.030506661626125,1.329098814887127,0.0,0.0,0.0,1.3037234796176065e-05,0.0
2017-10-23,-0.007344234080211898,2.015594145401713,1.3315468319059782,0.0,0.0,0.0,1.3050885060452988e-05,0.0
2017-10-24,0.001836618093093323,2.0192960220774907,1.3309521558089852,0.0,0.0,0.0,1.31204761199191e-05,0.0
2017-10-25,-0.00496046400987582,2.00927937683469,1.332615214632362,0.0,0.0,0.0,1.3135147597866162e-05,0.0
2017-10-26,-0.0023046557824759617,2.0046486795002583,1.3333967784621572,0.0,0.0,0.0,1.3170563007311481e-05,0.0
2017-10-27,0.015784687521946505,2.0362914324974524,1.3282290160392334,0.0,0.0,0.0,1.3145601057119454e-05,0.0
2017-10-30,-0.0030475211723134388,2.030085791243916,1.3292454233988826,0.0,0.0,0.0,1.3059147635982173e-05,0.0
2017-10-31,0.007678346439448758,2.0456734932508893,1.3267495921261687,0.0,0.0,0.0,1.3004094398811955e-05,0.0
2017-11-01,-0.00012044974014968624,2.045427092410196,1.32680192158636,0.0,0.0,0.0,1.2862435831928964e-05,0.0
2017-11-02,0.00024579451373196726,2.0459298471677494,1.3673204586393077,0.9979366923828116,0.0004989683461914058,0.0,1.2972533772913082e-05,0.0
2017-11-03,0.0026919743392763706,2.0514374378162845,1.366348833189813,0.0,0.0,0.0,1.4567172012316716e-05,0.0
2017-11-06,0.005169475978221261,2.0620422943718997,1.3644792043504728,0.0,0.0,0.0,1.4521794649447809e-05,0.0
2017-11-07,-0.005778744264345104,2.050126279290461,1.366612226109834,0.0,0.0,0.0,1.4467350149879315e-05,0.0
2017-11-08,0.0037131443051885427,2.0577386940093256,1.3652704722401923,0.0,0.0,0.0,1.4554484841694997e-05,0.0
2017-11-09,-0.006117639171917877,2.045150191169283,1.3675334038485742,0.0,0.0,0.0,1.462438196862382e-05,0.0
2017-11-10,-0.0016154466806640455,2.0418463600814993,1.3681427034157005,0.0,0.0,0.0,1.4611088286463846e-05,0.0
2017-11-13,0.00028213137383392706,2.042422429000227,1.3680534728212064,0.0,0.0,0.0,1.4680987879528436e-05,0.0
2017-11-14,-0.004914705157062715,2.032384524955519,1.3698859585457368,0.0,0.0,0.0,1.4670238444298564e-05,0.0
2017-11-15,-0.006513402636364352,2.0191467862325676,1.3723257440427996,0.0,0.0,0.0,1.4775689980288599e-05,0.0
2017-11-16,0.018272090705114596,2.0560408194575497,1.3656591615076876,0.0,0.0,0.0,1.4645599350140838e-05,0.0
2017-11-17,0.0002963423048809588,2.056650111332917,1.3655653393166367,0.0,0.0,0.0,1.452440866524492e-05,0.0
2017-11-20,0.004329667762978939,2.065554723019682,1.3640038302283803,0.0,0.0,0.0,1.4490868625293845e-05,0.0
2017-11-21,0.013297211477448556,2.0930208409899174,1.3592413664042924,0.0,0.0,0.0,1.4333048956839842e-05,0.0
2017-11-22,0.00019145885340021707,2.093421568360276,1.3591868525111321,0.0,0.0,0.0,1.4233713079572235e-05,0.0
2017-11-24,0.001674426367156423,2.096926848631912,1.3586006555647032,0.0,0.0,0.0,1.423770228894461e-05,0.0
2017-11-27,-0.005427685826234652,2.085545388496942,1.3605719570500663,0.0,0.0,0.0,1.4253064621874425e-05,0.0
2017-11-28,0.012649719220010347,2.111926952082016,1.3560819290393924,0.0,0.0,0.0,1.4237870240577277e-05,0.0
2017-11-29,-0.00854636668926756,2.093877649928576,1.3591656203685192,0.0,0.0,0.0,1.4132534432311991e-05,0.0
2017-11-30,0.004179142894637833,2.102628263831516,1.3576850560121507,0.0,0.0,0.0,1.419826847887624e-05,0.0
2017-12-01,-0.0050598036270658175,2.09198937771581,1.3595183420748067,0.0,0.0,0.0,1.425416503185061e-05,0.0
2017-12-04,-0.005105070320370775,2.0813096248331022,1.3921047119648393,0.07027852874604064,3.513926437302032e-05,0.0,1.4095890694928254e-05,0.0
2017-12-05,-0.005145309887835792,2.0706006418408007,1.394148286752734,0.0,0.0,0.0,1.5622843401069924e-05,0.0
2017-12-06,-0.003502286379684194,2.0633488054151163,1.395549254323676,0.0,0.0,0.0,1.5742102184675424e-05,0.0
2017-12-07,0.005668099947416794,2.0750440726705923,1.3933354858758469,0.0,0.0,0.0,1.562384242267445e-05,0.0
2017-12-08,0.007287856138039617,2.0901666953523073,1.3905051490792206,0.0,0.0,0.0,1.5468743682483554e-05,0.0
2017-12-11,0.004982809477690253,2.1005815977718614,1.3885844032678099,0.0,0.0,0.0,1.5449285769604453e-05,0.0
2017-12-12,-0.002231421728321914,2.09589431435248,1.38946889263334,0.0,0.0,0.0,1.5419976890828914e-05,0.0
2017-12-13,0.005451621814723362,2.1073203375179586,1.3873725391632001,0.0,0.0,0.0,1.5406371824747205e-05,0.0
2017-12-14,-0.007766454015982194,2.090953931019681,1.390420090771248,0.0,0.0,0.0,1.536420942024103e-05,0.0
2017-12-15,0.012913469052345583,2.117955399897784,1.3854579838861003,0.0,0.0,0.0,1.5401418814237482e-05,0.0
2017-12-18,0.012979632835105948,2.145445683349587,1.380534087105964,0.0,0.0,0.0,1.5140901615338405e-05,0.0
2017-12-19,-0.007649716483862701,2.1290336321404357,1.3834827217629226,0.0,0.0,0.0,1.5080909701437927e-05,0.0
2017-12-20,0.0003618557736264627,2.1298040352524708,1.3833592185846288,0.0,0.0,0.0,1.5131465114733687e-05,0.0
2017-12-21,0.004117099493324172,2.1385726503668883,1.3818025123220021,0.0,0.0,0.0,1.5156354950960214e-05,0.0
2017-12-22,0.0009945761341503268,2.14069962368609,1.381438293791692,0.0,0.0,0.0,1.5145894415560255e-05,0.0
2017-12-26,-0.0022724240983147403,2.1358350462739724,1.3823222284772347,0.0,0.0,0.0,1.5188204994912578e-05,0.0
2017-12-27,0.0005877366377653459,2.1370903547828908,1.3821128182911684,0.0,0.0,0.0,1.5163464915457188e-05,0.0
2017-12-28,0.004389840225289321,2.1464718399873948,1.3804578324015409,0.0,0.0,0.0,1.5094369196814195e-05,0.0
2017-12-29,-0.005310248767137926,2.1350735405454055,1.3825041219767247,0.0,0.0,0.0,1.5031185496504417e-05,0.0
2018-01-02,0.016685745875848035,2.170698835069193,1.3762790544430799,0.0,0.0,0.0,5.298050386271658e-05,0.0
2018-01-03,0.009571585371609626,2.1914758642851115,1.4798370695731968,0.84996857667598,0.00042498428833799,0.0,5.245480053595496e-05,0.0
2018-01-04,0.008828538086889104,2.2108233924194507,1.4757043207201335,0.0,0.0,0.0,6.653387312204245e-05,0.0
2018-01-05,0.010633351918900802,2.2343318555815848,1.470764958829469,0.0,0.0,0.0,6.613501835136268e-05,0.0
2018-01-08,0.001789427121680509,2.238330029602797,1.4699897041509935,0.0,0.0,0.0,6.583499120649131e-05,0.0
2018-01-09,0.0012182976083077168,2.2410569817244657,1.4694833830238159,0.0,0.0,0.0,6.555971304828959e-05,0.0
2018-01-10,-0.003817163616228969,2.2325025005519312,1.4713481747583588,0.0,0.0,0.0,6.587500189188795e-05,0.0
2018-01-11,0.010107087683343563,2.2550665990782934,1.4666970657038558,0.0,0.0,0.0,6.5672988249483e-05,0.0
2018-01-12,0.012064352521997668,2.2822725174901564,1.4611981974981283,0.0,0.0,0.0,6.503537294891897e-05,0.0
2018-01-16,-0.003846352287098731,2.2734940933727255,1.4630436478274997,0.0,0.0,0.0,6.40053811438931e-05,0.0
2018-01-17,0.013009135344127953,2.303070285737487,1.4571610568772317,0.0,0.0,0.0,6.428387547457952e-05,0.0
2018-01-18,-0.0011351035495177353,2.3004560624813575,1.4577445017033557,0.0,0.0,0.0,6.398731405189545e-05,0.0
2018-01-19,0.007472212513333298,2.3176455590578042,1.4544129703347235,0.0,0.0,0.0,6.359706159219796e-05,0.0
2018-01-22,0.010535908897871371,2.342064061525593,1.449738044824309,0.0,0.0,0.0,6.34951327154068e-05,0.0
2018-01-23,0.005799185609368207,2.355646125727411,1.4472074265044146,0.0,0.0,0.0,6.27307222636805e-05,0.0
2018-01-24,0.0006572994262694642,2.3571944905743454,1.4469760964417664,0.0,0.0,0.0,6.210947528122243e-05,0.0
2018-01-25,-0.0018720951638928618,2.3527815981681863,1.4478769995629954,0.0,0.0,0.0,6.208885313686047e-05,0.0
2018-01-26,0.016981555975881024,2.392735490576502,1.4404598662853068,0.0,0.0,0.0,6.211977507944299e-05,0.0
2018-01-29,-0.012216801455083859,2.3635039161535962,1.4459697142925503,0.0,0.0,0.0,6.202770533891008e-05,0.0
2018-01-30,-0.014210482606767605,2.3299173848620685,1.4524617077023976,0.0,0.0,0.0,6.292496588435481e-05,0.0
2018-01-31,0.0026709376311251365,2.336140448882709,1.4513194625666104,0.0,0.0,0.0,6.271077563604637e-05,0.0
2018-02-01,-0.004744236833072457,2.3250572453178893,1.4535341775656136,0.0,0.0,0.0,6.344902458451999e-05,0.0
2018-02-02,-0.032128694567584715,2.250356191230921,1.5111098897584863,0.09238812107522494,4.619406053761248e-05,0.0,6.402803683802016e-05,0.0
2018-02-05,-0.06083642933167521,2.113452555832003,1.5442941984240077,0.0,0.0,0.0,7.230825965863352e-05,0.0
2018-02-06,0.03590834509426766,2.189343139547181,1.5255003779030663,0.0,0.0,0.0,7.703059948407454e-05,0.0
2018-02-07,-0.019862504373554746,2.145857301862713,1.5362245434703432,0.0,0.0,0.0,7.421089050879382e-05,0.0
2018-02-08,-0.053264245898512086,2.0315598308731797,1.5664721569382338,0.0,0.0,0.0,7.465737908610174e-05,0.0
2018-02-09,0.01934706697878319,2.0708645549924887,1.5557982178601457,0.0,0.0,0.0,7.777076517775889e-05,0.0
2018-02-12,0.02434855028639693,2.1212871047460404,1.542662800675952,0.0,0.0,0.0,7.649457492791971e-05,0.0
2018-02-13,0.0034187200291035946,2.128539191458515,1.5408894515924518,0.0,0.0,0.0,7.63958280338322e-05,0.0
2018-02-14,0.02735956219773361,2.1867750918575375,1.5265585918599933,0.0,0.0,0.0,7.619895497106668e-05,0.0
2018-02-15,0.020333070296888245,2.231238943523761,1.5161374831731766,0.0,0.0,0.0,7.256767625383036e-05,0.0
2018-02-16,-0.00020210577308443778,2.2307879972521443,1.5163139285933442,0.0,0.0,0.0,7.235291957184758e-05,0.0
2018-02-20,-0.010178970349040695,2.208080872373119,1.5216963806237345,0.0,0.0,0.0,7.292803021450482e-05,0.0
2018-02-21,-0.005803094533759379,2.195267170332552,1.5248148024102257,0.0,0.0,0.0,7.243650420564746e-05,0.0
2018-02-22,0.003046759960393164,2.2019556224494865,1.5232937594010227,0.0,0.0,0.0,7.28720647398768e-05,0.0
2018-02-23,0.02254235293000506,2.2515928832269516,1.5118290239056351,0.0,0.0,0.0,7.237949693358673e-05,0.0
2018-02-26,0.01643775786081303,2.2886040218425663,1.5036220993609282,0.0,0.0,0.0,7.105601768103965e-05,0.0
2018-02-27,-0.02405213535327222,2.233558208139166,1.5161058954282698,0.0,0.0,0.0,7.074683933434472e-05,0.0
2018-02-28,-0.0149504488434683,2.2001655104094726,1.5240122040606499,0.0,0.0,0.0,7.171568693456747e-05,0.0
2018-03-01,-0.0206656821639154,2.1546975892633418,1.5351445261043697,0.0,0.0,0.0,7.335240966599485e-05,0.0
2018-03-02,0.00024302503696604916,2.155221234724623,0.9207496236080658,0.622441239809711,0.0003112206199048555,0.0,7.567985938541716e-05,0.0
2018-03-05,0.006964467073842684,2.1702312020507093,0.9212898726606594,0.0,0.0,0.0,0.0,7.975014105496062e-06
2018-03-06,0.004886216891911266,2.1808354224095226,0.9216647645983768,0.0,0.0,0.0,0.0,7.813183811308176e-06
2018-03-07,0.0005351964094446604,2.1820025976971857,0.9216988375758214,0.0,0.0,0.0,0.0,7.883941233018884e-06
2018-03-08,0.0030108622825442133,2.1885723070190055,0.9219260772887206,0.0,0.0,0.0,0.0,7.808905958992767e-06
2018-03-09,0.0143202859604592,2.2199132883006594,0.9230206363963085,0.0,0.0,0.0,0.0,7.768955547313336e-06
2018-03-12,0.0016083455217508202,2.223483675896573,0.9231365614271633,0.0,0.0,0.0,0.0,7.686608578159986e-06
2018-03-13,-0.00805541113944852,2.2055726007253735,0.9225046179192367,0.0,0.0,0.0,0.0,7.659770691218628e-06
2018-03-14,-0.0003688446188656602,2.2047590871400784,0.9224682712200767,0.0,0.0,0.0,0.0,7.706481724968059e-06
2018-03-15,-0.0013006632745606872,2.2018914379661814,0.9223595339443805,0.0,0.0,0.0,0.0,7.743071899527128e-06
2018-03-16,-0.0009821979256839919,2.1997287447632297,0.9222754289853495,0.0,0.0,0.0,0.0,7.766123114404818e-06
2018-03-19,-0.012196557909700978,2.172899625742091,0.9213078835732119,0.0,0.0,0.0,0.0,7.812079484612183e-06
2018-03-20,0.003223838111053645,2.1799047023670526,0.921552915063688,0.0,0.0,0.0,0.0,7.854912611068599e-06
2018-03-21,0.00014720566671067026,2.18022559669213,0.9215566176655898,0.0,0.0,0.0,0.0,7.854557509507402e-06
2018-03-22,-0.02287276966430629,2.130357798802766,0.9197123729264084,0.0,0.0,0.0,0.0,7.943019706365058e-06
2018-03-23,-0.017739407717395683,2.0925665132258704,0.9182542224872265,0.0,0.0,0.0,0.0,8.020621713423496e-06
2018-03-26,0.025651549930976625,2.1462440876237734,0.9202907146232787,0.0,0.0,0.0,0.0,8.036003279986967e-06
2018-03-27,-0.01659229638179427,2.110632969614246,0.9189377345612008,0.0,0.0,0.0,0.0,7.938751236122811e-06
2018-03-28,-0.0025514636243628708,2.1052477663678943,0.9187222511149064,0.0,0.0,0.0,0.0,8.106053517925988e-06
2018-03-29,0.01347808966521602,2.1336224845304965,0.9197951317459331,0.0,0.0,0.0,0.0,8.081669709880401e-06
2018-04-02,-0.018574412962123588,2.093991699397555,0.9182690060252153,0.0,0.0,0.0,0.0,8.056048592953417e-06
2018-04-03,0.00599763929292374,2.106550706292918,1.2352042959890308,1.3776355437505208,0.0006888177718752604,0.0,0.0,8.121321146874616e-06
2018-04-04,0.0019196660057734238,2.110594580073226,1.234786438378068,0.0,0.0,0.0,3.3105628410744105e-05,0.0
2018-04-05,0.001313358273987708,2.113366546927999,1.2345112366710385,0.0,0.0,0.0,3.283533254473644e-05,0.0
2018-04-06,-0.009709720505990282,2.0928463484306183,1.236843679729949,0.0,0.0,0.0,3.28634608405235e-05,0.0
2018-04-09,0.008217814858364703,2.110044972249026,1.234946019764507,0.0,0.0,0.0,3.2878808296528545e-05,0.0
2018-04-10,0.016124400094395197,2.1440681815987364,1.2312500689870325,0.0,0.0,0.0,3.247912912208373e-05,0.0
2018-04-11,0.005385704531621682,2.1556154993204784,1.2300434246692595,0.0,0.0,0.0,3.2244234292125114e-05,0.0
2018-04-12,-0.004445143561423781,2.1460334789627686,1.231102843033793,0.0,0.0,0.0,3.230273452813205e-05,0.0
2018-04-13,7.583910864927823e-05,2.1461962322289447,1.231117596313338,0.0,0.0,0.0,3.2198887833818914e-05,0.0
2018-04-16,0.0008632066101972313,2.148048843003385,1.2309505213894647,0.0,0.0,0.0,3.219407782363844e-05,0.0
2018-04-17,0.005265859889314939,2.159360167246046,1.229772829617695,0.0,0.0,0.0,3.23128708765769e-05,0.0
2018-04-18,0.009995091017514834,2.180943168657266,1.2275307344697788,0.0,0.0,0.0,3.183757015636255e-05,0.0
2018-04-19,-0.005445963338827298,2.1690658321166927,1.228808599786672,0.0,0.0,0.0,3.177423648990746e-05,0.0
2018-04-20,-0.00947735728774779,2.148508820245077,1.2310301152999183,0.0,0.0,0.0,3.218629562110711e-05,0.0
2018-04-23,-0.005673825909001007,2.136318555235053,1.232380874801371,0.0,0.0,0.0,3.245630560755788e-05,0.0
2018-04-24,-0.005220308480404334,2.1251663133643146,1.233632970529494,0.0,0.0,0.0,3.239487442781277e-05,0.0
2018-04-25,-0.0032988194287362216,2.1181557734404928,1.2344389768277837,0.0,0.0,0.0,3.279767632738353e-05,0.0
2018-04-26,0.007477323846684758,2.1339939101162324,1.2327315149528355,0.0,0.0,0.0,3.253663224509361e-05,0.0
2018-04-27,0.002798887036338238,2.1399667180068813,1.2321143616042662,0.0,0.0,0.0,3.240997432273754e-05,0.0
2018-04-30,-0.003927934655983734,2.1315610685725703,1.233062237166158,0.0,0.0,0.0,3.25374632116489e-05,0.0
2018-05-01,-0.004105041835650747,2.1228109212108355,1.2340555999208929,0.0,0.0,0.0,3.275744189530729e-05,0.0
2018-05-02,-0.000954299228094424,2.1207851243873335,0.9174778898112602,0.7638767584125334,0.0003819383792062667,0.0,3.2679482239708205e-05,0.0
2018-05-03,0.0005897126950586973,2.1220357782986765,0.9175182781187451,0.0,0.0,0.0,0.0,8.26650554114926e-06
2018-05-04,0.009140043463699232,2.1414312775438513,0.9182571630293149,0.0,0.0,0.0,0.0,8.278179102006864e-06
2018-05-07,0.002075195885013148,2.145875166919049,0.9184182867811821,0.0,0.0,0.0,0.0,8.162836696725622e-06
2018-05-08,0.002931945990922502,2.1521667570117176,0.9186486463849478,0.0,0.0,0.0,0.0,8.142974573846086e-06
2018-05-09,0.006549227228858978,2.1662617861377838,0.9191698860328915,0.0,0.0,0.0,0.0,8.111819491526365e-06
2018-05-10,0.008353243692893919,2.1843570987399965,0.919831470286691,0.0,0.0,0.0,0.0,8.05288407377937e-06
2018-05-11,-0.0021515690951078303,2.179657303513668,0.9196505760964391,0.0,0.0,0.0,0.0,8.01688684380348e-06
2018-05-14,0.00219247448254567,2.1844361465323163,0.9198183374032602,0.0,0.0,0.0,0.0,8.017286942746968e-06
2018-05-15,-0.005057302359849691,2.1733887924535176,0.9194027143943094,0.0,0.0,0.0,0.0,8.06261607639365e-06
2018-05-16,0.008038403246330095,2.1908593679783133,0.9200374260795361,0.0,0.0,0.0,0.0,8.043654627050417e-06
2018-05-17,-0.0018656011322167876,2.186772098260885,0.9198799577806663,0.0,0.0,0.0,0.0,8.007284450061172e-06
2018-05-18,-0.0018067390605825961,2.182821171694365,0.9197269132551089,0.0,0.0,0.0,0.0,8.024443854696168e-06
2018-05-21,0.00622132491359606,2.196401211431752,0.9202152527820264,0.0,0.0,0.0,0.0,7.992231068800923e-06
2018-05-22,-0.0008897107079587352,2.1944470497549675,0.9201362186458559,0.0,0.0,0.0,0.0,7.947548626105416e-06
2018-05-23,0.0035685850198505786,2.2022781206235784,0.9204122479275297,0.0,0.0,0.0,0.0,8.019126855288529e-06
2018-05-24,-0.003195130632244858,2.1952415543396513,0.9201491552723225,0.0,0.0,0.0,0.0,7.970072106644913e-06
2018-05-25,-0.004763977601475733,2.1847834727449484,0.919758903400934,0.0,0.0,0.0,0.0,8.011921573764966e-06
2018-05-29,-0.008361502594256165,2.1665154000697036,0.919074218156447,0.0,0.0,0.0,0.0,8.068506115073114e-06
2018-05-30,0.010727686770181988,2.189757098664427,0.9199251435563575,0.0,0.0,0.0,0.0,8.064973658972694e-06
2018-05-31,-0.0029931067240350773,2.183202921968411,0.9196767199210121,0.0,0.0,0.0,0.0,8.007643571858736e-06
2018-06-01,0.00420410677882499,2.1923813401722088,0.9200049951352283,0.0,0.0,0.0,0.0,8.016545829175597e-06
2018-06-04,0.0005643645569719524,2.1936186424959687,0.9219774413615882,0.4370043297725835,0.0002185021648862918,0.0,0.0,7.98216862622965e-06
2018-06-05,0.002622674405152736,2.199371789964309,0.9221737520143654,0.0,0.0,0.0,0.0,7.80401213954679e-06
2018-06-06,0.005515872107529907,2.211503243474661,0.922592936850121,0.0,0.0,0.0,0.0,7.778513410490551e-06
2018-06-07,-0.0014197568117282344,2.2083634466805786,0.9224751296810924,0.0,0.0,0.0,0.0,7.735124261119143e-06
2018-06-08,0.0011893752400586877,2.210990019485111,0.9225594830275249,0.0,0.0,0.0,0.0,7.761215381811592e-06
2018-06-11,0.0009186338554008078,2.2130211097709633,0.9226228202727605,0.0,0.0,0.0,0.0,7.756784288354042e-06
2018-06-12,0.0020386080882712765,2.2175325925048575,0.9227725191219427,0.0,0.0,0.0,0.0,7.740723223160334e-06
2018-06-13,-0.00041647309411951827,2.216609049844746,0.9227326165876104,0.0,0.0,0.0,0.0,7.721815304530229e-06
2018-06-14,3.5563073695676906e-05,2.2166878792757405,0.9227276378919776,0.0,0.0,0.0,0.0,7.714826352563485e-06
2018-06-15,-0.008161051179759515,2.1985973760434185,0.9220840344733837,0.0,0.0,0.0,0.0,7.760390088030652e-06
2018-06-18,0.003145103014033923,2.20551219127746,0.9223205527405353,0.0,0.0,0.0,0.0,7.815154833211143e-06
2018-06-19,-0.004401692234511256,2.195804205391994,0.9219693177476858,0.0,0.0,0.0,0.0,7.840287990016964e-06
2018-06-20,0.0031225957085614375,2.202660814180592,0.9222044387651176,0.0,0.0,0.0,0.0,7.772355730222515e-06
2018-06-21,-0.007288673065271589,2.1866063396323447,0.9216254124638175,0.0,0.0,0.0,0.0,7.789562793908711e-06
2018-06-22,0.005164901078139605,2.1978999450733787,0.9220203322749697,0.0,0.0,0.0,0.0,7.784760527948403e-06
2018-06-25,-0.014019461854365978,2.1670865706337095,0.9209036459903395,0.0,0.0,0.0,0.0,7.852822986063176e-06
2018-06-26,0.005507107540116962,2.1790209494269326,0.9213289860888373,0.0,0.0,0.0,0.0,7.89207643620713e-06
2018-06-27,-0.006220116674080178,2.165467184886232,0.9208286640405353,0.0,0.0,0.0,0.0,7.841810519456988e-06
2018-06-28,0.003201824312869528,2.172400630367522,0.9210734558349777,0.0,0.0,0.0,0.0,7.913793148670087e-06
2018-06-29,0.004111264363660716,2.181331943662746,0.9213887547915698,0.0,0.0,0.0,0.0,7.857297512020898e-06
2018-07-02,-0.0032840677750521907,2.174168301719871,0.921121852484638,0.0,0.0,0.0,0.0,7.915111474293429e-06
2018-07-03,-0.0016189488187450252,2.170648434516049,0.8476136490537982,0.1284427555356748,6.422137776783742e-05,0.0,0.0,7.854999143768275e-06
2018-07-05,0.00793823457293219,2.187879550964605,0.8487986819491279,0.0,0.0,0.0,0.0,1.517793626072947e-05
2018-07-06,0.007636428238621429,2.204587136150294,0.8499295639330864,0.0,0.0,0.0,0.0,1.5131777261248485e-05
2018-07-09,0.006255338414027589,2.218377574750126,0.8508475559025884,0.0,0.0,0.0,0.0,1.4955863128600442e-05
2018-07-10,-0.0005199376838528336,2.2172241566519992,0.8507550425806913,0.0,0.0,0.0,0.0,1.4887812593767363e-05
2018-07-11,-0.011609842765036404,2.191482532818429,0.8489868795004925,0.0,0.0,0.0,0.0,1.5012521050580542e-05
2018-07-12,0.007418673559159261,2.2077404263400084,0.8500839563773597,0.0,0.0,0.0,0.0,1.5031270210625667e-05
2018-07-13,1.0983398182062842e-06,2.2077428511892268,0.8500691294480425,0.0,0.0,0.0,0.0,1.4993874911112416e-05
2018-07-16,-0.005674781132855911,2.1952143937111006,0.849198370116923,0.0,0.0,0.0,0.0,1.5020759815738625e-05
2018-07-17,0.0033558976598948576,2.202581308557923,0.8496877225740019,0.0,0.0,0.0,0.0,1.512739486809788e-05
2018-07-18,0.002580075277121008,2.2082641341379823,0.8500595489969327,0.0,0.0,0.0,0.0,1.5029216632995752e-05
2018-07-19,-0.00036279900912472574,2.2074629780982313,0.849990131520189,0.0,0.0,0.0,0.0,1.5029762367050099e-05
2018-07-20,0.00011353500791155824,2.207713602424914,0.8499921616744521,0.0,0.0,0.0,0.0,1.4989726741739021e-05
2018-07-23,0.002013182375357303,2.2121581325391526,0.8502785774197715,0.0,0.0,0.0,0.0,1.500482452292712e-05
2018-07-24,0.0004912359291433521,2.2132448240948026,0.8503371250589435,0.0,0.0,0.0,0.0,1.489987723263674e-05
2018-07-25,0.008065884592123762,2.2310966014200666,0.851519783065457,0.0,0.0,0.0,0.0,1.495203890357778e-05
2018-07-26,-0.002022760228703957,2.2265836279483175,0.851203956324428,0.0,0.0,0.0,0.0,1.4897749774650767e-05
2018-07-27,-0.009165146392337564,2.206176663043389,0.849812587094495,0.0,0.0,0.0,0.0,1.4854323352075225e-05
2018-07-30,-0.004073725329622135,2.197189305289528,0.8491831820618367,0.0,0.0,0.0,0.0,1.4998416558042096e-05
2018-07-31,0.003737868190764715,2.205402109302858,0.84972979061572,0.0,0.0,0.0,0.0,1.5054607773036e-05
2018-08-01,-0.002764170270477484,2.1993060023578748,0.8492981981544128,0.0,0.0,0.0,0.0,1.5054190413903309e-05
2018-08-02,0.0035644971672035286,2.207145422373093,0.7939454716447564,0.4375028522707586,0.0002187514261353793,0.0,0.0,1.513382258517072e-05
2018-08-03,0.002923307091461602,2.2135975862382034,0.7945255311637841,0.0,0.0,0.0,0.0,2.0589824050442966e-05
2018-08-06,0.0027296861668619776,2.2196400129483567,0.7950643936067694,0.0,0.0,0.0,0.0,2.054961664135675e-05
2018-08-07,0.0015556387696744611,2.22309297100722,0.7953622424754746,0.0,0.0,0.0,0.0,2.044978765863475e-05
2018-08-08,-0.0011499501922815902,2.22053652481775,0.7951061609901554,0.0,0.0,0.0,0.0,2.047368650406938e-05
2018-08-09,0.00018347482144420724,2.2209439373601514,0.7951232613293001,0.0,0.0,0.0,0.0,2.0487883775415062e-05
2018-08-10,-0.004871559861471808,2.2101244760203285,0.7940997181066959,0.0,0.0,0.0,0.0,2.055661327586367e-05
2018-08-13,-0.0025956636233275265,2.2043877363148967,0.793543235765794,0.0,0.0,0.0,0.0,2.0577025537918537e-05
2018-08-14,0.005482914741133271,2.216474206329511,0.7946485147748252,0.0,0.0,0.0,0.0,2.0609292041759196e-05
2018-08-15,-0.004874061665120388,2.2056709743687124,0.7936220809223993,0.0,0.0,0.0,0.0,2.0598492578027353e-05
2018-08-16,0.005883577000023843,2.218648209383128,0.7948087019324069,0.0,0.0,0.0,0.0,2.0563366798160475e-05
2018-08-17,0.003515686216730707,2.2264482803126304,0.7955071156176428,0.0,0.0,0.0,0.0,2.054391311385093e-05
2018-08-20,0.0010802905084252856,2.228853491257352,0.7957073617272717,0.0,0.0,0.0,0.0,2.041643140034938e-05
2018-08-21,0.0023046626376126422,2.2339902466233656,0.7961567224491445,0.0,0.0,0.0,0.0,2.040664428212569e-05
2018-08-22,-6.08874012263394e-05,2.233854224762884,0.7961239246369882,0.0,0.0,0.0,0.0,2.0406688445053336e-05
2018-08-23,-0.0016224380313373254,2.230229934712165,0.7957721900635544,0.0,0.0,0.0,0.0,2.039828272601921e-05
2018-08-24,0.005215658912023358,2.241862053347008,0.7968115290419336,0.0,0.0,0.0,0.0,2.0388257069684216e-05
2018-08-27,0.0032400396844771695,2.2491257753669758,0.7974474883707071,0.0,0.0,0.0,0.0,2.026293059382236e-05
2018-08-28,0.003090928087256417,2.25607766139783,0.7980514415909118,0.0,0.0,0.0,0.0,2.0224040336931987e-05
2018-08-29,0.0038751820989784136,2.264820373165184,0.7988108911681256,0.0,0.0,0.0,0.0,2.0184537284397896e-05
2018-08-30,-0.002632416102104962,2.2588584235464886,0.7982597078637796,0.0,0.0,0.0,0.0,2.0137718800022e-05
2018-08-31,0.0017473712591820068,2.262805487834355,0.7985914693124436,0.0,0.0,0.0,0.0,2.0192208410308684e-05
2018-09-04,-0.004244801751364324,2.253200327136599,0.7977126587991668,0.0,0.0,0.0,0.0,2.017265833082214e-05
2018-09-05,-0.002706801911319223,2.2471013601845202,1.0179575724912469,0.22027449332549995,0.00011013724666274998,0.0,0.0,2.024417512220085e-05
2018-09-06,-0.003788410498095418,2.2385884178013127,1.0180283797537018,0.0,0.0,0.0,2.505520805906458e-06,0.0
2018-09-07,-0.004155025709309035,2.229287025372787,1.0181061294368783,0.0,0.0,0.0,2.5284996796449675e-06,0.0
2018-09-10,0.0026214333385543576,2.2351309527023058,1.0180613120215505,0.0,0.0,0.0,2.517483339773641e-06,0.0
2018-09-11,0.0030316320517378426,2.2419070473383496,1.018009237489882,0.0,0.0,0.0,2.529188624498516e-06,0.0
2018-09-12,-0.0009907126099751862,2.2396859617561593,1.0180296152330768,0.0,0.0,0.0,2.5170238801219283e-06,0.0
2018-09-13,0.005373949893012542,2.2517219218907205,1.0179357478453077,0.0,0.0,0.0,2.5069095855855975e-06,0.0
2018-09-14,-0.0010275203428816715,2.2494082318094653,1.0179567040348045,0.0,0.0,0.0,2.504755730198736e-06,0.0
2018-09-17,-0.006525651936275301,2.2347293766260843,1.018077177642111,0.0,0.0,0.0,2.50920857211464e-06,0.0
2018-09-18,0.0033614843995213306,2.2422413845627647,1.0180191316781653,0.0,0.0,0.0,2.5238777027601603e-06,0.0
2018-09-19,-0.003443415386059634,2.2345204160799015,1.0180839190814464,0.0,0.0,0.0,2.51638394320451e-06,0.0
2018-09-20,0.009428698045001793,2.2555890343585108,1.0179175063322647,0.0,0.0,0.0,2.5156777861762904e-06,0.0
2018-09-21,-0.0026701548341426795,2.249566262394579,1.017967986400802,0.0,0.0,0.0,2.4979642680393307e-06,0.0
2018-09-24,-0.005671574668696833,2.236807679365227,1.0180729985756847,0.0,0.0,0.0,2.517352750156549e-06,0.0
2018-09-25,0.00036190144611314423,2.2376171832990663,1.0180689838666344,0.0,0.0,0.0,2.5220637642713815e-06,0.0
2018-09-26,-0.005860761482140875,2.2245030426994106,1.0181780449739943,0.0,0.0,0.0,2.521821582791949e-06,0.0
2018-09-27,0.003818232599966054,2.232996712735769,1.0181114304752104,0.0,0.0,0.0,2.531276104044548e-06,0.0
2018-09-28,0.003849099400516476,2.2415917390441154,1.0180445052315472,0.0,0.0,0.0,2.5347314784559906e-06,0.0
2018-10-01,-0.0037351761978142717,2.2332189989352207,1.018114687282634,0.0,0.0,0.0,2.5113627924618633e-06,0.0
2018-10-02,-0.004554343405657413,2.223048152714031,1.266059061780284,0.7104171654765925,0.0003552085827382963,0.0,2.53166314664735e-06,0.0
2018-10-03,0.005391955785624791,2.23503473006278,1.264669141278148,0.0,0.0,0.0,3.6995672304786624e-05,0.0
2018-10-04,-0.015578280009290846,2.2002167332073723,1.2688950330539999,0.0,0.0,0.0,3.707002871792976e-05,0.0
2018-10-05,-0.00918920154965297,2.1799984981930107,1.2714267884602615,0.0,0.0,0.0,3.7539547649159367e-05,0.0
2018-10-08,-0.002935282418298102,2.1735995869293485,1.2722638734041523,0.0,0.0,0.0,3.8093459769220094e-05,0.0
2018-10-09,0.0005424100918276498,2.1747785692808916,1.272154284682907,0.0,0.0,0.0,3.803209060972763e-05,0.0
2018-10-10,-0.03977538702692862,2.088275909989874,1.2834673223401434,0.0,0.0,0.0,3.816565871350013e-05,0.0
2018-10-11,-0.02318705957158107,2.039854932063041,1.2902366523229123,0.0,0.0,0.0,3.9840153222644125e-05,0.0
2018-10-12,0.015672011590557977,2.0718235622013896,1.2857981612204115,0.0,0.0,0.0,3.970336459976425e-05,0.0
2018-10-15,-0.004143362599080436,2.0632392459418707,1.2870273405812853,0.0,0.0,0.0,3.9995871161493304e-05,0.0
2018-10-16,0.0281123009208486,2.1212416484954932,1.2792179735930196,0.0,0.0,0.0,3.975559822183283e-05,0.0
2018-10-17,-0.0033141814705699435,2.114211468729448,1.280185561264159,0.0,0.0,0.0,3.9007528040458446e-05,0.0
2018-10-18,-0.021465053776060006,2.068829805859208,1.2863716818456974,0.0,0.0,0.0,3.9387858812488526e-05,0.0
2018-10-19,-0.002602856019828903,2.063444939745026,1.2871591168053362,0.0,0.0,0.0,3.9771657611419416e-05,0.0
2018-10-22,-0.001185149055726864,2.0609994499231425,1.2875400056862873,0.0,0.0,0.0,3.998409613664123e-05,0.0
2018-10-23,-0.011467540654443664,2.037364854942363,1.2909162640900333,0.0,0.0,0.0,4.0957236252974806e-05,0.0
2018-10-24,-0.040141028079798136,1.9555829350913276,1.3031246344768501,0.0,0.0,0.0,4.0645172533764424e-05,0.0
2018-10-25,0.02558559305096675,2.0056176842459896,1.2956037777341987,0.0,0.0,0.0,4.190823249700909e-05,0.0
2018-10-26,-0.016901720862918634,1.9717192939891306,1.300727887226205,0.0,0.0,0.0,4.217996260036333e-05,0.0
2018-10-29,-0.01241662580337699,1.9472371933263688,1.3045513943629474,0.0,0.0,0.0,4.1476678175914014e-05,0.0
2018-10-30,0.016769767161919358,1.9798919076674815,1.299570212168464,0.0,0.0,0.0,4.267003112854979e-05,0.0
2018-10-31,0.008641462110360543,1.9970010685701993,1.2970451524664082,0.0,0.0,0.0,4.136232781932255e-05,0.0
2018-11-01,0.014291193574575534,2.0255405974097704,1.2929007432675317,0.0,0.0,0.0,4.128565972542087e-05,0.0
2018-11-02,-0.00922347326419426,2.0068580778640213,1.029152184323092,1.0185459587120926,0.0005092729793560464,0.0,4.081236951014512e-05,0.0
2018-11-05,0.007141975634082476,2.021191009357188,1.0289494997523851,0.0,0.0,0.0,4.064323000295356e-06,0.0
2018-11-06,0.006339690371392148,2.034004734537954,1.0287711433515534,0.0,0.0,0.0,4.042546121079374e-06,0.0
2018-11-07,0.020967120413035056,2.0766519567276944,1.0281842202384393,0.0,0.0,0.0,3.986074441915725e-06,0.0
2018-11-08,-0.002085355516558751,2.07232139911376,1.0282470622489888,0.0,0.0,0.0,3.94899695661107e-06,0.0
2018-11-09,-0.008226669637806605,2.055273095579894,1.0284853474130677,0.0,0.0,0.0,3.965010990325358e-06,0.0
2018-11-12,-0.014298027649191747,2.0258867440326527,1.0289025761516877,0.0,0.0,0.0,3.987175958233245e-06,0.0
2018-11-13,-0.0009069022439343044,2.0240494627985326,1.0289328526058799,0.0,0.0,0.0,4.028298298066862e-06,0.0
2018-11-14,-0.005550045780111534,2.0128158956187905,1.029098391424747,0.0,0.0,0.0,4.017199875854848e-06,0.0
2018-11-15,0.005797548486407678,2.0244852933678525,1.028934705603287,0.0,0.0,0.0,4.079490250132379e-06,0.0
2018-11-16,0.004250297087140309,2.033089957313212,1.0288162695698355,0.0,0.0,0.0,4.061839117529431e-06,0.0
2018-11-19,-0.014270212580274166,2.004077331427532,1.0292375203299822,0.0,0.0,0.0,4.03121307456899e-06,0.0
2018-11-20,-0.015665023837389325,1.9726834122587482,1.0297069646098254,0.0,0.0,0.0,4.137721165854144e-06,0.0
2018-11-21,0.0035406690143593433,1.9796680312916735,1.0296062880872277,0.0,0.0,0.0,4.125199078163325e-06,0.0
2018-11-23,-0.005176108762161569,1.9694210542487336,1.0297644877948142,0.0,0.0,0.0,4.160256016310359e-06,0.0
2018-11-26,0.012712963133176824,1.9944582315051,1.0293949484777623,0.0,0.0,0.0,4.122056440918368e-06,0.0
2018-11-27,0.0038052144465896554,2.002047572780743,1.0292876088066822,0.0,0.0,0.0,4.119959689414432e-06,0.0
2018-11-28,0.020483395983713404,2.043056305992243,1.0287037495068945,0.0,0.0,0.0,4.075954026068019e-06,0.0
2018-11-29,-0.001584439508722224,2.039819206862485,1.0287533168106857,0.0,0.0,0.0,4.0196240740397185e-06,0.0
2018-11-30,0.007869162842479405,2.055870876370503,1.02853280386702,0.0,0.0,0.0,4.01211620087802e-06,0.0
2018-12-03,0.011630954116609749,2.0797826162032425,1.0282086953601057,0.0,0.0,0.0,3.928732173565136e-06,0.0
2018-12-04,-0.025768863358598293,2.026188982150713,0.9542681688930711,0.08382991675579411,4.1914958377897054e-05,0.0,3.951928246484011e-06,0.0
2018-12-06,0.010832858593559758,2.0481384008781807,0.9547537420244969,0.0,0.0,0.0,0.0,4.629021104993189e-06
2018-12-07,-0.02028240330175468,2.0065972318137586,0.9538124223206761,0.0,0.0,0.0,0.0,4.537013352782462e-06
2018-12-10,0.0003160458065909477,2.0072314084543903,0.9538223978004418,0.0,0.0,0.0,0.0,4.620640515635898e-06
2018-12-11,0.0010059050715884865,2.009250492708006,0.9538641882872055,0.0,0.0,0.0,0.0,4.570084733306738e-06
2018-12-12,-0.0025561090716030854,2.004114629296472,0.9537413325064138,0.0,0.0,0.0,0.0,4.568623501743635e-06
2018-12-13,0.002242427023111837,2.0086087100986205,0.9538402165853742,0.0,0.0,0.0,0.0,4.610664844108532e-06
2018-12-14,-0.012738428997500773,1.9830221906612677,0.9532399510434806,0.0,0.0,0.0,0.0,4.648859378964047e-06
2018-12-17,-0.02659413819010703,1.9302854244887733,0.9519576296012194,0.0,0.0,0.0,0.0,4.684681589404415e-06
2018-12-18,0.005109015490723623,1.9401472826240043,0.9521970513692364,0.0,0.0,0.0,0.0,4.763884369750515e-06
2018-12-19,-0.014783668136291839,1.9114647890621626,0.9514748919811448,0.0,0.0,0.0,0.0,4.780822039803849e-06
2018-12-20,-0.014587994154072637,1.883580351893608,0.9507516041597276,0.0,0.0,0.0,0.0,4.866672373427861e-06
2018-12-21,-0.019153515343823257,1.8475031667222899,0.9497848833121714,0.0,0.0,0.0,0.0,4.90836036362796e-06
2018-12-24,-0.02843307238644943,1.7949729754486805,0.9483101608626668,0.0,0.0,0.0,0.0,5.049430051907397e-06
2018-12-26,0.04370479219259482,1.8734218963319886,0.9504697032073149,0.0,0.0,0.0,0.0,5.14048548341543e-06
2018-12-27,0.003376616661596943,1.8797477239213438,0.9506314488500077,0.0,0.0,0.0,0.0,5.0074211211650295e-06
2018-12-28,0.0007290354504791985,1.8811181266500399,0.9506624807954315,0.0,0.0,0.0,0.0,4.8987470626833955e-06
2018-12-31,0.005866600233812802,1.8921538946916743,0.9509453311751087,0.0,0.0,0.0,0.0,4.912605111940595e-06
2019-01-02,-0.007291600893711836,1.8783570636621,0.9505800753414186,0.0,0.0,0.0,0.0,4.981778758093456e-06
2019-01-03,0.0011503519694278097,1.8805178354095724,1.1883025527814275,2.138990386116616,0.0010694951930583082,0.0,0.0,4.976299363061027e-06
2019-01-04,-0.010856740738596993,1.8601015408162231,1.1903959346605208,0.0,0.0,0.0,2.6563477396077022e-05,0.0
2019-01-07,-0.0012821146833670305,1.857716677318189,1.1906669865913617,0.0,0.0,0.0,2.648842810041762e-05,0.0
2019-01-08,-0.003117558200459669,1.851925137456685,1.1912899770769845,0.0,0.0,0.0,2.6705194581177884e-05,0.0
2019-01-09,0.0018970658167105636,1.855438361330061,1.1909544437989183,0.0,0.0,0.0,2.6740998750736846e-05,0.0
2019-01-10,-0.004528564818909064,1.8470358884432874,1.1918499216060876,0.0,0.0,0.0,2.6674717896703546e-05,0.0
2019-01-11,0.0034212944139511148,1.8533551420107854,1.1912224912492428,0.0,0.0,0.0,2.6722772082046323e-05,0.0
2019-01-14,-0.0008034265626550852,1.8518661072596605,1.1914029799307126,0.0,0.0,0.0,2.668220494976916e-05,0.0
2019-01-15,-0.0023674422737209877,1.8474819211520628,1.1918839898542832,0.0,0.0,0.0,2.669284834425008e-05,0.0
2019-01-16,0.0011253768314454238,1.8495610345026414,1.1916950635141295,0.0,0.0,0.0,2.6842052356221983e-05,0.0
2019-01-17,-0.0013045386298711215,1.8471482106848283,1.1919722752163295,0.0,0.0,0.0,2.679700378943673e-05,0.0
2019-01-18,-0.0065053991424797175,1.8351317742990063,1.193256299758005,0.0,0.0,0.0,2.6929236535338956e-05,0.0
2019-01-22,0.005299837183218248,1.8448576739125415,1.1922643246718625,0.0,0.0,0.0,2.688639916437147e-05,0.0
2019-01-23,-0.0008915496367838394,1.843212891723447,1.1924627707543836,0.0,0.0,0.0,2.6955587532383038e-05,0.0
2019-01-24,0.0033289616164267066,1.849348876690897,1.1918509898616738,0.0,0.0,0.0,2.680603473364549e-05,0.0
2019-01-25,0.0020999719837007103,1.8532324575200363,1.1914756945011662,0.0,0.0,0.0,2.6792665515222487e-05,0.0
2019-01-28,0.0009744659156329938,1.8550383693836343,1.1913160093822037,0.0,0.0,0.0,2.6759134701904107e-05,0.0
2019-01-29,0.005103993108607208,1.8645064724371703,1.1903710802068226,0.0,0.0,0.0,2.6673411858618533e-05,0.0
2019-01-30,0.002837327218917274,1.8697966874012635,1.1898589796720087,0.0,0.0,0.0,2.6625180226694256e-05,0.0
2019-01-31,0.005405955071054791,1.879904724285362,1.1888645066191705,0.0,0.0,0.0,2.640771041053728e-05,0.0
2019-02-01,-0.005475391832781673,1.8696115093116021,1.189930833427252,0.0,0.0,0.0,2.641163306713264e-05,0.0
2019-02-04,-0.0030520331602630346,1.8639053929883738,1.336764682402589,0.16871641621131905,8.435820810565953e-05,0.0,2.6624638015889762e-05,0.0
2019-02-05,0.00415640445884824,1.8716525376746618,1.3354175913763298,0.0,0.0,0.0,4.692242717764812e-05,0.0
2019-02-06,-0.0028130281028253545,1.8663875264874585,1.3364107763252435,0.0,0.0,0.0,4.679365240351362e-05,0.0
2019-02-07,0.005967438791449675,1.8775250798128975,1.3344618862028688,0.0,0.0,0.0,4.68467274922389e-05,0.0
2019-02-08,0.003359737464064594,1.8838330711632656,1.3333885068320686,0.0,0.0,0.0,4.6617381271708423e-05,0.0
2019-02-11,-0.0033738224559553,1.8774773528445037,1.334563834362727,0.0,0.0,0.0,4.678831479848212e-05,0.0
2019-02-12,-0.0018736441037167095,1.8739596284724849,1.3352386850744244,0.0,0.0,0.0,4.671498870758378e-05,0.0
2019-02-13,-0.0031122949955698642,1.86812731329889,1.3363322773289348,0.0,0.0,0.0,4.693899070641425e-05,0.0
2019-02-14,0.006643270125749945,1.8805377876704261,1.334159346273272,0.0,0.0,0.0,4.6648280590437744e-05,0.0
2019-02-15,0.003080418056834011,1.8863306302281249,1.3331796897668897,0.0,0.0,0.0,4.666462239738284e-05,0.0
2019-02-19,0.006769506646723489,1.8991001579673723,1.3309856197989283,0.0,0.0,0.0,4.6310659169548164e-05,0.0
2019-02-20,-0.0026851528360289922,1.8940007837923032,1.3319231170098829,0.0,0.0,0.0,4.624671859475991e-05,0.0
2019-02-21,-0.008250543128105914,1.8783742486409585,1.334731195034803,0.0,0.0,0.0,4.6628278511210434e-05,0.0
2019-02-22,0.005612998052048956,1.888917559639599,1.3329093317078515,0.0,0.0,0.0,4.655504854394197e-05,0.0
2019-02-25,-0.0034096471007751816,1.8824770173587706,1.334094979306364,0.0,0.0,0.0,4.654353113663743e-05,0.0
2019-02-26,0.003195272416971262,1.8884920442479194,1.333077373596997,0.0,0.0,0.0,4.652747392185729e-05,0.0
2019-02-27,-0.008844468930801264,1.8717893350365034,1.3360964936866142,0.0,0.0,0.0,4.67334101557115e-05,0.0
2019-02-28,-0.003988204170915277,1.864324257003436,1.3374894171997467,0.0,0.0,0.0,4.693293962895057e-05,0.0
2019-03-01,-0.011087283846041629,1.8436539647849781,1.3413208800584457,0.0,0.0,0.0,4.731165330213302e-05,0.0
2019-03-04,0.0023200694176246373,1.8479313699653583,1.3638572795361543,0.9767229645519939,0.000488361482275997,0.0,4.756242424919326e-05,0.0
2019-03-05,0.001068297777270466,1.8499055109404408,1.3635197566969686,0.0,0.0,0.0,5.0886333271956426e-05,0.0
2019-03-06,0.001019322647591192,1.8517911615236462,1.36320031575235,0.0,0.0,0.0,5.078441756323462e-05,0.0
2019-03-07,0.0028001452871768695,1.8569764458174223,1.362236733014076,0.0,0.0,0.0,5.065685463229602e-05,0.0
2019-03-08,0.004056735765822328,1.8645097085814593,1.3608235652984122,0.0,0.0,0.0,5.05015065550002e-05,0.0
2019-03-11,0.0007647657435576605,1.865935621735113,1.3605981929052677,0.0,0.0,0.0,5.042000984561061e-05,0.0
2019-03-12,0.004718923011989062,1.8747408282794091,1.3589546826643715,0.0,0.0,0.0,5.030854373240941e-05,0.0
2019-03-13,0.0012417410813774232,1.8770687709828193,1.3585595842002538,0.0,0.0,0.0,5.017267046666632e-05,0.0
2019-03-14,-0.0043257634349954666,1.86894901552833,1.3601676688459639,0.0,0.0,0.0,5.025051375233517e-05,0.0
2019-03-15,0.004005926885823019,1.8764358886378674,1.3587807286137907,0.0,0.0,0.0,5.0096870163443257e-05,0.0
2019-03-18,-0.0014616890602592303,1.8736931228271676,1.3593561109132117,0.0,0.0,0.0,5.0123580667163056e-05,0.0
2019-03-19,-1.6631964030788815e-05,1.873661959630544,1.3594122844196213,0.0,0.0,0.0,5.020493026610675e-05,0.0
2019-03-20,0.008711917418961823,1.8899851478938956,1.3563579272068833,0.0,0.0,0.0,5.0129686439983814e-05,0.0
2019-03-21,0.0018893664811747701,1.8935560224822445,1.3557355892886287,0.0,0.0,0.0,4.976173095361043e-05,0.0
2019-03-22,0.006284944521113722,1.9054569170311662,1.3535631545282758,0.0,0.0,0.0,4.946082516877926e-05,0.0
2019-03-25,0.004191106613342432,1.9134428901175746,1.352136698680996,0.0,0.0,0.0,4.93270499067949e-05,0.0
2019-03-26,-0.0004490358760995683,1.9125836856130443,1.3523441011715411,0.0,0.0,0.0,4.927824538441735e-05,0.0
2019-03-27,0.0004584274589727322,1.9134604664921127,1.3522318447408812,0.0,0.0,0.0,4.9106679697241294e-05,0.0
2019-03-28,-0.0015039281872485377,1.9105827593613693,1.3528116487628759,0.0,0.0,0.0,4.93185877476418e-05,0.0
2019-03-29,-0.0011212679354584143,1.9084404841752578,1.3532570261664203,0.0,0.0,0.0,4.935942283971865e-05,0.0
2019-04-01,-0.006305260593250983,1.8964072695958227,1.3555481940217629,0.0,0.0,0.0,4.943632527247047e-05,0.0
2019-04-02,0.0028155552813620144,1.9017467090993467,1.1205497494739591,1.2248148131222845,0.0006124074065611422,0.0,4.961204951284259e-05,0.0
2019-04-03,-0.00011487312167068886,1.9015282495182455,1.1205804396206354,0.0,0.0,0.0,1.6826367137251764e-05,0.0
2019-04-04,0.0008786419488766573,1.9031990120052462,1.1204914137920403,0.0,0.0,0.0,1.68330387656016e-05,0.0
2019-04-05,0.0043864196368004205,1.9115472415242454,1.119981953143399,0.0,0.0,0.0,1.6814882436902326e-05,0.0
2019-04-08,-0.0015668595293568677,1.9085521155130474,1.1201870287185829,0.0,0.0,0.0,1.6775262473829358e-05,0.0
2019-04-09,-0.00193381320163577,1.9048613322360584,1.1204367188648938,0.0,0.0,0.0,1.6788759729331277e-05,0.0
2019-04-10,0.006305480149003229,1.9168723975530766,1.1196987834686345,0.0,0.0,0.0,1.678210384960955e-05,0.0
2019-04-11,-0.001128597752792282,1.9147090196728087,1.1198507666045667,0.0,0.0,0.0,1.6715247408046085e-05,0.0
2019-04-12,0.003006555346527051,1.9204656983129496,1.1195081996474252,0.0,0.0,0.0,1.6716570007310575e-05,0.0
2019-04-15,-0.002206902383834919,1.9162274179852694,1.1197892560510014,0.0,0.0,0.0,1.6690695333136106e-05,0.0
2019-04-16,-0.006368305418971043,1.904024296535333,1.1205738395543334,0.0,0.0,0.0,1.671282807502363e-05,0.0
2019-04-17,-0.0023017446496408356,1.8996417187979966,1.120868890937485,0.0,0.0,0.0,1.6786334697113413e-05,0.0
2019-04-18,0.002908533154868609,1.905166889719492,1.1205351936042136,0.0,0.0,0.0,1.6838651709655914e-05,0.0
2019-04-22,-0.0028765084846562594,1.8996866609965277,1.1208997995654204,0.0,0.0,0.0,1.6872859602070565e-05,0.0
2019-04-23,0.009284218408122102,1.9173237668642158,1.1198043969687597,0.0,0.0,0.0,1.6845682217302692e-05,0.0
2019-04-24,0.0024654145953144635,1.9220507648629863,1.1195264492985664,0.0,0.0,0.0,1.6699772056716258e-05,0.0
2019-04-25,-0.00024782453812310923,1.921574433519935,1.1195727781250746,0.0,0.0,0.0,1.6695087913137302e-05,0.0
2019-04-26,0.00481028104199166,1.9308177465882719,1.1190169752546575,0.0,0.0,0.0,1.6670776356418888e-05,0.0
2019-04-29,-0.003731060297999189,1.9236137491513041,1.1194793846364728,0.0,0.0,0.0,1.6645893117685697e-05,0.0
2019-04-30,0.0013633419253524792,1.9262362924237066,1.1193333816181046,0.0,0.0,0.0,1.6714280309360395e-05,0.0
2019-05-01,-0.0021034754314394055,1.9221845017074464,1.1196016294971252,0.0,0.0,0.0,1.6633733867952056e-05,0.0
2019-05-02,-0.003241114330312489,1.9159544819734577,1.0522337094914824,0.9490200496656236,0.00047451002483281184,0.0,1.671616948315606e-05,0.0
2019-05-03,0.009452142521616969,1.9340643568020015,1.0517518398625447,0.0,0.0,0.0,7.257981358695884e-06,0.0
2019-05-06,-0.00263785590571608,1.9289625737163765,1.0518959627628266,0.0,0.0,0.0,7.297743497601626e-06,0.0
2019-05-07,-0.011576526442609092,1.9066318874749455,1.052511107952447,0.0,0.0,0.0,7.2804222176059405e-06,0.0
2019-05-08,-0.00251317977460086,1.9018401787777344,1.0526507636717444,0.0,0.0,0.0,7.338707574562941e-06,0.0
2019-05-09,-0.00035170167819020826,1.9011712983952087,1.0526766445284124,0.0,0.0,0.0,7.3818603234072235e-06,0.0
2019-05-10,0.0038673855706015114,1.9085238608418642,1.052481038126322,0.0,0.0,0.0,7.373704729688531e-06,0.0
2019-05-13,-0.013347385104264253,1.8830500578905307,1.0531984287261624,0.0,0.0,0.0,7.416894044781719e-06,0.0
2019-05-14,0.0051002965740254425,1.8926541716495082,1.05293587097641,0.0,0.0,0.0,7.4136535473995226e-06,0.0
2019-05-15,0.008364289027079419,1.908484878169492,1.0525041056783067,0.0,0.0,0.0,7.405884005942428e-06,0.0
2019-05-16,0.004946655530962518,1.9179254954478475,1.052252962180751,0.0,0.0,0.0,7.333553792896744e-06,0.0
2019-05-17,-0.004054380816773673,1.9101494951111027,1.0524730065584031,0.0,0.0,0.0,7.330784304433339e-06,0.0
2019-05-20,-0.009883618341416711,1.8912703065263747,1.0530042094983947,0.0,0.0,0.0,7.373148611490788e-06,0.0
2019-05-21,0.006557675825692666,1.903672644095333,1.0526662450986777,0.0,0.0,0.0,7.371757918077389e-06,0.0
2019-05-22,0.00048059231981367745,1.9045875345475247,1.0526482992852608,0.0,0.0,0.0,7.367937491124792e-06,0.0
2019-05-23,-0.003154303201417852,1.898579887989921,1.052822270791278,0.0,0.0,0.0,7.38510072223789e-06,0.0
2019-05-24,0.0015269511688134063,1.901478926768973,1.05274910383446,0.0,0.0,0.0,7.354793442692533e-06,0.0
2019-05-28,-0.003743659266211008,1.8943604375652692,1.0529547163779074,0.0,0.0,0.0,7.347334910094278e-06,0.0
2019-05-29,-0.006049962948327714,1.8828996271072214,1.0532844823712462,0.0,0.0,0.0,7.402309515715664e-06,0.0
2019-05-30,0.005341618458796882,1.8929573585114392,1.0530087726446327,0.0,0.0,0.0,7.426068290455421e-06,0.0
2019-05-31,-0.002188278908843655,1.8888150398484682,1.0531324456548228,0.0,0.0,0.0,7.437940510721913e-06,0.0
2019-06-03,-0.0029400458193313828,1.8832618370870715,1.0532965616630738,0.0,0.0,0.0,7.413376354873495e-06,0.0
2019-06-04,0.0018487521448560251,1.8867435214477117,1.4149798400330325,1.6126243423662208,0.0008063121711831104,0.0,7.422634271824161e-06,0.0
2019-06-05,0.0019507842396320196,1.8904241509735797,1.4142297326369901,0.0,0.0,0.0,5.7893427135137836e-05,0.0
2019-06-06,0.0019448845411829119,1.8941008076810872,1.4134834157946423,0.0,0.0,0.0,5.768230498111002e-05,0.0
2019-06-07,0.0068937491285894215,1.9071582634734994,1.4107098415956738,0.0,0.0,0.0,5.731367906539863e-05,0.0
2019-06-10,-0.007161643623093239,1.8934998756576649,1.4137301988295492,0.0,0.0,0.0,5.761270086670103e-05,0.0
2019-06-11,0.0010406681688754915,1.8954703807060316,1.4133578213873914,0.0,0.0,0.0,5.7770973565419896e-05,0.0
2019-06-12,0.0027386943311795697,1.9006614946925902,1.4122864337387777,0.0,0.0,0.0,5.7731493165015654e-05,0.0
2019-06-13,0.004040954318962564,1.908341980968454,1.4106844657891575,0.0,0.0,0.0,5.753510128145123e-05,0.0
2019-06-14,0.0012190260772502182,1.9106682996075661,1.410241735864352,0.0,0.0,0.0,5.743823678706838e-05,0.0
2019-06-17,0.0024842829522395693,1.9154149402916656,1.4092822665145452,0.0,0.0,0.0,5.731017891024234e-05,0.0
2019-06-18,0.005223092128476159,1.9254193289890684,1.4072125275536966,0.0,0.0,0.0,5.672623293188666e-05,0.0
2019-06-19,0.005773954218897037,1.9365366120468308,1.404931352940064,0.0,0.0,0.0,5.70776592015231e-05,0.0
2019-06-20,0.005005299325541612,1.9462295574449953,1.4029709246823143,0.0,0.0,0.0,5.630437699767264e-05,0.0
2019-06-21,-0.009069477674857995,1.928578271923599,1.4067159135827405,0.0,0.0,0.0,5.654641453004329e-05,0.0
2019-06-24,0.004048983117039384,1.9363870527865066,1.4051323506465447,0.0,0.0,0.0,5.657169461506247e-05,0.0
2019-06-25,-0.0027314095906413316,1.9310979866193319,1.4062987087519407,0.0,0.0,0.0,5.652424956219602e-05,0.0
2019-06-26,-0.008174555556724972,1.9153121188422324,1.4097046147223433,0.0,0.0,0.0,5.674109367029592e-05,0.0
2019-06-27,0.008340954375245957,1.931287649839851,1.4063723104030126,0.0,0.0,0.0,5.702801517260068e-05,0.0
2019-06-28,0.001904811733588252,1.9349663892162,1.4056563744974389,0.0,0.0,0.0,5.6798111285942085e-05,0.0
2019-07-01,-0.0003594001547091441,1.9342709619965586,1.4058589033627256,0.0,0.0,0.0,5.655484202132445e-05,0.0
2019-07-02,0.007557138614608272,1.9488885157745783,1.214267472806543,1.2660126622891374,0.0006330063311445687,0.0,5.660517258840461e-05,0.0
2019-07-03,0.007919652228987939,1.9643230350525815,1.2126135766451254,0.0,0.0,0.0,2.9875954161961936e-05,0.0
2019-07-05,-0.005972630281556479,1.9525908598106676,1.2139209457680356,0.0,0.0,0.0,2.9933991562367383e-05,0.0
2019-07-08,-0.002747544466477292,1.9472260295985007,1.214540285764019,0.0,0.0,0.0,2.9947792423749533e-05,0.0
2019-07-09,0.0010789269554725145,1.9493269442502323,1.2143389971743386,0.0,0.0,0.0,3.0056460221318803e-05,0.0
2019-07-10,0.005798837731148643,1.9606307748848952,1.213133012833246,0.0,0.0,0.0,2.9822845778542112e-05,0.0
2019-07-11,-0.005626575881091611,1.949599137055202,1.2143689469402779,0.0,0.0,0.0,2.97697007024728e-05,0.0
2019-07-12,0.0025207113831839933,1.9545135137926228,1.2138598116775146,0.0,0.0,0.0,2.9923143517590063e-05,0.0
2019-07-15,0.0013475650653700377,1.9571473479236035,1.2136018417792651,0.0,0.0,0.0,2.9821002709880275e-05,0.0
2019-07-16,-0.0035678192545721688,1.9501645999316468,1.214396606568034,0.0,0.0,0.0,2.9908440739323237e-05,0.0
2019-07-17,-0.0011421697931328634,1.9479371808339678,1.214671745613818,0.0,0.0,0.0,2.991487688965214e-05,0.0
2019-07-18,0.0023770906257190028,1.9525676040460178,1.2141925763431196,0.0,0.0,0.0,3.0056635904700802e-05,0.0
2019-07-19,-0.007746500843981541,1.9374420374533443,1.2158949255289861,0.0,0.0,0.0,2.9853654512935657e-05,0.0
2019-07-22,0.0035426420588577923,1.9443057011018259,1.215162837363342,0.0,0.0,0.0,3.0065520486768456e-05,0.0
2019-07-23,0.0062645327838561915,1.9564858679082167,1.21385320146341,0.0,0.0,0.0,2.9959946874872498e-05,0.0
2019-07-24,0.004266790358604666,1.9648337829461535,1.2129743560925041,0.0,0.0,0.0,2.9889429015093685e-05,0.0
2019-07-25,-0.006255817317734391,1.9525421417403295,1.2143450081051244,0.0,0.0,0.0,2.9804989973164095e-05,0.0
2019-07-26,0.0056675616174939325,1.9636082946393962,1.2131668123166155,0.0,0.0,0.0,2.9841424704649905e-05,0.0
2019-07-29,-0.0008935359393555942,1.9618537400573193,1.2133872571816284,0.0,0.0,0.0,2.9755846789601057e-05,0.0
2019-07-30,0.000189530630022805,1.962225571432685,1.2133766222500002,0.0,0.0,0.0,2.9905778260145757e-05,0.0
2019-07-31,-0.006349422636802604,1.9497665719709174,1.2147700933308077,0.0,0.0,0.0,2.9759107889122272e-05,0.0
2019-08-01,0.0006032051837021601,1.9509426812741395,1.21467060254265,0.0,0.0,0.0,2.9936445516077486e-05,0.0
2019-08-02,0.00028399768329001596,1.951496744475853,1.4366583547959857,1.6532999255372083,0.0008266499627686041,0.0,3.006936455391208e-05,0.0
2019-08-05,0.011592100738691657,1.9741186913290458,1.4317148661254404,0.0,0.0,0.0,6.037153743499789e-05,0.0
2019-08-06,0.007360197031701876,1.988648593861193,1.4286204382768275,0.0,0.0,0.0,6.031206689532839e-05,0.0
2019-08-07,0.0027354359609426115,1.9940884147385192,1.4275108804321774,0.0,0.0,0.0,5.91118990233364e-05,0.0
2019-08-08,0.002795442957087113,1.999662775153309,1.4263786789625401,0.0,0.0,0.0,5.995035650267667e-05,0.0
2019-08-09,-0.0033731659144681236,1.992917580839731,1.4278815520862111,0.0,0.0,0.0,5.953836381042157e-05,0.0
2019-08-12,0.01331726217837792,2.0194577867636725,1.4223172106514037,0.0,0.0,0.0,5.936635878145578e-05,0.0
2019-08-13,-0.004172285522436314,2.011032032276787,1.4241458586172493,0.0,0.0,0.0,5.883736938889347e-05,0.0
2019-08-14,0.011754129758289489,2.034669963732245,1.4192768696573748,0.0,0.0,0.0,5.8604934661417866e-05,0.0
2019-08-15,0.009554257988811043,2.054109725487828,1.4153669126716772,0.0,0.0,0.0,5.845460793218589e-05,0.0
2019-08-16,-0.00374616607045275,2.0464146893292186,1.4169870348587459,0.0,0.0,0.0,5.8389868347320135e-05,0.0
2019-08-19,-0.0098491941018376,2.0262591538411634,1.4211936991643301,0.0,0.0,0.0,5.8924968432505595e-05,0.0
2019-08-20,0.009061954070368028,2.0446210212279348,1.4174694436458273,0.0,0.0,0.0,5.8447893812825306e-05,0.0
2019-08-21,-0.002784272122775766,2.0389282399168884,1.418693513515624,0.0,0.0,0.0,5.8588164028298663e-05,0.0
2019-08-22,-0.0051145842281126175,2.028499969698756,1.420904750487321,0.0,0.0,0.0,5.86636045174589e-05,0.0
2019-08-23,0.012869851446356106,2.0546064629677168,1.4156146447943994,0.0,0.0,0.0,5.877520297497112e-05,0.0
2019-08-26,-0.0015160982398246814,2.051491477725679,1.4163038564475057,0.0,0.0,0.0,5.8048255444163743e-05,0.0
2019-08-27,0.010416269521058563,2.0728603658778244,1.4120697769690616,0.0,0.0,0.0,5.790597670118128e-05,0.0
2019-08-28,-7.12343222089018e-05,2.0727127070746274,1.4121566956248917,0.0,0.0,0.0,5.7346075188497914e-05,0.0
2019-08-29,-0.004343933982169923,2.0637089799110906,1.4140127106015161,0.0,0.0,0.0,5.764600411033734e-05,0.0
2019-08-30,-0.00040492192376850866,2.0628733389008467,1.4142382751076488,0.0,0.0,0.0,5.8001275092197634e-05,0.0
2019-09-03,0.0034283268044044135,2.069945542862692,1.412880647172229,0.0,0.0,0.0,5.7772092429787445e-05,0.0
2019-09-04,0.0030419687906586557,2.076242252602443,1.2961315790660624,0.8524429743839553,0.0004262214871919777,0.0,5.784683503884697e-05,0.0
2019-09-05,-0.016683912448980598,2.0416024086371496,1.3011981063126252,0.0,0.0,0.0,4.1716899204945535e-05,0.0
2019-09-06,0.002363562253547391,2.0464278630269557,1.3005298574020432,0.0,0.0,0.0,4.192948203606143e-05,0.0
2019-09-09,-0.011067163567350824,2.023779711138052,1.303935540516604,0.0,0.0,0.0,4.221583928178551e-05,0.0
2019-09-10,-0.014184107500073373,1.9950742021588026,1.3083516885023494,0.0,0.0,0.0,4.2571092427330535e-05,0.0
2019-09-11,0.0008076420765144032,1.9966855080302346,1.3081458882642478,0.0,0.0,0.0,4.311587659011377e-05,0.0
2019-09-12,-0.0006621774083743759,1.9953633479951884,1.3083931418359347,0.0,0.0,0.0,4.262518542400607e-05,0.0
2019-09-13,-0.015604342214021405,1.964227015471756,1.3133254566227124,0.0,0.0,0.0,4.325008796404834e-05,0.0
2019-09-16,0.010581826465302813,1.985012124887938,1.3100879260953142,0.0,0.0,0.0,4.34360334123995e-05,0.0
2019-09-17,0.006229282757357346,1.9973773266906476,1.308211304598995,0.0,0.0,0.0,4.322753872592503e-05,0.0
2019-09-18,-6.910116221447993e-05,1.9972393055959925,1.308275658543068,0.0,0.0,0.0,4.280827676187107e-05,0.0
2019-09-19,0.004216434818832715,2.005660534945649,1.3070241718615154,0.0,0.0,0.0,4.279348811823805e-05,0.0
2019-09-20,0.01007268375234771,2.0258629192287207,1.3040049124354625,0.0,0.0,0.0,4.2707239063063206e-05,0.0
2019-09-23,0.0013361105990967737,2.0285696961474193,1.3036416777497384,0.0,0.0,0.0,4.2402922824115977e-05,0.0
2019-09-24,0.005664465514874983,2.0400604592357667,1.3019735723037218,0.0,0.0,0.0,4.231989480972832e-05,0.0
2019-09-25,-0.011080247170659141,2.017456085104346,1.305399656418166,0.0,0.0,0.0,4.227244411516361e-05,0.0
2019-09-26,0.005083690142888786,2.027712206717902,1.3038973952252364,0.0,0.0,0.0,4.245854764576967e-05,0.0
2019-09-27,-0.0019787145450970156,2.0236999430811986,1.3045424469545928,0.0,0.0,0.0,4.2515227047430406e-05,0.0
2019-09-30,-0.0009358435723011427,2.0218060764972,1.3048702971249746,0.0,0.0,0.0,4.27124905513433e-05,0.0
2019-10-01,0.0001327360063521077,2.0220744429614124,1.304872414635585,0.0,0.0,0.0,4.288733130526935e-05,0.0
2019-10-02,0.001836156710052883,2.0257872885180825,1.3479346781296973,0.1165351411228899,5.826757056144496e-05,0.0,4.2491468990537646e-05,0.0
2019-10-03,0.008626184875430543,2.0432621041871366,1.3450071827871088,0.0,0.0,0.0,4.853370738938525e-05,0.0
2019-10-04,0.005900677766319751,2.0553187354560776,1.3430312573531926,0.0,0.0,0.0,4.8109187294327755e-05,0.0
2019-10-07,-0.007632671049984885,2.0396311636454705,1.3457179240205426,0.0,0.0,0.0,4.8193888827380455e-05,0.0
2019-10-08,0.0007640924377658731,2.041189630393444,1.3455022191453034,0.0,0.0,0.0,4.804896208701208e-05,0.0
2019-10-09,-0.00044789947490586624,2.0402753826298072,1.3457053210044896,0.0,0.0,0.0,4.808267042694555e-05,0.0
2019-10-10,-0.008586440955977048,2.022756678522923,1.3487481151005283,0.0,0.0,0.0,4.852584041213062e-05,0.0
2019-10-11,-0.005727654644746005,2.01117102683799,1.350806125456833,0.0,0.0,0.0,4.890317089755568e-05,0.0
2019-10-14,0.004658496412813573,2.0205400598520695,1.3492282484049258,0.0,0.0,0.0,4.879231526434227e-05,0.0
2019-10-15,-0.005880608324973946,2.00865805515516,1.351343140892849,0.0,0.0,0.0,4.885888897103533e-05,0.0
2019-10-16,0.002349789261234081,2.013377978282655,1.350568455403235,0.0,0.0,0.0,4.903326057679831e-05,0.0
2019-10-17,0.0025962477913785698,2.0186052064119817,1.3497094912012628,0.0,0.0,0.0,4.8960949474924063e-05,0.0
2019-10-18,0.002865792294442615,2.024390109658039,1.3487588690316554,0.0,0.0,0.0,4.88234562452175e-05,0.0
2019-10-21,-0.001774943289522768,2.020796932017525,1.349427799083374,0.0,0.0,0.0,4.880859557809878e-05,0.0
2019-10-22,0.002050931398476452,2.024941447895345,1.3487613224988986,0.0,0.0,0.0,4.8594894327091525e-05,0.0
2019-10-23,0.0018377525751893664,2.028662789255822,1.3481701877071055,0.0,0.0,0.0,4.855262628854073e-05,0.0
2019-10-24,0.0015510237061908683,2.031809293333825,1.3476795617607171,0.0,0.0,0.0,4.8516654756192414e-05,0.0
2019-10-25,-0.004387541416457141,2.0228946459089805,1.3492605215282383,0.0,0.0,0.0,4.842424649236422e-05,0.0
2019-10-28,-0.008115811716181143,2.006477213841112,1.3521674316930885,0.0,0.0,0.0,4.9003991937394275e-05,0.0
2019-10-29,0.0001152513719264725,2.0067084630927465,1.3521760345631977,0.0,0.0,0.0,4.920241545110008e-05,0.0
2019-10-30,0.00805921378712493,2.022880955605244,1.349409263452753,0.0,0.0,0.0,4.9156134641420336e-05,0.0
2019-10-31,0.008398090555742144,2.0398692930539033,1.3465477306025735,0.0,0.0,0.0,4.84998027219406e-05,0.0
2019-11-01,-0.00016875288075390849,2.039525059234339,1.3466546362381973,0.0,0.0,0.0,4.843000455484233e-05,0.0
2019-11-04,-0.00973452843958511,2.0196712445419758,1.5021553590773495,1.1511083296801052,0.0005755541648400525,0.0,4.865969357280147e-05,0.0
2019-11-05,-0.0182708892954776,1.9827700548196898,1.5115723838043333,0.0,0.0,0.0,7.076957846887477e-05,0.0
2019-11-06,0.0040509429062736135,1.9908021431080336,1.5095795638149165,0.0,0.0,0.0,7.12096371265295e-05,0.0
2019-11-07,-0.016160969233959488,1.9586288509223642,1.518022488684693,0.0,0.0,0.0,7.152602268183652e-05,0.0
2019-11-08,-0.003990041044861337,1.9508138414155343,1.520170348422049,0.0,0.0,0.0,7.261370104935103e-05,0.0
2019-11-11,-0.00013762790989257923,1.9505453549839507,1.5203146169506017,0.0,0.0,0.0,7.264008463336547e-05,0.0
2019-11-12,-0.00027641313465753825,1.9500061986280879,1.5205311774721832,0.0,0.0,0.0,7.260968344198311e-05,0.0
2019-11-13,0.00821424177193375,1.9660240210003883,1.5163623613112989,0.0,0.0,0.0,7.24596570011249e-05,0.0
2019-11-14,0.008593617670311637,1.9829192797675144,1.512034261440404,0.0,0.0,0.0,7.183357513469702e-05,0.0
2019-11-15,0.0033765133456820084,1.9896146331790596,1.5103824704635243,0.0,0.0,0.0,7.152524050317028e-05,0.0
2019-11-18,0.004289630051558246,1.9981493439005644,1.5082734568881313,0.0,0.0,0.0,7.115718698597664e-05,0.0
2019-11-19,0.004193729182288886,2.0065290411146517,1.5062214979468012,0.0,0.0,0.0,7.086557786994518e-05,0.0
2019-11-20,0.0015722437577745385,2.0096837938743377,1.505497443051867,0.0,0.0,0.0,7.064771529712432e-05,0.0
2019-11-21,-0.011769059036670027,1.9860317066591917,1.5115889730447891,0.0,0.0,0.0,7.096697196720542e-05,0.0
2019-11-22,-0.001959788970161469,1.98213950362609,1.512665148595421,0.0,0.0,0.0,7.120839040427675e-05,0.0
2019-11-25,0.004108076742671107,1.9902822848216661,1.5106390147051727,0.0,0.0,0.0,7.146763368032541e-05,0.0
2019-11-26,0.010752973370098395,2.011683737229332,1.5052771107432652,0.0,0.0,0.0,7.1144750578294e-05,0.0
2019-11-27,0.0012539773938755605,2.0142063431594446,1.5047147881985816,0.0,0.0,0.0,7.075995983871923e-05,0.0
2019-11-29,-0.002006601957901477,2.0101646327676432,1.5058002277693616,0.0,0.0,0.0,7.055736214513266e-05,0.0
2019-12-02,-0.015149025079920886,1.9797125983310762,1.5136522094328027,0.0,0.0,0.0,7.12512812140028e-05,0.0
2019-12-03,0.008100514266065506,1.9957492884765666,1.4309431088676319,2.426740751010077,0.0012133703755050382,0.0,7.150507471432183e-05,0.0
2019-12-04,0.0057660945316713175,2.0072569675354384,1.4285323460781716,0.0,0.0,0.0,5.996513269519975e-05,0.0
2019-12-05,-0.00014222600306978972,2.006971483399812,1.4286531701917073,0.0,0.0,0.0,5.979211034645454e-05,0.0
2019-12-06,0.008596841477863215,2.024225099093192,1.4250588817301708,0.0,0.0,0.0,5.955376652013009e-05,0.0
2019-12-09,-0.0041521858302162595,2.015820140319569,1.4268907849024073,0.0,0.0,0.0,5.9396466566130726e-05,0.0
2019-12-10,-0.0004994624887317833,2.0148133137754494,1.4271637663692562,0.0,0.0,0.0,5.961070544066461e-05,0.0
2019-12-11,0.005988145785790877,2.026878309629489,1.4246803856274997,0.0,0.0,0.0,5.954253049686246e-05,0.0
2019-12-12,0.004767065593807462,2.0365405714821585,1.4227245504024364,0.0,0.0,0.0,5.937631199766277e-05,0.0
2019-12-13,0.0065335695667716465,2.04984645098149,1.4200392420326284,0.0,0.0,0.0,5.8856846802454235e-05,0.0
2019-12-16,0.007377406364412309,2.064969001235029,1.4170213780124765,0.0,0.0,0.0,5.828659601509504e-05,0.0
2019-12-17,-0.0021813909348170624,2.0604644965750567,1.4179914313368087,0.0,0.0,0.0,5.82744555657113e-05,0.0
2019-12-18,-0.0006214743319771232,2.059183970778485,1.4183097862364642,0.0,0.0,0.0,5.837108176288074e-05,0.0
2019-12-19,0.0034164465130457344,2.066219062675171,1.4169437507862697,0.0,0.0,0.0,5.8455909614548514e-05,0.0
2019-12-20,0.0025547392965492577,2.0714977137098667,1.4159393738848385,0.0,0.0,0.0,5.8072129289133214e-05,0.0
2019-12-23,0.0019102260611325583,2.075454742628172,1.415204339203495,0.0,0.0,0.0,5.7949540212563475e-05,0.0
2019-12-24,0.00023380110957793576,2.0759399862498773,1.4151652698993213,0.0,0.0,0.0,5.800912829143159e-05,0.0
2019-12-26,0.006367477237227082,2.0891584868581727,1.4125960651853715,0.0,0.0,0.0,5.7866962120369504e-05,0.0
2019-12-27,0.0008933768949965781,2.0910248927803177,1.4122853714266421,0.0,0.0,0.0,5.738825754636739e-05,0.0
2019-12-30,-0.00528609253619583,2.079971541701592,1.4145342267765582,0.0,0.0,0.0,5.7638545600303095e-05,0.0
2019-12-31,0.0008236540468788967,2.0816847186793077,1.4142509305147979,0.0,0.0,0.0,5.807307757167071e-05,0.0
2020-01-02,0.011874309893682877,2.10640328812985,1.409446894822707,0.0,0.0,0.0,5.741264048428394e-05,0.0
2020-01-03,-0.008621607208444959,2.0882427063570175,0.9010124806788069,1.3385026746306,0.0006692513373153001,0.0,5.784641504125408e-05,0.0
2020-01-06,0.002260523651403723,2.0929632283846087,0.9012258631992598,0.0,0.0,0.0,0.0,9.962750258975225e-06
2020-01-07,-0.0016526683954725119,2.0895042542041713,0.90105245831062,0.0,0.0,0.0,0.0,9.88958006364327e-06
2020-01-08,0.004883214254978174,2.0997077511641384,0.9015234456703347,0.0,0.0,0.0,0.0,9.895458785638736e-06
2020-01-09,0.005242820531859316,2.110716142072846,0.9020272515520276,0.0,0.0,0.0,0.0,9.78754662004368e-06
2020-01-10,-0.001139748170236432,2.10831045721203,0.9019056514228815,0.0,0.0,0.0,0.0,9.77109965272724e-06
2020-01-13,0.008815385817609656,2.126896027315655,0.9027531108355705,0.0,0.0,0.0,0.0,9.781113049428192e-06
2020-01-14,-0.0015540978668906469,2.1235906227365056,0.9025920045887672,0.0,0.0,0.0,0.0,9.751084862852194e-06
2020-01-15,0.00025418237566965374,2.1241304020459424,0.9026070193684166,0.0,0.0,0.0,0.0,9.752714655390571e-06
2020-01-16,0.00842187216401924,2.14201955675168,0.9034107424498584,0.0,0.0,0.0,0.0,9.688757650216563e-06
2020-01-17,0.002421451975026745,2.1472063542379223,0.9036344281284362,0.0,0.0,0.0,0.0,9.627796521090162e-06
2020-01-21,-0.007306543542371258,2.1315176975162267,0.9029154389990034,0.0,0.0,0.0,0.0,9.698381006885709e-06
2020-01-22,0.002027167144164288,2.1358386401598364,0.9031021586632016,0.0,0.0,0.0,0.0,9.6632822101535e-06
2020-01-23,-0.0010775515156732363,2.1335371639958987,0.9029879333796426,0.0,0.0,0.0,0.0,9.73138861588108e-06
2020-01-24,-0.00849477122865927,2.115413253879911,0.9021469932667453,0.0,0.0,0.0,0.0,9.67585068919959e-06
2020-01-27,-0.017933974175605716,2.0774754872140946,0.9003500890362464,0.0,0.0,0.0,0.0,9.994927932953942e-06
2020-01-28,0.009649727731608326,2.097522560034801,0.9012926233548767,0.0,0.0,0.0,0.0,9.9163142863224e-06
2020-01-29,-0.00021578625127960382,2.0970699435045965,0.90126144619483,0.0,0.0,0.0,0.0,9.828971243507108e-06
2020-01-30,-0.0010718001539070654,2.0948223036163944,0.9011456201999654,0.0,0.0,0.0,0.0,9.962587716899757e-06
2020-01-31,-0.01678724215792049,2.059656014327773,0.8994477396174166,0.0,0.0,0.0,0.0,9.918639847715739e-06
2020-02-03,0.009889497985741125,2.080024978332787,0.9004224563091342,0.0,0.0,0.0,0.0,1.0008842640012248e-05
2020-02-04,0.015220107540321992,2.111683182189568,1.49896250045137,1.4014134062264711,0.0007007067031132355,0.0,0.0,9.82197615694083e-06
2020-02-05,0.0033564601954580997,2.1187709627360056,1.4973628182983203,0.0,0.0,0.0,6.9308812597675e-05,0.0
2020-02-06,0.007994412784256832,2.1357092924074146,1.4934871512094288,0.0,0.0,0.0,6.916575355927682e-05,0.0
2020-02-07,0.0008456129613543251,2.1375152758667593,1.4931390779519438,0.0,0.0,0.0,6.884374806231331e-05,0.0
2020-02-10,0.009265584542966554,2.157320604367185,1.4886800545112338,0.0,0.0,0.0,6.887841873092033e-05,0.0
2020-02-11,-0.0021634014115354816,2.1526534539265625,1.4898079658269916,0.0,0.0,0.0,6.806310139118645e-05,0.0
2020-02-12,0.004322800281063355,2.1619589448822283,1.4877678604035687,0.0,0.0,0.0,6.828933528083511e-05,0.0
2020-02-13,0.0024700333596892055,2.1672990555983658,1.4866339908656885,0.0,0.0,0.0,6.82990616877571e-05,0.0
2020-02-14,0.004625321603616728,2.177323510741723,1.4844611763921483,0.0,0.0,0.0,6.7719687346719e-05,0.0
2020-02-18,0.006229040737822489,2.190886147589552,1.4815293810287575,0.0,0.0,0.0,6.761286750042278e-05,0.0
2020-02-19,0.007720633924459763,2.207801177505261,1.477906898065692,0.0,0.0,0.0,6.707553622953178e-05,0.0
2020-02-20,-0.0011135715625333331,2.2053426328982635,1.478506504550901,0.0,0.0,0.0,6.67504222384197e-05,0.0
2020-02-21,-0.0021282797059283265,2.2006490469280475,1.4795940538465968,0.0,0.0,0.0,6.656617456271526e-05,0.0
2020-02-24,-0.01898576573192312,2.158868039664892,1.4889440214085417,0.0,0.0,0.0,6.766043059955048e-05,0.0
2020-02-25,-0.027901028515025628,2.0986334009300243,1.5030478713542939,0.0,0.0,0.0,6.816703483221427e-05,0.0
2020-02-26,0.00038706605262417426,2.0994457106764273,1.5029234737547883,0.0,0.0,0.0,7.004011369267309e-05,0.0
2020-02-27,-0.03193248626012968,2.032405189366364,1.519585376271626,0.0,0.0,0.0,7.074512380284248e-05,0.0
2020-02-28,-0.010820060465501435,2.010414442327021,1.5253421875105082,0.0,0.0,0.0,7.418239700572974e-05,0.0
2020-03-02,0.03484614238428829,2.080469630235778,1.5077233678727384,0.0,0.0,0.0,7.244335696605899e-05,0.0
2020-03-03,0.015081218015384312,2.11184564630375,1.223327482476684,1.2794126097946155,0.0006397063048973077,0.0,7.04946817935651e-05,0.0
2020-03-04,0.0049940595157180745,2.1223923291494007,1.2222487539222355,0.0,0.0,0.0,3.102301176330215e-05,0.0
2020-03-05,0.007715955469807412,2.138768613850578,1.220577829482709,0.0,0.0,0.0,3.0894169931437085e-05,0.0
2020-03-06,0.014796172755542125,2.1704142037452425,1.2173920697346503,0.0,0.0,0.0,3.0373306378279184e-05,0.0
2020-03-09,-0.014601673529502257,2.13872252411836,1.220644210336567,0.0,0.0,0.0,3.0340430693513132e-05,0.0
2020-03-10,-0.024246637519646064,2.0868656943209594,1.2261586164758682,0.0,0.0,0.0,3.083994233997583e-05,0.0
2020-03-11,-0.03428827672393231,2.0153106659084012,1.234221249917588,0.0,0.0,0.0,3.143645826957804e-05,0.0
2020-03-12,-0.04818870032824041,1.9181954641606347,1.246113874270466,0.0,0.0,0.0,3.3125061504958304e-05,0.0
2020-03-13,0.01737251652916294,1.9515193465679308,1.2419450575696964,0.0,0.0,0.0,3.365288981496485e-05,0.0
2020-03-16,-0.011025147218979514,1.9300035584713326,1.24467644691809,0.0,0.0,0.0,3.528934630103657e-05,0.0
2020-03-17,-0.02621784547360262,1.879403023411828,1.251299146126386,0.0,0.0,0.0,3.439585843279963e-05,0.0
2020-03-18,-0.05211010923789716,1.7814671265598034,1.2651513120656497,0.0,0.0,0.0,3.6129607718299294e-05,0.0
2020-03-19,-0.021503345615894176,1.743159623234034,1.2710161019827262,0.0,0.0,0.0,3.7247481936735966e-05,0.0
2020-03-20,0.029200156018309054,1.7940601561972847,1.2633636971536992,0.0,0.0,0.0,3.647961492125341e-05,0.0
2020-03-23,0.06223575725223118,1.905714848574279,1.2479680077284696,0.0,0.0,0.0,3.6010394642973854e-05,0.0
2020-03-24,0.030172848291172505,1.9632156935865457,1.240738867211391,0.0,0.0,0.0,3.4021532236631766e-05,0.0
2020-03-25,0.016449459752584383,1.9955095311238398,1.2368760118052207,0.0,0.0,0.0,3.3499146897095933e-05,0.0
2020-03-26,0.013494088056962283,2.022437112455332,1.2337547915077962,0.0,0.0,0.0,3.2836090658346175e-05,0.0
2020-03-27,-0.0004561788709673831,2.02151451937677,1.2338941405356925,0.0,0.0,0.0,3.281164770121296e-05,0.0
2020-03-30,0.010051017322259881,2.0418327968282255,1.2315990058437063,0.0,0.0,0.0,3.252879761593049e-05,0.0
2020-03-31,-0.015010507412991148,2.011183850495347,1.235161245804426,0.0,0.0,0.0,3.247472184935541e-05,0.0
2020-04-01,-0.006561468085363509,1.9979875318465232,1.2367238334783073,0.0,0.0,0.0,9.332053492130369e-06,0.0
2020-04-02,0.0069987103191508915,2.0119708678031922,1.0533648732644292,1.6098629405442098,0.0008049314702721049,0.0,9.329132612519734e-06,0.0
2020-04-03,0.004370614494833669,2.020764416841196,1.053134759368654,0.0,0.0,0.0,2.108295906972861e-06,0.0
2020-04-06,0.0032638945897860427,2.027359978888556,1.052963998981123,0.0,0.0,0.0,2.1089126868801218e-06,0.0
2020-04-07,-0.004505720843928751,2.018225260773531,1.0532058313504487,0.0,0.0,0.0,2.11720448181734e-06,0.0
2020-04-08,-0.005471186095543978,2.007183174789111,1.0535006547312307,0.0,0.0,0.0,2.1161976186363206e-06,0.0
2020-04-09,0.00961289261055609,2.026478011098074,1.0529933583105728,0.0,0.0,0.0,2.1112984921577523e-06,0.0
2020-04-13,0.0021123094005628396,2.0307585596509505,1.052883754370124,0.0,0.0,0.0,2.1026560708243916e-06,0.0
2020-04-14,0.0030973430140677216,2.0370485154889435,1.0527225531002762,0.0,0.0,0.0,2.0930984474468284e-06,0.0
2020-04-15,0.0062236702144040645,2.049726433660088,1.052398534069316,0.0,0.0,0.0,2.0824637886020654e-06,0.0
2020-04-16,-0.0009455651659269204,2.0477882837447394,1.052450208466295,0.0,0.0,0.0,2.0764102213477624e-06,0.0
2020-04-17,-0.008457691539810575,2.0304687221019884,1.0528996991618333,0.0,0.0,0.0,2.0873627408473794e-06,0.0
2020-04-20,0.0026745690484197837,2.035899350899907,1.052760686257806,0.0,0.0,0.0,2.0994400448510536e-06,0.0
2020-04-21,0.0029318903500181737,2.0418683845604186,1.0526085374724878,0.0,0.0,0.0,2.088879752012204e-06,0.0
2020-04-22,0.00334490927446196,2.0486982490571655,1.0524352340123075,0.0,0.0,0.0,2.0850512151466556e-06,0.0
2020-04-23,0.002909671335578068,2.054659287627696,1.0522851820799883,0.0,0.0,0.0,2.07771410871203e-06,0.0
2020-04-24,0.001246585803021505,2.0572205967256987,1.0522221574886725,0.0,0.0,0.0,2.0775425489596995e-06,0.0
2020-04-27,-0.006638812208132783,2.043563095513334,1.0525732537553616,0.0,0.0,0.0,2.0785826877223707e-06,0.0
2020-04-28,0.003381695052212308,2.050473802722315,1.0523981454463889,0.0,0.0,0.0,2.0837282537667833e-06,0.0
2020-04-29,-0.00010813503018802795,2.050252074675758,1.0524058916505505,0.0,0.0,0.0,2.0816675320312444e-06,0.0
2020-04-30,-0.00866800681108637,2.0324804757280246,1.0528662159695257,0.0,0.0,0.0,2.0825983642281587e-06,0.0
2020-05-01,0.002983635300412013,2.038544656222805,1.0527110433057103,0.0,0.0,0.0,2.096545026961141e-06,0.0
2020-05-04,0.002296410051764619,2.043225990662326,1.080728521691526,0.6490693833247873,0.0003245346916623936,0.0,2.0901921888383445e-06,0.0
2020-05-05,0.0009122607982137154,2.0450899456354987,1.080658143941517,0.0,0.0,0.0,3.210007320247641e-06,0.0
2020-05-06,-0.007616137461785244,2.029514259487824,1.0812803872638632,0.0,0.0,0.0,3.2276696549641686e-06,0.0
2020-05-07,0.011916732341860747,2.05369943770213,1.0803263846501907,0.0,0.0,0.0,3.2152652135116895e-06,0.0
2020-05-08,-0.004002715636532872,2.045479062850101,1.0806524008310676,0.0,0.0,0.0,3.196170617527711e-06,0.0
2020-05-11,-0.0033944349788860295,2.0385358171705836,1.0809303140118982,0.0,0.0,0.0,3.204854566937042e-06,0.0
2020-05-12,0.00190549097027648,2.0424202287627873,1.080779600732517,0.0,0.0,0.0,3.2047815280731296e-06,0.0
2020-05-13,0.003338160093502962,2.0492381544646063,1.0805140375251954,0.0,0.0,0.0,3.1951637694578756e-06,0.0
2020-05-14,0.006414877573303945,2.0623837663440403,1.0800040165551108,0.0,0.0,0.0,3.1884224325328853e-06,0.0
2020-05-15,0.0015090727116189306,2.065496053406716,1.079886636574395,0.0,0.0,0.0,3.1685339371684346e-06,0.0
2020-05-18,-0.006924219104973095,2.0511941061724706,1.0804468382131112,0.0,0.0,0.0,3.1728298576816258e-06,0.0
2020-05-19,0.00436962284431508,2.0601570507969265,1.0801000236547686,0.0,0.0,0.0,3.1893691600349704e-06,0.0
2020-05-20,0.003867687064122327,2.068125093572354,1.079794581755493,0.0,0.0,0.0,3.176373414597739e-06,0.0
2020-05-21,-0.004575167055916429,2.0586630757767277,1.0801645142518086,0.0,0.0,0.0,3.168483559005563e-06,0.0
2020-05-22,0.004095644080609917,2.0670946270170028,1.0798406963081004,0.0,0.0,0.0,3.1772244319281775e-06,0.0
2020-05-26,-0.00799430284033864,2.050569646568992,1.0804873044764873,0.0,0.0,0.0,3.1765475543374134e-06,0.0
2020-05-27,0.0012486235905737608,2.0531300362038127,1.0803901214150935,0.0,0.0,0.0,3.2053107988099092e-06,0.0
2020-05-28,-0.00041228649360980363,2.0522835584202612,1.080426470246688,0.0,0.0,0.0,3.194019256564568e-06,0.0
2020-05-29,0.006793132101615473,2.0662249917425837,1.0798869789719296,0.0,0.0,0.0,3.1826753018812553e-06,0.0
2020-06-01,0.0001771246813384586,2.0665909711858195,1.0798760010789052,0.0,0.0,0.0,3.1788689719010105e-06,0.0
2020-06-02,-0.002424969463310389,2.061579551187541,1.0830241911130551,0.02065193449138817,1.0325967245694085e-05,0.0,3.1717148643746475e-06,0.0
2020-06-03,-0.009910888609338087,2.041147465896432,1.0838585989570118,0.0,0.0,0.0,3.3173046479379607e-06,0.0
2020-06-04,-0.0027745239747377637,2.0354842533163273,1.0840952509691681,0.0,0.0,0.0,3.324817000125756e-06,0.0
2020-06-05,-0.006866773920962799,2.0215070431291244,1.0846800669577124,0.0,0.0,0.0,3.3707897411929223e-06,0.0
2020-06-08,0.005150511358445353,2.031918838115938,1.0842494992748712,0.0,0.0,0.0,3.361092389276036e-06,0.0
2020-06-09,0.007427450445569361,2.0470108145954633,1.08363167240649,0.0,0.0,0.0,3.3213650577626154e-06,0.0
2020-06-10,0.011898702171447617,2.071367586620067,1.082651545005617,0.0,0.0,0.0,3.3042813487906243e-06,0.0
2020-06-11,-0.0030254629025509017,2.0651007408292017,1.0829056528058076,0.0,0.0,0.0,3.272763166263355e-06,0.0
2020-06-12,-0.0015976092607343784,2.0618015167613035,1.0830416107590397,0.0,0.0,0.0,3.2842383221400126e-06,0.0
2020-06-15,0.0007099395657177432,2.0632652712347093,1.0829859910226267,0.0,0.0,0.0,3.3030067907392288e-06,0.0
2020-06-16,-0.0019202181997898249,2.05930335170989,1.0831489482412147,0.0,0.0,0.0,3.304635616915916e-06,0.0
2020-06-17,0.0024701546811767283,2.0643901495240793,1.0829473550053952,0.0,0.0,0.0,3.29521400000285e-06,0.0
2020-06-18,0.0028997660114848944,2.070376397914113,1.0827108045871772,0.0,0.0,0.0,3.2846618152815522e-06,0.0
2020-06-19,0.003256075941558745,2.0771177006933326,1.0824456375051952,0.0,0.0,0.0,3.2830022050195144e-06,0.0
2020-06-22,0.002842694294755699,2.0830223113306294,1.0822151964874802,0.0,0.0,0.0,3.261727852504963e-06,0.0
2020-06-23,0.001932007476537212,2.087046726009914,1.0820599186189814,0.0,0.0,0.0,3.2619192026436286e-06,0.0
2020-06-24,-0.0006863370678020786,2.0856143084796184,1.0821195366469498,0.0,0.0,0.0,3.2606546638273394e-06,0.0
2020-06-25,0.0016576885221244453,2.0890716073803635,1.0819868866377773,0.0,0.0,0.0,3.25182132068159e-06,0.0
2020-06-26,0.0015588077990740246,2.0923280684947723,1.0818625321321202,0.0,0.0,0.0,3.253923817533845e-06,0.0
2020-06-29,0.0013876846075533411,2.095231559949374,1.0817523341895137,0.0,0.0,0.0,3.2508592886646394e-06,0.0
2020-06-30,0.0018559854336772652,2.099120279204821,1.0816041222675028,0.0,0.0,0.0,3.2433173126339674e-06,0.0
2020-07-01,-0.000873495310828809,2.09728670748407,1.0816787064934397,0.0,0.0,0.0,3.246375369322207e-06,0.0
2020-07-02,2.34474422831088e-05,2.097335883493095,0.7173291762578826,0.7104096838704637,0.0003552048419352319,0.0,3.24361371589811e-06,0.0
2020-07-06,0.005506249926380935,2.108884339047175,0.7188771091549025,0.0,0.0,0.0,0.0,0.0
2020-07-07,0.002505233827357012,2.1141675874313393,0.7195796277573249,0.0,0.0,0.0,0.0,0.0
2020-07-08,0.0031543037400243445,2.120836314159412,0.7204613774798215,0.0,0.0,0.0,0.0,0.0
2020-07-09,0.0034875799885756287,2.1282329004477187,0.7214329025144876,0.0,0.0,0.0,0.0,0.0
2020-07-10,0.00038608051595323545,2.1290545697039924,0.7215404103365369,0.0,0.0,0.0,0.0,0.0
2020-07-13,-0.002756699397100215,2.123185406255296,0.7207706589804957,0.0,0.0,0.0,0.0,0.0
2020-07-14,0.003946515122176919,2.131564589568268,0.7218683099014265,0.0,0.0,0.0,0.0,0.0
2020-07-15,0.0005215890246186294,2.1326763902634527,0.7220133047106793,0.0,0.0,0.0,0.0,0.0
2020-07-16,-0.002366163029494661,2.127630130234935,0.7213539828064801,0.0,0.0,0.0,0.0,0.0
2020-07-17,0.0019004507427611284,2.131673586496261,0.7218825313563388,0.0,0.0,0.0,0.0,0.0
2020-07-20,0.006407869860772131,2.1453330734241742,0.7236533248869204,0.0,0.0,0.0,0.0,0.0
2020-07-21,0.0017812760792510485,2.149154503909891,0.7241446993353292,0.0,0.0,0.0,0.0,0.0
2020-07-22,0.005402877670001693,2.1607661227884494,0.7256271025362894,0.0,0.0,0.0,0.0,0.0
2020-07-23,-0.0001562437208785239,2.1604285166494765,0.7255842267948159,0.0,0.0,0.0,0.0,0.0
2020-07-24,-1.5744909716342015e-05,2.1603945008975334,0.7255799060752129,0.0,0.0,0.0,0.0,0.0
2020-07-27,0.006989027172142226,2.175493556766853,0.727484524140822,0.0,0.0,0.0,0.0,0.0
2020-07-28,0.0012045571109866593,2.178114063000562,0.7278123896623766,0.0,0.0,0.0,0.0,0.0
2020-07-29,0.004399124656226716,2.1876958582791817,0.7290045325051588,0.0,0.0,0.0,0.0,0.0
2020-07-30,-3.831188711012068e-05,2.187612043522428,0.7289941497596183,0.0,0.0,0.0,0.0,0.0
2020-07-31,0.005307413486270729,2.1992226051849473,0.7304248963005556,0.0,0.0,0.0,0.0,0.0
2020-08-03,0.0017122891757379577,2.2029883102468437,0.7308856978072364,0.0,0.0,0.0,0.0,0.0
2020-08-04,0.007978151379460341,2.2205640844731747,0.6950327862096483,0.28777342495389563,0.00014388671247694783,0.0,0.0,0.0
2020-08-05,0.0018905107536921761,2.2247620847541336,0.695608242101291,0.0,0.0,0.0,0.0,0.0
2020-08-06,0.006383250533926965,2.2389632985195007,0.6975389269076004,0.0,0.0,0.0,0.0,0.0
2020-08-07,-0.009113998106442645,2.2185573912563994,0.694756942257329,0.0,0.0,0.0,0.0,0.0
2020-08-10,-0.0020148529316619257,2.2140873243925663,0.6941406807111837,0.0,0.0,0.0,0.0,0.0
2020-08-11,-0.017659012398733354,2.1749887288792396,0.6886424132259003,0.0,0.0,0.0,0.0,0.0
2020-08-12,0.002092475918374692,2.1795398404171555,0.689292561059543,0.0,0.0,0.0,0.0,0.0
2020-08-13,0.0028836291843872264,2.1858248251095174,0.6901859498961556,0.0,0.0,0.0,0.0,0.0
2020-08-14,-0.002150601039574762,2.1811239879683084,0.6895182274733906,0.0,0.0,0.0,0.0,0.0
2020-08-17,0.008505932663943616,2.199676481741679,0.692136890353754,0.0,0.0,0.0,0.0,0.0
2020-08-18,0.004695293020459346,2.210004607373669,0.6935756425008186,0.0,0.0,0.0,0.0,0.0
2020-08-19,-0.01087491987540501,2.1859709843442046,0.6902066648026125,0.0,0.0,0.0,0.0,0.0
2020-08-20,0.004954291362771368,2.19680092151121,0.6917339048552238,0.0,0.0,0.0,0.0,0.0
2020-08-21,0.0010451934287942777,2.1990970033987427,0.692055766144884,0.0,0.0,0.0,0.0,0.0
2020-08-24,0.0006507016434929014,2.2005279594330545,0.6922560156612684,0.0,0.0,0.0,0.0,0.0
2020-08-25,0.0010380638307512235,2.202812247916299,0.6925751422867343,0.0,0.0,0.0,0.0,0.0
2020-08-26,0.005200385276050934,2.2142677202962675,0.6941655990025912,0.0,0.0,0.0,0.0,0.0
2020-08-27,-0.007506699759006197,2.1976458773339442,0.6918524276958371,0.0,0.0,0.0,0.0,0.0
2020-08-28,0.006031767510707109,2.2109015663368865,0.6936999583356763,0.0,0.0,0.0,0.0,0.0
2020-08-31,0.0002814209839163695,2.211523760431027,0.6937861333433196,0.0,0.0,0.0,0.0,0.0
2020-09-01,0.007178418375580531,2.2273990032309383,0.6959685979465735,0.0,0.0,0.0,0.0,0.0
2020-09-02,-0.0006422232247613735,2.225968515860253,0.3682979326574574,0.5274358612072306,0.00026371793060361534,0.0,0.0,0.0
2020-09-03,-0.010224734214119846,2.203208579416583,0.3617722232723486,0.0,0.0,0.0,0.0,0.0
2020-09-04,-0.0015967570341266502,2.1996905906197517,0.3607514987313931,0.0,0.0,0.0,0.0,0.0
2020-09-08,-0.00823258670196525,2.1815814471149775,0.3554451450034613,0.0,0.0,0.0,0.0,0.0
2020-09-09,0.006384867958512119,2.1955105565955466,0.3595344330802179,0.0,0.0,0.0,0.0,0.0
2020-09-10,-0.004943958530349124,2.1846560434507944,0.35635226537206416,0.0,0.0,0.0,0.0,0.0
2020-09-11,0.00029445839281883046,2.185299333758211,0.35654173705801623,0.0,0.0,0.0,0.0,0.0
2020-09-14,0.004756461894014796,2.1956936267662477,0.3595878331262146,0.0,0.0,0.0,0.0,0.0
2020-09-15,0.002264254921404696,2.2006652368665502,0.36103461364687206,0.0,0.0,0.0,0.0,0.0
2020-09-16,-0.0014978685106979972,2.19736892970566,0.36007609177549976,0.0,0.0,0.0,0.0,0.0
2020-09-17,-0.002970512081447385,2.190841618752572,0.358169526600024,0.0,0.0,0.0,0.0,0.0
2020-09-18,-0.0026375727873393373,2.18506311451758,0.356472175121228,0.0,0.0,0.0,0.0,0.0
2020-09-21,-0.003648553972438906,2.177090793811077,0.35411563114149325,0.0,0.0,0.0,0.0,0.0
2020-09-22,0.0013054864405874778,2.1799329563223253,0.35495772508500045,0.0,0.0,0.0,0.0,0.0
2020-09-23,-0.008020091978066857,2.162449693506601,0.34974260093508125,0.0,0.0,0.0,0.0,0.0
2020-09-24,0.0005821312964049419,2.1637085231500928,0.3501209158888214,0.0,0.0,0.0,0.0,0.0
2020-09-25,0.003130241616163376,2.1704814536145047,0.35214884653049106,0.0,0.0,0.0,0.0,0.0
2020-09-28,0.0051072443121238376,2.181566632673048,0.3554407680019402,0.0,0.0,0.0,0.0,0.0
2020-09-29,-0.00013677023027147683,2.1812682593023447,0.3553525994285202,0.0,0.0,0.0,0.0,0.0
2020-09-30,0.0020281485141795397,2.185692195281476,0.3566573937794348,0.0,0.0,0.0,0.0,0.0
2020-10-01,0.003531064437409137,2.193410015263357,0.35892108473868695,0.0,0.0,0.0,0.0,0.0
2020-10-02,-0.001351172779098353,2.1904463393573312,0.48233261638732,0.3182893293507654,0.00015914466467538272,0.0,0.0,0.0
2020-10-05,0.009473862018092749,2.211198325734439,0.4871908990513299,0.0,0.0,0.0,0.0,0.0
2020-10-06,-0.0038936680542285274,2.202588653451963,0.4851863857275553,0.0,0.0,0.0,0.0,0.0
2020-10-07,0.008128609639315165,2.220492636811859,0.4893373629614251,0.0,0.0,0.0,0.0,0.0
2020-10-08,0.004218053177214243,2.229858792833544,0.4914823175873953,0.0,0.0,0.0,0.0,0.0
2020-10-09,0.0042617257031343225,2.2393618393653227,0.4936402838049355,0.0,0.0,0.0,0.0,0.0
2020-10-12,0.007262026127860199,2.255624143552527,0.49729096991611593,0.0,0.0,0.0,0.0,0.0
2020-10-13,-0.0023184364993498185,2.2503946222093,0.4961227625375917,0.0,0.0,0.0,0.0,0.0
2020-10-14,-0.0038070268518043404,2.241827309455393,0.49419715753460686,0.0,0.0,0.0,0.0,0.0
2020-10-15,-0.0005449655721124769,2.2406055907531184,0.49392136210016985,0.0,0.0,0.0,0.0,0.0
2020-10-16,-0.0004590281425449483,2.239577089730619,0.493688951079834,0.0,0.0,0.0,0.0,0.0
2020-10-19,-0.005633191734629062,2.226961122579684,0.49082064615229537,0.0,0.0,0.0,0.0,0.0
2020-10-20,0.0024782886223626566,2.232480174992217,0.4920794199469047,0.0,0.0,0.0,0.0,0.0
2020-10-21,-0.0010048121138213073,2.230236951868519,0.4915685418587166,0.0,0.0,0.0,0.0,0.0
2020-10-22,0.002815673460158319,2.2365165708637593,0.4929960992861533,0.0,0.0,0.0,0.0,0.0
2020-10-23,0.0021484947312648828,2.2413217149326465,0.49408305916798856,0.0,0.0,0.0,0.0,0.0
2020-10-26,-0.00845160369659348,2.2223789520414665,0.4897708042107461,0.0,0.0,0.0,0.0,0.0
2020-10-27,-0.00022428716290279205,2.221880500971418,0.4896563406792916,0.0,0.0,0.0,0.0,0.0
2020-10-28,-0.01559603892131356,2.1872279661997602,0.48157090026183347,0.0,0.0,0.0,0.0,0.0
2020-10-29,0.005759475717792117,2.1998252525603634,0.4845396814500076,0.0,0.0,0.0,0.0,0.0
2020-10-30,-0.006878744986324903,2.184693215633523,0.4809694023285258,0.0,0.0,0.0,0.0,0.0
2020-11-02,0.005534556884961184,2.196784524511635,0.4838261956114411,0.0,0.0,0.0,0.0,0.0
2020-11-03,0.007879498980822186,2.2140940859336107,0.7005085006344752,0.5052999499153137,0.0002526499749576569,0.0,0.0,0.0
2020-11-04,0.012691040978758394,2.242193244709021,0.7042617271738985,0.0,0.0,0.0,0.0,0.0
2020-11-05,0.01613414281936776,2.2783691107477777,0.7089574492541452,0.0,0.0,0.0,0.0,0.0
2020-11-06,6.595444280765861e-05,2.2785193793129874,0.7089766435374648,0.0,0.0,0.0,0.0,0.0
2020-11-09,-0.0034835324139410595,2.2705820831993577,0.7079593103288054,0.0,0.0,0.0,0.0,0.0
2020-11-10,-0.0011369036498021234,2.268000650141793,0.707626910296017,0.0,0.0,0.0,0.0,0.0
2020-11-11,0.0035354488356740266,2.2760190503996447,0.7086569387825798,0.0,0.0,0.0,0.0,0.0
2020-11-12,-0.0039045074971553184,2.267132316953691,0.7075149286286041,0.0,0.0,0.0,0.0,0.0
2020-11-13,0.009090880270154145,2.287742545403714,0.7101499209931502,0.0,0.0,0.0,0.0,0.0
2020-11-16,0.007962168974217754,2.3059579381197253,0.7124395260768325,0.0,0.0,0.0,0.0,0.0
2020-11-17,-0.00047160994490058616,2.3048704254235854,0.7123038457093595,0.0,0.0,0.0,0.0,0.0
2020-11-18,-0.005286472353596028,2.2926857916409626,0.7107748650293721,0.0,0.0,0.0,0.0,0.0
2020-11-19,0.002440838153914049,2.2982818665961364,0.7114790978555281,0.0,0.0,0.0,0.0,0.0
2020-11-20,0.0010357748704437064,2.3006623691987533,0.7117776313420836,0.0,0.0,0.0,0.0,0.0
2020-11-23,0.0004573902149973552,2.3017146696544377,0.7119094011630245,0.0,0.0,0.0,0.0,0.0
2020-11-24,0.005639132465230734,2.314694343573784,0.7135248723558041,0.0,0.0,0.0,0.0,0.0
2020-11-25,-0.0011506346212309948,2.3120309761245004,0.7131948644372788,0.0,0.0,0.0,0.0,0.0
2020-11-27,0.0024344592596534653,2.3176595213429323,0.7138913842062643,0.0,0.0,0.0,0.0,0.0
2020-11-30,-0.010103121811914972,2.29424392488026,0.7109712919618141,0.0,0.0,0.0,0.0,0.0
2020-12-01,0.011382280836956582,2.3203576535417287,0.7142240738101483,0.0,0.0,0.0,0.0,0.0
2020-12-02,0.0012371471297254466,2.323228277352744,0.5978313349367883,0.43954960305778185,0.00021977480152889095,0.0,0.0,0.0
2020-12-03,0.0030262535886678155,2.3302589552643775,0.5990447272697834,0.0,0.0,0.0,0.0,0.0
2020-12-04,0.006925245725488027,2.346396571133602,0.6018023438856883,0.0,0.0,0.0,0.0,0.0
2020-12-07,0.0004445210956536272,2.3474395939082404,0.6019792724955715,0.0,0.0,0.0,0.0,0.0
2020-12-08,0.002678871285676898,2.353728082431222,0.6030426700883109,0.0,0.0,0.0,0.0,0.0
2020-12-09,-0.0066864946399566305,2.3379898922241305,0.600370549912331,0.0,0.0,0.0,0.0,0.0
2020-12-10,0.004170700359060531,2.3477409475071096,0.6020303620243312,0.0,0.0,0.0,0.0,0.0
2020-12-11,-0.0024637264745472898,2.3419567559793575,0.6010474520699076,0.0,0.0,0.0,0.0,0.0
2020-12-14,-0.0007265020770254038,2.3402553195318347,0.6007574014928553,0.0,0.0,0.0,0.0,0.0
2020-12-15,0.008869532302602678,2.3610122896847603,0.6042673648832176,0.0,0.0,0.0,0.0,0.0
2020-12-16,0.0012787157790048465,2.3640313533540045,0.6047727482063788,0.0,0.0,0.0,0.0,0.0
2020-12-17,0.004544384606812946,2.37477442104621,0.6065606877606345,0.0,0.0,0.0,0.0,0.0
2020-12-18,-0.0018912661215314541,2.3702830906374057,0.6058151793637432,0.0,0.0,0.0,0.0,0.0
2020-12-21,-0.0036699602332814774,2.361584245953147,0.6043632080705391,0.0,0.0,0.0,0.0,0.0
2020-12-22,0.00013333347609223445,2.3618991241897445,0.6044159526666567,0.0,0.0,0.0,0.0,0.0
2020-12-23,0.002689790801400971,2.368252138727827,0.605477136635477,0.0,0.0,0.0,0.0,0.0
2020-12-24,0.00020641425885514764,2.3687409797378245,0.6055585549740138,0.0,0.0,0.0,0.0,0.0
2020-12-28,0.0025270155502905567,2.3747268250282323,0.6065528021611706,0.0,0.0,0.0,0.0,0.0
2020-12-29,-0.00014278377100129802,2.3743877525770567,0.6064966162641391,0.0,0.0,0.0,0.0,0.0
2020-12-30,0.0041934617666239404,2.3843446568366287,0.6081398667507837,0.0,0.0,0.0,0.0,0.0
2020-12-31,0.0007373572072990608,2.3861027705540323,0.6084285947486182,0.0,0.0,0.0,0.0,0.0
2021-01-04,-0.004415635030424192,2.3755666115741816,0.6066918896789345,0.0,0.0,0.0,0.0,0.0
2021-01-05,0.010041176120431539,2.399420094306815,0.7183223877848985,0.10865385634486918,5.432692817243459e-05,0.0,0.0,0.0
2021-01-06,0.00355895588292765,2.407959524567063,0.719321310856837,0.0,0.0,0.0,0.0,0.0
2021-01-07,0.01147063392790959,2.4355803467865953,0.7225043617399102,0.0,0.0,0.0,0.0,0.0
2021-01-08,0.008208371687311145,2.45557249554733,0.7247636043770591,0.0,0.0,0.0,0.0,0.0
2021-01-11,-0.006565071412301671,2.439451486755978,0.7229447166567551,0.0,0.0,0.0,0.0,0.0
2021-01-12,0.004663759592419936,2.450828502027579,0.7242308377325735,0.0,0.0,0.0,0.0,0.0
2021-01-13,0.000889800585174072,2.4530092506628445,0.7244759991497595,0.0,0.0,0.0,0.0,0.0
2021-01-14,0.0035827573500615273,2.4617977875854256,0.7254596107472435,0.0,0.0,0.0,0.0,0.0
2021-01-15,-0.008050652247185708,2.441978709694684,0.7232314433446559,0.0,0.0,0.0,0.0,0.0
2021-01-19,0.009309000070192308,2.46471108967464,0.7257841190001314,0.0,0.0,0.0,0.0,0.0
2021-01-20,0.010742714920606078,2.491188778272671,0.7286986322514248,0.0,0.0,0.0,0.0,0.0
2021-01-21,0.00040949925432043344,2.492208918219745,0.7288096844834079,0.0,0.0,0.0,0.0,0.0
2021-01-22,-0.0011587809070381372,2.4893209941089616,0.7284950697540722,0.0,0.0,0.0,0.0,0.0
2021-01-25,0.0035045294775319924,2.4980448929118557,0.7294432438812358,0.0,0.0,0.0,0.0,0.0
2021-01-26,-0.0027288130080312945,2.4912281955134317,0.7287029248936446,0.0,0.0,0.0,0.0,0.0
2021-01-27,-0.018070448992660304,2.446210583477329,0.723710244968147,0.0,0.0,0.0,0.0,0.0
2021-01-28,0.0035954477146162844,2.455005805729163,0.7247000714670249,0.0,0.0,0.0,0.0,0.0
2021-01-29,-0.014904240064538277,2.4184158098407402,0.7205348558692292,0.0,0.0,0.0,0.0,0.0
2021-02-01,0.01667190552544362,2.4587354097436442,0.7251176681366682,0.0,0.0,0.0,0.0,0.0
2021-02-02,0.010206226601225277,2.4838298204879443,0.7097271933410837,0.4572080713388668,0.0002286040356694334,0.0,0.0,0.0
2021-02-03,0.0011963371542214052,2.486801318386957,0.7100740425359712,0.0,0.0,0.0,0.0,0.0
2021-02-04,0.005460025959805881,2.500379318142229,0.7116484494873205,0.0,0.0,0.0,0.0,0.0
2021-02-05,0.005575715253993696,2.514320721247165,0.713247300885895,0.0,0.0,0.0,0.0,0.0
2021-02-08,0.006972799876364899,2.5318525764614193,0.7152329247132472,0.0,0.0,0.0,0.0,0.0
2021-02-09,0.003738256354578917,2.5413172904442334,0.7162934923682371,0.0,0.0,0.0,0.0,0.0
2021-02-10,-0.0015464351020527678,2.5373873081808367,0.7158540791421174,0.0,0.0,0.0,0.0,0.0
2021-02-11,0.004044541392194567,2.5476498761768034,0.7169986896558497,0.0,0.0,0.0,0.0,0.0
2021-02-12,0.0027033875438062793,2.5545371611180396,0.7177616891896791,0.0,0.0,0.0,0.0,0.0
2021-02-16,0.0004698406576879588,2.5557373865379076,0.7178942339483385,0.0,0.0,0.0,0.0,0.0
2021-02-17,-0.003231912680128235,2.547477466471278,0.7169795365236935,0.0,0.0,0.0,0.0,0.0
2021-02-18,-0.006729958676162551,2.5303330483934707,0.7150619149862865,0.0,0.0,0.0,0.0,0.0
2021-02-19,0.004327846522741652,2.541283941478339,0.7162897693215942,0.0,0.0,0.0,0.0,0.0
2021-02-22,-0.011141726716667355,2.512969650292932,0.7130931313985015,0.0,0.0,0.0,0.0,0.0
2021-02-23,-0.0009282778712238482,2.5106369161755078,0.7128265546439744,0.0,0.0,0.0,0.0,0.0
2021-02-24,0.00466925192158496,2.522359712420762,0.7141612079729103,0.0,0.0,0.0,0.0,0.0
2021-02-25,-0.019349476069911886,2.473553373525567,0.7085212468132353,0.0,0.0,0.0,0.0,0.0
2021-02-26,-0.004875712618328754,2.4614930381301585,0.707093117027933,0.0,0.0,0.0,0.0,0.0
2021-03-01,0.019204705500989183,2.5087652870201835,0.7126123129228599,0.0,0.0,0.0,0.0,0.0
2021-03-02,-0.008130715778620234,2.488367229516154,0.7412494540891553,0.4832970787541224,0.00024164853937706123,0.0,0.0,0.0
2021-03-03,-0.005750939538805677,2.474056780028861,0.739752788108424,0.0,0.0,0.0,0.0,0.0
2021-03-04,-0.007218096484456593,2.4561987994825887,0.7378606409222271,0.0,0.0,0.0,0.0,0.0
2021-03-05,0.01270079370118915,2.4873944737239255,0.7411482634276274,0.0,0.0,0.0,0.0,0.0
2021-03-08,-0.01219803871470615,2.457053139634695,0.7379517892072581,0.0,0.0,0.0,0.0,0.0
2021-03-09,0.013539895884872921,2.490321383328949,0.7414524954994886,0.0,0.0,0.0,0.0,0.0
2021-03-10,0.002994260054488773,2.49777805316989,0.7422243428527044,0.0,0.0,0.0,0.0,0.0
2021-03-11,0.01634326903406702,2.538599911880234,0.7463694944403128,0.0,0.0,0.0,0.0,0.0
2021-03-12,-0.00461293915784089,2.5268895049406304,0.7451940902817242,0.0,0.0,0.0,0.0,0.0
2021-03-15,0.0019713911572092346,2.5318709925659153,0.7456954240739426,0.0,0.0,0.0,0.0,0.0
2021-03-16,-0.0019532988272465968,2.5269254919253967,0.7451977190774369,0.0,0.0,0.0,0.0,0.0
2021-03-17,0.002161957638286305,2.5323885977940455,0.7457474024228229,0.0,0.0,0.0,0.0,0.0
2021-03-18,-0.02493525746409564,2.469242836108911,0.7392454198313763,0.0,0.0,0.0,0.0,0.0
2021-03-19,0.009108047129467334,2.4917328162342907,0.741598948784154,0.0,0.0,0.0,0.0,0.0
2021-03-22,0.0012284527432886438,2.494793792247936,0.7419159927908092,0.0,0.0,0.0,0.0,0.0
2021-03-23,-0.016304110091222124,2.454118399604228,0.7376384207184965,0.0,0.0,0.0,0.0,0.0
2021-03-24,-0.003991282074308655,2.4443233208276567,0.7365870653944645,0.0,0.0,0.0,0.0,0.0
2021-03-25,-0.0016874330180696173,2.4401986889492546,0.7361418223934835,0.0,0.0,0.0,0.0,0.0
2021-03-26,0.015459027243406087,2.477921786961045,0.7401587158836007,0.0,0.0,0.0,0.0,0.0
2021-03-29,-0.005159780985509399,2.465136253241104,0.7388110380440756,0.0,0.0,0.0,0.0,0.0
2021-03-30,-0.0018497892710220842,2.460576270648251,0.7383269981327052,0.0,0.0,0.0,0.0,0.0
2021-03-31,0.006940149855877209,2.4776530386983655,0.7401305311892192,0.0,0.0,0.0,0.0,0.0
2021-04-01,0.01070450395068856,2.504175085439548,0.7428828428141057,0.0,0.0,0.0,0.0,0.0
2021-04-05,0.001661185040653823,2.5083349836306583,0.7167184021385208,0.06881717829225664,3.4408589146128326e-05,0.0,0.0,0.0
2021-04-06,0.0011607719766617564,2.511246588587737,0.7170468462301248,0.0,0.0,0.0,0.0,0.0
2021-04-07,-0.0041739242301268575,2.5007648356038072,0.7158608710350107,0.0,0.0,0.0,0.0,0.0
2021-04-08,0.0057419178248780955,2.5151240217891893,0.7174830600881208,0.0,0.0,0.0,0.0,0.0
2021-04-09,-0.0011675522413229222,2.512187483100344,0.7171528212305968,0.0,0.0,0.0,0.0,0.0
2021-04-12,-0.0017989160617506439,2.507668268686866,0.716643085926662,0.0,0.0,0.0,0.0,0.0
2021-04-13,0.0046254109326910875,2.5192672649124126,0.7179476937475927,0.0,0.0,0.0,0.0,0.0
2021-04-14,0.00489331877392063,2.5315948427163324,0.7193211448588971,0.0,0.0,0.0,0.0,0.0
2021-04-15,0.006336791709181888,2.547637031926665,0.7210885486315248,0.0,0.0,0.0,0.0,0.0
2021-04-16,0.0005682554030395082,2.5490847404350405,0.721246951557416,0.0,0.0,0.0,0.0,0.0
2021-04-19,-0.0040676935156147564,2.5387158449656204,0.720108438467495,0.0,0.0,0.0,0.0,0.0
2021-04-20,-0.006236627579172649,2.522882819711225,0.7183519041855169,0.0,0.0,0.0,0.0,0.0
2021-04-21,0.005455472272051898,2.536646336979796,0.7198800905841846,0.0,0.0,0.0,0.0,0.0
2021-04-22,-0.0017723580374315873,2.532150491456328,0.7193827363214618,0.0,0.0,0.0,0.0,0.0
2021-04-23,0.009392157154291647,2.555932846810403,0.7219938141092134,0.0,0.0,0.0,0.0,0.0
2021-04-26,0.004406379509743097,2.567195256934868,0.7232134407325418,0.0,0.0,0.0,0.0,0.0
2021-04-27,0.0011160764895825626,2.5700604432053007,0.7235220113155995,0.0,0.0,0.0,0.0,0.0
2021-04-28,0.0013691390865875341,2.5735792134129856,0.7239000305755442,0.0,0.0,0.0,0.0,0.0
2021-04-29,0.0010452259917195228,2.5762691852985937,0.7241883161163593,0.0,0.0,0.0,0.0,0.0
2021-04-30,-0.008209556553411379,2.555119157725074,0.7219052818000921,0.0,0.0,0.0,0.0,0.0
2021-05-03,0.0021578355090674517,2.5606326845735112,0.7225040723663616,0.0,0.0,0.0,0.0,0.0
2021-05-04,-0.002616995510676179,2.553931520333492,0.8976919355214696,0.9636016026845351,0.0004818008013422675,0.0,0.0,0.0
2021-05-05,-0.004617960612470107,2.5421375651656457,0.8972172890104771,0.0,0.0,0.0,0.0,0.0
2021-05-06,0.004869621379745226,2.55451681260323,0.8977153764003771,0.0,0.0,0.0,0.0,0.0
2021-05-07,0.00944290321261998,2.5786388676196528,0.8986722049616722,0.0,0.0,0.0,0.0,0.0
2021-05-10,-0.00780990089960365,2.558499953607677,0.8978746158319861,0.0,0.0,0.0,0.0,0.0
2021-05-11,-0.004612392068247706,2.546699148715045,0.8974013908207946,0.0,0.0,0.0,0.0,0.0
2021-05-12,-0.018020817990484495,2.5008055468795294,0.895518549620117,0.0,0.0,0.0,0.0,0.0
2021-05-13,0.004302765043035617,2.5115659255660723,0.8959661826925212,0.0,0.0,0.0,0.0,0.0
2021-05-14,0.012709321199834811,2.543486223628652,0.8972717885283983,0.0,0.0,0.0,0.0,0.0
2021-05-17,0.002092872194203732,2.5488094152224248,0.8974863365242127,0.0,0.0,0.0,0.0,0.0
2021-05-18,-0.00433098325291148,2.5377705643302333,0.8970404203088436,0.0,0.0,0.0,0.0,0.0
2021-05-19,-0.006579986760325451,2.521072067616197,0.8963584603501277,0.0,0.0,0.0,0.0,0.0
2021-05-20,0.005289988358987863,2.534408509506056,0.8969038378477693,0.0,0.0,0.0,0.0,0.0
2021-05-21,0.0015584694304207058,2.5383583076923193,0.8970642600517763,0.0,0.0,0.0,0.0,0.0
2021-05-24,0.009935025879396875,2.5635769631704246,0.8980768689960101,0.0,0.0,0.0,0.0,0.0
2021-05-25,-0.002682924609877846,2.5566990794466187,0.8978026812945918,0.0,0.0,0.0,0.0,0.0
2021-05-26,0.004793902959955076,2.5689556467312924,0.898290267880456,0.0,0.0,0.0,0.0,0.0
2021-05-27,0.0038314696363175305,2.57879852228879,0.8986784782146818,0.0,0.0,0.0,0.0,0.0
2021-05-28,0.001567641094890826,2.5828411528277737,0.898837065388259,0.0,0.0,0.0,0.0,0.0
2021-06-01,0.009932766052503483,2.6084959097495903,0.8998320105929885,0.0,0.0,0.0,0.0,0.0
2021-06-02,0.00480082077181021,2.6210188310962983,0.9386411385432183,0.074570642273603,3.7285321136801504e-05,0.0,0.0,0.0
2021-06-03,-0.005124245918622372,2.6075880860484206,0.9383251011947339,0.0,0.0,0.0,0.0,0.0
2021-06-04,0.005743690910969601,2.6225652660378094,0.9386773197161167,0.0,0.0,0.0,0.0,0.0
2021-06-07,0.005470364039153575,2.636911652759476,0.9390109520110179,0.0,0.0,0.0,0.0,0.0
2021-06-08,0.005989854555703555,2.652706370035745,0.9393740923799694,0.0,0.0,0.0,0.0,0.0
2021-06-09,-0.0020596211211294513,2.6472427999678647,0.9392489682718917,0.0,0.0,0.0,0.0,0.0
2021-06-10,0.0028930829066122765,2.654901492862104,0.9394242190283755,0.0,0.0,0.0,0.0,0.0
2021-06-11,0.0005228637452481255,2.656289644599927,0.9394558753561395,0.0,0.0,0.0,0.0,0.0
2021-06-14,0.00023079255554581124,2.656902696475274,0.9394698452652384,0.0,0.0,0.0,0.0,0.0
2021-06-15,-0.004832848944233414,2.6440622870836825,0.9391758915368683,0.0,0.0,0.0,0.0,0.0
2021-06-16,-0.004972348566143814,2.630915087761707,0.9388719415229488,0.0,0.0,0.0,0.0,0.0
2021-06-17,-0.007113363327621025,2.612200432858338,0.938434000197727,0.0,0.0,0.0,0.0,0.0
2021-06-18,-0.010831464514699407,2.5839064765645507,0.937759848202139,0.0,0.0,0.0,0.0,0.0
2021-06-21,0.015977079113754344,2.625189754763165,0.9387386260208216,0.0,0.0,0.0,0.0,0.0
2021-06-22,0.0012257759950045077,2.6284076493468853,0.9388136268083014,0.0,0.0,0.0,0.0,0.0
2021-06-23,0.0008573274916108264,2.630661055483831,0.9388660386340515,0.0,0.0,0.0,0.0,0.0
2021-06-24,0.004237921939698408,2.641809591686776,0.9391240262587699,0.0,0.0,0.0,0.0,0.0
2021-06-25,0.0024681790773808387,2.6483300508474015,0.939273909125717,0.0,0.0,0.0,0.0,0.0
2021-06-28,-0.0015969575773003841,2.6441007801055085,0.9391767770189015,0.0,0.0,0.0,0.0,0.0
2021-06-29,-0.0004990960532795796,2.6427811198416844,0.9391464052299239,0.0,0.0,0.0,0.0,0.0
2021-06-30,0.0005785525331540864,2.6443101075531406,0.9391815918740075,0.0,0.0,0.0,0.0,0.0
2021-07-01,0.005045155570304605,2.657651063421875,0.9394868899283619,0.0,0.0,0.0,0.0,0.0
2021-07-02,0.0029282085273296676,2.6654332199284534,0.8734069788922635,0.6018034329785819,0.0003009017164892909,0.0,0.0,0.0
2021-07-06,-0.005875430072864951,2.6497726534308725,0.8726587945442137,0.0,0.0,0.0,0.0,0.0
2021-07-07,-0.0029444524296167174,2.641970523903546,0.8722827371392795,0.0,0.0,0.0,0.0,0.0
2021-07-08,-0.001851005326654942,2.637080222390935,0.8720458934064074,0.0,0.0,0.0,0.0,0.0
2021-07-09,0.011874539464775458,2.6683943355634954,0.8735474590938188,0.0,0.0,0.0,0.0,0.0
2021-07-12,0.003564287292956214,2.677905259586341,0.8739965715128445,0.0,0.0,0.0,0.0,0.0
2021-07-13,-0.005165988182593506,2.664071232661213,0.8733422591202258,0.0,0.0,0.0,0.0,0.0
2021-07-14,-0.0026727504066240693,2.656950835190842,0.8730028273754533,0.0,0.0,0.0,0.0,0.0
2021-07-15,-0.003253741973175517,2.6483058027377178,0.8725882624571347,0.0,0.0,0.0,0.0,0.0
2021-07-16,-0.00407942560793062,2.637502236228398,0.8720663667174061,0.0,0.0,0.0,0.0,0.0
2021-07-19,-0.01790656419813419,2.590273633112652,0.8697337456714211,0.0,0.0,0.0,0.0,0.0
2021-07-20,0.017259655373284666,2.6349808633426823,0.8719439489804818,0.0,0.0,0.0,0.0,0.0
2021-07-21,0.008937072415726277,2.6585298781324287,0.8730782577818158,0.0,0.0,0.0,0.0,0.0
2021-07-22,-0.0016970355214523947,2.6540182584943954,0.872862500929785,0.0,0.0,0.0,0.0,0.0
2021-07-23,0.006696666408152696,2.6717913334126786,0.8737082347517491,0.0,0.0,0.0,0.0,0.0
2021-07-26,0.002394029268184772,2.678187680063351,0.8740098588371957,0.0,0.0,0.0,0.0,0.0
2021-07-27,-0.004238266046158401,2.6668368081536986,0.8734736063189144,0.0,0.0,0.0,0.0,0.0
2021-07-28,0.0034795119697437205,2.6761160987490227,0.8739123298763466,0.0,0.0,0.0,0.0,0.0
2021-07-29,0.005637125583950464,2.6912017012749025,0.8746191176559467,0.0,0.0,0.0,0.0,0.0
2021-07-30,-0.003193480955293704,2.6826073998950273,0.8742174334250815,0.0,0.0,0.0,0.0,0.0
2021-08-02,-0.003786331153184719,2.6724501599250408,0.8737393688639906,0.0,0.0,0.0,0.0,0.0
2021-08-03,0.002763330271721598,2.6798350223516287,1.0055284203229424,0.5636653535264268,0.00028183267676321343,0.0,0.0,0.0
2021-08-04,-0.0050956194559863555,2.6661796028729,1.0055569558369803,0.0,0.0,0.0,2.201270220249313e-07,0.0
2021-08-05,0.009301845036011835,2.6909799923769993,1.0055059607573615,0.0,0.0,0.0,2.197185797537279e-07,0.0
2021-08-06,-0.0026007945694126455,2.683981306226427,1.005520537030597,0.0,0.0,0.0,2.1846114757320879e-07,0.0
2021-08-09,-0.003816816574976456,2.673737041889895,1.0055419085479298,0.0,0.0,0.0,2.196954727827311e-07,0.0
2021-08-10,0.00023481533648461728,2.674364876353058,1.0055408273936868,0.0,0.0,0.0,2.1942016862874204e-07,0.0
2021-08-11,0.0035092588573979455,2.6837499149833137,1.0055216702973908,0.0,0.0,0.0,2.195474847176508e-07,0.0
2021-08-12,0.0016804195542197142,2.6882597408190874,1.005512625886956,0.0,0.0,0.0,2.1933898353057058e-07,0.0
2021-08-13,0.0016758922284596522,2.6927649744268067,1.005503621166011,0.0,0.0,0.0,2.1845063134004854e-07,0.0
2021-08-16,7.145171083711155e-05,2.6929573770911115,1.0055034463330204,0.0,0.0,0.0,2.191895206192974e-07,0.0
2021-08-17,-0.0066670189067626895,2.675003379342939,1.005540604035608,0.0,0.0,0.0,2.1973346014884047e-07,0.0
2021-08-18,-0.010372100296923481,2.647257975997785,1.0055988962139306,0.0,0.0,0.0,2.200984108415557e-07,0.0
2021-08-19,0.0002309180825637025,2.6478692757336537,1.0055978257531624,0.0,0.0,0.0,2.239463266948486e-07,0.0
2021-08-20,0.002006726759738342,2.6531828258655574,1.0055868366345282,0.0,0.0,0.0,2.2255262966531216e-07,0.0
2021-08-23,0.012777650503486448,2.68708426873632,1.0055165695368744,0.0,0.0,0.0,2.2008899506725927e-07,0.0
2021-08-24,0.004129713205485386,2.6981811561251723,1.005494099393546,0.0,0.0,0.0,2.182887584233811e-07,0.0
2021-08-25,0.0025095717828382824,2.7049524354195698,1.005480563545735,0.0,0.0,0.0,2.1787298085305526e-07,0.0
2021-08-26,-0.004913507427519281,2.691661631537049,1.0055078438601317,0.0,0.0,0.0,2.1789172422616085e-07,0.0
2021-08-27,0.01026348041482339,2.719287447975661,1.0054521048539757,0.0,0.0,0.0,2.1790533113893678e-07,0.0
2021-08-30,0.007341790187384012,2.739251885877885,1.0054125831574294,0.0,0.0,0.0,2.1603638897779686e-07,0.0
2021-08-31,-0.0004287393649263782,2.7380774607639604,1.0054151196174212,0.0,0.0,0.0,2.1513543313393312e-07,0.0
2021-09-01,0.0035940656947441862,2.7479182910352447,1.005395941136192,0.0,0.0,0.0,2.148124163485806e-07,0.0
2021-09-02,0.0040991356488611075,2.7591823808621845,1.0653410448938716,0.11893251957561878,5.9466259787809384e-05,0.0,2.130716919742922e-07,0.0
2021-09-03,0.0010690570193738758,2.762132104154178,1.0652738563181998,0.0,0.0,0.0,2.5980918019411705e-06,0.0
2021-09-07,-0.005491881015468603,2.7469628032891573,1.0656369166872621,0.0,0.0,0.0,2.5955620871910097e-06,0.0
2021-09-08,0.0009397216495834471,2.7495441837060084,1.0655778963578717,0.0,0.0,0.0,2.602392908462186e-06,0.0
2021-09-09,-0.008884343287221652,2.7251162892945806,1.0661683610900228,0.0,0.0,0.0,2.6086739398343716e-06,0.0
2021-09-10,-0.0066764042372374766,2.7069223113537695,1.0666157404303132,0.0,0.0,0.0,2.6112053908625395e-06,0.0
2021-09-13,0.003620880477659183,2.7167237535054904,1.0663780369738523,0.0,0.0,0.0,2.623004280432918e-06,0.0
2021-09-14,-0.003260676889878744,2.7078653951462504,1.0665978250118708,0.0,0.0,0.0,2.622836566734507e-06,0.0
2021-09-15,0.008640953537015106,2.7312639342102,1.0660299064291965,0.0,0.0,0.0,2.633619990904559e-06,0.0
2021-09-16,-0.0012899591059784,2.7277407154274353,1.0661178159423208,0.0,0.0,0.0,2.6274786351638813e-06,0.0
2021-09-17,-0.010571003186499395,2.6989057596327077,1.0668268666858556,0.0,0.0,0.0,2.6291705326785306e-06,0.0
2021-09-20,-0.015558202761977613,2.656915636588873,1.0678856979997635,0.0,0.0,0.0,2.6912112190856125e-06,0.0
2021-09-21,0.0003429105980088387,2.6578267211186746,1.0678651202077138,0.0,0.0,0.0,2.6811495217670248e-06,0.0
2021-09-22,0.010552947507512567,2.685874626990704,1.0671590869488163,0.0,0.0,0.0,2.676097850446542e-06,0.0
2021-09-23,0.009016848626185903,2.710092751931193,1.0665615763338268,0.0,0.0,0.0,2.654781809806597e-06,0.0
2021-09-24,-0.0010784796649961903,2.7071699720079816,1.066636083327044,0.0,0.0,0.0,2.653103025841027e-06,0.0
2021-09-27,-0.004510155949604688,2.6949602132521386,1.06694064034338,0.0,0.0,0.0,2.6482199932478625e-06,0.0
2021-09-28,-0.01861534941604137,2.644792587220121,1.06821310754979,0.0,0.0,0.0,2.6732206847882825e-06,0.0
2021-09-29,0.0021191992039364393,2.6503974295655346,1.0680715572292465,0.0,0.0,0.0,2.696988085571632e-06,0.0
2021-09-30,-0.00833244678534839,2.6283131340236556,1.0686462497041913,0.0,0.0,0.0,2.6945826340541422e-06,0.0
2021-10-01,0.011797343488193723,2.659320246860264,1.0678485412158234,0.0,0.0,0.0,2.7125999559043915e-06,0.0
2021-10-04,-0.0049793391078262195,2.6460785895548384,1.0653983554998285,0.5982655679732092,0.0002991327839866046,0.0,2.695417535197818e-06,0.0
2021-10-05,0.004920500921939075,2.6590986216942665,1.065080720925352,0.0,0.0,0.0,2.5861626740855713e-06,0.0
2021-10-06,-0.00010926541045064297,2.6588080741919384,1.0650904156246224,0.0,0.0,0.0,2.605311381452172e-06,0.0
2021-10-07,0.009605083776411671,2.6843461484899516,1.0644737230661954,0.0,0.0,0.0,2.5671075305863577e-06,0.0
2021-10-08,-0.004340145172053167,2.6726956965134634,1.0647573377942523,0.0,0.0,0.0,2.554088549256127e-06,0.0
2021-10-11,-0.001742045286750038,2.668039739572435,1.0648729190928223,0.0,0.0,0.0,2.5653550788400025e-06,0.0
2021-10-12,0.00409266253159557,2.6789591258473915,1.064611062141854,0.0,0.0,0.0,2.5673849328733284e-06,0.0
2021-10-13,0.005575186485972772,2.693894822562289,1.0642553902892997,0.0,0.0,0.0,2.5619329219180934e-06,0.0
2021-10-14,0.014797259547163488,2.7337570834445035,1.063320963376516,0.0,0.0,0.0,2.5274480664740736e-06,0.0
2021-10-15,0.003556119435678129,2.7434786501413635,1.063099088219168,0.0,0.0,0.0,2.4928330958450797e-06,0.0
2021-10-18,0.000494628516186868,2.744835652915273,1.0630703957349825,0.0,0.0,0.0,2.511222046466304e-06,0.0
2021-10-19,0.004159025577070485,2.7562514946006025,1.062811663214616,0.0,0.0,0.0,2.495123248254443e-06,0.0
2021-10-20,0.009653311444361545,2.782858448696969,1.0622135885941633,0.0,0.0,0.0,2.4923619249572967e-06,0.0
2021-10-21,-0.0011552309606133182,2.77964360445803,1.0622880144301061,0.0,0.0,0.0,2.476548455730135e-06,0.0
2021-10-22,0.0014589578869592668,2.7836989874176896,1.0621997393763807,0.0,0.0,0.0,2.4697761952057847e-06,0.0
2021-10-25,0.0058326823010173,2.7999354192329604,1.0618415057638695,0.0,0.0,0.0,2.4604457982383992e-06,0.0
2021-10-26,-0.00011524447630717471,2.799612742141877,1.0618510877880973,0.0,0.0,0.0,2.4484211197751908e-06,0.0
2021-10-27,-0.011499786306785054,2.767417793865493,1.0625731197014585,0.0,0.0,0.0,2.4572929947045374e-06,0.0
2021-10-28,0.012724715749076854,2.802632398651369,1.0617893508360552,0.0,0.0,0.0,2.476120020937734e-06,0.0
2021-10-29,-0.0036972788973144155,2.7922702850269054,1.062021112143538,0.0,0.0,0.0,2.4631239676417808e-06,0.0
2021-11-01,0.008810412279619095,2.816871337434122,1.0614818924783167,0.0,0.0,0.0,2.4511716635396165e-06,0.0
2021-11-02,0.004009411050450273,2.828165332502127,1.0239851773345778,0.6894657269232388,0.0003447328634616194,0.0,2.437682117970543e-06,0.0
2021-11-03,0.0024379217215022564,2.835060178198234,1.0239277950360632,0.0,0.0,0.0,9.547887639248555e-07,0.0
2021-11-04,-0.00047459267164173813,2.8337146794139976,1.0239401063507716,0.0,0.0,0.0,9.435977943195038e-07,0.0
2021-11-05,0.0077289799254647296,2.855616403285683,1.0237574356120658,0.0,0.0,0.0,9.430575768124739e-07,0.0
2021-11-08,0.00134213108588499,2.859449014829896,1.0237265342482722,0.0,0.0,0.0,9.400322736578622e-07,0.0
2021-11-09,-0.0011166519486882631,2.8562560055153114,1.023754000728612,0.0,0.0,0.0,9.410387431252946e-07,0.0
2021-11-10,-0.011849954807049312,2.822409500932592,1.0240398140578437,0.0,0.0,0.0,9.466687686882921e-07,0.0
2021-11-11,0.004584635979428153,2.8353492210792473,1.0239310528527845,0.0,0.0,0.0,9.490660317005182e-07,0.0
2021-11-12,0.0027669020161353863,2.843194354555499,1.0238659677035828,0.0,0.0,0.0,9.48414866798395e-07,0.0
2021-11-15,0.0012345381401703825,2.846704386426115,1.0238374864795685,0.0,0.0,0.0,9.462396792758479e-07,0.0
2021-11-16,0.00022262998034716652,2.847338148167719,1.0238331264431,0.0,0.0,0.0,9.471601735444872e-07,0.0
2021-11-17,-0.0037107809941958614,2.8367722998834495,1.0239228446393005,0.0,0.0,0.0,9.472434652197323e-07,0.0
2021-11-18,0.0029008088339481652,2.845001234030851,1.023854596334754,0.0,0.0,0.0,9.4595985036641e-07,0.0
2021-11-19,-0.005464675408396236,2.8294542257503856,1.0239866220493634,0.0,0.0,0.0,9.481205389392851e-07,0.0
2021-11-22,-0.0043771200582496395,2.8170693649049543,1.0240930319930457,0.0,0.0,0.0,9.488427369729794e-07,0.0
2021-11-23,0.0044987129182185726,2.82974255124837,1.023986081570724,0.0,0.0,0.0,9.555681922492998e-07,0.0
2021-11-24,0.003988925070411042,2.8410301822538537,1.0238917310742999,0.0,0.0,0.0,9.559347176904467e-07,0.0
2021-11-26,-0.03475478217884309,2.742290797106102,1.0247529629960759,0.0,0.0,0.0,9.668327593536444e-07,0.0
2021-11-29,0.008647035161161165,2.7660034820508073,1.0245417320366754,0.0,0.0,0.0,9.690405965757417e-07,0.0
2021-11-30,-0.020166111759956418,2.710223946703342,1.025047823115216,0.0,0.0,0.0,9.814714067493532e-07,0.0
2021-12-01,-0.016745431130419375,2.664840078255808,1.0254754138648432,0.0,0.0,0.0,9.80255196616237e-07,0.0
2021-12-02,0.017874143875890924,2.712471813220793,1.0834485930063757,0.5970420938718769,0.0002985210469359384,0.0,1.0096958426030316e-06,0.0
2021-12-03,-0.008219398057775495,2.690176927667435,1.0841435134898318,0.0,0.0,0.0,3.293159754357829e-06,0.0
2021-12-06,0.014619711792037915,2.729506539019523,1.0829343758456293,0.0,0.0,0.0,3.3242026398115556e-06,0.0
2021-12-07,0.02189934018477535,2.7892809312540803,1.0811603096615108,0.0,0.0,0.0,3.248602354739401e-06,0.0
2021-12-08,0.006841686931982061,2.808364318151068,1.0806120081857542,0.0,0.0,0.0,3.2163882932370934e-06,0.0
2021-12-09,-0.01334226743372191,2.770894370366974,1.081705341593269,0.0,0.0,0.0,3.2130015963098115e-06,0.0
2021-12-10,0.009155333904872887,2.7962628335428166,1.0809673011909493,0.0,0.0,0.0,3.2212694714537584e-06,0.0
2021-12-13,-0.005022242638641705,2.782219323111349,1.0813792203695312,0.0,0.0,0.0,3.2160741690285097e-06,0.0
2021-12-14,-0.010475402698904235,2.7530744553050845,1.0822439886038624,0.0,0.0,0.0,3.256545039224548e-06,0.0
2021-12-15,0.01613023523314361,2.797482193883514,1.0809416444884477,0.0,0.0,0.0,3.2629420547607038e-06,0.0
2021-12-16,-0.008517478105839027,2.7736547005456367,1.0816402252899298,0.0,0.0,0.0,3.200039180111843e-06,0.0
2021-12-17,-0.0075711797234395695,2.752654862317043,1.0822663180606322,0.0,0.0,0.0,3.259732891296417e-06,0.0
2021-12-20,-0.009687736929821833,2.7259878661523205,1.0830743853883118,0.0,0.0,0.0,3.3062158338169285e-06,0.0
2021-12-21,0.019212498713559567,2.778360904523951,1.0815116397176903,0.0,0.0,0.0,3.2658166788945492e-06,0.0
2021-12-22,0.01182549559680579,2.8112163991667365,1.080562186524553,0.0,0.0,0.0,3.2307890603600413e-06,0.0
2021-12-23,0.004764503738658776,2.824610450210745,1.080183349567922,0.0,0.0,0.0,3.191526709631284e-06,0.0
2021-12-27,0.01639391687804026,2.870916879144344,1.0788931634824954,0.0,0.0,0.0,3.175818072315226e-06,0.0
2021-12-28,-0.0007999110192001835,2.8686204010975085,1.0789594547014718,0.0,0.0,0.0,3.126572306754459e-06,0.0
2021-12-29,0.003312381810476106,2.8781223671352647,1.0787018972801656,0.0,0.0,0.0,3.131899630370448e-06,0.0
2021-12-30,-0.001383081121041907,2.8741416904252315,1.0788140265635406,0.0,0.0,0.0,3.122501912127233e-06,0.0
2021-12-31,-0.002596512975064913,2.8666789442338674,1.0790223366266483,0.0,0.0,0.0,3.129270071084328e-06,0.0
2022-01-03,0.002812145363462637,2.874740462135431,1.0788038645114486,0.0,0.0,0.0,3.1307998458753657e-06,0.0
2022-01-04,-0.0006786608796485183,2.8727894882446368,0.9540540612096494,0.12434066271327698,6.21703313566385e-05,0.0,3.116023753074587e-06,0.0
2022-01-05,-0.02031667283234273,2.814423964095777,0.9531012343313182,0.0,0.0,0.0,0.0,0.0
2022-01-06,0.0014762001272148328,2.818578617109612,0.9531703642455763,0.0,0.0,0.0,0.0,0.0
2022-01-07,-0.004757390771912284,2.805169537206665,0.9529465124179671,0.0,0.0,0.0,0.0,0.0
2022-01-10,-0.0025025278303856258,2.7981495223708555,0.9528284643371691,0.0,0.0,0.0,0.0,0.0
2022-01-11,0.010098071258397345,2.8264054356394066,0.9533000438224143,0.0,0.0,0.0,0.0,0.0
2022-01-12,0.0035085625765023387,2.836322055976914,0.9534633206739325,0.0,0.0,0.0,0.0,0.0
2022-01-13,-0.012009609340207894,2.802258936121616,0.9528976397280648,0.0,0.0,0.0,0.0,0.0
2022-01-14,0.0018103588871138943,2.8073320304906177,0.9529827578103104,0.0,0.0,0.0,0.0,0.0
2022-01-18,-0.011443793070040065,2.775205503654788,0.9524384735434465,0.0,0.0,0.0,0.0,0.0
2022-01-19,-0.007488555829588406,2.754423222302088,0.9520796190956692,0.0,0.0,0.0,0.0,0.0
2022-01-20,-0.0098038081488514,2.727419385469897,0.9516051654220716,0.0,0.0,0.0,0.0,0.0
2022-01-21,-0.011841216975169377,2.695123420744265,0.9510252447184775,0.0,0.0,0.0,0.0,0.0
2022-01-24,0.002132919270477318,2.7008719014246854,0.9511294815889545,0.0,0.0,0.0,0.0,0.0
2022-01-25,-0.007300204789601139,2.6811549834338058,0.9507700931874501,0.0,0.0,0.0,0.0,0.0
2022-01-26,-0.004397149721225069,2.6693655435458385,0.950552665855903,0.0,0.0,0.0,0.0,0.0
2022-01-27,-0.00640997155718126,2.65225498633599,0.950233665064461,0.0,0.0,0.0,0.0,0.0
2022-01-28,0.02145537515810214,2.7091601120827757,0.9512789925572263,0.0,0.0,0.0,0.0,0.0
2022-01-31,0.015469094848400866,2.7510683668160887,0.9520211814520587,0.0,0.0,0.0,0.0,0.0
2022-02-01,0.003340750765125744,2.7602590005674426,0.9521809330366043,0.0,0.0,0.0,0.0,0.0
2022-02-02,0.00832942086863464,2.783250359489606,0.8915559611666639,0.061171171515679516,3.0585585757839754e-05,0.0,0.0,0.0
2022-02-03,-0.015565787955514443,2.7399268745666814,0.8898412534768392,0.0,0.0,0.0,0.0,0.0
2022-02-04,0.0028206991466774856,2.7476553839637305,0.8901511041635884,0.0,0.0,0.0,0.0,0.0
2022-02-07,-0.0021349049773213835,2.7417894008085426,0.8899160854665279,0.0,0.0,0.0,0.0,0.0
2022-02-08,0.001131591862244763,2.7448919873824864,0.8900405147252414,0.0,0.0,0.0,0.0,0.0
2022-02-09,0.015099277662983246,2.7863378736548725,0.8916761269617753,0.0,0.0,0.0,0.0,0.0
2022-02-10,-0.015459727121347577,2.7432618504602924,0.8899751731622908,0.0,0.0,0.0,0.0,0.0
2022-02-11,-0.00972158111544641,2.716593007860133,0.8888950574509734,0.0,0.0,0.0,0.0,0.0
2022-02-14,-0.001593631276448404,2.712263760277426,0.8887177145203183,0.0,0.0,0.0,0.0,0.0
2022-02-15,0.006952214698525694,2.7311200002579055,0.8894860313575071,0.0,0.0,0.0,0.0,0.0
2022-02-16,0.0016108484933512468,2.7355194207954825,0.8896637663133034,0.0,0.0,0.0,0.0,0.0
2022-02-17,-0.011519299132767724,2.704008154303844,0.88837795862894,0.0,0.0,0.0,0.0,0.0
2022-02-18,-0.004205623458855778,2.692636114177166,0.8879065357260049,0.0,0.0,0.0,0.0,0.0
2022-02-22,-0.0021432420156041188,2.6868651433245287,0.8876657762979764,0.0,0.0,0.0,0.0,0.0
2022-02-23,-0.010638538886202253,2.6582808240152893,0.8864578537599791,0.0,0.0,0.0,0.0,0.0
2022-02-24,0.014387111162900146,2.696525805732603,0.8880682285978028,0.0,0.0,0.0,0.0,0.0
2022-02-25,0.010348026425032852,2.7244295260261073,0.8892146384466636,0.0,0.0,0.0,0.0,0.0
2022-02-28,0.00020998530709714913,2.7250016161967947,0.8892378968609059,0.0,0.0,0.0,0.0,0.0
2022-03-01,0.0014277797606969678,2.728892318352267,0.8893958152773014,0.0,0.0,0.0,0.0,0.0
2022-03-02,0.010622801285753214,2.7578807991803416,1.365586201422108,1.330037699283575,0.0006650188496417873,0.0,0.0,0.0
2022-03-03,0.006409709524639595,2.7755580140066685,1.3632722392789105,0.0,0.0,0.0,1.4462265695750325e-05,0.0
2022-03-04,0.0220916614321085,2.8368747019372793,1.3554345158583334,0.0,0.0,0.0,1.425664342564224e-05,0.0
2022-03-07,0.009770754224566192,2.864593107415798,1.352009224782484,0.0,0.0,0.0,1.4050475238405704e-05,0.0
2022-03-08,0.016283662045642577,2.9112391734752343,1.3463828127414144,0.0,0.0,0.0,1.3838387775676754e-05,0.0
2022-03-09,-0.034862676068846854,2.80974558521143,1.3589090894135145,0.0,0.0,0.0,1.407537569989081e-05,0.0
2022-03-10,-0.002520438375698819,2.8026637946125126,1.3598302618383729,0.0,0.0,0.0,1.4210570704773151e-05,0.0
2022-03-11,0.003495772918646889,2.812461270805791,1.3585909881517655,0.0,0.0,0.0,1.428233090672753e-05,0.0
2022-03-14,-0.020689204714910536,2.7542736838213324,1.366181216095436,0.0,0.0,0.0,1.4401642111537969e-05,0.0
2022-03-15,-0.01586739635533263,2.7105705316090773,1.372100005365023,0.0,0.0,0.0,1.46975737442983e-05,0.0
2022-03-16,-4.611250314001669e-05,2.710445540416927,1.3721319311730964,0.0,0.0,0.0,1.4693087855034821e-05,0.0
2022-03-17,0.024666008074242907,2.7773014120016466,1.3631882929469232,0.0,0.0,0.0,1.456955555153624e-05,0.0
2022-03-18,-0.003588128343055219,2.767336098088036,1.3645106160535767,0.0,0.0,0.0,1.447107276514306e-05,0.0
2022-03-21,0.007078214330098254,2.7869238961137213,1.3619630288627012,0.0,0.0,0.0,1.4408147123914822e-05,0.0
2022-03-22,-0.005011048826180087,2.7729584843954473,1.3638004141130626,0.0,0.0,0.0,1.4387275968249986e-05,0.0
2022-03-23,0.01547758163559898,2.8158771757098044,1.3582697020759895,0.0,0.0,0.0,1.4307656800824994e-05,0.0
2022-03-24,-0.0016422710968829746,2.8112527420117637,1.3588732863532804,0.0,0.0,0.0,1.4216711548253553e-05,0.0
2022-03-25,3.332459385996245e-06,2.81126211039735,1.3588863313825836,0.0,0.0,0.0,1.4316065310003938e-05,0.0
2022-03-28,-0.01704917907289849,2.7633323992563312,1.3651256657633815,0.0,0.0,0.0,1.439426297604429e-05,0.0
2022-03-29,0.0062972040792395045,2.7807336673132226,1.3628551817464354,0.0,0.0,0.0,1.4631725368831484e-05,0.0
2022-03-30,0.00847874281745331,2.8043107929222053,1.3598187699502835,0.0,0.0,0.0,1.4323487630531106e-05,0.0
2022-03-31,-0.009314079585350687,2.77819121901487,1.363216071873004,0.0,0.0,0.0,1.4280360636050781e-05,0.0
2022-04-01,0.0012649271169520304,2.78170542842388,1.3627716055680463,0.0,0.0,0.0,1.4482715964791022e-05,0.0
2022-04-04,0.007921591326212063,2.8037409620177596,1.0839943751961338,0.8993742395287604,0.0004496871197643802,0.0,1.4286491863773986e-05,0.0
2022-04-05,-0.008496562624832116,2.7799188013501688,1.084717515986258,0.0,0.0,0.0,3.3297860993603807e-06,0.0
2022-04-06,-1.0159654478814062e-05,2.779890558335668,1.0847217385360384,0.0,0.0,0.0,3.3620447762267816e-06,0.0
2022-04-07,0.0004652992929177202,2.7811840394468503,1.084685696315174,0.0,0.0,0.0,3.3672933673519482e-06,0.0
2022-04-08,0.004272231175043384,2.7930659006037084,1.0843287847953227,0.0,0.0,0.0,3.3598323767655087e-06,0.0
2022-04-11,-0.007349305905008485,2.772538804887324,1.0849565025011723,0.0,0.0,0.0,3.351307283199413e-06,0.0
2022-04-12,0.006938114373814974,2.791774996221472,1.0843744740398353,0.0,0.0,0.0,3.340693678463917e-06,0.0
2022-04-13,0.010860074676304787,2.8220938811598777,1.0834713174919572,0.0,0.0,0.0,3.3377685548148856e-06,0.0
2022-04-14,-0.00412992318434946,2.8104388502116646,1.083820803324808,0.0,0.0,0.0,3.313870159373698e-06,0.0
2022-04-18,0.002316511389737874,2.816949263818342,1.0836303987758695,0.0,0.0,0.0,3.310890218502429e-06,0.0
2022-04-19,-0.0003169768515030036,2.8160563561098533,1.0836602358006275,0.0,0.0,0.0,3.3360360480461707e-06,0.0
2022-04-20,0.0063864405244913325,2.8340409325417646,1.083132634028388,0.0,0.0,0.0,3.3122331704264685e-06,0.0
2022-04-21,-0.007360731944765053,2.813180316916833,1.0837524119968733,0.0,0.0,0.0,3.2920654407865342e-06,0.0
2022-04-22,-0.019135490626861817,2.7593487313307987,1.085389709490879,0.0,0.0,0.0,3.342589966665928e-06,0.0
2022-04-25,-0.00701875504726901,2.7399815384955954,1.0859966876569551,0.0,0.0,0.0,3.4364663272920807e-06,0.0
2022-04-26,-0.008990591519390634,2.71534748371231,1.0867803065116999,0.0,0.0,0.0,3.4109669896964843e-06,0.0
2022-04-27,-0.002451996981628124,2.708689459878176,1.0869970667196636,0.0,0.0,0.0,3.4503869412814894e-06,0.0
2022-04-28,0.015179761604050546,2.749806720138531,1.085699619195274,0.0,0.0,0.0,3.4388530191078834e-06,0.0
2022-04-29,-0.024023166104002347,2.6837476565467413,1.087812555582591,0.0,0.0,0.0,3.4035810997229927e-06,0.0
2022-05-02,-0.00868804061277273,2.6604311479122296,1.0885856761600003,0.0,0.0,0.0,3.5154473796198653e-06,0.0
2022-05-03,-0.0011954261010407308,2.6572507990779934,0.7510426004165331,0.7239036659846355,0.00036195183299231776,0.0,3.514804454728956e-06,0.0
2022-05-04,0.012753106892849253,2.691139002559744,0.7541775997634071,0.0,0.0,0.0,0.0,0.0
2022-05-05,-0.0032497801321257347,2.682393392496437,0.7533761263988703,0.0,0.0,0.0,0.0,0.0
2022-05-06,0.0010955253349878014,2.6853320224163206,0.7536460134325302,0.0,0.0,0.0,0.0,0.0
2022-05-09,-0.018768239688320643,2.6349330673768883,0.7489339455449162,0.0,0.0,0.0,0.0,0.0
2022-05-10,-0.005697569184207607,2.619920353929752,0.7474952824473211,0.0,0.0,0.0,0.0,0.0
2022-05-11,0.010181936075008835,2.6465962154950797,0.7500403555682571,0.0,0.0,0.0,0.0,0.0
2022-05-12,-0.006445157500852172,2.6295384860450546,0.7484188755972397,0.0,0.0,0.0,0.0,0.0
2022-05-13,-0.0004990522924276375,2.6282262088355672,0.7482932607720085,0.0,0.0,0.0,0.0,0.0
2022-05-16,0.008914368843664144,2.6516551866657125,0.7505172420960985,0.0,0.0,0.0,0.0,0.0
2022-05-17,-0.00591127919228962,2.6359805125356486,0.7490337102897683,0.0,0.0,0.0,0.0,0.0
2022-05-18,-0.005349396537763895,2.6218796075082773,0.7476839718021041,0.0,0.0,0.0,0.0,0.0
2022-05-19,0.010478514455713572,2.6493530108766934,0.7503004521241068,0.0,0.0,0.0,0.0,0.0
2022-05-20,0.0007113742667907985,2.651237692432276,0.7504779556854293,0.0,0.0,0.0,0.0,0.0
2022-05-23,0.0042212772502991935,2.6624293017884764,0.7515268298259945,0.0,0.0,0.0,0.0,0.0
2022-05-24,0.003541503095520815,2.6718583034023657,0.7524036929139792,0.0,0.0,0.0,0.0,0.0
2022-05-25,-0.0011823531872824367,2.668699223221371,0.7521106000919043,0.0,0.0,0.0,0.0,0.0
2022-05-26,0.001901460791589038,2.6737736501588705,0.7525810575101453,0.0,0.0,0.0,0.0,0.0
2022-05-27,0.00333930167522567,2.68270218698802,0.7534045142288838,0.0,0.0,0.0,0.0,0.0
2022-05-31,-0.0066682481906475966,2.664813262983591,0.7517491157189501,0.0,0.0,0.0,0.0,0.0
2022-06-01,0.004392888823032681,2.6765194913820207,0.75283488459187,0.0,0.0,0.0,0.0,0.0
2022-06-02,0.012238470517697886,2.709275996267343,0.45962404869677403,0.6849011393387225,0.0003424505696693613,0.0,0.0,0.0
2022-06-03,0.004347801402705187,2.72105539024423,0.4619633253057167,0.0,0.0,0.0,0.0,0.0
2022-06-06,0.0020098677709585733,2.726524351776075,0.4630425388013556,0.0,0.0,0.0,0.0,0.0
2022-06-07,0.003085902008022723,2.7349381387481437,0.46469443930600696,0.0,0.0,0.0,0.0,0.0
2022-06-08,0.004153218927823055,2.746296935592418,0.466908485076051,0.0,0.0,0.0,0.0,0.0
2022-06-09,0.0007658875119316289,2.748400290119444,0.46731646074657684,0.0,0.0,0.0,0.0,0.0
2022-06-10,-0.004592043131222745,2.7357795174453505,0.46485907051710873,0.0,0.0,0.0,0.0,0.0
2022-06-13,-0.005228319744810306,2.7214759873768433,0.46204647749359806,0.0,0.0,0.0,0.0,0.0
2022-06-14,-0.005101183537281506,2.7075932388729296,0.4592882073987667,0.0,0.0,0.0,0.0,0.0
2022-06-15,0.0003107478202879488,2.708434617570136,0.459456180212536,0.0,0.0,0.0,0.0,0.0
2022-06-16,0.0020192333595083767,2.7139035791019808,0.4605454648059379,0.0,0.0,0.0,0.0,0.0
2022-06-17,-0.016431441390667212,2.6693102315020445,0.45153336747893114,0.0,0.0,0.0,0.0,0.0
2022-06-21,-0.0011032158815678095,2.66636540606182,0.4509276221115145,0.0,0.0,0.0,0.0,0.0
2022-06-22,-0.008046662007382466,2.6449100648510635,0.4464735821146337,0.0,0.0,0.0,0.0,0.0
2022-06-23,-0.010020575568984502,2.6184065436730557,0.440870785568597,0.0,0.0,0.0,0.0,0.0
2022-06-24,0.004177320397445339,2.6293444667367454,0.44319673122063324,0.0,0.0,0.0,0.0,0.0
2022-06-27,-0.0009599868421777957,2.626820330645125,0.4426616937800203,0.0,0.0,0.0,0.0,0.0
2022-06-28,0.005285001163556569,2.6407030791490387,0.44559174206827484,0.0,0.0,0.0,0.0,0.0
2022-06-29,-0.007646895672747678,2.6205098982000825,0.44131957111417913,0.0,0.0,0.0,0.0,0.0
2022-06-30,-0.013645733255132964,2.5847511191368087,0.43359049813860584,0.0,0.0,0.0,0.0,0.0
2022-07-01,0.0021159274962039287,2.5902202651006343,0.43478644903232555,0.0,0.0,0.0,0.0,0.0
2022-07-05,-0.029601306699999164,2.513546360612837,0.42639518402454596,0.008682608641933482,4.341304320966741e-06,0.0,0.0,0.0
2022-07-06,-0.00631822754221445,2.49766520276858,0.4227479743774586,0.0,0.0,0.0,0.0,0.0
2022-07-07,0.01752853742924665,2.5414456207610363,0.43269205296104013,0.0,0.0,0.0,0.0,0.0
2022-07-08,0.007599929393102389,2.5607604280352296,0.4369710333538226,0.0,0.0,0.0,0.0,0.0
2022-07-11,-0.0008379938641225326,2.5586145265090483,0.43649882282492397,0.0,0.0,0.0,0.0,0.0
2022-07-12,-0.01979512453692489,2.5079664333148166,0.4251189814691924,0.0,0.0,0.0,0.0,0.0
2022-07-13,0.0023959854773769607,2.513975484466788,0.4264930956831111,0.0,0.0,0.0,0.0,0.0
2022-07-14,-0.003926853172517619,2.504103471859978,0.4242321398347877,0.0,0.0,0.0,0.0,0.0
2022-07-15,0.005484986629345157,2.5178384459216265,0.4273729913209939,0.0,0.0,0.0,0.0,0.0
2022-07-18,0.008012239801227228,2.5380119713311,0.431924548067071,0.0,0.0,0.0,0.0,0.0
2022-07-19,0.0016911209865326793,2.5423040566398893,0.4328836104951694,0.0,0.0,0.0,0.0,0.0
2022-07-20,-0.0003376605865105242,2.5414456207610363,0.43269205296104013,0.0,0.0,0.0,0.0,0.0
2022-07-21,-0.00726219177386489,2.5229891552802206,0.4285420154867989,0.0,0.0,0.0,0.0,0.0
2022-07-22,-0.005103720815177737,2.510112523011949,0.4256104917977675,0.0,0.0,0.0,0.0,0.0
2022-07-25,0.007694797383432483,2.5294273302861425,0.42999655283158655,0.0,0.0,0.0,0.0,0.0
2022-07-26,0.0008484860414494921,2.531573514068751,0.4304797827862155,0.0,0.0,0.0,0.0,0.0
2022-07-27,0.009833737207053384,2.55646834272644,0.4360257572806646,0.0,0.0,0.0,0.0,0.0
2022-07-28,0.00033582655806063677,2.5573268726907687,0.43621509122606467,0.0,0.0,0.0,0.0,0.0
2022-07-29,0.002014062155339058,2.562477487963887,0.4373483067081612,0.0,0.0,0.0,0.0,0.0
2022-08-01,-0.008821369489866338,2.539872927233093,0.4322840090170659,0.0,0.0,0.0,0.0,5.689090581800194e-05
2022-08-02,-0.0018773384330447174,2.5351047261717485,0.3853751148268842,0.04569536293163196,2.2847681465815984e-05,0.0,0.0,5.6739611469485383e-05
2022-08-03,-0.0032699196089530647,2.52681513751689,0.3832970833784073,0.0,0.0,0.0,0.0,6.127316021268095e-05
2022-08-04,-0.004040208635261777,2.516606277178584,0.3807334470118337,0.0,0.0,0.0,0.0,6.179791779187213e-05
2022-08-05,-0.0013108348604037312,2.5133074219405476,0.3798586174138619,0.0,0.0,0.0,0.0,6.222653859360153e-05
2022-08-08,0.004644081663587096,2.524979426853739,0.38266356409784075,0.0,0.0,0.0,0.0,6.205768675458422e-05
2022-08-09,0.0032544107743495143,2.533196747105503,0.3846045799397801,0.0,0.0,0.0,0.0,6.148679952856453e-05
2022-08-10,0.005365384984558519,2.546788322895355,0.38782758110208954,0.0,0.0,0.0,0.0,6.149847940232799e-05
2022-08-11,0.0075976889943001336,2.566138028507029,0.3923828499935517,0.0,0.0,0.0,0.0,6.0928814327735394e-05
2022-08-12,-0.002033529352263641,2.5609197115041002,0.39108383939288893,0.0,0.0,0.0,0.0,6.0912920306557235e-05
2022-08-15,-0.004735813635752595,2.5487916730142914,0.38812522286389395,0.0,0.0,0.0,0.0,6.159884688179199e-05
2022-08-16,-0.00430654427809507,2.5378151888188154,0.3854173078097119,0.0,0.0,0.0,0.0,6.11101071180826e-05
2022-08-17,0.0015740754364093057,2.5418099013696818,0.3863218252811783,0.0,0.0,0.0,0.0,6.14266196865379e-05
2022-08-18,0.005951336671107255,2.5569370678466865,0.38989141903496083,0.0,0.0,0.0,0.0,6.116085456453624e-05
2022-08-19,-8.915256714192576e-05,2.5567091103430677,0.38977600514119104,0.0,0.0,0.0,0.0,6.107131462497763e-05
2022-08-22,0.0035143979698386563,2.5656944036499256,0.39185225593879597,0.0,0.0,0.0,0.0,6.114719934396419e-05
2022-08-23,0.006494458002610948,2.5823571982019637,0.3957159386226522,0.0,0.0,0.0,0.0,6.060254032398115e-05
2022-08-24,0.004222703055215105,2.593261725832468,0.398196746653061,0.0,0.0,0.0,0.0,6.0344028502607735e-05
2022-08-25,-0.0055649005230204995,2.578830482298054,0.3947685133109016,0.0,0.0,0.0,0.0,6.010553011755998e-05
2022-08-26,0.0016979060580437633,2.583209094196616,0.3957339771031792,0.0,0.0,0.0,0.0,6.052849701353005e-05
2022-08-29,0.005856033829986895,2.5983364540421614,0.39919190304200575,0.0,0.0,0.0,0.0,6.038705674883899e-05
2022-08-30,-0.01102033768825883,2.5697019088909037,0.3924362647021881,0.0,0.0,0.0,0.0,6.051525532047175e-05
2022-08-31,-0.008155470473153126,2.5487447808481387,0.38737929828457585,0.0,0.0,0.0,0.0,6.110868350714715e-05
2022-09-01,-0.00822255595527488,2.5277875842719,0.3822384573630552,0.0,0.0,0.0,0.0,6.160158726213444e-05
2022-09-02,0.0026256217709910157,2.5344245983856055,0.3860315815829617,0.002229404672822266,1.1147023364111332e-06,0.0,0.0,6.143648265755777e-05
2022-09-06,-0.002223667499383075,2.5287888807765384,0.3846017436392736,0.0,0.0,0.0,0.0,6.130901615267903e-05
2022-09-07,-0.00909928853484887,2.5057787011066353,0.37888853134807,0.0,0.0,0.0,0.0,6.183814701959225e-05
2022-09-08,0.0016029588027797192,2.509795361133392,0.37982054232219253,0.0,0.0,0.0,0.0,6.199267259379743e-05
2022-09-09,0.010830487474358552,2.5369776683553504,0.38640406743835104,0.0,0.0,0.0,0.0,6.166314170968435e-05
2022-09-12,0.00538795531071945,2.5506467906567423,0.3896313468712168,0.0,0.0,0.0,0.0,6.110475852840905e-05
2022-09-13,-0.001906785651397569,2.545783253954535,0.388404127772286,0.0,0.0,0.0,0.0,6.109787533863337e-05
2022-09-14,0.0017294211955829475,2.5501859854732842,0.3893989545750664,0.0,0.0,0.0,0.0,6.106324428579723e-05
2022-09-15,-0.011293879876120405,2.5213844912915833,0.38236236926199724,0.0,0.0,0.0,0.0,6.150330301082678e-05
2022-09-16,-0.0013164192904497884,2.518065292108606,0.38148638224109976,0.0,0.0,0.0,0.0,6.175049452739178e-05
2022-09-19,0.001288454286368701,2.52130970412758,0.3822205115093005,0.0,0.0,0.0,0.0,6.223878189296117e-05
2022-09-20,-0.00039758527300870483,2.520307268520525,0.3819129912683416,0.0,0.0,0.0,0.0,6.184041584528814e-05
2022-09-21,-0.0022360888532136913,2.5146716375307125,0.3804658491585868,0.0,0.0,0.0,0.0,6.161610846694232e-05
2022-09-22,0.00113670885565198,2.5175300870501505,0.3811073964466592,0.0,0.0,0.0,0.0,6.158085687174143e-05
2022-09-23,-0.012820633315529184,2.485253756943268,0.37300706061907524,0.0,0.0,0.0,0.0,6.262492132436793e-05
2022-09-26,-0.00863715308998958,2.4637882397770774,0.3674811996139059,0.0,0.0,0.0,0.0,6.279290829196507e-05
2022-09-27,0.003981005696081397,2.4735965947935683,0.36992627482274915,0.0,0.0,0.0,0.0,6.290289065435358e-05
2022-09-28,0.010364685038273924,2.4992346444103504,0.3763274371313777,0.0,0.0,0.0,0.0,6.282690310580731e-05
2022-09-29,-0.002254905321873557,2.4935991069100587,0.37485542805286676,0.0,0.0,0.0,0.0,6.237299982696481e-05
2022-09-30,-0.00458253871765224,2.48217209245634,0.37191468833698765,0.0,0.0,0.0,0.0,6.269497765027911e-05
2022-10-03,0.00846240249844521,2.5031772317731136,0.3771229163943499,0.0,0.0,0.0,0.0,6.228148021254374e-05
2022-10-04,0.01072554838526818,2.530025180289398,0.4508153247890775,0.067338119285234,3.3669059642616996e-05,0.0,0.0,6.183558634574746e-05
2022-10-05,0.0081339946666934,2.5506043916124717,0.4551918727231972,0.0,0.0,0.0,0.0,5.482686737487903e-05
2022-10-06,0.002903942442313401,2.558011199958826,0.45671506010569823,0.0,0.0,0.0,0.0,5.4526390310871994e-05
2022-10-07,0.004848779471526399,2.570414432153121,0.4592825512769732,0.0,0.0,0.0,0.0,5.4315897886323334e-05
2022-10-10,-0.0050706333773765655,2.557380802939755,0.4564724505985824,0.0,0.0,0.0,0.0,5.3973445996827536e-05
2022-10-11,-0.00651746487514393,2.5407131633842277,0.4528520804967719,0.0,0.0,0.0,0.0,5.4601940782406345e-05
2022-10-12,5.471479195051643e-05,2.540852177976368,0.45282730414503614,0.0,0.0,0.0,0.0,5.4711798405655816e-05
2022-10-13,0.006311667191168047,2.556889191305709,0.45620484093960817,0.0,0.0,0.0,0.0,5.488105878428045e-05
2022-10-14,-0.009005784006496986,2.533862399520263,0.4512081606540241,0.0,0.0,0.0,0.0,5.458016909176246e-05
2022-10-17,-0.001020660380382954,2.531276186559731,0.4505925230256556,0.0,0.0,0.0,0.0,5.46996771928017e-05
2022-10-18,-0.00479014860419269,2.5191509974678556,0.44789290725829667,0.0,0.0,0.0,0.0,5.506618270464756e-05
2022-10-19,-0.00012509929938386843,2.51883585344303,0.4477686127893848,0.0,0.0,0.0,0.0,5.5367385673648454e-05
2022-10-20,0.0004158882749927262,2.5198834077411085,0.4479429836908742,0.0,0.0,0.0,0.0,5.4992013902756765e-05
2022-10-21,0.0005959785049702848,2.5213852040871534,0.4482166290177487,0.0,0.0,0.0,0.0,5.530233527945523e-05
2022-10-24,0.001316229985213857,2.5247039268970477,0.4488868423440031,0.0,0.0,0.0,0.0,5.518523412651355e-05
2022-10-25,0.0025739387451173545,2.531202360154438,0.4502467621872974,0.0,0.0,0.0,0.0,5.509836599324068e-05
2022-10-26,0.008489197268963355,2.552690236317454,0.45481992804147964,0.0,0.0,0.0,0.0,5.484436617553715e-05
2022-10-27,0.000766359836780639,2.55464651559031,0.455182935950564,0.0,0.0,0.0,0.0,5.44762587790657e-05
2022-10-28,-0.005279775994239899,2.5411585542435278,0.4522363850594781,0.0,0.0,0.0,0.0,5.475131041180273e-05
2022-10-31,-0.0031626564529740886,2.533121742743919,0.45044355044653034,0.0,0.0,0.0,0.0,5.4989593051240974e-05
2022-11-01,0.006868986146032041,2.55052172090104,0.45413811254415615,0.0,0.0,0.0,0.0,5.4483698443642054e-05
2022-11-02,0.004173885596412186,2.5611673067752454,0.458731382463385,0.002388614962578777,1.1943074812893885e-06,0.0,0.0,5.461238761288855e-05
2022-11-03,-0.00030244405974111377,2.560392696937308,0.45851348622210947,0.0,0.0,0.0,0.0,5.434677304517963e-05
2022-11-04,0.015569832685055074,2.600257582836659,0.46676176763000693,0.0,0.0,0.0,0.0,5.3421685038814075e-05
2022-11-07,-0.003985674005198225,2.5898938037819272,0.46457441195879595,0.0,0.0,0.0,0.0,5.333034799738369e-05
2022-11-08,-0.005588350810470155,2.575420568644531,0.4615116073545227,0.0,0.0,0.0,0.0,5.3539692609387266e-05
2022-11-09,-0.01058411609187826,2.548162018360586,0.4556967901530562,0.0,0.0,0.0,0.0,5.415316601185941e-05
2022-11-10,0.004175963631250834,2.5588030502757944,0.45790612414237664,0.0,0.0,0.0,0.0,5.430086818314504e-05
2022-11-11,0.00879830786872482,2.581316187287553,0.46258029874118417,0.0,0.0,0.0,0.0,5.369859955132052e-05
2022-11-14,-0.006845155971846317,2.5636466753729183,0.45882210970346377,0.0,0.0,0.0,0.0,5.386293999614519e-05
2022-11-15,0.005397508877892587,2.5774839810630237,0.4616736133654977,0.0,0.0,0.0,0.0,5.410522494157881e-05
2022-11-16,-0.005083715452471549,2.5643807859199956,0.45886882380459554,0.0,0.0,0.0,0.0,5.414627356224663e-05
2022-11-17,-0.007602672020089685,2.544884639870026,0.45466873594405766,0.0,0.0,0.0,0.0,5.439104491075255e-05
2022-11-18,-0.003175059196837582,2.536804480489316,0.4528770550795816,0.0,0.0,0.0,0.0,5.4964054138343444e-05
2022-11-21,-0.001565345638749438,2.532833504659422,0.4519644777704879,0.0,0.0,0.0,0.0,5.513603186420673e-05
2022-11-22,0.004742159191126305,2.544844604343135,0.4544965384721404,0.0,0.0,0.0,0.0,5.456447313369454e-05
2022-11-23,-0.006225542915041848,2.529001565046684,0.45102431644872487,0.0,0.0,0.0,0.0,5.4872263861218484e-05
2022-11-25,-0.003917269073337226,2.5190947854295054,0.4488102603597362,0.0,0.0,0.0,0.0,5.477587958952739e-05
2022-11-28,-0.0026638670409843135,2.512384251857484,0.4472827761902809,0.0,0.0,0.0,0.0,5.5457703909549424e-05
2022-11-29,0.005871223111137969,2.5271350203410488,0.4504540115757695,0.0,0.0,0.0,0.0,5.4959034571389534e-05
2022-11-30,0.010173471419205216,2.552844756242961,0.4559340959024279,0.0,0.0,0.0,0.0,5.45083986789936e-05
2022-12-01,-0.0022164930058246046,2.5471863936957924,0.45461644388398537,0.0,0.0,0.0,0.0,0.00010839423542674985
2022-12-02,-0.0003168519245893009,2.546379312784662,0.7052183756092496,0.7216369451639586,0.00036081847258197925,0.0,0.0,0.00010933919306356473
2022-12-05,-0.013155643024822972,2.512880055539873,0.7012288932579416,0.0,0.0,0.0,0.0,5.897401222405507e-05
2022-12-06,-0.0034133605241585263,2.504302689956348,0.7001456279600758,0.0,0.0,0.0,0.0,5.965568991398451e-05
2022-12-07,0.0016805958994037251,2.5085114107879543,0.7005888462429078,0.0,0.0,0.0,0.0,5.9868160237944356e-05
2022-12-08,0.0009483207753351319,2.5108902842739695,0.7008126895543686,0.0,0.0,0.0,0.0,5.977515815609259e-05
2022-12-09,0.001493808872960356,2.514641074459648,0.7011992033735276,0.0,0.0,0.0,0.0,5.970090454345702e-05
2022-12-12,0.0004442557998567409,2.5157582183415346,0.7012721547920147,0.0,0.0,0.0,0.0,5.978799852233013e-05
2022-12-13,0.011361108428169953,2.544340020239172,0.7045688347247261,0.0,0.0,0.0,0.0,5.88763493351745e-05
2022-12-14,0.0008021602977874576,2.54638098878748,0.7047465890557169,0.0,0.0,0.0,0.0,5.904862754836528e-05
2022-12-15,-0.012350320291811712,2.5149323679909745,0.7009947274890778,0.0,0.0,0.0,0.0,5.947012885615826e-05
2022-12-16,-0.0017620675727715307,2.510500887217624,0.7004070233654176,0.0,0.0,0.0,0.0,6.0003274932794915e-05
2022-12-19,-0.0016432909033610166,2.50637540394678,0.6998538773771055,0.0,0.0,0.0,0.0,5.987902133741837e-05
2022-12-20,0.006735044273241009,2.5232559532577237,0.7018022233802965,0.0,0.0,0.0,0.0,5.9852423093819564e-05
2022-12-21,0.004246795515612911,2.533971705324762,0.7030038656763725,0.0,0.0,0.0,0.0,5.947234319720454e-05
2022-12-22,-0.007818467257406092,2.5141599305154867,0.7006036458576592,0.0,0.0,0.0,0.0,5.95901247278438e-05
2022-12-23,0.0054881224685712215,2.52795794811973,0.7021782488310502,0.0,0.0,0.0,0.0,5.9829453897685875e-05
2022-12-27,0.004776702357766283,2.540033250810848,0.7035348104507322,0.0,0.0,0.0,0.0,5.975150291620525e-05
2022-12-28,-0.005736228715332303,2.5254630391396478,0.7017647719336645,0.0,0.0,0.0,0.0,5.9454803145837966e-05
2022-12-29,0.004453789729569779,2.536710920485776,0.7030277767260362,0.0,0.0,0.0,0.0,5.955150942633252e-05
2022-12-30,0.001412230526619318,2.5402933410848942,0.703387267836327,0.0,0.0,0.0,0.0,5.947854110334663e-05
2023-01-03,-0.0008888417007132388,2.5380354224312938,0.7030640162050549,0.0,0.0,0.0,0.0,5.915273470026059e-05
2023-01-04,0.0015342840282381864,2.541929489643033,0.736343534701132,0.05036851432496491,2.5184257162482455e-05,0.0,0.0,5.91909629719657e-05
2023-01-05,-0.006891237443331422,2.5244124499656966,0.7344609104917851,0.0,0.0,0.0,0.0,5.304208960150758e-05
2023-01-06,0.012153448569038883,2.555092766843396,0.7375969051910011,0.0,0.0,0.0,0.0,5.282660394373029e-05
2023-01-09,0.004349031258231495,2.5662049451540794,0.7386809094651481,0.0,0.0,0.0,0.0,5.213963959711153e-05
2023-01-10,0.0017538311419500463,2.5707056353035167,0.7390862443171209,0.0,0.0,0.0,0.0,5.220483270906968e-05
2023-01-11,0.005618904968205607,2.5851501859695176,0.7404922111699296,0.0,0.0,0.0,0.0,5.198431639001564e-05
2023-01-12,0.008499212141931611,2.6071219258188263,0.7426277707876809,0.0,0.0,0.0,0.0,5.158863489377559e-05
2023-01-13,0.007015491286721964,2.62541216697283,0.7443696687036697,0.0,0.0,0.0,0.0,5.151839575928972e-05
2023-01-17,0.0003839722801803891,2.626420252468996,0.7444166795477406,0.0,0.0,0.0,0.0,5.109296108851754e-05
2023-01-18,-0.0041130895655379085,2.615617550733848,0.7433097729893571,0.0,0.0,0.0,0.0,5.0817124747753846e-05
2023-01-19,0.006794492203744618,2.633389343790287,0.7449910909881216,0.0,0.0,0.0,0.0,5.119073094132018e-05
2023-01-20,0.0023331473162875316,2.6395334290704917,0.7455337963464594,0.0,0.0,0.0,0.0,5.103520440841854e-05
2023-01-23,0.0020455303187105756,2.6449326747269057,0.7460024627690125,0.0,0.0,0.0,0.0,5.099772168321137e-05
2023-01-24,-0.00046707838960691195,2.6436972838325756,0.7458329473239113,0.0,0.0,0.0,0.0,5.084741042850173e-05
2023-01-25,0.002158615726462143,2.649404010365462,0.7463296906325131,0.0,0.0,0.0,0.0,5.095836765111885e-05
2023-01-26,-0.0014344125420219234,2.6456036720241105,0.7459144931328434,0.0,0.0,0.0,0.0,5.0726113881222e-05
2023-01-27,-0.0034215653677531765,2.6365515661231123,0.7449911465701039,0.0,0.0,0.0,0.0,5.0864266930936745e-05
2023-01-30,-0.005115187243261432,2.6230651111858783,0.7436287578922492,0.0,0.0,0.0,0.0,5.111524776790885e-05
2023-01-31,0.006362226748345634,2.6397536461989173,0.7451985880027527,0.0,0.0,0.0,0.0,5.1287516344985424e-05
2023-02-01,0.0012472142341592996,2.6430459845211303,0.7454650872865799,0.0,0.0,0.0,0.0,5.1029883386961646e-05
2023-02-02,-0.002443748815414981,2.6365870440273693,0.6535147534601317,0.6620747082363878,0.0003310373541181939,0.0,0.0,5.08290602516824e-05
2023-02-03,-0.010142354819027477,2.609845842715593,0.6498945628431079,0.0,0.0,0.0,0.0,6.987613740810537e-05
2023-02-06,-0.005363437943743499,2.595848096495451,0.6479362697864331,0.0,0.0,0.0,0.0,7.033193534090526e-05
2023-02-07,0.0032216060000020974,2.604210896298215,0.6489966515338298,0.0,0.0,0.0,0.0,7.048879794974295e-05
2023-02-08,-0.0025779863956515436,2.5974972760361505,0.6480190487603122,0.0,0.0,0.0,0.0,7.016772942353395e-05
2023-02-09,-0.0024204220083501315,2.591210236462603,0.6470944722638634,0.0,0.0,0.0,0.0,6.991818146235802e-05
2023-02-10,-0.0014676955012056236,2.587407128855869,0.6465050682372689,0.0,0.0,0.0,0.0,7.066183333129361e-05
2023-02-13,0.0035003414040528646,2.5964639371581444,0.6476676527539688,0.0,0.0,0.0,0.0,7.06849303708423e-05
2023-02-14,0.00019619000114623475,2.5969733374209514,0.6476663106314406,0.0,0.0,0.0,0.0,7.069762147980591e-05
2023-02-15,-0.0026013927353846222,2.590217589846997,0.6466767112569886,0.0,0.0,0.0,0.0,7.100749824924975e-05
2023-02-16,-0.002135496530753067,2.5846861891699833,0.6458497599903341,0.0,0.0,0.0,0.0,7.098654761029945e-05
2023-02-17,-0.00021430050202053685,2.5841322896220786,0.6457030039182073,0.0,0.0,0.0,0.0,7.110781460255072e-05
2023-02-21,-0.008275067375123069,2.562748420819225,0.6426752582058459,0.0,0.0,0.0,0.0,7.113287117886196e-05
2023-02-22,-0.0023338577523929205,2.5567673305498633,0.6417677300972171,0.0,0.0,0.0,0.0,7.147400774692792e-05
2023-02-23,0.002460836123963306,2.56305911595745,0.6425756464041494,0.0,0.0,0.0,0.0,7.137040415897758e-05
2023-02-24,-0.008657930231257382,2.540868328952902,0.6393819556654493,0.0,0.0,0.0,0.0,7.214714785227276e-05
2023-02-27,0.004009705047308021,2.5510564615160494,0.6407503173224585,0.0,0.0,0.0,0.0,7.179379474036742e-05
2023-02-28,-0.0012395890353008587,2.5478941998979208,0.6402325035420559,0.0,0.0,0.0,0.0,7.19389417631821e-05
2023-03-01,0.005398939234858791,2.5616501258600186,0.6420928688953212,0.0,0.0,0.0,0.0,7.14998906231372e-05
2023-03-02,9.508842827843367e-05,2.561893709144286,0.7085478874147202,0.6225132769155861,0.000311256638457793,0.0,0.0,7.180532377339657e-05
2023-03-03,0.0090476049382342,2.585072711318371,0.7111034191239761,0.0,0.0,0.0,0.0,5.807667936982138e-05
2023-03-06,-0.0026252310297175674,2.578286298222542,0.7102850711869084,0.0,0.0,0.0,0.0,5.784305642695311e-05
2023-03-07,-0.01207295888680815,2.5471587537456806,0.7066859598535338,0.0,0.0,0.0,0.0,5.811125016918399e-05
2023-03-08,0.0018571148103299073,2.551889119991523,0.7071711139067607,0.0,0.0,0.0,0.0,5.8593978199581096e-05
2023-03-09,0.0008431384719633783,2.5540407158847724,0.7073592847750111,0.0,0.0,0.0,0.0,5.8377912858602565e-05
2023-03-10,0.003788202959108755,2.5637159404823713,0.7084053762485217,0.0,0.0,0.0,0.0,5.831139180698306e-05
2023-03-13,0.005815214350322728,2.5786244982096154,0.7100332759784177,0.0,0.0,0.0,0.0,5.819817101509517e-05
2023-03-14,0.0026055612623878677,2.585343262312395,0.7107289959560824,0.0,0.0,0.0,0.0,5.7840449559711596e-05
2023-03-15,-0.008033688862555954,2.5645734189400717,0.708327939168654,0.0,0.0,0.0,0.0,5.837089545994658e-05
2023-03-16,0.006132080212172042,2.5802995888550164,0.7100476160326858,0.0,0.0,0.0,0.0,5.8277625946820483e-05
2023-03-17,0.006505318367109103,2.597085259163039,0.7118640416976612,0.0,0.0,0.0,0.0,5.787871751869703e-05
2023-03-20,0.005519890844236208,2.611420886306794,0.7133884788176278,0.0,0.0,0.0,0.0,5.735720638433233e-05
2023-03-21,-0.001726943820360427,2.6069111091448263,0.7128352391041368,0.0,0.0,0.0,0.0,5.716767096451718e-05
2023-03-22,0.005027499155439319,2.6200173525443575,0.714214592049068,0.0,0.0,0.0,0.0,5.739431806218927e-05
2023-03-23,0.004715440804053506,2.6323718892758734,0.7154989826733744,0.0,0.0,0.0,0.0,5.692580109662902e-05
2023-03-24,-0.00516065369055041,2.6187871295705807,0.71396595984496,0.0,0.0,0.0,0.0,5.705150648371237e-05
2023-03-27,-8.384204702094333e-05,2.6185675650969253,0.713884764549905,0.0,0.0,0.0,0.0,5.73699261733774e-05
2023-03-28,0.0031948678435669287,2.626933542406861,0.7147389129767664,0.0,0.0,0.0,0.0,5.7190000775396436e-05
2023-03-29,0.0024468809692299587,2.633361336099208,0.7153782961898446,0.0,0.0,0.0,0.0,5.696304673747303e-05
2023-03-30,0.007444059585974605,2.6529642347965323,0.7174248778955421,0.0,0.0,0.0,0.0,5.66668697980769e-05
2023-03-31,-5.718585187064473e-05,2.652812522776783,0.7173521994158656,0.0,0.0,0.0,0.0,5.6466435867800157e-05
2023-04-03,0.0054961842899248214,2.6673928692885847,0.718840971690116,0.0,0.0,0.0,0.0,5.6408477769318356e-05
2023-04-04,0.0013963813940784942,2.671117567061957,0.6740450258608995,0.6577326840081462,0.0003288663420040731,0.0,0.0,5.6205960289246235e-05
2023-04-05,-0.0031313138056285883,2.662753459747759,0.6729557567120128,0.0,0.0,0.0,0.0,6.527603531985834e-05
2023-04-06,0.0012142015889824442,2.6659865792296533,0.6732870432545767,0.0,0.0,0.0,0.0,6.553069851629655e-05
2023-04-10,-0.001293467374499313,2.662538212568567,0.6727984761672634,0.0,0.0,0.0,0.0,6.565108719374407e-05
2023-04-11,0.0010380073502576082,2.665301946803555,0.6730723891255868,0.0,0.0,0.0,0.0,6.534098348902375e-05
2023-04-12,0.00029890252671416206,2.6660986122899106,0.6731047134305385,0.0,0.0,0.0,0.0,6.50783868570667e-05
2023-04-13,0.00976579783995768,2.6921351923589256,0.6762014852095468,0.0,0.0,0.0,0.0,6.503206108311853e-05
2023-04-14,-0.004597022185255817,2.679759387153944,0.6746410431638411,0.0,0.0,0.0,0.0,6.492202316753744e-05
2023-04-17,-0.00033536513733822826,2.6788606892790376,0.674466798885774,0.0,0.0,0.0,0.0,6.514462538918857e-05
2023-04-18,0.0019245920881556522,2.684016403366895,0.6750271324552929,0.0,0.0,0.0,0.0,6.495570089752733e-05
2023-04-19,-0.0014790417016486979,2.6800466311784064,0.6744806812346378,0.0,0.0,0.0,0.0,6.529229024690963e-05
2023-04-20,-0.0011800178964449515,2.676884128190309,0.6740309280322753,0.0,0.0,0.0,0.0,6.524086189235243e-05
2023-04-21,-0.0004666970310658325,2.6756348343151752,0.6738135039486007,0.0,0.0,0.0,0.0,6.524512778553463e-05
2023-04-24,0.0010140924502946014,2.6783481754003997,0.6740787808970736,0.0,0.0,0.0,0.0,6.525627686847377e-05
2023-04-25,-0.006926293522713345,2.6597971497815527,0.6717399713430003,0.0,0.0,0.0,0.0,6.533708858046833e-05
2023-04-26,-0.0010054431072616943,2.6571228750705904,0.6713438743010256,0.0,0.0,0.0,0.0,6.54040954113516e-05
2023-04-27,0.009393074272508573,2.6820814275873097,0.6743371187076638,0.0,0.0,0.0,0.0,6.553766031047435e-05
2023-04-28,0.002423061963183315,2.6885802770766567,0.6750593374910224,0.0,0.0,0.0,0.0,6.526318552544347e-05
2023-05-01,-0.0013435712232715558,2.684967977984921,0.6745570936347103,0.0,0.0,0.0,0.0,6.491937285595963e-05
2023-05-02,-0.0018353600424860783,2.6800400950427727,0.7535663678860142,0.07959808735954417,3.979904367977209e-05,0.0,0.0,6.517961673789621e-05
2023-05-03,-9.333122526511417e-05,2.6797899636169427,0.7534940744595255,0.0,0.0,0.0,0.0,4.921988192812147e-05
2023-05-04,-0.0009410365934341414,2.6772681831984615,0.7532125372411607,0.0,0.0,0.0,0.0,4.93731638897211e-05
2023-05-05,0.006886324178704939,2.6957047198212987,0.7548513528051634,0.0,0.0,0.0,0.0,4.935678877031461e-05
2023-05-08,0.0007658042007301358,2.6977691018196657,0.7549899527990921,0.0,0.0,0.0,0.0,4.8990517291298396e-05
2023-05-09,-0.0012846920896191216,2.694303299194939,0.7546257203936456,0.0,0.0,0.0,0.0,4.9141845874581156e-05
2023-05-10,0.0018786321037711495,2.6993649038701033,0.7550368411921021,0.0,0.0,0.0,0.0,4.8937459502773e-05
2023-05-11,-0.0019839658895146606,2.694009455977472,0.7545007864948436,0.0,0.0,0.0,0.0,4.907430264279581e-05
2023-05-12,-0.001459524243867194,2.6900774838632655,0.7540927791014992,0.0,0.0,0.0,0.0,4.9026865783833265e-05
2023-05-15,0.003597011206705858,2.699753722719629,0.754925134694306,0.0,0.0,0.0,0.0,4.909697293836658e-05
2023-05-16,-0.005530955535126947,2.684821504923473,0.7535128100335622,0.0,0.0,0.0,0.0,4.914226661888118e-05
2023-05-17,0.0046304982016056595,2.6972535660736536,0.7545998376062071,0.0,0.0,0.0,0.0,4.923576264634877e-05
2023-05-18,0.0020524144037197267,2.7027894481431476,0.7550534893203881,0.0,0.0,0.0,0.0,4.920775748073897e-05
2023-05-19,0.0024927077789276275,2.7095267124253377,0.7556136836899815,0.0,0.0,0.0,0.0,4.889394569975064e-05
2023-05-22,0.000271643703258162,2.7102627382955777,0.7556311876758601,0.0,0.0,0.0,0.0,4.8915360729741544e-05
2023-05-23,-0.007078840186544255,2.6910772215076375,0.7538397850917744,0.0,0.0,0.0,0.0,4.9063593616267166e-05
2023-05-24,-0.006801415963773483,2.6727740859335283,0.7521045127242884,0.0,0.0,0.0,0.0,4.941193181340756e-05
2023-05-25,0.0034442402460690413,2.681979762008951,0.7529059847786215,0.0,0.0,0.0,0.0,4.9360277466055586e-05
2023-05-26,0.009474165885330788,2.707389283175324,0.7551760685151634,0.0,0.0,0.0,0.0,4.929048790623832e-05
2023-05-30,-0.00012824966693902873,2.7070420614014825,0.755095694833297,0.0,0.0,0.0,0.0,4.880998153699193e-05
2023-05-31,-0.0038487537858797882,2.6966233230191277,0.7541003065963295,0.0,0.0,0.0,0.0,4.9144936137480694e-05
2023-06-01,0.008350549597609724,2.71914160982407,0.7560879265246605,0.0,0.0,0.0,0.0,4.9098753917227546e-05
2023-06-02,0.003974212080789297,2.7299480552592095,0.9235147850530189,0.16632229883059327,8.316114941529664e-05,0.0,0.0,4.8558826001730954e-05
2023-06-05,-0.000409029213827794,2.728831426752376,0.9234681842616052,0.0,0.0,0.0,0.0,1.5306087051089273e-05
2023-06-06,0.00280780824748339,2.7364934621384034,0.9236672057477125,0.0,0.0,0.0,0.0,1.5303528588926646e-05
2023-06-07,-0.009143015856755365,2.7114736590221646,0.922947446470135,0.0,0.0,0.0,0.0,1.5281749034417026e-05
2023-06-08,0.009589844442919881,2.737476269623262,0.9236640855048457,0.0,0.0,0.0,0.0,1.5353737547277236e-05
2023-06-09,0.00022599972563241977,2.738094938509122,0.9236660697692352,0.0,0.0,0.0,0.0,1.5253464974122562e-05
2023-06-12,0.00659725141009071,2.7561588392031635,0.9241511966083186,0.0,0.0,0.0,0.0,1.5234619308338587e-05
2023-06-13,0.003949613741765612,2.767044602028969,0.924434481458077,0.0,0.0,0.0,0.0,1.5094078397723695e-05
2023-06-14,0.0028501302705274956,2.7749310396091116,0.9246341707855761,0.0,0.0,0.0,0.0,1.5065156566007996e-05
2023-06-15,0.00975905418310119,2.802011741979026,0.9253476341034147,0.0,0.0,0.0,0.0,1.5098427711516119e-05
2023-06-16,-0.00302337300228539,2.79354021532624,0.925106271954823,0.0,0.0,0.0,0.0,1.4875341268172883e-05
2023-06-20,-0.00712214727535887,2.7736442104930488,0.9245539553680016,0.0,0.0,0.0,0.0,1.5077564532167915e-05
2023-06-21,-0.0040523848925339,2.7624043365971827,0.9242318243487312,0.0,0.0,0.0,0.0,1.512499026514929e-05
2023-06-22,-0.00034018447639994065,2.7614646095243325,0.9241908816283613,0.0,0.0,0.0,0.0,1.5221020167822279e-05
2023-06-23,-0.007197324443480535,2.7415894527903966,0.9236260315748954,0.0,0.0,0.0,0.0,1.5257833817887335e-05
2023-06-26,-0.003115183442944258,2.7330488987197135,0.9233720466496667,0.0,0.0,0.0,0.0,1.5263987625483846e-05
2023-06-27,0.007463270934764177,2.753446383128818,0.9239244931779095,0.0,0.0,0.0,0.0,1.528184224287706e-05
2023-06-28,0.0002201592207877745,2.7540525797390085,0.923926026463281,0.0,0.0,0.0,0.0,1.5250509057377799e-05
2023-06-29,3.368693373739795e-05,2.7541453553257713,0.9239133747936753,0.0,0.0,0.0,0.0,1.5265174909366193e-05
2023-06-30,0.01067939544015406,2.783557962674959,0.9247022914737236,0.0,0.0,0.0,0.0,1.5109829829356757e-05
2023-07-03,0.0007701791425034354,2.7857018009597603,0.9247451916158089,0.0,0.0,0.0,0.0,1.505231474926269e-05
2023-07-05,-0.0034393121799295434,2.776120902826068,0.8107254559074343,0.4225167285212578,0.0002112583642606289,0.0,0.0,1.5090120173408413e-05
2023-07-06,-0.009774682096091336,2.748985203540629,0.8088188661928808,0.0,0.0,0.0,0.0,3.820253137271509e-05
2023-07-07,0.002192201865050869,2.755011534030828,0.8091989044835641,0.0,0.0,0.0,0.0,3.824594680939099e-05
2023-07-10,0.004008783001626659,2.766055777437736,0.8099227228222067,0.0,0.0,0.0,0.0,3.819107837190816e-05
2023-07-11,0.006171113063466516,2.783125420380159,0.8110507346465264,0.0,0.0,0.0,0.0,3.793162016137734e-05
2023-07-12,0.01039874912804839,2.812066443418587,0.8129579481668638,0.0,0.0,0.0,0.0,3.742540340009728e-05
2023-07-13,0.009994632199074927,2.840172013239916,0.8147718272163762,0.0,0.0,0.0,0.0,3.717752617815105e-05
2023-07-14,-0.003023072309906172,2.83158596787132,0.8141730131634808,0.0,0.0,0.0,0.0,3.702645144318125e-05
2023-07-17,0.0039032977181778783,2.8426384909185365,0.8148585101210978,0.0,0.0,0.0,0.0,3.719963772601036e-05
2023-07-18,0.006773477886504953,2.861893039876101,0.8160673455903719,0.0,0.0,0.0,0.0,3.702592539849827e-05
2023-07-19,0.0010800023943859927,2.8649838912116437,0.816229032144792,0.0,0.0,0.0,0.0,3.6723360022557245e-05
2023-07-20,-0.008256078876633488,2.841330358225516,0.8146621137434585,0.0,0.0,0.0,0.0,3.6839314815533855e-05
2023-07-21,-0.0005050171082436883,2.83989543778444,0.814531381340742,0.0,0.0,0.0,0.0,3.6929902709992096e-05
2023-07-24,0.001227994853176817,2.8433828147656,0.8147218082828447,0.0,0.0,0.0,0.0,3.7086302455601e-05
2023-07-25,0.002131054400287047,2.849442218224707,0.8150788297181367,0.0,0.0,0.0,0.0,3.707258546877742e-05
2023-07-26,0.001371329357167328,2.8533497419901104,0.815295136685555,0.0,0.0,0.0,0.0,3.706524586057659e-05
2023-07-27,-0.004600239092560354,2.8402236509622605,0.8144044116318744,0.0,0.0,0.0,0.0,3.667020440614268e-05
2023-07-28,0.009350920449663125,2.8667823563816603,0.8160870478989602,0.0,0.0,0.0,0.0,3.685196917361637e-05
2023-07-31,0.002484784049635813,2.873905691454575,0.8165062077567133,0.0,0.0,0.0,0.0,3.674343633671236e-05
2023-08-01,-0.004746663622736569,2.860264227853772,0.8155941966798232,0.0,0.0,0.0,0.0,3.687358311259367e-05
2023-08-02,-0.014082873486337744,2.81998348859541,0.846386903835518,0.055208005459446895,2.760400272972345e-05,0.0,0.0,3.717859952382976e-05
2023-08-03,-0.002133182602299777,2.8139679488787657,0.846027730249216,0.0,0.0,0.0,0.0,3.087368159228499e-05
2023-08-04,-0.0017989449388569057,2.8089057754790248,0.8457193934790012,0.0,0.0,0.0,0.0,3.0686449793426155e-05
2023-08-07,0.006000539936151128,2.8257607267616724,0.8466089663807767,0.0,0.0,0.0,0.0,3.0733834623306325e-05
2023-08-08,-0.0051073132187158254,2.8113286816489547,0.8457906929416648,0.0,0.0,0.0,0.0,3.089719865486777e-05
2023-08-09,-0.005169459293487,2.796795632468558,0.8449583696835362,0.0,0.0,0.0,0.0,3.082701763960753e-05
2023-08-10,0.0007190922885069728,2.7988067866403963,0.8450387927666123,0.0,0.0,0.0,0.0,3.082183226602439e-05
2023-08-11,-0.0025908262886784605,2.7915555644406367,0.8446051995911423,0.0,0.0,0.0,0.0,3.1139119593042664e-05
2023-08-14,0.002343988470254299,2.7980989384977595,0.8449375851436536,0.0,0.0,0.0,0.0,3.1207282439873045e-05
2023-08-15,-0.010036218482896486,2.7700166062142353,0.8433342408732979,0.0,0.0,0.0,0.0,3.113267895821586e-05
2023-08-16,-0.0077178728141446,2.7486379703544053,0.8420841331457563,0.0,0.0,0.0,0.0,3.137587935239218e-05
2023-08-17,-0.007535759643340301,2.7279248952632558,0.8408532583795125,0.0,0.0,0.0,0.0,3.149395356131907e-05
2023-08-18,0.0007936438502607057,2.730089896080355,0.8409476599427445,0.0,0.0,0.0,0.0,3.203478099278635e-05
2023-08-21,0.005378214209801113,2.7447729043534883,0.8417668611903405,0.0,0.0,0.0,0.0,3.174458210830112e-05
2023-08-22,-0.0018664362903670906,2.7396499605959868,0.8414392710638652,0.0,0.0,0.0,0.0,3.1515932974716735e-05
2023-08-23,0.010121915567018247,2.7673804661803243,0.8429967327330995,0.0,0.0,0.0,0.0,3.1637116588609605e-05
2023-08-24,-0.013009851077712131,2.7313772584399487,0.8408954049928231,0.0,0.0,0.0,0.0,3.135995189672195e-05
2023-08-25,0.005581848972055825,2.7466233937822686,0.8417469288165318,0.0,0.0,0.0,0.0,3.170291583444576e-05
2023-08-28,0.006920900467817015,2.765632500913213,0.842803221460429,0.0,0.0,0.0,0.0,3.1486702744110445e-05
2023-08-29,0.013039834617978752,2.8016958913392283,0.8447956215319308,0.0,0.0,0.0,0.0,3.146017832167393e-05
2023-08-30,0.002687790472925,2.809226262864003,0.8451807024891118,0.0,0.0,0.0,0.0,3.103865248070145e-05
2023-08-31,-0.0009576973965261804,2.806535874185805,0.8450012967750663,0.0,0.0,0.0,0.0,3.093983353985396e-05
2023-09-01,0.002097066673794945,2.81242136703637,0.8452947243123261,0.0,0.0,0.0,0.0,3.081155421574635e-05
2023-09-05,-0.006164421065328329,2.7950844175168315,1.2383963295397211,0.7082344706686796,0.0003541172353343398,0.0,0.0,3.100965307744354e-05
2023-09-06,-0.006723652281638182,2.776291241795623,1.240067600044221,0.0,0.0,0.0,5.725008579010413e-05,0.0
2023-09-07,-0.0031957896776564354,2.767418798902925,1.2408949897780268,0.0,0.0,0.0,5.78280427460151e-05,0.0
2023-09-08,0.0005207708111847342,2.7688599898357174,1.2408273122662092,0.0,0.0,0.0,5.772034264388378e-05,0.0
2023-09-11,0.008436546336449968,2.792219605439109,1.2388697982467511,0.0,0.0,0.0,5.725348059148591e-05,0.0
2023-09-12,-0.007572757094618132,2.771074804612288,1.2407501939055774,0.0,0.0,0.0,5.7625807410934035e-05,0.0
2023-09-13,-0.0005730678536172151,2.769486790721796,1.240945975916738,0.0,0.0,0.0,5.7717038363690523e-05,0.0
2023-09-14,0.008630032446067304,2.79338755158468,1.2389416522485501,0.0,0.0,0.0,5.752903069322914e-05,0.0
2023-09-15,-0.006154153815035257,2.7761966149272235,1.2404788663232154,0.0,0.0,0.0,5.718671022115771e-05,0.0
2023-09-18,0.0017112805417227595,2.7809474661743447,1.2401255826714404,0.0,0.0,0.0,5.769557385002647e-05,0.0
2023-09-19,-0.0013897505103162011,2.7770826430140665,1.2405173957544273,0.0,0.0,0.0,5.760001411584729e-05,0.0
2023-09-20,-0.006798472215004181,2.758202723826765,1.2422217816269392,0.0,0.0,0.0,5.746401803717982e-05,0.0
2023-09-21,-0.01731582178521196,2.7104421770134945,1.2465490371472838,0.0,0.0,0.0,5.867555878005187e-05,0.0
2023-09-22,0.0007090740421837882,2.712364081204055,1.246433391125889,0.0,0.0,0.0,5.88146571142535e-05,0.0
2023-09-25,-0.0008766129897345154,2.7099863876175823,1.246708724979935,0.0,0.0,0.0,5.9329991431896995e-05,0.0
2023-09-26,-0.015271793023094005,2.6686000364104845,1.2505948900471449,0.0,0.0,0.0,5.9629635640862056e-05,0.0
2023-09-27,-0.004930000772894627,2.655443836168434,1.2518968047087264,0.0,0.0,0.0,6.0039359529614975e-05,0.0
2023-09-28,0.004098145916640927,2.666326232482497,1.2509288369859557,0.0,0.0,0.0,6.045373571136151e-05,0.0
2023-09-29,-0.005649701557161491,2.65126228501494,1.252415049947624,0.0,0.0,0.0,5.961594786765681e-05,0.0
2023-10-02,-0.006630378302332152,2.6336834130865854,1.254160731225472,0.0,0.0,0.0,6.081921454315653e-05,0.0
2023-10-03,-0.013950228233327588,2.5969429283796983,1.1153994984171522,0.8003386325527584,0.0004001693162763792,0.0,6.135800417702902e-05,0.0
2023-10-04,-0.003672512915265047,2.5874056219350177,1.1158526279343672,0.0,0.0,0.0,2.7721915692691178e-05,0.0
2023-10-05,-0.00035590397984675004,2.586484753976693,1.1159216527640285,0.0,0.0,0.0,2.7807447910966916e-05,0.0
2023-10-06,0.01145404429056418,2.6161104649056113,1.1146363869072216,0.0,0.0,0.0,2.784597463305307e-05,0.0
2023-10-09,0.00936340923393475,2.6406061777897016,1.1136001782892058,0.0,0.0,0.0,2.7499242077818148e-05,0.0
2023-10-10,0.005610075305400475,2.655420177299008,1.1129935042008585,0.0,0.0,0.0,2.71446703379739e-05,0.0
2023-10-11,0.002059517816002776,2.6608890624631285,1.1127882972632628,0.0,0.0,0.0,2.7031254506549362e-05,0.0
2023-10-12,-0.005035334095495947,2.6474905970425757,1.1133862683919926,0.0,0.0,0.0,2.6969310631644622e-05,0.0
2023-10-13,0.0016677314210802319,2.651905900298278,1.113224616849606,0.0,0.0,0.0,2.700833310501339e-05,0.0
2023-10-16,0.006526693645061421,2.6692140776850555,1.1125173882902144,0.0,0.0,0.0,2.707740922893306e-05,0.0
2023-10-17,0.00032424972541655883,2.670079569616823,1.112507876095667,0.0,0.0,0.0,2.7165412691592517e-05,0.0
2023-10-18,-0.008682834101997883,2.646895711674706,1.1135205221299707,0.0,0.0,0.0,2.704112403732444e-05,0.0
2023-10-19,-0.0036286741785569454,2.637290989552419,1.1139612592959842,0.0,0.0,0.0,2.723087328472469e-05,0.0
2023-10-20,-0.011804413210677933,2.6061593169549444,1.115350215426877,0.0,0.0,0.0,2.7375728079258363e-05,0.0
2023-10-23,-0.0018772679400694825,2.6012668576225115,1.115594865394305,0.0,0.0,0.0,2.7744345472723224e-05,0.0
2023-10-24,0.0022316343774828606,2.607071934166989,1.1153651187003628,0.0,0.0,0.0,2.76670866341528e-05,0.0
2023-10-25,-0.009175368474893975,2.5831510885304523,1.116461345462706,0.0,0.0,0.0,2.771696357105427e-05,0.0
2023-10-26,-0.012455553568316735,2.5509765117722054,1.1179584975994494,0.0,0.0,0.0,2.8059925466492673e-05,0.0
2023-10-27,0.003273919069764597,2.559328202420618,1.1176017515746135,0.0,0.0,0.0,2.8082799588004687e-05,0.0
2023-10-30,0.0038846848309084248,2.5692703858658774,1.1171747516806825,0.0,0.0,0.0,2.8073296631278385e-05,0.0
2023-10-31,0.002653932046320806,2.5760890548785897,1.1168926113754445,0.0,0.0,0.0,2.8059983339648153e-05,0.0
2023-11-01,0.009967286136580267,2.601765671601877,1.115766748189107,0.0,0.0,0.0,2.7874888081598807e-05,0.0
2023-11-02,0.018197603546783903,2.64911157181532,1.3529424535850858,0.7699587106735064,0.00038497935533675327,0.0,2.747298640667979e-05,0.0
2023-11-03,0.005818687055591409,2.664525923027059,1.350984777149215,0.0,0.0,0.0,8.443310610733811e-05,0.0
2023-11-06,0.00017650484420750345,2.6649962247599897,1.351006947645382,0.0,0.0,0.0,8.391230638518494e-05,0.0
2023-11-07,-0.005558262561088156,2.650183476018465,1.3530534416085964,0.0,0.0,0.0,8.47053909723436e-05,0.0
2023-11-08,-0.007264850314190663,2.630930289760049,1.3557223318484186,0.0,0.0,0.0,8.478365697036884e-05,0.0
2023-11-09,-0.00431562921786699,2.6195761701313893,1.3573497814381104,0.0,0.0,0.0,8.509093459666308e-05,0.0
2023-11-10,0.009075948261993094,2.643351307919852,1.3542205446051094,0.0,0.0,0.0,8.546604644899718e-05,0.0
2023-11-13,0.0057482438728237994,2.658545935879323,1.3522804511400668,0.0,0.0,0.0,8.51465904006704e-05,0.0
2023-11-14,0.015582471831885991,2.6999726530389374,1.3469584168557853,0.0,0.0,0.0,8.33676838676301e-05,0.0
2023-11-15,-0.0022968848798154973,2.693771126676257,1.3478405263759217,0.0,0.0,0.0,8.314841542679894e-05,0.0
2023-11-16,-0.003135261451587046,2.6853254499033907,1.3490181608623435,0.0,0.0,0.0,8.359083125610759e-05,0.0
2023-11-17,0.005093713793163923,2.699003729186698,1.347332601558162,0.0,0.0,0.0,8.352944456054553e-05,0.0
2023-11-20,0.009536647247888608,2.724743175672687,1.3441339668701606,0.0,0.0,0.0,8.326605242451651e-05,0.0
2023-11-21,0.003512160917402918,2.734312912164245,1.3430117373551818,0.0,0.0,0.0,8.226645300869639e-05,0.0
2023-11-22,-0.0020384001746471814,2.7287392882465493,1.3437947425427739,0.0,0.0,0.0,8.258313561454618e-05,0.0
2023-11-24,-0.000445205110128688,2.727524439571213,1.344030308191042,0.0,0.0,0.0,8.235326749500885e-05,0.0
2023-11-27,-0.0005945651151656461,2.725902748688682,1.3443174854144058,0.0,0.0,0.0,8.245066692063562e-05,0.0
2023-11-28,0.010038612692317317,2.753267030619691,1.3409770755058052,0.0,0.0,0.0,8.227858562173944e-05,0.0
2023-11-29,0.0022603393876516886,2.759490348533723,1.3402896316994963,0.0,0.0,0.0,8.136681113056635e-05,0.0
2023-11-30,-0.006433477156248313,2.741737230413544,1.3425751425364565,0.0,0.0,0.0,8.151611189595052e-05,0.0
2023-12-01,0.008008656361761401,2.7636948617261736,1.3399348305731973,0.0,0.0,0.0,8.216418610128428e-05,0.0
2023-12-04,-0.014522236289187918,2.7235598319129717,1.1790698501977621,0.7672443523520297,0.0003836221761760148,0.0,8.253199413980996e-05,0.0
2023-12-05,-0.0017528878885116894,2.7187857368699744,1.17942728603079,0.0,0.0,0.0,4.308105514627838e-05,0.0
2023-12-06,-0.0006861569557570224,2.716920223125408,1.1795935209620112,0.0,0.0,0.0,4.264939282973269e-05,0.0
2023-12-07,0.007789088559885249,2.738082555353475,1.178248175568088,0.0,0.0,0.0,4.2829996134248024e-05,0.0
2023-12-08,-0.0008317801972845817,2.7358050725054017,1.178439320836991,0.0,0.0,0.0,4.2985978617916496e-05,0.0
2023-12-11,0.0006615848831228455,2.7376150397845422,1.1783640866431733,0.0,0.0,0.0,4.289821919931929e-05,0.0
2023-12-12,0.0037856826322026915,2.7479787814943113,1.1777339929103354,0.0,0.0,0.0,4.2765638959595596e-05,0.0
2023-12-13,0.01882511338892101,2.799709793646291,1.1744917653764986,0.0,0.0,0.0,4.253088758644405e-05,0.0
2023-12-14,0.004772704564992125,2.8130719813590797,1.1737045475190735,0.0,0.0,0.0,4.159085663784637e-05,0.0
2023-12-15,-0.005094729189729197,2.79874014142284,1.1746359041043926,0.0,0.0,0.0,4.170726371281698e-05,0.0
2023-12-18,0.005443819076815126,2.813975976395766,1.1737319957288064,0.0,0.0,0.0,4.171563148634448e-05,0.0
2023-12-19,0.007785229003468563,2.835883423782266,1.1724312197218847,0.0,0.0,0.0,4.15207821849081e-05,0.0
2023-12-20,-0.012861322399809638,2.7994102127807263,1.174719674538376,0.0,0.0,0.0,4.1401143929349706e-05,0.0
2023-12-21,0.012919202304449984,2.835576359652784,1.1725325686353947,0.0,0.0,0.0,4.148102261123227e-05,0.0
2023-12-22,0.002599106077981972,2.8429463234037398,1.1721265465263644,0.0,0.0,0.0,4.11221530480824e-05,0.0
2023-12-26,0.006513997896770984,2.8614652697750245,1.171053559725893,0.0,0.0,0.0,4.116463331744988e-05,0.0
2023-12-27,0.004022536160116497,2.872975617293612,1.1704090815848227,0.0,0.0,0.0,4.098737408036659e-05,0.0
2023-12-28,-0.002611622248293921,2.865472490252682,1.1708962420942852,0.0,0.0,0.0,4.082623372894044e-05,0.0
2023-12-29,-0.0021934718714431423,2.8591871569469185,1.1713129731273808,0.0,0.0,0.0,4.0981624344158614e-05,0.0
2024-01-02,-0.010108090745422738,2.8302862337063517,1.1731037825987445,0.0,0.0,0.0,4.135825595657293e-05,0.0
2024-01-03,-0.016826847908995468,2.7826614377128513,0.8562499924648447,0.9566139708823218,0.00047830698544116087,0.0,4.187752676234177e-05,0.0
2024-01-04,-0.0027593467734979837,2.774983109852961,0.8558234092528456,0.0,0.0,0.0,0.0,2.8802513496686676e-05
2024-01-05,-0.00014259464894850193,2.7745874121105736,0.855774008080009,0.0,0.0,0.0,0.0,2.8887569456318475e-05
2024-01-08,0.01432644587960974,2.8143373885084224,0.8577826323030757,0.0,0.0,0.0,0.0,2.881546901740415e-05
2024-01-09,-0.002451120958441355,2.8074391071513243,0.857404670428648,0.0,0.0,0.0,0.0,2.864226199218012e-05
2024-01-10,0.0036306463551314394,2.817631925712957,0.8578920949103829,0.0,0.0,0.0,0.0,2.8503718753978516e-05
2024-01-11,-0.0023048754356658208,2.8111376351006334,0.8575353099648532,0.0,0.0,0.0,0.0,2.840312189149171e-05
2024-01-12,0.001051443601595814,2.8140933877802654,0.8576564832068071,0.0,0.0,0.0,0.0,2.8349661672938766e-05
2024-01-16,-0.004197922614770255,2.802280041507627,0.8570278283909679,0.0,0.0,0.0,0.0,2.8574694559533248e-05
2024-01-17,-0.006997571395518487,2.782670886846941,0.8559915243668433,0.0,0.0,0.0,0.0,2.8832681202058104e-05
2024-01-18,0.006220421566977219,2.799980272845284,0.8568531563849844,0.0,0.0,0.0,0.0,2.8677685610265213e-05
2024-01-19,0.011964567839671592,2.8334808267694833,0.8585173063031368,0.0,0.0,0.0,0.0,2.85437688322886e-05
2024-01-22,0.005182538143066129,2.8481654492318627,0.8592186146637364,0.0,0.0,0.0,0.0,2.817731212109614e-05
2024-01-23,0.00042201951115306,2.8493674306224306,0.8592498576929203,0.0,0.0,0.0,0.0,2.8080319248463456e-05
2024-01-24,-0.001746627147826918,2.8443906481139716,0.8589753902525623,0.0,0.0,0.0,0.0,2.79366667600133e-05
2024-01-25,0.005225876686942632,2.859255082890508,0.8596804778501388,0.0,0.0,0.0,0.0,2.801281259606296e-05
2024-01-26,-0.002234094744785309,2.8528672361358214,0.8593381620728038,0.0,0.0,0.0,0.0,2.8072678115695332e-05
2024-01-29,0.008675356513863086,2.8776168764960186,0.8605200678432079,0.0,0.0,0.0,0.0,2.8115467378142537e-05
2024-01-30,-0.004574201411033152,2.8644540773191376,0.8598511025724085,0.0,0.0,0.0,0.0,2.7965040381533794e-05
2024-01-31,-0.015034175511557946,2.8213893719759238,0.8576834609669018,0.0,0.0,0.0,0.0,2.8137782927921776e-05
2024-02-01,0.011729595751861055,2.8544831287677983,0.8593052897349297,0.0,0.0,0.0,0.0,2.837292465634357e-05
2024-02-02,0.003345301505975673,2.8640322354772474,1.1597748463461617,0.9403414960350116,0.0004701707480175058,0.0,0.0,2.8210114705391713e-05
2024-02-05,-0.006218396748824739,2.8462225467356266,1.1608131415034042,0.0,0.0,0.0,3.84670300494111e-05,0.0
2024-02-06,0.0039952411144910105,2.857593892075336,1.1602116016277326,0.0,0.0,0.0,3.8479978888976166e-05,0.0
2024-02-07,0.0037872356140933316,2.8684162734340193,1.1596453868565686,0.0,0.0,0.0,3.832395990904972e-05,0.0
2024-02-08,-0.0016942512893550754,2.8635564554643467,1.1599546544478756,0.0,0.0,0.0,3.831834229589908e-05,0.0
2024-02-09,0.004588180893925431,2.876694970481985,1.159262268687373,0.0,0.0,0.0,3.8335645918291656e-05,0.0
2024-02-12,-0.0006035746808848996,2.8749586702331733,1.1593966488538736,0.0,0.0,0.0,3.8173816127323676e-05,0.0
2024-02-13,-0.01593878356172973,2.8291353262394083,1.1620172107021445,0.0,0.0,0.0,3.87625973701775e-05,0.0
2024-02-14,0.010018533123803186,2.8574791122170597,1.1604485839457501,0.0,0.0,0.0,3.8625950430340675e-05,0.0
2024-02-15,0.007138549501332525,2.877877368308645,1.1593495162600032,0.0,0.0,0.0,3.830366589861527e-05,0.0
2024-02-16,-0.004515437361046204,2.864882493319275,1.1601106792999711,0.0,0.0,0.0,3.825105804868031e-05,0.0
2024-02-20,-0.0012669114571415285,2.8612529408651244,1.160352207082547,0.0,0.0,0.0,3.835194979070574e-05,0.0
2024-02-21,-0.0013253075396120195,2.857460900769859,1.1606034897226014,0.0,0.0,0.0,3.853841676427055e-05,0.0
2024-02-22,0.01687368302655945,2.9056767902702365,1.1579763408733081,0.0,0.0,0.0,3.804241925139556e-05,0.0
2024-02-23,0.0008311120372235248,2.9080917332269114,1.157882986593268,0.0,0.0,0.0,3.777576427718172e-05,0.0
2024-02-26,-0.002747166108535315,2.9001027221768787,1.1583558582352993,0.0,0.0,0.0,3.7804478885530554e-05,0.0
2024-02-27,0.0013947595985706052,2.904147668285476,1.1581731997809437,0.0,0.0,0.0,3.7918534778797565e-05,0.0
2024-02-28,-0.003349789431269956,2.8944193851194058,1.158742866311035,0.0,0.0,0.0,3.808107391277079e-05,0.0
2024-02-29,0.004130772807292793,2.9063755740083583,1.1581277244999455,0.0,0.0,0.0,3.7877214305976675e-05,0.0
2024-03-01,0.011163822586208294,2.938821835285477,1.1564193866726904,0.0,0.0,0.0,3.78459859989118e-05,0.0
2024-03-04,-0.003883544666476113,2.9274087894213308,0.9266852274691735,0.5208097545071523,0.00026040487725357615,0.0,3.757652845897776e-05,0.0
2024-03-05,-0.00855870167578121,2.902353970909614,0.9260375419005868,0.0,0.0,0.0,0.0,1.4712877520427644e-05
2024-03-06,0.007228727308911553,2.923334296319256,0.9265536728795618,0.0,0.0,0.0,0.0,1.4664927162322441e-05
2024-03-07,0.01064628149278346,2.954456936135379,0.9273128316691018,0.0,0.0,0.0,0.0,1.4589742122656573e-05
2024-03-08,-0.005813110201791205,2.9372823523791776,0.9268732000888477,0.0,0.0,0.0,0.0,1.4498152864833114e-05
2024-03-11,-0.0037436577646953184,2.9262861724935907,0.9265837293371435,0.0,0.0,0.0,0.0,1.4682893161713073e-05
2024-03-12,0.008272811267004965,2.9504947857118764,0.9271715421695096,0.0,0.0,0.0,0.0,1.4642977306220995e-05
2024-03-13,-0.0014986136341040845,2.9460731339986554,0.9270476490902302,0.0,0.0,0.0,0.0,1.4574360930602161e-05
2024-03-14,-0.005641981544368901,2.929451443748274,0.9266190446241094,0.0,0.0,0.0,0.0,1.4580762072116306e-05
2024-03-15,-0.004139907894280648,2.9173237845903888,0.9262992541334066,0.0,0.0,0.0,0.0,1.4722156682126086e-05
2024-03-18,0.0028944036798683737,2.925767697287875,0.9264972605836804,0.0,0.0,0.0,0.0,1.4651191830472127e-05
2024-03-19,0.0032515009433986553,2.935280833715772,0.9267208273348494,0.0,0.0,0.0,0.0,1.4737898194917798e-05
2024-03-20,0.01095338957039238,2.967432108185967,0.9275002890777881,0.0,0.0,0.0,0.0,1.4654968949126554e-05
2024-03-21,0.003401143398398032,2.977524770310918,0.9277315843803012,0.0,0.0,0.0,0.0,1.4424931643461983e-05
2024-03-22,-0.0028056879549879232,2.9691707649271786,0.92751375691806,0.0,0.0,0.0,0.0,1.4460169967957374e-05
2024-03-25,-0.0018652762336589523,2.963632441265685,0.9273637730415953,0.0,0.0,0.0,0.0,1.4534885247219597e-05
2024-03-26,-0.0011326468859931271,2.960275692209857,0.927266864837153,0.0,0.0,0.0,0.0,1.447023112466616e-05
2024-03-27,0.007898219913695215,2.983656600632097,0.9278223928244373,0.0,0.0,0.0,0.0,1.4476143415065561e-05
2024-03-28,-0.0006370140239129185,2.981755969534954,0.9277619406461336,0.0,0.0,0.0,0.0,1.4447158962283656e-05
2024-04-01,-0.002575886529566418,2.9740753044985744,0.9275608981275356,0.0,0.0,0.0,0.0,1.4437462845684545e-05
2024-04-02,-0.005934265102242264,2.956426353207648,1.1259201413160709,0.7698712668269304,0.0003849356334134652,0.0,0.0,1.4611358371693675e-05
2024-04-03,0.005197510825944551,2.9717924111845524,1.1252990788565012,0.0,0.0,0.0,3.0286263974040442e-05,0.0
2024-04-04,-0.011802392786040228,2.936718149869179,1.1268259606611308,0.0,0.0,0.0,2.9860892950663253e-05,0.0
2024-04-05,0.013165303618219104,2.975380935953341,1.1252079578489809,0.0,0.0,0.0,3.0313479331961136e-05,0.0
2024-04-08,0.003462300662468998,2.98568259933899,1.124805852624086,0.0,0.0,0.0,2.989915203560865e-05,0.0
2024-04-09,0.003948072379916345,2.997470290344637,1.124344843963772,0.0,0.0,0.0,2.9758408507506002e-05,0.0
2024-04-10,-0.01373385495325663,2.956303468150348,1.1261065766846077,0.0,0.0,0.0,3.0259552073710968e-05,0.0
2024-04-11,0.014672070496043244,2.9996785610427468,1.1243128749641385,0.0,0.0,0.0,3.0073330881076588e-05,0.0
2024-04-12,-0.01656142544464556,2.9499996081961357,1.1264366416031062,0.0,0.0,0.0,2.9861931770828626e-05,0.0
2024-04-15,-0.004012294887526302,2.938163339849966,1.126976413071478,0.0,0.0,0.0,3.0084929073580736e-05,0.0
2024-04-16,-0.0008121560434662944,2.9357770927368154,1.1271100803205605,0.0,0.0,0.0,3.0504586671468636e-05,0.0
2024-04-17,-0.009546245061393455,2.9077514451639246,1.1283659592923767,0.0,0.0,0.0,3.035247990590657e-05,0.0
2024-04-18,-0.0009453654078944718,2.9050025575329115,1.128518223053868,0.0,0.0,0.0,3.0617566144303396e-05,0.0
2024-04-19,-0.006437107762075844,2.8863027430209662,1.129381871678418,0.0,0.0,0.0,3.084372023027868e-05,0.0
2024-04-22,-0.0020272874870634894,2.8804513775861627,1.1296757723246198,0.0,0.0,0.0,3.112930124189033e-05,0.0
2024-04-23,0.009616713461590765,2.908151853124453,1.1284713808850793,0.0,0.0,0.0,3.1091528411798236e-05,0.0
2024-04-24,-0.0008779509763585658,2.9055986383656034,1.1286150909766237,0.0,0.0,0.0,3.074642682454176e-05,0.0
2024-04-25,-0.0013742362540166697,2.90160565937714,1.1288229509377985,0.0,0.0,0.0,3.1158380039154906e-05,0.0
2024-04-26,0.009781012741238992,2.9299863013015592,1.1276057144311427,0.0,0.0,0.0,3.070401927284778e-05,0.0
2024-04-29,0.002834569599668102,2.938291551398673,1.1272755279505453,0.0,0.0,0.0,3.051896437745637e-05,0.0
2024-04-30,-0.02090278691429681,2.876873069207708,1.1300238954527395,0.0,0.0,0.0,3.076163326199293e-05,0.0
2024-05-01,0.0008150365357360023,2.879217825867787,1.1299491466079477,0.0,0.0,0.0,3.114532609436606e-05,0.0
2024-05-02,0.0078267619283523,2.9017527783307226,1.0357777153736418,0.12151677938920946,6.0758389694604734e-05,0.0,3.103220260332777e-05,0.0
2024-05-03,0.010465664729220503,2.932121550035816,1.0354156424275105,0.0,0.0,0.0,8.480448888015143e-06,0.0
2024-05-06,0.011389934113561928,2.965518221303679,1.0350251962609056,0.0,0.0,0.0,8.43035274207774e-06,0.0
2024-05-07,-0.0004430321956532257,2.964204401254845,1.0350491190770787,0.0,0.0,0.0,8.392949732518128e-06,0.0
2024-05-08,-0.002056731183820326,2.9581078296275667,1.0351297722369932,0.0,0.0,0.0,8.447323229869893e-06,0.0
2024-05-09,0.008722156666685299,2.983908909554527,1.0348343614718796,0.0,0.0,0.0,8.406566166539004e-06,0.0
2024-05-10,0.0017518795692050837,2.9891363586095445,1.0347817771752914,0.0,0.0,0.0,8.306023608269333e-06,0.0
2024-05-13,-0.0021349226647310315,2.9827547836495776,1.0348645468712905,0.0,0.0,0.0,8.322678210742306e-06,0.0
2024-05-14,0.007361239792399443,3.0047115568539486,1.0346180713699251,0.0,0.0,0.0,8.327397903715777e-06,0.0
2024-05-15,0.013715407316062578,3.045922399723481,1.0341578794869732,0.0,0.0,0.0,8.245112109464917e-06,0.0
2024-05-16,-0.0036348259073607503,3.0348510020731556,1.0342907072855019,0.0,0.0,0.0,8.199206082947074e-06,0.0
2024-05-17,0.005039856448717739,3.0501462154668517,1.034126931334351,0.0,0.0,0.0,8.195071647620507e-06,0.0
2024-05-20,0.0035636309837074887,3.0610158110251278,1.0340138979831954,0.0,0.0,0.0,8.177276866626347e-06,0.0
2024-05-21,0.0006600173680191279,3.0630361346241854,1.033999610187419,0.0,0.0,0.0,8.167682751468509e-06,0.0
2024-05-22,-0.007733883261474062,3.0393469707333254,1.0342728212993069,0.0,0.0,0.0,8.169295930877343e-06,0.0
2024-05-23,-0.01212028792004849,3.0025092103591104,1.0347016296386737,0.0,0.0,0.0,8.18459688197715e-06,0.0
2024-05-24,0.0068160354788464605,3.0229744196624813,1.0344749644326916,0.0,0.0,0.0,8.275045153702317e-06,0.0
2024-05-28,0.0037325145677686855,3.0342577157218638,1.0343549969531192,0.0,0.0,0.0,8.21585474436213e-06,0.0
2024-05-29,-0.009371928977116473,3.0058208679118508,1.0346883277904264,0.0,0.0,0.0,8.307499271805932e-06,0.0
2024-05-30,-0.0024685864636212473,2.998400739205253,1.034782505599422,0.0,0.0,0.0,8.310212501443976e-06,0.0
2024-05-31,0.0025346515072208753,3.006000640158132,1.0347028826448998,0.0,0.0,0.0,8.311010928678991e-06,0.0
2024-06-03,0.002889320254940042,3.0146859386941034,1.0346111974860024,0.0,0.0,0.0,8.27211696202348e-06,0.0
2024-06-04,-0.0025726014681334286,3.0069303532222578,1.1768552611359144,0.5781607222031242,0.0002890803611015621,0.0,8.32553829950325e-06,0.0
2024-06-05,0.014326221182683785,3.050008302543445,1.1743991691822782,0.0,0.0,0.0,4.21042591435799e-05,0.0
2024-06-06,0.0028292422865061617,3.0586375150071956,1.173948826243171,0.0,0.0,0.0,4.174791447931185e-05,0.0
2024-06-07,-0.013106604272021372,3.0185491634864374,1.176301229183195,0.0,0.0,0.0,4.205942717183478e-05,0.0
2024-06-10,0.003992459951189353,3.0306006001323533,1.175642240897036,0.0,0.0,0.0,4.233072685557281e-05,0.0
2024-06-11,-0.0006284251729110624,3.028696094426191,1.1757948131612674,0.0,0.0,0.0,4.23193154568804e-05,0.0
2024-06-12,0.010701177965325659,3.0611067103355323,1.1739752084414623,0.0,0.0,0.0,4.158920434551206e-05,0.0
2024-06-13,-0.0046972285042956585,3.0467279926410535,1.174838162059729,0.0,0.0,0.0,4.170137513531019e-05,0.0
2024-06-14,0.0009434055291874799,3.049602292675241,1.174715240390627,0.0,0.0,0.0,4.20260942885282e-05,0.0
2024-06-17,0.005928137163405456,3.067680753360056,1.1737272376891243,0.0,0.0,0.0,4.196504663753875e-05,0.0
2024-06-18,0.0031785187524471237,3.0774314341611317,1.1732182994615603,0.0,0.0,0.0,4.16513331401691e-05,0.0
2024-06-20,0.00022017617549052737,3.07810901124464,1.1732216775770137,0.0,0.0,0.0,4.145578322817561e-05,0.0
2024-06-21,-0.007243660525555584,3.05581223450653,1.17452741312168,0.0,0.0,0.0,4.166956159309418e-05,0.0
2024-06-24,-0.0005601100870810116,3.0541006432497575,1.1746670770870589,0.0,0.0,0.0,4.171757750684422e-05,0.0
2024-06-25,0.0038126607701334247,3.065744892960315,1.1740453657972951,0.0,0.0,0.0,4.181854851274322e-05,0.0
2024-06-26,-0.0037116032202092475,3.0543660643432635,1.1747356307624126,0.0,0.0,0.0,4.19912822484214e-05,0.0
2024-06-27,0.004130593010276851,3.0669824074594665,1.174058546825271,0.0,0.0,0.0,4.1767932176935484e-05,0.0
2024-06-28,-0.0023569027608060233,3.0597538281559817,1.1745115724266728,0.0,0.0,0.0,4.165316064022527e-05,0.0
2024-07-01,0.003397499273465776,3.070149339564126,1.1739623628023248,0.0,0.0,0.0,4.1684405614272566e-05,0.0
2024-07-02,0.005878238348912657,3.088196409148841,1.157168430255951,0.6761544759139879,0.000338077237956994,0.0,4.182991913878873e-05,0.0
2024-07-03,0.010714573174303021,3.121285115551286,1.155539560779007,0.0,0.0,0.0,3.755385579195084e-05,0.0
2024-07-05,0.009069126079796819,3.1495924437952136,1.1541785759518448,0.0,0.0,0.0,3.715341747668123e-05,0.0
2024-07-08,-0.0016605985808813006,3.144362235052693,1.1544720459247422,0.0,0.0,0.0,3.694824079446701e-05,0.0
2024-07-09,0.002158751506499801,3.151150131764594,1.1541762419823733,0.0,0.0,0.0,3.693443395688804e-05,0.0
2024-07-10,0.008902925967278374,3.1792045880994735,1.1528523620721585,0.0,0.0,0.0,3.6787593725971896e-05,0.0
2024-07-11,-0.003421596088625911,3.168326634115891,1.1534139185782444,0.0,0.0,0.0,3.6397447804566585e-05,0.0
2024-07-12,0.004905232847250751,3.1838680139923756,1.1527016520563753,0.0,0.0,0.0,3.674235506073033e-05,0.0
2024-07-15,-0.0007886251445700099,3.181357135619549,1.1528588002696154,0.0,0.0,0.0,3.656684214912598e-05,0.0
2024-07-16,0.008384384934072564,3.208030858457342,1.151624162511276,0.0,0.0,0.0,3.651467469899525e-05,0.0
2024-07-17,-0.01871514041781941,3.1479921104766153,1.1545529849917375,0.0,0.0,0.0,3.6758970699353074e-05,0.0
2024-07-18,-0.008370661224226472,3.121641334983278,1.155894972646278,0.0,0.0,0.0,3.689455432417116e-05,0.0
2024-07-19,-0.01178606084171685,3.0848494802831468,1.1577920850641528,0.0,0.0,0.0,3.7580486513261544e-05,0.0
2024-07-22,0.010250957775504999,3.116472142049318,1.1562284141946,0.0,0.0,0.0,3.753055649449002e-05,0.0
2024-07-23,-0.0033764617343009506,3.1059494931156735,1.1567952726559267,0.0,0.0,0.0,3.7530317184471845e-05,0.0
2024-07-24,-0.022925252530024753,3.0347448166404942,1.1605126467050633,0.0,0.0,0.0,3.786312124792987e-05,0.0
2024-07-25,-0.009630088069887632,3.0055199567866113,1.1621122742622318,0.0,0.0,0.0,3.8624210564160185e-05,0.0
2024-07-26,0.012298807101770226,3.042484266975651,1.16018109337507,0.0,0.0,0.0,3.849623851240984e-05,0.0
2024-07-29,-0.0006189663618618724,3.040601071557899,1.1603187178798837,0.0,0.0,0.0,3.828036881861317e-05,0.0
2024-07-30,-0.004518313909349647,3.0268626814434954,1.161084975964833,0.0,0.0,0.0,3.829473145706073e-05,0.0
2024-07-31,0.024328955448590373,3.1005030887693352,1.1572967203201,0.0,0.0,0.0,3.791370157730157e-05,0.0
2024-08-01,-0.01749948869363882,3.046245870022824,1.1601367325379948,0.0,0.0,0.0,3.767831936722399e-05,0.0
2024-08-02,-0.017683485516246877,2.9923776253013483,1.0885869864863893,0.6306203075795822,0.0003153101537897911,0.0,3.8862039131659835e-05,0.0
2024-08-05,-0.027945398674549704,2.9087544395775,1.091155598789894,0.0,0.0,0.0,2.203708187854331e-05,0.0
2024-08-06,0.009027983732640799,2.935014627340252,1.0903616635665847,0.0,0.0,0.0,2.1824494176540637e-05,0.0
2024-08-07,-0.006896281185907571,2.914773941185362,1.0910109588427772,0.0,0.0,0.0,2.1436505573398724e-05,0.0
2024-08-08,0.021361382492268266,2.977037542221519,1.0891288569755775,0.0,0.0,0.0,2.1617169485845012e-05,0.0
2024-08-09,0.004574741879481703,2.990656720542709,1.0887442376259464,0.0,0.0,0.0,2.1348422648110147e-05,0.0
2024-08-12,0.002526321718651081,2.998212081568846,1.0885418229399006,0.0,0.0,0.0,2.1229836157835865e-05,0.0
2024-08-13,0.013419348606068304,3.0384461346863443,1.0873903236510207,0.0,0.0,0.0,2.1096228873653e-05,0.0
2024-08-14,3.042704904987481e-05,3.0385385856359197,1.0874086099996734,0.0,0.0,0.0,2.0947433866171734e-05,0.0
2024-08-15,0.012309467757165793,3.075941378384709,1.0863664354646547,0.0,0.0,0.0,2.079569133588221e-05,0.0
2024-08-16,0.005981956046499315,3.0943415245118153,1.0858734448187828,0.0,0.0,0.0,2.067770430963636e-05,0.0
2024-08-19,0.008269125600614657,3.1199290232292007,1.0851895838156922,0.0,0.0,0.0,2.0613310740812917e-05,0.0
2024-08-20,-0.0005731906069931236,3.1181407092186006,1.0852588718560063,0.0,0.0,0.0,2.0385800518097007e-05,0.0
2024-08-21,0.0034132584861670257,3.128783729455404,1.0849892167536261,0.0,0.0,0.0,2.0423219463266578e-05,0.0
2024-08-22,-0.008376379598364458,3.102575849256299,1.0857276747305717,0.0,0.0,0.0,2.035591465526514e-05,0.0
2024-08-23,0.014897573820455978,3.1487967020041583,1.084489533100945,0.0,0.0,0.0,2.0403830690075372e-05,0.0
2024-08-26,-0.0024589089088341565,3.1410540977414927,1.0847180978523638,0.0,0.0,0.0,2.0191803669348373e-05,0.0
2024-08-27,0.0021618749486813638,3.147844663907853,1.084555604657734,0.0,0.0,0.0,2.0401628827787127e-05,0.0
2024-08-28,-0.007307956914181513,3.124840350731478,1.0851984981131668,0.0,0.0,0.0,2.0304527988336724e-05,0.0
2024-08-29,7.281092620603502e-06,3.124863102983496,1.0852182982232494,0.0,0.0,0.0,2.0375180170173442e-05,0.0
2024-08-30,0.007096859211688233,3.147039816481169,1.0846380591715044,0.0,0.0,0.0,2.033474507511579e-05,0.0
2024-09-03,-0.015308973655435376,3.0988618668380523,1.0859745272085546,0.0,0.0,0.0,2.039900137288707e-05,0.0
2024-09-04,-0.0006286701446452936,3.0969137048999915,1.0169618000594616,0.15100512551407694,7.550256275703848e-05,0.0,2.0658557884389616e-05,0.0
2024-09-05,0.0006266089437310107,3.098854258725445,1.0169552412009977,0.0,0.0,0.0,4.0501295522753315e-06,0.0
2024-09-06,-0.011859856486624798,3.062102291943995,1.01716285406235,0.0,0.0,0.0,4.064793411807539e-06,0.0
2024-09-09,0.009894676052418783,3.09240080216215,1.0169987703726728,0.0,0.0,0.0,4.094329760677314e-06,0.0
2024-09-10,0.008391694975253161,3.118351286435123,1.016861349380257,0.0,0.0,0.0,4.060287590235917e-06,0.0
2024-09-11,0.005850004988269264,3.136593657015944,1.0167673019512444,0.0,0.0,0.0,4.054597037326717e-06,0.0
2024-09-12,0.00985578315195057,3.167507243935277,1.016607639487307,0.0,0.0,0.0,4.0045806616691296e-06,0.0
2024-09-13,0.007923917391518653,3.1926063096732573,1.016481025761853,0.0,0.0,0.0,3.965229475705084e-06,0.0
2024-09-16,0.000555970152505747,3.1943813034901374,1.0164758159140777,0.0,0.0,0.0,3.948971428492889e-06,0.0
2024-09-17,-0.0032910875197113,3.183868315049022,1.0165341803139594,0.0,0.0,0.0,3.940751801374102e-06,0.0
2024-09-18,-0.003951964130646135,3.1712857816712474,1.0166037607351477,0.0,0.0,0.0,3.954384179618514e-06,0.0
2024-09-19,0.013434957849853602,3.213891872477841,1.0163875740007278,0.0,0.0,0.0,3.921993349807844e-06,0.0
2024-09-20,0.0011878541369410023,3.217709507234245,1.0163720542037673,0.0,0.0,0.0,3.930439337479352e-06,0.0
2024-09-23,0.00460996743984321,3.2325430432934685,1.0163008319945614,0.0,0.0,0.0,3.909182101810281e-06,0.0
2024-09-24,0.005676024682219172,3.250891037393538,1.0162127152474625,0.0,0.0,0.0,3.905001335066565e-06,0.0
2024-09-25,-0.002762464246650276,3.241910567132982,1.0162615230281895,0.0,0.0,0.0,3.88552317575024e-06,0.0
2024-09-26,0.0011551283822524017,3.2456553900418017,1.016246653660568,0.0,0.0,0.0,3.873252959539091e-06,0.0
2024-09-27,-0.0031409805183748585,3.235460849692322,1.016301751182659,0.0,0.0,0.0,3.883771751737961e-06,0.0
2024-09-30,0.0018639657543702004,3.241491637915754,1.0162753217853344,0.0,0.0,0.0,3.91706491644778e-06,0.0
2024-10-01,-0.00437041729339116,3.227324966805024,1.016350681999162,0.0,0.0,0.0,3.890979381601867e-06,0.0
2024-10-02,-0.0014692339680872912,3.222583271337738,1.0368897775865642,0.4351318029480035,0.00021756590147400175,0.0,3.931662835859926e-06,0.0
2024-10-03,-0.0058526451459472995,3.203722634997332,1.0371158452939417,0.0,0.0,0.0,8.900346892615887e-06,0.0
2024-10-04,0.002317643932763458,3.2111477233245904,1.0370388983359995,0.0,0.0,0.0,8.883754652299394e-06,0.0
2024-10-07,-0.004115882438534002,3.1979310168026203,1.0372008904047345,0.0,0.0,0.0,8.889613672633577e-06,0.0
2024-10-08,-0.004269067095913126,3.1842788347237883,1.0373693390242495,0.0,0.0,0.0,8.952187795111977e-06,0.0
2024-10-09,-0.0005032823448505308,3.1826762434051905,1.0373971171111236,0.0,0.0,0.0,8.999041254225716e-06,0.0
2024-10-10,-0.000651052811559083,3.1806041530886393,1.037430449746675,0.0,0.0,0.0,8.97353729211125e-06,0.0
2024-10-11,0.009343518549745022,3.210322186992419,1.037092843500621,0.0,0.0,0.0,8.952883541731013e-06,0.0
2024-10-14,0.002589855041804201,3.2186364560942176,1.037005894106128,0.0,0.0,0.0,8.908647022434286e-06,0.0
2024-10-15,-0.001997176552228086,3.2122082708339597,1.0370888367278728,0.0,0.0,0.0,8.873953036467667e-06,0.0
2024-10-16,0.00732488908359441,3.235737340131223,1.0368279655119046,0.0,0.0,0.0,8.853815206745029e-06,0.0
2024-10-17,-0.000984436651103815,3.2325519617002527,1.036873091755173,0.0,0.0,0.0,8.82248109686728e-06,0.0
2024-10-18,0.008137658653979862,3.2588573661458224,1.0365842196994148,0.0,0.0,0.0,8.783874971122855e-06,0.0
2024-10-21,-0.007659891812950348,3.2338948712873092,1.0368754502576318,0.0,0.0,0.0,8.784758033778528e-06,0.0
2024-10-22,0.0028507708973790624,3.2431139646715583,1.036779438905149,0.0,0.0,0.0,8.847105499735863e-06,0.0
2024-10-23,-0.0048921875246332736,3.227248042992628,1.036969114133434,0.0,0.0,0.0,8.844470846769655e-06,0.0
2024-10-24,0.00303869776982979,3.2370546744235575,1.0368659505030233,0.0,0.0,0.0,8.828061421490003e-06,0.0
2024-10-25,-0.0024566626005224634,3.2291023232690548,1.036965598631331,0.0,0.0,0.0,8.811510539154697e-06,0.0
2024-10-28,0.0026160397740202512,3.2375497833811075,1.0368779843660048,0.0,0.0,0.0,8.826555005467165e-06,0.0
2024-10-29,0.0007739147495988696,3.240055370911027,1.0368582981943384,0.0,0.0,0.0,8.84040671853541e-06,0.0
2024-10-30,8.200023640902998e-05,3.24032105621742,1.036864109619154,0.0,0.0,0.0,8.847780443887586e-06,0.0
2024-10-31,-0.015769624286197215,3.1892224105942173,1.0374637343171096,0.0,0.0,0.0,8.89951235237315e-06,0.0
2024-11-01,-0.0031037751259366253,3.1793237814051354,1.0375893827111549,0.0,0.0,0.0,8.932359701874958e-06,0.0
2024-11-04,0.004408474803906159,3.19333975018892,1.0785963021975034,0.44645505198699503,0.00022322752599349753,0.0,8.973774783354763e-06,0.0
2024-11-05,0.01064525771448288,3.227333674799583,1.0777870768785947,0.0,0.0,0.0,1.8827104624172693e-05,0.0
2024-11-06,-0.0022978255843156825,3.219917824912505,1.0779849168197948,0.0,0.0,0.0,1.8612600554507238e-05,0.0
2024-11-07,0.013544124040750782,3.263528791334145,1.076961235917124,0.0,0.0,0.0,1.8570464814941677e-05,0.0
2024-11-08,0.0039323796774930475,3.276362225630101,1.0766781545648871,0.0,0.0,0.0,1.8436860702651425e-05,0.0
2024-11-11,-0.007838357200073198,3.2506809281887854,1.0773024572520966,0.0,0.0,0.0,1.84668153711657e-05,0.0
2024-11-12,-0.007748629581490363,3.2254926057886353,1.0779247956782991,0.0,0.0,0.0,1.856744685789054e-05,0.0
2024-11-13,-0.00128709549890349,3.221341088773978,1.078043922873078,0.0,0.0,0.0,1.8605391508678804e-05,0.0
2024-11-14,-0.006772851720102224,3.1995234232398393,1.0785949405167896,0.0,0.0,0.0,1.873010984635201e-05,0.0
2024-11-15,-0.009236016442200623,3.16997257229559,1.0793466250856631,0.0,0.0,0.0,1.892616086576013e-05,0.0
2024-11-18,0.01001201193973067,3.201710375538032,1.0785789101001455,0.0,0.0,0.0,1.8941587048588527e-05,0.0
2024-11-19,0.006410440451345201,3.222234749242873,1.0780971072375152,0.0,0.0,0.0,1.886661819225801e-05,0.0
2024-11-20,0.0011548597438852948,3.225955978440122,1.078025716990979,0.0,0.0,0.0,1.873255222488256e-05,0.0
2024-11-21,0.006823044829287861,3.2479668206983283,1.0775155264808434,0.0,0.0,0.0,1.86156447689308e-05,0.0
2024-11-22,0.007048781495511358,3.270861029122101,1.076991409973163,0.0,0.0,0.0,1.853326989496837e-05,0.0
2024-11-25,-0.0028576318003337153,3.2615141126308096,1.0772305599739782,0.0,0.0,0.0,1.8470023617564967e-05,0.0
2024-11-26,0.004374433076596684,3.2757813878448885,1.0769126216744733,0.0,0.0,0.0,1.8492461239232485e-05,0.0
2024-11-27,-1.8750076420936956e-05,3.275719966693528,1.0769324987772013,0.0,0.0,0.0,1.8374637656399393e-05,0.0
2024-11-29,0.004647008141861031,3.29094226404921,1.076595000562652,0.0,0.0,0.0,1.838273269051903e-05,0.0
2024-12-02,-0.003994274924791874,3.2777973358849803,1.0769206010749874,0.0,0.0,0.0,1.8396705572270557e-05,0.0
2024-12-03,0.0005200309414827853,3.2795018919195504,0.8852549710442332,0.5340135669843532,0.0002670067834921766,0.0,1.8412580166274996e-05,0.0
2024-12-04,0.005694096371456681,3.298175691742515,0.8858818219420391,0.0,0.0,0.0,0.0,2.2873536978550268e-05
2024-12-05,-0.004563116061165995,3.2831257332709773,0.8853357721265771,0.0,0.0,0.0,0.0,2.2838521253220356e-05
2024-12-06,0.0031476211730079307,3.293459769342668,0.8856726983164345,0.0,0.0,0.0,0.0,2.2891180306072236e-05
2024-12-09,-0.0019430559218344134,3.2870603928345234,0.8854272115209625,0.0,0.0,0.0,0.0,2.2784022125909914e-05
2024-12-10,0.00042529061837304205,3.2884583487816212,0.8854530127223188,0.0,0.0,0.0,0.0,2.284830907167669e-05
2024-12-11,0.00884981547220165,3.3175605983563594,0.8864351314556059,0.0,0.0,0.0,0.0,2.27880916130481e-05
2024-12-12,-0.008144651542969616,3.290540223310061,0.8854796904661508,0.0,0.0,0.0,0.0,2.2813350223805235e-05
2024-12-13,-0.0021048497694700075,3.283614130479595,0.8852151816057082,0.0,0.0,0.0,0.0,2.288030863736555e-05
2024-12-16,0.005843928543105559,3.3028033368212495,0.8858592549996682,0.0,0.0,0.0,0.0,2.2893279598781166e-05
2024-12-17,-0.0048303483421380244,3.286849646198827,0.8852823004005942,0.0,0.0,0.0,0.0,2.2911836192945603e-05
2024-12-18,-0.027850303418514577,3.1953098862611524,0.8819722481601288,0.0,0.0,0.0,0.0,2.2940886415310304e-05
2024-12-19,-0.0014306660736572718,3.190738464812057,0.8817795085634513,0.0,0.0,0.0,0.0,2.3449363663569414e-05
2024-12-20,0.009160331684600953,3.21996668746855,0.882829187967139,0.0,0.0,0.0,0.0,2.3692510301560244e-05
2024-12-23,0.0025220697558507865,3.2280876680658612,0.8831005822906141,0.0,0.0,0.0,0.0,2.3433329641519685e-05
2024-12-24,0.008100425782010756,3.2542365526388526,0.8840167163879256,0.0,0.0,0.0,0.0,2.3323491574911765e-05
2024-12-26,0.0029371998396894305,3.263794895719575,0.8843332560729232,0.0,0.0,0.0,0.0,2.322943728078151e-05
2024-12-27,-0.009762564844685295,3.2319318864103597,0.8831695579578683,0.0,0.0,0.0,0.0,2.3271270609897908e-05
2024-12-30,-0.008136389036660918,3.2056356312425356,0.8821876245494611,0.0,0.0,0.0,0.0,2.3553530356751466e-05
2024-12-31,-0.0013516121022461025,3.201302855327957,0.8820045780340322,0.0,0.0,0.0,0.0,2.3496153154780918e-05
2025-01-02,0.0019043751211060833,3.207399336840769,0.882205304237647,0.0,0.0,0.0,0.0,2.3452769757862982e-05
2025-01-03,0.007510583241361557,3.2314887765484,0.8346546565822518,0.04875192958088332,2.437596479044166e-05,0.0,0.0,2.3495670623116502e-05
2025-01-06,0.003680374163874678,3.2433818643524597,0.8352280100881699,0.0,0.0,0.0,0.0,3.293535844498416e-05
2025-01-07,-0.006727759061499028,3.2215611726246607,0.834078777683251,0.0,0.0,0.0,0.0,3.2820343837855094e-05
2025-01-08,0.0008348999983811556,3.2242508540424697,0.8341840331892095,0.0,0.0,0.0,0.0,3.31942110582026e-05
2025-01-10,-0.00869845506486766,3.19620485287072,0.8326955800164669,0.0,0.0,0.0,0.0,3.328619981988223e-05
2025-01-13,-0.001984346691706218,3.1898624743449107,0.8323294025370984,0.0,0.0,0.0,0.0,3.372201596978018e-05
2025-01-14,0.003112940915528384,3.1997923277562075,0.8328163013934076,0.0,0.0,0.0,0.0,3.340260280679173e-05
2025-01-15,0.014104632951230212,3.244924224059371,0.835108597364671,0.0,0.0,0.0,0.0,3.304023550712068e-05
2025-01-16,-9.823938137565325e-05,3.244605444710989,0.8350594154231514,0.0,0.0,0.0,0.0,3.2878891270082334e-05
2025-01-17,0.005606613996238297,3.2627966950095764,0.8359462135614185,0.0,0.0,0.0,0.0,3.2753641488666544e-05
2025-01-21,0.0099617488172703,3.295299856127081,0.8375318695108749,0.0,0.0,0.0,0.0,3.260961361747312e-05
2025-01-22,0.0040875418036741,3.308769532044642,0.838160899971612,0.0,0.0,0.0,0.0,3.2372028740250124e-05
2025-01-23,0.00236041023249256,3.3165795855050395,0.8385097154716552,0.0,0.0,0.0,0.0,3.247008197118414e-05
2025-01-24,-0.0010293594614342316,3.3131656329291004,0.8383109812935341,0.0,0.0,0.0,0.0,3.225297273258447e-05
2025-01-27,-0.013267908490057323,3.2692068544989943,0.8361040875211287,0.0,0.0,0.0,0.0,3.285132435054931e-05
2025-01-28,0.007232170953984873,3.29285031735467,0.8372483560507162,0.0,0.0,0.0,0.0,3.270780792528198e-05
2025-01-29,-0.002725245261407383,3.2838764926307755,0.8367709665720527,0.0,0.0,0.0,0.0,3.257156708229005e-05
2025-01-30,0.007136121129690087,3.3073106330571305,0.8378951208189171,0.0,0.0,0.0,0.0,3.24450536377624e-05
2025-01-31,-0.002701883384635284,3.298374665409846,0.8374234369285872,0.0,0.0,0.0,0.0,3.2305369564715225e-05
2025-02-03,-0.00406464666127293,3.2849679378384606,0.8367272756821976,0.0,0.0,0.0,0.0,3.283940961141805e-05
2025-02-04,0.008916686562426168,3.3142589673077856,0.8788956901245957,0.041032496939905336,2.051624846995267e-05,0.0,0.0,3.260038167601953e-05
2025-02-05,0.005394069346952746,3.3321363100112036,0.8795213395121202,0.0,0.0,0.0,0.0,2.419466492590684e-05
2025-02-06,0.0008198711750138088,3.334868232522999,0.8795959595821164,0.0,0.0,0.0,0.0,2.4060161804840312e-05
2025-02-07,-0.0066666636056267325,3.312635787847677,0.8787636367232975,0.0,0.0,0.0,0.0,2.4028267924271396e-05
2025-02-10,0.008969530007800097,3.342348573951689,0.8798173711465594,0.0,0.0,0.0,0.0,2.4060092404996927e-05
2025-02-11,-0.0021162276611893516,3.335275403446156,0.8795384104729208,0.0,0.0,0.0,0.0,2.4141865831215916e-05
2025-02-12,-0.0021227349473991186,3.32819549778806,0.8792580149236755,0.0,0.0,0.0,0.0,2.42811100593586e-05
2025-02-13,0.010035240226538455,3.361594739129247,0.8804337426422335,0.0,0.0,0.0,0.0,2.4078350231903357e-05
2025-02-14,-0.0027218063079557098,3.352445129363494,0.8800834397406195,0.0,0.0,0.0,0.0,2.3893430072653888e-05
2025-02-18,0.006036379219590993,3.3726817594772025,0.8807791188779144,0.0,0.0,0.0,0.0,2.3883058980583904e-05
2025-02-19,0.00024798485457955266,3.37351813347287,0.8807848382562388,0.0,0.0,0.0,0.0,2.389942838137287e-05
2025-02-20,-0.0035250395390540312,3.3616263486666624,0.8803391861237005,0.0,0.0,0.0,0.0,2.3884702453890964e-05
2025-02-21,-0.014046644142794884,3.314406779605899,0.8786101337065598,0.0,0.0,0.0,0.0,2.3895317852882863e-05
2025-02-24,-0.0035306539053540087,3.3027047563655514,0.8781556655580585,0.0,0.0,0.0,0.0,2.4204211727668734e-05
2025-02-25,-0.007600718612757129,3.2776018268514022,0.8771979125796288,0.0,0.0,0.0,0.0,2.4388040845992683e-05
2025-02-26,0.001213011906057826,3.28157759689069,0.8773221618404416,0.0,0.0,0.0,0.0,2.454045862439212e-05
2025-02-27,-0.016017148472455944,3.2290160812974067,0.8753002925440154,0.0,0.0,0.0,0.0,2.4530829635648077e-05
2025-02-28,0.007703941221854249,3.253892231392144,0.8762288780509823,0.0,0.0,0.0,0.0,2.500269755080142e-05
2025-03-03,-0.01072263413879504,3.2190019354678587,0.8748623182481909,0.0,0.0,0.0,0.0,2.4644838154256208e-05
2025-03-04,-0.0021178354566065982,3.2121846190340397,1.0806185985759917,0.540533635762772,0.000270266817881386,0.0,0.0,2.5109714991857322e-05
2025-03-05,0.01377026261974934,3.256417244821258,1.079542598969181,0.0,0.0,0.0,1.9258628924929938e-05,0.0
2025-03-06,-0.015145820618985395,3.2070961333706243,1.0807852224288874,0.0,0.0,0.0,1.9271328643542073e-05,0.0
2025-03-07,0.006489708601718824,3.2279092527338986,1.0802835682725729,0.0,0.0,0.0,1.9359704217110172e-05,0.0
2025-03-10,-0.025110161043955248,3.1468559315624773,1.0823711640364444,0.0,0.0,0.0,1.9505949448478524e-05,0.0
2025-03-11,-0.0005124975591198622,3.1452431755786496,1.082433153756328,0.0,0.0,0.0,1.969909763828842e-05,0.0
2025-03-12,0.007202761174149197,3.1678976110069654,1.0818632699615067,0.0,0.0,0.0,1.960922683035551e-05,0.0
2025-03-13,-0.004149399108574703,3.154752739483797,1.0822240716475555,0.0,0.0,0.0,1.9641392803128085e-05,0.0
2025-03-14,0.016255188192422,3.206033838964665,1.0809282749819513,0.0,0.0,0.0,1.9534590494786453e-05,0.0
2025-03-17,0.008550438564736584,3.2334468343411986,1.0802614018904473,0.0,0.0,0.0,1.9375361322658283e-05,0.0
2025-03-18,-0.002869362834713396,3.2241689021667184,1.0805116563014434,0.0,0.0,0.0,1.922601483752193e-05,0.0
2025-03-19,0.007626745865289886,3.2487588190103147,1.0799214132317863,0.0,0.0,0.0,1.9287908184498268e-05,0.0
2025-03-20,-0.004538716001124543,3.2340136253746783,1.0803050508182044,0.0,0.0,0.0,1.934497192360968e-05,0.0
2025-03-21,-0.0036773375873738745,3.2221210655120087,1.080620768318394,0.0,0.0,0.0,1.94034340378826e-05,0.0
2025-03-24,0.007716689472400562,3.246985173217045,1.0800225822905796,0.0,0.0,0.0,1.9198830926561462e-05,0.0
2025-03-25,0.0047889472419104795,3.2625348139068473,1.0796602734594614,0.0,0.0,0.0,1.9091460313992544e-05,0.0
2025-03-26,-0.011265327573819484,3.2257812905071965,1.0805872079317265,0.0,0.0,0.0,1.91363811149781e-05,0.0
2025-03-27,0.0027784927845890817,3.234744100547533,1.0803831791949938,0.0,0.0,0.0,1.9306653581384778e-05,0.0
2025-03-28,-0.011199035365281884,3.1985180869678644,1.0813130736267367,0.0,0.0,0.0,1.928792837000192e-05,0.0
2025-03-31,0.003291890784925089,3.2090472591837704,1.0810657035083802,0.0,0.0,0.0,1.961901410111477e-05,0.0
2025-04-01,0.0021214655162495877,3.2158551422841444,1.0809134783878784,0.0,0.0,0.0,1.944932929106061e-05,0.0
2025-04-02,-0.005653550173551736,3.1976741438863665,1.2529756238879652,1.3744284220435112,0.0006872142110217556,0.0,1.9531884056003228e-05,0.0
2025-04-03,-0.01434715936785913,3.151796603337546,1.2567194526276548,0.0,0.0,0.0,6.151319675085743e-05,0.0
2025-04-04,-0.03249924386059466,3.0493655969266853,1.2654064941744063,0.0,0.0,0.0,6.277907121519378e-05,0.0
2025-04-07,-0.021364074178807035,2.9842187241156415,1.2712654425129721,0.0,0.0,0.0,6.440597842111824e-05,0.0
2025-04-08,-0.006714557441841462,2.9641810160735482,1.273164639767964,0.0,0.0,0.0,6.403906756523173e-05,0.0
2025-04-09,0.037228568893143965,3.074533233242192,1.2634232422407592,0.0,0.0,0.0,6.534119716319832e-05,0.0
2025-04-10,-0.007646152829829389,3.0510248822604327,1.2655165603920795,0.0,0.0,0.0,6.354939387840051e-05,0.0
2025-04-11,0.014715247404436527,3.095921468239987,1.2617287960882975,0.0,0.0,0.0,6.351119897328852e-05,0.0
2025-04-14,0.0034162838579638866,3.106498014777459,1.2609002187051501,0.0,0.0,0.0,6.25206672289142e-05,0.0
2025-04-15,0.002736207635910315,3.1149980383664335,1.2602506521106176,0.0,0.0,0.0,6.242622836491909e-05,0.0
2025-04-16,0.012337141080569491,3.1534282086314573,1.2571406491813697,0.0,0.0,0.0,6.189164777155477e-05,0.0
2025-04-17,0.005072835629724715,3.169425031603982,1.2559041217585707,0.0,0.0,0.0,6.148422027547474e-05,0.0
2025-04-21,0.002265643557072039,3.1766058190064586,1.2553868419553518,0.0,0.0,0.0,6.094200637677226e-05,0.0
2025-04-22,0.0037647614059639345,3.188564981995815,1.2544899597435852,0.0,0.0,0.0,6.074487305536071e-05,0.0
2025-04-23,-0.006152198849333268,3.1689482961825557,1.2561266989258757,0.0,0.0,0.0,6.101701329872486e-05,0.0
2025-04-24,0.011903131652911236,3.2066687049532856,1.2531745183998786,0.0,0.0,0.0,6.096115165108871e-05,0.0
2025-04-25,-0.001366548989015448,3.2022866350764243,1.2535817317706155,0.0,0.0,0.0,6.108103927212442e-05,0.0
2025-04-28,0.005537767300117791,3.220020153289755,1.252245633264613,0.0,0.0,0.0,6.082257459092494e-05,0.0
2025-04-29,-0.004596613762753776,3.2052189643367988,1.2534712013512104,0.0,0.0,0.0,6.077269501199217e-05,0.0
2025-04-30,-0.006471520441537537,3.1844763242894896,1.255183378422287,0.0,0.0,0.0,6.104244255742234e-05,0.0
2025-05-01,-0.006826162504368183,3.1627385714085765,1.256998857386469,0.0,0.0,0.0,6.145904239023939e-05,0.0
2025-05-02,0.0033577035233074426,3.1733581098530954,1.328985443159227,0.9334401882746587,0.0004667200941373293,0.0,6.115362262884716e-05,0.0
2025-05-05,0.0042757511658437775,3.1869265994909393,1.3276632885377921,0.0,0.0,0.0,7.848570259556896e-05,0.0
2025-05-06,0.007810562332734916,3.211818288346114,1.3252018146628073,0.0,0.0,0.0,7.824778297809257e-05,0.0
2025-05-07,-0.0016425985523047526,3.2065425602754107,1.325814943013368,0.0,0.0,0.0,7.804571663289749e-05,0.0
2025-05-08,-0.009965615257753635,3.1745873908120936,1.3291734511334388,0.0,0.0,0.0,7.811442118087066e-05,0.0
2025-05-09,0.002816505163552474,3.1835286325904644,1.3283276118480956,0.0,0.0,0.0,7.85209179087443e-05,0.0
2025-05-12,-0.011735183118062542,3.14616934112542,1.332305977744004,0.0,0.0,0.0,7.9577449264803e-05,0.0
2025-05-13,0.0017275323886964955,3.1516044505625382,1.3318124090011803,0.0,0.0,0.0,7.958048460325186e-05,0.0
2025-05-14,-0.0070824011529277975,3.1292835235683016,1.3342592970730347,0.0,0.0,0.0,7.980212197182398e-05,0.0
2025-05-15,0.009159558228138964,3.157946378214781,1.3313048075145777,0.0,0.0,0.0,7.977673891868378e-05,0.0
2025-05-16,-0.0009484594300700477,3.1549511941927078,1.3316988183644727,0.0,0.0,0.0,7.942306935067462e-05,0.0
2025-05-19,0.0034508345281039077,3.165838408708111,1.3306373460097767,0.0,0.0,0.0,7.971678753428363e-05,0.0
2025-05-20,0.0026933875772807703,3.174365238549804,1.3298282387277567,0.0,0.0,0.0,7.941719630157165e-05,0.0
2025-05-21,-0.005701814921118653,3.15626559546756,1.3317991501427724,0.0,0.0,0.0,7.924779227737905e-05,0.0
2025-05-22,0.0014875800017817298,3.160960793047689,1.3313857138449512,0.0,0.0,0.0,7.963467039269394e-05,0.0
2025-05-23,0.006141414698428438,3.180373564123268,1.3294419018760006,0.0,0.0,0.0,7.901621832420487e-05,0.0
2025-05-27,0.0022838487902467897,3.1876370564402237,1.3287700023755253,0.0,0.0,0.0,7.893580288001768e-05,0.0
2025-05-28,-0.0047231566994520024,3.1725813471216764,1.33040937807227,0.0,0.0,0.0,7.90507661812229e-05,0.0
2025-05-29,0.005170881293219409,3.1889863886607244,1.3287884454093475,0.0,0.0,0.0,7.891280283051549e-05,0.0
2025-05-30,0.0020159838060238577,3.1954153335778948,1.328205593098229,0.0,0.0,0.0,7.885773136427698e-05,0.0
2025-06-02,0.003090809915704762,3.205291754975712,1.3272727204787254,0.0,0.0,0.0,7.862251432974947e-05,0.0
2025-06-03,-0.0008574197554338525,3.2025434745030665,0.6806354499857118,1.3340523142083944,0.0006670261571041972,0.0,7.856576704185224e-05,0.0
2025-06-04,0.004728240918848048,3.217685871603602,0.682074803996585,0.0,0.0,0.0,0.0,6.370007004327878e-05
2025-06-05,-0.0010223289328504803,3.2143963382402374,0.6816857971380615,0.0,0.0,0.0,0.0,6.341080236338402e-05
2025-06-06,-9.582028149379695e-05,3.2140883338782746,0.6815916243173012,0.0,0.0,0.0,0.0,6.355523083112305e-05
2025-06-09,0.0027052661872062345,3.2227832983706097,0.6823871698920785,0.0,0.0,0.0,0.0,6.361868733105854e-05
2025-06-10,0.0022421908644525423,3.2300093936403265,0.6830343448224413,0.0,0.0,0.0,0.0,6.334652932927824e-05
2025-06-11,0.0011618763678897803,3.2337622652228593,0.6833388727717616,0.0,0.0,0.0,0.0,6.325479340879977e-05
2025-06-12,0.004438128257865381,3.2481141169113634,0.6846749933686581,0.0,0.0,0.0,0.0,6.316648219504467e-05
2025-06-13,-0.004243205040540654,3.234331702718234,0.6832679694186684,0.0,0.0,0.0,0.0,6.331353647622805e-05
2025-06-16,0.0018975659741506945,3.2404690605064292,0.6838046245980987,0.0,0.0,0.0,0.0,6.312828237980278e-05
2025-06-17,-0.005700295612411144,3.2219974289386704,0.6819282827085094,0.0,0.0,0.0,0.0,6.336633761170413e-05
2025-06-18,-0.0007379717028941357,3.219619686009316,0.681629720107448,0.0,0.0,0.0,0.0,6.352237970178658e-05
2025-06-20,-0.003198452031763055,3.209321886883095,0.6805442822620119,0.0,0.0,0.0,0.0,6.362206418767931e-05
2025-06-23,0.0047833893412299044,3.2246733229893874,0.682001501745542,0.0,0.0,0.0,0.0,6.396832867057618e-05
2025-06-24,0.00588828298544386,3.24366111205076,0.683799778430552,0.0,0.0,0.0,0.0,6.348352479388667e-05
2025-06-25,0.00013834252747169096,3.2441098483272626,0.6837802850208446,0.0,0.0,0.0,0.0,6.330284485229257e-05
2025-06-26,0.00428729443232978,3.258018302417862,0.6850672505013327,0.0,0.0,0.0,0.0,6.311838994690147e-05
2025-06-27,-0.002401738552120114,3.2501933942574324,0.6843539489497347,0.6829439973980119,0.000341471998699006,0.0,0.0,6.320829094911241e-05
