date,return,nav,gross,turnover,borrow
2021-08-11,3.4452429509723714e-05,1.0000344524295097,0.4073959683058374,0.4071719656743712,0.0
2021-08-12,0.00012718607419071049,1.0001616428855697,0.438249181523128,0.10582650718431746,0.0
2021-08-13,0.002686882031412541,1.002848959232347,0.44105159472583083,0.003996413614550201,0.0
2021-08-16,-0.0008689252292439775,1.001977558470549,0.45424128047496154,0.013675027742625826,0.0
2021-08-17,-0.002998481556227839,0.9989731472417209,0.45823316924461144,0.006388340226260927,0.0
2021-08-18,-0.006230754103928704,0.99274879120483,0.46306156065714776,0.00817672286455018,0.0
2021-08-19,1.2730363981638959e-05,0.9927614292582844,0.3866620003689384,0.16220976699758924,0.0
2021-08-20,0.0038750066571515696,0.9966083864056234,0.3579675709689833,0.11032815405378334,0.0
2021-08-23,0.008169623651622437,1.004750301850608,0.32774810361510265,0.10767834787283197,0.0
2021-08-24,-0.0013398948818652556,1.003404042063606,0.3188348276177071,0.008001409464684955,0.0
2021-08-25,0.0006376905747469408,1.0040439033638928,0.3278525685301234,0.05699899159915966,0.0
2021-08-26,0.0015236157160010144,1.0055736804346131,0.20108829793484842,0.2628579458434762,0.0
2021-08-27,0.002693515451475781,1.0082822086804613,0.2515187370206673,0.05194580118319462,0.0
2021-08-30,-0.00045661981665001683,1.0078218070432021,0.24889516957604174,0.0038473949118902305,0.0
2021-08-31,-0.0019117527007986856,1.0058951009816635,0.24829727187948672,0.0009869919219438787,0.0
2021-09-01,-0.0005611856737915977,1.0053306070616554,0.24926604594877272,0.002141240696666837,0.0
2021-09-02,0.00019707514003597382,1.0055287327318245,0.24925699384294292,0.001900820203981228,0.0
2021-09-03,0.0026365152126033298,1.0081798245323816,0.2526481608648736,0.0018517381220589655,0.0
2021-09-07,-0.0008386478494686322,1.0073343166906599,0.24904029926635196,0.0032895078368938326,0.0
2021-09-08,-0.0018198340272542746,1.0055011354243253,0.2493079920715979,0.0024990032822133114,0.0
2021-09-09,0.0014791010921841874,1.0069883732519238,0.25150675179210125,0.0021438002899715385,0.0
2021-09-10,0.0014142123747775681,1.0084124686706337,0.24894020955559876,0.00473685755090277,0.0
2021-09-13,0.0011263798247287404,1.0095483241303491,0.2494862711318103,0.0025743421720345726,0.0
2021-09-14,0.0016288951445664335,1.0111927724937302,0.2502820493259787,0.003962251033929096,0.0
2021-09-15,0.0012898323384435972,1.012497041632093,0.30075452703788663,0.051211064194036905,0.0
2021-09-16,0.0016063657823701671,1.014123482234522,0.30199683105629355,0.002119726547903209,0.0
2021-09-17,-0.003803008272838193,1.0102667622419046,0.24834003717436565,0.05269340062842016,0.0
2021-09-20,-0.0043424307147070795,1.0058797488234976,0.2008948306651595,0.0513130041202277,0.0
2021-09-21,0.000810564720034046,1.0066950794604907,0.14957711129006135,0.05196371308637056,0.0
2021-09-22,0.0014122348222409542,1.0081167693070834,0.15048737275172774,0.0006906111450156378,0.0
2021-09-23,0.004300662211762063,1.012452339001886,0.10155018107044164,0.05269068401809872,0.0
2021-09-24,0.0016887694897400607,1.0141621376218084,0.10148734573278356,0.0015809525879374785,0.0
2021-09-27,1.4556205296001323e-05,1.014176899974087,0.05066616322042875,0.050894085049881944,0.0
2021-09-28,-0.00030557050869917113,1.013866997422851,0.0499213850160458,0.0004547907871009501,0.0
2021-09-29,0.00041884596952712627,1.014291651528358,0.05005210824908361,0.00026719497155911355,0.0
2021-09-30,-0.0022575593977705033,1.01200182787837,0.047850488436823546,5.211179012034454e-05,0.0
2021-10-01,0.0014735408569481745,1.013493053919055,0.051070462843875127,0.0018201478258450376,0.0
2021-10-04,-0.00027133586507865903,1.0132180569045186,0.04988319912373632,0.0009300655287553039,0.0
2021-10-05,0.001247858157439552,1.0144824093220919,0.051136299817530595,6.901540465375239e-05,0.0
2021-10-06,-8.990295509070378e-05,1.0143912043556063,0.050483053456034585,0.0005685060604480716,0.0
2021-10-07,0.0005313402303628312,1.0149301912118065,0.05031065977576707,0.0006772020189973094,0.0
2021-10-08,0.0013011642078790686,1.0162507820501072,0.05103238092566753,0.0005131887414990348,0.0
2021-10-11,0.00047570620544368225,1.0167342188534154,0.05050349798112183,0.000981107882112767,0.0
2021-10-12,0.00015012278581361116,1.0168868538267817,0.04987110741049393,0.0007751924082987586,0.0
2021-10-13,0.00025148324113799525,1.0171425838286527,0.0,0.0501337996269716,0.0
2021-10-14,0.0,1.0171425838286527,0.0,0.0,0.0
2021-10-15,0.0009326106222826702,1.0180911818067073,0.10088352332692711,0.0999950002499875,0.0
2021-10-18,0.00010037513973770729,1.0181933728513468,0.1503110907708827,0.05066866018579223,0.0
2021-10-19,0.00013847907575725849,1.0183343713285615,0.149383897827594,0.0010446057645860144,0.0
2021-10-20,9.45010844408678e-05,1.0184306050309755,0.20030999167448957,0.050918929864770465,0.0
2021-10-21,-0.0013444663303591176,1.017061359372704,0.19920749232514817,0.0014741769825310708,0.0
2021-10-22,0.0017668109935948806,1.0188583145636043,0.2509344128778819,0.05118213959392055,0.0
2021-10-25,-0.0004215439707465629,1.018428820984055,0.2993685742829435,0.05277022045756627,0.0
2021-10-26,-0.00047584093386476845,1.0179442108628032,0.29925574076905276,0.0016525742787618473,0.0
2021-10-27,-0.0036259628606072347,1.0142531829600445,0.2977830256144609,0.0021047099938230783,0.0
2021-10-28,0.0018880636739297962,1.0161681575509591,0.4631082692289423,0.29879470854534984,4.624734484230475e-06
2021-10-29,0.0010894405437558152,1.0172752123410689,0.45456497710064997,0.010874578184692342,4.5011659030597555e-06
2021-11-01,0.0015354178856805678,1.0188371548967567,0.4557525274242522,0.004640351107574763,4.659427944562264e-06
2021-11-02,0.0015179057802601204,1.0203836537033184,0.4552408424658445,0.004998825262425089,4.4907600577629096e-06
2021-11-03,0.0013290826508463027,1.0217398279146626,0.45578169695063864,0.0053720013135731106,4.5488017225898785e-06
2021-11-04,0.0005411548393876586,1.0222927473671337,0.4542327533654102,0.0037984231180304352,4.488581720007132e-06
2021-11-05,-0.000609302049579985,1.0216698623008922,0.45702687678675585,0.007662660126920181,4.662515743198329e-06
2021-11-08,0.005696276069443229,1.0274895758883882,0.4568683842267316,0.004860001962660925,4.4709267016217984e-06
2021-11-09,-0.0021701290205596857,1.0252597909414303,0.44362136245782696,0.011419233697144874,4.384498131668635e-06
2021-11-10,-0.002460633259903644,1.022737002599798,0.44254951200085935,0.0049612618179300525,4.378132323578391e-06
2021-11-11,0.001428875299199106,1.0241983662403897,0.44076204549319076,0.0037985341469548343,4.354197212608721e-06
2021-11-12,0.002319922662639362,1.0265744272412691,0.4424010215852253,0.14755778558845617,5.285568812371946e-06
2021-11-15,-0.0030782850500483683,1.0234143385291303,0.4384121353850174,0.08158035377273484,5.934271527729931e-06
2021-11-16,0.0050250416457982006,1.0285570382011462,0.4335079320276902,0.004858832146512079,5.557705813819214e-06
2021-11-17,-0.0030197699984225723,1.02545103251552,0.4071271621300967,0.11585560963153502,5.3327557362960155e-06
2021-11-18,0.0005311321791143797,1.025995682556995,0.404308485172426,0.003686659151499378,5.301533422718701e-06
2021-11-19,0.0027304083217147834,1.028797069706692,0.3228324075031374,0.15116005161777554,4.0858693438681465e-06
2021-11-22,-0.0038202366517779973,1.0248668214337566,0.29917690377752926,0.0872792365565019,3.928556061290359e-06
2021-11-23,0.00027519269097719956,1.0251488572922403,0.30104149694438526,0.005337148720129949,3.925361397312907e-06
2021-11-24,0.004413897249424981,1.0296737590136937,0.30525795219571233,0.0019094365817825109,4.028027173411827e-06
2021-11-26,-0.005513423102317283,1.0239967319228978,0.14702172205969635,0.245265844046163,0.0
2021-11-29,0.005454703376409187,1.0295823303539495,0.1525912630158435,0.0009671313393989381,0.0
2021-11-30,-0.004966739256148878,1.0244686633763433,0.14799195231400564,0.002066965204915199,0.0
2021-12-01,-0.0008150879656873,1.0236336312976015,0.14727825527304042,0.00017782623121522363,0.0
2021-12-02,0.00415430869100919,1.0278861213885104,0.19772569249919406,0.05259867295992267,0.0
2021-12-03,-0.006129429017635468,1.021585766369247,0.17894077695690402,0.0873901979398374,0.0
2021-12-06,6.567440679661196e-05,1.021652858408445,0.19162845936403478,0.05071932047841929,0.0
2021-12-07,0.008719634322541525,1.030561297738346,0.19455833548482734,0.004418040503871963,0.0
2021-12-08,-0.0004111342205128654,1.0301375987225097,0.18119667642076204,0.013036121301659879,0.0
2021-12-09,-0.003381893996000751,1.0266537825623354,0.17855052851690925,0.00157052797728566,0.0
2021-12-10,4.2169669748570726e-05,1.026697076213292,0.1778174859363607,0.0026855387051309353,0.0
2021-12-13,-0.0035805433260096553,1.023020942849223,0.2064910099562947,0.07323855453716903,0.0
2021-12-14,-0.003329705744376965,1.0196145841392,0.2052860654335407,0.004348222871460519,0.0
2021-12-15,0.007376344847014105,1.0271356129228555,0.20933688295336084,0.003170421997485187,0.0
2021-12-16,-0.006280512341040656,1.0206846750299712,0.17612720790113248,0.029814512679652315,0.0
2021-12-17,-0.002296781024343053,1.0183403858365245,0.190469587476431,0.031158635459273453,0.0
2021-12-20,-0.0033506806599091776,1.0149282524004977,0.20586809025183003,0.06434950684818012,0.0
2021-12-21,0.0026977817143813976,1.0176663072812329,0.20528277228936784,0.056282194037126185,0.0
2021-12-22,0.0009662564721917288,1.018649633937175,0.2060240007026645,0.0022631410770394865,0.0
2021-12-23,0.0004185315155327274,1.0190759709122634,0.2079643304207858,0.002667498013741397,0.0
2021-12-27,0.003411154932676963,1.0225521969372133,0.21027470488890332,0.001558805109758729,0.0
2021-12-28,-0.002125935438126225,1.0203783169844107,0.20590572159158582,0.003535880968525358,0.0
2021-12-29,6.247016105742631e-05,1.0204420601822122,0.21403282838770202,0.008073748026336619,0.0
2021-12-30,-0.0004329949995451887,1.0200002138728277,0.2133579525061525,0.0005936756070782302,0.0
2021-12-31,-0.0010129852281030027,1.0189669687235126,0.21465553201194584,0.07326346409585056,0.0
2022-01-03,0.0005270954053087085,1.0195040615308881,0.20033431899405782,0.06976741764038506,0.0
2022-01-04,0.00041334934609582596,1.019925472868064,0.14998562912558794,0.05242372489873599,0.0
2022-01-05,-0.0034957057647818646,1.0163601135129112,0.14726786313401463,0.0009651324215235065,0.0
2022-01-06,-0.0023055388459888304,1.0140168557896936,0.14970893519903902,0.004407898491944571,0.0
2022-01-07,-0.001526096766139351,1.012469367945262,0.14870160912051036,0.0011305916863927781,0.0
2022-01-10,-0.00026385042318199936,1.012202227474071,0.15120044811755834,0.004125380798840351,0.0
2022-01-11,-0.00013830369645695395,1.0120622361644493,0.05071932403306055,0.10048496317282962,0.0
2022-01-12,0.00041495792374024454,1.0124821994086641,0.049917022861705705,0.0011965424174617603,0.0
2022-01-13,-0.002091555628253139,1.0103645365659848,0.0478791123265821,4.65136533818094e-05,0.0
2022-01-14,-0.001090070788738462,1.009263167698697,0.04951016348872655,0.0026673496701712963,0.0
2022-01-18,-0.0006899575232630628,1.008566818983191,0.0,0.0488771577490071,0.0
2022-01-19,0.0,1.008566818983191,0.0,0.0,0.0
2022-01-20,0.0,1.008566818983191,0.0,0.0,0.0
2022-01-21,0.0,1.008566818983191,0.0,0.0,0.0
2022-01-24,0.00039696569780400814,1.0089671854142706,0.05040070775194623,0.04999875003124921,0.0
2022-01-25,-0.00271880151324444,1.0062240039037522,0.04840371175279944,0.000590526258082579,0.0
2022-01-26,-0.0008931157901067577,1.0053253293574813,0.04766239794260709,0.00010900871054178777,0.0
2022-01-27,0.004741422828425934,1.0100920018240918,0.14818306885731353,0.10047316857910442,5.751133095044251e-06
2022-01-28,0.004103013411469902,1.0142364228543945,0.253815712422171,0.10304442171319256,6.0085117334971925e-06
2022-01-31,0.004662708332054288,1.0189655114739107,0.27305016230167056,0.07756302780630145,5.550686208735249e-06
2022-02-01,0.0029634485513143627,1.0219851633427273,0.2705188382373297,0.008306944625984402,5.4271825437796025e-06
2022-02-02,-0.00028141042751717027,1.0216975660609948,0.26623990320412083,0.0043944480975110466,5.30307436151269e-06
2022-02-03,-0.005645274871223682,1.0159298024653203,0.22631789395476692,0.10045830778150995,3.8918318821365375e-06
2022-02-04,0.0005911879731694825,1.0165304079461221,0.21150731925199262,0.06783640792267184,3.1523174530576325e-06
2022-02-07,-0.0025310147676400607,1.0139575544718553,0.2097760487871488,0.04775352357765158,2.8669439402374146e-06
2022-02-08,0.002346395696670278,1.0163367001142745,0.2125771491935475,0.002674850919126407,2.783821715362551e-06
2022-02-09,0.003559259392207803,1.0199541060598016,0.21249496985768565,0.00359010676955395,2.809840522000265e-06
2022-02-10,-0.005651552789576297,1.0141897815864596,0.20884308692425915,0.0018686583339924357,2.8322160136560166e-06
2022-02-11,-0.006292160333992158,1.007808336871621,0.20052168521586763,0.0774175834844567,2.1820661064378664e-06
2022-02-14,0.001224524746250788,1.0090424231195982,0.19589748700224743,0.03779449113160364,1.9071636151334403e-06
2022-02-15,0.005111097848073509,1.0141997376770198,0.19817427780824534,0.0033620410053370026,1.965718207711968e-06
2022-02-16,-0.00010624397115455153,1.014091985069345,0.19283892075280187,0.005433190289823374,1.9214057260212514e-06
2022-02-17,-0.004391890819184452,1.0096382037903104,0.19101137366820725,0.003026807803587864,1.879252143531724e-06
2022-02-18,-0.0014099283852866407,1.0082146862279167,0.18944058011476617,0.0019471159443775075,1.8690216496246848e-06
2022-02-22,-2.6098640374172533e-05,1.0081883731954009,0.1958450079879912,0.0398327430420252,2.059412571100434e-06
2022-02-23,-0.005017975385331108,1.0031293087549293,0.19079449243081797,0.002576420190597212,2.0756946135648788e-06
2022-02-24,0.007087146112907838,1.0102386327362158,0.20640841777129956,0.009609983897534837,2.2080007644764333e-06
2022-02-25,0.0026031104868116106,1.0128683955152737,0.1596777995797932,0.04944825880945864,0.0
2022-02-28,-0.0005720940034319444,1.0122889395799337,0.18984679355329345,0.0997185525155071,2.822294302582055e-06
2022-03-01,-0.004627649784072707,1.0076044208872674,0.1939557668068606,0.05620686830945255,2.8826584309982035e-06
2022-03-02,0.005514870698430263,1.0131612289836274,0.1989320372704041,0.0033379521561583904,2.797667299408046e-06
2022-03-03,-0.0048664845428799675,1.0082306955233333,0.18879322712901694,0.006022898000123986,2.774547370730047e-06
2022-03-04,-0.0009067525470562998,1.0073164797721472,0.21878987771048783,0.08225319311724544,3.513388560975146e-06
2022-03-07,-0.008001899855948902,0.9992560341777635,0.21764037614919005,0.07150901932358382,3.6451515517647564e-06
2022-03-08,-0.0020660280301176837,0.9971915432018881,0.22414644692854077,0.06871766457965546,4.512147148316857e-06
2022-03-09,0.006416458329761898,1.003589981185634,0.22965661889598069,0.006820372107427681,4.6348211400411185e-06
2022-03-10,-0.004546104517324734,0.999027556238624,0.2301824522006087,0.004132380408424544,4.82565687947422e-06
2022-03-11,-0.004619951343605044,0.994412097537881,0.19121815499890593,0.09335313173033717,3.3963473153445575e-06
2022-03-14,-0.0003455298621174441,0.9940684984629308,0.18985564189480603,0.10974773463897218,4.36993232187594e-06
2022-03-15,0.0003693098215427071,0.9944356177226994,0.20610513098160646,0.08450254561005519,6.341471527904043e-06
2022-03-16,0.00020778533377430186,0.994642246859445,0.20191846421755658,0.008018751812687519,6.100918028547394e-06
2022-03-17,0.0010826612933623192,0.9957191075208627,0.2089059717518261,0.002396755742863295,6.4447488315445085e-06
2022-03-18,0.0007848451060559203,0.9965005927894068,0.23646570753859694,0.06749919652027629,5.707847076608902e-06
2022-03-21,0.0009362509951156284,0.9974335674610393,0.23164528907360582,0.003191904446306448,5.304342523192668e-06
2022-03-22,0.0028491246619060107,1.0002753800367055,0.23834048083710976,0.003485148120776563,5.710152065958873e-06
2022-03-23,-0.0005671720379054612,0.9997080518109434,0.2326089864305988,0.0034222820440888676,5.530063906506715e-06
2022-03-24,0.00533710363698181,1.0050435972901834,0.23385837837002307,0.0026616742724753046,5.397412012542036e-06
2022-03-25,0.0008125664312459424,1.00586026197928,0.22966075366321748,0.007166058858187215,5.507196643554464e-06
2022-03-28,0.0006561135541971463,1.0065202205307928,0.16500046315746075,0.06534825869508269,0.0
2022-03-29,0.0021560889625464874,1.0086903676688592,0.13108111113483803,0.04615213594244813,0.0
2022-03-30,-0.0006044573543043663,1.0080806573579058,0.1310967780382525,0.0007683040978206478,0.0
2022-03-31,0.0001394821972444671,1.0082212666629937,0.13119559745626216,0.06551167314960499,0.0
2022-04-01,-0.0004101494824765295,1.00780774523225,0.13044527432952752,0.0003937919785014224,0.0
2022-04-04,0.0012840371817504082,1.0091018078491842,0.12304033151246609,0.05640032926146255,0.0
2022-04-05,-0.003420170822490909,1.0056505072890556,0.11967325627036993,0.0004613329911317053,0.0
2022-04-06,-0.0023052438911081996,1.0033322376005376,0.1216001360042276,0.004132345421272705,0.0
2022-04-07,0.0010277326538508103,1.004363394903781,0.12322708954160307,0.0007697553522094607,0.0
2022-04-08,-0.0002267431696097999,1.0041356623641804,0.09931477059328823,0.061628876426506614,0.0
2022-04-11,-0.0017747975166751973,1.0023535248842115,0.09976170580069453,0.0020467435761031536,0.0
2022-04-12,-0.00012241117676847768,1.0022308256096923,0.09907650643106342,0.002533514354705698,0.0
2022-04-13,0.00026494769322127354,1.0024963643550129,0.10018582646651596,0.0008704298766861007,0.0
2022-04-14,-0.002485881676100643,1.0000042770125053,0.09746575552906765,0.00047656193782109435,0.0
2022-04-18,0.0019730842128566906,1.0019773696642678,0.10187374617737598,0.10030893043781303,0.0
2022-04-19,0.0017039275708441437,1.0036846665298007,0.10128278072612826,0.0021227876475120025,0.0
2022-04-20,0.0005182551610087849,1.0042048312882552,0.09937485330575851,0.002372987204652071,0.0
2022-04-21,-0.0019800680054324893,1.0022164374309206,0.09737201632909605,0.00021547871657945,0.0
2022-04-22,-0.0023928049913488625,0.999818328937024,0.09817442803915671,0.002959913582703392,0.0
2022-04-25,0.0004516283670723542,1.0002698752562909,0.10142599768578943,0.0028475497050184594,0.0
2022-04-26,-0.0034827977057668713,0.9967861376296006,0.1484438244218243,0.05044222799349099,0.0
2022-04-27,-0.0006717949486069186,0.9961165017374995,0.15044777197680953,0.002576469649732709,0.0
2022-04-28,0.00464721026376691,1.0007456645682817,0.23785785933666806,0.15088178769606883,4.607695826571568e-06
2022-04-29,-0.006373474090191178,0.9943674380042846,0.23018545600641216,0.1773621684344668,3.399990400679176e-06
2022-05-02,0.0014030879307942445,0.9957626229553231,0.23023587908424004,0.09267831750150209,2.7410420155139687e-06
2022-05-03,-7.5815208192553385e-06,0.9957550735602662,0.2418471029576761,0.0336649692567371,2.685048586427095e-06
2022-05-04,0.006244338648586645,1.0019729054506248,0.21817485703992806,0.06474326668129667,2.164177677204572e-06
2022-05-05,-0.00535568529366004,0.996606653896257,0.20425908416602148,0.008221509980156007,1.995103519573841e-06
2022-05-06,-0.0007059285554501527,0.9959031208007201,0.20730156989986462,0.004292395926675376,2.0381290430952277e-06
2022-05-09,-0.00536676510158951,0.9905583426874427,0.20148704304321244,0.0033359942284830655,1.8733822716939183e-06
2022-05-10,0.0004457598177993738,0.9909998937937987,0.19947730939775501,0.004237786365320862,1.951145531749582e-06
2022-05-11,-0.0021288531748755446,0.9888902005235944,0.20095506850630745,0.004082896023806548,1.958170009036619e-06
2022-05-12,0.0009065128315532966,0.9897866421793663,0.2044736157631592,0.005032306194995944,1.9624216663677098e-06
2022-05-13,0.005701774321609676,0.9954301822396168,0.20941126137569044,0.0034760953645472537,2.0806975900723944e-06
2022-05-16,-0.0008673330495220233,0.9945668127440687,0.19739552688709908,0.024778110419007758,2.0915307191227198e-06
2022-05-17,0.0040663848651874,0.9986111041788289,0.20016374479270796,0.002896094075111681,2.22741950535418e-06
2022-05-18,-0.006564264656511276,0.9920559566020681,0.1975179525368009,0.029412057764698216,1.9349496344845733e-06
2022-05-19,-0.0011509608260825699,0.9909141390587373,0.19597609071132852,0.0027805158714147085,1.9806686613136335e-06
2022-05-20,0.0020969756966351394,0.9929920619257956,0.19464492674490633,0.002637802326394255,1.8299791860687839e-06
2022-05-23,0.0019470497143960763,0.9949254668363658,0.19791618579069087,0.003601608340579789,1.9837670450277015e-06
2022-05-24,-0.0026102883587960646,0.9923284244724131,0.1863623167687408,0.025172899446515348,1.98571772645552e-06
2022-05-25,0.0021836148898237706,0.9944952875956865,0.1917545937766093,0.004132620319812022,2.0912444587550766e-06
2022-05-26,0.0038408402493008698,0.9983149851240242,0.16495483593784363,0.07488874935602526,0.0
2022-05-27,0.004880821105230693,1.0031875819730856,0.1357526844860951,0.10910217389867577,0.0
2022-05-31,-0.0013087977000657558,1.0018746123730646,0.1181945935441915,0.05994193630443439,0.0
2022-06-01,-0.0007209530120472207,1.0011523078535807,0.10325685747127374,0.02501455344773259,0.0
2022-06-02,0.0032263201022717514,1.0043823456698444,0.12230486354088764,0.05695705321056993,0.0
2022-06-03,-0.0023194412988220003,1.00205273977749,0.11770657606154801,0.003117527469126686,0.0
2022-06-06,-1.7161661094444725e-05,1.0020355428879713,0.10683657452229135,0.054018276215139896,0.0
2022-06-07,0.0020478560898382625,1.0040875674767087,0.1132423645088502,0.004594404324401073,0.0
2022-06-08,-0.0010177944482715473,1.0030656127249524,0.10933482541500605,0.0030037773900539206,0.0
2022-06-09,-0.0015617925425734924,1.0014990323312867,0.11136377191016063,0.003417455963830362,0.0
2022-06-10,-0.00381688304578065,0.9976764276544157,0.11116117240741788,0.003196214684151859,0.0
2022-06-13,-0.0060618937927297,0.9916286191104646,0.1095949438244265,0.003845682634114059,0.0
2022-06-14,0.0007398501773658861,0.9923622757201945,0.10866780591584341,0.0015861106337543547,0.0
2022-06-15,0.0019429711222143098,0.9942904069646937,0.11931894838276244,0.03069193620524478,0.0
2022-06-16,-0.004738170165504152,0.9895792898225666,0.10779552598114527,0.031520161174572806,0.0
2022-06-17,0.001839950825423875,0.9914000670536981,0.10879510217065143,0.0014807881982889905,0.0
2022-06-21,0.002174820762540053,0.9935561845035101,0.10810370709962748,0.0030930237034310663,0.0
2022-06-22,-0.0010946224916742464,0.9924686155572106,0.10799068529386013,0.0010072144493413454,0.0
2022-06-23,0.001587379833170699,0.9940440402226008,0.10874810090342273,0.0014744298108956165,0.0
2022-06-24,0.004468939899744617,0.998486363296055,0.11051781558356297,0.0022631064442416283,0.0
2022-06-27,-0.0009041414844793705,0.9975835903533121,0.10684547435179623,0.0028660183965804158,0.0
2022-06-28,-0.0032008912284055002,0.994390433789349,0.10660545361312114,0.08767652168397014,0.0
2022-06-29,0.0008290063521001478,0.9952147897754279,0.09557975316748452,0.0595980480548414,0.0
2022-06-30,-0.00154895017743939,0.9936732516502149,0.0948235727793516,0.0006464236188156294,0.0
2022-07-01,0.003695180350457905,0.9973450535244884,0.09833155134209162,0.0026156583609241793,0.0
2022-07-05,0.004947439840133683,1.0022793581766558,0.10871076127242242,0.06336650573675347,0.0
2022-07-06,0.00045458503773487813,1.0027349793765135,0.10000093755918549,0.0632572545588633,0.0
2022-07-07,0.0014260681924858076,1.0041649478360952,0.09980960439533709,0.002313866773734817,0.0
2022-07-08,0.00038070062290995743,1.0045472340572408,0.10082332719444831,0.0006714287681992013,0.0
2022-07-11,-0.0011257861177064177,1.0034163287265587,0.1001289315148958,0.00031891203433949194,0.0
2022-07-12,0.0003649647056995775,1.0037825402716665,0.09983748649417218,0.0006199442743099019,0.0
2022-07-13,-0.0004976402205710828,1.0032830177069203,0.10179575739075045,0.002410054225648044,0.0
2022-07-14,-4.660590796734532e-06,1.0032783418153215,0.10128195816937281,0.0005105951339296967,0.0
2022-07-15,0.002434221959115357,1.0057205439860732,0.05003862828901772,0.05345316779670367,0.0
2022-07-18,-0.00147362251057781,1.0042384915531049,0.09828405559229353,0.05047106256307107,0.0
2022-07-19,0.0036116486528208203,1.0078654481482334,0.10178282391845767,0.000716610092673779,0.0
2022-07-20,0.001024290247762405,1.0088977948978284,0.10160831639309002,0.0010961064371665464,0.0
2022-07-21,0.00039865376115511,1.0092999957983855,0.10116061325712393,0.0008071512480710584,0.0
2022-07-22,-0.0032298050643341236,1.0060401535605235,0.14748884061737755,0.05096187713494938,0.0
2022-07-25,-0.00011976732103313736,1.0059196628264797,0.19903442913655664,0.05209152839126476,5.922042459788613e-06
2022-07-26,-0.0014234044555848646,1.004487832296452,0.19871245110849414,0.001726524783845007,5.917333999700255e-06
2022-07-27,0.0009207209837625019,1.0054126853215815,0.23928316701439073,0.058010935786792776,5.812390715424254e-06
2022-07-28,0.0007142520343332848,1.0061308033774168,0.3305044053021988,0.15874481411303487,9.973755608284501e-06
2022-07-29,0.002108630513928622,1.008252361490422,0.27251505527169706,0.11953581543150867,7.191957106741894e-06
2022-08-01,-0.0013787232610882327,1.006862260506588,0.3105452505843462,0.07715941775753125,1.0132004456529417e-05
2022-08-02,-0.0012264635809349222,1.005627380613059,0.35452047600588504,0.10422016371395976,1.2599404190196348e-05
2022-08-03,0.0027812371427087257,1.0084242688357448,0.3911231807748789,0.09838103441164886,1.553471681373328e-05
2022-08-04,-0.0004650968220822893,1.0079552539129986,0.3886976820654662,0.005644839534819876,1.5545274737688333e-05
2022-08-05,0.001412942792006211,1.0093794370236797,0.4107403417985982,0.021327799617744354,1.6322166991459547e-05
2022-08-08,-0.00277872071150409,1.0065746534762556,0.4080466405130302,0.004981703668907841,1.6224731989055282e-05
2022-08-09,-0.0034613643831480356,1.0030905318217334,0.40158581118245906,0.004865414849468134,1.5859529328602484e-05
2022-08-10,0.002914905188148298,1.006014445617123,0.41108251614281205,0.005978668474994669,1.6354715745140314e-05
2022-08-11,0.000341513412827954,1.0063580130438,0.4028891979498758,0.009353125983976826,1.5941533713284548e-05
2022-08-12,0.0028001245690276733,1.0091759408413616,0.4078281679633951,0.0031230278912507702,1.617414498457877e-05
2022-08-15,0.0018386863861230562,1.0110314989049896,0.43224246977027475,0.09041756043025485,1.8661735454479706e-05
2022-08-16,0.0006379675332255363,1.0116765041763593,0.443506558990282,0.01099918819468486,1.9220811065301552e-05
2022-08-17,0.00187112021572311,1.0135694725350959,0.4378207985254859,0.00426134516643144,1.8809972940876356e-05
2022-08-18,0.0013065271941827827,1.0148937286141564,0.41618627347953613,0.09346079020958355,1.654031139824088e-05
2022-08-19,-0.0015513256210932802,1.0133192979702703,0.3999303243150533,0.06217418259208793,1.7257791565530558e-05
2022-08-22,-0.0030962839032641076,1.0101817737390981,0.26865036922405294,0.17078498207867532,8.680989192033037e-06
2022-08-23,0.00099895852043419,1.0111909034291622,0.27024958115488285,0.001528244469964104,8.73753547888392e-06
2022-08-24,-0.00200375613014403,1.0091647234576702,0.27258381877092414,0.050787033375834775,9.806636258503238e-06
2022-08-25,0.00217739973890696,1.011362078463041,0.21919373131332323,0.1049161338448453,7.491961517308704e-06
2022-08-26,-0.0008126088018869382,1.0105402367361873,0.33295665016869413,0.19402002094926038,1.6864786186951606e-05
2022-08-29,-0.0021376729706636954,1.0083800321863483,0.24988042527035945,0.11037719096299549,1.195830021683937e-05
2022-08-30,-0.0009482472204047632,1.007423838623716,0.2443046774967044,0.003353946255599742,1.1625373311750654e-05
2022-08-31,-0.0002137938132488193,1.007208457639699,0.14809520215235078,0.1032002636182435,5.8398727428805875e-06
2022-09-01,0.0008185534075115797,1.0080329115547744,0.19819887464511546,0.057040793663757625,5.8382694842429396e-06
2022-09-02,-0.00010023826122251833,1.007931868088465,0.19603037302373655,0.003324105915820809,5.7611352843442065e-06
2022-09-06,-0.00042554855864307406,1.0075029441347896,0.2463902382790885,0.051995211043572416,5.797965119124116e-06
2022-09-07,0.0017268152351104238,1.00924271556814,0.25090850040492724,0.002305257067580551,5.9928394286713015e-06
2022-09-08,0.003456989296071411,1.0127316568329972,0.2570532506828011,0.001519904888631156,6.187216520031946e-06
2022-09-09,0.004775933909957786,1.0175683962945536,0.2529948534184601,0.010476489097831622,6.0267586385529886e-06
2022-09-12,0.0017000196276248936,1.019298282540705,0.2493111409300676,0.005775510392832259,5.960549127307837e-06
2022-09-13,-0.005762154075094839,1.013424928788226,0.2443145993011467,0.009079833021455899,5.662973235388627e-06
2022-09-14,0.001355321723519154,1.0147984456093686,0.24920821842507104,0.00392326029619231,5.895782941663005e-06
2022-09-15,-0.003468562591044222,1.011278553683478,0.24739870688432794,0.0029201301180196352,5.913040211195517e-06
2022-09-16,-0.0034497368708032994,1.0077899087701836,0.20238563221468805,0.053948103599274,6.165233618992401e-06
2022-09-19,0.0010103384345103716,1.0088081176489259,0.20436567000752226,0.002656945256033679,6.12163044806266e-06
2022-09-20,-0.0015412326806406584,1.0072533096095098,0.149596341338144,0.05198663963885753,5.934659838798003e-06
2022-09-21,-0.0023526352594055444,1.0048836099581695,0.14835820015757337,0.00011612111064484716,5.9740040521947835e-06
2022-09-22,-0.0001674012386668755,1.0047153911971465,0.14587026921649265,0.0029913189117726177,5.720562072636626e-06
2022-09-23,-0.001038254071175304,1.0036722413518635,0.1502344155029875,0.005546310977109244,5.998372924003806e-06
2022-09-26,-0.0009355480768210578,1.002733257716708,0.09917443150697774,0.051232832535896576,0.0
2022-09-27,0.0012852549225845777,1.0040220255722276,0.09916317659008343,0.0011752699745345985,0.0
2022-09-28,0.0015606625536823682,1.0055889651506105,0.10130974442247434,0.00092381006745089,0.0
2022-09-29,-0.002183217878532817,1.0033935453434384,0.09955933933990414,0.00021571092793496837,0.0
2022-09-30,-0.0005667719543369643,1.002824850022775,0.04946553098132327,0.05210074193278701,0.0
2022-10-03,0.0020936413832544076,1.0049244056289386,0.10137950981036288,0.05001905418893581,0.0
2022-10-04,0.0034506205677835577,1.0083920184520694,0.050354607891652296,0.054160858945637914,0.0
2022-10-05,0.0007393395329393648,1.0091375625360115,0.05165887820804079,0.0006034309833996975,0.0
2022-10-06,-0.00011002830689188503,1.0090265288385847,0.050192054483783353,0.0013634241530136942,0.0
2022-10-07,-0.0014768101070113948,1.0075363882625532,0.04942319234540881,0.0006351947390622249,0.0
2022-10-10,-0.0014432245099144092,1.006082287052382,0.048484964091553354,0.00043473918674665055,0.0
2022-10-11,0.0023296854486547502,1.0084261423166772,0.05287093796057053,0.002179894121789528,0.0
2022-10-12,-0.0009024906464241145,1.0075160471556268,0.049246138661932726,0.0027684366789274962,0.0
2022-10-13,0.00210525021280783,1.0096371205283086,0.053235778518650655,0.001998078043408215,0.0
2022-10-14,-0.0019148377320509224,1.0077038292742417,0.0478281377118684,0.0035848573761920895,0.0
2022-10-17,0.0010717066082042148,1.0087837921271876,0.09945290986452579,0.050548120212152506,0.0
2022-10-18,-0.0008027632559955977,1.007973977565624,0.09715054658749159,0.0015746594720576605,0.0
2022-10-19,0.0003004632496395043,1.0082768367024755,0.10068905358986063,0.0032681793945637094,0.0
2022-10-20,-0.00018140538922228888,1.0080939298504696,0.14926210823238326,0.051330395931343704,0.0
2022-10-21,0.0064170048606839725,1.014562873498346,0.16666468281379493,0.11679082471250285,0.0
2022-10-24,0.0009925736239670968,1.0155699018464368,0.15530340122959393,0.012191375262786823,0.0
2022-10-25,0.0014540978942976235,1.0170466399022238,0.1565230243228863,0.0010920466567414329,0.0
2022-10-26,0.0025392252512748126,1.0196291504119877,0.18241110851906656,0.07920165730523314,0.0
2022-10-27,-0.0017899985552479736,1.0178040157058614,0.2644245506470086,0.13886871533186876,5.282062631645894e-06
2022-10-28,0.005544595735683,1.0234473275111051,0.2702260182951027,0.004199503078320449,5.304874381083786e-06
2022-10-31,-0.0014785971527953023,1.0219340612066112,0.2552417836122352,0.05482663820924661,5.0418842409881295e-06
2022-11-01,-0.0004274351726158976,1.0214972506447573,0.256072016994496,0.002144901318346245,5.12682266912748e-06
2022-11-02,-0.005275390584998485,1.016108453666104,0.2554458129756797,0.003591238809636871,5.160013471488754e-06
2022-11-03,-0.0017982555225678487,1.0142812310277711,0.25514566712115255,0.005295819906731914,5.13938234401566e-06
2022-11-04,0.0029813231146123,1.0173051311065517,0.2540966770449729,0.006709514668899689,5.125163671405745e-06
2022-11-07,0.0009422498904365639,1.0182636867548776,0.2527521787604483,0.006357541587889694,5.0795744344320874e-06
2022-11-08,0.0013018545500207424,1.0195893179686002,0.25384669842708674,0.003235450869276767,5.067865397083095e-06
2022-11-09,-0.0038593328679144,1.0156543834019895,0.25339424545093514,0.00486268835391004,5.006969603773483e-06
2022-11-10,0.010156518084259991,1.0259698955143697,0.25785991524733637,0.007898419695583603,5.139134416033056e-06
2022-11-11,0.00134889564770857,1.0273538218411091,0.24034474483644525,0.020973042437456013,4.84526878599822e-06
2022-11-14,-0.0002582750121145061,1.0270884820203272,0.22650362461062426,0.025771938606820224,4.867932014755901e-06
2022-11-15,0.002814487598495674,1.0299792098155311,0.22533626043616295,0.004004811524822269,4.8227849467830125e-06
2022-11-16,-0.0034687764767329377,1.026406442160999,0.2238573031486532,0.00416638830484879,4.82312191183366e-06
2022-11-17,0.0004994972785670182,1.0269191293855622,0.24589471433969068,0.06009499483105375,5.883729082522652e-06
2022-11-18,0.0011776960129588065,1.0281285279498706,0.2764793664286725,0.12879287606545636,7.305356829201625e-06
2022-11-21,-0.0002411162933807498,1.0278806294100924,0.23576758031645056,0.1252395420068889,5.108202029315062e-06
2022-11-22,0.00298680182619937,1.0309507051511295,0.23824693542895237,0.0024494344501611517,5.097080262831105e-06
2022-11-23,0.0003521825933456846,1.0313137880440812,0.20565894482180036,0.1082250054631131,4.477106512694186e-06
2022-11-25,-0.001104941844717211,1.0301742462846375,0.13139305992641812,0.11343608336769256,0.0
2022-11-28,-0.0022459239528145325,1.0278605532693341,0.13775961795179173,0.0083088730245077,0.0
2022-11-29,-0.00017086339003602458,1.0276849295307182,0.14023087639191123,0.048439873944538504,0.0
2022-11-30,0.00469988714318581,1.0325149327182654,0.14584397812857317,0.0015988661984273355,0.0
2022-12-01,0.001919995140096331,1.0344973563711615,0.1392248869104692,0.05437391039143544,0.0
2022-12-02,-0.0013974089136762347,1.033051740544194,0.13963058791858834,0.0037764222409632387,0.0
2022-12-05,-0.002544246541336559,1.0304234022262926,0.13710090813979223,0.0014233452013709077,0.0
2022-12-06,-0.002536594168981554,1.0278096362326232,0.13561176638473296,0.0015529375068089012,0.0
2022-12-07,-0.0006560172670483366,1.027135375364016,0.13711689732013446,0.0020704283503217404,0.0
2022-12-08,0.00126014032563182,1.0284297100703952,0.13868445994249634,0.0012861714417429877,0.0
2022-12-09,-0.0014630743816615999,1.0269250409082515,0.1394944834598338,0.03799963087476305,0.0
2022-12-12,0.002767001015165249,1.0297665435389434,0.14332021218730548,0.03379851723647138,0.0
2022-12-13,0.001489476253714983,1.0313003563524148,0.14260696512119073,0.0027482560460142433,0.0
2022-12-14,-0.0013325141000365415,1.0299261340862025,0.14457547521139374,0.0031071762555124694,0.0
2022-12-15,-0.005950456914973312,1.0237976029997176,0.14296688899213625,0.0034970557981645355,0.0
2022-12-16,-0.0009107934033263376,1.022865134896564,0.1423783411049031,0.001318790740003304,0.0
2022-12-19,-0.001550911559403012,1.0212787615351426,0.13569505116457278,0.03965833555043391,0.0
2022-12-20,0.0005863761054045735,1.0218776149978641,0.1404813150317453,0.07140290384619284,0.0
2022-12-21,0.0014367779893131871,1.023345826262865,0.14003337036106162,0.0016835810084861575,0.0
2022-12-22,-0.0025046181052522654,1.0207827357784727,0.13397862820712395,0.08800516949484938,0.0
2022-12-23,-0.001243691815120962,1.0195131966449682,0.19830154880435386,0.06339084669310921,4.802686661062985e-06
2022-12-27,-0.0001488680658046082,1.0193614236873214,0.19738002107048863,0.0019586112951284883,4.727683140614165e-06
2022-12-28,-0.0009256341348042874,1.0184178679578537,0.19526555047334812,0.0010538032055381148,4.621076721782111e-06
2022-12-29,0.0035780609951423514,1.0220618292079497,0.20233772950789133,0.002389698748360541,4.852142309300607e-06
2022-12-30,0.00024576201536730125,1.022313013182926,0.20186862915555923,0.08098955034245049,6.0159341858426615e-06
2023-01-03,-0.00047631344225085304,1.021826071752559,0.19852531345754432,0.00376159467230546,5.930000992220143e-06
2023-01-04,-0.004587578293291372,1.0171383646462677,0.19896315241407062,0.0035317215493021925,6.081404092361312e-06
2023-01-05,-0.0021102720497581107,1.014991925984618,0.20061000316160538,0.004484929797280455,6.042939875193019e-06
2023-01-06,0.00429583653601906,1.0193521653840272,0.20512768917830418,0.0039207441548894766,6.096265651968512e-06
2023-01-09,0.00074637793943233,1.0201129873527823,0.19877413228763305,0.006231929616925994,5.904173716632019e-06
2023-01-10,-0.0009058122831231419,1.0191889564786647,0.15154148894239153,0.05242178352679338,6.063511111409532e-06
2023-01-11,0.0003798307365678877,1.0195760757707057,0.1016872984486929,0.05171907042753815,6.025916626538236e-06
2023-01-12,0.0011688349235798867,1.020767791895313,0.0993811801067832,0.0020063814564157114,5.8663313423947695e-06
2023-01-13,-1.617505166773281e-05,1.0207512809235384,0.1004865969931232,0.001689357705124253,5.973360936619742e-06
2023-01-17,0.0002776330060236809,1.0210346751700636,0.14975714097338827,0.05085532693149486,5.9199482929338234e-06
2023-01-18,-0.0022432175331494886,1.0187442722847686,0.197438656720934,0.05112565670399693,1.1814116433730923e-05
2023-01-19,-0.0009935824880999977,1.0177320658159743,0.15139505582822294,0.05204534473657193,1.2055091233344678e-05
2023-01-20,0.00033319499220385573,1.0180711690437094,0.15037413033009667,0.0024874402215563926,1.1870669537798669e-05
2023-01-23,-0.005575399953816618,1.012395015094841,0.2076678999265697,0.05316383185732738,1.8553236267592984e-05
2023-01-24,4.1121674498656446e-05,1.0124366464731158,0.20300380462614798,0.00545936802156143,1.8113648426707274e-05
2023-01-25,0.0008070848567740541,1.0132537687589274,0.20330679555228548,0.10093154243522055,1.2110404213979299e-05
2023-01-26,-0.0011569953254700893,1.0120814388849584,0.3489196307523077,0.1540311202507026,1.7826738220136762e-05
2023-01-27,0.0013866055378168873,1.013484796612838,0.34824060380275906,0.25238500713970796,1.1276219011389553e-05
2023-01-30,-0.003922404030184068,1.0095094997620735,0.33420317163735647,0.06631759611791314,9.987399326614857e-06
2023-01-31,0.00304076946342402,1.0125791854219865,0.3363612346096331,0.005333614728984368,1.001654852184022e-05
2023-02-01,0.0056877688604823895,1.0183385017816025,0.3406615134525952,0.0031178165781214303,1.0124955916427145e-05
2023-02-02,0.0038810956182000478,1.0222907708787115,0.3285793657356732,0.015021340552009281,9.70818940396592e-06
2023-02-03,-0.003284901849431754,1.018932646034795,0.32617952768396496,0.003364810962585446,9.7661006657899e-06
2023-02-06,-0.0025691878574086724,1.016314816653085,0.3342606238783581,0.01011646100094287,9.967082701877171e-06
2023-02-07,0.0010776634977269772,1.0174100620331912,0.3404663733253297,0.0030883476058019815,1.0202668107532942e-05
2023-02-08,-0.0021983216377053916,1.0151734674794044,0.34246187501701275,0.003620726815808507,1.0259027803622016e-05
2023-02-09,-0.0012575851074133615,1.013896800445261,0.3352910676951188,0.004334909738938894,9.930368129307211e-06
2023-02-10,-0.0002928870209892853,1.013599843231788,0.3395113127266086,0.0060248924172456916,1.0070405424123842e-05
2023-02-13,0.0004110541743171936,1.0140164876784357,0.350798720488587,0.007984851392599765,1.0513801403345985e-05
2023-02-14,0.00083858060154407,1.0148668222346486,0.3982162650690445,0.10419205564390895,1.292834536732823e-05
2023-02-15,-0.00025065241824651086,1.0146124434114574,0.32356367533367414,0.1323342363637684,7.011989091882008e-06
2023-02-16,-0.0021515503391756896,1.0124294536647036,0.3071824040655258,0.06329048676040741,6.032565537644264e-06
2023-02-17,-0.00158814400305618,1.0108215698993486,0.30760297306802736,0.0028318601976324883,6.119299449145308e-06
2023-02-21,-0.005642980393261832,1.0051175235993204,0.2501265840799762,0.05123670736234484,2.694676878675063e-06
2023-02-22,-0.00022566120089639874,1.004890707571903,0.24600331014340357,0.004132794765879446,2.6717061902180364e-06
2023-02-23,0.0017945787205839725,1.006694063052224,0.23185997344558476,0.05824680096775924,2.5216871517131653e-06
2023-02-24,-0.0021995659270214185,1.0044797730921997,0.17903034260896727,0.07498913824844236,0.0
2023-02-27,0.0009227813771357507,1.0054066883205188,0.1924373339270537,0.19343131861684318,0.0
2023-02-28,-0.0004393881501048025,1.0049649245356347,0.22790969373680106,0.11289446001284789,5.429655758778013e-06
2023-03-01,-0.0010667378536254324,1.0038928904090667,0.22805865069626233,0.001684780296264616,5.45037541122356e-06
2023-03-02,-0.00013621681350728387,1.0037561433184325,0.23101491042140815,0.0021115590259451794,5.5300720994022554e-06
2023-03-03,0.0016967796921512068,1.0054592963582873,0.22338569548051362,0.0841450706156022,4.441123198172746e-06
2023-03-06,-0.0011109254179487715,1.00434230606925,0.23633264995330025,0.054628875958123,4.06607011535129e-06
2023-03-07,-0.0011592381874122593,1.0031780341148209,0.23248476184409425,0.060604681635787944,3.4368995978489343e-06
2023-03-08,0.003289813287920218,1.0064783025416015,0.24016702849312396,0.0051234362163631066,3.548518576984553e-06
2023-03-09,-0.00326946773822423,1.0031876542022191,0.2364428969520327,0.003418843950500165,3.5066315947317052e-06
2023-03-10,-0.002666708454161948,1.0005124452036471,0.237339598250795,0.0035931585635168143,3.573981895638506e-06
2023-03-13,0.0008535554777706622,1.0013664380818283,0.2417669557330012,0.004059583888328382,3.579249101883559e-06
2023-03-14,0.005511860019062231,1.0068858297163223,0.2536446277675653,0.007262236374061214,3.7317513499572845e-06
2023-03-15,-0.0009139945529721416,1.0059655415524968,0.2476672956921621,0.00418658165364541,3.6487516915501715e-06
2023-03-16,0.004915998524281262,1.0109108666702467,0.26319294228609535,0.07362179095469873,4.468560898620011e-06
2023-03-17,-0.001383388271128938,1.0095123844341383,0.25444837294877204,0.07039036331152894,4.977094323766684e-06
2023-03-20,0.0003958695159680392,1.009912019613128,0.25926170433568996,0.002338322182614626,5.191544987242988e-06
2023-03-21,0.0024246557375096067,1.0123607085858628,0.2734868041599628,0.011640076006170836,5.396918717397892e-06
2023-03-22,-0.003216543472734701,1.009104406356608,0.2705477469261082,0.0034769253804120114,5.36842771363834e-06
2023-03-23,0.0040486540121793535,1.0131899209601114,0.250614900925055,0.0686809280781335,5.892533927168053e-06
2023-03-24,0.00028767561146314513,1.0134813909901519,0.2688936183349959,0.07102655945383154,5.3741053379688085e-06
2023-03-27,-0.00119520881921642,1.0122700690935287,0.2499140982674576,0.07002876356350243,5.977098734575488e-06
2023-03-28,0.002587869760330541,1.0148896921946235,0.20056323348400626,0.05355093156502043,0.0
2023-03-29,0.0025600089555959382,1.0174878188955838,0.20203483243956205,0.00220353545183118,0.0
2023-03-30,0.0024640278411831584,1.0199949372094073,0.24919536644443824,0.05374475218536304,5.864838838298105e-06
2023-03-31,0.0040652318581524405,1.024141453123305,0.20136601151426517,0.05342091965039584,5.951235843395996e-06
2023-04-03,0.000139117480698836,1.0242839291021428,0.15011913496454982,0.051268957673846226,5.932324500838838e-06
2023-04-04,0.002033482260567432,1.0263667923017563,0.0980055525835501,0.05031572914486022,5.711867995779406e-06
2023-04-05,-0.0005951564132427034,1.0257559435229786,0.09942168534080786,0.0027051845820288438,5.9733246634317414e-06
2023-04-06,-0.0013916428178802898,1.0243284576312768,0.1017243649934913,0.0011918089851736772,6.120653632323206e-06
2023-04-10,-0.004014377653652201,1.0202164163609617,0.10247942647780764,0.0042070937538703545,6.155710223807911e-06
2023-04-11,0.0005708197129354886,1.020798776002881,0.10046769387269858,0.0030282703726732304,5.945824733146473e-06
2023-04-12,0.0009985427126033564,1.021818087181693,0.09723007371034748,0.0016574889879668248,5.730410335822463e-06
2023-04-13,-0.0006004434725785934,1.0212045431810821,0.10169525090747102,0.0032716690438666166,6.096559856851367e-06
2023-04-14,-0.0007808512986312577,1.020407134287371,0.098879735614019,0.0015420880250640702,5.900559293468869e-06
2023-04-17,0.00012498539263994246,1.0205346702737026,0.15044316394912677,0.05154774197894081,5.98284005589445e-06
2023-04-18,0.0010222987212007428,1.0215779615620644,0.148862078953777,0.0015177981393122504,5.820790522431721e-06
2023-04-19,0.0009404512545430066,1.022538705837629,0.24984652116415576,0.10272689642501452,5.919865099010751e-06
2023-04-20,-0.0015596394191793594,1.020943914164368,0.25200053641089554,0.002230775843137572,6.109434090048613e-06
2023-04-21,-0.000452067949492152,1.0204823781425452,0.35033959267095605,0.10211763663916061,1.1936158513589152e-05
2023-04-24,0.0010713113558662446,1.0215756325027108,0.3504482157643217,0.10219834184734629,1.1905833499902597e-05
2023-04-25,-2.7421356780021888e-05,1.0215476195128141,0.347489529986812,0.0030601773071364745,1.1746243440290921e-05
2023-04-26,-0.007293259042345679,1.0140972080996156,0.4491153058016487,0.10320758664117526,1.199980088135889e-05
2023-04-27,0.004532151366675619,1.018693250147246,0.5196278316570087,0.12141185837908047,1.1304443418342767e-05
2023-04-28,0.0007400126453478428,1.0194470960340856,0.40808830563106546,0.25042601842133894,4.120764107537221e-06
2023-05-01,0.0006157209862263091,1.0200747910054613,0.40346538174448154,0.005543356123748388,3.99582095571115e-06
2023-05-02,-0.002464000452514714,1.017561326258825,0.40949698631810866,0.00948865522358423,3.9741191337995835e-06
2023-05-03,-0.0030909085633095135,1.014416137241799,0.407247026021616,0.004189348437890529,3.989140310444159e-06
2023-05-04,-0.0040722244729956,1.0102852070219213,0.4137566344442115,0.009882727656165411,4.087243094451986e-06
2023-05-05,0.004953901132606742,1.015290060053243,0.4200250989087897,0.003706178009471255,4.158401705217399e-06
2023-05-08,-0.0005116845291149863,1.0147705518369496,0.41336480336444886,0.0069919496528259555,4.136816524762857e-06
2023-05-09,-0.0021934882992941107,1.0125446645050271,0.41698315182558326,0.003857755040085701,4.2506096181894715e-06
2023-05-10,0.001258297006071274,1.0138187464248873,0.4152719506736068,0.0049883083632359555,4.08318578864559e-06
2023-05-11,-0.0007113846746761299,1.0130975313057813,0.41730545305812417,0.005171857204215233,4.135085602912102e-06
2023-05-12,-0.0006930739529046326,1.0123953797950813,0.4192358202916797,0.0030576308805861556,4.167116211003764e-06
2023-05-15,0.0024166130365579352,1.014841947668045,0.4492650951759478,0.09286667404249227,4.995217765964973e-06
2023-05-16,-0.0014558322657345357,1.013364508016009,0.4498711423002688,0.006256688872198322,4.855046164394945e-06
2023-05-17,0.006283625258961534,1.0197321108351134,0.4515062987151283,0.16136362684114738,5.93636557761515e-06
2023-05-18,0.0035612952660382113,1.0233636779740576,0.4448982050605676,0.011187940002548453,5.97916662707506e-06
2023-05-19,0.00043122683205099044,1.0238049798509463,0.325382741647292,0.20123437380767348,0.0
2023-05-22,-7.11104823587494e-05,1.0237321765849878,0.27894511318053417,0.11609247674556046,0.0
2023-05-23,-0.005617331091071653,1.0179815340005265,0.2865002633010866,0.011575297764252934,0.0
2023-05-24,-0.0011582626278876518,1.016802444033814,0.2595154442038745,0.11767161386168377,0.0
2023-05-25,0.009605848435630726,1.0265696942001816,0.24746606291046194,0.15537954976861076,0.0
2023-05-26,0.004666464866800446,1.031360145611489,0.15303660454615722,0.10076515473699407,0.0
2023-05-30,-0.001589108312571752,1.0297212026308424,0.21024951973290007,0.11199552655036077,5.05943719181434e-06
2023-05-31,-0.004860517979682899,1.0247162242113945,0.2118983980941171,0.005384831367263686,5.1098522622146905e-06
2023-06-01,0.0029444855038847084,1.0277334862791805,0.2111977197497308,0.0044637447381738115,5.002431613229234e-06
2023-06-02,0.0012530990863857117,1.029021338171885,0.21368404312178402,0.06958740898784095,4.25118904397064e-06
2023-06-05,-0.001369425592962381,1.027612170015688,0.20692627182573206,0.06589773201771387,3.5831629823078724e-06
2023-06-06,0.000677378890936442,1.0283082528077259,0.2105787304148312,0.003914537765040262,3.5489376963373507e-06
2023-06-07,0.00017833872012351648,1.028491639985424,0.2099301929771495,0.0050993847086172285,3.579189681379469e-06
2023-06-08,0.0013928771754603275,1.0299242025159114,0.21468713061702407,0.0039034822313995135,3.677340539635101e-06
2023-06-09,-0.00025602338960062365,1.0296605178305516,0.21491554696886486,0.0021971428070080923,3.6690967264247463e-06
2023-06-12,0.005736083101458789,1.0355667361271188,0.22224468350601317,0.002413731707921299,3.7412452002001737e-06
2023-06-13,0.0019876014743278603,1.0376250300986098,0.21441117049750572,0.009512948354453281,3.643023381040595e-06
2023-06-14,0.0018940119595722837,1.0395903043151682,0.21732890329814292,0.0016862148574977376,3.6670003844439875e-06
2023-06-15,0.0008741278663453311,1.0404990391697526,0.217675583761619,0.0021335299823137897,3.671758118560197e-06
2023-06-16,-0.0008422569718881112,1.039622671599769,0.218106346386533,0.0030733654096639002,3.7056076184476976e-06
2023-06-20,-0.0009352938825805124,1.0386503188748297,0.20395719296279052,0.07137939032333022,3.460028457335381e-06
2023-06-21,-0.0022551449220908903,1.036308011882391,0.19888887246696457,0.05480523647119356,3.998644700345861e-06
2023-06-22,0.001918748085569133,1.0382964258962504,0.20289131799640417,0.00315028325270405,3.9984298082683725e-06
2023-06-23,-0.002244108480539575,1.0359663760815827,0.2159977660534349,0.046836949086618555,3.6812072486380933e-06
2023-06-26,2.8223380528658026e-05,1.0359956145548297,0.19827775209199197,0.043790456166880314,3.933529236595504e-06
2023-06-27,0.003358675877677575,1.0394751880348148,0.20254775578486225,0.0008417725780054574,4.01102670028591e-06
2023-06-28,-0.0007712450125605397,1.0386734979803625,0.20121818082130344,0.13367535524055216,0.0
2023-06-29,0.003381958338835256,1.0421862484781843,0.202082756609845,0.0018334516145677745,0.0
2023-06-30,0.0018327555648169902,1.0440963211246586,0.2004758471950384,0.0038096237702244387,0.0
2023-07-03,0.00038910462973840154,1.044502583837101,0.1506887717086073,0.050667249458047924,0.0
2023-07-05,-0.0004985254000198225,1.0439818727686718,0.10113784932918657,0.05073861482306658,0.0
2023-07-06,-0.0009348966373565748,1.0430058576263592,0.10027574186586415,0.0002313312382731604,0.0
2023-07-07,5.294139691569555e-05,1.0430610758134533,0.10016483042924128,0.0002382145465484956,0.0
2023-07-10,0.001582340959468409,1.04471155407694,0.10150266471482183,0.0005890131647211027,0.0
2023-07-11,0.0010508995595974735,1.045809440989026,0.10085952959328828,0.0015886838943780061,0.0
2023-07-12,0.0011214297187061018,1.0469822427762545,0.10004077951759291,0.001826937963206591,0.0
2023-07-13,0.001186092982270015,1.0482240610669726,0.10070583413888376,0.0004050327186860825,0.0
2023-07-14,-0.00014822114294055222,1.0480686920985836,0.09973888038900987,0.0008338143443972746,0.0
2023-07-17,0.002600844759325982,1.0507945560638419,0.20226786907178027,0.10042320640179077,0.0
2023-07-18,0.0031215012810319465,1.0540746126166967,0.2022721898745274,0.0024863507249091956,0.0
2023-07-19,0.00021256174057704413,1.0542986685510525,0.1495429190653725,0.05366384921015039,0.0
2023-07-20,-0.00032461700282027106,1.05395642527719,0.14973447905556092,0.0016876798668136897,0.0
2023-07-21,0.001022493400526736,1.0550340887664786,0.2507435845955248,0.10103468951554415,0.0
2023-07-24,0.0016240451409994527,1.0567475117519287,0.2010025787383892,0.05179293506132283,0.0
2023-07-25,0.0005114432153363602,1.0572879780971378,0.20066667463301519,0.00149344292925975,0.0
2023-07-26,-0.0006859052532186549,1.0565627787187961,0.24954195178998245,0.05108105143034677,0.0
2023-07-27,-0.003228031008421506,1.0531521613067478,0.4667562823316724,0.250066008626502,0.0
2023-07-28,0.001790609860133685,1.0550379459510049,0.4758291891132743,0.1506272110098351,0.0
2023-07-31,-0.001150381708805881,1.0538242495958867,0.47891796637762635,0.004995656366589824,0.0
2023-08-01,-0.0018820672653313553,1.05184088147231,0.4801256693967942,0.003571670982755178,0.0
2023-08-02,-0.004120630902535227,1.0475066334315652,0.47844569803202,0.0031429035908934026,0.0
2023-08-03,-0.00013882349411342698,1.0473612149006053,0.4791676228767134,0.0057477836726584335,0.0
2023-08-04,-0.003045583928460216,1.0441713884172115,0.4846808236860361,0.0070743067136218064,0.0
2023-08-07,0.006035387677500115,1.0504733675480629,0.4901006147786673,0.0031510700576382012,0.0
2023-08-08,-0.002587929777665088,1.0477548162395411,0.49319450939769366,0.00591453631257064,0.0
2023-08-09,-0.00228699799431209,1.0453586030762705,0.48876687525071155,0.003258905936767118,0.0
2023-08-10,0.0002904897409523599,1.0456622690260804,0.4911016453134904,0.003610875508318555,0.0
2023-08-11,-0.0006872236443834501,1.044943665190766,0.49306638351684384,0.0047806947523786536,0.0
2023-08-14,0.0020039564190821313,1.0470376867562041,0.46280062449316267,0.13352034897389797,0.0
2023-08-15,-0.0036761345131340883,1.0431886353793676,0.45989907442854855,0.0038904558734139836,0.0
2023-08-16,-0.0028912591281935462,1.0401725067148992,0.45832917473933954,0.0016332853639343399,0.0
2023-08-17,-0.0018868276285733954,1.0382098804907471,0.45947043584312147,0.002383570012601085,0.0
2023-08-18,0.0011146338520053867,1.0393671043690287,0.4308803238263013,0.15552202509257787,0.0
2023-08-21,0.003699472884219901,1.043212214788392,0.3856788543595322,0.12422994135716826,0.0
2023-08-22,-0.0012647597202170013,1.0418928019994893,0.35179798327465434,0.09737720033564376,0.0
2023-08-23,0.0019806832789610596,1.0439564616508796,0.3395768909358778,0.050618100137605246,0.0
2023-08-24,-0.005590714264424035,1.0381199993692904,0.2275359723767523,0.23329032899566732,0.0
2023-08-25,0.0009141041565434715,1.0390689491757048,0.1570818312446285,0.14980761025976094,0.0
2023-08-28,0.001746585189335459,1.0408837716130335,0.18604911476712385,0.027510293301709187,0.0
2023-08-29,0.004061960423341171,1.0451118002986237,0.19149452310353243,0.0021612280795263645,0.0
2023-08-30,0.0017581011938652136,1.0469492126024513,0.18733106030556018,0.0055925349089580405,0.0
2023-08-31,0.002176534732531321,1.0492279339268769,0.19074763923577542,0.0016540560393278375,0.0
2023-09-01,-0.00031991984839607746,1.048892265085322,0.17900930027899045,0.08351393726592952,0.0
2023-09-05,0.0007878151673090805,1.0497185983206294,0.20045891195427765,0.04572750985625002,0.0
2023-09-06,0.00016802122988623935,1.0498949733305536,0.20002899305770708,0.0018903073490607117,0.0
2023-09-07,-0.0024371131277413083,1.0473362605083,0.20013146076804586,0.003639659843110663,0.0
2023-09-08,0.0007512441265311587,1.04812306572251,0.20028686479078778,0.0013398411816719063,0.0
2023-09-11,0.0018427784351662257,1.0500545243054238,0.20033091771724326,0.002051470227834292,0.0
2023-09-12,-0.0032697885991742615,1.0466210679933385,0.19877792922632687,0.0026603886912709485,0.0
2023-09-13,0.0002515082837810656,1.0468843018619187,0.20060589021873088,0.0016790988136863897,0.0
2023-09-14,0.0008534285676904396,1.0477777428321944,0.20121917862277866,0.0023540514778945354,0.0
2023-09-15,-0.005629944282526722,1.0418788125195775,0.19971640273119773,0.0032791508975083053,0.0
2023-09-18,0.0010380456854357512,1.0429603303256603,0.1856261177720218,0.07625185715160879,0.0
2023-09-19,-0.00036910174266280293,1.0425753718502089,0.18059369004546033,0.057188676526916504,0.0
2023-09-20,-0.00325623704059097,1.0391804993067824,0.18790196241848867,0.08125048832187648,0.0
2023-09-21,-0.004024507423574519,1.0349983096728883,0.18886292793373505,0.005931287942231946,0.0
2023-09-22,0.0017092222898535958,1.036767351853742,0.1889420987072467,0.00288589030492948,0.0
2023-09-25,-0.0009905062489722338,1.0357404273130004,0.14939538799754098,0.055342052863200916,0.0
2023-09-26,-0.0011167301108927497,1.034583784790751,0.14978735813004496,0.0013419201453540198,0.0
2023-09-27,-0.00027056965251248677,1.0343038578156052,0.14899168427125764,0.001213620885446024,0.0
2023-09-28,0.0012868022724743522,1.0356348023702713,0.1513506514675909,0.0021989282331913705,0.0
2023-09-29,0.00146817051060677,1.0371552908468693,0.1502139056268134,0.0023826689909966815,0.0
2023-10-02,0.0003904435932302608,1.0375602414853653,0.10054410951807763,0.05076864475731634,0.0
2023-10-03,-0.0006368172315855958,1.0368995052447794,0.04903620830762793,0.05090728386230804,0.0
2023-10-04,0.0011078095462668802,1.038048192415209,0.0506017995758639,0.0005133388207361532,0.0
2023-10-05,-0.00018883071550424013,1.0378521770323073,0.04968922363865282,0.0007333931671442442,0.0
2023-10-06,0.0010008064466981992,1.038890866181801,0.05124413268673348,0.0006052730396598639,0.0
2023-10-09,0.00024220270959562917,1.0391424883645644,0.05066289718582926,0.0008119430220146809,0.0
2023-10-10,0.00032514673419048457,1.0394803621510147,0.05016191112513296,0.0008101023098306817,0.0
2023-10-11,0.0016038595855747406,1.0411475426938672,0.050997294706218506,0.0006866474836108338,0.0
2023-10-12,0.0008864889738400272,1.042070508510606,0.05050844120148639,0.0013307651829704244,0.0
2023-10-13,-0.0009704806158752355,1.041059199281721,0.049045650213845285,0.0005401602760295175,0.0
2023-10-16,-0.0017144661174230968,1.039274338558321,0.19840946786740277,0.24939622514368723,0.0
2023-10-17,0.00047865194484542073,1.0397717892416998,0.2008168114599969,0.002181357547096338,0.0
2023-10-18,-0.0033656933863430716,1.0362722362073429,0.29794137083470673,0.10123711784648314,0.0
2023-10-19,-0.0028012285776856105,1.0333694008050167,0.3487423901195445,0.052643554708175035,0.0
2023-10-20,-0.004176622894619841,1.029053406507015,0.3977784528794421,0.05249866537783405,0.0
2023-10-23,-0.005138974551371578,1.0237651272389732,0.39745952761234543,0.003320714371962904,0.0
2023-10-24,0.0008990486175435297,1.0246855418613066,0.39995066838785687,0.004274692058388603,0.0
2023-10-25,-0.0026965963896121714,1.0219223785286355,0.4488869535292167,0.12938107237993615,0.0
2023-10-26,-0.001631346394406652,1.0202552691410594,0.43862869671870064,0.1559588353508635,0.0
2023-10-27,-0.007187680410469577,1.0129220003293757,0.44126829096518855,0.008545539340909064,0.0
2023-10-30,0.007207347745015635,1.0202224814243264,0.4331885557581868,0.012139818209320056,0.0
2023-10-31,0.003966245782182298,1.0242689345381633,0.41203232917066196,0.02346217642849139,0.0
2023-11-01,0.0018417289858352337,1.0261553603241929,0.4140819187767264,0.0030230548512213736,0.0
2023-11-02,0.007976117478278644,1.034340096029104,0.41518737817243884,0.005466046961667954,0.0
2023-11-03,0.00468560509725191,1.03918660525535,0.3929917326538956,0.024971390629735017,0.0
2023-11-06,0.0019069106803917268,1.0411682412918315,0.39273207225831774,0.003565847086978271,0.0
2023-11-07,0.00037395123494676774,1.04155758744145,0.3945451292186986,0.003574144627051127,0.0
2023-11-08,0.001103548154040901,1.0427069963943982,0.3980280304522867,0.002814760591090889,0.0
2023-11-09,-0.002524805890910198,1.0400743636274083,0.3953553706566172,0.00298315083405072,0.0
2023-11-10,0.005911702358056825,1.046222973695419,0.39785785132610985,0.0030408495285043596,0.0
2023-11-13,-0.0004164249593153757,1.045787300336163,0.3665233319533052,0.2326037521066861,0.0
2023-11-14,0.006266987965562132,1.0523412367619076,0.3735275535769915,0.004230516201499045,0.0
2023-11-15,-0.0007779249596082671,1.0515225942478055,0.2992416648139456,0.11399174515094736,0.0
2023-11-16,0.002407367113082426,1.0540539951598606,0.2514231106481648,0.05056200775007771,0.0
2023-11-17,-0.0002907770421767264,1.0537475004568535,0.2820611219799258,0.15695054585311224,0.0
2023-11-20,0.005287193354866382,1.059318867238976,0.3035179932706762,0.017761223297346987,0.0
2023-11-21,0.0001545161303271314,1.0594825490911242,0.2955074094605353,0.008128900190350051,0.0
2023-11-22,0.0009830991020141067,1.0605241254337352,0.19952351467778068,0.101052868518456,0.0
2023-11-24,0.0007960776378577172,1.0613683849744016,0.10078415536329162,0.10020723524553748,0.0
2023-11-27,0.00012025611776023126,1.0614960210158921,0.10015027775929168,0.0007424956968537067,0.0
2023-11-28,0.0015413788683427132,1.063132188551516,0.10142771183254702,0.0009061755219669939,0.0
2023-11-29,0.0022018534832215497,1.065473049864003,0.10146318136639777,0.0019428346707534203,0.0
2023-11-30,0.0014108999653281717,1.0669763257531142,0.10117350180376183,0.0015655575093646633,0.0
2023-12-01,0.00027002097109307677,1.0672644317367272,0.10076913002521079,0.0006478853974457022,0.0
2023-12-04,-0.003176290050568853,1.063874490340876,0.14795464717642967,0.05055663452632695,0.0
2023-12-05,0.0009707691433256116,1.06490726686847,0.15174605393621773,0.0029696836788903097,0.0
2023-12-06,-0.0023783560230362655,1.0623745382563383,0.14757964962043751,0.002139124001567862,0.0
2023-12-07,0.0024047946963823286,1.0649293309115089,0.15174922477190167,0.002127911994084907,0.0
2023-12-08,0.0010260945728353121,1.0660220491184103,0.1513910988004427,0.0012302460716400157,0.0
2023-12-11,0.001674996912611082,1.067807632759459,0.15107466027335623,0.0017385436440274728,0.0
2023-12-12,0.0014344617646084856,1.0693393619806095,0.15118407865805858,0.0011086856347713194,0.0
2023-12-13,0.0016350344404867379,1.0710877686660158,0.1515415875131136,0.0018369685220907448,0.0
2023-12-14,-0.0005612938591885719,1.0704865736788116,0.14841258175768973,0.002648880282929789,0.0
2023-12-15,0.001326729084342615,1.0719068193505095,0.20119740629456215,0.05334938276451404,0.0
2023-12-18,0.0019468900757970697,1.0739937040992822,0.10167535974748747,0.10202087045908513,0.0
2023-12-19,0.0005737973650148387,1.0746099588567368,0.1002441367831896,0.0019478838490046705,0.0
2023-12-20,-0.0023703756126447484,1.0720627296171577,0.1482749386557882,0.05016646854288179,0.0
2023-12-21,0.0036782822368510715,1.0760060789122985,0.15198340819032544,0.00103862289510898,0.0
2023-12-22,0.0009662274939705728,1.0770457455694231,0.15041199128447044,0.0030378074771758717,0.0
2023-12-26,0.0006636258360179781,1.0777605009527562,0.1504326164250182,0.0009201550266582919,0.0
2023-12-27,4.151949478559125e-05,1.0778052490242556,0.14987197996394946,0.000719668058255321,0.0
2023-12-28,-0.0007386045500659133,1.0770091771632413,0.14938031858697226,0.0001365432897238379,0.0
2023-12-29,-0.0001239091523743685,1.0768757258689996,0.14975293543506593,0.0004776516277764672,0.0
2024-01-02,-0.003084085168167272,1.0735545494148877,0.14879093549318922,0.0016651429399935842,0.0
2024-01-03,-0.0020115054242464403,1.0713950886155152,0.09917509567385041,0.05154499211720019,0.0
2024-01-04,-0.0005379218496466276,1.070818761787745,0.09957875802391451,0.000887636675956867,0.0
2024-01-05,-0.00028315659731437126,1.0705155523908167,0.09990410320589112,0.0006681394374822201,0.0
2024-01-08,0.0019651614830793473,1.0726192883214125,0.10172017034468521,0.0008315810531322856,0.0
2024-01-09,0.0008361712677555921,1.0735161817515473,0.10107266700303885,0.0014003589759939254,0.0
2024-01-10,0.0007894737349185554,1.0743636945810502,0.10052809092980083,0.0012550585630341628,0.0
2024-01-11,0.0009311848596404992,1.0753641257871915,0.10100178679853532,0.0007175474732959631,0.0
2024-01-12,0.001120412025352735,1.0765689766853563,0.10067422388647959,0.0013353506968593947,0.0
2024-01-16,-0.0005878276217008427,1.0759361397041944,0.20027023117812387,0.10079820100681214,0.0
2024-01-17,0.00018532477946275883,1.0761355373320012,0.20107166557598888,0.10082618603982742,0.0
2024-01-18,-0.00023737085391073443,1.075880094120581,0.20082115529848138,0.00314879863597504,0.0
2024-01-19,0.0018657236270152033,1.077887389032017,0.20123071092358177,0.002161764987291109,0.0
2024-01-22,0.0018505458316784296,1.079882069046809,0.15098245567255733,0.05417488101941549,0.0
2024-01-23,0.00018266376868747436,1.080079324375279,0.1507487215437155,0.002086512486956882,0.0
2024-01-24,-0.0006338170407039767,1.079394751694178,0.1990124940003055,0.051282109521342926,0.0
2024-01-25,0.0007590834872130969,1.0802141024263734,0.25191052262829927,0.05386264601924859,0.0
2024-01-26,0.0007645880730178245,1.0810400212453943,0.3508664444995409,0.10278194032585276,0.0
2024-01-29,0.0013306486770121584,1.0824785057194617,0.39813840981578363,0.05290799452418636,0.0
2024-01-30,0.001562600983645801,1.0841699876972744,0.3975809535547326,0.004966976327667376,0.0
2024-01-31,-0.003968192862632169,1.079867792090214,0.39851329809396946,0.003916307255442437,0.0
2024-02-01,0.00031618571246982974,1.0802092308574294,0.3689899926011002,0.17739541928737595,0.0
2024-02-02,0.0030567881581549106,1.083511201642644,0.3590644929506373,0.07677159324802316,0.0
2024-02-05,-0.001260976135216474,1.082144919875133,0.37795428032090067,0.043378423173533256,0.0
2024-02-06,0.0004294881955066998,1.0826096883440468,0.3953378191898544,0.017101509257923468,0.0
2024-02-07,0.003532242119862028,1.0864337278845864,0.402068655236679,0.005210888949425841,0.0
2024-02-08,0.0025923363550570677,1.0892501295347417,0.4015514706797181,0.0031936379917127827,0.0
2024-02-09,0.00412592612845164,1.0937442951046084,0.4011190449334007,0.003998006312487194,0.0
2024-02-12,0.0005638691688627517,1.0943610237912373,0.39662790837204825,0.005771076475950822,0.0
2024-02-13,-0.0066559509054406885,1.087077010544055,0.3498882757500082,0.09107149466118097,0.0
2024-02-14,0.003173132317843219,1.0905264497381968,0.3268627575835337,0.0904639507803826,0.0
2024-02-15,0.002274108470321279,1.0930064251746558,0.3117268086922123,0.07327169321662537,0.0
2024-02-16,-0.0005885593594762151,1.0923631260131517,0.3289660316773234,0.03740786291170911,0.0
2024-02-20,-0.0022860745973383167,1.089865902419704,0.32957707802968145,0.005911349172609923,0.0
2024-02-21,-0.0013612276192516148,1.0883823468520497,0.3326213168038871,0.00440288114656179,0.0
2024-02-22,0.006676513657908334,1.0956489464558337,0.2877731912157583,0.09715159098576609,0.0
2024-02-23,0.0009540278861173146,1.0966942261041477,0.26857975893412983,0.0282873008427877,0.0
2024-02-26,0.006049045147607401,1.1033281789909721,0.2656716220646356,0.09022696168313508,0.0
2024-02-27,0.0016259538786285166,1.1051221397230027,0.2574526027930505,0.048942851940960236,0.0
2024-02-28,-0.0003024612585801334,1.1047878830897373,0.25856416440926716,0.0027895495390200986,0.0
2024-02-29,0.0024743794044255196,1.1075215474739135,0.2583742172613097,0.0021668272642821357,0.0
2024-03-01,0.002582689952933759,1.110381932247232,0.24048123750087425,0.11031996035455607,0.0
2024-03-04,-8.050972644790821e-05,1.110292535701614,0.19896551516551922,0.10819023399349492,0.0
2024-03-05,-0.004376738436264516,1.1054330756851112,0.16348014487637444,0.0360214146379596,0.0
2024-03-06,0.000470212350085486,1.1059528639694913,0.1607892436638997,0.0030803843290083746,0.0
2024-03-07,0.0013619720258490897,1.1074591408321255,0.16438158633421138,0.052350473478792785,0.0
2024-03-08,-0.002037062179734872,1.1052031777007347,0.16332733010860806,0.001495003610737458,0.0
2024-03-11,-0.00031802464233909866,1.1048516958554344,0.1820904386075984,0.0717731061986752,0.0
2024-03-12,0.0014301290335843042,1.106431776343482,0.1816879346296161,0.0023274275291302244,0.0
2024-03-13,0.0002322775411438549,1.1066887755959345,0.18248504316724065,0.004169112197123906,0.0
2024-03-14,-0.0002657842966345969,1.1063946350981193,0.1786606218461113,0.04315310540478793,0.0
2024-03-15,-0.0032339261177503076,1.1028166365911367,0.17554593649736092,0.04813209628375241,0.0
2024-03-18,0.0021231582798857396,1.1051580908643108,0.15931037658371364,0.07088558849139714,0.0
2024-03-19,0.00019745987523567265,1.1053763152430487,0.15979820601943567,0.002107075034539918,0.0
2024-03-20,0.0026507672391349324,1.1083064105664107,0.16145844432677048,0.0015594899251906047,0.0
2024-03-21,0.0023612845135991822,1.1109234373300039,0.16128261570799338,0.05119944753005626,0.0
2024-03-22,-0.002173594804287249,1.1085087399186624,0.1777436021353676,0.0841164180015695,0.0
2024-03-25,0.0015403385767978062,1.1102162186934768,0.18293341562115062,0.003963777653030901,0.0
2024-03-26,0.0010268187159045983,1.111356209485532,0.18389592259592497,0.0033597756703151994,0.0
2024-03-27,-0.0012097600932826635,1.1100117350938745,0.18187247719156832,0.001654910996947342,0.0
2024-03-28,0.0007540854643983685,1.1108487788086205,0.18369203734229236,0.002490193483217091,0.0
2024-04-01,0.0019824728020838567,1.1130510062998367,0.18493839567451306,0.001305297839823823,0.0
2024-04-02,-0.0015263201566583229,1.1113521341135324,0.20713831043466993,0.07735527417736729,0.0
2024-04-03,0.001300892144813659,1.1127978833749226,0.20743689227578907,0.0016599077923134973,0.0
2024-04-04,-0.004324053159942998,1.1079860861709374,0.20554584225030445,0.004789246892249554,0.0
2024-04-05,0.001103718034349166,1.1092089903960523,0.21965290126510997,0.08074403753166012,0.0
2024-04-08,-0.0006115136046731529,1.1085306940079993,0.2173673929962094,0.0027380617102025283,0.0
2024-04-09,0.0018688044787280589,1.110602321133769,0.14990560452449342,0.10842406851616694,0.0
2024-04-10,-0.0020100023800753153,1.108370007824973,0.15007943808127927,0.002805717056816067,0.0
2024-04-11,0.00198471616097029,1.110569807691838,0.15121176622699276,0.0017972939041301897,0.0
2024-04-12,-0.004570255796476852,1.1054942195908422,0.1479881318046634,0.0026630968794493547,0.0
2024-04-15,-0.003181559050114968,1.1019770244516531,0.24700263859809526,0.10127315798219871,0.0
2024-04-16,-0.002507727291572892,1.0992135665927494,0.24878363561240446,0.10282142227648483,0.0
2024-04-17,0.0008616177362827937,1.1001606684976883,0.3742706267082523,0.15660144880051177,0.0
2024-04-18,0.002171198072582925,1.1025493352206621,0.3756914646178073,0.006217304116072854,0.0
2024-04-19,0.00304326054095716,1.1059046801069976,0.37602446298685116,0.007107650329463863,0.0
2024-04-22,0.005386782561819237,1.1118619481528322,0.35280144145461956,0.15824386730503678,0.0
2024-04-23,0.0028622757974625657,1.1150444036971496,0.35115920295688074,0.005390842047672186,0.0
2024-04-24,-0.0005125330866967426,1.1144729065471188,0.35115527368124483,0.0033184284224847967,0.0
2024-04-25,-0.0005735200523857564,1.1138337339873734,0.4068636114108278,0.12474698354107569,0.0
2024-04-26,0.0021802360733607085,1.1162621544739386,0.3845904290550105,0.2151507997230202,0.0
2024-04-29,0.0014315662243424843,1.1178601576717953,0.38289540432482744,0.004025589633635624,0.0
2024-04-30,-0.004904238608156475,1.1123779047280213,0.38075744147186735,0.0034352710140505374,0.0
2024-05-01,-0.0004343638819459539,1.1118947279431328,0.37731967724169524,0.004578434269476111,0.0
2024-05-02,0.0030852215710446274,1.1153251695425137,0.39199690701998957,0.012748938255483764,0.0
2024-05-03,0.004071186560665296,1.1198658663835268,0.3908360700002516,0.004961405670497393,0.0
2024-05-06,0.004053957620401949,1.1244057551463804,0.3872872861171455,0.006022560001927014,0.0
2024-05-07,2.0369226434224785e-05,1.1244286584218108,0.3850928054666029,0.0031710655286216237,0.0
2024-05-08,0.0022824920233965873,1.126995157865537,0.387883091748977,0.0035102850482217817,0.0
2024-05-09,0.003020265511982201,1.1303989824730092,0.38799177138161806,0.0033080397195606724,0.0
2024-05-10,0.0018987431321872972,1.1325453197776114,0.3842241951955575,0.005092801364569381,0.0
2024-05-13,0.00037100543226076255,1.1329655002435304,0.3783639923873787,0.12226032924163456,0.0
2024-05-14,0.0019484960334843482,1.1351730790268295,0.3804958625153004,0.07630185581512466,0.0
2024-05-15,0.007635944176338283,1.1438411972887605,0.30362264479204715,0.17092108796725888,0.0
2024-05-16,5.109804361747017e-05,1.143899645336151,0.2962074793687356,0.007454977638949729,0.0
2024-05-17,0.0008516157939424396,1.1448738083408043,0.3619723342487156,0.11601864578347142,0.0
2024-05-20,0.003496005424165727,1.148876293384749,0.32333983370642877,0.049805256194701705,0.0
2024-05-21,0.002551587030526603,1.151807751234629,0.3220506088292329,0.0044477359361274945,0.0
2024-05-22,0.0016094642758344158,1.1536615446628704,0.32070509524275626,0.002847586565769184,0.0
2024-05-23,-0.004638614633421412,1.1483101533397817,0.29407527447222753,0.1608214943915583,0.0
2024-05-24,-0.00029984526045834237,1.1479658379827666,0.1492841654554796,0.14709166674406982,0.0
2024-05-28,-0.00019866453296957243,1.1477377778856988,0.1505553465530484,0.0017482591448459935,0.0
2024-05-29,-0.001454882852011563,1.146067953874047,0.14998410946775537,0.000666060290311398,0.0
2024-05-30,0.0004241165850094042,1.1465540203008329,0.15023751191525828,0.0005812048800001007,0.0
2024-05-31,0.0020604131635038048,1.1489163952969288,0.1518547188190336,0.0005463252967786457,0.0
2024-06-03,0.0011100063127527093,1.1501916997485335,0.19794160938570443,0.052005817514222605,5.783495149170821e-06
2024-06-04,0.0026050853343349,1.1531880472772222,0.19965845456996675,0.002873414081534885,5.837176087296982e-06
2024-06-05,-0.002552355043081711,1.1502447019491326,0.2017797948918319,0.0015166456601065834,6.159761488130785e-06
2024-06-06,0.00186398575332003,1.1523887416863976,0.19960934004302147,0.004314639445499988,5.834142770649987e-06
2024-06-07,-0.0038505820607830366,1.1479513742706116,0.24735491207340154,0.051622720728827905,5.950476541780139e-06
2024-06-10,-3.72281799390084e-05,1.147908638130289,0.25332366719437754,0.0037709590639636264,6.165366546015642e-06
2024-06-11,-0.0006344850671204938,1.1471803072409767,0.2516442238339445,0.003037927332532798,6.071385279532705e-06
2024-06-12,0.0009684436363777138,1.148291286709302,0.2510397430447064,0.005898444205428431,6.090172957579484e-06
2024-06-13,-0.0008965222969494757,1.1472618179673744,0.24871794428396107,0.004677015628212919,5.815109576571488e-06
2024-06-14,-0.0021905185060741017,1.1447487197238047,0.250667690297325,0.0033370183208974243,6.041421110419527e-06
2024-06-17,0.0005503604629182313,1.145378744159117,0.19937781093923482,0.15372455856363487,5.822216701444039e-06
2024-06-18,-0.0004292771003372442,1.1448870592930365,0.20137031402765176,0.0028768696211495057,6.000778699907795e-06
2024-06-20,-0.0008519124569325021,1.143911715745444,0.19959181956548497,0.002209744171693046,5.96132781264046e-06
2024-06-21,0.003835887645232905,1.148299632563109,0.2006627628813504,0.0008758105879450563,5.865887505797363e-06
2024-06-24,0.0005798372723637701,1.1489654594899108,0.1455764735271013,0.05241448082042897,5.659916996604627e-06
2024-06-25,0.00016310267375474474,1.1491528588284055,0.1503366729853645,0.003918035644803133,5.963727534675249e-06
2024-06-26,0.0004748266700902448,1.1496985072537875,0.15070016787126847,0.0003763162228871591,5.968991484226226e-06
2024-06-27,0.001867363525456689,1.1518454123115052,0.15226496572680054,0.001416089494493471,6.042937837729623e-06
2024-06-28,-2.297160295827716e-05,1.1518189525760243,0.15092417963268567,0.0030362101716582737,6.003041706387809e-06
2024-07-01,-0.000843705545978013,1.1508471565377734,0.15096307992310032,0.0008236029465572665,6.033102857563631e-06
2024-07-02,0.00029874912209759685,1.1511909711154575,0.10028858185363074,0.05204947733129701,0.0
2024-07-03,-0.00010365605701467828,1.1510716431985208,0.10006832646622833,0.0006245415843427532,0.0
2024-07-05,0.0005302982494577169,1.1516820544759094,0.10075886517549922,0.0014102158700030007,0.0
2024-07-08,0.0011586539962953335,1.1530164554907896,0.10053231598090001,0.0012686362032515968,0.0
2024-07-09,-0.0010525084033442544,1.1518028959821913,0.049416929678314306,0.05019865074930131,0.0
2024-07-10,-0.000128884430301901,1.1516544465221226,0.049986538699593096,0.0006917842322489391,0.0
2024-07-11,-0.0006134153921961705,1.1509480039581348,0.04946321678477056,5.972502623096207e-05,0.0
2024-07-12,0.00013091779115859126,1.1510986835285513,0.05033788300483408,0.0007501319162617232,0.0
2024-07-15,0.0005951697018735658,1.151783782588854,0.05046440699717087,0.0004387836184001729,0.0
2024-07-16,7.257888563239057e-05,1.1518673777722837,0.050163185070809455,0.0003703818725356405,0.0
2024-07-17,-0.0002560621423794984,1.1515724281437942,0.0,0.04994363075109761,0.0
2024-07-18,-8.284109333944745e-05,1.1514770306247872,0.049945045815127626,0.04999875003124922,0.0
2024-07-19,-0.000231491029591524,1.1512104740214169,0.049447320172583846,0.00027772285291403106,0.0
2024-07-22,-0.00014592099584109786,1.151042488242625,0.04983731180106697,0.0005283626164217802,0.0
2024-07-23,-0.0006137259042713339,1.1503360636506734,0.04970247292404198,0.00044829396824244623,0.0
2024-07-24,0.0018140650419420368,1.1524228480902274,0.10153208260987706,0.05016793315071947,0.0
2024-07-25,-0.0004143988566789325,1.1519452853795682,0.20111393642337214,0.10174922866009653,6.046795152599232e-06
2024-07-26,0.003459589014674025,1.155930542634373,0.39619277809243303,0.2023177493577105,5.84402515588449e-06
2024-07-29,-0.007136967570274599,1.1476807038381014,0.3992839785982297,0.0025008635664790857,6.142934483505859e-06
2024-07-30,0.002298104495784603,1.150318194023317,0.3830154405263089,0.013735357600788957,5.51229274356692e-06
2024-07-31,0.00275395301843373,1.1534861162859067,0.3960167164823967,0.0077399172907068,5.99483003138988e-06
2024-08-01,-0.0014090120655722016,1.15186084043059,0.3776381646116339,0.0968506329336888,4.835316888359488e-06
2024-08-02,-0.007084585989295067,1.1437003832588577,0.3388032815916439,0.09974369940460297,3.933923943308936e-06
2024-08-05,-0.006239465077402584,1.1365643046585021,0.39884392190137036,0.07752475443173702,8.525037703105046e-06
2024-08-06,0.0016882120715073778,1.138483066237671,0.4011801246226503,0.01591114213612086,7.97311371440112e-06
2024-08-07,0.00211311088104682,1.1408888071928254,0.38949826149807404,0.007046207103249611,7.395988031605252e-06
2024-08-08,0.007492039204400225,1.1494363908641754,0.40590803309460927,0.006943194623079782,8.133714067470065e-06
2024-08-09,0.0006191109896174218,1.1501480195656255,0.39101737159507527,0.016967038347388365,7.857488631931528e-06
2024-08-12,0.0015873604293634713,1.1519737190197947,0.3873424176126035,0.003222067258684066,7.621653129378673e-06
2024-08-13,0.00297605565218384,1.1554020569174508,0.40114024700861783,0.006783287319207876,8.127226280879575e-06
2024-08-14,0.0024657926941300534,1.1582510388681806,0.39102026667584716,0.00978264775618392,7.594943290112603e-06
2024-08-15,0.0038923476821191016,1.1627593546146313,0.3536199957221037,0.04420279293366913,7.726166630369876e-06
2024-08-16,-0.0028565230162341804,1.159437905755833,0.314782013495842,0.09169916011107383,6.381851365021334e-06
2024-08-19,0.0007490206413058864,1.1603063486795566,0.3140392932098162,0.0030846123266244176,6.281337697589151e-06
2024-08-20,0.0027016859921473735,1.1634411320883837,0.31183046742829357,0.0033300283980697014,5.990467415006436e-06
2024-08-21,-4.880158123177214e-05,1.1633843543214677,0.2827643800187294,0.033686034889119865,6.209000030171449e-06
2024-08-22,-0.0025000040100855436,1.1604758887703932,0.2181881961769561,0.10542810674709277,2.5628665827310637e-06
2024-08-23,0.002336369138216554,1.1631871888225607,0.18954953233826985,0.1424845707333905,3.879520464030503e-06
2024-08-26,-0.002645272449505076,1.160110241798351,0.1820946187192576,0.003800341697691418,3.5927039457994417e-06
2024-08-27,0.002609367439399657,1.1631373956894138,0.1867909914914358,0.004623174315592521,3.6033215858699318e-06
2024-08-28,-0.0010412218960295094,1.1619263115649312,0.18203358566969657,0.0036429708954206727,3.573042602494e-06
2024-08-29,0.0008742813890159074,1.1629421621145404,0.18738869658719348,0.06636577571950003,4.3790417858933565e-06
2024-08-30,0.0028802605611322196,1.1662917385589566,0.236875162027428,0.1258290028458098,5.5190247993869576e-06
2024-09-03,-0.007804056246535018,1.1571899322313735,0.13992967534152304,0.09743487765326171,0.0
2024-09-04,0.0026930319894604704,1.1603062817367542,0.14071613080247214,0.0035060465334749657,0.0
2024-09-05,-0.0011541529467802292,1.1589671108225201,0.13752279330392475,0.0026718202248967133,0.0
2024-09-06,-0.004056091157116137,1.1542662345729244,0.1355028348108406,0.0014855792962420588,0.0
2024-09-09,0.0011242995240736686,1.1555639755511091,0.12733821978692017,0.07285237268698494,0.0
2024-09-10,0.0016793909811703145,1.1575046192698148,0.12865300571817265,0.0013367884897791033,0.0
2024-09-11,0.004700437948433223,1.1629453979077176,0.14322424171239082,0.04519485744375778,0.0
2024-09-12,0.0019579675249783435,1.1652224072301438,0.1383468037256467,0.006565180666827998,0.0
2024-09-13,0.0021708902691910392,1.1677519772154432,0.1383994503507862,0.004070601340217434,0.0
2024-09-16,-0.0004026962951548807,1.1672817278205587,0.17014680226251186,0.08815297054088768,0.0
2024-09-17,-0.0012805666454647202,1.1657869457740513,0.171971806012136,0.0032452224617728754,0.0
2024-09-18,-0.0019899261767524212,1.1634671158141392,0.17187344307208,0.0019606632870535017,0.0
2024-09-19,0.006714262709671681,1.1712789396837793,0.17546258264068348,0.002039766487438431,0.0
2024-09-20,0.0006061954777292211,1.171988963680175,0.1699992646675224,0.06410472056932198,0.0
2024-09-23,-2.3102398895358256e-05,1.171961887923635,0.16894263931032882,0.001447775446274582,0.0
2024-09-24,0.0011118157222584912,1.1732648935765164,0.17170117530372558,0.0018352465612331151,0.0
2024-09-25,0.0003691393968714429,1.1736979918717017,0.17116231904410933,0.001158398074331527,0.0
2024-09-26,0.001152070394953908,1.175050174580754,0.17097110775969013,0.0022998069438079256,0.0
2024-09-27,-0.0010023255441281576,1.1738723917751395,0.17183901400641044,0.0016968253698236785,0.0
2024-09-30,0.00023753850870766868,1.174151231672495,0.1507075743582422,0.06446239911993844,0.0
2024-10-01,-0.0038601035585758003,1.1696188863248098,0.14686340936120656,0.0005513464587994355,0.0
2024-10-02,0.0014090576119272225,1.1712669467196397,0.15097926727301783,0.0029173305340113105,0.0
2024-10-03,-9.305533574865965e-05,1.1711579540806614,0.1507962053228406,0.0011183353914686024,0.0
2024-10-04,0.002927423279375896,1.1745864291392634,0.15061725630706488,0.002660929990137709,0.0
2024-10-07,-0.002775530670373394,1.171326328480183,0.09839068578410361,0.050427425454371594,0.0
2024-10-08,0.0021872111386112003,1.1738882664727834,0.1013387616532145,0.0011960737765400098,0.0
2024-10-09,-0.00018807041006307923,1.1736674928251396,0.04982754620087779,0.0513572140544497,0.0
2024-10-10,0.000970393982300255,1.1748064126973985,0.051260048130569225,0.0005117772987594312,0.0
2024-10-11,-0.0008047682162195535,1.1738609658362487,0.04911840427229635,0.0013769235248927126,0.0
2024-10-14,0.0013093684799005967,1.1753979823847003,0.050689477541425346,0.09971700404922838,0.0
2024-10-15,0.0007063833804801245,1.1762282639849067,0.05009059618035457,0.0012697402788195142,0.0
2024-10-16,0.0014150833059309864,1.1778927249652358,0.15110201018308608,0.10024660132407677,0.0
2024-10-17,0.00021237951518915388,1.1781428852511087,0.14975354142737493,0.001550593357693888,0.0
2024-10-18,-0.00014641061983644565,1.1779703926210232,0.14991609669410036,0.0007041003249685632,0.0
2024-10-21,-0.0016196230140921308,1.176062524663215,0.1486173102439801,0.0003348882352598464,0.0
2024-10-22,0.0014589734030066026,1.1777783686069714,0.15148098764213488,0.0016253616598330104,0.0
2024-10-23,0.0005916668462455643,1.1784752210199014,0.1507959664172036,0.0011884708225861971,0.0
2024-10-24,0.0007205531877567672,1.1793243750970996,0.34245002890936455,0.1994005859219514,0.0
2024-10-25,-0.00015682791368953897,1.17913942411579,0.2535303486282994,0.24152400402376134,0.0
2024-10-28,-0.0007161454513195942,1.178294988780738,0.25347690750718954,0.00338605073626001,0.0
2024-10-29,0.0008805589386846613,1.179332546965516,0.2557754564478149,0.002752775575035061,0.0
2024-10-30,-0.0015527512594655235,1.1775013368678866,0.257758460319282,0.0035127745207663235,0.0
2024-10-31,-0.0030468833927366212,1.1739136275996587,0.30152510454812176,0.055208285664804214,0.0
2024-11-01,0.00019545937659293244,1.1741430800254833,0.31749348485337947,0.015811091339479822,0.0
2024-11-04,-0.0021428911302316944,1.1716270192336737,0.3326136191241217,0.016554717566442875,0.0
2024-11-05,0.0038525612331954395,1.1761407840677378,0.33505135046293394,0.0026635057407252425,0.0
2024-11-06,0.014418426278558272,1.193098883256024,0.33251966490276147,0.013634721906196101,0.0
2024-11-07,0.0010065419964007116,1.19429978738788,0.30275856267279333,0.03045365686450887,0.0
2024-11-08,0.0025491535636430473,1.197344240946958,0.3039628283399709,0.0035820252023391896,0.0
2024-11-11,-0.0011838109401226538,1.195926811735432,0.30367066409000826,0.059501449669092515,0.0
2024-11-12,-0.0037377413742427645,1.1914567466106423,0.30582916351863304,0.005170864601703456,0.0
2024-11-13,-0.001336625978166417,1.1898642145712608,0.26971241189997713,0.06725944925317605,0.0
2024-11-14,-0.0024158060656523928,1.1869897333843968,0.2737313655684714,0.0057678407439206445,0.0
2024-11-15,-0.004303156620566462,1.1818819306546393,0.2867430349844459,0.036263633543021576,0.0
2024-11-18,0.002971009158458493,1.1853933126948308,0.2642632403447545,0.06862824496164999,0.0
2024-11-19,0.000565511284376985,1.1860636659895847,0.26476730692044137,0.0028831297029849024,0.0
2024-11-20,5.51288966257335e-05,1.1861290523708186,0.26359010802512417,0.003733170288283976,0.0
2024-11-21,0.005105266650285767,1.1921845574648224,0.22189572514010655,0.1305705464510383,0.0
2024-11-22,0.00210360492313022,1.1946924427691852,0.25150656890994594,0.19345316005198765,0.0
2024-11-25,-0.00019012798375572793,1.1944652983038333,0.24880939396940585,0.002552061794420972,0.0
2024-11-26,0.0023315534179471076,1.197250257952713,0.25094046090901545,0.0019242726173704804,0.0
2024-11-27,-0.0005391098515623582,1.196604808543865,0.2498781925366017,0.003145304514676423,0.0
2024-11-29,0.0008139608109241081,1.197578797964183,0.18042952891148192,0.16064979962520476,0.0
2024-12-02,0.0029797124761736793,1.201147238449678,0.18447254092734044,0.001612021997179219,0.0
2024-12-03,0.0010262981212814104,1.2023799736038812,0.19677437138321863,0.011483360920904372,0.0
2024-12-04,0.002448664642129561,1.2053241989316497,0.19633933045425647,0.003024171678316859,0.0
2024-12-05,-0.002697145155437619,1.2020732646077694,0.18082002745523412,0.0857842134840606,0.0
2024-12-06,0.0007582526824727598,1.2029847398851872,0.18820178013721212,0.006763063156833865,0.0
2024-12-09,-0.005070833905797323,1.1968846040780206,0.18514826607635299,0.0018089786289897912,0.0
2024-12-10,-0.0022559609216817877,1.194184479183458,0.17819772461346653,0.06883041077098413,0.0
2024-12-11,0.004758414228643648,1.19986690360083,0.18469785839698138,0.003268662298502519,0.0
2024-12-12,-0.0010110056281907864,1.1986538314082098,0.17997348524710277,0.00390107959458728,0.0
2024-12-13,0.00400586894778332,1.2034554815705896,0.18854190733541062,0.06999048070415322,0.0
2024-12-16,0.004811867741061349,1.2092463501801625,0.15462762693728088,0.09847793682152285,0.0
2024-12-17,-0.006257481227353701,1.201679513844664,0.1327120187832393,0.043446660933535886,0.0
2024-12-18,-0.007729693823277706,1.1923908991289396,0.12512273826558842,0.003737804881690319,0.0
2024-12-19,0.0002798480020651528,1.1927245873397414,0.1248327235190037,0.0012674792845423102,0.0
2024-12-20,0.0023488368687738514,1.1955261028247781,0.15182510128272242,0.03468230425271693,0.0
2024-12-23,0.001401418486964623,1.1972015352069254,0.14988892657030167,0.004843624760927292,0.0
2024-12-24,0.002210582224352109,1.199848047639621,0.1495555971861947,0.0027121917729511303,0.0
2024-12-26,0.0006332298972748784,1.2006078272955731,0.14968383971101049,0.0005442435960670408,0.0
2024-12-27,-0.0024052598490592603,1.1977200534941128,0.14794366371003753,0.0015328714112985533,0.0
2024-12-30,-0.0021373159567082967,1.1951601473121103,0.14220480145861988,0.05374836209869591,0.0
2024-12-31,-0.001097865853374791,1.193848021797062,0.13985102961503182,0.001409733808843948,0.0
2025-01-02,0.00042062190583824766,1.1943501804272714,0.14163921335718993,0.001424880600149874,0.0
2025-01-03,0.0012170760802716618,1.1958037954633376,0.1436629470928848,0.003718078918259577,0.0
2025-01-06,0.0015251774432984977,1.197627608438789,0.14973657535452203,0.08022072318316771,0.0
2025-01-07,-0.00189296929253302,1.1953605361521245,0.14732777809642975,0.0010055891010620239,0.0
2025-01-08,-1.4077092915898426e-05,1.195343708950789,0.14977091842485496,0.004335639957022107,0.0
2025-01-10,-0.0038502486316528417,1.1907413384710464,0.148387688359972,0.0018984622461481733,0.0
2025-01-13,0.0004917184231343352,1.1913268479243602,0.1519578798552721,0.0031573364035649225,0.0
2025-01-14,0.0003756402024062133,1.1917743581826465,0.14995037425615984,0.0023269696848136636,0.0
2025-01-15,0.0019125043532151054,1.194053631830721,0.09955688008997413,0.0520151721310994,0.0
2025-01-16,0.0021366513282088384,1.1966049081091248,0.18548860090044827,0.1936071980033373,0.0
2025-01-17,0.0023955739132124343,1.199471463611413,0.1920570108153583,0.07174471840916734,0.0
2025-01-21,0.0020309910302671597,1.2019075793950693,0.19282680037020322,0.002452752273926214,0.0
2025-01-22,-0.0007239821293303361,1.2010374197864806,0.18993596024333154,0.0024884754243899355,0.0
2025-01-23,0.0013965119980599017,1.2027146829533313,0.18559980361954015,0.0794706831658483,0.0
2025-01-24,-0.0008837148647814486,1.2016518261099145,0.1858871791913725,0.0016184912796013702,0.0
2025-01-27,-0.0038139748038595878,1.1970687563221194,0.19615159080919303,0.05206366783100958,0.0
2025-01-28,4.805678149200077e-06,1.1970745090492847,0.2205329985094684,0.03871338814531103,0.0
2025-01-29,0.0010742893488200345,1.1983605134441004,0.2404106348541992,0.03958930479594,3.4890918707329953e-06
2025-01-30,0.0012906428779233536,1.1999071689059617,0.24471414800657706,0.0036775113091010335,3.725277248763683e-06
2025-01-31,-0.0010852658638332846,1.1986049506157792,0.279077600750029,0.1175868263684562,2.9771742041133903e-06
2025-02-03,0.0007091243124062174,1.1994549105272314,0.2922197924773039,0.035247478070630216,2.89279288878266e-06
2025-02-04,0.0012926292232104952,1.2010053609965023,0.2899515366611111,0.004802006077035785,2.8606771061214113e-06
2025-02-05,0.0011027049520575538,1.2023297155555208,0.2939645167101089,0.0028370310713142295,2.9933753464914842e-06
2025-02-06,0.001240075094735893,1.203820694691442,0.2930986174660234,0.003156047564042514,2.94190453769597e-06
2025-02-07,-0.0011286511257607712,1.2024620011091645,0.29200704362313895,0.002542880705023022,2.8594665822734574e-06
2025-02-10,-0.00010228543938428647,1.2023390067550381,0.2940647506861706,0.0025126231337262283,2.8910762567881993e-06
2025-02-11,0.0011509274631125166,1.203722811737884,0.38307997773884866,0.08828129043587386,3.8009860054332727e-06
2025-02-12,-0.0010947886193813927,1.2024049897027036,0.38712861879003985,0.003840970368722627,3.9740973537145034e-06
2025-02-13,0.001710008133854135,1.204461112015282,0.38414136131900056,0.003949361301040882,3.774670913987298e-06
2025-02-14,0.0018269610843217876,1.206661615594513,0.3194830161557423,0.22525714656864698,3.124624735842241e-06
2025-02-18,-0.0016832652564764405,1.204630484020659,0.28808466093658597,0.07860850746160683,2.8567025001843045e-06
2025-02-19,0.0013218555530580822,1.2062228315153447,0.28968193472001785,0.005385373443936335,2.8807126399386447e-06
2025-02-20,-0.0005240483050277245,1.2055907124850034,0.28716606322277377,0.004421336164083367,2.7936169583109336e-06
2025-02-21,-0.005952704079136173,1.1984141877330252,0.308512658260526,0.07468083458608636,3.3248103336872038e-06
2025-02-24,-0.003298996278167099,1.1944606237879913,0.31239363920758556,0.04776413500978145,3.1657534676959266e-06
2025-02-25,-0.003803082842201322,1.189917991083978,0.31366592321623155,0.05969757537329144,3.1014249512887896e-06
2025-02-26,0.002830791738084537,1.1932864011021367,0.2892301284917479,0.027452182092394306,3.0262952983760604e-06
2025-02-27,-0.004792014765917951,1.187568155048086,0.26505575901863176,0.07034352319782891,0.0
2025-02-28,0.004338144504318242,1.1927199973134113,0.26928777474476595,0.006302548623557938,0.0
2025-03-03,-0.005750777126779627,1.1858609304342087,0.22452733220346624,0.10659068769180789,0.0
2025-03-04,-0.0006887773146514453,1.1850441363269941,0.22695733892038664,0.059789050300212074,0.0
2025-03-05,0.0034304842464862872,1.1891094115680547,0.22803735619971588,0.0036452453926927057,0.0
2025-03-06,-0.006728952408945332,1.1811079509285842,0.2073477122377502,0.06776145301731822,0.0
2025-03-07,-0.0008496858972891763,1.1801043801595041,0.2032059346118992,0.004595556823512501,0.0
2025-03-10,-0.012013230074239156,1.1659275147290307,0.1750661746894814,0.058525741610905506,0.0
2025-03-11,0.0012247454671405755,1.1673554791677097,0.16738180011179332,0.009983015544895406,0.0
2025-03-12,0.0034461098045823757,1.1713783143299026,0.15585003531984898,0.04570743094832678,0.0
2025-03-13,-0.004017581480374233,1.1666722065077388,0.15352326649840434,0.0015366205476863692,0.0
2025-03-14,0.006161824084520706,1.1738610354085393,0.16741745423143242,0.021187481491052037,0.0
2025-03-17,0.0026498473972069725,1.1769715880178993,0.16925434718825874,0.09132740408167613,0.0
2025-03-18,-0.0024200694994689353,1.1741232349759956,0.16402170530978186,0.03856564222453648,0.0
2025-03-19,0.0028811212070987136,1.1775060263280324,0.16600289940797164,0.001436346421994481,0.0
2025-03-20,-0.0008811780415211024,1.1764684338738733,0.16891246367677212,0.0036903154121083383,0.0
2025-03-21,-0.0004366571146035003,1.175954720562116,0.17277382666946095,0.004230161913346088,0.0
2025-03-24,0.0034825034704308866,1.1800499869575432,0.1621529760164872,0.03670024259909569,0.0
2025-03-25,0.001387164444404565,1.1816869103420709,0.13996357697976966,0.030947803116457732,0.0
2025-03-26,-0.004354570521727497,1.176541171356384,0.13536957183596263,0.002128344865434309,0.0
2025-03-27,-0.0029972744286271835,1.1730147545892504,0.11973711939837967,0.04242692687924488,0.0
2025-03-28,-0.0027165733717502416,1.1698281739422631,0.11910670063220852,0.0017623170193526029,0.0
2025-03-31,-0.0013220224835219785,1.168281634794454,0.12253270071457682,0.004598038565557499,0.0
2025-04-01,0.001570301111228245,1.1701161887437994,0.12222268517275227,0.0016888793494793887,0.0
2025-04-02,0.0034071677554483593,1.1741029708922155,0.1260501229787563,0.0008513483836776381,0.0
2025-04-03,-0.0118143707337649,1.16023168311448,0.109164470608705,0.0537861605431563,0.0
2025-04-04,-0.005296901929700226,1.1540860496732916,0.10322554847076858,0.003387210113515646,0.0
2025-04-07,0.001823936672857851,1.1561910295429245,0.10519150151103775,0.06826945981704571,0.0
2025-04-08,-0.0008301904898526669,1.155231170745745,0.09597558407786999,0.008438906083410712,0.0
2025-04-09,0.0032840960480344794,1.1590250608681574,0.053618013412100554,0.04827291372902553,0.0
2025-04-10,-0.0020529793347977554,1.1566456063696824,0.048560859884394944,0.003107098098094534,0.0
2025-04-11,0.00016845363313300332,1.1568404475243226,0.0,0.048744290977764906,0.0
2025-04-14,-7.249769154438201e-05,1.156756579262392,0.049954873327718106,0.04999875003124922,0.0
2025-04-15,0.0011362602523683485,1.1580709557850735,0.050822901169458715,0.00021053299387969202,0.0
2025-04-16,-0.0016607262855971028,1.1561477169082146,0.14906451956011088,0.10033431025494668,0.0
2025-04-17,0.0018285906631623217,1.1582618378285894,0.15101585670351497,0.0012122365865760247,0.0
2025-04-21,-0.0013695495794190382,1.156675540815734,0.14942203823296632,0.0019830487489478125,0.0
2025-04-22,0.005135662233195726,1.1626158357067626,0.18077042668177332,0.06186678710944583,0.0
2025-04-23,0.0014432283457461725,1.164293755836068,0.17290033894686016,0.009049645956669352,0.0
2025-04-24,0.004429046835360273,1.1694504674107835,0.21771480056660586,0.19632057561444152,2.909106275762321e-06
2025-04-25,-0.0011930744983257302,1.1680552258810606,0.1906220085884231,0.12343465919098877,2.0314341696458024e-06
2025-04-28,0.0007392637904968247,1.168918726814855,0.18846834461420406,0.003707984947863563,1.8524431177981512e-06
2025-04-29,0.0007642504502773928,1.169812073478161,0.19185804831651998,0.002454662385355717,1.929154922164817e-06
2025-04-30,0.0014564256394047348,1.1715158177752598,0.1930366537150608,0.002721479328337293,1.9033127249534718e-06
2025-05-01,0.0007606880740076427,1.1724069758863527,0.19003587713425055,0.004423704373089685,1.8890621179158956e-06
2025-05-02,0.0034195549014655047,1.1764160859072572,0.19228436454804732,0.0014731393769827563,1.9102536903326003e-06
2025-05-05,0.00015023578669426385,1.1765928257034033,0.19047363759131714,0.0015587490011908147,1.8536523926101767e-06
2025-05-06,-2.5216841648578736e-05,1.1765631557484326,0.19074728022955068,0.0019515880217805908,1.897635891725361e-06
2025-05-07,0.0017527477556198434,1.1786253741790156,0.19098098905016647,0.0013447890561077076,1.8776550428616644e-06
2025-05-08,-0.0009031842636429976,1.1775608582883268,0.18953384913720472,0.002019785647237315,1.9222623504448183e-06
2025-05-09,0.00027154175760024657,1.1778806152334678,0.19065181767060962,0.0028957274072719916,1.9382773903785857e-06
2025-05-12,0.0030244269081143305,1.181443029060726,0.19042243124168629,0.007039017657568011,1.8653367686587394e-06
2025-05-13,0.001213709971797261,1.1828769582462075,0.19750323608418083,0.036212781395678344,2.2056519203504925e-06
2025-05-14,-0.0008432717728548145,1.1818794714965581,0.19516768125365622,0.0046491160552202945,2.143258057975811e-06
2025-05-15,0.002337923898791061,1.1846426157584604,0.18454700287614575,0.059011676389977535,2.4371939398532013e-06
2025-05-16,0.0007635158314274193,1.1855471091501757,0.18446287014651488,0.06836848440277925,2.011289242314387e-06
2025-05-19,0.0010339988587231286,1.1867729635079995,0.1746543064879369,0.038580159972505336,1.7384595675194721e-06
2025-05-20,-0.0002583528873559837,1.1864663572862413,0.17356839147589123,0.02797624632898868,1.856179313095955e-06
2025-05-21,-0.0014599944549689159,1.1847341229835961,0.1726336500238967,0.0015999103485591845,1.8258200837538513e-06
2025-05-22,-0.0009772705805639603,1.183576317179414,0.1279459968677258,0.11268970773441607,0.0
2025-05-23,-0.0007353870891716463,1.182705930436711,0.12025929991513215,0.11899565040516527,0.0
2025-05-27,0.002419320512968559,1.185567275155026,0.12013227252544317,0.002252619472956588,0.0
2025-05-28,-0.0005119262765159727,1.1849603521142966,0.1185905338027756,0.0010908907044361981,0.0
2025-05-29,-0.0005265399074094734,1.1843364232002105,0.1175104091411916,0.0007933739143674862,0.0
2025-05-30,-0.00026022070577413903,1.1840282343402913,0.12020529990933916,0.0029230935205477723,0.0
2025-06-02,0.001025765060128192,1.1852427691332827,0.1218715086423211,0.0018107943955146168,0.0
2025-06-03,0.0015834042701174944,1.1871194875950541,0.12250868777656064,0.0007528854018285783,0.0
2025-06-04,1.9442645160072658e-05,1.1871425683380141,0.12021176550569056,0.002313870201665294,0.0
2025-06-05,0.00013891056996251372,1.1873074749888088,0.11614119519942272,0.050771393964435835,0.0
2025-06-06,0.0014874889172875605,1.1890735816992675,0.1178928285088053,0.00089896368872427,0.0
2025-06-09,0.0007354152201433095,1.1899480445091195,0.11748325676738905,0.0015316439900433397,0.0
2025-06-10,0.0010179414297433187,1.1911593419228674,0.12093726841394704,0.0025573114658472237,0.0
2025-06-11,-0.0004635928425943403,1.1906071289775626,0.11979962341053982,0.0014636487198907806,0.0
2025-06-12,0.0006018119045505532,1.191323650521424,0.12112737443124497,0.0016965514758776183,0.0
2025-06-13,-0.0005076542963923236,1.190718869951843,0.12143240124775367,0.039408817065558356,0.0
2025-06-16,0.0017611124745731122,1.1928158598074248,0.11273698068323212,0.07031202980113525,0.0
2025-06-17,-0.0014751599811300142,1.1910562655861796,0.11473686122165538,0.04885552820740986,0.0
2025-06-18,-0.00011260511331223633,1.190922146560432,0.11484639148689135,0.001790415998586613,0.0
2025-06-20,-0.001547564325053985,1.1890791179324984,0.11368505383240636,0.0011043628579690847,0.0
2025-06-23,0.0023173395126940832,1.191834617956203,0.12858887989788548,0.037662390127144084,0.0
2025-06-24,0.0018163729359355063,1.1939994341003697,0.13749954985433976,0.05891954470778649,0.0
2025-06-25,-0.00034905517838235145,1.1935826624149113,0.13649692548162548,0.0017367310513985202,0.0
2025-06-26,0.0010450877105201428,1.194830060986891,0.13764121952054728,0.001923831973347762,0.0
2025-06-27,-0.0008847835678579274,1.193772894982547,0.13753523711000173,0.13859341921003965,0.0
