date,return,nav,gross,turnover,borrow
2021-08-11,2.6836864022161677e-05,1.0000268368640222,0.6001306952489547,0.5998200539838047,0.0
2021-08-12,0.0001149657524071035,1.0001418057017495,0.6002425825506094,0.0036872642350336557,0.0
2021-08-13,0.0032288637784467777,1.0033711273514903,0.5510131726903456,0.054447285191977404,0.0
2021-08-16,-0.00011405591744084731,1.0032566869370265,0.5504420220477751,0.005492242653345233,0.0
2021-08-17,-0.001491358192076353,1.0017604718582076,0.5006201883108208,0.054825938723391164,0.0
2021-08-18,-0.007109253555462769,0.9946387026619276,0.4972145663563234,0.002242475699132411,0.0
2021-08-19,0.0010735463369360154,0.9957064933977451,0.5517981025022841,0.054232579742261706,0.0
2021-08-20,0.004662895137273582,1.0003493683639613,0.6016407954155505,0.05662965992454684,0.0
2021-08-23,0.009530286836979318,1.0098829847816608,0.6022450123233125,0.10566621670047009,0.0
2021-08-24,-0.0012403991666440906,1.0086303267689296,0.5990871479377016,0.007168376258656931,0.0
2021-08-25,0.0019132264115986342,1.0105600649496433,0.6000388082698099,0.005254459704337994,0.0
2021-08-26,-0.003334758106382285,1.0071900915810663,0.5984363052633812,0.005260039144914984,0.0
2021-08-27,0.0072072372707328025,1.014449149547822,0.6022051505057843,0.003487529557827769,0.0
2021-08-30,-0.0003007734655521288,1.0141440301614861,0.5990360039778349,0.007067839660372459,0.0
2021-08-31,-0.002399857372027081,1.0117102291344058,0.5988783298057117,0.004748742410262507,0.0
2021-09-01,-0.001835747271254129,1.0098529848419724,0.5986857121743405,0.003676055812474082,0.0
2021-09-02,0.000499303348056257,1.0103572078183485,0.5994848506307654,0.004071500666358874,0.0
2021-09-03,0.0010317659958378744,1.0113996600290251,0.6008568986829707,0.004660090005072159,0.0
2021-09-07,-0.0023520278444219,1.009020819866798,0.598902412620934,0.004577528437429744,0.0
2021-09-08,-0.002801104930027609,1.0061944466737687,0.5991304215092862,0.003895605031635302,0.0
2021-09-09,-0.0009677434429389287,1.0052207085956786,0.549816175162527,0.0541157326703465,0.0
2021-09-10,0.00018066345370026937,1.0054023152406244,0.4980546049745929,0.05643269782140194,0.0
2021-09-13,0.0027830786671458885,1.0082004289760698,0.4996357937313198,0.0047440543429554454,0.0
2021-09-14,0.00016987875842389144,1.0083717008131867,0.49924263207364217,0.004241267399951713,0.0
2021-09-15,0.0037411354333494184,1.0121441559130857,0.5512186851243853,0.05389909873425425,0.0
2021-09-16,8.381260213186081e-06,1.0121526389566298,0.5508966762527866,0.002996273179130352,0.0
2021-09-17,-0.006723246402788097,1.005347687367692,0.44818546953749877,0.1025586345845342,0.0
2021-09-20,-0.0083551034307211,0.9969479034558988,0.4001029728308165,0.057777483772164386,0.0
2021-09-21,0.0018682758523422827,0.9988104771499687,0.349327489985035,0.052387401755454234,0.0
2021-09-22,0.006513642896789129,1.0053163719196951,0.35286535674814623,0.0018074368595067444,0.0
2021-09-23,0.006108075492173848,1.011456920212899,0.352536876683677,0.004276039690484905,0.0
2021-09-24,-0.0005717773091034051,1.0108785920967855,0.2014861589107299,0.1515790634421858,0.0
2021-09-27,-0.0005095424709998797,1.0103635065210876,0.20128566277037757,0.0013994946422188014,0.0
2021-09-28,-0.007672337486772984,1.0026116567147385,0.197352155876019,0.003472615420930653,0.0
2021-09-29,-0.002478805694754338,1.000126377230447,0.1974646597734803,0.0029256195440314245,0.0
2021-09-30,-0.0020176203870777565,0.9981085018620925,0.19720692209022345,0.0017033192937129778,0.0
2021-10-01,0.001658044476366305,0.9997634101504193,0.2007364979233379,0.00257223927110701,0.0
2021-10-04,-0.005184983529658571,0.994579653335234,0.1970187985248914,0.0024619672705927763,0.0
2021-10-05,0.004503288577734077,0.9990585325277453,0.2021732156200215,0.0016608438663062585,0.0
2021-10-06,0.0001255143654388391,0.9991839287254919,0.20217819986748517,0.0019292192095540974,0.0
2021-10-07,0.00228737598368145,1.001469438047339,0.19988252498041295,0.004117874643660652,0.0
2021-10-08,0.0005645960881157652,1.002034863774428,0.19974316936190784,0.0009680040942058708,0.0
2021-10-11,0.0004572568305298841,1.002493051060318,0.20117623142797172,0.0032711831141739645,0.0
2021-10-12,-0.001335665463497726,1.0011540557146204,0.19789732667300214,0.002250090749318475,0.0
2021-10-13,0.0017335828929068153,1.0028896392587714,0.19959973856124508,0.0011610077345728662,0.0
2021-10-14,0.003989464792278685,1.0068906321651354,0.20077204676567803,0.0020111154562852023,0.0
2021-10-15,0.0015718874253021209,1.0084733508884902,0.2507303727216868,0.15323324126266513,0.0
2021-10-18,0.001087949962178314,1.0095705194324471,0.25150813238261877,0.10152358378422871,0.0
2021-10-19,0.00041726723069235305,1.0099917801272793,0.1994449155055467,0.05242682898850146,0.0
2021-10-20,-0.00012099667598919339,1.0098695744791075,0.250047847205937,0.05110899562678397,0.0
2021-10-21,-0.0015204391198668787,1.0083341292721062,0.2491519566013483,0.001818262143604142,0.0
2021-10-22,0.0027799263742600555,1.0111372239121363,0.3015820537953705,0.05128201567376479,0.0
2021-10-25,-0.0006036245988353395,1.010526876610985,0.34923171381004536,0.05357162601169546,0.0
2021-10-26,-0.000939382798452626,1.0095776050457226,0.3488712604621877,0.0017045272812278925,0.0
2021-10-27,-0.004115530638601039,1.0054226574801115,0.3476777604233584,0.0026751696822407784,0.0
2021-10-28,0.0028864872826710464,1.0083247971946372,0.6014007252782366,0.25212684828521514,6.005079860726944e-06
2021-10-29,0.0017060261017074474,1.01004502561765,0.6013963231007423,0.006627687294901456,5.957829043720007e-06
2021-11-01,-0.000889010493079434,1.0091470849913933,0.6022756395097589,0.004985006352477049,6.170332039041825e-06
2021-11-02,0.0018516875212772899,1.0110157100558053,0.6002080160646438,0.005120297312841793,5.922858660742044e-06
2021-11-03,0.0007727795005565419,1.011797002271277,0.6010580177522261,0.007256689029639084,6.006121250873084e-06
2021-11-04,-0.0022116755060966886,1.0095592356242116,0.5990904789718189,0.0035991601888580773,5.930932680018879e-06
2021-11-05,-0.0007589236521735598,1.008793057242026,0.6021356930737494,0.008057151529369791,6.137189273307305e-06
2021-11-08,0.0025728566650418117,1.0113885371829991,0.5988547989071809,0.006355216843059813,5.884709211107306e-06
2021-11-09,-0.00294890648300572,1.0084060469688625,0.5986497885413552,0.0031219391953630233,5.906890496643044e-06
2021-11-10,-0.000567033188258681,1.0078342472729904,0.550008932613205,0.05384412345361965,5.928885028132988e-06
2021-11-11,-0.00020686123772406528,1.0076257654331788,0.5490020971012851,0.003328444006765429,5.92213691247655e-06
2021-11-12,0.0019437634725902875,1.0095843515900687,0.5503888380863519,0.00459335596065391,5.985959890843102e-06
2021-11-15,-0.0029621812128979297,1.0065937797909528,0.5509811380288462,0.006287887318483436,6.102107235576515e-06
2021-11-16,0.002269893176890525,1.0088786401436007,0.5479848307777128,0.003333633594438171,5.76992093605626e-06
2021-11-17,-0.0053155345659491315,1.0035159108590697,0.5977958409641189,0.05631471570706954,5.876494726646903e-06
2021-11-18,-0.0009549559062300705,1.002557597412999,0.5982136129634391,0.0041020151518643055,5.873537903386704e-06
2021-11-19,0.00019521051116266896,1.00275330719406,0.596102373709893,0.008108105388748064,5.663029962644103e-06
2021-11-22,0.0023759872430375584,1.0051358362598668,0.5972524167215704,0.008915858686235295,5.811158864261972e-06
2021-11-23,0.00393262672920236,1.0090886603160216,0.600197671614797,0.00870967227446231,5.885655019585438e-06
2021-11-24,0.00013887982410398791,1.0092288023716716,0.6023516735503067,0.004734545066342489,6.0407116015221514e-06
2021-11-26,-0.010343327902888388,0.998790017939702,0.6004492467852722,0.012541868437557757,6.0017531488553065e-06
2021-11-29,0.004768876423954627,1.0035531241087359,0.5981452121763481,0.0071606630758201395,5.852991614873311e-06
2021-11-30,-0.0114534773972782,0.9920589510847886,0.5980078780474685,0.010023997278041048,6.0079210262566784e-06
2021-12-01,-0.0018896790815278175,0.9901842780372813,0.5905564132653397,0.006338586253003976,5.5782832000662995e-06
2021-12-02,0.005969071617989874,0.9960947589078935,0.6054490025886344,0.007358773233443038,6.1211302600614664e-06
2021-12-03,-0.001378664142237973,0.994721478781516,0.5980449854675467,0.006296369021897916,5.946071598081763e-06
2021-12-06,0.006621676288820488,1.001308202411544,0.603878266944508,0.006974632376275149,6.1344141748433035e-06
2021-12-07,0.008019392622755639,1.0093380860230678,0.6010253730971227,0.011658998822751936,6.003228501715156e-06
2021-12-08,-0.0021048356544879354,1.007213595232174,0.6000213509519665,0.006959547470423138,6.0050034326673195e-06
2021-12-09,-0.00143246657382734,1.0057707954242994,0.6001635030886974,0.004979967313276348,5.953226554694002e-06
2021-12-10,0.0032216367866328977,1.0090110236177594,0.5987444993860409,0.003663148717494962,5.845471970802718e-06
2021-12-13,-0.002514418030322263,1.006473948107181,0.5963955712833614,0.2048127806447554,5.801874746492057e-06
2021-12-14,-0.003366080671968974,1.003086075603617,0.5495734253827753,0.059649477006760536,5.949160189752213e-06
2021-12-15,0.009050133390944737,1.0121641383904292,0.5536789202253024,0.00520135166628983,5.95693746364682e-06
2021-12-16,0.0008183615694941082,1.012992454623308,0.49630510404871475,0.05637110009775874,5.7645822989251935e-06
2021-12-17,-0.007833706785606465,1.0050569687577573,0.5497890020446498,0.06367209976987705,6.026019039956107e-06
2021-12-20,-0.00472370311974446,1.0003093780189154,0.4992529557452165,0.05578194585428096,5.963922395506489e-06
2021-12-21,0.0025149796832886206,1.002825135781636,0.45496729464471886,0.05699602594571193,6.241250976904177e-06
2021-12-22,0.002987189635849763,1.0058207646338126,0.4530968350863574,0.006154111952727662,6.01891103124479e-06
2021-12-23,1.04986367928106e-05,1.005831324380699,0.4506413758419228,0.0055072955744565645,6.013911189211745e-06
2021-12-27,0.004442805656239779,1.0103000374778808,0.20213711053068928,0.25120694185587045,0.0
2021-12-28,-0.00013750599347828185,1.0101611151675163,0.19976511824580925,0.00254553923985956,0.0
2021-12-29,0.000615761877572174,1.0107831338724422,0.20046226408177592,0.0011260337391872503,0.0
2021-12-30,-0.0007503659989707145,1.0100246765764513,0.19889597243496715,0.0009650461237913769,0.0
2021-12-31,0.0005881206622029289,1.0106186929580807,0.20059161033375622,0.001225062116302394,0.0
2022-01-03,-0.0013411894948976988,1.009263261783738,0.19889837666973484,0.001513973784953696,0.0
2022-01-04,0.0004694342613753566,1.0097370445375669,0.20039739520300268,0.001916776943411843,0.0
2022-01-05,-0.004170796360693618,1.005525636946952,0.19677069168317765,0.001635564738182167,0.0
2022-01-06,-0.002489307925721662,1.0030225740093837,0.19945164247078134,0.004679865326693065,0.0
2022-01-07,-0.0030281171718764543,0.9999853041292461,0.1978069753384594,0.0017511396838922745,0.0
2022-01-10,-0.0010319700237980678,0.9989533492711462,0.20113601088414707,0.005762566735932992,0.0
2022-01-11,2.998366730411206e-05,0.998983301556023,0.2006382318176505,0.002569313618530595,0.0
2022-01-12,0.001032332429104832,1.0000145844143535,0.2000723416151412,0.0015083182558631523,0.0
2022-01-13,-0.0035369607683289894,0.9964775720615231,0.19639881034432777,0.0011206115714196187,0.0
2022-01-14,-0.00323673530145685,0.9932522379269215,0.14894987110064117,0.05297307410962688,0.0
2022-01-18,-0.0034217492698205287,0.9898535778070475,0.1487629461230604,0.002729810325735759,0.0
2022-01-19,-0.0017004805494809094,0.9881703510511526,0.14795518268155097,0.0014014374116088683,0.0
2022-01-20,-0.0013044225731159154,0.9868813593391575,0.14836281997023928,0.0018710628451130027,0.0
2022-01-21,-0.0014588351950518552,0.985441662078813,0.14867230500839834,0.001550498897061587,0.0
2022-01-24,0.001851892606399952,0.9872665942068553,0.20334115183055734,0.053289806925972336,0.0
2022-01-25,-0.005367523990048695,0.9819674170778763,0.1986792820119486,0.0016501077248702138,0.0
2022-01-26,-0.0018802156301629402,0.9801211065919757,0.19554776653121156,0.0020447040736544194,0.0
2022-01-27,0.005274448140942356,0.9852907045405381,0.2970149816808674,0.10254812003901449,5.751127128083485e-06
2022-01-28,0.0069865823954424755,0.9921745192312741,0.4047516392017221,0.1041108774050369,6.008508529426341e-06
2022-01-31,0.008321875295573378,1.0004312718517623,0.458406399855006,0.057162078102111574,6.2489946805603385e-06
2022-02-01,0.0035750147257607168,1.0040078283807439,0.4546833474596903,0.009991934015981778,6.1246190062931356e-06
2022-02-02,0.0027720125705277265,1.0067909507019235,0.4530867121375946,0.0051919127066385766,6.012923906367779e-06
2022-02-03,-0.009772150580161676,0.9969524379289202,0.49830677311924965,0.05715649518922393,5.961743215406257e-06
2022-02-04,0.0014825153687878512,0.9984304352401003,0.5518165346548741,0.05576150277850743,5.994315939814257e-06
2022-02-07,-0.007140300904404762,0.9913013415003702,0.6000394986578534,0.053892451971413395,6.129523353628381e-06
2022-02-08,0.0057240262017663746,0.9969755763529644,0.6036789909856561,0.006153982264232066,5.968875534758899e-06
2022-02-09,0.010312846225217553,1.0072572321621902,0.5017944092591093,0.10803592353253522,5.978370143177125e-06
2022-02-10,-0.013900221079775288,0.9932561339509333,0.5001420402630571,0.004588178971703227,6.092743930240864e-06
2022-02-11,-0.018891025994869692,0.9744925065049024,0.5891373873563487,0.10507634316736106,5.799899622194438e-06
2022-02-14,0.002066313224231786,0.9765061132580082,0.6003344654556212,0.012098603461617171,5.869626723978254e-06
2022-02-15,0.011444899180641066,0.9876821272735258,0.5532442469897892,0.05731253993599445,6.03227873094004e-06
2022-02-16,0.0004897141310318265,0.9881658091682193,0.6031921037606812,0.05483841875310437,6.030166358310668e-06
2022-02-17,-0.012154003361927956,0.9761556386014465,0.5947891072171999,0.007545931776874344,5.819127253159351e-06
2022-02-18,-0.0052250887654451406,0.9710551387408641,0.5956449885450504,0.00844327896457438,5.853504633169471e-06
2022-02-22,-0.002622854265745267,0.9685082026279438,0.5969740569408508,0.010973434416102372,5.770584061061438e-06
2022-02-23,-0.014839616261622002,0.9541359125547119,0.5903729372109436,0.008307576204634175,5.8129655989328586e-06
2022-02-24,0.021292461946113672,0.9744518151642034,0.6205336245752726,0.022271481712574998,6.239726334774094e-06
2022-02-25,0.00828661152405541,0.9825267188053798,0.6039054661810198,0.023810022477819708,5.96385416074932e-06
2022-02-28,-0.0018356891595183722,0.9807231051587316,0.6048349657234514,0.0057787957793251615,6.154992144690311e-06
2022-03-01,-0.013645476010733737,0.9673406715541158,0.5915192276406941,0.006229251780464593,5.712052465256252e-06
2022-03-02,0.009401206264027628,0.976434840734979,0.6038914976393753,0.010161812351052285,5.9990546367914405e-06
2022-03-03,-0.012941358724391838,0.9637984471900333,0.5895648905358574,0.007055395369365142,5.679009800002673e-06
2022-03-04,-0.008858632262216393,0.9552605111714816,0.5942529948719409,0.012612853744602937,5.744899339614859e-06
2022-03-07,-0.021979498184061197,0.9342643645008827,0.5844796598620583,0.009264145780198877,5.5623908593783335e-06
2022-03-08,-0.00490510317454651,0.9296817014007037,0.6007357198120461,0.018456806003155246,6.0950586621524656e-06
2022-03-09,0.022535040007550577,0.9506321157360562,0.6022190206692415,0.013890133710152299,5.911288813522396e-06
2022-03-10,-0.00475921843160132,0.9461078498491731,0.6011637645283594,0.010554114838747202,6.041418207956426e-06
2022-03-11,-0.011035120248763186,0.9356674359577887,0.589184841788959,0.009653041810297445,5.7137263890637985e-06
2022-03-14,-0.012023623388714877,0.9244173230907478,0.5946792502830637,0.015124311823375387,5.940152379667742e-06
2022-03-15,0.01620735731187728,0.9393996849513686,0.6064553968356592,0.01230060445194931,6.0735519102282085e-06
2022-03-16,0.018214489487132557,0.956510370637131,0.6075138647686316,0.011686784663554243,6.134107307721792e-06
2022-03-17,0.006768612377666017,0.9629846185711914,0.6060750439182595,0.008418700290133004,6.074686514394796e-06
2022-03-18,0.01105484003275281,0.9736302594834974,0.6054237966029404,0.00818326675053647,5.975909250850191e-06
2022-03-21,-0.00011615910101703264,0.9735171634678328,0.6009582394570888,0.008645631203690211,6.000774598383056e-06
2022-03-22,0.006815103141063483,0.9801517833464617,0.5556086407122571,0.05184583171311705,6.138594825099799e-06
2022-03-23,-0.0060061400459542336,0.974264854469391,0.5473694378479242,0.006769078923242995,5.838441372560582e-06
2022-03-24,0.014700981194250007,0.9885875037731642,0.5565626110985046,0.004026417949323193,6.038611939344134e-06
2022-03-25,-0.0010838741145625663,0.9875159993678444,0.44951922324580634,0.10713427858465335,0.0
2022-03-28,0.0031687543118892325,0.9906451949489008,0.35341192058189747,0.10515586074771228,0.0
2022-03-29,0.005832419532807442,0.9964230533340026,0.30023656641347984,0.05697076721228516,0.0
2022-03-30,-0.007883065073360007,0.9885681855639746,0.2957522193072851,0.001843581357690872,0.0
2022-03-31,-0.004320161954138757,0.9842974108996292,0.34767859611732144,0.055781671152704354,0.0
2022-04-01,-0.0008141638937119167,0.9834960314870006,0.2984017376441107,0.05024264192736521,0.0
2022-04-04,0.004548411526814622,0.9879693761731925,0.2527887931276233,0.05126254767214401,0.0
2022-04-05,-0.005924085179928706,0.9821165614335815,0.19613179644195672,0.05306386843491873,0.0
2022-04-06,-0.006510075207952326,0.9757229087556734,0.19718008569133993,0.007674087072398331,0.0
2022-04-07,0.00023805781738350795,0.9759551872217027,0.2005344092976076,0.005202098393194883,0.0
2022-04-08,-0.002164575633146204,0.9738426584044,0.19952525332846108,0.0015205798167838955,0.0
2022-04-11,-0.0025057475228981163,0.9714024545754106,0.10030204798182107,0.10171497560828816,0.0
2022-04-12,6.551692227074746e-05,0.9714660978745207,0.09906259409703597,0.001728427858878019,0.0
2022-04-13,0.0018320813168206662,0.9732459027623612,0.1012172095600189,0.0005074761752211411,0.0
2022-04-14,-0.0015605039821843247,0.971727148655456,0.04840657912007633,0.051344160850224356,0.0
2022-04-18,0.0021434591300122374,0.9738100060841223,0.10187374617737598,0.05151204603649899,0.0
2022-04-19,0.0017039275708441437,0.9754693078022529,0.10128278072612829,0.0021227876475119825,0.0
2022-04-20,0.0005182551610090069,0.9759748498054273,0.09937485330575854,0.002372987204652066,0.0
2022-04-21,-0.0019800680054327113,0.9740423532312206,0.09737201632909603,0.00021547871657947817,0.0
2022-04-22,-0.0023928049913487515,0.9717116598266238,0.09817442803915676,0.002959913582703432,0.0
2022-04-25,0.00045162836707213216,0.9721505123768163,0.10142599768578944,0.0028475497050184312,0.0
2022-04-26,-0.0034827977057667603,0.9687647088026503,0.14844382442182427,0.050442227993490976,0.0
2022-04-27,-0.0006717949486070296,0.968113897564888,0.15044777197680953,0.0025764696497327065,0.0
2022-04-28,0.005792543235571435,0.9737217391734903,0.3022163147565739,0.15150046874999581,5.861098635162635e-06
2022-04-29,-0.010719496841087972,0.9632839320663213,0.44219380378275197,0.15377913427783968,5.773489471880062e-06
2022-05-02,0.004623577686231561,0.9677377501601285,0.5521021760061086,0.10782233766375653,5.9757845055630826e-06
2022-05-03,0.00040991590386973975,0.9681344412546944,0.6028532273683384,0.05785423348095276,6.131465932079269e-06
2022-05-04,0.016377551914658284,0.9839901133267119,0.6087094209542254,0.007033622282748356,6.110404401730363e-06
2022-05-05,-0.01393032910665426,0.9702828072103769,0.5932754583325149,0.006073805056347707,5.752791027745641e-06
2022-05-06,-0.0019465306740595878,0.9683941219636292,0.6002436086052473,0.010342899366845255,5.910275168667327e-06
2022-05-09,-0.012906067545441213,0.9558959620149583,0.5887881966180741,0.008658502108119337,5.434989417243407e-06
2022-05-10,0.00117800246314137,0.9570220098127188,0.5945187167879434,0.008623324467449064,5.786528583827259e-06
2022-05-11,-0.004548532362197322,0.9526689642297506,0.5964556411803383,0.007861601348178137,5.792971478419246e-06
2022-05-12,0.0029714421964024407,0.9554997649892658,0.5996885926655227,0.011118177477219536,5.7764371951228365e-06
2022-05-13,0.014298042486984075,0.9691615412253856,0.6050287035869959,0.010117465582238073,6.058081200654092e-06
2022-05-16,-0.0019243427147650483,0.967296542274098,0.5981272872044989,0.006663388244060241,5.8118095039169185e-06
2022-05-17,0.014773386577340508,0.981586788028038,0.6056980692520845,0.0073038169604700744,6.1934365282679125e-06
2022-05-18,-0.01807014075670088,0.9638493766034535,0.5910656422021473,0.00600170774880941,5.732243486932134e-06
2022-05-19,-0.005220447889935476,0.9588176511591484,0.6016754890852798,0.011988323714458383,6.08344988001624e-06
2022-05-20,0.005942513449546549,0.9645154379468243,0.5935779316988145,0.008941950764021673,5.579320701769813e-06
2022-05-23,0.009558734739049335,0.973734985169876,0.6044523066827343,0.011982143818677952,6.068262095204041e-06
2022-05-24,-0.005780742479612244,0.9681060739772199,0.5969051754961764,0.006640788172086072,5.804573021676215e-06
2022-05-25,0.0046499528653074496,0.9726077215898319,0.6048999417047892,0.01054151187318512,6.096700396271972e-06
2022-05-26,0.010348062929046886,0.9826723274981203,0.6083132207426712,0.006739117382922843,6.176239533599044e-06
2022-05-27,0.011938859333843421,0.994404314187381,0.6062643493168135,0.11500518333852562,6.111967247486315e-06
2022-05-31,-0.003966450573310909,0.9904600586252695,0.6003870043029342,0.008630581718309408,5.969163191064777e-06
2022-06-01,-0.006687474064261845,0.9838363826715257,0.5952776718289954,0.0057808206998769185,5.847190129985221e-06
2022-06-02,0.004575474214725039,0.9883379006719477,0.6077806564988237,0.005367508792678999,6.3289487151736505e-06
2022-06-03,-0.008781167114738087,0.9796591404003179,0.5992140243419992,0.008539162057189277,5.983724250146249e-06
2022-06-06,-1.0549986037000636e-06,0.9796581068612926,0.5962052767152836,0.005371576961683767,5.9204750194844525e-06
2022-06-07,0.006957448208595451,0.9864740274019107,0.6062690925692323,0.007409004284485996,6.096524770200277e-06
2022-06-08,-0.005597506150718634,0.9809522329660043,0.5986127676695298,0.004904289660338833,5.97375773897099e-06
2022-06-09,-0.013058529524824003,0.9681424392693757,0.591697492031213,0.006242297339258189,5.712302547499414e-06
2022-06-10,-0.013987045926090347,0.9546009865083178,0.5948225533407474,0.013883553806169976,5.802925527802487e-06
2022-06-13,-0.015630139016556743,0.9396804403838506,0.5928082779920192,0.014803680443579664,5.606811025606801e-06
2022-06-14,-0.0032213665415202763,0.936653385253477,0.5521959865212384,0.05540143795476384,6.233370999135979e-06
2022-06-15,-2.6771985891627104e-05,0.9366283091822616,0.6057003764558411,0.05946967915304637,6.400713554230883e-06
2022-06-16,-0.019613531563183906,0.9182577202771437,0.5977175129639547,0.01104172511134235,6.027374057124967e-06
2022-06-17,0.0006115858585393763,0.9188193137133598,0.6035908157556675,0.010682592957134326,6.157137112358593e-06
2022-06-21,0.013048258958689551,0.930808306054937,0.6000595391007791,0.011109971661419629,5.848843746894535e-06
2022-06-22,-0.00045826364049295076,0.9303817504520032,0.6045763827494259,0.010960669797190804,6.091353625012789e-06
2022-06-23,0.003102310937683095,0.9332680839326513,0.5480016895955218,0.05722906049015972,5.84531355941081e-06
2022-06-24,0.017897889727594984,0.9499716131851618,0.5598283731955475,0.005758521073039242,6.239819847382741e-06
2022-06-27,0.0014355781133110757,0.9513353716413172,0.39963716338606864,0.15987856557690552,0.0
2022-06-28,-0.002867197712567715,0.9486077050398625,0.245573336075181,0.1529852783593397,0.0
2022-06-29,-0.0009680998206348379,0.9476893580907606,0.14944990371479985,0.10106112621485404,0.0
2022-06-30,-0.0005447017071117388,0.9471731500795969,0.10088956900358738,0.05042908463446995,0.0
2022-07-01,-0.00010471309829329645,0.9470739686444318,0.10050946657444501,0.0020846552518106,0.0
2022-07-05,0.004968490675332005,0.9517794968264914,0.1550353197521048,0.05115138781668989,0.0
2022-07-06,0.001007586731320842,0.9527384972186371,0.15018480897997852,0.005705105088584898,0.0
2022-07-07,0.0030681631864304393,0.9556616544020985,0.15072774141169792,0.0029777531097334945,0.0
2022-07-08,0.00038991843977331797,0.9560342845033342,0.15126779403762536,0.0012334041395056531,0.0
2022-07-11,-0.0027327699755056445,0.9534216627150894,0.14954589172428617,0.0006032190845549581,0.0
2022-07-12,0.00021026201729346106,0.9536221310772233,0.14928400090508723,0.0008335027406571725,0.0
2022-07-13,-0.0004482864301457168,0.9531946352163747,0.15229713111424928,0.0034021577842164846,0.0
2022-07-14,0.0002983858717136023,0.9534790550285164,0.15140306858300184,0.0011494000098609812,0.0
2022-07-15,0.0038124992906061195,0.9571141932494205,0.1506387443681067,0.003992298534581883,0.0
2022-07-18,-0.0021753762598162307,0.9550321097554926,0.19715591629249457,0.05182703800962221,0.0
2022-07-19,0.006860716303536352,0.9615843141212927,0.20346112752286044,0.0013771141526922126,0.0
2022-07-20,0.0015444411781502243,0.9630694245322851,0.20162597201170382,0.003071235864650874,0.0
2022-07-21,0.0023263599620957365,0.9653098706822356,0.20274887887010828,0.0013757284826067533,0.0
2022-07-22,-0.0034881672186591883,0.9619427084354737,0.24862487580292214,0.05371452427581269,0.0
2022-07-25,-7.980001272245296e-05,0.9618659453951023,0.2991624152236165,0.05180643699079224,5.922043303972289e-06
2022-07-26,-0.00217303218049425,0.9597757797424372,0.29819735242125345,0.0023557589703989863,5.917332138004225e-06
2022-07-27,0.0028246917661067794,0.9624868504847843,0.30401638235639,0.10120792948202745,6.153063091193604e-06
2022-07-28,0.0013645251509779577,0.9638001879997564,0.4546766840293885,0.15566042978917308,1.2192166153975616e-05
2022-07-29,0.0042012355261535905,0.9678493395896944,0.5037163307453378,0.05681090609937062,1.1991612350205755e-05
2022-08-01,-0.002390486794907276,0.9655357085239455,0.6060714769690699,0.10751176395004357,1.8161294790918704e-05
2022-08-02,-0.0021657171777753614,0.9634446312542397,0.596193889718056,0.005076325910305287,1.76309063059209e-05
2022-08-03,0.005681133142802608,0.9689180884801135,0.6049913703788368,0.0057991271208868815,1.8054496282774645e-05
2022-08-04,0.0019885060053850268,0.9708447879177825,0.6002332297448617,0.0065319085794705465,1.783880065924951e-05
2022-08-05,-0.0011203915237477657,0.9697570616465248,0.604051188896225,0.005566247007267251,1.802929741388397e-05
2022-08-08,-0.00488888950182087,0.9650160265285244,0.5984035746229787,0.007751462412299962,1.7860989334339575e-05
2022-08-09,-0.0064671220090735115,0.9587751501442531,0.5929929024741954,0.007733080746192096,1.7456447213205467e-05
2022-08-10,0.0068253221299685585,0.9653190993941966,0.6043025355070705,0.007805494112142466,1.8074080762017838e-05
2022-08-11,0.0007523681993710785,0.9660453747868264,0.5995157352405545,0.009741813222143602,1.7842157118297085e-05
2022-08-12,0.004770293507948109,0.9706536947665553,0.607852788657164,0.10382817303602476,2.421755599979908e-05
2022-08-15,0.005446400585696232,0.9759402636182402,0.5974986485056791,0.006610258806192415,2.3503639586401926e-05
2022-08-16,0.0010066893644493646,0.9769227323019625,0.5997494643603586,0.007357559704098552,2.37456690471265e-05
2022-08-17,0.0015248848539786142,0.9784124269799572,0.5923023359488531,0.008069427473283708,2.3266529693823675e-05
2022-08-18,0.0018974550084855935,0.9802689205398949,0.6021281243064501,0.00899000357290934,2.388559524088564e-05
2022-08-19,-0.0015715244961667096,0.9787284039184355,0.5909562592633512,0.006846965215784732,2.3276672510376813e-05
2022-08-22,-0.0035675787811678683,0.9752367132320898,0.5924419409001294,0.018970972856272365,2.3386554213497356e-05
2022-08-23,-0.00013758413502196198,0.9751025361324581,0.6008708747380683,0.00686383100782763,2.3862971287747564e-05
2022-08-24,-0.0016968967427424264,0.9734478878150551,0.6026669869327819,0.0053941960613284,2.3985897929677347e-05
2022-08-25,0.0031661024104152613,0.97652992351908,0.6119261950188943,0.0056243812256050706,2.4456392923674013e-05
2022-08-26,-0.0069691251452044245,0.9697243642740386,0.5794378845509764,0.01203048326670038,2.2758606647226626e-05
2022-08-29,0.0001745574216842627,0.9698936368588107,0.598689190050896,0.025616620211923766,2.371140329754455e-05
2022-08-30,0.0029287957097012818,0.9727342571813093,0.5379683089138653,0.0553368137079336,2.3059666656748597e-05
2022-08-31,-0.0018719606526994559,0.9709133369263331,0.5478902677472317,0.015553253122212897,2.381970182053146e-05
2022-09-01,-0.0010991914409413939,0.9698461172964878,0.6023804729736411,0.0593209817355785,2.3981422158304387e-05
2022-09-02,0.0005763772903513154,0.970405114573633,0.5868617475843952,0.01272674121240802,2.3046088477066808e-05
2022-09-06,-0.0027209474084785024,0.9677646932919596,0.5971198234285569,0.012092012646222706,2.3688659847492124e-05
2022-09-07,0.001451372168136622,0.9691692800331089,0.6090878259558076,0.006785790261873308,2.4327771273335718e-05
2022-09-08,0.004462932128733943,0.9734946167511506,0.6110596360360996,0.0060760820580392,2.4326081740225215e-05
2022-09-09,0.002483728754475223,0.9759125133231022,0.6080417605308501,0.017564148937208427,2.4286270017316263e-05
2022-09-12,0.0013652481516590598,0.9772448760780976,0.6014678888978418,0.011116931345242673,2.3846476600119317e-05
2022-09-13,-0.0035744967558200003,0.9737517174389148,0.5348884908825737,0.06015632273588662,2.2835395958423385e-05
2022-09-14,0.0034154841264648628,0.9770775509729454,0.5439993200912011,0.01470283819157636,2.3385664680058952e-05
2022-09-15,-0.0035923866204379262,0.9735675106516999,0.5462701755566887,0.009861145982035564,2.3685021853119365e-05
2022-09-16,-0.001808054943944759,0.9718072471008021,0.5506217052266251,0.012408457895976178,2.3803161927130188e-05
2022-09-19,0.002324456314314327,0.974066170592622,0.5053110921136986,0.05629957649107297,2.4041273471443792e-05
2022-09-20,7.096475268753011e-05,0.9741352949575195,0.4484526248900684,0.053950796014668276,1.773627011901723e-05
2022-09-21,-0.002358451880768331,0.9718378437390042,0.44002035726492744,0.002251812892820465,1.7341850751476136e-05
2022-09-22,-0.0022377599366933953,0.9696631039473226,0.3900808182305822,0.05915216380036964,1.7286492611212682e-05
2022-09-23,-0.0016395031342196775,0.9680733382492638,0.2505380375765637,0.15431474832435646,1.1973765308317863e-05
2022-09-26,-0.0002709934650709789,0.9678109967008888,0.1984620675826537,0.05196060115034882,1.183619520530446e-05
2022-09-27,0.001156675863118961,0.9689304403208339,0.09800284022292954,0.10353374396550617,5.776344714274104e-06
2022-09-28,-0.001000399865142776,0.9679611224390041,0.10334029627155528,0.0013940244221189151,6.220161004430089e-06
2022-09-29,0.0036417672629485143,0.9714862115665094,0.09813530954947067,0.0005834874571561463,5.683785604783009e-06
2022-09-30,0.0001825523171921084,0.9716635586255511,0.09969402930976644,0.0035694973295556445,5.958484871021574e-06
2022-10-03,-0.0003562466407543985,0.9713174067468473,0.15362254851126259,0.05055573567038624,6.194930776661337e-06
2022-10-04,0.001834246335691736,0.9730990421409662,0.15098413104134237,0.008304948655639723,6.008937242083731e-06
2022-10-05,0.002361751882441032,0.9753972606355442,0.15347937503575604,0.0027480541885671183,6.0132002302206975e-06
2022-10-06,0.0009095123611162492,0.9762843965010911,0.149804079976456,0.003388911312147902,5.9149348133920304e-06
2022-10-07,-6.97279947654561e-05,0.9762163221478023,0.14706513449278386,0.0038229025749718397,5.766357775130458e-06
2022-10-10,-0.005113566484867937,0.9712243750808862,0.09575387273802227,0.05016144852993894,0.0
2022-10-11,0.0007116920653593706,0.9719155877623148,0.10189337832290747,0.005505238178317929,0.0
2022-10-12,-0.0017957666142299766,0.9701702541979615,0.09889720121925376,0.004302064297668463,0.0
2022-10-13,0.0020977016197971654,0.9722053819116716,0.10525652423689674,0.004497055054714976,0.0
2022-10-14,-0.003984126612996186,0.9683319925762992,0.09509778805718659,0.006547312950061351,0.0
2022-10-17,0.0029219449306412404,0.9711614053331852,0.1501267173626494,0.05237281143052715,0.0
2022-10-18,0.00095832616942082,0.9720920947226475,0.14720549236074293,0.0037245175355933836,0.0
2022-10-19,-0.0010915328776135436,0.9710310242411895,0.1498663882357747,0.0035903999771595527,0.0
2022-10-20,0.00026266319645817937,0.9712860783538768,0.19977416500657924,0.05252215333272818,0.0
2022-10-21,0.010975206807463556,0.9819461439330208,0.3081731032986126,0.10129421981017503,0.0
2022-10-24,0.0020617919226890713,0.9839707125610976,0.29976072103843393,0.009837359778215454,0.0
2022-10-25,0.0036405021703860285,0.9875528600757726,0.30155737111050834,0.00213984172663426,0.0
2022-10-26,0.004888818541675777,0.992380826808996,0.4038100446169393,0.10277695447325949,0.0
2022-10-27,-0.0036404280633153263,0.9887681357975845,0.5970882379980263,0.20782016432355796,1.1886837983494066e-05
2022-10-28,0.012280132843506708,1.0009103398566053,0.605505320213368,0.10913174096145387,1.1954160696235853e-05
2022-10-31,-0.002342055057858672,0.998566152732681,0.5973218803231679,0.008806920082376902,1.1770202103869668e-05
2022-11-01,0.0007459743713156275,0.9993110574906828,0.59870342164546,0.005532778941264201,1.194198253486159e-05
2022-11-02,-0.011882139366787725,0.9874371042348065,0.5965029275354736,0.004288828955674912,1.1970518182816618e-05
2022-11-03,-0.0022035565478288888,0.9852612307382007,0.6062279971678349,0.01538016926684064,1.2192578912294597e-05
2022-11-04,0.00901506057986512,0.994143420420298,0.6045133797460083,0.0143616919166874,1.218728006033841e-05
2022-11-07,0.002831461519180234,0.9969582992597643,0.6049273329142522,0.01259036053329759,1.2160164803550529e-05
2022-11-08,0.0041366996403888745,1.001082416297795,0.6022714024770389,0.01027508689152339,1.2023295306930578e-05
2022-11-09,-0.00751974846358805,0.9935545283359146,0.5954735223537164,0.006734490184599025,1.1704006788037992e-05
2022-11-10,0.025351964981835007,1.0187430879458304,0.6076926802832066,0.011446351044268055,1.2159932580032702e-05
2022-11-11,0.005950650462560825,1.0248052719733458,0.6082583587591615,0.010793837259610512,1.2288698951551396e-05
2022-11-14,-0.0025107180162525777,1.0222322749138517,0.5977266491579286,0.012105302922710887,1.1789411501248089e-05
2022-11-15,0.006499730206938281,1.0288765089096166,0.5954698129429339,0.010279238885164736,1.1679837650987943e-05
2022-11-16,-0.01102627790371169,1.0175318305937784,0.5957968133854641,0.012951641789592135,1.1738174356353758e-05
2022-11-17,0.0005245251052270472,1.0180655515842925,0.6078309788021429,0.013204415926662208,1.2191159786849395e-05
2022-11-18,0.00042786570547681535,1.0185011469197427,0.5969866769130071,0.01236810979369121,1.1843284611477594e-05
2022-11-21,-0.0038938963703595286,1.0145352090005448,0.5994682376968585,0.008991026939531415,1.1936509884273979e-05
2022-11-22,0.00696018961697642,1.0215965664282873,0.6005583868342316,0.006160693928830301,1.1816211839932457e-05
2022-11-23,0.002854252501647947,1.0245124609836902,0.6037857346692315,0.0036689662818534547,1.2051688871150781e-05
2022-11-25,-0.003534949689289024,1.0208908609780631,0.6015809065463803,0.0036676530225594173,1.2052544711441074e-05
2022-11-28,-0.006451750445617965,1.0143043279108206,0.5929333904621478,0.005491089253403303,1.1560082364870364e-05
2022-11-29,-0.0013167825650284293,1.0129687096561948,0.5497379537787827,0.05507067937795775,1.1936833896850593e-05
2022-11-30,0.016082864319258316,1.0292601479732495,0.5612688856441336,0.003956142634855191,1.2181108598335617e-05
2022-12-01,0.0016388238122990728,1.0309469240127986,0.598137265216463,0.06498940325441621,1.1796759448588085e-05
2022-12-02,-0.0008088732437779855,1.0301130186302094,0.6093800944025954,0.014570873928451715,1.2350940894121149e-05
2022-12-05,-0.007299683019051262,1.0225935201204108,0.5992464890397976,0.008478897626693545,1.193073760412739e-05
2022-12-06,-0.0034247159406192162,1.0190914277912806,0.5947675957936143,0.006480332626668503,1.1718525286199985e-05
2022-12-07,0.00213148446566791,1.021263605338713,0.6031699459262163,0.011402013969131201,1.2040515792700478e-05
2022-12-08,0.0026977721059475712,1.0240187418060152,0.6030537248276605,0.007410527740929806,1.2059660154951049e-05
2022-12-09,-0.0034170859151002597,1.020519581786591,0.598324927897813,0.007272311150921834,1.1861574989039705e-05
2022-12-12,0.005200831630756575,1.0258271323073533,0.6080208413286247,0.005706735488613683,1.2263384122478413e-05
2022-12-13,0.0056878402632178915,1.0316618731735925,0.5429969348204184,0.06880947323589448,1.1632623132602087e-05
2022-12-14,-0.0035194855402875813,1.028030954128492,0.5477385853978698,0.008735607321506689,1.1848220171603818e-05
2022-12-15,-0.01703749936733412,1.010515877397928,0.5420995347243025,0.00953423507503283,1.1699215478614434e-05
2022-12-16,-0.00297330878026536,1.0075113016670632,0.5013767500326005,0.057293963215523845,1.1995299112594364e-05
2022-12-19,-0.004255917981770718,1.003223416201461,0.44677404641356544,0.15391513176494218,1.181270282369056e-05
2022-12-20,0.002236973737938186,1.0054676006367884,0.4553080241809527,0.007675520968991268,1.2083922741853563e-05
2022-12-21,0.004215267803147071,1.0097059158408601,0.45243716089477337,0.00790870305172767,1.1943507285384713e-05
2022-12-22,-0.006682077810540199,1.0029589823454488,0.34760445614271124,0.10744701459262504,1.184662827157814e-05
2022-12-23,-0.001994186183481239,1.000958895400257,0.20167855954983013,0.25155594498857614,6.097386626412086e-06
2022-12-27,-0.0007911700579995573,1.000166966692928,0.15020636084753397,0.05222741322543072,6.0014174411321675e-06
2022-12-28,0.0001420558649205539,1.0003090462764466,0.14884827292651287,0.001040415780246228,5.866388303152262e-06
2022-12-29,0.001722665580171423,1.0020322442400011,0.15321544232516085,0.0015168886063470985,6.102993245877408e-06
2022-12-30,0.000605587298310839,1.0026390622396109,0.15155938410177,0.00115136173976141,6.016174346211977e-06
2023-01-03,-0.000662133462375869,1.0019751813658169,0.14828105884760742,0.00351492462957786,5.930001723598319e-06
2023-01-04,-0.0034013857542427584,0.9985670772578144,0.15044828231853766,0.004679400415578255,6.081400602605674e-06
2023-01-05,-0.006279113608811726,0.9922969611336935,0.14881771575532635,0.004890158299193437,6.042938650804536e-06
2023-01-06,-0.0007896679060164224,0.9915133760702486,0.15238392345895407,0.0037348477827578042,6.0962662186064566e-06
2023-01-09,0.002189380815876385,0.9936841764345016,0.14961574699229677,0.003910478474489777,5.904180569778783e-06
2023-01-10,-0.0010016402976685823,0.9926888623202291,0.15174969611656275,0.002019974249250775,6.063663921380112e-06
2023-01-11,0.0012747940877797515,0.9939543362129198,0.15169763303079836,0.0026271228255918388,6.026064542354911e-06
2023-01-12,0.0016738493149215383,0.9956180659976532,0.14973825351047002,0.0020300728318180202,5.866331272903971e-06
2023-01-13,0.0007921039631424431,0.9964066990135061,0.1518425984055236,0.0020032442517631285,5.973359999140131e-06
2023-01-17,0.002735029630153152,0.9991319008589912,0.20134221375742817,0.05259587862198871,5.919943140814813e-06
2023-01-18,-0.003789866721718216,0.9953453241173186,0.24549826889032608,0.053952221454794766,1.181409973662156e-05
2023-01-19,-0.002283905026806865,0.9930720499281583,0.2511407578855916,0.007088946707030151,1.2055362217136284e-05
2023-01-20,0.003487687393841199,0.9965355747978689,0.2522268495610245,0.003498356329436936,1.1870663537665686e-05
2023-01-23,-0.004372850449013366,0.9921778737621563,0.3097169342226182,0.05446206150189679,1.8553224224092174e-05
2023-01-24,-0.0015444661030158402,0.9906454886679683,0.30210442370039453,0.008058103490654115,1.8113624890352704e-05
2023-01-25,-0.0019824702186341803,0.9886815634894598,0.35431519422971564,0.05530932180742258,1.814825111012116e-05
2023-01-26,-0.00019580132574970044,0.9884879783285843,0.49951330731090493,0.15728696008881007,2.3799545737031128e-05
2023-01-27,0.0021233981296786553,0.9905869318529771,0.6033134136564486,0.10562268369866441,2.395952182259103e-05
2023-01-30,-0.004397148487747526,0.9862311740235973,0.5972136496665579,0.0037067149912642532,2.370529786518989e-05
2023-01-31,0.003339148874197395,0.9895243467380366,0.5573247712177555,0.059493992019592566,2.4186590750801608e-05
2023-02-01,0.004982736955373879,0.9944548862687703,0.6105011934562469,0.05615215419714393,2.432366895373922e-05
2023-02-02,0.007188446649176283,1.0016034721637261,0.6000073181740607,0.0171800587702736,2.3664033850609137e-05
2023-02-03,-0.004111372427829663,0.9974855072646538,0.6021118795699469,0.00894234424093853,2.398360858394448e-05
2023-02-06,-0.001858006962702774,0.995632172246961,0.5988948376379754,0.005920509495528893,2.375635823594964e-05
2023-02-07,-0.0015049431675960845,0.9941338024118991,0.6095706029275207,0.0049964129683651975,2.4378251881661364e-05
2023-02-08,-0.0013652136186996788,0.9927765974060366,0.600850163837379,0.008140398604609366,2.385258949480908e-05
2023-02-09,-0.0019015508213300336,0.990888782251842,0.591031612759704,0.006247471241595925,2.3340419527304294e-05
2023-02-10,0.0019499378674812107,0.9928209538108173,0.5984250589375113,0.010046782503643374,2.3641064407743234e-05
2023-02-13,0.0006407050338603781,0.9934570591936459,0.6059330558181,0.004711809845482362,2.4130424111967138e-05
2023-02-14,-0.0026058895052620823,0.9908682198691646,0.6058994816342432,0.005245412239452805,2.419342224679854e-05
2023-02-15,0.0003835200851896037,0.9912482377332605,0.6046190374741156,0.006585352745810141,2.4036963520558127e-05
2023-02-16,0.0005011062586048887,0.9917449584290198,0.5969440554105031,0.10386232866037656,2.357880395530333e-05
2023-02-17,0.00234422249560029,0.9940698292704673,0.5999520993258384,0.006534602418590173,2.3747700112442925e-05
2023-02-21,-0.006684611717126976,0.9874248584420835,0.5923658352068231,0.007153700789814218,2.3451326986118716e-05
2023-02-22,-0.001131217483186453,0.9863078661788809,0.5975383602589059,0.007810985414537908,2.36867588201966e-05
2023-02-23,0.0017851894843141647,0.9880686126098797,0.5981981037027213,0.10485140774098738,1.7745079578627217e-05
2023-02-24,-0.0017373283931728656,0.9863520129547896,0.6001750030362211,0.009416609449871001,1.7822736691309e-05
2023-02-27,-0.0023510527876136056,0.9840330473051639,0.5976824160060555,0.006086241172296576,1.7815737053065378e-05
2023-02-28,0.0010039906932313158,0.9850210073264903,0.5965232515564164,0.0043641667528492075,1.7611143524633057e-05
2023-03-01,-0.00013717090635512186,0.9848858911021365,0.5984404569461107,0.005805731470674343,1.774486598039924e-05
2023-03-02,0.0005922173372971962,0.9854691576021066,0.6061333717946372,0.00644902178517689,1.8146555899592087e-05
2023-03-03,0.0017996897968486358,0.9872426963901522,0.6043279797983869,0.00874810951272003,1.8099053512666934e-05
2023-03-06,-0.0009891413344929045,0.9862661738319765,0.5964017924112117,0.006468241056663272,1.7685813831604637e-05
2023-03-07,-0.003065478110922948,0.9832427964645508,0.5930653536646271,0.005728314857801068,1.7522915268729197e-05
2023-03-08,0.0017685121432828854,0.9849816732898937,0.6017504872035011,0.007206696471462975,1.79284808439386e-05
2023-03-09,-0.003937399392592078,0.9811034070477678,0.5884910914223065,0.0042579039661992625,1.7260864169609977e-05
2023-03-10,-0.001208450303502251,0.9799177923377538,0.5949659931937717,0.012477226074466777,1.760606109478812e-05
2023-03-13,-0.0017908058426634454,0.9781629498299055,0.6028972879906355,0.013080257157552696,1.8001629684857993e-05
2023-03-14,0.002990773392757662,0.9810884135540382,0.5982974038832394,0.01032565593125615,1.778114640074595e-05
2023-03-15,-0.004964158448627187,0.9762181352170437,0.5520531483063549,0.05400149532850155,1.8004029112246816e-05
2023-03-16,0.005615121312301241,0.9816997184735559,0.508868262874316,0.05711321163959537,1.2219878586448461e-05
2023-03-17,-0.0019198513367763015,0.9798150009567315,0.49630863545680426,0.008871532769491323,1.176990518732883e-05
2023-03-20,0.003494397688156514,0.9832388642308958,0.5048840127729936,0.004472806985808124,1.2118787760548276e-05
2023-03-21,0.0032785793650846884,0.9864624908821125,0.44909789937297956,0.05786536206874192,5.87755471180277e-06
2023-03-22,-0.0046626859197893555,0.9818629261154761,0.44359466059314107,0.003177836208023388,5.732606324396614e-06
2023-03-23,0.004031422354689784,0.9858212302650591,0.40108646711007656,0.05314107764524138,5.9522227944117705e-06
2023-03-24,-0.0006001101859584024,0.985229628903243,0.3002983046417046,0.2011657457780044,0.0
2023-03-27,0.0012412319082606427,0.9864525273556015,0.1993971077245267,0.10326886362276708,0.0
2023-03-28,-0.0002847199260882505,0.9861716646649232,0.20014832040194955,0.0023141790589397146,0.0
2023-03-29,0.003981029610749198,0.990097643263236,0.20164738845056185,0.0016768271778321497,0.0
2023-03-30,0.003311709734717283,0.9933765592667516,0.199905749256961,0.10296829808112622,5.864694490337268e-06
2023-03-31,0.005061892208919172,0.998404924332627,0.20220757745403325,0.003677543181198496,5.951383864632218e-06
2023-04-03,-0.0005051801441597892,0.9979005499890228,0.19976833042229356,0.0020597860998801654,5.932470466967702e-06
2023-04-04,0.0017195443509907538,0.999616484242607,0.19713723618006632,0.0007528412766176258,5.712009547677044e-06
2023-04-05,-0.0024192404875422735,0.9971981715719126,0.19817563028797525,0.0038260275525160586,5.973321315847734e-06
2023-04-06,-0.002800300735798178,0.9944057167983231,0.2015425411360859,0.0035198852702811485,6.120646507644676e-06
2023-04-10,-0.0028137011815184687,0.991607756258059,0.2042540386157579,0.004936946858992412,6.155707977421074e-06
2023-04-11,0.00022955204921126793,0.9918353818505218,0.20025790659738263,0.004683199128738052,5.94581981318086e-06
2023-04-12,0.0010855852588660397,0.9929121037202805,0.19643355513745447,0.0030823318952934485,5.7304062533518185e-06
2023-04-13,0.0005437237904857284,0.9934519736529345,0.20244079088552352,0.00450402968205067,6.096556100265024e-06
2023-04-14,-0.0005223288273189519,0.9929330650485386,0.2001425042158708,0.0024828747958255035,5.900556517882666e-06
2023-04-17,0.00030750203766927164,0.9932383939893102,0.20068153654898852,0.10300513259343766,5.982686121258088e-06
2023-04-18,0.0007447460458209765,0.9939781043557913,0.19817473394933954,0.0021684621139098146,5.820788628740935e-06
2023-04-19,-0.00022854844844555355,0.9937509322022519,0.2993558829932286,0.10397016939113207,5.919861418817604e-06
2023-04-20,-0.0023357345109220606,0.9914297938546461,0.3018880664552549,0.0031992152388314325,6.1094311317369854e-06
2023-04-21,-0.00047698681734686943,0.9909568949126526,0.35033959267095605,0.15194071289285074,1.193586115033824e-05
2023-04-24,0.001359334978556559,0.9923039372821492,0.4005742970736546,0.05220089680589247,1.1906131145740095e-05
2023-04-25,-0.0012139854502410952,0.9910992947400716,0.39691484393428644,0.003069620165649472,1.1746243384831781e-05
2023-04-26,-0.007205860871488334,0.9839575711123445,0.4992843810543426,0.10381134557145122,1.1999797258678473e-05
2023-04-27,0.005539661370686622,0.9894083628594301,0.6040831584618765,0.10441448890733004,1.2057964044876838e-05
2023-04-28,0.0006379752601342048,0.9900395809171043,0.6073301717649428,0.004786713590251826,1.2254265654046517e-05
2023-05-01,0.002814837875651399,0.9928263818278638,0.5975768277402405,0.008949779642718727,1.1742993286436915e-05
2023-05-02,-0.002968116865053272,0.9898795570998906,0.595428231763488,0.0049391342299150145,1.1696394888920355e-05
2023-05-03,-0.0031814861747111456,0.9867302689743481,0.5952820402643935,0.006897289080057673,1.1724545986614172e-05
2023-05-04,-0.005207699812188049,0.9815916739379301,0.5973334418714555,0.00704245302728162,1.1837748867917402e-05
2023-05-05,0.004409720577508436,0.9859202189412051,0.6011913179793561,0.003693332739215905,1.196882237477901e-05
2023-05-08,-0.00044569962306284516,0.9854807946712529,0.5999535403448985,0.005228870879226931,1.1921147882750214e-05
2023-05-09,-0.0031658971310564166,0.982360863850692,0.6039355606163087,0.0044935209451864465,1.2197700358284127e-05
2023-05-10,0.0017592886779378425,0.9840891201961138,0.5957041306334327,0.009162012539223049,1.1644259788915056e-05
2023-05-11,-0.0016724206955127663,0.9824433091852689,0.6014247513008194,0.008592765532018208,1.1996543498029156e-05
2023-05-12,0.0003081491191845309,0.9827460482256432,0.5982158397897127,0.004893357913625819,1.1803023490308318e-05
2023-05-15,-0.0023003034178992188,0.9804854341319827,0.607508307142089,0.0055778103998070745,1.2362978011252653e-05
2023-05-16,-0.0012480044040651395,0.9792617839920643,0.5981026183617068,0.008497593274064952,1.1803750287397515e-05
2023-05-17,0.006459885046891545,0.9855877025474671,0.6018944044480061,0.0023462920019336414,1.1920549225369935e-05
2023-05-18,-0.001510239556661408,0.9840992290125209,0.6054663596431814,0.006765422481657498,1.2207905109835329e-05
2023-05-19,0.0004818934210679693,0.98457345995666,0.5998904091864099,0.006962167880647387,1.1908272580063083e-05
2023-05-22,-0.0006198576672313827,0.9839631645485534,0.6010806741236553,0.10450441803677842,1.2051491781083574e-05
2023-05-23,-0.005507051981886835,0.9785444282531226,0.5971707376378893,0.006172240218282619,1.1828958032293126e-05
2023-05-24,-0.0031798289165752003,0.9754328243840098,0.600359531736135,0.007728285336475123,1.2001372891529121e-05
2023-05-25,0.0034114767625188502,0.9787604907977939,0.5982971215997961,0.010336239715390834,1.1731852865968681e-05
2023-05-26,0.004470658145350415,0.9831361943583263,0.5553383973575395,0.05562728491469091,6.155794541274347e-06
2023-05-30,-0.0003199301816180222,0.98282165941711,0.5973713617935648,0.0582746764704028,1.1785029996498585e-05
2023-05-31,-0.004197201284776075,0.9786965590854987,0.6002826171924451,0.006750705714750165,1.1965165810447959e-05
2023-06-01,0.00487871285889252,0.9834713385732631,0.6036419154036365,0.0029185211101399556,1.2021668799902744e-05
2023-06-02,0.0070736205009533926,0.9904280415958949,0.6021596716480837,0.006972105895462647,1.1943662265048246e-05
2023-06-05,-0.0021740178912469377,0.9882748333134728,0.5985217218595017,0.003971002458950493,1.187045621453436e-05
2023-06-06,0.003942907214023572,0.9921715092831824,0.5996276668847773,0.007453258600058171,1.1790825453411125e-05
2023-06-07,0.0011301616289522975,0.993292823452314,0.6000848297073627,0.007791593342166907,1.1889945837648523e-05
2023-06-08,-0.0007518463001935372,0.9925460199179925,0.6025068628420912,0.005203144627355043,1.2080641900515237e-05
2023-06-09,0.0020393165664129853,0.9945701354593386,0.6007083761691382,0.005479893932592798,1.1944553086329012e-05
2023-06-12,0.0001218751983673716,0.994691348891888,0.6039807263655547,0.002870236729143262,1.2173256959714383e-05
2023-06-13,0.0005781981101080635,0.9952664775499582,0.5513837722498182,0.05724440116082993,1.1965774918093469e-05
2023-06-14,-0.0011709623763639376,0.9941010579502909,0.5509640475631598,0.004886895307505794,1.1972836023572383e-05
2023-06-15,0.003075031152125929,0.9971579496718493,0.4537648274054199,0.10364530463801162,1.2004975106283125e-05
2023-06-16,0.0046669964806869135,1.001811682313657,0.4465216570605936,0.006460706364748513,1.1637109764839591e-05
2023-06-20,-0.0036814367501258882,0.9981235759696819,0.39827948735893237,0.1505475381897496,5.926275554067154e-06
2023-06-21,-0.002183176814723242,0.9959444957203962,0.3488512601950937,0.05270709651752332,5.971876988072935e-06
2023-06-22,0.0015207784148685288,0.9974591066118949,0.3526191467487328,0.004659212722331466,5.992492431854277e-06
2023-06-23,-0.0027338768336994113,0.9947321762677661,0.3011535737936888,0.15001305716666302,5.966839039402708e-06
2023-06-26,0.0004767744613904945,0.9952064391653339,0.20068509459391082,0.10210431299886116,5.940953343777041e-06
2023-06-27,0.003332017601749726,0.9985224845380075,0.2039663422096333,0.001913597254803218,6.039841431920025e-06
2023-06-28,-0.0017023419100098414,0.9968226578644913,0.2009794671057285,0.002101105408107351,5.995359529872117e-06
2023-06-29,0.0014069086108605688,0.9982250962453417,0.20086075961432928,0.001038682242326193,5.9648303696778495e-06
2023-06-30,5.974021768140325e-05,0.9982847304298864,0.20066523161181535,0.0019648101698014437,5.999288317345883e-06
2023-07-03,6.840326967849641e-05,0.9983530163695179,0.20111529130343522,0.0013483412337048624,5.994367405372245e-06
2023-07-05,-0.0010805207618324042,0.9972742752076926,0.20045183592039106,0.001307883661680044,5.951387609158721e-06
2023-07-06,-0.0012484770505442055,0.9960292011619977,0.19999861476361022,0.00159234328885263,5.935696904087097e-06
2023-07-07,0.0009093036869469717,0.9969348941869212,0.1991407747010217,0.0010969710701224324,5.853819600398792e-06
2023-07-10,0.0017436311806202642,0.9986731809534739,0.2017820353882118,0.0014718948240638322,5.974483011062271e-06
2023-07-11,-0.00027488534551989297,0.9983986603310661,0.20026180616500178,0.0018062441107137735,5.976523767985318e-06
2023-07-12,0.0008013123053656201,0.9991986894632499,0.20062259439934949,0.0026776933606318084,6.019505009180161e-06
2023-07-13,0.0024842822913828666,1.0016809810730565,0.2014215459007825,0.0012738180681131951,5.959571639806042e-06
2023-07-14,-0.0008709543217924054,1.0008085626935337,0.20015299767003294,0.002182954809145866,6.040658340756234e-06
2023-07-17,0.0029863333662403235,1.0037973106975244,0.30340503873878494,0.10159870444494964,6.025964963762345e-06
2023-07-18,0.0027109402811391625,1.0065185452611936,0.3022698092837083,0.0031486624337277664,5.962280647536967e-06
2023-07-19,-0.0014473351814938695,1.005061775559811,0.29854908335292574,0.0037745227137876924,5.948397802997102e-06
2023-07-20,-0.0029627153117282035,1.0020840636481272,0.24975255833272675,0.05086943172635631,5.986085333417389e-06
2023-07-21,0.0012552906826788224,1.0033419704364857,0.3503939621418877,0.10154675798635918,5.938134475289926e-06
2023-07-24,0.0012381874243549973,1.0045842958466076,0.35163851293356246,0.002200089983910255,6.015631638583983e-06
2023-07-25,0.0012171732459747009,1.0058070489748383,0.35115107231242587,0.0025729526957533086,5.93577952445919e-06
2023-07-26,-0.0019861646215386664,1.0038093505980703,0.3993861169068151,0.05162046593760478,5.959173811020855e-06
2023-07-27,-0.003333792161520077,1.000462858853386,0.5979433807131918,0.30287989051056363,0.0
2023-07-28,0.0017627492161247371,1.0022264239735916,0.599624644677906,0.004780947184007499,0.0
2023-07-31,0.0009504475280113223,1.0031789876007648,0.6004321635446517,0.0072693719025910385,0.0
2023-08-01,-0.0008360083978720123,1.002340321542562,0.6000554135905537,0.003788194459716974,0.0
2023-08-02,-0.005544845323044334,0.9967824994985579,0.599135141502522,0.00488104175798712,0.0
2023-08-03,-0.0013243649212237862,0.9954623957221322,0.6006596893648012,0.006372603754363496,0.0
2023-08-04,-0.003601510951169451,0.9918772270024616,0.5981863931706106,0.0043723470813847466,0.0
2023-08-07,0.006365594042465839,0.9981911147695259,0.6014872338902165,0.0029027407465106866,0.0
2023-08-08,-0.0032637516727574978,0.9949332668489652,0.6004432652310259,0.004940017633273928,0.0
2023-08-09,-0.003698832838064936,0.991253175009861,0.5985166954801263,0.003136416978876467,0.0
2023-08-10,0.00014150468482410083,0.9913934419779717,0.5987944491550464,0.004040948766008096,0.0
2023-08-11,0.0005147580334261548,0.9919037697165158,0.6009924452410004,0.004753019943680892,0.0
2023-08-14,0.003359430743572256,0.9952360017351667,0.6016408182255656,0.002962082026509423,0.0
2023-08-15,-0.005805566723935063,0.9894580927210308,0.5988143205802641,0.005194775001189494,0.0
2023-08-16,-0.0028219733596811514,0.9866658683428511,0.5491287353966913,0.05272414001244217,0.0
2023-08-17,-0.0034984339109705997,0.9832140830102432,0.5481970123002848,0.0030116703656230025,0.0
2023-08-18,0.0011928375033294358,0.9843868976422595,0.601638120873811,0.0551433860275503,0.0
2023-08-21,0.0026310902668904568,0.9869769084275006,0.6011216670305823,0.10404114211886596,0.0
2023-08-22,-0.002356779466851755,0.9846508215154619,0.5983932588073267,0.00709708681540529,0.0
2023-08-23,0.0034208949239162845,0.988019208512614,0.6015546392622436,0.005055876235847085,0.0
2023-08-24,-0.006422076411285227,0.9816740736597285,0.5966982177333481,0.007661111453113028,0.0
2023-08-25,0.004511164358549147,0.986102566752534,0.6008793863932995,0.008495293293711577,0.0
2023-08-28,0.0028107151248435436,0.9888742201515524,0.6002390075438506,0.0029246159055925777,0.0
2023-08-29,0.00718845450972494,0.9959826974989514,0.6027921795584942,0.0038682624848986667,0.0
2023-08-30,-0.0005758399820859905,0.9954091708402657,0.600148810774274,0.005602724780083503,0.0
2023-08-31,-0.0024094049013162477,0.993010827105228,0.5989927220203591,0.003434505694225213,0.0
2023-09-01,0.0007464475009824056,0.9937520575555692,0.5991938216456361,0.006065427366091339,0.0
2023-09-05,-0.0017821088737287605,0.9919810831955131,0.5993425931997978,0.003442104726499003,0.0
2023-09-06,-0.0018386777846542968,0.9901571496150442,0.599720024016439,0.00461831206295056,0.0
2023-09-07,-0.0040129413284893944,0.9861837070676547,0.5994041769334054,0.00442538429804961,0.0
2023-09-08,-0.0009100478488069941,0.9852862327065093,0.6001233694361512,0.0026997630265368808,0.0
2023-09-11,0.004110733525176213,0.9893364818551905,0.6001848015082205,0.0036370398591767223,0.0
2023-09-12,-0.003902704785262112,0.9854753936332199,0.49884944638500295,0.10389605954597196,0.0
2023-09-13,0.0012443805587338819,0.9867017000541678,0.5005106117010716,0.0036929045171473353,0.0
2023-09-14,0.004005022087392396,0.9906534621565524,0.49995760748341145,0.003726700062141174,0.0
2023-09-15,-0.006335735949002053,0.9843769434033638,0.49785441276411474,0.003754932127361881,0.0
2023-09-18,0.002264372426303618,0.9866059394110953,0.4516425126978418,0.15382959515927927,0.0
2023-09-19,-7.8030000103535e-05,0.9865289545495409,0.4506531411915763,0.002513826786607666,0.0
2023-09-20,-0.0027348673881997243,0.9838309286842286,0.4476439426083441,0.0033320299766294906,0.0
2023-09-21,-0.008166953897734808,0.9757960268464989,0.3987190813591301,0.05755023733314703,0.0
2023-09-22,0.0014607680251810251,0.9772214384816149,0.14986513819597502,0.25096464315806477,0.0
2023-09-25,-5.6018495132037494e-05,0.9771666960072204,0.15024721835310412,0.0005925248584292637,0.0
2023-09-26,-0.0021651851731111504,0.9750509491653675,0.14882334724771235,0.00041920304479769853,0.0
2023-09-27,0.00045884667122342293,0.9754983480476652,0.14978758591497673,0.0005734279690959524,0.0
2023-09-28,0.0020217897546244146,0.9774706006134011,0.15191584705770828,0.0013696628489282949,0.0
2023-09-29,0.0005181325167937789,0.9779770599157889,0.14952438742152016,0.002830480300056485,0.0
2023-10-02,0.0020683947523616464,0.9799999025344487,0.15170754618883583,0.0010326796117765416,0.0
2023-10-03,-0.0026976163271115183,0.9773562387968041,0.148369043118535,0.0012946317364016188,0.0
2023-10-04,0.0018579943070660132,0.979172161124464,0.15090595648988803,0.0009580645558440203,0.0
2023-10-05,-0.0005514375995546716,0.9786322087783828,0.14940716265695259,0.0016354991331751086,0.0
2023-10-06,0.001727709475061845,0.9803230009180898,0.15216762815893245,0.0012960807964830193,0.0
2023-10-09,0.0006291436036558462,0.980939764863634,0.15125297039294422,0.001450592170172575,0.0
2023-10-10,0.0007249260760331389,0.9816508736782015,0.15018244746376844,0.0016865597620235203,0.0
2023-10-11,0.0016880877683622675,0.9833079865108598,0.15048974165811543,0.001314074399379473,0.0
2023-10-12,0.002049954269664811,0.9853237229162033,0.15091483627518965,0.0013436331989958854,0.0
2023-10-13,-0.002341488755426613,0.98301659849854,0.1473438297230561,0.0020180859049243826,0.0
2023-10-16,-0.0017144162114265393,0.9813312989059727,0.2982647348349112,0.2524400489606429,0.0
2023-10-17,0.0006517473681422192,0.9819708789973102,0.25177168450256737,0.051791218572907624,0.0
2023-10-18,-0.003571663161975658,0.9784636097826627,0.3482882254981187,0.10191253244251436,0.0
2023-10-19,-0.002989274027430988,0.975538713927153,0.3986099432435999,0.053457065584092814,0.0
2023-10-20,-0.005505976282825342,0.9701674209052922,0.44722580557943065,0.05264527035378476,0.0
2023-10-23,-0.005175741528338218,0.9651460850954718,0.44790922445206943,0.004267479754291464,0.0
2023-10-24,0.0008272636781432308,0.9659445153957735,0.44969811690481226,0.0053833006464718645,0.0
2023-10-25,-0.004532549081824211,0.9615663244694233,0.5488663246824559,0.10433471702384972,0.0
2023-10-26,-0.0020627199914444727,0.9595828823888404,0.5987257621190294,0.054131131244345494,0.0
2023-10-27,-0.010575576945241139,0.949434739780801,0.5962009149950255,0.00892339290024611,0.0
2023-10-30,0.010475772064781896,0.9593808017051302,0.6026635037103598,0.005058543564726838,0.0
2023-10-31,0.005018919239333286,0.9641958564686551,0.6010466062222296,0.003848178292593003,0.0
2023-11-01,0.002845650628267693,0.9669396210133884,0.6005011553596108,0.00471514454478735,0.0
2023-11-02,0.012393024660564578,0.9789229275818843,0.6030618245375035,0.006890658962972469,0.0
2023-11-03,0.006762202506607196,0.9855426026565537,0.6008110430955009,0.007937140370928892,0.0
2023-11-06,0.002871661371543599,0.988372747278613,0.6005637845427201,0.005002218493531557,0.0
2023-11-07,0.0019209329530547326,0.9902713450587617,0.6009643724813145,0.005465694017261993,0.0
2023-11-08,0.0007657675699788147,0.991029662740287,0.5997205028852828,0.0033594836595976967,0.0
2023-11-09,-0.004014213169805658,0.9870514584164469,0.5976930353211752,0.003921274431311006,0.0
2023-11-10,0.009431670207123544,0.9963610022496913,0.6023149425915915,0.004907980774732082,0.0
2023-11-13,-0.0006460937183987436,0.9957172596648802,0.5507084456424812,0.0551553279878363,0.0
2023-11-14,0.009836236899267714,1.0055113705156336,0.552054330426727,0.004534096660998648,0.0
2023-11-15,0.00250450632332333,1.0080296801012634,0.5509187384185975,0.004444682783438732,0.0
2023-11-16,0.0030031765600342375,1.0110569712083624,0.5511376132501064,0.003358231290899841,0.0
2023-11-17,0.0007992227571915755,1.0118650309485693,0.600103416856014,0.053467721626653336,0.0
2023-11-20,0.0030487842214701466,1.0149499890891827,0.601868682736381,0.004376549766668459,0.0
2023-11-21,-0.0019185974023168129,1.0130027086766347,0.5995272236774847,0.004721192424731371,0.0
2023-11-22,0.0028098842016015535,1.0158491289839247,0.5999544476375215,0.002847413438436873,0.0
2023-11-24,0.0021419102654642863,1.0180249866614584,0.6008742868095661,0.002357930773137218,0.0
2023-11-27,-0.0012525930014801734,1.0167498156878343,0.6000331765793494,0.0018300512901420075,0.0
2023-11-28,-0.0003444231042533108,1.016399623560066,0.600155365534007,0.002092046083984284,0.0
2023-11-29,0.0019778019037268724,1.0184098606704906,0.6000393669051101,0.004865220852868614,0.0
2023-11-30,0.008188909984556014,1.0267495273469054,0.6027610541770562,0.00430834341264462,0.0
2023-12-01,0.0036911643565900043,1.030539428605394,0.6017959584420001,0.005721746199705821,0.0
2023-12-04,-0.001988430507451233,1.0284902725664236,0.600812880046858,0.004279085662413974,0.0
2023-12-05,-0.004493475572695638,1.0238687766498913,0.5993292638264937,0.004081587728751412,0.0
2023-12-06,-0.0011875766944517974,1.022652853952565,0.5981830577009956,0.005750474596994666,0.0
2023-12-07,0.0032800537685166997,1.0260072103000564,0.600744025868142,0.0036637189595828176,0.0
2023-12-08,0.00214891544762863,1.0282120130436485,0.6012040261525129,0.0031434574182030097,0.0
2023-12-11,0.002187473030678566,1.0304611990920012,0.6008863171266974,0.004161855662754596,0.0
2023-12-12,0.0011505440985608573,1.0316467901434123,0.4005038517631973,0.20182684819556151,0.0
2023-12-13,0.0038171076671180693,1.0355846970158264,0.4024447948042632,0.002245818338150376,0.0
2023-12-14,-6.264013975199045e-05,1.0355198278456803,0.2988082991264254,0.10614217107255784,0.0
2023-12-15,0.001703638562901455,1.0372839793570472,0.30117024253596164,0.10303202020951628,0.0
2023-12-18,0.002496865472450205,1.0398739379102295,0.25117699581410347,0.052149970776987756,0.0
2023-12-19,0.0012509535692164508,1.0411747719243936,0.2508971591891017,0.0013555554024597843,0.0
2023-12-20,-0.004410333474849315,1.0365828439746068,0.29736584152656204,0.05187376045299662,0.0
2023-12-21,0.0024933095833064023,1.0391673659133795,0.20073946598131615,0.10044739714687287,0.0
2023-12-22,0.0010872874328509141,1.040297239530966,0.15060809134705572,0.05186393735641395,0.0
2023-12-26,3.7277529159052136e-06,1.040301117502034,0.15001213962340768,0.0009827993599514553,0.0
2023-12-27,3.200869320663102e-05,1.0403344161813466,0.14985782904020548,0.00025638517624963834,0.0
2023-12-28,-0.00032200624451395043,1.0399994220029534,0.14947303952151084,0.0004324591687375635,0.0
2023-12-29,3.3149044276425954e-05,1.0400338969898408,0.14998901316530017,0.0004875302336613879,0.0
2024-01-02,-0.001973851562101614,1.0379810244576289,0.14918046280814737,0.0010530960779933651,0.0
2024-01-03,-0.0016244315823237265,1.0362948952996471,0.14950937494950678,0.0020523859527758165,0.0
2024-01-04,-0.0009646407645771404,1.035295242999518,0.14929843991258254,0.0012194560841613945,0.0
2024-01-05,-0.0002737989186365475,1.035011780281515,0.14983318200552362,0.0008811230994894124,0.0
2024-01-08,0.0023388274296214373,1.0374324942232187,0.15222839087528584,0.0012363370773414428,0.0
2024-01-09,0.0002845905904083068,1.0377277377492584,0.15097064021851683,0.001501413068661443,0.0
2024-01-10,0.0011195543627446902,1.0388895303653969,0.1507024657760204,0.0012827326947854449,0.0
2024-01-11,0.0011311750147826594,1.0400646962452655,0.15093772465873648,0.0011241887957659604,0.0
2024-01-12,0.001021368081854046,1.0411269851290736,0.15050229405250035,0.001357477136171011,0.0
2024-01-16,-0.0003391952489171235,1.0407738398021984,0.2505068160766332,0.10102479517082633,0.0
2024-01-17,0.0002684181243393091,1.0410532023641395,0.3012216203036481,0.05092168080468127,0.0
2024-01-18,-0.0004604494272786308,1.0405738500133443,0.2512031763016701,0.05367794069185496,0.0
2024-01-19,0.003368918582335123,1.0440794585929463,0.2522689911778079,0.0026146266649437716,0.0
2024-01-22,0.001676580614883072,1.0458299419736208,0.25050250845656363,0.005564399153622286,0.0
2024-01-23,1.2641265531465606e-05,1.0458431625876181,0.25060271050947164,0.003618225147952565,0.0
2024-01-24,9.664433335832001e-06,1.0458532700691427,0.29921546225833545,0.05174949605648873,0.0
2024-01-25,0.002497175717871114,1.0484649494596154,0.35199359734824737,0.0553548453595139,0.0
2024-01-26,-4.964840901289236e-05,1.048412894842969,0.45037107893680434,0.10321554110752933,0.0
2024-01-29,0.0029731723129904353,1.0515300070344982,0.5016604917558763,0.05315223002248706,0.0
2024-01-30,0.0011171532429687936,1.0527047271919359,0.5000304377365459,0.006180946770342546,0.0
2024-01-31,-0.0057858600064413235,1.0466139250122843,0.49818830422551463,0.004333473924518667,0.0
2024-02-01,0.0021168739228425437,1.0488294747374267,0.6006348431825486,0.10499959738796878,0.0
2024-02-02,0.005353108642434767,1.054443972863084,0.6025340776879947,0.006795888637796471,0.0
2024-02-05,-0.003492499234182378,1.0507613280953714,0.5991459233478803,0.0038410934882075957,0.0
2024-02-06,-0.0022776992119639683,1.0483680098464063,0.5988905182862768,0.004148907707615421,0.0
2024-02-07,0.005699248656980238,1.0543429198185446,0.601040597963345,0.005783930010479701,0.0
2024-02-08,0.002500583473311613,1.056979392299046,0.6010751994546834,0.004070388527511748,0.0
2024-02-09,0.007660429290345272,1.065076308195105,0.6024693347831119,0.004698343163860268,0.0
2024-02-12,-0.0023188296227470984,1.062606577701176,0.59934233788184,0.006279205872713281,0.0
2024-02-13,-0.010603239648150131,1.0513395055061097,0.5999028358071199,0.012213489618050173,0.0
2024-02-14,0.004915818193388599,1.0565076993747047,0.6001773892348967,0.10701642007663029,0.0
2024-02-15,0.006618393738524242,1.0635000833169488,0.6016406607674419,0.005736903290916913,0.0
2024-02-16,-0.002377014121509924,1.0609721286006775,0.5986404803858039,0.008094661041207239,0.0
2024-02-20,-0.005425370171765254,1.055215962061093,0.5993001655567347,0.10580617564577335,0.0
2024-02-21,-0.00011430315015825698,1.0550953475525322,0.6016255982287311,0.005953151247063409,0.0
2024-02-22,0.01572530349720047,1.07168704211128,0.602028248448953,0.009430463699745468,0.0
2024-02-23,-0.0019225870809947976,1.0696266304492474,0.5986909950804989,0.0038805137237472058,0.0
2024-02-26,0.005445450049489375,1.0754512288369624,0.6011824612902814,0.0030964860859061614,0.0
2024-02-27,-0.002321370937794165,1.0729547076093253,0.5983808270345147,0.00593863507975517,0.0
2024-02-28,-0.0017435906222564856,1.0710839138430317,0.6013890558440144,0.008302339925682318,0.0
2024-02-29,0.006264700649543098,1.0777939339337994,0.6007951943621339,0.004731445791271765,0.0
2024-03-01,0.009882578795189279,1.0884453174108772,0.6031627967495374,0.007271602064307224,0.0
2024-03-04,0.0017740212539851807,1.0903762425377648,0.6005999638977763,0.010133982072386208,0.0
2024-03-05,-0.008752892716697769,1.0808322962659958,0.5979942904785363,0.0057410589988526085,0.0
2024-03-06,0.0024046759591791478,1.083431347704731,0.5987655035087458,0.007737995489502892,0.0
2024-03-07,0.006131036585265148,1.0900739049351318,0.6012664500613001,0.0064017392869236064,0.0
2024-03-08,-0.009693520920684429,1.079507250732551,0.5960528736106732,0.005346669547437325,0.0
2024-03-11,-0.0016526528857434553,1.0777231999594468,0.6007047553805792,0.01056167270844284,0.0
2024-03-12,0.009009414724921783,1.0874328552265513,0.6022854911509996,0.003802202435506427,0.0
2024-03-13,-0.004409522386453313,1.082637795707665,0.4983595418092083,0.10680967121266668,0.0
2024-03-14,-0.0006514687946449493,1.0819324909678583,0.4480780585796306,0.05452857641387244,0.0
2024-03-15,-0.005874573538703354,1.075576598985755,0.44957659812560075,0.005390398631288313,0.0
2024-03-18,0.005561081103431009,1.0815579676856675,0.5008012559860532,0.055112882254617114,0.0
2024-03-19,0.002143585617312871,1.0838763797894886,0.5029050095194567,0.006708115304818479,0.0
2024-03-20,0.007876288078879856,1.092413302398604,0.5032661017440608,0.004493115196074757,0.0
2024-03-21,0.007895621777372241,1.1010385846589135,0.4494274219756869,0.060302935366083214,0.0
2024-03-22,-0.0026242450386970706,1.0981491896157083,0.499400616300977,0.1563306628745608,0.0
2024-03-25,-0.0001446846222041831,1.097990304315085,0.40266175341896854,0.10497587736199031,0.0
2024-03-26,-0.0006554036637721472,1.0972706774468506,0.3486524471990169,0.05633953053498199,0.0
2024-03-27,0.0008285352199612905,1.0981798048489462,0.3492465350793231,0.00260717947866351,0.0
2024-03-28,0.000667574460081477,1.0989129216392406,0.3502140238424691,0.004473662174248888,0.0
2024-04-01,0.003973194347677067,1.1032791162480868,0.2520421594155533,0.10265324642032096,0.0
2024-04-02,-0.003458300737234521,1.0994636452669906,0.2501590409069454,0.0037532413963654275,0.0
2024-04-03,0.0029892835984692834,1.1027502539089005,0.25298717077896626,0.0012736634076295453,0.0
2024-04-04,-0.005298154087448714,1.096907713143718,0.24358096113879,0.006728134626197636,0.0
2024-04-05,0.002551025518715111,1.099705952711623,0.251020111215811,0.005519151677016853,0.0
2024-04-08,-0.00016267610920794873,1.0995270568259632,0.2472996811304296,0.004892747945971764,0.0
2024-04-09,0.0009850475708848005,1.1006101432824118,0.2490938195435743,0.0026145216378501797,0.0
2024-04-10,-0.0033859484590528233,1.0968835340637468,0.24990454199740159,0.004508053341760727,0.0
2024-04-11,0.004317057950623759,1.101618843845385,0.25246054925037154,0.0019645337529368896,0.0
2024-04-12,-0.008595854153867877,1.0921494889305376,0.1980794255216027,0.051121428162772965,0.0
2024-04-15,-0.0036828013799010684,1.088127319285646,0.2961653346565709,0.1023817794974908,0.0
2024-04-16,-0.0009070234802501798,1.0871403622575522,0.34987217777008695,0.05463593503162485,0.0
2024-04-17,-0.00024485734445889307,1.0868741679553957,0.4491696715212031,0.20282014651975455,0.0
2024-04-18,0.00218242664933066,1.0892461911040106,0.45013430721138253,0.0068071813422823325,0.0
2024-04-19,0.0023932043640548795,1.0918529798420908,0.45080185894850244,0.007421272840063322,0.0
2024-04-22,0.006240974876203564,1.0986672068577934,0.502242396948485,0.055872829174406495,0.0
2024-04-23,0.004936159895717163,1.1040904038630244,0.501554815750601,0.006508764852520265,0.0
2024-04-24,-0.0008815679259160936,1.103117073175667,0.5007196399951848,0.005466751982117163,0.0
2024-04-25,-0.0017091036038388019,1.1012317318104463,0.6006818643930517,0.10482071682783699,0.0
2024-04-26,0.004003041639538907,1.1056400082876652,0.6017610153683487,0.006096939257498865,0.0
2024-04-29,-0.0009746256305751544,1.1045624231973987,0.5996516372461239,0.005925770942644936,0.0
2024-04-30,-0.006600709581043196,1.0972715274277394,0.5979837756271458,0.004877526113627186,0.0
2024-05-01,0.00040538929473665775,1.097716349558378,0.6002910931909862,0.006157789728062461,0.0
2024-05-02,0.004774541846539027,1.1029574422049744,0.5994722765298852,0.004372541819245737,0.0
2024-05-03,0.005753643059608793,1.1093034656373608,0.6005941934543627,0.006330265439863262,0.0
2024-05-06,0.007582202417969253,1.117714429056778,0.6008592178846758,0.0040070185186299335,0.0
2024-05-07,0.001579210976758727,1.119479535952026,0.6000074477717456,0.0034385133402993723,0.0
2024-05-08,0.0026546366734228055,1.1224513473833106,0.601641398653294,0.004214835839896461,0.0
2024-05-09,0.0021904943142465605,1.1249100706777722,0.6014427225187201,0.005306816701166424,0.0
2024-05-10,0.003436323612519221,1.1287756257156027,0.6003281861294907,0.004621542828677126,0.0
2024-05-13,2.2527157746310422e-05,1.1288010538221833,0.5992424801015963,0.002788855859779866,0.0
2024-05-14,0.0035897070128947384,1.1328531188812518,0.5511800215091147,0.051937480987166294,0.0
2024-05-15,0.007198116485346739,1.1410075275917475,0.552224622231248,0.0057638137630056045,0.0
2024-05-16,0.00013959722162049104,1.1411668090724474,0.5499483197210032,0.003181343798255348,0.0
2024-05-17,-0.0009940902308333,1.1400323862957973,0.5987265700191129,0.05341375250747385,0.0
2024-05-20,-0.0024375792443118716,1.1372534670131194,0.49859139218915305,0.100430437868832,0.0
2024-05-21,0.005166525684269896,1.1431291162599677,0.5025910713651245,0.004564229524361113,0.0
2024-05-22,-0.00040330790084630586,1.1426680832556926,0.5003406749898497,0.003794275497901261,0.0
2024-05-23,-0.008061870551802852,1.1334560410848085,0.5464751493319078,0.054031981257443004,0.0
2024-05-24,-0.00012967624603454908,1.1333090587603554,0.5491109638698711,0.004213371752574249,0.0
2024-05-28,-0.004717369136217342,1.1279628215847637,0.5476125306854642,0.006697473749650169,0.0
2024-05-29,-0.007180158388999325,1.1198638698688825,0.5496343128614115,0.006878182718521997,0.0
2024-05-30,0.0006555465694784157,1.120597992787058,0.5502520030495496,0.003346143920908453,0.0
2024-05-31,0.006817634254214777,1.1282378200478873,0.5530653335199316,0.0021225502055416687,0.0
2024-06-03,2.7042137051402904e-05,1.1282683300096437,0.5964708613793158,0.05473896494913096,5.783487245392831e-06
2024-06-04,0.0013381428970569154,1.1297781142614203,0.599417098287664,0.008021862439404429,5.837161061075571e-06
2024-06-05,-0.0004721430200483878,1.1292446974105683,0.6026809298808181,0.003544675411643421,6.159755242036266e-06
2024-06-06,0.00033432714748027337,1.1296222345690607,0.5982495180515659,0.007911873079046155,5.83413227724005e-06
2024-06-07,-0.0019861476650291365,1.1273786380055064,0.5997443837974069,0.005883481013976864,5.9506126304292514e-06
2024-06-10,0.00037017371036474067,1.1277959639389228,0.6045501209269173,0.004472246899363732,6.165364384163284e-06
2024-06-11,-0.003148835982763165,1.1242447194264569,0.5017727979389507,0.10394836798117324,6.071078945985442e-06
2024-06-12,0.0001496634671129815,1.1244129777890497,0.4502604591464249,0.05581862947908566,6.0900209458499715e-06
2024-06-13,-0.001452542350268038,1.1227797203196201,0.2995431387922238,0.15472228500714583,5.814673310709834e-06
2024-06-14,-0.0017468650081480241,1.1208183757143355,0.3015666960925247,0.0035014605368246855,6.041420613686361e-06
2024-06-17,0.0017033279265639134,1.1227274969542957,0.34961508099462546,0.051320042300515394,5.822514835001708e-06
2024-06-18,0.0010619196594932045,1.123919743355565,0.3025048300559371,0.05326717877260602,6.000627509143398e-06
2024-06-20,-0.0022573185411409735,1.121382698480134,0.2988740196609188,0.0027695324842473266,5.9613261440977975e-06
2024-06-21,0.003794979640072693,1.1256383229895959,0.29975212240471927,0.0033360244452675255,5.865880290125339e-06
2024-06-24,0.0009992196255690367,1.1267630828932196,0.19583703619763057,0.10187000202852854,5.659777035864113e-06
2024-06-25,0.0004119925356476095,1.1272273008728149,0.20013237322864208,0.0032610178459507306,5.963729493816657e-06
2024-06-26,-0.0009389339095107196,1.1261689089362992,0.19974636633546938,0.0008314231475184098,5.968990125961291e-06
2024-06-27,0.0017306533490177856,1.1281179169301094,0.2024442467623895,0.0015112234774538262,6.042937550285048e-06
2024-06-28,0.0003575562666267018,1.1285212825608015,0.2009224702644167,0.003521466188768295,6.0030402498795435e-06
2024-07-01,-0.0010549630794350895,1.1273307342733432,0.20120744835105192,0.0010779512360135073,6.03310209030862e-06
2024-07-02,0.0006878838879500471,1.1281062069218406,0.2017912544202473,0.001867596414191334,6.020484017799857e-06
2024-07-03,-2.4379413001152095e-05,1.128078704354713,0.20163330838661594,0.0016053065503078342,6.054684718536481e-06
2024-07-05,0.0009392544012960524,1.1291382572427864,0.20026359156153578,0.0026318780108195087,5.917074233981636e-06
2024-07-08,-0.002334851657338044,1.1265018869114993,0.20249205924333907,0.0007659171485900842,6.188656339990919e-06
2024-07-09,-0.0006897921343311797,1.1257248347705986,0.19794353801795425,0.0031313697097130645,5.843945019546511e-06
2024-07-10,0.0010268523609393565,1.1268807879749507,0.20141422064413023,0.0016403824002778806,6.010165611984597e-06
2024-07-11,0.0007409308131016701,1.1277157286734536,0.19676628207248487,0.0018203151431658365,5.709534457364499e-06
2024-07-12,0.0008045395964595414,1.1286230206307215,0.20139291411183605,0.003163152300293245,6.007886129462404e-06
2024-07-15,0.0004248940851705463,1.1291025658765748,0.20025425976850708,0.0020331178695511187,5.929815917023986e-06
2024-07-16,-8.864795120866464e-05,1.1290024732474053,0.20213373874175758,0.0007593466246124802,6.081078649518925e-06
2024-07-17,0.003345479591836842,1.1327795279807877,0.1454617221058597,0.05138785118219832,5.577032423382803e-06
2024-07-18,-8.172179972132376e-05,1.1326869551990737,0.19854477203567525,0.0528678056021413,5.821640081296525e-06
2024-07-19,-0.00113183585862775,1.1314049394865795,0.1961907914431984,0.0029101727690354568,5.814250478669573e-06
2024-07-22,0.00020038274674916146,1.1316316535160393,0.20085803765607185,0.0013920826622955483,6.029261013999252e-06
2024-07-23,-0.002233838640447572,1.1291037710016616,0.1492375152446429,0.04997437015575771,5.983730194592755e-06
2024-07-24,0.0034373715455249254,1.1329849201760476,0.19801566315715283,0.051945009306839325,5.712538991397174e-06
2024-07-25,-6.592463507937296e-05,1.1329102285586345,0.3010160799843653,0.10495376321827021,1.2011905090241389e-05
2024-07-26,0.003080516921581289,1.136400177688342,0.5008048761665994,0.20442381421001404,1.1848985536797862e-05
2024-07-29,-0.006742513945200979,1.1287379836429494,0.4979628693995497,0.003533411852356839,1.1967041430816147e-05
2024-07-30,0.0038228977701020295,1.1330530335636475,0.49379945100386635,0.004547358583335156,1.1467098226739832e-05
2024-07-31,0.0012093443216694144,1.134423284815938,0.4507663681550208,0.056576752915390306,6.061123525760731e-06
2024-08-01,-0.0024356670102330114,1.1316602074454716,0.4930464104128571,0.054602499183277656,5.669103086489002e-06
2024-08-02,-0.01051491298152607,1.1197608988395267,0.5453927486425463,0.07166033815375412,5.752450775377162e-06
2024-08-05,-0.002256097630870202,1.1172346089285137,0.611097404233632,0.07534357174723394,6.39112919151399e-06
2024-08-06,0.004383855977995177,1.1221324045476881,0.6009639723642237,0.021177535124475518,5.949056361837489e-06
2024-08-07,-0.0007914258873664703,1.1212443199136763,0.5920066943124416,0.008990176881176199,5.685228787264121e-06
2024-08-08,0.016449480502014335,1.1396882064920906,0.6055432084521163,0.007256240456622795,6.047864747523833e-06
2024-08-09,0.002570909902521512,1.142618242187948,0.6026452488457387,0.006661195748509269,6.041472758394362e-06
2024-08-12,0.0007776579737692746,1.1435068083749598,0.5992933287909166,0.004691097826431037,5.906607197622232e-06
2024-08-13,0.0065760874229794375,1.1510266091156056,0.6063873815360874,0.004790180829932185,6.233084968495297e-06
2024-08-14,0.004255635697679283,1.1559249590423368,0.5981776671615832,0.109772847895268,5.779568527639477e-06
2024-08-15,0.007182788716667332,1.1642277237954604,0.6050719607399349,0.005316121049662966,6.217146809430507e-06
2024-08-16,-0.0022704575479790545,1.1615843941724024,0.6020033848993623,0.004491303949522828,6.092473079227655e-06
2024-08-19,0.0006377553413818848,1.1623252008242517,0.6032644852242098,0.004514625415290783,6.1072983631891374e-06
2024-08-20,0.0011472005485471115,1.1636586209322275,0.5989385506388734,0.005537143930627499,5.852311422481221e-06
2024-08-21,0.0028946282826820546,1.1670269800877646,0.6012615609761692,0.004359510503022138,5.968407215741028e-06
2024-08-22,-0.004344902425416741,1.1619563617314546,0.5918112908567874,0.0021299374211398506,5.602391282275869e-06
2024-08-23,0.004029010598724181,1.1666378962281256,0.6030410341860692,0.006082322453442505,6.11500786022524e-06
2024-08-26,-0.0019855693878139125,1.1643214557347115,0.5965797691733977,0.004816683277962183,5.801618863437555e-06
2024-08-27,0.0024079876428630964,1.167125127412441,0.5997605867579034,0.009163398188175737,5.839587120431219e-06
2024-08-28,-0.0026526539137338156,1.1640291483753933,0.5971735345662145,0.0047129572953862366,5.839688574474748e-06
2024-08-29,0.0017164186129960957,1.1660271096717347,0.5978672160394778,0.0032455478940736464,5.852502979962158e-06
2024-08-30,0.0058459470469329755,1.172843642410164,0.6034557027251662,0.004599168054243937,6.108715567185423e-06
2024-09-03,-0.0174413808653181,1.1523876297474214,0.5922293509591005,0.007081574087997058,5.8235020824199995e-06
2024-09-04,-0.0022943302916009767,1.1497436719008256,0.6051850387529893,0.021645459062160987,6.201613631498724e-06
2024-09-05,-0.006448948967445189,1.1423290336350942,0.6022244265364002,0.008840630792576083,6.1302672295881975e-06
2024-09-06,-0.004600004148503145,1.1370743153414171,0.5890577175224663,0.008208758484585256,5.392691450735565e-06
2024-09-09,0.006911639743599096,1.1449333633707566,0.6013520688332762,0.008257740645378594,5.954283797365532e-06
2024-09-10,0.00018612843514298483,1.1451464680260237,0.6028997140475725,0.006187351574692193,6.117352567069756e-06
2024-09-11,0.008217235305816528,1.1545564060134181,0.6045383860222922,0.005350264550237646,6.047263614649133e-06
2024-09-12,0.0017010502281851192,1.1565203644513198,0.602657228704825,0.01056498680828221,6.088798200952324e-06
2024-09-13,0.004864571943607565,1.1621463409684405,0.5519857185735016,0.05662436433928023,6.011995438437006e-06
2024-09-16,-0.0017430812935682605,1.1601206254211096,0.599243746398381,0.056402548341390475,5.886798337493016e-06
2024-09-17,-0.0006063239698496092,1.159417216478,0.5980583417624195,0.006171122272190508,5.911374379756986e-06
2024-09-18,-0.0008887007945832526,1.1583868414764624,0.5974139073057321,0.004470248345425652,5.87760412447668e-06
2024-09-19,0.011108018088561877,1.171254223465135,0.5544626773869527,0.0556226712849447,6.204548596561007e-06
2024-09-20,0.000402363591468724,1.1717254935210115,0.4509473561213749,0.10757437777854582,0.0
2024-09-23,0.001762669596201638,1.1737908584235355,0.250243525399775,0.20394387358703608,0.0
2024-09-24,0.0013351300206452255,1.1753580218365756,0.2495529870857668,0.001791846709892929,0.0
2024-09-25,-5.4013565479293923e-05,1.1752945365591014,0.2503521641120429,0.0024625693638750602,0.0
2024-09-26,0.0025890082123298797,1.1783373837661593,0.24803831464865175,0.006701661764766281,0.0
2024-09-27,-0.0009012706962481243,1.1772753828118772,0.1985370733862446,0.05020626689477826,0.0
2024-09-30,0.001720910812929688,1.179301368747954,0.1514022441739687,0.04896084393660881,0.0
2024-10-01,-0.0017520152787209309,1.1772352147316911,0.09928563962751649,0.05061111166539887,0.0
2024-10-02,0.0005644591170270719,1.1778997158815319,0.10056583892400593,0.0017691523055021019,0.0
2024-10-03,-0.0001598478125236502,1.177711431188576,0.10053323600891083,0.00044229363758988704,0.0
2024-10-04,-5.217206349750203e-05,1.1776499875530062,0.0998060948197584,0.0006804051546569023,0.0
2024-10-07,-0.002005508003896095,1.1752882010771806,0.09886326365142148,0.0008646175492600748,0.0
2024-10-08,0.0016457448555395882,1.1772224255878798,0.10082653467178006,0.001749217238267012,0.0
2024-10-09,2.2427106301403654e-05,1.177248827280359,0.0994152019846151,0.0014312831631149443,0.0
2024-10-10,0.00018837239705860043,1.1774705884638883,0.05126004813056924,0.04931218417467312,0.0
2024-10-11,-0.0008047682162195535,1.1765229975587592,0.049118404272296357,0.0013769235248927232,0.0
2024-10-14,0.0021167814420002262,1.179013439606078,0.10135558507450937,0.05027798912621409,0.0
2024-10-15,0.000556315479046221,1.1796693430325345,0.09957855395241397,0.0022767531312434556,0.0
2024-10-16,0.0008748225978134627,1.180701344431767,0.2007337449953054,0.10098070743538286,0.0
2024-10-17,-0.00035236670508842494,1.1802853045893362,0.1990024150898439,0.0016286458272127575,0.0
2024-10-18,-0.0003274804205884996,1.1798987842613748,0.20021490112334978,0.002103010341891578,0.0
2024-10-21,-0.0013358654192074937,1.1783225982773151,0.19895089963019527,0.0006426105170360487,0.0
2024-10-22,0.000994871110045148,1.1794948773886547,0.20112720246693064,0.0019245327177712462,0.0
2024-10-23,-0.00022848222236082627,1.1792253837778057,0.20018313834324983,0.0017492706724341663,0.0
2024-10-24,0.0005216347527789988,1.1798405087193433,0.40042513809724123,0.20146050137126736,0.0
2024-10-25,-0.0013310249861520074,1.1782701115225636,0.548785706690486,0.1548927192056324,0.0
2024-10-28,-0.0016790851144311558,1.176291695717527,0.5483224583927447,0.007014117237139096,0.0
2024-10-29,0.0021771081802177683,1.1788526099905958,0.5508316089504725,0.005639525339599239,0.0
2024-10-30,-0.0029139636994985896,1.175417476278024,0.5505787987256828,0.005290248901392748,0.0
2024-10-31,-0.00648019293960278,1.1678005442471615,0.5978038372230996,0.05332878865748771,0.0
2024-11-01,0.0008232589375885002,1.1687619464825336,0.5995461201478753,0.006722150675055964,0.0
2024-11-04,-0.004254543592728255,1.1637893978317018,0.5990902260285889,0.0050328482902002895,0.0
2024-11-05,0.007226824485765615,1.1721998995482263,0.602378454957398,0.005326495081432333,0.0
2024-11-06,0.025425633262810665,1.202003824304843,0.6003708178506899,0.02022088338437922,0.0
2024-11-07,0.0017735200615263125,1.204135602201279,0.5999016020809965,0.007682481721496084,0.0
2024-11-08,0.004095407956961061,1.2090670287277943,0.6010567815076436,0.007669035388387041,0.0
2024-11-11,-0.0018486659864884736,1.2068318676364005,0.5994760099530413,0.11547824402224967,0.0
2024-11-12,-0.007175672270978595,1.1981720376680687,0.5972641503497143,0.006610464105768075,0.0
2024-11-13,-0.002310302230633887,1.195403898136761,0.5987475076323763,0.006563880129585145,0.0
2024-11-14,-0.004558243684385288,1.1899549558677895,0.5977543125264694,0.005861496003203836,0.0
2024-11-15,-0.005500729955371431,1.183409334996505,0.5997649313951006,0.00787709407834361,0.0
2024-11-18,0.004736895697614596,1.1890150215839668,0.6000820830151071,0.014225989411646574,0.0
2024-11-19,0.0006813724500842611,1.1898251836624105,0.6018152420804683,0.0068866506726126125,0.0
2024-11-20,-0.00017748715121101988,1.1896140049801232,0.5996872606327583,0.009335339497015533,0.0
2024-11-21,0.01185354218715351,1.2037151447745837,0.6027357455733515,0.004026947042351995,0.0
2024-11-22,0.006367862583929407,1.2113802374067029,0.6019898983288199,0.006803683766233877,0.0
2024-11-25,-0.0002322527595045587,1.211098891003756,0.598092424278847,0.006541144886353562,0.0
2024-11-26,0.0024590016459673514,1.2140769851701634,0.5999446793565855,0.007848931810357404,0.0
2024-11-27,-0.0033878559007233244,1.2099638672920223,0.5984379488346392,0.006009778367061811,0.0
2024-11-29,0.0033947215772909267,1.2140713577400608,0.6000111447220138,0.0042337440397833895,0.0
2024-12-02,0.003047442086474117,1.2177711698916207,0.6006814415457027,0.004601925149824622,0.0
2024-12-03,-0.0008040457221172304,1.2167920261919516,0.5998587284837946,0.005924926649451055,0.0
2024-12-04,0.0008902834601485221,1.2178753160073108,0.599315506970557,0.010624676516832332,0.0
2024-12-05,0.001321122533311625,1.2194842785300521,0.6011069797480021,0.007936861411829985,0.0
2024-12-06,0.004386782457744154,1.2248338907706025,0.6008850613710085,0.008573729945130209,0.0
2024-12-09,-0.0036885590672941504,1.2203160186168713,0.5982602225583104,0.006808577016425972,0.0
2024-12-10,-0.0012669557278518484,1.2187699322472954,0.5490111316113546,0.055577916770981846,0.0
2024-12-11,0.007007958500385714,1.2273110213540024,0.5514739230583211,0.005785399343949897,0.0
2024-12-12,-0.002004515246892269,1.2248508576990194,0.4492897331038722,0.1037406286922061,0.0
2024-12-13,0.0031181128718431594,1.2286700809244988,0.5009342142227385,0.05592323648899664,0.0
2024-12-16,0.007782701095965683,1.23823245290989,0.5530070694243652,0.057215039722605755,0.0
2024-12-17,-0.0023618730134056243,1.235307905095039,0.5498235686779724,0.012998374720823347,0.0
2024-12-18,-0.020931857383595043,1.209450616200762,0.5410595739885402,0.0055623820241225185,0.0
2024-12-19,-0.004463201642930015,1.204052594223492,0.546494546553366,0.010073445370124067,0.0
2024-12-20,0.002924958195074767,1.2075743977262672,0.4038165991096798,0.25635201986239886,0.0
2024-12-23,0.003797587911168465,1.2121602676609091,0.2514795900400846,0.15848881097505355,0.0
2024-12-24,0.003292131664246467,1.216150858860217,0.25110737912072245,0.004085280714540628,0.0
2024-12-26,0.001130244383044987,1.217525406537379,0.2515258217224291,0.0007378134089681036,0.0
2024-12-27,-0.002869068970294153,1.214032242172938,0.2489070635252871,0.0019900823850878945,0.0
2024-12-30,-0.002834716770541257,1.2105908046160725,0.20066871969213373,0.05383591095993302,0.0
2024-12-31,-0.001428258944986882,1.2088617674706608,0.19847268520315173,0.0010512685927563418,0.0
2025-01-02,-0.00023564214003668482,1.2085769086967655,0.19836882373359907,0.0005404774515626341,0.0
2025-01-03,0.0011916092314763205,1.2100170600981177,0.20133129269604258,0.0033061938820431076,0.0
2025-01-06,0.002190448704175063,1.2126675403994394,0.20018711039836062,0.0028919192715808296,0.0
2025-01-07,-0.0034343243033355675,1.2085028467935794,0.1960025081160113,0.0017176082212087493,0.0
2025-01-08,8.319773268428143e-05,1.208603391490375,0.1999094961533754,0.005914264792593264,0.0
2025-01-10,-0.003987617377233521,1.2037839436042848,0.148387688359972,0.05205416337402071,0.0
2025-01-13,0.0004917184231341132,1.204375866346828,0.1519578798552721,0.0031573364035649147,0.0
2025-01-14,0.00037564020240643536,1.204828278341036,0.14995037425615987,0.002326969684813639,0.0
2025-01-15,0.0014122092794768282,1.2065297480158854,0.1491353649875197,0.002012722326667358,0.0
2025-01-16,0.002118802001170872,1.2090861456604536,0.3002660196082303,0.15214512354516296,0.0
2025-01-17,0.005037960644401318,1.215177474077982,0.3509931533627635,0.05328152117154785,0.0
2025-01-21,0.004005558721944302,1.2200449388079853,0.3521419825435256,0.004319567049627746,0.0
2025-01-22,-0.0006969129612877101,1.2191946736767765,0.3486350843344611,0.004185252456411909,0.0
2025-01-23,0.0024951268651884906,1.2222367190609622,0.40144932245891934,0.05315473309819512,0.0
2025-01-24,-0.0006052437437858993,1.2214969679333252,0.399976946189929,0.003729154749405126,0.0
2025-01-27,-0.012308821888971977,1.2064617793171146,0.4500322652081412,0.06360187275982143,0.0
2025-01-28,0.0023978433238862618,1.2093546856401742,0.5005254317326672,0.056813215075114804,0.0
2025-01-29,0.0008473209816193261,1.210379397239537,0.5468386936820172,0.055021962721630506,5.77045738833619e-06
2025-01-30,0.00572760913441317,1.2173119773312717,0.5525725658398271,0.008817683159104688,6.120775852599055e-06
2025-01-31,-0.0011248700825400304,1.215942659506854,0.5965908802977099,0.056487014333265105,5.820645212244102e-06
2025-02-03,-0.0012280572995067018,1.2144494122480651,0.6033897821248081,0.009404221505858531,6.012522445459831e-06
2025-02-04,0.0029652163430085032,1.2180505174930203,0.6006076774751707,0.008883484032860437,5.929810325975611e-06
2025-02-05,0.0045377747855332995,1.223577756418806,0.6034491618708924,0.008494445831392325,6.149865531077217e-06
2025-02-06,0.0019683322006458503,1.225986163916759,0.6015635726487673,0.005500830017482297,6.043939520377281e-06
2025-02-07,-0.0031513755658539866,1.2221226210757168,0.5960479906283744,0.00515632795459507,5.8312366327997025e-06
2025-02-10,0.0040419881799365065,1.227062426264538,0.599179939194178,0.00454748227913675,5.86882909665214e-06
2025-02-11,0.0011360420629935586,1.2284564207946933,0.6018166254149762,0.008858886842801185,5.974206716204844e-06
2025-02-12,-0.0012387604623808057,1.226934657550855,0.6052870236134827,0.005834598211709436,6.2163717670623485e-06
2025-02-13,0.001094038166336908,1.2282769708938173,0.5493961194174963,0.05634819077092778,5.902558500034668e-06
2025-02-14,0.003243462558667476,1.2322608412605849,0.5998361268311476,0.15155994050540714,5.877670135365908e-06
2025-02-18,-0.000723148601672774,1.2313697335563312,0.6001742066519624,0.0067858881678526045,5.929600494322665e-06
2025-02-19,0.0005693929456189739,1.232070866796067,0.6004103692847793,0.009218974489976597,5.9793350875663775e-06
2025-02-20,-0.007980696862035286,1.2222380826956225,0.5944389713054961,0.006423723921145975,5.801612388205371e-06
2025-02-21,-0.010552128829042107,1.209340868987257,0.5423254111899751,0.05734048831693804,5.816604284734645e-06
2025-02-24,-0.004277687102147598,1.20416768714989,0.5987881870812143,0.06044306298086008,6.033696983868593e-06
2025-02-25,-0.009267500732604295,1.19300806222705,0.5957863009666676,0.011305593632012802,5.880437779995159e-06
2025-02-26,0.004761830665310551,1.1986889646017256,0.5972322293498039,0.003837615359806967,5.738469843123932e-06
2025-02-27,-0.002977541302306985,1.1951198187010044,0.5962344473472303,0.008945095462181474,5.928820414651771e-06
2025-02-28,0.013406645740220213,1.211142366727445,0.6051424796711445,0.010108594878879697,5.961568349266852e-06
2025-03-03,-0.009182806172554958,1.2000206811264174,0.5901970423746884,0.01035073278975979,5.718317856582677e-06
2025-03-04,-0.010820774502941832,1.1870355279370817,0.5932037870631757,0.019846473175367793,5.651096008057276e-06
2025-03-05,0.003916181052211476,1.1916841739798907,0.6034226910703242,0.016851954200061,6.0714070642487475e-06
2025-03-06,-0.014677495823678832,1.1741932344931567,0.5963930590841184,0.006607274757806944,5.842104856514039e-06
2025-03-07,-0.0007571788935523127,1.1733041601590466,0.5985958325802381,0.009061211807096084,5.83837317563636e-06
2025-03-10,-0.02654703581899398,1.1421564125927297,0.5929844387200195,0.01267432892872037,5.877755252560863e-06
2025-03-11,-0.00858067257184214,1.1323559423904417,0.6010239572234182,0.013527076837052477,6.1960648153105475e-06
2025-03-12,0.004198503780486806,1.1371101430954247,0.5988103616603092,0.017330292562040207,6.020572756540108e-06
2025-03-13,-0.01032881384032458,1.1253651441114472,0.5963140276793581,0.006675647625989734,5.9560997631548526e-06
2025-03-14,0.017091101328428282,1.1445988738209372,0.6046554638188387,0.0034258154564182,5.985291502217048e-06
2025-03-17,0.00829631447437884,1.1540948260251755,0.45585632988117997,0.15733089726812596,6.001975749153467e-06
2025-03-18,-0.004120287668457068,1.149339623345274,0.398823929095214,0.05465439361570574,5.957011510450767e-06
2025-03-19,0.006413551584709243,1.1567109723079492,0.40764111958493,0.004562339554879947,6.215204340141808e-06
2025-03-20,-0.0008623768936772969,1.1557134514927678,0.4019853244123964,0.005690609472360549,6.011143434970009e-06
2025-03-21,-0.00014995977890042145,1.1555401409591097,0.35639905660097726,0.0521998765558232,6.161518769667641e-06
2025-03-24,0.009607897255213604,1.1666424519077199,0.35292351333263805,0.012100231181366421,5.915394003726782e-06
2025-03-25,0.0007261200494925735,1.1674895743826392,0.30062876526409843,0.05439335120046219,5.9662694107985375e-06
2025-03-26,-0.003269857039870372,1.163672050378869,0.2452808862797756,0.0523358193143076,5.822439232607021e-06
2025-03-27,-0.0015962455017962673,1.1618145441028855,0.19961405458432102,0.054597023624656946,0.0
2025-03-28,-0.0069355615546768945,1.1537567078171411,0.1963193838715806,0.004067086974976795,0.0
2025-03-31,-0.002180409303809805,1.1512410459570837,0.15273145490269427,0.054986468547498,0.0
2025-04-01,0.00244087811548388,1.154051085031807,0.15178783454677314,0.0030145040286529627,0.0
2025-04-02,0.0010665824453044426,1.1552819756600865,0.15419540589037292,0.002834483079602608,0.0
2025-04-03,-0.011645057471977083,1.1418286506571855,0.14908334439391605,0.004845767316869916,0.0
2025-04-04,-0.010375944291261208,1.1299811001878006,0.14688972839817388,0.0067001166574221106,0.0
2025-04-07,0.0021623193855089262,1.1324244802259953,0.1597221231600582,0.011113234830325221,0.0
2025-04-08,-0.0026722270381989155,1.129398384911217,0.14262674687766316,0.014723544897868517,0.0
2025-04-09,0.023454169930410718,1.1558874865500561,0.17036499285301057,0.008284509490004881,0.0
2025-04-10,-0.006248752589031015,1.148664631625848,0.14911558665063201,0.016023843138321243,0.0
2025-04-11,0.004294153567793835,1.1535971739519426,0.15290566791320775,0.0012493019309281763,0.0
2025-04-14,0.002329796190615019,1.15628482025332,0.09856852416042675,0.15628263366625122,0.0
2025-04-15,0.0017315630655190262,1.158287000341291,0.10090115724676092,0.001304401045547375,0.0
2025-04-16,-0.002439870700678859,1.155460929826181,0.19883012534509928,0.10063373539880953,0.0
2025-04-17,0.0021852639512882632,1.1579859169432523,0.20084063295436977,0.0013747259975690528,0.0
2025-04-21,-0.0028537958990042522,1.154681261482375,0.19832287576674945,0.0022043006266376577,0.0
2025-04-22,0.00586115684579025,1.1614490294628181,0.20317046049541715,0.10010564894493373,0.0
2025-04-23,0.0016057074461712784,1.163313976817775,0.19943307869925608,0.006309385224869244,0.0
2025-04-24,0.00966515517860933,1.1745575869251639,0.4590280781942878,0.2513718987346383,6.165701763227765e-06
2025-04-25,-0.002773660176988546,1.1712997633207298,0.6085380182667893,0.160698881810394,6.48093058978067e-06
2025-04-28,0.0023588013686064446,1.1740626268054992,0.5990156630683787,0.013083953500235107,5.8884888185140706e-06
2025-04-29,0.002397922869966651,1.1768779384290893,0.6038721785366238,0.005161090361367519,6.088508989715012e-06
2025-04-30,0.004567096994017028,1.1822528541240136,0.6046151132754931,0.008236173937000981,6.000417833228011e-06
2025-05-01,0.002380216498105936,1.1850668718723325,0.6000393610998191,0.011355471993458495,5.963188102803236e-06
2025-05-02,0.010795095103795616,1.1978597814585519,0.6023930051518654,0.004781885547456255,6.0006291034743435e-06
2025-05-05,0.0005027418258121141,1.1984619956721492,0.600409720127221,0.0028271383171841187,5.862219990759664e-06
2025-05-06,-7.613367691194917e-05,1.1983707523537794,0.6020086209352138,0.006400296798627345,6.00118258017373e-06
2025-05-07,0.005543970050064351,1.2050144839137018,0.6018446184683777,0.0036087459919255174,5.938181444119411e-06
2025-05-08,-0.0028575816233756823,1.2015710566685684,0.599853284744113,0.0055950143023498775,6.062841662468657e-06
2025-05-09,0.0008611516911367634,1.2026057916160395,0.6022613393338484,0.009008184018278126,6.117464101467673e-06
2025-05-12,0.009563327196632665,1.214106704289829,0.5998474932673094,0.021392255359250965,5.885582979981339e-06
2025-05-13,0.003947177826794768,1.2188989993523647,0.6055413385552773,0.00411303664156876,6.214087059209972e-06
2025-05-14,-0.002183154405971832,1.2162379546314939,0.6008887315609519,0.012670805993939023,6.042366874920291e-06
2025-05-15,0.005939236016105243,1.2234614788957954,0.6023184590034218,0.0047666025891541595,5.9957408482560386e-06
2025-05-16,0.002560930406617423,1.2265946785984247,0.6016284220361794,0.007833964083267003,6.016653910444429e-06
2025-05-19,0.0034384360241861422,1.2308122459283926,0.6044993997272978,0.007370266007700808,6.054839572588005e-06
2025-05-20,-0.0002246670908240267,1.2305357229217493,0.5999461264639723,0.007451974029487207,5.883059953315955e-06
2025-05-21,-0.0058959165439139705,1.2232805869950978,0.5963670989462639,0.003988175800809403,5.782834700172357e-06
2025-05-22,-0.003074563163952826,1.2195195335631441,0.6015279254137715,0.007421944184594093,6.116277658692046e-06
2025-05-23,-0.0009436523273628206,1.2183687311170328,0.6017467690067618,0.007345567277734415,5.977371661146095e-06
2025-05-27,0.006181620001335153,1.2259002236343073,0.6051709631910581,0.007292280954104489,6.218660420803604e-06
2025-05-28,0.0010770381500795345,1.2272205649433525,0.5984079211475032,0.007729908089057215,5.8228169503658245e-06
2025-05-29,2.200453065159813e-05,1.2272475693558902,0.5977615689359694,0.004968071259621276,5.840582856192505e-06
2025-05-30,0.0037878858630169265,1.2318962430742753,0.5987150256577533,0.006783378372717338,5.800672038355454e-06
2025-06-02,0.005103181137541712,1.2381828327453404,0.602078410246968,0.006161519534577862,5.938326517914917e-06
2025-06-03,0.0039799488053682275,1.2431107370313526,0.6008887436742227,0.0043402913020559085,5.912353265655151e-06
2025-06-04,0.0008941879135966335,1.2442223116276683,0.5956922132734229,0.005789411682872045,5.727274025700561e-06
2025-06-05,0.007957746200220717,1.2541235170002532,0.5899653636001758,0.010229603363577727,5.254842982288057e-06
2025-06-06,0.003417141331391038,1.2584090343048642,0.599274997334368,0.007649658501502505,5.878858083234006e-06
2025-06-09,-0.00041441115621076996,1.2578875355619719,0.6068208816447463,0.004667050081699967,6.423210949291115e-06
2025-06-10,-0.004243394809093859,1.2525498221231444,0.6020456926381523,0.012282694195004528,6.163078514921452e-06
2025-06-11,0.0015375982364980167,1.2544757405207667,0.5484835505371,0.06018772152268159,5.810338614556634e-06
2025-06-12,7.793815286349925e-05,1.254573512042795,0.5501981007099793,0.010111462221897549,5.879208475564605e-06
2025-06-13,-0.004611961290830413,1.2487874675687525,0.5038743948465627,0.1534479465169057,6.1668963902060865e-06
2025-06-16,0.004146628151538323,1.2539657248370613,0.5511100900054106,0.057086964193511856,5.913402763897042e-06
2025-06-17,-0.002593367499176713,1.2507137308811873,0.5466068078216506,0.004726882630877065,5.7745754893397535e-06
2025-06-18,-0.0015654974887684414,1.2487557416763246,0.5000697710035353,0.055210917770428254,6.041131099320768e-06
2025-06-20,-0.002164387329669726,1.2460529505711881,0.4966666693275317,0.006752970721491088,5.8472709962701105e-06
2025-06-23,0.0037873807391652914,1.2507722275161615,0.30326121715396975,0.3029629086219378,0.0
2025-06-24,0.004344754808874862,1.2562065261664694,0.1515011490000933,0.15511348731970942,0.0
2025-06-25,-0.001399022328778532,1.2544490651868052,0.14869756290207461,0.002155760835727099,0.0
2025-06-26,0.0003994415627408543,1.2549501442817823,0.14984431228107575,0.0018400448459263453,0.0
2025-06-27,-0.0006680205525805283,1.2541118117929382,0.14929593100022914,0.15004400034407328,0.0
