date,return,nav,cost,turnover,gross
2011-01-03,0.009056855232905114,1.0090568552329051,0.0003821410954751959,0.7642821909503918,0.766774399661593
2011-01-04,-0.00962518369388865,0.9993444976437108,0.0005056616045134212,1.0113232090268425,0.9367775514709756
2011-01-05,0.01235668418675373,1.0116930819948642,0.0,0.0,0.9375490050167221
2011-01-06,-0.004917104398509675,1.0067184814914454,0.0,0.0,0.9372401775928725
2011-01-07,0.0014137088204879689,1.0081416882884782,0.0,0.0,0.9373285362361464
2011-01-10,0.008318433861782548,1.0165278482458118,0.0,0.0,0.9378448746160744
2011-01-11,-0.0014784492958311857,1.01502496336438,0.0,0.0,0.9377526152824927
2011-01-12,0.00533591875600381,1.0204410541042082,0.0,0.0,0.9380827535642023
2011-01-13,0.0012171029830623237,1.0216830359551976,0.0,0.0,0.9381577761151153
2011-01-14,0.006329197579423518,1.0281494697533033,0.0,0.0,0.9385464904781333
2011-01-18,0.002595134729764803,1.0308176561496494,0.0,0.0,0.9387045844866068
2011-01-19,-0.011931875393701108,1.0185180683228447,0.0,0.0,0.9379641369632514
2011-01-20,-0.027074094606206134,0.9909426137829417,0.0,0.0,0.9362375634645138
2011-01-21,-0.0020048418264769774,0.9889559305831912,0.0,0.0,0.9361092019335637
2011-01-24,-0.00016865667497878434,0.9887891365642385,0.0,0.0,0.9360976372178793
2011-01-25,-0.005831353194454825,0.9830231578740924,0.0,0.0,0.9357225502733727
2011-01-26,0.012397582923092454,0.9952102689891568,0.0,0.0,0.9365094160792558
2011-01-27,0.016576014995056454,1.0117068893311552,0.0,0.0,0.9375444114190911
2011-01-28,-0.021077045283334095,0.9903830974112613,0.0,0.0,0.9361994448371044
2011-01-31,0.007453968138280365,0.9977653814640564,0.0,0.0,0.9366707913015166
2011-02-01,0.005541123911741552,1.0032941230775947,0.0,0.0,0.9370195225216622
2011-02-02,0.001700724091596495,1.00500044956367,0.00036416447426727296,0.7283289485345459,0.9999999999999998
2011-02-03,0.0024579640552224724,1.00747070454418,0.0,0.0,0.9999999999999998
2011-02-04,0.008251704352848499,1.0157840549422346,0.0,0.0,0.9999999999999998
2011-02-07,0.005054331949466695,1.020918164744888,0.0,0.0,0.9999999999999998
2011-02-08,0.005567399032311959,1.0266020235473583,0.0,0.0,0.9999999999999998
2011-02-09,-0.0037567380409668782,1.0227453486725644,0.0,0.0,0.9999999999999998
2011-02-10,-9.673236852036915e-05,1.022646416092594,0.0,0.0,0.9999999999999998
2011-02-11,0.012618418172933188,1.0355505962139018,0.0,0.0,0.9999999999999998
2011-02-14,0.006844068904013234,1.0426379758479818,0.0,0.0,0.9999999999999998
2011-02-15,-0.00837859045983469,1.0339021392504806,0.0,0.0,0.9999999999999998
2011-02-16,0.004510884363816636,1.0385659522441422,0.0,0.0,0.9999999999999998
2011-02-17,-0.007533789886894571,1.0307416145762522,0.0,0.0,0.9999999999999998
2011-02-18,-0.003022013519385691,1.0276266994820094,0.0,0.0,0.9999999999999998
2011-02-22,-0.03656756982609266,0.9900488883935439,0.0,0.0,0.9999999999999998
2011-02-23,-0.019069240864272974,0.9711694076733617,0.0,0.0,0.9999999999999998
2011-02-24,0.010913319617894102,0.9817680898224219,0.0,0.0,0.9999999999999998
2011-02-25,0.013349858639016832,0.9948745550378488,0.0,0.0,0.9999999999999998
2011-02-28,-0.006826712357792419,0.9880828326185187,0.0,0.0,0.9999999999999998
2011-03-01,-0.017958349203612056,0.9703384960682612,0.0,0.0,0.9999999999999998
2011-03-02,0.004703789436831807,0.9749027640362182,0.00022460820568475824,0.44921641136951646,0.9999999999999999
2011-03-03,0.022186117550071938,0.9965320713590159,0.0,0.0,0.9999999999999999
2011-03-04,-0.00573925973430367,0.9908127149679229,0.0,0.0,0.9999999999999999
2011-03-07,-0.019434420343965586,0.9715568441830905,0.0,0.0,0.9999999999999999
2011-03-08,0.008899867512235371,0.9802035713769256,0.0,0.0,0.9999999999999999
2011-03-09,-0.0058805619323005764,0.9744394235691813,0.0,0.0,0.9999999999999999
2011-03-10,-0.017191443598776557,0.9576874031784675,0.0,0.0,0.9999999999999999
2011-03-11,0.009828646343969627,0.9671001739723833,0.0,0.0,0.9999999999999999
2011-03-14,-0.005554072925061937,0.9617288290803007,0.0,0.0,0.9999999999999999
2011-03-15,-0.004751883399663259,0.9571588058224164,0.0,0.0,0.9999999999999999
2011-03-16,-0.01770294737559941,0.9402142738528506,0.0,0.0,0.9999999999999999
2011-03-17,0.012043617833892961,0.9515378552491056,0.0,0.0,0.9999999999999999
2011-03-18,-0.0008996469218011116,0.9506818071466535,0.0,0.0,0.9999999999999999
2011-03-21,0.02054340105552055,0.9702120447870544,0.0,0.0,0.9999999999999999
2011-03-22,-0.008712711255595251,0.9617588673841241,0.0,0.0,0.9999999999999999
2011-03-23,0.0055848116776648915,0.9671301095377887,0.0,0.0,0.9999999999999999
2011-03-24,0.016727166388684545,0.9833074557995339,0.0,0.0,0.9999999999999999
2011-03-25,0.006478287728385768,0.9896776044236703,0.0,0.0,0.9999999999999999
2011-03-28,-0.006981961265851044,0.9827677137239039,0.0,0.0,0.9999999999999999
2011-03-29,0.011451900163348627,0.9940222714652324,0.0,0.0,0.9999999999999999
2011-03-30,0.009395848502972814,1.0033619541365006,0.0,0.0,0.9999999999999998
2011-03-31,-0.00035069252277086793,1.0030100826015522,0.0,0.0,0.9999999999999998
2011-04-01,0.007289915970961625,1.0103219418217448,0.0,0.0,0.9999999999999998
2011-04-04,-0.0018392101021956764,1.0084637474998763,0.0003706532096653228,0.7413064193306456,1.0
2011-04-05,-0.0008073101449135311,1.0076496044857421,0.0,0.0,1.0
2011-04-06,-0.007624800401641707,0.9999664773767452,0.0,0.0,1.0000000000000002
2011-04-07,-0.0009826052706831678,0.9989839050455683,0.0,0.0,1.0000000000000002
2011-04-08,-0.005028524986845917,0.9939604895175898,0.0,0.0,1.0000000000000002
2011-04-11,-0.006559791486487332,0.9874403159605475,0.0,0.0,1.0000000000000002
2011-04-12,-0.009442453146514818,0.9781164570421103,0.0,0.0,1.0000000000000002
2011-04-13,0.010973627101098282,0.9888499423031377,0.0,0.0,1.0000000000000002
2011-04-14,-0.0004418713553846487,0.9884129978388602,0.0,0.0,1.0000000000000002
2011-04-15,0.0031175057552950136,0.9914943810482312,0.0,0.0,1.0000000000000002
2011-04-18,-0.00906133261415687,0.9825101206764856,0.0,0.0,1.0000000000000002
2011-04-19,0.007879545489601014,0.9902518538663493,0.0,0.0,1.0000000000000002
2011-04-20,0.030368384292744022,1.0203242027111648,0.0,0.0,1.0
2011-04-21,0.013540347576488143,1.034139747056577,0.0,0.0,1.0
2011-04-25,-0.003939051661880799,1.0300662171673167,0.0,0.0,1.0
2011-04-26,0.002863388665185429,1.033015697097944,0.0,0.0,1.0
2011-04-27,-0.0028427498324605782,1.0300790918980898,0.0,0.0,1.0
2011-04-28,-0.011268852960989895,1.0184712820733002,0.0,0.0,1.0
2011-04-29,0.0059844129489119435,1.0245662348018345,0.0,0.0,1.0
2011-05-02,-0.005148084836964051,1.0192916809039858,0.0,0.0,1.0
2011-05-03,-0.016509043907060317,1.0024641497898406,0.00036366296849375265,0.7273259369875054,0.9999999999999998
2011-05-04,-0.008098667376993496,0.994345526083332,0.0,0.0,0.9999999999999999
2011-05-05,-0.001499992726856303,0.992854015026225,0.0,0.0,0.9999999999999999
2011-05-06,0.00829534898261497,1.0010900855696578,0.0,0.0,0.9999999999999998
2011-05-09,0.014013543780159843,1.0151189053116723,0.0,0.0,0.9999999999999998
2011-05-10,0.010734696395612087,1.0260158985656391,0.0,0.0,0.9999999999999998
2011-05-11,-0.020109215227280597,1.005383524034771,0.0,0.0,0.9999999999999998
2011-05-12,0.0014825992833424895,1.0068741049269894,0.0,0.0,0.9999999999999998
2011-05-13,-0.011813293003688718,0.99497960610766,0.0,0.0,0.9999999999999999
2011-05-16,-0.01138342499499323,0.9836533303899856,0.0,0.0,0.9999999999999999
2011-05-17,-0.004259199897542754,0.979463754225971,0.0,0.0,0.9999999999999999
2011-05-18,0.02334059592138038,1.0023250219329976,0.0,0.0,0.9999999999999998
2011-05-19,0.0019698664801122145,1.004299468395881,0.0,0.0,0.9999999999999998
2011-05-20,-0.002958885079167972,1.0013278616838281,0.0,0.0,0.9999999999999998
2011-05-23,-0.011793492502889968,0.9895187090541251,0.0,0.0,0.9999999999999999
2011-05-24,-8.925407015358822e-06,0.9895098771968974,0.0,0.0,0.9999999999999999
2011-05-25,0.01348093657746241,1.0028493970941614,0.0,0.0,0.9999999999999998
2011-05-26,0.011263580495860293,1.0141450720035565,0.0,0.0,0.9999999999999998
2011-05-27,0.004398439137079269,1.018605727378933,0.0,0.0,0.9999999999999998
2011-05-31,0.0072356563567617105,1.0259760083852763,0.0,0.0,0.9999999999999998
2011-06-01,-0.025683026325390768,0.9996258395526979,0.0,0.0,0.9999999999999999
2011-06-02,0.011380644043675225,1.0110022254095072,0.00027548261084181416,0.5509652216836283,0.9999999999999998
2011-06-03,-0.009254328629697772,1.001646078570212,0.0,0.0,0.9999999999999998
2011-06-06,-0.01722069977820817,0.9843970321671348,0.0,0.0,0.9999999999999997
2011-06-07,0.0008657364865665151,0.9852492605951496,0.0,0.0,0.9999999999999997
2011-06-08,-0.010787850522149145,0.9746205388447912,0.0,0.0,0.9999999999999997
2011-06-09,0.015565895633711468,0.9897913804349209,0.0,0.0,0.9999999999999997
2011-06-10,-0.019494551582475372,0.9704958413131428,0.0,0.0,0.9999999999999997
2011-06-13,-0.008442372778746154,0.9623025536405544,0.0,0.0,0.9999999999999997
2011-06-14,0.02106210912045836,0.9825706750322274,0.0,0.0,0.9999999999999997
2011-06-15,-0.023383180567604023,0.9595950475175162,0.0,0.0,0.9999999999999997
2011-06-16,-0.011240182482193717,0.94880902407441,0.0,0.0,0.9999999999999997
2011-06-17,-9.096111892925585e-05,0.94872271934393,0.0,0.0,0.9999999999999997
2011-06-20,0.013984560000408264,0.9619901891363458,0.0,0.0,0.9999999999999997
2011-06-21,0.02748867180303627,0.9884340217232557,0.0,0.0,0.9999999999999997
2011-06-22,-0.00938177594105416,0.979160755198933,0.0,0.0,0.9999999999999997
2011-06-23,0.004855853126802145,0.9839154160137076,0.0,0.0,0.9999999999999997
2011-06-24,-0.01078546329289265,0.9733034324109805,0.0,0.0,0.9999999999999997
2011-06-27,0.012454894102304825,0.985425823591069,0.0,0.0,0.9999999999999997
2011-06-28,0.02384736294087597,1.008925630857557,0.0,0.0,0.9999999999999998
2011-06-29,0.007208546209538369,1.0161985178895814,0.0,0.0,0.9999999999999998
2011-06-30,0.006525621153191885,1.0228298444337638,0.0,0.0,0.9999999999999998
2011-07-01,0.01640976716074949,1.0396142440259875,0.0,0.0,0.9999999999999998
2011-07-05,0.006502532127400595,1.0463743690478697,0.00026348687382242816,0.5269737476448563,1.0
2011-07-06,0.0032127144980360622,1.0497360711536832,0.0,0.0,1.0
2011-07-07,0.010056647613502445,1.0602928969084582,0.0,0.0,1.0
2011-07-08,-0.003733777087215895,1.0563339995842436,0.0,0.0,1.0
2011-07-11,-0.026039746012071374,1.0288273305311544,0.0,0.0,1.0
2011-07-12,-0.006369403766757209,1.0222743138567265,0.0,0.0,1.0
2011-07-13,0.009889247551979174,1.0323838376124854,0.0,0.0,1.0
2011-07-14,-0.011525254519795025,1.0204853511218788,0.0,0.0,1.0
2011-07-15,0.010791135316951195,1.0314975466348013,0.0,0.0,1.0
2011-07-18,-0.00664273169616636,1.0246455851872525,0.0,0.0,1.0
2011-07-19,0.020654331491453348,1.0458089547649643,0.0,0.0,1.0
2011-07-20,-0.00523967294157901,1.0403292578826213,0.0,0.0,1.0
2011-07-21,0.009196175410588703,1.0498963082228774,0.0,0.0,1.0
2011-07-22,0.003397826921451186,1.0534636741636894,0.0,0.0,1.0
2011-07-25,-0.004215555166199203,1.0490227399296654,0.0,0.0,1.0
2011-07-26,-0.005342702083597106,1.0434181239513025,0.0,0.0,1.0
2011-07-27,-0.021708204395783137,1.020767390046303,0.0,0.0,1.0
2011-07-28,-0.002604760500641734,1.0181085354683672,0.0,0.0,1.0
2011-07-29,-0.004229226221847182,1.013802724153478,0.0,0.0,1.0
2011-08-01,-0.0006721774590441321,1.0131212688143845,0.0,0.0,1.0
2011-08-02,-0.032139786673157866,0.9805597673606511,0.00031924499145234237,0.6384899829046847,0.9999999999999998
2011-08-03,0.013375362816387737,0.9936751100122525,0.0,0.0,0.9999999999999998
2011-08-04,-0.06372694251138988,0.9303512334015027,0.0,0.0,0.9999999999999998
2011-08-05,-2.6738672330384183e-05,0.9303263570447207,0.0,0.0,0.9999999999999998
2011-08-08,-0.0805012835940665,0.8554338911412288,0.0,0.0,0.9999999999999998
2011-08-09,0.0643432495148617,0.910475287442398,0.0,0.0,0.9999999999999998
2011-08-10,-0.033669222686847466,0.8798202922386285,0.0,0.0,0.9999999999999998
2011-08-11,0.05409900063109818,0.9274176907836991,0.0,0.0,0.9999999999999998
2011-08-12,0.01815999142397695,0.9442595880947756,0.0,0.0,0.9999999999999998
2011-08-15,0.01278792981758703,0.9563347134369153,0.0,0.0,0.9999999999999998
2011-08-16,-0.018006968497787934,0.9391140243787157,0.0,0.0,0.9999999999999998
2011-08-17,-0.007329449650512854,0.9322308354209414,0.0,0.0,0.9999999999999998
2011-08-18,-0.06839671606122688,0.8684693076671349,0.0,0.0,0.9999999999999998
2011-08-19,-0.023499855853849727,0.8480604041234646,0.0,0.0,0.9999999999999998
2011-08-22,0.00036003768885461973,0.8483657378313743,0.0,0.0,0.9999999999999998
2011-08-23,0.05933628795436108,0.8987046115419506,0.0,0.0,0.9999999999999998
2011-08-24,0.011876385511160548,0.9093779739692806,0.0,0.0,0.9999999999999998
2011-08-25,-0.016648315114161982,0.8942383629007618,0.0,0.0,0.9999999999999998
2011-08-26,0.03086495384627108,0.9218389886992588,0.0,0.0,0.9999999999999998
2011-08-29,0.029188802816727755,0.9487463651691732,0.0,0.0,0.9999999999999998
2011-08-30,0.015860069086914175,0.963793548066715,0.0,0.0,0.9999999999999998
2011-08-31,0.0031512355280467474,0.966830688537085,0.0,0.0,0.9999999999999998
2011-09-01,-0.011994878637091477,0.955233671765467,0.0,0.0,0.9999999999999998
2011-09-02,-0.02543519441512543,0.9309371176122383,0.0004999999999999999,0.9999999999999998,0.0
2011-09-06,1.6427104354566069e-06,0.9309386468723562,0.0,0.0,0.0
2011-09-07,4.1067760880864057e-07,0.9309390291880136,0.0,0.0,0.0
2011-09-08,4.1067760880864057e-07,0.9309394115038281,0.0,0.0,0.0
2011-09-09,2.737850726131086e-07,0.9309396663811424,0.0,0.0,0.0
2011-09-12,4.1067760880864057e-07,0.9309400486972186,0.0,0.0,0.0
2011-09-13,1.36892536195532e-07,0.9309401761359629,0.0,0.0,0.0
2011-09-14,1.36892536195532e-07,0.9309403035747247,0.0,0.0,0.0
2011-09-15,1.36892536195532e-07,0.9309404310135039,0.0,0.0,0.0
2011-09-16,1.36892536195532e-07,0.9309405584523005,0.0,0.0,0.0
2011-09-19,4.1067760880864057e-07,0.930940940768743,0.0,0.0,0.0
2011-09-20,1.36892536195532e-07,0.9309410682076095,0.0,0.0,0.0
2011-09-21,1.36892536195532e-07,0.9309411956464934,0.0,0.0,0.0
2011-09-22,1.36892536195532e-07,0.9309413230853947,0.0,0.0,0.0
2011-09-23,1.36892536195532e-07,0.9309414505243134,0.0,0.0,0.0
2011-09-26,4.1067760880864057e-07,0.9309418328411223,0.0,0.0,0.0
2011-09-27,1.36892536195532e-07,0.9309419602801109,0.0,0.0,0.0
2011-09-28,2.737850726131086e-07,0.930942215158123,0.0,0.0,0.0
2011-09-29,2.737850726131086e-07,0.930942470036205,0.0,0.0,0.0
2011-09-30,2.737850726131086e-07,0.9309427249143568,0.0,0.0,0.0
2011-10-03,8.213552178393257e-07,0.9309434895490214,0.0,0.0,0.0
2011-10-04,5.475701452262172e-07,0.9309439993058831,0.0,0.0,0.0
2011-10-05,1.36892536195532e-07,0.9309441267451682,0.0,0.0,0.0
2011-10-06,1.36892536195532e-07,0.9309442541844708,0.0,0.0,0.0
2011-10-07,1.36892536195532e-07,0.9309443816237908,0.0,0.0,0.0
2011-10-10,4.1067760880864057e-07,0.9309447639418034,0.0,0.0,0.0
2011-10-11,1.36892536195532e-07,0.9309448913811932,0.0,0.0,0.0
2011-10-12,1.36892536195532e-07,0.9309450188206004,0.0,0.0,0.0
2011-10-13,4.1067760880864057e-07,0.9309454011388747,0.0,0.0,0.0
2011-10-14,4.1067760880864057e-07,0.9309457834573059,0.0,0.0,0.0
2011-10-17,1.2320328266479663e-06,0.930946930413071,0.0,0.0,0.0
2011-10-18,5.475701452262172e-07,0.9309474401718169,0.0,0.0,0.0
2011-10-19,6.844627069568787e-07,0.9309480773706218,0.0,0.0,0.0
2011-10-20,5.475701452262172e-07,0.9309485871299957,0.0,0.0,0.0
2011-10-21,4.1067760880864057e-07,0.9309489694497354,0.0,0.0,0.0
2011-10-24,1.2320328266479663e-06,0.9309501164094257,0.0,0.0,0.0
2011-10-25,1.36892536195532e-07,0.9309502438495482,0.0,0.0,0.0
2011-10-26,4.1067760880864057e-07,0.9309506261699683,0.0,0.0,0.0
2011-10-27,4.1067760880864057e-07,0.9309510084905454,0.0,0.0,0.0
2011-10-28,2.737850726131086e-07,0.9309512633710348,0.0,0.0,0.0
2011-10-31,8.213552178393257e-07,0.9309520280127126,0.0,0.0,0.0
2011-11-01,1.36892536195532e-07,0.9309521554530968,0.0,0.0,0.0
2011-11-02,1.36892536195532e-07,0.9309522828934985,0.0,0.0,0.0
2011-11-03,1.36892536195532e-07,0.9309524103339176,0.0,0.0,0.0
2011-11-04,1.36892536195532e-07,0.9309525377743542,0.0,0.0,0.0
2011-11-07,4.1067760880864057e-07,0.9309529200957163,0.0,0.0,0.0
2011-11-08,1.36892536195532e-07,0.9309530475362225,0.0,0.0,0.0
2011-11-09,1.36892536195532e-07,0.9309531749767463,0.0,0.0,0.0
2011-11-10,1.36892536195532e-07,0.9309533024172876,0.0,0.0,0.0
2011-11-11,1.36892536195532e-07,0.9309534298578462,0.0,0.0,0.0
2011-11-14,4.1067760880864057e-07,0.9309538121795747,0.0,0.0,0.0
2011-11-15,1.36892536195532e-07,0.9309539396202031,0.0,0.0,0.0
2011-11-16,2.737850726131086e-07,0.9309541945014951,0.0,0.0,0.0
2011-11-17,1.36892536195532e-07,0.9309543219421759,0.0,0.0,0.0
2011-11-18,1.36892536195532e-07,0.9309544493828741,0.0,0.0,0.0
2011-11-21,4.1067760880864057e-07,0.9309548317050212,0.0,0.0,0.0
2011-11-22,1.36892536195532e-07,0.9309549591457893,0.0,0.0,0.0
2011-11-23,4.1067760880864057e-07,0.9309553414681458,0.0,0.0,0.0
2011-11-25,8.213552178393257e-07,0.9309561061131731,0.0,0.0,0.0
2011-11-28,4.1067760880864057e-07,0.9309564884360008,0.0,0.0,0.0
2011-11-29,2.737850726131086e-07,0.9309567433179905,0.0,0.0,0.0
2011-11-30,4.1067760880864057e-07,0.9309571256410798,0.0,0.0,0.0
2011-12-01,4.1067760880864057e-07,0.9309575079643261,0.0,0.0,0.0
2011-12-02,4.1067760880864057e-07,0.9309578902877294,0.0,0.0,0.0
2011-12-05,1.2320328266479663e-06,0.9309590372584104,0.0,0.0,0.0
2011-12-06,4.1067760880864057e-07,0.9309594195824418,0.0,0.0,0.0
2011-12-07,1.36892536195532e-07,0.9309595470238378,0.0,0.0,0.0
2011-12-08,1.36892536195532e-07,0.9309596744652513,0.0,0.0,0.0
2011-12-09,1.36892536195532e-07,0.9309598019066823,0.0,0.0,0.0
2011-12-12,4.1067760880864057e-07,0.9309601842310276,0.0,0.0,0.0
2011-12-13,1.36892536195532e-07,0.9309603116725282,0.0,0.0,0.0
2011-12-14,1.36892536195532e-07,0.9309604391140464,0.0,0.0,0.0
2011-12-15,1.36892536195532e-07,0.930960566555582,0.0,0.0,0.0
2011-12-16,1.36892536195532e-07,0.9309606939971351,0.0,0.0,0.0
2011-12-19,4.1067760880864057e-07,0.9309610763218468,0.0,0.0,0.0
2011-12-20,1.36892536195532e-07,0.9309612037634696,0.0,0.0,0.0
2011-12-21,1.36892536195532e-07,0.9309613312051098,0.0,0.0,0.0
2011-12-22,1.36892536195532e-07,0.9309614586467676,0.0,0.0,0.0
2011-12-23,1.36892536195532e-07,0.9309615860884428,0.0,0.0,0.0
2011-12-27,5.475701452262172e-07,0.9309620958552137,0.0,0.0,0.0
2011-12-28,1.36892536195532e-07,0.9309622232969761,0.0,0.0,0.0
2011-12-29,1.36892536195532e-07,0.9309623507387559,0.0,0.0,0.0
2011-12-30,1.36892536195532e-07,0.9309624781805532,0.0,0.0,0.0
2012-01-03,5.475701452262172e-07,0.9309629879478126,0.0,0.0,0.0
2012-01-04,0.00441877672692037,0.9350767055325807,0.00028650589379410264,0.5730117875882054,0.5751754399486995
2012-01-05,0.004974657925528536,0.9397283922767354,0.0,0.0,0.5772782198917853
2012-01-06,-0.0030191352609226785,0.9368912251519226,0.0,0.0,0.5759979847218435
2012-01-09,-0.000988428094877536,0.9359651755431382,0.0,0.0,0.5755779516607782
2012-01-10,0.0024431914022808865,0.9382519176128594,0.0,0.0,0.576612310722841
2012-01-11,-0.0026647003673757608,0.9357517573833054,0.0,0.0,0.5754809788138991
2012-01-12,0.0008864288952268318,0.9365812347798093,0.0,0.0,0.5758567772817746
2012-01-13,-0.0003813975846659323,0.9362240249590208,0.0,0.0,0.5756947160231388
2012-01-17,0.004611936065949118,0.9405418303055374,0.0,0.0,0.5776416762615184
2012-01-18,0.0036572085783093122,0.9439815879555896,0.0,0.0,0.5791804697865266
2012-01-19,-0.0016456032375176122,0.9424281687982928,0.0,0.0,0.578486537833253
2012-01-20,-0.004386227198774351,0.9382944647314186,0.0,0.0,0.5766290751511352
2012-01-23,0.0025054998885916113,0.9406453614082693,0.0,0.0,0.5776857923995561
2012-01-24,0.0013108946354800644,0.9418784483664286,0.0,0.0,0.5782382729034061
2012-01-25,0.00388215472854192,0.945534966238466,0.0,0.0,0.5798688827545894
2012-01-26,-0.005698831476646848,0.940146521810596,0.0,0.0,0.5774604987550578
2012-01-27,0.0005157719106381187,0.94063142297843,0.0,0.0,0.5776778001004366
2012-01-30,5.367254804133914e-05,0.9406819090636691,0.0,0.0,0.5776987317027701
2012-01-31,0.0018128390499128066,0.9423872139619662,0.0,0.0,0.5784623912518579
2012-02-01,0.006765138100846446,0.9487625936088909,0.0,0.0,0.5812943579848071
2012-02-02,0.002609833631430414,0.9512387061339345,0.0001527328424792332,0.30546568495846643,0.5823287423075773
2012-02-03,0.0053695317408550824,0.9563464125596506,0.0,0.0,0.5845586103943098
2012-02-06,-0.0022681422779039506,0.9541772828290023,0.0,0.0,0.5836117941258111
2012-02-07,0.0032848595082715093,0.9573116211490798,0.0,0.0,0.5849743540593777
2012-02-08,0.0011526921190876394,0.9584151067102894,0.0,0.0,0.5854512920653792
2012-02-09,0.004317105714987557,0.9625526860447988,0.0,0.0,0.5872324021914266
2012-02-10,-0.000746081427552836,0.9618345433626997,0.0,0.0,0.5869232527204387
2012-02-13,0.002220577576176108,0.9639703715816825,0.0,0.0,0.5878357810807392
2012-02-14,0.0017630269897528361,0.965669877364103,0.0,0.0,0.5885600887270637
2012-02-15,-0.004268504252239458,0.9615479113863148,0.0,0.0,0.5867950826732211
2012-02-16,0.003310423813194907,0.9647310424896959,0.0,0.0,0.588157268799836
2012-02-17,0.0026309258658765433,0.9672691783429961,0.0,0.0,0.5892368849183174
2012-02-21,-0.0011855676997006848,0.9661224152482366,0.0,0.0,0.588745941565779
2012-02-22,0.0011869564284789913,0.9672691604597132,0.0,0.0,0.5892327162672377
2012-02-23,0.0023545402768445634,0.9695466346565653,0.0,0.0,0.5901967149119561
2012-02-24,0.002675634886608602,0.9721407874564464,0.0,0.0,0.5912893217779168
2012-02-27,0.002195596699740676,0.974275216561069,0.0,0.0,0.5921817050104691
2012-02-28,0.0029942812415326703,0.977192470566108,0.0,0.0,0.593398068999578
2012-02-29,-0.003704457950946982,0.9735725021489139,0.0,0.0,0.5918851672077085
2012-03-01,0.006293377342633466,0.9796995612753487,0.0,0.0,0.5944366921223387
2012-03-02,-0.0015490134537481381,0.9781819934743021,0.000308215824587825,0.6164316491756501,0.8519777523024638
2012-03-05,0.001991157120345921,0.9801297075156026,0.0,0.0,0.8522711741328964
2012-03-06,-0.012983611267502693,0.9674040844014888,0.0,0.0,0.8503276437663841
2012-03-07,0.0075965450067099205,0.9747530130683197,0.0,0.0,0.8514557797744083
2012-03-08,0.009857524607023604,0.9843616648804111,0.0,0.0,0.8529054627757108
2012-03-09,0.0024657147536193413,0.9867888199604041,0.0,0.0,0.8532669625488146
2012-03-12,-2.472781320161932e-05,0.9867644188307947,0.0,0.0,0.8532623698885401
2012-03-13,0.007388259628945626,0.9940548905497223,0.0,0.0,0.8543382553665829
2012-03-14,-0.0005309204465887563,0.9935271264832979,0.0,0.0,0.8542605602780696
2012-03-15,-0.00018929394493383267,0.9933390578141271,0.0,0.0,0.8542326481907384
2012-03-16,-0.0018371947116229137,0.9915141005502626,0.0,0.0,0.8539640524031507
2012-03-19,0.0031868818843396873,0.9946739388753735,0.0,0.0,0.8544270167272914
2012-03-20,0.0009917198076443423,0.9956603767227039,0.0,0.0,0.8545709426861945
2012-03-21,0.002539039753702621,0.9981883980003894,0.0,0.0,0.8549388803807231
2012-03-22,0.00045055956933670593,0.9986381413351093,0.0,0.0,0.855003872191275
2012-03-23,0.0015898387294011052,1.000225814928861,0.0,0.0,0.8552337492989147
2012-03-26,0.01412177759446398,1.0143507814315278,0.0,0.0,0.8572488174190401
2012-03-27,-0.00015766675888362336,1.0141908520314484,0.0,0.0,0.8572260331284229
2012-03-28,-0.004085251335934514,1.0100476274982944,0.0,0.0,0.8566400590229801
2012-03-29,-0.0006071974161782068,1.0094343291886605,0.0,0.0,0.8565526637974732
2012-03-30,0.001278957546896331,1.0107253528420725,0.0,0.0,0.8567356767792871
2012-04-02,0.007166577255312223,1.017968794167118,0.0,0.0,0.8577543265266327
2012-04-03,0.0012880114886077987,1.0192799496690494,0.00033026236052012266,0.6605247210402453,0.994328010200021
2012-04-04,-0.007762601875057729,1.0113676852205398,0.0,0.0,0.9942836246068791
2012-04-05,0.009605378672916887,1.0210822548146345,0.0,0.0,0.9943379993121245
2012-04-09,-0.0072896558375209475,1.013638916595236,0.0,0.0,0.9942963784693417
2012-04-10,-0.024198481733706312,0.9891103937874323,0.0,0.0,0.9941549248124344
2012-04-11,0.008539554545096806,0.9975569559463021,0.0,0.0,0.9942044030264096
2012-04-12,0.009866092980653995,1.0073989456271666,0.0,0.0,0.9942610109387449
2012-04-13,-0.0011156509348130283,1.006275040051748,0.0,0.0,0.9942545877085295
2012-04-16,-0.006350132117690754,0.9998850606006848,0.0,0.0,0.9942178324283278
2012-04-17,0.012737835496960725,1.012621432018485,0.0,0.0,0.9942905466330589
2012-04-18,0.00413969757893784,1.0168133785089926,0.0,0.0,0.9943140729278696
2012-04-19,-0.006107024994401744,1.010603673791796,0.0,0.0,0.9942791252842983
2012-04-20,0.0015738500301041292,1.0121942124142167,0.0,0.0,0.9942881047698927
2012-04-23,-0.012074366849031404,0.999972608171061,0.0,0.0,0.9942182634672552
2012-04-24,-0.010972136150425471,0.9890007725675121,0.0,0.0,0.9941541104909694
2012-04-25,0.02376069904990863,1.012500122284616,0.0,0.0,0.9942897765868584
2012-04-26,0.013885400042038532,1.0265590915251508,0.0,0.0,0.9943679663386181
2012-04-27,0.013053690576222854,1.0399594762641287,0.0,0.0,0.9944405248996268
2012-04-30,-0.00824592475021535,1.0313840486795813,0.0,0.0,0.9943942615889354
2012-05-01,0.004176729340919838,1.035691860697458,0.0,0.0,0.994417564099845
2012-05-02,0.009118235028810373,1.0451355425007234,0.0003153480371222297,0.6306960742444594,0.9999999999999998
2012-05-03,-0.012293544318989436,1.0322871223896397,0.0,0.0,0.9999999999999998
2012-05-04,-0.017194114935315308,1.0145378589610263,0.0,0.0,0.9999999999999998
2012-05-07,-0.0005361353113407796,1.0139939293901452,0.0,0.0,0.9999999999999998
2012-05-08,-0.01129218828327272,1.0025437190213762,0.0,0.0,0.9999999999999998
2012-05-09,-0.0036870132459161375,0.9988473270497343,0.0,0.0,0.9999999999999997
2012-05-10,0.0017805864468067867,1.0006258610627083,0.0,0.0,0.9999999999999998
2012-05-11,0.0011391366200441677,1.001765710624008,0.0,0.0,0.9999999999999998
2012-05-14,-0.017522241156641916,0.9842125302599994,0.0,0.0,0.9999999999999997
2012-05-15,0.0005639986390009177,0.9847676247875538,0.0,0.0,0.9999999999999997
2012-05-16,-0.0019716583607600757,0.9828259994667355,0.0,0.0,0.9999999999999997
2012-05-17,-0.03559121976774782,0.9478460233262586,0.0,0.0,0.9999999999999997
2012-05-18,-0.0074266225897752225,0.9408067286377951,0.0,0.0,0.9999999999999997
2012-05-21,0.024846864031238258,0.9641828255039324,0.0,0.0,0.9999999999999997
2012-05-22,0.007318371808363366,0.9712390739122084,0.0,0.0,0.9999999999999997
2012-05-23,0.012364385513579768,0.9832478482479111,0.0,0.0,0.9999999999999997
2012-05-24,-0.0013145256590665344,0.9819553437221673,0.0,0.0,0.9999999999999997
2012-05-25,-0.0005369367856500329,0.9814280957762572,0.0,0.0,0.9999999999999997
2012-05-29,0.01424991667759623,0.9954133643661208,0.0,0.0,0.9999999999999997
2012-05-30,-0.01368836488618319,0.9817877830220941,0.0,0.0,0.9999999999999997
2012-05-31,-7.651938001074221e-05,0.9817126572296352,0.0,0.0,0.9999999999999997
2012-06-01,-0.039930385942033575,0.9425124919422765,0.0,0.0,0.9999999999999997
2012-06-04,0.0056247974540724055,0.9478139338073849,0.0002125922366928901,0.4251844733857802,0.9999999999999998
2012-06-05,0.0005164184768815527,0.9483034024354488,0.0,0.0,0.9999999999999998
2012-06-06,0.02372371837061138,0.97080068528472,0.0,0.0,0.9999999999999998
2012-06-07,-0.0023814425036191578,0.9684887792702404,0.0,0.0,0.9999999999999998
2012-06-08,0.012026362355272546,0.9801361762667598,0.0,0.0,0.9999999999999998
2012-06-11,-0.018491025285298668,0.9620124534483752,0.0,0.0,0.9999999999999998
2012-06-12,0.011238550993011076,0.9728240794623664,0.0,0.0,0.9999999999999998
2012-06-13,-0.01766039391716212,0.9556436230069604,0.0,0.0,0.9999999999999998
2012-06-14,0.01220974817347753,0.9673117909874651,0.0,0.0,0.9999999999999998
2012-06-15,0.012663252462264518,0.9795611044064646,0.0,0.0,0.9999999999999998
2012-06-18,0.017425074617241743,0.996630029742895,0.0,0.0,0.9999999999999998
2012-06-19,0.008561172497981273,1.005162351344192,0.0,0.0,0.9999999999999998
2012-06-20,-0.0028328924256785237,1.002314834532492,0.0,0.0,0.9999999999999998
2012-06-21,-0.024892180373732864,0.977365032880041,0.0,0.0,0.9999999999999998
2012-06-22,0.013620357112359205,0.9906770936569997,0.0,0.0,0.9999999999999998
2012-06-25,-0.013065660447270089,0.9777332431383889,0.0,0.0,0.9999999999999998
2012-06-26,0.011116552186393402,0.9886022657601085,0.0,0.0,0.9999999999999998
2012-06-27,-0.013199856850297675,0.975552857370195,0.0,0.0,0.9999999999999998
2012-06-28,-0.011268657453130548,0.9645596863930676,0.0,0.0,0.9999999999999998
2012-06-29,0.024445258737276543,0.9881385974944924,0.0,0.0,0.9999999999999998
2012-07-02,0.00569696669135622,0.993767990170862,0.0,0.0,0.9999999999999998
2012-07-03,-0.00283669100190842,0.9909489774551598,0.0003149981052580642,0.6299962105161284,0.9999999999999998
2012-07-05,0.012270101426240965,1.0031080219167643,0.0,0.0,0.9999999999999998
2012-07-06,-0.0012908295296896188,1.0018131804606056,0.0,0.0,0.9999999999999998
2012-07-09,-0.0013306009084739223,1.0004801669325636,0.0,0.0,0.9999999999999998
2012-07-10,-0.008739886315911827,0.9917360840122484,0.0,0.0,0.9999999999999998
2012-07-11,-0.005144369374805446,0.9866342272737664,0.0,0.0,0.9999999999999998
2012-07-12,0.009483745869615312,0.995991215551495,0.0,0.0,0.9999999999999998
2012-07-13,0.011392492954484634,1.007338038457394,0.0,0.0,0.9999999999999998
2012-07-16,-0.0005912607628019151,1.0067424390003763,0.0,0.0,0.9999999999999998
2012-07-17,0.003896631470074796,1.010665343270445,0.0,0.0,0.9999999999999998
2012-07-18,-0.0014514897534703142,1.0091983728805005,0.0,0.0,0.9999999999999998
2012-07-19,-0.003330226657016322,1.0058375135569164,0.0,0.0,0.9999999999999998
2012-07-20,-0.024537514315988274,0.9811567611684555,0.0,0.0,0.9999999999999998
2012-07-23,-0.008233553913989833,0.9730783540772994,0.0,0.0,0.9999999999999998
2012-07-24,-0.006987187804543993,0.9662792728688248,0.0,0.0,0.9999999999999998
2012-07-25,-0.005001428667524843,0.9614464960126635,0.0,0.0,0.9999999999999998
2012-07-26,0.014409784225698719,0.97530073256476,0.0,0.0,0.9999999999999998
2012-07-27,0.006144611541078593,0.9812935767020998,0.0,0.0,0.9999999999999998
2012-07-30,-0.002314065681709665,0.9790227989125714,0.0,0.0,0.9999999999999998
2012-07-31,-0.00949908029782931,0.9697229827322953,0.0,0.0,0.9999999999999998
2012-08-01,-0.012790720397318323,0.957319527197313,0.0,0.0,0.9999999999999998
2012-08-02,0.007353836079168508,0.9643594980757091,0.0003648659880333595,0.7297319760667191,0.9999999999999998
2012-08-03,0.016395806543479496,0.9801709498445255,0.0,0.0,0.9999999999999998
2012-08-06,-5.1149707203435035e-05,0.9801208143874316,0.0,0.0,0.9999999999999998
2012-08-07,0.010545039928247846,0.9904562275096538,0.0,0.0,0.9999999999999998
2012-08-08,0.006514885030042272,0.9969089359591685,0.0,0.0,0.9999999999999998
2012-08-09,-0.0034651114170383135,0.9934545354234289,0.0,0.0,0.9999999999999998
2012-08-10,-0.006378094528164402,0.9871181884870646,0.0,0.0,0.9999999999999998
2012-08-13,-0.00023909794890208946,0.9868821705528733,0.0,0.0,0.9999999999999998
2012-08-14,0.009297786567401545,0.9960579903418479,0.0,0.0,0.9999999999999998
2012-08-15,0.0021356974414059593,0.998185268843313,0.0,0.0,0.9999999999999998
2012-08-16,0.01439250829148997,1.0125516586015835,0.0,0.0,0.9999999999999998
2012-08-17,0.00592214491738563,1.0185481362601612,0.0,0.0,0.9999999999999998
2012-08-20,-0.008297678979247936,1.010096550800563,0.0,0.0,0.9999999999999998
2012-08-21,-0.006591017888430861,1.0034389863651942,0.0,0.0,0.9999999999999998
2012-08-22,0.011540654657426597,1.0150193291766332,0.0,0.0,0.9999999999999998
2012-08-23,-0.007059655672678966,1.0078536422115325,0.0,0.0,0.9999999999999998
2012-08-24,0.008160349167531278,1.0160780798417468,0.0,0.0,0.9999999999999998
2012-08-27,-0.004393333962177115,1.0116141095053544,0.0,0.0,0.9999999999999998
2012-08-28,-0.0005621877554491395,1.011045392439751,0.0,0.0,0.9999999999999998
2012-08-29,0.0031572862040101235,1.0142375521089289,0.0,0.0,0.9999999999999998
2012-08-30,-0.009918081986199923,1.0041782609136298,0.0,0.0,0.9999999999999998
2012-08-31,0.006331448978329934,1.0105361643377526,0.0,0.0,0.9999999999999998
2012-09-04,0.0037167793919758996,1.0142921043282096,0.0,0.0,0.9999999999999998
2012-09-05,-0.0030399770392541825,1.011208679619955,0.00041428558157306366,0.8285711631461273,0.9999999999999996
2012-09-06,0.023230838811427068,1.0346999054609223,0.0,0.0,0.9999999999999996
2012-09-07,-0.0019054205993987994,1.032728366946861,0.0,0.0,0.9999999999999996
2012-09-10,-0.010291795068714582,1.0220997382325956,0.0,0.0,0.9999999999999996
2012-09-11,-0.0012083875354735873,1.0208646456489046,0.0,0.0,0.9999999999999996
2012-09-12,0.003794726060638798,1.0247385473241333,0.0,0.0,0.9999999999999996
2012-09-13,0.020176070848390015,1.0454137448560212,0.0,0.0,0.9999999999999996
2012-09-14,0.008556681445249348,1.0543590172492394,0.0,0.0,0.9999999999999996
2012-09-17,-0.008379188331925969,1.0455243444742437,0.0,0.0,0.9999999999999996
2012-09-18,-0.007202298745978664,1.0379941657991467,0.0,0.0,0.9999999999999996
2012-09-19,0.013279182988122029,1.0517778802673967,0.0,0.0,0.9999999999999996
2012-09-20,0.003939321616754254,1.055921171607158,0.0,0.0,0.9999999999999996
2012-09-21,0.00041069258710413337,1.0563548306049033,0.0,0.0,0.9999999999999996
2012-09-24,-0.0041329056362862104,1.051989015771578,0.0,0.0,0.9999999999999996
2012-09-25,-0.01223316158963994,1.0391198641511181,0.0,0.0,0.9999999999999996
2012-09-26,-0.013733255051365356,1.0248493660277906,0.0,0.0,0.9999999999999996
2012-09-27,0.01280764425196379,1.0379752721197253,0.0,0.0,0.9999999999999996
2012-09-28,-0.006138615238194034,1.0316035412974225,0.0,0.0,0.9999999999999996
2012-10-01,1.0691907814663892e-05,1.0316145711073874,0.0,0.0,0.9999999999999996
2012-10-02,0.002144335984663792,1.0338266993545164,0.0003626768745879337,0.7253537491758674,0.9999999999999998
2012-10-03,0.015827285373086974,1.050189369551517,0.0,0.0,0.9999999999999998
2012-10-04,0.007415197547716801,1.0579767311892536,0.0,0.0,0.9999999999999998
2012-10-05,0.0014281593292209127,1.0594876905280002,0.0,0.0,0.9999999999999998
2012-10-08,-0.006807087956238855,1.0522756646300238,0.0,0.0,0.9999999999999998
2012-10-09,-0.01871260342510661,1.0325848474239117,0.0,0.0,0.9999999999999998
2012-10-10,-0.006208031681214421,1.026174527977562,0.0,0.0,0.9999999999999998
2012-10-11,-0.009696853424541962,1.0162238639917651,0.0,0.0,0.9999999999999998
2012-10-12,-0.007903898797445685,1.008191733415225,0.0,0.0,0.9999999999999998
2012-10-15,0.014035029583167047,1.0223417342192123,0.0,0.0,0.9999999999999998
2012-10-16,0.011355269765811027,1.0339507004041184,0.0,0.0,0.9999999999999998
2012-10-17,0.0104465244653269,1.044751891691832,0.0,0.0,0.9999999999999998
2012-10-18,-0.0051316297306681635,1.0393906118232543,0.0,0.0,0.9999999999999998
2012-10-19,-0.008927588816511456,1.030111359821154,0.0,0.0,0.9999999999999998
2012-10-22,0.0009443273801776897,1.0310841221828653,0.0,0.0,0.9999999999999998
2012-10-23,-0.018676714335942646,1.0118268585765298,0.0,0.0,0.9999999999999998
2012-10-24,0.0016466385120408322,1.0134929716493792,0.0,0.0,0.9999999999999998
2012-10-25,-0.0032574685509613177,1.010191550167611,0.0,0.0,0.9999999999999998
2012-10-26,-0.0009042495263124062,1.0092780849368872,0.0,0.0,0.9999999999999998
2012-10-31,0.00017484523214483794,1.0094545523979468,0.0,0.0,0.9999999999999998
2012-11-01,0.010006538815569233,1.01955569855907,0.0,0.0,0.9999999999999998
2012-11-02,-0.0152165926602712,1.0040415347996383,0.0003205242888868113,0.6410485777736227,1.0
2012-11-05,0.011971777661401894,1.0160616968170724,0.0,0.0,1.0
2012-11-06,0.008353929127097093,1.0245498042210401,0.0,0.0,1.0
2012-11-07,-0.016506673487043377,1.0076378951315492,0.0,0.0,1.0
2012-11-08,-0.011643817441305826,0.9959051434336958,0.0,0.0,0.9999999999999999
2012-11-09,-0.006776702457680139,0.9891561906005725,0.0,0.0,0.9999999999999999
2012-11-12,0.0037071293509476355,0.9928231205474194,0.0,0.0,0.9999999999999999
2012-11-13,0.0010642894356185373,0.9938797717060559,0.0,0.0,0.9999999999999999
2012-11-14,-0.020795993743502494,0.973211054191863,0.0,0.0,0.9999999999999999
2012-11-15,-0.001667813255709527,0.9715879198950789,0.0,0.0,0.9999999999999999
2012-11-16,0.011623205198750819,0.9828808856566468,0.0,0.0,0.9999999999999999
2012-11-19,0.020687292778760247,1.003214030304873,0.0,0.0,1.0
2012-11-20,0.008215153562028732,1.0114555876194093,0.0,0.0,1.0
2012-11-21,0.0023210247180334154,1.013803201039467,0.0,0.0,1.0
2012-11-23,0.01186781759290434,1.025834832504506,0.0,0.0,1.0
2012-11-26,-0.0009378479782856664,1.0248727553807866,0.0,0.0,1.0
2012-11-27,-0.005620696307875983,1.019112256868575,0.0,0.0,1.0
2012-11-28,0.004670269395921078,1.0238717856528365,0.0,0.0,1.0
2012-11-29,0.002745812150584781,1.0266831452425231,0.0,0.0,1.0
2012-11-30,-0.006360960973612939,1.0201524538233693,0.0,0.0,1.0
2012-12-03,-0.0017549960933754827,1.0183620902522619,0.0,0.0,1.0
2012-12-04,-0.0005252745154283867,1.017827170598774,0.0002660900994459086,0.5321801988918172,0.9999999999999998
2012-12-05,-0.0010051447730216045,1.0168041069384073,0.0,0.0,0.9999999999999998
2012-12-06,0.004071412491825077,1.0209439358811354,0.0,0.0,0.9999999999999998
2012-12-07,0.005642627156426272,1.026704741858927,0.0,0.0,0.9999999999999998
2012-12-10,0.0007677217421762084,1.0274929654120475,0.0,0.0,0.9999999999999998
2012-12-11,0.006893399903071584,1.0345758853202256,0.0,0.0,0.9999999999999998
2012-12-12,0.0010774926062964152,1.0356906331873108,0.0,0.0,0.9999999999999998
2012-12-13,-0.011136924565790518,1.024156224732008,0.0,0.0,0.9999999999999998
2012-12-14,-0.0023585429524362045,1.0217407082859726,0.0,0.0,0.9999999999999998
2012-12-17,0.023036542509218272,1.0452780815458012,0.0,0.0,0.9999999999999998
2012-12-18,0.01424836698631271,1.0601715872544146,0.0,0.0,0.9999999999999998
2012-12-19,-0.007710587241048783,1.0519970417404083,0.0,0.0,0.9999999999999998
2012-12-20,0.007840222369862149,1.0602449324800902,0.0,0.0,0.9999999999999998
2012-12-21,-0.013149336724007976,1.0463034148529864,0.0,0.0,0.9999999999999998
2012-12-24,0.0009425025238336548,1.047289558462181,0.0,0.0,0.9999999999999998
2012-12-26,-0.0027676103808148556,1.0443910690084621,0.0,0.0,0.9999999999999998
2012-12-27,-0.0022274497383140135,1.0420647403951018,0.0,0.0,0.9999999999999998
2012-12-28,-0.00989298310319231,1.0317556115259405,0.0,0.0,0.9999999999999998
2012-12-31,0.022097173698527595,1.0545544944882599,0.0,0.0,0.9999999999999998
2013-01-02,0.03103632324422656,1.0872839886578494,0.0,0.0,0.9999999999999998
2013-01-03,-0.0075550979158820475,1.0790694516611685,0.00031540632205330173,0.6308126441066034,1.0
2013-01-04,0.012732240515950233,1.092808423453133,0.0,0.0,1.0
2013-01-07,-0.0028764620468142432,1.089665001498631,0.0,0.0,1.0
2013-01-08,0.0038229502121041037,1.0938307365472326,0.0,0.0,1.0
2013-01-09,0.0041243681841949265,1.0983420972359426,0.0,0.0,1.0
2013-01-10,0.004050956119559412,1.1027914328761101,0.0,0.0,1.0
2013-01-11,-0.002686882925950318,1.099828361404231,0.0,0.0,1.0
2013-01-14,0.00020747305179535935,1.1000565461508227,0.0,0.0,1.0
2013-01-15,0.005860950297821299,1.1065039228926057,0.0,0.0,1.0
2013-01-16,-0.0009925363488848538,1.1054056775289511,0.0,0.0,1.0
2013-01-17,0.01519581833821304,1.1222032213947104,0.0,0.0,1.0
2013-01-18,0.001144917023050418,1.1234880509662073,0.0,0.0,1.0
2013-01-22,0.006846678597584699,1.1311802125593997,0.0,0.0,1.0
2013-01-23,0.0033091149949231458,1.1349234179627403,0.0,0.0,1.0
2013-01-24,0.006346656665753292,1.142126387238473,0.0,0.0,1.0
2013-01-25,0.010629017241355676,1.1542660683002381,0.0,0.0,1.0
2013-01-28,-0.0065349740450949545,1.1467229695027623,0.0,0.0,1.0
2013-01-29,0.011583302507786719,1.1600058085511402,0.0,0.0,1.0
2013-01-30,-0.0046394814131685,1.1546239831631997,0.0,0.0,1.0
2013-01-31,-0.002294636674281203,1.1519745406264288,0.0,0.0,1.0
2013-02-01,0.010639884379064712,1.1642314165463201,0.0,0.0,1.0
2013-02-04,-0.013171837188592828,1.1488963498777272,0.0001680926343545869,0.3361852687091738,0.9999999999999997
2013-02-05,0.011315174995750299,1.1618963131285724,0.0,0.0,0.9999999999999997
2013-02-06,-0.0016695537370405855,1.159956464796935,0.0,0.0,0.9999999999999997
2013-02-07,-0.0033201843142920406,1.1561051955372545,0.0,0.0,0.9999999999999997
2013-02-08,0.007104452554590024,1.1643186900470641,0.0,0.0,0.9999999999999997
2013-02-11,-0.0054055058529145494,1.1580249585533569,0.0,0.0,0.9999999999999997
2013-02-12,0.01009766244586241,1.1697183036887124,0.0,0.0,0.9999999999999997
2013-02-13,0.006285521483277101,1.1770705932159302,0.0,0.0,0.9999999999999997
2013-02-14,0.019153685185799185,1.19961583279985,0.0,0.0,0.9999999999999997
2013-02-15,-0.00021907460157721825,1.1993530274392337,0.0,0.0,0.9999999999999997
2013-02-19,0.0002880405257903451,1.1996984897158656,0.0,0.0,0.9999999999999997
2013-02-20,-0.03209984785734221,1.161188350721303,0.0,0.0,0.9999999999999997
2013-02-21,-0.006297274138231779,1.1538760293506898,0.0,0.0,0.9999999999999997
2013-02-22,0.011966679144183923,1.1676840935660944,0.0,0.0,0.9999999999999997
2013-02-25,-0.02758347327570332,1.13547531057675,0.0,0.0,0.9999999999999996
2013-02-26,0.017592432015522963,1.1554510827833764,0.0,0.0,0.9999999999999997
2013-02-27,0.016411206404144396,1.1744134289928265,0.0,0.0,0.9999999999999997
2013-02-28,-0.0021727298853424504,1.1718617458379064,0.0,0.0,0.9999999999999997
2013-03-01,0.01047565528149308,1.184137765524873,0.0,0.0,0.9999999999999997
2013-03-04,0.014911829587703984,1.2017954260927446,0.0002731909088813704,0.5463818177627409,0.9999999999999998
2013-03-05,0.009717586759105057,1.2134739774124965,0.0,0.0,0.9999999999999998
2013-03-06,-0.002919389279996576,1.2099313744912836,0.0,0.0,0.9999999999999998
2013-03-07,-0.0012974419028300987,1.2083615588264698,0.0,0.0,0.9999999999999998
2013-03-08,0.007185427762972818,1.2170441535189707,0.0,0.0,0.9999999999999998
2013-03-11,-0.0029292310529513976,1.21347914999167,0.0,0.0,0.9999999999999998
2013-03-12,0.0008205351013854667,1.2144748522290374,0.0,0.0,0.9999999999999998
2013-03-13,0.0016694324351527179,1.216502335939026,0.0,0.0,0.9999999999999998
2013-03-14,0.007209517750392136,1.2252727311233718,0.0,0.0,0.9999999999999998
2013-03-15,-0.004854258542807299,1.2193249405010473,0.0,0.0,0.9999999999999998
2013-03-18,-0.002084375882737355,1.2167834090018468,0.0,0.0,0.9999999999999998
2013-03-19,-0.0038097308243101313,1.2121477917420633,0.0,0.0,0.9999999999999998
2013-03-20,0.016223839935490147,1.2318134834934444,0.0,0.0,0.9999999999999998
2013-03-21,-0.012884441238622202,1.2159422550484307,0.0,0.0,0.9999999999999998
2013-03-22,0.0041619749694674635,1.2210029762782602,0.0,0.0,0.9999999999999998
2013-03-25,-0.006741441569213968,1.2127716560578439,0.0,0.0,0.9999999999999998
2013-03-26,0.007893742896183609,1.2223449637025434,0.0,0.0,0.9999999999999998
2013-03-27,0.0024872744114885492,1.2253852710527726,0.0,0.0,0.9999999999999998
2013-03-28,0.005438793359048066,1.2320498883272497,0.0,0.0,0.9999999999999998
2013-04-01,-0.008359065670114463,1.221751102401865,0.0,0.0,0.9999999999999998
2013-04-02,-0.0013626713998415863,1.220086257116897,0.00016335811781683694,0.32671623563367386,0.9999999999999997
2013-04-03,-0.020222164891254613,1.1954134716439255,0.0,0.0,0.9999999999999997
2013-04-04,0.00483358762760111,1.2011916074103313,0.0,0.0,0.9999999999999997
2013-04-05,-0.0019250134325181634,1.1988792974310383,0.0,0.0,0.9999999999999997
2013-04-08,0.008667493305679619,1.2092705757158397,0.0,0.0,0.9999999999999997
2013-04-09,0.0034852129052087566,1.2134851411322138,0.0,0.0,0.9999999999999997
2013-04-10,0.0074836866901268895,1.2225664837315717,0.0,0.0,0.9999999999999997
2013-04-11,0.007423369670954472,1.23164204668763,0.0,0.0,0.9999999999999997
2013-04-12,6.923472753084248e-05,1.231727319089148,0.0,0.0,0.9999999999999997
2013-04-15,-0.03327714144680116,1.1907389548679292,0.0,0.0,0.9999999999999997
2013-04-16,0.01894618494239375,1.2132989153249698,0.0,0.0,0.9999999999999997
2013-04-17,-0.015900083775400753,1.1940073609267,0.0,0.0,0.9999999999999997
2013-04-18,-0.012245664184235339,1.1793859477512865,0.0,0.0,0.9999999999999997
2013-04-19,0.019258123182217535,1.2020987076124572,0.0,0.0,0.9999999999999997
2013-04-22,0.010735695688012248,1.2150040735243373,0.0,0.0,0.9999999999999997
2013-04-23,0.028518076524416847,1.2496536526705824,0.0,0.0,0.9999999999999997
2013-04-24,-0.004593403196108903,1.243913489588376,0.0,0.0,0.9999999999999997
2013-04-25,0.006960505371325532,1.2525717561141203,0.0,0.0,0.9999999999999997
2013-04-26,-0.0036659218151058326,1.2479799259883961,0.0,0.0,0.9999999999999997
2013-04-29,-0.002428956306957719,1.24494863727621,0.0,0.0,0.9999999999999997
2013-04-30,-0.006390247403034399,1.2369931074799445,0.0,0.0,0.9999999999999997
2013-05-01,-0.016148961195087908,1.2170169537886597,0.0,0.0,0.9999999999999997
2013-05-02,0.02073111958113394,1.2422470777899197,0.0004734632317917959,0.9469264635835918,1.0
2013-05-03,0.0157025279203844,1.2617534972129318,0.0,0.0,1.0
2013-05-06,0.007503336104160541,1.2712208577831203,0.0,0.0,1.0
2013-05-07,-0.001948499050841046,1.2687438851483206,0.0,0.0,1.0
2013-05-08,-0.0016802055804565619,1.2666121345923242,0.0,0.0,1.0
2013-05-09,-0.003493127915130567,1.2621876963873366,0.0,0.0,1.0
2013-05-10,0.010300640809337791,1.275189038481788,0.0,0.0,1.0
2013-05-13,0.008070992645822672,1.2854810798334084,0.0,0.0,1.0
2013-05-14,0.021989772476402436,1.3137485163016651,0.0,0.0,1.0
2013-05-15,0.006123539425904045,1.3217933071369612,0.0,0.0,1.0
2013-05-16,-0.012811422685720775,1.3048592543760729,0.0,0.0,1.0
2013-05-17,0.016604103268134995,1.326525272186115,0.0,0.0,1.0
2013-05-20,0.0003750419975865338,1.3270227748740446,0.0,0.0,1.0
2013-05-21,-0.0027622980645872763,1.3233571424313468,0.0,0.0,1.0
2013-05-22,-0.013191651218382172,1.3058998765710377,0.0,0.0,1.0
2013-05-23,0.00046191900296199684,1.3065030965399915,0.0,0.0,1.0
2013-05-24,0.0036269588858994783,1.3112417295554424,0.0,0.0,1.0
2013-05-28,0.004689166310033466,1.3173903600979837,0.0,0.0,1.0
2013-05-29,-0.0099403815765573,1.3042949972333315,0.0,0.0,1.0
2013-05-30,0.01091781358202426,1.318535046869092,0.0,0.0,1.0
2013-05-31,-0.012079534816939685,1.3026077568630816,0.0,0.0,1.0
2013-06-03,-0.010949949038981832,1.2883442683076485,0.0,0.0,1.0
2013-06-04,-0.013387486211929867,1.271096577179461,0.0003607381040752167,0.7214762081504333,0.9999999999999998
2013-06-05,-0.019418177718042218,1.246414197946995,0.0,0.0,0.9999999999999998
2013-06-06,0.02200257320361554,1.2738385175793494,0.0,0.0,0.9999999999999998
2013-06-07,0.01269499659224671,1.290009893219092,0.0,0.0,0.9999999999999998
2013-06-10,-0.0013527763371224966,1.2882647983608913,0.0,0.0,0.9999999999999998
2013-06-11,-0.02041211656833153,1.2619685871258706,0.0,0.0,0.9999999999999998
2013-06-12,-0.021178847881242024,1.2352415463882258,0.0,0.0,0.9999999999999998
2013-06-13,0.019272259063227937,1.2590474414758819,0.0,0.0,0.9999999999999998
2013-06-14,-0.007371951181076031,1.249765805202663,0.0,0.0,0.9999999999999998
2013-06-17,0.008839574095432123,1.2608132026396892,0.0,0.0,0.9999999999999998
2013-06-18,0.01053513974618192,1.2740960459233295,0.0,0.0,0.9999999999999998
2013-06-19,-0.017617806739100628,1.2516492680192,0.0,0.0,0.9999999999999998
2013-06-20,-0.04065064781799377,1.2007689144333018,0.0,0.0,0.9999999999999998
2013-06-21,-0.010037702922646385,1.1887159527914717,0.0,0.0,0.9999999999999998
2013-06-24,-0.0161973215604595,1.1694619382600602,0.0,0.0,0.9999999999999998
2013-06-25,0.020386210040485686,1.1933028349677832,0.0,0.0,0.9999999999999998
2013-06-26,0.012335830469597742,1.2080232164388363,0.0,0.0,0.9999999999999998
2013-06-27,0.012252867815969903,1.2228249652284842,0.0,0.0,0.9999999999999998
2013-06-28,-0.008720122309218037,1.2121617819689265,0.0,0.0,0.9999999999999998
2013-07-01,0.010817962821288107,1.2252749030596528,0.0,0.0,0.9999999999999998
2013-07-02,-0.008380151858944695,1.2150069133030592,0.0002722103029835652,0.5444206059671304,0.9999999999999998
2013-07-03,-0.0010316883462244686,1.2137534048300223,0.0,0.0,0.9999999999999998
2013-07-05,0.010934623613986227,1.227025341472033,0.0,0.0,0.9999999999999998
2013-07-08,0.005469603510722232,1.2337366835874934,0.0,0.0,0.9999999999999998
2013-07-09,0.009248754906240109,1.2451472117928317,0.0,0.0,0.9999999999999998
2013-07-10,-0.007619886569215306,1.2356593312769957,0.0,0.0,0.9999999999999998
2013-07-11,0.019226830883825707,1.2594171442694797,0.0,0.0,0.9999999999999998
2013-07-12,0.017897312238697394,1.2819573261392392,0.0,0.0,0.9999999999999998
2013-07-15,0.005992511020578961,1.2896394695440405,0.0,0.0,0.9999999999999998
2013-07-16,-0.012114766614840566,1.2740157883532277,0.0,0.0,0.9999999999999998
2013-07-17,0.006212961890237123,1.2819311998938268,0.0,0.0,0.9999999999999998
2013-07-18,0.0029299684741437293,1.285687217895537,0.0,0.0,0.9999999999999998
2013-07-19,0.006200717430517644,1.2936594010377356,0.0,0.0,0.9999999999999998
2013-07-22,0.0032078584708459257,1.297809277305744,0.0,0.0,0.9999999999999998
2013-07-23,-0.007906177980805063,1.2875485661742248,0.0,0.0,0.9999999999999998
2013-07-24,-0.011083224460915031,1.2732783764109865,0.0,0.0,0.9999999999999998
2013-07-25,-0.0026053932816343384,1.269960985483435,0.0,0.0,0.9999999999999998
2013-07-26,-0.00377589643116949,1.2651657443306237,0.0,0.0,0.9999999999999998
2013-07-29,-0.005001293763356007,1.2588382787838912,0.0,0.0,0.9999999999999998
2013-07-30,0.006698154054602501,1.2672701715050163,0.0,0.0,0.9999999999999998
2013-07-31,0.0072773031805093424,1.2764924807546745,0.0,0.0,0.9999999999999998
2013-08-01,0.01567907732920748,1.296506705070579,0.0,0.0,0.9999999999999998
2013-08-02,-0.0028457630155646063,1.2928171542398577,0.00046627290754348854,0.932545815086977,0.9999999999999997
2013-08-05,0.0016411731276715358,1.294938891012389,0.0,0.0,0.9999999999999997
2013-08-06,-0.011706236449166019,1.279780030166977,0.0,0.0,0.9999999999999997
2013-08-07,-0.01660180918660592,1.2585333663053162,0.0,0.0,0.9999999999999997
2013-08-08,0.005597195823030088,1.2655776240063443,0.0,0.0,0.9999999999999997
2013-08-09,-0.002953369054819688,1.2618399062151318,0.0,0.0,0.9999999999999997
2013-08-12,-0.003654540356069824,1.2572284613549691,0.0,0.0,0.9999999999999997
2013-08-13,0.007694830135031028,1.2669026208060221,0.0,0.0,0.9999999999999997
2013-08-14,-0.0049141520016058315,1.2606768687561485,0.0,0.0,0.9999999999999997
2013-08-15,-0.020484384663291832,1.2348526788404333,0.0,0.0,0.9999999999999997
2013-08-16,0.0028970981274631935,1.2384301682239947,0.0,0.0,0.9999999999999997
2013-08-19,-0.009288518349107489,1.2269269868823578,0.0,0.0,0.9999999999999997
2013-08-20,0.020246808114967152,1.2517683421568397,0.0,0.0,0.9999999999999997
2013-08-21,-0.00627167331285261,1.243917660051461,0.0,0.0,0.9999999999999997
2013-08-22,0.013216508231400637,1.2603579080447158,0.0,0.0,0.9999999999999997
2013-08-23,0.0030260076374428735,1.2641717607003706,0.0,0.0,0.9999999999999997
2013-08-26,0.0026815602670147154,1.2675617134645467,0.0,0.0,0.9999999999999997
2013-08-27,-0.030349790427772083,1.22909148110663,0.0,0.0,0.9999999999999997
2013-08-28,0.007476508299658402,1.2382807937661633,0.0,0.0,0.9999999999999997
2013-08-29,0.011455047411319308,1.2524653589672807,0.0,0.0,0.9999999999999997
2013-08-30,-0.00996643536711661,1.2399827439175808,0.0,0.0,0.9999999999999997
2013-09-03,0.017608438411030214,1.2618169036945939,0.0,0.0,0.9999999999999997
2013-09-04,0.015895306702518264,1.2818738703812413,0.00013059496968246786,0.26118993936493573,0.9999999999999997
2013-09-05,0.01337373933616992,1.2990173173855672,0.0,0.0,0.9999999999999997
2013-09-06,-0.0047614988890500864,1.292832047871979,0.0,0.0,0.9999999999999997
2013-09-09,0.01507119290052783,1.312316569053442,0.0,0.0,0.9999999999999997
2013-09-10,0.014551721041394572,1.3314130336843075,0.0,0.0,0.9999999999999997
2013-09-11,0.0014107969108116958,1.3332913870792438,0.0,0.0,0.9999999999999997
2013-09-12,-0.00723629194224551,1.323643301358257,0.0,0.0,0.9999999999999997
2013-09-13,0.0055031268722982585,1.3309274783792993,0.0,0.0,0.9999999999999997
2013-09-16,0.0036943246273317687,1.3358443565398685,0.0,0.0,0.9999999999999997
2013-09-17,0.009237137645253357,1.3481837347338623,0.0,0.0,0.9999999999999997
2013-09-18,0.006612908240822835,1.357099150063427,0.0,0.0,0.9999999999999997
2013-09-19,-0.005281651562531908,1.3499314252169838,0.0,0.0,0.9999999999999997
2013-09-20,-0.004477706734820508,1.3438868281827439,0.0,0.0,0.9999999999999997
2013-09-23,-0.013026736816590945,1.326380368160724,0.0,0.0,0.9999999999999997
2013-09-24,0.0031535447653383564,1.330563168027585,0.0,0.0,0.9999999999999997
2013-09-25,5.994486542593158e-05,1.330642928457633,0.0,0.0,0.9999999999999997
2013-09-26,0.008621497521742683,1.342115063167655,0.0,0.0,0.9999999999999997
2013-09-27,-0.002877886448020117,1.3382526084156812,0.0,0.0,0.9999999999999997
2013-09-30,-0.005771989456645588,1.3305282284695774,0.0,0.0,0.9999999999999997
2013-10-01,0.012210352938442304,1.3467744477337513,0.0,0.0,0.9999999999999997
2013-10-02,-0.001166105372578885,1.345203966814597,0.00012463378737740717,0.24926757475481434,0.9999999999999997
2013-10-03,-0.00746260279329547,1.3351652439342943,0.0,0.0,0.9999999999999997
2013-10-04,0.016044067889222857,1.356586725751307,0.0,0.0,0.9999999999999997
2013-10-07,-0.013579333178499686,1.3381651826168,0.0,0.0,0.9999999999999997
2013-10-08,-0.02523839525172522,1.30439204082582,0.0,0.0,0.9999999999999997
2013-10-09,0.002872025299035297,1.308138287766932,0.0,0.0,0.9999999999999997
2013-10-10,0.03153450166406935,1.3493897767793512,0.0,0.0,0.9999999999999997
2013-10-11,0.0008551567313912489,1.3505437165302348,0.0,0.0,0.9999999999999997
2013-10-14,0.01202932476571461,1.366789845506672,0.0,0.0,0.9999999999999997
2013-10-15,-0.0038619265265098512,1.3615114035461455,0.0,0.0,0.9999999999999997
2013-10-16,0.023794959438037555,1.3939085121679518,0.0,0.0,0.9999999999999997
2013-10-17,0.010372378373970426,1.408366658674856,0.0,0.0,0.9999999999999997
2013-10-18,0.005964824647773925,1.4167673188336227,0.0,0.0,0.9999999999999997
2013-10-21,0.0011859188353853245,1.4184474898823858,0.0,0.0,0.9999999999999997
2013-10-22,-0.0003553658484140021,1.417943422086713,0.0,0.0,0.9999999999999997
2013-10-23,-0.009606053463157682,1.4043225817664153,0.0,0.0,0.9999999999999997
2013-10-24,0.004427323199694078,1.4105399717125242,0.0,0.0,0.9999999999999997
2013-10-25,-0.0006780371909802518,1.409583573152339,0.0,0.0,0.9999999999999997
2013-10-28,-0.007872603223560315,1.3984864809704622,0.0,0.0,0.9999999999999997
2013-10-29,0.008121010145552443,1.4098436038708413,0.0,0.0,0.9999999999999997
2013-10-30,-0.0046269716915713355,1.403320297426188,0.0,0.0,0.9999999999999997
2013-10-31,-0.0048069161784400904,1.3965746543849566,0.0,0.0,0.9999999999999997
2013-11-01,0.013762208552903665,1.4157946060383018,0.0,0.0,0.9999999999999997
2013-11-04,0.005328115513434817,1.423338123242572,0.0003757116803502269,0.7514233607004538,0.9999999999999997
2013-11-05,0.006531770419403449,1.4326350410927768,0.0,0.0,0.9999999999999997
2013-11-06,-0.012634220111415573,1.4145348146442838,0.0,0.0,0.9999999999999997
2013-11-07,-0.024907145424387767,1.3793027903080792,0.0,0.0,0.9999999999999997
2013-11-08,0.023140091829094267,1.4112199835359343,0.0,0.0,0.9999999999999997
2013-11-11,0.0041305960658297725,1.417049163247948,0.0,0.0,0.9999999999999997
2013-11-12,0.0019429286286365421,1.419802388635408,0.0,0.0,0.9999999999999997
2013-11-13,0.010557314711524768,1.4347916892804067,0.0,0.0,0.9999999999999997
2013-11-14,0.011390098184974162,1.4511341074962953,0.0,0.0,0.9999999999999997
2013-11-15,0.0027134111927171745,1.4550716310257095,0.0,0.0,0.9999999999999997
2013-11-18,-0.014116883984452544,1.4345305536214514,0.0,0.0,0.9999999999999997
2013-11-19,-0.007325109862333257,1.4240224597153006,0.0,0.0,0.9999999999999997
2013-11-20,0.000737537801406507,1.4250727301093926,0.0,0.0,0.9999999999999997
2013-11-21,0.015315225478417904,1.4468980402941625,0.0,0.0,0.9999999999999997
2013-11-22,0.014669971201536791,1.468123992876838,0.0,0.0,0.9999999999999997
2013-11-25,-0.0012130564842310898,1.4663430755476234,0.0,0.0,0.9999999999999997
2013-11-26,0.002993912127201792,1.4707331778641437,0.0,0.0,0.9999999999999997
2013-11-27,0.007577744098505423,1.4818780175231798,0.0,0.0,0.9999999999999997
2013-11-29,-0.000932625129850595,1.4804959808446645,0.0,0.0,0.9999999999999997
2013-12-02,0.0022026618964883227,1.4837570129295752,0.0,0.0,0.9999999999999997
2013-12-03,-0.005282378902413232,1.4759192461881683,0.00037253132578825526,0.7450626515765105,0.9999999999999997
2013-12-04,-7.72664285682012e-05,1.4758052071791603,0.0,0.0,0.9999999999999997
2013-12-05,-0.005835813531905987,1.4671926831806468,0.0,0.0,0.9999999999999997
2013-12-06,0.010961427909572885,1.483275210006784,0.0,0.0,0.9999999999999997
2013-12-09,0.003132347622757381,1.4879213435847438,0.0,0.0,0.9999999999999997
2013-12-10,0.0009369386188213813,1.489315434553317,0.0,0.0,0.9999999999999997
2013-12-11,-0.019539502851857238,1.4602149513725475,0.0,0.0,0.9999999999999997
2013-12-12,0.00878583249019349,1.473044155334983,0.0,0.0,0.9999999999999997
2013-12-13,0.005055970753365724,1.4804918235027729,0.0,0.0,0.9999999999999997
2013-12-16,0.006090254258346306,1.4895083951353076,0.0,0.0,0.9999999999999997
2013-12-17,0.0031781112156343827,1.4942422184716686,0.0,0.0,0.9999999999999997
2013-12-18,0.010588612564271571,1.5100641704002427,0.0,0.0,0.9999999999999997
2013-12-19,6.64629500968239e-06,1.5100742067322026,0.0,0.0,0.9999999999999997
2013-12-20,0.007608909735564273,1.521564225065232,0.0,0.0,0.9999999999999997
2013-12-23,0.0076727262303775134,1.533238770806094,0.0,0.0,0.9999999999999997
2013-12-24,0.0009363918833287244,1.5346744831462815,0.0,0.0,0.9999999999999997
2013-12-26,0.004043842193531377,1.5408804645745644,0.0,0.0,0.9999999999999997
2013-12-27,-0.011044215449405925,1.5238626487420222,0.0,0.0,0.9999999999999997
2013-12-30,-0.0003684086649015095,1.5233012445381058,0.0,0.0,0.9999999999999997
2013-12-31,0.004457822215304663,1.530091850666609,0.0,0.0,0.9999999999999997
2014-01-02,-0.0036223127818928447,1.5245493793984692,0.0,0.0,0.9999999999999997
2014-01-03,0.003811033432761901,1.5303594880532532,0.00031495012066907877,0.6299002413381576,0.9999999999999997
2014-01-06,-0.005925281426108819,1.5212916774034217,0.0,0.0,0.9999999999999997
2014-01-07,0.0055588446475483,1.5297483015017157,0.0,0.0,0.9999999999999997
2014-01-08,0.014881315944702989,1.5525129692922355,0.0,0.0,0.9999999999999997
2014-01-09,0.00240086711019849,1.5562403466183659,0.0,0.0,0.9999999999999997
2014-01-10,0.006781541413050096,1.5667940549776178,0.0,0.0,0.9999999999999997
2014-01-13,-0.01919630938115724,1.5367173915617096,0.0,0.0,0.9999999999999997
2014-01-14,0.024096371692595486,1.5737467050152563,0.0,0.0,0.9999999999999997
2014-01-15,-0.0028712392775528395,1.569228101662897,0.0,0.0,0.9999999999999997
2014-01-16,-0.006812754851893921,1.5585373352995648,0.0,0.0,0.9999999999999997
2014-01-17,-0.007154009088408353,1.547387545038208,0.0,0.0,0.9999999999999997
2014-01-21,0.014966557760532462,1.570546610108951,0.0,0.0,0.9999999999999997
2014-01-22,0.006512476445051041,1.5807747579131401,0.0,0.0,0.9999999999999997
2014-01-23,-0.003640675827715989,1.5750196694629421,0.0,0.0,0.9999999999999997
2014-01-24,-0.02652608358648645,1.5332405660604078,0.0,0.0,0.9999999999999997
2014-01-27,-0.011125790794501267,1.516182052284777,0.0,0.0,0.9999999999999997
2014-01-28,0.01656110031684932,1.5412916953512716,0.0,0.0,0.9999999999999997
2014-01-29,-0.014715318453765724,1.5186110972240332,0.0,0.0,0.9999999999999997
2014-01-30,0.026061469252083524,1.55818833364021,0.0,0.0,0.9999999999999997
2014-01-31,0.0006916684519411298,1.5592660833527716,0.0,0.0,0.9999999999999997
2014-02-03,-0.026048653815955003,1.5186493009405553,0.0,0.0,0.9999999999999997
2014-02-04,0.008271019867522877,1.5312100794804344,0.0002861057322224199,0.5722114644448397,0.9999999999999997
2014-02-05,-0.007543631137847506,1.51965919544628,0.0,0.0,0.9999999999999997
2014-02-06,0.012584808827322824,1.5387838159036544,0.0,0.0,0.9999999999999997
2014-02-07,0.028382098099653863,1.5824577291207915,0.0,0.0,0.9999999999999997
2014-02-10,0.002467255898282783,1.586362057286748,0.0,0.0,0.9999999999999997
2014-02-11,0.010712419097292925,1.6033558324844475,0.0,0.0,0.9999999999999998
2014-02-12,-0.0002806874647454105,1.6029057906007427,0.0,0.0,0.9999999999999998
2014-02-13,0.011212894814190744,1.620879004627806,0.0,0.0,0.9999999999999998
2014-02-14,0.0005238060940939704,1.621728030928219,0.0,0.0,0.9999999999999998
2014-02-18,0.006829090586081721,1.6328029585574155,0.0,0.0,0.9999999999999998
2014-02-19,-0.008603994450510744,1.61875433096321,0.0,0.0,0.9999999999999998
2014-02-20,0.013421277227627426,1.6404800816024898,0.0,0.0,0.9999999999999998
2014-02-21,0.002110550277478529,1.643942397293914,0.0,0.0,0.9999999999999998
2014-02-24,0.012508771383126449,1.6645060969086924,0.0,0.0,0.9999999999999998
2014-02-25,-0.0008359034350151617,1.6631147305446827,0.0,0.0,0.9999999999999998
2014-02-26,-0.004533778041141856,1.6555745374994397,0.0,0.0,0.9999999999999998
2014-02-27,0.007283610268979723,1.6676330972018318,0.0,0.0,0.9999999999999998
2014-02-28,-0.0009248367350497277,1.666090808852955,0.0,0.0,0.9999999999999998
2014-03-03,-0.005479362899209361,1.6569616926882123,0.0,0.0,0.9999999999999998
2014-03-04,0.02191802645428753,1.6932790229022936,0.00021191134665002011,0.4238226933000402,0.9999999999999996
2014-03-05,0.0017936609161874895,1.6963161913058735,0.0,0.0,0.9999999999999996
2014-03-06,-0.006202817073494904,1.6857942522723957,0.0,0.0,0.9999999999999996
2014-03-07,-0.009011234970543902,1.6706031641531767,0.0,0.0,0.9999999999999996
2014-03-10,-0.0003636800900347348,1.6699955990440252,0.0,0.0,0.9999999999999996
2014-03-11,-0.008776702867618669,1.655338543880985,0.0,0.0,0.9999999999999996
2014-03-12,0.004257224995467546,1.6623856925059557,0.0,0.0,0.9999999999999996
2014-03-13,-0.01887384839245332,1.6310100769758147,0.0,0.0,0.9999999999999996
2014-03-14,-0.0008757191572675849,1.6295817702057105,0.0,0.0,0.9999999999999996
2014-03-17,0.009347201324751309,1.644813799086968,0.0,0.0,0.9999999999999996
2014-03-18,0.009072330368503634,1.6597360932669585,0.0,0.0,0.9999999999999996
2014-03-19,0.000417651308479039,1.6604292842180413,0.0,0.0,0.9999999999999996
2014-03-20,0.002145039667406312,1.6639909708976122,0.0,0.0,0.9999999999999996
2014-03-21,-0.01898786337859304,1.632395337678996,0.0,0.0,0.9999999999999996
2014-03-24,-0.010586197418831045,1.6151144783687468,0.0,0.0,0.9999999999999996
2014-03-25,0.006049453353449419,1.6248850380661193,0.0,0.0,0.9999999999999996
2014-03-26,-0.015183979306248596,1.6002128172730903,0.0,0.0,0.9999999999999996
2014-03-27,-0.0035317962283036852,1.594561191680562,0.0,0.0,0.9999999999999996
2014-03-28,-0.008014005942016511,1.581782368815525,0.0,0.0,0.9999999999999996
2014-03-31,0.02037079281619114,1.61400452973097,0.0,0.0,0.9999999999999996
2014-04-01,0.020335302239468334,1.6468257996589202,0.0,0.0,0.9999999999999996
2014-04-02,0.0024781501292527874,1.6509068812272019,0.000279602560531565,0.5592051210631299,0.9999999999999998
2014-04-03,-0.014437744396258445,1.6270715096540194,0.0,0.0,0.9999999999999998
2014-04-04,-0.028990428405142654,1.5799020095433471,0.0,0.0,0.9999999999999997
2014-04-07,-0.012631382391814716,1.5599456631192086,0.0,0.0,0.9999999999999997
2014-04-08,0.004145886552540556,1.5664130208666285,0.0,0.0,0.9999999999999997
2014-04-09,0.027088746451185974,1.608845186026721,0.0,0.0,0.9999999999999998
2014-04-10,-0.04138434997875662,1.5422641737865534,0.0,0.0,0.9999999999999997
2014-04-11,-0.014066917927448852,1.5205692702314533,0.0,0.0,0.9999999999999997
2014-04-14,0.010307816564831374,1.5362430193431185,0.0,0.0,0.9999999999999997
2014-04-15,0.0020847777276791213,1.5394457445741474,0.0,0.0,0.9999999999999997
2014-04-16,0.019976993972458112,1.5701992429344316,0.0,0.0,0.9999999999999997
2014-04-17,0.0035732406633339764,1.5758099427188212,0.0,0.0,0.9999999999999997
2014-04-21,0.012514239861401322,1.5955300063179858,0.0,0.0,0.9999999999999997
2014-04-22,0.016614583485501377,1.6220390728115786,0.0,0.0,0.9999999999999998
2014-04-23,-0.0025391259679229394,1.617920511280817,0.0,0.0,0.9999999999999998
2014-04-24,-0.006044217576387956,1.608141447689335,0.0,0.0,0.9999999999999998
2014-04-25,-0.022706464780584024,1.5716262405451797,0.0,0.0,0.9999999999999997
2014-04-28,-0.013509436101075578,1.550394456273761,0.0,0.0,0.9999999999999997
2014-04-29,0.016630068796526176,1.5761776227433466,0.0,0.0,0.9999999999999997
2014-04-30,0.00789624288008417,1.5886235040746817,0.0,0.0,0.9999999999999997
2014-05-01,-0.0005227699384375839,1.5877930194632561,0.0,0.0,0.9999999999999997
2014-05-02,0.0066794874851066055,1.5983986630657006,0.0003629262203242946,0.7258524406485891,0.9999999999999999
2014-05-05,0.00033707994948906084,1.5989374512063101,0.0,0.0,0.9999999999999999
2014-05-06,-0.01071673258546979,1.5818020661208394,0.0,0.0,0.9999999999999999
2014-05-07,-0.005030467067537181,1.5738448629198563,0.0,0.0,0.9999999999999999
2014-05-08,-0.004901852384594285,1.5661301077255712,0.0,0.0,0.9999999999999999
2014-05-09,0.0029691149049697607,1.5707801279715412,0.0,0.0,0.9999999999999999
2014-05-12,0.0204896582965568,1.6029648760526998,0.0,0.0,0.9999999999999999
2014-05-13,0.00487416492743864,1.610777991231472,0.0,0.0,0.9999999999999999
2014-05-14,-0.006472867476355337,1.6003516387604007,0.0,0.0,0.9999999999999999
2014-05-15,-0.012167801807947298,1.5808788771969404,0.0,0.0,0.9999999999999999
2014-05-16,0.0003905719077057501,1.5814963240758588,0.0,0.0,0.9999999999999999
2014-05-19,0.011414284262514895,1.5995479726789832,0.0,0.0,0.9999999999999999
2014-05-20,-0.009030741593978098,1.5851028682705477,0.0,0.0,0.9999999999999999
2014-05-21,0.012087160580709355,1.6042622611762767,0.0,0.0,0.9999999999999999
2014-05-22,0.002145053358199478,1.6077034893270454,0.0,0.0,0.9999999999999999
2014-05-23,0.013128046330773468,1.6288094952210772,0.0,0.0,0.9999999999999999
2014-05-27,0.01113794362156928,1.6469510835491261,0.0,0.0,0.9999999999999999
2014-05-28,0.006556342256383907,1.6577490585323966,0.0,0.0,0.9999999999999999
2014-05-29,0.012725039627178747,1.6788439809941396,0.0,0.0,0.9999999999999999
2014-05-30,-0.004346108351029332,1.6715475431482656,0.0,0.0,0.9999999999999999
2014-06-02,0.004654682637103225,1.6793280664744505,0.0,0.0,0.9999999999999999
2014-06-03,-0.002676018849417261,1.6748341529142095,0.00026741839729386665,0.5348367945877334,0.9999999999999994
2014-06-04,0.0009752828126681212,1.6764675898776162,0.0,0.0,0.9999999999999994
2014-06-05,0.003879402787501096,1.6829712829189427,0.0,0.0,0.9999999999999994
2014-06-06,0.004082609950295746,1.6898421982246496,0.0,0.0,0.9999999999999994
2014-06-09,-0.00966879244386143,1.673503464747137,0.0,0.0,0.9999999999999994
2014-06-10,-0.003292263634962489,1.6679938501471663,0.0,0.0,0.9999999999999994
2014-06-11,0.002908268858393681,1.6728448247175414,0.0,0.0,0.9999999999999994
2014-06-12,-0.014778992601992003,1.6481218634287602,0.0,0.0,0.9999999999999994
2014-06-13,0.007740308717611111,1.6608788354559432,0.0,0.0,0.9999999999999994
2014-06-16,0.001698870301434896,1.6637004531837811,0.0,0.0,0.9999999999999994
2014-06-17,0.003954401536530261,1.670279392812177,0.0,0.0,0.9999999999999994
2014-06-18,0.011589772006976862,1.6896375501628218,0.0,0.0,0.9999999999999994
2014-06-19,0.0013577929790777876,1.691931728165619,0.0,0.0,0.9999999999999994
2014-06-20,0.005395235050507541,1.701060097528484,0.0,0.0,0.9999999999999994
2014-06-23,-0.002893218163835698,1.6961385595565384,0.0,0.0,0.9999999999999994
2014-06-24,-0.007143878108419988,1.6840215524320754,0.0,0.0,0.9999999999999994
2014-06-25,0.006037623509793644,1.6941890405480384,0.0,0.0,0.9999999999999994
2014-06-26,0.001180414988235512,1.6961888866844057,0.0,0.0,0.9999999999999994
2014-06-27,-0.00027904496376118804,1.6957155737179888,0.0,0.0,0.9999999999999994
2014-06-30,-0.0018446045456991245,1.6925876490624958,0.0,0.0,0.9999999999999994
2014-07-01,0.016962484959380797,1.7212981416021522,0.0,0.0,0.9999999999999994
2014-07-02,-0.004964389985654405,1.712752946345657,0.00032380505772500217,0.6476101154500042,0.9999999999999998
2014-07-03,0.004424348033249315,1.7203307614752634,0.0,0.0,0.9999999999999998
2014-07-07,-0.011841305328861629,1.6999597996620017,0.0,0.0,0.9999999999999998
2014-07-08,-0.011543990756058164,1.680335479449033,0.0,0.0,0.9999999999999998
2014-07-09,0.007357155103648427,1.6926979681975032,0.0,0.0,0.9999999999999998
2014-07-10,-0.0020044730513000264,1.6893050007362609,0.0,0.0,0.9999999999999998
2014-07-11,0.0026598552578294132,1.6937983075245469,0.0,0.0,0.9999999999999998
2014-07-14,0.009239829053071302,1.7094487143364552,0.0,0.0,0.9999999999999998
2014-07-15,-0.002160867608263617,1.7057548219816576,0.0,0.0,0.9999999999999998
2014-07-16,-2.5762588170774592e-05,1.7057108773226586,0.0,0.0,0.9999999999999998
2014-07-17,-0.014143947579480454,1.6815853920880572,0.0,0.0,0.9999999999999998
2014-07-18,0.015285301337387924,1.7072889315306727,0.0,0.0,0.9999999999999998
2014-07-21,-0.003136324434646842,1.701934319537711,0.0,0.0,0.9999999999999998
2014-07-22,0.008400947472636311,1.7162321803580245,0.0,0.0,0.9999999999999998
2014-07-23,0.005722761798997222,1.7260537683179873,0.0,0.0,0.9999999999999998
2014-07-24,0.003126940798776845,1.7314510362670232,0.0,0.0,0.9999999999999998
2014-07-25,-0.0017711282061745326,1.7283844144990805,0.0,0.0,0.9999999999999998
2014-07-28,0.002190149709791367,1.7321698351229038,0.0,0.0,0.9999999999999998
2014-07-29,-0.0019012058376005614,1.7288766237206525,0.0,0.0,0.9999999999999998
2014-07-30,0.001923057554505725,1.732201352972707,0.0,0.0,0.9999999999999998
2014-07-31,-0.022451542343001285,1.6933107609498361,0.0,0.0,0.9999999999999998
2014-08-01,0.001268207742658456,1.6954582307675996,0.0,0.0,0.9999999999999998
2014-08-04,0.00727369779017728,1.7077904815540716,0.00031823291190414665,0.6364658238082932,0.9999999999999999
2014-08-05,-0.013312415897237195,1.6850556643982808,0.0,0.0,0.9999999999999999
2014-08-06,-0.0035600055432524202,1.679056856892334,0.0,0.0,0.9999999999999999
2014-08-07,-0.007809406628382698,1.6659444191446877,0.0,0.0,0.9999999999999999
2014-08-08,0.009443868888245888,1.681677379814195,0.0,0.0,0.9999999999999999
2014-08-11,0.006646332033273472,1.6928543660532855,0.0,0.0,0.9999999999999999
2014-08-12,-0.001634862565523476,1.690086781821342,0.0,0.0,0.9999999999999999
2014-08-13,0.01226814161769374,1.7108210058069184,0.0,0.0,0.9999999999999999
2014-08-14,0.003519424026334539,1.716842110359513,0.0,0.0,0.9999999999999999
2014-08-15,0.0028933556073709177,1.721809545106492,0.0,0.0,0.9999999999999999
2014-08-18,0.011167069429076637,1.7410371118403432,0.0,0.0,0.9999999999999999
2014-08-19,0.006622816911874718,1.7525676818688407,0.0,0.0,0.9999999999999999
2014-08-20,0.00510615383327262,1.761516562055685,0.0,0.0,0.9999999999999999
2014-08-21,-0.00305296529222876,1.7561387131300428,0.0,0.0,0.9999999999999999
2014-08-22,0.002388661852247953,1.7603335346813522,0.0,0.0,0.9999999999999999
2014-08-25,0.004305651362635832,1.7679129171636465,0.0,0.0,0.9999999999999999
2014-08-26,0.0002894494509140255,1.7684246385867832,0.0,0.0,0.9999999999999999
2014-08-27,-0.002002206331021994,1.7648838875794695,0.0,0.0,0.9999999999999999
2014-08-28,-0.0021267600071978032,1.7611304031100177,0.0,0.0,0.9999999999999999
2014-08-29,0.006370037474960011,1.7723488697761198,0.0,0.0,0.9999999999999999
2014-09-02,0.0034751912662407403,1.7785081210890976,0.0,0.0,0.9999999999999999
2014-09-03,-0.0008488932856806075,1.7769983574865766,0.0003622399952923611,0.7244799905847222,0.9999999999999998
2014-09-04,-0.0019878495170770893,1.7734659521598002,0.0,0.0,0.9999999999999998
2014-09-05,0.004545993439578844,1.7815281167436352,0.0,0.0,0.9999999999999998
2014-09-08,0.0009400304950839544,1.7832028075012236,0.0,0.0,0.9999999999999998
2014-09-09,-0.010204426844007242,1.7650062449040491,0.0,0.0,0.9999999999999998
2014-09-10,0.0055686711102707065,1.7748349841894937,0.0,0.0,0.9999999999999998
2014-09-11,0.0010728664698700374,1.776739145133583,0.0,0.0,0.9999999999999998
2014-09-12,-0.009345310741912916,1.760134965714989,0.0,0.0,0.9999999999999998
2014-09-15,-0.012886591670725145,1.737452825126454,0.0,0.0,0.9999999999999998
2014-09-16,0.013385023201961888,1.7607086715030857,0.0,0.0,0.9999999999999998
2014-09-17,0.0002852624844074114,1.7612109356330365,0.0,0.0,0.9999999999999998
2014-09-18,0.011965472079980666,1.7822846559103103,0.0,0.0,0.9999999999999998
2014-09-19,-0.007599675254146954,1.768739871314943,0.0,0.0,0.9999999999999998
2014-09-22,-0.013789686748109875,1.7443495025506177,0.0,0.0,0.9999999999999998
2014-09-23,-0.0015547338527936994,1.7416375033278984,0.0,0.0,0.9999999999999998
2014-09-24,0.016521140718486427,1.770411341600972,0.0,0.0,0.9999999999999998
2014-09-25,-0.019004350641248835,1.7367658236859433,0.0,0.0,0.9999999999999998
2014-09-26,0.012968451146804005,1.7592889864238532,0.0,0.0,0.9999999999999998
2014-09-29,-0.0019217752136607702,1.7559080284560775,0.0,0.0,0.9999999999999998
2014-09-30,-0.0014225284530344773,1.7534101993246871,0.0,0.0,0.9999999999999998
2014-10-01,-0.023809015215656926,1.7116632292096776,0.0,0.0,0.9999999999999998
2014-10-02,-0.00429983316053173,1.704303362897059,0.0002154712783736767,0.4309425567473534,0.9999999999999998
2014-10-03,0.012344240002085671,1.725341692645022,0.0,0.0,0.9999999999999998
2014-10-06,-0.005383821575370096,1.7160527608152742,0.0,0.0,0.9999999999999998
2014-10-07,-0.017040995176534346,1.6868095139955428,0.0,0.0,0.9999999999999998
2014-10-08,0.019746224236701027,1.7201176329034995,0.0,0.0,0.9999999999999998
2014-10-09,-0.03067349296858335,1.6673556167854977,0.0,0.0,0.9999999999999998
2014-10-10,-0.029380839012724147,1.6183673098317617,0.0,0.0,0.9999999999999998
2014-10-13,-0.034051934705384146,1.5632587718680424,0.0,0.0,0.9999999999999997
2014-10-14,0.0056159828133866,1.5720380062637291,0.0,0.0,0.9999999999999997
2014-10-15,-0.006403758375652768,1.5619710547142733,0.0,0.0,0.9999999999999997
2014-10-16,0.014080416887378044,1.583964258330668,0.0,0.0,0.9999999999999997
2014-10-17,0.016521421829545968,1.6101336000054727,0.0,0.0,0.9999999999999998
2014-10-20,0.021622939591918078,1.6449494215733085,0.0,0.0,0.9999999999999998
2014-10-21,0.031139426700701023,1.696172203512751,0.0,0.0,0.9999999999999998
2014-10-22,-0.010486388076021202,1.6783854835429564,0.0,0.0,0.9999999999999998
2014-10-23,0.008026116998887556,1.6918564018031066,0.0,0.0,0.9999999999999998
2014-10-24,0.010300794255685197,1.7092838665082444,0.0,0.0,0.9999999999999998
2014-10-27,0.0008783670063188254,1.7107852450610181,0.0,0.0,0.9999999999999998
2014-10-28,0.014067102427216538,1.7348510363342624,0.0,0.0,0.9999999999999998
2014-10-29,-0.00381703475402706,1.7282290496355146,0.0,0.0,0.9999999999999998
2014-10-30,-0.0006991876908273298,1.7270206931570793,0.0,0.0,0.9999999999999998
2014-10-31,0.018860072790217286,1.7595924291402332,0.0,0.0,0.9999999999999998
2014-11-03,0.0016139990446939478,1.7624324096399162,0.0,0.0,0.9999999999999998
2014-11-04,-0.0022618152883727705,1.758446113071069,0.00041699762746979894,0.8339952549395979,0.9999999999999999
2014-11-05,-0.0010543036092048874,1.7565921769874657,0.0,0.0,0.9999999999999999
2014-11-06,0.01042607848308541,1.774906544887511,0.0,0.0,0.9999999999999999
2014-11-07,-0.0020449954057133457,1.7712768691576455,0.0,0.0,0.9999999999999999
2014-11-10,0.005418535241285216,1.7808745952952496,0.0,0.0,0.9999999999999999
2014-11-11,0.004104703200406679,1.7881845569460808,0.0,0.0,0.9999999999999999
2014-11-12,-0.0015734201594405084,1.7853709913153817,0.0,0.0,0.9999999999999999
2014-11-13,-0.0005601480012780158,1.7843709193230566,0.0,0.0,0.9999999999999999
2014-11-14,-0.0003843264693300652,1.783685138347658,0.0,0.0,0.9999999999999999
2014-11-17,0.0010376052458096474,1.7855358994040802,0.0,0.0,0.9999999999999999
2014-11-18,0.010285470358821103,1.8039009759720117,0.0,0.0,0.9999999999999999
2014-11-19,-0.0078037673073835245,1.789823752509964,0.0,0.0,0.9999999999999999
2014-11-20,0.0025066071759771713,1.79431013757174,0.0,0.0,0.9999999999999999
2014-11-21,-0.0025946125493579997,1.789654597971356,0.0,0.0,0.9999999999999999
2014-11-24,0.005169851474218445,1.79890684643302,0.0,0.0,0.9999999999999999
2014-11-25,0.0020476200143257905,1.8025903240956838,0.0,0.0,0.9999999999999999
2014-11-26,0.006608907745942583,1.8145034772513609,0.0,0.0,0.9999999999999999
2014-11-28,0.0002134429282329986,1.8148907701868342,0.0,0.0,0.9999999999999999
2014-12-01,-0.015519068823227178,1.786725355417665,0.0,0.0,0.9999999999999999
2014-12-02,0.007599266170070562,1.8003031569662977,0.00036000166506212217,0.7200033301242443,0.9999999999999997
2014-12-03,0.00761942269328042,1.8140204276952712,0.0,0.0,0.9999999999999997
2014-12-04,0.003558528674655115,1.8204756714036348,0.0,0.0,0.9999999999999997
2014-12-05,0.0031972379661295847,1.8262961653366616,0.0,0.0,0.9999999999999997
2014-12-08,-0.009571111751831674,1.8088164806462828,0.0,0.0,0.9999999999999997
2014-12-09,0.0020903583685194516,1.8125975553137177,0.0,0.0,0.9999999999999997
2014-12-10,-0.016189458577955174,1.7832525822734635,0.0,0.0,0.9999999999999997
2014-12-11,0.006561917854272403,1.794954139231761,0.0,0.0,0.9999999999999997
2014-12-12,-0.018101827160643902,1.7624621896421053,0.0,0.0,0.9999999999999997
2014-12-15,-0.009258599970893067,1.7461442572643848,0.0,0.0,0.9999999999999997
2014-12-16,-0.01095911523711357,1.7270080611284004,0.0,0.0,0.9999999999999997
2014-12-17,0.017206628683378744,1.7567240475694386,0.0,0.0,0.9999999999999997
2014-12-18,0.025517902517131263,1.8015519605648156,0.0,0.0,0.9999999999999997
2014-12-19,0.0021276095226059333,1.8053849596715825,0.0,0.0,0.9999999999999997
2014-12-22,-0.0017165536421760441,1.8022859195435283,0.0,0.0,0.9999999999999997
2014-12-23,-0.0038530952199352653,1.7953415402819786,0.0,0.0,0.9999999999999997
2014-12-24,0.003654703273945792,1.801902980887098,0.0,0.0,0.9999999999999997
2014-12-26,0.005333751046912694,1.8115138827978396,0.0,0.0,0.9999999999999997
2014-12-29,0.0026102239490000123,1.8162423397186647,0.0,0.0,0.9999999999999997
2014-12-30,-0.008415668205212445,1.8009574468073337,0.0,0.0,0.9999999999999997
2014-12-31,-0.011009334956067707,1.7811301030338074,0.0,0.0,0.9999999999999997
2015-01-02,0.0036245184876531056,1.7875858420211688,0.0,0.0,0.9999999999999997
2015-01-05,-0.015806097046822898,1.7593310867226555,0.00031128267407613873,0.6225653481522775,0.9999999999999997
2015-01-06,-0.012786199812466648,1.7368359279115355,0.0,0.0,0.9999999999999997
2015-01-07,0.01350055670278949,1.7602841798397473,0.0,0.0,0.9999999999999997
2015-01-08,0.024835905244990242,1.8040024309345026,0.0,0.0,0.9999999999999997
2015-01-09,-0.00642332322044703,1.7924147402301382,0.0,0.0,0.9999999999999997
2015-01-12,-0.013925825389335622,1.767453885532422,0.0,0.0,0.9999999999999997
2015-01-13,-0.002348408744125452,1.763303181372799,0.0,0.0,0.9999999999999997
2015-01-14,-0.0042299966819207,1.7558444147663719,0.0,0.0,0.9999999999999997
2015-01-15,-0.009201067519795547,1.7396887717518505,0.0,0.0,0.9999999999999997
2015-01-16,0.014058068518319145,1.7641454357056885,0.0,0.0,0.9999999999999997
2015-01-20,0.011751433846298065,1.7848766740886324,0.0,0.0,0.9999999999999997
2015-01-21,0.006525392381760087,1.7965236947401115,0.0,0.0,0.9999999999999997
2015-01-22,0.014552227923823713,1.8226671170165196,0.0,0.0,0.9999999999999997
2015-01-23,-0.0005506614466911364,1.821663444505027,0.0,0.0,0.9999999999999997
2015-01-26,0.0012905998296612875,1.8240144830362055,0.0,0.0,0.9999999999999997
2015-01-27,-0.014135712720889648,1.7982307383052636,0.0,0.0,0.9999999999999997
2015-01-28,-0.007477919930727994,1.784783712827243,0.0,0.0,0.9999999999999997
2015-01-29,0.009671149494159481,1.8020446229287364,0.0,0.0,0.9999999999999997
2015-01-30,-0.024613918581978145,1.7576892432988769,0.0,0.0,0.9999999999999997
2015-02-02,0.002744205685733192,1.7625127041140896,0.0,0.0,0.9999999999999997
2015-02-03,0.007283716952920516,1.7753503477767831,0.0003214084568891924,0.6428169137783848,0.9999999999999999
2015-02-04,0.009978633048650876,1.7930659174300425,0.0,0.0,0.9999999999999999
2015-02-05,0.008110856886878626,1.8076092184750572,0.0,0.0,0.9999999999999999
2015-02-06,-0.007198840163379017,1.7945965286334047,0.0,0.0,0.9999999999999999
2015-02-09,-0.013546265806146263,1.7702864470417492,0.0,0.0,0.9999999999999999
2015-02-10,0.02671035046034853,1.8175714184574394,0.0,0.0,0.9999999999999999
2015-02-11,0.0045816964924443315,1.8258989790501527,0.0,0.0,0.9999999999999999
2015-02-12,0.009344904045532232,1.8429618298062116,0.0,0.0,0.9999999999999999
2015-02-13,0.0007821256025495327,1.8444032574378244,0.0,0.0,0.9999999999999999
2015-02-17,0.003646795154107707,1.8511294182992692,0.0,0.0,0.9999999999999999
2015-02-18,0.003010040493113264,1.8567013928063432,0.0,0.0,0.9999999999999999
2015-02-19,0.003152221850906578,1.8625541275073558,0.0,0.0,0.9999999999999999
2015-02-20,0.011039230768266295,1.8831152923392964,0.0,0.0,0.9999999999999999
2015-02-23,0.0027791899031139877,1.8883488273461653,0.0,0.0,0.9999999999999999
2015-02-24,0.002761269193719995,1.8935630667901133,0.0,0.0,0.9999999999999999
2015-02-25,-0.0052167906030149425,1.8836847447770666,0.0,0.0,0.9999999999999999
2015-02-26,0.006171484183093989,1.8953098753853939,0.0,0.0,0.9999999999999999
2015-02-27,0.0009130449677849928,1.8970403785295076,0.0,0.0,0.9999999999999999
2015-03-02,0.013110514174403898,1.9219115533016353,0.0,0.0,0.9999999999999999
2015-03-03,-0.0041104159497039605,1.914011697399024,0.0002693360625794219,0.5386721251588438,0.9999999999999998
2015-03-04,-0.004043269160291962,1.9062728329304925,0.0,0.0,0.9999999999999998
2015-03-05,0.006266388492607966,1.9182182790745392,0.0,0.0,0.9999999999999998
2015-03-06,-0.016819290439768708,1.8859552087119114,0.0,0.0,0.9999999999999998
2015-03-09,0.006146357252136969,1.8975469631861834,0.0,0.0,0.9999999999999998
2015-03-10,-0.015120641745032914,1.86885483536147,0.0,0.0,0.9999999999999998
2015-03-11,0.0004255028671920069,1.8696500384522818,0.0,0.0,0.9999999999999998
2015-03-12,0.01405555429014882,1.8959290060713265,0.0,0.0,0.9999999999999998
2015-03-13,-0.0032401123355889627,1.889785983111354,0.0,0.0,0.9999999999999998
2015-03-16,0.023052638300360195,1.9333505358451106,0.0,0.0,0.9999999999999998
2015-03-17,-0.0036867070136835656,1.9262228388647016,0.0,0.0,0.9999999999999998
2015-03-18,0.006925228990487531,1.9395623731105465,0.0,0.0,0.9999999999999998
2015-03-19,0.007348297435933571,1.953814854323708,0.0,0.0,0.9999999999999998
2015-03-20,0.001286828781826177,1.9563290795126111,0.0,0.0,0.9999999999999998
2015-03-23,-0.004159262989436918,1.9481921923770351,0.0,0.0,0.9999999999999998
2015-03-24,-0.00558333231124819,1.937314787960815,0.0,0.0,0.9999999999999998
2015-03-25,-0.02781466853358372,1.8834290192884748,0.0,0.0,0.9999999999999998
2015-03-26,-0.004018603926584596,1.8758602640361188,0.0,0.0,0.9999999999999998
2015-03-27,0.016238023973970783,1.9063205279753563,0.0,0.0,0.9999999999999998
2015-03-30,0.010459157719676204,1.926259035041707,0.0,0.0,0.9999999999999998
2015-03-31,-0.011725849531876942,1.9036720114373895,0.0,0.0,0.9999999999999998
2015-04-01,-0.00691291346836187,1.8905120915501805,0.0,0.0,0.9999999999999998
2015-04-02,0.0022844431173125734,1.8948308588859186,0.0003172137498429364,0.6344274996858726,0.9999999999999998
2015-04-06,0.0020241436589021333,1.8986662687536247,0.0,0.0,0.9999999999999998
2015-04-07,-0.003419281582223599,1.8921741941500863,0.0,0.0,0.9999999999999998
2015-04-08,0.010447305165707466,1.9119423153830488,0.0,0.0,0.9999999999999998
2015-04-09,0.00237931548569259,1.9164914293417907,0.0,0.0,0.9999999999999998
2015-04-10,0.005616697184486652,1.9272557813570677,0.0,0.0,0.9999999999999998
2015-04-13,-0.005931680556057972,1.9158239157122416,0.0,0.0,0.9999999999999998
2015-04-14,-0.005324600254570044,1.9056229192029288,0.0,0.0,0.9999999999999998
2015-04-15,-0.0034558099035487677,1.8990374486463177,0.0,0.0,0.9999999999999998
2015-04-16,0.0014726894135397295,1.9018341409928547,0.0,0.0,0.9999999999999998
2015-04-17,-0.016025926503022703,1.871355486828364,0.0,0.0,0.9999999999999998
2015-04-20,0.009684724963602953,1.889479050027426,0.0,0.0,0.9999999999999998
2015-04-21,0.010344745174085901,1.9090252293117336,0.0,0.0,0.9999999999999998
2015-04-22,0.0018598413767825228,1.9125757134225292,0.0,0.0,0.9999999999999998
2015-04-23,0.002983469480298595,1.9182818246922855,0.0,0.0,0.9999999999999998
2015-04-24,-0.004234070498138176,1.9101596842112412,0.0,0.0,0.9999999999999998
2015-04-27,-0.012054099775040239,1.8871344287914995,0.0,0.0,0.9999999999999998
2015-04-28,-0.005350007364875675,1.8770382456989545,0.0,0.0,0.9999999999999998
2015-04-29,-0.013797285160895734,1.8511402137651385,0.0,0.0,0.9999999999999998
2015-04-30,-0.012042496243065526,1.8288478646954842,0.0,0.0,0.9999999999999998
2015-05-01,0.022543723853536646,1.8700769059273095,0.0,0.0,0.9999999999999998
2015-05-04,0.0037283523425302167,1.877049211540235,0.0002188554100372229,0.4377108200744458,0.9999999999999999
2015-05-05,-0.018819357156752647,1.8417243520274584,0.0,0.0,0.9999999999999999
2015-05-06,0.003864761363284286,1.8488421771449939,0.0,0.0,0.9999999999999999
2015-05-07,0.012993857126933461,1.8728657682450647,0.0,0.0,0.9999999999999999
2015-05-08,0.011568507804608386,1.8945320305019917,0.0,0.0,0.9999999999999999
2015-05-11,-0.0011836763255604899,1.8922895177894705,0.0,0.0,0.9999999999999999
2015-05-12,0.002408210736321914,1.8968465497224407,0.0,0.0,0.9999999999999999
2015-05-13,-0.005043381869544783,1.8872800282242619,0.0,0.0,0.9999999999999999
2015-05-14,0.009797883436767352,1.9057713779533423,0.0,0.0,0.9999999999999999
2015-05-15,0.0048238174972874415,1.9149644712721432,0.0,0.0,0.9999999999999999
2015-05-18,0.008639668144945656,1.931509128813296,0.0,0.0,0.9999999999999999
2015-05-19,0.0009072625652759569,1.933261514740357,0.0,0.0,0.9999999999999999
2015-05-20,-0.009305613933325962,1.9152713294520263,0.0,0.0,0.9999999999999999
2015-05-21,0.003925198022980414,1.9227891486878623,0.0,0.0,0.9999999999999999
2015-05-22,0.00028777050367523316,1.9233424706896416,0.0,0.0,0.9999999999999999
2015-05-26,-0.011097161038311154,1.9019988295605754,0.0,0.0,0.9999999999999999
2015-05-27,0.020120331389722468,1.9402676763141984,0.0,0.0,0.9999999999999999
2015-05-28,-0.002534704397746279,1.9353496713022398,0.0,0.0,0.9999999999999999
2015-05-29,0.015149581661201283,1.9646694091906123,0.0,0.0,0.9999999999999999
2015-06-01,0.0033236500896409726,1.9711992828485834,0.0,0.0,0.9999999999999999
2015-06-02,-0.0068711216237841155,1.9576549328314148,0.00027965191812417777,0.5593038362483554,0.9999999999999997
2015-06-03,0.002419845662040565,1.9623921556283992,0.0,0.0,0.9999999999999997
2015-06-04,-0.00385695327626423,1.9548233007744331,0.0,0.0,0.9999999999999997
2015-06-05,0.0010354089097897035,1.9568473422371195,0.0,0.0,0.9999999999999997
2015-06-08,-0.010455512409643375,1.9363875005665816,0.0,0.0,0.9999999999999997
2015-06-09,-0.001310470263533814,1.9338499223284105,0.0,0.0,0.9999999999999997
2015-06-10,0.009007804743591974,1.9512696648321555,0.0,0.0,0.9999999999999997
2015-06-11,0.002122044421922764,1.9554103457400795,0.0,0.0,0.9999999999999997
2015-06-12,-0.007282419454282429,1.941170227397157,0.0,0.0,0.9999999999999997
2015-06-15,0.0027361473239968515,1.946481555120272,0.0,0.0,0.9999999999999997
2015-06-16,0.006956719574913173,1.9600226814569846,0.0,0.0,0.9999999999999997
2015-06-17,0.0042564470558257295,1.9683654142288236,0.0,0.0,0.9999999999999997
2015-06-18,0.01235534949054684,1.9926852568467257,0.0,0.0,0.9999999999999997
2015-06-19,-0.0007644150770848013,1.9911620181925074,0.0,0.0,0.9999999999999997
2015-06-22,0.0046190856556775906,2.0003593661088703,0.0,0.0,0.9999999999999998
2015-06-23,0.00044951197897824535,2.0012585516061976,0.0,0.0,0.9999999999999998
2015-06-24,-0.009242457986992192,1.9827620035218685,0.0,0.0,0.9999999999999997
2015-06-25,0.01296388082958222,2.0084662938489495,0.0,0.0,0.9999999999999998
2015-06-26,-0.009589722317070781,1.9892056598077417,0.0,0.0,0.9999999999999997
2015-06-29,-0.02458444605513288,1.9403021405716332,0.0,0.0,0.9999999999999997
2015-06-30,0.003561449245977233,1.94721242816714,0.0,0.0,0.9999999999999997
2015-07-01,0.009336725533596102,1.9653930161645439,0.0,0.0,0.9999999999999997
2015-07-02,-0.004198104966877669,1.9571420899815168,0.00016439263665129326,0.3287852733025865,0.9999999999999999
2015-07-06,0.001066215731347464,1.9592288256663373,0.0,0.0,0.9999999999999999
2015-07-07,0.002215856074084366,1.9635701947602113,0.0,0.0,0.9999999999999999
2015-07-08,-0.018023490338810455,1.9281798063253746,0.0,0.0,0.9999999999999999
2015-07-09,0.0011633973891627125,1.93042304567789,0.0,0.0,0.9999999999999999
2015-07-10,0.017542271842811097,1.964287051516799,0.0,0.0,0.9999999999999999
2015-07-13,0.008562578619940808,1.9811064138275434,0.0,0.0,0.9999999999999999
2015-07-14,0.006250491368895439,1.993489302368036,0.0,0.0,0.9999999999999999
2015-07-15,-0.0009409068470289661,1.991613614633959,0.0,0.0,0.9999999999999999
2015-07-16,0.005649432196077164,2.0028651007106175,0.0,0.0,1.0
2015-07-17,-0.0011772967478790308,2.0005071341411105,0.0,0.0,1.0
2015-07-20,0.004073242841882152,2.008655685505385,0.0,0.0,1.0
2015-07-21,-0.004389482509222997,1.9998387265068078,0.0,0.0,0.9999999999999999
2015-07-22,-0.0010512749737168203,1.9977363461021616,0.0,0.0,0.9999999999999999
2015-07-23,-0.002686862771091092,1.9923687026873642,0.0,0.0,0.9999999999999999
2015-07-24,-0.014413397094780178,1.9636519014163192,0.0,0.0,0.9999999999999999
2015-07-27,-0.008486712344886072,1.9469869525835104,0.0,0.0,0.9999999999999999
2015-07-28,0.011226905061163972,1.9688455902554904,0.0,0.0,0.9999999999999999
2015-07-29,0.0007976046442832452,1.9704159506421548,0.0,0.0,0.9999999999999999
2015-07-30,-0.00311691125961977,1.964274338979464,0.0,0.0,0.9999999999999999
2015-07-31,0.00186246145483282,1.9679327242225304,0.0,0.0,0.9999999999999999
2015-08-03,-0.004833172804584729,1.9584213652985658,0.0,0.0,0.9999999999999999
2015-08-04,0.0033064537927378623,1.964896795049636,0.0003735492452156871,0.7470984904313742,0.9999999999999998
2015-08-05,0.011164005832849933,1.9868329143305186,0.0,0.0,0.9999999999999998
2015-08-06,-0.016140965592714385,1.9547635126218372,0.0,0.0,0.9999999999999998
2015-08-07,-0.0021001937786997438,1.9506581304537995,0.0,0.0,0.9999999999999998
2015-08-10,0.005172313391710315,1.9607475456245944,0.0,0.0,0.9999999999999998
2015-08-11,-0.006947769719447994,1.9471247231996218,0.0,0.0,0.9999999999999998
2015-08-12,-0.0006245597438129247,1.9459086274813284,0.0,0.0,0.9999999999999998
2015-08-13,0.005288011949194482,1.9561986155554902,0.0,0.0,0.9999999999999998
2015-08-14,0.0012023893532921992,1.958550727943759,0.0,0.0,0.9999999999999998
2015-08-17,0.011711063032086466,1.9814874389702473,0.0,0.0,0.9999999999999998
2015-08-18,-0.002406918275834724,1.9767181606400528,0.0,0.0,0.9999999999999998
2015-08-19,-0.0022066362239852033,1.9723562627421751,0.0,0.0,0.9999999999999998
2015-08-20,-0.028148220556945103,1.9168379436416365,0.0,0.0,0.9999999999999998
2015-08-21,-0.03852018003771851,1.8430010009494306,0.0,0.0,0.9999999999999998
2015-08-24,-0.037269534116506464,1.7743132122677903,0.0,0.0,0.9999999999999998
2015-08-25,-0.0027995339414632614,1.7693459622072598,0.0,0.0,0.9999999999999998
2015-08-26,0.04903655349640079,1.8561085901366767,0.0,0.0,0.9999999999999998
2015-08-27,0.027851059791484056,1.9078031814600607,0.0,0.0,0.9999999999999998
2015-08-28,-0.0034889361353511728,1.9011469780011268,0.0,0.0,0.9999999999999998
2015-08-31,-0.013532250081777053,1.8754201816526008,0.0,0.0,0.9999999999999998
2015-09-01,-0.034512304331064,1.810695109594787,0.0,0.0,0.9999999999999998
2015-09-02,0.014243216852844132,1.83648523269513,0.0004999999999999999,0.9999999999999998,0.0
2015-09-03,6.844627069568787e-07,1.8364864897007835,0.0,0.0,0.0
2015-09-04,4.1067760880864057e-07,1.8364872439046638,0.0,0.0,0.0
2015-09-08,2.737850827827515e-06,1.8364922719327847,0.0,0.0,0.0
2015-09-09,6.844627069568787e-07,1.8364935289432565,0.0,0.0,0.0
2015-09-10,9.582477795699873e-07,1.8364952887591028,0.0,0.0,0.0
2015-09-11,4.1067760880864057e-07,1.8364960429665966,0.0,0.0,0.0
2015-09-14,1.8891170467938423e-06,1.8364995123225778,0.0,0.0,0.0
2015-09-15,6.844627069568787e-07,1.8365007693380053,0.0,0.0,0.0
2015-09-16,1.5879534107643423e-06,1.8365036856156658,0.0,0.0,0.0
2015-09-17,1.4510609001039398e-06,1.8365063504943568,0.0,0.0,0.0
2015-09-18,8.213552438185445e-08,1.836506501336769,0.0,0.0,0.0
2015-09-21,8.213552178393257e-07,1.8365080097609665,0.0,0.0,0.0
2015-09-22,3.559206096515055e-07,1.836508663412017,0.0,0.0,0.0
2015-09-23,8.213552438185445e-08,1.836508814254619,0.0,0.0,0.0
2015-09-24,8.213552438185445e-08,1.8365089650972335,0.0,0.0,0.0
2015-09-25,1.36892536195532e-07,1.8365092165016035,0.0,0.0,0.0
2015-09-28,1.6427104354566069e-06,1.8365122333544583,0.0,0.0,0.0
2015-09-29,3.559206096515055e-07,1.836512887007012,0.0,0.0,0.0
2015-09-30,8.213552438185445e-08,1.836513037849961,0.0,0.0,0.0
2015-10-01,1.36892536195532e-07,1.8365132892548885,0.0,0.0,0.0
2015-10-02,4.928131205339525e-07,1.8365141943127334,0.0,0.0,0.0
2015-10-05,6.57084220145876e-07,1.8365154010572307,0.0,0.0,0.0
2015-10-06,2.1902807345597353e-07,1.8365158033056608,0.0,0.0,0.0
2015-10-07,1.36892536195532e-07,1.836516054710967,0.0,0.0,0.0
2015-10-08,1.36892536195532e-07,1.8365163061163075,0.0,0.0,0.0
2015-10-09,8.213552438185445e-08,1.8365164569595374,0.0,0.0,0.0
2015-10-12,2.4640657292351875e-07,1.8365169094892637,0.0,0.0,0.0
2015-10-13,2.737850726131086e-07,1.836517412300179,0.0,0.0,0.0
2015-10-14,1.36892536195532e-07,1.8365176637057055,0.0,0.0,0.0
2015-10-15,2.737850726131086e-07,1.8365181665168273,0.0,0.0,0.0
2015-10-16,1.36892536195532e-07,1.836518417922457,0.0,0.0,0.0
2015-10-19,4.1067760880864057e-07,1.8365191721394494,0.0,0.0,0.0
2015-10-20,1.36892536195532e-07,1.8365194235452167,0.0,0.0,0.0
2015-10-21,2.737850726131086e-07,1.8365199263568204,0.0,0.0,0.0
2015-10-22,1.36892536195532e-07,1.836520177762691,0.0,0.0,0.0
2015-10-23,1.36892536195532e-07,1.836520429168596,0.0,0.0,0.0
2015-10-26,2.4640657292351875e-07,1.836520881699301,0.0,0.0,0.0
2015-10-27,2.1902807345597353e-07,1.8365212839489315,0.0,0.0,0.0
2015-10-28,2.737850726131086e-07,1.8365217867610446,0.0,0.0,0.0
2015-10-29,9.582477795699873e-07,1.8365235466039689,0.0,0.0,0.0
2015-10-30,1.4510609001039398e-06,1.8365262115114795,0.0,0.0,0.0
2015-11-02,5.5852159093205955e-06,1.836536468906894,0.0,0.0,0.0
2015-11-03,-0.0028982765850795733,1.8312136782614163,0.0004997501249375312,0.9995002498750624,0.9999999999999999
2015-11-04,-0.0006890127157535009,1.8299519487518325,0.0,0.0,0.9999999999999999
2015-11-05,0.008245803365668047,1.8450413726898611,0.0,0.0,0.9999999999999999
2015-11-06,0.009868929775118218,1.863249956429125,0.0,0.0,0.9999999999999999
2015-11-09,-0.011703166852560565,1.8414440313010088,0.0,0.0,0.9999999999999999
2015-11-10,0.0034684606923991446,1.8478310075408295,0.0,0.0,0.9999999999999999
2015-11-11,-0.004039896484805405,1.840365961548951,0.0,0.0,0.9999999999999999
2015-11-12,-0.014185141488629593,1.8142601099935212,0.0,0.0,0.9999999999999999
2015-11-13,-0.01831421960206192,1.7810333519238388,0.0,0.0,0.9999999999999999
2015-11-16,0.01651620853498903,1.8104492701719834,0.0,0.0,0.9999999999999999
2015-11-17,0.005657639476163601,1.8206921394325002,0.0,0.0,0.9999999999999999
2015-11-18,0.015319382074790777,1.8485840179570348,0.0,0.0,0.9999999999999999
2015-11-19,-0.006775000526433095,1.83605986026222,0.0,0.0,0.9999999999999999
2015-11-20,0.01121201770481206,1.8566457959225746,0.0,0.0,0.9999999999999999
2015-11-23,0.003399235818752011,1.86295697281481,0.0,0.0,0.9999999999999999
2015-11-24,-0.0018721927512972414,1.8594691582743275,0.0,0.0,0.9999999999999999
2015-11-25,0.00652750257400192,1.8716068479912404,0.0,0.0,0.9999999999999999
2015-11-27,0.004471978352084793,1.8799766332990708,0.0,0.0,0.9999999999999999
2015-11-30,-0.009281623490981272,1.8625273980169463,0.0,0.0,0.9999999999999999
2015-12-01,0.015612290732180956,1.8916057172514393,0.0,0.0,0.9999999999999999
2015-12-02,-0.004942635969623299,1.8822561987930073,0.0003674404663409025,0.734880932681805,0.9999999999999998
2015-12-03,-0.013037954819689057,1.8577154275140644,0.0,0.0,0.9999999999999998
2015-12-04,0.023734788924003603,1.9018079110669759,0.0,0.0,0.9999999999999998
2015-12-07,-0.01043488719814456,1.881962760042453,0.0,0.0,0.9999999999999998
2015-12-08,0.00734494025520771,1.8957856640774908,0.0,0.0,0.9999999999999998
2015-12-09,-0.01450056953143919,1.8682956922388296,0.0,0.0,0.9999999999999998
2015-12-10,0.0018095482091751158,1.8716764633629301,0.0,0.0,0.9999999999999998
2015-12-11,-0.022756556830045294,1.8290835515569535,0.0,0.0,0.9999999999999998
2015-12-14,0.00834813901210274,1.8443529953101014,0.0,0.0,0.9999999999999998
2015-12-15,0.006771185822995074,1.8568414521645435,0.0,0.0,0.9999999999999998
2015-12-16,0.0172929549127685,1.8889517276769845,0.0,0.0,0.9999999999999998
2015-12-17,-0.013428071048006585,1.863586749671483,0.0,0.0,0.9999999999999998
2015-12-18,-0.015002741521762508,1.8356278393627803,0.0,0.0,0.9999999999999998
2015-12-21,0.01083087126015747,1.8555092881724797,0.0,0.0,0.9999999999999998
2015-12-22,0.003438872581984276,1.8618901481891932,0.0,0.0,0.9999999999999998
2015-12-23,0.0039029055614898667,1.8691569296034438,0.0,0.0,0.9999999999999998
2015-12-24,-0.0016710302483141648,1.8660335118352305,0.0,0.0,0.9999999999999998
2015-12-28,0.002657668736739671,1.8709928107613436,0.0,0.0,0.9999999999999998
2015-12-29,0.012027392876417409,1.893495976365323,0.0,0.0,0.9999999999999998
2015-12-30,-0.006569441395985587,1.8810567655150565,0.0,0.0,0.9999999999999998
2015-12-31,-0.012050828182278317,1.8583884736327223,0.0,0.0,0.9999999999999998
2016-01-04,-0.02358925239752896,1.8145504788755413,0.0,0.0,0.9999999999999998
2016-01-05,0.0038374822754647653,1.8215137841761624,0.0004999999999999999,0.9999999999999998,0.0
2016-01-06,5.612594064619003e-06,1.821524007593616,0.0,0.0,0.0
2016-01-07,5.612594064619003e-06,1.8215342310684497,0.0,0.0,0.0
2016-01-08,5.201916430275233e-06,1.8215437065372946,0.0,0.0,0.0
2016-01-11,1.56057492908257e-05,1.8215721330917012,0.0,0.0,0.0
2016-01-12,4.791238795931463e-06,1.821580860678775,0.0,0.0,0.0
2016-01-13,5.749486473360932e-06,1.8215913338332934,0.0,0.0,0.0
2016-01-14,5.8863792902208445e-06,1.8216020564107962,0.0,0.0,0.0
2016-01-15,6.570841742270517e-06,1.8216140258696263,0.0,0.0,0.0
2016-01-19,2.44216295564037e-05,1.8216585126525608,0.0,0.0,0.0
2016-01-20,6.297056924564615e-06,1.8216699837399122,0.0,0.0,0.0
2016-01-21,6.926762250003549e-06,1.8216826020147876,0.0,0.0,0.0
2016-01-22,7.474332700985187e-06,1.8216962178766307,0.0,0.0,0.0
2016-01-25,2.3655029782521098e-05,1.8217393101549193,0.0,0.0,0.0
2016-01-26,7.52908982781797e-06,1.8217530261938284,0.0,0.0,0.0
2016-01-27,8.213552687763581e-06,1.8217679892582932,0.0,0.0,0.0
2016-01-28,8.213552687763581e-06,1.821782952445658,0.0,0.0,0.0
2016-01-29,8.706365196342603e-06,1.8217988135533503,0.0,0.0,0.0
2016-02-01,2.4640658063290743e-05,1.821843703874975,0.0,0.0,0.0
2016-02-02,8.07665946300773e-06,1.8218584182861661,0.0,0.0,0.0
2016-02-03,9.034907956451121e-06,1.821874878609285,0.0,0.0,0.0
2016-02-04,9.117043238582312e-06,1.8218914887213287,0.0,0.0,0.0
2016-02-05,7.748117518691089e-06,1.8219056049506896,0.0,0.0,0.0
2016-02-08,2.2833675329625436e-05,1.8219472057517543,0.0,0.0,0.0
2016-02-09,7.118411785356216e-06,1.821960175122216,0.0,0.0,0.0
2016-02-10,8.213552687763581e-06,1.8219751398881094,0.0,0.0,0.0
2016-02-11,8.158795561152843e-06,1.8219900050107933,0.0,0.0,0.0
2016-02-12,7.474332700985187e-06,1.8220036231702688,0.0,0.0,0.0
2016-02-16,2.956878967608212e-05,1.8220574976121913,0.0,0.0,0.0
2016-02-17,7.474332700985187e-06,1.8220711162761287,0.0,0.0,0.0
2016-02-18,8.02190315218887e-06,1.82208573275416,0.0,0.0,0.0
2016-02-19,7.885009927433018e-06,1.8221000999182513,0.0,0.0,0.0
2016-02-22,2.3244352556073267e-05,1.8221424534553663,0.0,0.0,0.0
2016-02-23,8.02190315218887e-06,1.8221570705056573,0.0,0.0,0.0
2016-02-24,8.706365196342603e-06,1.8221729348705582,0.0,0.0,0.0
2016-02-25,8.624229914211412e-06,1.822188649708892,0.0,0.0,0.0
2016-02-26,8.487337505469483e-06,1.8222041152389608,0.0,0.0,0.0
2016-02-29,2.4887063909684315e-05,1.822249464549233,0.0,0.0,0.0
2016-03-01,8.4325803786367e-06,1.8222648308143128,0.0,0.0,0.0
2016-03-02,8.76112232295334e-06,1.8222807958994003,0.0,0.0,0.0
2016-03-03,8.295687969894772e-06,1.8222959129722767,0.0,0.0,0.0
2016-03-04,7.200547883501329e-06,1.822309034501256,0.0,0.0,0.0
2016-03-07,2.1765912582738522e-05,1.8223486987203996,0.0,0.0,0.0
2016-03-08,7.255304194320189e-06,1.822361920414557,0.0,0.0,0.0
2016-03-09,8.35044509650551e-06,1.8223771379477194,0.0,0.0,0.0
2016-03-10,7.885009927433018e-06,1.8223915074095436,0.0,0.0,0.0
2016-03-11,8.295687969894772e-06,1.822406625400848,0.0,0.0,0.0
2016-03-14,2.5297741136132146e-05,1.822452728171902,0.0,0.0,0.0
2016-03-15,8.4325803786367e-06,1.8224680961510187,0.0,0.0,0.0
2016-03-16,8.89801473169527e-06,1.8224843124989862,0.0,0.0,0.0
2016-03-17,8.213552687763581e-06,1.8224992815699095,0.0,0.0,0.0
2016-03-18,7.52908982781797e-06,1.8225130033307115,0.0,0.0,0.0
2016-03-21,2.299794670990174e-05,1.8225549173876403,0.0,0.0,0.0
2016-03-22,7.885009927433018e-06,1.8225692882512572,0.0,0.0,0.0
2016-03-23,8.07665946300773e-06,1.822584008522746,0.0,0.0,0.0
2016-03-24,8.02190315218887e-06,1.8225986291151492,0.0,0.0,0.0
2016-03-28,3.011635931127188e-05,1.822653519150344,0.0,0.0,0.0
2016-03-29,6.981519376614287e-06,1.8226662440412047,0.0,0.0,0.0
2016-03-30,6.160164107926747e-06,1.822677471964382,0.0,0.0,0.0
2016-03-31,5.065024021533304e-06,1.8226867038695609,0.0,0.0,0.0
2016-04-01,5.284052120302363e-06,1.8226963350411032,0.0,0.0,0.0
2016-04-04,-0.005821221432049439,1.812086016071444,0.00047443826810789264,0.9488765362157853,0.9490534967087053
2016-04-05,-0.005581513806941163,1.8019718329533763,0.0,0.0,0.9487672853489345
2016-04-06,0.010914743448479536,1.8216398932114486,0.0,0.0,0.9493201372654819
2016-04-07,-0.006154549061726189,1.810428521115881,0.0,0.0,0.9490059868511199
2016-04-08,-0.0005320657495163639,1.8094652541078478,0.0,0.0,0.9489785329252032
2016-04-11,-0.004809275505362254,1.8007630371834629,0.0,0.0,0.9487310528664589
2016-04-12,0.0063120992733516346,1.812129632241947,0.0,0.0,0.9490523447539981
2016-04-13,0.001705109825050899,1.8152195122821484,0.0,0.0,0.9491387479542903
2016-04-14,-0.0006222573147860455,1.8140899786626885,0.0,0.0,0.9491067687402018
2016-04-15,0.002917270794553728,1.8193821703761337,0.0,0.0,0.9492545075065457
2016-04-18,0.005730120866398236,1.829807450114559,0.0,0.0,0.9495427583183983
2016-04-19,-0.012057000513361116,1.8077454607491756,0.0,0.0,0.9489266939148018
2016-04-20,-0.001358063332617343,1.8052904279242268,0.0,0.0,0.9488569377604051
2016-04-21,-0.0074415962009889425,1.7918561855341042,0.0,0.0,0.9484731908047365
2016-04-22,-0.014358146640504166,1.7661284516635112,0.0,0.0,0.9477222619623574
2016-04-25,0.0037151915246169676,1.7726899571185164,0.0,0.0,0.9479148023289663
2016-04-26,-0.003493696515662559,1.7664967163919814,0.0,0.0,0.9477318538974714
2016-04-27,-0.0014504707190268196,1.7639344646295978,0.0,0.0,0.9476555792470148
2016-04-28,-0.00498741299357397,1.7551369949608913,0.0,0.0,0.9473928545738817
2016-04-29,0.0031666057359687194,1.7606948218365452,0.0,0.0,0.9475586133057188
2016-05-02,0.01236607388798916,1.7824677040975758,0.0,0.0,0.9481983648445087
2016-05-03,-0.005733541097161732,1.7722478522617688,0.0003037993948130973,0.6075987896261945,0.9803338506613022
2016-05-04,0.0012656866524578536,1.7744909627132237,0.0,0.0,0.980358601216327
2016-05-05,-0.0016515902381073477,1.7715602307615967,0.0,0.0,0.980326001357291
2016-05-06,0.010847500972847923,1.790777232088242,0.0,0.0,0.9805370273995251
2016-05-09,0.004316734100437092,1.7985075412322835,0.0,0.0,0.9806203962476242
2016-05-10,0.011370293577366963,1.8189570999772031,0.0,0.0,0.9808381642370526
2016-05-11,-0.008351325633625728,1.803766396921698,0.0,0.0,0.9806766612596421
2016-05-12,0.002885165540331691,1.8089705615729048,0.0,0.0,0.9807321210769911
2016-05-13,0.0006950243434125092,1.8102278401497145,0.0,0.0,0.9807453674137193
2016-05-16,0.007948230653048949,1.8246159485577949,0.0,0.0,0.9808967960606163
2016-05-17,-0.01627548470253537,1.7949194395990404,0.0,0.0,0.980580600990672
2016-05-18,-0.0010843932323303385,1.792973041106161,0.0,0.0,0.9805593772222188
2016-05-19,-0.002745824818911502,1.7880498512302525,0.0,0.0,0.9805057055958953
2016-05-20,0.00467194086216427,1.796403514393802,0.0,0.0,0.9805962042022076
2016-05-23,2.0390033185657686e-05,1.7964401431210755,0.0,0.0,0.9805961249130555
2016-05-24,0.01533301661446651,1.8239849896824454,0.0,0.0,0.9808889880951326
2016-05-25,0.002000684673119313,1.8276342084953028,0.0,0.0,0.9809269677501979
2016-05-26,0.005617388946322466,1.837900740696025,0.0,0.0,0.9810333463306535
2016-05-27,0.007359878547380738,1.851427466929689,0.0,0.0,0.9811717769638236
2016-05-31,-0.004243598461417308,1.8435707521796005,0.0,0.0,0.9810909199583621
2016-06-01,0.005087616010998941,1.8529501322557986,0.0,0.0,0.9811864893665097
2016-06-02,0.0033032133822492593,1.8590708219293066,0.0002710292859966007,0.5420585719932014,0.9926855201222816
2016-06-03,0.002504111287126465,1.863726142158067,0.0,0.0,0.992703736707467
2016-06-06,-1.643868069034493e-05,1.863695504959122,0.0,0.0,0.9927034549556368
2016-06-07,-0.0011279712840335243,1.8615933099473456,0.0,0.0,0.9926951653698104
2016-06-08,0.0049564504304668855,1.8708202049097886,0.0,0.0,0.9927311401147204
2016-06-09,0.004043801425654081,1.8783854303215453,0.0,0.0,0.9927603689774943
2016-06-10,-0.009116907301376043,1.8612603644770485,0.0,0.0,0.9926937106442512
2016-06-13,-0.004340892947769737,1.8531808324869268,0.0,0.0,0.9926617118957575
2016-06-14,0.0016150701327473094,1.8561738495000564,0.0,0.0,0.9926734954910785
2016-06-15,0.0015026289897703826,1.858962990136369,0.0,0.0,0.992684435315803
2016-06-16,0.004127893295051921,1.8666365909991025,0.0,0.0,0.9927144581812708
2016-06-17,-0.008931409624755915,1.8499648949843315,0.0,0.0,0.9926487523073945
2016-06-20,0.005218393774158558,1.8596187402747295,0.0,0.0,0.9926867659006425
2016-06-21,0.001699017566826333,1.862778265182056,0.0,0.0,0.9926991205671446
2016-06-22,-0.0006071373325271523,1.8616473029550438,0.0,0.0,0.9926946322355458
2016-06-23,0.010018089049212975,1.8802974514142745,0.0,0.0,0.9927670390794376
2016-06-24,-0.01973200738298142,1.8431954082207669,0.0,0.0,0.9926213898315042
2016-06-27,-0.006255611960502505,1.8316650929795577,0.0,0.0,0.9925747964001019
2016-06-28,0.012497433510146205,1.8545562056919254,0.0,0.0,0.9926663998075138
2016-06-29,0.013430257264442025,1.8794633726457353,0.0,0.0,0.9927635351880375
2016-06-30,0.014435285424723832,1.9065939628751907,0.0,0.0,0.9928664593617206
2016-07-01,0.001695824505611787,1.909827211639686,0.0,0.0,0.9928784877608803
2016-07-05,0.0044874310953084695,1.9183974296558641,0.0001244004067798574,0.24880081355971478,0.9999999999999997
2016-07-06,0.01090467128288708,1.9393169230161966,0.0,0.0,0.9999999999999997
2016-07-07,-0.002944725749509991,1.9336061665365303,0.0,0.0,0.9999999999999997
2016-07-08,0.012656767505045075,1.9580793702327044,0.0,0.0,0.9999999999999997
2016-07-11,0.002397467104630513,1.962773801111093,0.0,0.0,0.9999999999999997
2016-07-12,-0.00037053215387916616,1.9620465303069896,0.0,0.0,0.9999999999999997
2016-07-13,0.0007499026855910529,1.9635178742693216,0.0,0.0,0.9999999999999997
2016-07-14,0.002571497518925714,1.9685670556113715,0.0,0.0,0.9999999999999997
2016-07-15,-0.00373779536359653,1.9612089547979783,0.0,0.0,0.9999999999999997
2016-07-18,0.0044583754354532434,1.9699527606258405,0.0,0.0,0.9999999999999997
2016-07-19,0.0032439226058726955,1.976343134918536,0.0,0.0,0.9999999999999997
2016-07-20,0.003562831433653768,1.9833845123633098,0.0,0.0,0.9999999999999997
2016-07-21,-0.006922255449943182,1.96965501811327,0.0,0.0,0.9999999999999997
2016-07-22,0.0096497233886641,1.9886616442091571,0.0,0.0,0.9999999999999997
2016-07-25,-0.001128575533943743,1.9864172893322103,0.0,0.0,0.9999999999999997
2016-07-26,0.0027945936090876256,1.991968518393959,0.0,0.0,0.9999999999999997
2016-07-27,0.00021831802487648488,1.9924034010265108,0.0,0.0,0.9999999999999997
2016-07-28,0.0066606010364900214,2.005674005184494,0.0,0.0,0.9999999999999998
2016-07-29,0.0024621685099863733,2.0106123125613578,0.0,0.0,0.9999999999999998
2016-08-01,0.00126208957963736,2.013149885409732,0.0,0.0,0.9999999999999998
2016-08-02,-0.006651605229307744,1.9997592071045605,0.0003242807524679168,0.6485615049358335,0.9999999999999999
2016-08-03,-0.006228188698267467,1.9873043294116155,0.0,0.0,0.9999999999999999
2016-08-04,0.002760340541470674,1.9927899661203308,0.0,0.0,0.9999999999999999
2016-08-05,-0.0007713048822467483,1.9912529174901699,0.0,0.0,0.9999999999999999
2016-08-08,-0.002360585117301528,1.9865523954883593,0.0,0.0,0.9999999999999999
2016-08-09,0.005253788461875741,1.9969893215426875,0.0,0.0,0.9999999999999999
2016-08-10,0.0009977990218470456,1.9989819155343618,0.0,0.0,0.9999999999999999
2016-08-11,0.0023975660944748345,2.0037746067985154,0.0,0.0,1.0
2016-08-12,0.0056780297794927215,2.0151520986873086,0.0,0.0,1.0
2016-08-15,-0.0015414143500973587,2.012045914324763,0.0,0.0,1.0
2016-08-16,-0.009666732882818385,1.9925960039230195,0.0,0.0,0.9999999999999999
2016-08-17,-7.781821248287191e-05,1.9924409436637938,0.0,0.0,0.9999999999999999
2016-08-18,0.004182736593628222,2.0007747993094993,0.0,0.0,1.0
2016-08-19,0.004338768439975826,2.0094556978642424,0.0,0.0,1.0
2016-08-22,0.0005788135886073409,2.0106187981278705,0.0,0.0,1.0
2016-08-23,0.0015255295017393422,2.0136860564211663,0.0,0.0,1.0
2016-08-24,-0.01034215730685939,1.9928601984590293,0.0,0.0,0.9999999999999999
2016-08-25,0.0010561373772406402,1.9949649326022372,0.0,0.0,0.9999999999999999
2016-08-26,-0.004770465526284795,1.985448021165111,0.0,0.0,0.9999999999999999
2016-08-29,0.008006101571190527,2.0013437196868784,0.0,0.0,1.0
2016-08-30,-0.00927046322960956,1.9827903363237112,0.0,0.0,0.9999999999999999
2016-08-31,-0.0027352273973935137,1.9773669538725114,0.0,0.0,0.9999999999999999
2016-09-01,0.006698900725641277,1.990613138794667,0.0,0.0,0.9999999999999999
2016-09-02,0.0041735756461183104,1.9989211133115836,0.0003641868809559135,0.728373761911827,0.9999999999999999
2016-09-06,0.008692950974026337,2.016297636550547,0.0,0.0,0.9999999999999998
2016-09-07,-0.0033719306411027494,2.0094988207682793,0.0,0.0,0.9999999999999998
2016-09-08,-0.005880899077693069,1.9976811610065979,0.0,0.0,0.9999999999999999
2016-09-09,-0.03376912080006511,1.9302212245605517,0.0,0.0,0.9999999999999999
2016-09-12,0.016252856718283137,1.9615928335579234,0.0,0.0,0.9999999999999999
2016-09-13,-0.017819417875888366,1.9266383911544067,0.0,0.0,0.9999999999999999
2016-09-14,0.0011900124077426355,1.9289311147451136,0.0,0.0,0.9999999999999999
2016-09-15,0.012470121774323273,1.9529851206402664,0.0,0.0,0.9999999999999999
2016-09-16,-0.0028813712547225423,1.9473578454527527,0.0,0.0,0.9999999999999999
2016-09-19,0.005915765699724407,1.9588779581999713,0.0,0.0,0.9999999999999999
2016-09-20,-0.003032856062817113,1.9529369633081257,0.0,0.0,0.9999999999999999
2016-09-21,0.019385655274533953,1.990795926051712,0.0,0.0,0.9999999999999999
2016-09-22,0.0073652339901992825,2.0054586038738185,0.0,0.0,0.9999999999999998
2016-09-23,-0.005874450871805381,1.9936776358299224,0.0,0.0,0.9999999999999999
2016-09-26,-0.004130022028851266,1.9854437032755168,0.0,0.0,0.9999999999999999
2016-09-27,0.0077427922612502975,2.0008165814163865,0.0,0.0,0.9999999999999998
2016-09-28,0.004891569438597587,2.010603714658282,0.0,0.0,0.9999999999999998
2016-09-29,-0.009651650374345011,1.991198070563041,0.0,0.0,0.9999999999999999
2016-09-30,0.006871243548411066,2.004880077459006,0.0,0.0,0.9999999999999998
2016-10-03,-0.00768385263174276,1.9894748743994939,0.0,0.0,0.9999999999999999
2016-10-04,-0.013345371917720561,1.9629245922796723,0.0003633937457396496,0.7267874914792992,0.9999999999999998
2016-10-05,0.004950260489369862,1.9726415803324469,0.0,0.0,0.9999999999999998
2016-10-06,0.004151923136498592,1.9808318365498483,0.0,0.0,0.9999999999999998
2016-10-07,-0.0067124583338653565,1.9675355853806133,0.0,0.0,0.9999999999999998
2016-10-10,0.00621197066732071,1.9797578587239075,0.0,0.0,0.9999999999999998
2016-10-11,-0.016977992756045168,1.9461455441397695,0.0,0.0,0.9999999999999998
2016-10-12,0.003313528915920294,1.952594153674866,0.0,0.0,0.9999999999999998
2016-10-13,0.0026088276668967403,1.9576881353251938,0.0,0.0,0.9999999999999998
2016-10-14,-0.0025137902474239304,1.9527669179831157,0.0,0.0,0.9999999999999998
2016-10-17,-0.0029202634806768657,1.9470643240662557,0.0,0.0,0.9999999999999998
2016-10-18,0.010487943550444134,1.9674850247861462,0.0,0.0,0.9999999999999998
2016-10-19,0.00022986039636663236,1.967937271673789,0.0,0.0,0.9999999999999998
2016-10-20,0.00011863890990815307,1.9681707456064679,0.0,0.0,0.9999999999999998
2016-10-21,-0.0015952414795833425,1.965031037994174,0.0,0.0,0.9999999999999998
2016-10-24,0.010698537365225746,1.986053995977983,0.0,0.0,0.9999999999999998
2016-10-25,-0.0065617116011166265,1.9730220824321303,0.0,0.0,0.9999999999999998
2016-10-26,-0.016129898444804502,1.9411974366131433,0.0,0.0,0.9999999999999998
2016-10-27,-0.015672466178620503,1.910774085441799,0.0,0.0,0.9999999999999998
2016-10-28,0.0041040797726639155,1.918616054715991,0.0,0.0,0.9999999999999998
2016-10-31,0.007334469009167011,1.9326880847097958,0.0,0.0,0.9999999999999998
2016-11-01,-0.01000025519280956,1.9133607106545956,0.0,0.0,0.9999999999999998
2016-11-02,-0.005065926867981352,1.9036677652223506,0.0003181561374754101,0.6363122749508202,0.9999999999999997
2016-11-03,-0.011171536701234608,1.8824008709162119,0.0,0.0,0.9999999999999997
2016-11-04,-0.001869905776027747,1.878880958654886,0.0,0.0,0.9999999999999997
2016-11-07,0.022790146169011205,1.9217009303368027,0.0,0.0,0.9999999999999997
2016-11-08,0.003135844737327975,1.9277270860859175,0.0,0.0,0.9999999999999997
2016-11-09,0.0007410655100359431,1.929155658142178,0.0,0.0,0.9999999999999997
2016-11-10,-0.011800881713333045,1.906389920413835,0.0,0.0,0.9999999999999997
2016-11-11,0.009999645561419301,1.925453143919836,0.0,0.0,0.9999999999999997
2016-11-14,-0.00898054705690099,1.9081615213550058,0.0,0.0,0.9999999999999997
2016-11-15,0.018351996878032795,1.9431800956376952,0.0,0.0,0.9999999999999997
2016-11-16,0.006127004725471341,1.9550859692661093,0.0,0.0,0.9999999999999997
2016-11-17,0.004835422921249499,1.9645396367749122,0.0,0.0,0.9999999999999997
2016-11-18,0.002922230704448525,1.970280474821602,0.0,0.0,0.9999999999999997
2016-11-21,0.0015426616655258574,1.9733199509804435,0.0,0.0,0.9999999999999997
2016-11-22,0.003640019076858847,1.9805028732467587,0.0,0.0,0.9999999999999997
2016-11-23,0.0065682308160170955,1.9935112732500284,0.0,0.0,0.9999999999999997
2016-11-25,0.002422543292433632,1.9983406406134312,0.0,0.0,0.9999999999999997
2016-11-28,-0.005691087156402652,1.9869679098595185,0.0,0.0,0.9999999999999997
2016-11-29,0.0005368593698156232,1.9880346321994498,0.0,0.0,0.9999999999999997
2016-11-30,-0.005258776494158401,1.9775800024060664,0.0,0.0,0.9999999999999997
2016-12-01,-0.018526246228321552,1.9409428683452867,0.0,0.0,0.9999999999999997
2016-12-02,0.007658716548600841,1.9558079996109716,0.0003804044500143098,0.7608089000286196,0.9999999999999996
2016-12-05,0.007689755703815582,1.9708476853315484,0.0,0.0,0.9999999999999996
2016-12-06,0.0011387059429135427,1.973091901303413,0.0,0.0,0.9999999999999996
2016-12-07,0.012232252176680891,1.9972272590079232,0.0,0.0,0.9999999999999996
2016-12-08,-0.003778868816185721,1.989679999200022,0.0,0.0,0.9999999999999996
2016-12-09,0.0009479895859283438,1.9915661951185937,0.0,0.0,0.9999999999999996
2016-12-12,-0.004626873599141712,1.9823514700694564,0.0,0.0,0.9999999999999996
2016-12-13,0.009717534020241558,2.0016150379199322,0.0,0.0,0.9999999999999996
2016-12-14,-0.009498184958088851,1.9826033280748767,0.0,0.0,0.9999999999999996
2016-12-15,0.004085217109256023,1.9907026931115963,0.0,0.0,0.9999999999999996
2016-12-16,-0.00581815600186919,1.979120474289732,0.0,0.0,0.9999999999999996
2016-12-19,5.825052851182733e-07,1.979121627137868,0.0,0.0,0.9999999999999996
2016-12-20,0.004666105250287433,1.9883564169532133,0.0,0.0,0.9999999999999996
2016-12-21,-0.000323355963382399,1.9877134700484618,0.0,0.0,0.9999999999999996
2016-12-22,-0.004655070512965542,1.9784605236858148,0.0,0.0,0.9999999999999996
2016-12-23,0.003918457855043966,1.9862130378657459,0.0,0.0,0.9999999999999996
2016-12-27,0.0056096663339877395,1.9973550302763887,0.0,0.0,0.9999999999999996
2016-12-28,-0.015155142320958381,1.9670848305270678,0.0,0.0,0.9999999999999996
2016-12-29,0.00491927513287993,1.9767614620181448,0.0,0.0,0.9999999999999996
2016-12-30,-0.012309714357414347,1.9524280930679567,0.0,0.0,0.9999999999999996
2017-01-03,0.005657043119723593,1.963473062978602,0.0,0.0,0.9999999999999996
2017-01-04,0.012923855311164578,1.9888487047519063,0.00041998386203552203,0.839967724071044,0.9999999999999999
2017-01-05,-0.00015413995685675808,1.9885421436983612,0.0,0.0,0.9999999999999999
2017-01-06,0.0002602087783885043,1.989059579820347,0.0,0.0,0.9999999999999999
2017-01-09,-0.004920088596497951,1.9792732304639178,0.0,0.0,0.9999999999999999
2017-01-10,0.010843758436672735,2.0007359912552416,0.0,0.0,0.9999999999999998
2017-01-11,0.003936296624470703,2.0086114815840768,0.0,0.0,0.9999999999999998
2017-01-12,-0.00772088719339159,1.9931032189194149,0.0,0.0,0.9999999999999999
2017-01-13,0.001443523063864971,1.9959803093845885,0.0,0.0,0.9999999999999999
2017-01-17,-0.0037723903759178112,1.9884506924749445,0.0,0.0,0.9999999999999999
2017-01-18,0.006869875772884226,2.002111101712753,0.0,0.0,0.9999999999999998
2017-01-19,-0.004001683567798842,1.9940992866161216,0.0,0.0,0.9999999999999999
2017-01-20,0.003615316028765081,2.0013085857299737,0.0,0.0,0.9999999999999998
2017-01-23,-0.0023056327371095975,1.9966943031376563,0.0,0.0,0.9999999999999999
2017-01-24,0.018748573991542727,2.0341294740185245,0.0,0.0,0.9999999999999998
2017-01-25,0.00706680077808719,2.0485042617682487,0.0,0.0,0.9999999999999998
2017-01-26,0.0026559710152354032,2.0539450297120916,0.0,0.0,0.9999999999999998
2017-01-27,0.003284253809428872,2.060690706500281,0.0,0.0,0.9999999999999998
2017-01-30,-0.011116083039035551,2.037783897489055,0.0,0.0,0.9999999999999998
2017-01-31,0.0027524321610399305,2.0433927594257533,0.0,0.0,0.9999999999999998
2017-02-01,-0.0035489457486499454,2.0361408693793672,0.0,0.0,0.9999999999999998
2017-02-02,0.0020068516075046894,2.0402271019561873,0.00041586709940274867,0.8317341988054973,1.0
2017-02-03,0.010535193630946349,2.0617212895264,0.0,0.0,1.0
2017-02-06,-0.002766214217933105,2.056018126781897,0.0,0.0,1.0
2017-02-07,-0.0049523324419933346,2.0458360415113086,0.0,0.0,1.0
2017-02-08,-0.0031498895816967076,2.0393918838782925,0.0,0.0,1.0
2017-02-09,0.006270338957385713,2.052179562257151,0.0,0.0,1.0
2017-02-10,0.0017811062424326618,2.05583471208608,0.0,0.0,1.0
2017-02-13,0.0023235175114735274,2.060611480040307,0.0,0.0,1.0
2017-02-14,0.0009721835267673118,2.0626147725762696,0.0,0.0,1.0
2017-02-15,-0.0012164154885245804,2.0601057760200483,0.0,0.0,1.0
2017-02-16,-0.006105199473020129,2.047528419321925,0.0,0.0,1.0
2017-02-17,-0.0008598813047054898,2.045767787913297,0.0,0.0,1.0
2017-02-21,0.009388567143549409,2.0649746161502316,0.0,0.0,1.0
2017-02-22,-0.009823946687358198,2.0446884156104237,0.0,0.0,1.0
2017-02-23,-0.013935435572871024,2.016194791928089,0.0,0.0,1.0
2017-02-24,-0.005688130621475551,2.0047264125932633,0.0,0.0,1.0
2017-02-27,0.004192020248519279,2.013130266307596,0.0,0.0,1.0
2017-02-28,-0.001083234918976217,2.0109495733066836,0.0,0.0,1.0
2017-03-01,0.024152393467353317,2.059518818644193,0.0,0.0,1.0
2017-03-02,-0.0172337426425333,2.024025601356225,0.0001212209205583925,0.242441841116785,0.9999999999999998
2017-03-03,0.00601344533547965,2.036196968667592,0.0,0.0,0.9999999999999998
2017-03-06,-0.0023879092768819277,2.0313347150365515,0.0,0.0,0.9999999999999998
2017-03-07,-0.00810619992277617,2.0148683097263898,0.0,0.0,0.9999999999999998
2017-03-08,-0.0092606996666047,1.9962092194422543,0.0,0.0,0.9999999999999999
2017-03-09,-0.002935819999755007,1.9903487084921203,0.0,0.0,0.9999999999999999
2017-03-10,0.0043879518074534385,1.999082262705011,0.0,0.0,0.9999999999999999
2017-03-13,0.0056753295999356634,2.010427713443247,0.0,0.0,0.9999999999999998
2017-03-14,-0.008422979497398453,1.993493922031913,0.0,0.0,0.9999999999999999
2017-03-15,0.01224968028033735,2.0179135852176,0.0,0.0,0.9999999999999998
2017-03-16,-0.003405240554288036,2.011042104042168,0.0,0.0,0.9999999999999998
2017-03-17,-0.0016094318282510178,2.0078054688719695,0.0,0.0,0.9999999999999998
2017-03-20,-0.0006701709541186984,2.006459895965211,0.0,0.0,0.9999999999999998
2017-03-21,-0.028068626629835558,1.9501413222976247,0.0,0.0,0.9999999999999999
2017-03-22,0.007441180092466748,1.9646526750826026,0.0,0.0,0.9999999999999999
2017-03-23,0.0019529046450366128,1.968489454417655,0.0,0.0,0.9999999999999999
2017-03-24,0.00440087306716852,1.977152526640607,0.0,0.0,0.9999999999999999
2017-03-27,-0.005489224898018508,1.9662994917641912,0.0,0.0,0.9999999999999999
2017-03-28,0.012467818779319906,1.9908149574933758,0.0,0.0,0.9999999999999999
2017-03-29,0.00801824890733882,2.006777807351011,0.0,0.0,0.9999999999999998
2017-03-30,0.010250444434404038,2.0273481717574575,0.0,0.0,0.9999999999999998
2017-03-31,-0.0017539146140784778,2.023792376171187,0.0,0.0,0.9999999999999998
2017-04-03,-0.0024264272012625154,2.0188817912999375,0.0,0.0,0.9999999999999998
2017-04-04,-5.33993987733572e-05,2.0187739842260877,0.0002739574550001222,0.5479149100002443,1.0
2017-04-05,-0.009900663051276348,1.9987867832315824,0.0,0.0,0.9999999999999999
2017-04-06,0.009522338052445622,2.017819906676274,0.0,0.0,1.0
2017-04-07,-0.0009904103879107007,2.0158214368797687,0.0,0.0,1.0
2017-04-10,-0.003417206073354495,2.008932959622865,0.0,0.0,1.0
2017-04-11,-0.0033744064796160655,2.0021540032267993,0.0,0.0,1.0
2017-04-12,-0.01022519749562556,1.981681583127148,0.0,0.0,0.9999999999999999
2017-04-13,-0.009403730222906193,1.9630463841317185,0.0,0.0,0.9999999999999999
2017-04-17,0.00828104182413969,1.9793024533414394,0.0,0.0,0.9999999999999999
2017-04-18,-0.009048381173581643,1.9613929702858008,0.0,0.0,0.9999999999999999
2017-04-19,0.0009982029741406606,1.9633508385821987,0.0,0.0,0.9999999999999999
2017-04-20,0.010585732296924277,1.9841343449643716,0.0,0.0,0.9999999999999999
2017-04-21,-0.0060892544435948714,1.972052446087608,0.0,0.0,0.9999999999999999
2017-04-24,0.014398454822358353,2.000446954139922,0.0,0.0,1.0
2017-04-25,0.010753976203482063,2.021959713081071,0.0,0.0,1.0
2017-04-26,-0.0024494588315426835,2.017007006004841,0.0,0.0,1.0
2017-04-27,-0.0021666704432492523,2.0126368165411037,0.0,0.0,1.0
2017-04-28,-0.0012736476886962,2.010073426311531,0.0,0.0,1.0
2017-05-01,0.004296056146772864,2.0187088146101018,0.0,0.0,1.0
2017-05-02,-0.008558457451249835,2.0014317811137983,0.000415210527419965,0.83042105483993,0.9999999999999998
2017-05-03,0.0009379254579287011,2.0033089749336126,0.0,0.0,0.9999999999999998
2017-05-04,0.00017585182989177106,2.0036612604826933,0.0,0.0,0.9999999999999998
2017-05-05,0.006745531990864029,2.0171770216141343,0.0,0.0,0.9999999999999998
2017-05-08,-0.004550218985062027,2.0079984244341547,0.0,0.0,0.9999999999999998
2017-05-09,0.006631348381015423,2.021314161535108,0.0,0.0,0.9999999999999998
2017-05-10,0.017246487259876764,2.0561747304702314,0.0,0.0,0.9999999999999998
2017-05-11,0.001143774148368193,2.0585265299714712,0.0,0.0,0.9999999999999998
2017-05-12,-0.0006643188467352346,2.0571590120011067,0.0,0.0,0.9999999999999998
2017-05-15,0.009196939295048612,2.076078578554743,0.0,0.0,0.9999999999999998
2017-05-16,0.010231257789605097,2.0973194736834135,0.0,0.0,0.9999999999999998
2017-05-17,-0.043750193970589546,2.0055613398914693,0.0,0.0,0.9999999999999998
2017-05-18,0.014716051234233474,2.03507528332271,0.0,0.0,0.9999999999999998
2017-05-19,0.012243718591826935,2.059992172404896,0.0,0.0,0.9999999999999998
2017-05-22,0.006916952231481588,2.0742410398586464,0.0,0.0,0.9999999999999998
2017-05-23,0.004718463343368562,2.08402827017053,0.0,0.0,0.9999999999999998
2017-05-24,0.0032761980157174353,2.0908559594539615,0.0,0.0,0.9999999999999998
2017-05-25,0.018213028140285914,2.128936777880781,0.0,0.0,0.9999999999999998
2017-05-26,-0.0007492356178530057,2.1273417026186356,0.0,0.0,0.9999999999999998
2017-05-30,0.002388116940012175,2.1324220433758536,0.0,0.0,0.9999999999999998
2017-05-31,-0.0019651989644360324,2.128231409784471,0.0,0.0,0.9999999999999998
2017-06-01,0.004336248842413903,2.1374599507715377,0.0,0.0,0.9999999999999998
2017-06-02,0.0044916573529534265,2.1470606884760643,0.00017438800686770685,0.3487760137354137,0.9999999999999998
2017-06-05,-0.0025168874772671934,2.1416567783163063,0.0,0.0,0.9999999999999998
2017-06-06,0.0025286046361812087,2.1470721815750657,0.0,0.0,0.9999999999999998
2017-06-07,0.008366164816124622,2.165034941318239,0.0,0.0,0.9999999999999998
2017-06-08,0.010925531224079021,2.1886890981708333,0.0,0.0,0.9999999999999998
2017-06-09,-0.026008522062137773,2.1317645294738967,0.0,0.0,0.9999999999999998
2017-06-12,-0.00658353932847755,2.117729973855052,0.0,0.0,0.9999999999999998
2017-06-13,0.0069482525393338435,2.132444496523514,0.0,0.0,0.9999999999999998
2017-06-14,-0.012227520203832776,2.1063699883587206,0.0,0.0,0.9999999999999998
2017-06-15,-0.006772306020222718,2.0921050062057422,0.0,0.0,0.9999999999999998
2017-06-16,-0.0035442660955952165,2.084690029363822,0.0,0.0,0.9999999999999998
2017-06-19,0.02067737036522388,2.1277959371976674,0.0,0.0,0.9999999999999998
2017-06-20,-0.008831198671273466,2.1090049485443463,0.0,0.0,0.9999999999999998
2017-06-21,0.012925985128200201,2.136265915144531,0.0,0.0,0.9999999999999998
2017-06-22,0.0008415145197402385,2.1380636139301514,0.0,0.0,0.9999999999999998
2017-06-23,0.0033519154558805386,2.1452302224033395,0.0,0.0,0.9999999999999998
2017-06-26,-0.0035415799018206906,2.1376327181628976,0.0,0.0,0.9999999999999998
2017-06-27,-0.020106610486777754,2.0946521697350042,0.0,0.0,0.9999999999999998
2017-06-28,0.014238033008077355,2.124475896468132,0.0,0.0,0.9999999999999998
2017-06-29,-0.0171758771568028,2.087986159447807,0.0,0.0,0.9999999999999998
2017-06-30,-0.004935219011473202,2.077681490458007,0.0,0.0,0.9999999999999998
2017-07-03,-0.006611089044875951,2.063945753117699,0.0,0.0,0.9999999999999998
2017-07-05,0.01939098173165088,2.1039676875115223,0.000133240309098002,0.26648061819600394,0.9999999999999998
2017-07-06,-0.00633697694627533,2.0906348927800535,0.0,0.0,0.9999999999999998
2017-07-07,0.014733146512674766,2.1214365229598924,0.0,0.0,0.9999999999999998
2017-07-10,0.00653818823281771,2.1353068742709786,0.0,0.0,0.9999999999999998
2017-07-11,0.005329134130348079,2.146686211013423,0.0,0.0,0.9999999999999998
2017-07-12,0.014137741915024593,2.1770355066372726,0.0,0.0,0.9999999999999998
2017-07-13,-0.003525412748265677,2.1693605579087465,0.0,0.0,0.9999999999999998
2017-07-14,0.011925003227638342,2.19523018956372,0.0,0.0,0.9999999999999998
2017-07-17,-0.0009986511306873114,2.193037920452793,0.0,0.0,0.9999999999999998
2017-07-18,0.008127813519860139,2.210862523712215,0.0,0.0,0.9999999999999998
2017-07-19,0.0035820969980349116,2.2187820477214726,0.0,0.0,0.9999999999999998
2017-07-20,-0.000891229495354251,2.216804603716781,0.0,0.0,0.9999999999999998
2017-07-21,-0.0002094394831497759,2.2163403173063343,0.0,0.0,0.9999999999999998
2017-07-24,-0.0002147276623917227,2.2158644077309346,0.0,0.0,0.9999999999999998
2017-07-25,-0.009093888053255506,2.1957135848658362,0.0,0.0,0.9999999999999998
2017-07-26,0.007883225190154164,2.213022889508414,0.0,0.0,0.9999999999999998
2017-07-27,-0.016321442367621786,2.1769031639590746,0.0,0.0,0.9999999999999998
2017-07-28,-0.007952828368583242,2.1595906267210823,0.0,0.0,0.9999999999999998
2017-07-31,-0.007981272676409135,2.142354345059804,0.0,0.0,0.9999999999999998
2017-08-01,0.005086343531989224,2.153251095226028,0.0,0.0,0.9999999999999998
2017-08-02,-0.0013189718574435627,2.1504110176294153,0.0003751595281448386,0.7503190562896772,0.9999999999999996
2017-08-03,-0.0007014847685210546,2.1489025370544885,0.0,0.0,0.9999999999999996
2017-08-04,0.0030763776216402583,2.155513372730569,0.0,0.0,0.9999999999999996
2017-08-07,0.010130725991238876,2.1773502880801536,0.0,0.0,0.9999999999999996
2017-08-08,-0.003004790615894204,2.1708078063670158,0.0,0.0,0.9999999999999996
2017-08-09,-0.004732828326220351,2.1605337456902616,0.0,0.0,0.9999999999999996
2017-08-10,-0.027883071512077806,2.1002914287549226,0.0,0.0,0.9999999999999996
2017-08-11,0.0031334700605836208,2.1068726290654265,0.0,0.0,0.9999999999999996
2017-08-14,0.021198779162827197,2.1515357566531894,0.0,0.0,0.9999999999999996
2017-08-15,0.002876532006039989,2.1577247181193417,0.0,0.0,0.9999999999999996
2017-08-16,0.0018293243812330662,2.1616718965541866,0.0,0.0,0.9999999999999996
2017-08-17,-0.026172918490256714,2.1050946342029953,0.0,0.0,0.9999999999999996
2017-08-18,0.0013223637441035496,2.1078783350251724,0.0,0.0,0.9999999999999996
2017-08-21,-0.005569436695883168,2.096138640075626,0.0,0.0,0.9999999999999996
2017-08-22,0.018066714690256003,2.1340089788370937,0.0,0.0,0.9999999999999996
2017-08-23,-0.002142367132680678,2.1294371481399876,0.0,0.0,0.9999999999999996
2017-08-24,-0.002369938775365399,2.124390512472907,0.0,0.0,0.9999999999999996
2017-08-25,0.0030139751975362117,2.130793372787382,0.0,0.0,0.9999999999999996
2017-08-28,0.0011507818825036153,2.1332454511961445,0.0,0.0,0.9999999999999996
2017-08-29,-0.0062140413979390186,2.1199893756504467,0.0,0.0,0.9999999999999996
2017-08-30,0.008863977427868264,2.138780913623533,0.0,0.0,0.9999999999999996
2017-08-31,0.0024655939049398334,2.1440542788081647,0.0,0.0,0.9999999999999996
2017-09-01,0.005998382470474128,2.156915136409913,0.0,0.0,0.9999999999999996
2017-09-05,-0.014509679148859367,2.1256189898292868,0.000266766577727394,0.5335331554547881,0.9999999999999998
2017-09-06,0.0015544351268921286,2.1289231266534663,0.0,0.0,0.9999999999999998
2017-09-07,0.002112691211188178,2.1334208838324424,0.0,0.0,0.9999999999999998
2017-09-08,-0.006187945598925881,2.120219391463675,0.0,0.0,0.9999999999999998
2017-09-11,0.015210861503065276,2.152469754983342,0.0,0.0,0.9999999999999998
2017-09-12,0.0029898744210552497,2.1589053692458617,0.0,0.0,0.9999999999999998
2017-09-13,0.0014515247193700453,2.1620390737561026,0.0,0.0,0.9999999999999998
2017-09-14,-0.0022790549523196146,2.1571116678979503,0.0,0.0,0.9999999999999998
2017-09-15,0.00661092545810571,2.171372172339234,0.0,0.0,0.9999999999999998
2017-09-18,0.008201829860942755,2.189181397461546,0.0,0.0,0.9999999999999998
2017-09-19,-0.0026813468452965283,2.1833114428276805,0.0,0.0,0.9999999999999998
2017-09-20,0.001702863011749045,2.1870293231268003,0.0,0.0,0.9999999999999998
2017-09-21,-0.0004691864304047222,2.186003198645492,0.0,0.0,0.9999999999999998
2017-09-22,-0.0010993005249775312,2.1836001241816185,0.0,0.0,0.9999999999999998
2017-09-25,-0.0164700852104962,2.147636044070697,0.0,0.0,0.9999999999999998
2017-09-26,0.0019189085102002679,2.1517571611524775,0.0,0.0,0.9999999999999998
2017-09-27,0.018514180663840696,2.1915951819787676,0.0,0.0,0.9999999999999998
2017-09-28,0.004127272678272398,2.200640492895182,0.0,0.0,0.9999999999999998
2017-09-29,0.009174912384835476,2.220831176608016,0.0,0.0,0.9999999999999998
2017-10-02,-0.0005181950103576582,2.2196803529734512,0.0,0.0,0.9999999999999998
2017-10-03,0.003599549453517259,2.2276702021749797,0.0002709724456761428,0.5419448913522857,0.9999999999999996
2017-10-04,0.0004946218138446312,2.228772056451027,0.0,0.0,0.9999999999999996
2017-10-05,0.008181594503701817,2.247006965658091,0.0,0.0,0.9999999999999996
2017-10-06,0.004716045023794191,2.2576039516769137,0.0,0.0,0.9999999999999996
2017-10-09,0.004887398227263473,2.2686377612282023,0.0,0.0,0.9999999999999996
2017-10-10,0.003441863698886216,2.276446103184496,0.0,0.0,0.9999999999999996
2017-10-11,0.004748405539276801,2.2872555924707223,0.0,0.0,0.9999999999999997
2017-10-12,0.002870614611412803,2.2938214217945045,0.0,0.0,0.9999999999999997
2017-10-13,0.00492257348858427,2.305112926312977,0.0,0.0,0.9999999999999997
2017-10-16,0.005547066456889516,2.31789954090587,0.0,0.0,0.9999999999999997
2017-10-17,-0.003119128372677249,2.310669714682815,0.0,0.0,0.9999999999999997
2017-10-18,0.0029096493182270144,2.3173929532427895,0.0,0.0,0.9999999999999997
2017-10-19,-0.0014540547374363166,2.3140233370406253,0.0,0.0,0.9999999999999997
2017-10-20,0.008811116106177241,2.334412465335694,0.0,0.0,0.9999999999999997
2017-10-23,-0.002602838621066361,2.3283363664134193,0.0,0.0,0.9999999999999997
2017-10-24,0.0068262509017344986,2.3442301746341903,0.0,0.0,0.9999999999999997
2017-10-25,-0.015856892005395196,2.307057969919227,0.0,0.0,0.9999999999999997
2017-10-26,0.004797944054729664,2.3181271049899177,0.0,0.0,0.9999999999999997
2017-10-27,0.017880866901931247,2.3595772272160014,0.0,0.0,0.9999999999999997
2017-10-30,-0.007831798504300158,2.3410974938171103,0.0,0.0,0.9999999999999997
2017-10-31,0.00698318992859126,2.3574458222577843,0.0,0.0,0.9999999999999997
2017-11-01,-0.006141040021809818,2.342968653114051,0.0,0.0,0.9999999999999997
2017-11-02,0.003380996506257228,2.3508902219445,0.00027637822386855697,0.5527564477371139,0.9999999999999997
2017-11-03,0.009135260193725125,2.3723662158088468,0.0,0.0,0.9999999999999997
2017-11-06,0.008012896281890614,2.3913757402387845,0.0,0.0,0.9999999999999997
2017-11-07,0.006684770295939613,2.4073615377535633,0.0,0.0,0.9999999999999997
2017-11-08,-0.0017866635097786299,2.4030603927392145,0.0,0.0,0.9999999999999997
2017-11-09,-0.015715453522074596,2.365295208826383,0.0,0.0,0.9999999999999997
2017-11-10,0.006186024263302725,2.3799269823780564,0.0,0.0,0.9999999999999997
2017-11-13,0.0021712999806970945,2.3850945177889544,0.0,0.0,0.9999999999999997
2017-11-14,-0.002745779015479899,2.3785455753120734,0.0,0.0,0.9999999999999997
2017-11-15,-0.006336358566397471,2.363474257680378,0.0,0.0,0.9999999999999997
2017-11-16,0.015001557266963728,2.398930052105965,0.0,0.0,0.9999999999999997
2017-11-17,-0.0017629365889485493,2.394700890542779,0.0,0.0,0.9999999999999997
2017-11-20,0.003976839641039787,2.404224231972723,0.0,0.0,0.9999999999999997
2017-11-21,0.01114112228239117,2.431009988135419,0.0,0.0,0.9999999999999997
2017-11-22,-0.0032410062861906175,2.42313106948208,0.0,0.0,0.9999999999999997
2017-11-24,0.0034460029155729544,2.4314811862123307,0.0,0.0,0.9999999999999997
2017-11-27,-0.0013423902739446714,2.4282171895166798,0.0,0.0,0.9999999999999997
2017-11-28,0.004686273945164077,2.439596480465111,0.0,0.0,0.9999999999999997
2017-11-29,-0.02485719659764285,2.378954951131272,0.0,0.0,0.9999999999999997
2017-11-30,0.009164480151890642,2.400756836563157,0.0,0.0,0.9999999999999997
2017-12-01,-0.011878514870743095,2.3722394107790032,0.0,0.0,0.9999999999999997
2017-12-04,-0.02985748167855984,2.3014103160345116,0.0004770833362956549,0.9541666725913098,0.9999999999999998
2017-12-05,0.0013832936385103078,2.304593842284284,0.0,0.0,0.9999999999999998
2017-12-06,0.009055546444769913,2.32546319885942,0.0,0.0,0.9999999999999998
2017-12-07,0.014519401119578834,2.3592275318324787,0.0,0.0,0.9999999999999998
2017-12-08,-0.0004430485768616155,2.3581822794320075,0.0,0.0,0.9999999999999998
2017-12-11,-0.002968553722974554,2.351181888646947,0.0,0.0,0.9999999999999998
2017-12-12,-0.006095430834609505,2.336850422065113,0.0,0.0,0.9999999999999998
2017-12-13,0.005903647089939401,2.3506463622589613,0.0,0.0,0.9999999999999998
2017-12-14,-0.0032893658952939386,2.34291422628305,0.0,0.0,0.9999999999999998
2017-12-15,0.010366283729046577,2.36720153990552,0.0,0.0,0.9999999999999998
2017-12-18,0.008167849208873479,2.3865364851304816,0.0,0.0,0.9999999999999998
2017-12-19,-0.00637375738400392,2.3713252805861864,0.0,0.0,0.9999999999999998
2017-12-20,0.0032163345267666177,2.37895225596033,0.0,0.0,0.9999999999999998
2017-12-21,-0.008874254522199143,2.3578408281447785,0.0,0.0,0.9999999999999998
2017-12-22,0.0025350761417677337,2.363818134174294,0.0,0.0,0.9999999999999998
2017-12-26,-0.004128100518074329,2.3540600553099758,0.0,0.0,0.9999999999999998
2017-12-27,0.0038153076835600874,2.3630415187265617,0.0,0.0,0.9999999999999998
2017-12-28,0.002182559050602162,2.368198996380207,0.0,0.0,0.9999999999999998
2017-12-29,-0.008897997820827452,2.34712676687113,0.0,0.0,0.9999999999999998
2018-01-02,0.021298154293921234,2.3971162348993436,0.0,0.0,0.9999999999999998
2018-01-03,0.018751385144820665,2.4420654846568435,0.0002161445823294933,0.4322891646589866,1.0
2018-01-04,0.001719072917534925,2.446263573294364,0.0,0.0,1.0
2018-01-05,0.013159751241470063,2.478455793389988,0.0,0.0,1.0
2018-01-08,0.005886385776576963,2.4930449403200736,0.0,0.0,1.0
2018-01-09,0.0009470456801110583,2.495405967761126,0.0,0.0,1.0
2018-01-10,-0.004362102994569295,2.484520749916489,0.0,0.0,1.0
2018-01-11,0.0035680147696282027,2.493385556647639,0.0,0.0,1.0
2018-01-12,0.00814455736257913,2.5136930783407823,0.0,0.0,1.0
2018-01-16,0.0021984829123662397,2.5192193896204476,0.0,0.0,1.0
2018-01-17,0.026437061513969518,2.585820147591028,0.0,0.0,1.0
2018-01-18,-0.002177908718753563,2.580188467346461,0.0,0.0,1.0
2018-01-19,0.004218993388368286,2.5910742654309393,0.0,0.0,1.0
2018-01-22,0.009748926618651232,2.6163344583081014,0.0,0.0,1.0
2018-01-23,0.00682674475217282,2.634195505841285,0.0,0.0,1.0
2018-01-24,-0.0039010936161399945,2.6239192625697827,0.0,0.0,1.0
2018-01-25,-0.002249912894339179,2.618015672787222,0.0,0.0,1.0
2018-01-26,0.014346643414110405,2.655575410097253,0.0,0.0,1.0
2018-01-29,-0.017068824507849634,2.610247859454942,0.0,0.0,1.0
2018-01-30,-0.018413078513558556,2.56218516067895,0.0,0.0,1.0
2018-01-31,0.005858664663541235,2.5771961443412694,0.0,0.0,1.0
2018-02-01,-0.008812190902296124,2.5544853999246726,0.0,0.0,1.0
2018-02-02,-0.025650524619392767,2.4889615092840254,0.00026947747343285635,0.5389549468657127,0.9999999999999997
2018-02-05,-0.03999497420217102,2.3894155579300143,0.0,0.0,0.9999999999999997
2018-02-06,0.0278071812373466,2.45585846940071,0.0,0.0,0.9999999999999997
2018-02-07,-0.004384290168396698,2.4450912732583427,0.0,0.0,0.9999999999999997
2018-02-08,-0.042768365004562825,2.3405187172141586,0.0,0.0,0.9999999999999997
2018-02-09,0.01889787444283364,2.3847495460631736,0.0,0.0,0.9999999999999997
2018-02-12,0.013263863345583493,2.4163805381555976,0.0,0.0,0.9999999999999997
2018-02-13,0.004728338900486628,2.427806004252538,0.0,0.0,0.9999999999999997
2018-02-14,0.02353257773373163,2.484938537770031,0.0,0.0,0.9999999999999997
2018-02-15,0.013411190752476765,2.5182645225082454,0.0,0.0,0.9999999999999997
2018-02-16,0.002794824867154988,2.5253026308178255,0.0,0.0,0.9999999999999997
2018-02-20,0.0035979896876607853,2.534388643641731,0.0,0.0,0.9999999999999997
2018-02-21,-0.007670938878774458,2.514947503261295,0.0,0.0,0.9999999999999997
2018-02-22,0.002678203215678465,2.521683043751792,0.0,0.0,0.9999999999999997
2018-02-23,0.02039170711014826,2.573104465804606,0.0,0.0,0.9999999999999997
2018-02-26,0.009917914455768173,2.598624295782211,0.0,0.0,0.9999999999999997
2018-02-27,-0.014146771852360795,2.5618621507397785,0.0,0.0,0.9999999999999997
2018-02-28,-0.008796828142642155,2.539325889674581,0.0,0.0,0.9999999999999997
2018-03-01,-0.01441306391402919,2.502726423328152,0.0,0.0,0.9999999999999997
2018-03-02,0.009548966905214451,2.526624875117318,0.00025746291250303626,0.5149258250060725,0.9999999999999998
2018-03-05,0.01576070506674676,2.566446264588348,0.0,0.0,0.9999999999999998
2018-03-06,0.010721443986911217,2.5939622744595496,0.0,0.0,0.9999999999999998
2018-03-07,0.00197498496190196,2.5990853109433485,0.0,0.0,0.9999999999999998
2018-03-08,0.0097816042944745,2.6245085349825774,0.0,0.0,0.9999999999999998
2018-03-09,0.02355518436432802,2.6863293173898444,0.0,0.0,0.9999999999999999
2018-03-12,0.0008326712179989038,2.6885661464945017,0.0,0.0,0.9999999999999999
2018-03-13,-0.009512141822941245,2.6629921240086873,0.0,0.0,0.9999999999999998
2018-03-14,-0.0009386988914138472,2.6604923762540365,0.0,0.0,0.9999999999999998
2018-03-15,-0.0034246547454217513,2.6513811084125396,0.0,0.0,0.9999999999999998
2018-03-16,0.004645388066163214,2.66369780257241,0.0,0.0,0.9999999999999998
2018-03-19,-0.016921230308626134,2.618624758582501,0.0,0.0,0.9999999999999998
2018-03-20,0.014272696952768005,2.6559995961947642,0.0,0.0,0.9999999999999998
2018-03-21,-0.004944747726008392,2.642866348231201,0.0,0.0,0.9999999999999998
2018-03-22,-0.035039556103809266,2.5502614845474842,0.0,0.0,0.9999999999999998
2018-03-23,-0.025509285322371733,2.4852061366915073,0.0,0.0,0.9999999999999998
2018-03-26,0.03510914425840461,2.572459597456482,0.0,0.0,0.9999999999999998
2018-03-27,-0.03446478152078969,2.4838003394590857,0.0,0.0,0.9999999999999998
2018-03-28,-0.010626531244294468,2.4574061575472346,0.0,0.0,0.9999999999999998
2018-03-29,0.022256916980927466,2.5121004423841833,0.0,0.0,0.9999999999999998
2018-04-02,-0.029047919948768874,2.4391291498305407,0.0,0.0,0.9999999999999998
2018-04-03,0.012160400571173291,2.4687899373373057,0.00022099166573802186,0.4419833314760437,0.9626884188199464
2018-04-04,0.014417262052492053,2.504383128816453,0.0,0.0,0.9632169793771155
2018-04-05,-0.0011239421184815468,2.5015683471371615,0.0,0.0,0.9631739091995046
2018-04-06,-0.026007186437723706,2.436509592746457,0.0,0.0,0.9621888589983772
2018-04-09,0.005008845149539809,2.4487136920018924,0.0,0.0,0.9623721137822966
2018-04-10,0.02754234485298923,2.516157008953245,0.0,0.0,0.9633790159759325
2018-04-11,-0.003921279992768589,2.506290452815372,0.0,0.0,0.9632331433823387
2018-04-12,0.01628062971620703,2.547094439638924,0.0,0.0,0.9638204647879786
2018-04-13,-0.007011984589098241,2.529234252681198,0.0,0.0,0.9635632822107396
2018-04-16,0.005040765656511903,2.541983529839387,0.0,0.0,0.9637409142223011
2018-04-17,0.02559109236536572,2.6070356651427455,0.0,0.0,0.9646440120468338
2018-04-18,0.00627455999231441,2.623393666825787,0.0,0.0,0.9648627837881116
2018-04-19,-0.0198841863582212,2.571229618263646,0.0,0.0,0.964148197110135
2018-04-20,-0.009070941476995942,2.547906144872458,0.0,0.0,0.9638182443851341
2018-04-23,-0.00573389925702239,2.533296707721411,0.0,0.0,0.9636043099247591
2018-04-24,-0.02410492615050508,2.4722317776644687,0.0,0.0,0.9627035039542899
2018-04-25,0.0035654364612929257,2.4810463629853206,0.0,0.0,0.9628341549073901
2018-04-26,0.023350466146573323,2.538979952092288,0.0,0.0,0.963680387934456
2018-04-27,-0.004950996573769295,2.52640947104861,0.0,0.0,0.9634978911561068
2018-04-30,-0.007875814270635773,2.506511939283056,0.0,0.0,0.9632027763852123
2018-05-01,0.0075073803688026075,2.525329277810199,0.0,0.0,0.9634752057686143
2018-05-02,-0.006459806686515024,2.5090161388557486,0.0003957855654876519,0.7915711309753036,0.8642468734426351
2018-05-03,0.009469983570198792,2.532776480468076,0.0,0.0,0.8655138210065374
2018-05-04,0.011419511024169049,2.5616995494085373,0.0,0.0,0.8670257385795375
2018-05-07,0.010768942175861218,2.5892863437280473,0.0,0.0,0.8684230996258472
2018-05-08,0.0040352749946821476,2.599734826164965,0.0,0.0,0.8689454815811146
2018-05-09,0.015617920030312815,2.640337276780029,0.0,0.0,0.8709543225303601
2018-05-10,0.00979149219527553,2.6661901186185153,0.0,0.0,0.8721991648807907
2018-05-11,-0.002152790709730401,2.6604503693007784,0.0,0.0,0.8719169732827654
2018-05-14,-0.0008767581509168121,2.658117797754384,0.0,0.0,0.871784992219848
2018-05-15,-0.0037079206695743716,2.6482617078299273,0.0,0.0,0.8713012758879606
2018-05-16,0.00794244624823337,2.669295384095621,0.0,0.0,0.8723088492782598
2018-05-17,0.004037258896747886,2.6800720206331095,0.0,0.0,0.8728158047746541
2018-05-18,0.001016630942351826,2.6827966647770163,0.0,0.0,0.8729384922574522
2018-05-21,0.011958762451133698,2.7148795927957785,0.0,0.0,0.874420903571533
2018-05-22,-0.005817236152693361,2.6990864970783575,0.0,0.0,0.8736796630328805
2018-05-23,0.01053541486978693,2.7275224930945177,0.0,0.0,0.874990146829609
2018-05-24,0.004619460149729804,2.7401221745588598,0.0,0.0,0.8755585884726224
2018-05-25,-0.0052843213011996015,2.725642488583949,0.0,0.0,0.8748911359799567
2018-05-29,-0.0029231090874237697,2.7176751382565008,0.0,0.0,0.8744988942774592
2018-05-30,0.01141431513393698,2.7486955387162264,0.0,0.0,0.8759089859166417
2018-05-31,-0.00917836189004051,2.723467016336349,0.0,0.0,0.874753043658097
2018-06-01,0.01272275625596464,2.7581170233563554,0.0,0.0,0.876320179498267
2018-06-04,0.004025454972734321,2.7692196992434086,0.00035945375967843266,0.7189075193568654,0.8584643493796466
2018-06-05,0.0016246732708817824,2.773718776469969,0.0,0.0,0.8586867103639673
2018-06-06,0.003446803505498419,2.7832792400719724,0.0,0.0,0.8591647790909404
2018-06-07,-0.005551851437033961,2.767826887223312,0.0,0.0,0.8583711506295414
2018-06-08,0.003074549798184556,2.776336708820834,0.0,0.0,0.8587979740393197
2018-06-11,0.0026517235374150516,2.783698786219404,0.0,0.0,0.8591496665035655
2018-06-12,0.0004147351095629137,2.784853283840497,0.0,0.0,0.859200857335278
2018-06-13,0.0013617699601804478,2.7886456133859405,0.0,0.0,0.8593850645349201
2018-06-14,0.003402101950265468,2.79813287006584,0.0,0.0,0.8598545581934968
2018-06-15,-0.007243829058068418,2.7778636738733207,0.0,0.0,0.8588246833118139
2018-06-18,0.002350834772879118,2.78439397239218,0.0,0.0,0.8591339438147233
2018-06-19,-0.004031661751381144,2.77316823771291,0.0,0.0,0.858556429008845
2018-06-20,0.0046454852214292686,2.786050949777742,0.0,0.0,0.8592031486694938
2018-06-21,-0.011882585573310123,2.7529454609554063,0.0,0.0,0.8575026336427966
2018-06-22,-0.004504452859295904,2.74054494790232,0.0,0.0,0.8568504496611682
2018-06-25,-0.022785261306682902,2.678100915141656,0.0,0.0,0.8534901987247463
2018-06-26,0.007092699060392782,2.697095878986118,0.0,0.0,0.8545146497414541
2018-06-27,-0.012517822955451008,2.6633341102790933,0.0,0.0,0.8526627682149652
2018-06-28,0.008828411888193832,2.6868471208005134,0.0,0.0,0.8539446215719402
2018-06-29,0.00231251439435165,2.6930604934427866,0.0,0.0,0.8542740971167502
2018-07-02,0.001212625761333852,2.696326167973966,0.0,0.0,0.854428119095843
2018-07-03,-0.010385588327896378,2.668323234395654,0.000233290815105553,0.466581630211106,0.8677059531055289
2018-07-05,0.00819023162312793,2.690177419730728,0.0,0.0,0.8687667808625473
2018-07-06,0.009731747650582934,2.716357547514844,0.0,0.0,0.8700248040978509
2018-07-09,0.00869418273087108,2.7399740563953188,0.0,0.0,0.8711249305202954
2018-07-10,0.004142748641448257,2.7513250801950537,0.0,0.0,0.8716498958404622
2018-07-11,-0.00669122406469258,2.7329153476086603,0.0,0.0,0.8707784458111557
2018-07-12,0.016970379294510174,2.779293957637367,0.0,0.0,0.8729281112065916
2018-07-13,0.001249006245835682,2.78276531314947,0.0,0.0,0.8730799275832268
2018-07-16,-0.004013731738626625,2.7715960396909325,0.0,0.0,0.872548271818305
2018-07-17,0.0048603009607044445,2.7850668305853272,0.0,0.0,0.8731579995837903
2018-07-18,0.006404276970328748,2.8029031699492712,0.0,0.0,0.8739583465712674
2018-07-19,-0.005850844055223514,2.7865038206000063,0.0,0.0,0.8732097529765734
2018-07-20,-0.0016947859033946688,2.781781293205098,0.0,0.0,0.8729877322292483
2018-07-23,0.0019597268255513445,2.787232824628209,0.0,0.0,0.8732160286996273
2018-07-24,-0.0022078988891495177,2.7810788963709117,0.0,0.0,0.872928803727247
2018-07-25,0.01213450112493164,2.814825901367448,0.0,0.0,0.8744455257573471
2018-07-26,-0.0019916226333408504,2.8092198303933706,0.0,0.0,0.8741882427882203
2018-07-27,-0.014265821409711221,2.7691440019923594,0.0,0.0,0.872360663177303
2018-07-30,-0.020208624743232373,2.713183409996123,0.0,0.0,0.8697072347340145
2018-07-31,0.005230788257156727,2.7273754979166434,0.0,0.0,0.8703783200493698
2018-08-01,0.0014321446447014274,2.7312814941300747,0.0,0.0,0.8705566571758898
2018-08-02,0.013612208593853925,2.7684602675567063,0.0002360394566322486,0.4720789132644972,0.8834772800853388
2018-08-03,0.002146928875506049,2.774403954845815,0.0,0.0,0.8837206547903165
2018-08-06,0.004815216398241784,2.7877633102645354,0.0,0.0,0.8842592522333305
2018-08-07,0.0051770692909329785,2.802195754088496,0.0,0.0,0.8848491598952294
2018-08-08,0.003052402359973172,2.8107491830213824,0.0,0.0,0.8851932657046283
2018-08-09,-0.0001152472925278758,2.810425251788064,0.0,0.0,0.885173720667094
2018-08-10,-0.002577038399925069,2.803182677994087,0.0,0.0,0.8848707248404465
2018-08-13,-0.004602122876708137,2.7902820868640985,0.0,0.0,0.8843194362650945
2018-08-14,0.010171164905998342,2.8186625061038466,0.0,0.0,0.8854779405306732
2018-08-15,-0.01740907116398316,2.7695922099478336,0.0,0.0,0.8834424067390794
2018-08-16,-0.00035183658676218865,2.7686177660779623,0.0,0.0,0.8833949346415164
2018-08-17,-0.0025236670685298,2.761630696596365,0.0,0.0,0.8830934686454159
2018-08-20,0.009172643268030356,2.7869621498142854,0.0,0.0,0.8841370815171683
2018-08-21,0.005770317893919241,2.8030438073770343,0.0,0.0,0.8847955258531263
2018-08-22,0.00804357844079684,2.8255903101146616,0.0,0.0,0.8857084204901303
2018-08-23,0.003363518114397168,2.8350942343065975,0.0,0.0,0.8860852071735609
2018-08-24,0.013046466562316894,2.8720821964354957,0.0,0.0,0.8875459940469824
2018-08-27,0.006709328976158835,2.8913519407379504,0.0,0.0,0.8882766663579829
2018-08-28,0.0021362456346749603,2.897528578699661,0.0,0.0,0.8885085383410012
2018-08-29,0.008588085268494305,2.9224128012014328,0.0,0.0,0.8894515944416523
2018-08-30,-0.002635671630388914,2.914710280689021,0.0,0.0,0.8891531430930009
2018-08-31,0.0007714255646762425,2.916958762713169,0.0,0.0,0.8892323464296997
2018-09-04,0.002920412682841489,2.9254774860791217,0.0,0.0,0.8895300359048286
2018-09-05,-0.02076775473163739,2.8647218871753033,0.000326238400662986,0.652476801325972,0.9999999999999999
2018-09-06,-0.005856105479243978,2.8479457736353058,0.0,0.0,0.9999999999999999
2018-09-07,-0.0021343134222242544,2.841867364744869,0.0,0.0,0.9999999999999999
2018-09-10,0.006155185902975813,2.8593595866864736,0.0,0.0,0.9999999999999999
2018-09-11,0.007946480184057192,2.8820814309811715,0.0,0.0,0.9999999999999999
2018-09-12,-0.0001960951062817129,2.8815162689166507,0.0,0.0,0.9999999999999999
2018-09-13,0.005095641139198026,2.8961994417598107,0.0,0.0,0.9999999999999999
2018-09-14,0.003883391189345664,2.9074465171545283,0.0,0.0,0.9999999999999999
2018-09-17,-0.014815890212783178,2.864370108756828,0.0,0.0,0.9999999999999999
2018-09-18,0.013640166694199651,2.903440594514154,0.0,0.0,0.9999999999999999
2018-09-19,-0.011138182024219012,2.8711015446759487,0.0,0.0,0.9999999999999999
2018-09-20,0.007091247194525696,2.8914612354498304,0.0,0.0,0.9999999999999999
2018-09-21,0.00015097150543064153,2.891897763705441,0.0,0.0,0.9999999999999999
2018-09-24,0.006170352274928126,2.9097417916505806,0.0,0.0,0.9999999999999999
2018-09-25,0.003921850029143581,2.9211533625809656,0.0,0.0,0.9999999999999999
2018-09-26,0.00016245322009922347,2.9216279133511205,0.0,0.0,0.9999999999999999
2018-09-27,0.0024905712984522044,2.9289044359768694,0.0,0.0,0.9999999999999999
2018-09-28,-0.0005783837940266379,2.9272104051168477,0.0,0.0,0.9999999999999999
2018-10-01,0.005142604875584045,2.942263891618062,0.0,0.0,0.9999999999999999
2018-10-02,-0.013819070258583088,2.9016045401805,0.0003565400448769971,0.7130800897539943,0.9999999999999997
2018-10-03,0.002759686271888606,2.909612058396486,0.0,0.0,0.9999999999999997
2018-10-04,-0.01901661571990043,2.8542810839879715,0.0,0.0,0.9999999999999997
2018-10-05,-0.00843375672892055,2.8302087716896573,0.0,0.0,0.9999999999999997
2018-10-08,-0.014642992985137826,2.7887660444993303,0.0,0.0,0.9999999999999997
2018-10-09,-0.001111069375138607,2.7856675319528605,0.0,0.0,0.9999999999999997
2018-10-10,-0.05177952672492159,2.641426985535361,0.0,0.0,0.9999999999999997
2018-10-11,-0.016577441961074135,2.5976388829882335,0.0,0.0,0.9999999999999997
2018-10-12,0.03192893560122956,2.680578727598415,0.0,0.0,0.9999999999999997
2018-10-15,-0.014317241221373456,2.6422002353425063,0.0,0.0,0.9999999999999997
2018-10-16,0.0267334413799436,2.7128353404481085,0.0,0.0,0.9999999999999997
2018-10-17,-0.001838411313302979,2.7078480332671004,0.0,0.0,0.9999999999999997
2018-10-18,-0.01803121231858662,2.6590222504527943,0.0,0.0,0.9999999999999997
2018-10-19,-0.02341333802141965,2.596765663696467,0.0,0.0,0.9999999999999997
2018-10-22,0.012103313444754571,2.628195132466762,0.0,0.0,0.9999999999999997
2018-10-23,-0.009281471088700699,2.6038016153293078,0.0,0.0,0.9999999999999997
2018-10-24,-0.04745693212144508,2.4802331788129157,0.0,0.0,0.9999999999999997
2018-10-25,0.009905422291160537,2.5048009358296053,0.0,0.0,0.9999999999999997
2018-10-26,-0.023791146803491703,2.4452088490517596,0.0,0.0,0.9999999999999997
2018-10-29,-0.012539520919399139,2.414547101536775,0.0,0.0,0.9999999999999997
2018-10-30,0.02813627178071698,2.4824834550129564,0.0,0.0,0.9999999999999997
2018-10-31,0.016168562311282386,2.522621643442061,0.0,0.0,0.9999999999999997
2018-11-01,0.01888414672575678,2.5702592006903906,0.0,0.0,0.9999999999999997
2018-11-02,0.008782746229231142,2.5928331349934006,0.0004999999999999999,0.9999999999999997,0.0
2018-11-05,0.00018669404533122602,2.5933172015002413,0.0,0.0,0.0
2018-11-06,6.209445277116643e-05,2.5934782321127305,0.0,0.0,0.0
2018-11-07,6.324435161619846e-05,2.593642254961951,0.0,0.0,0.0
2018-11-08,6.324435161619846e-05,2.5938062881846906,0.0,0.0,0.0
2018-11-09,6.305270289663767e-05,2.593969834681951,0.0,0.0,0.0
2018-11-12,0.00018891170039547767,2.5944598659341955,0.0,0.0,0.0
2018-11-13,6.297056679849256e-05,2.5946232405424894,0.0,0.0,0.0
2018-11-14,6.283367765358427e-05,2.594786270262818,0.0,0.0,0.0
2018-11-15,6.365503210625789e-05,2.5949514414661605,0.0,0.0,0.0
2018-11-16,6.324435161619846e-05,2.5951155574875515,0.0,0.0,0.0
2018-11-19,0.00018891170039547767,2.5956058051802393,0.0,0.0,0.0
2018-11-20,6.297056679849256e-05,2.595769251948977,0.0,0.0,0.0
2018-11-21,6.39288169239638e-05,2.595935196406262,0.0,0.0,0.0
2018-11-23,0.00012867898177315595,2.5962692387040844,0.0,0.0,0.0
2018-11-26,0.0001928542135187783,2.596769940166198,0.0,0.0,0.0
2018-11-27,6.414784216701719e-05,2.5969365173544636,0.0,0.0,0.0
2018-11-28,6.442162698472309e-05,2.5971038162300877,0.0,0.0,0.0
2018-11-29,6.39288169239638e-05,2.597269846004488,0.0,0.0,0.0
2018-11-30,6.324435161619846e-05,2.597434108651871,0.0,0.0,0.0
2018-12-03,0.0001895687957074177,2.5979265011077772,0.0,0.0,0.0
2018-12-04,-0.031005091184718947,2.517377553049733,0.00044842819569670375,0.8968563913934074,0.89401222595594
2018-12-06,0.004805797284941793,2.5294755592593527,0.0,0.0,0.894505485753018
2018-12-07,-0.03412800075030098,2.4431496154750816,0.0,0.0,0.8907709194829311
2018-12-10,0.010979200755423024,2.4699734455789173,0.0,0.0,0.891936378166895
2018-12-11,-0.003246114367365993,2.461955629290211,0.0,0.0,0.8915775328524882
2018-12-12,0.011733958567187841,2.4908441146385574,0.0,0.0,0.892828048871408
2018-12-13,-0.0034062883859201643,2.4823595812597263,0.0,0.0,0.8924547499910863
2018-12-14,-0.022524741455087205,2.4264450734932925,0.0,0.0,0.8899693810631539
2018-12-17,-0.026099760305732245,2.3631154386800928,0.0,0.0,0.8869986728947209
2018-12-18,0.011201365147531561,2.3895855575945175,0.0,0.0,0.888243261421429
2018-12-19,-0.01845056686716451,2.3454963494793093,0.0,0.0,0.8861352695402245
2018-12-20,-0.019075866199322444,2.3007539749456427,0.0,0.0,0.8839135310001185
2018-12-21,-0.02375828384697265,2.2460920089468335,0.0,0.0,0.8810807934657983
2018-12-24,-0.018996124840520046,2.203424964741585,0.0,0.0,0.8787548471520145
2018-12-26,0.05478754573840616,2.3241452107785103,0.0,0.0,0.885037852240861
2018-12-27,0.00891360608593672,2.344861725673906,0.0,0.0,0.8860461013736921
2018-12-28,0.00027871135976687,2.345515265273934,0.0,0.0,0.8860705293148855
2018-12-31,0.013563461280349687,2.3773285707569465,0.0,0.0,0.8875736353334216
2019-01-02,-0.0006749059978168326,2.375724097445761,0.0,0.0,0.8874835381946837
2019-01-03,-0.007773416753544149,2.3572566039448777,0.0004433224906202336,0.8866449812404671,0.0
2019-01-04,6.447638655915355e-05,2.357408591332893,0.0,0.0,0.0
2019-01-07,0.00019367556797167396,2.3578651637807604,0.0,0.0,0.0
2019-01-08,6.442162698472309e-05,2.3580170612908216,0.0,0.0,0.0
2019-01-09,6.570842150210865e-05,2.358172002869794,0.0,0.0,0.0
2019-01-10,6.543463668462479e-05,2.3583263089980417,0.0,0.0,0.0
2019-01-11,6.502395619434331e-05,2.35847965670465,0.0,0.0,0.0
2019-01-14,0.00019466118156552525,2.3589387611413226,0.0,0.0,0.0
2019-01-15,6.461327570428388e-05,2.3590911799018657,0.0,0.0,0.0
2019-01-16,6.524298143739671e-05,2.359245094043925,0.0,0.0,0.0
2019-01-17,6.469541180220695e-05,2.3593977263768267,0.0,0.0,0.0
2019-01-18,6.447638655915355e-05,2.3595498518166793,0.0,0.0,0.0
2019-01-22,0.00025713895135837106,2.360156583991253,0.0,0.0,0.0
2019-01-23,6.420260174144765e-05,2.3603081121844625,0.0,0.0,0.0
2019-01-24,6.442162698472309e-05,2.3604601670732346,0.0,0.0,0.0
2019-01-25,6.310746247106813e-05,2.3606091297246428,0.0,0.0,0.0
2019-01-28,0.00019121150461320902,2.3610605053481413,0.0,0.0,0.0
2019-01-29,6.387405734931129e-05,2.361211315862265,0.0,0.0,0.0
2019-01-30,6.475017137685946e-05,2.3613642046996244,0.0,0.0,0.0
2019-01-31,6.475017137685946e-05,2.361517103436562,0.0,0.0,0.0
2019-02-01,6.406570606887207e-05,2.3616683956971873,0.0,0.0,0.0
2019-02-04,0.00019219711820683827,2.3621223015570005,0.0,0.0,0.0
2019-02-05,6.39288169239638e-05,2.3622733092411687,0.0,0.0,0.0
2019-02-06,6.475017137685946e-05,2.362426266842781,0.0,0.0,0.0
2019-02-07,6.475017137685946e-05,2.362579234348424,0.0,0.0,0.0
2019-02-08,6.447638655915355e-05,2.3627315649204146,0.0,0.0,0.0
2019-02-11,0.00019425051413035632,2.3631905267416524,0.0,0.0,0.0
2019-02-12,6.502395619434331e-05,2.363344190738942,0.0,0.0,0.0
2019-02-13,6.510609229248843e-05,2.3634980588439434,0.0,0.0,0.0
2019-02-14,6.496919661991285e-05,2.363651613414039,0.0,0.0,0.0
2019-02-15,6.496919661991285e-05,2.363805177960452,0.0,0.0,0.0
2019-02-19,0.000259548242087293,2.364418699439028,0.0,0.0,0.0
2019-02-20,6.496919661991285e-05,2.364572313822404,0.0,0.0,0.0
2019-02-21,6.524298143739671e-05,2.364726585569982,0.0,0.0,0.0
2019-02-22,6.557152582953307e-05,2.3648816443003673,0.0,0.0,0.0
2019-02-25,0.00019655029876530783,2.365346462494099,0.0,0.0,0.0
2019-02-26,6.551676625510261e-05,2.3655014323453947,0.0,0.0,0.0
2019-02-27,6.570842150210865e-05,2.365656865710575,0.0,0.0,0.0
2019-02-28,6.551676625510261e-05,2.3658118558984857,0.0,0.0,0.0
2019-03-01,6.524298143739671e-05,2.3659662085174844,0.0,0.0,0.0
2019-03-04,-0.012005041530357308,2.33756268592481,0.0003626057520608557,0.7252115041217114,0.7221853328650853
2019-03-05,0.0018069786412022726,2.3417866117707473,0.0,0.0,0.7226684005331064
2019-03-06,-0.008800859502135938,2.32117687681657,0.0,0.0,0.7201875877846116
2019-03-07,-0.006154486607724663,2.3068912248140423,0.0,0.0,0.7184362833259144
2019-03-08,-0.001843169671942202,2.3026392328719956,0.0,0.0,0.7178978586520713
2019-03-11,0.008037039028361948,2.321145634254825,0.0,0.0,0.7200920425701202
2019-03-12,0.0037409149958858023,2.329828842765644,0.0,0.0,0.721117080823613
2019-03-13,0.0063146745820006345,2.344540953739468,0.0,0.0,0.7228489129697189
2019-03-14,-0.0003018940043778562,2.343833150882516,0.0,0.0,0.7227470918750487
2019-03-15,0.006423015311522784,2.358887627098289,0.0,0.0,0.7244985153681248
2019-03-18,0.00395193106241587,2.368209788384567,0.0,0.0,0.7255291684135717
2019-03-19,0.004495986821751785,2.378857228384288,0.0,0.0,0.726739820255337
2019-03-20,-0.0030094033011639487,2.3716982875881905,0.0,0.0,0.7258969407024048
2019-03-21,0.011286333555231343,2.398466065554282,0.0,0.0,0.7289381640818263
2019-03-22,-0.012601682280970361,2.368241358234478,0.0,0.0,0.7254606358261355
2019-03-25,0.002181593376251234,2.3734078978949666,0.0,0.0,0.7260043094659221
2019-03-26,-3.823372362710131e-06,2.3733988234728045,0.0,0.0,0.725985332997354
2019-03-27,-0.005641007864541914,2.3600104620439,0.0,0.0,0.7244127002914597
2019-03-28,0.0028651055936688152,2.366772141219819,0.0,0.0,0.7251821400670241
2019-03-29,0.008494631270072661,2.386876997859762,0.0,0.0,0.7274792710497976
2019-04-01,0.004459044779943744,2.397520189277436,0.0,0.0,0.728637180913097
2019-04-02,0.00135836273225598,2.4007768913523817,0.00026612762375052997,0.5322552475010599,0.7229506839601403
2019-04-03,0.0026225221307498714,2.407072981880946,0.0,0.0,0.7236574215719987
2019-04-04,-0.0026439255294150588,2.400708860172986,0.0,0.0,0.7229068541744123
2019-04-05,0.003036853890350688,2.4079994622146015,0.0,0.0,0.7237278724998831
2019-04-08,-0.0030523662582934152,2.400649365906149,0.0,0.0,0.7228280627721703
2019-04-09,-0.004536641865292679,2.389758479488891,0.0,0.0,0.721546873731583
2019-04-10,0.004329214573588036,2.40010425672565,0.0,0.0,0.722729208594918
2019-04-11,-0.003444932531255329,2.3918360594932513,0.0,0.0,0.7217527273656561
2019-04-12,-0.0032863328002380454,2.3839756901981466,0.0,0.0,0.7208172232907066
2019-04-15,8.204586935978142e-05,2.3841712855561816,0.0,0.0,0.720785670967141
2019-04-16,-0.01114852245772291,2.3575912984361005,0.0,0.0,0.7176195047214831
2019-04-17,-0.013262982477653007,2.3263226063554754,0.0,0.0,0.7138053250721299
2019-04-18,0.0020133023863908583,2.3310061972103657,0.0,0.0,0.7143617525485505
2019-04-22,-0.00014674040057016668,2.3306641444272556,0.0,0.0,0.7142458403668043
2019-04-23,0.009168197858282712,2.3520321344445696,0.0,0.0,0.7168234778844218
2019-04-24,0.003320372247583636,2.3598417566692045,0.0,0.0,0.7177421494651581
2019-04-25,0.0003694857438667487,2.360713684556075,0.0,0.0,0.7178280544542477
2019-04-26,0.003731304697955462,2.3695222266177867,0.0,0.0,0.7188588072258029
2019-04-29,-0.004755570564190292,2.3582537964656884,0.0,0.0,0.71746067516921
2019-04-30,0.0026601283243479212,2.3645270541856678,0.0,0.0,0.7181920646487711
2019-05-01,-0.012406115668485485,2.335192458050177,0.0,0.0,0.71463350464072
2019-05-02,0.006472454302553832,2.3503068845225754,0.0002999440866580783,0.5998881733161565,0.8191119763556063
2019-05-03,0.003292301424856481,2.358044803227339,0.0,0.0,0.8196938464123986
2019-05-06,0.00042828077684764487,2.3590547084875064,0.0,0.0,0.819735981034512
2019-05-07,-0.016291385743348763,2.320622438241873,0.0,0.0,0.8167387388829007
2019-05-08,0.001485758534962578,2.324070322835917,0.0,0.0,0.81699875329667
2019-05-09,0.0002402141666566493,2.3246285974517686,0.0,0.0,0.8170308306702339
2019-05-10,0.0014548353116767831,2.328010549221875,0.0,0.0,0.8172847788943153
2019-05-13,-0.018288278688913584,2.2854352435069747,0.0,0.0,0.8138447522838482
2019-05-14,0.009523682806000133,2.3072010038397885,0.0,0.0,0.8155890465763432
2019-05-15,0.004923627516039808,2.3185608021873287,0.0,0.0,0.816480746966648
2019-05-16,0.006532784737775632,2.333707460809463,0.0,0.0,0.8176601265735483
2019-05-17,-0.004897949754377406,2.3222770789250027,0.0,0.0,0.8167509099890674
2019-05-20,-0.003595043475660975,2.3139283918637363,0.0,0.0,0.8160545486597912
2019-05-21,0.008301044623876042,2.333136414701051,0.0,0.0,0.8175573295363345
2019-05-22,0.0032624575451507543,2.3407481732010584,0.0,0.0,0.8181390049433586
2019-05-23,-0.01354659673023939,2.309039001651659,0.0,0.0,0.8156298656122113
2019-05-24,0.002780500039185174,2.3154592846862316,0.0,0.0,0.8161294925301297
2019-05-28,0.002275471277579655,2.3207280457829405,0.0,0.0,0.8165009672220834
2019-05-29,-0.009934922058524642,2.2976717935290547,0.0,0.0,0.8146479642020723
2019-05-30,0.007315846368698642,2.3144812073762058,0.0,0.0,0.8159825460501657
2019-05-31,-0.006925648006203655,2.298451925216945,0.0,0.0,0.8146874988313614
2019-06-03,-0.004624229447973693,2.287823356139605,0.0,0.0,0.813791526971933
2019-06-04,0.007173572485882573,2.3042352228197673,0.00040759080648819664,0.8151816129763932,0.0
2019-06-05,6.283367765358427e-05,2.304380006392996,0.0,0.0,0.0
2019-06-06,6.255989283587837e-05,2.304524168159249,0.0,0.0,0.0
2019-06-07,6.173853838298271e-05,2.3046664461130595,0.0,0.0,0.0
2019-06-10,0.00018193017775525178,2.3050857344892672,0.0,0.0,0.0
2019-06-11,6.078028825773352e-05,2.3052258382646684,0.0,0.0,0.0
2019-06-12,6.058863953817273e-05,2.305365508762037,0.0,0.0,0.0
2019-06-13,5.927446849707252e-05,2.3055021580772603,0.0,0.0,0.0
2019-06-14,5.8590009716752434e-05,2.305637237471104,0.0,0.0,0.0
2019-06-17,0.0001745379876796349,2.3060396587548513,0.0,0.0,0.0
2019-06-18,5.8535250142099926e-05,2.3061746433631143,0.0,0.0,0.0
2019-06-19,5.935660459499559e-05,2.3063115300595474,0.0,0.0,0.0
2019-06-20,5.8179329226470955e-05,2.3064457097173534,0.0,0.0,0.0
2019-06-21,5.689254123653065e-05,2.3065769292750034,0.0,0.0,0.0
2019-06-24,0.00016878850650980937,2.306966252950046,0.0,0.0,0.0
2019-06-25,5.634497160134089e-05,2.3070962388980534,0.0,0.0,0.0
2019-06-26,5.702943038166097e-05,2.3072278112823934,0.0,0.0,0.0
2019-06-27,5.730321519914483e-05,2.307360022854177,0.0,0.0,0.0
2019-06-28,5.7084189956091436e-05,2.3074917366320187,0.0,0.0,0.0
2019-07-01,0.0001671457976042401,2.307877424178803,0.0,0.0,0.0
2019-07-02,0.005255437561378251,2.3200063298808895,0.0004997501249375311,0.9995002498750623,0.9999999999999998
2019-07-03,0.010657002543521532,2.344730643239416,0.0,0.0,0.9999999999999998
2019-07-05,-0.0032232547238988385,2.3371729791173244,0.0,0.0,0.9999999999999998
2019-07-08,0.0003540802098087603,2.33800052581613,0.0,0.0,0.9999999999999998
2019-07-09,0.0011070277944884577,2.3405887573817368,0.0,0.0,0.9999999999999998
2019-07-10,0.004708085937094708,2.3516084503948878,0.0,0.0,0.9999999999999998
2019-07-11,-0.003152123004560914,2.344195891300678,0.0,0.0,0.9999999999999998
2019-07-12,0.00393775586951528,2.3534267624309413,0.0,0.0,0.9999999999999998
2019-07-15,0.006152637173534314,2.3679065434146644,0.0,0.0,0.9999999999999998
2019-07-16,-0.0005597153548434486,2.366581189763481,0.0,0.0,0.9999999999999998
2019-07-17,-0.01047292692963786,2.3417961578900326,0.0,0.0,0.9999999999999998
2019-07-18,0.0066317962813085,2.3573264729415104,0.0,0.0,0.9999999999999998
2019-07-19,-0.011978000080679951,2.329090416258428,0.0,0.0,0.9999999999999998
2019-07-22,0.0012436057591735938,2.331986886513723,0.0,0.0,0.9999999999999998
2019-07-23,0.0030632560417425125,2.3391303594331005,0.0,0.0,0.9999999999999998
2019-07-24,0.0012852683951667387,2.3421367697562547,0.0,0.0,0.9999999999999998
2019-07-25,-0.004608276571655856,2.3313435557525732,0.0,0.0,0.9999999999999998
2019-07-26,0.010435288799696352,2.3556717990481624,0.0,0.0,0.9999999999999998
2019-07-29,0.000921686484993467,2.3578429899084252,0.0,0.0,0.9999999999999998
2019-07-30,0.002559824836462443,2.3638786549544717,0.0,0.0,0.9999999999999998
2019-07-31,-0.013998006475460456,2.330789066235216,0.0,0.0,0.9999999999999998
2019-08-01,-0.007663895328902992,2.312926142797838,0.0,0.0,0.9999999999999998
2019-08-02,-0.007821875708244663,2.2948347219865237,0.0003588689150056753,0.7177378300113506,0.9999999999999998
2019-08-05,-0.025176498413123083,2.2370588192500502,0.0,0.0,0.9999999999999998
2019-08-06,0.01673712711618358,2.2745007570742177,0.0,0.0,0.9999999999999998
2019-08-07,0.007988721340009608,2.2926711098101245,0.0,0.0,0.9999999999999998
2019-08-08,0.026202530102190202,2.352744893579346,0.0,0.0,0.9999999999999998
2019-08-09,-0.002086687391499642,2.347835450474499,0.0,0.0,0.9999999999999998
2019-08-12,-0.014764766894631909,2.31317020734129,0.0,0.0,0.9999999999999998
2019-08-13,0.010862322012072267,2.338296607002163,0.0,0.0,0.9999999999999998
2019-08-14,-0.029810413890439258,2.2685910173488186,0.0,0.0,0.9999999999999998
2019-08-15,0.010383975273784207,2.292148010379298,0.0,0.0,0.9999999999999998
2019-08-16,0.01230115293496592,2.3203440736045517,0.0,0.0,0.9999999999999998
2019-08-19,0.01405150904187269,2.352948409335062,0.0,0.0,0.9999999999999998
2019-08-20,-0.00540011583485922,2.340242215371205,0.0,0.0,0.9999999999999998
2019-08-21,0.011760213490293436,2.3677639634429677,0.0,0.0,0.9999999999999998
2019-08-22,0.00035645448276877545,2.368607963521875,0.0,0.0,0.9999999999999998
2019-08-23,-0.02704598184689655,2.3045466355380477,0.0,0.0,0.9999999999999998
2019-08-26,0.015049300066762417,2.3392284493741076,0.0,0.0,0.9999999999999998
2019-08-27,0.00022158925068227475,2.339746797253379,0.0,0.0,0.9999999999999998
2019-08-28,0.007284263305374905,2.3567901289924804,0.0,0.0,0.9999999999999998
2019-08-29,0.01580647759325715,2.3940426793584098,0.0,0.0,0.9999999999999998
2019-08-30,-0.0164252768668951,2.3547198655187844,0.0,0.0,0.9999999999999998
2019-09-03,-0.002357967391967919,2.349167512858672,0.0,0.0,0.9999999999999998
2019-09-04,0.006823803839718368,2.3651977711530585,0.00042143348007008094,0.8428669601401619,0.9999999999999997
2019-09-05,0.008583961281264596,2.3855005372431695,0.0,0.0,0.9999999999999997
2019-09-06,0.0007796834178790402,2.3873604724553994,0.0,0.0,0.9999999999999997
2019-09-09,-0.01761418227528133,2.3453090699367682,0.0,0.0,0.9999999999999997
2019-09-10,-0.01727714161919447,2.3047888329946895,0.0,0.0,0.9999999999999997
2019-09-11,0.001133003853847736,2.3074001676247775,0.0,0.0,0.9999999999999997
2019-09-12,0.007984134749675853,2.3258227614845186,0.0,0.0,0.9999999999999997
2019-09-13,-0.006403243784535273,2.310929951343112,0.0,0.0,0.9999999999999997
2019-09-16,-0.009040898152556154,2.2900370690153276,0.0,0.0,0.9999999999999997
2019-09-17,0.014783038780927349,2.3238907758163423,0.0,0.0,0.9999999999999997
2019-09-18,0.0015327565839318158,2.3274527347033134,0.0,0.0,0.9999999999999997
2019-09-19,0.002119791274380667,2.332386448701871,0.0,0.0,0.9999999999999997
2019-09-20,-0.001537668648472601,2.3288000111835796,0.0,0.0,0.9999999999999997
2019-09-23,0.0026108690575230575,2.334880203073938,0.0,0.0,0.9999999999999997
2019-09-24,-0.004788495744769028,2.323699639156973,0.0,0.0,0.9999999999999997
2019-09-25,-0.0021769671600567753,2.3186410213526925,0.0,0.0,0.9999999999999997
2019-09-26,0.002800243476826614,2.325133780747838,0.0,0.0,0.9999999999999997
2019-09-27,-0.0077062873579057944,2.3072156316878214,0.0,0.0,0.9999999999999997
2019-09-30,0.010206284700412738,2.33076373129007,0.0,0.0,0.9999999999999997
2019-10-01,-0.0065297619048600986,2.3155443990682625,0.0,0.0,0.9999999999999997
2019-10-02,-0.017348990497702554,2.275372041291819,0.0005088629533842713,1.0177259067685425,0.9999999999999998
2019-10-03,0.006278587650034417,2.289658164089507,0.0,0.0,0.9999999999999998
2019-10-04,0.014059195133741653,2.321848915008006,0.0,0.0,0.9999999999999998
2019-10-07,-0.004472671905126568,2.311464046597901,0.0,0.0,0.9999999999999998
2019-10-08,-0.010912655811622152,2.286239835036439,0.0,0.0,0.9999999999999998
2019-10-09,0.011181095351206372,2.3118025006277074,0.0,0.0,0.9999999999999998
2019-10-10,0.0033558372708744066,2.3195605336222145,0.0,0.0,0.9999999999999998
2019-10-11,0.0012625691860164157,2.322489139277066,0.0,0.0,0.9999999999999998
2019-10-14,-0.0034285703378554855,2.314526321904149,0.0,0.0,0.9999999999999998
2019-10-15,0.0005631574716975507,2.31582976469577,0.0,0.0,0.9999999999999998
2019-10-16,-0.0034873591969988293,2.3077536344671747,0.0,0.0,0.9999999999999998
2019-10-17,0.0038540158328865814,2.3166477535128127,0.0,0.0,0.9999999999999998
2019-10-18,0.003720038569625439,2.3252657725081165,0.0,0.0,0.9999999999999998
2019-10-21,0.0020820808742674224,2.330107163900644,0.0,0.0,0.9999999999999998
2019-10-22,-0.009250509134017038,2.3085524862977427,0.0,0.0,0.9999999999999998
2019-10-23,-0.007090140660175548,2.2921845244484937,0.0,0.0,0.9999999999999998
2019-10-24,0.016909270863853854,2.3309436934423275,0.0,0.0,0.9999999999999998
2019-10-25,-0.0032136756641170106,2.323452796420285,0.0,0.0,0.9999999999999998
2019-10-28,0.0014905387054191532,2.326915992743564,0.0,0.0,0.9999999999999998
2019-10-29,0.0024307163059960057,2.3325720653898085,0.0,0.0,0.9999999999999998
2019-10-30,0.004264242339885094,2.342518717951877,0.0,0.0,0.9999999999999998
2019-10-31,-0.002785940563274414,2.3359926000353055,0.0,0.0,0.9999999999999998
2019-11-01,-0.0023013348666166555,2.330616698816686,0.0,0.0,0.9999999999999998
2019-11-04,-0.010515121096009605,2.306109982000246,0.000561734283586009,1.1234685671720182,0.9999999999999998
2019-11-05,-0.007197782288553389,2.2895111044163485,0.0,0.0,0.9999999999999998
2019-11-06,0.00438077424259764,2.299540935690717,0.0,0.0,0.9999999999999998
2019-11-07,-0.005376927532885989,2.287176470720603,0.0,0.0,0.9999999999999998
2019-11-08,0.001627071672589686,2.2908978707663263,0.0,0.0,0.9999999999999998
2019-11-11,0.00118708919429511,2.293617370873947,0.0,0.0,0.9999999999999998
2019-11-12,0.005727846515376278,2.3067548591393137,0.0,0.0,0.9999999999999998
2019-11-13,0.00664863952231598,2.3220916406640817,0.0,0.0,0.9999999999999998
2019-11-14,0.0025213542467841243,2.327946456283692,0.0,0.0,0.9999999999999998
2019-11-15,0.012739136151405539,2.357602483143472,0.0,0.0,0.9999999999999998
2019-11-18,0.0024667084026412933,2.36341800099873,0.0,0.0,0.9999999999999998
2019-11-19,-0.0014860613999345684,2.359905816735535,0.0,0.0,0.9999999999999998
2019-11-20,-0.00038442321559428727,2.358998614152966,0.0,0.0,0.9999999999999998
2019-11-21,-0.016977649137238315,2.3189483633666454,0.0,0.0,0.9999999999999998
2019-11-22,-0.0017106183938463415,2.3149815276418906,0.0,0.0,0.9999999999999998
2019-11-25,0.011366622336457244,2.3412950483824706,0.0,0.0,0.9999999999999998
2019-11-26,0.004396601249615939,2.351588789117909,0.0,0.0,0.9999999999999998
2019-11-27,0.007877874983241329,2.3701143116105716,0.0,0.0,0.9999999999999998
2019-11-29,-0.0047933849648331694,2.3587534413043616,0.0,0.0,0.9999999999999998
2019-12-02,-0.0138337537770723,2.326123026976535,0.0,0.0,0.9999999999999998
2019-12-03,-0.004226572396804462,2.316291499599145,0.000459518404682876,0.9190368093657518,1.0
2019-12-04,0.007968096539319847,2.3347479338811565,0.0,0.0,1.0
2019-12-05,0.003835061041083554,2.3437018347231344,0.0,0.0,1.0
2019-12-06,0.00241996034411307,2.3493735002215894,0.0,0.0,1.0
2019-12-09,-0.003263875787877124,2.341705436937536,0.0,0.0,1.0
2019-12-10,-0.0020298726227910846,2.3369520731804556,0.0,0.0,1.0
2019-12-11,0.01015622218565393,2.3606866776729007,0.0,0.0,1.0
2019-12-12,0.00754900295079497,2.3785075083685556,0.0,0.0,1.0
2019-12-13,0.0021596231999900795,2.383644188364979,0.0,0.0,1.0
2019-12-16,0.007844209320215567,2.402341992323429,0.0,0.0,1.0
2019-12-17,0.005509527189617502,2.415577760848895,0.0,0.0,1.0
2019-12-18,-0.0045088677693221335,2.404686240138712,0.0,0.0,1.0
2019-12-19,0.006660788650738825,2.420703346955616,0.0,0.0,1.0
2019-12-20,0.008734667806836294,2.4418473865501698,0.0,0.0,1.0
2019-12-23,-0.0015507493868786026,2.438060693212626,0.0,0.0,1.0
2019-12-24,0.002992281981130107,2.445356058293828,0.0,0.0,1.0
2019-12-26,0.0037491213806890578,2.454523994975375,0.0,0.0,1.0
2019-12-27,-0.00030550966324338624,2.4537741141762472,0.0,0.0,1.0
2019-12-30,-0.004942592531649304,2.4416461085651653,0.0,0.0,1.0
2019-12-31,0.0017311283131307142,2.445872911274348,0.0,0.0,1.0
2020-01-02,0.01211432862353079,2.4755030194929173,0.0,0.0,1.0
2020-01-03,-0.002155813213569835,2.4701662973732623,0.0002684103780798506,0.5368207561597012,0.9999999999999998
2020-01-06,-0.0005341591757542785,2.4688468353798814,0.0,0.0,0.9999999999999998
2020-01-07,0.0011350885130991806,2.4716491950633226,0.0,0.0,0.9999999999999998
2020-01-08,0.005014702559482442,2.484043780607949,0.0,0.0,0.9999999999999998
2020-01-09,0.007983123359956767,2.503874208540076,0.0,0.0,0.9999999999999998
2020-01-10,-0.0003489199463780901,2.5030005568854947,0.0,0.0,0.9999999999999998
2020-01-13,0.011670157519790836,2.532210967656473,0.0,0.0,0.9999999999999998
2020-01-14,-0.004379362171913481,2.5211214987334136,0.0,0.0,0.9999999999999998
2020-01-15,0.001287519718664809,2.5243674923761827,0.0,0.0,0.9999999999999998
2020-01-16,0.011347938812966696,2.55301386022111,0.0,0.0,0.9999999999999998
2020-01-17,0.0033680029092233443,2.5616124183296223,0.0,0.0,0.9999999999999998
2020-01-21,-0.0005107566919957396,2.560304057644661,0.0,0.0,0.9999999999999998
2020-01-22,0.004591631862995493,2.572060031334699,0.0,0.0,0.9999999999999998
2020-01-23,0.0034596195922007578,2.580958380611421,0.0,0.0,0.9999999999999998
2020-01-24,-0.011143698091001242,2.5521969596324476,0.0,0.0,0.9999999999999998
2020-01-27,-0.01618256419841224,2.510895868486203,0.0,0.0,0.9999999999999998
2020-01-28,0.01662934176177089,2.5526504140114787,0.0,0.0,0.9999999999999998
2020-01-29,-0.005067646858222585,2.5397144831607728,0.0,0.0,0.9999999999999998
2020-01-30,0.012426771783857982,2.5712749354391704,0.0,0.0,0.9999999999999998
2020-01-31,-0.02554901171717361,2.5055814019855602,0.0,0.0,0.9999999999999998
2020-02-03,0.014677734690196065,2.5423576610485936,0.0,0.0,0.9999999999999998
2020-02-04,0.021355854355537884,2.596651880977633,0.00032096798382165936,0.6419359676433187,0.9999999999999998
2020-02-05,-0.0006671881104425292,2.5949194257156867,0.0,0.0,0.9999999999999998
2020-02-06,0.0016577276516127615,2.599221095401403,0.0,0.0,0.9999999999999998
2020-02-07,-0.01037110121948348,2.572264310329178,0.0,0.0,0.9999999999999998
2020-02-10,0.01831473872857914,2.619374659113706,0.0,0.0,0.9999999999999998
2020-02-11,0.007440171225942649,2.638863255082407,0.0,0.0,0.9999999999999998
2020-02-12,0.012993656949618071,2.6731517389559003,0.0,0.0,0.9999999999999999
2020-02-13,0.003940458937939484,2.6836851836181377,0.0,0.0,0.9999999999999999
2020-02-14,0.0037697301451387055,2.693801952554885,0.0,0.0,0.9999999999999999
2020-02-18,-0.005993513082094393,2.6776566153116756,0.0,0.0,0.9999999999999999
2020-02-19,0.014527192692732172,2.7165554489272776,0.0,0.0,0.9999999999999999
2020-02-20,-0.00961313366416705,2.6904408382906184,0.0,0.0,0.9999999999999999
2020-02-21,-0.024337986970879966,2.624960924222378,0.0,0.0,0.9999999999999998
2020-02-24,-0.0398397134526457,2.5203832331769664,0.0,0.0,0.9999999999999998
2020-02-25,-0.03454083403908037,2.43332709420492,0.0,0.0,0.9999999999999998
2020-02-26,0.00019628753476541583,2.4338047259815196,0.0,0.0,0.9999999999999998
2020-02-27,-0.04670509688257285,2.320133640461289,0.0,0.0,0.9999999999999998
2020-02-28,0.009688405261850663,2.342612035431731,0.0,0.0,0.9999999999999998
2020-03-02,0.0431946271585375,2.443800288879307,0.0,0.0,0.9999999999999998
2020-03-03,0.002578032333865554,2.450100485041548,0.0004999999999999999,0.9999999999999998,0.0
2020-03-04,2.5133469755855842e-05,2.450162064567988,0.0,0.0,0.0
2020-03-05,1.848049313957212e-05,2.450207344771213,0.0,0.0,0.0
2020-03-06,1.6290212966785234e-05,2.450247259170672,0.0,0.0,0.0
2020-03-09,3.4086241614383894e-05,2.450330778890763,0.0,0.0,0.0
2020-03-10,9.034907956451121e-06,2.4503529174038134,0.0,0.0,0.0
2020-03-11,1.0677617678256368e-05,2.4503790813354422,0.0,0.0,0.0
2020-03-12,1.0075290916233826e-05,2.450403769617542,0.0,0.0,0.0
2020-03-13,7.474332700985187e-06,2.4504220847505676,0.0,0.0,0.0
2020-03-16,1.995893229689294e-05,2.450470992559056,0.0,0.0,0.0
2020-03-17,5.065024021533304e-06,2.4504834042534975,0.0,0.0,0.0
2020-03-18,4.517453978225561e-06,2.4504944741995005,0.0,0.0,0.0
2020-03-19,8.213552438185445e-08,2.4504946754721493,0.0,0.0,0.0
2020-03-20,-7.665982442173203e-07,2.4504927969272337,0.0,0.0,0.0
2020-03-23,-2.710472264633168e-06,2.450486154934473,0.0,0.0,0.0
2020-03-24,-1.095140290341412e-06,2.450483471308354,0.0,0.0,0.0
2020-03-25,-9.034907548777227e-07,2.4504812573191925,0.0,0.0,0.0
2020-03-26,-1.9164955591399746e-06,2.4504765609827452,0.0,0.0,0.0
2020-03-27,-2.874743236680466e-06,2.450469516491825,0.0,0.0,0.0
2020-03-30,-4.763860232515071e-06,2.4504578427975443,0.0,0.0,0.0
2020-03-31,3.559206096515055e-07,2.4504587149659938,0.0,0.0,0.0
2020-04-01,8.213552178393257e-07,2.4504607276630455,0.0,0.0,0.0
2020-04-02,1.724846023565263e-06,2.4504649543304873,0.0,0.0,0.0
2020-04-03,1.779602946339054e-06,2.4504693151851398,0.0,0.0,0.0
2020-04-06,4.763860232515071e-06,2.4504809888784616,0.0,0.0,0.0
2020-04-07,1.6427104354566069e-06,2.450485014309154,0.0,0.0,0.0
2020-04-08,3.504449173963309e-06,2.450493601909338,0.0,0.0,0.0
2020-04-09,5.065024021533304e-06,2.4505060137182966,0.0,0.0,0.0
2020-04-13,2.2997945893887817e-05,2.450562370323013,0.0,0.0,0.0
2020-04-14,5.475701655877074e-06,2.4505757888714417,0.0,0.0,0.0
2020-04-15,4.517453978225561e-06,2.450586859234788,0.0,0.0,0.0
2020-04-16,3.1485284623933296e-06,2.450594574977264,0.0,0.0,0.0
2020-04-17,3.011635849592409e-06,2.450601955275739,0.0,0.0,0.0
2020-04-20,8.459958942053092e-06,2.450622687267664,0.0,0.0,0.0
2020-04-21,1.9164955591399746e-06,2.4506273838751613,0.0,0.0,0.0
2020-04-22,2.6830937012167766e-06,2.450633959138059,0.0,0.0,0.0
2020-04-23,2.546201292474848e-06,2.450640198945413,0.0,0.0,0.0
2020-04-24,2.546201292474848e-06,2.450646438768655,0.0,0.0,0.0
2020-04-27,8.21355248370459e-06,2.450666567281799,0.0,0.0,0.0
2020-04-28,2.546201292474848e-06,2.4506728071721797,0.0,0.0,0.0
2020-04-29,2.3271731934837447e-06,2.4506785103122426,0.0,0.0,0.0
2020-04-30,2.4640658062846654e-06,2.450684548945362,0.0,0.0,0.0
2020-05-01,2.4640658062846654e-06,2.450690587593361,0.0,0.0,0.0
2020-05-04,7.638603877202499e-06,2.450709307447985,0.0,0.0,0.0
2020-05-05,2.4640658062846654e-06,2.450715346156991,0.0,0.0,0.0
2020-05-06,3.011635849592409e-06,2.4507227268191842,0.0,0.0,0.0
2020-05-07,2.956878926818618e-06,2.4507299733095707,0.0,0.0,0.0
2020-05-08,2.600958215248639e-06,2.450736347555828,0.0,0.0,0.0
2020-05-11,7.802874645523872e-06,2.4507554703443373,0.0,0.0,0.0
2020-05-12,2.8747432367914882e-06,2.4507625156370505,0.0,0.0,0.0
2020-05-13,3.367556561162388e-06,2.45077076871844,0.0,0.0,0.0
2020-05-14,3.1485284623933296e-06,2.45077848503996,0.0,0.0,0.0
2020-05-15,2.8747432367914882e-06,2.4507855303988344,0.0,0.0,0.0
2020-05-18,8.459958942053092e-06,2.4508062639437975,0.0,0.0,0.0
2020-05-19,2.8747432367914882e-06,2.4508133093825295,0.0,0.0,0.0
2020-05-20,3.2306639483614674e-06,2.4508212271367324,0.0,0.0,0.0
2020-05-21,3.2306639483614674e-06,2.450829144916515,0.0,0.0,0.0
2020-05-22,3.011635849592409e-06,2.450836525921429,0.0,0.0,0.0
2020-05-26,1.2046543398147591e-05,2.45086605003,0.0,0.0,0.0
2020-05-27,3.2306639483614674e-06,2.4508739679545903,0.0,0.0,0.0
2020-05-28,3.6960987095380204e-06,2.4508830266267005,0.0,0.0,0.0
2020-05-29,3.778233991669211e-06,2.4508922866362615,0.0,0.0,0.0
2020-06-01,1.0513347521889926e-05,2.4509180537186097,0.0,0.0,0.0
2020-06-02,-0.000582384026759919,2.4494906781932264,0.00019694659978979705,0.39389319957959407,0.39373494371433365
2020-06-03,-0.00016719417562927053,2.4490811376185744,0.0,0.0,0.3936311555736026
2020-06-04,-0.0016467761306825368,2.4450480492590394,0.0,0.0,0.3926284936562889
2020-06-05,0.004837521125730548,2.456876020850756,0.0,0.0,0.3955502042630205
2020-06-08,0.0009556316799028686,2.459223889409875,0.0,0.0,0.3961200922478642
2020-06-09,0.004517146681168427,2.470332564440173,0.0,0.0,0.39883312161781054
2020-06-10,0.004093856207984636,2.480445750744893,0.0,0.0,0.4012814734309344
2020-06-11,-0.0179575732721875,2.4359029644282053,0.0,0.0,0.3903305855660351
2020-06-12,0.0013737049259787693,2.4392491763296467,0.0,0.0,0.3911643921882992
2020-06-15,0.006756326394377732,2.455729539922147,0.0,0.0,0.3952428279768143
2020-06-16,0.005128073107414366,2.468322700534905,0.0,0.0,0.39832569142890606
2020-06-17,0.0020493541099175783,2.473381167805849,0.0,0.0,0.3995535830900776
2020-06-18,-0.0005827815615229159,2.471939726866634,0.0,0.0,0.3992007358677099
2020-06-19,0.0063062529690247615,2.487528404108437,0.0,0.0,0.4029634962339575
2020-06-22,0.0018286809110479307,2.49207729981672,0.0,0.0,0.40404629298098704
2020-06-23,-0.0002680561342938148,2.4914092832093697,0.0,0.0,0.40388421620312503
2020-06-24,-0.006572191662034044,2.475035263891547,0.0,0.0,0.39993821020502457
2020-06-25,0.003993177465303921,2.484918518933151,0.0,0.0,0.40232262414619896
2020-06-26,-0.0073452257131709775,2.4666662315327486,0.0,0.0,0.3978979212183401
2020-06-29,0.003773793943873338,2.475974921618864,0.0,0.0,0.40015503513599726
2020-06-30,0.00946143372585695,2.4994011942466443,0.0,0.0,0.40577520083405483
2020-07-01,0.0009002358972458602,2.5016512449233246,0.0,0.0,0.4063074678499099
2020-07-02,0.0008482273834240495,2.5037732140130453,0.0001282506334540033,0.2565012669080066,0.38745463791046836
2020-07-06,0.007336186204622841,2.522141360525192,0.0,0.0,0.3919068009012286
2020-07-07,0.00013779130621061064,2.5224888896777062,0.0,0.0,0.3919884485753813
2020-07-08,0.0037831948797675263,2.5320319567294054,0.0,0.0,0.3942776836383252
2020-07-09,0.003323300150918973,2.5404466589133357,0.0,0.0,0.39628178167492556
2020-07-10,-0.0014745463493166522,2.536700652566801,0.0,0.0,0.3953882205275034
2020-07-13,-0.009946163379989992,2.5114702134302447,0.0,0.0,0.3893082211073427
2020-07-14,0.008375958580179255,2.5325061839132905,0.0,0.0,0.39437878930469505
2020-07-15,0.00011929337135940798,2.5328082951139583,0.0,0.0,0.3944488222725191
2020-07-16,-0.0025008369615850956,2.526474154512928,0.0,0.0,0.39292856319908415
2020-07-17,0.0030705235226065053,2.5342317528336173,0.0,0.0,0.39478517761430604
2020-07-20,0.007060295681376116,2.5521241783337545,0.0,0.0,0.39902303318605675
2020-07-21,-0.002730888334583348,2.5451546121867348,0.0,0.0,0.3973756056027913
2020-07-22,0.00468611597928259,2.557081501884648,0.0,0.0,0.40018459527028505
2020-07-23,-0.006868601098714677,2.5395179290713,0.0,0.0,0.3960345553484635
2020-07-24,0.00038201904135726217,2.540488073276073,0.0,0.0,0.39626349101656944
2020-07-27,0.006122300820135873,2.5560417054906366,0.0,0.0,0.3999324255747369
2020-07-28,-0.004711265506576301,2.543999514370188,0.0,0.0,0.397090430624118
2020-07-29,0.008836688386418157,2.5664800453338765,0.0,0.0,0.4023698022551684
2020-07-30,0.001386709819914289,2.570039008415355,0.0,0.0,0.40319592372816415
2020-07-31,0.0034356865492259914,2.5788688568675537,0.0,0.0,0.40523795083402586
2020-08-03,0.0039038002796782934,2.588936245832247,0.0,0.0,0.4075467154912779
2020-08-04,0.002105775221959094,2.594387963629952,0.00016720385618409532,0.3344077123681906,0.3880224831347887
2020-08-05,0.0008697426169581579,2.5966444134068443,0.0,0.0,0.3885527768898747
2020-08-06,0.0010698658160217533,2.599422474501112,0.0,0.0,0.3892046556007546
2020-08-07,-0.00583697855741605,2.5842497012557835,0.0,0.0,0.3856170438652294
2020-08-10,-0.004868136793588551,2.57166922020128,0.0,0.0,0.3826070498137591
2020-08-11,-0.008809811018581803,2.549013300369003,0.0,0.0,0.37711809041321254
2020-08-12,0.01019499420383796,2.5750004761917706,0.0,0.0,0.3834025920555559
2020-08-13,0.0022498801064052554,2.5807939185371387,0.0,0.0,0.3847850637500642
2020-08-14,-0.001227801151358121,2.5776252167925406,0.0,0.0,0.3840272557754121
2020-08-17,0.007702891186808447,2.5974803833578672,0.0,0.0,0.38873133954734784
2020-08-18,0.00023033894724489024,2.598078684254859,0.0,0.0,0.38887068390260754
2020-08-19,-0.0017289399276615436,2.5935867622824444,0.0,0.0,0.38781057197630103
2020-08-20,0.0037756993884541235,2.603379366234697,0.0,0.0,0.3901117344484475
2020-08-21,-0.00018924702240297187,2.6028866844414518,0.0,0.0,0.38999482337602914
2020-08-24,-3.893805505916781e-06,2.6028765493069486,0.0,0.0,0.3899880390357967
2020-08-25,0.003701090442832289,2.612510030827461,0.0,0.0,0.3922360089311561
2020-08-26,0.004969773778805253,2.625493614675533,0.0,0.0,0.3952399488072972
2020-08-27,-0.00389644674019729,2.615263518639222,0.0,0.0,0.3928727700504511
2020-08-28,0.0020204261290432957,2.6205474653866143,0.0,0.0,0.3940953764709809
2020-08-31,0.004089253003040971,2.6312635469790577,0.0,0.0,0.39655827456106774
2020-09-01,0.002833170502838822,2.6387183652455537,0.0,0.0,0.39826153271030296
2020-09-02,0.007793363595857139,2.659282856892978,7.420604279246975e-05,0.14841208558493948,0.39965426495361794
2020-09-03,-0.023100357898397483,2.597852471145677,0.0,0.0,0.38545644523738026
2020-09-04,-0.008511658421404,2.575740438282085,0.0,0.0,0.38017905857294
2020-09-08,-0.013128697666897948,2.541924320799476,0.0,0.0,0.3719262770049267
2020-09-09,0.011706149528083465,2.571680466987827,0.0,0.0,0.3791916947168908
2020-09-10,-0.00730287902402682,2.552899795648962,0.0,0.0,0.37462285642851995
2020-09-11,-0.003754503392879305,2.543314924704517,0.0,0.0,0.37226425689621917
2020-09-14,0.006972753904055384,2.5610488337749926,0.0,0.0,0.37660572116909014
2020-09-15,0.005784655479886602,2.5758636189455464,0.0,0.0,0.3801894051624665
2020-09-16,-0.007060440795245926,2.5576768863673536,0.0,0.0,0.37578044298799845
2020-09-17,-0.003449120932682903,2.548855149479545,0.0,0.0,0.3736182676229759
2020-09-18,-0.003680633634755237,2.539473747486251,0.0,0.0,0.3713028058854651
2020-09-21,0.004622712569844145,2.551213004699545,0.0,0.0,0.37419145293747175
2020-09-22,0.006264168349598753,2.567194232456669,0.0,0.0,0.3780858571310911
2020-09-23,-0.011123552909255596,2.538637911583601,0.0,0.0,0.37108862984681745
2020-09-24,0.0016344332818454266,2.542787145876848,0.0,0.0,0.3721133534375626
2020-09-25,0.009014360912671382,2.5657087469338835,0.0,0.0,0.37772120039967294
2020-09-28,0.005389748897328905,2.5795372728235373,0.0,0.0,0.38105257161159745
2020-09-29,0.001780826038088712,2.584130979965202,0.0,0.0,0.3821513613195458
2020-09-30,0.002326889201944571,2.5901439664388937,0.0,0.0,0.3835842546205882
2020-10-01,0.005309590083267146,2.6038965691573317,0.0,0.0,0.38683845656485366
2020-10-02,-0.011044820452142057,2.57513699907504,0.00022263925320055485,0.4452785064011097,0.7061525117815897
2020-10-05,0.017220588163800787,2.6194823728014773,0.0,0.0,0.7111250567088551
2020-10-06,-0.014468834406928033,2.581581516117546,0.0,0.0,0.7068833278556647
2020-10-07,0.018666933938943364,2.6297717277369097,0.0,0.0,0.7122539580042493
2020-10-08,-0.002304341727898618,2.6237118350098374,0.0,0.0,0.7115886664645481
2020-10-09,0.009286720003018667,2.64807751219018,0.0,0.0,0.7142417286472189
2020-10-12,0.011966466403298126,2.679765642773133,0.0,0.0,0.7176186527576729
2020-10-13,0.0049770355979408265,2.6931029317713535,0.0,0.0,0.719016422220496
2020-10-14,-0.0049122383826999405,2.6798737681813445,0.0,0.0,0.7176286313042645
2020-10-15,-0.000999928093633362,2.6771940871131488,0.0,0.0,0.7173452237620189
2020-10-16,-0.00013640433027006793,2.6768289062466932,0.0,0.0,0.7173059278931796
2020-10-19,-0.009851735217660917,2.65045749663937,0.0,0.0,0.7144910798794817
2020-10-20,0.0012518138570132287,2.6537753760610876,0.0,0.0,0.7148473344248454
2020-10-21,-0.006418420310720818,2.6367423302872863,0.0,0.0,0.7130045352345418
2020-10-22,-0.0044015188614277,2.625136659187802,0.0,0.0,0.7117350243313361
2020-10-23,0.006879825624338087,2.6431971416430717,0.0,0.0,0.7137040199087884
2020-10-26,-0.012812882068451437,2.609330168383531,0.0,0.0,0.7099861549633608
2020-10-27,0.0010923166508476356,2.6121803831740156,0.0,0.0,0.7103019617425743
2020-10-28,-0.028623940454357233,2.5374094874300024,0.0,0.0,0.7017645748568673
2020-10-29,0.011615038440211167,2.566881596165058,0.0,0.0,0.7051880916334632
2020-10-30,-0.019824380536670128,2.515994758610107,0.0,0.0,0.6992247384573071
2020-11-02,0.004101637281497261,2.5263144565120736,0.0,0.0,0.7004513279984014
2020-11-03,0.01216104572270904,2.557037082127658,0.00020444046685525556,0.40888093371051115,0.8157653004026323
2020-11-04,0.026653616674098934,2.6251913683361447,0.0,0.0,0.8205478940787921
2020-11-05,0.023930627931936677,2.6880138462219287,0.0,0.0,0.8247415314907592
2020-11-06,0.005017874682272883,2.7015019628464847,0.0,0.0,0.8256161598902336
2020-11-09,-0.03612430006226286,2.603912095321826,0.0,0.0,0.8190793388203985
2020-11-10,-0.01572942181062642,2.562954063616717,0.0,0.0,0.8161876407947333
2020-11-11,0.022939097874881353,2.621745917730846,0.0,0.0,0.8203091342261917
2020-11-12,-0.007260515262600853,2.6027106914805,0.0,0.0,0.8189944982479885
2020-11-13,0.0035992341047084153,2.612078456565966,0.0,0.0,0.8196432232786277
2020-11-16,0.006026005165416848,2.6278188548377064,0.0,0.0,0.8207223219556553
2020-11-17,-0.0008775444738676752,2.6255128269233183,0.0,0.0,0.8205644911898198
2020-11-18,-0.007882465265985017,2.604817313259697,0.0,0.0,0.8191384633954715
2020-11-19,0.00806952356290247,2.6258369479461026,0.0,0.0,0.8205858784975133
2020-11-20,-0.0037518621272121244,2.6159851697488694,0.0,0.0,0.8199099105861054
2020-11-23,0.002417986023938834,2.6223105853281536,0.0,0.0,0.8203434596657276
2020-11-24,-0.0022356162021250903,2.6164481052965898,0.0,0.0,0.8199405715792432
2020-11-25,0.004784926474457052,2.6289676171046663,0.0,0.0,0.8207976472803867
2020-11-27,0.004253500728848447,2.64014993278014,0.0,0.0,0.8215558744914297
2020-11-30,0.0061801088803215,2.6564663468250944,0.0,0.0,0.8226508416678486
2020-12-01,0.007346493996502446,2.675982060893956,0.0,0.0,0.8239438727828329
2020-12-02,-0.004457627334487291,2.6640535301127173,0.00018923315868960415,0.3784663173792083,0.7742884073244489
2020-12-03,-0.0014245319347225838,2.6602585007832613,0.0,0.0,0.7739659511299842
2020-12-04,0.007082126791817522,2.6790987887848186,0.0,0.0,0.7755550346964069
2020-12-07,0.004348530336986789,2.690748931143634,0.0,0.0,0.7765254379909371
2020-12-08,0.0007646944852479631,2.692806532012466,0.0,0.0,0.7766957692167439
2020-12-09,-0.016632151714617738,2.648019365233921,0.0,0.0,0.7729184995149798
2020-12-10,0.0016064981227814634,2.6522734033732585,0.0,0.0,0.7732822858964014
2020-12-11,-0.006497623803687014,2.6350399285736144,0.0,0.0,0.7717990877132114
2020-12-14,0.004924629188489904,2.6480165231187045,0.0,0.0,0.7729161730346713
2020-12-15,0.009498584880587302,2.673168932828745,0.0,0.0,0.7750524830847954
2020-12-16,0.006996311074632944,2.6918712542378596,0.0,0.0,0.7766149234587911
2020-12-17,0.007675593468885911,2.7125329636559696,0.0,0.0,0.7783160208649231
2020-12-18,-0.0012187288554642572,2.709227121461764,0.0,0.0,0.7780450323911701
2020-12-21,-0.0018371363521250128,2.7042499018307637,0.0,0.0,0.7776350592441033
2020-12-22,0.0027054798740782093,2.711566195514645,0.0,0.0,0.7782345662961634
2020-12-23,-0.0068720161307117555,2.6929322688795754,0.0,0.0,0.7766995685438718
2020-12-24,0.0017983498309195323,2.6977751031699926,0.0,0.0,0.7770999622665768
2020-12-28,-0.0007582721821511873,2.6957294553555586,0.0,0.0,0.7769289829184757
2020-12-29,-0.00125880265177436,2.692336063968691,0.0,0.0,0.7766473374064052
2020-12-30,0.003263116978532876,2.7011214714909437,0.0,0.0,0.7773732441974814
2020-12-31,0.0021570280498888206,2.7069478662711064,0.0,0.0,0.7778519970079731
2021-01-04,-0.006908466940234503,2.688247006428034,0.0,0.0,0.7763050263367615
2021-01-05,0.012672764391697289,2.7223145273671823,0.0002528557999077031,0.5057115998154061,0.8169426511650961
2021-01-06,-0.006127302105263022,2.7056340838324573,0.0,0.0,0.815813695108072
2021-01-07,0.020209776644619204,2.7603143443487803,0.0,0.0,0.8194619357286366
2021-01-08,0.006585609138927362,2.7784926957212357,0.0,0.0,0.8206427172599662
2021-01-11,-0.005155075284423494,2.764169356697572,0.0,0.0,0.8197121412469063
2021-01-12,-0.0024315421665603854,2.7574481623512477,0.0,0.0,0.8192722993410927
2021-01-13,0.0016662411247965192,2.7620427358788517,0.0,0.0,0.819572539152027
2021-01-14,-0.0006015370104247575,2.7603812649488457,0.0,0.0,0.8194635446056127
2021-01-15,-0.008666455233022563,2.7364585442900924,0.0,0.0,0.8178848813713386
2021-01-19,0.010249322095478464,2.764505389311446,0.0,0.0,0.8197310203950114
2021-01-20,0.01598523437721222,2.8086966558966555,0.0,0.0,0.822566968695494
2021-01-21,0.0034258510328513125,2.818318832236225,0.0,0.0,0.823172389408986
2021-01-22,-0.002266592994577099,2.8119308505145937,0.0,0.0,0.822770328463899
2021-01-25,-0.0013778596312564728,2.808056404509785,0.0,0.0,0.8225247735341683
2021-01-26,-0.010421708337358004,2.778791659667134,0.0,0.0,0.8206553558302808
2021-01-27,-0.03485363004892961,2.6819406831780443,0.0,0.0,0.8141784669700776
2021-01-28,0.0184361328359266,2.7313852978711908,0.0,0.0,0.8175419819763697
2021-01-29,-0.010910756326166338,2.701583818453245,0.0,0.0,0.8155289889773055
2021-02-01,0.020128841484140514,2.7559635708910095,0.0,0.0,0.8191681964091624
2021-02-02,0.017504074402519665,2.8042041622865197,0.0002169678130532638,0.43393562610652764,0.8005125463016636
2021-02-03,-0.010745673733003724,2.7740710992778577,0.0,0.0,0.7983453582310231
2021-02-04,0.012798016710730442,2.80957370756317,0.0,0.0,0.8008933081602831
2021-02-05,0.003331501564833861,2.8189338067664327,0.0,0.0,0.8015542668933423
2021-02-08,0.013714409004551564,2.857593817949185,0.0,0.0,0.8042386433189352
2021-02-09,-0.004390643896282631,2.8450471410943514,0.0,0.0,0.8033752267654002
2021-02-10,-0.0026113129723259743,2.8376178325879327,0.0,0.0,0.8028602555446781
2021-02-11,0.007617566070970971,2.859233573911837,0.0,0.0,0.8043504400853619
2021-02-12,0.009931442441467375,2.8876298875778534,0.0,0.0,0.8062742289492252
2021-02-16,0.00024008949508158572,2.8883231771795446,0.0,0.0,0.8063199869366093
2021-02-17,-0.00648742155177362,2.8695854071514226,0.0,0.0,0.8050551116732276
2021-02-18,-0.00895467847266096,2.8438891924805416,0.0,0.0,0.8032934812387376
2021-02-19,0.01080801697746514,2.8746259951549007,0.0,0.0,0.8053966338566738
2021-02-22,-0.018842832264250875,2.8204598997057415,0.0,0.0,0.8016589592664789
2021-02-23,-0.0070991588375617365,2.800437006882757,0.0,0.0,0.8002407005130957
2021-02-24,0.013354449521042921,2.8378353015280333,0.0,0.0,0.8028730960120759
2021-02-25,-0.03130496424998119,2.7489969688663636,0.0,0.0,0.7965024617345793
2021-02-26,0.005182095986215884,2.7632425350248453,0.0,0.0,0.7975513860263227
2021-03-01,0.022644267294994913,2.8258141375888473,0.0,0.0,0.8020336079358447
2021-03-02,-0.016377580157386884,2.779534140040609,0.00026359776307055094,0.5271955261411019,0.7668419705284847
2021-03-03,-0.024365855177133744,2.7118084137244804,0.0,0.0,0.761018764941841
2021-03-04,-0.0254467308203008,2.6428017549842067,0.0,0.0,0.7547784491425982
2021-03-05,0.008953257810197846,2.6664634404378234,0.0,0.0,0.7569543118617466
2021-03-08,-0.021239739654654755,2.609828451164269,0.0,0.0,0.7516794899215765
2021-03-09,0.0316591667247732,2.692453445222735,0.0,0.0,0.7592996252634975
2021-03-10,-0.0002987463776885635,2.69164908450888,0.0,0.0,0.759227464690127
2021-03-11,0.0278823262840584,2.7666985225253433,0.0,0.0,0.7657584658157525
2021-03-12,-0.0008250440635346745,2.7644158743337437,0.0,0.0,0.7655648669317818
2021-03-15,0.012121205513784483,2.797923927272111,0.0,0.0,0.7683719961824841
2021-03-16,-0.004477722912652471,2.7853955991951063,0.0,0.0,0.7673300695795204
2021-03-17,0.0010133350719303547,2.788218138244971,0.0,0.0,0.7675655525957532
2021-03-18,-0.020261518920308363,2.7317246036829737,0.0,0.0,0.7627586312035345
2021-03-19,0.004355473427453349,2.7436225576054354,0.0,0.0,0.7637874292925371
2021-03-22,0.012444150515379171,2.777764609669667,0.0,0.0,0.7666906687204091
2021-03-23,-0.017352501667803444,2.7295634446476087,0.0,0.0,0.7625706434770531
2021-03-24,-0.024222656848760016,2.6634461659809903,0.0,0.0,0.7566766402253302
2021-03-25,0.0004268729816963024,2.66458311918745,0.0,0.0,0.7567803641890205
2021-03-26,0.008972078226054947,2.6884899673726252,0.0,0.0,0.7589430461510294
2021-03-29,-0.01042346297349217,2.6604665917431114,0.0,0.0,0.7564036314327108
2021-03-30,0.0028982301924800336,2.668177236345386,0.0,0.0,0.757107536349944
2021-03-31,0.014464614368588258,2.7067713911361677,0.0,0.0,0.7605707023584375
2021-04-01,0.015097929444126024,2.7476380346209206,0.0,0.0,0.7641317394958168
2021-04-05,0.0036407205573092405,2.7576414168976098,0.000550585345777841,1.1011706915556818,0.7638088528748395
2021-04-06,0.006166838553763876,2.77464734630479,0.0,0.0,0.7652563818709522
2021-04-07,-0.006756930050709653,2.7558992482704214,0.0,0.0,0.7636593482147523
2021-04-08,-0.0002667699038152449,2.755164057293036,0.0,0.0,0.7635962180940492
2021-04-09,0.0018371292137926432,2.7602256496714803,0.0,0.0,0.7640296936754722
2021-04-12,-0.008559149781136255,2.736600464906208,0.0,0.0,0.7619924936348235
2021-04-13,0.0007266098877922733,2.7385889058629456,0.0,0.0,0.762165241559065
2021-04-14,0.006325259792115068,2.755911192156333,0.0,0.0,0.7636600554342872
2021-04-15,-0.0038241645347016906,2.745372134314501,0.0,0.0,0.7627526856091171
2021-04-16,0.0005802485665065138,2.746965132559964,0.0,0.0,0.7628902032739989
2021-04-19,-0.006603647613113162,2.7288251428190295,0.0,0.0,0.7613138482365169
2021-04-20,-0.023278711389203788,2.6653016098877425,0.0,0.0,0.7556250154780308
2021-04-21,0.026332501103189188,2.7354856674704435,0.0,0.0,0.7618948200328565
2021-04-22,-0.007277451206065377,2.715578304000536,0.0,0.0,0.7601492330329757
2021-04-23,0.016813846921405418,2.7612376219070907,0.0,0.0,0.7641152643676548
2021-04-26,0.011592698398746437,2.793247816865131,0.0,0.0,0.766818180258254
2021-04-27,0.0021722184818588897,2.7993153613973374,0.0,0.0,0.767323553262785
2021-04-28,0.0066652070827728505,2.817973377971038,0.0,0.0,0.7688640584739896
2021-04-29,-0.009230422549884487,2.79196229295804,0.0,0.0,0.7667106485585367
2021-04-30,-0.0002394994481088597,2.7912936195297355,0.0,0.0,0.7666547113937793
2021-05-03,0.0014844875132160595,2.795437260053647,0.0,0.0,0.7670005386868718
2021-05-04,-0.007518090545461709,2.774420909618406,0.0003657813764762312,0.7315627529524623,0.7825589033163216
2021-05-05,0.00802341628818204,2.7966812435349113,0.0,0.0,0.7842895782952318
2021-05-06,-0.0007259764880283015,2.794650918707595,0.0,0.0,0.7841328165488712
2021-05-07,0.017945759469696787,2.8448030518964886,0.0,0.0,0.7879383761620472
2021-05-10,-0.02411031556640475,2.776213952590993,0.0,0.0,0.7826990421531304
2021-05-11,-0.003954582238833937,2.7652351862028737,0.0,0.0,0.7818362659785322
2021-05-12,-0.032544558950387215,2.675241826673809,0.0,0.0,0.7744973210189907
2021-05-13,0.012426267581277628,2.7084850974566836,0.0,0.0,0.7772650236949988
2021-05-14,0.020614519148257404,2.7643192153609744,0.0,0.0,0.7817638090470289
2021-05-17,-0.004556716183882981,2.7517229972549204,0.0,0.0,0.7807647265034924
2021-05-18,-0.0031690056828830304,2.7430027714388996,0.0,0.0,0.7800677298779535
2021-05-19,-0.0012539994066951277,2.739563047590952,0.0,0.0,0.7797915283710091
2021-05-20,0.015561199851296337,2.782193935679741,0.0,0.0,0.7831657001014501
2021-05-21,0.0021066737306807415,2.7880551105576967,0.0,0.0,0.7836215211489314
2021-05-24,0.011739117806741639,2.820784417952222,0.0,0.0,0.786132088440728
2021-05-25,-0.0011294425131556096,2.8175985041101397,0.0,0.0,0.7858902462161701
2021-05-26,0.011399336919028391,2.8497172587610415,0.0,0.0,0.7883033885941476
2021-05-27,0.014359772695901718,2.8906385508444385,0.0,0.0,0.7913002407194203
2021-05-28,-0.005124261717948775,2.8758261623779195,0.0,0.0,0.7902252715395378
2021-06-01,0.005004040739532423,2.890216913654272,0.0,0.0,0.7912695832622546
2021-06-02,-0.007490873957296418,2.8685666630448416,0.0002591344876863328,0.5182689753726656,0.7949788445015995
2021-06-03,-0.0036765714752861056,2.858020172676534,0.0,0.0,0.7942222035272427
2021-06-04,0.00732780226301144,2.8789631793656056,0.0,0.0,0.7957190494307805
2021-06-07,-0.0011324099091702955,2.8757030129331556,0.0,0.0,0.7954872054348259
2021-06-08,0.005115190997515784,2.8904127830964406,0.0,0.0,0.7965279032855966
2021-06-09,-0.011610269650190408,2.8568543112843336,0.0,0.0,0.7941376747635405
2021-06-10,-0.002407229825616919,2.849977206378768,0.0,0.0,0.7936408080377956
2021-06-11,0.003996333054669954,2.861366664493675,0.0,0.0,0.7944620929735005
2021-06-14,-0.007503072097006402,2.839897624114008,0.0,0.0,0.7929079626109223
2021-06-15,0.0018590707503378656,2.8451771947209523,0.0,0.0,0.7932921620582427
2021-06-16,-0.0036124375846219303,2.834899169687833,0.0,0.0,0.7925426220418587
2021-06-17,-0.013392700711004846,2.796932213562328,0.0,0.0,0.7897263306848546
2021-06-18,-0.01217318200119144,2.7628846486816383,0.0,0.0,0.7871349241797718
2021-06-21,0.020045383974247377,2.818267732341015,0.0,0.0,0.7913175543848328
2021-06-22,0.002237378875470819,2.824573265030776,0.0,0.0,0.7917832427565926
2021-06-23,0.009159282351848708,2.8504443290886763,0.0,0.0,0.7936728348934304
2021-06-24,0.007486345479865042,2.8717837401073565,0.0,0.0,0.7952057692995458
2021-06-25,-0.00042830659950854333,2.870553736179107,0.0,0.0,0.7951177757914873
2021-06-28,-0.002379861877014222,2.8637222147764536,0.0,0.0,0.7946282958935657
2021-06-29,0.0006596724990739489,2.8656113335665285,0.0,0.0,0.7947634598840574
2021-06-30,0.00495337683568331,2.8798057863662887,0.0,0.0,0.7957748393015208
2021-07-01,0.003482446821923002,2.889834556874775,0.0,0.0,0.7964833515519154
2021-07-02,-0.0008833629573257173,2.8872817840744323,0.0002554919253085006,0.5109838506170011,0.785776169616339
2021-07-06,-0.016813147074229984,2.8387374907940437,0.0,0.0,0.7821118933336798
2021-07-07,-0.001226900515740259,2.8352546423025373,0.0,0.0,0.7818439990055034
2021-07-08,-0.01015332204670727,2.8064673888348177,0.0,0.0,0.7796060110285198
2021-07-09,0.024070973406376428,2.874021790717323,0.0,0.0,0.7847861582260185
2021-07-12,0.009166873397238762,2.9003675846137345,0.0,0.0,0.7867403225913656
2021-07-13,-0.01017058432924045,2.870869151508625,0.0,0.0,0.7845488069986357
2021-07-14,-0.010844314184425885,2.8397365444472893,0.0,0.0,0.7821865035667463
2021-07-15,-0.006096899787495391,2.8224229553129057,0.0,0.0,0.7808501002360515
2021-07-16,-0.016179377442613996,2.7767579090162,0.0,0.0,0.7772458487461174
2021-07-19,-0.018086079876040606,2.7265372436773054,0.0,0.0,0.7731421849332419
2021-07-20,0.028918120808076875,2.805383577077687,0.0,0.0,0.7795178654937819
2021-07-21,0.016634244903336093,2.852049014546594,0.0,0.0,0.7831251433317336
2021-07-22,-0.008589181118469735,2.8275522490019003,0.0,0.0,0.7812459580480516
2021-07-23,0.003051869094335302,2.8361815683232474,0.0,0.0,0.7819112787424238
2021-07-26,0.009465749151518654,2.863028151597156,0.0,0.0,0.7839554957477981
2021-07-27,-0.006557853684245996,2.844252831885105,0.0,0.0,0.7825291169169143
2021-07-28,0.0021166280723714515,2.850273057273995,0.0,0.0,0.7829881822910301
2021-07-29,0.014168296742852471,2.89065657174761,0.0,0.0,0.7860196519930319
2021-07-30,-0.002576677622648904,2.883208281644425,0.0,0.0,0.7854666343319029
2021-08-02,-0.0050648409522725535,2.868605290265621,0.0,0.0,0.7843738171783685
2021-08-03,0.008238252725797146,2.8922375856173876,0.00010053172525183456,0.20106345050366908,0.773181492904116
2021-08-04,-0.012615371788550878,2.8557509331740034,0.0,0.0,0.7702832512649018
2021-08-05,0.015659180719722388,2.9004696531270913,0.0,0.0,0.7738246883261493
2021-08-06,0.007127352163244893,2.9211423217837327,0.0,0.0,0.7754250468336713
2021-08-09,-0.002261573142326778,2.9145359447638723,0.0,0.0,0.7749152079532062
2021-08-10,0.014799053051082645,2.95766831682972,0.0,0.0,0.7781973990989394
2021-08-11,0.009939051031781387,2.987064733165774,0.0,0.0,0.7803799107424572
2021-08-12,0.0036495542903751677,2.9979661880783275,0.0,0.0,0.7811782420488391
2021-08-13,-0.009360351756258156,2.969904170004546,0.0,0.0,0.7791103798917423
2021-08-16,-0.0121923500845732,2.933694058646217,0.0,0.0,0.7763831485238958
2021-08-17,-0.020841142483892128,2.8725525227658233,0.0,0.0,0.7716231591505902
2021-08-18,-0.003624466833362705,2.8621410514199663,0.0,0.0,0.7707920084724712
2021-08-19,-0.01638901122586811,2.8152333895982267,0.0,0.0,0.7669725742300908
2021-08-20,0.0023733031891486345,2.8219147919799576,0.0,0.0,0.7675240358396656
2021-08-23,0.020339377150081495,2.8793107812194316,0.0,0.0,0.7721573915193766
2021-08-24,0.017797078642994624,2.930554101630416,0.0,0.0,0.7761411751112298
2021-08-25,0.008085955661160327,2.954250432158831,0.0,0.0,0.7779364767261916
2021-08-26,-0.010050121769831777,2.9245598555770567,0.0,0.0,0.7756817776871884
2021-08-27,0.02109963288121386,2.9862669948688687,0.0,0.0,0.7803167495376632
2021-08-30,-0.009350576717869985,2.958343676233304,0.0,0.0,0.7782424123178969
2021-08-31,-0.0007077103317998379,2.956250025848619,0.0,0.0,0.7780851301588472
2021-09-01,-0.007258589729947529,2.9347918197718372,0.0,0.0,0.7764623188140192
2021-09-02,0.00926285677267713,2.961976376056008,0.00025366652736339085,0.5073330547267817,0.7947676968263679
2021-09-03,-0.0023320796186417914,2.9550688113185095,0.0,0.0,0.7942877346869627
2021-09-07,-0.002804542337436877,2.9467811957271275,0.0,0.0,0.793708279688326
2021-09-08,-0.010090139124030895,2.9170477634941627,0.0,0.0,0.7916053510087173
2021-09-09,0.008550784709008052,2.9419908109056947,0.0,0.0,0.7933719547173956
2021-09-10,-0.0011321715813884525,2.938659972516881,0.0,0.0,0.7931375359419727
2021-09-13,0.0031715226218842485,2.947979999097744,0.0,0.0,0.7937908871594473
2021-09-14,-0.008183317935527179,2.9238557414975523,0.0,0.0,0.7920892730420336
2021-09-15,0.018337035523046996,2.977470588093658,0.0,0.0,0.7958328933002325
2021-09-16,0.0005011629288718122,2.9789627859742165,0.0,0.0,0.7959349674869304
2021-09-17,-0.01031518709674717,2.9482342274826454,0.0,0.0,0.79380788968124
2021-09-20,-0.025159421834388795,2.8740583588868263,0.0,0.0,0.7884858415452008
2021-09-21,0.00010327400368459472,2.874355174400372,0.0,0.0,0.7885075384449014
2021-09-22,0.020802922597365825,2.9341501626107607,0.0,0.0,0.7928174256947388
2021-09-23,0.023065067363579272,3.0018265337662347,0.0,0.0,0.7974882314690764
2021-09-24,-0.00044293299102982076,3.0004969257610807,0.0,0.0,0.7973983539042304
2021-09-27,0.008827400908776761,3.026983515050326,0.0,0.0,0.7991707382917295
2021-09-28,-0.01746628094458469,2.9741133705618306,0.0,0.0,0.7956005017705823
2021-09-29,-0.004196779696090003,2.961631671954387,0.0,0.0,0.7947388982618161
2021-09-30,-0.009927220153424732,2.9322309023335404,0.0,0.0,0.7926806245877511
2021-10-01,0.0068269474204263325,2.952249088528321,0.0,0.0,0.7940862281506393
2021-10-04,-0.006501913587170449,2.933053820066907,0.0002943000384582661,0.5886000769165322,0.8540378761477075
2021-10-05,0.014291246644207556,2.9749708156302184,0.0,0.0,0.8560943553150854
2021-10-06,-0.010033059855194537,2.9451227553695434,0.0,0.0,0.8546357693913198
2021-10-07,0.012342391803287667,2.9814726143250927,0.0,0.0,0.8564078803970976
2021-10-08,0.0008001576403253718,2.9838582624168657,0.0,0.0,0.8565225277392261
2021-10-11,-0.004104960015013148,2.971609643559178,0.0,0.0,0.8559306574648482
2021-10-12,0.0011683405654019374,2.975081495650288,0.0,0.0,0.8560986255019497
2021-10-13,0.0006855445090978574,2.9771210464337496,0.0,0.0,0.8561970512316769
2021-10-14,0.01725745118178046,3.028498567554831,0.0,0.0,0.8586364486480518
2021-10-15,0.0069284025089504375,3.0494812246286305,0.0,0.0,0.8596089793349408
2021-10-18,0.010080103812853736,3.0802203119482354,0.0,0.0,0.861009579025946
2021-10-19,0.003097381751243189,3.089760930132272,0.0,0.0,0.8614385929694391
2021-10-20,0.005722257750438109,3.1074413385617223,0.0,0.0,0.8622267771812848
2021-10-21,-0.004906734594559703,3.0921939486452366,0.0,0.0,0.861547237621142
2021-10-22,0.0012370909251517848,3.096019273717915,0.0,0.0,0.8617181153542451
2021-10-25,0.01058770498546413,3.1287990124173515,0.0,0.0,0.8631663022849636
2021-10-26,-0.0010477404339324092,3.125520843182394,0.0,0.0,0.8630225982074442
2021-10-27,-0.015209658826156769,3.077982737503548,0.0,0.0,0.8609068513597232
2021-10-28,0.018242607771703723,3.1341331693119,0.0,0.0,0.8633986262342614
2021-10-29,0.0008685717087084655,3.136855388714089,0.0,0.0,0.8635169919965254
2021-11-01,0.007862021629281735,3.161517413628088,0.0,0.0,0.864581120074548
2021-11-02,-0.005322858707094369,3.1446891031353275,0.0003145035459898621,0.6290070919797242,0.8771393382288146
2021-11-03,0.00012254698870006742,3.145074475315315,0.0,0.0,0.8771542412382477
2021-11-04,-0.005944285411972339,3.1263792549921314,0.0,0.0,0.8764194920777847
2021-11-05,0.0069721284388313265,3.1481767727064347,0.0,0.0,0.8772750279249962
2021-11-08,0.008157382082582654,3.1738576535049132,0.0,0.0,0.8782676420772016
2021-11-09,-0.004147963835797297,3.1606926067382064,0.0,0.0,0.8777604803205042
2021-11-10,-0.021379716265488513,3.0931178956037164,0.0,0.0,0.8750898018560985
2021-11-11,0.005538920310679485,3.110250429139002,0.0,0.0,0.8757777053534812
2021-11-12,0.003067705652211483,3.1197917619602644,0.0,0.0,0.876157481705996
2021-11-15,-0.0012619590326564678,3.1158547125662515,0.0,0.0,0.8760005621048713
2021-11-16,-2.2420214229046387e-05,3.115784854436089,0.0,0.0,0.8759976529387452
2021-11-17,-0.012981475053263414,3.075337371076891,0.0,0.0,0.8743666104261693
2021-11-18,0.002141409809002237,3.0819229286893064,0.0,0.0,0.8746349136672789
2021-11-19,-0.02013851407160505,3.0198575804222947,0.0,0.0,0.8720582015040096
2021-11-22,0.014889309071853596,3.0648211732901824,0.0,0.0,0.873934753043646
2021-11-23,0.01458609679968026,3.1095249515975025,0.0,0.0,0.8757469815394331
2021-11-24,0.002014397538006696,3.1157887710043712,0.0,0.0,0.8759966205578789
2021-11-26,-0.027575957100979154,3.029867913519442,0.0,0.0,0.8724797891923851
2021-11-29,0.012082539745225107,3.066476413007323,0.0,0.0,0.8740017180623226
2021-11-30,-0.026442415491124582,2.9853913696008503,0.0,0.0,0.8705793935263284
2021-12-01,-0.017277918520408386,2.9338100207653564,0.0,0.0,0.8683037870083423
2021-12-02,0.019023290951913685,2.9896207423880155,0.0003627408247799169,0.7254816495598339,0.9005452816625213
2021-12-03,-0.019270111908283982,2.9320104161188714,0.0,0.0,0.8985910018337089
2021-12-06,-0.0017444034134525,2.926895807140715,0.0,0.0,0.8984134357251248
2021-12-07,0.03673059978204174,3.034402445636537,0.0,0.0,0.9020124573426848
2021-12-08,-0.0010063933316283302,3.0313486432497716,0.0,0.0,0.9019135882323057
2021-12-09,-0.017793424264103685,2.977410570748013,0.0,0.0,0.900136513724949
2021-12-10,0.009706779850763958,3.0063116396836014,0.0,0.0,0.9010964042473685
2021-12-13,-0.02495905860345693,2.9312769312884837,0.0,0.0,0.8985642574291195
2021-12-14,-0.006523863255691431,2.912153681424195,0.0,0.0,0.897898038778117
2021-12-15,0.0046151220725672015,2.9255936261580437,0.0,0.0,0.8983669535150819
2021-12-16,-0.003412149715480428,2.9156110626989373,0.0,0.0,0.8980188533593303
2021-12-17,-0.00658625025263726,2.8964081186006445,0.0,0.0,0.8973426284971271
2021-12-20,-0.02343762853228981,2.828523181038974,0.0,0.0,0.894878578719874
2021-12-21,0.02984342407228202,2.9129359978290004,0.0,0.0,0.8979247444907553
2021-12-22,0.009531752769117219,2.940701383592568,0.0,0.0,0.8988883342374521
2021-12-23,0.004296078664359326,2.953334868064872,0.0,0.0,0.899320680574958
2021-12-27,0.024314211612805003,3.025142877010477,0.0,0.0,0.9017098876693372
2021-12-28,-0.008487792862196586,2.9994660908918624,0.0,0.0,0.9008683631551293
2021-12-29,-0.0016729943562785454,2.9944480010499515,0.0,0.0,0.9007021026294209
2021-12-30,-0.005216152424341702,2.9788285038497095,0.0,0.0,0.9001813107934449
2021-12-31,0.00017692509435796033,2.9793555333638295,0.0,0.0,0.9001988997903462
2022-01-03,0.018821494955914453,3.0354314585069124,0.0,0.0,0.9020423389063985
2022-01-04,0.016918372006794025,3.0867860171230577,0.0002601756598448376,0.5203513196896752,0.8178206322935365
2022-01-05,-0.02549409963217608,3.0080911868593145,0.0,0.0,0.813054218900438
2022-01-06,0.012455548147345619,3.0455586114688464,0.0,0.0,0.8153536552820929
2022-01-07,-0.0027710968270449055,3.0371190736640257,0.0,0.0,0.8148401043018835
2022-01-10,0.0023123609305339965,3.044141989151346,0.0,0.0,0.8152659378078042
2022-01-11,0.016474692017140358,3.0942932908790595,0.0,0.0,0.8182595997323988
2022-01-12,0.006108638059248106,3.1131952086421997,0.0,0.0,0.8193624619302217
2022-01-13,-0.013919522669890827,3.069861017359709,0.0,0.0,0.8168120037207305
2022-01-14,0.010444672387268206,3.1019247099604774,0.0,0.0,0.8187050187102214
2022-01-18,-0.01973569388661056,3.040706073425384,0.0,0.0,0.8150526108399913
2022-01-19,-0.017369355640883155,2.9878909682366652,0.0,0.0,0.8117827400483003
2022-01-20,-0.016890531794944486,2.937423900837836,0.0,0.0,0.8085481665046366
2022-01-21,-0.027867886915240447,2.855564103747163,0.0,0.0,0.8030589551376461
2022-01-24,0.008626875457192318,2.880198699630219,0.0,0.0,0.804740875501237
2022-01-25,0.003427503583340874,2.8900705909939357,0.0,0.0,0.805407015039437
2022-01-26,0.002177530967439667,2.8963638092039115,0.0,0.0,0.8058288431283653
2022-01-27,-0.0015555567767570055,2.8918583508525506,0.0,0.0,0.8055253805474067
2022-01-28,0.014006416633113972,2.9323629237585416,0.0,0.0,0.8082106766967558
2022-01-31,0.01674644693449534,2.9814695838539453,0.0,0.0,0.8113668859120754
2022-02-01,0.019163315106753842,3.038604424970541,0.0,0.0,0.814912875346722
2022-02-02,0.014868564327763067,3.083784110329841,0.0003618147247984142,0.7236294495968284,0.8066520408051464
2022-02-03,-0.016548064160602727,3.0327534530146556,0.0,0.0,0.8033976735813897
2022-02-04,-0.000651471660071401,3.030777700088033,0.0,0.0,0.8032684697078222
2022-02-07,-0.0008987116655209126,3.0280539048133632,0.0,0.0,0.8030878991272694
2022-02-08,-0.0006708207258384613,3.0260226234950585,0.0,0.0,0.8029546225988302
2022-02-09,0.022828558766907925,3.095102358785508,0.0,0.0,0.8073510371952556
2022-02-10,-0.01394041030753701,3.0519553619602124,0.0,0.0,0.8046260196465461
2022-02-11,-0.014626380788686055,3.00731630068611,0.0,0.0,0.8017239799278992
2022-02-14,-0.012364511153476365,2.9701323047442454,0.0,0.0,0.7992361282964144
2022-02-15,0.01529920270111651,3.015572960923662,0.0,0.0,0.8022594226893602
2022-02-16,0.00359304022075424,3.0264080358608796,0.0,0.0,0.8029652110740456
2022-02-17,-0.015647959377469434,2.9790509258560816,0.0,0.0,0.7998309619425089
2022-02-18,-0.004114249990020857,2.9667943656141067,0.0,0.0,0.7990021156852729
2022-02-22,-0.014003675543627803,2.9252483399133835,0.0,0.0,0.796140331182787
2022-02-23,-0.016090885938249144,2.8781785025347846,0.0,0.0,0.7928045306654592
2022-02-24,0.025659403951217907,2.952030847375036,0.0,0.0,0.7979861567540762
2022-02-25,0.01975391763969303,3.010345021603916,0.0,0.0,0.8018978844028338
2022-02-28,0.009399284759593618,3.038640111686596,0.0,0.0,0.8037377602577426
2022-03-01,-0.01421221841281084,2.995454294741378,0.0,0.0,0.8009066546189411
2022-03-02,0.008881965206916087,3.0220598155661786,0.0004013684712914941,0.8027369425829882,0.0
2022-03-03,8.89801473169527e-06,3.022086705898938,0.0,0.0,0.0
2022-03-04,9.171800365415095e-06,3.0221144238748914,0.0,0.0,0.0
2022-03-07,2.5051335289738574e-05,3.022190131876608,0.0,0.0,0.0
2022-03-08,8.35044509650551e-06,3.0222153685093756,0.0,0.0,0.0
2022-03-09,9.856263225360706e-06,3.0222451562595714,0.0,0.0,0.0
2022-03-10,1.0130048042844564e-05,3.0222757717482014,0.0,0.0,0.0
2022-03-11,9.856263225360706e-06,3.022305560093747,0.0,0.0,0.0
2022-03-14,2.9979466902307905e-05,3.022396167203255,0.0,0.0,0.0
2022-03-15,1.0349075733939728e-05,3.022427446210087,0.0,0.0,0.0
2022-03-16,1.2265571905034633e-05,3.0224645180112564,0.0,0.0,0.0
2022-03-17,1.185489386257288e-05,3.022500349007321,0.0,0.0,0.0
2022-03-18,9.856263225360706e-06,3.0225301395663595,0.0,0.0,0.0
2022-03-21,3.145790442804497e-05,3.0226252220306207,0.0,0.0,0.0
2022-03-22,1.24572214403873e-05,3.0226628755423426,0.0,0.0,0.0
2022-03-23,1.4236823570934476e-05,3.022705908660416,0.0,0.0,0.0
2022-03-24,1.3141683484541034e-05,3.0227456321047343,0.0,0.0,0.0
2022-03-25,1.3223819582464102e-05,3.022785604347617,0.0,0.0,0.0
2022-03-28,4.271047071258138e-05,3.022914708943642,0.0,0.0,0.0
2022-03-29,1.3908282442409714e-05,3.0229567524952135,0.0,0.0,0.0
2022-03-30,1.5195072064377868e-05,3.023002686540915,0.0,0.0,0.0
2022-03-31,1.4373715979676405e-05,3.0230461383229374,0.0,0.0,0.0
2022-04-01,1.3497604400170005e-05,3.023086942203796,0.0,0.0,0.0
2022-04-04,-0.0015880733172878303,3.018286058495041,0.00040196276967480296,0.803925539349606,0.8040082169667027
2022-04-05,-0.01161714582819473,2.983222189202297,0.0,0.0,0.801701669455481
2022-04-06,0.0005023577423333148,2.9847208339661435,0.0,0.0,0.8017976113129944
2022-04-07,0.01588327751129981,3.0321279832657857,0.0,0.0,0.8048929529261539
2022-04-08,0.019140803269151352,3.090165348480365,0.0,0.0,0.8085538602748477
2022-04-11,-0.023161694457721094,3.0185918828550253,0.0,0.0,0.8040037510569129
2022-04-12,0.009740731613773201,3.0479951762374307,0.0,0.0,0.8058908670866713
2022-04-13,0.009066639982920455,3.075630251170054,0.0,0.0,0.8076310847445304
2022-04-14,-0.0013250173265818566,3.0715549877970942,0.0,0.0,0.807371951830413
2022-04-18,0.009587546232583843,3.1010036632485223,0.0,0.0,0.8091856141612896
2022-04-19,-0.004115130586208271,3.0882426282259443,0.0,0.0,0.8083931828064158
2022-04-20,-0.0003740929747237942,3.0870873383544826,0.0,0.0,0.808317105740285
2022-04-21,-0.025383372337987153,3.008726651005145,0.0,0.0,0.8033205457688714
2022-04-22,-0.028070168790168104,2.9242711860679536,0.0,0.0,0.7976358418607701
2022-04-25,-0.01744763089514001,2.8732495817761468,0.0,0.0,0.7940291743164013
2022-04-26,-0.005841992079400948,2.8564640804772683,0.0,0.0,0.7928142970200006
2022-04-27,0.00877451224835557,2.881528159538404,0.0,0.0,0.7946117535652978
2022-04-28,0.018916611387591376,2.9360369079347937,0.0,0.0,0.7984204127166821
2022-04-29,-0.026428084702845633,2.858443075841212,0.0,0.0,0.7929439864785294
2022-05-02,0.004992673782842738,2.8727143496457126,0.0,0.0,0.7939589408955279
2022-05-03,0.001869559761752848,2.8780850608008204,0.00039721040570112986,0.7944208114022597,0.0
2022-05-04,2.450376402252097e-05,2.878155584717987,0.0,0.0,0.0
2022-05-05,2.2806297174327028e-05,2.878221224789566,0.0,0.0,0.0
2022-05-06,2.1984941089625565e-05,2.878284502313636,0.0,0.0,0.0
2022-05-09,6.694045154964634e-05,2.878477175977909,0.0,0.0,0.0
2022-05-10,2.1902806623508297e-05,2.8785402227068646,0.0,0.0,0.0
2022-05-11,2.4038330485476322e-05,2.878609418008054,0.0,0.0,0.0
2022-05-12,2.417522289421825e-05,2.8786790090323597,0.0,0.0,0.0
2022-05-13,2.477754884022687e-05,2.8787503356421014,0.0,0.0,0.0
2022-05-16,7.745380029544613e-05,2.8789733057956988,0.0,0.0,0.0
2022-05-17,2.6830938236077628e-05,2.87905055135065,0.0,0.0,0.0
2022-05-18,2.8418890831050092e-05,2.879132370773966,0.0,0.0,0.0
2022-05-19,2.74606439694125e-05,2.879211433602941,0.0,0.0,0.0
2022-05-20,2.7378507871267388e-05,2.879290262115839,0.0,0.0,0.0
2022-05-23,8.03285408803589e-05,2.879521551301366,0.0,0.0,0.0
2022-05-24,2.7186857519900798e-05,2.8795998364435067,0.0,0.0,0.0
2022-05-25,2.855578323979202e-05,2.8796820656722537,0.0,0.0,0.0
2022-05-26,2.861053955061088e-05,2.879764454929887,0.0,0.0,0.0
2022-05-27,2.814510601334419e-05,2.8798455062057644,0.0,0.0,0.0
2022-05-31,0.00011225187966146244,2.880168774276971,0.0,0.0,0.0
2022-06-01,2.819986232416305e-05,2.880249994639876,0.0,0.0,0.0
2022-06-02,3.0198495409194948e-05,2.8803369738561164,0.0,0.0,0.0
2022-06-03,3.047228022690085e-05,2.8804247442915316,0.0,0.0,0.0
2022-06-06,9.322381851850636e-05,2.8806932684851496,0.0,0.0,0.0
2022-06-07,3.175906821684116e-05,2.880784756619175,0.0,0.0,0.0
2022-06-08,3.353867279520806e-05,2.880881374316521,0.0,0.0,0.0
2022-06-09,3.3757701301873055e-05,2.880978626249441,0.0,0.0,0.0
2022-06-10,3.389459371083703e-05,2.8810762758494675,0.0,0.0,0.0
2022-06-13,0.0001057905533965453,2.8813810665030672,0.0,0.0,0.0
2022-06-14,4.1013005496193244e-05,2.881499240600584,0.0,0.0,0.0
2022-06-15,4.7720740055323674e-05,2.8816367478768146,0.0,0.0,0.0
2022-06-16,4.640657227805711e-05,2.881770474760834,0.0,0.0,0.0
2022-06-17,4.0602328269745414e-05,2.8818874813516486,0.0,0.0,0.0
2022-06-21,0.00016536618649842794,2.8823640480943573,0.0,0.0,0.0
2022-06-22,4.073922067870939e-05,2.882481473359389,0.0,0.0,0.0
2022-06-23,4.229979348613355e-05,2.8826034017304396,0.0,0.0,0.0
2022-06-24,4.271047071258138e-05,2.8827265190786053,0.0,0.0,0.0
2022-06-27,0.00013125257080837116,2.8831048843451716,0.0,0.0,0.0
2022-06-28,4.4709103797835326e-05,2.883233785380706,0.0,0.0,0.0
2022-06-29,4.75838476463597e-05,2.8833709807378782,0.0,0.0,0.0
2022-06-30,4.668035709554097e-05,2.883505577524898,0.0,0.0,0.0
2022-07-01,4.380561324679455e-05,2.883631891255022,0.0,0.0,0.0
2022-07-05,0.0001755509973795366,2.8841381157096073,0.0,0.0,0.0
2022-07-06,4.462696769969021e-05,2.8842668260481386,0.0,0.0,0.0
2022-07-07,5.037645539718305e-05,2.8844121251872545,0.0,0.0,0.0
2022-07-08,5.073237631281202e-05,2.8845584582686308,0.0,0.0,0.0
2022-07-11,0.00015137577448531836,2.8849951105392995,0.0,0.0,0.0
2022-07-12,5.347022448876082e-05,2.885149371875509,0.0,0.0,0.0
2022-07-13,5.785078483433459e-05,2.885316280031036,0.0,0.0,0.0
2022-07-14,6.360027253182743e-05,2.8854997869327867,0.0,0.0,0.0
2022-07-15,6.223134844374201e-05,2.8856793554754616,0.0,0.0,0.0
2022-07-18,0.00018398357367854778,2.8862102730757724,0.0,0.0,0.0
2022-07-19,6.187542752811304e-05,2.886388858570355,0.0,0.0,0.0
2022-07-20,6.707734559019407e-05,2.886582469873329,0.0,0.0,0.0
2022-07-21,6.510609229248843e-05,2.8867704039780224,0.0,0.0,0.0
2022-07-22,6.461327570428388e-05,2.8869569276700298,0.0,0.0,0.0
2022-07-25,0.00019342915967746066,2.887515349322574,0.0,0.0,0.0
2022-07-26,6.551676625510261e-05,2.8877045299907738,0.0,0.0,0.0
2022-07-27,6.776180437051416e-05,2.887900206060215,0.0,0.0,0.0
2022-07-28,6.524298143739671e-05,2.888088621279752,0.0,0.0,0.0
2022-07-29,6.318959856921325e-05,2.888271118440363,0.0,0.0,0.0
2022-08-01,0.00018874744125452203,2.8888162722236177,0.0,0.0,0.0
2022-08-02,6.201232320068861e-05,2.888995414431958,0.0,0.0,0.0
2022-08-03,6.743326650582304e-05,2.8891902288296736,0.0,0.0,0.0
2022-08-04,6.647501638057385e-05,2.8893822877974618,0.0,0.0,0.0
2022-08-05,6.510609229248843e-05,2.8895704041873596,0.0,0.0,0.0
2022-08-08,0.00019794661895944365,2.890142384879114,0.0,0.0,0.0
2022-08-09,6.735113040789997e-05,2.8903370392357752,0.0,0.0,0.0
2022-08-10,7.036276340155467e-05,2.890540411337018,0.0,0.0,0.0
2022-08-11,6.940451980375073e-05,2.89074102790624,0.0,0.0,0.0
2022-08-12,6.817248486079563e-05,2.8909380969052014,0.0,0.0,0.0
2022-08-15,0.00020533880903483848,2.8915317186910134,0.0,0.0,0.0
2022-08-16,6.880219059390846e-05,2.891730662407431,0.0,0.0,0.0
2022-08-17,7.112936480746512e-05,2.891936349372642,0.0,0.0,0.0
2022-08-18,7.030801035456946e-05,2.8921396756634388,0.0,0.0,0.0
2022-08-19,7.022587425664639e-05,2.8923427787006344,0.0,0.0,0.0
2022-08-22,0.00021190964465755968,2.8929556940310968,0.0,0.0,0.0
2022-08-23,7.249828889555054e-05,2.8931654283687647,0.0,0.0,0.0
2022-08-24,7.400410865621154e-05,2.893379534497486,0.0,0.0,0.0
2022-08-25,7.42778934736954e-05,2.8935944486343286,0.0,0.0,0.0
2022-08-26,7.474332701096209e-05,2.89381072551044,0.0,0.0,0.0
2022-08-29,0.00022628337695618228,2.8944655467736804,0.0,0.0,0.0
2022-08-30,7.660506768725206e-05,2.8946872775028094,0.0,0.0,0.0
2022-08-31,7.865845055543552e-05,2.8949149691189002,0.0,0.0,0.0
2022-09-01,7.830252963980655e-05,2.895141648284074,0.0,0.0,0.0
2022-09-02,7.838466573795166e-05,2.895368582994439,0.0,0.0,0.0
2022-09-06,0.0003088295614777081,2.8962627584042413,0.0,0.0,0.0
2022-09-07,7.789185567719237e-05,2.8964883536850223,0.0,0.0,0.0
2022-09-08,8.03011659886721e-05,2.896720945077096,0.0,0.0,0.0
2022-09-09,8.076659952593879e-05,2.896954903377605,0.0,0.0,0.0
2022-09-12,0.0002437782287598722,2.897661117912748,0.0,0.0,0.0
2022-09-13,8.199862794144863e-05,2.897898722148656,0.0,0.0,0.0
2022-09-14,8.632443850364879e-05,2.898148881628686,0.0,0.0,0.0
2022-09-15,8.563997319588346e-05,2.8983970790212266,0.0,0.0,0.0
2022-09-16,8.473648264506473e-05,2.8986426789950115,0.0,0.0,0.0
2022-09-19,0.0002521560520116761,2.8993735892891395,0.0,0.0,0.0
2022-09-20,8.30937737392734e-05,2.8996145091821535,0.0,0.0,0.0
2022-09-21,8.878850186211373e-05,2.8998719616104016,0.0,0.0,0.0
2022-09-22,8.733744167610524e-05,2.900125229008717,0.0,0.0,0.0
2022-09-23,8.569473277053596e-05,2.900373754465218,0.0,0.0,0.0
2022-09-26,0.0002552772106820811,2.9011141537871934,0.0,0.0,0.0
2022-09-27,8.665297636833991e-05,2.9013655439634034,0.0,0.0,0.0
2022-09-28,8.898015058189657e-05,2.9016237079063982,0.0,0.0,0.0
2022-09-29,8.843258094648476e-05,2.901880305979824,0.0,0.0,0.0
2022-09-30,8.81040365543484e-05,2.9021359733483783,0.0,0.0,0.0
2022-10-03,0.0002611909705756421,2.9028939850599995,0.0,0.0,0.0
2022-10-04,8.624230240572572e-05,2.903144337320911,0.0,0.0,0.0
2022-10-05,9.075975516004142e-05,2.9034078259901603,0.0,0.0,0.0
2022-10-06,9.015742595019915e-05,2.9036695897662352,0.0,0.0,0.0
2022-10-07,9.002053680529087e-05,2.903930979661411,0.0,0.0,0.0
2022-10-10,0.0002704722778508195,2.9047164124882014,0.0,0.0,0.0
2022-10-11,8.993840070714576e-05,2.9049776580368483,0.0,0.0,0.0
2022-10-12,9.144421394036151e-05,2.9052433014353016,0.0,0.0,0.0
2022-10-13,9.672826810058766e-05,2.90552432058826,0.0,0.0,0.0
2022-10-14,9.809719218845103e-05,2.905809344365945,0.0,0.0,0.0
2022-10-17,0.0002979876813946625,2.9066752397550477,0.0,0.0,0.0
2022-10-18,0.00010097193603719745,2.9069687323814373,0.0,0.0,0.0
2022-10-19,0.00010494181915632339,2.907273794968444,0.0,0.0,0.0
2022-10-20,0.00010658452806211471,2.907583665373828,0.0,0.0,0.0
2022-10-21,0.0001065023984916369,2.9078933300080054,0.0,0.0,0.0
2022-10-24,0.0003190965084569619,2.9088212286165764,0.0,0.0,0.0
2022-10-25,0.00010713210422474972,2.909132856755612,0.0,0.0,0.0
2022-10-26,0.00010855578135982036,2.9094486599459564,0.0,0.0,0.0
2022-10-27,0.00010759753776201642,2.9097617094580115,0.0,0.0,0.0
2022-10-28,0.00010759753776201642,2.910074792653423,0.0,0.0,0.0
2022-10-31,0.00032607803109740985,2.9110237041121576,0.0,0.0,0.0
2022-11-01,0.00010882956617752626,2.911340509559009,0.0,0.0,0.0
2022-11-02,0.00011088296210082227,2.9116633276183927,0.0,0.0,0.0
2022-11-03,0.00011019849679305693,2.9119841885402638,0.0,0.0,0.0
2022-11-04,0.00011019849679305693,2.912305084820526,0.0,0.0,0.0
2022-11-07,0.0003296098572027617,2.9132650092836645,0.0,0.0,0.0
2022-11-08,0.0001090485979480249,2.913582696748378,0.0,0.0,0.0
2022-11-09,0.00011197810137142383,2.9139089542069487,0.0,0.0,0.0
2022-11-10,0.00011206023094190165,2.914235487517301,0.0,0.0,0.0
2022-11-11,0.0001110198447182853,2.9145590254885976,0.0,0.0,0.0
2022-11-14,0.00033371664904957576,2.9155316623600407,0.0,0.0,0.0
2022-11-15,0.00011137576563391427,2.915856381931166,0.0,0.0,0.0
2022-11-16,0.00011307324064180335,2.9161860872615173,0.0,0.0,0.0
2022-11-17,0.00011293634496922778,2.9165154306594627,0.0,0.0,0.0
2022-11-18,0.00011260780057709141,2.9168438530474585,0.0,0.0,0.0
2022-11-21,0.0003396304089431368,2.9178345019180925,0.0,0.0,0.0
2022-11-22,0.00011219712661447723,2.9181618745651443,0.0,0.0,0.0
2022-11-23,0.00011493497479042603,2.918497273426632,0.0,0.0,0.0
2022-11-25,0.00022997945567504452,2.9191684678409637,0.0,0.0,0.0
2022-11-28,0.0003429158267544974,2.920169496909549,0.0,0.0,0.0
2022-11-29,0.00011452430082781184,2.9205039272794813,0.0,0.0,0.0
2022-11-30,0.00011644078802364177,2.9208439930581998,0.0,0.0,0.0
2022-12-01,0.00011644078802364177,2.9211840984344457,0.0,0.0,0.0
2022-12-02,0.004173590801206606,2.9333759255163026,0.0003186727736189775,0.637345547237955,0.6391287534749526
2022-12-05,-0.016924006672518588,2.8837314517798593,0.0,0.0,0.6327893514149412
2022-12-06,-0.01338387983158218,2.845135936562684,0.0,0.0,0.6277656078412706
2022-12-07,-0.001051387455607955,2.8421445963294825,0.0,0.0,0.6273307811437775
2022-12-08,-0.004522080894464708,2.829292188551115,0.0,0.0,0.6255950118181988
2022-12-09,-0.01455430172182981,2.7881138163797257,0.0,0.0,0.6200221594815551
2022-12-12,0.015931872593808905,2.832533690479326,0.0,0.0,0.6258527872212605
2022-12-13,0.004933686452856634,2.846508523575304,0.0,0.0,0.6276471640681486
2022-12-14,-0.0017811043783730884,2.841438594780888,0.0,0.0,0.6269393981077117
2022-12-15,-0.0015677722945649508,2.8369838660752826,0.0,0.0,0.6263104355480599
2022-12-16,-0.006666269169438466,2.8180717679946707,0.0,0.0,0.6237592097021681
2022-12-19,-0.0015216300344164102,2.813783705353349,0.0,0.0,0.6230569938164375
2022-12-20,0.0069938725105385124,2.833462949860821,0.0,0.0,0.6256323109738607
2022-12-21,0.01123996898236479,2.865310985529937,0.0,0.0,0.6297505474070585
2022-12-22,-0.014446363157849418,2.823917662472796,0.0,0.0,0.6242801362402338
2022-12-23,0.016354275617763703,2.870100790246747,0.0,0.0,0.6302832988494242
2022-12-27,0.0034126099798894582,2.879895324846832,0.0,0.0,0.6313715130344747
2022-12-28,-0.014199517659587158,2.839002200323907,0.0,0.0,0.6260188226720969
2022-12-29,0.004817785648983053,2.8526799043820588,0.0,0.0,0.6277677409256078
2022-12-30,0.0034911503950767475,2.8626390389572696,0.0,0.0,0.6290191199222083
2023-01-03,-0.02210563759971862,2.7993585777832735,0.0,0.0,0.6204559838117212
2023-01-04,-0.008381419586588446,2.7758959789695563,0.00030866077195526457,0.6173215439105292,0.0
2023-01-05,0.00012046543724486547,2.776230378492409,0.0,0.0,0.0
2023-01-06,0.0001231485323740511,2.7765722671890525,0.0,0.0,0.0
2023-01-09,0.00036903491010420453,2.7775969192860726,0.0,0.0,0.0
2023-01-10,0.00012273784535632437,2.777937835547214,0.0,0.0,0.0
2023-01-11,0.00012498288999918117,2.778285030246139,0.0,0.0,0.0
2023-01-12,0.00012470909865403002,2.7786315076680648,0.0,0.0,0.0
2023-01-13,0.00012251882011304893,2.7789719423219132,0.0,0.0,0.0
2023-01-17,0.0004914989641151557,2.7803378041528695,0.0,0.0,0.0
2023-01-18,0.00012301163670147552,2.780679818056741,0.0,0.0,0.0
2023-01-19,0.00012402464640137723,2.7810246908879312,0.0,0.0,0.0
2023-01-20,0.00012388775072880165,2.7813692257816065,0.0,0.0,0.0
2023-01-23,0.00037273101493329186,2.7824059283560363,0.0,0.0,0.0
2023-01-24,0.00012416152901884026,2.782751396130452,0.0,0.0,0.0
2023-01-25,0.00012520191524223456,2.783099801934891,0.0,0.0,0.0
2023-01-26,0.0001244353203639914,2.7834461178503496,0.0,0.0,0.0
2023-01-27,0.0001243805673170062,2.783792324457584,0.0,0.0,0.0
2023-01-30,0.0003735523498034077,2.7848322166217496,0.0,0.0,0.0
2023-01-31,0.00012416152901884026,2.7851779856478265,0.0,0.0,0.0
2023-02-01,0.00012511978567175674,2.7855264665204484,0.0,0.0,0.0
2023-02-02,-0.01476253638731262,2.744405030700618,0.0003736691783287069,0.7473383566574138,0.7439001212037025
2023-02-03,-0.0021321982185575905,2.7385534151831576,0.0,0.0,0.7433212086777096
2023-02-06,-0.0033568337617679855,2.729360546620666,0.0,0.0,0.7423610014866926
2023-02-07,0.013396366133358262,2.765924059813139,0.0,0.0,0.7457352504213843
2023-02-08,-0.00135572965604569,2.76217421453888,0.0,0.0,0.7453582114460021
2023-02-09,-0.007512272267010012,2.7414240097903493,0.0,0.0,0.7433985864626506
2023-02-10,0.021381352888226735,2.8000393639599346,0.0,0.0,0.7487384894835187
2023-02-13,0.0024929728857956412,2.807019786173447,0.0,0.0,0.7492679030054913
2023-02-14,0.0010683195972414072,2.8100185804208606,0.0,0.0,0.7495036267947947
2023-02-15,-0.012887264125920672,2.773805128776232,0.0,0.0,0.7462008913569621
2023-02-16,-0.0068951238619009425,2.754679398844544,0.0,0.0,0.7444062784479926
2023-02-17,-0.01169045465388252,2.7224759442463675,0.0,0.0,0.7413498965232863
2023-02-21,-0.004024956456805673,2.711518097116075,0.0,0.0,0.7401715334471402
2023-02-22,-0.0037095326404847917,2.701459632229558,0.0,0.0,0.7391706292821469
2023-02-23,0.0062845862577427525,2.7184371883101144,0.0,0.0,0.7407662784115516
2023-02-24,-0.002600163921573917,2.7113688060100056,0.0,0.0,0.7400570972954998
2023-02-27,0.0029622675665244014,2.719400605884935,0.0,0.0,0.7407247284020612
2023-02-28,-0.007894038650388291,2.69793355239619,0.0,0.0,0.738628335551711
2023-03-01,0.01751812541771769,2.745196290735735,0.0,0.0,0.743095122809807
2023-03-02,0.00616240889546682,2.762113312777567,0.00030708458201896335,0.6141691640379267,0.7609771252794754
2023-03-03,0.011049291456255661,2.7926327078056503,0.0,0.0,0.7635587260914055
2023-03-06,-0.000713796901367969,2.79063933523216,0.0,0.0,0.763298144406662
2023-03-07,-0.010726560413993558,2.760705373809125,0.0,0.0,0.7607006454113553
2023-03-08,-0.0018330133606079269,2.755644963974231,0.0,0.0,0.7602293999101539
2023-03-09,-0.013725208777979558,2.7178231615256965,0.0,0.0,0.7568602006498718
2023-03-10,-0.011951567115288553,2.6853409156032364,0.0,0.0,0.7538864862821582
2023-03-13,-0.009740152440869454,2.659185285729557,0.0,0.0,0.7513676785469057
2023-03-14,0.008834587362277935,2.6826780904488188,0.0,0.0,0.7535135765350579
2023-03-15,-0.025188288536723946,2.615106020655446,0.0,0.0,0.7471121825686636
2023-03-16,0.00895689425223778,2.638529248740847,0.0,0.0,0.7493258859156487
2023-03-17,-0.013900883323945123,2.601851361507284,0.0,0.0,0.7457606445305517
2023-03-20,0.014466329200638395,2.6394905998339775,0.0,0.0,0.7492977391817364
2023-03-21,0.013207793717111116,2.6743524471948388,0.0,0.0,0.7525355514619864
2023-03-22,-0.012543501610104202,2.6408067029674642,0.0,0.0,0.7493604540842506
2023-03-23,-0.0019740896786294426,2.6355935137118807,0.0,0.0,0.7488333165954081
2023-03-24,0.001736315555469492,2.6401697357276332,0.0,0.0,0.7492377537954219
2023-03-27,0.00794883740068597,2.6611560156671445,0.0,0.0,0.7511232883265689
2023-03-28,0.008439194888354429,2.6836140299116766,0.0,0.0,0.7531750640828292
2023-03-29,0.007515083324531435,2.7037816129573446,0.0,0.0,0.754985096868652
2023-03-30,0.002892963812723748,2.711603555321138,0.0,0.0,0.7556609023358983
2023-03-31,0.008987022637131803,2.7359727978557364,0.0,0.0,0.7578062954711511
2023-04-03,0.011372243874100851,2.7670869477458577,0.0,0.0,0.7604394286500119
2023-04-04,-0.02245393243754168,2.704954964372369,0.0003668109336917577,0.7336218673835154,0.806378692032135
2023-04-05,0.0027889538539114245,2.712498958944912,0.0,0.0,0.8068921973581438
2023-04-06,-0.0043324142420931855,2.700747289823516,0.0,0.0,0.8060269504044549
2023-04-10,0.007948105429516295,2.722213114021514,0.0,0.0,0.8074572470539372
2023-04-11,0.0019976513825168407,2.727651146812245,0.0,0.0,0.8078156606880125
2023-04-12,-0.0022115640802281566,2.7216187715125617,0.0,0.0,0.8073639565373516
2023-04-13,0.00315192346003923,2.7301971055677754,0.0,0.0,0.807943671319743
2023-04-14,0.0005220229104123675,2.731622331006823,0.0,0.0,0.8080183614960652
2023-04-17,0.0029493643844176187,2.7396788806215744,0.0,0.0,0.8085058345530721
2023-04-18,0.004337687412776292,2.7515627512170955,0.0,0.0,0.8093071899306646
2023-04-19,-0.004234498172813517,2.739911263774685,0.0,0.0,0.8084698950003639
2023-04-20,0.0009247281433444332,2.742444936830564,0.0,0.0,0.8086206760245043
2023-04-21,-0.001791229883337131,2.7375325875063066,0.0,0.0,0.8082512998024987
2023-04-24,0.004719970318501465,2.7504536600652667,0.0,0.0,0.809074503053664
2023-04-25,-0.013124539606334973,2.714355222068351,0.0,0.0,0.8065095576643327
2023-04-26,-0.0071257338316347285,2.6950134492313844,0.0,0.0,0.8050944743494166
2023-04-27,0.0040374721132827585,2.7058944908775784,0.0,0.0,0.8058517414594003
2023-04-28,0.00578083040267674,2.7215368080168787,0.0,0.0,0.8069412041677284
2023-05-01,0.0018055020776956976,2.7264505483782786,0.0,0.0,0.8072112207728646
2023-05-02,-0.01707660405216782,2.679892031895807,0.0004124428803590484,0.8248857607180967,0.9196136504921615
2023-05-03,-0.014734832116062191,2.6404042727166495,0.0,0.0,0.918400198794939
2023-05-04,-0.006703997410484108,2.622703009309726,0.0,0.0,0.9178380023341417
2023-05-05,0.016072738182237645,2.664857028108128,0.0,0.0,0.91912649000111
2023-05-08,0.0025393580001560334,2.671624054121726,0.0,0.0,0.9192976777417758
2023-05-09,0.00031055083617803625,2.6724537292056874,0.0,0.0,0.9193115046859744
2023-05-10,0.0012448187009956868,2.6757804495853486,0.0,0.0,0.9194005190507456
2023-05-11,-0.00341582602309487,2.6666404490935665,0.0,0.0,0.9191130463868417
2023-05-12,0.01089695875478891,2.695698720081191,0.0,0.0,0.9199739805811125
2023-05-15,-0.0005021910353161241,2.6943449643500528,0.0,0.0,0.9199007064963314
2023-05-16,-0.010728753687930914,2.665438000877224,0.0,0.0,0.9190209370807024
2023-05-17,0.014107770859050461,2.7030413894326055,0.0,0.0,0.9201364201445513
2023-05-18,0.01268270465328758,2.7373232650403914,0.0,0.0,0.9211256352732231
2023-05-19,-0.005856114020456604,2.7212931878894664,0.0,0.0,0.9206498847056436
2023-05-22,-0.006097947572818008,2.7046988846994497,0.0,0.0,0.9201296984934624
2023-05-23,-0.019114728165228856,2.652999300749622,0.0,0.0,0.918561889766812
2023-05-24,-0.0021212335481870515,2.647371669629555,0.0,0.0,0.9183772594648025
2023-05-25,0.017651977440608535,2.6941030146187623,0.0,0.0,0.9197816843969223
2023-05-26,0.006583439394802326,2.711839478538859,0.0,0.0,0.9202950776435441
2023-05-30,0.001899442814460972,2.716990462550341,0.0,0.0,0.9204016223622581
2023-05-31,-0.010585686481811463,2.688229253339711,0.0,0.0,0.9195386759499068
2023-06-01,0.011008062676886476,2.7178214494503146,0.0,0.0,0.920403320311574
2023-06-02,0.013431272007895956,2.7543252486067757,0.00035742164934483075,0.7148432986896615,0.9508552367478939
2023-06-05,0.0008802946267338907,2.7567498663234016,0.0,0.0,0.9508774285745066
2023-06-06,-0.0006981207203468065,2.754825322120908,0.0,0.0,0.9508361894648821
2023-06-07,-0.007453245844162293,2.7342929317374174,0.0,0.0,0.950460012930256
2023-06-08,0.008878334491569051,2.7585688989833153,0.0,0.0,0.9508890472231132
2023-06-09,0.004033280863900757,2.7696949821353365,0.0,0.0,0.951079499958415
2023-06-12,0.012638270163927157,2.8046991355912363,0.0,0.0,0.9516698373370924
2023-06-13,0.005628912738556258,2.820486542283384,0.0,0.0,0.9519336568452201
2023-06-14,0.0046494650640172,2.8336002959252613,0.0,0.0,0.9521494249003172
2023-06-15,0.00849053147912704,2.857659068437078,0.0,0.0,0.9525456820875505
2023-06-16,-0.0024367624065977367,2.8506956322482377,0.0,0.0,0.952423181084369
2023-06-20,-0.004395844327251597,2.8381644180244985,0.0,0.0,0.9521866105496646
2023-06-21,-0.0006798744565673642,2.8362348225331453,0.0,0.0,0.9521474333364168
2023-06-22,-0.002308259696061743,2.829688056003725,0.0,0.0,0.9520299785417977
2023-06-23,-0.008176292710852184,2.8065516981774365,0.0,0.0,0.9516277286518884
2023-06-26,-0.0042150750076138666,2.7947218722568725,0.0,0.0,0.9514024727347643
2023-06-27,0.009614759801189532,2.821592451769753,0.0,0.0,0.9518584829863165
2023-06-28,0.002412587827226975,2.8283997913722883,0.0,0.0,0.9519675380573024
2023-06-29,0.0016701029078309837,2.8331235100883676,0.0,0.0,0.9520408359511371
2023-06-30,0.012390830333727898,2.868228262816368,0.0,0.0,0.9526211047675479
2023-07-03,-0.004419974309753716,2.85555076758021,0.0,0.0,0.9523906196802392
2023-07-05,-0.007305100870932835,2.834690681180967,0.00040581445066436135,0.8116289013287227,0.9999999999999996
2023-07-06,-0.014027086266517497,2.794928230457148,0.0,0.0,0.9999999999999996
2023-07-07,0.0014181598549212193,2.7988918854709683,0.0,0.0,0.9999999999999996
2023-07-10,0.020163124537859067,2.8553262911257224,0.0,0.0,0.9999999999999996
2023-07-11,0.0012583501646377115,2.858919291434255,0.0,0.0,0.9999999999999996
2023-07-12,0.016003783619773948,2.9046728171607668,0.0,0.0,0.9999999999999996
2023-07-13,0.011143839926444521,2.9370420260739007,0.0,0.0,0.9999999999999996
2023-07-14,-0.0029774697953319773,2.928297072153645,0.0,0.0,0.9999999999999996
2023-07-17,0.011418882640760852,2.961734952757851,0.0,0.0,0.9999999999999996
2023-07-18,0.0034245796262564188,2.971877649935437,0.0,0.0,0.9999999999999996
2023-07-19,-0.005750856362337853,2.9547868084442164,0.0,0.0,0.9999999999999996
2023-07-20,-0.024299689473781583,2.8829864065377957,0.0,0.0,0.9999999999999996
2023-07-21,-0.000894321197972614,2.880408090680962,0.0,0.0,0.9999999999999996
2023-07-24,-0.0008436003245932966,2.8779781774807023,0.0,0.0,0.9999999999999996
2023-07-25,0.011732381831724092,2.9117437163622752,0.0,0.0,0.9999999999999996
2023-07-26,-0.009424538362101664,2.8843018760068104,0.0,0.0,0.9999999999999996
2023-07-27,-0.0009952280312085504,2.881431337929341,0.0,0.0,0.9999999999999996
2023-07-28,0.009503351841372076,2.908814593740439,0.0,0.0,0.9999999999999996
2023-07-31,0.0019458768679028182,2.914474788771417,0.0,0.0,0.9999999999999996
2023-08-01,0.00766026186544444,2.936800428853642,0.0,0.0,0.9999999999999996
2023-08-02,-0.016579218176055788,2.888110573804143,0.00041228117736226427,0.8245623547245285,0.9999999999999999
2023-08-03,-0.006904896262842963,2.8681684698964056,0.0,0.0,0.9999999999999999
2023-08-04,-0.0005861937730137212,2.866487167399398,0.0,0.0,0.9999999999999999
2023-08-07,0.017778451043690024,2.917448869172374,0.0,0.0,0.9999999999999999
2023-08-08,-0.002339210472803277,2.9106243422237377,0.0,0.0,0.9999999999999999
2023-08-09,-0.01363975405012785,2.870924142063491,0.0,0.0,0.9999999999999999
2023-08-10,-0.0003716482739116733,2.8698571680615617,0.0,0.0,0.9999999999999999
2023-08-11,-0.0077941310099464145,2.847489125313856,0.0,0.0,0.9999999999999999
2023-08-14,0.013758049085658142,2.8866650204708018,0.0,0.0,0.9999999999999999
2023-08-15,-0.006141043293556803,2.8689378856060945,0.0,0.0,0.9999999999999999
2023-08-16,-0.0174458600760119,2.8188867966870412,0.0,0.0,0.9999999999999999
2023-08-17,-0.02270162122636532,2.7548934963486498,0.0,0.0,0.9999999999999999
2023-08-18,-0.000669432242801804,2.753049281816709,0.0,0.0,0.9999999999999999
2023-08-21,0.009890868550858078,2.780279330377192,0.0,0.0,0.9999999999999999
2023-08-22,-0.0006819680844942777,2.7783832686078958,0.0,0.0,0.9999999999999999
2023-08-23,0.014159097885154681,2.8177226692705912,0.0,0.0,0.9999999999999999
2023-08-24,-0.02117801985137968,2.758048882645096,0.0,0.0,0.9999999999999999
2023-08-25,0.004148083803633851,2.7694895005448266,0.0,0.0,0.9999999999999999
2023-08-28,0.003978496309246626,2.7805079043012415,0.0,0.0,0.9999999999999999
2023-08-29,0.020921214945684996,2.838679507825304,0.0,0.0,0.9999999999999999
2023-08-30,0.0019830331457395545,2.844308703379453,0.0,0.0,0.9999999999999999
2023-08-31,-0.0012398535628296292,2.840782177099781,0.0,0.0,0.9999999999999999
2023-09-01,-0.0022094025421173225,2.834505745736095,0.0,0.0,0.9999999999999999
2023-09-05,-0.008657304191964976,2.809966567261385,0.0004647211466281364,0.9294422932562728,0.9999999999999997
2023-09-06,9.73121917897668e-05,2.810240011266901,0.0,0.0,0.9999999999999997
2023-09-07,-0.0048767132975615635,2.796535276434616,0.0,0.0,0.9999999999999997
2023-09-08,-0.0010691190662945882,2.7935454472510144,0.0,0.0,0.9999999999999997
2023-09-11,0.004034081669858747,2.8048148377336872,0.0,0.0,0.9999999999999997
2023-09-12,-0.016486099975789315,2.7585743799052325,0.0,0.0,0.9999999999999997
2023-09-13,-0.013829766889821404,2.7204239392829095,0.0,0.0,0.9999999999999997
2023-09-14,0.011865838814749452,2.7527040512542262,0.0,0.0,0.9999999999999997
2023-09-15,-0.02029818768259639,2.6968291477872244,0.0,0.0,0.9999999999999997
2023-09-18,0.001100504689563797,2.6997970209113165,0.0,0.0,0.9999999999999997
2023-09-19,-0.0021245412078720882,2.6940611908875,0.0,0.0,0.9999999999999997
2023-09-20,-0.01042499776974981,2.6659756089809283,0.0,0.0,0.9999999999999997
2023-09-21,-0.020767296790478507,2.610610502273045,0.0,0.0,0.9999999999999997
2023-09-22,-0.0009763208522685085,2.6080617088025244,0.0,0.0,0.9999999999999997
2023-09-25,0.005591093794472091,2.6226436264382107,0.0,0.0,0.9999999999999997
2023-09-26,-0.015375687529618154,2.582318677536552,0.0,0.0,0.9999999999999997
2023-09-27,0.0075730744843576225,2.601874769223884,0.0,0.0,0.9999999999999997
2023-09-28,0.014495976163862112,2.639591483859908,0.0,0.0,0.9999999999999997
2023-09-29,-0.009934953404191482,2.613367265461659,0.0,0.0,0.9999999999999997
2023-10-02,-0.0030855086840291257,2.6053036980695197,0.0,0.0,0.9999999999999997
2023-10-03,-0.023047837729606835,2.5452570812000688,0.000313642714770272,0.6272854295405439,0.9999999999999998
2023-10-04,0.007626737591453381,2.5646690890611703,0.0,0.0,0.9999999999999998
2023-10-05,-0.005006636045489676,2.5518287243551234,0.0,0.0,0.9999999999999998
2023-10-06,0.016375649395486302,2.593616576862494,0.0,0.0,0.9999999999999998
2023-10-09,0.00102250873655918,2.596268572471621,0.0,0.0,0.9999999999999998
2023-10-10,0.0077468747130791105,2.6163815398240633,0.0,0.0,0.9999999999999998
2023-10-11,0.005479036239215196,2.6307167890963727,0.0,0.0,0.9999999999999998
2023-10-12,-0.006004021808827309,2.61492190812179,0.0,0.0,0.9999999999999998
2023-10-13,-0.020774584367121318,2.56059799232808,0.0,0.0,0.9999999999999998
2023-10-16,0.010401351614420795,2.5872316723894646,0.0,0.0,0.9999999999999998
2023-10-17,0.0025186553141840484,2.5937480171901535,0.0,0.0,0.9999999999999998
2023-10-18,-0.024073919566972246,2.531306336047324,0.0,0.0,0.9999999999999998
2023-10-19,-0.009367685404015447,2.507593854630042,0.0,0.0,0.9999999999999998
2023-10-20,-0.016063025871864034,2.467314309666992,0.0,0.0,0.9999999999999998
2023-10-23,0.008206122924488302,2.487561394185468,0.0,0.0,0.9999999999999998
2023-10-24,0.009292631183815736,2.5106773847687323,0.0,0.0,0.9999999999999998
2023-10-25,-0.02381902925054047,2.4508754867022553,0.0,0.0,0.9999999999999998
2023-10-26,-0.018470062274445476,2.4056076638359527,0.0,0.0,0.9999999999999998
2023-10-27,-0.00233664455715632,2.399986613781597,0.0,0.0,0.9999999999999998
2023-10-30,0.016201130627880866,2.438869110416638,0.0,0.0,0.9999999999999998
2023-10-31,0.0015126463732029194,2.4425582569312265,0.0,0.0,0.9999999999999998
2023-11-01,0.016795510692753313,2.4835822702531876,0.0,0.0,0.9999999999999998
2023-11-02,0.015320293437009802,2.5216314794084216,0.0004999999999999999,0.9999999999999998,0.0
2023-11-03,0.0001442847359596211,2.5219953123406156,0.0,0.0,0.0
2023-11-06,0.0004314578876847275,2.523083447110829,0.0,0.0,0.0
2023-11-07,0.0001440109576695825,2.523446798774328,0.0,0.0,0.0
2023-11-08,0.00014436686553009892,2.5238111008789987,0.0,0.0,0.0
2023-11-09,0.0001442299829126359,2.5241751101109533,0.0,0.0,0.0
2023-11-10,0.0001440930872400603,2.524538826295304,0.0,0.0,0.0
2023-11-13,0.00043121149897329403,2.5256274364668068,0.0,0.0,0.0
2023-11-14,0.0001440109576695825,2.5259911544926488,0.0,0.0,0.0
2023-11-15,0.00014381929589490916,2.5263544407619247,0.0,0.0,0.0
2023-11-16,0.00014387406199700692,2.5267179176373613,0.0,0.0,0.0
2023-11-17,0.00014354551760487055,2.52708061666869,0.0,0.0,0.0
2023-11-20,0.0004298151787791582,2.528166794275733,0.0,0.0,0.0
2023-11-21,0.00014340862193229498,2.528529355191715,0.0,0.0,0.0
2023-11-22,0.00014387406199700692,2.528893144980925,0.0,0.0,0.0
2023-11-24,0.00028829568057409105,2.5296222139512565,0.0,0.0,0.0
2023-11-27,0.0004314578876847275,2.5307136394083285,0.0,0.0,0.0
2023-11-28,0.00014395619156748474,2.5310779513058055,0.0,0.0,0.0
2023-11-29,0.0001440109576695825,2.5314424542655094,0.0,0.0,0.0
2023-11-30,0.0001434633749792802,2.531805623543564,0.0,0.0,0.0
2023-12-01,0.00014340862193229498,2.532168706299037,0.0,0.0,0.0
2023-12-04,-0.002037019562649789,2.5270106291083763,0.0004997501249375312,0.9995002498750624,0.9999999999999998
2023-12-05,0.0012734553453701558,2.5302286643018213,0.0,0.0,0.9999999999999998
2023-12-06,-0.006411905308879029,2.5140050776965066,0.0,0.0,0.9999999999999998
2023-12-07,0.016925376957325877,2.556555561309151,0.0,0.0,0.9999999999999998
2023-12-08,0.01219788102451802,2.58774012187857,0.0,0.0,0.9999999999999998
2023-12-11,0.01269127391039837,2.6205818405742587,0.0,0.0,0.9999999999999998
2023-12-12,0.014704929009152323,2.6591173105025767,0.0,0.0,0.9999999999999998
2023-12-13,0.006152533757530554,2.6754776195206778,0.0,0.0,0.9999999999999999
2023-12-14,-0.009602261516157617,2.6497869837374135,0.0,0.0,0.9999999999999998
2023-12-15,0.010623501143229852,2.6779369987884634,0.0,0.0,0.9999999999999999
2023-12-18,0.009256980849079222,2.702726610301289,0.0,0.0,0.9999999999999999
2023-12-19,0.005414555462206705,2.717360673431947,0.0,0.0,0.9999999999999999
2023-12-20,-0.023526421416195653,2.65343090108899,0.0,0.0,0.9999999999999998
2023-12-21,0.015494897706659128,2.6945455414730524,0.0,0.0,0.9999999999999999
2023-12-22,-0.0030117690449477097,2.686430192621042,0.0,0.0,0.9999999999999999
2023-12-26,0.006286242349765381,2.7033177438675846,0.0,0.0,0.9999999999999999
2023-12-27,0.0015626254906648818,2.7075420170835187,0.0,0.0,0.9999999999999999
2023-12-28,0.0005278907462062943,2.7089713034593017,0.0,0.0,0.9999999999999999
2023-12-29,-0.003523023036734352,2.6994275351513624,0.0,0.0,0.9999999999999999
2024-01-02,-0.025779701456354,2.6298370991920987,0.0,0.0,0.9999999999999998
2024-01-03,-0.012871676979282265,2.5959866855431653,0.00021776394183157656,0.43552788366315315,0.9999999999999997
2024-01-04,-0.00033930989773867104,2.5951058415663626,0.0,0.0,0.9999999999999997
2024-01-05,0.005929389522574935,2.6104932349533194,0.0,0.0,0.9999999999999997
2024-01-08,0.029242518564275066,2.6868306318383564,0.0,0.0,0.9999999999999997
2024-01-09,0.003398145104448469,2.6959608721964203,0.0,0.0,0.9999999999999997
2024-01-10,0.010202934635241245,2.7234675847546086,0.0,0.0,0.9999999999999997
2024-01-11,0.006718350198689604,2.7417647937437692,0.0,0.0,0.9999999999999997
2024-01-12,-0.003439240882796346,2.732335204174114,0.0,0.0,0.9999999999999997
2024-01-16,0.007432546836710907,2.7526434135527325,0.0,0.0,0.9999999999999997
2024-01-17,-0.0061144799662401494,2.7358124305463614,0.0,0.0,0.9999999999999997
2024-01-18,0.014282644154663071,2.7748870659657587,0.0,0.0,0.9999999999999997
2024-01-19,0.02536292168350962,2.845266309300432,0.0,0.0,0.9999999999999997
2024-01-22,0.0012420063153417704,2.848800148025412,0.0,0.0,0.9999999999999997
2024-01-23,-0.0012943061697636704,2.8451129284173993,0.0,0.0,0.9999999999999997
2024-01-24,0.013103347403051524,2.8823934315193656,0.0,0.0,0.9999999999999997
2024-01-25,0.0017332996677512646,2.8873894830965465,0.0,0.0,0.9999999999999997
2024-01-26,-0.011319489814953565,2.8547057072508313,0.0,0.0,0.9999999999999997
2024-01-29,0.017253450792642955,2.9039592316983605,0.0,0.0,0.9999999999999997
2024-01-30,-0.0044207637406052935,2.8911215140226725,0.0,0.0,0.9999999999999997
2024-01-31,-0.016258184841350665,2.8441171260488862,0.0,0.0,0.9999999999999997
2024-02-01,0.012810851863396255,2.880552689232847,0.0,0.0,0.9999999999999997
2024-02-02,0.024216371316788887,2.9503092227528844,0.0002713001238066422,0.5426002476132844,0.9999999999999997
2024-02-05,0.0007873532893682977,2.9526321584240725,0.0,0.0,0.9999999999999997
2024-02-06,-0.009339058818881418,2.925057353026029,0.0,0.0,0.9999999999999997
2024-02-07,0.015120208667773527,2.969284830568988,0.0,0.0,0.9999999999999997
2024-02-08,0.0102996368795929,2.9998673861159317,0.0,0.0,0.9999999999999997
2024-02-09,0.009347244676998212,3.027907880572504,0.0,0.0,0.9999999999999997
2024-02-12,-0.0037602328311479027,3.016522241950284,0.0,0.0,0.9999999999999997
2024-02-13,-0.014872450479717858,2.971659164285911,0.0,0.0,0.9999999999999997
2024-02-14,0.025242885970991225,3.0466724177146314,0.0,0.0,0.9999999999999997
2024-02-15,0.0004069459795406072,3.0479122488059973,0.0,0.0,0.9999999999999997
2024-02-16,-0.014258733302201843,3.0044528809217583,0.0,0.0,0.9999999999999997
2024-02-20,-0.012502782362546205,2.9668888604330688,0.0,0.0,0.9999999999999997
2024-02-21,-0.021172583695465153,2.9040721577204063,0.0,0.0,0.9999999999999997
2024-02-22,0.0403581015886858,3.0212749968825605,0.0,0.0,0.9999999999999997
2024-02-23,0.0011993542207509034,3.0248985758021205,0.0,0.0,0.9999999999999997
2024-02-26,0.007612659408657629,3.0479260984054357,0.0,0.0,0.9999999999999997
2024-02-27,0.00505932004749754,3.063346532018389,0.0,0.0,0.9999999999999997
2024-02-28,-0.0058731705696378755,3.045354975321936,0.0,0.0,0.9999999999999997
2024-02-29,0.017274408877838043,3.0979616823438056,0.0,0.0,0.9999999999999997
2024-03-01,0.02350935964682921,3.1707927777061222,0.0,0.0,0.9999999999999997
2024-03-04,0.006291864794403468,3.19074297715452,0.0002807006766362454,0.5614013532724907,0.9954872989579217
2024-03-05,-0.023725964621988616,3.1150395221606932,0.0,0.0,0.9953769677513552
2024-03-06,0.005878959945533335,3.1333527147402296,0.0,0.0,0.9954033300526086
2024-03-07,0.016786258076171512,3.1859499820535317,0.0,0.0,0.995478569752304
2024-03-08,-0.019022093009606555,3.125346545170955,0.0,0.0,0.9953902352033787
2024-03-11,-0.0132341194308071,3.083985335729502,0.0,0.0,0.9953264048328755
2024-03-12,0.02424723757033531,3.1587634608283657,0.0,0.0,0.9954363892960566
2024-03-13,-0.007695593425755987,3.1344549015056966,0.0,0.0,0.9954003374521994
2024-03-14,-0.004853909834382275,3.1192405400338505,0.0,0.0,0.9953772393575878
2024-03-15,-0.01704088076005772,3.0660859339291955,0.0,0.0,0.9952964233245829
2024-03-18,0.00993437380025508,3.0965455777005526,0.0,0.0,0.9953406870804309
2024-03-19,0.0017858495130052,3.1020755421124875,0.0,0.0,0.9953483260843827
2024-03-20,0.01584822058172497,3.15123791956506,0.0,0.0,0.9954202400402897
2024-03-21,0.010080949832263597,3.183005390941722,0.0,0.0,0.995465298614238
2024-03-22,0.0017041657133294308,3.188429759594308,0.0,0.0,0.9954723653801459
2024-03-25,-0.0027986054947383154,3.1795066025495204,0.0,0.0,0.9954577120966168
2024-03-26,-0.0035912756636798937,3.168088117865275,0.0,0.0,0.9954406894395281
2024-03-27,-0.00333940149855505,3.157508599656921,0.0,0.0,0.995424759526731
2024-03-28,-0.0008955440944156123,3.1546809114774317,0.0,0.0,0.9954200046910737
2024-04-01,0.0028475570399506545,3.163664045315707,0.0,0.0,0.9954304071790226
2024-04-02,-0.011712866253680732,3.1266084714813456,0.0004068059867435544,0.8136119734871088,0.9697978534759162
2024-04-03,0.013216658550445626,3.167931788069845,0.0,0.0,0.9701875636912746
2024-04-04,-0.023223619228153414,3.094360946482948,0.0,0.0,0.9694743961852242
2024-04-05,0.02428322993828602,3.169502024858446,0.0,0.0,0.97019383769426
2024-04-08,-0.0038859538625864998,3.1571854862224717,0.0,0.0,0.9700647435937668
2024-04-09,-0.010493719886719544,3.1240548660996366,0.0,0.0,0.9697429539476561
2024-04-10,-0.006787075183229296,3.102851670846885,0.0,0.0,0.9695318400452445
2024-04-11,0.01705413884946383,3.1557681340707986,0.0,0.0,0.9700384351643084
2024-04-12,-0.022334513914383236,3.0852855867698272,0.0,0.0,0.9693495760984739
2024-04-15,-0.016305900050505584,3.034977228364693,0.0,0.0,0.9688281241408171
2024-04-16,0.011710776014801194,3.0705191668960943,0.0,0.0,0.9691845269279933
2024-04-17,-0.020190828823946516,3.0085228399966484,0.0,0.0,0.9685450096154576
2024-04-18,-0.009228304251672537,2.9807592758810535,0.0,0.0,0.9682474750150573
2024-04-19,-0.04139273784400577,2.8573774885984204,0.0,0.0,0.9668716437155375
2024-04-22,0.009257437036131133,2.883829480787579,0.0,0.0,0.9671613735098371
2024-04-23,0.030180888606897716,2.9708660171085164,0.0,0.0,0.9681188590382137
2024-04-24,-0.0045517938213142095,2.9573432475278896,0.0,0.0,0.9679684800230245
2024-04-25,0.0028916975021529012,2.9658949896097746,0.0,0.0,0.9680562431998817
2024-04-26,0.021415991891578168,3.02941257265853,0.0,0.0,0.9687215158311016
2024-04-29,0.005061149312191038,3.0447448820169836,0.0,0.0,0.9688656346897447
2024-04-30,-0.021140414199121937,2.980377714080488,0.0,0.0,0.9681886606000164
2024-05-01,-0.020222144589352786,2.9201080850154675,0.0,0.0,0.9675274274252744
2024-05-02,0.012353337900533834,2.9561811668957443,0.0001783393045125792,0.3566786090251584,0.8993610146476736
2024-05-03,0.01837030022392816,3.010487102447941,0.0,0.0,0.9011622610867619
2024-05-06,0.0263148808938376,3.0897077119812932,0.0,0.0,0.9036550682901378
2024-05-07,-0.0043137386528341315,3.07637952039816,0.0,0.0,0.9032237789958516
2024-05-08,0.00455918554356316,3.0904053054340728,0.0,0.0,0.9036491685211047
2024-05-09,0.0016736035268882787,3.095577418652762,0.0,0.0,0.9037963393014713
2024-05-10,0.004142621659430024,3.1084012247157156,0.0,0.0,0.904179485737424
2024-05-13,-0.005276579124632974,3.091999499702397,0.0,0.0,0.9036297164952972
2024-05-14,0.012741190593897445,3.131395254644341,0.0,0.0,0.9048284892467937
2024-05-15,0.030230675450113376,3.2260594482935194,0.0,0.0,0.9076079235260313
2024-05-16,-0.013100405792553671,3.1837967604099724,0.0,0.0,0.9063680521347367
2024-05-17,-0.00548015546201952,3.1663490592034518,0.0,0.0,0.9058385925368957
2024-05-20,0.014521555311027612,3.212329372200695,0.0,0.0,0.9071464444398654
2024-05-21,0.0026128738474251456,3.220722783606634,0.0,0.0,0.9073751404286015
2024-05-22,-0.004775439080613064,3.205342418157978,0.0,0.0,0.9069173415889369
2024-05-23,-0.0031080575640821673,3.1953800294097485,0.0,0.0,0.9066137249755247
2024-05-24,0.022374445385782815,3.2668748853645977,0.0,0.0,0.9086443467553607
2024-05-28,0.00920055604854575,3.296931950850981,0.0,0.0,0.9094252103975572
2024-05-29,-0.011218134199997842,3.2599465257780738,0.0,0.0,0.9083844407547843
2024-05-30,-0.00635580815760961,3.2392269310561623,0.0,0.0,0.907785172440653
2024-05-31,-0.00666797077466319,3.217627860547378,0.0,0.0,0.9071528205123557
2024-06-03,-0.003718262341977252,3.205663876043008,0.0,0.0,0.9067661539733661
2024-06-04,-0.004694685163513457,3.1906142934049377,0.00037761151287947855,0.7552230257589571,0.8697850922195705
2024-06-05,0.020287608309562,3.255344226456427,0.0,0.0,0.8723560025723074
2024-06-06,-0.011917673299338016,3.216548097488633,0.0,0.0,0.870797901939365
2024-06-07,0.0003671068430632918,3.2177289143062637,0.0,0.0,0.870826811293254
2024-06-10,0.013112410829691168,3.2599210977692237,0.0,0.0,0.8724438068546975
2024-06-11,-0.004444810933550314,3.2454313648313478,0.0,0.0,0.8718559556091325
2024-06-12,0.011211134565793701,3.2818163325865193,0.0,0.0,0.8732584704327289
2024-06-13,0.0049222676956708344,3.297970311103535,0.0,0.0,0.8738611663602596
2024-06-14,-0.012010155678767065,3.2583611742432295,0.0,0.0,0.8723094871190681
2024-06-17,0.010900287648500706,3.293878248305187,0.0,0.0,0.8736319781707863
2024-06-18,0.012665114483269457,3.3355955934139234,0.0,0.0,0.8751945143713115
2024-06-20,-0.009953812626638192,3.302393699878841,0.0,0.0,0.8739035985534539
2024-06-21,-0.00837055121392305,3.2747508442854683,0.0,0.0,0.8728210018049111
2024-06-24,-0.00434225211446071,3.2605310505075376,0.0,0.0,0.872211637074728
2024-06-25,0.007720490870990027,3.2857039507175605,0.0,0.0,0.8731725790294013
2024-06-26,-0.007432339737729721,3.261283482678227,0.0,0.0,0.8722046243194879
2024-06-27,-0.00016582107055429507,3.2607426931597483,0.0,0.0,0.8721651276357958
2024-06-28,-0.00676405269998015,3.2386868577421404,0.0,0.0,0.8712761526239731
2024-07-01,-0.0040516430693109395,3.225564854581301,0.0,0.0,0.8706971476105848
2024-07-02,0.006445189760405867,3.2463542321535734,0.00031467581152306803,0.6293516230461361,0.8692055763401024
2024-07-03,0.013406281334512604,3.2898757703013097,0.0,0.0,0.8709173731121785
2024-07-05,-0.0011093096931376056,3.286226279220096,0.0,0.0,0.8707370138501113
2024-07-08,0.011082274746463172,3.3226451417254603,0.0,0.0,0.872098973903734
2024-07-09,0.0007165246801363878,3.325025898972842,0.0,0.0,0.8721722935350433
2024-07-10,0.008862923983112392,3.3544953507573183,0.0,0.0,0.8732771424894079
2024-07-11,-0.01664250478126761,3.2986681458435996,0.0,0.0,0.8711140290546644
2024-07-12,0.0039731555707109845,3.311774267563185,0.0,0.0,0.8716058169070755
2024-07-15,-0.005911882649041966,3.292195446733235,0.0,0.0,0.8707871087874349
2024-07-16,-0.0040853863786433076,3.2787455562993193,0.0,0.0,0.8702386123339224
2024-07-17,-0.04955566365606423,3.116265144297535,0.0,0.0,0.8634535114423201
2024-07-18,-0.00010951853169716141,3.1159238555145525,0.0,0.0,0.8634191321143839
2024-07-19,-0.007186275139760778,3.093531969374281,0.0,0.0,0.8624109608209842
2024-07-22,0.019964201563986705,3.155291865155506,0.0,0.0,0.8650465136051411
2024-07-23,0.004804252772811379,3.1704506848477085,0.0,0.0,0.8656726798629478
2024-07-24,-0.04504815697737197,3.0276277247076724,0.0,0.0,0.859316105031881
2024-07-25,-0.018172476547149152,2.9726082308869235,0.0,0.0,0.856691929107068
2024-07-26,0.017330158686409858,3.024124003240722,0.0,0.0,0.8591132728701181
2024-07-29,-0.0034318596354092623,3.013745634141528,0.0,0.0,0.8585682462856465
2024-07-30,-0.02323850286799345,2.943710697579127,0.0,0.0,0.8551829855159624
2024-07-31,0.049232738269534115,3.0886376358942678,0.0,0.0,0.8619587734646609
2024-08-01,-0.028728508347460213,2.9999056837891995,0.0,0.0,0.8578557748778144
2024-08-02,-0.03320112351335058,2.900305444653312,0.0001685416498001746,0.33708329960034916,0.7432762833556105
2024-08-05,-0.012787380919531577,2.8632181341495384,0.0,0.0,0.739843499816082
2024-08-06,0.017171552016692182,2.9123840332752238,0.0,0.0,0.7441999429561434
2024-08-07,-0.01927885630344761,2.8562365999972554,0.0,0.0,0.739135190384182
2024-08-08,0.03506044454030066,2.9563775249054363,0.0,0.0,0.7479363714410869
2024-08-09,0.00787529619291516,2.979659873572144,0.0,0.0,0.7498711319385517
2024-08-12,0.006098369485332489,2.9978309404218058,0.0,0.0,0.7512836330823216
2024-08-13,0.01712557768272016,3.049170527071661,0.0,0.0,0.7554373649796583
2024-08-14,0.004606212430003698,3.0632156542546594,0.0,0.0,0.7565250287434128
2024-08-15,0.023847593412802404,3.136265975713056,0.0,0.0,0.76216311618201
2024-08-16,-0.004450040688575685,3.1223094645109373,0.0,0.0,0.7610667745830506
2024-08-19,0.007925863518456255,3.147056463189035,0.0,0.0,0.7628468219134654
2024-08-20,-0.004429532152609217,3.133116475399263,0.0,0.0,0.7617586506416144
2024-08-21,0.008870625600621018,3.1609091786156673,0.0,0.0,0.763820878491102
2024-08-22,-0.010819107757395918,3.1267109616008826,0.0,0.0,0.761204965792494
2024-08-23,0.008220590571046849,3.152414372250208,0.0,0.0,0.7631194114199045
2024-08-26,-0.012672104273321994,3.1124666486123345,0.0,0.0,0.7599805787300644
2024-08-27,0.004810377467202809,3.1274387880462395,0.0,0.0,0.7610969488578467
2024-08-28,-0.013851303492336986,3.0841196842393046,0.0,0.0,0.7577083996284397
2024-08-29,-0.0005703671938164234,3.082360603549611,0.0,0.0,0.7575372374222217
2024-08-30,0.012286697679137593,3.1202326364235096,0.0,0.0,0.7604475865003212
2024-09-03,-0.04138701796061206,2.991095512258562,0.0,0.0,0.7499692261191561
2024-09-04,-0.0024353256104862053,2.983811220754148,0.00031429299921551424,0.6285859984310285,0.7084198985862833
2024-09-05,-0.007781568495068392,2.960592489363496,0.0,0.0,0.7060933437871246
2024-09-06,-0.018376730514242157,2.9061864790239738,0.0,0.0,0.7005507593363091
2024-09-09,0.015560597091489381,2.9514084758968,0.0,0.0,0.705020108259726
2024-09-10,0.0018550380526174415,2.956883450928406,0.0,0.0,0.7055268346321479
2024-09-11,0.01818423353162113,3.010652110125874,0.0,0.0,0.7107476853603496
2024-09-12,0.009116453450760398,3.03809857994427,0.0,0.0,0.7133225603227811
2024-09-13,0.014219196483589158,3.0812979005890107,0.0,0.0,0.7173042781411569
2024-09-16,0.0015264490046353885,3.0860013447023498,0.0,0.0,0.7176247157952974
2024-09-17,0.00015915630484153453,3.0864925012731086,0.0,0.0,0.7176329726277165
2024-09-18,-0.0016075876012109358,3.0815306941968315,0.0,0.0,0.7171416477661153
2024-09-19,0.01635171340962427,3.1319190009712985,0.0,0.0,0.7216572883525442
2024-09-20,0.014765874095002962,3.178164522615388,0.0,0.0,0.725672965354368
2024-09-23,0.005832861150218083,3.196702314988353,0.0,0.0,0.7271619837026098
2024-09-24,-0.001364576009290075,3.1923401717004776,0.0,0.0,0.7267554838431272
2024-09-25,0.004609509973555248,3.2070552955609117,0.0,0.0,0.7279757550969347
2024-09-26,-0.005466974571532002,3.189522405810583,0.0,0.0,0.7264468294077773
2024-09-27,0.0006809692751268415,3.1916943725712685,0.0,0.0,0.7265995437327166
2024-09-30,0.004205251253586173,3.2051162493325878,0.0,0.0,0.7276442209196129
2024-10-01,-0.00421377045408633,3.191610625179238,0.0,0.0,0.7264580376663011
2024-10-02,0.005292678974364806,3.2085027956294834,0.0002958906233494791,0.5917812466989583,0.6794639548099219
2024-10-03,0.003886130041809155,3.220971454732808,0.0,0.0,0.6806656753744947
2024-10-04,0.012810148067430971,3.2622325759889037,0.0,0.0,0.6846661121309072
2024-10-07,-0.008093903700899574,3.235828379668912,0.0,0.0,0.6819753713959678
2024-10-08,0.007853127364127355,3.2612397520629095,0.0,0.0,0.6844143066839607
2024-10-09,0.005508298730540151,3.2792036348491846,0.0,0.0,0.686104215315635
2024-10-10,-0.0020331638503675586,3.2725364765608154,0.0,0.0,0.6854256603594455
2024-10-11,0.005854842125057713,3.291696660979572,0.0,0.0,0.687217934998339
2024-10-14,0.006061858936172948,3.3116504617991014,0.0,0.0,0.6889872576811907
2024-10-15,-0.014616780969906928,3.263244792350093,0.0,0.0,0.6843347771957441
2024-10-16,0.006847587130551336,3.2855901453940284,0.0,0.0,0.6864428663607146
2024-10-17,-0.0023738112143582013,3.2777907746611072,0.0,0.0,0.6856580208240589
2024-10-18,0.005424284654724776,3.2955704448615,0.0,0.0,0.6873152548323918
2024-10-21,-0.001757519351985315,3.2897784160288253,0.0,0.0,0.686648628496163
2024-10-22,-0.010259255608664586,3.256027738362918,0.0,0.0,0.6833613917351883
2024-10-23,-0.0044722995961070655,3.241465806823724,0.0,0.0,0.6818997411592237
2024-10-24,0.0015199223004380702,3.246392582989623,0.0,0.0,0.6823433200873747
2024-10-25,0.0020478389467912805,3.2530406721576437,0.0,0.0,0.6829535568556426
2024-10-28,0.0029589772410727466,3.2626663454708424,0.0,0.0,0.6837718249246809
2024-10-29,0.0020386422542704175,3.2693177549443053,0.0,0.0,0.6843764638942068
2024-10-30,-0.007784950090629406,3.2438662793916553,0.0,0.0,0.681861055055186
2024-10-31,-0.017446720481690492,3.187271451135128,0.0,0.0,0.6761724528707502
2024-11-01,-0.0027247992306785873,3.178586776337111,0.0,0.0,0.675248275885809
2024-11-04,-0.003889765325577277,3.1662228197101765,0.0002316398938477851,0.4632797876955702,0.7229483355133242
2024-11-05,0.02371688399856997,3.241315759038868,0.0,0.0,0.7293341738294308
2024-11-06,0.02595012968315169,3.3254283233299695,0.0,0.0,0.7361483812382548
2024-11-07,0.004789509615655385,3.341355494260731,0.0,0.0,0.7373742281830894
2024-11-08,0.005641632084429027,3.3602061926226354,0.0,0.0,0.7388159513575201
2024-11-11,-0.0006625012334734448,3.357980051875298,0.0,0.0,0.7385478546346941
2024-11-12,-0.007750299949358275,3.3319546992493025,0.0,0.0,0.7364738445669884
2024-11-13,-0.003054657148357287,3.321776720009238,0.0,0.0,0.735634386520242
2024-11-14,-0.007193312132637963,3.297882143227281,0.0,0.0,0.7336869390093346
2024-11-15,-0.0023975638332689453,3.289975260274296,0.0,0.0,0.7330148675451724
2024-11-18,-0.001563236879897345,3.284832249613485,0.0,0.0,0.7325003683154836
2024-11-19,0.007389740507518283,3.309106307548856,0.0,0.0,0.7344306107589911
2024-11-20,-0.001742699689516236,3.3033395290141145,0.0,0.0,0.7339348890737951
2024-11-21,0.01306825894535879,3.3465084253637105,0.0,0.0,0.7373353344462729
2024-11-22,0.004069292153479287,3.3601263458405954,0.0,0.0,0.7383682549518653
2024-11-25,0.0003504180774662746,3.3613037948547486,0.0,0.0,0.7383650614802899
2024-11-26,0.009995603177982648,3.3949020537487637,0.0,0.0,0.7409231372093834
2024-11-27,-0.010743609010466004,3.358428553454459,0.0,0.0,0.7380779750409391
2024-11-29,0.007224830093994994,3.382692629135989,0.0,0.0,0.7398943045238251
2024-12-02,-0.0022072700099363685,3.3752261131428645,0.0,0.0,0.7392252798904844
2024-12-03,0.0037072392461270365,3.3877388838540603,0.0001976784806599062,0.3953569613198124,0.7286656593150956
2024-12-04,0.00881305826044776,3.4175952240086502,0.0,0.0,0.7310039700261016
2024-12-05,0.0005824372370777375,3.4195857587283722,0.0,0.0,0.7311285710952075
2024-12-06,0.005717228094561877,3.4391363104999377,0.0,0.0,0.7326253385990582
2024-12-09,-0.021818275582589086,3.3641002867113614,0.0,0.0,0.726565139135334
2024-12-10,-0.01027317552054885,3.3295402939972467,0.0,0.0,0.723694465458191
2024-12-11,0.010895004429732236,3.365815650249319,0.0,0.0,0.7266403052342423
2024-12-12,-0.0042633646795324776,3.3514659506882283,0.0,0.0,0.7254379016928638
2024-12-13,0.01179362158789754,3.390991871875369,0.0,0.0,0.7286068649135482
2024-12-16,0.007010900415679755,3.4147657781994667,0.0,0.0,0.7304029594081611
2024-12-17,-0.01104667335349685,3.3770439760689976,0.0,0.0,0.7273599866722831
2024-12-18,-0.028526800336887592,3.2807077168347885,0.0,0.0,0.7193214771112684
2024-12-19,0.005442691189081472,3.298563595819157,0.0,0.0,0.7208085091253703
2024-12-20,0.014892156545008639,3.3476863212617625,0.0,0.0,0.724873479310824
2024-12-23,0.006989977135841707,3.3710865721053525,0.0,0.0,0.7266886701138192
2024-12-24,0.011034385890181131,3.408284442211171,0.0,0.0,0.7296403822246211
2024-12-26,0.0009176143967564165,3.411411933083585,0.0,0.0,0.7298261205083378
2024-12-27,-0.010750705315240361,3.3747368486821085,0.0,0.0,0.7268584783216411
2024-12-30,-0.008372011642499233,3.346483512494571,0.0,0.0,0.7244579048432754
2024-12-31,-0.006608414989373368,3.324368560688911,0.0,0.0,0.7225931364455956
2025-01-02,0.006967595995990505,3.347531417761564,0.0,0.0,0.724449144081053
2025-01-03,0.014159389874854877,3.3949304202239756,0.00023017612133718876,0.4603522426743775,0.7054683401721326
2025-01-06,0.004861579148234485,3.4114351431646437,0.0,0.0,0.7067923573274892
2025-01-07,-0.013607190124176216,3.365015096575306,0.0,0.0,0.7027134876393002
2025-01-08,0.001171879479029414,3.3689584887136066,0.0,0.0,0.7030272945436156
2025-01-10,0.00041532182924020056,3.3703576907157733,0.0,0.0,0.7030822320444291
2025-01-13,-0.010672059742611428,3.334389032086485,0.0,0.0,0.6997754734431032
2025-01-14,0.008770715507348426,3.3636340096777384,0.0,0.0,0.7023513939953033
2025-01-15,0.009937140512752407,3.3970589134653792,0.0,0.0,0.7052460727158515
2025-01-16,0.006041595892885443,3.4175825706448615,0.0,0.0,0.7069824324242459
2025-01-17,0.0063436164903909464,3.439262403797277,0.0,0.0,0.7087960646095203
2025-01-21,0.01722055676639611,3.4984884172564,0.0,0.0,0.7135944097253994
2025-01-22,0.01257783828401049,3.542491838807135,0.0,0.0,0.7171195244224097
2025-01-23,0.008295970012795806,3.5718802448724527,0.0,0.0,0.719414607897088
2025-01-24,-0.0031474776302709007,3.56063783170371,0.0,0.0,0.7184962167323335
2025-01-27,-0.050163652545679005,3.3820232326731254,0.0,0.0,0.7035268130529951
2025-01-28,0.02108052552741624,3.453318059763806,0.0,0.0,0.7096143021979618
2025-01-29,0.0050808609967243346,3.4708638888029437,0.0,0.0,0.7110491096357243
2025-01-30,0.01867901026323726,3.5356961910041935,0.0,0.0,0.7163149344321738
2025-01-31,-0.014712633156550026,3.4836767899929377,0.0,0.0,0.7120458901810074
2025-02-03,-0.003812174656156575,3.4703964056238856,0.0,0.0,0.7108445275288567
2025-02-04,0.010970424898555375,3.508468128759999,0.00023912558556678847,0.4782511711335769,0.7317627010393546
2025-02-05,0.010587808328870185,3.5456151168352594,0.0,0.0,0.7345423754819207
2025-02-06,0.003151610273590455,3.556789513863675,0.0,0.0,0.7353458645940186
2025-02-07,-0.005398980434071721,3.5375864768702137,0.0,0.0,0.7338785534078369
2025-02-10,0.00477162019882682,3.554466495958344,0.0,0.0,0.7350503766516947
2025-02-11,-0.013023199180843159,3.5081759707998446,0.0,0.0,0.731523281270701
2025-02-12,-0.004125609153444398,3.493702607902819,0.0,0.0,0.7303798782004347
2025-02-13,0.005479743093605327,3.5128472006395857,0.0,0.0,0.7318182351369243
2025-02-14,0.0028709434517852905,3.5229323863073843,0.0,0.0,0.7325551206623204
2025-02-18,0.007471069074039605,3.5492524575086577,0.0,0.0,0.7344159232323648
2025-02-19,-0.01215897960820922,3.5060971692534233,0.0,0.0,0.7311159333817479
2025-02-20,-0.018687207917156723,3.44057800247383,0.0,0.0,0.7259639126239793
2025-02-21,-0.029607636076220856,3.3387106210847337,0.0,0.0,0.7175702876336657
2025-02-24,-0.017476755645669972,3.280360791388433,0.0,0.0,0.7124474418803393
2025-02-25,-0.0050244346050992705,3.26387883311097,0.0,0.0,0.7109622035087173
2025-02-26,0.01847068949385755,3.324164925582937,0.0,0.0,0.7161716155291163
2025-02-27,-0.025582050528648592,3.239125970491113,0.0,0.0,0.7086866394669531
2025-02-28,0.016582846395163386,3.2928398989143517,0.0,0.0,0.7134057300548793
2025-03-03,-0.022661653612178867,3.2182187017247927,0.0,0.0,0.706659446628952
2025-03-04,-0.021838396530061144,3.147937965596068,0.0002211238823061515,0.4422477646123029,0.7509914915330708
2025-03-05,0.014327142837397888,3.1930389224724305,0.0,0.0,0.754480485353104
2025-03-06,-0.037770237402925955,3.0724370843338638,0.0,0.0,0.7448137752288128
2025-03-07,0.001971515229906906,3.0784944408385586,0.0,0.0,0.7452866236932632
2025-03-10,-0.03700156720796299,2.9645853218865303,0.0,0.0,0.7354085187086533
2025-03-11,0.006490194024458162,2.9838260558276346,0.0,0.0,0.7370845741925768
2025-03-12,0.015127701685857753,3.0289644862826846,0.0,0.0,0.7409728628669611
2025-03-13,-0.01566163905679896,2.9815259377826626,0.0,0.0,0.7368212886968841
2025-03-14,0.02688256769322317,3.061677010634206,0.0,0.0,0.7436816088130539
2025-03-17,0.009997403783233993,3.092285831963361,0.0,0.0,0.7461314657376763
2025-03-18,-0.01594084420675912,3.042992185273264,0.0,0.0,0.741989450900895
2025-03-19,0.020647996182094452,3.10582387629693,0.0,0.0,0.7471800431588475
2025-03-20,-0.0012508177624878103,3.1019390566252993,0.0,0.0,0.7468343766188575
2025-03-21,0.0030006624404548266,3.111246928645095,0.0,0.0,0.7475628685525514
2025-03-24,0.02803753610985904,3.19847862675367,0.0,0.0,0.7543631486199784
2025-03-25,0.0009070513602980057,3.2013798111429512,0.0,0.0,0.7545576527709285
2025-03-26,-0.02085454910601492,3.1346164786644657,0.0,0.0,0.7493013429222365
2025-03-27,-0.01573307781516209,3.0852993136849483,0.0,0.0,0.7452648153046681
2025-03-28,-0.018722835970667928,3.0275337607144106,0.0,0.0,0.7403746848746757
2025-03-31,-0.0020764232823368145,3.0212473191256026,0.0,0.0,0.7397449784407429
2025-04-01,0.007716762017741408,3.044561565684034,0.0,0.0,0.741708277418501
2025-04-02,-0.015552750704505347,2.997210258648432,0.0003688471411024602,0.7376942822049204,0.0
2025-04-03,0.0001150718704630016,2.9975551532390656,0.0,0.0,0.0
2025-04-04,0.00011457905387479705,2.997898610272461,0.0,0.0,0.0
2025-04-07,0.00034127311784870606,2.9989217124781833,0.0,0.0,0.0
2025-04-08,0.00011362081027699311,2.999262452393112,0.0,0.0,0.0
2025-04-09,0.00011438740515523627,2.999605530242421,0.0,0.0,0.0
2025-04-10,0.00011575633577098898,2.99995275358736,0.0,0.0,0.0
2025-04-11,0.00011490759826693342,3.000297470953189,0.0,0.0,0.0
2025-04-14,0.0003460369462595647,3.0013356847279082,0.0,0.0,0.0
2025-04-15,0.00011485284521994821,3.0016803966707593,0.0,0.0,0.0
2025-04-16,0.00011498972783741124,3.0020255590826275,0.0,0.0,0.0
2025-04-17,0.00011520876613557718,3.0023714187431967,0.0,0.0,0.0
2025-04-21,0.00046050649404039135,3.0037540302790493,0.0,0.0,0.0
2025-04-22,0.00011526351918256239,3.004100253539338,0.0,0.0,0.0
2025-04-23,0.00011534564875326225,3.0044467634320027,0.0,0.0,0.0
2025-04-24,0.00011520876613557718,3.0047929020365376,0.0,0.0,0.0
2025-04-25,0.00011490759826693342,3.0051381755722,0.0,0.0,0.0
2025-04-28,0.0003443942373537734,3.006173127842319,0.0,0.0,0.0
2025-04-29,0.00011479807911785045,3.006518230742891,0.0,0.0,0.0
2025-04-30,0.00011471594954737263,3.006863126336562,0.0,0.0,0.0
2025-05-01,0.00011471594954737263,3.007208061495259,0.0,0.0,0.0
2025-05-02,0.00011457905387479705,3.0075526245497497,0.0,0.0,0.0
2025-05-05,0.0003456262984069536,3.008592113830637,0.0,0.0,0.0
2025-05-06,0.00011520876613557718,3.0089387300158768,0.0,0.0,0.0
2025-05-07,0.00011526351918256239,3.009285550882903,0.0,0.0,0.0
2025-05-08,0.00011540041485513797,3.0096328236838925,0.0,0.0,0.0
2025-05-09,0.00011540041485513797,3.009980136560307,0.0,0.0,0.0
2025-05-12,0.00034620124456563595,3.0110221954297023,0.0,0.0,0.0
2025-05-13,0.00011718001943350487,3.0113750270690773,0.0,0.0,0.0
2025-05-14,0.0001173169020509679,3.0117283122581666,0.0,0.0,0.0
2025-05-15,0.0001173169020509679,3.01208163889358,0.0,0.0,0.0
2025-05-16,0.00011657768369621735,3.012432780394146,0.0,0.0,0.0
2025-05-19,0.0003480082126123829,3.013481131741666,0.0,0.0,0.0
2025-05-20,0.0001160848671080128,3.013830951298377,0.0,0.0,0.0
2025-05-21,0.00011630390540617874,3.014181471608247,0.0,0.0,0.0
2025-05-22,0.00011594798449054977,3.0145309598747687,0.0,0.0,0.0
2025-05-23,0.00011586584186495941,3.0148802410422624,0.0,0.0,0.0
2025-05-27,0.00046324435527167473,3.0162768672957454,0.0,0.0,0.0
2025-05-28,0.0001150718704630016,3.016623955916699,0.0,0.0,0.0
2025-05-29,0.00011567419314539862,3.016972901458823,0.0,0.0,0.0
2025-05-30,0.0001158110888179742,3.017322300375475,0.0,0.0,0.0
2025-06-02,0.0003475975255946562,3.0183711141410074,0.0,0.0,0.0
2025-06-03,0.0007569569321779213,3.020655891079742,0.0002814046823334926,0.5628093646669853,0.5633706561021466
2025-06-04,-0.0018409200828835015,3.015095104986373,0.0,0.0,0.5625146542507953
2025-06-05,-0.0026187657611534965,3.007199277158813,0.0,0.0,0.5613150557105333
2025-06-06,0.005309723375374498,3.0231666734551528,0.0,0.0,0.5635814886811458
2025-06-09,-0.0035406242917622732,3.0124627760930713,0.0,0.0,0.5618785672991252
2025-06-10,-0.0013323211289932857,3.008449208286177,0.0,0.0,0.5612431429997609
2025-06-11,0.0032581105216671347,3.018251068305595,0.0,0.0,0.5626171315661345
2025-06-12,-0.00021403322791457846,3.017605062286789,0.0,0.0,0.562472592879086
2025-06-13,-0.00261193215389266,3.009723282596853,0.0,0.0,0.5612756687599493
2025-06-16,0.006037296528402125,3.0278938745223263,0.0,0.0,0.5637566116866846
2025-06-17,-0.005341222392734268,3.011721219956905,0.0,0.0,0.5613630172021146
2025-06-18,0.001508892413722096,3.016265583257944,0.0,0.0,0.5619732974557387
2025-06-20,0.0026257220735137476,3.024185458379484,0.0,0.0,0.5630193982632238
2025-06-23,0.011386008555820837,3.0586188598829813,0.0,0.0,0.5677899798542682
2025-06-24,0.005410943845383764,3.0751688747782397,0.0,0.0,0.570067119808664
2025-06-25,-0.005844706857113469,3.0571954141690414,0.0,0.0,0.5674899996514172
2025-06-26,0.004412641181376298,3.0706857205531186,0.0,0.0,0.5693407522689575
2025-06-27,0.004012542047885592,3.0830069761226797,0.0,0.0,0.5710126432216481
2025-06-30,0.0066779847605946685,3.103595249726034,0.0,0.0,0.5737115095439674
2025-07-01,-0.012527049524768907,3.0647163583278783,0.0,0.0,0.5682541052493466
2025-07-02,0.001273059225951112,3.068617923762771,0.00023800600560144213,0.4760120112028842,0.5809044104206682
2025-07-03,0.009087524987141604,3.0965040658209557,0.0,0.0,0.5846306343128286
2025-07-07,0.0015914096014608692,3.101431872122266,0.0,0.0,0.5850980408837649
2025-07-08,-0.004896952773129404,3.086244306715405,0.0,0.0,0.5830078292799146
2025-07-09,0.005254258771487219,3.1024602329349165,0.0,0.0,0.5851390951784499
2025-07-10,-0.0005784454247462767,3.100665629007718,0.0,0.0,0.5848507381216624
2025-07-11,-0.0038987076736908266,3.0885770401263564,0.0,0.0,0.5831774764034543
2025-07-14,0.0090057584505856,3.116392018905759,0.0,0.0,0.5867540122880482
2025-07-15,-0.003395125612180805,3.105811476544776,0.0,0.0,0.5852982117841498
2025-07-16,0.0008408385826770282,3.1084229626647764,0.0,0.0,0.5855986066925435
2025-07-17,0.004342778007424997,3.121922153544812,0.0,0.0,0.5873427499757441
2025-07-18,0.003790573852119339,3.133756030028391,0.0,0.0,0.5888533848082516
2025-07-21,-0.000278007450757789,3.132884822503186,0.0,0.0,0.5885961654654732
2025-07-22,-0.00828073859759726,3.106942222231657,0.0,0.0,0.5851130286269811
2025-07-23,0.011664231431977923,3.143182315357551,0.0,0.0,0.5898490754214144
2025-07-24,-0.005145630667453882,3.1270086600422484,0.0,0.0,0.5876798157208032
2025-07-25,0.007123442445792216,3.1492837262595534,0.0,0.0,0.590548598634135
2025-07-28,-5.390715267505897e-05,3.149113957340905,0.0,0.0,0.5903837558978069
2025-07-29,-0.004880640950102766,3.133744262804167,0.0,0.0,0.5883270337829194
2025-07-30,0.006455506782354403,3.1539741701468635,0.0,0.0,0.5909201750728068
2025-07-31,-0.006729550562102893,3.1327493414972936,0.0,0.0,0.5881008807449892
2025-08-01,-0.0038193610994821103,3.1207842405279504,0.0,0.0,0.5864737156683084
2025-08-04,0.010221669911951059,3.1526838669010457,0.00022309864296572154,0.4461972859314431,0.617199496546765
2025-08-05,0.0011388280148121321,3.1562742316105186,0.0,0.0,0.6175914685528625
2025-08-06,0.0010011506139606663,3.1594341374953236,0.0,0.0,0.6179305280720588
2025-08-07,-0.007466589513025479,3.135843939697206,0.0,0.0,0.6150127531193081
2025-08-08,-0.003034652356989631,3.1263277434944525,0.0,0.0,0.6137971456395112
2025-08-11,-0.000891074446142115,3.1235419527319594,0.0,0.0,0.6133214835137115
2025-08-12,0.01301881299893437,3.164206761308903,0.0,0.0,0.618247586181193
2025-08-13,-0.0064799552127400295,3.143702843211772,0.0,0.0,0.6157142658524687
2025-08-14,-0.004218427325564322,3.130441361234513,0.0,0.0,0.6140428918307786
2025-08-15,-0.002146067597673329,3.1237232224627514,0.0,0.0,0.61316927573274
2025-08-18,0.0046841871723726225,3.1383553267114537,0.0,0.0,0.6148427755618749
2025-08-19,-0.013706488028060848,3.0953394969980823,0.0,0.0,0.6094461771033943
2025-08-20,-0.0012694373741133358,3.091410157355024,0.0,0.0,0.6089057601275142
2025-08-21,-0.0025731732310732003,3.0834554234918503,0.0,0.0,0.6078526353503901
2025-08-22,0.008241031046701375,3.1088662753679666,0.0,0.0,0.6110139614736715
2025-08-25,-0.0020916639319342734,3.1023635719105727,0.0,0.0,0.6100677443943081
2025-08-26,0.007734605640499659,3.126359130692753,0.0,0.0,0.61301720778315
2025-08-27,-0.0002604627309288343,3.1255448306557083,0.0,0.0,0.6128730632391886
2025-08-28,0.008655493366510836,3.152597963204181,0.0,0.0,0.6161524216390352
2025-08-29,-0.012885489263199768,3.111975195998128,0.0,0.0,0.6110984414249883
2025-09-02,-0.0037651962365030656,3.100257998702065,0.0,0.0,0.6094557736766689
2025-09-03,0.001988233701536446,3.106422036138542,0.00014930029614487644,0.2986005922897529,0.6497877950440506
2025-09-04,0.009096154856398808,3.1346785320285884,0.0,0.0,0.652906485659321
2025-09-05,-0.00032889325024487714,3.1336475574177167,0.0,0.0,0.6527542862845389
2025-09-08,0.00635298459752498,3.1535555720840636,0.0,0.0,0.6548355925211101
2025-09-09,0.004386074887347213,3.1673873029846353,0.0,0.0,0.656305940465254
2025-09-10,0.02660544976287671,3.2516570667537668,0.0,0.0,0.6651769552006626
2025-09-11,-0.0019843071151237623,3.2452047805002646,0.0,0.0,0.664475144707799
2025-09-12,-0.0013836149176096324,3.240714666755266,0.0,0.0,0.6639741310276972
2025-09-15,0.006585829276503974,3.262057460284379,0.0,0.0,0.6660649587324512
2025-09-16,-0.0037298699443425454,3.249890410206546,0.0,0.0,0.6647789715846735
2025-09-17,-0.0034870993710373055,3.2385577194011743,0.0,0.0,0.6635701052668002
2025-09-18,0.01269750216061305,3.279679313040541,0.0,0.0,0.6677531820069629
2025-09-19,0.0053762150711123,3.297311574391725,0.0,0.0,0.6694947551664457
2025-09-22,0.00698317647279878,3.3203372830015043,0.0,0.0,0.6716821833721895
2025-09-23,-0.006490654391944406,3.2987861212328538,0.0,0.0,0.6695024488878764
2025-09-24,-0.007662175352902256,3.2735102435202474,0.0,0.0,0.6669155054862217
2025-09-25,-0.009564171333869997,3.242201830688041,0.0,0.0,0.663663543512985
2025-09-26,0.0024154140613494857,3.2500330905796178,0.0,0.0,0.6644383077641921
2025-09-29,0.005051122439002187,3.266449405650944,0.0,0.0,0.6660188996709137
2025-09-30,0.0011479781252694554,3.2701992181159305,0.0,0.0,0.6663665806371047
2025-10-01,0.006119444534360641,3.2902110208475004,0.0,0.0,0.6683609059671164
2025-10-02,0.004447047811536375,3.304842746567253,0.0002578286270941625,0.515657254188325,0.7473670819555364
2025-10-03,-0.0050578574235462526,3.288127323147875,0.0,0.0,0.7460560541745694
2025-10-06,0.003056035277127167,3.2981759562431003,0.0,0.0,0.7467495270873605
2025-10-07,-0.006555629441675759,3.276554336840526,0.0,0.0,0.7450514148638004
2025-10-08,0.011418432340373874,3.3139674508452983,0.0,0.0,0.7479031412196374
2025-10-09,0.0004183930590608842,3.3153539918246855,0.0,0.0,0.7479820592535479
2025-10-10,-0.029298635864998368,3.2182186424546453,0.0,0.0,0.7403480253789646
2025-10-13,0.02282564361627637,3.291676554266572,0.0,0.0,0.7460621486893604
2025-10-14,-0.0007780916014326067,3.2891153283850647,0.0,0.0,0.7458375993112588
2025-10-15,0.001396906925383412,3.2937099163656702,0.0,0.0,0.7461653712257932
2025-10-16,-0.007290743691192647,3.2696963215723085,0.0,0.0,0.7442741278278737
2025-10-17,-0.0017183237370003157,3.2640779247701683,0.0,0.0,0.7438069288264676
2025-10-20,0.004894977803420186,3.2800555137605523,0.0,0.0,0.7449746372566
2025-10-21,4.2794082110164666e-05,3.2801958807255343,0.0,0.0,0.7449590330516049
2025-10-22,-0.013561385258849423,3.2357118806625245,0.0,0.0,0.7414259818766629
2025-10-23,0.012895205288202316,3.277437049617143,0.0,0.0,0.7446914217477542
2025-10-24,0.011812922190960196,3.3161531584700406,0.0,0.0,0.747645982126248
2025-10-27,0.007459385960093101,3.34088962478185,0.0,0.0,0.7494370314515105
2025-10-28,-0.011643075756833987,3.3019913937852943,0.0,0.0,0.7464595349808258
2025-10-29,0.01665418884231018,3.356983382013077,0.0,0.0,0.7505874756588656
2025-10-30,-0.011343031220967248,3.3189050147026347,0.0,0.0,0.747700160234735
2025-10-31,0.007228164640888934,3.342894606576377,0.0,0.0,0.7494849722729133
2025-11-03,0.0017671747632335144,3.3488020855612683,0.0,0.0,0.7498505278601464
2025-11-04,-0.031544782152173934,3.2431648533014923,0.0004952295230452465,0.990459046090493,0.9999999999999998
2025-11-05,0.029688506163047634,3.3394495730365135,0.0,0.0,0.9999999999999998
2025-11-06,-0.026697067928314167,3.2502960609419778,0.0,0.0,0.9999999999999998
2025-11-07,0.005307666011570955,3.2675475468721826,0.0,0.0,0.9999999999999998
2025-11-10,0.03495483823521783,3.381764142798983,0.0,0.0,0.9999999999999998
2025-11-11,-0.01969182372376499,3.3151710394236362,0.0,0.0,0.9999999999999998
2025-11-12,-0.004949924634496061,3.2987611926280254,0.0,0.0,0.9999999999999998
2025-11-13,-0.048801325288918895,3.137777274616123,0.0,0.0,0.9999999999999997
2025-11-14,0.006338328973342078,3.157665539227717,0.0,0.0,0.9999999999999997
2025-11-17,-0.012632613046376306,3.117775972340776,0.0,0.0,0.9999999999999997
2025-11-18,-0.015400155080533495,3.069761738860367,0.0,0.0,0.9999999999999997
2025-11-19,0.01309905077142437,3.1099727037338747,0.0,0.0,0.9999999999999997
2025-11-20,-0.055573532264938774,2.937140535339841,0.0,0.0,0.9999999999999997
2025-11-21,0.0016439299813126862,2.941968988725215,0.0,0.0,0.9999999999999997
2025-11-24,0.047847245960313645,3.0827341025363655,0.0,0.0,0.9999999999999997
2025-11-25,0.006210536936660738,3.101879536546071,0.0,0.0,0.9999999999999997
2025-11-26,0.029864313858807057,3.194515040577694,0.0,0.0,0.9999999999999997
2025-11-28,0.01719537888466971,3.2494459370532036,0.0,0.0,0.9999999999999998
2025-12-01,-0.01043248749159953,3.215546132960267,0.0,0.0,0.9999999999999998
2025-12-02,0.01333160275599643,3.258414516648474,0.0002934712185204627,0.5869424370409254,0.8268252285684328
2025-12-03,0.003150595901342479,3.2686804640695017,0.0,0.0,0.8273517634633183
2025-12-04,0.00290425676638284,3.278173551424419,0.0,0.0,0.8278345939051919
2025-12-05,0.011272214399114189,3.3151258265335803,0.0,0.0,0.8297368114325386
2025-12-08,0.007817313954465499,3.3410412059181502,0.0,0.0,0.8310074922068592
2025-12-09,0.009049738879013836,3.3712767564157353,0.0,0.0,0.8325065247938067
2025-12-10,0.020877974397770727,3.441662186223983,0.0,0.0,0.8359156189601396
2025-12-11,-0.0022830633076929008,3.433804653569141,0.0,0.0,0.8355239686270427
2025-12-12,-0.03415362539492928,3.3165277757517755,0.0,0.0,0.8296912399437709
2025-12-15,-0.0030103710346603973,3.3065437966000055,0.0,0.0,0.8291275413351299
2025-12-16,-0.0007926950424698154,3.3039227157247315,0.0,0.0,0.8289754194092623
2025-12-17,-0.03037258374573304,3.203574046351952,0.0,0.0,0.8236011308837256
2025-12-18,0.02510965969595813,3.2840147004666536,0.0,0.0,0.8279052601835445
2025-12-19,0.02374454732480813,3.36199214293725,0.0,0.0,0.831880584991582
2025-12-22,0.007204463597037636,3.3862134929445675,0.0,0.0,0.8330348455623636
2025-12-23,0.0031493162655358287,3.396877750176475,0.0,0.0,0.8335429440815761
2025-12-24,0.004511258955850694,3.4122019453488885,0.0,0.0,0.8342744102273562
2025-12-26,-0.0033519778756374574,3.400764319920872,0.0,0.0,0.8336846645613022
2025-12-29,-0.006837936205995154,3.3775101104496286,0.0,0.0,0.8324908488851506
2025-12-30,-0.0031008297773778004,3.3670370265257517,0.0,0.0,0.8319535396154509
2025-12-31,-0.011943295942309473,3.326823506869241,0.0,0.0,0.8299057668013166
2026-01-02,0.023598090067803446,3.405330187624027,0.0,0.0,0.8337948545586241
2026-01-05,0.013876016128825608,3.4525826042314747,0.0001522963721210963,0.30459274424219257,0.7658371528912367
2026-01-06,0.02254231057152034,3.5304117935698893,0.0,0.0,0.7709773185358759
2026-01-07,-0.011333165196634853,3.490401053501214,0.0,0.0,0.7683296891788124
2026-01-08,-0.01812566689688566,3.427135206668912,0.0,0.0,0.7640302858437876
2026-01-09,0.021528973638180515,3.5009179101877677,0.0,0.0,0.7689812259711191
2026-01-12,0.012465388787737952,3.5445582130522135,0.0,0.0,0.7717596717585555
2026-01-13,0.01090961352083486,3.5832279732587144,0.0,0.0,0.7742009745677412
2026-01-14,-0.0060669449239745266,3.561488726494909,0.0,0.0,0.7728005600151422
2026-01-15,0.008209282365082338,3.590725993090763,0.0,0.0,0.774628553299792
2026-01-16,0.0008483214112779969,3.593772082832734,0.0,0.0,0.7747976000767135
2026-01-20,-0.004200292987354248,3.578677187155062,0.0,0.0,0.7737595984461394
2026-01-21,0.018432477224209043,3.644641072900094,0.0,0.0,0.7778325691420994
2026-01-22,-0.001789655012879643,3.6381184227338315,0.0,0.0,0.7774123896945886
2026-01-23,-0.006735267342564133,3.6136147225328115,0.0,0.0,0.7758810227755726
2026-01-26,0.0037964186458454563,3.627333516844337,0.0,0.0,0.7766629657364085
2026-01-27,0.020657239456681298,3.702264213891036,0.0,0.0,0.7811617010603723
2026-01-28,0.012988519587334935,3.7503511451506486,0.0,0.0,0.7839465263018707
2026-01-29,0.002151405494965619,3.7584196712123763,0.0,0.0,0.7843892042283284
2026-01-30,-0.036995007091381815,3.6193769088234857,0.0,0.0,0.7760843085302936
2026-02-02,0.018730118152399555,3.687168265963816,0.0,0.0,0.7801366802882628
2026-02-03,0.0044530459706941805,3.7035873957538374,0.00027020217016730276,0.5404043403346055,0.7029286383386577
2026-02-04,-0.03920180397426898,3.558400088663922,0.0,0.0,0.6907773539853833
2026-02-05,-0.018865788137598538,3.4912680664823768,0.0,0.0,0.6848004302140377
2026-02-06,0.04038664392582958,3.6322686667330197,0.0,0.0,0.6970064459479828
2026-02-09,0.01596022726142432,3.6902405001286294,0.0,0.0,0.7016783840793799
2026-02-10,-0.009567759142234289,3.6549331678464805,0.0,0.0,0.6987669122614053
2026-02-11,0.007651097952892094,3.6828974195249478,0.0,0.0,0.7010247930045763
2026-02-12,-0.018118952422328527,3.6161671764042587,0.0,0.0,0.695477700160824
2026-02-13,0.010137393558175,3.6528256862436232,0.0,0.0,0.6985040850627842
2026-02-17,-0.006429046602851818,3.629341499674669,0.0,0.0,0.6964338100899393
2026-02-18,0.011652429914041917,3.671632147133752,0.0,0.0,0.699900832503764
2026-02-19,-0.0038553325076959855,3.6574767843606057,0.0,0.0,0.6987096548308773
2026-02-20,0.004370365904535767,3.6734612961956064,0.0,0.0,0.6999911485621125
2026-02-23,-0.008459053001022343,3.6423872923938836,0.0,0.0,0.6973423658168426
2026-02-24,0.01430284800786219,3.6944838042227617,0.0,0.0,0.7015808778667263
2026-02-25,0.0194203590161639,3.7662320060801706,0.0,0.0,0.7072371231122287
2026-02-26,-0.009414062620747288,3.7307764621306694,0.0,0.0,0.7044258098832221
2026-02-27,-0.005914314132645093,3.7087114781749504,0.0,0.0,0.7026380826318599
2026-03-02,-0.0012748622589527914,3.70398338188208,0.0,0.0,0.7021710026929544
2026-03-03,-0.034142387007102926,3.5775205477899843,0.000195235796143472,0.390471592286944,0.6333801487682671
2026-03-04,0.015996607978011834,3.6347487415262627,0.0,0.0,0.6391169683230176
2026-03-05,-0.013786743604293772,3.584637392560811,0.0,0.0,0.6340359962567969
2026-03-06,-0.028996492136857177,3.480695482593937,0.0,0.0,0.623070410230808
2026-03-09,0.0305202051525002,3.5869270227960848,0.0,0.0,0.6341264221546734
2026-03-10,0.008902811578192837,3.6188607582247667,0.0,0.0,0.6373193086713081
2026-03-11,0.006522347443735699,3.64246422544041,0.0,0.0,0.6396340435320984
2026-03-12,-0.02040358993019653,3.568144879049113,0.0,0.0,0.6320918784735929
2026-03-13,0.0024625783128293666,3.5769317152452924,0.0,0.0,0.6329594322601245
2026-03-16,0.017922314311249687,3.641038609715796,0.0,0.0,0.6393151201558536
2026-03-17,0.011179507878965156,3.6817436295407298,0.0,0.0,0.6432676132590894
2026-03-18,-0.005126039521521353,3.6628708661875944,0.0,0.0,0.6413941763184113
2026-03-19,0.008527177807397868,3.694104817349113,0.0,0.0,0.644391073551721
2026-03-20,-0.024078733194362267,3.6051554530601555,0.0,0.0,0.6355811630222942
2026-03-23,0.008903276812633365,3.6372531500113245,0.0,0.0,0.6386897154932557
2026-03-24,0.010475379442606902,3.6753547568865104,0.0,0.0,0.642399980984318
2026-03-25,0.006346754970459001,3.69868133295798,0.0,0.0,0.6446200486492094
2026-03-26,-0.0407840531354855,3.5478341169433936,0.0,0.0,0.6294732439666192
2026-03-27,-0.0002292574877376108,3.5470207494068333,0.0,0.0,0.6293515470542861
2026-03-30,-0.02631219916014005,3.4536908330232916,0.0,0.0,0.619222648172949
2026-03-31,0.03679324917566795,3.5807633404184376,0.0,0.0,0.6326993239040459
2026-04-01,0.028089502533692245,3.6813452013416734,0.0,0.0,0.6426995146728651
2026-04-02,-0.027640123137173456,3.579592366666147,0.00031631146563167195,0.6326229312633439,0.0
2026-04-06,0.00039501712389133914,3.581006366947531,0.0,0.0,0.0
2026-04-07,9.91923314590526e-05,3.5813615753180383,0.0,0.0,0.0
2026-04-08,9.89733062159992e-05,3.5817160345139025,0.0,0.0,0.0
2026-04-09,9.856262572571772e-05,3.5820690578508683,0.0,0.0,0.0
2026-04-10,9.823408786102661e-05,3.5824209391374215,0.0,0.0,0.0
2026-04-13,0.0002951129310184708,3.5834781578809123,0.0,0.0,0.0
2026-04-14,9.864476182386284e-05,3.5838316492302975,0.0,0.0,0.0
2026-04-15,9.889117011785409e-05,3.5841860585355954,0.0,0.0,0.0
2026-04-16,9.889117011785409e-05,3.584540502888844,0.0,0.0,0.0
2026-04-17,9.883641054342363e-05,3.584894786005597,0.0,0.0,0.0
2026-04-20,0.00029568787717715317,3.585954795934774,0.0,0.0,0.0
2026-04-21,9.850787267873251e-05,3.5863080407132437,0.0,0.0,0.0
2026-04-22,9.850787267873251e-05,3.586661320289105,0.0,0.0,0.0
2026-04-23,9.842573658080944e-05,3.5870143400714203,0.0,0.0,0.0
2026-04-24,9.842573658080944e-05,3.587367394599968,0.0,0.0,0.0
2026-04-27,0.0002951129310184708,3.588426073106428,0.0,0.0,0.0
2026-04-28,9.828884090823387e-05,3.5887787753458387,0.0,0.0,0.0
2026-04-29,9.828884090823387e-05,3.5891315122519436,0.0,0.0,0.0
2026-04-30,9.828884090823387e-05,3.58948428382815,0.0,0.0,0.0
2026-05-01,9.815195176310354e-05,3.5898365987164307,0.0,0.0,0.0
2026-05-04,-0.0012578611954517926,3.5853210825608928,0.00025757902960725764,0.5151580592145152,0.5146628608028375
2026-05-05,0.02120682866076562,3.6613543724525925,0.0,0.0,0.5246948719892827
2026-05-06,0.02065859071253473,3.7369927938866403,0.0,0.0,0.5342693632742505
2026-05-07,-0.02057041649830693,3.6601212956652205,0.0,0.0,0.5244410132120735
2026-05-08,0.02317985945562251,3.7449623928892715,0.0,0.0,0.5351688867829241
2026-05-11,0.025473224317861698,3.840358659985296,0.0,0.0,0.5465816598376012
2026-05-12,-0.014332169913021664,3.7853179871434426,0.0,0.0,0.5399433597984604
2026-05-13,0.008828155179929631,3.8187353617393236,0.0,0.0,0.5439242848082722
2026-05-14,-0.0018484697010026085,3.811676545127001,0.0,0.0,0.5430346461773039
2026-05-15,-0.01895086596367679,3.739441973823409,0.0,0.0,0.5341617177550129
2026-05-18,-0.023084180383144193,3.6531200207673686,0.0,0.0,0.5230135939205252
2026-05-19,-0.0020605905775532563,3.6455924360739043,0.0,0.0,0.5219819993913192
2026-05-20,0.014162317628534815,3.6972224740977673,0.0,0.0,0.5286111701998261
2026-05-21,0.014932670733283082,3.7524318799311636,0.0,0.0,0.5355014674757592
2026-05-22,-0.0007118118784628091,3.7497608543459062,0.0,0.0,0.535125010650879
2026-05-26,0.023393635770448062,3.837481393998759,0.0,0.0,0.5455731923238603
2026-05-27,-0.004536276698077102,3.820073516571858,0.0,0.0,0.5434576242297068
2026-05-28,-0.0020385670254207122,3.8122860406662915,0.0,0.0,0.5424801287815215
2026-05-29,-0.0012537196865761713,3.8075065026062487,0.0,0.0,0.5418607815262939
2026-06-01,0.0045108516143066435,3.824681599460013,0.0,0.0,0.5437836909357887
2026-06-02,0.02512533310569398,3.920777998669664,0.00010509626355462231,0.21019252710924463,0.5190443863512868
2026-06-03,0.006344146023540498,3.945651986819109,0.0,0.0,0.5220290625027346
2026-06-04,-0.009160925177876145,3.9095061641899207,0.0,0.0,0.5175620737053193
2026-06-05,-0.0470876998688331,3.725416511295193,0.0,0.0,0.4936724599468474
2026-06-08,0.020139174343711153,3.800443323919107,0.0,0.0,0.5035203946702977
2026-06-09,-0.013184927106722033,3.7503347557200053,0.0,0.0,0.4968369110846721
2026-06-10,-0.014076012334592214,3.697544997439641,0.0,0.0,0.48960247398158663
2026-06-11,0.03729071116564664,3.835429079961144,0.0,0.0,0.5079023501004621
2026-06-12,0.011288896536320259,3.878726842017219,0.0,0.0,0.5133473096576597
2026-06-15,0.029321638438130737,3.9924574680791203,0.0,0.0,0.5270697817317034
2026-06-16,-0.021589838303862297,3.9062609569082447,0.0,0.0,0.5165861076500736
2026-06-17,0.0027881552931832143,3.9171522190718036,0.0,0.0,0.5178822831144946
2026-06-18,0.02383411240725497,4.010514065377489,0.0,0.0,0.5290586138741269
2026-06-22,0.022257071150246777,4.099776362279661,0.0,0.0,0.5391276229465385
2026-06-23,-0.041015452346868986,3.9316221802597595,0.0,0.0,0.5193678433975448
2026-06-24,0.0006863638240162118,3.9343207034939898,0.0,0.0,0.5196489822803507
2026-06-25,0.031211602697404306,4.0571171581756165,0.0,0.0,0.5341406703152949
2026-06-26,-0.03704260353497013,3.9068309757903923,0.0,0.0,0.5161714650320866
2026-06-29,0.023825174782653447,3.9999119066348827,0.0,0.0,0.5272883371907255
2026-06-30,0.017368215311262647,4.0693832378554005,0.0,0.0,0.5353115196933603
2026-07-01,-0.03932167115712537,3.9093682883641323,0.0,0.0,0.5162418609433925
2026-07-02,-0.03148932617820566,3.7862649151811008,0.00011443363080971404,0.22886726161942808,0.39683956086414385
2026-07-06,0.00765298703453321,3.8152411514862896,0.0,0.0,0.4011800342780774
2026-07-07,-0.020673649491531387,3.7363661931947956,0.0,0.0,0.3884771279631292
2026-07-08,0.00725823350452659,3.7634856114834223,0.0,0.0,0.39282180297307806
2026-07-09,0.017582010457277475,3.829655254860337,0.0,0.0,0.4032519437517382
2026-07-10,-0.001768827212987767,3.8228812564291785,0.0,0.0,0.40213426579390943
2026-07-13,-0.017800944244096284,3.754830360331682,0.0,0.0,0.39111407466334996
2026-07-14,0.011487656611087083,3.797964562144057,0.0,0.0,0.39796786588332705
2026-07-15,-0.018420248065990852,3.728005112763521,0.0,0.0,0.386608047818033
2026-07-16,-0.023221017122677545,3.64143704220661,0.0,0.0,0.3719624415465392
2026-07-17,-0.0021636148255371745,3.6335583750358316,0.0,0.0,0.3705369570528464
2026-07-20,0.0031777392824801076,3.6451048762193676,0.0,0.0,0.3723398407635518
2026-07-21,0.02883492934465992,3.7502112177790283,0.0,0.0,0.38986924964548886
2026-07-22,-0.0005445160980028785,3.748169167400037,0.0,0.0,0.3894745010113041
2026-07-23,0.0019430909593423085,3.7554522010232976,0.0,0.0,0.3905960296455621
2026-07-24,-0.022183397600202492,3.672143511679442,0.0,0.0,0.37670584624030784
2026-07-27,-0.012407098500774594,3.626582865421055,0.0,0.0,0.3686781787941408
2026-07-28,-0.02513423203598375,3.5354314901838393,0.0,0.0,0.352333960461781
2026-07-29,-0.019556987939962855,3.466289099167749,0.0,0.0,0.33934690300358905
2026-07-30,0.038721777498114784,3.600509974409863,0.0,0.0,0.3639112261805836
2026-07-31,0.0026162797215643074,3.6099299156432014,0.0,0.0,0.3655072360147921
2026-08-03,0.010275041861552037,3.6470220966437044,0.0,0.0,0.3717704358849542
2026-08-04,0.025188930714407975,3.738886683549978,6.05175233456474e-05,0.12103504669129479,0.3472473653365594
2026-08-05,-0.008336212379595143,3.707718530092665,0.0,0.0,0.3416929173881392
2026-08-06,-0.004703594838676328,3.6902789243512566,0.0,0.0,0.33851441981954206
2026-08-07,0.005085454350888918,3.709045669363092,0.0,0.0,0.3417941074954946
2026-08-10,-0.010719894073458192,3.669285092673901,0.0,0.0,0.3344590082223568
2026-08-11,0.0034855653011309773,3.682074625472882,0.0,0.0,0.33670322483870196
2026-08-12,0.018167722145597143,3.7489695341878266,0.0,0.0,0.3484722626571456
2026-08-13,0.0036730694171756006,3.7627397595297754,0.0,0.0,0.3507907284405949
2026-08-14,0.00471890935656516,3.7804957873873404,0.0,0.0,0.35377435460429474
2026-08-17,0.01299738899362013,3.8296323617247556,0.0,0.0,0.36187212120301854
2026-08-18,-0.025159257234707577,3.7332816560217617,0.0,0.0,0.3453365807622307
2026-08-19,-0.012561385196324881,3.6863864670940987,0.0,0.0,0.336941236895877
2026-08-20,0.0028995372587277135,3.6970752820055073,0.0,0.0,0.3387912680786237
2026-08-21,-0.0022481112852820173,3.6887638453414935,0.0,0.0,0.33723426187192673
2026-08-24,-0.011865229899068463,3.6449958142731447,0.0,0.0,0.3290715821193101
2026-08-25,0.0070200020391510964,3.6705836923220394,0.0,0.0,0.33368112152641216
2026-08-26,0.0059690367681020096,3.6924935413419053,0.0,0.0,0.3375676151536116
2026-08-27,0.0017881797746928108,3.6990963836107165,0.0,0.0,0.338683245044581
2026-08-28,-0.012261228194789364,3.6537409187367453,0.0,0.0,0.33040661437106833
2026-08-31,0.0013363948147404603,3.65862375915495,0.0,0.0,0.33109539470164884
2026-09-01,-0.008321142438213469,3.6281798297271894,0.0,0.0,0.3254137197825085
2026-09-02,0.002232907946253082,3.6362812212994227,6.158002958997331e-05,0.12316005917994663,0.33761756990500896
2026-09-03,-9.699211294944554e-05,3.6359285307004905,0.0,0.0,0.3374849057842137
2026-09-04,0.012969663868220183,3.6830853015925475,0.0,0.0,0.3459005175641507
2026-09-08,0.013905749597492578,3.734301363542699,0.0,0.0,0.35460607838315766
2026-09-09,0.0025883520895397805,3.7439670502799958,0.0,0.0,0.35620574064024435
2026-09-10,-0.012626778085825463,3.6966928091754676,0.0,0.0,0.3479048119991654
2026-09-11,0.009444451441778856,3.7316060449068984,0.0,0.0,0.3539378681344329
2026-09-14,-0.02438253401235224,3.6406200335962566,0.0,0.0,0.33757871667634776
2026-09-15,0.0002356379707975087,3.6414779019134182,0.0,0.0,0.3376634227460669
2026-09-16,0.006540931061532529,3.665296557831928,0.0,0.0,0.3418962243757798
2026-09-17,0.0110350897380036,3.7057434342639985,0.00017651815060162364,0.35303630120324725,0.34912208132220895
