date,return,nav,gross,turnover,borrow
2017-01-03,0.0,1.0,0.0,0.0,0.0
2017-01-04,-0.00035010800737744763,0.9996498919926226,0.10497425545908004,0.10458151597383289,2.573871421732113e-05
2017-01-05,-0.0012122225904805939,0.9984380938109776,0.2053087395142746,0.10127296360932427,5.00616114672622e-05
2017-01-06,-0.0002620015420004007,0.9981765014908072,0.4175188233799582,0.21025316747408124,0.00010188607996353392
2017-01-09,0.002384125614576238,1.0005562796558796,0.6795402359623659,0.2643418089234708,0.0001664426643901822
2017-01-10,0.0018653607778138515,1.002422678095945,0.8922190543213361,0.21277538279740235,0.00021897630454723385
2017-01-11,-0.0014087473713222387,1.0010105177832236,0.9670795410687509,0.11571417371880005,0.00023625722134708443
2017-01-12,-0.00553076797670482,0.9954741608671234,1.0006226308203185,0.1056350535695805,0.0002442740769994053
2017-01-13,-0.004697372349541706,0.9907980480691829,1.0034871480947236,0.10725090054435041,0.0002474021456690752
2017-01-17,-0.0019485582378148125,0.9888674203706069,0.999466888069268,0.11602910405107522,0.00024497707956955706
2017-01-18,0.0025823553248389697,0.9914210274191608,1.0004241556889963,0.12290700082480843,0.00024363828455554356
2017-01-19,0.0008124774317415095,0.9922265346292929,0.993442116779116,0.07587090032297995,0.00024088590306131804
2017-01-20,-0.0016684680974646815,0.990571036310806,0.9995013641477113,0.10886295530101636,0.00024567162972301547
2017-01-23,0.00016502391602624122,0.9907345042223201,0.9983877028306642,0.1314657753001234,0.00024056566644979423
2017-01-24,0.005984198749515057,0.9966632564035888,0.9756128495268326,0.1491912767680859,0.00023462896305198803
2017-01-25,-0.007811660439202783,0.9888776614723338,0.9078481526438793,0.15760645697562767,0.00022068540416117168
2017-01-26,0.0005192127825708326,0.989391099394569,0.966863333548391,0.12188353635279238,0.00023661586315776547
2017-01-27,0.004578359162364043,0.9939208871996436,0.9911806092369089,0.1587830134733394,0.00023496901742087433
2017-01-30,-0.001056232383538136,0.9928710757719084,0.9523213308977623,0.0969981489767485,0.00022744105883778945
2017-01-31,-1.9903587203162765e-05,0.9928513140758702,0.9654352102015578,0.0963795978517112,0.00023181301274936595
2017-02-01,0.008629615206860786,1.001419238873971,0.9609748805662439,0.10749960261881236,0.000230488251821496
2017-02-02,0.0018466657112252705,1.003268525444961,0.8871283375067113,0.14304522538675,0.0002084136712614027
2017-02-03,-0.006570206791707278,0.9966768437651763,0.9138101058547966,0.20949001998534816,0.00021898197013473582
2017-02-06,0.006317571041569048,1.0029734205311496,1.0003268011982989,0.17440001239589498,0.0002384242383122661
2017-02-07,-0.0025520189975073437,1.0004138133079592,0.9978076111987005,0.13625756350997728,0.00023848370494319973
2017-02-08,0.0004781650774767776,1.0008921762565084,1.0018666583273603,0.15803460171223788,0.00024214804251474465
2017-02-09,-0.003533046609188295,0.9973559775470222,1.007827968137785,0.11816983349900921,0.00024568115674482495
2017-02-10,-0.0005250922340283015,0.9968322736686506,1.002912016250174,0.1288856132938164,0.0002460819877195207
2017-02-13,-0.0041066897837596095,0.9927385927542537,1.0034067800541222,0.11174861691762586,0.00024822761082391137
2017-02-14,-0.0039994356599268865,0.9887681986254067,1.0057157078382883,0.09035363972506659,0.0002486178526432886
2017-02-15,-0.004816012158740501,0.9840062789586508,1.0079806556020927,0.07489403111461856,0.0002486470103116116
2017-02-16,-0.004058701721237901,0.9800124909805324,0.9989359255882561,0.0726461988767874,0.0002462318326260926
2017-02-17,-0.0001570566184052602,0.9798585735327041,0.9953528024958457,0.06842990851723707,0.00024229339061656614
2017-02-21,0.0020467684373763895,0.9818641171341036,0.988918576029638,0.04966093743859495,0.00023906100463529895
2017-02-22,-0.002805953789071114,0.9791090517942782,0.9802936326145276,0.05644581557402747,0.00023834070077887628
2017-02-23,-0.008308296476327803,0.9709743235093151,0.9788827378973446,0.08743341039301787,0.00023762700485627412
2017-02-24,-0.002289511642083797,0.9687512664914761,0.9881780239232939,0.07376288174205257,0.00023936748983968123
2017-02-27,0.005876430668438459,0.9744440661439752,0.9840939679001282,0.10006344579859786,0.0002385382896938296
2017-02-28,-0.000641859631052899,0.9738186098351983,0.9826415371881262,0.09336356427857473,0.00023786627346023128
2017-03-01,0.001918510537749274,0.9756868911000234,0.9946055103450141,0.08517627190081686,0.0002394580209052956
2017-03-02,-0.006651922587984527,0.9691966974303148,0.9856004288317635,0.10428185968158919,0.0002367822631684519
2017-03-03,-0.003364690719977692,0.965935650296638,1.0018923972120373,0.1309617850443432,0.00024023828567804945
2017-03-06,-0.00033973745613347095,0.9656074857760175,1.0009429065391662,0.13883274043359126,0.0002344250601425342
2017-03-07,0.0009609661610066045,0.9665354018946629,0.8625672083112583,0.1591112129917322,0.0001995899659056268
2017-03-08,-0.0012549832065136268,0.9653224161967842,0.7681991254073195,0.17491308634053937,0.00017446312974742613
2017-03-09,-0.0003210434797812356,0.9650125057291775,0.8144634011711934,0.1481614498134531,0.00018812450149643627
2017-03-10,0.0019616392939838523,0.9669055121796017,0.7331886788288138,0.12582414937492312,0.000171871978288848
2017-03-13,0.003935846032205204,0.9707111034032312,0.8189025908587528,0.15356905665947423,0.00019367202362086035
2017-03-14,-0.0018910891691575893,0.9688754021492043,0.8796956880458195,0.08745939742811999,0.00020637467399326246
2017-03-15,0.0020539596984570085,0.9708654331780451,0.9816983314012504,0.1748003190518294,0.00023720223367521727
2017-03-16,-0.0002990107931795105,0.9705751339348,0.9436449067029544,0.17781590047451057,0.0002281170013045214
2017-03-17,0.00027961410683463583,0.9708465204339911,0.9540400916619103,0.07260260397680642,0.00022837161543391455
2017-03-20,0.004359985848257031,0.9750793975239129,0.9931603224983357,0.14771404629477233,0.00023779016085203654
2017-03-21,-0.00574581244561001,0.9694767741861621,0.9472502952738097,0.07798312865518753,0.00022874455902002083
2017-03-22,0.0019987415485822613,0.9714145076951135,0.9839539977213193,0.17327473923326359,0.0002385629861986063
2017-03-23,-0.001377587263331037,0.9700762994418978,0.9122662025575305,0.09941947985646123,0.00022325244303085645
2017-03-24,0.0017390597694664223,0.9717633201075699,0.9014842752399844,0.07632682968338567,0.00022326131722258535
2017-03-27,-0.0006822625800669835,0.9711003223575789,0.7960454125146323,0.15365379733132642,0.0001990707259836374
2017-03-28,-0.0014670718627356472,0.9696756483987546,0.9167268465151798,0.14089309102908645,0.00023074935063811474
2017-03-29,-0.00037137985232238435,0.9693155303996517,0.7480224957461585,0.20956348920597898,0.00018533071072840757
2017-03-30,0.0006919266658815815,0.9699862256627882,0.7371090041583146,0.07450700905225835,0.00018072702654865124
2017-03-31,0.0011421915347042955,0.9710941357185201,0.7872701139467987,0.09665704575327161,0.00018928032009871414
2017-04-03,0.0018983601370281544,0.9729376221150698,0.8041950578804153,0.06411129535359619,0.0001924417632569084
2017-04-04,-0.007244640322664142,0.9658890389864581,0.721534451349793,0.1930947589821755,0.00016679465517603146
2017-04-05,-0.0012525542590645644,0.9646792105568918,0.7656615939384182,0.11256344146370109,0.0001777254185734919
2017-04-06,-0.0016615882040809105,0.9630763109599083,0.7809110491485262,0.09354703815106244,0.00018233885288612827
2017-04-07,0.00033413020087036394,0.9633981038411429,0.6794474521192669,0.12236968114695362,0.0001622384723674956
2017-04-10,-0.0034685860028906834,0.9600564746629481,0.6909661937975757,0.09462873601102073,0.00016737700493876678
2017-04-11,-0.0008428778395997982,0.9592472643356904,0.6779500055045476,0.08238822808095506,0.00016566991182729833
2017-04-12,-0.002284821002041748,0.9570555560399852,0.7080911862535377,0.13643500913025491,0.00017461666284930948
2017-04-13,-0.0005597341158023461,0.9565198593945514,0.8041116549338632,0.12331691180008644,0.00019691093409598986
2017-04-17,-0.0007975336209299355,0.9557570026475971,0.8544311179806727,0.04380207473002682,0.0002106577429346176
2017-04-18,0.0005267172548149013,0.9562604163523019,0.922159496336495,0.11511314498080515,0.00022677459682784074
2017-04-19,0.0008222904241643736,0.9570467401356757,0.9693322263232372,0.11569436534596717,0.0002369644974670397
2017-04-20,-0.0011954571501698874,0.9559026317671337,0.9778473994242427,0.10674567161536236,0.00023927336014169622
2017-04-21,-0.0012782899619276922,0.9546807110283656,0.9765806806717306,0.11422334019824552,0.00023739335233206028
2017-04-24,-0.0031640825067794642,0.951660022491041,0.9833893975144217,0.07070736788607501,0.0002380641620482314
2017-04-25,0.0015768081274436518,0.9531606077490681,0.9981133891816398,0.09435245801507225,0.0002387075791528768
2017-04-26,-0.006203476418864762,0.9472476983955059,0.9996877318619661,0.11754166915536986,0.00023506792123337628
2017-04-27,0.0007217577882512316,0.947931381799226,0.9995178602591986,0.11481236781561606,0.0002349334239689305
2017-04-28,0.0007801571577292776,0.9486709172517728,0.9963666343795364,0.11491153458863175,0.00023504940463719406
2017-05-01,0.00017572981682989486,0.9488376270182933,0.9999708841781482,0.08515240480525285,0.00023847200694977798
2017-05-02,-0.013635015017746777,0.9359002117244957,1.0002499664167634,0.090016111806583,0.00024318335606894116
2017-05-03,-0.0011561011450392789,0.9348182164180785,0.9993068555886035,0.11948066723103104,0.0002471783417803977
2017-05-04,-0.0039638693025582095,0.9311127191865467,0.9997061714080449,0.13634979420230764,0.00024390324398150062
2017-05-05,0.002854457816128919,0.9337705411655257,1.0021843116976215,0.16972052627026135,0.00024195898280171934
2017-05-08,-0.0033098636209968335,0.9306798880209635,0.9997675834858706,0.12293326092980239,0.00023656938156053269
2017-05-09,0.0008463504364415453,0.9314675693503773,0.9995001046453318,0.13730710466094667,0.00023238450046608034
2017-05-10,0.009638450708058022,0.9404454736037157,1.0044030869785814,0.12227911575475028,0.00023284580521632897
2017-05-11,0.00178337385361238,0.9421226394720886,1.0013078575468513,0.1842514907914991,0.00023510474612314572
2017-05-12,0.0014610811506103882,0.9434991571021847,0.9476892227055985,0.14363429999516514,0.00022530340407091295
2017-05-15,-0.0007740765832727758,0.9427688164983343,0.9615772167034211,0.07060325655145416,0.0002297871895497695
2017-05-16,0.007651371293035059,0.9499822907568584,0.86929596058881,0.11387716491980646,0.00021410478673589205
2017-05-17,-0.007571001746221828,0.9427899731746584,0.8373191743113586,0.10739096098654397,0.00020893153926474135
2017-05-18,0.0027428409373504437,0.9453758961084053,0.9455928989292932,0.18554403912503223,0.00023909021669677136
2017-05-19,-0.0021480859045442946,0.9433451474714789,0.9561552991890857,0.09604748294801684,0.0002390496900798319
2017-05-22,-6.807182433588022e-05,0.9432809322463122,0.9646809094379101,0.08669013635764804,0.00024212478636048682
2017-05-23,-0.001331513794934569,0.9420249406725274,0.9605432220318246,0.049912511124752756,0.0002413450858909879
2017-05-24,-0.0003320450373939243,0.9417121459658758,0.9628899223271945,0.09307257981551124,0.00024434557772863753
2017-05-25,0.00048280499710928737,0.9421668092957867,0.97826472173061,0.10339951918007038,0.0002476542631147703
2017-05-26,0.002202072699865054,0.9442415291052559,0.9694188461885698,0.10988442877951947,0.0002497533302511129
2017-05-30,0.003625287619653861,0.9476646762306843,0.9585843039378504,0.08022302794213182,0.0002480218840680323
2017-05-31,-0.0004655784358219561,0.9472234639930411,0.9625506635099449,0.1059203638661744,0.0002469720808670906
2017-06-01,-0.004470580830186477,0.9429888249330111,0.9636142707562918,0.1206705840102406,0.00024563991307195775
2017-06-02,-0.003350876269460179,0.9398289860571769,0.9829653970192015,0.12807863976552245,0.00025135600526795447
2017-06-05,-0.0010220851411946175,0.9388684008152639,0.9582915166545982,0.11750470645009643,0.00024430677241743526
2017-06-06,0.007435854192626268,0.9458496893497904,0.9649262026409817,0.08702205583332834,0.0002460745612222549
2017-06-07,-0.0003710475237934663,0.9454987341646763,0.9823314576852223,0.1135592379487241,0.00024999642397978525
2017-06-08,0.006082561892669869,0.951249788734674,0.9998499927881854,0.10459809197417894,0.000252716497246297
2017-06-09,-0.006531444359135441,0.9450367536679142,0.9948299938822789,0.1132361162185235,0.0002462102473701821
2017-06-12,-0.0002936129673790644,0.9447592786223875,0.9801860605268707,0.19747355404563954,0.00023767929529107108
2017-06-13,0.0004721837353465208,0.9452053785875707,0.9479609283550944,0.17996240886304196,0.00022475869296410738
2017-06-14,-0.002811428613921807,0.9425480011401768,0.9917122775154873,0.196009949870124,0.00024462341954731173
2017-06-15,-7.266265247152237e-05,0.9424795131023322,0.9841600907059509,0.09899677015676796,0.0002424597818582739
2017-06-16,-0.00068831773089717,0.9418307877424565,0.9611363680419434,0.10945865168829183,0.00024074265407207627
2017-06-19,0.0026301388915457302,0.9443079335265532,0.9630141329221729,0.11061323572148456,0.0002391080436159078
2017-06-20,0.002390682854175541,0.9465654743122971,0.9429796069821752,0.12083326831405532,0.00023685069931471406
2017-06-21,0.005278920078345406,0.9515623178001129,0.9604614261175861,0.10344300694298898,0.00023756574454543173
2017-06-22,0.001101085518042888,0.9526100692877579,0.9635872677914794,0.09159851114325927,0.00023795038268152103
2017-06-23,-0.0014812299711653987,0.9511990347022949,0.9775045271689944,0.1130259146524551,0.00024187915606043486
2017-06-26,-0.0003786728540554618,0.9508388414490494,0.9672038868318942,0.12577526086520022,0.0002443114504991513
2017-06-27,-0.0018486225376654897,0.949081099337059,0.9701872545680228,0.11040121756583647,0.0002473782032394603
2017-06-28,0.0009100102141288424,0.9499447728314923,0.9861192350182704,0.11809638777107598,0.00025663003054533036
2017-06-29,-0.00214700433656434,0.9479052372847264,0.9675519230522939,0.1341861797941243,0.0002567504833169559
2017-06-30,-0.003119701200304137,0.9449480561781947,0.9819197329603992,0.09329336038688964,0.0002596294515132625
2017-07-03,-0.006757493155695737,0.9385625761560825,0.9746693203577171,0.1200149704252556,0.0002592097084000718
2017-07-05,0.007354505351109708,0.9454652396447738,0.9666503722723383,0.07549504776681759,0.0002558971819565317
2017-07-06,0.0010429701482397302,0.9464513316659215,0.9520546985173343,0.07511646237888259,0.0002495198104842267
2017-07-07,0.0022365388827860766,0.948568106869857,0.9579245310425762,0.07590488785725373,0.0002468966321414531
2017-07-10,0.004022654950454729,0.9523838690608006,0.9471442280611347,0.07189593312139164,0.0002410549817660391
2017-07-11,0.00592187816046863,0.9580237702953744,0.9471494877924361,0.07722395663123854,0.0002378954537555875
2017-07-12,0.0005914805558584479,0.9585904227275543,0.9643640029323494,0.09571375646004131,0.00023876147178190135
2017-07-13,-0.0017294840392486632,0.9569325558912705,0.9613598251769143,0.11983421801977068,0.00023844979679742855
2017-07-14,-0.00011882257621642633,0.9568188506997141,0.9736810250467142,0.09061505597486352,0.00024263789530910583
2017-07-17,-0.0023495831730975247,0.9545707252284075,0.9689838222950411,0.14599702785556956,0.0002445267735370924
2017-07-18,-0.0015152695146730677,0.9531242933088695,0.9853652543749796,0.08011429920409917,0.00025394222011813114
2017-07-19,-0.005146033223503155,0.9482194840293741,1.0062082683683813,0.0919619773050977,0.00026056162009165134
2017-07-20,-0.002565463971370918,0.9457868611061447,0.9999050935030385,0.09618316634752347,0.00025870063159495277
2017-07-21,0.00040352864899073637,0.9461685132004402,0.9991064867395264,0.09920937786651193,0.00025803486614506927
2017-07-24,0.001501759913782763,0.9475894311452481,0.9989422089348322,0.10192270611458677,0.0002576641832358725
2017-07-25,-0.001357419840765095,0.9463031544505122,0.9958022727667731,0.08246616242443651,0.00025510052714903343
2017-07-26,0.0005158097658921612,0.9467912668590723,0.9964403076075664,0.11935669336274915,0.00025282648157908276
2017-07-27,-0.0056832645693061234,0.9414104015976037,0.9883864659812637,0.1326946507506359,0.0002489869572356577
2017-07-28,-0.0008194968184499496,0.9406389187686388,1.0015869720281054,0.17084719239151383,0.00025542315014936404
2017-07-31,-0.002761576550762035,0.9380412723878332,0.9975874010723674,0.09265755853350909,0.0002548573862871563
2017-08-01,-0.0003369611267098893,0.937725188943789,0.9997899782868749,0.10382775039493294,0.0002592077526377477
2017-08-02,-0.0012123609445914285,0.936588327547954,0.999471489688651,0.11874637978124918,0.00026003148836261454
2017-08-03,0.00014077399064671425,0.936720174824416,0.9974675620158034,0.12246010239402737,0.0002620730081925199
2017-08-04,0.0028688783148660413,0.9394075110210673,0.9830374579315849,0.12591701839396865,0.0002542648487958095
2017-08-07,0.002531433953718132,0.9417855590908439,0.9794622326207794,0.07598879796041838,0.0002545188209167368
2017-08-08,-0.00021742462259699558,0.9415807917210913,0.9595898204184448,0.08677771913684303,0.0002462146883522441
2017-08-09,-0.002992826861918596,0.9387628034349619,0.9536542306374609,0.11906552526036142,0.00024446426559001847
2017-08-10,-0.0029386398314986684,0.9360041176684586,0.9328005280842965,0.0853039247086197,0.00023844603011648045
2017-08-11,-0.002770633416186219,0.9334107933823584,0.9407578189969771,0.08099899602527896,0.00024104676586203758
2017-08-14,0.0028796955401053648,0.9360987322811479,0.9396588475712422,0.08741945242930342,0.0002418891421885449
2017-08-15,-0.0005255424742034442,0.9356067726372862,0.9245630400913909,0.08089943991680634,0.00024039367144809535
2017-08-16,-0.0007652046965772596,0.9348908419407147,0.91891350682528,0.08606851525436705,0.00023790584358260677
2017-08-17,0.0024362309064906995,0.9371684519040457,0.9067250811221053,0.08665356059035832,0.00023502396050738988
2017-08-18,0.0011120345477093618,0.9382106155995864,0.9314829360326906,0.11160617893461633,0.00023787581886648425
2017-08-21,-0.0034437037127137415,0.9349796962193386,0.9635269190265883,0.13919894293821955,0.000245689533997579
2017-08-22,0.0005728292420759118,0.9355152799300803,0.9831654328247059,0.11093088270846721,0.0002472671255443621
2017-08-23,0.003511480378284748,0.9388003234791404,0.973508713277176,0.12683862358062498,0.00024528820919316347
2017-08-24,0.0005858064999373358,0.9393502788107778,0.9789719680597769,0.13830947850037573,0.0002446646310366684
2017-08-25,-0.001292415567046068,0.9381362478875337,0.9924661441969654,0.11441507593214462,0.00024509426314231903
2017-08-28,-0.00032089893613063136,0.937835200963641,0.9667278702556088,0.1373559033669378,0.0002374717812252851
2017-08-29,-0.0008575773730217229,0.9370309347156713,0.9767962849261959,0.12372327076791818,0.00023981159022857162
2017-08-30,-0.0007371167494929498,0.9363402335188994,0.969178731332489,0.0938632892148914,0.0002392147014868353
2017-08-31,0.0004232846173988225,0.9367365719363995,0.9724522066749061,0.11426814431568871,0.00024264881990407054
2017-09-01,-0.0002270251828180303,0.9365239091449032,0.9603895191313839,0.1558456393428149,0.0002448124318535408
2017-09-05,0.0006183151544969512,0.9371029760704763,0.9602306860389036,0.12583362589055777,0.00024376174727485682
2017-09-06,-0.0026469744102719517,0.9346224884730281,0.9747989393601275,0.11787715393420946,0.0002450329596247677
2017-09-07,-0.000620307379409657,0.9340427352464661,0.9823303430116423,0.09357174212188038,0.00024421304971015094
2017-09-08,-0.001140775111981518,0.9329772025405698,0.9849059562110544,0.12737799762580934,0.0002440919656524597
2017-09-11,-0.0016868459364441923,0.9314034137376692,0.9947988069746051,0.11374629580733217,0.00024528357795477513
2017-09-12,-0.0018884567327205337,0.9296444986901174,0.9951941590934038,0.10135379450036959,0.0002445116980300719
2017-09-13,-0.003331713046858753,0.9265471899848912,0.9904576597389696,0.11096841525345787,0.00024446890093502343
2017-09-14,-0.0026710169435595343,0.924072366741434,0.9848418057518848,0.08196970950700389,0.0002442563256357673
2017-09-15,0.0011054258322988897,0.9250938602065435,0.9728439852372047,0.10270965125667667,0.0002413605817199187
2017-09-18,0.005015622620993421,0.9297337818983376,0.9708084927079554,0.10336221881058634,0.00023816938814398274
2017-09-19,7.88510842819612e-06,0.9297411129500173,0.9648671338567151,0.09627125795553992,0.00023803801910725453
2017-09-20,-0.0006672628448000095,0.9291207312500627,0.9805573682485467,0.11761388858088621,0.00023805070492155593
2017-09-21,-0.0001823150458906131,0.9289513385613068,0.9771663100579904,0.13266303792698114,0.00023758893647382598
2017-09-22,-0.0003499591466319396,0.9286262435436013,0.9721146637496835,0.10318324435856163,0.00023843732550296639
2017-09-25,-0.006564536517499664,0.9225302426567509,0.8775638352620942,0.196033042020464,0.0002176815702220777
2017-09-26,-0.00018395667356141399,0.9223605370620519,0.9754568969190965,0.1890399921632761,0.00024560032724483215
2017-09-27,0.0032777150132494715,0.9253837720420091,0.9619513605182376,0.1399669926869856,0.0002479323658287912
2017-09-28,-0.00036800629986266653,0.925043224984107,0.9675256293961674,0.1357998697546096,0.00025208611879255576
2017-09-29,0.001623177934533926,0.9265447347353912,0.975754300974936,0.0711486138096389,0.0002539499644019494
2017-10-02,-0.00245624273261813,0.9242689159642519,0.9681941014104337,0.1007214495148652,0.00025262465306088197
2017-10-03,0.00012660382200313514,0.9243859319415717,0.9678011396110496,0.08899813776817748,0.00025032874403133797
2017-10-04,0.0021504646729366694,0.9263737912323716,0.967668931054067,0.10517194352654677,0.0002484731054804569
2017-10-05,-0.0011422799330019773,0.925315613040188,0.973429651051167,0.10363621189796017,0.0002490592939826249
2017-10-06,0.0013786690978185856,0.9265913170816156,0.9671858207410035,0.10523710457980807,0.00024819554124681976
2017-10-09,0.00256018686744075,0.9289635640030925,0.9720885322551037,0.15559287764758867,0.0002483203980222539
2017-10-10,-0.0010324616817996013,0.9280044447194714,0.99105776807622,0.1103473309645786,0.00025409770964445876
2017-10-11,0.0008865299624638556,0.9288271484650148,0.9991434223694868,0.09783024171942621,0.000257278513176657
2017-10-12,0.0017253036763837937,0.9304296573589865,0.9768813798927596,0.08890641497110569,0.0002528146931188548
2017-10-13,0.0006205248849278089,0.9310070121150527,0.9192566513236212,0.20048179917017916,0.00022977324380239172
2017-10-16,-0.0005589778935648493,0.9304865997765265,0.9902687392495575,0.21338918884720787,0.0002460616666006022
2017-10-17,0.00023022021790253255,0.9307008166042825,0.9754962499403416,0.11035805185431179,0.00024195300873752366
2017-10-18,-0.0006091605265302613,0.9301338704047977,0.9627798016999229,0.09616259896421471,0.0002412479343865621
2017-10-19,-0.0010254848401407557,0.9291800322213961,0.9761505283111507,0.07802819466377987,0.0002451626763175452
2017-10-20,-0.0025096987783943536,0.9268480702296217,0.9666399444817076,0.11648022182551265,0.00024760148525745197
2017-10-23,0.0018155068512919481,0.9285307692512303,0.9483991161545742,0.09434959065327969,0.0002483054038869133
2017-10-24,0.002707894502895325,0.931045132617055,0.9630379314653673,0.07928929181794747,0.000253810482630252
2017-10-25,-0.005177159750930027,0.9262249632301707,0.960112148699223,0.05945938608381465,0.0002508836011443532
2017-10-26,-0.00018964463897530592,0.926049309631409,0.9471821461437406,0.07709920859504384,0.00024806227681907353
2017-10-27,-0.00019526877429176803,0.9258684811177835,0.9524114132780465,0.09224298637974296,0.000246901364335822
2017-10-30,-0.0010728107766788675,0.9248751994334531,0.992233779609122,0.11696581594753462,0.00025506047006758657
2017-10-31,0.0038435835485681746,0.9284300345344741,0.9976753875084053,0.1285261638332943,0.000252840707477358
2017-11-01,-0.003610147908871264,0.9250782647867662,0.9984080701973894,0.09815931454240405,0.00025147902377898424
2017-11-02,-0.001863952128163926,0.9233539631863987,1.0010772058985176,0.11370765951923849,0.00025124733140672196
2017-11-03,0.0028316539561634713,0.9259685820891947,1.0060275087568349,0.13045300328128648,0.00025469570013308485
2017-11-06,0.000128488122727477,0.9260875580540121,1.0040467784511315,0.20169296690110136,0.00026229190404790164
2017-11-07,0.00038320492106636017,0.9264424393635968,0.9986729310408128,0.15593870022459924,0.0002663542774579183
2017-11-08,0.00028321773523676264,0.9267048242931006,1.0036856853995324,0.11261860998519563,0.00026801703512769476
2017-11-09,-0.0014999491808841414,0.9253148141509808,0.995652297188588,0.13149705770023618,0.00026275255147581423
2017-11-10,0.005308458283227679,0.930226809240754,0.9736006300096508,0.11312007900921763,0.00025674772467017406
2017-11-13,7.127827214259419e-05,0.9302931142004174,0.9808825553643217,0.10343513763973415,0.00025667600831216504
2017-11-14,0.00035129453381377296,0.9306199210862807,0.9533973911246474,0.12738135134544204,0.0002478481370784595
2017-11-15,0.0030486411445471706,0.9334570472676395,0.9454390661388908,0.1330462556183026,0.000244590351657139
2017-11-16,-0.0003454136349783088,0.9331346184758467,0.939741640829715,0.1291747588740419,0.0002427767357592882
2017-11-17,0.005011487653893365,0.9378110110957588,0.9619581411061636,0.19642449559517888,0.000248972029361689
2017-11-20,-0.00010672798499600233,0.9377109204162375,0.9700062444617708,0.12084211473417666,0.00025264361558504007
2017-11-21,-0.0007203003630015248,0.9370354868998712,0.9893150603298153,0.11639743844414738,0.00025578838035863983
2017-11-22,-0.0012184763999398829,0.9358937312731774,0.9898844236402198,0.1097598322488407,0.00025515288286703845
2017-11-24,-0.0007096916547963961,0.9352295353023166,0.9943519457190475,0.09836996073647584,0.0002594896270031116
2017-11-27,-0.0007085916190590069,0.9345668394917049,0.9667219984331282,0.08823761388866924,0.0002514655396840366
2017-11-28,-0.00643870636772137,0.9285494380312085,0.9657172008838698,0.07892984215786585,0.00025000356512714923
2017-11-29,-0.0155871303317352,0.9140760169211566,0.9449598016522576,0.11272113083749806,0.0002443052994503274
2017-11-30,-0.006121959952155254,0.9084800801523397,0.961370239307162,0.13550102263068342,0.00025382195231403546
2017-12-01,-0.0030596627561014778,0.9057004374864375,0.9479030178925925,0.09216540959063382,0.0002466999140969788
2017-12-04,-0.015777352044356707,0.891410882837486,0.9446182297102377,0.08921842004558302,0.00024946800392172566
2017-12-05,0.006771843534278066,0.8974473778608141,0.995308903571708,0.11333785319787404,0.000273767071439487
2017-12-06,0.0025575043660543972,0.8997426034479972,0.9971761568763382,0.060944112885122796,0.00027246289809876973
2017-12-07,0.0066484353902001025,0.9057244840148315,0.9997860818847786,0.09956168443908069,0.00027063641444805627
2017-12-08,-0.004026128923820038,0.9020779204727274,1.0024450691391773,0.06640896926336091,0.00027068173958747643
2017-12-11,0.0008633945401079757,0.9028567696240155,1.000363841727404,0.09579301669001022,0.0002655551640619473
2017-12-12,-0.006084623154840041,0.8973632264180571,0.9434213011689802,0.1473750395212454,0.00024087089554471119
2017-12-13,-0.0021874555892705816,0.895400284212823,0.9423392903631159,0.04373688774565873,0.00024117803331558208
2017-12-14,0.0021700244697218096,0.8973433247397608,0.9221726360222476,0.08639393569245218,0.000236794907760384
2017-12-15,-0.0020541142764979314,0.8955000790054927,0.9359306958466928,0.08787440387735489,0.00023901974477383452
2017-12-18,0.00126997805577167,0.8966373444547714,0.940765619718818,0.12486532809316854,0.00023814687572071852
2017-12-19,0.00024104510119604683,0.8968534744942016,0.9456348205983895,0.05348750654701007,0.000240449595624667
2017-12-20,-0.0006300395270814052,0.89628842135527,0.9692676318430427,0.10141230727937645,0.00024450404453280424
2017-12-21,-0.003611038341032047,0.893051889501133,0.9920747879511462,0.07677357124658704,0.0002495240881812645
2017-12-22,0.0009853540355333479,0.8939318617843937,0.9996922704158778,0.16236954274618187,0.00024787015945566034
2017-12-26,-0.001436151990378165,0.8926480397618295,0.9341877231681988,0.13355479204765575,0.00023161396587353602
2017-12-27,0.001045480958040912,0.8935812862896331,0.9988242837356195,0.13078385724950134,0.00024643547291410044
2017-12-28,-0.0008022799782971823,0.8928643839146618,0.9995879263686325,0.05431150897156914,0.00024938655926907624
2017-12-29,-0.0010270707174799831,0.8919473490512623,0.9920061375799217,0.09689038746121405,0.0002486494411011864
2018-01-02,0.0021993397592907638,0.8939090443192248,0.9723553202018596,0.12096615243131788,0.0002427646218609945
2018-01-03,-5.856806599624509e-05,0.8938566897953225,0.9148068363305791,0.0919945137371253,0.00023466247213218088
2018-01-04,-0.0015657294995172766,0.8924571520077691,0.7635955822938669,0.21621818910895663,0.0001956795511444512
2018-01-05,0.0006392201827953858,0.8930276286316126,0.6957546962981944,0.11506732735236608,0.00017606812848206053
2018-01-08,0.0030923282316299705,0.8957891631792556,0.5308802127102568,0.18786122030456406,0.0001303976954789886
2018-01-09,-0.0014863530297585248,0.8944577042425392,0.37107792778272186,0.20040055331534354,8.785867143334341e-05
2018-01-10,0.00010695402701110801,0.8945533700959991,0.5486960160321338,0.2176641367501331,0.00013409308105742112
2018-01-11,0.00040071500243232805,0.894911831051873,0.5042851005193913,0.10973910938928826,0.00011611439008672626
2018-01-12,-0.00257772179618021,0.8926049973193111,0.5315982373847864,0.10851909370899179,0.00012717514234789008
2018-01-16,-0.0010053143293824451,0.8917076487250276,0.6522519200877587,0.18796102648831994,0.00015709570399512446
2018-01-17,4.702966643788109e-05,0.8917495854383073,0.8698671188028082,0.22930314948297292,0.00021272870479967584
2018-01-18,-0.0008925456646010632,0.8909536582119145,0.8290171957515008,0.143990188754533,0.00020195647744409385
2018-01-19,-0.0009014653047810794,0.8901504944008687,0.8293867713427144,0.08238044818517688,0.0002017076122935608
2018-01-22,-0.0017269376138517867,0.8886132600300991,0.9887028382800722,0.2306273579696436,0.00023920171576226486
2018-01-23,0.00031545940306121345,0.8888935814386605,0.9576633997129981,0.19336512434397446,0.00023282548820531833
2018-01-24,-0.0011516265498290323,0.8878699079903031,0.8918501107434587,0.1299470666169626,0.00021947709269060697
2018-01-25,0.0011481659275467404,0.8888893299667515,0.9854771620189196,0.21374433980869603,0.0002444279835682452
2018-01-26,-0.0027077354746189997,0.8864824527949903,1.0074493699789657,0.1878482734510922,0.0002520742782093612
2018-01-29,-0.003742535954401327,0.8831647603424592,0.9958921129682046,0.22445311311817773,0.00024300980068611575
2018-01-30,0.00396621409954756,0.8866675808671529,0.997461796580872,0.18171705659950604,0.00024397572191877385
2018-01-31,0.0031543081879037427,0.889464403677431,0.9918046221525008,0.10003309379837078,0.00024003249054966455
2018-02-01,-0.0012367545454260442,0.8883643545331882,1.0020741238161024,0.17040692467635446,0.00023970702016661328
2018-02-02,0.0046541987621571135,0.892498978812401,0.9816675462362625,0.2217146781239406,0.00022971561640914792
2018-02-05,0.00499436931787911,0.8969564483284201,0.8094859964834771,0.21807077581156029,0.00018419687358916823
2018-02-06,-0.0017114773981830034,0.8954213276399515,0.6223125548953001,0.2675780009286921,0.00013127867029711672
2018-02-07,0.0031456644544360923,0.8982380226820524,0.5250869085650204,0.2131801537320867,0.00010151370461569987
2018-02-08,-0.003580373437415907,0.8950219951251647,0.4400118267247118,0.21308639452489891,8.291708560431197e-05
2018-02-09,-0.0010631761805618423,0.8940704290588687,0.39698175208203973,0.17842350337784027,7.340768125564257e-05
2018-02-12,0.0008950574035231362,0.8948706734156688,0.5185511916174932,0.1807390883878791,9.420088415619415e-05
2018-02-13,0.0008791488972668127,0.8956573979813987,0.6955658540643453,0.23387732276582301,0.00013143140967276232
2018-02-14,0.004776951608054469,0.8999359100289518,0.7768263293987215,0.19878071385585896,0.00015059333211112384
2018-02-15,0.0021856616055013767,0.901902865394914,0.7503053197903683,0.12664558251614258,0.00014588958574625216
2018-02-16,7.297444974274647e-05,0.9019686812602377,0.8649560907339714,0.23831100304502337,0.0001758732216665983
2018-02-20,0.005329076073254724,0.9067753409783667,0.8821164681727562,0.22857428541251415,0.00018753996326991858
2018-02-21,-0.0006911599700415438,0.9061486141608617,0.8271481048638157,0.2142338425664871,0.00017474509321655502
2018-02-22,0.00289595239546947,0.9087727774106922,0.8892612043683625,0.1639010521257562,0.00019063424624392466
2018-02-23,-0.0034374716210407996,0.9056488967783685,0.8903158738726299,0.11070029519772707,0.00019269080666438741
2018-02-26,0.0015724687370914925,0.9070730013553339,0.8737543615343811,0.14843357093885176,0.00019068153547579462
2018-02-27,0.00015322845004916985,0.907211990745413,0.8271743700130665,0.1586238207892732,0.00017953923920320611
2018-02-28,0.002070389537274009,0.9090902729591419,0.8619172478716985,0.20359884293834576,0.00018976694664124511
2018-03-01,0.0006397596467833111,0.9096718722310645,0.8768195958512088,0.16804367779052273,0.00019172689676656858
2018-03-02,0.0008755675556288978,0.9104683514086582,0.9658511624118923,0.14079298885535507,0.00020993499405366547
2018-03-05,0.0020855874474470237,0.912367212773654,0.9835199271384076,0.13754451900443534,0.00021207210540887434
2018-03-06,0.002497738461529009,0.9146460674520367,0.9339658108346562,0.13198826230537775,0.0002040857401476769
2018-03-07,0.0024508028500964674,0.9168876846409776,0.9783561185178602,0.16333895737283305,0.00021558261335831626
2018-03-08,-0.00019853601699304502,0.916705649412039,0.8381710478849987,0.20547390044559222,0.00018527754332298442
2018-03-09,-0.002723511192416206,0.9142089913157142,0.8303807273245284,0.1657853603413648,0.0001806720316388106
2018-03-12,0.002699978180090268,0.916677335644309,0.7765593252969241,0.17280110567441026,0.00016935144008584755
2018-03-13,-2.6481934629729587e-05,0.9166530602550299,0.704094313879195,0.1724343666536103,0.00014976297897526214
2018-03-14,0.0006129666329370842,0.9172149379949459,0.6758059961020825,0.1494444956838033,0.00014222953334527887
2018-03-15,0.00097177068799148,0.9181062605862773,0.7020530019719148,0.1107427095775153,0.0001481715586292539
2018-03-16,-0.00019201527169854238,0.9179299701632027,0.6317840469315366,0.13408106454782023,0.00013566917399804627
2018-03-19,0.0005566626943120934,0.9184409475335835,0.5289306099595176,0.15822408279795772,0.0001156192055386041
2018-03-20,0.002941558038922487,0.9211425948860765,0.5636861152598241,0.13108287225804724,0.00012784646230211684
2018-03-21,0.00015139433022492987,0.921282050652271,0.5258098440972905,0.17785339898098568,0.00011745108811913662
2018-03-22,-0.0005280218951073667,0.9207955935579571,0.5362480444868859,0.08418044622269781,0.00011940505034203886
2018-03-23,0.0006623721653671311,0.9214055029291227,0.5290690800070188,0.06323306139662305,0.000117336773841924
2018-03-26,-0.003265839533670878,0.9183963404111148,0.5691193751368733,0.104220824637363,0.0001256897133434741
2018-03-27,-0.004049578198892068,0.9146772226130437,0.5158759036802616,0.12333756690878142,0.00011240772493345996
2018-03-28,-0.004132794787095051,0.9108970493555539,0.632393422892437,0.22027907387487225,0.0001446701289659009
2018-03-29,0.0021901777960620095,0.9128920758475509,0.7861187296273965,0.22449998336493399,0.0001831842902637626
2018-04-02,0.00031894969861379074,0.9131832425000094,0.8928774829190473,0.19412768585185625,0.00021143589964919395
2018-04-03,-0.004153104159161591,0.9093906973775059,1.0091400459265871,0.17798202025980336,0.00023703542015032455
2018-04-04,0.0018219161804304829,0.911047531003391,1.0308605583660377,0.10474701290294977,0.0002396657147730251
2018-04-05,-0.0017091230535718482,0.9094904386652534,1.001115115875831,0.08486511955020123,0.00023409751121392298
2018-04-06,-2.3073095692383028e-05,0.9094694539053307,0.9837298236709513,0.1179315248449258,0.00023010716354992535
2018-04-09,0.0004937414460666201,0.9099184966686554,0.9198164714735314,0.1270554667081914,0.00021453098728727127
2018-04-10,0.0023335094884608942,0.9120418001143578,0.8501933081749578,0.14810459571762596,0.00019756536834611137
2018-04-11,0.0025501085178107896,0.9143676056774288,0.7218724401064975,0.22577358923252341,0.00016306516866573218
2018-04-12,0.0045933713309880275,0.9185676356233317,0.692859564534154,0.09528994215226501,0.0001552894362354279
2018-04-13,-0.0027622273021408184,0.91603034302135,0.5851937553246894,0.12769599651611532,0.0001304831227328244
2018-04-16,-0.0029492350228541575,0.9133287542517143,0.5152643675629227,0.09880330334480335,0.00011349906938677805
2018-04-17,0.0038097465330575453,0.9168083053067666,0.47977168090545425,0.10467354349968694,0.00010196326146519695
2018-04-18,0.006398132593766759,0.9226741664071859,0.4564361695762719,0.08442077888119004,0.00010073930541733263
2018-04-19,-0.002676312521724733,0.9202048019821585,0.4740115958026705,0.10747404991842291,0.00010530566554259713
2018-04-20,0.0020718341653198635,0.9221113137299964,0.6549994169387573,0.22661122597853428,0.0001497026786493114
2018-04-23,-0.006511166733049523,0.9161072932198691,0.7884485338234763,0.19793524014695427,0.0001788755966112306
2018-04-24,0.0005771160259631092,0.9166359934202879,0.9054017606978355,0.17266132344385998,0.00020814086102783605
2018-04-25,-0.006363883498455292,0.9108026287476704,1.0034495451489764,0.1800971238939683,0.00023225984877563044
2018-04-26,0.004521894414893701,0.9149211820676749,1.006918121801843,0.1350620362433446,0.00023212439445874554
2018-04-27,-0.0048357885868073325,0.9104968166576037,0.9992234363197077,0.21710496620122643,0.00022610349121588244
2018-04-30,0.0008395323969940804,0.9112612082325477,0.9877678334180818,0.19812400691952287,0.00022357639753325804
2018-05-01,0.0017532998419436119,0.9128589223649113,1.0062011054545579,0.14809609723660166,0.00022583011915804936
2018-05-02,0.005939868842409268,0.918281184635382,0.9854606162557437,0.26613453769165013,0.0002133676626101037
2018-05-03,0.00369696458288038,0.9216760376521045,0.9254558648075598,0.3026273391771112,0.0001922599394300163
2018-05-04,-0.00042439538924121667,0.9212848825913508,0.9485511589493962,0.2553683531062326,0.00019477008379196496
2018-05-07,-0.0019517580825597625,0.919486757375413,0.8881238829904451,0.30324063725556233,0.0001773768528635436
2018-05-08,-0.00027256641412687355,0.919236136167118,0.8573292352316537,0.19628492434336556,0.00016470471950392026
2018-05-09,0.00031370985621603786,0.9195245096032236,0.7742270631313722,0.22857922411777806,0.00014754869153592212
2018-05-10,0.003856952534641911,0.9230710719912032,0.7169135079204736,0.20709125815273607,0.00013678211178124993
2018-05-11,0.0009695716173454549,0.9239660555033986,0.6127980160541762,0.18779172752181478,0.00011561376964011366
2018-05-14,-0.0003288362640774256,0.9236622219575725,0.5175341360593282,0.15845881253372077,9.825400654741368e-05
2018-05-15,0.00043208224926960526,0.9240613200080012,0.47979592804215215,0.15796304164385827,9.51997332142607e-05
2018-05-16,0.0003250619578352154,0.9243616971898427,0.5941839940695957,0.25358850488877643,0.0001240569683679868
2018-05-17,0.0016334786490719289,0.9258716222862223,0.6350289671813277,0.16564155126339752,0.00013688715862484688
2018-05-18,0.0007882167731025902,0.9266014098286481,0.7636411524024826,0.19069494779407586,0.00016763424812433057
2018-05-21,-0.0014511876853464667,0.9252567372734801,0.8300080930055697,0.12450389972444068,0.00018619442993605154
2018-05-22,-0.0037179506741370494,0.9218166783633843,0.818759381923817,0.11886629865591872,0.00018313051346074754
2018-05-23,0.0008281714603335377,0.9225801006280643,0.735911399488642,0.17152689192285947,0.0001637156925021928
2018-05-24,0.0030565911262980805,0.9254000507769432,0.6783202544147027,0.20215673097212503,0.00014944369666549504
2018-05-25,-0.0016544366294531931,0.92386903503604,0.5338691970432665,0.22331972278254503,0.00011672764589762333
2018-05-29,0.0029501056913510126,0.9265945463343629,0.6245750721678321,0.19674848286987182,0.00013298644358995077
2018-05-30,0.0004833456944690617,0.927042411818852,0.562941127160417,0.11107726527183168,0.00011919389903001006
2018-05-31,-0.0013267477308311904,0.9258124604025871,0.48174297714309955,0.11710283308565557,0.00010063917048175986
2018-06-01,-0.0015805348136852526,0.9243491815779773,0.44929214393532746,0.13913489252640476,9.47329224531753e-05
2018-06-04,-0.0016303801679858898,0.9228421410040386,0.47480360694243384,0.0886172220301276,0.00010117155073722378
2018-06-05,-0.000369608453808401,0.9225010507471929,0.37524906927264406,0.24224265200754042,7.742816600390553e-05
2018-06-06,-0.002232548174354143,0.9204415227105075,0.414603113973354,0.08091002690952948,8.503226430132491e-05
2018-06-07,-0.0016630029490599663,0.9189108257438027,0.47502497871789,0.1038086068127408,9.757302422590328e-05
2018-06-08,0.0011724828038859325,0.919988232885292,0.6141338162537485,0.2356901442641449,0.00012773219361981674
2018-06-11,-0.002211749330933155,0.9179534495267415,0.6607284729359061,0.1329199521751207,0.00013916615644781976
2018-06-12,0.0037114179243189493,0.9213603584130056,0.7834170199193202,0.26535383285993014,0.00017196475487279536
2018-06-13,0.0018460933737838303,0.923061275665539,0.856110899867614,0.141627427371769,0.0001896267132698461
2018-06-14,0.0008262446915090482,0.9238239501444951,0.8371585041473057,0.10753694584156552,0.00018926843768776795
2018-06-15,-0.004394311209608426,0.9197643802046704,0.6232968751626882,0.27511667990958205,0.0001440676597918318
2018-06-18,-0.0009813046205165987,0.918861811168589,0.6783842320080467,0.15143277061025076,0.00015663468413672666
2018-06-19,-0.0004555615411524494,0.9184432130657869,0.5112632851292174,0.24334557320417516,0.00011510624585883953
2018-06-20,-0.0013116007591297274,0.9172385822503123,0.5090370426210001,0.17945646845690869,0.00011452381303966213
2018-06-21,-1.6399388364951584e-05,0.9172235400985786,0.5526640739711576,0.11138512676892082,0.000121141457692597
2018-06-22,-0.001269900890276232,0.9160587571084251,0.6736244449895169,0.18147104329472943,0.00014897131092628992
2018-06-25,-0.0027179892489529456,0.9135689192551952,0.71448488467614,0.2265662151026574,0.000161830936650126
2018-06-26,0.0004899331938217344,0.9140165069935822,0.887662329823518,0.29166856368235944,0.000205255352177945
2018-06-27,-0.002939440032977747,0.9113298102821228,0.7959502450819759,0.1843148797008797,0.0001868973550471156
2018-06-28,-0.00041846611356799457,0.9109484496382354,0.9392117542708689,0.2956467979728398,0.0002243134510096294
2018-06-29,-0.0019125773343043884,0.9092061902807376,0.9766554190485783,0.18732724950414006,0.0002336974640568128
2018-07-02,0.0037727600158252717,0.9126364070415696,0.9089559805518518,0.16330026330077319,0.0002156456673718043
2018-07-03,-0.003431781621939134,0.9095044381923717,0.6859782108853795,0.24080369298606552,0.0001625223822992427
2018-07-05,0.0013367346221067056,0.9107202042638631,0.8318364406397939,0.21822522344076709,0.00019429777700193503
2018-07-06,0.0005374168649361355,0.9112096406608726,0.6715768614584364,0.24854343257872782,0.00015380482516899664
2018-07-09,0.0015183737099384587,0.9125931974234947,0.5605051851417148,0.19572426115647393,0.00012660617151235372
2018-07-10,0.0005745230491160935,0.913117503249881,0.4943746034506864,0.1296719234912273,0.00010873232939900734
2018-07-11,0.0007867309454159255,0.9138358810464886,0.52572395307771,0.05519962635442577,0.00011696582440801096
2018-07-12,0.00026050532840993235,0.9140739401627933,0.3147715741514753,0.2556363348634805,6.87229798400656e-05
2018-07-13,-0.001168459210256323,0.9130058820485548,0.29002101571648214,0.1048491964844317,6.365136577983022e-05
2018-07-16,-0.0002551540539817987,0.9127729248964409,0.3674428726363999,0.17784617413912532,8.209955565971419e-05
2018-07-17,0.0008204554736070957,0.9135218144388325,0.35374076242648456,0.08567632939866027,7.934237797835959e-05
2018-07-18,0.0006822412343681084,0.9141450566891374,0.3256872319161572,0.06417265243379133,7.348913702819386e-05
2018-07-19,-0.0016602633061164607,0.9126273351950487,0.3509592753446737,0.06991959974386039,8.009909265039611e-05
2018-07-20,-0.0010000991017543592,0.9117146174168836,0.40114669630794064,0.11208408002182758,9.194615742459161e-05
2018-07-23,0.00048575114782622997,0.9121574838387838,0.3354557704711262,0.1286397031478931,7.708318404612785e-05
2018-07-24,-0.00030482051352009876,0.9118794395261489,0.31217979095143567,0.08263181904688603,7.298166694281284e-05
2018-07-25,-0.001032375659228979,0.9109380373886308,0.4441987182742001,0.14687156737710805,0.00010004454656486733
2018-07-26,0.004594331043909161,0.9151231882928831,0.6251324880386935,0.22220289718781813,0.00013600055599781243
2018-07-27,-0.0018782387333963202,0.9134043684748022,0.703125028988156,0.21137622055182262,0.00014915197772454906
2018-07-30,-0.0038755847173304048,0.9098643924635984,0.8574512661924398,0.23917317086743162,0.00018249974162115956
2018-07-31,-0.00021164146960395147,0.9096718274264372,0.9990044163191639,0.23946137637834705,0.00021505708801668912
2018-08-01,0.002196216474420032,0.9116696636801469,0.9972450578589444,0.1924309239664196,0.0002148351985364547
2018-08-02,0.00745218271770498,0.9184635925920801,1.0129117188510517,0.30149573260024604,0.0002193980500811404
2018-08-03,-0.00442958950637562,0.9143951759003461,1.0044455779169796,0.2165687257150445,0.00021914561319283022
2018-08-06,0.004976325698796025,0.9189455041130341,1.0015126475399534,0.2803155001564951,0.00021811709645179416
2018-08-07,-0.0022275469305635953,0.9168985098759919,0.841608707481853,0.2286699260559787,0.00018628791723511898
2018-08-08,0.0013354788084745106,0.9181230084054531,0.6992538095493864,0.2598136339819912,0.00015428551161331526
2018-08-09,5.383349079890465e-05,0.9181724341719784,0.47958093970422644,0.2598511956783175,0.00010352121245566297
2018-08-10,-0.0005570959387424246,0.917660924037836,0.4832776732551513,0.1221277487383707,0.0001083092202596905
2018-08-13,-2.519674696621621e-05,0.9176378019677321,0.32556225399374006,0.2172450841511985,7.381162875745763e-05
2018-08-14,-0.0009366745240800833,0.9167782740162961,0.26473626782952475,0.08448313805744924,5.741209131281179e-05
2018-08-15,-0.0012597628231229008,0.9156233508296435,0.29033128462099606,0.12995579689052833,6.448339198938077e-05
2018-08-16,-0.0025403938341374,0.9132973069148037,0.5113860703784635,0.2608969207333704,0.00011602988738810935
2018-08-17,0.0003601048064962864,0.9136261896647839,0.6061855798824307,0.15485393330777192,0.0001368871036384804
2018-08-20,0.002743269692066397,0.9161325127007693,0.7622621873342966,0.22001791397580056,0.00017517883435431752
2018-08-21,0.005322994516372637,0.9210090810421463,0.9799085101813572,0.2359471876101939,0.00022958580455479784
2018-08-22,0.0036822705443029236,0.9244004856523033,0.9656468486259573,0.1341464076191165,0.00022800722141394332
2018-08-23,-0.001521088240676871,0.9229943909439016,0.7603232603247078,0.22635212843666844,0.00018254713830906193
2018-08-24,0.0007647052786616815,0.9237002096268314,0.5951906897187885,0.2308242857864655,0.00014421679820533754
2018-08-27,0.000800893016839499,0.9244399946743747,0.3719256723827785,0.3064048510970694,8.773583623398206e-05
2018-08-28,0.00025513507249463885,0.9246758517394328,0.2291063067074809,0.204650564012927,5.111214341628606e-05
2018-08-29,0.00047184740904238076,0.9251121576442801,0.18440261418428128,0.17480158972184479,3.611408449020953e-05
2018-08-30,-5.98170512167151e-06,0.9251066238961486,0.21234509471021643,0.05005492286441536,3.934437123082798e-05
2018-08-31,-0.0011823031726237998,0.9240128673997009,0.22448507664203304,0.11785035930235724,4.124144238287681e-05
2018-09-04,-0.003755720954069286,0.9205425329117782,0.27371153703368245,0.10960386802786735,5.261946505157205e-05
2018-09-05,-0.00014535080094235653,0.920408731317318,0.2871126321080583,0.06764464343919374,5.452146164243335e-05
2018-09-06,-0.0007088940423088941,0.9197562590511981,0.5004175735358466,0.2940897057075001,0.00010784196848728313
2018-09-07,-0.0016820517633022725,0.9182091814138527,0.6722577616025233,0.20935163755569042,0.0001510762958388004
2018-09-10,0.00039565179157730057,0.9185724725215219,0.7698199821064821,0.1612868277476737,0.0001784900195109924
2018-09-11,-0.0017544701257483641,0.916960864560148,0.903165312286591,0.19222512427345137,0.00021421249384068674
2018-09-12,-0.0029676125009863163,0.9142396800355641,0.9742278557263012,0.1778053237805032,0.00023545017659597334
2018-09-13,0.0015463262122110688,0.9156533928170466,0.8875712147938537,0.189251223376301,0.00021736781740343755
2018-09-14,0.0005416405762539434,0.916149347848381,0.8219961860237447,0.19276155557732066,0.00019877720767031782
2018-09-17,-0.004322294301881691,0.9121894807425033,0.6827303651206188,0.23610078785525493,0.00016048467031264636
2018-09-18,0.0016251580898507534,0.9136719328566087,0.597163441354043,0.15265030986125577,0.0001373549591860092
2018-09-19,-0.005552569831664966,0.9085987056461902,0.5430098062252514,0.1618822120449689,0.0001203756383070728
2018-09-20,0.0008555947678072773,0.9093760979447775,0.5794028837723366,0.1567768379049141,0.0001224147780671229
2018-09-21,-0.0033840313790137744,0.9062987406940073,0.5928659205679567,0.13991266486893222,0.00012488225334150572
2018-09-24,0.0020575992879803273,0.9081635403375568,0.7266860884844514,0.19706969961223603,0.0001571153772073608
2018-09-25,0.010201608236849902,0.9174282689910712,0.7051588439854752,0.06707572576224317,0.000152157361147991
2018-09-26,0.0004900512575969351,0.9178778558680453,0.597375872228375,0.12861854117632948,0.000126285276117307
2018-09-27,-5.2518029911130526e-05,0.917829650731356,0.39491629044146837,0.22433297573603284,8.124102977151863e-05
2018-09-28,-0.0008737204592390579,0.9170277241874158,0.25194378273157225,0.14284153168242775,5.229013518964312e-05
2018-10-01,-3.161525990380554e-05,0.9169987321175767,0.16966513282619874,0.16207816702130365,3.579582475007177e-05
2018-10-02,0.0004645097780981988,0.9174246869951489,0.12355259251998206,0.08450950482294965,2.5552547631587764e-05
2018-10-03,0.00010009224627194335,0.9175165140928556,0.33036821335691074,0.24749475945260568,7.177866398859747e-05
2018-10-04,-0.00214173526250494,0.9155514366206924,0.5050388910388294,0.1991858490002873,0.00011382466609449525
2018-10-05,-0.0012875195320520838,0.9143726462634449,0.7706792171388238,0.26949302782376905,0.00017951583337724063
2018-10-08,-0.010047794094015239,0.90518521818859,0.9693419894402132,0.23855727654068276,0.00022936980623817417
2018-10-09,0.0004039002623328347,0.9055508227356761,0.9992962740779215,0.12364371802630533,0.00023942400111603626
2018-10-10,-0.006033738361143737,0.9000869659985706,0.9655171665056257,0.11306801501064948,0.00023525200112384112
2018-10-11,0.008240056154064312,0.9075037331419403,0.9777291298187865,0.11214294951425426,0.00024232565722732833
2018-10-12,0.006647125511362928,0.9135360243581653,0.9953774096916246,0.13251070836274517,0.0002375716383535162
2018-10-15,0.0020672693725394264,0.9154245494020323,0.9955813285408571,0.1262057461552378,0.00023798366279979315
2018-10-16,-0.003943279420881685,0.9118147746150054,0.9447466440067558,0.18053549641557048,0.00022120401408069377
2018-10-17,-0.0015063032399441623,0.9104413050657738,0.8261476832381259,0.20204986726100876,0.00018927446319290443
2018-10-18,-0.0004730037509751428,0.910010662913435,0.7625621773963663,0.18141935442756207,0.0001692618690155636
2018-10-19,-0.004728984566489847,0.9057072365331762,0.7640530486657714,0.12654647642430678,0.00016931130510341628
2018-10-22,0.002754403436066033,0.908201919657553,0.8607554659657165,0.18138678842395034,0.00019183016760501435
2018-10-23,-0.0024955124025192177,0.9059354905030559,0.9754516385141336,0.21499321772379326,0.00021421181882710612
2018-10-24,-0.003757943505405592,0.9025310361102035,0.969456775234439,0.1967315369944011,0.00021599455164817634
2018-10-25,-0.003914035481304423,0.8989984976118897,1.011067062677919,0.19676507271283694,0.0002317515962167587
2018-10-26,0.00017474402493999897,0.8991555922277773,1.001368193516522,0.23861785145935568,0.00022219421872970776
2018-10-29,-0.007128870632854611,0.8927456283319777,0.9807073192284913,0.20616873027838115,0.00021590762554597783
2018-10-30,0.005091058536656812,0.8972906485841603,1.0166716503301851,0.2191998822179528,0.0002246486809645932
2018-10-31,0.008095132977808284,0.904554335704193,1.0002191679738548,0.23031478870964178,0.00022472675412674243
2018-11-01,0.013375903917381748,0.9166535675866234,1.0059814250600665,0.189704338531782,0.0002234920151400247
2018-11-02,-0.0020816350314136756,0.9147454294086648,0.9887971983382216,0.2610260335966613,0.00022459218353328717
2018-11-05,-0.0007369828339196527,0.9140712777297841,1.0021656412964088,0.22483152486665606,0.0002235429063023867
2018-11-06,-0.001384971307306082,0.9128053152372958,1.0093959381355073,0.20567844707133204,0.00022440076149786453
2018-11-07,0.0031247579713864493,0.9156576109224075,0.996174760476886,0.2599014444673579,0.00021432660221423796
2018-11-08,-0.002068717149257826,0.9137633743198439,1.0032165743170065,0.20466036543082278,0.00021988783446193867
2018-11-09,-0.00399739034904556,0.9101107054260265,0.9955250210089438,0.22683127316297774,0.00022427570964347884
2018-11-12,-0.0007923356835873863,0.9093895922381026,0.9791375839219175,0.24198979574556057,0.00022894241608335526
2018-11-13,0.0029035166066282425,0.9120300200210607,0.9956891417868245,0.18112764664595657,0.00023462941136507583
2018-11-14,-0.0005007012904504338,0.9115733654131066,0.9810808799894409,0.20194615969831092,0.00023057180380611393
2018-11-15,-0.008683191024363879,0.9036579997485024,1.0191959996671456,0.1864372098881295,0.00023855966233297707
2018-11-16,0.004093372506487558,0.9073570085599404,1.0074681598292456,0.19703119572448433,0.0002255502947592144
2018-11-19,-0.013025725084293893,0.8955380256131313,0.9843211467672476,0.18098122229402006,0.00021463038440033358
2018-11-20,0.0012375276785259182,0.896646278707,0.9949949803741714,0.19747236527495557,0.0002227837253078626
2018-11-21,0.0006506630738218888,0.8972296933308344,0.9968652517825292,0.29388735643821107,0.00021590662819863355
2018-11-23,-0.0004303338462764428,0.8968435850259099,1.002326468233984,0.1692287546705297,0.00021630800405274237
2018-11-26,-0.0009158193069619402,0.8960222383554182,1.0097373383085315,0.1709625023483902,0.00022145661854532707
2018-11-27,-0.002285200912686358,0.893974647518541,1.0116265969007867,0.13457048874831984,0.00022175155015243786
2018-11-28,0.0032041819524941673,0.8968391049501072,0.9034249136583153,0.2134157744061714,0.00019259075486281461
2018-11-29,0.003705534317095749,0.9001623730304134,0.8214805951345617,0.2213510872266667,0.00018314825087563266
2018-11-30,0.0005544308644460649,0.9006614508330344,0.6469862002871237,0.23887097870218796,0.0001408360862488911
2018-12-03,0.0006849051104489412,0.9012783184634943,0.6302357795044071,0.2092895298279653,0.00013897691578363457
2018-12-04,-0.0005850074803780414,0.9007510639052906,0.5369329806194065,0.1387675889016253,0.00012521760565016468
2018-12-06,0.0033096599876325516,0.9037322436603153,0.6333922615780322,0.17015351418777688,0.0001496472374834789
2018-12-07,-0.0015017448996970106,0.9023750683727068,0.5542078463178215,0.14191298146352518,0.00013162163409213078
2018-12-10,0.0009649315349229415,0.9032457985325077,0.7454163262722284,0.24412941651671768,0.00017590483327592268
2018-12-11,-0.0033327610857973866,0.9002354960842486,0.7206050430722649,0.2246552964829189,0.00016891747690886958
2018-12-12,0.004433036869215368,0.9042262732293664,0.8496135781160739,0.20566069043865975,0.0001953499300325977
2018-12-13,-0.0051508330248237755,0.8995687546793033,0.7409724155735806,0.13205543081186685,0.00016802575053616694
2018-12-14,0.0037807882172726792,0.9029698336276215,0.8402507770606322,0.19421361428339462,0.00019618496021915648
2018-12-17,-0.0006183362767409051,0.9024114946226869,0.6661220690798296,0.24426907652014362,0.00015166631635998458
2018-12-18,0.0019972733380662078,0.9042138570408612,0.6403906253826265,0.1556432922733333,0.00014790167013097388
2018-12-19,8.654544509445472e-05,0.9042921126315794,0.5723191128710315,0.18084068461016153,0.00012983811225091924
2018-12-20,-0.0009718647992530416,0.9034132629590705,0.7000157138472722,0.1604238032267376,0.00015655620454740307
2018-12-21,-0.0007508715536364008,0.9027349156387368,0.6979106051428013,0.11740023104268163,0.00014970054077128697
2018-12-24,0.005909730856030082,0.9080698360245028,0.7992028909639661,0.20162707602842878,0.00017310396331021502
2018-12-26,-0.002771360243367993,0.9055532473827428,0.8090422632435988,0.1395790485769765,0.0001672950716324178
2018-12-27,-0.0005749013572390327,0.9050326435917703,0.8130401728445891,0.1609739396302428,0.00017215201477298764
2018-12-28,0.004608077060721083,0.9092031037559093,0.8371765325791911,0.20527567860541282,0.00018640526608451323
2018-12-31,0.002747174764756055,0.9117008435785854,0.8256972350079459,0.12413542114228351,0.00019217926156220354
2019-01-02,-0.00128026585921448,0.9105336241147347,0.8230928877468947,0.13820141745765285,0.00020012586894315536
2019-01-03,-0.004638687608166769,0.9063099430757345,0.9407054783179818,0.2696951969028,0.00023814711220279105
2019-01-04,0.0018643758224683449,0.9079996454212675,0.9955667766954727,0.1169496511727185,0.0002464782252407389
2019-01-07,0.010418397663363166,0.9174595468054592,0.9827198593017856,0.15592585615756713,0.00024333990695979567
2019-01-08,0.0009619974386068098,0.9183421405395114,0.9993284951695816,0.1987494379016006,0.00024877732407345036
2019-01-09,0.005279030796526696,0.9231900969811677,1.0022648453197072,0.1621491968723281,0.00024197608441396665
2019-01-10,5.4520773716815185e-05,0.9232404300195429,1.0131775678981771,0.2042357802740929,0.0002370367319153628
2019-01-11,-0.0016101350639903256,0.921753888230675,1.0070295933455353,0.1509248015578873,0.00023285323296778424
2019-01-14,-0.020098022721050435,0.9032284576417983,1.0030899405300966,0.199969329503002,0.00022916814388313666
2019-01-15,-0.006756495613333469,0.8971257985299035,1.0106238929736426,0.21202762423643093,0.00022791058944076432
2019-01-16,-0.0011928996287050575,0.8960556174979354,1.0002578448847652,0.18678588245090091,0.00022861106936443928
2019-01-17,-0.0005731176256260628,0.895542072230006,1.0135429936035887,0.20397522986271066,0.00023519179485820515
2019-01-18,0.003628353921437011,0.8987914158195935,1.0065156694796944,0.1906702260475421,0.0002332973570947996
2019-01-22,0.0023565620750922722,0.9009094735835325,0.991450261168402,0.13974310142767138,0.00023004643397083073
2019-01-23,0.0014572180339700314,0.9022222951154127,0.9973522267470638,0.1387718824541455,0.00023542433519378923
2019-01-24,0.023992496587116552,0.9238688604517897,1.0018146536310024,0.12581572496634755,0.00023785612567088396
2019-01-25,-3.1328603047220405e-05,0.923839916930993,1.0025016649866805,0.20908261797013117,0.0002364502215162661
2019-01-28,-0.005550389463616079,0.9187122455899912,1.0067831017801006,0.2443342635355009,0.00023377071037099128
2019-01-29,-0.005358554362421608,0.9137892760785749,1.000986396135815,0.24199300465656534,0.00022961819867994146
2019-01-30,0.00673538530542106,0.9199439989409259,1.0087193658849534,0.19785501771528596,0.00022937894825628206
2019-01-31,0.005711864998860561,0.9251985948693884,1.0042100854665645,0.24529999633396912,0.00022560705190950164
2019-02-01,0.00015516695145056936,0.9253421551148406,1.0041657615445672,0.23595879320687163,0.0002313112819509822
2019-02-04,-0.0011420759849265494,0.9242853440616438,1.0074542849499226,0.2779765737969613,0.0002385097329551196
2019-02-05,0.00243103180918669,0.9265323111338226,1.0035328539476343,0.2360145505614681,0.00024005811824289103
2019-02-06,-0.0036441654318321026,0.9231558741141133,1.0009009665264628,0.2901985127441122,0.0002299477563638533
2019-02-07,0.005224045375379349,0.9279784822890335,0.9971475183085194,0.2055632787778924,0.0002319142513478361
2019-02-08,0.0017412584683793586,0.929594332679793,1.0072853268142938,0.1547076863448429,0.00022925092315547276
2019-02-11,0.0051553986166767984,0.934386762016561,0.9973072515273375,0.1735215770427912,0.00022506485723494348
2019-02-12,0.0020707007121507637,0.9363215973500929,1.0057455747228692,0.13790112373377325,0.00022693035673077737
2019-02-13,-0.0014826200643351939,0.9349333881631913,1.0008173668007818,0.27792580483060153,0.00023393501223573776
2019-02-14,0.0038001826509730385,0.9384863058047045,0.9962084498241957,0.14050215066060023,0.00023206046076155605
2019-02-15,0.00021773988805073863,0.9386906517078675,0.8995757924566387,0.149474989196898,0.0002092949190443254
2019-02-19,0.006986672281150241,0.9452489756647298,0.908645995895773,0.17472467554392943,0.0002123833307461793
2019-02-20,-0.0071431455197066285,0.938496924679203,1.0021811202803717,0.18943689873448125,0.0002340436418939719
2019-02-21,0.0021157985821067538,0.9404825951417508,0.9990556706925375,0.1370396628463946,0.00023989181333134384
2019-02-22,0.009416474943923614,0.9493386259340995,1.0047238363969748,0.1277065614048342,0.0002408073023893655
2019-02-25,-0.0003656152063028495,0.9489915332965273,0.9952542849801026,0.12187949872051188,0.00023820947227578832
2019-02-26,-0.001651227753144635,0.9474245321392488,1.0012855995954182,0.1436075199520847,0.00023541974552189655
2019-02-27,-0.004135367640640486,0.9435065833870913,1.0033209940109076,0.12381797945446538,0.00023137398176502206
2019-02-28,0.002221574045131458,0.9456026531241546,0.998890500067234,0.1802957031809436,0.0002197166965632656
2019-03-01,-0.00038814511230067517,0.9452356220761658,0.9983567998713266,0.27881161145206046,0.00020662578209409163
2019-03-04,-0.0038032407503042487,0.9416406634396466,0.99087529493816,0.1847593215046981,0.00021074341905977633
2019-03-05,0.002628993977687788,0.9441162310729753,0.9970045215769626,0.20689836824492466,0.00021738862586648779
2019-03-06,-0.004041767027597842,0.9403003332200046,0.9925990674701319,0.16698581750375133,0.00022067773658795097
2019-03-07,0.002484509219011999,0.9426365180665298,0.993292989071142,0.1794825943181934,0.00022503933022920733
2019-03-08,0.0022142206712822965,0.9447237233303383,1.0066461272863167,0.2513123492497684,0.00023656475566574852
2019-03-11,0.001683966647521462,0.9463146065715489,1.0135813844068644,0.17400502823813718,0.0002347652787326591
2019-03-12,0.002454393687426837,0.9486372351682378,1.0015264558286778,0.12410649753917367,0.00023164322769844538
2019-03-13,0.0003148180497469788,0.9489358832925309,1.0035300943956122,0.16087446525178586,0.00023012617051204056
2019-03-14,0.0007779800205951481,0.9496741364505583,0.9990936138449248,0.1575305169835783,0.00022914678535005742
2019-03-15,-0.001904899706863361,0.947865102466418,1.0035643824354814,0.17599892562983432,0.00022703807141751694
2019-03-18,-0.002358884773973169,0.9456291979084295,1.0034042646441848,0.14697784644958212,0.0002313240946817002
2019-03-19,0.006014832874518872,0.9513169994951141,0.9959175316513508,0.1293554943812356,0.0002346973895899439
2019-03-20,0.0008097239980366933,0.9520873036993456,0.9976159201861089,0.11844544518193285,0.00023644262736408092
2019-03-21,-0.00037925130199012447,0.9517262233498094,1.0061918101328065,0.14465350566344237,0.00024091708351089058
2019-03-22,-0.005502264439595672,0.946489573994841,0.9555508164320706,0.229700488866237,0.00022386587353672916
2019-03-25,-0.002303273199669831,0.9443095499252918,0.9674202084319383,0.18590897189175634,0.00021709200617862922
2019-03-26,-0.0008197102803606526,0.9435354896793753,0.9285053612060589,0.20825983018060004,0.00019781238862712108
2019-03-27,-0.002526462473765534,0.9411516826720343,0.9933939034342708,0.16390162049635063,0.0002155711054053082
2019-03-28,0.005305035640865263,0.9461445258920698,1.0009484649462317,0.1443533040004407,0.00021981688850855355
2019-03-29,0.002916249416471617,0.9489037193136003,1.0000342446506245,0.20803196012425876,0.0002267709918571073
2019-04-01,-0.0005448007721831072,0.9483867558345909,1.0047213049693968,0.1286300565943571,0.0002372906274244907
2019-04-02,-2.3240817986214246e-05,0.948364714550618,0.9999102486458761,0.15828700902210405,0.00024374596512089175
2019-04-03,0.004064356349714249,0.9522192067000467,0.9968979717207759,0.09344779385624054,0.00024584373456208264
2019-04-04,-0.006355199768674824,0.9461676634178988,1.0021777073107128,0.21218111836319295,0.00024032903094741277
2019-04-05,-8.882953130084914e-05,0.9460836157878254,1.003485924474556,0.19186726659498407,0.00023968437224283434
2019-04-08,-0.0015084915007465005,0.944656456694414,1.0026845670742008,0.11541582475850654,0.0002381017931477675
2019-04-09,0.0019492110124270656,0.946497791462763,0.9961014090270244,0.09250225803796337,0.0002392402783577601
2019-04-10,0.0035390883736992063,0.9498475307922609,1.0024811714763622,0.06276076314910961,0.00024094597178841914
2019-04-11,-0.000488909594910214,0.9493831412207548,0.9975122743737699,0.21268982780796933,0.0002460724658857245
2019-04-12,-0.006511168578158588,0.9432015475430048,0.9956617468432959,0.18077437548455835,0.00024564426845104123
2019-04-15,-0.0009467427186621302,0.9423085783456376,0.999936604072328,0.21026434804686991,0.0002426200972856617
2019-04-16,-0.004403935989187424,0.9381587116845412,0.9781222090779212,0.1745328632368835,0.00023435728204686146
2019-04-17,-0.009316661739983467,0.9294182043093577,0.9924094624245291,0.18536581355606335,0.0002295507498126729
2019-04-18,0.00275716763763012,0.9319807661041037,0.998887945741355,0.2334479420442517,0.00022950536632130157
2019-04-22,0.003307424857013297,0.9350632224561748,1.0062902703598633,0.13082754544138753,0.00023333574930967178
2019-04-23,0.001216975982491153,0.9362011719400147,1.0100644489326889,0.13720888160558453,0.0002343578687469757
2019-04-24,0.0009265312945274662,0.9370685916237905,0.9988305444752211,0.1523017949414124,0.00023197813863730686
2019-04-25,0.002211367882019477,0.9391407950105567,0.9998479307823696,0.1702157894850161,0.00023598976121227096
2019-04-26,-0.0028193101189053493,0.9364930658641066,1.0063410836671456,0.21327814656078278,0.00023552104577479347
2019-04-29,-9.432036957135459e-05,0.9364047354920333,1.001856141132027,0.1825630432763672,0.00023147152559064747
2019-04-30,-0.0005941201472628999,0.9358483985726851,1.0021756704045515,0.17434970212708406,0.00023298516661631336
2019-05-01,-0.0029758488093020175,0.9330634552301054,0.9888790954400216,0.1598259852234917,0.00023258083292575248
2019-05-02,0.0032183967320364992,0.9360664236052005,0.998534621760172,0.19348187104423234,0.00023549851982067636
2019-05-03,0.0007032034817346933,0.9367246687734148,1.0053347772556698,0.1702816025172724,0.00023652292064564395
2019-05-06,-0.0006940214787304333,0.9360745617336294,1.0153035624554085,0.1751003765657887,0.0002401987541892163
2019-05-07,0.0008705541342890477,0.9368894653133494,0.9914117502348814,0.1746287801695397,0.00023224393979040457
2019-05-08,0.0006554731732453245,0.9375035712241584,1.0012633779618874,0.15597151149880648,0.00023191209969155406
2019-05-09,-0.007072026335160242,0.9308735212791543,1.0047775977237339,0.18851923154724085,0.00023199571980537015
2019-05-10,-0.00462463120039347,0.9265685745490266,1.0089022350816055,0.1983146307158247,0.00023634720539211868
2019-05-13,-0.0041997754629456985,0.922677194584899,0.9936999394916682,0.15364410306724213,0.00023242290568102495
2019-05-14,0.00198443438116902,0.9245081869325539,1.0059412996182806,0.1716611876201106,0.0002380861096397988
2019-05-15,0.0006419557137398169,0.9251016802455545,1.0147250735993794,0.14062739563963936,0.00023829850714192358
2019-05-16,-0.0036713580774173638,0.9217053007193526,1.0075420862608506,0.18330929080418876,0.00023715767832778437
2019-05-17,-0.00790578266312325,0.9144184989324168,1.0039246368280295,0.1832999983970356,0.00023426934889115477
2019-05-20,-0.00041493187900476514,0.9140390775464581,0.9994628976658597,0.13571715367531292,0.00023302508227695558
2019-05-21,0.0009207011506551233,0.9148806343768989,1.0034567697877461,0.22198714437453768,0.0002332844283237812
2019-05-22,-0.002088891789850278,0.912969547731056,1.000979749739107,0.1618246010754377,0.00023471649469417762
2019-05-23,0.00021293536333155672,0.9131639512334128,0.9959832858539834,0.14362958912514093,0.0002332960155158254
2019-05-24,-0.004075502905288797,0.909442348897156,0.9967227345761063,0.1426447839948931,0.00023153395534226934
2019-05-28,0.007456182984833637,0.9162233174646901,0.987924296367177,0.12967797656844637,0.00023272641818241688
2019-05-29,0.0018601483641367267,0.9179276287698559,0.9973908472465318,0.13856968801835548,0.0002339715307333103
2019-05-30,0.0023901118859983583,0.920121578505865,1.0002511607908622,0.16495345175897852,0.0002327124812438307
2019-05-31,0.0004707506950147877,0.9205547263784447,0.9972048261717198,0.13873111982898706,0.00023097703717761772
2019-06-03,0.0015094202539278623,0.9219442303272893,0.9285248799474023,0.2192947922558416,0.00020579269545619046
2019-06-04,0.0036802103202406844,0.9253371789984262,0.9285196262540454,0.22353967331832394,0.0002030788009846483
2019-06-05,-0.00032399619064404916,0.9250373732773693,1.0026477991945257,0.2517942502683199,0.00022452421376797002
2019-06-06,0.0008797880104620681,0.9258512100676081,1.0049959032334543,0.23903965754807513,0.0002284838709795821
2019-06-07,0.0014667399185339658,0.9272091929960371,1.0064926390201627,0.2002796846095863,0.0002278577838304189
2019-06-10,0.0044010917770920255,0.931289925750976,0.9955876041866224,0.17551774314213683,0.00023324481840190535
2019-06-11,8.96940001851032e-05,0.9313734568697487,0.9899790033825017,0.1752777184755816,0.00023204781658663187
2019-06-12,0.0017353168509688377,0.9329896849239998,0.9960607338018947,0.13955465042234494,0.00023247613932050643
2019-06-13,-0.0012701939162974574,0.9318046071022411,1.0012518390450933,0.22172146262102646,0.00023283922671292294
2019-06-14,-0.003700681562081143,0.9283562949732755,1.0010101013167751,0.22965795547895046,0.00023113220606137082
2019-06-17,0.0013351461933668318,0.9295957863465972,1.0011708253601168,0.18724505628900628,0.00022870795578597592
2019-06-18,-0.0005259356258453529,0.9291068788049218,1.0042221389629158,0.17902384508323488,0.00023253413897781827
2019-06-19,0.004518274496843722,0.9333048387202681,1.00253368955669,0.12860272911848605,0.00023374792044446525
2019-06-20,-0.00039631783018012623,0.93293495337169,0.8990722748535667,0.19808726793298917,0.0002099220090088013
2019-06-21,-0.005336914892481781,0.9279559589253238,0.8167224354659159,0.1684617439301422,0.00019743970088414295
2019-06-24,-0.0017781056006768159,0.9263059552375772,0.8974496533306338,0.1852248257565985,0.0002180496583462023
2019-06-25,-0.0006555438062401109,0.9256987211059379,0.9268772949345274,0.15927030044455934,0.00022304286841487176
2019-06-26,-0.0014047394595614326,0.9243983555847348,0.9958892102419512,0.13779389158422486,0.00023591651026549785
2019-06-27,0.0029058825685193135,0.9270845486525965,1.0045424865569255,0.17936067010522844,0.00023665237883352232
2019-06-28,-0.0020376800577747156,0.925195446955936,1.0040485837633855,0.1206090594721634,0.00023384389123332641
2019-07-01,-0.0016155488107568727,0.9237007485518887,0.9934268240408056,0.18892637436309614,0.00022701642548253456
2019-07-02,0.0022258868581550573,0.9257568019089584,0.9966797122497907,0.2029773557311762,0.00022045404802186
2019-07-03,-0.0006082946018868274,0.9251936690436972,0.8438191349217431,0.28246035199751907,0.00017940455027306673
2019-07-05,0.0019054549620514116,0.9269565839112349,0.8291965830208766,0.18557868880366885,0.0001810597980444509
2019-07-08,-0.0013027280696107368,0.9257490115500633,0.8211740782991805,0.13769825704597827,0.00018622746408688794
2019-07-09,0.001095053274491553,0.9267627560365185,0.7605302748193629,0.16653125976957445,0.00017327045720139203
2019-07-10,-0.0033258417274818486,0.9236804897910161,0.7553889149465851,0.18473239820244555,0.00018055962769065995
2019-07-11,-0.002637898262768612,0.9212439146316431,0.8087787083786603,0.19669196974801406,0.000194006295094123
2019-07-12,-0.0017863282351320287,0.919598270615493,0.7655510712439499,0.19215765915068395,0.0001761623145146667
2019-07-15,-0.0020109026914455486,0.9177490479780637,0.8191037630329719,0.10340119385785883,0.00018261601825587048
2019-07-16,0.001963107463287317,0.9195506879835742,0.7512028304008734,0.1124337811465219,0.00016779879117156032
2019-07-17,0.002925457209947524,0.9222407941736479,0.8368207282919289,0.1728541326512356,0.000186164765642324
2019-07-18,-0.005319531619794926,0.9173349051079764,0.8849668946033423,0.1823161441868413,0.0002031078242465846
2019-07-19,-0.001800370178315025,0.9156833627012926,0.990535636542718,0.22368859997947868,0.0002361665259029739
2019-07-22,0.0013449034690444783,0.9169148684323358,1.001044132124238,0.13827222317152923,0.00024604279357565313
2019-07-23,-0.001631645123953307,0.915418788758178,1.0051940933112633,0.14024793029619337,0.0002476604463105911
2019-07-24,0.0021545205869788475,0.9173910773842647,1.008699350707336,0.1612216106604085,0.00024649003890756703
2019-07-25,0.00555689563635875,0.9224889238590157,0.9953032617517875,0.1747842999787189,0.00024686880515323154
2019-07-26,0.0014373899047235295,0.9238149001253899,1.0054252870009919,0.24432692542989554,0.0002438795213078417
2019-07-29,-0.002369259954761671,0.9216261424769107,0.9973920471658493,0.19497280788050464,0.0002384659962257374
2019-07-30,0.004470665015779307,0.9257464242297098,1.0054997469303137,0.18629235438706604,0.00024131629030431343
2019-07-31,0.0010681922087028006,0.9267352993473064,0.9866603169565885,0.2295169721617792,0.0002361233214487073
2019-08-01,0.0031215935636574876,0.9296281902929632,0.9867789355785745,0.21934205083686165,0.00022826319343760627
2019-08-02,-0.0016129020611382883,0.9281287910687473,0.994895121128133,0.23800548172931751,0.00022776627007993426
2019-08-05,0.001648862374229454,0.9296591477107797,0.9844297823985255,0.21267700299788073,0.00023132676942843927
2019-08-06,-0.0005149242970351464,0.9291804436276625,1.0029331458003465,0.26214672406978334,0.00022851944731566858
2019-08-07,0.00028293486836394877,0.9294433411741667,1.0152016974840439,0.29086248478710275,0.00023895609088393828
2019-08-08,0.0016467859813888985,0.9309739354389075,1.0179010163189663,0.2370167085740438,0.0002451439172496533
2019-08-09,-0.0027339274135468328,0.9284287202755135,0.9974162025014611,0.22781722359105064,0.00024697463092012144
2019-08-12,-0.0027528649581525233,0.9258728813853246,0.9934679404347925,0.19753391249707458,0.00024051854474324452
2019-08-13,-0.0020123231279737253,0.9240097259725493,1.0200091476031063,0.18972678181274683,0.00024632364468029835
2019-08-14,0.0020330126066183674,0.9258882493940894,0.9825781309469537,0.14167739451268233,0.00023469531914909692
2019-08-15,-0.00907486820507708,0.9174859355582086,0.9995990700572763,0.1621783417934471,0.0002305024536943409
2019-08-16,0.0014298727916517429,0.9187978237341864,1.0096276302958027,0.1808041349428012,0.00022650293600110898
2019-08-19,-0.012224129561149266,0.9075663200963577,1.0010344962332731,0.17021067339070353,0.00023071150911436114
2019-08-20,0.006839417623119681,0.9137735451801747,0.99344883865746,0.17686312094815326,0.00022685863981194632
2019-08-21,0.0038927526995511386,0.9173306396149533,1.00014022694127,0.1484603125206619,0.000226007176361398
2019-08-22,-0.002945635962372517,0.9146285174935174,0.9968911585429209,0.1663729280479124,0.00023285923531775357
2019-08-23,0.0008097021494399836,0.9153690941700711,0.9760115000030261,0.1517531193019249,0.0002258444640912921
2019-08-26,0.0019411519472778416,0.9171459646696973,1.0026634777323438,0.10875437744691892,0.000231481827938389
2019-08-27,-0.00473458251747616,0.9128036614193984,0.9142306945079676,0.20712526387226476,0.00021387928751856233
2019-08-28,-0.0012047536685827476,0.9117039578596076,0.9130924115770673,0.20268988910654243,0.0002092086384688245
2019-08-29,-0.002402514054767657,0.9095135762870625,0.8370015735843557,0.18915742298545082,0.0001886543295923596
2019-08-30,0.0009482348058744705,0.9103760087165133,0.8423479384019374,0.17835477830201307,0.00019253589127870844
2019-09-03,-0.0003210132993650694,0.9100837659102924,0.9478339777982717,0.16812287336864326,0.00021319889048770734
2019-09-04,-0.004724658793592407,0.9057839306427786,1.0034493904292452,0.21726781897562378,0.00022443326108740393
2019-09-05,-0.004333899928680829,0.9018583537303656,1.0037712322828123,0.22368758972303507,0.00022974824008050135
2019-09-06,-0.007289300427399281,0.8952844372470652,0.9998624740194532,0.16939335499124067,0.0002248442116770343
2019-09-09,-0.01549058231730216,0.88141595997449,0.9991496247485951,0.1607278287155511,0.0002251128008889786
2019-09-10,-0.004349465790799312,0.8775822714091164,1.006697297220886,0.2774315911035291,0.00022077390262804423
2019-09-11,-0.00476708610316301,0.8733987611586997,1.00731182630654,0.364415480026322,0.00021105001195084362
2019-09-12,0.004642890250620368,0.8774538557517874,0.9986290100063054,0.26865257605015175,0.00020333048971163007
2019-09-13,-0.006799997019536708,0.8714871721478942,0.9971146042939485,0.16374314038123725,0.00020729687567306527
2019-09-16,0.0049198009781616925,0.8757747155898827,1.001994467543978,0.1952017086595764,0.0002028161509051797
2019-09-17,0.013263478869350864,0.887390535024421,0.9993091480225941,0.31818458375034997,0.00020034529960880046
2019-09-18,-0.001067191111157606,0.8864435197333176,0.9352844780061307,0.3251209647852922,0.0001919764430466715
2019-09-19,-0.0007320035670422831,0.8857946399148913,0.8502751963820123,0.24075326948661038,0.00017882171443599345
2019-09-20,-0.0021783051833035305,0.8838651088594222,0.7716124728130017,0.22028278799254897,0.00016008307971363195
2019-09-23,0.0004324306513967535,0.8842473192241931,0.7524111190816225,0.21822313179397732,0.00016316840698091508
2019-09-24,-0.0012417992743684048,0.8831492615448183,0.6805270947893614,0.22432064511929697,0.00015747466973287805
2019-09-25,0.0024574496873019935,0.8853195564214427,0.7522818048795796,0.16603706352856554,0.00017833105475845902
2019-09-26,-0.0015662029138526767,0.8839329663524846,0.7069260956725705,0.10470995360712354,0.00016593199853821695
2019-09-27,-0.002934399533216725,0.881339153868625,0.7396828334897655,0.15832885824874512,0.0001719728092788476
2019-09-30,6.065633750296229e-05,0.8813926126737968,0.8161747652924105,0.19369299675283447,0.00018454020676359647
2019-10-01,0.0020479257104562,0.8831976392662977,0.812975571714125,0.09549986412547513,0.0001821908425787914
2019-10-02,-0.0024607007397716707,0.8810243541819905,0.8237608027490271,0.28623627580354405,0.0001739535340279674
2019-10-03,0.004710696281831739,0.8851745923314389,0.8424355651144093,0.1407797691366743,0.0001775428239200388
2019-10-04,0.0018812302486803656,0.886839809549896,0.7982973759608145,0.17568972779377212,0.00016834874497402458
2019-10-07,-0.0004628995135763647,0.8864292918334352,0.7188752384689076,0.2199303397431617,0.00015052580035805114
2019-10-08,-0.0006190393252147874,0.885880557242768,0.6883341103097446,0.16793141281107427,0.00013929942524503166
2019-10-09,0.0009048859756490835,0.8866821781351173,0.6773756199412426,0.30593731320261575,0.0001453616058042477
2019-10-10,0.001332366929897022,0.8878635641465936,0.6965753071678911,0.14977131174088873,0.00014849959601713066
2019-10-11,0.0022704548603600383,0.8898794182911469,0.8032995825044542,0.24861900189810918,0.00017955305483138015
2019-10-14,0.0001103426858364287,0.8899776099762317,0.7345497815039269,0.23398559499069507,0.00015995463573140393
2019-10-15,-0.00016468959891557944,0.8898310399206009,0.7085829440313276,0.17217703183717004,0.00015308146769901532
2019-10-16,-0.001436079616006447,0.888553171702481,0.64592921307217,0.1608029976181506,0.00013325362379084442
2019-10-17,-0.0006176211580724011,0.8880043824635653,0.7849142849160832,0.24142185742715955,0.00016478416225738655
2019-10-18,-0.00282699760155114,0.8854939962041739,0.7615587821126926,0.30384383084212424,0.000155726536203464
2019-10-21,0.0012602611364309624,0.8866099498741329,0.8860191821742575,0.32454254702750557,0.000192547551363749
2019-10-22,-0.00691435671713303,0.8804796124117437,0.9967020626894002,0.24957536247366838,0.00021844731692354023
2019-10-23,-0.0009833103411697186,0.8796138277036701,1.0051215361252777,0.1850574652313195,0.00022926576115948842
2019-10-24,0.011720185161140373,0.8899230646346565,0.9957082458168448,0.22884520469912967,0.00022426664601102165
2019-10-25,-0.0018658785056899774,0.888262576316637,1.0072451068839139,0.23118547050360125,0.00022563717077643186
2019-10-28,-0.002507604063453628,0.8860351654708516,1.0027408929071182,0.3112629646324104,0.00021295269143776412
2019-10-29,0.007632610443186305,0.8927979267278546,1.0042196350613013,0.3069342773498026,0.00020419185573949803
2019-10-30,0.00815783643473078,0.9000812261833673,0.9639820514547428,0.2852694339452858,0.00018463213560565757
2019-10-31,0.0005200939236646995,0.90054935295991,0.9606654926689262,0.2969502169248934,0.00018299563230568183
2019-11-01,0.00337696654502051,0.9035904779969955,0.96204116519211,0.2029910214369591,0.00018243237477159858
2019-11-04,-0.000835116142296588,0.9028358750027947,0.9304270240213157,0.29753085966907356,0.00018258306179864983
2019-11-05,-0.0017466432905950402,0.9012589427792126,0.9397084986411072,0.2784463966428672,0.00019069694639813894
2019-11-06,0.0036808820110798557,0.9045763706090135,0.9860732840398563,0.2762284211186653,0.00020542010205999372
2019-11-07,-0.0007167667012460965,0.903928000387827,0.9947710868941131,0.2600262158560466,0.0002097120416626222
2019-11-08,-0.003813953545785731,0.9004804609856127,1.0083511431358614,0.23620505749250098,0.0002105593110671027
2019-11-11,0.0066753610024128385,0.9064914931383108,1.0032730500618325,0.21386925711189345,0.00020742903821553414
2019-11-12,0.000548881264031964,0.9069890493348988,1.0032241082820652,0.2970076464607813,0.000217068708009482
2019-11-13,-0.0023573466791912967,0.9048509617113862,1.0023944581122197,0.25277386976454025,0.00021969137725324895
2019-11-14,-1.4217196981025637e-05,0.9048380972670251,0.9913690054057962,0.1864100824124848,0.00021884736804296783
2019-11-15,0.00021414089101079448,0.9050318601033944,0.9202901719927196,0.20277908509769293,0.0002090707773674556
2019-11-18,-0.003331879624144496,0.9020164028895143,0.8909799942938266,0.22255908672930302,0.00021004289882945506
2019-11-19,-0.003295826361098486,0.8990435134507279,0.8423463785669806,0.20136031285877384,0.00019570822236846487
2019-11-20,0.001225295324846165,0.9001451072645924,0.8436915183983263,0.22666108627718806,0.0001959435319180837
2019-11-21,-0.0018008957193551556,0.8985240397941211,0.9397853092221043,0.244187446557305,0.00021449925603436766
2019-11-22,-0.00011270643409533321,0.8984227703536469,0.9997463431265307,0.16836597891903946,0.00022892659214094577
2019-11-25,0.0026149724382604767,0.9007721211360273,1.0053669256225033,0.14359631501323344,0.00023010932393334734
2019-11-26,-0.0006463637039483272,0.9001898947313964,1.0026594621535159,0.1550799764132948,0.00022856049449473525
2019-11-27,0.000293972802576592,0.9004545260776017,1.0034568493986877,0.16969652851466127,0.00022932279774543821
2019-11-29,-0.0019937056485610505,0.8986592848026884,0.998206786118175,0.15980832672498593,0.0002305988873367844
2019-12-02,-7.271844850831322e-05,0.89859393569376,0.9894348762815529,0.1475457733836869,0.00022676292506610408
2019-12-03,0.0019594256534860577,0.9003546637034254,1.003344276179451,0.17165219118112718,0.00022742826004427984
2019-12-04,-0.0010191632340144086,0.8994370553326055,0.9053627198846069,0.2063782928040108,0.00020766722923600835
2019-12-05,-0.0009462587051715099,0.8985859551892432,0.8693418788024979,0.21527450837938647,0.0001984701988809392
2019-12-06,0.0003996027415584802,0.8989450326004628,0.8447838372773739,0.1961966557207897,0.00019575998663456362
2019-12-09,-0.0029997711385366665,0.896248403236537,0.9143401888640943,0.1891405128318132,0.00021160028722453313
2019-12-10,-0.004915625519574696,0.8918427817137093,0.962032871342721,0.16642646591945987,0.00022513153420889242
2019-12-11,0.002942895913378152,0.8944673821913903,0.9977342822026378,0.18014692787531675,0.00023288387692798257
2019-12-12,-0.0023702035271997435,0.8923473124471551,0.9805823719481377,0.2014941756723698,0.0002247333350685054
2019-12-13,0.004432406386982279,0.8963025583742523,0.9460683684546422,0.3125663741061318,0.00020199530512785932
2019-12-16,0.008002809570115232,0.9034754970661286,0.8666336968125645,0.16727583770984922,0.00018380663148917305
2019-12-17,-0.0031578654327711897,0.9006224430245877,0.8188151480204049,0.21615461693012722,0.00016604662001433186
2019-12-18,-0.00228377116599221,0.8985656274577627,0.8265945236231647,0.21302990703182853,0.0001651413089642424
2019-12-19,-0.001499936417952319,0.8972178361492186,0.8699676302959112,0.2036342275599793,0.00016973396324640653
2019-12-20,0.00016080790136774326,0.8973621158665195,0.9234522503866196,0.3401784865305316,0.0001914767613048659
2019-12-23,-0.0016076020451142314,0.8959195146938445,0.9982041811494795,0.15727044367334164,0.0002094141359431668
2019-12-24,0.0012323263412139518,0.8970235799114092,0.9525349191994902,0.17024616672169124,0.00020340727729831553
2019-12-26,-0.001719799991795834,0.8954808787660369,0.9171371964303471,0.1422207261997754,0.00020041799640535882
2019-12-27,-0.000694410890608177,0.8948590470914903,0.8477830436224093,0.11097684274123253,0.00019004260552454058
2019-12-30,-0.00258953473848067,0.8925417785030032,0.7335214227099761,0.173012724514139,0.00016518706964671967
2019-12-31,0.0002808009511880982,0.8927924050833819,0.6332098060186983,0.133049994016885,0.00014326120611065092
2020-01-02,0.0017610892609367657,0.8943646922002202,0.5886704714135526,0.06972351491093522,0.0001374782344298905
2020-01-03,-0.0012278075327520899,0.8932665844941092,0.49583349931386744,0.10875836994372949,0.00011715108299897553
2020-01-06,-0.001221932397011516,0.892175073115348,0.5487611616550846,0.09249407868485325,0.00012931281093060866
2020-01-07,0.000982528980674413,0.8930516609805192,0.6030114478056255,0.10203367619626849,0.00014006140193205714
2020-01-08,-0.0028530269787925278,0.8905037604982864,0.6469200594786335,0.12133510402956661,0.0001451085336573509
2020-01-09,-0.0014342947366758896,0.8892265156416136,0.701231684417338,0.08941324725864695,0.00015135968567400344
2020-01-10,8.271007086402271e-05,0.8893000636297366,0.8642444754185847,0.2102183815842907,0.0001888031358259487
2020-01-13,0.0007493544587315881,0.8899664645975678,0.9389695303580929,0.18368523992179878,0.00020792918658477392
2020-01-14,-0.002899881611658439,0.8873856672118886,0.9472834137299302,0.1449157824442571,0.00021234211971220938
2020-01-15,-0.0007399837626884676,0.8867290162269094,1.0014753459261903,0.2593705985435055,0.00023150974693612409
2020-01-16,0.0031206060993924645,0.8894961482034552,1.005793160225182,0.18216887215608885,0.0002381019419976649
2020-01-17,-0.002038879458224341,0.8876825727787135,1.0010321586037534,0.1835120595260362,0.00023978148889462707
2020-01-21,-0.004110568879031162,0.884033692420591,1.0032505866049004,0.18343398843778067,0.00023899066602984931
2020-01-22,0.0004201356649549126,0.8844051065037987,0.9951264911986398,0.17424636965893894,0.0002334879307863788
2020-01-23,-0.0019689701419428607,0.8826637392557108,1.0047832011208913,0.15230913569477428,0.0002339148748548698
2020-01-24,-0.0005022880939751229,0.8822203877684991,0.9890619476882355,0.141499720386864,0.00022793895611919362
2020-01-27,1.5801704792872684e-05,0.8822343283546289,1.0027033606600488,0.14048908811470473,0.00022839384825893143
2020-01-28,-0.003939532113424349,0.8787587378865105,1.0078869285648493,0.24311858359268085,0.00023034427340784056
2020-01-29,-0.004438341616902042,0.8748585064089325,0.994311044956751,0.2191900015135328,0.00023149386202870397
2020-01-30,-0.003331297223659768,0.8719440926954373,1.0120911536109198,0.13240337797967625,0.00023699350878551975
2020-01-31,0.00048673667893517347,0.872368499867333,0.9837447036534391,0.16748610483057527,0.00023478616259913618
2020-02-03,-0.008796276639467693,0.8646949052109425,1.0169273193274455,0.20432121571237044,0.00024187679735297125
2020-02-04,-0.0006016366860167599,0.8641746730337558,1.0025632013439876,0.21177266141893844,0.00023730914989528033
2020-02-05,0.01225693678441342,0.8747668073718218,0.9883390770397319,0.2636427453561455,0.00022910673366598975
2020-02-06,-0.004661201059462772,0.8706893434025174,1.0061759133297583,0.22952118968230842,0.00023114442961475032
2020-02-07,-0.006128866014290635,0.8653530050767326,1.0018160498615063,0.30296049485027876,0.00022102578934505229
2020-02-10,-0.005483855735202603,0.8606075340368677,1.0094219787020375,0.2620254964623701,0.00021818485491774669
2020-02-11,0.003417768709353508,0.8635488915377328,0.9980730445298086,0.233935280829433,0.00021752715379828332
2020-02-12,0.0006375622256198366,0.8640994576909532,1.002804485068341,0.28489755401770633,0.00022231655209789693
2020-02-13,0.0008165111661038171,0.8648050045467821,1.0018228906788804,0.2398355838941433,0.00022685208360608713
2020-02-14,-0.0002592327705364106,0.8645808187494797,0.9995249152225685,0.26736374233492444,0.00023723527696765029
2020-02-18,0.0010139179604036208,0.8654574327698302,1.0011743427468776,0.25815094413709355,0.00023708021617659925
2020-02-19,0.006811613035269115,0.8713525939003557,1.002056386135029,0.263703565835271,0.0002324162598914595
2020-02-20,0.002466288988349996,0.8735016012076623,0.9989967874832849,0.2613228993580618,0.0002334943253220637
2020-02-21,-0.0018480877080522262,0.8718872936355064,0.9908574787183946,0.26537298343889676,0.00023429632155449524
2020-02-24,0.0031545766882341564,0.8746377289667765,1.0025353783363,0.22122680898418218,0.00023997983680135445
2020-02-25,0.0012652818499845342,0.8757443922105499,0.9605337159688921,0.27384747291372386,0.00022638638779766903
2020-02-26,-0.0037407729898579767,0.8724684312421491,0.9895550422622924,0.23900416941076827,0.00023566914151211218
2020-02-27,0.01942198881726931,0.8894135033571546,0.9633318474404674,0.25757860722503767,0.0002389282111152212
2020-02-28,0.014192897311033681,0.9020368578773494,1.0273981611648997,0.41264711941146104,0.00022738807497134746
2020-03-02,-0.008931328994328469,0.8939804699346365,0.9992340144427637,0.49105892509277466,0.0002042902909163857
2020-03-03,0.004178302161796932,0.8977157904647686,0.9405812571596162,0.2831773058374226,0.0001916833402266011
2020-03-04,-0.00747050845639341,0.8910093970606636,1.0201797604979386,0.33387566927161505,0.0002061736988020146
2020-03-05,-0.018317038308483413,0.8746887438014848,0.9580629505378965,0.3319785343292672,0.00018936261754017066
2020-03-06,-0.008308580715557845,0.8674213217726202,1.015146412163784,0.45116623300132214,0.0002234703404826154
2020-03-09,-0.025515240188255794,0.8452888584031775,0.9876351578836919,0.38463932644176385,0.0002315708057368733
2020-03-10,0.005924664731760121,0.8502969114907086,1.0082429589805875,0.3418957251379064,0.00025856265338793235
2020-03-11,-0.01120377037259035,0.8407703801458439,0.9739249860624998,0.2978314621484916,0.00026086883294256717
2020-03-12,0.0053670234037492826,0.8452828144532659,0.9694584853394188,0.2817677572216896,0.00026739728056520773
2020-03-13,-0.02486512206067082,0.8242647540960981,1.0380223128509505,0.2359111633595214,0.0002792380405292227
2020-03-16,0.030133325463981286,0.8491025921997644,0.985400225504649,0.2919139136423058,0.0002558743725588956
2020-03-17,-0.062219067668444206,0.7962722205582359,1.054640715781114,0.30470155047244657,0.000259930310682325
2020-03-18,-0.030084260028409582,0.7723169600215628,1.020565976323398,0.32744972733175587,0.00024691118981767904
2020-03-19,0.04859217634255897,0.8098455219352796,0.9744927550555437,0.3396085800625737,0.0002446348988152199
2020-03-20,0.04619741572077696,0.8472582921817333,0.9322352596572521,0.2709486997984655,0.00023420873555480914
2020-03-23,0.03014704605359908,0.8728006269354297,0.9653380080147096,0.29648424873462104,0.0002367983652313748
2020-03-24,0.04209417820048689,0.9095404520591464,1.030135526169655,0.35971708371143873,0.0002448960769947334
2020-03-25,0.05312439178277706,0.9578592353766207,1.0006669891484095,0.42206142610607966,0.00023372659146234575
2020-03-26,0.013921851087555392,0.9711944090143737,1.0053393405453446,0.5470918811839448,0.00021172849791470684
2020-03-27,0.006797960364750555,0.9777965501133208,0.8738519520256555,0.46489047685751833,0.00017466751269260074
2020-03-30,0.004145123140997686,0.9818496372203832,0.9580145420334307,0.45863007954898766,0.00018261070373165407
2020-03-31,0.004285496478137363,0.9860573503827516,0.8534125875587275,0.4067742661879247,0.00016530798991279107
2020-04-01,-0.0004315849831568741,0.9856317828377948,0.9170215205220124,0.5153872250032311,0.00019702855675904238
2020-04-02,-0.005760539074483595,0.9799540124397048,1.0292853798389143,0.5297850161690235,0.00024058337551258205
2020-04-03,0.007523274593822293,0.9873264755646066,0.9934709410188931,0.43237162391712053,0.00024615066239128954
2020-04-06,0.007871149077753437,0.9950978694421885,1.0285085826794285,0.33805288457775734,0.0002584234638599046
2020-04-07,0.030492456526383105,1.025440847965651,0.9669502534191958,0.3224208175394132,0.00024910374982637333
2020-04-08,0.010121130416960167,1.0358194685227895,1.023799407798845,0.2684179449578068,0.00026157510185233603
2020-04-09,0.01833584876529848,1.054812097645775,1.000351500932696,0.2913413149596469,0.0002531295510554465
2020-04-13,-0.012116322350598896,1.0420316542513874,0.9886037268380132,0.29350523613276214,0.0002462255200466556
2020-04-14,-0.0024144860740046292,1.0395156833335255,1.0089723485095283,0.37345482035563804,0.0002455844583465224
2020-04-15,0.0062310710971835714,1.045992979463014,0.9950159359177315,0.37015996311494087,0.00023819754880355167
2020-04-16,-0.023954555471539574,1.0209366826136264,1.0019194124585449,0.34761496114336393,0.00023776487442752874
2020-04-17,0.02274342590925893,1.044156280412694,1.00475556677026,0.35333696702049244,0.000241302719553948
2020-04-20,-0.014170834168633073,1.029359714916829,1.0156611693667037,0.32252502542996947,0.00024773329507448723
2020-04-21,0.008943684576341537,1.038565983522638,0.9772060268414166,0.2818951043802345,0.00024374488122525136
2020-04-22,-0.004821176070414324,1.0335588740553323,1.0049880116540078,0.29510964973844517,0.0002490448982635672
2020-04-23,0.01359237343389652,1.04760739223741,0.9915191053379312,0.28241157399101263,0.00024563483604949146
2020-04-24,-0.011626601777460666,1.0354272782687417,1.0114720487120141,0.3571791296719056,0.00023713452120315183
2020-04-27,0.01121683571888532,1.0470414959479348,1.0008006909806826,0.22940804783951121,0.00023421681649398875
2020-04-28,0.02609054827403856,1.0743593826428859,0.9717829202544275,0.2993615569184785,0.00021981526906353252
2020-04-29,0.010609890458499693,1.0857582180057883,1.0188928238683863,0.4117445197619622,0.00021999389358386392
2020-04-30,0.0013845825221532326,1.0872615398577234,0.9062431143742237,0.4605261187825989,0.0001796266527970444
2020-05-01,0.002465038975185685,1.0899416819296932,0.8605837491865308,0.3788533073448821,0.00017058207800372199
2020-05-04,-0.00913895463005232,1.0799807543491349,0.9783650948991016,0.3712523599927556,0.00018497344233640923
2020-05-05,0.020232674252140814,1.1018316531504622,0.9602526794274158,0.4313578168183813,0.000170481783080288
2020-05-06,0.0021112192996626256,1.1041578614015726,0.8718094789167463,0.4751450665416952,0.00016759029639825055
2020-05-07,-0.00674149403435742,1.096714187765945,0.9432095779705796,0.47454451612659393,0.00019732657655060083
2020-05-08,0.00850291622692434,1.1060394566293983,1.0117910574994151,0.43488794394585073,0.00021993912252365317
2020-05-11,-0.014615997039259532,1.0898735872059988,1.0124809755091793,0.37450251347290303,0.00021961216948505002
2020-05-12,-0.0037927407425744075,1.0857399792475468,0.9715827262982023,0.4321590025838599,0.00022492653339302815
2020-05-13,-0.01580997398843309,1.0685744584174413,0.9813460922506955,0.30842838727547683,0.00022453533988300506
2020-05-14,0.005798635692089382,1.0747707324116758,1.0258683446703445,0.29443850042218955,0.00023903553238957778
2020-05-15,-0.007041906741602877,1.0672022971454285,1.0261531604600498,0.2928083667083992,0.00024197441715443323
2020-05-18,0.0242943147600172,1.093129245664893,0.9940154557387971,0.32231003248973406,0.000239091954811692
2020-05-19,-0.00040363738199500343,1.0926880178379905,0.9903593465863112,0.32495704787665985,0.00022916668680344703
2020-05-20,-0.000494640945901903,1.0921475296032714,1.00587381199692,0.3133986980172414,0.00022761318418908918
2020-05-21,0.007608721043742328,1.100457375494635,0.9895023675598144,0.4434451315376409,0.00020977255759774198
2020-05-22,-0.00193722572667554,1.098325541155717,0.9281013830770312,0.49836590469097164,0.00018115026376310488
2020-05-26,-0.015141981033227392,1.0816947166432278,0.8606805842791229,0.3420819077831342,0.00015660462364640927
2020-05-27,-0.006076804039246819,1.0751214698198983,0.8623251644755185,0.28195257073337515,0.00015269264247883718
2020-05-28,0.011410161161634624,1.0873887790588768,0.8387188957864999,0.2535429718915845,0.00014305201978368737
2020-05-29,0.013495260925388441,1.102063374359616,0.8902155496743949,0.39574683759230184,0.00015735030504269093
2020-06-01,0.005341974426516849,1.1079505687218458,0.9802749783789181,0.4232056184858125,0.0001888473845459308
2020-06-02,0.00024385262191417567,1.10822074537298,0.988813301520293,0.24859156835254134,0.00019349402422844653
2020-06-03,-0.0017867583310906543,1.1062406227234973,1.0087525830156823,0.3423532185910516,0.00021225937113966676
2020-06-04,0.0027756137295791294,1.1093111193841467,1.0001846285360843,0.2847383337447506,0.00020963040591445608
2020-06-05,0.01850789138027764,1.1298421290886427,0.9559045672588546,0.39018476044969636,0.0001917586737951888
2020-06-08,0.007667881815675903,1.138505625004866,0.8434856492915583,0.4708999947219617,0.00015039003971393955
2020-06-09,0.010164405317541814,1.1500778576337167,0.9486048577174344,0.3974684597213005,0.00015389348250336774
2020-06-10,0.023470285392956924,1.1770705131765005,0.9672142801958259,0.43020381168361577,0.00014416288299628303
2020-06-11,0.007881059755742381,1.1863470762275667,0.9937330918473611,0.33586329582576524,0.0001489581271051936
2020-06-12,-0.023151661041278415,1.1588811708414344,0.9950633044154492,0.33326289436379086,0.00014227071908043095
2020-06-15,0.011331083711740186,1.1720125504001981,0.7935313485602702,0.4633655045756353,0.00011984133743220426
2020-06-16,-0.013123713022770489,1.1566313940296606,0.7798812367945399,0.5816719855773134,0.0001415398194020725
2020-06-17,-0.002445511829660907,1.153802838273004,0.9707669660323482,0.5265342744361405,0.0002080516111113996
2020-06-18,0.002280418493036729,1.15643399160272,1.0089061779726742,0.2656576780642854,0.00021849030711407373
2020-06-19,-0.0032083352108077667,1.152723763708486,0.9793645291471622,0.2516989021612352,0.00022102514339407728
2020-06-22,-0.009120917259471173,1.1422098656366746,1.013657829516598,0.2929350268842595,0.00023287421314918756
2020-06-23,0.0022312553006471614,1.1447584274538278,0.9940594058455419,0.2022718141646254,0.00023140227847285875
2020-06-24,-0.01083479153767486,1.132355208531369,0.9790848436453894,0.12038728156000689,0.00022811785099848743
2020-06-25,-0.0044170598947465,1.127353527753158,1.0168272000134932,0.17751638601881764,0.0002434342101538816
2020-06-26,0.0023434093716308,1.1299953785752357,0.9742529422452236,0.1188651438090359,0.00023884443242384287
2020-06-29,0.012486709214333258,1.144105302281045,1.0093500469661234,0.23510779235779708,0.00024221902890178126
2020-06-30,-0.0011241989863272073,1.142819100259969,1.0162743567076535,0.22308099611375667,0.00024062468835611535
2020-07-01,-0.008558774856740836,1.1330379688788608,1.006043198460495,0.1534279714109806,0.00023927519630075975
2020-07-02,-0.0031001190650118415,1.1295254162701571,0.9933752111424078,0.20014996127792967,0.0002364851375617458
2020-07-06,-0.007436472177665743,1.1211257319380978,1.0029460320980048,0.14682051129592755,0.00024243698502375392
2020-07-07,-0.009862359682427546,1.1100687867204995,0.9967371338319726,0.18900721930847922,0.00024343353771347513
2020-07-08,0.0002805844509787825,1.1103802547615702,1.007306463222855,0.23263283030843582,0.0002515127794395769
2020-07-09,-0.01577705371069127,1.0928617258429059,0.9943823739721818,0.23001905400298564,0.0002490364905364569
2020-07-10,0.012292670574816755,1.1062959150225185,1.0132455484520073,0.1743365758790433,0.00025441412687854934
2020-07-13,0.01016430502614174,1.117540644151982,0.9590328310356404,0.2512817204058066,0.00023867801391087542
2020-07-14,-0.0011595455586780323,1.1162448048614133,1.0209384747707986,0.23149674838297513,0.00025033302315633567
2020-07-15,0.02252856106124601,1.1413921941070322,0.9970843769529238,0.27074812982565194,0.00024085469005511018
2020-07-16,-0.007235102286223483,1.1331341048339707,1.004565747783451,0.30346147705096954,0.00023227301391794177
2020-07-17,0.0022647769225578873,1.135700400804762,0.9992669641069107,0.3316887308271342,0.00021624194933368522
2020-07-20,0.004182977468218718,1.1404510099919754,1.0061993744443765,0.31643351005318376,0.0002195648949823405
2020-07-21,0.0010402323181786244,1.1416373439898684,0.9947502773753807,0.24105790984609268,0.000222837915859337
2020-07-22,-0.005856487711060732,1.1349513589143037,1.0085692096072734,0.20894329978506815,0.00021896609605112044
2020-07-23,0.0012951855168816806,1.1364213314767346,0.9905054159717305,0.30636204142037654,0.0002269894889419483
2020-07-24,0.0014250059658571512,1.1380407386538163,1.0024708859370481,0.2577351288660975,0.00023210167943126238
2020-07-27,-0.008698102482823322,1.1281419436793774,1.007947882837699,0.2604575846846307,0.00022450565071373523
2020-07-28,0.01031082353260171,1.1397740161803818,0.9929414077525442,0.24271491048651608,0.00021500329891267688
2020-07-29,-0.010912991955094653,1.1273356715111793,1.0158163103005284,0.21983681189127416,0.00021624391544927292
2020-07-30,0.0018609301553782487,1.129433564457528,1.0081768692729638,0.22370504755015974,0.0002088850484422888
2020-07-31,-0.01207835248580924,1.115791867756706,0.9998197578467936,0.2705411301064658,0.0002076891696958365
2020-08-03,0.0007970153388701107,1.1166811709902946,1.0009232477361831,0.26796091365076663,0.00021993668341705892
2020-08-04,0.0010052548980827858,1.1178037202070294,1.0128463370450886,0.21451336855811898,0.0002235373661873966
2020-08-05,0.002328864271735842,1.1204069333538331,0.9994083721427605,0.21999374786653766,0.0002269443812356367
2020-08-06,-0.0012631538782664764,1.1189916869907306,1.0033818787408386,0.2053110852746318,0.0002315281663888465
2020-08-07,0.0023994270983485055,1.1216766259673228,1.002030940816287,0.24271030905585933,0.0002304252217706839
2020-08-10,0.004497762691468177,1.1267216612474904,0.9992608865120443,0.25690528544716446,0.00022280147912856545
2020-08-11,0.0036729366605121605,1.1308600385432794,0.9506665284346977,0.43848219197224964,0.0001978846678507062
2020-08-12,0.0064714897739894806,1.1381783877185256,0.9213525400961967,0.44980474364396483,0.00017582244613074437
2020-08-13,-8.243296785814813e-05,1.138084564296074,0.9210627384338074,0.2516861235196476,0.0001658297664799137
2020-08-14,-0.0040417943903299225,1.133484660488381,0.8989313922072788,0.2154212035192801,0.00015617390002933937
2020-08-17,0.013208153947798174,1.1484559003815793,0.8469774981485116,0.2919705619930742,0.0001333441937593826
2020-08-18,0.001029396849619113,1.1496381172673587,0.8886337427795618,0.45759126083646656,0.00015891477971424227
2020-08-19,-0.0017409141121322858,1.1476366960451627,0.9685841135149608,0.4232593873230018,0.00019031174997852042
2020-08-20,0.0007631867046498098,1.1485125571133525,1.010277735024521,0.18769970615785295,0.0002037853006913204
2020-08-21,-0.004945225870170322,1.1428329031037001,1.0053274094449773,0.2773511793817743,0.0002105838092019489
2020-08-24,0.0011380497870359108,1.144133503845695,1.0007628704618798,0.33543269033171574,0.00022495671600732584
2020-08-25,0.0007295018302977407,1.1449681513308554,1.0027305719782493,0.2882971420750778,0.00021713666007078746
2020-08-26,-0.001416511564714562,1.1433462907032654,1.0062514728742724,0.1703301217993829,0.00021583295395421356
2020-08-27,-0.0017263288496101037,1.1413724990165297,1.0007221526320553,0.22173895155667295,0.00021970383197388106
2020-08-28,-0.001146756485135847,1.1400636227013268,1.0059592965914617,0.22878230094785176,0.00021495426722903206
2020-08-31,0.005908374641033998,1.1467995456988607,0.9926857005158268,0.2899124528603814,0.00020424783474141565
2020-09-01,-0.007676789435955955,1.1379958070612806,1.012567911201727,0.2790096198256533,0.00021830210707343193
2020-09-02,0.0022358571222378387,1.1405402030915752,0.9990165018540831,0.22432488573693765,0.00021323909259096947
2020-09-03,-0.0013719110705322501,1.1389754833605668,0.9707214514441131,0.20391060239567657,0.00020409919611068773
2020-09-04,-0.004528005052650941,1.1338181966170646,0.9886690630460118,0.1818959790333372,0.0002058852594445679
2020-09-08,-0.015638486915293792,1.1160869955849466,0.9945721752314465,0.24245782965339843,0.00020354284921358012
2020-09-09,0.0035338146407277726,1.1200310401502707,0.9380857270137414,0.42051602490918766,0.00017756769757073328
2020-09-10,-0.003979151886193799,1.1155742665242612,0.9183784476145666,0.315385213493408,0.00016898434342307023
2020-09-11,-0.002562805674074853,1.1127152664641609,0.862603011962748,0.40318701040426835,0.0001457072144803231
2020-09-14,0.009053754135526226,1.1227895169095738,0.9214690958209208,0.19042623274637216,0.0001655503476158978
2020-09-15,0.015534201246363066,1.140231155222554,0.9236969437309377,0.17314252519675405,0.0001694903419876118
2020-09-16,-0.00445702694926331,1.1351491142353374,0.9635076665990828,0.40177686165674437,0.000191912798032601
2020-09-17,-0.004283409547058303,1.130286805682087,0.9311265938505745,0.35968293749939195,0.00017760350993756475
2020-09-18,0.0044166716921469895,1.1352789114207502,0.989064787896523,0.38140010076755465,0.00020390494517416195
2020-09-21,0.016700789248030645,1.1542389652581218,0.9962868217746615,0.18510071707102782,0.00020596546270947456
2020-09-22,0.011166439280023033,1.1671277045783133,1.001623255090908,0.20406623685412842,0.00020816190572254758
2020-09-23,-0.004295787770374648,1.1621139716585203,0.9288281268844376,0.2604801818526711,0.0001794376298543861
2020-09-24,-0.0009936060319253315,1.1609592882064956,1.0071121604385984,0.39739505171139683,0.00020853194574883705
2020-09-25,0.009142114964819648,1.1715729114887545,1.017662536176774,0.24444326496432214,0.00022155849851134243
2020-09-28,-0.0030811696843970893,1.1679630965508145,1.005489481792379,0.23009819219284852,0.00022673820936004743
2020-09-29,-0.0012199964540385855,1.1665381857145747,0.996141118259319,0.15610929529555917,0.00022567908644103332
2020-09-30,0.0006376333598099304,1.1672820093772784,1.0060418189127933,0.16815644422446294,0.00023286515815430713
2020-10-01,-0.007564320722706186,1.1584523138845038,0.9995294053786979,0.14368945716108034,0.0002380345366440406
2020-10-02,0.0015544316000668523,1.1602530487683764,1.0096244871487425,0.16833900878395802,0.00024355194321928393
2020-10-05,0.004013499512792507,1.1649097238143244,1.0125751210771956,0.15772340898381548,0.00024045151474178756
2020-10-06,0.001739514703683609,1.1669361014073634,0.9819833162251609,0.15413114510031792,0.00024253558798209226
2020-10-07,-0.0028544835760950793,1.1636051014715436,1.0081355776896819,0.15667927070944854,0.00024437494360588825
2020-10-08,-0.0006160864802275956,1.162888220100203,1.0044402490412911,0.15227506637841093,0.0002394836143849871
2020-10-09,-0.003488181586732364,1.1588318548234215,1.0028586320642896,0.23116604737491697,0.00022802856714356534
2020-10-12,-0.0024542079641475256,1.155987840456206,1.007464474530663,0.13241093096695403,0.0002299785281698848
2020-10-13,0.007630774596929513,1.1648089231035188,0.9960001490175464,0.15617472891719722,0.00022173282459286714
2020-10-14,0.000673722870969895,1.1655936815153234,0.9908354304040603,0.2233373415576479,0.00022817496434460527
2020-10-15,0.0011919542766294366,1.166983015888818,1.0137694706441682,0.1351464728211299,0.0002391049530790749
2020-10-16,-0.0027475943803292324,1.1637766199124222,0.9945708563496745,0.1916808596663969,0.00024230055195113216
2020-10-19,0.005774809678373627,1.1704972084005574,0.9768285631412763,0.16536359425766733,0.00024297389405620814
2020-10-20,-0.0006121926706338376,1.1697806385885772,1.0000508937462766,0.17655008773416428,0.00024036259852963624
2020-10-21,-0.007601483543477339,1.1608885703148677,0.9968158605406636,0.1849547593482732,0.00022835776741196915
2020-10-22,0.0009222421149528426,1.1619591906451794,1.0086960850419484,0.2881623087412602,0.0002169385830259519
2020-10-23,0.0025874783944215274,1.1649657349461733,0.9812896775233456,0.4572942085698815,0.0001911883643274974
2020-10-26,0.00575116687226096,1.171665647288315,0.8291471589823216,0.4464352946403843,0.00013278539927870034
2020-10-27,0.005701164702615724,1.1783455061199024,0.8262312587236018,0.19138531368461634,0.0001317938687526974
2020-10-28,-0.005613274642405686,1.171731129170407,0.8565205362146261,0.16442003572735595,0.00014281792299914548
2020-10-29,-0.004130674338111984,1.1668910894639757,0.880481077044435,0.24200249125683476,0.00014940192044349612
2020-10-30,-0.015486035156708322,1.1488205730284868,0.8972363302830335,0.33676282800887136,0.00015795032881825918
2020-11-02,-0.008486228910839277,1.1390714186682855,0.9605752844398828,0.2838588778553357,0.00018106273150134933
2020-11-03,0.006575389269127374,1.1465612566513668,0.9319435212161316,0.32225484112450425,0.00017004901784995735
2020-11-04,0.029311515308286795,1.180168704477592,0.9175802026403826,0.2512343563214881,0.00016639342275360893
2020-11-05,0.005809528545421605,1.1870249282546677,0.966211091296281,0.24952343656645665,0.00018729488583259612
2020-11-06,0.017002375210011245,1.2072071714684902,0.9883932992704303,0.25882179827686486,0.00019809019801871226
2020-11-09,-0.031135091611317445,1.1696206655909793,0.9827046597105429,0.4581878276920656,0.00021204251748156312
2020-11-10,-0.01104146740666856,1.1567063371336905,1.0008209596602828,0.3476598281984184,0.0002107922320692457
2020-11-11,0.012996255426080294,1.1717391881440458,0.9670489736762747,0.3091455845364028,0.00020194352325741158
2020-11-12,0.008865944667052261,1.1821277629503477,0.9008632215807796,0.38739244781563276,0.00017990125335414232
2020-11-13,-0.01740089754110974,1.1615576788667474,0.9428609648125339,0.3977681297092963,0.00017511901385092765
2020-11-16,-0.004157211154722784,1.1567288383273087,0.9955696191979448,0.46451828620703445,0.00017200489052507853
2020-11-17,0.01038138493455043,1.16873728566288,0.925745979408082,0.47209474168457155,0.00017481246353876563
2020-11-18,0.009142782444275355,1.1794227964002084,0.9210061839292977,0.3147551746936136,0.00017482358575233116
2020-11-19,0.003660206620014206,1.1837397275273882,0.9588989962126729,0.33423762280524333,0.00018278773040485035
2020-11-20,4.185398565059728e-05,1.1837892717529581,0.9157379357353309,0.3325633523870405,0.00016926034753571469
2020-11-23,-0.00836885941403831,1.1738823057618109,0.9842335606223916,0.3112772630845564,0.00018766967065120594
2020-11-24,-0.011640202383568443,1.1602180781482534,0.93429009034267,0.48884521855671237,0.00015451725631098688
2020-11-25,0.009840294196202137,1.1716349653689844,1.0011876105362736,0.35001963374102385,0.00016006327730336487
2020-11-27,0.013032778161919056,1.1869046239593861,0.9952796849963148,0.29485292836541666,0.00015521859937643533
2020-11-30,0.01520709162735323,1.2049539913288656,0.906390159021461,0.3529147928778948,0.0001422574490224591
2020-12-01,0.0037653831044750508,1.2094911047294852,0.8094211758702271,0.2945199054849081,0.0001282576566254258
2020-12-02,-0.008376197320851042,1.199360168578457,0.8931151823548604,0.4863063825568575,0.00016953514260772013
2020-12-03,0.00039115363607322706,1.1998293026693578,0.9510182932155224,0.4347613988602608,0.00019359507589181951
2020-12-04,0.00016908534530202246,1.200032176221303,1.0050759554161521,0.33781016833923877,0.00021150276412583026
2020-12-07,0.005502579338990676,1.2066354484803026,1.000046218450437,0.20484924699457532,0.0002141145821527042
2020-12-08,-0.00401630702565936,1.2017892300511615,1.0121508813111781,0.16576797718574898,0.00021141043591858021
2020-12-09,-0.007175828294126219,1.1931653968905842,0.9830187274856024,0.410578337659071,0.00019624202079111079
2020-12-10,0.002187773050067454,1.1957757719901745,1.0207581344010528,0.33111766342025006,0.00021121908478024918
2020-12-11,0.0012935070816744165,1.1973225164193384,0.9958004633391753,0.37031025285599267,0.00019759991126144748
2020-12-14,0.01886973424024041,1.2199156741040271,0.9461054682489879,0.2442261915990015,0.00018713568223455786
2020-12-15,-0.008865372470441613,1.209100667270565,1.01334782736848,0.2804692986810072,0.00020749817651434044
2020-12-16,-0.001513138761362387,1.207271130184529,0.9987779910993363,0.3485244134592843,0.00020804303908055716
2020-12-17,0.008317516997513374,1.2173126283304458,0.9987313416014736,0.327535357735231,0.00021199206234672567
2020-12-18,0.0020238391701550285,1.2197762733099855,0.9952084393474153,0.36966103365646613,0.00022621439826596976
2020-12-21,-0.0002667335373355284,1.2194509180698476,1.009206668804315,0.17887086570209565,0.00022984239537906587
2020-12-22,-0.002008255281525262,1.217001949323073,0.9995990729212847,0.17795081751788233,0.00022873623609366223
2020-12-23,0.004168718027488305,1.2220752872887046,0.9950861152677803,0.22599331645749346,0.00023075322218493182
2020-12-24,-0.003924504462538447,1.2172792473701821,1.0028204217099188,0.1508162043945968,0.0002338029935859777
2020-12-28,-0.013641341502201532,1.2006739254532626,0.9973480126516374,0.12215280333419137,0.00023052702312096598
2020-12-29,0.00039355325324930135,1.2011464545827164,0.9915209286791685,0.1535178245668687,0.00022879494829355424
2020-12-30,0.0031953627358207726,1.2049845532039534,0.9991920863873452,0.1308437386663261,0.00022896579577584203
2020-12-31,-0.008514800141921186,1.1947243505593195,1.0056711126785047,0.2785918535210423,0.00022054933484400482
2021-01-04,0.004038101057001198,1.1995487682221382,0.9805056987277923,0.08572109026046074,0.0002150537303063227
2021-01-05,0.005036524381185625,1.2055903248397102,1.0132429380122914,0.2963924046005435,0.00022150194182274315
2021-01-06,-0.013682155449619482,1.189095250606696,1.0189601433796123,0.3502982893459148,0.00021414589800519525
2021-01-07,0.009160274670025226,1.199987689711076,1.0073821713452666,0.3138512112132497,0.0002064474481991796
2021-01-08,0.007090960651672917,1.208496755201309,0.9944450314973136,0.3026171455500245,0.00021052819426406824
2021-01-11,-0.0018390305274962326,1.2062742927761136,1.0220470519755076,0.38017325233816524,0.00021285868301444718
2021-01-12,-0.004492806196997545,1.2008547361582502,1.0154378049852273,0.33099531898641027,0.00020970348847924224
2021-01-13,0.0066816966427369895,1.2088784832172537,0.9912306715829944,0.31501698440681947,0.00021206601021140668
2021-01-14,-0.0019498565200856133,1.2065213436247613,1.0072283207275838,0.3882434320820904,0.0002213230587698967
2021-01-15,0.00854957605928619,1.2168365896192332,0.9873682214759463,0.3435424120021138,0.00021776817581132193
2021-01-19,-0.00731227203658158,1.2079387494518712,1.003874286287583,0.35961868314790796,0.00022495002795283923
2021-01-20,0.0011742180918781209,1.209357132985358,1.0037216537277083,0.29341670771207423,0.00022132071387490323
2021-01-21,0.0007421202508646196,1.2102546214042742,0.996271530134298,0.31180352230752323,0.000223483790258231
2021-01-22,0.003452347242157927,1.214432840608788,1.0041538874278162,0.2706516606362095,0.00022810959286093764
2021-01-25,-0.00040040916913886004,1.213946570564105,1.0013829193347117,0.29107408483689245,0.00023231137670181389
2021-01-26,-0.006442527273030962,1.2061256866752434,0.9927827719946787,0.28364947420561176,0.0002340859006318884
2021-01-27,0.004714956355970079,1.2118125166477316,0.9848298176861271,0.295869025388764,0.00024030866089174482
2021-01-28,0.018006723593718466,1.2336332896824156,0.9877342935399728,0.2688870447012693,0.0002448587798162593
2021-01-29,0.00042045645584321,1.2341519787632056,0.9813186557042739,0.27799797320621294,0.00024141561488156134
2021-02-01,-0.000815105236853797,1.2331460150222422,1.0099729699237698,0.2977049530054339,0.00024680711640797027
2021-02-02,0.010500677058027152,1.2460948830913838,0.9916613369026682,0.2946656957597175,0.00023996788989533673
2021-02-03,-0.00152361525642275,1.2441963139165555,0.9986155421114521,0.4146755635191272,0.00023034253170019938
2021-02-04,0.0015391769742434391,1.2461113522343743,1.0068993097632022,0.46333464133667623,0.0002164779315799054
2021-02-05,-0.0014553577704938814,1.2442978143949994,1.0030594703073414,0.4017330474892192,0.00020833147841948013
2021-02-08,0.000821428231376764,1.245319915747984,1.00732795461993,0.4143947760694281,0.00020002956798054338
2021-02-09,-0.0028778364687312985,1.241736088679207,1.000224480824401,0.4245083150855726,0.00019096292839788405
2021-02-10,-0.010038011790288626,1.2292715271806183,1.004912194377835,0.4105205401257542,0.000197555713653032
2021-02-11,0.005705993089779371,1.2362857420201734,0.9807178472125018,0.33759251945923585,0.00019403135058497208
2021-02-12,0.0010997268883370381,1.2376453186923406,1.011555923459254,0.3711749577667013,0.00020048407762380516
2021-02-16,-0.0057394702123413355,1.2305418902522622,0.9982407054025949,0.3697022725475946,0.00020002032038554792
2021-02-17,-0.003778711659066958,1.2258920272645957,0.9918750157768456,0.40663189302961883,0.00019535629989345403
2021-02-18,-0.0026695196832116075,1.2226194843683207,0.9660558784565534,0.37896032796311396,0.0001904511181415052
2021-02-19,-0.000883147340852819,1.221539731221826,0.9809890536742514,0.3857869473990861,0.00020189704174823536
2021-02-22,-0.018483248544725384,1.1989617087623958,0.9216502444136438,0.40785822486877243,0.00018341447284299606
2021-02-23,-0.007081550309135487,1.1904712011030678,1.0094350637070495,0.3546551065570369,0.0001970993053289373
2021-02-24,-0.010552149651263942,1.1779091708335083,1.0236090193786926,0.3257481006365969,0.00019996147205379326
2021-02-25,-0.004545178032084096,1.1725553639464454,0.9560957754751351,0.34898794073227335,0.00018105042270489852
2021-02-26,0.005499499105883432,1.1790038311220676,1.004745798766595,0.33373350570342525,0.00018129471372217078
2021-03-01,0.014843018028505739,1.1965038062430897,0.9840192470038129,0.26144058916602664,0.00017261818381785157
2021-03-02,-0.01245818562907497,1.1815975397190186,1.0012385060747515,0.36318657623273587,0.00018588368003432916
2021-03-03,-0.03241887208611871,1.1432914802215952,1.0032231583423272,0.29357307256266163,0.00019296518069423225
2021-03-04,-0.009016129056481637,1.1329834166867414,0.9731197089935166,0.3577198322309503,0.00019879933331738784
2021-03-05,-0.0013523230517229479,1.131451257095136,1.0032319160878116,0.30637701504863485,0.00020926361904790322
2021-03-08,-0.02186826150480292,1.1067083851250417,0.99947679933364,0.3365984055757406,0.00021253172162580278
2021-03-09,0.035599725673958194,1.1461069000365625,0.9872913556939628,0.34942718819136487,0.0002068714470425265
2021-03-10,-0.008187040349488472,1.136723676601136,1.006215753130184,0.3941167447803759,0.0002210222064793201
2021-03-11,0.021656919730173252,1.1613416100206742,1.0057084220203276,0.36544385690248227,0.00023253993711894056
2021-03-12,-0.010895575935428559,1.148688124321721,1.0140783878062458,0.37722376664572266,0.00024669342362451825
2021-03-15,0.003981285781585964,1.1532613800185598,1.011328235631927,0.35237679889034523,0.0002536918835927751
2021-03-16,-0.003477712484960982,1.149250668518846,0.9972890970226956,0.3304163745032095,0.0002493397526224013
2021-03-17,0.0023275365459038966,1.151925591450228,1.0074118889367931,0.27542732085946003,0.00025633717943627344
2021-03-18,-0.012082963086324838,1.138006917050542,0.996506293597736,0.27343541461336723,0.0002502327903300436
2021-03-19,0.002907477632741573,1.1413156467077716,1.0010312232795582,0.2627943583004887,0.00025460259663921946
2021-03-22,-0.005944747359505231,1.1345308135306436,1.0101649009880724,0.25614784133277596,0.0002560508994233497
2021-03-23,-0.0049952226427689705,1.1288635795219761,0.9908894487418569,0.24337976515921136,0.00025869138588427854
2021-03-24,-0.003408965015725629,1.125015323071859,0.9875299802088972,0.24406356290377318,0.00025530546939940183
2021-03-25,-0.006451733738924048,1.1177570237551897,1.0144663271658871,0.25906088726794024,0.0002609976611948008
2021-03-26,-0.02295904559088824,1.0920943892872588,1.0244380412369927,0.2626898007772934,0.0002571842348549197
2021-03-29,-0.0152659383979864,1.0754225436156128,1.0060258938948636,0.30455891353379116,0.00024703052694060825
2021-03-30,0.011255412723625513,1.0875268681962977,0.9979512477673632,0.28838465206610264,0.00023937833290572146
2021-03-31,0.01164179988819214,1.1001876383688713,0.9973152000707485,0.25491083333677106,0.00023261902911864322
2021-04-01,-0.00044704695469222067,1.0996958028355486,1.0070967016792556,0.25688775275609055,0.00023290492600908626
2021-04-05,-0.009731973496042157,1.0889935924286442,1.0092506957317247,0.35865537261018665,0.0002214617898569951
2021-04-06,0.010375528549222635,1.100292476536808,0.999752377028003,0.3199058955584423,0.00021965833665736303
2021-04-07,-0.001749692903211586,1.0983673025991545,0.9976028778264366,0.4006749623728863,0.0002121858020435695
2021-04-08,-0.004968632039798804,1.092909919627993,1.0000178032222,0.36262033282194334,0.00020696184263904038
2021-04-09,-0.0029197296630820713,1.0897189181165785,1.0063376868983454,0.26295143589434194,0.00021012159808575753
2021-04-12,-0.005195300439378103,1.0840575009424889,1.0033184746938717,0.4540218106505396,0.0002298182610720816
2021-04-13,0.0015416519381465932,1.0857287402898792,1.0057328836881474,0.29274694083770536,0.00023092607620243158
2021-04-14,0.007918078350043212,1.094325625522388,0.9933421117715558,0.32905495334986057,0.00023449682136702623
2021-04-15,-0.01214981550482841,1.0810297710700851,1.0081733736014733,0.337969451655569,0.0002443059712102284
2021-04-16,-0.004369718364295672,1.0763059754270898,1.0014456342500195,0.3007328899656973,0.00023920983842127454
2021-04-19,-0.0029909302547930228,1.0730868193217704,0.9972702512033459,0.27603769866647004,0.00023804981145085057
2021-04-20,-0.008872300638804287,1.0635660704492094,0.9980044962568208,0.28227519521223093,0.00023720799560425035
2021-04-21,0.011600751909359941,1.0759042365717035,1.0105256103954023,0.2640339688772949,0.00024382321965822054
2021-04-22,0.0010343822918565948,1.0770171328617468,0.9906190944390751,0.3406602610785349,0.0002476502038685559
2021-04-23,0.002454526197094742,1.0796606996290758,1.0097168721295195,0.25896257318518084,0.00025108433591943745
2021-04-26,0.008977441627438854,1.0893532905374357,0.997581136124462,0.28212700989258177,0.00024735620770507927
2021-04-27,-0.0011001669597499042,1.0881548200396916,1.000678943345004,0.2973230068290891,0.000247564739251226
2021-04-28,0.0020601930617829556,1.090396629050083,1.0020249719272907,0.319028134263166,0.00024568113497757944
2021-04-29,-0.002267850708915664,1.0879237722818926,0.9971862031239438,0.35837747916380736,0.00023837232608430614
2021-04-30,0.006613283626340172,1.0951185207518308,0.9902501958090361,0.3220341527437197,0.00023428963595285073
2021-05-03,-0.003170679344316918,1.091646251078504,0.9944186106655248,0.3609374339974735,0.00024282402809506243
2021-05-04,-0.0020792869214097953,1.0893764053058306,0.9993625993769293,0.3427277581191137,0.00024802121657074047
2021-05-05,-0.004959088762488184,1.0839740910161586,1.0009349693833247,0.30136537293087673,0.00025103825446273564
2021-05-06,-0.011480147250427786,1.0715299088356445,1.0070985998867412,0.3201257896149594,0.00025499704888559183
2021-05-07,0.00064472614885136,1.0722207521871472,1.0194926459162272,0.24106628821637013,0.0002593579157381351
2021-05-10,-0.016130622111033666,1.054925164414008,0.9913572185351901,0.3265906533478413,0.00024499229042409013
2021-05-11,0.012852287129134554,1.0684833655268065,1.0010540486170967,0.2819734342632559,0.00024425038478087226
2021-05-12,-0.007502457965708809,1.0604671139898825,0.9840566421889146,0.2737960363753953,0.00023719948361800112
2021-05-13,-0.00818077755056934,1.051791668430637,1.0099207378964625,0.25077074192457827,0.000249480438067421
2021-05-14,0.006847198369216656,1.0589934946274708,1.0143225070631152,0.25452358487752225,0.00024908133996746044
2021-05-17,-0.010919262346769987,1.0474300668361107,1.0167084383412255,0.2764888093468302,0.00025026649259759137
2021-05-18,0.0047739348840893925,1.0524304297708238,0.9875607205296858,0.23268858022264713,0.00024153970874002154
2021-05-19,-0.0022992437771089946,1.050010635654333,1.0107047023186602,0.29640056178015595,0.00024123532975213263
2021-05-20,0.0007286546487568213,1.0507757307852468,1.0084925697779457,0.3256372573871853,0.0002335228987658553
2021-05-21,-0.000980279106933546,1.0497456772902851,0.9934553115591662,0.3492884466533995,0.00022094144465429242
2021-05-24,8.198887959087742e-05,1.0498317447622214,1.005122911965031,0.2998945004726435,0.0002183686371275177
2021-05-25,0.0004063135346965563,1.0502583056092725,0.9913209146720271,0.46898545213006637,0.00020300161441026205
2021-05-26,0.0025622660841824185,1.052949346845366,0.9706931404552571,0.40267627275077855,0.00019158680373252592
2021-05-27,0.0017752756939588554,1.0548186222277902,1.0076574867920014,0.3161497665240929,0.0001936146665813287
2021-05-28,-0.0022666916810606397,1.0524276736317586,0.9946150103231103,0.4044386036161202,0.00018729827850338991
2021-06-01,0.012679695468469365,1.0657721360359989,0.9958126538600276,0.30780815759678165,0.0001882168361681745
2021-06-02,-0.0019559682528741407,1.0636875195731146,0.923616488623375,0.4306563278702608,0.00017932638998329517
2021-06-03,-0.003855281017184131,1.0595867052706887,0.9766326525079961,0.45748161652523595,0.0002038684160253971
2021-06-04,0.0007486823150175681,1.0603799990981526,0.9999353079501737,0.38857968339734095,0.00021574546325312527
2021-06-07,-0.0035338706670388076,1.056632753323425,1.0063555519213336,0.43738646854729607,0.00023022000772937056
2021-06-08,-0.002474611622341194,1.0540179976315045,1.0043035692762372,0.32952542753426356,0.0002395096800133541
2021-06-09,-0.0023398444234505877,1.0515517594975299,0.9930113748108252,0.37191826983856513,0.00024906476884329124
2021-06-10,-0.003771981859975182,1.0475853253358802,1.0031578074006875,0.3069503064871695,0.0002592324142529933
2021-06-11,0.0030392624680239955,1.0507692120972263,0.9966072801200484,0.284342372413555,0.00025711692731336444
2021-06-14,-0.0046265415626070006,1.0459077846647507,1.0052400234952181,0.3015430992826146,0.00025338033076314153
2021-06-15,0.0011226341127119621,1.0470819564225662,0.9935611679135278,0.3853045702621324,0.00023813623263103443
2021-06-16,-0.0008978689370059412,1.046141814059395,0.9945621970510499,0.3671905230304166,0.00022908570053765224
2021-06-17,-0.025465126312171016,1.0195016806239288,1.0178176394006382,0.47543581087412257,0.00020852793676808833
2021-06-18,-0.009740026014892433,1.009571707732425,1.0012648931546388,0.42121890811803586,0.00018422529196122719
2021-06-21,0.012709805669597563,1.022403167947228,1.0043513589442283,0.3699029994305529,0.00016995854288549115
2021-06-22,-0.004512302881718222,1.017789775186222,1.0127924876559147,0.34810006180354913,0.00018149589923776815
2021-06-23,-0.0021684986319070454,1.0155826994511616,1.0043867569251579,0.33114080974140875,0.00017064566596083317
2021-06-24,-0.0004954979310602958,1.015079480324763,1.003280156433245,0.2530942300508136,0.00016730454408182125
2021-06-25,0.00022532435440059118,1.0153082024533324,0.9996290352627967,0.421062843642712,0.0001855770189773049
2021-06-28,-0.008234907646880285,1.0069472331730092,1.0027285188883424,0.5143339299819758,0.00021061154006560867
2021-06-29,-0.0006533097017603628,1.0062893847764165,0.9985594974082804,0.40602835404353504,0.0002012459403220753
2021-06-30,0.005136810065446085,1.0114585022168876,1.0003188667390865,0.3640045112398257,0.0002048685253854009
2021-07-01,0.00019248035276531184,1.0116531881062019,1.0012274757562265,0.4016001412795325,0.00021254125028676244
2021-07-02,-0.0048374352546829424,1.0067593813085445,1.0027890494516314,0.38163129329734646,0.00022780679380399516
2021-07-06,-0.009795366810676831,0.9968978038785372,0.9985450569019082,0.366798061776021,0.00022474229611990236
2021-07-07,-0.007471320630139333,0.989449660750279,0.9996851166690859,0.36744143114214595,0.0002366488446602839
2021-07-08,0.0008581450493347909,0.9902987520782177,1.0068157633960546,0.3558227390381268,0.00024911122830632756
2021-07-09,0.004138782182854461,0.994397382909022,1.0068043462185279,0.3006836548660046,0.0002536079605657394
2021-07-12,0.0024664407894294804,0.9968500051751308,1.0001416626896624,0.22937631007638368,0.00024505476379941963
2021-07-13,-0.004352121198989645,0.9925115931353952,0.9987168172907125,0.22491881490759186,0.00024374418256100007
2021-07-14,-0.01265594536635295,0.9799504206372017,1.0006802173714353,0.27105644335550555,0.0002413770196319837
2021-07-15,-0.007191995390058881,0.9729026217294927,1.0012189336381219,0.30488711798914264,0.0002351905692311316
2021-07-16,-0.010085223091221618,0.9630906817433164,0.9888018177681885,0.2815737469712391,0.0002318328064756741
2021-07-19,-0.005783568665570615,0.9575205806542827,0.9975131337320611,0.26412829514774067,0.00023304654004236848
2021-07-20,0.007957710810587493,0.9651402525303152,1.0122026728012443,0.22589368876132082,0.00023544373518124087
2021-07-21,0.014647800427486146,0.9792774343339128,1.0064553925980735,0.347731828639563,0.00023182022678611388
2021-07-22,-0.006718396396879989,0.9726982603475379,1.0045289999549876,0.3387294006962509,0.00022654467224574786
2021-07-23,-0.01048106760282419,0.9625033441236859,1.013958488488775,0.31831489973316296,0.0002247217413450252
2021-07-26,0.01295064970982529,0.9749683877779672,0.9943596809430826,0.3915131724080588,0.0002116953910281286
2021-07-27,-0.006642057996493089,0.9684925912015986,1.0017110592505827,0.4012490544989945,0.00021494935329856803
2021-07-28,0.0032603910708555173,0.971650255798142,0.9988616191987946,0.4036316445378039,0.00022021426702919058
2021-07-29,-0.003922746983919478,0.9678387176877853,1.0054770689724148,0.37791913690523976,0.00022490964699167963
2021-07-30,0.0008401002608713348,0.9686517992469961,1.002446315118944,0.3827628384290088,0.0002299494030786563
2021-08-02,-0.0008175935595666761,0.9678598357744691,0.9951059343105964,0.3214166899993161,0.00022759840876349546
2021-08-03,-0.007370406318141787,0.9607263155258012,1.0129780637390013,0.3823395483391133,0.00022310563432482558
2021-08-04,-0.007522267345730471,0.9534994753343375,1.0051674809771018,0.4708238274471139,0.00020543739434916537
2021-08-05,0.01992976638259436,0.9725024971236772,0.9822129853147594,0.34532519799408634,0.00019287608368369244
2021-08-06,0.0045925369490369405,0.9769687507747483,1.002221585408131,0.432864105772335,0.00018794239078557173
2021-08-09,-0.007603504677629491,0.9695403643083347,1.0080106703331573,0.4022017722590678,0.0001840234944087015
2021-08-10,0.007016338031062608,0.9763429872390816,0.9949920842178341,0.356795018251821,0.00018825034009036738
2021-08-11,0.00242262936910298,0.9787083044342848,0.9405523244790822,0.4194259085917482,0.00018536989793649212
2021-08-12,-0.0030042168487757204,0.9757680524560666,1.0021307181016803,0.5289305857259814,0.0002192293881318437
2021-08-13,-0.0031460120761968025,0.9726982743794728,1.0008272275551666,0.45435705422513295,0.0002355192910262208
2021-08-16,-0.004794521771008142,0.9680346513263384,1.0056190280444086,0.4018525512804314,0.00025421115260074233
2021-08-17,0.0037213155657631614,0.9716370137425172,0.9975353402283583,0.27651046553040387,0.00025865721157756756
2021-08-18,0.00237949762671108,0.9739490217107423,0.9908413565682644,0.2819893982924719,0.00026575799216504433
2021-08-19,-0.004162273089142854,0.9698951799074786,1.0099415171690658,0.27476384495691447,0.00026515822772339313
2021-08-20,-0.0022138193348674173,0.9677480072054048,1.0096390586841208,0.2852234198941904,0.00026212036820763844
2021-08-23,0.009705217175662417,0.9771402117866478,1.0019740103559098,0.2995752176712215,0.0002543697444912014
2021-08-24,0.008526365936212699,0.9854716668033291,0.9969457877110182,0.3234607679404076,0.0002471076622889377
2021-08-25,0.0017804413549795672,0.9872262413130664,1.0045169414838937,0.40429926260463434,0.00023192632098016175
2021-08-26,-0.004367382523741359,0.9829146466797768,0.995975010624994,0.30943600446426933,0.000229614329309439
2021-08-27,0.00010807393759182382,0.9830208741359601,1.0090550763734278,0.37308303872640475,0.00022528709126169537
2021-08-30,-0.0008342469441380285,0.9822007919756882,0.993558753223035,0.40649506758138154,0.0002135545916714855
2021-08-31,-0.00495953339087718,0.9773295343513387,1.0034798983651616,0.393903830261783,0.00021082337108140468
2021-09-01,0.0022996905775414245,0.9795770898726395,0.9918660287954907,0.4008406566802633,0.0002181675553873078
2021-09-02,-0.005173483409976698,0.9745092640493901,1.0020189951406633,0.3421539246850243,0.00022726365258392837
2021-09-03,0.00101127631637965,0.9754947621882157,1.00483917309279,0.3465382030404234,0.00023923961598975967
2021-09-07,0.0015151646799893559,0.976972797397398,0.9995684471706526,0.3625149595382392,0.00025011840762780306
2021-09-08,-0.0057417734806235465,0.971363240898011,0.9997500064507714,0.27027883891163756,0.00025286849382280904
2021-09-09,0.009020998494932542,0.9801259072321846,0.9934293430430178,0.2221880140734993,0.00025653008232642995
2021-09-10,0.004509367211073201,0.9845456548609808,0.985336626586823,0.327343285150078,0.0002445151088442414
2021-09-13,-0.002245370886814979,0.9823349847108157,0.9965533102591903,0.4241388710118703,0.00022930057172884254
2021-09-14,-0.0024543940296001265,0.9799239475892741,0.9931281088510872,0.43181708413153025,0.00021350215299061954
2021-09-15,0.00427887489760459,0.9841169195701754,1.007176139029789,0.421777945521736,0.00020491359524629817
2021-09-16,0.0018923374447856744,0.9859792008671252,1.0011625297707119,0.5114496276295925,0.00017812413687082372
2021-09-17,-0.0027224651987357573,0.9832949068060871,0.996689981817808,0.34447739782001335,0.00017480750208763232
2021-09-20,0.0006227415178430284,0.9839072453688389,0.997585907720183,0.4753511483129722,0.00019231796859697182
2021-09-21,-0.006046302968297446,0.9779582440706359,0.9799329361408636,0.28713577481850777,0.00018887148059439982
2021-09-22,-0.0034953404077323613,0.9745399471030608,1.0027894743329984,0.37857489171783115,0.0002007994542343728
2021-09-23,-0.003262753186047851,0.9713602637857194,1.018618592627216,0.38271107372688495,0.00020864969309783925
2021-09-24,-0.010614355487179039,0.9610499006397778,1.015206202552081,0.3517827657468179,0.00020587718762254243
2021-09-27,0.0010558450070727865,0.9620646203789162,0.9980871448457028,0.36549909607995085,0.00018960948692312444
2021-09-28,-0.006969555123223836,0.9553594579750819,0.9918909363477388,0.42450528370006996,0.0001784809492427905
2021-09-29,0.0004997496581820027,0.955836898537646,0.9909905314151577,0.3401979130347725,0.000173287991688009
2021-09-30,0.003562180800645187,0.9592417623861651,0.9875731938178482,0.36850875843913206,0.0001774416764562192
2021-10-01,-0.02094941329103661,0.939146210259915,1.0234521649464858,0.3591536572976589,0.00018724024498656416
2021-10-04,-0.019499992700888202,0.9208328660147798,1.0039519458375603,0.3355256595480908,0.00017724084307290194
2021-10-05,0.003370357248768663,0.9239364017396572,0.997895554401142,0.39449603155397206,0.00019452406451703398
2021-10-06,-0.00542899510892747,0.9189203555336526,1.0134925107968327,0.40167545138259575,0.00021261525661512253
2021-10-07,0.005684098164653761,0.9241435890400045,0.9998071364123476,0.37795272220028053,0.00021119058251803206
2021-10-08,-0.01181636860604851,0.9132235677469912,1.007208599326358,0.3681790465833905,0.00022200743001939594
2021-10-11,0.003418524852654148,0.9163454452093638,0.9881753755470546,0.3330507382668056,0.00022604969716575116
2021-10-12,0.0011559264892966326,0.9174046731828277,0.9990108688519737,0.31896226125039134,0.0002300587939892327
2021-10-13,0.0007526261055414984,0.9180951358892109,1.0026982777774103,0.32490907899048727,0.00023126466863527842
2021-10-14,-0.0004611650450013771,0.917671742504553,1.0042756829846993,0.33252219639465314,0.0002310552002481037
2021-10-15,-0.0051158726045900105,0.9129770507770676,1.0001814403905642,0.3268560831221786,0.0002307545465448786
2021-10-18,0.0004172752137838742,0.9133580134711103,1.0065225456276399,0.30690400995287437,0.00023224551783925578
2021-10-19,-0.0042807524680577025,0.9094481539007236,1.0025936658041268,0.28969252287585795,0.0002316667306020895
2021-10-20,0.000556428467020087,0.9099541967428328,1.0024367767174651,0.3068669785221079,0.00023509597430578942
2021-10-21,-0.004037008980386503,0.9062807034788416,1.0076408830684673,0.31207019318941726,0.00024307115780366817
2021-10-22,-0.0017425317709598431,0.9047014805596219,1.001139403649194,0.3101974443701798,0.00024322501572216363
2021-10-25,0.002124616877310803,0.9066236245941469,1.0024888099872407,0.2904515672266602,0.00024231350846215513
2021-10-26,-0.0017889124081258423,0.9050017543426104,0.9999913990700235,0.2606031869578944,0.0002453251256128109
2021-10-27,-0.004030881256297469,0.9013537997341144,0.9885064327871136,0.33069484265713,0.0002377890517438881
2021-10-28,-0.0020240210415681803,0.8995294406775551,1.0113320332564881,0.3074787234840464,0.00023775167151307358
2021-10-29,-0.005323198093199921,0.8947410672741631,1.011871252383952,0.3424102875571574,0.00023064542112787855
2021-11-01,0.0015549406933921261,0.8961323365697169,1.0040145089424,0.3470912503447147,0.00022661422638802685
2021-11-02,-0.0031525774450571475,0.8933072099776609,1.0046048045720988,0.411743817437902,0.00021347601391140394
2021-11-03,-0.0024778256031673385,0.8910937505012843,1.0101719851638633,0.39725577119780453,0.00021190682988580516
2021-11-04,-0.011863487945570461,0.8805222705338391,1.0111106997148163,0.36183387627641267,0.00021006937831971663
2021-11-05,0.002013297324451102,0.8822950236652246,1.0001675728287514,0.3382967001813328,0.00020362949468394882
2021-11-08,0.009342360576950925,0.8905377419115547,0.9933490798978312,0.4470809484551851,0.00019396269984666705
2021-11-09,-0.003451545729403316,0.8874640101715874,0.9479794468368413,0.38973696427267207,0.0001858127705435
2021-11-10,0.0005300562682133414,0.8879344160329925,0.9172856198249512,0.4070099551096331,0.0001831014923766135
2021-11-11,-0.0035726140174299204,0.8847621690917146,0.9843885791157475,0.38370105462044773,0.0001997248931256569
2021-11-12,-0.0007506413360198749,0.8840980300350477,1.0019663987219305,0.349200216011185,0.00020405883872883868
2021-11-15,0.0018889362026091039,0.8857680348106364,0.9975025696387492,0.3818021909587698,0.00020646096397206507
2021-11-16,-0.003511466209027314,0.8826576902873623,1.0091751004414211,0.3613850272046712,0.0002185235031716058
2021-11-17,0.0013056932035739877,0.8838101704346528,0.9909619401590981,0.3152615529703916,0.0002189187124665102
2021-11-18,-0.0007463699074865549,0.8831505211195099,0.9942082488534612,0.34350370399299385,0.00022753167438225563
2021-11-19,-0.008088309457585319,0.8760073264070676,0.9986160541997865,0.3453053039008201,0.00023577751322349086
2021-11-22,0.00834971181243227,0.8833217351281458,0.9876649910362709,0.31838258171725664,0.00024233425625144931
2021-11-23,0.004805307375240098,0.8875663675766671,1.0089595168484782,0.28173445695323596,0.00024953081479038125
2021-11-24,0.001848691523200996,0.8892072039966844,1.009027148874623,0.2929391341462936,0.00024916351038378797
2021-11-26,-0.00893413370828744,0.8812629079418056,0.9928301485090144,0.33217051042139256,0.0002390388094029594
2021-11-29,-0.012142594219061498,0.8705620900503581,1.0061303527868928,0.30748962926519124,0.00024471220010742364
2021-11-30,0.000376551434244643,0.8708899014539655,0.9856681348721521,0.3224306469582894,0.00023251011961725282
2021-12-01,-0.019002441477814158,0.8543408670679672,0.9846741409240979,0.3271711323050236,0.00022479061532974047
2021-12-02,0.013823651634963241,0.8661509775918272,1.0134498353787758,0.27936467718991637,0.0002357647984604272
2021-12-03,-0.008428958110599183,0.8588502272842512,0.9872284727083747,0.36937308302488797,0.00024121136985115637
2021-12-06,0.011930181428748687,0.8690964663158744,0.9986882875162953,0.3792306055202292,0.00023230033044263832
2021-12-07,-0.0004903660978679003,0.8686702908730164,1.0137705942869577,0.3825977463913998,0.00022941058883021564
2021-12-08,0.007490070962091089,0.8751766929943156,0.9996380713433306,0.3766858616473959,0.00023088381306597745
2021-12-09,-0.013019346750816507,0.8637824641599897,0.9994431700039884,0.4221635913489703,0.00021869935228004171
2021-12-10,-0.0065028196782161984,0.858165442554352,1.000409709216035,0.3710564933230572,0.00021931890121802344
2021-12-13,-0.0063655257849780655,0.8527027683019952,0.9933190390070584,0.3451838085739582,0.00021502032836085187
2021-12-14,-0.0004536109305275371,0.8523159730058023,1.0014654495154236,0.41996704406181573,0.00023286557664736984
2021-12-15,0.00022171088568456732,0.8525049407350604,1.0151189269190275,0.28667302790348764,0.00023824922969177352
2021-12-16,-0.008798464358753866,0.8450042063983414,0.9934134253333261,0.3995530060495153,0.0002474985544463496
2021-12-17,0.009098673306016547,0.8526926236145697,0.9947056611179645,0.32316053051852855,0.0002569428659307775
2021-12-20,-0.002764390785683579,0.8503354479828292,1.0011937673448073,0.31500989491498804,0.0002662897034509914
2021-12-21,0.009690084568612312,0.8585752703854718,1.0060796010911848,0.20662575351904025,0.00026607299810370305
2021-12-22,-0.0008683913334214255,0.857829691061579,1.012734165981762,0.35010031764699884,0.00025878573840264506
2021-12-23,8.39211847196708e-05,0.8579016811455406,1.0040967075195282,0.40224476717137264,0.00024168237826344068
2021-12-27,0.0043295256647273295,0.8616159884918729,1.0083986460816179,0.49183639226310294,0.000220772222726896
2021-12-28,-0.001784743036092662,0.8600782253566259,0.9682413220975566,0.45328875689010767,0.00019748415103569618
2021-12-29,-0.0004326043397008261,0.8597061517838545,1.0017399169018468,0.4958943405944918,0.0001864290189877391
2021-12-30,0.004111127017289995,0.8632405129713834,0.9993199645231862,0.4524746161006089,0.0002081966716345164
2021-12-31,-0.00044313424502229193,0.8628579815383951,0.9972568388603764,0.46515439981971707,0.00022532322313215746
2022-01-03,-0.007924182312353367,0.8560205375830157,1.0056566233817268,0.44715302752275893,0.00024737492476016354
2022-01-04,-0.006478359359909258,0.8504749289210902,0.9997827553671967,0.28863034985734687,0.00024666661447684044
2022-01-05,-0.009927713287481987,0.84203165766857,0.9798241773576933,0.27100071372444284,0.0002419029934396376
2022-01-06,0.003638894660823011,0.8450957221719042,0.9976629416910231,0.32307675025974003,0.00023851504200956563
2022-01-07,-0.012349292444942761,0.8346593879548333,1.0095468382401682,0.4163946602990884,0.00022296874846523996
2022-01-10,0.015688622473427394,0.8477540439863586,0.9867613537699716,0.5175631155166489,0.00018993034219864094
2022-01-11,-0.0027104713957415427,0.8454562308995093,1.0155136742914253,0.3104531080826638,0.0001906220873192504
2022-01-12,-0.0034945312315620702,0.8425017576957122,1.00071183811118,0.39359037415521203,0.00017714367676752217
2022-01-13,-0.02159799909164606,0.82430540549829,1.001249878929489,0.34121807292512063,0.00017213136164765628
2022-01-14,-0.015869376167751637,0.8112241929413266,1.0275473663970152,0.35414487211244444,0.00018660797864199585
2022-01-18,-0.004378022653419911,0.8076726350476272,0.9859478069690719,0.32436693113862386,0.00017427523750615382
2022-01-19,0.001473088834799352,0.8088624085884889,0.9788595512625452,0.34573469100608467,0.00016602777862805278
2022-01-20,0.0007364576856712102,0.8094581015259444,0.9852535999789832,0.2962344161878756,0.0001708417546848899
2022-01-21,-0.008710761947450907,0.8024071046971164,0.9830600863997834,0.3965769747181244,0.00017534785674739472
2022-01-24,0.009199845065928303,0.8097891257401301,1.0355218967466597,0.37001961514533027,0.00018534611702583498
2022-01-25,-0.02520288500911594,0.789380103522469,1.0265117564975332,0.4300152549174871,0.00019318888400802925
2022-01-26,0.0007606198308045542,0.7899805216832508,0.9823370665527245,0.37990604592661864,0.0001899369817261412
2022-01-27,-0.004317882374681892,0.7865694787123327,0.9785143457208348,0.41519225110225455,0.00017504902342223693
2022-01-28,0.005107162466051474,0.790586616830954,1.0145620970887248,0.35261428593545885,0.00017434986764992136
2022-01-31,0.022873335388698512,0.8086699696715449,1.0122262478271293,0.3431743929500485,0.00017661124020140425
2022-02-01,-0.006238155395104861,0.8036253607373791,1.0237144754602447,0.41652720418791256,0.0001859905291181604
2022-02-02,-0.0008819091352834096,0.8029166361903994,1.0050844295443586,0.4009776179032728,0.0001826831791184113
2022-02-03,-0.006610254651798098,0.7976091527610157,0.9612730273979713,0.48868436164624784,0.00019598360129880957
2022-02-04,0.004978791035920471,0.8015802820609503,0.9983803977907447,0.41978423223032507,0.00021523477193273764
2022-02-07,-0.0018325326330201896,0.8001113600360881,0.9953870358934189,0.437736997310868,0.00020737974985250154
2022-02-08,0.0005115912703865799,0.8005206900232197,1.0124078621341717,0.43591829756606953,0.00021798939117566576
2022-02-09,0.005061842322131804,0.8045727995317213,1.0104963317516398,0.38752902727380634,0.00022140450064878938
2022-02-10,-0.007723554765898255,0.798358637451386,1.00263639951474,0.45150689146258083,0.00020517108794383053
2022-02-11,0.003088416472818878,0.8008243014185081,0.9731618945468596,0.5241722852778474,0.0001751342132626479
2022-02-14,0.000384642850428385,0.801132332760498,0.990297318720535,0.3908895695385871,0.00018758633660533042
2022-02-15,-0.0076575697559624345,0.7949976060386276,1.021138835476526,0.41711810184884707,0.00018440544847968542
2022-02-16,-0.007120365872331225,0.7893369322160051,1.0149599307858586,0.4342761711514697,0.00016681830637261215
2022-02-17,-0.0005028073071327022,0.7889400478386972,0.9844861385526599,0.3512363871016322,0.00016968482788065587
2022-02-18,0.0020402976639442016,0.7905497203752945,0.9849240025536858,0.4344550127567461,0.0001829489211025648
2022-02-22,-4.9141533404961635e-05,0.7905108715498024,0.954562247056497,0.38054070784319866,0.0001802189367591636
2022-02-23,0.0037205875614081396,0.7934520364656485,0.8791750491388571,0.4199196924271632,0.0001765297471965505
2022-02-24,0.013488076314518871,0.8041541780854077,1.048952050361627,0.4955132328887465,0.0002335798450327531
2022-02-25,0.006979110769628871,0.8097664591701256,1.026626076783164,0.47889725391049975,0.00021894925949413253
2022-02-28,0.003038602616722841,0.8122270176518943,1.013668343466967,0.3980445372794077,0.0002139251773836971
2022-03-01,-0.0035594694607035127,0.8093359203874041,0.8906451075056399,0.47715853857693696,0.00017677822385073243
2022-03-02,0.009325797853697804,0.8168836235766735,0.9697611723493053,0.44996865862052465,0.0001839570922413801
2022-03-03,-0.0005835035508654496,0.8164069690816728,0.9777235903054322,0.42978722223414345,0.00018022350421492537
2022-03-04,-0.022948790395797225,0.7976714166705493,1.0002201501786463,0.47092658217865746,0.00020691691251759336
2022-03-07,-0.02358772602530168,0.7788561618359101,0.9714260737139144,0.4212525380604172,0.0002188658020085309
2022-03-08,0.0191083614115235,0.7937388268638628,0.9812076565019738,0.42405993758610594,0.0002423864051465593
2022-03-09,0.013031140070983271,0.8040821486965036,1.0169127937641123,0.3789330624873933,0.0002620817464159898
2022-03-10,-0.010856150781307528,0.7953529116496967,1.0186925901122441,0.31790152257057563,0.00027042133548831
2022-03-11,-0.004540362538872689,0.7917417210844591,0.9934350324643475,0.23497094739916446,0.00026210267745392494
2022-03-14,-0.0012970982928266483,0.7907147542496807,0.9891942369182767,0.334415806311595,0.0002523598511084105
2022-03-15,0.013498058434492366,0.8013878682075581,1.010195732127535,0.3884994460915551,0.0002453241439671814
2022-03-16,0.010817845707648877,0.8100571585178091,1.0132204580662698,0.4789980375613309,0.00022424550400063775
2022-03-17,-0.00039418217921338705,0.8097378484217772,0.9140028862551749,0.4689257078312752,0.00018699599172854813
2022-03-18,1.5707429345201973e-05,0.8097505673218195,1.023234681817682,0.3968415233250818,0.00020819748153306296
2022-03-21,0.012257690356545003,0.8196762390420871,0.9912346644900795,0.4469610220953361,0.00019372779162693532
2022-03-22,-0.006693093358476565,0.8141900694504535,1.0179667367632659,0.4128253109137049,0.00019350633574117615
2022-03-23,0.0022280249937418617,0.8160041052748455,0.9754346309164041,0.3868910982745759,0.00018905139218499818
2022-03-24,0.0035908866965370656,0.8189342835607964,0.9971561140666405,0.47178253620185145,0.00020755278150496695
2022-03-25,0.00042210724692637314,0.8192799616566439,0.9857579725900347,0.42901831606811835,0.00020131029493417822
2022-03-28,-0.001239944117031766,0.8182641002879857,1.0104953315542662,0.5900034669945349,0.00023919307857470833
2022-03-29,0.008144236224032264,0.8249282364143762,1.0157537241548213,0.3207743936074666,0.00024137532553633535
2022-03-30,-0.009704559410374847,0.8169226713347971,0.9951583032747229,0.34927316134558806,0.00023807868031538014
2022-03-31,-0.001593146506617571,0.8156211938347834,0.9880026921961743,0.38359276492344097,0.0002427980788559793
2022-04-01,-0.0055901341063590015,0.8110617619812583,1.0092220694676588,0.3310632290838675,0.00024400884123169193
2022-04-04,0.005981863987193137,0.8159134231266434,1.0031936931134051,0.5188936279135301,0.00021594954927444245
2022-04-05,-0.007053109067036378,0.8101586967640722,0.9714537220785667,0.4145787518229759,0.00019741141853899286
2022-04-06,-0.005193379501360562,0.8059512351954486,1.0006984239596444,0.4607730102970418,0.00021546717804747317
2022-04-07,0.0020920880440420397,0.807637356138682,1.0045736868522397,0.3979093338293485,0.0002083155812207842
2022-04-08,-0.0021308607208466723,0.8059163934197977,0.9989282875055835,0.48488969598560305,0.00022476476393938014
2022-04-11,0.005393753205040985,0.8102633075498008,0.9907873936576892,0.4451637134501877,0.0002419460936279622
2022-04-12,-0.00091309260018968,0.8095234621194719,0.9913004114279196,0.4347190728305401,0.00026070437077491885
2022-04-13,0.0014760398041875344,0.8107183509719839,1.0148868150534833,0.2900252758237529,0.0002702776053517175
2022-04-14,-0.004232563434999892,0.8072869341235764,0.9924387937545928,0.26056742127735055,0.0002637940563598865
2022-04-18,-0.0027768867581821066,0.8050451897261552,1.0070933617254625,0.2971442484707719,0.00026115709332291567
2022-04-19,0.0013230614013661768,0.8061103139430374,1.0194316866742488,0.37880456047930344,0.00024849586757566555
2022-04-20,-0.007107915326516667,0.8003805500876986,0.9942766604796722,0.4331386909480187,0.00022482937144361115
2022-04-21,-0.012072621543177564,0.7907178586159695,0.971573581878323,0.4067573858722591,0.0002125436109857658
2022-04-22,0.008126091438638516,0.7971433042372473,0.9644597812910122,0.2904065560941562,0.00021474582312090473
2022-04-25,0.0012830444357661008,0.7981660745182572,1.0134638810975152,0.46941940234768653,0.00020806064218490338
2022-04-26,-0.0012897435108990551,0.7971366450030275,0.976748404482495,0.44564792983572626,0.00019112953689364183
2022-04-27,-0.009021466333595018,0.7899453035968578,1.0039220705346334,0.387669914025752,0.00019581073065665837
2022-04-28,-0.001075083726352899,0.7890960462562518,1.012059639053057,0.37911761073867545,0.00018783005203513417
2022-04-29,-0.005680859911975533,0.7846133021603763,0.9798580320039587,0.4261509846886742,0.00016986642878872354
2022-05-02,0.0035989139865577613,0.7874370579475606,1.00687005949928,0.36045349092023743,0.00017041670314745015
2022-05-03,-0.0014048660413211733,0.7863308143651722,1.0017404653583575,0.3607738418672139,0.0001739370626746757
2022-05-04,0.0014185170028906402,0.7874462379952459,1.0309036210891123,0.38607533754811313,0.00018745228744064784
2022-05-05,-0.010734917671147093,0.7789930674599125,0.9712901745177962,0.35981485514519945,0.0001755585736976297
2022-05-06,-0.006072328427919049,0.7742627657112238,0.9925703948893589,0.3675821036861279,0.0001790199178842739
2022-05-09,0.00465587121075739,0.77786763343166,0.952944248490462,0.48071124292983547,0.00019260907748280294
2022-05-10,-0.0057119530392079065,0.7734244900387786,0.985629209129683,0.4702617068503894,0.00021943394678099177
2022-05-11,-0.008438106394527356,0.7668982519036983,0.9766624789025735,0.3617827224165759,0.00022167764431681584
2022-05-12,0.016901189524750615,0.7798597446053226,1.0136890035495882,0.3585191722811736,0.00023926174873360452
2022-05-13,0.007643612905425812,0.7858206906136099,1.0262380194768979,0.35796460398660473,0.00024845955237921895
2022-05-16,-0.006449467474441084,0.7807525656287546,0.9961437707487536,0.36695222934832616,0.00023466490263852405
2022-05-17,0.0027905287903666753,0.7829312781412944,1.0105852178897887,0.3948701146719262,0.00022596845897035505
2022-05-18,-0.005708595318561049,0.7784618403121419,0.9674486580548547,0.37076366965409474,0.00020874095037137717
2022-05-19,0.003491398548195246,0.7811797608512332,1.0130565806889913,0.5263468302328164,0.00018696428508697233
2022-05-20,-0.0022890071280335933,0.7793916348103691,0.9818065335237145,0.5121554384816519,0.00016101718175246375
2022-05-23,0.002231770450222381,0.7811310580300894,1.0124286927611708,0.3530413139518464,0.00016265535755104286
2022-05-24,0.008070973629723532,0.7874355462008082,0.9884458278844973,0.33010806388632424,0.00015774018046617796
2022-05-25,0.010109790462098367,0.7953963545753064,1.015452340645658,0.38359605366174715,0.00017337068184675666
2022-05-26,0.023212961478491057,0.8138598595141953,0.9801028055593808,0.5364161098242922,0.0001947304672228979
2022-05-27,-0.0001737492500119009,0.8137184519739898,1.0260461903035791,0.6064959618663923,0.0002379318509987674
2022-05-31,-0.0013913995877721241,0.8125862444553507,0.9905976326617946,0.4844866466463614,0.00025053774230264275
2022-06-01,-0.0087874622231362,0.8054456735291592,0.9825447078546414,0.3248416246460177,0.0002529834434474086
2022-06-02,0.00940793933369588,0.8130232575623093,1.0280003129324666,0.31187255286060744,0.00025561996546191723
2022-06-03,-0.011258308067925604,0.8038699912622844,0.9993883937570271,0.34547755206304437,0.00024208248016888094
2022-06-06,-0.0023740700176809737,0.8019615476179152,0.9946534235481085,0.3345651332125935,0.00023592136376570695
2022-06-07,-0.0012956794583300901,0.800922462514296,1.0255271265027066,0.39384446691208,0.00023035889504662867
2022-06-08,0.0019229767529753694,0.8024626177906468,0.9952021373381142,0.4266853429762859,0.00021270290506047326
2022-06-09,-0.009812695338782707,0.7945882966015051,0.980911985056993,0.44020079540389784,0.00019426713026556114
2022-06-10,0.0002814501108441281,0.794811933565659,0.9720344388825181,0.3415517299128407,0.0001908758509020962
2022-06-13,-0.004999298539158481,0.7908384314272785,0.9834163988978167,0.4561351397269402,0.00017465063618417797
2022-06-14,-0.0034368283717286507,0.7881204554686958,0.9950591050515403,0.4050590848960705,0.0001675831876890451
2022-06-15,-0.004067409178085124,0.7849148470946858,1.018597945804397,0.42165639933440024,0.00015965986268824125
2022-06-16,-0.012686677787603795,0.7749568853388893,0.9848823253282762,0.30192892174012975,0.00014453269720388293
2022-06-17,-0.009164369818972617,0.7678548938478845,1.0211195137588642,0.28101016814460117,0.00014688573012900736
2022-06-21,0.0062897328858388946,0.7726844960252719,1.0017859422179238,0.28787432389866663,0.0001381866881236732
2022-06-22,-0.011634310449935237,0.7636948447186621,1.0148603469041513,0.24046658669329196,0.0001422267991196268
2022-06-23,-0.026916649435515083,0.7431387383076598,1.0246732841031103,0.26696198610483474,0.00014548959549258653
2022-06-24,0.0008674376716117926,0.7437833648445018,1.0282614679920545,0.2267974017545502,0.00014524606439863505
2022-06-27,0.0186130817776633,0.7576274654392181,0.9861212340756158,0.241550221244172,0.0001372066454555131
2022-06-28,0.019567166437515437,0.7724520881531002,0.9661455581295881,0.40313560399426934,0.00015692625951885649
2022-06-29,-0.011752558176700068,0.7633738000483674,0.9975126600504953,0.3968300049567199,0.0001730907195869461
2022-06-30,-0.008135185127956301,0.7571636128631425,0.9107984506760892,0.485247602565627,0.00017846148233972625
2022-07-01,-0.007337020102126557,0.7516082882149668,1.022464652814933,0.6400212301188232,0.0002391281120917106
2022-07-05,0.010674318229652702,0.7596311942674179,1.0215268900117347,0.4716396226491538,0.00025704627653851087
2022-07-06,-0.01172283235683158,0.7507261651240011,1.0007325428802476,0.5020937466301943,0.00022662487057071136
2022-07-07,0.011375716775539724,0.7592662133544389,1.0173555009875965,0.3952953244455493,0.0002211929695433186
2022-07-08,-0.00433160619533679,0.7559773711207629,0.9422571575715252,0.5243328796008601,0.00017985464645341433
2022-07-11,-0.00045372491465989206,0.7556343653525663,0.9904495240387249,0.526922722244762,0.00015912966927375768
2022-07-12,-0.003683964263423989,0.7528506353543925,0.9950884828099362,0.3829888966550914,0.0001451601903707938
2022-07-13,0.00021340157934690573,0.7530112948689894,1.01971047452928,0.3045775112925342,0.00016171100084914913
2022-07-14,-0.0074971455888542815,0.747365859561305,1.0039921469094726,0.34696228677294594,0.00015105819853849064
2022-07-15,0.0024059513983749614,0.7491639854962142,1.0085098943084416,0.33159481463429474,0.00015853612790726359
2022-07-18,0.010339120696632564,0.7569096823638299,0.9818949773505486,0.44310147439272607,0.00017383667851070207
2022-07-19,-0.0031200140137080945,0.7545481135477434,1.0231976066405868,0.39978158421047116,0.00017528922372510167
2022-07-20,0.0009262742588851403,0.7552470320424131,1.0251982901168306,0.38537512320202355,0.00018544548915497476
2022-07-21,0.000452502499394436,0.7555887832120725,1.0137028489421986,0.4420392278715082,0.00017485476511532036
2022-07-22,-0.001783420187442153,0.7542412509226872,0.9807810043275758,0.39950072204627385,0.0001647547423047466
2022-07-25,-0.0003631783541397926,0.7539673268265528,0.9954332173387959,0.4356874227329737,0.00015615640406735766
2022-07-26,0.005492514614452437,0.7581085033879673,0.9802777687517576,0.46697767840460463,0.00017292338733082208
2022-07-27,-0.0047871801881219644,0.7544793013801017,1.0204934797126486,0.3622765292087078,0.0001802461354347616
2022-07-28,0.0015361481385356424,0.7556382933544803,1.0066725883579448,0.5361906278917027,0.00020833746200638818
2022-07-29,-0.005259135702535445,0.7516642890276968,1.0145655371018325,0.5465627515276144,0.00022808637786319303
2022-08-01,0.0018270662847379437,0.7530376295076209,1.0057685750082472,0.44175785460060546,0.00023953162234452365
2022-08-02,0.010778929239204205,0.7611545688305417,0.9992921737642348,0.3540557058923848,0.00023352684101566614
2022-08-03,0.010809274434429916,0.7693820974520512,1.0056897370042217,0.5498097381490206,0.00021029500707139947
2022-08-04,0.009599300010840972,0.7767676270284635,1.0022558389241643,0.5526775720892695,0.00017849328719045572
2022-08-05,-0.009724145839941745,0.7692142253394932,1.0358401751187185,0.5455370993353451,0.00015949704360027295
2022-08-08,0.0022666439169487518,0.7709577600841895,0.9953280474743199,0.46185367717488984,0.0001303178812428663
2022-08-09,0.00969542718896288,0.7784325249128516,0.982287943376793,0.2977070929027082,0.00012338891529362571
2022-08-10,-0.009587302685921006,0.7709694566759464,1.0170155159114427,0.37143323889416896,0.00014515307491736075
2022-08-11,0.009643481478766258,0.7784042863520954,0.973487462006362,0.3150960267280655,0.00014315491727414197
2022-08-12,-0.0008627951669437639,0.7777326828959025,0.9857588274696555,0.548666960866675,0.00017365183074716318
2022-08-15,-0.004729533631862792,0.7740543700155474,1.0147827287650104,0.5980105311346882,0.00022505347151529235
2022-08-16,-0.005921441685748374,0.7694708522019017,1.0056443306222689,0.4980149799529359,0.00024843119176298144
2022-08-17,-0.004990959759789804,0.7656304541422309,0.9963377058139589,0.26841814590002566,0.0002486909062665676
2022-08-18,-0.007283694303146682,0.7600538359650795,1.0043976874645613,0.3635172970008502,0.00026732208479844475
2022-08-19,-0.002328072406317938,0.758284375602253,0.9895822648912449,0.1994819976077685,0.0002726861188576369
2022-08-22,0.0016665130790884941,0.7595480664318626,0.9925201097380294,0.2146370380892548,0.0002776338967993542
2022-08-23,-0.001584845392590184,0.7583443001783272,0.9988272043736778,0.20645149220326925,0.00027935429688546483
2022-08-24,-0.0028826952898409752,0.7561582246361254,1.0113934286659962,0.20221179822877122,0.00028275932353497246
2022-08-25,-0.00025592249094341657,0.7559647067397292,1.0103584112438693,0.26133447321749587,0.00027514265225053595
2022-08-26,-0.0014034387093914136,0.7549037566073569,0.9665783842105894,0.23985386341047332,0.0002570834682316112
2022-08-29,-0.005014856498029241,0.7511180225981477,1.0119873460715774,0.36752423586434424,0.00024544297125416614
2022-08-30,0.012537072752863754,0.7605348438934478,0.9761913268123353,0.4453191590016701,0.00021488562586383005
2022-08-31,0.003943766867962273,0.7635342160127256,0.9883428747020429,0.5584711787786201,0.0001756115748736053
2022-09-01,0.009617144000082734,0.7708772345171103,1.0012359313374555,0.4561882705882097,0.00015560903880155975
2022-09-02,-0.006414413017081122,0.7659325095494522,0.9851064825869179,0.37831580322902386,0.0001472023671904972
2022-09-06,-0.002608929705839369,0.7639342454726206,0.9898692637846462,0.3012347721940406,0.00015670725889669213
2022-09-07,-0.002939162443396204,0.7616889186291033,1.030534580307696,0.29594061040238434,0.00016562587401986522
2022-09-08,0.0007293789614157831,0.7622444785014948,1.0232340386433962,0.5438413704224617,0.00018762726817999226
2022-09-09,0.00474975193917393,0.7658649506913818,1.0094415938835863,0.5156269224633764,0.00020993775626617178
2022-09-12,-0.001270030544157419,0.7648922788113042,0.9670624887496829,0.42896608482378484,0.00019662514441977545
2022-09-13,-0.004659253135603336,0.7613284520628538,0.992012116168765,0.33760128420606683,0.00020809090252896684
2022-09-14,-0.0016686022341276807,0.7600580977068367,1.0109905830708328,0.3909101454114667,0.00020303627370676027
2022-09-15,-0.006723972756485175,0.75494748776451,1.004684790400578,0.4733260657029714,0.00018796940713967233
2022-09-16,0.0041704413059364676,0.7580959519512962,0.9959856235481073,0.4843004962717833,0.0001665438071283767
2022-09-19,0.003007356379627124,0.7603758166487664,1.0140492578586262,0.3101881425475176,0.00016651864057416565
2022-09-20,-0.005312439979686778,0.7563363657608145,0.9892109668921427,0.3419017952175892,0.00015346826496395028
2022-09-21,0.0033790701362177433,0.7588920793872924,0.9692061916016086,0.3464482778168262,0.0001598168849365561
2022-09-22,0.001033211692242908,0.759676175556866,0.9788032564066972,0.3509901776053632,0.00015662830588967055
2022-09-23,0.004143628640639552,0.7628239915155149,0.9901673783500895,0.42834987790437146,0.00018051261038099515
2022-09-26,-0.013661709566212599,0.752402511693291,0.9939454636853526,0.3758378869583293,0.0001788272411331147
2022-09-27,-0.0016385709467955367,0.7511696467973343,0.9918005183777624,0.37404038045159654,0.00017082043848879995
2022-09-28,0.005166927751973249,0.7550508860918115,1.0260924660318105,0.3926744874702284,0.0001649261932515688
2022-09-29,-0.0034233269673792366,0.7524661000317098,0.9892551834291855,0.3222981997971692,0.00016540153670385342
2022-09-30,-0.004399287205223312,0.749155785545476,0.997508817031391,0.387186756004084,0.00015159042735616215
2022-10-03,0.014058044227883038,0.7596874507122489,1.008125427740424,0.2935657888209437,0.00015267150619462986
2022-10-04,0.006887260450184618,0.7649196160460409,1.0181095697411946,0.49023865011852974,0.00017557395595638916
2022-10-05,-0.011644608225418795,0.756012426793247,1.0132245734400294,0.5789065343143774,0.000208001862980209
2022-10-06,-0.015212033968802108,0.7445119400760316,1.014216521813184,0.47256636031758636,0.00022289374021919274
2022-10-07,-0.008247345302373033,0.7383716930244849,0.988231310767244,0.3688715534980586,0.00022872504200114525
2022-10-10,0.0037121041998025017,0.7411126056871764,0.9756104040242161,0.35498955970087975,0.00023707935555335646
2022-10-11,0.0035822971928018976,0.7437674912940797,1.004015968935331,0.31273264457356076,0.0002316317173377743
2022-10-12,-0.0016870942930726773,0.7425126854041445,1.0082136934459793,0.32267876211363195,0.00022685053691692415
2022-10-13,-0.005489381583570485,0.7384367499433195,1.0211223025024112,0.5022186433468101,0.0002083844603924385
2022-10-14,0.0009883334010809541,0.7391665716478742,0.9559956142140278,0.49097109779447035,0.0002127037256511453
2022-10-17,0.00011871682417408103,0.7392543231557959,1.0034323823488196,0.37909162386997336,0.00022918933195290657
2022-10-18,-0.0008316548838296356,0.7386395186875512,0.9879656275276839,0.3514387617029831,0.00023239654109185565
2022-10-19,-0.0066568614706634666,0.7337224977348906,0.9881388067731213,0.2964680321207563,0.00023582425252316838
2022-10-20,0.0070504426482336235,0.7388955661248893,0.992148870552635,0.41685211220524343,0.0002517285479647284
2022-10-21,-0.010588584345121999,0.7310717081007392,1.0377844052347103,0.3591151352454974,0.0002512204871094211
2022-10-24,-0.006116125696392971,0.7266003816409183,1.0057377541451031,0.3399136556674921,0.00024051846933428718
2022-10-25,0.009509741855429077,0.7335101637023798,1.0183704859134664,0.3077342067278377,0.0002454422090623163
2022-10-26,-0.00381383497916854,0.730712676982476,1.0109633763297368,0.3348007199568391,0.00023785507477379616
2022-10-27,-0.0022570637204666344,0.7290634119091738,0.9907774251288151,0.2776149473294032,0.00023346213104091977
2022-10-28,-0.0039125583051687896,0.7262109088019139,1.019016295516034,0.34299146064880875,0.00024374716893287227
2022-10-31,-0.004713240695492726,0.7227881019930379,1.0057251277996557,0.3064749150750568,0.00024426365527659144
2022-11-01,0.0026066934102733086,0.7246721889755271,0.9880359567103547,0.2806381289643903,0.00024193371234858247
2022-11-02,-0.007522414306331937,0.7192209045337767,0.9741748007106943,0.3304465717908148,0.0002443733197413799
2022-11-03,-0.0047583914858182474,0.7157985699052207,1.0096784743059932,0.2890263230113482,0.0002513564660429003
2022-11-04,-0.01693841433364407,0.7036740771487362,1.0031008922605482,0.30924168566080684,0.00024691282730329673
2022-11-07,-0.008267160385357464,0.6978566906939292,1.0079424102065104,0.3320022256657636,0.0002421326002398776
2022-11-08,-0.00418417608194277,0.6949367354201039,1.0056993283471163,0.3054479639425891,0.00023819614206139545
2022-11-09,-0.0011063188847905137,0.694167913785974,0.9855084168795093,0.2913869724129907,0.00023668225611683398
2022-11-10,0.007868471141266875,0.6996299539827924,1.0222307341860604,0.2824239921838037,0.00024201808075445107
2022-11-11,0.01836661360972336,0.7124797870173829,1.0167520124528298,0.328614447431883,0.000244759166051648
2022-11-14,-0.008976638026994666,0.7060841138677776,0.9915339238409084,0.34784762646898887,0.00023350845397888357
2022-11-15,0.0053928590336036475,0.7098919259597334,0.9903600289070084,0.3618740360748399,0.0002219647806157629
2022-11-16,-0.002435898755122845,0.7081627011010163,0.9855852856321987,0.4788605381373861,0.00020021688025415447
2022-11-17,0.001987049356927617,0.7095698553408393,0.9818073631605484,0.40739431913170476,0.00019212023330476317
2022-11-18,-0.0014777480658175746,0.7085212898595469,0.951029991590216,0.37635241512731116,0.0001895590469385277
2022-11-21,-0.00465551991832347,0.7052227548820496,0.9993565360361779,0.5258207413815456,0.00022348311199997775
2022-11-22,-0.003808293765652948,0.7025370594612357,1.00990433819304,0.4826038250061169,0.0002473333184928812
2022-11-23,0.0071308057559942295,0.7075467147686411,1.008990462585149,0.4273025284149539,0.0002688637209716429
2022-11-25,-0.0037556831375701316,0.7048893935029413,1.0014856696913732,0.2890492667763186,0.0002724901713088311
2022-11-28,-0.001396273558189498,0.703905175081345,0.9925428858615923,0.2503971287199182,0.0002751183064777108
2022-11-29,-0.00097709025741044,0.7032173961926322,1.0008741936273098,0.20453631482141663,0.00027206789280706734
2022-11-30,-0.0010780993649279758,0.7024592579643907,1.0350772238706911,0.29975352631594443,0.00026887016001053595
2022-12-01,0.0013989395946003569,0.7034419560339507,0.9999736815723634,0.32394554654051533,0.0002520511062330746
2022-12-02,-0.003265926984122647,0.7011445659679754,1.0191761199439298,0.3211306220112815,0.00024809970616689785
2022-12-05,-0.004774689831595125,0.6977968181383699,0.9857315348611511,0.3706120392738547,0.00022948954475622937
2022-12-06,0.0006942533262033201,0.6982812659003765,0.9779619402459949,0.35064094930236817,0.0002229235869096955
2022-12-07,-0.019254633522523656,0.6848361160298209,1.0035204039183188,0.3264711197649081,0.00022848488301816913
2022-12-08,0.005543348682998994,0.6886324014116849,1.0045727808569322,0.34276898427939234,0.00022978634376766673
2022-12-09,0.0015061088744872109,0.6896695567827105,0.9966042222463007,0.3263729317706233,0.00022607080723351997
2022-12-12,-0.0004990444272778838,0.6893253810337349,1.0151783022870717,0.3776281821907625,0.00022203962077623174
2022-12-13,-0.0037454134019283547,0.6867435725133217,0.9788808948532532,0.3989240374851772,0.00022016142947534374
2022-12-14,0.005663623047423627,0.6906330292382782,0.9949418181981491,0.36324405745472454,0.00022524289788339593
2022-12-15,0.010919840355636978,0.6981746316618901,0.9840240968238946,0.46686960650108644,0.00021162718853778812
2022-12-16,0.00034454888671975326,0.6984151869539652,0.9215928480033733,0.44439078335598015,0.00019286454601252242
2022-12-19,-0.0021867401031139266,0.6968879344560291,0.9708661161225703,0.36943155708685016,0.00020147794382455964
2022-12-20,-0.00758565990609017,0.6916015795925881,1.0007789668577045,0.3107073393212437,0.00020336703590829165
2022-12-21,-0.002339906583571749,0.6899832965032907,1.0057397578714409,0.3584958609481982,0.00020584826850479933
2022-12-22,0.0013063489784519433,0.6908846554778266,0.988073414674489,0.45455027396360415,0.00021942963701318568
2022-12-23,-0.005869265762088238,0.6868296698238785,1.0109107634649863,0.39414238331095597,0.00023215616318202415
2022-12-27,-0.013685614290932402,0.6774299838791005,0.9972015948116426,0.3655316006867324,0.00024296237010456732
2022-12-28,0.007403182837207423,0.682445121909164,0.9803062555778245,0.2290191610585237,0.00024292424252218077
2022-12-29,0.011348589761440486,0.6901899116324073,1.0137458991040373,0.28644535146335015,0.0002489308688263645
2022-12-30,0.001274636889351255,0.691069653154432,1.0079701819045344,0.2714009600221209,0.00024231760222398157
2023-01-03,-0.006734607398263037,0.6864155703555831,0.9841310934480868,0.2675312861135042,0.00023098193310003092
2023-01-04,0.0032658611590321573,0.6886573083057623,1.0143345054223756,0.45887481156773735,0.00021721656991328993
2023-01-05,-0.004390810960528291,0.6856335442484055,0.9048574191260158,0.5625786774652038,0.00016436103603653348
2023-01-06,0.0067838941419033905,0.6902848096327246,1.0058501311511996,0.4916894522902645,0.00016391004881248736
2023-01-09,0.0018122623111502811,0.6915357867771816,1.0025366367678779,0.35729820907735077,0.00016994416102506844
2023-01-10,-0.008783058152156298,0.6854619877476205,1.0251636948925456,0.4672070843503683,0.0001646458498685138
2023-01-11,0.003039907219733129,0.6875457285930271,1.0051847775622065,0.3695815810476422,0.00016424529643667944
2023-01-12,-0.005149952089450571,0.6840049010314666,1.0133960182473576,0.3665871690835069,0.00017265800033674537
2023-01-13,-0.0022434520054969154,0.6824703688644779,1.0187473679256691,0.33772887649240996,0.000171837830903983
2023-01-17,-0.0023243770746054215,0.6808840503849918,1.0036045464212853,0.39972705970259753,0.00015392276244155447
2023-01-18,-0.0008836123622867342,0.6802824128207877,0.9677448415662356,0.20782603599334815,0.00014750582122623903
2023-01-19,0.001645124739161119,0.6814015622477354,0.9958413822596782,0.3285853915530977,0.00014455090192858763
2023-01-20,-0.0035081416697990697,0.6790111090333479,1.0213216275696275,0.28557960411675054,0.00014538511972175252
2023-01-23,-0.004859333001474342,0.6757115679428545,1.0194416795238086,0.2827618049034755,0.00014573514167565477
2023-01-24,0.00470113848348741,0.6788881815986483,0.9985802796394679,0.29058131720651165,0.00013971300151851683
2023-01-25,-0.0016733966467190609,0.6777521323920639,1.0165471063960578,0.30657562216676326,0.00014891820102385379
2023-01-26,-0.004719960554860125,0.674553169061201,0.9958336882251505,0.3547656122963723,0.00015933624776193802
2023-01-27,-0.0035732990243408924,0.6721427888803285,1.0217928471419981,0.42320586899371215,0.0001778510363847934
2023-01-30,0.012728305137031937,0.680698027392853,0.986150249938285,0.3483380221409664,0.00016961491371022958
2023-01-31,0.00022719498426737594,0.6808526785704774,1.0204869894960023,0.461318090523502,0.0001870480755302931
2023-02-01,-0.007834265920623973,0.6755186976337871,1.0339408511776027,0.394471521659743,0.0001852477652533362
2023-02-02,-0.004052836522547176,0.6727809307843534,1.004049692208961,0.44911993502498504,0.00016776657573102115
2023-02-03,-0.004467241177119274,0.6697754561071729,1.0153300402306358,0.41178370461486674,0.0001577019246350432
2023-02-06,0.00021521798945189907,0.6699196038342206,0.995639303529006,0.29070635213747265,0.0001510917917246423
2023-02-07,0.011133599222981072,0.677378220214929,1.003559889022244,0.27335154178442767,0.00014743565352168828
2023-02-08,-0.0045924610537994015,0.6742673871199,0.9999566916606121,0.30372207401800977,0.0001408520916628669
2023-02-09,0.004854189451643842,0.6775404087580449,0.96703115787999,0.2949668490598378,0.00013995726301878328
2023-02-10,0.015555552561647312,0.6880799241991207,0.9926301238549404,0.3605440224039715,0.0001591416518641409
2023-02-13,0.0020247612961588057,0.689473121798303,0.8563371670729475,0.5464946255083246,0.00015965186872718122
2023-02-14,-0.004564221634570709,0.6863262136593362,1.0225431175064434,0.5417733284473285,0.00022076252243408357
2023-02-15,0.021040516455468783,0.7007668716516551,1.0146323196121014,0.49683997661949464,0.00023766096712336305
2023-02-16,-0.004567151660170743,0.6975663630703985,0.9927378820911574,0.32954528065367306,0.00023083820381801601
2023-02-17,0.006203703893843837,0.7018938582331928,0.9912674876806761,0.3755784208589203,0.00022714391050758541
2023-02-21,0.004523573766922917,0.7050689268774608,0.9007329117342854,0.5856670877894259,0.0001748984857521825
2023-02-22,-0.0026979302757624835,0.7031667000731388,0.9996857307316115,0.49977001277241034,0.00017415315698888047
2023-02-23,0.0018555926854511018,0.7044714910584472,0.9938403096691487,0.4015614302506229,0.00016373617751870643
2023-02-24,-0.0013802205822738278,0.7034991650068632,1.0023180929282829,0.45035529308089656,0.00017861146031554218
2023-02-27,0.0007320596739128771,0.7040141683761961,0.9896050428579436,0.3775389737351724,0.00017787335448714924
2023-02-28,0.0014456985031114922,0.7050319606055868,0.9500016790285067,0.530543142081375,0.0001988008977991216
2023-03-01,-0.0019333653237538773,0.7036688762608138,1.0001369372603195,0.3882609069542229,0.00021467230253162785
2023-03-02,0.002376116234999781,0.7053408753017611,1.0220742795557622,0.4169023327818486,0.00023141248879613121
2023-03-03,0.0032695183661188842,0.7076470002479346,1.0176700446135603,0.31598823837473416,0.00023257963758008582
2023-03-06,0.003443159272119134,0.7100835415782255,0.9927294883919578,0.3693562386512763,0.00022591507022381391
2023-03-07,0.0008992483511638394,0.7107220830321783,0.986759039360398,0.3616602654797733,0.00022767378922294412
2023-03-08,0.0003693627379499631,0.7109845972866886,0.9995108183644043,0.4266746885690133,0.00023943717208047309
2023-03-09,-0.004259002386914124,0.7079565121897854,0.974598619950239,0.34219938968408753,0.00023186277320690898
2023-03-10,-0.0027241274327836074,0.7060279484337114,0.9808871289502132,0.34186900056544833,0.00022936712529993995
2023-03-13,-0.013568520919065685,0.6964481934459436,1.0118941621411484,0.34983497014461074,0.0002348421616072734
2023-03-14,-0.015410825754704427,0.6857153516895694,1.0120503777535794,0.47581645041714865,0.00021659673459738813
2023-03-15,-0.005713990315135309,0.6817971808110757,0.9916312006728897,0.43404237241987853,0.00020073578762629316
2023-03-16,-0.0011313481386119317,0.6810258308396542,1.0291757842230327,0.413247182928708,0.00019639916921420186
2023-03-17,-0.021989427654207194,0.6660504626017593,1.0007597787497178,0.365312376596395,0.0001850955116820639
2023-03-20,0.007820612959647422,0.6712593854813618,0.9996940677797365,0.2732358515137704,0.00018385752160839778
2023-03-21,0.018675282036603624,0.6837953438249434,1.0146573911111334,0.42425540972210163,0.0001976091379718677
2023-03-22,-0.0009499568976119033,0.683145767721522,0.971777258355271,0.3912255632331936,0.0001865557568646284
2023-03-23,-0.0019815574917431134,0.6817920751075408,0.9652503710556279,0.3570973977392612,0.0001838893042245279
2023-03-24,-2.3424655172465947e-05,0.6817761043632821,0.9295461592342047,0.3504094975408731,0.0001756811239571424
2023-03-27,0.00986884473849603,0.68850444688366,0.9354324615038838,0.5185894546315938,0.0001987108947556127
2023-03-28,0.0002131913411400621,0.688651230070072,0.9968407951246698,0.4417413822302269,0.00021988720666133552
2023-03-29,-0.0002001953975070414,0.6885133652633244,1.005496901161771,0.44259471892617186,0.00023307737817764997
2023-03-30,0.0010387354982028807,0.6892285485368105,0.9950365012099495,0.4066393748591226,0.0002468813768882871
2023-03-31,0.003047964999770336,0.6913292930295932,1.011982654471891,0.3523616732849904,0.0002605897958830575
2023-04-03,-0.009554214824391005,0.6847241844495942,1.0060075002480464,0.2604428525608903,0.0002579674086607956
2023-04-04,-0.0014228923686014916,0.683749895632944,0.9909257737096917,0.2541179898776184,0.00025809002607085586
2023-04-05,-0.006258670237146546,0.679470530511494,1.0003767625344824,0.24749119860423366,0.0002585054793815944
2023-04-06,0.0006046904276939546,0.6798813998371944,1.005753434079162,0.2579268408795982,0.00025913639804778606
2023-04-10,0.00829513322773967,0.6855211066279061,1.0075781091337623,0.25154657342451175,0.00026061702715154326
2023-04-11,0.000942288112071088,0.6861670650172553,1.0019193496167689,0.2795388952276143,0.0002614585372786935
2023-04-12,-0.0012778256641470254,0.6852902631316838,0.9887295203188434,0.34991839356346677,0.0002512040707211432
2023-04-13,-0.004396408780066086,0.6822774470019579,1.0118473327899582,0.33724670503316984,0.00026203414551558414
2023-04-14,0.004533827031462323,0.6853707749341325,0.9944913554649399,0.26270605091958577,0.0002531273827183237
2023-04-17,0.0028391440748720687,0.6873166413088772,1.0029121230576121,0.37633201147921225,0.00024258103218481405
2023-04-18,0.0029921413622751025,0.6893731898603174,0.99370874101214,0.31353051708953295,0.00024193373331805686
2023-04-19,-0.00046606226443113297,0.689051899030413,1.0046049936415564,0.33969293836679754,0.0002497193489751283
2023-04-20,0.00040638300462458865,0.6893319180114833,0.9996896248047986,0.33073591342676467,0.00024234122724307985
2023-04-21,-0.0016024843695419122,0.6882272743874436,0.9998729451294044,0.3564375834479068,0.00023869766648856064
2023-04-24,-0.0032368917096867733,0.6859995572285985,1.0017692538683682,0.36546761307976605,0.0002473047844006621
2023-04-25,0.0007128712252379987,0.6864885865734728,0.9867489938273352,0.30395972770889423,0.00024257724482692206
2023-04-26,-0.0010044968916886887,0.68579901092208,0.9949214442097841,0.2640015620261652,0.0002460958429801338
2023-04-27,-0.004498285061430907,0.6827140914761051,1.012859525727512,0.3044547587808152,0.00024806566044666405
2023-04-28,-0.002985755385876643,0.6806756742004664,1.0119436960432302,0.29521243915767,0.00025259222509328336
2023-05-01,-0.003290503857191762,0.6784359082690131,0.9982625929659569,0.26757416646605403,0.00025165225124978356
2023-05-02,-0.0007033154458918611,0.6779587538156798,0.991208151384023,0.2753633728229569,0.00025113123402420743
2023-05-03,-0.0019572093295499027,0.6766318466176617,0.9939409394141351,0.34951767499048525,0.00024188005050222882
2023-05-04,0.002876060399611191,0.6785778806768346,0.9880446157637739,0.30237960893154775,0.0002442846790869967
2023-05-05,0.01355935352196913,0.6877789580531204,1.0107859440001705,0.3941439200572552,0.00023681945286809685
2023-05-08,0.00013728620450659257,0.6878733806158109,1.0057075224398897,0.42437594891254327,0.00022300410960706532
2023-05-09,0.002421283037673083,0.6895389167643629,0.9704785482293733,0.5019654633282337,0.00019487640425284845
2023-05-10,-0.008889087146668473,0.6834095452422251,1.004144761821507,0.43961328203667993,0.00019134960192317385
2023-05-11,-0.0038779037800990013,0.6807593487833745,0.9955255296463353,0.4497494842893331,0.00017523460433195785
2023-05-12,0.0014702183913710698,0.6817602136980536,0.9852300410727415,0.3336732113056911,0.00017419524805731374
2023-05-15,0.0018639426798885417,0.6830309756578153,1.0134067544183347,0.3305037667403225,0.0001833513567416433
2023-05-16,-0.0116482465225074,0.6750748624708444,1.0059275403921308,0.38390059957881456,0.0001879855754961878
2023-05-17,-0.002050845632264986,0.6736903881376941,1.0165743478849174,0.3617327379272252,0.00019387180000679085
2023-05-18,-0.0070323590244144585,0.6689527554570127,0.9733261132116416,0.4486258788531698,0.00019091418762109223
2023-05-19,-0.0028584417645709514,0.6670405929622896,0.9540822467956328,0.3509585678683245,0.0001838605722839673
2023-05-22,0.0015117411597158625,0.6680489856818719,1.0043652255638293,0.3731716114742285,0.00019161185917007924
2023-05-23,-0.010664988338436654,0.6609242510400702,1.0029317762358647,0.3712172333111843,0.0001872893690328771
2023-05-24,0.0003546843846367054,0.6611586705513419,1.0017643264273255,0.42339072838250585,0.00018173532693151754
2023-05-25,-0.01479256823099695,0.651378435805696,1.0042914707983952,0.4216540249204926,0.00017639388680302907
2023-05-26,-0.010054219541850928,0.644829334007278,1.0267367150434143,0.3336858927415192,0.00017530737669069001
2023-05-30,-0.007138614518504172,0.6402261459615763,0.9962128946965892,0.36700255665078835,0.00015662454983390677
2023-05-31,0.006171840300188025,0.6441775194904561,0.9929504886871235,0.28897887167838254,0.0001504101961470981
2023-06-01,-0.004953266096426434,0.6409867368230839,1.013936279190852,0.33428163275650763,0.00015310397018927972
2023-06-02,0.02079647075274127,0.6543169987483203,0.9880893908144335,0.31864376443996706,0.00014318990359885432
2023-06-05,-0.0018886354674960693,0.6530812324574986,0.9989913595089561,0.31097125075697263,0.00014989493735034618
2023-06-06,0.0038536773401298685,0.6555979968042841,1.0038547506690876,0.4622489342171498,0.00016705192053667467
2023-06-07,0.0012626509973272526,0.6564257882687948,0.8513807742207946,0.5246176516545938,0.00016018349552534704
2023-06-08,-0.002065518441439429,0.6550699286976892,0.8819513919625553,0.43678797246259554,0.0001726789770920025
2023-06-09,-0.0010656234498289674,0.6543718708203912,0.989033240758758,0.4867401659313719,0.00021226437100629303
2023-06-12,-0.0011851043927300076,0.653596371841803,1.0151513957325295,0.3286386029161403,0.00021620040759842872
2023-06-13,-0.005895337613866181,0.6497432005665975,1.0153231019898987,0.3810249830395762,0.00020903771561652708
2023-06-14,0.006436965871854605,0.6539255753741143,0.9798385672719148,0.3777324870077673,0.00019300420591088086
2023-06-15,-0.005376939055519947,0.6504094574084819,1.020425748785482,0.4019020108037706,0.00019656375709372674
2023-06-16,-0.0027455422913079675,0.6486237307365003,0.9558253782063091,0.45167102741098497,0.00019588683681868522
2023-06-20,0.004826917388942142,0.6517545839012728,0.9910296486188329,0.4327067233917497,0.00021454035915688115
2023-06-21,-0.0021624876054330278,0.6503451726918021,0.99404221220778,0.3589003815551752,0.00021959951663982585
2023-06-22,-0.0008052458735354762,0.6498214849251184,1.0061305733484267,0.3537884534535647,0.00023048557317367383
2023-06-23,-0.0018807486503128468,0.6485993340444012,0.9985658257842657,0.44412647652429194,0.00024854936603796847
2023-06-26,0.0015882104179179013,0.6496294462637852,0.9971283685673811,0.24476603049195036,0.00024616757657017007
2023-06-27,0.002997421150405133,0.6515766593059422,1.016888804963292,0.30673470405179676,0.00025373240019754557
2023-06-28,0.005899935200760931,0.6554209193741756,1.0034682893728446,0.2533802708172681,0.00024842573641941767
2023-06-29,-0.0028759904802961866,0.6535359350494685,1.0051278468804918,0.32148582988220037,0.00023966769662056708
2023-06-30,0.0014061221568628657,0.6544548864080476,1.0002739922591908,0.33288059276573023,0.0002247367123622696
2023-07-03,-0.0018010855003328663,0.6532761572015161,1.0121618349182615,0.2828166613667458,0.00022589962993845077
2023-07-05,0.0009486139334451416,0.653895864066625,1.0074345219881722,0.3940210548861093,0.00020842587918129687
2023-07-06,-0.0023396260568373517,0.6523659922645966,1.0011261350297482,0.3607640744715234,0.00021095059831887847
2023-07-07,0.003268648698772525,0.6544983475163357,1.003813946764906,0.40975879971822715,0.00022519738750755586
2023-07-10,0.005047488681049206,0.6578019205171899,1.005908057712023,0.37801911725632925,0.00021732724747916164
2023-07-11,-0.0031743140862606767,0.6557138506149228,0.9832805559414106,0.40919333355587606,0.00019651012638582937
2023-07-12,0.0017642923771172825,0.656870721563133,0.8977054509954335,0.38468320429667574,0.00017857380586598824
2023-07-13,-0.008127538698766257,0.6515319793535421,0.925903825051288,0.4093725816992892,0.00017586316733196752
2023-07-14,0.00487033952332161,0.6547051613032956,0.9953083604914665,0.46674047191143764,0.00017513006043385677
2023-07-17,0.005137720573376914,0.6580688534800196,1.003556545911501,0.4127715940821039,0.0001836789302985042
2023-07-18,-0.0005106795220078952,0.6577327911924762,0.9879537041650018,0.4324443888666206,0.00019518409120476091
2023-07-19,-0.0028404224918797683,0.6558645521787262,1.0013395192212924,0.4777967411122658,0.00021389094611334145
2023-07-20,0.005923326279140273,0.6597494519162029,0.9910276736294724,0.32710364713726553,0.00021886850825599926
2023-07-21,0.000949592864932125,0.6603759452883854,0.9930427402491772,0.45632340001007443,0.00023878096473934723
2023-07-24,-0.00410572363920525,0.6576646241590524,1.0056404713443703,0.38804182819664745,0.00024984088653773096
2023-07-25,-0.000757309839931497,0.6571665682678018,0.9978629829972846,0.3120865542981127,0.00025248144966805576
2023-07-26,-0.002570762466218568,0.6554771491200453,1.0057753366617166,0.2946348475602381,0.0002561419210998882
2023-07-27,0.006824038232724039,0.6599501502463174,0.9853524399585469,0.3188621803465405,0.000256207081704029
2023-07-28,0.006522931721973491,0.6642549600162803,0.9990021160378015,0.30599884380651227,0.0002537414810143631
2023-07-31,0.008782570353563335,0.6700888259353267,0.9973125531989232,0.27986725850774,0.0002498619861720244
2023-08-01,0.0016381150802244893,0.6711865085461812,1.0002118655184926,0.3883173058726616,0.00024056404635742769
2023-08-02,0.004103902850342456,0.6739409927717154,0.9908462885601526,0.4258504040953359,0.00022720881184795918
2023-08-03,-0.002309695255858224,0.6723843944579821,1.0039382657112461,0.4407568047893957,0.00021766760788046173
2023-08-04,-0.0005441579950448139,0.6720185111139945,0.9879636235063761,0.3958059236142029,0.00021214101729719135
2023-08-07,-0.0038964707661565123,0.6694000106311228,1.0072752667046263,0.37865344019269753,0.00022025619338753667
2023-08-08,-0.001391211438809603,0.6684687336791935,1.0057445393658802,0.41683471079710116,0.0002347632798040758
2023-08-09,-0.0021173742581857002,0.6670533351900991,0.9917662841106707,0.37496144555060335,0.00024210980942222899
2023-08-10,-0.0017224260098697153,0.6659043851755974,0.9960014979349093,0.3311698956832381,0.00025223718519382527
2023-08-11,-0.0023888273014350814,0.6643136546001446,1.0029137819189866,0.3057782274320644,0.0002598869360515454
2023-08-14,0.002201650721052939,0.6657762412368002,1.0071481486766416,0.2612724167275809,0.00026528078796499046
2023-08-15,7.611377733240943e-05,0.665826915981379,0.9921930090792285,0.2490971460333539,0.00026586453548378816
2023-08-16,0.0002056080221728429,0.6659638153366834,0.9910435267968216,0.22928321007564503,0.00026878112767187356
2023-08-17,-0.003888546787665703,0.6633741838818543,0.9859647058787545,0.206465568073066,0.0002675581316334301
2023-08-18,0.0007737412801032129,0.6638874638720784,1.0110598060133729,0.2279122702518764,0.00027402178595065433
2023-08-21,0.001291265732352942,0.6647447190043152,1.0053642733998474,0.21191579829277996,0.0002669413423682866
2023-08-22,0.0011860715747229467,0.6655331538199734,0.9909068531424341,0.28385997148145187,0.0002537684403962999
2023-08-23,0.0018798302137885692,0.6667842431508021,1.00855630649177,0.2625547068444271,0.00024849196344046
2023-08-24,-0.001493709832601331,0.6657882609705841,0.9741606718179928,0.30742261756484,0.00023482900535872628
2023-08-25,0.001127367548425573,0.666538849050125,1.0017399022677247,0.24324489500939744,0.00022914198540062197
2023-08-28,0.0030278935250789285,0.6685570577153773,1.0007048222115038,0.2996292097487972,0.00022304852412475978
2023-08-29,0.005009408424445416,0.6719061330725191,1.0174959398982106,0.35161912983672017,0.00022804672461660734
2023-08-30,0.003837121677829458,0.6744843186611982,1.003776601456927,0.2996596132621832,0.00022978769151767972
2023-08-31,0.00304491293868403,0.6765380646900292,0.9967675995076659,0.3503317376937365,0.00023499179379047176
2023-09-01,-0.000820280197306289,0.67598311391284,0.9934544979373809,0.2802428612262937,0.00023819108905725214
2023-09-05,0.0004127313050381609,0.676262113305629,0.9954355987294198,0.28494055021600506,0.0002454404619080309
2023-09-06,-0.0009421819359549666,0.6756249513585018,1.0011814623251885,0.3146830653998521,0.00024286027674662514
2023-09-07,-0.0034486800118972427,0.6732949370932126,1.0042480567740384,0.3178238761554901,0.00023942048619036852
2023-09-08,-0.002223493073950311,0.6717978704638601,1.0033167190616534,0.33935911168052796,0.00023473294072706176
2023-09-11,0.0003821273066118014,0.672054582774688,1.0046543669642052,0.34200704181299446,0.00023367438148663337
2023-09-12,-1.2583303345858887e-05,0.672046126108008,0.996707085135863,0.3399228328515824,0.00023107124755227125
2023-09-13,-0.0012467932827897599,0.6712082235122516,0.9980169427634177,0.3123291368015512,0.0002410304405002717
2023-09-14,0.005620112935019739,0.6749804895313044,1.0002352994756927,0.30895214570068086,0.000247949225879856
2023-09-15,-0.0022342593708907232,0.6734724080474007,0.9921977454258959,0.3298126640160441,0.00025097759792059573
2023-09-18,0.0010982148457037155,0.6742120254440902,0.9943208599936116,0.3018181272648975,0.00024962802993180953
2023-09-19,-0.0021677717943521246,0.6727504876319195,0.9994536792617286,0.2737248065777694,0.00025160500118660866
2023-09-20,-0.002850829791505638,0.6708325904995285,0.9873665069551576,0.2715756571906992,0.0002499480145956197
2023-09-21,-0.0014642790098893244,0.6698503044181103,0.9893432215733872,0.28338391700642535,0.0002496577115577562
2023-09-22,0.0013959998806059026,0.6707854153631019,0.9910310085881477,0.2927082961872646,0.00025018164829227553
2023-09-25,-0.002688977880594856,0.6689816882185649,1.0107927074617389,0.3093174900432564,0.0002558146454311142
2023-09-26,0.007118921960898028,0.6737441166502626,0.9898199198262085,0.27894674143813947,0.00025257285994351967
2023-09-27,0.004322420657145942,0.6766563221377022,0.9966488678177627,0.34262145298871804,0.0002379920483252957
2023-09-28,0.0007361129617444728,0.6771544176270742,1.0078657521144896,0.4553193931517245,0.00022000319218332218
2023-09-29,0.003652342573860601,0.6796276175356513,0.9784006104995082,0.38133498234647956,0.00019595485808329883
2023-10-02,-0.012674823347194497,0.6710134575415122,0.8605665448656094,0.4584142756522004,0.00014682207652844838
2023-10-03,0.005458718519911088,0.6746763311293037,0.9851461263076917,0.5284903990261338,0.0001416086609397549
2023-10-04,-0.003525514024046217,0.6722977502622153,1.003602772291185,0.26886162041906236,0.00014426970894118924
2023-10-05,-0.0025117598232136107,0.6706090997838697,1.00026515060732,0.2878077440426653,0.0001394476920374635
2023-10-06,0.005022702176449734,0.6739773695689012,1.01978678458642,0.29337309375998416,0.00014625571525957856
2023-10-09,0.004866190787329083,0.6772570720355656,0.8935178541707126,0.41144521585885235,0.00014081119860648693
2023-10-10,0.004592212175863697,0.6803671802079572,0.9470645026263778,0.5785083128455365,0.00018798451217072148
2023-10-11,-0.009601265849536134,0.6738347940354813,1.002089151841359,0.3354972753123154,0.00020774581705343975
2023-10-12,-0.009912392812527981,0.6671554788662527,0.9910748760788589,0.45389854642658867,0.00022867259807640738
2023-10-13,-0.0010148890474490635,0.6664783900778057,0.9944324673883826,0.28417065867116936,0.00024021098504933039
2023-10-16,0.0007199882839363791,0.6669582467101586,1.0049194336113676,0.30726077049773787,0.0002522951274525276
2023-10-17,0.0006014172879769131,0.6673593669300888,1.0097517286622513,0.30951530197821914,0.000259060291782399
2023-10-18,-0.0026840081907691937,0.6655681689230619,0.9884612715821588,0.2808372117330622,0.00026021848135312933
2023-10-19,0.0030696509049890075,0.6676112308551284,0.9882412939301003,0.284587434680862,0.0002647348493975595
2023-10-20,0.0006868527292207549,0.6680697814510997,0.98583303463088,0.28626362095234,0.00026751932615957973
2023-10-23,0.004033595218668307,0.6707645045272976,1.002678759017763,0.230660685186433,0.0002699814268982001
2023-10-24,0.0007410352646177731,0.6712615646794062,1.002056449869151,0.3157400928252114,0.0002586665579971735
2023-10-25,-0.00200789191141848,0.6699137440132403,0.9866375368334692,0.308735123455044,0.0002505581277827684
2023-10-26,0.004625075849475246,0.6730121458919075,0.9884906388060282,0.3417080246283189,0.0002417804195160234
2023-10-27,0.0005935503708001111,0.6734116125006546,0.9769086986910966,0.3781262924169021,0.00022948241304137214
2023-10-30,-0.006221312911193544,0.6692221081412566,1.0039417313637817,0.41630158643046905,0.00021977132051452712
2023-10-31,-0.0027464145655421435,0.6673841467958747,1.0135615895985048,0.41296274935735394,0.00023305723206372734
2023-11-01,-0.0024896587630469647,0.6657225880064856,1.0071823182137996,0.34090680969789117,0.00023751481806586738
2023-11-02,0.002330182513912593,0.667273843140175,1.0141346921814114,0.3352576294534805,0.0002396570993886794
2023-11-03,0.004142799370486561,0.6700382247974782,1.0049307023094993,0.3808809840426235,0.000231424841037203
2023-11-06,-0.0053893612697795135,0.6664271467394829,0.9981694810925821,0.3991133514142381,0.00024068847906318625
2023-11-07,0.0036851028427957733,0.6688829993124489,1.0080359402397978,0.3824750880159834,0.0002338306989514265
2023-11-08,0.0030591029072557507,0.6709291812402595,0.9923464582145134,0.4363762596901263,0.00022004308835822675
2023-11-09,-0.0012444432406546468,0.670094247955707,0.9847209890955169,0.42874574706866764,0.0002129379528277485
2023-11-10,-0.0008835076377401441,0.6695022145696324,0.973321190090599,0.43167668955925986,0.0002008029802267247
2023-11-13,-0.004206461585780641,0.6666859792224502,0.9718476679308308,0.45505761400023853,0.00018797047798473833
2023-11-14,0.0075880524437001995,0.6717448273962698,1.010742039575702,0.4265694805737083,0.00018991107755496174
2023-11-15,0.0021821085956565955,0.6732106475582191,0.9617718594729485,0.46008425848076245,0.00019449010541375874
2023-11-16,-0.008951451673447575,0.6671844349805514,1.0056490535073275,0.39969956106359117,0.00021003068461631093
2023-11-17,0.001356730363444969,0.6680896243615073,1.0004415087286904,0.49078312880160546,0.0002280674001954079
2023-11-20,0.0007990487799061086,0.6686234605607213,1.0132371595564174,0.38076926239278297,0.00023173346558180084
2023-11-21,-0.0034184949582399815,0.6663377746318335,0.9992118445174348,0.32846462770714824,0.00022464167907873742
2023-11-22,-0.0037169611189079577,0.6638610230314673,1.0016849135400163,0.3442736757072601,0.00023172420712947307
2023-11-24,-0.0011442412037697691,0.663101405895338,1.005042578522707,0.3297076446268695,0.0002438608468272747
2023-11-27,-0.0008050645467109208,0.6625675664625774,1.0036881499772707,0.27847203220975414,0.00024782803981845876
2023-11-28,-0.0004238011328754343,0.662286769577304,1.0049761727202715,0.29126584170103237,0.00025214942731438734
2023-11-29,-0.0006796499246330967,0.6618366464242753,1.000120623056677,0.309219445605541,0.0002581834817205745
2023-11-30,-0.003189898112984424,0.6597254549547426,1.0032317729644764,0.2832117404440241,0.0002494718915078889
2023-12-01,0.002133934209916699,0.6611332656722233,1.0165977941604518,0.33247059778310184,0.00024361825644051094
2023-12-04,-0.0032370399194170396,0.6589931508991878,1.0024167077596555,0.3849160293725702,0.00022995241956751103
2023-12-05,-0.0013334879594810722,0.6581143914670832,1.0012909722900307,0.40806446915030753,0.0002179912464872716
2023-12-06,-0.008426486720906734,0.6525687992865482,0.9934010586816207,0.39970347155041264,0.00020829410740989213
2023-12-07,0.0017462263720271487,0.6537083321334245,1.0114126834695485,0.35999299982472305,0.0002096735886536196
2023-12-08,0.0018730312995707266,0.6549327483003006,1.011176152563954,0.4398452807524455,0.00019690973636133697
2023-12-11,0.007309331696670807,0.6597198689966397,0.9993688082348993,0.3793359762099186,0.00018584096649613852
2023-12-12,-0.009707569705730612,0.6533155923820994,0.9567618293875035,0.4113006233018445,0.00019129954861104052
2023-12-13,0.004685007191335577,0.6563763806306212,0.9908912058034954,0.36941590499975996,0.00019905124123373075
2023-12-14,0.0016880705549193742,0.6574843902717082,1.0156593717853182,0.4578967397651716,0.00021670769045203976
2023-12-15,0.006875468868157597,0.662004903728321,0.9945063972036475,0.42470685072312386,0.00020485795184475245
2023-12-18,0.0022223539732673103,0.663476112956444,1.003368945320593,0.37069555757197126,0.00020756164918022668
2023-12-19,-0.0013139545656667417,0.6626043354886141,0.9852305002432767,0.42459987423954026,0.0001920559537293521
2023-12-20,0.0026459057626091464,0.6643575241182132,0.9774408223505352,0.42702163029612655,0.00017848980584840547
2023-12-21,-0.0037419378618961385,0.6618715395448798,1.0035269756357867,0.4982230912579511,0.0001593921502085993
2023-12-22,0.0018020535856906328,0.6630642675259832,0.9937216673673959,0.3442419247825552,0.00016613935197995567
2023-12-26,-0.0014928508031357701,0.6620744115016765,0.9662484882104148,0.41209800665274804,0.00017070759998440396
2023-12-27,-0.0064687178360561814,0.6577916389471992,0.9318329935381596,0.41509377452124574,0.00017825244459321264
2023-12-28,0.003285847093380756,0.659953041692084,0.999101445709281,0.4579565019232766,0.00021000798914769847
2023-12-29,-0.0031249744123087453,0.6578907053234709,0.996770574166259,0.5051978445645648,0.00023809702047342072
2024-01-02,-0.008358485467412358,0.6523917354238791,1.0083588849588179,0.3483838108278559,0.0002533108538757729
2024-01-03,0.0011155219561380658,0.6531194927287474,0.9912941416013942,0.23697816530287968,0.0002612394321766117
2024-01-04,0.002895655268898345,0.6550107016290876,0.9974738839115986,0.21687307331249578,0.0002702652844779304
2024-01-05,-0.002570189133729306,0.6533272002412841,1.004467314055422,0.2202923099934471,0.0002770614041268218
2024-01-08,-0.0018688735900617148,0.6521062142910842,1.0183317364520894,0.19219733760842547,0.0002844006531453965
2024-01-09,-0.000693504410824608,0.6516539757551472,1.0037164749689722,0.20885162620711184,0.0002797475131981993
2024-01-10,-0.0026815623728966287,0.6499065249736137,1.0043961710560347,0.2903187120941146,0.00026917598752034276
2024-01-11,-0.005315018370627866,0.646452259854188,0.9985424876517794,0.3314026962347564,0.00025314016815335133
2024-01-12,-0.0077437979495854625,0.6414462641698242,0.9933389562048915,0.38582513910160243,0.00023768047792557166
2024-01-16,-0.004601502683178715,0.6384946474641318,1.0015004108618855,0.37206034395570065,0.00023197448905120467
2024-01-17,-4.859549398017471e-05,0.6384636195013346,0.9980161456368484,0.31040148809093226,0.00022494590626007574
2024-01-18,-0.011336151287076435,0.631225899319373,1.0063291931846465,0.3123873024550419,0.00023579425975708986
2024-01-19,-0.00798328925592462,0.6261866403792753,1.0158620680837351,0.3220583955972205,0.00024198893588226578
2024-01-22,0.0022571338973775834,0.6276000274713603,0.998129998512476,0.2825691179446784,0.0002356611993508611
2024-01-23,0.002731690825539701,0.6293144367085124,0.9986913615366558,0.401815757122885,0.00022587355364193
2024-01-24,-0.007852479823874048,0.6243727577913861,0.9939703950779994,0.36553613894731285,0.00023225900860811155
2024-01-25,-0.00834338028733106,0.6191633784320829,0.9946950850907911,0.3502523760018018,0.0002299952298481429
2024-01-26,0.006692419297702257,0.6233070793743323,0.9988541852080214,0.2864343415927761,0.00023053006846914269
2024-01-29,0.00729298750196361,0.6278528501140948,1.0088418724604076,0.34099614061390826,0.000237078239484466
2024-01-30,-0.00306333850859275,0.6259295243006106,1.0016187843406463,0.3825026956666295,0.00024652313271499395
2024-01-31,0.0036150722156915727,0.6281923047328907,0.9867469808805748,0.3006906023090469,0.00024597579978174154
2024-02-01,-0.004965998992294551,0.62507270238062,1.0114347637157126,0.32816825013717127,0.0002530481114426732
2024-02-02,-0.0013226130014755144,0.6242459730975839,1.006121422744986,0.30872662487691716,0.000249306443061168
2024-02-05,-0.0019378778868025526,0.6230362606303925,0.9963963193285805,0.3543520801554702,0.0002403927865614839
2024-02-06,0.007774202753251247,0.6278798708431607,0.9963166237523522,0.37371668507086775,0.00023106434987700493
2024-02-07,-0.0016740709059056558,0.6268287554189783,1.0038874978322636,0.4944511011440589,0.00021461028345738092
2024-02-08,0.0015019888366669676,0.6277702452121194,1.0046881866445636,0.4724270444454896,0.00020192398691803144
2024-02-09,-0.0017397904390391572,0.6266780565415861,1.003752638314074,0.4647540691618289,0.00018982436362573863
2024-02-12,0.0005721470290429576,0.6270366085298028,1.008469446067716,0.43213647130349214,0.00017588973186977305
2024-02-13,-0.004689084612464867,0.6240963808172936,1.0085545256828323,0.35774114249998934,0.00017454767061474586
2024-02-14,-0.00835705322114777,0.6188807741476777,1.0138610042336609,0.4303282691640881,0.00018527490550371747
2024-02-15,-0.0007019824917122719,0.6184463306797687,1.0083363295460135,0.43995372936968463,0.0001732902837486542
2024-02-16,-0.0024744195091186416,0.6169160350137919,0.9788084442739936,0.38994865728194833,0.0001748205735310092
2024-02-20,0.006157431061882601,0.6207146529703592,0.9845686648383338,0.489159961163877,0.00020635237816233565
2024-02-21,0.0009089968716677888,0.6212788806481077,1.0034703749537486,0.4493067700440424,0.00022659900838282684
2024-02-22,-0.0016558155944874642,0.6202501573890048,1.0079371013471432,0.3955448403772239,0.00023930201601282778
2024-02-23,0.008004617289980143,0.6252150225229537,0.9973316988159844,0.3625644882686559,0.00024590903395041436
2024-02-26,0.0034063536633206493,0.6273447260052878,0.9984796727280235,0.32118610891291244,0.0002504061067125342
2024-02-27,0.0017093363838054376,0.6284170691706371,1.0005726837464746,0.32410987862355123,0.000245869147754085
2024-02-28,-0.0025682135780026316,0.6268031599209445,1.003929423956662,0.4648876604358135,0.0002301124939567162
2024-02-29,0.003357383592700991,0.6289075785659162,0.9853744100064078,0.4667873245516038,0.00020818851870859915
2024-03-01,-0.015378559676495596,0.6192358858379399,1.0030053406062904,0.4332992456177276,0.00020462508273668542
2024-03-04,0.0017254838013249785,0.6203043673281524,1.0013248358963696,0.433940155018523,0.00018853672204895922
2024-03-05,0.0037517435091767304,0.6226315902119898,0.986803808217034,0.3440264986177752,0.00017459392653577745
2024-03-06,-0.005318487131652394,0.619320132111687,0.9056102705849753,0.39024943807622103,0.00017196134372291712
2024-03-07,0.00399882980205124,0.6217966879129856,0.9395281441812329,0.39677995232657276,0.0001745796118465979
2024-03-08,0.011297719952902296,0.6288215727606686,0.9452482407156811,0.46847269820140897,0.00019248952331760874
2024-03-11,0.007074598793254783,0.6332702331004938,0.9982798642233205,0.47046940623098754,0.00022122838589045337
2024-03-12,-0.0011297069456963627,0.6325548233196574,0.9992765819754035,0.5063760926198008,0.0002457270951271393
2024-03-13,0.0015782853980566003,0.633553175360773,0.996710916481996,0.32173667192978256,0.0002459209362512961
2024-03-14,-0.0012395601618555574,0.6327678480841787,0.988990755405976,0.4120765957531908,0.00025394035261190563
2024-03-15,4.139271065994876e-05,0.6327940400606294,1.0043375135766408,0.3067381403329732,0.00026093339433130635
2024-03-18,-0.0043646301577187074,0.6300321281097562,1.000203698513661,0.27055942128066807,0.00026317988573193056
2024-03-19,-0.008708166980123888,0.6245457031353336,1.009343708402743,0.28029496325195435,0.0002598432473390189
2024-03-20,0.0006559330278876896,0.6249553632894455,1.0149096961877058,0.24597346093443265,0.000266971935241057
2024-03-21,0.0006279469782897174,0.625347802121389,1.0017109424948172,0.2345606404549187,0.0002654014957162775
2024-03-22,-0.0010520805925580134,0.6246898858351783,0.9949670435081869,0.23836504958605553,0.00025870910598551635
2024-03-25,0.003605232967065497,0.6269420384057837,1.0020878041062078,0.2535439108991705,0.00025883358159417357
2024-03-26,0.0029691303648340384,0.6288035110490052,0.9923536227988144,0.27005459862833775,0.00025625064359477705
2024-03-27,0.0025487778857675725,0.6304061915324599,1.0018278984517406,0.3547963738683201,0.00024185207880803792
2024-03-28,0.002850796105507092,0.6322033510481683,1.0004270588560524,0.3157133640305313,0.00024168135182481493
2024-04-01,-0.002533661814342336,0.6306015615587183,0.99960779310703,0.36194955210243157,0.0002535231342667377
2024-04-02,0.0012769200564084482,0.631406789340275,1.0003461433561534,0.27487991691686664,0.0002532174854757472
2024-04-03,-0.0010644666698970129,0.6307346778578756,1.009489075007934,0.31036125197019115,0.00025667302579798144
2024-04-04,0.0005665001884758158,0.6310919891717603,0.9727444021633967,0.31582314110248055,0.00026007877159203404
2024-04-05,-0.005825102664195003,0.6274158135442838,1.0133433507606537,0.26945895556551547,0.0002637416875590642
2024-04-08,0.004343660364942492,0.6301410947459143,0.991850317005687,0.29655043995316893,0.00025211198738098124
2024-04-09,-0.0003906249978540277,0.6298949458821315,0.9904633658243136,0.2677267490629704,0.00024300628344720417
2024-04-10,-0.0014316416438304724,0.6289931620463682,1.0093718101404738,0.28485811920626963,0.00024225020139073493
2024-04-11,0.0029493381960705722,0.6308482756042588,1.002125389992179,0.2572226046934296,0.00023334947651012567
2024-04-12,-0.005252317778799309,0.6275348599905777,0.9864983175869406,0.34449083730676167,0.00023453125897001618
2024-04-15,0.0019347343724045452,0.6287489732540835,0.9740695713559981,0.270048545544371,0.00022615344710796902
2024-04-16,0.004150831511133157,0.6313588043048592,0.9986285694276381,0.28260071584207486,0.000237116740054441
2024-04-17,0.0004692235803749334,0.6316550527435164,0.9878966058087736,0.2945173665011752,0.00023433226243203863
2024-04-18,-0.0005730896914053485,0.631293057744265,0.9965740818203926,0.2843882584575128,0.00024040138783356624
2024-04-19,0.0006090438928463282,0.6316775429256805,0.9875919985213635,0.3202217416936921,0.0002397325538707138
2024-04-22,-0.0011744933800259538,0.6309356418332032,1.0065079883261607,0.31771005250879936,0.0002536682529417213
2024-04-23,0.00149922538432401,0.6318815565633142,1.0105311423358494,0.2800971656891195,0.0002590155373808163
2024-04-24,0.0004898349058286566,0.6321910742060683,1.0001288786621856,0.3161767227428655,0.0002622580634965976
2024-04-25,0.00880928278228299,0.6377602241511848,1.0042754771600029,0.23728007836504994,0.0002649500195619416
2024-04-26,0.005877676960003075,0.6415087727266846,1.0051478021104827,0.3485519343476707,0.000258781077644503
2024-04-29,-0.0032204619227073072,0.6394428181510357,1.0037854246506275,0.4420355514451258,0.00024008324933224226
2024-04-30,-0.0011736974756895169,0.638692305729524,0.9853336339122282,0.527000439997132,0.00021311341227516867
2024-05-01,0.0033619125305093256,0.640839533395296,0.9848684152217897,0.47784400088951223,0.00020166436964750182
2024-05-02,-0.0003278512454993887,0.6406294333561071,1.00088170741706,0.4209791959289861,0.00019124222456701816
2024-05-03,-0.0035500992994421665,0.6383551352535476,0.9981077897227144,0.38660313493601556,0.00019097874160941582
2024-05-06,-0.0005344061198472305,0.6380139943626322,1.0039529682554207,0.44644934366670386,0.00020451298715681856
2024-05-07,-0.00022448580781431193,0.6378707692757108,0.9917367520836802,0.4534345445708439,0.0002140369767299758
2024-05-08,-0.0017274365570901784,0.6367688879901647,1.0089697500522679,0.4129793828045784,0.00022855379533038157
2024-05-09,-0.004970272627447425,0.6336039730161771,1.0126112968757746,0.3382743619409593,0.0002346263435434422
2024-05-10,-0.0023703782211765834,0.6321020919576886,0.995544699107066,0.3930415722303414,0.0002427479638194381
2024-05-13,0.0022606984767366,0.6335310841941194,0.9922019263403405,0.36220730143269014,0.0002542951630060725
2024-05-14,-0.00010145480967982401,0.6334668094185463,1.008837844064713,0.34263298128140823,0.00026806148377770403
2024-05-15,5.933374977606931e-05,0.6335043953797077,1.0125433890060354,0.2517375307988552,0.0002672119642660587
2024-05-16,-0.0028798900952135,0.6316799723461795,0.9940323293448372,0.26510173720213087,0.0002621044258735346
2024-05-17,-3.85538197522628e-06,0.6316775369786,0.999037360101995,0.2667717453255179,0.00026702400109281983
2024-05-20,0.0038824588655534953,0.6341299990322136,0.9978736926702864,0.2621715093325868,0.00026136698110768817
2024-05-21,-0.0017806955887537113,0.6330008065402405,1.0027144421558432,0.4092316875140683,0.0002478610545258212
2024-05-22,-0.002693156349649839,0.6312960363987732,0.9992124535033252,0.3240378540782318,0.00024640165847073816
2024-05-23,-0.001574478966074433,0.6303020740680971,0.9820624814873594,0.30970710888449166,0.000245804614302589
2024-05-24,-0.005941039307834739,0.6265574246702488,1.0164320689849955,0.38405149108860376,0.00023705022061884696
2024-05-28,-0.0030836448419176987,0.6246253440994991,0.9990435526064959,0.3924780661412953,0.0002195068012833433
2024-05-29,0.0008491220546522626,0.6251557272550687,1.0032055484553686,0.341420549953332,0.00022437606750887068
2024-05-30,0.0016912475553636508,0.6262130203505104,0.997266148589883,0.39460891350852106,0.00021408221779396343
2024-05-31,0.013678012101773662,0.6347783696211529,0.9863324983172993,0.4681908028791726,0.00019758088336608158
2024-06-03,-0.003019000909659564,0.6328619731458344,0.9937235179751601,0.5157792633908886,0.0002275621773162935
2024-06-04,-0.0027370577598965218,0.6311297933712922,1.0028597670712742,0.422596098606531,0.00024271543866884345
2024-06-05,0.0018025813578685934,0.6322674561712187,1.0109091167441018,0.37261995546741655,0.00025578810617728464
2024-06-06,-0.004937244879334224,0.6291457969108677,0.9990833970676726,0.3409016796835419,0.00026521781281630617
2024-06-07,-0.0006439104986881716,0.6287406833270313,1.0017693286889404,0.31224548689378456,0.0002732097956644493
2024-06-10,0.00724630622711242,0.6332967308558629,1.0040194772370163,0.25833758930766704,0.0002707987556215583
2024-06-11,-0.0008017414766271491,0.6327889905997234,1.00134601926858,0.22317509648018843,0.0002693441199993119
2024-06-12,-0.003617207516638521,0.63050006150648,0.9984044201638137,0.2725885230385833,0.0002624887097296611
2024-06-13,0.0011444926822963275,0.6312216642130615,0.9998488277121151,0.28195294009817107,0.0002535905283071518
2024-06-14,-0.002903592457866644,0.6293888537496104,1.0012256517827858,0.37592130395591433,0.00024252098450273574
2024-06-17,-0.0063889249151379834,0.6253677356205793,1.012174169669374,0.33624087598989516,0.0002364984523335401
2024-06-18,-0.002635565936113471,0.6237195377190333,1.0023153455939458,0.3431298012450886,0.00022697115274768545
2024-06-20,0.006517309450743802,0.6277845109568232,0.9851756379047683,0.43500877688796696,0.00021055951782933597
2024-06-21,0.004432832235490514,0.6305673743739343,0.9950071092935101,0.33459416002133735,0.00021196723546067006
2024-06-24,0.006545245583753134,0.6346945926963141,0.9902167895654016,0.3758154721362237,0.00022206058432258616
2024-06-25,-0.0015758733709896333,0.6336943943889729,1.001703854701755,0.4181950469388095,0.0002414456309697649
2024-06-26,-0.001854207099759697,0.6325193937438189,1.0027693821379677,0.3614178331909287,0.00025119070047292027
2024-06-27,-0.0019344352694367073,0.6312958259199581,1.0054762064758787,0.33408528323638476,0.0002577411963170091
2024-06-28,-0.0029596922738454046,0.629427384541472,0.9953906622682724,0.3093826623922972,0.0002515026746277866
2024-07-01,0.002757739211370458,0.6311631811205323,0.9915907280958283,0.29001763455101287,0.0002468300554975213
2024-07-02,-0.004466097542433101,0.6283443447884556,1.0113490452451406,0.44788613548557027,0.00023341784984547256
2024-07-03,0.0068422509012215915,0.6326436344478619,0.9999282630662092,0.3570338083803996,0.0002270028632376334
2024-07-05,-0.007915655392084386,0.6276358454515768,1.0085387253331821,0.337451709050076,0.00023074260200684052
2024-07-08,0.0022572878296835963,0.6290526002069878,0.9996661932113331,0.3705327691229947,0.00023726422028885635
2024-07-09,-0.0018319080738011806,0.6279002336698231,1.0036363622294286,0.30885500217395057,0.00023595563871705026
2024-07-10,-0.004558923824093619,0.6250376843353918,1.0109933814891,0.37991657498258385,0.0002489154890808204
2024-07-11,0.008377714250676682,0.6302740714506583,0.9823465785599504,0.2770599785921399,0.0002434411831559141
2024-07-12,-0.0005297890780698866,0.6299401591314131,1.0083440165575523,0.2343750843150443,0.00025284228953527296
2024-07-15,0.005622262431926428,0.6334818480224594,0.9965268680327953,0.30330752227810304,0.00024645776583625997
2024-07-16,-0.007139423530226119,0.6289591528107168,1.0168890112152225,0.2956273350950418,0.0002535309324243178
2024-07-17,-0.008199783973466324,0.6238018236295345,0.9929014255611422,0.31141475496784926,0.0002468883323683562
2024-07-18,-0.0008682149219298996,0.6232602295779323,0.9906832165638906,0.29424128081530326,0.0002546828676032662
2024-07-19,0.0008241086393812047,0.6237738637177102,0.9922128295979996,0.2529952206013309,0.00025249757474364994
2024-07-22,-0.0006477155615565167,0.6233698356792879,1.004227322192689,0.28941158030676734,0.00025924357962257946
2024-07-23,6.432477920359503e-05,0.6234099338063301,1.001498159304031,0.26237310450412293,0.00026087088432337924
2024-07-24,-0.0032298565094687204,0.6213964091735583,0.9782965598590434,0.2284209386017085,0.00025932076134512773
2024-07-25,-0.0024829113848995332,0.6198535369546856,0.9968929620191995,0.2686727318576585,0.0002603557542913768
2024-07-26,-0.005325714556155492,0.6165523739502415,1.0064307987359637,0.2600638371938078,0.0002638748041982689
2024-07-29,-0.0006753069031760761,0.6161360118759434,0.9985570239853503,0.26131227458288603,0.00026403334854479177
2024-07-30,-0.010093810807538794,0.6099168515403561,0.9984918156023549,0.25237898750146126,0.0002658314272608873
2024-07-31,0.0007745072993199376,0.6103892365938524,1.002227845597138,0.26425956617111074,0.00026644609178649544
2024-08-01,-0.004392279928067233,0.6077082362016529,0.9852548084300737,0.26878162187652055,0.0002618413699702088
2024-08-02,-0.0011085136883831614,0.6070345833032802,0.9895380915461534,0.2850898320833952,0.0002652881119824845
2024-08-05,0.007551154186409503,0.6116183950382861,1.0118719034498147,0.2858640957068806,0.00027081594535740205
2024-08-06,-0.00031391330902030834,0.6114263998840419,1.0067359893861085,0.407583432330627,0.0002486508947680923
2024-08-07,-0.004178414524166563,0.6088716069343075,0.972701947845896,0.4640999223872068,0.00022119484608494798
2024-08-08,-0.001037003376618495,0.6082402050219895,1.0248009147224684,0.3350141656384544,0.00023400516931111406
2024-08-09,-0.000615978087857183,0.6078655423835422,1.0043162478431886,0.40522152282874574,0.00022046329539479124
2024-08-12,-0.002587112274935466,0.6062929259773314,0.9905239405875257,0.4866864433818769,0.00019942929645198112
2024-08-13,0.0025764113742792194,0.6078549859679645,1.0157440613812931,0.46803053990642984,0.00022871912173844696
2024-08-14,-0.008159440617632518,0.6028952293058271,1.0057692034961665,0.3970492535985173,0.000243016464265034
2024-08-15,0.00726123699398773,0.6072729944483612,1.0071954688182467,0.2971254702895107,0.00024290340961617045
2024-08-16,1.536241416211226e-05,0.6072823236276115,1.0079544264045188,0.39163384372718496,0.00025745288564554125
2024-08-19,0.0009052925698078695,0.6078320918029672,1.007215550515806,0.32767685051608125,0.00026072985748546443
2024-08-20,-0.004255985934993101,0.6052451669694163,0.9986824828454499,0.30364038929668274,0.00026688011144613866
2024-08-21,0.004797221434664989,0.6081486620576294,1.0014123438992244,0.25596235314538907,0.0002723942098907573
2024-08-22,-0.003231975764467543,0.6061831403206658,0.9855649724220946,0.2778684643549514,0.00027228765192353676
2024-08-23,-0.0008284720726613459,0.605680934517992,1.0066507076390543,0.25549967965284176,0.00028010114574067023
2024-08-26,-0.005158170900205428,0.602556728746752,0.995328063312025,0.24641766121535308,0.0002777155932057655
2024-08-27,-0.000601477592893862,0.6021943043759634,1.0046588808141366,0.21487306676947854,0.00027819162987923943
2024-08-28,-0.0039580619726437005,0.5998107819996703,0.9915580023830902,0.21298789534451612,0.00027517807994469437
2024-08-29,0.0015439995316244293,0.6007368895661411,0.9933026527135745,0.24422255778977714,0.0002785628498760672
2024-08-30,2.078977566477569e-05,0.6007493787513087,1.005145366913548,0.153057246316132,0.00027742895696240545
2024-09-03,-0.002509718389788862,0.5992416669878023,0.982825532124973,0.22601756180638,0.0002719421591064062
2024-09-04,-0.005368229359508092,0.5960248002776378,1.0027369550670564,0.239031255641134,0.0002731329321873592
2024-09-05,0.004199830412459082,0.5985280033604237,0.9922918956425983,0.2662241900456641,0.0002694185214775207
2024-09-06,-0.0014486766991071987,0.5976609297881923,0.9788833648741933,0.30259054930030715,0.00025833041415572456
2024-09-09,-0.0010702182149442407,0.5970213021747725,1.0059373477862625,0.22538047143733642,0.0002633885187852575
2024-09-10,-0.004142208108702805,0.5945483156958358,0.9992787730087996,0.23084137135476096,0.00026637056679036517
2024-09-11,0.008209766612257141,0.5994294186074092,1.0063647346783762,0.34286683167314574,0.00025442078674312897
2024-09-12,0.0004652254039358983,0.5997082884008119,1.00902581570827,0.42594495985092395,0.0002371082062779082
2024-09-13,0.00026093147532191274,0.5998647711692672,1.002909838622063,0.3063719011695702,0.00023628319669161078
2024-09-16,-0.0041930596163572975,0.5973495024220019,0.9933438291836959,0.48827458295789095,0.00021304899273076283
2024-09-17,0.0038005289759566185,0.59961974651473,0.9519769051841458,0.4393590119754355,0.00019149833865283268
2024-09-18,-0.0005418025745049793,0.5992948709923444,0.9825662445289736,0.3973256419754435,0.00020058316114906862
2024-09-19,0.0015796142091684118,0.6002415256860456,0.9924014085488269,0.5319022388432011,0.00022850587410714793
2024-09-20,-0.006810566948823538,0.5961535405898968,1.0055695301496628,0.3688969781455338,0.0002347949401751473
2024-09-23,-0.0012498720880240732,0.5954084249193368,1.0011890035747555,0.39064144285279706,0.0002428982502552795
2024-09-24,0.001589373446202469,0.5963547512595487,0.9986182981019641,0.284972107564895,0.00023993044874570703
2024-09-25,-0.002424259471075052,0.5949090326056872,0.9985732922715379,0.32370645711495605,0.00023486306164545573
2024-09-26,0.006393712404568763,0.5987127098670482,0.9909526441476633,0.46738134690850397,0.00021086176683756533
2024-09-27,0.000662692181208735,0.5991094720986674,0.901135684064685,0.4998436607988027,0.00017027348647003843
2024-09-30,0.004554838080348178,0.6018383187364797,0.9549061978387834,0.40663406522064893,0.0001853976302703583
2024-10-01,-0.003062482630068142,0.5999951993392398,0.9964178477221208,0.3936272730968592,0.0002067398298614353
2024-10-02,0.002232078015148131,0.6013344354328793,1.0032627792421591,0.42407979944037727,0.0002207360241651825
2024-10-03,-0.0009751469466856566,0.60074804599423,1.005880345728568,0.46595372025894916,0.00024297763418918553
2024-10-04,-0.003907867153638334,0.5984004024376768,1.003771052855959,0.3968381283217063,0.00025501850616497043
2024-10-07,0.002828159808110575,0.6000927744050082,0.9941166784005517,0.28607766878337926,0.0002514496730506353
2024-10-08,0.006695428333183706,0.6041106525692983,0.9975531916314109,0.39842199412217694,0.00023897199324210048
2024-10-09,0.00028487905705065764,0.6042827510423565,1.008851996527816,0.4185488917028021,0.00022988429337148566
2024-10-10,-0.011206555923474526,0.5975108225992093,1.0068355757362926,0.4138113816453198,0.00022166166811821825
2024-10-11,0.0012449167309722675,0.5982546738192001,1.007417665071062,0.38569151833304427,0.00021872609214111817
2024-10-14,0.001965180186751514,0.5994303520508211,1.0007296296795014,0.40060991147494773,0.00022358392838181266
2024-10-15,-0.004005046027012904,0.597029605900869,0.9939663905163478,0.4438075422576836,0.0002411419599917871
2024-10-16,0.001548745466789292,0.5979542527965469,1.0055486485427436,0.3465293981652905,0.0002524684661698479
2024-10-17,-0.005714049872165838,0.5945375123747938,0.9939439443793886,0.33786127182814585,0.0002601462812529056
2024-10-18,-0.002999149334176221,0.5927544055904121,1.0035025483520832,0.26795756559014977,0.00026578566403995875
2024-10-21,0.0021421437164670376,0.5940241707157559,0.9964484914084495,0.28571250363126927,0.00026170297977881434
2024-10-22,-0.0006377203749422522,0.5936453493988822,1.0046710829666547,0.3038379508421482,0.00025898500216225517
2024-10-23,0.0031533315997560596,0.59551731003819,0.992964561914571,0.2895286372017073,0.00025759808856531583
2024-10-24,0.002394745724046743,0.5969434225699998,1.000151981717233,0.3943325238539195,0.0002432469639034672
2024-10-25,0.00590228164253781,0.6004667507746684,0.9916782835957423,0.4480152193337391,0.00022496380841308269
2024-10-28,-0.0003985864378783788,0.6002274128714127,0.9969476968482696,0.49942547311359087,0.00020590998578449475
2024-10-29,-0.005719210532995733,0.5967945859295257,0.9616510239569992,0.4675987537503656,0.0001830638087279697
2024-10-30,-0.005242278323947969,0.5936660226078578,0.9987750076791356,0.5086370572582342,0.0001681840803392234
2024-10-31,0.0013710484950384405,0.5944799675147098,0.9853942020868596,0.3748945786913152,0.0001667263823984349
2024-11-01,-0.0011966998395462891,0.5937685534329714,0.9768734553334646,0.5180492717319807,0.00018571431583125762
2024-11-04,0.0020782814580875275,0.5950025716079665,0.9972881951023626,0.47152359836608376,0.0002109763558779885
2024-11-05,-7.241954961445529e-05,0.5949594817897113,1.0137893697050822,0.4601384871745385,0.0002312141405150053
2024-11-06,-0.0103510023697313,0.5888010547838118,1.0059711050128815,0.44977534404043545,0.00024905134161611856
2024-11-07,0.00921241798765804,0.5942253362120543,0.9975063712704049,0.28345850924822397,0.00024723669382908903
2024-11-08,-0.0037393242585398445,0.5920033349973176,1.0059415888627101,0.2938070277774363,0.0002505430497260995
2024-11-11,-0.009369270981659183,0.5864566953296818,1.003455658667342,0.33771036928394527,0.0002460083835588409
2024-11-12,-0.00685615634917669,0.58243585653448,0.9989350436327906,0.3870384953616782,0.0002347761132302148
2024-11-13,-0.006037244360245997,0.5789195489444122,0.9838613384008241,0.38718372008994556,0.00021945030122635784
2024-11-14,-0.00018939660115147028,0.578809903549502,0.9853822797043421,0.33990468177349337,0.00022437443267535773
2024-11-15,-0.011459597492905482,0.5721769750299173,1.0064343815853063,0.3092989748703813,0.00023363065367922988
2024-11-18,0.007346083235462375,0.5763802347139021,1.012681925886405,0.25427507648842496,0.00023482906599728222
2024-11-19,0.010270263876578367,0.5822998118176581,1.015660470339111,0.32995214725205246,0.0002362377180167091
2024-11-20,-0.006952901265799172,0.5782511387189965,1.0009888856266271,0.34178459599090094,0.0002323193437451802
2024-11-21,0.0050873490040235225,0.581192904073634,1.0005304199894043,0.4894522243286523,0.00021460325827709113
2024-11-22,0.0005770621305045687,0.5815282884890929,1.006558245444541,0.5136834254773145,0.0001901440899400708
2024-11-25,0.0011048366848633862,0.5821707822755015,0.9787044013463906,0.4377339466733175,0.00019433057055347086
2024-11-26,0.002430993791004088,0.5835860358325172,0.9915852909661488,0.4535561747948483,0.00021510768056289686
2024-11-27,0.003197406459586105,0.5854519975932123,0.9961571540536636,0.4939998279496881,0.00024337023428455906
2024-11-29,0.0024134930429355883,0.5868649819163763,1.0023944777767175,0.41291942479475013,0.0002643428677464921
2024-12-02,-0.006779853064414643,0.5828861235703329,1.0068403353315525,0.34592818609483206,0.0002788522098493978
2024-12-03,0.004774168008272239,0.5856689198539482,0.997772886236982,0.20976163960317723,0.00027712973674155045
2024-12-04,0.0011693692797976052,0.5863537830969576,1.0042941394169427,0.25990983208445917,0.0002826357469781395
2024-12-05,0.001350551009487333,0.5871456837906359,0.9914688968107419,0.3141028759172989,0.0002714602259149683
2024-12-06,-0.0026588593331777766,0.5855845460093542,0.9988742593864967,0.3257022049460687,0.0002645995149816342
2024-12-09,0.0006998848921559997,0.5859943877861862,0.9874175191191603,0.45115252214618623,0.00023853038785615245
2024-12-10,-0.004229751595159148,0.5835157770896933,0.9916059752503514,0.24674515295308955,0.00024001137301978023
2024-12-11,-0.006114584474743778,0.5799478205783326,1.0062796669000413,0.3738252116658324,0.0002310148707825045
2024-12-12,-0.00039619640791377364,0.5797180473350421,0.9945371909979831,0.3800568734192977,0.00021985139902801375
2024-12-13,-0.012011857742420862,0.5727545566197395,1.0017843066322496,0.3902162377271453,0.0002143545925555132
2024-12-16,-0.00868956873723803,0.567777566530426,1.0132696095225215,0.352480432824975,0.00022572947109879548
2024-12-17,-0.0018082378137351807,0.5667508896648351,0.9923270856728751,0.5305964135301664,0.00018895764237050538
2024-12-18,0.003356150975124761,0.5686529912158366,0.9666141368986921,0.39688466293502267,0.00016319006127293683
2024-12-19,-0.0065130433915984165,0.5649493296092856,0.9881978163635692,0.32726776385237605,0.00015358539492921325
2024-12-20,0.00718017257264858,0.5690057632906824,1.0115868206969438,0.29023363075316994,0.00014815520013341502
2024-12-23,-0.0022028115963695916,0.5677523507969046,1.006170925620777,0.33765341574539415,0.00015437011924189823
2024-12-24,0.00078895278897817,0.5682002805975147,0.9894877091527414,0.5045766438458992,0.00017596818123878023
2024-12-26,-0.0017203542266576166,0.5672227748432007,0.9475714696110046,0.5500777144002175,0.000196156727409045
2024-12-27,-0.002792580277215073,0.5656387597093864,0.9955487066513441,0.5601657613655042,0.00024062190362635492
2024-12-30,0.00022802727963933123,0.5657677407770214,1.000136414327147,0.399681180523579,0.00026195243984866804
2024-12-31,-0.0037673943449537672,0.5636362705898608,0.9941969043992334,0.22834367124414603,0.0002630403842034946
2025-01-02,0.0032773124864637904,0.5654834827772888,0.9911703985359162,0.24529598208142922,0.00026648774941332755
2025-01-03,-0.0003691642795435879,0.5652747264747755,1.0089040627230346,0.285585275916697,0.00026376522953188667
2025-01-06,0.0008525457476167286,0.5657566490390668,0.9958259230147939,0.3321342014860758,0.00024947092518369176
2025-01-07,-0.0070063717798792835,0.5617927476189604,0.9905593396413576,0.4736511800283294,0.00022250635178754116
2025-01-08,0.00785450191807091,0.5662053498326918,0.9891748344339788,0.37253035943157675,0.0002086936574056843
2025-01-10,-0.011049067901483856,0.5599493084762069,1.0034762211700494,0.28049778546432697,0.00021287727678837663
2025-01-13,0.008052531773139693,0.5644583180740592,1.0039837451250284,0.3431821788557316,0.00021904327095215683
2025-01-14,-0.003925173737804211,0.5622427211078698,1.004230455058296,0.4136673402000206,0.00023454456801013667
2025-01-15,0.0003978704151961221,0.562466420852758,1.0043905754113227,0.39254264289229995,0.00024946608553972667
2025-01-16,-0.004266130748082242,0.5600668655599943,1.0049031491760119,0.29976448528088123,0.000253802941773401
2025-01-17,-0.0007691509954715903,0.5596360895728182,1.0016877520251988,0.3223341551733454,0.00024426077279175013
2025-01-21,0.0017624100339808102,0.5606223978324592,1.0028063137468948,0.33396415424014464,0.00024962525551511846
2025-01-22,0.009472892884531348,0.5659331137557951,0.99320733446238,0.29807550482382633,0.0002466675358694566
2025-01-23,-0.004746166015426323,0.563247101244283,1.0114682479949277,0.31025167887116395,0.000247831702826266
2025-01-24,0.0006423690758912137,0.5636089137642077,0.9968192476025135,0.31653639198849126,0.00024765560423764576
2025-01-27,-0.002059279184057794,0.5624482856601437,0.9998682268282073,0.32705549397997963,0.0002481040664731416
2025-01-28,-0.0003996949317396359,0.5622234779309997,1.0046021766171247,0.3691009667600506,0.000262405666728508
2025-01-29,0.007009382557219057,0.5661643173704682,0.9905064205385827,0.28679514580771676,0.00026209505963243105
2025-01-30,0.0030701441127822804,0.5679025234163105,1.003340173249122,0.311443395266718,0.0002748556946954442
2025-01-31,0.004652583742301708,0.5705447374639694,0.9847461499395325,0.2529315139855526,0.00027222234759184975
2025-02-03,-0.0017629199859101607,0.5695389127434383,1.0148894177251526,0.2671093409089459,0.000275425244613557
2025-02-04,-0.001265357296984737,0.5688182425242816,1.0085939616325443,0.3729624963091565,0.0002607500427804667
2025-02-05,0.00638850406028979,0.5724521401762149,1.0077250525057029,0.38019710305002924,0.0002504146618012842
2025-02-06,0.004892915330210634,0.575253100028695,0.9937846997645938,0.38263062190532154,0.00024202716757840793
2025-02-07,-0.0002965138455902627,0.5750825295198178,0.9880372989980998,0.4306009700575582,0.00022797301515942894
2025-02-10,-0.011803961871868052,0.5682942772681884,1.0119530206419782,0.5017622398904159,0.0002131582469361634
2025-02-11,0.000603699431151794,0.568637356200102,0.9923711776348133,0.3806639417338422,0.00021745333544788488
2025-02-12,-0.007203034644407191,0.5645414416232886,1.0133303175461017,0.3570066943848202,0.00022996870636280968
2025-02-13,0.0026411507742110096,0.5660324806889061,1.0156435058780622,0.32401251394845265,0.00023655799854074996
2025-02-14,-0.005522534724664463,0.5629065466590136,1.0057709533567705,0.30650445321834896,0.00023273596379656914
2025-02-18,-0.009508761136110544,0.5575540027648802,1.0182169207454768,0.4049628407261658,0.00024607548944256894
2025-02-19,-0.006428916527920325,0.5539695346212969,1.0055380899251622,0.33100884062803226,0.0002472917419086259
2025-02-20,0.0005724710664074539,0.5542866661515389,0.9970149512760311,0.28071959442378375,0.0002443119879875933
2025-02-21,-0.004205956138960354,0.5519553607452949,0.96910446652952,0.2914737049582155,0.0002340631633396861
2025-02-24,-0.003414074563783842,0.5500709439878303,0.9890099895891804,0.3543891549024748,0.0002505681804559916
2025-02-25,0.0013390897050014061,0.5508075383259448,0.9833981008481251,0.33999615915227455,0.00026090564448850653
2025-02-26,0.008978630732620507,0.5557530358173172,0.9894296525616155,0.3127096116127613,0.00027074573732713167
2025-02-27,0.0017569929859961864,0.5567294900031943,0.9727980823276334,0.24167974392675143,0.0002723064621740026
2025-02-28,-0.006010846802202097,0.553383074328517,1.0191678588491673,0.26002094468338677,0.00028908152455351803
2025-03-03,-0.002411151802397704,0.5520487837314334,0.9772075259963913,0.21887570760595101,0.00027936292244981175
2025-03-04,0.008294499412024203,0.5566277520435025,0.9898513740007567,0.20920069349771087,0.0002795514608243859
2025-03-05,-0.0017209851488274586,0.5556698039488104,1.0126802383535132,0.33694256356827124,0.00026672492687428243
2025-03-06,-0.010920303878882098,0.5496017208333706,0.9923068799686691,0.25674747967604417,0.0002624635942946602
2025-03-07,-0.0013850917128620521,0.5488404720444695,1.0140918668174115,0.21648255239324196,0.0002665761520689697
2025-03-10,-0.004022120535375762,0.5466329695112141,0.9868335891563307,0.2794969578793281,0.00025952645460876876
2025-03-11,0.01673809764523626,0.5557825655309983,0.9837022412875367,0.2752739586343081,0.00025954144986417566
2025-03-12,0.008897819674101859,0.5607278185771027,0.9906031898156229,0.27562038159663044,0.0002633005813252875
2025-03-13,-0.004326812871645713,0.5583016542341935,0.9865816444764549,0.3828684625869046,0.00024830511750285314
2025-03-14,0.0051222438985776275,0.5611614114761604,1.0112191188737785,0.4488150163288363,0.00023321958131617128
2025-03-17,0.004720570110517963,0.5638104132623508,1.0133080896900677,0.4582517059734655,0.00021588957075937678
2025-03-18,-0.00473047269274951,0.5611433234985255,0.9902139547761402,0.5447381015324887,0.00017380634310134872
2025-03-19,0.005352058277030336,0.5641465952676561,0.9594302740302687,0.4468932632270594,0.00018436771976851313
2025-03-20,-0.0020680430368517078,0.5629799158295492,1.0073147382936745,0.5419236318271833,0.00022312820918891346
2025-03-21,0.004474345106753486,0.5654988822611416,1.010967716556775,0.4523069958478981,0.0002386696322068181
2025-03-24,0.00522899779147501,0.5684558746675668,1.0050689828598116,0.3776922218123993,0.00024783341186245054
2025-03-25,-0.00119229990542713,0.5677781047819611,0.9995010431552157,0.3618598207227521,0.0002532803088280116
2025-03-26,-0.003997246475380911,0.565508555753823,0.9846161531782422,0.3281105869666979,0.00023601080848700305
2025-03-27,-0.0026479008834164874,0.5640111451494628,0.9997108769795109,0.24769728198998997,0.0002359615805414231
2025-03-28,0.0033723440287327655,0.5659131847669463,0.9775702600364538,0.25292152093998427,0.0002425276795166917
2025-03-31,-0.006667071926349855,0.5621402008600354,1.0247431078190687,0.23495202213916067,0.0002529009160523427
2025-04-01,0.0015706188237425422,0.5630231088410885,1.0078895363647593,0.3099556483526347,0.0002713329783899903
2025-04-02,-0.00014950001881575137,0.562938936875723,1.0269617513207616,0.2488784457331505,0.00028393222836289324
2025-04-03,0.0004882880165684167,0.5632138132126592,0.9832019136880408,0.15813604365647452,0.00027633611950462594
2025-04-04,0.017704623319159785,0.5731853016237369,0.9549773851868247,0.24320827195024278,0.0002618732981039782
2025-04-07,0.013197293898219442,0.580749796507405,1.0339428486875741,0.36822724652244654,0.0002579762705379198
2025-04-08,-0.01131677620617022,0.5741775810285518,0.8910561280285203,0.6385195168567692,0.00018623297455122213
2025-04-09,0.029351087713570534,0.5910303175724866,1.0505482966219821,0.618301884511921,0.00017406376516893807
2025-04-10,-0.023188343052572225,0.577325303814145,0.9888762748136042,0.41363890251874513,0.00016348499132092756
2025-04-11,0.0027168442593010766,0.5788938067515618,1.0194682918739333,0.3646221693180895,0.00016047826079149786
2025-04-14,0.0027262375168837227,0.5804720087658195,0.9803999918900306,0.4921884810506898,0.00017777811913436315
2025-04-15,-0.001965236695962047,0.5793312438732141,0.9979820167851013,0.5707510898458057,0.0002233543351360154
2025-04-16,0.007449187666997981,0.583646791030181,0.988654221586998,0.5221009042328576,0.0002463850015440542
2025-04-17,0.009864890488462175,0.5894044027076362,0.9985844881611514,0.3545579003858081,0.00025806920631642335
2025-04-21,0.0027565077802715887,0.591029100529426,0.9816716666184112,0.3488726649859779,0.00026706025240683427
2025-04-22,-0.0003647332741938403,0.5908135325504461,1.015642402799648,0.3704803042229359,0.0002565064635743436
2025-04-23,0.010902329994881388,0.5972547766477526,0.9885438899434684,0.392272313809134,0.0002376497630092254
2025-04-24,0.0010310930581394206,0.5978706019018947,1.022106172312607,0.4931297505528082,0.0002214352864927758
2025-04-25,0.0015776799101490102,0.598813850339384,0.9912889259510087,0.5097477155698474,0.00019754937878247003
2025-04-28,0.0028471682948623123,0.6005187741485947,0.9980265074578123,0.47952141059385067,0.00017941438044457325
2025-04-29,-0.0010382547618530413,0.5998952826717527,0.944404042036501,0.44298655112768914,0.0001756513861096425
2025-04-30,-0.004112865888012407,0.5974279938272725,1.013836861283053,0.39689080825180656,0.00018626184369914178
2025-05-01,0.00178327233721709,0.5984933706421438,0.9425186956175249,0.4401759801170295,0.00018487652868274702
2025-05-02,0.0028916914571848196,0.6002240288092114,0.9905882028873121,0.44353929857553903,0.0002014667207599862
2025-05-05,-0.004019987737720165,0.5978111355735134,1.0057117385894896,0.4762553848687607,0.00021753406759278228
2025-05-06,0.0009287349158964009,0.5983663436482322,1.006334833922257,0.3754217038483866,0.00022804510310081962
2025-05-07,0.00024275428059983284,0.5985115996395196,1.0046632079877316,0.34951339957153327,0.00022457050734969725
2025-05-08,0.0062110067434069105,0.6022289592208879,0.9977306166669093,0.36163893886816934,0.00022360028783242894
2025-05-09,0.0015061046125957045,0.6031359790342092,0.9935643399546737,0.36144132404507645,0.0002165378938272795
2025-05-12,0.007611692391552793,0.6077268645768956,0.9691954896158614,0.48274746701987437,0.00019486148116278076
2025-05-13,-0.0026893334707389638,0.6060924843789217,1.0190894395299162,0.4826545393856919,0.0001883382316986001
2025-05-14,0.0007066577413477049,0.6065207843249807,1.0003750839432908,0.5061733486630199,0.00016270469054602597
2025-05-15,0.006382559868790549,0.6103919395426007,0.997807978588175,0.4506627778396727,0.00014193101566843208
2025-05-16,0.00646222915317507,0.614336432129176,1.0034348119396648,0.3069072047058963,0.000148448706530839
2025-05-19,0.00744380869549488,0.6189094350046185,1.0100392544817578,0.34313858494036403,0.0001588507074457869
2025-05-20,0.002394706627214749,0.6203915415302698,0.9895923306746194,0.45242004171956396,0.00016582470137380944
2025-05-21,-0.007238976445922973,0.6159005417738823,0.9844274729018414,0.6347729286616548,0.0002156954570435804
2025-05-22,0.0008399461372323724,0.6164178650548646,1.0001540662164623,0.5618759537093958,0.00025200366651034024
2025-05-23,0.003891485667495198,0.6188166463419136,1.0068503518741205,0.3228684464755955,0.0002565095139410167
2025-05-27,-0.007745545767304907,0.6140235736861022,1.010627630661914,0.37365693774150294,0.0002482301627763083
2025-05-28,0.005628525451331967,0.6174796209983122,0.9909927862716316,0.3259285663832319,0.00023366898192952367
2025-05-29,0.0017596408312330336,0.6185661633518752,0.9846380962554578,0.5438350883378165,0.00019758240389035662
2025-05-30,0.00491143594396104,0.6216042114402797,0.9044254759513335,0.35851459923809936,0.0001717421389843444
2025-06-02,-0.00465271390877231,0.61871206487996,0.9413996373000049,0.33364716088056284,0.00017657723004925075
2025-06-03,0.0004729099308304896,0.6190046599597664,0.995340714252851,0.45467755398776344,0.00020294542783384613
2025-06-04,-0.0034249738106956196,0.6168845852107057,1.0023324463687524,0.37584013083219375,0.0002067262961641067
2025-06-05,-0.004484574113986506,0.6141181205685524,0.9933893178756326,0.40931817017119876,0.0002203109145354533
2025-06-06,0.003299374578383585,0.616144326283681,0.9990343642697154,0.33034799588141034,0.00021802992970541414
2025-06-09,0.00240855185948452,0.6176283418464624,1.0018933055905492,0.39133726973887406,0.0002149295816786865
2025-06-10,-0.0020000444000335404,0.6163930577400504,1.0040508641899644,0.44667854818284286,0.00020237347698737407
2025-06-11,0.007070684733349708,0.6207513787231557,0.9866880654593223,0.41175748653448274,0.00020687316391213215
2025-06-12,-0.0039046005586130805,0.6183275925430334,1.0093621848721188,0.36852360543397283,0.00021178054059110948
2025-06-13,-0.0034703218509933853,0.6161817967875591,1.0008751654805272,0.45458744643515453,0.0002224363981870447
2025-06-16,0.0024045765497326954,0.6176634530864866,1.0047039767411488,0.3530608435012954,0.000228879726914383
2025-06-17,-0.0034454250548817678,0.6155353399497376,0.9930611820048425,0.36265875619037397,0.0002311204911312204
2025-06-18,0.004475642428566129,0.6182902560334985,0.9947297065054549,0.3069486743250148,0.00022954504014021277
2025-06-20,0.0017590388268002854,0.6193778526000937,0.9922846767941621,0.37867539311515347,0.00021981795996780945
2025-06-23,0.007917275833682291,0.6242816379044025,0.99102544462154,0.4417434178796694,0.000196805647191487
2025-06-24,0.003710805110270776,0.6265982253965864,0.9728793088105308,0.33914615714269986,0.00018838792438301326
2025-06-25,-0.0021292817071729697,0.6252640212575024,0.9217865778978296,0.3551443341714003,0.0001737266753372285
2025-06-26,0.0001399608762469029,0.6253515337578033,0.9183472421723414,0.3638153321321554,0.0001687969795240068
2025-06-27,-0.0034692872226488314,0.6231820096720735,0.9722549960136044,1.4408171053287702,0.00019948717969848248
