date,nav,return,gross_return,cost_return,traded_entry_notional_ratio,EURUSD,GBPUSD,USDJPY
2010-01-01,100000.0,0.0,0.0,0.0,0.0,0.0,0.0,0.0
2010-01-04,100000.0,0.0,0.0,0.0,0.0,0.0,0.0,0.0
2010-01-05,99998.46824542129,-1.5317545787096876e-05,5.801578754619878e-05,7.333333333333334e-05,0.33333333333333337,0.0,0.0,-1.5317545787134562e-05
2010-01-06,99901.22679151269,-0.0009724294343184114,-0.0008990954882738267,7.333394604455006e-05,0.33333333333333337,0.0,0.0,-0.0009724294343183768
2010-01-07,99650.77235758827,-0.002507020603932153,-0.002360297028884147,0.00014672357504801468,0.6666666666666666,0.0,-0.0005171169290373341,-0.001989903674894828
2010-01-08,99650.77235758827,0.0,0.0,0.0,0.0,0.0,0.0,0.0
2010-01-11,99650.77235758827,0.0,0.0,0.0,0.0,0.0,0.0,0.0
2010-01-12,99650.77235758827,0.0,0.0,0.0,0.0,0.0,0.0,0.0
2010-01-13,99515.58915231882,-0.001356569568616628,-0.001283031903081729,7.353766553487894e-05,0.3333333333333333,0.0,-0.001356569568616608,0.0
2010-01-14,99575.94379703424,0.0006064843230042527,0.000680012363861134,7.35280408567706e-05,0.3333333333333333,0.0,0.0,0.0006064843230043634
2010-01-15,99505.27373923418,-0.0007097101479058843,-0.0006362382816476423,7.347186625829366e-05,0.3333333333333333,-0.0007097101479059359,0.0,0.0
2010-01-18,99505.27373923418,0.0,0.0,0.0,0.0,0.0,0.0,0.0
2010-01-19,99605.04597551408,0.001002682898409546,0.0010761612980661659,7.347839965656037e-05,0.33333333333333337,0.0,0.0010026828984096054,0.0
2010-01-20,99401.32892186452,-0.0020452483270740895,-0.0018983593622982817,0.00014688896477580392,0.6666666666666667,-0.0015171833985167865,-0.0005280649285572992,0.0
2010-01-21,99378.45527177278,-0.00023011412764639694,-0.0001565477110046694,7.356641664168581e-05,0.3333333333333333,0.0,-0.00023011412764635525,0.0
2010-01-22,99421.05369607909,0.0004286484851250272,0.0005022068809416025,7.355839581659675e-05,0.3333333333333333,0.00042864848512500577,0.0,0.0
2010-01-25,99421.05369607909,0.0,0.0,0.0,0.0,0.0,0.0,0.0
2010-01-26,99424.56591542214,3.5326716147920934e-05,0.00010889842144642022,7.357170529848656e-05,0.3333333333333333,3.532671614793367e-05,0.0,0.0
2010-01-27,99424.56591542214,0.0,0.0,0.0,0.0,0.0,0.0,0.0
2010-01-28,99513.93106981026,0.000898823681706018,0.0010459267316449787,0.0001471030499389743,0.6666666666666666,0.0,0.000459028226854539,0.00043979545485146534
2010-01-29,99484.93670569854,-0.0002913598508271775,-0.0002178311402537547,7.35287105734702e-05,0.3333333333333333,0.0,0.0,-0.0002913598508272249
2010-02-01,99484.93670569854,0.0,0.0,0.0,0.0,0.0,0.0,0.0
2010-02-02,99484.93670569854,0.0,0.0,0.0,0.0,0.0,0.0,0.0
2010-02-03,99484.93670569854,0.0,0.0,0.0,0.0,0.0,0.0,0.0
2010-02-04,99466.6063999746,-0.00018425207203143223,-0.00011071718258470753,7.353488944666025e-05,0.3333333333333333,-0.00018425207203136778,0.0,0.0
2010-02-05,99459.79420493652,-6.848725702657266e-05,7.861234341273911e-05,0.0001470996004392324,0.6666666666666666,-7.354783491103089e-05,5.060577884537588e-06,0.0
2010-02-08,99459.79420493652,0.0,0.0,0.0,0.0,0.0,0.0,0.0
2010-02-09,99220.70084826631,-0.002403919680122879,-0.002256705666278336,0.00014721401384446562,0.6666666666666666,-0.0012887372326168696,-0.0011151824475059313,0.0
2010-02-10,99220.70084826631,0.0,0.0,0.0,0.0,0.0,0.0,0.0
2010-02-11,99220.70084826631,0.0,0.0,0.0,0.0,0.0,0.0,0.0
2010-02-12,99051.98538972436,-0.0017004058336571592,-0.0016268396743385205,7.35661593186274e-05,0.3333333333333333,-0.001700405833657148,0.0,0.0
2010-02-15,99051.98538972436,0.0,0.0,0.0,0.0,0.0,0.0,0.0
2010-02-16,99119.11004998662,0.0006776710229294824,0.0007513496239592483,7.367860102966185e-05,0.3333333333333333,0.0006776710229295864,0.0,0.0
2010-02-17,99119.11004998662,0.0,0.0,0.0,0.0,0.0,0.0,0.0
2010-02-18,99111.9611492502,-7.212434345715835e-05,7.52570609286648e-05,0.00014738140438586686,0.6666666666666666,0.0004327743162165526,-0.0005048986596737547,0.0
2010-02-19,99111.9611492502,0.0,0.0,0.0,0.0,0.0,0.0,0.0
2010-02-22,99111.9611492502,0.0,0.0,0.0,0.0,0.0,0.0,0.0
2010-02-23,99611.56510027853,0.0050408038064748695,0.00518792787326002,0.00014712406678511183,0.6666666666666667,0.0024768596422778863,0.0025639441641970217,0.0
2010-02-24,99611.56510027853,0.0,0.0,0.0,0.0,0.0,0.0,0.0
2010-02-25,99560.58277526061,-0.0005118113039042083,-0.0002913610994839851,0.00022045020442024803,1.0,-0.0001451575615632556,-0.0003565053261492248,-1.014841619175268e-05
2010-02-26,99560.58277526061,0.0,0.0,0.0,0.0,0.0,0.0,0.0
2010-03-01,98989.04152750727,-0.005740637828963724,-0.005593913091453443,0.00014672473751034472,0.6666666666666666,0.0,-0.0059735039360937206,0.00023286610712993259
2010-03-02,99079.83232127737,0.0009171802491376724,0.0009909716443418462,7.37913952042509e-05,0.3333333333333333,0.0,0.0009171802491375953,0.0
2010-03-03,99079.83232127737,0.0,0.0,0.0,0.0,0.0,0.0,0.0
2010-03-04,99197.89812728262,0.001191622989655583,0.0013390995820207565,0.00014747659236516813,0.6666666666666666,0.0003311964390029163,0.0008604265506526722,0.0
2010-03-05,99197.89812728262,0.0,0.0,0.0,0.0,0.0,0.0,0.0
2010-03-08,99189.86560476151,-8.097472499679625e-05,-7.317590756376428e-06,7.365713424037071e-05,0.33333333333333337,-8.097472499674714e-05,0.0,0.0
2010-03-09,99126.70258728437,-0.0006367890216609773,-0.0004894873039005636,0.0001473017177604304,0.6666666666666666,0.0,-0.00044063864789031684,-0.00019615037377067706
2010-03-10,99225.79801912431,0.000999684537601686,0.0011471133528040411,0.00014742881520236109,0.6666666666666666,0.0008745766031728889,0.0001251079344287912,0.0
2010-03-11,99225.79801912431,0.0,0.0,0.0,0.0,0.0,0.0,0.0
2010-03-12,99225.79801912431,0.0,0.0,0.0,0.0,0.0,0.0,0.0
2010-03-15,99183.08389887895,-0.00043047394022599494,-0.0003568463521563814,7.362758806964953e-05,0.3333333333333333,-0.0004304739402260309,0.0,0.0
2010-03-16,99373.57362405909,0.0019205868348917132,0.0019943493435266766,7.37625086350549e-05,0.3333333333333333,0.0,0.0019205868348916215,0.0
2010-03-17,99373.57362405909,0.0,0.0,0.0,0.0,0.0,0.0,0.0
2010-03-18,99452.33942383996,0.0007926231985864174,0.0010133950379926557,0.00022077183940610564,1.0,-0.00017844115334545642,0.00033903781851911185,0.0006320265334128945
2010-03-19,99437.14347730501,-0.0001527962702836394,-7.924662871631552e-05,7.354964156740974e-05,0.3333333333333333,0.0,-0.00015279627028372527,0.0
2010-03-22,99437.14347730501,0.0,0.0,0.0,0.0,0.0,0.0,0.0
2010-03-23,99327.81616347599,-0.0010994615292220233,-0.0009523896480136592,0.00014707188120826302,0.6666666666666667,-0.0004827338429070999,-0.0006167276863148223,0.0
2010-03-24,99238.38364439194,-0.0009003773820704941,-0.0008268146963822016,7.356268568832009e-05,0.3333333333333333,-0.0009003773820705218,0.0,0.0
2010-03-25,99238.38364439194,0.0,0.0,0.0,0.0,0.0,0.0,0.0
2010-03-26,99219.4464112667,-0.0001908256909252115,-0.00011717951402911987,7.364617689610232e-05,0.33333333333333337,-0.00019082569092522222,0.0,0.0
2010-03-29,99219.4464112667,0.0,0.0,0.0,0.0,0.0,0.0,0.0
2010-03-30,99203.80910284638,-0.00015760326212166387,-1.0306724792149256e-05,0.00014729653732948038,0.6666666666666666,0.0006269728955713427,-0.0007845761576929724,0.0
2010-03-31,99145.87638018474,-0.0005839767967134035,-0.0005103224309905101,7.365436572285708e-05,0.3333333333333333,0.0,0.0,-0.0005839767967133672
2010-04-01,99145.87638018474,0.0,0.0,0.0,0.0,0.0,0.0,0.0
2010-04-02,99145.87638018474,0.0,0.0,0.0,0.0,0.0,0.0,0.0
2010-04-05,99145.87638018474,0.0,0.0,0.0,0.0,0.0,0.0,0.0
2010-04-06,99098.33489969025,-0.00047951041667315675,-0.000258509256632252,0.00022100116004094547,1.0,-0.0003222121223160415,-0.0004774720246341908,0.000320173730277035
2010-04-07,99098.33489969025,0.0,0.0,0.0,0.0,0.0,0.0,0.0
2010-04-08,99189.7634211478,0.0009226040129746149,0.0009963511114923218,7.374709851778484e-05,0.33333333333333337,0.0,0.0009226040129745371,0.0
2010-04-09,99189.7634211478,0.0,0.0,0.0,0.0,0.0,0.0,0.0
2010-04-12,99189.7634211478,0.0,0.0,0.0,0.0,0.0,0.0,0.0
2010-04-13,99113.51756980996,-0.0007686866941511994,-0.0006950266188029779,7.366007534819712e-05,0.3333333333333333,0.0,0.0,-0.000768686694151175
2010-04-14,99113.51756980996,0.0,0.0,0.0,0.0,0.0,0.0,0.0
2010-04-15,99113.51756980996,0.0,0.0,0.0,0.0,0.0,0.0,0.0
2010-04-16,99149.67774912888,0.00036483600023018425,0.0005859403906967783,0.00022110439046647734,1.0,-2.689494712376241e-05,0.0005014214979871303,-0.000109690550633067
2010-04-19,99088.0624720408,-0.000621436987863766,-0.0004741079348020705,0.00014732905306179107,0.6666666666666666,-0.0005543238983198832,-6.711308954397829e-05,0.0
2010-04-20,99088.0624720408,0.0,0.0,0.0,0.0,0.0,0.0,0.0
2010-04-21,99088.0624720408,0.0,0.0,0.0,0.0,0.0,0.0,0.0
2010-04-22,99175.98984114821,0.0008873659138528556,0.0009610193283662676,7.365341451329402e-05,0.33333333333333337,0.0,0.0008873659138529736,0.0
2010-04-23,99175.98984114821,0.0,0.0,0.0,0.0,0.0,0.0,0.0
2010-04-26,99184.06911522087,8.146401246511559e-05,0.0001551219323021602,7.365791983704786e-05,0.3333333333333333,0.0,8.146401246511236e-05,0.0
2010-04-27,98917.58118705635,-0.0026868017267465127,-0.002539603925809209,0.0001471978009373931,0.6666666666666667,-0.0015619953742742677,-0.0011248063524723342,0.0
2010-04-28,98917.58118705635,0.0,0.0,0.0,0.0,0.0,0.0,0.0
2010-04-29,98917.58118705635,0.0,0.0,0.0,0.0,0.0,0.0,0.0
2010-04-30,98917.58118705635,0.0,0.0,0.0,0.0,0.0,0.0,0.0
2010-05-03,98917.57543309125,-5.8169286276665844e-08,0.00014749128260449496,0.00014754945189082648,0.6666666666666666,-6.621580715951172e-05,6.615763787318019e-05,0.0
2010-05-04,98917.57543309125,0.0,0.0,0.0,0.0,0.0,0.0,0.0
2010-05-05,98933.81108416585,0.00016413312804641755,0.00023789227444837022,7.37591464018583e-05,0.3333333333333333,0.0,0.00016413312804651193,0.0
2010-05-06,98915.01410627128,-0.0001899954897984779,3.124709474548283e-05,0.000221242584543989,1.0,-0.00177757628844705,0.0006174927489348765,0.0009700880497136672
2010-05-07,98526.05654464338,-0.003932239864112175,-0.003710966750623102,0.00022127311348906363,1.0000000000000002,-0.00047230284161839446,-0.0013352371594161582,-0.0021246998630776127
2010-05-10,98433.09506446526,-0.0009435217792969075,-0.0007216976405961528,0.00022182413870076108,1.0,0.0015649873270541595,-0.0022918084435432523,-0.00021670066280782093
2010-05-11,97962.78950856757,-0.004777921039561761,-0.004556170948454027,0.00022175009110776624,1.0000000000000002,-0.0018759362491933198,-0.0014743658220010734,-0.0014276189683674
2010-05-12,97962.78950856757,0.0,0.0,0.0,0.0,0.0,0.0,0.0
2010-05-13,98254.55654774314,0.00297834555997456,0.003126519561325925,0.00014817400135130887,0.6666666666666667,0.0012676813515311114,0.0017106642084435046,0.0
2010-05-14,98254.55654774314,0.0,0.0,0.0,0.0,0.0,0.0,0.0
2010-05-17,98664.04193213377,0.004167596890956027,0.004315900512959751,0.00014830362200372166,0.6666666666666667,0.002175269033747294,0.0019923278572087353,0.0
2010-05-18,98664.04193213377,0.0,0.0,0.0,0.0,0.0,0.0,0.0
2010-05-19,98664.04193213377,0.0,0.0,0.0,0.0,0.0,0.0,0.0
2010-05-20,98664.04193213377,0.0,0.0,0.0,0.0,0.0,0.0,0.0
2010-05-21,98583.05583722061,-0.0008208268516797235,-0.0005991402589780038,0.00022168659270173526,1.0,-0.0012183258434701587,-0.00016419801485709958,0.0005616970066475192
2010-05-24,98343.3114495207,-0.002431902578631573,-0.002358112226892121,7.379035173940569e-05,0.3333333333333333,-0.0024319025786315265,0.0,0.0
2010-05-25,98238.71230491072,-0.0010636121874304516,-0.0008415850651504927,0.0002220271222799096,1.0,-0.000752282876421326,0.0007163786673304307,-0.001027707978339507
2010-05-26,98309.65305441135,0.00072212621517731,0.00087027068754586,0.00014814447236857374,0.6666666666666667,0.0004926117133769632,0.00022951450180032303,0.0
2010-05-27,98203.33599862628,-0.001081450828905095,-0.0008593731409520798,0.0002220776879530263,1.0,0.0003196950986872057,-0.0007556478014095734,-0.0006454981261827386
2010-05-28,98212.92081854749,9.760177517126323e-05,0.00017166692234082959,7.406514716963675e-05,0.33333333333333337,0.0,0.0,9.760177517119285e-05
2010-05-31,98192.40917239636,-0.00020884875411675274,-0.00013478758205646516,7.406117206027812e-05,0.33333333333333337,0.0,0.0,-0.00020884875411674328
2010-06-01,98089.34890671344,-0.0010495746723352406,-0.000975553770228362,7.402090210697259e-05,0.3333333333333333,-0.0010495746723353345,0.0,0.0
2010-06-02,98051.37433397867,-0.0003871426730630567,-0.00023897263149767298,0.00014817004156543934,0.6666666666666666,0.0,0.0010243333529193247,-0.001411476025982437
2010-06-03,98160.14521933385,0.0011093254540694986,0.0012575191261489835,0.00014819367207959653,0.6666666666666666,0.0007340389594222198,0.0003752864946471669,0.0
2010-06-04,98160.14521933385,0.0,0.0,0.0,0.0,0.0,0.0,0.0
2010-06-07,98160.14521933385,0.0,0.0,0.0,0.0,0.0,0.0,0.0
2010-06-08,98236.84620649401,0.0007813862437628938,0.0009295322995184949,0.00014814605575547612,0.6666666666666667,0.00032759384798516645,0.0,0.0004537923957778522
2010-06-09,98236.84620649401,0.0,0.0,0.0,0.0,0.0,0.0,0.0
2010-06-10,98181.03659489041,-0.000568112818751243,-0.0004940368640315995,7.407595471959509e-05,0.3333333333333333,-0.0005681128187511946,0.0,0.0
2010-06-11,98181.03659489041,0.0,0.0,0.0,0.0,0.0,0.0,0.0
2010-06-14,97983.16667360273,-0.002015357834365905,-0.0019411863766493436,7.417145771653864e-05,0.3333333333333333,0.0,-0.002015357834365882,0.0
2010-06-15,98180.40061102624,0.0020129369576360467,0.0021613439415730795,0.00014840698393698635,0.6666666666666666,0.0017985471006283689,0.0,0.0002143898570077244
2010-06-16,98180.40061102624,0.0,0.0,0.0,0.0,0.0,0.0,0.0
2010-06-17,98731.4062736839,0.005612175742087722,0.005760613097355316,0.00014843735526764138,0.6666666666666667,0.0025214562399028797,0.0030907195021847955,0.0
2010-06-18,98731.4062736839,0.0,0.0,0.0,0.0,0.0,0.0,0.0
2010-06-21,98661.50331034495,-0.000708011421868826,-0.0004865319844935176,0.000221479437375374,1.0,0.000773845945372285,0.00032722580610172286,-0.0018090831733428995
2010-06-22,98661.50331034495,0.0,0.0,0.0,0.0,0.0,0.0,0.0
2010-06-23,98661.50331034495,0.0,0.0,0.0,0.0,0.0,0.0,0.0
2010-06-24,98661.50331034495,0.0,0.0,0.0,0.0,0.0,0.0,0.0
2010-06-25,98661.50331034495,0.0,0.0,0.0,0.0,0.0,0.0,0.0
2010-06-28,98661.50331034495,0.0,0.0,0.0,0.0,0.0,0.0,0.0
2010-06-29,98723.83901127004,0.0006318138162664244,0.0007056898117910511,7.387599552466229e-05,0.3333333333333333,0.0,0.0,0.0006318138162663887
2010-06-30,98614.28434071167,-0.0011097083709018518,-0.0010358061843080968,7.390218659371061e-05,0.3333333333333333,-0.0011097083709018074,0.0,0.0
2010-07-01,98614.28434071167,0.0,0.0,0.0,0.0,0.0,0.0,0.0
2010-07-02,98740.26989068605,0.00127755883254288,0.0013514542409015138,7.3895408358692e-05,0.33333333333333337,0.0,0.0,0.0012775588325428218
2010-07-05,98740.26989068605,0.0,0.0,0.0,0.0,0.0,0.0,0.0
2010-07-06,98740.26989068605,0.0,0.0,0.0,0.0,0.0,0.0,0.0
2010-07-07,98740.26989068605,0.0,0.0,0.0,0.0,0.0,0.0,0.0
2010-07-08,98821.18522211735,0.0008194765066054099,0.0008933201606461755,7.384365404066321e-05,0.33333333333333337,0.0,0.0,0.0008194765066055123
2010-07-09,98821.18522211735,0.0,0.0,0.0,0.0,0.0,0.0,0.0
2010-07-12,98932.64348175633,0.0011278781911840952,0.0012755629372642001,0.00014768474608019294,0.6666666666666666,-1.2855214120125664e-05,0.0011407334053041328,0.0
2010-07-13,98932.64348175633,0.0,0.0,0.0,0.0,0.0,0.0,0.0
2010-07-14,98932.64348175633,0.0,0.0,0.0,0.0,0.0,0.0,0.0
2010-07-15,98932.64348175633,0.0,0.0,0.0,0.0,0.0,0.0,0.0
2010-07-16,98932.64348175633,0.0,0.0,0.0,0.0,0.0,0.0,0.0
2010-07-19,98932.64348175633,0.0,0.0,0.0,0.0,0.0,0.0,0.0
2010-07-20,99461.60297147455,0.005346662851637651,0.00549391791995087,0.00014725506831314244,0.6666666666666666,0.0029438952513335358,0.0024027676003041923,0.0
2010-07-21,99461.60297147455,0.0,0.0,0.0,0.0,0.0,0.0,0.0
2010-07-22,99556.62730127647,0.0009553870736345171,0.0010289369315411578,7.354985790661207e-05,0.3333333333333333,0.0,0.0,0.0009553870736345458
2010-07-23,99556.62730127647,0.0,0.0,0.0,0.0,0.0,0.0,0.0
2010-07-26,99401.30080301968,-0.0015601824054037872,-0.0014130888064993003,0.00014709359890445603,0.6666666666666667,-0.000499324928812923,-0.001060857476590833,0.0
2010-07-27,99401.30080301968,0.0,0.0,0.0,0.0,0.0,0.0,0.0
2010-07-28,99401.30080301968,0.0,0.0,0.0,0.0,0.0,0.0,0.0
2010-07-29,99401.30080301968,0.0,0.0,0.0,0.0,0.0,0.0,0.0
2010-07-30,99401.30080301968,0.0,0.0,0.0,0.0,0.0,0.0,0.0
2010-08-02,99401.30080301968,0.0,0.0,0.0,0.0,0.0,0.0,0.0
2010-08-03,99401.30080301968,0.0,0.0,0.0,0.0,0.0,0.0,0.0
2010-08-04,99373.43947402501,-0.0002802913922613781,-0.00020671713685072038,7.35742554106678e-05,0.33333333333333337,0.0,0.0,-0.0002802913922613882
2010-08-05,99456.64367894505,0.0008372881663394338,0.0009109192500589282,7.363108371959027e-05,0.33333333333333337,0.0,0.0008372881663393378,0.0
2010-08-06,99456.64367894505,0.0,0.0,0.0,0.0,0.0,0.0,0.0
2010-08-09,99440.81310191458,-0.0001591706340058341,-8.561877074793797e-05,7.355186325791391e-05,0.33333333333333337,0.0,0.0,-0.00015917063400585187
2010-08-10,99227.706500294,-0.002143049669175223,-0.001996032939050263,0.0001470167301249098,0.6666666666666666,-0.0006203068476858704,-0.0015227428214893023,0.0
2010-08-11,98919.36110826377,-0.0031074525745420356,-0.0029603112800048455,0.00014714129453720248,0.6666666666666666,-0.0013546307574427696,-0.0017528218170992783,0.0
2010-08-12,99316.91826989749,0.004019002520635029,0.004166390831481366,0.0001473883108462199,0.6666666666666666,0.002972606719238047,0.0,0.0010463958013970987
2010-08-13,99575.83505894656,0.00260697566496626,0.002754054852752967,0.00014707918778679224,0.6666666666666667,0.001478954321528221,0.0011280213434379537,0.0
2010-08-16,99575.83505894656,0.0,0.0,0.0,0.0,0.0,0.0,0.0
2010-08-17,99575.83505894656,0.0,0.0,0.0,0.0,0.0,0.0,0.0
2010-08-18,99814.69620148234,0.002398786235579875,0.002472413578297713,7.362734271782216e-05,0.33333333333333337,0.0,0.0023987862355798906,0.0
2010-08-19,100240.16308403738,0.004262567525088912,0.0044829678703336056,0.00022040034524473687,0.9999999999999999,0.001109499586376016,0.0022948650924560906,0.0008582028462567621
2010-08-20,100240.16308403738,0.0,0.0,0.0,0.0,0.0,0.0,0.0
2010-08-23,100266.29215854625,0.00026066472464680857,0.000333885528630673,7.32208039837541e-05,0.3333333333333333,0.0,0.0002606647246469189,0.0
2010-08-24,100263.5103297891,-2.7744406392749e-05,4.548496721830849e-05,7.32293736110094e-05,0.3333333333333333,0.0,-2.774440639270091e-05,0.0
2010-08-25,100263.5103297891,0.0,0.0,0.0,0.0,0.0,0.0,0.0
2010-08-26,100399.73110664416,0.0013586276443642298,0.0015050088063684277,0.00014638116200411139,0.6666666666666666,0.0008336397960422428,0.0005249878483220736,0.0
2010-08-27,100372.23242961486,-0.0002738919390141703,-0.0002007178615283101,7.317407748583726e-05,0.33333333333333337,0.0,0.0,-0.0002738919390141473
2010-08-30,100143.69178542319,-0.002276930966459645,-0.002203745973925623,7.318499253404868e-05,0.3333333333333333,0.0,0.0,-0.0022769309664596713
2010-08-31,100138.51950793457,-5.164856014794328e-05,9.486482763402618e-05,0.000146513387782011,0.6666666666666666,0.0,-0.0008430454075548675,0.0007913968474068827
2010-09-01,100121.85920501765,-0.00016637257070295508,-9.308991403256252e-05,7.328265667030993e-05,0.3333333333333333,0.0,-0.00016637257070287244,0.0
2010-09-02,100121.85920501765,0.0,0.0,0.0,0.0,0.0,0.0,0.0
2010-09-03,100121.85920501765,0.0,0.0,0.0,0.0,0.0,0.0,0.0
2010-09-06,100121.85920501765,0.0,0.0,0.0,0.0,0.0,0.0,0.0
2010-09-07,99997.65929048354,-0.001240487497138787,-0.0010939703142743837,0.00014651718286442313,0.6666666666666666,-0.001115534353224571,0.0,-0.00012495314391423594
2010-09-08,99939.70157149652,-0.0005795907564061231,-0.0004329005720994742,0.0001466901843067172,0.6666666666666666,-0.00037028775801118313,-0.00020930299839500824,0.0
2010-09-09,99973.66469721014,0.0003398361730080346,0.0005599266127755964,0.0002200904397676441,1.0,0.0007415591442028279,-0.0005275321905211011,0.00012580921932622559
2010-09-10,99973.66469721014,0.0,0.0,0.0,0.0,0.0,0.0,0.0
2010-09-13,100157.33785625806,0.0018372154267247698,0.002057169561557992,0.00021995413483325512,1.0,4.896921479478207e-05,0.0013539376178635526,0.00043430859406640236
2010-09-14,100152.15728946067,-5.172428609101498e-05,9.4801240970203e-05,0.00014652552706130814,0.6666666666666666,0.0,-0.000382596047109859,0.0003308717610187538
2010-09-15,100296.23426669039,0.0014385808666437239,0.0015851747687073796,0.00014659390206358478,0.6666666666666666,0.0,0.0009022045638266869,0.0005363763028171078
2010-09-16,100296.23426669039,0.0,0.0,0.0,0.0,0.0,0.0,0.0
2010-09-17,100633.55589317123,0.0033632531564833368,0.0035095080602981126,0.00014625490381469115,0.6666666666666666,0.002127466277675411,0.0012357868788080103,0.0
2010-09-20,100705.77907806337,0.0007176849138552654,0.0007907268839512834,7.30419700959894e-05,0.33333333333333337,0.0007176849138552941,0.0,0.0
2010-09-21,100687.41509157405,-0.00018235285658319,-0.00010929985634877683,7.305300023446866e-05,0.33333333333333337,0.0,0.0,-0.00018235285658324552
2010-09-22,100567.42656516343,-0.0011916933839396515,-0.001045520618808212,0.00014617276513136497,0.6666666666666667,-0.001887905639484969,0.000696212255545392,0.0
2010-09-23,100567.42656516343,0.0,0.0,0.0,0.0,0.0,0.0,0.0
2010-09-24,100567.42656516343,0.0,0.0,0.0,0.0,0.0,0.0,0.0
2010-09-27,100567.42656516343,0.0,0.0,0.0,0.0,0.0,0.0,0.0
2010-09-28,100567.42656516343,0.0,0.0,0.0,0.0,0.0,0.0,0.0
2010-09-29,100561.30589950005,-6.0861313373905546e-05,1.2245717672517326e-05,7.310703104640518e-05,0.3333333333333333,-6.086131337388786e-05,0.0,0.0
2010-09-30,100577.67617101151,0.00016278897101651424,0.00023589903521292754,7.311006419637086e-05,0.3333333333333333,0.0,0.0,0.0001627889710165567
2010-10-01,100577.67617101151,0.0,0.0,0.0,0.0,0.0,0.0,0.0
2010-10-04,100577.67617101151,0.0,0.0,0.0,0.0,0.0,0.0,0.0
2010-10-05,100577.67617101151,0.0,0.0,0.0,0.0,0.0,0.0,0.0
2010-10-06,100577.67617101151,0.0,0.0,0.0,0.0,0.0,0.0,0.0
2010-10-07,100322.47213578428,-0.0025373824982126703,-0.0023910557653499995,0.00014632673286267743,0.6666666666666667,-0.00019707692756633997,-0.002340305570646337,0.0
2010-10-08,100322.47213578428,0.0,0.0,0.0,0.0,0.0,0.0,0.0
2010-10-11,100322.47213578428,0.0,0.0,0.0,0.0,0.0,0.0,0.0
2010-10-12,100336.4313479071,0.00013914342246201805,0.00021235879949710323,7.321537703508654e-05,0.3333333333333333,0.0001391434224620167,0.0,0.0
2010-10-13,100336.4313479071,0.0,0.0,0.0,0.0,0.0,0.0,0.0
2010-10-14,100486.56046172147,0.0014962572596768364,0.0017157816335066818,0.0002195243738298453,1.0000000000000002,0.0006283018543496837,0.0006906176056379102,0.00017733779968924268
2010-10-15,100486.56046172147,0.0,0.0,0.0,0.0,0.0,0.0,0.0
2010-10-18,100549.4611623125,0.0006259613255943375,0.0007722792426117693,0.00014631791701759527,0.6666666666666666,0.0005520349853118138,7.392634028236028e-05,0.0
2010-10-19,100549.4611623125,0.0,0.0,0.0,0.0,0.0,0.0,0.0
2010-10-20,100445.03350118676,-0.0010385700720679791,-0.0009654070518158402,7.316302025207537e-05,0.33333333333333337,-0.0010385700720679156,0.0,0.0
2010-10-21,100455.12815328932,0.00010049926562505362,0.00017366405747010208,7.316479184498047e-05,0.33333333333333337,0.0,0.00010049926562512159,0.0
2010-10-22,100455.12815328932,0.0,0.0,0.0,0.0,0.0,0.0,0.0
2010-10-25,100476.2275079339,0.00021003760616755685,0.00042950880720549195,0.00021947120103782893,1.0,-0.00021809722057764618,-0.0002258295537364254,0.0006539643804817346
2010-10-26,100244.8156625357,-0.002303150219089778,-0.002229894979139724,7.325523994995471e-05,0.3333333333333333,0.0,-0.002303150219089678,0.0
2010-10-27,100355.685321618,0.0011059889566313874,0.0012524720851665452,0.0001464831285352048,0.6666666666666667,0.00016347435503440944,0.0,0.0009425146015969309
2010-10-28,100282.71451249302,-0.0007271218256457157,-0.0006538975673080483,7.322425833768388e-05,0.3333333333333333,-0.0007271218256457322,0.0,0.0
2010-10-29,100317.59239619634,0.00034779556848718585,0.00042101613482425915,7.322056633700005e-05,0.3333333333333333,0.0,0.0,0.0003477955684872591
2010-11-01,100317.59239619634,0.0,0.0,0.0,0.0,0.0,0.0,0.0
2010-11-02,100317.59239619634,0.0,0.0,0.0,0.0,0.0,0.0,0.0
2010-11-03,100317.59239619634,0.0,0.0,0.0,0.0,0.0,0.0,0.0
2010-11-04,100317.59239619634,0.0,0.0,0.0,0.0,0.0,0.0,0.0
2010-11-05,100323.24594124603,5.6356466644036374e-05,0.00012956964368352844,7.321317703945867e-05,0.3333333333333333,0.0,5.635646664406976e-05,0.0
2010-11-08,100258.78048043072,-0.000642577502456998,-0.0004961934090035683,0.0001463840934534098,0.6666666666666666,-0.0007139359740209236,7.135847156394542e-05,0.0
2010-11-09,100258.78048043072,0.0,0.0,0.0,0.0,0.0,0.0,0.0
2010-11-10,100258.78048043072,0.0,0.0,0.0,0.0,0.0,0.0,0.0
2010-11-11,100258.78048043072,0.0,0.0,0.0,0.0,0.0,0.0,0.0
2010-11-12,100359.57711173965,0.0010053646256809046,0.0011518632953830081,0.00014649866970219543,0.6666666666666667,0.0,0.0006965926983297378,0.0003087719273510749
2010-11-15,100359.57711173965,0.0,0.0,0.0,0.0,0.0,0.0,0.0
2010-11-16,100359.57711173965,0.0,0.0,0.0,0.0,0.0,0.0,0.0
2010-11-17,100359.57711173965,0.0,0.0,0.0,0.0,0.0,0.0,0.0
2010-11-18,100359.57711173965,0.0,0.0,0.0,0.0,0.0,0.0,0.0
2010-11-19,100359.57711173965,0.0,0.0,0.0,0.0,0.0,0.0,0.0
2010-11-22,100359.57711173965,0.0,0.0,0.0,0.0,0.0,0.0,0.0
2010-11-23,100460.19321857828,0.0010025561060964527,0.0010757461239148114,7.319001781842665e-05,0.3333333333333333,0.0,0.0,0.0010025561060963846
2010-11-24,100460.19321857828,0.0,0.0,0.0,0.0,0.0,0.0,0.0
2010-11-25,100460.19321857828,0.0,0.0,0.0,0.0,0.0,0.0,0.0
2010-11-26,100278.57092759262,-0.0018079030625641757,-0.001661685948308437,0.00014621711425579498,0.6666666666666666,-0.0008867484177559951,-0.0009211546448082368,0.0
2010-11-29,100558.29025217808,0.002789422725094859,0.002935720368090496,0.0001462976429956783,0.6666666666666666,0.002631769452222429,0.00015765327287238867,0.0
2010-11-30,100558.29025217808,0.0,0.0,0.0,0.0,0.0,0.0,0.0
2010-12-01,100486.58361079697,-0.0007130853279355698,-0.0006399420737692729,7.314325416632228e-05,0.3333333333333333,-0.0007130853279355953,0.0,0.0
2010-12-02,100486.58361079697,0.0,0.0,0.0,0.0,0.0,0.0,0.0
2010-12-03,100486.58361079697,0.0,0.0,0.0,0.0,0.0,0.0,0.0
2010-12-06,100443.47666095759,-0.00042898214159947656,-0.0003558602922565379,7.312184934294544e-05,0.33333333333333337,-0.0004289821415994834,0.0,0.0
2010-12-07,100351.00875434662,-0.000920596435775356,-0.0007742442717983225,0.00014635216397714885,0.6666666666666666,-0.0006105156762098283,-0.0003100807595656431,0.0
2010-12-08,100435.3334090927,0.0008402970313183822,0.0009867532314679073,0.00014645620014957342,0.6666666666666667,0.0,0.0013139027579952697,-0.00047360572667693563
2010-12-09,100655.68000201433,0.0021939150838889976,0.0023401633990093687,0.0001462483151203198,0.6666666666666666,0.001358799017913884,0.0,0.0008351160659751647
2010-12-10,100664.65268760988,8.914236727997071e-05,0.00016220702672416673,7.306465944420126e-05,0.3333333333333333,0.0,8.914236727996546e-05,0.0
2010-12-13,100664.65268760988,0.0,0.0,0.0,0.0,0.0,0.0,0.0
2010-12-14,100575.13702646436,-0.0008892462126036671,-0.0008161361781509058,7.31100344527602e-05,0.3333333333333333,-0.000889246212603666,0.0,0.0
2010-12-15,100645.4640554004,0.0006992486514587615,0.0007723918651389253,7.314321368010512e-05,0.33333333333333337,0.0006992486514588203,0.0,0.0
2010-12-16,100645.4640554004,0.0,0.0,0.0,0.0,0.0,0.0,0.0
2010-12-17,100733.9711467484,0.0008793947365504096,0.0009524239188734759,7.302918232297294e-05,0.3333333333333333,0.0008793947365505029,0.0,0.0
2010-12-20,100733.9711467484,0.0,0.0,0.0,0.0,0.0,0.0,0.0
2010-12-21,100864.15496861469,0.0012923527225650044,0.0014383645723932876,0.00014601184982825893,0.6666666666666666,-0.00012626272426749662,0.0014186154468325252,0.0
2010-12-22,100864.15496861469,0.0,0.0,0.0,0.0,0.0,0.0,0.0
2010-12-23,100937.63678748214,0.0007285226242199627,0.0008015132570292997,7.29906328094917e-05,0.3333333333333333,0.0,0.0,0.0007285226242198079
2010-12-24,100937.63678748214,0.0,0.0,0.0,0.0,0.0,0.0,0.0
2010-12-27,100958.42230176703,0.00020592432066401933,0.0002788721396591957,7.294781899522407e-05,0.33333333333333337,0.00020592432066397166,0.0,0.0
2010-12-28,100795.50969590862,-0.0016136603776498726,-0.0015407067738250442,7.295360382492153e-05,0.33333333333333337,0.0,0.0,-0.0016136603776499658
2010-12-29,100731.24806270604,-0.0006375446028940024,-0.0004914930643139895,0.0001460515385800047,0.6666666666666666,-0.00039817271679532077,0.0,-0.00023937188609867346
2010-12-30,100731.24806270604,0.0,0.0,0.0,0.0,0.0,0.0,0.0
2010-12-31,100531.42630176686,-0.0019837117556092965,-0.0018375339639589152,0.00014617779165036122,0.6666666666666667,-0.0008852018677882079,-0.0010985098878210683,0.0
2011-01-03,100677.57022192654,0.001453713784195232,0.0016000375590666436,0.00014632377487141444,0.6666666666666666,0.001212818175171259,0.00024089560902396993,0.0
2011-01-04,100697.59121433953,0.00019886249110756538,0.0002719266203986178,7.306412929098986e-05,0.33333333333333337,0.0,0.0,0.00019886249110762796
2011-01-05,100566.42919172396,-0.001302533864354083,-0.0012295391114128438,7.299475294125459e-05,0.33333333333333337,-0.0013025338643540983,0.0,0.0
2011-01-06,100566.42919172396,0.0,0.0,0.0,0.0,0.0,0.0,0.0
2011-01-07,100566.42919172396,0.0,0.0,0.0,0.0,0.0,0.0,0.0
2011-01-10,100566.42919172396,0.0,0.0,0.0,0.0,0.0,0.0,0.0
2011-01-11,100572.35332791263,5.890769152561148e-05,0.00020512076870756363,0.0001462130771818237,0.6666666666666666,0.0,-0.000133073256230591,0.0001919809477563309
2011-01-12,100682.84531708954,0.0010986318358947589,0.0011717375307931377,7.310569489832665e-05,0.3333333333333333,0.0,0.0,0.0010986318358948111
2011-01-13,100682.84531708954,0.0,0.0,0.0,0.0,0.0,0.0,0.0
2011-01-14,100842.23963235744,0.0015831328044604298,0.001656194852128349,7.306204766795946e-05,0.3333333333333333,0.0,0.0,0.0015831328044603897
2011-01-17,100961.25776555204,0.0011802408755350324,0.0012533027919266657,7.306191639167959e-05,0.33333333333333337,0.001180240875534986,0.0,0.0
2011-01-18,100801.29321725668,-0.0015844151691020159,-0.0014384382649836138,0.0001459769041185085,0.6666666666666666,-0.0006134742802648589,-0.0009709408888372636,0.0
2011-01-19,100585.63100109664,-0.002139478664179628,-0.0019203446783511153,0.0002191339858284769,0.9999999999999999,-0.0015395205249116976,-0.00036447983721181216,-0.00023547830205608258
2011-01-20,100551.00125473509,-0.0003442812459084621,-0.0002711943608261584,7.308688508230057e-05,0.33333333333333337,0.0,-0.000344281245908459,0.0
2011-01-21,100603.24732498331,0.0005195977125664886,0.0005926822190415921,7.308450647527405e-05,0.3333333333333333,0.0005195977125663181,0.0,0.0
2011-01-24,100480.68144588803,-0.0012183093722547556,-0.0010721561146739278,0.0001461532575807899,0.6666666666666666,0.0,-0.0007471603320442396,-0.000471149040210478
2011-01-25,100480.68144588803,0.0,0.0,0.0,0.0,0.0,0.0,0.0
2011-01-26,100560.97947301048,0.000799138958524015,0.0008723245553040975,7.318559678005799e-05,0.3333333333333333,0.0,0.0007991389585240396,0.0
2011-01-27,100474.50437186933,-0.0008599269974727264,-0.0007868168041588927,7.311019331383461e-05,0.3333333333333333,0.0,0.0,-0.0008599269974727273
2011-01-28,100386.96127199815,-0.0008712966579778048,-0.0007249666544818882,0.00014633000349590085,0.6666666666666666,0.0,0.0007497663867315804,-0.0016210630447093695
2011-01-31,100002.857806552,-0.0038262286314796334,-0.003679686356218145,0.00014654227526149924,0.6666666666666667,-0.0021517507314234457,-0.0016744779000561984,0.0
2011-02-01,99882.28150709899,-0.0012057285371409598,-0.0011323963468975833,7.333219024337984e-05,0.33333333333333337,0.0,0.0,-0.001205728537140963
2011-02-02,99864.87232304577,-0.00017429702035776096,-0.00010091149855639969,7.338552180132478e-05,0.3333333333333333,0.0,-0.0001742970203577245,0.0
2011-02-03,99864.87232304577,0.0,0.0,0.0,0.0,0.0,0.0,0.0
2011-02-04,99864.87232304577,0.0,0.0,0.0,0.0,0.0,0.0,0.0
2011-02-07,99952.87767623691,0.0008812443369121681,0.0009545840652498048,7.333972833763689e-05,0.33333333333333337,0.0,0.0008812443369121679,0.0
2011-02-08,99952.87767623691,0.0,0.0,0.0,0.0,0.0,0.0,0.0
2011-02-09,99952.87767623691,0.0,0.0,0.0,0.0,0.0,0.0,0.0
2011-02-10,99952.87767623691,0.0,0.0,0.0,0.0,0.0,0.0,0.0
2011-02-11,99830.1738704603,-0.0012276165392062222,-0.001154322064160366,7.329447504587154e-05,0.3333333333333333,0.0,-0.0012276165392062376,0.0
2011-02-14,99963.3351393819,0.0013338779625324815,0.00148065263694482,0.00014677467441231727,0.6666666666666667,0.0,0.000488312260876602,0.0008455657016559009
2011-02-15,99963.3351393819,0.0,0.0,0.0,0.0,0.0,0.0,0.0
2011-02-16,100294.41952152578,0.003312058182955102,0.0034585812632056028,0.00014652308025044146,0.6666666666666666,0.0011090928885453548,0.0022029652944098067,0.0
2011-02-17,100294.41952152578,0.0,0.0,0.0,0.0,0.0,0.0,0.0
2011-02-18,100294.41952152578,0.0,0.0,0.0,0.0,0.0,0.0,0.0
2011-02-21,100294.41952152578,0.0,0.0,0.0,0.0,0.0,0.0,0.0
2011-02-22,100597.42013051007,0.0030211113482665475,0.003167701555820986,0.00014659020755437786,0.6666666666666667,0.0027061447054663058,0.0003149666428003027,0.0
2011-02-23,100475.58624036203,-0.0012111035252194702,-0.0010648587133917549,0.00014624481182767365,0.6666666666666667,-0.00034041150984388384,-0.0008706920153755449,0.0
2011-02-24,100534.2859315772,0.0005842184495916669,0.0008036967429570683,0.00021947829336535016,1.0,0.0004380110022908617,0.00034156497806696166,-0.0001953575307661053
2011-02-25,100534.2859315772,0.0,0.0,0.0,0.0,0.0,0.0,0.0
2011-02-28,100534.2859315772,0.0,0.0,0.0,0.0,0.0,0.0,0.0
2011-03-01,100562.88336760277,0.00028445455956238597,0.0003575753143005844,7.312075473822964e-05,0.3333333333333333,0.0,0.0,0.0002844545595623548
2011-03-02,100562.88336760277,0.0,0.0,0.0,0.0,0.0,0.0,0.0
2011-03-03,100562.88336760277,0.0,0.0,0.0,0.0,0.0,0.0,0.0
2011-03-04,100562.88336760277,0.0,0.0,0.0,0.0,0.0,0.0,0.0
2011-03-07,100562.88336760277,0.0,0.0,0.0,0.0,0.0,0.0,0.0
2011-03-08,100562.88336760277,0.0,0.0,0.0,0.0,0.0,0.0,0.0
2011-03-09,100562.88336760277,0.0,0.0,0.0,0.0,0.0,0.0,0.0
2011-03-10,100497.17662587234,-0.0006533895959431879,-0.0005071960752603226,0.00014619352068275193,0.6666666666666667,-0.0003428883550032994,-0.0003105012409397751,0.0
2011-03-11,100397.5635266097,-0.0009912029631785613,-0.0009181134223197329,7.308954085880069e-05,0.3333333333333333,0.0,-0.0009912029631785337,0.0
2011-03-14,100451.20087484544,0.000534249501199513,0.0006074244388457976,7.317493764616934e-05,0.3333333333333333,0.0,0.0,0.0005342495011996282
2011-03-15,99947.53964425945,-0.005013989142982123,-0.004794620375806247,0.00021936876717583144,1.0,-0.0010277358874399639,-0.0009629549729101623,-0.0030232982826319515
2011-03-16,99947.53964425945,0.0,0.0,0.0,0.0,0.0,0.0,0.0
2011-03-17,99826.08336713134,-0.001215200269665484,-0.0010684381907764735,0.00014676207888906543,0.6666666666666666,-0.00037364387893592415,-0.0008415563907296148,0.0
2011-03-18,99820.39289447755,-5.700386574181149e-05,1.6399155443454678e-05,7.340302118524636e-05,0.3333333333333333,0.0,0.0,-5.7003865741791674e-05
2011-03-21,99820.39289447755,0.0,0.0,0.0,0.0,0.0,0.0,0.0
2011-03-22,99820.39289447755,0.0,0.0,0.0,0.0,0.0,0.0,0.0
2011-03-23,99820.39289447755,0.0,0.0,0.0,0.0,0.0,0.0,0.0
2011-03-24,99820.39289447755,0.0,0.0,0.0,0.0,0.0,0.0,0.0
2011-03-25,99820.39289447755,0.0,0.0,0.0,0.0,0.0,0.0,0.0
2011-03-28,99820.39289447755,0.0,0.0,0.0,0.0,0.0,0.0,0.0
2011-03-29,100083.14781908566,0.0026322770026148135,0.0027789486660665386,0.00014667166345182564,0.6666666666666666,0.0015190648106957931,0.0011132121919189195,0.0
2011-03-30,100046.86752957797,-0.00036250148299965534,-0.0002158860084631916,0.00014661547453641123,0.6666666666666667,0.0002321018769826907,0.0,-0.0005946033599822935
2011-03-31,100018.51924245455,-0.0002833500720553772,-6.340814854307221e-05,0.00021994192351225045,1.0,-0.001029751540392119,0.0009203601858237156,-0.00017395871748691926
2011-04-01,100018.51924245455,0.0,0.0,0.0,0.0,0.0,0.0,0.0
2011-04-04,99983.0869402555,-0.000354257416200765,-0.0002809174433207051,7.333997288011291e-05,0.3333333333333333,0.0,-0.000354257416200818,0.0
2011-04-05,99983.0869402555,0.0,0.0,0.0,0.0,0.0,0.0,0.0
2011-04-06,100057.34568702016,0.0007427130831541007,0.0008893488151165974,0.00014663573196250628,0.6666666666666666,5.256585325387329e-05,0.0006901472299002179,0.0
2011-04-07,100057.34568702016,0.0,0.0,0.0,0.0,0.0,0.0,0.0
2011-04-08,100133.15695853117,0.0007576782193297049,0.0009042538230487434,0.0001465756037190427,0.6666666666666666,2.383100180137662e-05,0.0007338472175283242,0.0
2011-04-11,100174.06465301616,0.00040853295479270635,0.0004818371880308536,7.330423323811136e-05,0.3333333333333333,0.0,0.0004085329547927423,0.0
2011-04-12,100143.06788332743,-0.00030942909021514087,-8.960166359872619e-05,0.0002198274266164266,1.0,0.000913379199188012,-0.0003411178018896841,-0.0008816904875134806
2011-04-13,100121.03935183803,-0.00021997060760170495,-0.00014669441966500923,7.327618793671173e-05,0.33333333333333337,0.0,0.0,-0.00021997060760172097
2011-04-14,100410.11614440849,0.0028872731889508785,0.003033691456625798,0.00014641826767487081,0.6666666666666667,0.0024629112646073446,0.0004243619243435826,0.0
2011-04-15,100410.11614440849,0.0,0.0,0.0,0.0,0.0,0.0,0.0
2011-04-18,100410.11614440849,0.0,0.0,0.0,0.0,0.0,0.0,0.0
2011-04-19,100410.11614440849,0.0,0.0,0.0,0.0,0.0,0.0,0.0
2011-04-20,100240.21418280485,-0.0016920801222786164,-0.0016188292239087687,7.325089836985911e-05,0.33333333333333337,-0.001692080122278628,0.0,0.0
2011-04-21,100154.4896981681,-0.0008551905573587204,-0.0006354556984738597,0.0002197348588848947,0.9999999999999999,0.0005461817089978375,-0.0011411816770912505,-0.00026019058926534164
2011-04-22,100154.4896981681,0.0,0.0,0.0,0.0,0.0,0.0,0.0
2011-04-25,100154.4896981681,0.0,0.0,0.0,0.0,0.0,0.0,0.0
2011-04-26,100154.4896981681,0.0,0.0,0.0,0.0,0.0,0.0,0.0
2011-04-27,100354.04226814184,0.0019924475734949265,0.002065822497394916,7.337492389994206e-05,0.3333333333333333,0.0,0.0019924475734949742,0.0
2011-04-28,100563.5528791949,0.0020877147179907407,0.0023072131059148995,0.00021949838792414324,1.0,0.0009222848812659956,0.0004966129203456002,0.0006688169163791604
2011-04-29,100563.5528791949,0.0,0.0,0.0,0.0,0.0,0.0,0.0
2011-05-02,100563.5528791949,0.0,0.0,0.0,0.0,0.0,0.0,0.0
2011-05-03,100352.82923898587,-0.0020954275597460104,-0.002022419505291251,7.300805445470912e-05,0.3333333333333333,0.0,-0.00209542755974596,0.0
2011-05-04,100352.82923898587,0.0,0.0,0.0,0.0,0.0,0.0,0.0
2011-05-05,100471.1257322054,0.0011788057608004276,0.0013251249002370624,0.0001463191394367417,0.6666666666666666,0.0008406718150802355,0.00033813394572008526,0.0
2011-05-06,100471.1257322054,0.0,0.0,0.0,0.0,0.0,0.0,0.0
2011-05-09,100549.63827479995,0.0007814438429187831,0.0008545468822896234,7.310303937094044e-05,0.33333333333333337,0.0007814438429186829,0.0,0.0
2011-05-10,100555.12220172785,5.453949931588653e-05,0.00012766056217072827,7.312106285488313e-05,0.3333333333333333,5.4539499315845155e-05,0.0,0.0
2011-05-11,100555.12220172785,0.0,0.0,0.0,0.0,0.0,0.0,0.0
2011-05-12,100411.74796767748,-0.0014258272568425934,-0.0013527823856714913,7.304487117109658e-05,0.3333333333333333,0.0,-0.001425827256842588,0.0
2011-05-13,100479.06573625612,0.0006704172563583022,0.0007435865658693327,7.316930951101724e-05,0.33333333333333337,0.0,0.0,0.0006704172563583154
2011-05-16,100513.40065996413,0.0003417122109607984,0.0004148340899341463,7.312187897332145e-05,0.3333333333333333,0.00034171221096082486,0.0,0.0
2011-05-17,100531.10872823483,0.00017617619296972364,0.00024930521497464514,7.312902200505545e-05,0.3333333333333333,0.0,0.0,0.0001761761929695897
2011-05-18,100531.10872823483,0.0,0.0,0.0,0.0,0.0,0.0,0.0
2011-05-19,100531.10872823483,0.0,0.0,0.0,0.0,0.0,0.0,0.0
2011-05-20,100531.10872823483,0.0,0.0,0.0,0.0,0.0,0.0,0.0
2011-05-23,100531.58925641034,4.779895313999916e-06,0.00015103147126157201,0.0001462515759477465,0.6666666666666667,0.000490736759110314,-0.0004859568637964885,0.0
2011-05-24,100531.58925641034,0.0,0.0,0.0,0.0,0.0,0.0,0.0
2011-05-25,100766.70500834595,0.0023387251079451943,0.002485093006600196,0.0001463678986548923,0.6666666666666667,0.0009908013057081647,0.001347923802237139,0.0
2011-05-26,100747.49859165055,-0.0001906028056966047,-0.00011756794251397788,7.30348631826793e-05,0.3333333333333333,-0.00019060280569665715,0.0,0.0
2011-05-27,100791.1090134661,0.0004328685319752168,0.0005789126910017799,0.00014604415902642925,0.6666666666666667,0.000284873567598493,0.00014799496437685765,0.0
2011-05-30,100791.1090134661,0.0,0.0,0.0,0.0,0.0,0.0,0.0
2011-05-31,100875.86798783064,0.0008409370151212237,0.0010599541999244768,0.00021901718480330458,1.0,0.0005700847208863664,0.00010263095447260597,0.00016822133976219993
2011-06-01,100875.86798783064,0.0,0.0,0.0,0.0,0.0,0.0,0.0
2011-06-02,100875.86798783064,0.0,0.0,0.0,0.0,0.0,0.0,0.0
2011-06-03,100875.86798783064,0.0,0.0,0.0,0.0,0.0,0.0,0.0
2011-06-06,100875.86798783064,0.0,0.0,0.0,0.0,0.0,0.0,0.0
2011-06-07,100858.87028950374,-0.00016850113576172276,-9.551033217129282e-05,7.299080359039803e-05,0.3333333333333333,-0.00016850113576169083,0.0,0.0
2011-06-08,100858.87028950374,0.0,0.0,0.0,0.0,0.0,0.0,0.0
2011-06-09,100858.87028950374,0.0,0.0,0.0,0.0,0.0,0.0,0.0
2011-06-10,100902.10820982039,0.00042869724985550306,0.0005017150463318594,7.301779647623999e-05,0.3333333333333333,0.0,0.0004286972498556194,0.0
2011-06-13,100902.10820982039,0.0,0.0,0.0,0.0,0.0,0.0,0.0
2011-06-14,100934.49171340658,0.00032093981147385264,0.00039389583282574875,7.295602135179369e-05,0.3333333333333333,0.0,0.0003209398114739551,0.0
2011-06-15,100748.95639832331,-0.0018381755526155619,-0.0017653008202501708,7.287473236550604e-05,0.33333333333333337,-0.0018381755526156768,0.0,0.0
2011-06-16,100641.35539435332,-0.001068011102215105,-0.0009950248756218638,7.298622659323832e-05,0.3333333333333333,-0.0010680111022151023,0.0,0.0
2011-06-17,100641.35539435332,0.0,0.0,0.0,0.0,0.0,0.0,0.0
2011-06-20,100746.8279084037,0.0010480037121629593,0.0011942202752512898,0.0001462165630883342,0.6666666666666667,0.00027180715772835874,0.0007761965544345969,0.0
2011-06-21,100746.8279084037,0.0,0.0,0.0,0.0,0.0,0.0,0.0
2011-06-22,100746.8279084037,0.0,0.0,0.0,0.0,0.0,0.0,0.0
2011-06-23,100746.8279084037,0.0,0.0,0.0,0.0,0.0,0.0,0.0
2011-06-24,100853.94420574399,0.0010632225308142562,0.001136316163261893,7.309363244755834e-05,0.33333333333333337,0.0,0.0010632225308143347,0.0
2011-06-27,100848.24730286816,-5.648666416269155e-05,1.650798367358597e-05,7.299464783621409e-05,0.33333333333333337,0.0,0.0,-5.648666416262812e-05
2011-06-28,100660.91969799963,-0.0018575196880312728,-0.0017116114920096752,0.00014590819602164527,0.6666666666666666,-0.0013069080934705172,-0.0005506115945608033,0.0
2011-06-29,100660.91969799963,0.0,0.0,0.0,0.0,0.0,0.0,0.0
2011-06-30,100656.48527118615,-4.4053112437159037e-05,2.9017588804210646e-05,7.307070124136259e-05,0.3333333333333333,0.0,0.0,-4.405311243715194e-05
2011-07-01,100779.03070596194,0.0012174618897693446,0.0012904698181516185,7.30079283823122e-05,0.33333333333333337,0.0,0.0012174618897693064,0.0
2011-07-04,100858.4217323303,0.0007877732680323657,0.0008607543601553506,7.298109212308923e-05,0.3333333333333333,0.0,0.0007877732680322614,0.0
2011-07-05,101025.18717599442,0.0016534607700553483,0.0018725293592937917,0.00021906858923839936,1.0,-0.0002571775414535414,0.0019096603184835406,9.779930253930063e-07
2011-07-06,101025.18717599442,0.0,0.0,0.0,0.0,0.0,0.0,0.0
2011-07-07,101025.18717599442,0.0,0.0,0.0,0.0,0.0,0.0,0.0
2011-07-08,101025.18717599442,0.0,0.0,0.0,0.0,0.0,0.0,0.0
2011-07-11,100981.76183500302,-0.0004298466769058207,-0.00035693710392503686,7.290957298085904e-05,0.3333333333333333,0.0,-0.00042984667690589587,0.0
2011-07-12,101325.79479496491,0.0034068821310921926,0.0036259059659161283,0.00021902383482391496,1.0000000000000002,0.003287981154350361,0.00037584344948627264,-0.0002569424727444206
2011-07-13,101223.29991215855,-0.001011537911089322,-0.0008658747086605079,0.00014566320242885295,0.6666666666666667,-0.0007443937687995446,-0.00026714414228981624,0.0
2011-07-14,101223.29991215855,0.0,0.0,0.0,0.0,0.0,0.0,0.0
2011-07-15,101223.29991215855,0.0,0.0,0.0,0.0,0.0,0.0,0.0
2011-07-18,101248.11554328619,0.00024515730221374987,0.00031802313024946,7.286582803571119e-05,0.3333333333333333,0.0002451573022137488,0.0,0.0
2011-07-19,101248.11554328619,0.0,0.0,0.0,0.0,0.0,0.0,0.0
2011-07-20,101248.11554328619,0.0,0.0,0.0,0.0,0.0,0.0,0.0
2011-07-21,101248.11554328619,0.0,0.0,0.0,0.0,0.0,0.0,0.0
2011-07-22,101248.11554328619,0.0,0.0,0.0,0.0,0.0,0.0,0.0
2011-07-25,101248.11554328619,0.0,0.0,0.0,0.0,0.0,0.0,0.0
2011-07-26,101153.06894874574,-0.0009387492698549327,-0.0007201989439400424,0.00021855032591483974,1.0000000000000002,0.0005225754022342344,-0.0012603154526363849,-0.00020100921945273155
2011-07-27,101153.06894874574,0.0,0.0,0.0,0.0,0.0,0.0,0.0
2011-07-28,101153.06894874574,0.0,0.0,0.0,0.0,0.0,0.0,0.0
2011-07-29,101105.06268815679,-0.0004745902530478574,-0.00032885196884328377,0.0001457382842046263,0.6666666666666667,-0.00039966756294022447,-7.492269010768561e-05,0.0
2011-08-01,101270.64226476307,0.001637698174590696,0.0017835336621418265,0.0001458354875510897,0.6666666666666666,-0.0009371094204044745,0.0,0.0025748075949952117
2011-08-02,101245.23419077643,-0.0002508927900368718,-3.2426129480511705e-05,0.00021846666055643296,1.0,-0.0002583988718941495,-0.00044123667040312523,0.00044874275226033006
2011-08-03,101183.54229687183,-0.0006093313369037734,-0.0005364899710988228,7.28413658048944e-05,0.3333333333333333,0.0,0.0,-0.0006093313369037172
2011-08-04,101178.64717113081,-4.8378675325033704e-05,9.733327989462173e-05,0.00014571195521968701,0.6666666666666666,0.0,-0.00045190069989151153,0.0004035220245664463
2011-08-05,101193.82365125998,0.00014999686745675866,0.0002957269945637794,0.00014573012710710555,0.6666666666666667,0.0,1.9257856055852015e-05,0.00013073901140082182
2011-08-08,101478.44130512551,0.002812599065792787,0.0029581643958926183,0.00014556533009991423,0.6666666666666666,0.0030781931958740617,0.0,-0.0002655941300813575
2011-08-09,101400.49367209675,-0.0007681201250853142,-0.0006225878505190889,0.0001455322745662638,0.6666666666666667,-0.0014103369833883966,0.0006422168583030439,0.0
2011-08-10,101341.55419394338,-0.000581254351127436,-0.0005084989030366138,7.275544809084781e-05,0.3333333333333333,0.0,-0.0005812543511274616,0.0
2011-08-11,101584.53424846154,0.002397634972650664,0.00254311544772919,0.00014548047507852708,0.6666666666666666,0.0022807284118498065,0.00011690656080085666,0.0
2011-08-12,101584.53424846154,0.0,0.0,0.0,0.0,0.0,0.0,0.0
2011-08-15,101584.53424846154,0.0,0.0,0.0,0.0,0.0,0.0,0.0
2011-08-16,101637.041766109,0.000516884957300956,0.0005896238444698849,7.273888716882513e-05,0.3333333333333333,0.0,0.0005168849573010598,0.0
2011-08-17,101637.041766109,0.0,0.0,0.0,0.0,0.0,0.0,0.0
2011-08-18,101637.041766109,0.0,0.0,0.0,0.0,0.0,0.0,0.0
2011-08-19,101637.041766109,0.0,0.0,0.0,0.0,0.0,0.0,0.0
2011-08-22,101637.041766109,0.0,0.0,0.0,0.0,0.0,0.0,0.0
2011-08-23,101637.041766109,0.0,0.0,0.0,0.0,0.0,0.0,0.0
2011-08-24,101637.041766109,0.0,0.0,0.0,0.0,0.0,0.0,0.0
2011-08-25,101637.041766109,0.0,0.0,0.0,0.0,0.0,0.0,0.0
2011-08-26,101514.09497254685,-0.001209665210889166,-0.0010643116867650182,0.0001453535241241992,0.6666666666666666,0.0004193967213845474,0.0,-0.0016290619322737651
2011-08-29,101521.36674476399,7.163312857305648e-05,0.0001443626389490508,7.272951037603377e-05,0.3333333333333333,0.0,7.163312857301704e-05,0.0
2011-08-30,101521.36674476399,0.0,0.0,0.0,0.0,0.0,0.0,0.0
2011-08-31,101521.36674476399,0.0,0.0,0.0,0.0,0.0,0.0,0.0
2011-09-01,101521.36674476399,0.0,0.0,0.0,0.0,0.0,0.0,0.0
2011-09-02,101521.36674476399,0.0,0.0,0.0,0.0,0.0,0.0,0.0
2011-09-05,101521.36674476399,0.0,0.0,0.0,0.0,0.0,0.0,0.0
2011-09-06,101521.36674476399,0.0,0.0,0.0,0.0,0.0,0.0,0.0
2011-09-07,101638.54601107867,0.0011542325529292352,0.0012996353834034966,0.00014540283047419946,0.6666666666666666,0.0008314939763156279,0.0003227385766136693,0.0
2011-09-08,101820.75963007368,0.0017927609764818442,0.0018655427347474458,7.278175826571113e-05,0.3333333333333333,0.0,0.0017927609764817347,0.0
2011-09-09,101820.75963007368,0.0,0.0,0.0,0.0,0.0,0.0,0.0
2011-09-12,102178.4163385859,0.003512610884181422,0.0037306149986445027,0.00021800411446305679,1.0,0.001574215566683472,0.001279506639786853,0.0006588886777111213
2011-09-13,102178.4163385859,0.0,0.0,0.0,0.0,0.0,0.0,0.0
2011-09-14,102465.8751077528,0.002813302255677552,0.002958411264436596,0.00014510900875909494,0.6666666666666666,0.0017508426835652902,0.001062459572112211,0.0
2011-09-15,102465.8751077528,0.0,0.0,0.0,0.0,0.0,0.0,0.0
2011-09-16,102465.8751077528,0.0,0.0,0.0,0.0,0.0,0.0,0.0
2011-09-19,102465.8751077528,0.0,0.0,0.0,0.0,0.0,0.0,0.0
2011-09-20,102465.8751077528,0.0,0.0,0.0,0.0,0.0,0.0,0.0
2011-09-21,102309.21563748253,-0.001528894084059984,-0.0014565961937400562,7.229789031991986e-05,0.33333333333333337,0.0,-0.0015288940840599763,0.0
2011-09-22,102309.21563748253,0.0,0.0,0.0,0.0,0.0,0.0,0.0
2011-09-23,102596.72811541529,0.002810230497236166,0.002954943741148353,0.0001447132439121883,0.6666666666666667,0.0019179617178926307,0.0008922687793435338,0.0
2011-09-26,102966.01855857778,0.0035994368431229162,0.0037442659192439267,0.00014482907612093588,0.6666666666666666,0.0021658707130822975,0.001433566130040694,0.0
2011-09-27,102966.01855857778,0.0,0.0,0.0,0.0,0.0,0.0,0.0
2011-09-28,102966.01855857778,0.0,0.0,0.0,0.0,0.0,0.0,0.0
2011-09-29,103134.49359273896,0.001636219759874713,0.0017804929378780754,0.00014427317800331445,0.6666666666666666,0.0011042592949348212,0.0005319604649399397,0.0
2011-09-30,103054.91384173578,-0.0007716114001338203,-0.0006274074871613171,0.00014420391297249201,0.6666666666666667,-0.0008557543413628912,8.414294122908211e-05,0.0
2011-10-03,103003.05896286304,-0.000503177160017465,-0.00043105112137627655,7.212603864121178e-05,0.33333333333333337,0.0,-0.0005031771600174884,0.0
2011-10-04,103003.05896286304,0.0,0.0,0.0,0.0,0.0,0.0,0.0
2011-10-05,103003.05896286304,0.0,0.0,0.0,0.0,0.0,0.0,0.0
2011-10-06,103003.05896286304,0.0,0.0,0.0,0.0,0.0,0.0,0.0
2011-10-07,103037.7963105351,0.0003372457868904277,0.0004093924487455677,7.214666185510621e-05,0.33333333333333337,0.0,0.0003372457868904615,0.0
2011-10-10,102834.50757242345,-0.0019729530850890464,-0.0018285535786941587,0.0001443995063949198,0.6666666666666666,-0.0013459022193688392,-0.0006270508657202391,0.0
2011-10-11,102834.50757242345,0.0,0.0,0.0,0.0,0.0,0.0,0.0
2011-10-12,102834.50757242345,0.0,0.0,0.0,0.0,0.0,0.0,0.0
2011-10-13,102834.50757242345,0.0,0.0,0.0,0.0,0.0,0.0,0.0
2011-10-14,102834.50757242345,0.0,0.0,0.0,0.0,0.0,0.0,0.0
2011-10-17,102834.50757242345,0.0,0.0,0.0,0.0,0.0,0.0,0.0
2011-10-18,102935.98621176372,0.0009868150461926906,0.0010589928787484806,7.21778325557982e-05,0.3333333333333333,0.0,0.0009868150461926825,0.0
2011-10-19,102812.81622230918,-0.0011965687995756369,-0.0010521313221033926,0.0001444374774722698,0.6666666666666666,-0.00021458987821934892,-0.0009819789213563136,0.0
2011-10-20,103162.41340775092,0.0034003269075502107,0.0035449821341499255,0.00014465522659966095,0.6666666666666667,0.0020694396510129204,0.0013308872565373437,0.0
2011-10-21,103162.41340775092,0.0,0.0,0.0,0.0,0.0,0.0,0.0
2011-10-24,103229.82427402919,0.0006534440602103953,0.000797618469508913,0.00014417440929848636,0.6666666666666666,0.000650317994026949,3.126066183477639e-06,0.0
2011-10-25,103229.82427402919,0.0,0.0,0.0,0.0,0.0,0.0,0.0
2011-10-26,103303.41359502447,0.0007128688003956718,0.0007849113799658359,7.204257957016997e-05,0.33333333333333337,0.0,0.0007128688003956658,0.0
2011-10-27,103237.04884199708,-0.0006424255570832704,-0.000498292198022332,0.00014413335906100796,0.6666666666666666,-0.0006266220379564156,-1.5803519126924385e-05,0.0
2011-10-28,103237.04884199708,0.0,0.0,0.0,0.0,0.0,0.0,0.0
2011-10-31,103351.5158521456,0.0011087784030296977,0.0013250462965375132,0.00021626789350779463,1.0,3.508900595773019e-05,0.00043178207204391014,0.0006419073250280782
2011-11-01,103034.08138130589,-0.003071406047820635,-0.002927480020618526,0.00014392602720217395,0.6666666666666667,-0.0016994544607096388,-0.0013719515871110615,0.0
2011-11-02,103039.91613412835,5.662934772865391e-05,0.00020093017932358104,0.00014430083159482491,0.6666666666666666,-0.0001084290882887816,0.00016505843601753774,0.0
2011-11-03,103039.91613412835,0.0,0.0,0.0,0.0,0.0,0.0,0.0
2011-11-04,103039.91613412835,0.0,0.0,0.0,0.0,0.0,0.0,0.0
2011-11-07,103254.40148846022,0.0020815753969818385,0.002225993178052462,0.00014441778107062691,0.6666666666666666,0.001014344706512479,0.001067230690469356,0.0
2011-11-08,103254.40148846022,0.0,0.0,0.0,0.0,0.0,0.0,0.0
2011-11-09,103254.40148846022,0.0,0.0,0.0,0.0,0.0,0.0,0.0
2011-11-10,103254.40148846022,0.0,0.0,0.0,0.0,0.0,0.0,0.0
2011-11-11,103254.40148846022,0.0,0.0,0.0,0.0,0.0,0.0,0.0
2011-11-14,103137.82968594795,-0.001128976594041875,-0.0010569568398866396,7.201975415531979e-05,0.3333333333333333,0.0,-0.0011289765940419594,0.0
2011-11-15,103137.82968594795,0.0,0.0,0.0,0.0,0.0,0.0,0.0
2011-11-16,103166.51589619604,0.00027813470901461024,0.000350268609602411,7.2133900587807e-05,0.3333333333333333,0.0,0.000278134709014604,0.0
2011-11-17,103166.51589619604,0.0,0.0,0.0,0.0,0.0,0.0,0.0
2011-11-18,102824.10404445385,-0.003319021184031379,-0.003174651244982544,0.0001443699390488844,0.6666666666666666,-0.002117015809502206,-0.0012020053745292222,0.0
2011-11-21,102824.10404445385,0.0,0.0,0.0,0.0,0.0,0.0,0.0
2011-11-22,102824.10404445385,0.0,0.0,0.0,0.0,0.0,0.0,0.0
2011-11-23,102622.63195008205,-0.0019593858487179094,-0.0018150071635514298,0.00014437868516647368,0.6666666666666666,-0.0018036533630267158,-0.0001557324856911878,0.0
2011-11-24,102622.63195008205,0.0,0.0,0.0,0.0,0.0,0.0,0.0
2011-11-25,102622.63195008205,0.0,0.0,0.0,0.0,0.0,0.0,0.0
2011-11-28,102622.63195008205,0.0,0.0,0.0,0.0,0.0,0.0,0.0
2011-11-29,102622.63195008205,0.0,0.0,0.0,0.0,0.0,0.0,0.0
2011-11-30,102732.18812984518,0.0010675635352679347,0.0012122463280395126,0.0001446827927716,0.6666666666666667,0.00042472686729606277,0.0006428366679718496,0.0
2011-12-01,102834.6871539458,0.0009977303702619622,0.001070053396302691,7.232302604072775e-05,0.3333333333333333,0.0,0.0009977303702619633,0.0
2011-12-02,102834.6871539458,0.0,0.0,0.0,0.0,0.0,0.0,0.0
2011-12-05,102807.09543226073,-0.000268311427288781,-0.0001960709094706766,7.224051781809938e-05,0.3333333333333333,0.0,-0.00026831142728877595,0.0
2011-12-06,102807.09543226073,0.0,0.0,0.0,0.0,0.0,0.0,0.0
2011-12-07,102807.09543226073,0.0,0.0,0.0,0.0,0.0,0.0,0.0
2011-12-08,102807.09543226073,0.0,0.0,0.0,0.0,0.0,0.0,0.0
2011-12-09,102942.86659188745,0.00132063997193832,0.0013929507731623343,7.231080122409535e-05,0.33333333333333337,0.0,0.0013206399719382388,0.0
2011-12-12,102995.63052869082,0.0005125555422169636,0.0006569680670841146,0.00014441252486715092,0.6666666666666666,-0.0010787122795464853,0.001591267821763449,0.0
2011-12-13,102995.63052869082,0.0,0.0,0.0,0.0,0.0,0.0,0.0
2011-12-14,102995.63052869082,0.0,0.0,0.0,0.0,0.0,0.0,0.0
2011-12-15,102995.63052869082,0.0,0.0,0.0,0.0,0.0,0.0,0.0
2011-12-16,102995.63052869082,0.0,0.0,0.0,0.0,0.0,0.0,0.0
2011-12-19,102995.63052869082,0.0,0.0,0.0,0.0,0.0,0.0,0.0
2011-12-20,102847.94231062052,-0.0014339270249834613,-0.0013616890082150945,7.223801676825873e-05,0.33333333333333337,0.0,-0.001433927024983353,0.0
2011-12-21,102964.82819387518,0.001136492190593641,0.0012086574588559365,7.216526826216174e-05,0.3333333333333333,0.0,0.0011364921905937747,0.0
2011-12-22,102964.82819387518,0.0,0.0,0.0,0.0,0.0,0.0,0.0
2011-12-23,102964.82819387518,0.0,0.0,0.0,0.0,0.0,0.0,0.0
2011-12-26,102931.4614470634,-0.0003240596560696307,-0.0002518655123542324,7.219414371536232e-05,0.3333333333333333,0.0,-0.00032405965606959467,0.0
2011-12-27,102946.60061181312,0.00014708005246300004,0.00021926323296184158,7.218318049892575e-05,0.3333333333333333,0.0,0.0001470800524629158,0.0
2011-12-28,102946.60061181312,0.0,0.0,0.0,0.0,0.0,0.0,0.0
2011-12-29,102995.43741755252,0.00047438968794644154,0.0005465507892582119,7.216110131162372e-05,0.3333333333333333,0.0,0.0004743896879465881,0.0
2011-12-30,102995.43741755252,0.0,0.0,0.0,0.0,0.0,0.0,0.0
2012-01-02,102995.43741755252,0.0,0.0,0.0,0.0,0.0,0.0,0.0
2012-01-03,102805.95367325765,-0.001839729497207565,-0.001695304721702466,0.00014442477550502517,0.6666666666666667,-0.0010246645946708954,-0.0008150649025365955,0.0
2012-01-04,102805.95367325765,0.0,0.0,0.0,0.0,0.0,0.0,0.0
2012-01-05,102805.95367325765,0.0,0.0,0.0,0.0,0.0,0.0,0.0
2012-01-06,102805.95367325765,0.0,0.0,0.0,0.0,0.0,0.0,0.0
2012-01-09,102882.26034330086,0.0007422397956224902,0.0008144406593837047,7.22008637612379e-05,0.33333333333333337,0.0007422397956224667,0.0,0.0
2012-01-10,102882.26034330086,0.0,0.0,0.0,0.0,0.0,0.0,0.0
2012-01-11,102882.26034330086,0.0,0.0,0.0,0.0,0.0,0.0,0.0
2012-01-12,102975.00994110137,0.0009015120535942334,0.0009737734702279788,7.226141663379665e-05,0.33333333333333337,0.0,0.0009015120535941822,0.0
2012-01-13,103007.16454894569,0.0003122564189381727,0.0003844149074797947,7.215848854177455e-05,0.33333333333333337,0.0,0.00031225641893802014,0.0
2012-01-16,103007.16454894569,0.0,0.0,0.0,0.0,0.0,0.0,0.0
2012-01-17,102886.66242074678,-0.0011698422020115506,-0.00102545976168796,0.00014438244032352406,0.6666666666666666,-0.0007354811076085734,-0.0004343610944029104,0.0
2012-01-18,102738.92585612294,-0.0014359156099329473,-0.0013636363636363815,7.227924629651352e-05,0.3333333333333333,-0.0014359156099328953,0.0,0.0
2012-01-19,102738.92585612294,0.0,0.0,0.0,0.0,0.0,0.0,0.0
2012-01-20,102738.92585612294,0.0,0.0,0.0,0.0,0.0,0.0,0.0
2012-01-23,102738.92585612294,0.0,0.0,0.0,0.0,0.0,0.0,0.0
2012-01-24,102738.92585612294,0.0,0.0,0.0,0.0,0.0,0.0,0.0
2012-01-25,102713.95813318515,-0.00024302106265694512,-0.0001707540927621265,7.22669698948218e-05,0.33333333333333337,0.0,0.0,-0.0002430210626569483
2012-01-26,102715.79964955001,1.792858924276608e-05,9.020502313113651e-05,7.227643388850187e-05,0.33333333333333337,0.0,0.0,1.7928589242634647e-05
2012-01-27,102615.83061555027,-0.0009732585867103793,-0.0009009828510042616,7.227573570616561e-05,0.3333333333333333,0.0,0.0,-0.0009732585867104273
2012-01-30,102566.86375608033,-0.0004771862116810244,-0.0003325754931413997,0.00014461071853954014,0.6666666666666666,-0.0009090919163349362,0.0004319057046539963,0.0
2012-01-31,102566.86375608033,0.0,0.0,0.0,0.0,0.0,0.0,0.0
2012-02-01,102566.86375608033,0.0,0.0,0.0,0.0,0.0,0.0,0.0
2012-02-02,102566.86375608033,0.0,0.0,0.0,0.0,0.0,0.0,0.0
2012-02-03,102566.86375608033,0.0,0.0,0.0,0.0,0.0,0.0,0.0
2012-02-06,102566.86375608033,0.0,0.0,0.0,0.0,0.0,0.0,0.0
2012-02-07,102566.86375608033,0.0,0.0,0.0,0.0,0.0,0.0,0.0
2012-02-08,102644.85274633818,0.0007603721845617084,0.0008327044679798944,7.23322834183492e-05,0.3333333333333333,0.0,0.0,0.0007603721845615451
2012-02-09,102714.21498135368,0.0006757497639644505,0.000820297654656077,0.00014454789069162752,0.6666666666666667,0.0010760302172780965,0.0,-0.00040028045331364696
2012-02-10,102714.21498135368,0.0,0.0,0.0,0.0,0.0,0.0,0.0
2012-02-13,102714.21498135368,0.0,0.0,0.0,0.0,0.0,0.0,0.0
2012-02-14,102623.96985201714,-0.0008786040895403247,-0.0008063277530333535,7.227633650700451e-05,0.3333333333333333,0.0,0.0,-0.0008786040895403579
2012-02-15,102693.2471705279,0.0006750598189746437,0.0007473330344001107,7.227321542542985e-05,0.33333333333333337,0.0006750598189746807,0.0,0.0
2012-02-16,102626.1968715432,-0.0006529182865681049,-0.0005083698392223852,0.0001445484473457243,0.6666666666666666,-0.00047483135872777095,0.0,-0.00017808692784033865
2012-02-17,102531.11887459885,-0.0009264495795684446,-0.0008541398433094725,7.230973625905789e-05,0.33333333333333337,0.0,0.0,-0.0009264495795685303
2012-02-20,102531.87348280834,7.35979688681887e-06,7.9705676302703e-05,7.234587941597404e-05,0.3333333333333333,0.0,0.0,7.35979688672896e-06
2012-02-21,102786.72330004726,0.0024855667665300007,0.00270249017586018,0.0002169234093302655,0.9999999999999999,0.0014296043334915635,0.000693168864481143,0.00036279356855720797
2012-02-22,102754.52847048799,-0.00031321972844000623,-0.00024097086329884684,7.224886514110875e-05,0.3333333333333333,0.0,0.0,-0.00031321972843995554
2012-02-23,102754.52847048799,0.0,0.0,0.0,0.0,0.0,0.0,0.0
2012-02-24,102773.0514327891,0.00018026419445282826,0.0002525252525252449,7.226105807248034e-05,0.33333333333333337,0.0,0.0,0.00018026419445276457
2012-02-27,102590.6264965756,-0.0017750269518153061,-0.0017027729097530329,7.225404206227378e-05,0.33333333333333337,0.0,0.0,-0.0017750269518153068
2012-02-28,102574.87399583354,-0.00015354717365512194,-8.900228212612339e-06,0.00014464694544258827,0.6666666666666667,-0.00021365414881197332,6.010697515677269e-05,0.0
2012-02-29,102574.87399583354,0.0,0.0,0.0,0.0,0.0,0.0,0.0
2012-03-01,102568.72019004809,-5.999330582362461e-05,1.2335932102961836e-05,7.232923792652323e-05,0.3333333333333333,0.0,0.0,-5.9993305823561394e-05
2012-03-02,102382.45601707243,-0.0018159939271010783,-0.0015990893740892946,0.00021690455301184226,1.0,-0.0008346784400816783,-0.0011134879054674007,0.00013217241844794213
2012-03-05,102424.63441031228,0.0004119689532826598,0.0005568020522888073,0.00014483309900622954,0.6666666666666666,0.0,0.0004884704120794239,-7.650145879684622e-05
2012-03-06,102110.91982126703,-0.0030628821948098794,-0.002845823447858849,0.00021705874695102928,1.0,-0.001234798716020858,-0.0009212332759358512,-0.0009068502028531693
2012-03-07,102110.91982126703,0.0,0.0,0.0,0.0,0.0,0.0,0.0
2012-03-08,101851.84307018066,-0.0025372090618697163,-0.0023920766163108005,0.00014513244555890603,0.6666666666666666,-0.0019680359532053514,-0.0005691731086643553,0.0
2012-03-09,101803.60481161925,-0.0004736120339832173,-0.00040102602129221676,7.258601269109257e-05,0.3333333333333333,-0.0004736120339833093,0.0,0.0
2012-03-12,101803.60481161925,0.0,0.0,0.0,0.0,0.0,0.0,0.0
2012-03-13,101803.60481161925,0.0,0.0,0.0,0.0,0.0,0.0,0.0
2012-03-14,101740.58083073105,-0.0006190741575883285,-0.0004738163889144534,0.00014525776867385846,0.6666666666666666,9.582664611982919e-05,0.0,-0.000714900803708141
2012-03-15,101709.2789796955,-0.0003076633805307871,-0.00023500261823568752,7.266076229504444e-05,0.3333333333333333,-0.000307663380530732,0.0,0.0
2012-03-16,101709.2789796955,0.0,0.0,0.0,0.0,0.0,0.0,0.0
2012-03-19,101768.22089732776,0.0005795136709603188,0.0006521747828418522,7.266111188142952e-05,0.3333333333333333,0.0,0.0,0.0005795136709604226
2012-03-20,101742.22194484872,-0.0002554722117552588,-0.0001828430198100861,7.262919194515987e-05,0.3333333333333333,0.0,-0.00025547221175524596,0.0
2012-03-21,101742.22194484872,0.0,0.0,0.0,0.0,0.0,0.0,0.0
2012-03-22,101742.22194484872,0.0,0.0,0.0,0.0,0.0,0.0,0.0
2012-03-23,101898.75754918615,0.0015385510690171245,0.0017564425285062635,0.00021789145948907277,1.0,0.00032682893584024464,0.0006014180551724466,0.0006103040780044993
2012-03-26,101898.75754918615,0.0,0.0,0.0,0.0,0.0,0.0,0.0
2012-03-27,101898.75754918615,0.0,0.0,0.0,0.0,0.0,0.0,0.0
2012-03-28,101988.72997503904,0.000882959007713735,0.0009555469904284722,7.258798271479624e-05,0.3333333333333333,0.0,0.0,0.000882959007713676
2012-03-29,101988.64574597264,-8.258664111471248e-07,0.0001442454677505293,0.0001450713341617154,0.6666666666666666,0.0,0.0006349205889365327,-0.0006357464553477187
2012-03-30,101908.68328329285,-0.0007840329881323438,-0.0005663727583310462,0.00021766022980135373,1.0,0.00018211619730164745,-0.0003286929307794619,-0.0006374562546545855
2012-04-02,101908.68328329285,0.0,0.0,0.0,0.0,0.0,0.0,0.0
2012-04-03,101908.68328329285,0.0,0.0,0.0,0.0,0.0,0.0,0.0
2012-04-04,101908.68328329285,0.0,0.0,0.0,0.0,0.0,0.0,0.0
2012-04-05,101908.68328329285,0.0,0.0,0.0,0.0,0.0,0.0,0.0
2012-04-06,101887.13681670249,-0.00021142915300420562,-0.00013883805172347036,7.25911012806494e-05,0.33333333333333337,0.0,-0.00021142915300411977,0.0
2012-04-09,101887.13681670249,0.0,0.0,0.0,0.0,0.0,0.0,0.0
2012-04-10,101830.85653568646,-0.0005523786689313193,-0.0004072132883793378,0.00014516538055204688,0.6666666666666666,0.0,-0.00046335795736500055,-8.90207115663841e-05
2012-04-11,101703.06385257762,-0.0012549504880581264,-0.0011096666891407352,0.00014528379891739707,0.6666666666666666,-0.0009452781175542614,-0.00030967237050387073,0.0
2012-04-12,101703.06385257762,0.0,0.0,0.0,0.0,0.0,0.0,0.0
2012-04-13,101703.06385257762,0.0,0.0,0.0,0.0,0.0,0.0,0.0
2012-04-16,101783.66752246609,0.0007925392494105843,0.0010105345104470809,0.00021799526103654003,1.0,1.9533180897447372e-05,-7.055754153998326e-05,0.0008435636100530766
2012-04-17,101797.25621485218,0.00013350562734526505,0.0002787843049487278,0.0001452786776033345,0.6666666666666666,-0.0003465495811861359,0.00048005520853152924,0.0
2012-04-18,101762.34276313384,-0.0003429704592887717,-0.0002703433360367787,7.262712325196969e-05,0.3333333333333333,0.0,0.0,-0.0003429704592887484
2012-04-19,101762.34276313384,0.0,0.0,0.0,0.0,0.0,0.0,0.0
2012-04-20,101762.34276313384,0.0,0.0,0.0,0.0,0.0,0.0,0.0
2012-04-23,101749.7265979071,-0.0001239767568649297,9.39384508725401e-05,0.00021791520773749873,1.0,-0.00021718382506879245,-6.020511680282357e-05,0.0001534121850066574
2012-04-24,101749.7265979071,0.0,0.0,0.0,0.0,0.0,0.0,0.0
2012-04-25,101749.7265979071,0.0,0.0,0.0,0.0,0.0,0.0,0.0
2012-04-26,101767.04129924101,0.00017016951212411868,0.00024280285025853515,7.263333813453248e-05,0.3333333333333333,0.0,0.00017016951212400267,0.0
2012-04-27,101767.04129924101,0.0,0.0,0.0,0.0,0.0,0.0,0.0
2012-04-30,101767.04129924101,0.0,0.0,0.0,0.0,0.0,0.0,0.0
2012-05-01,101767.04129924101,0.0,0.0,0.0,0.0,0.0,0.0,0.0
2012-05-02,101775.28128785234,8.096912817867619e-05,0.00015360791786545036,7.263878968671395e-05,0.33333333333333337,0.0,0.0,8.096912817873641e-05
2012-05-03,101749.02136627038,-0.00025801865884989006,-0.00018539232105008185,7.262633779979354e-05,0.33333333333333337,0.0,-0.0002580186588498754,0.0
2012-05-04,101749.02136627038,0.0,0.0,0.0,0.0,0.0,0.0,0.0
2012-05-07,101749.02136627038,0.0,0.0,0.0,0.0,0.0,0.0,0.0
2012-05-08,101776.94324614316,0.00027441914917569754,0.0004197316372636095,0.00014531248808799285,0.6666666666666666,0.00015512046752440436,0.00011929868165121228,0.0
2012-05-09,101776.94324614316,0.0,0.0,0.0,0.0,0.0,0.0,0.0
2012-05-10,101776.61947801645,-3.181153966469452e-06,6.945033914914263e-05,7.26314931156106e-05,0.3333333333333333,-3.1811539664679736e-06,0.0,0.0
2012-05-11,101776.61947801645,0.0,0.0,0.0,0.0,0.0,0.0,0.0
2012-05-14,101776.61947801645,0.0,0.0,0.0,0.0,0.0,0.0,0.0
2012-05-15,101815.38319934228,0.0003808705921324318,0.00045348300863952884,7.26124165070773e-05,0.33333333333333337,0.00038087059213245153,0.0,0.0
2012-05-16,101792.755095963,-0.00022224640980794685,-7.70100053622732e-05,0.00014523640444565655,0.6666666666666666,0.00024724641333826705,-0.00046949282314619683,0.0
2012-05-17,101792.755095963,0.0,0.0,0.0,0.0,0.0,0.0,0.0
2012-05-18,101938.38577721143,0.0014306586073944416,0.001575995128676455,0.00014533652128214392,0.6666666666666666,0.0007848551658257605,0.0006458034415685507,0.0
2012-05-21,101938.38577721143,0.0,0.0,0.0,0.0,0.0,0.0,0.0
2012-05-22,101938.38577721143,0.0,0.0,0.0,0.0,0.0,0.0,0.0
2012-05-23,101892.05098064938,-0.0004545372796398439,-0.00038196455704701354,7.2572722592862e-05,0.33333333333333337,0.0,0.0,-0.0004545372796398755
2012-05-24,101892.05098064938,0.0,0.0,0.0,0.0,0.0,0.0,0.0
2012-05-25,101892.05098064938,0.0,0.0,0.0,0.0,0.0,0.0,0.0
2012-05-28,101927.8332795094,0.0003511785121179667,0.0004237478911921499,7.256937907425798e-05,0.3333333333333333,0.0003511785121178919,0.0,0.0
2012-05-29,101927.8332795094,0.0,0.0,0.0,0.0,0.0,0.0,0.0
2012-05-30,101978.45948834889,0.0004966867950646492,0.0005692920446787042,7.26052496140807e-05,0.3333333333333333,0.0,0.0004966867950646235,0.0
2012-05-31,101946.36253854439,-0.00031474244625329106,-0.0001696267653197303,0.000145115680933542,0.6666666666666667,-9.405768594047274e-05,0.0,-0.00022068476031279955
2012-06-01,101855.28015744589,-0.0008934343396908018,-0.0008209057326583982,7.252860703245785e-05,0.3333333333333333,0.0,-0.0008934343396908561,0.0
2012-06-04,101855.28015744589,0.0,0.0,0.0,0.0,0.0,0.0,0.0
2012-06-05,101855.28015744589,0.0,0.0,0.0,0.0,0.0,0.0,0.0
2012-06-06,101874.15552581828,0.00018531556089396162,0.0003305085129508371,0.0001451929520568527,0.6666666666666667,0.000484075085154268,-0.0002987595242602836,0.0
2012-06-07,102129.84245093091,0.0025098311126401374,0.0025825577030123745,7.272659037228359e-05,0.33333333333333337,0.0,0.002509831112640091,0.0
2012-06-08,102065.44857422684,-0.0006305098995429415,-0.0004130559586589995,0.00021745394088391014,1.0,-0.0007664251386183521,-0.0002494841378206914,0.0003853993768961338
2012-06-11,102065.44857422684,0.0,0.0,0.0,0.0,0.0,0.0,0.0
2012-06-12,102073.01984204749,7.41805177599808e-05,0.0001467043906528224,7.252387289277112e-05,0.33333333333333337,0.0,0.0,7.418051776005129e-05
2012-06-13,102061.2468462016,-0.0001153389589542142,-4.282013402701068e-05,7.251882492719367e-05,0.33333333333333337,0.0,-0.00011533895895420435,0.0
2012-06-14,102094.0280196641,0.00032119119132345553,0.0003937363644578677,7.254517313424211e-05,0.3333333333333333,0.0,0.0003211911913236256,0.0
2012-06-15,101982.47685070115,-0.0010926316761785682,-0.0010201187739950304,7.251290218362464e-05,0.3333333333333333,0.0,0.0,-0.0010926316761786551
2012-06-18,101743.64055820782,-0.002341934613364849,-0.0021969329443179233,0.00014500166904691386,0.6666666666666666,-0.0017758600178978579,-0.0005660745954669793,0.0
2012-06-19,101743.64055820782,0.0,0.0,0.0,0.0,0.0,0.0,0.0
2012-06-20,101743.64055820782,0.0,0.0,0.0,0.0,0.0,0.0,0.0
2012-06-21,101788.83421285209,0.00044419144426455226,0.0005168651173474981,7.267367308307827e-05,0.33333333333333337,0.0,0.0004441914442644198,0.0
2012-06-22,101804.6833165413,0.0001557057197065781,0.0002283360941243521,7.263037441777627e-05,0.3333333333333333,0.0,0.0,0.00015570571970657582
2012-06-25,101678.6942565853,-0.001237556621675906,-0.0010923134447622385,0.00014524317691362403,0.6666666666666666,-0.00017934449950370913,0.0,-0.0010582121221721535
2012-06-26,101678.6942565853,0.0,0.0,0.0,0.0,0.0,0.0,0.0
2012-06-27,101678.6942565853,0.0,0.0,0.0,0.0,0.0,0.0,0.0
2012-06-28,101741.75473057505,0.0006201935857930163,0.0008381675632157894,0.00021797397742271524,1.0,0.0007407804771527367,1.08653716640042e-05,-0.00013145226302366657
2012-06-29,101768.92829117748,0.00026708366367755865,0.00048502143548752785,0.00021793777180991876,1.0,-0.0005500449686969512,0.0005628318662312052,0.0002542967661433551
2012-07-02,101730.84253502195,-0.00037423756735022184,-0.00022899943648831597,0.0001452381308618627,0.6666666666666666,-0.0008324183467694732,0.0,0.00045818077941929444
2012-07-03,101729.40299099554,-1.4150517095190551e-05,5.8502258605042094e-05,7.265277570031222e-05,0.3333333333333333,0.0,0.0,-1.4150517095270125e-05
2012-07-04,101729.40299099554,0.0,0.0,0.0,0.0,0.0,0.0,0.0
2012-07-05,101717.75417874947,-0.00011450782078314958,-4.1854488684582115e-05,7.265333209862693e-05,0.3333333333333333,0.0,0.0,-0.00011450782078320904
2012-07-06,101717.75417874947,0.0,0.0,0.0,0.0,0.0,0.0,0.0
2012-07-09,101717.75417874947,0.0,0.0,0.0,0.0,0.0,0.0,0.0
2012-07-10,101717.75417874947,0.0,0.0,0.0,0.0,0.0,0.0,0.0
2012-07-11,101717.75417874947,0.0,0.0,0.0,0.0,0.0,0.0,0.0
2012-07-12,101702.60809145024,-0.0001489030840439165,-3.6025081951255925e-06,0.00014530057584872041,0.6666666666666666,0.0,-0.0003745282313078896,0.0002256251472640436
2012-07-13,101702.60809145024,0.0,0.0,0.0,0.0,0.0,0.0,0.0
2012-07-16,101583.82187819868,-0.0011679760773170011,-0.001022699829361947,0.00014527624795502553,0.6666666666666666,-0.0010159844556557897,-0.00015199162166118263,0.0
2012-07-17,101583.82187819868,0.0,0.0,0.0,0.0,0.0,0.0,0.0
2012-07-18,101583.82187819868,0.0,0.0,0.0,0.0,0.0,0.0,0.0
2012-07-19,101544.95293861353,-0.0003826292303882317,-0.0003099195482816341,7.27096821066261e-05,0.3333333333333333,0.0,0.0,-0.0003826292303882602
2012-07-20,101544.95293861353,0.0,0.0,0.0,0.0,0.0,0.0,0.0
2012-07-23,101558.16952408497,0.00013015502089430697,0.0002755735599540751,0.00014541853905972939,0.6666666666666666,0.0,-0.000692089220406882,0.0008222442413012277
2012-07-24,101558.16952408497,0.0,0.0,0.0,0.0,0.0,0.0,0.0
2012-07-25,101558.16952408497,0.0,0.0,0.0,0.0,0.0,0.0,0.0
2012-07-26,101558.16952408497,0.0,0.0,0.0,0.0,0.0,0.0,0.0
2012-07-27,101558.16952408497,0.0,0.0,0.0,0.0,0.0,0.0,0.0
2012-07-30,101447.11909477459,-0.001093466235466578,-0.0009480743830022251,0.000145391852464333,0.6666666666666667,-0.0008976802776721766,-0.00019578595779438156,0.0
2012-07-31,101447.11909477459,0.0,0.0,0.0,0.0,0.0,0.0,0.0
2012-08-01,101447.11909477459,0.0,0.0,0.0,0.0,0.0,0.0,0.0
2012-08-02,101447.11909477459,0.0,0.0,0.0,0.0,0.0,0.0,0.0
2012-08-03,101447.11909477459,0.0,0.0,0.0,0.0,0.0,0.0,0.0
2012-08-06,101435.42066219247,-0.00011531557215727073,-4.25528293375906e-05,7.276274281969927e-05,0.33333333333333337,0.0,0.0,-0.00011531557215728988
2012-08-07,101435.42066219247,0.0,0.0,0.0,0.0,0.0,0.0,0.0
2012-08-08,101605.53956083348,0.001677115326484957,0.0018227251042831998,0.00014560977779817547,0.6666666666666667,0.0,0.0014311067161120877,0.0002460086103729365
2012-08-09,101605.53956083348,0.0,0.0,0.0,0.0,0.0,0.0,0.0
2012-08-10,101605.53956083348,0.0,0.0,0.0,0.0,0.0,0.0,0.0
2012-08-13,101605.53956083348,0.0,0.0,0.0,0.0,0.0,0.0,0.0
2012-08-14,101641.46729479164,0.00035360014929741723,0.0004989641651041617,0.00014536401580665157,0.6666666666666667,0.0006976453730490894,0.0,-0.00034404522375157935
2012-08-15,101641.46729479164,0.0,0.0,0.0,0.0,0.0,0.0,0.0
2012-08-16,101712.9278279934,0.0007030647540191559,0.000848491761109349,0.0001454270070903019,0.6666666666666667,0.0,0.0009734013397254559,-0.0002703365857064088
2012-08-17,101712.9278279934,0.0,0.0,0.0,0.0,0.0,0.0,0.0
2012-08-20,101712.9278279934,0.0,0.0,0.0,0.0,0.0,0.0,0.0
2012-08-21,101712.9278279934,0.0,0.0,0.0,0.0,0.0,0.0,0.0
2012-08-22,101712.9278279934,0.0,0.0,0.0,0.0,0.0,0.0,0.0
2012-08-23,101736.32323034889,0.0002300140489031044,0.0003026586170094362,7.264456810634442e-05,0.3333333333333333,0.0002300140489030918,0.0,0.0
2012-08-24,101736.32323034889,0.0,0.0,0.0,0.0,0.0,0.0,0.0
2012-08-27,101736.32323034889,0.0,0.0,0.0,0.0,0.0,0.0,0.0
2012-08-28,101741.44396121091,5.033335881843293e-05,0.0001229840163186798,7.265065750027122e-05,0.33333333333333337,0.0,0.0,5.03333588184086e-05
2012-08-29,101741.44396121091,0.0,0.0,0.0,0.0,0.0,0.0,0.0
2012-08-30,101741.44396121091,0.0,0.0,0.0,0.0,0.0,0.0,0.0
2012-08-31,101741.44396121091,0.0,0.0,0.0,0.0,0.0,0.0,0.0
2012-09-03,101741.44396121091,0.0,0.0,0.0,0.0,0.0,0.0,0.0
2012-09-04,101794.81860852236,0.0005246106722427424,0.0005972294893951864,7.261881715241972e-05,0.3333333333333333,0.0005246106722427667,0.0,0.0
2012-09-05,101848.9142670328,0.0005314185854436992,0.0006040768534780749,7.265826803439216e-05,0.3333333333333333,0.0005314185854436828,0.0,0.0
2012-09-06,101781.22692931391,-0.0006645857563235547,-0.0005919489655426732,7.263679078086969e-05,0.33333333333333337,-0.0006645857563235428,0.0,0.0
2012-09-07,101781.22692931391,0.0,0.0,0.0,0.0,0.0,0.0,0.0
2012-09-10,101781.22692931391,0.0,0.0,0.0,0.0,0.0,0.0,0.0
2012-09-11,101827.14638701073,0.0004511584216675413,0.0005963952249830041,0.00014523680331541368,0.6666666666666667,0.0005654144380886418,-0.00011425601642105145,0.0
2012-09-12,101807.5459518621,-0.00019248732625898324,-0.00011987173724118765,7.261558901785724e-05,0.33333333333333337,0.0,0.0,-0.0001924873262590449
2012-09-13,101807.5459518621,0.0,0.0,0.0,0.0,0.0,0.0,0.0
2012-09-14,101546.0600360488,-0.0025684335416251702,-0.002423066084700961,0.00014536745692416507,0.6666666666666667,-0.0019130630691862958,-0.0006553704724388301,0.0
2012-09-17,101546.0600360488,0.0,0.0,0.0,0.0,0.0,0.0,0.0
2012-09-18,101546.0600360488,0.0,0.0,0.0,0.0,0.0,0.0,0.0
2012-09-19,101657.71541686033,0.0010995540424896255,0.001172278367443639,7.27243249540816e-05,0.3333333333333333,0.0,0.0,0.0010995540424895574
2012-09-20,101634.45025153756,-0.0002288578415062803,-1.0815415407557578e-05,0.00021804242609880364,1.0,-0.0003143881632033813,0.0001539486435719586,-6.841832187493851e-05
2012-09-21,101580.94810589495,-0.000526417425491088,-0.000453704673158158,7.271275233295645e-05,0.3333333333333333,0.0,-0.0005264174254911145,0.0
2012-09-24,101490.95902724979,-0.0008858853980310277,-0.0008132152627122377,7.267013531872539e-05,0.33333333333333337,-0.000885885398030963,0.0,0.0
2012-09-25,101566.18142532684,0.0007411733892164207,0.0008139597981379569,7.278640892158396e-05,0.33333333333333337,0.000741173389216373,0.0,0.0
2012-09-26,101469.79400074536,-0.0009490110116263661,-0.0008036181502121634,0.00014539286141424294,0.6666666666666666,-0.0007587770165990213,-0.0001902339950273851,0.0
2012-09-27,101453.8493459852,-0.00015713695801966576,-8.437880733643452e-05,7.275815068321914e-05,0.33333333333333337,0.0,-0.00015713695801965365,0.0
2012-09-28,101535.40083447873,0.0008038284305547094,0.0008765447304676099,7.271629991277362e-05,0.33333333333333337,0.0,0.0008038284305548364,0.0
2012-10-01,101547.55262882441,0.0001196803700562743,0.00019240883028259767,7.272846022627514e-05,0.3333333333333333,0.0,0.0,0.00011968037005632253
2012-10-02,101547.55262882441,0.0,0.0,0.0,0.0,0.0,0.0,0.0
2012-10-03,101532.40837503417,-0.00014913460145715707,-3.6872938875923854e-06,0.00014544730756953456,0.6666666666666666,-0.00027926524222849985,0.00013013064077137292,0.0
2012-10-04,101500.93464658222,-0.0003099870175018449,-0.0001645195488907033,0.0001454674686110881,0.6666666666666667,-0.00018345488704420601,-0.00012653213045758533,0.0
2012-10-05,101500.93464658222,0.0,0.0,0.0,0.0,0.0,0.0,0.0
2012-10-08,101342.57827106373,-0.0015601469687926972,-0.0013419785469203822,0.00021816842187233942,1.0,-0.00041445751578103086,-0.0008727781103296539,-0.00027291134268203686
2012-10-09,101342.57827106373,0.0,0.0,0.0,0.0,0.0,0.0,0.0
2012-10-10,101342.57827106373,0.0,0.0,0.0,0.0,0.0,0.0,0.0
2012-10-11,101342.57827106373,0.0,0.0,0.0,0.0,0.0,0.0,0.0
2012-10-12,101342.57827106373,0.0,0.0,0.0,0.0,0.0,0.0,0.0
2012-10-15,101324.41286824999,-0.00017924749028142006,3.919774651905957e-05,0.00021844523680054483,0.9999999999999999,0.0004420826849272587,0.00011201717388635929,-0.0007333473490951032
2012-10-16,101186.86598006838,-0.0013574901081386814,-0.0012846153846154027,7.287472352317793e-05,0.33333333333333337,-0.0013574901081385806,0.0,0.0
2012-10-17,101005.73932459144,-0.0017900213997399383,-0.0016442411809591826,0.00014578021878071685,0.6666666666666666,0.0,-0.001111073519965041,-0.0006789478797748586
2012-10-18,101005.73932459144,0.0,0.0,0.0,0.0,0.0,0.0,0.0
2012-10-19,101005.73932459144,0.0,0.0,0.0,0.0,0.0,0.0,0.0
2012-10-22,100856.09526396189,-0.001481540174154472,-0.0012627011407175444,0.00021883903343690282,1.0,-0.0007094552921295898,-0.00011451569435806655,-0.0006575691876667907
2012-10-23,100793.76483239431,-0.0006180135311053547,-0.0005450469815144373,7.296654959085147e-05,0.3333333333333333,-0.0006180135311052887,0.0,0.0
2012-10-24,100715.34371739542,-0.0007780353787687488,-0.0007049818018750968,7.305357689358535e-05,0.3333333333333333,0.0,-0.0007780353787686822,0.0
2012-10-25,100605.86512470315,-0.0010870100686888318,-0.0008678175373020661,0.0002191925313867548,1.0,0.00041375768311292864,-0.0014568382347593689,-4.392951704238061e-05
2012-10-26,100569.54504606323,-0.00036101353131756664,-0.00028792108458623267,7.309244673136349e-05,0.3333333333333333,0.0,0.0,-0.0003610135313175962
2012-10-29,100569.54504606323,0.0,0.0,0.0,0.0,0.0,0.0,0.0
2012-10-30,100473.95402844973,-0.0009504966694411365,-0.0008042478825757519,0.0001462487868653982,0.6666666666666666,-0.0007766595693120627,0.0,-0.00017383710012908724
2012-10-31,100473.95402844973,0.0,0.0,0.0,0.0,0.0,0.0,0.0
2012-11-01,100545.2646375635,0.0007097422392032815,0.000782926031517972,7.318379231468472e-05,0.3333333333333333,0.0007097422392032874,0.0,0.0
2012-11-02,100417.28810716499,-0.0012728250391484952,-0.0011266485510100417,0.00014617648813843384,0.6666666666666666,-0.00035009294376124936,-0.0009227320953872262,0.0
2012-11-05,100363.94578714872,-0.0005312065384531772,-0.0003848888601448719,0.00014631767830836784,0.6666666666666666,-0.0004040529399726259,0.0,-0.00012715359848061383
2012-11-06,100363.94578714872,0.0,0.0,0.0,0.0,0.0,0.0,0.0
2012-11-07,100679.88846326359,0.0031479698574716775,0.0032941817142325695,0.00014621185676094896,0.6666666666666667,0.0022743834635827204,0.0008735863938889002,0.0
2012-11-08,100679.88846326359,0.0,0.0,0.0,0.0,0.0,0.0,0.0
2012-11-09,100679.88846326359,0.0,0.0,0.0,0.0,0.0,0.0,0.0
2012-11-12,100679.88846326359,0.0,0.0,0.0,0.0,0.0,0.0,0.0
2012-11-13,100776.41367008175,0.0009587337480352343,0.001031796962490376,7.306321445511799e-05,0.33333333333333337,0.0,0.0,0.000958733748035258
2012-11-14,100673.89734265905,-0.001017265089014896,-0.0009442399284540861,7.302516056083379e-05,0.3333333333333333,0.0,0.0,-0.0010172650890149198
2012-11-15,100503.73307779872,-0.0016902520847201785,-0.0016171865059331214,7.306557878704201e-05,0.3333333333333333,0.0,0.0,-0.0016902520847201636
2012-11-16,100503.73307779872,0.0,0.0,0.0,0.0,0.0,0.0,0.0
2012-11-19,100469.5555431946,-0.0003400623395517499,-0.0002669294895486877,7.313285000306388e-05,0.3333333333333333,0.0,0.0,-0.00034006233955175154
2012-11-20,100587.49056161044,0.001173838361065771,0.0012469847499898175,7.314638892389272e-05,0.3333333333333333,0.0,0.0,0.0011738383610659247
2012-11-21,100623.31268809403,0.00035612904033666126,0.000575501067034375,0.0002193720266976493,1.0,0.0007622869501484412,0.0005493971305730548,-0.0009555550403847704
2012-11-22,100623.31268809403,0.0,0.0,0.0,0.0,0.0,0.0,0.0
2012-11-23,100545.26535900657,-0.0007756386368373835,-0.0006294360596219203,0.00014620257721534787,0.6666666666666666,-0.0007924882712914848,1.6849634454216544e-05,0.0
2012-11-26,100609.34239263102,0.0006372953852740171,0.0007104117952715002,7.311640999753642e-05,0.33333333333333337,0.0,0.0,0.0006372953852739638
2012-11-27,100634.65385365245,0.0002515816167711904,0.00032467268934503285,7.309107257378954e-05,0.3333333333333333,0.0,0.0,0.0002515816167712433
2012-11-28,100631.8097396045,-2.826177602877067e-05,4.4819296744454576e-05,7.308107277323826e-05,0.3333333333333333,0.0,0.0,-2.8261776028783672e-05
2012-11-29,100631.8097396045,0.0,0.0,0.0,0.0,0.0,0.0,0.0
2012-11-30,100708.88948766797,0.0007659580828658363,0.0009851493659138733,0.00021919128304804592,1.0,0.0005801936261711115,0.0003798051277969731,-0.00019404067110225719
2012-12-03,100623.18881996511,-0.0008509742103088858,-0.0007778835426453709,7.309066766355466e-05,0.3333333333333333,-0.0008509742103089255,0.0,0.0
2012-12-04,100623.18881996511,0.0,0.0,0.0,0.0,0.0,0.0,0.0
2012-12-05,100641.96116996117,0.00018656087345481076,0.00025964647509627936,7.308560164155397e-05,0.3333333333333333,0.0,0.0,0.00018656087345472543
2012-12-06,100641.96116996117,0.0,0.0,0.0,0.0,0.0,0.0,0.0
2012-12-07,100641.96116996117,0.0,0.0,0.0,0.0,0.0,0.0,0.0
2012-12-10,100641.96116996117,0.0,0.0,0.0,0.0,0.0,0.0,0.0
2012-12-11,100641.96116996117,0.0,0.0,0.0,0.0,0.0,0.0,0.0
2012-12-12,100645.53627731944,3.552302952658515e-05,0.00010860121633360365,7.30781868069746e-05,0.3333333333333333,0.0,0.0,3.5523029526629045e-05
2012-12-13,100607.63381487897,-0.0003765935762519712,-0.00030351680125236446,7.30767749995228e-05,0.33333333333333337,0.0,0.0,-0.00037659357625188724
2012-12-14,100593.02913990548,-0.00014516468005154604,1.0187645361758857e-06,0.00014618344458777112,0.6666666666666666,-0.00014447017471209497,-6.945053395002419e-07,0.0
2012-12-17,100593.02913990548,0.0,0.0,0.0,0.0,0.0,0.0,0.0
2012-12-18,100593.02913990548,0.0,0.0,0.0,0.0,0.0,0.0,0.0
2012-12-19,100567.35047891158,-0.0002552727680382727,-0.00018216613961293446,7.31066284254318e-05,0.3333333333333333,0.0,-0.00025527276803836627,0.0
2012-12-20,100634.10917407,0.0006638207613158809,0.0007369284347401952,7.310767342434307e-05,0.3333333333333333,0.0,0.0,0.0006638207613158522
2012-12-21,100532.37457233419,-0.0010109355820882016,-0.0007917303140466309,0.00021920526804167142,1.0,-0.0004715772686973796,-0.0004464602906478478,-9.289802274307503e-05
2012-12-24,100567.04448699218,0.000344863182685895,0.0004179637956877776,7.310061300183632e-05,0.3333333333333333,0.0,0.0003448631826859413,0.0
2012-12-25,100567.04448699218,0.0,0.0,0.0,0.0,0.0,0.0,0.0
2012-12-26,100567.04448699218,0.0,0.0,0.0,0.0,0.0,0.0,0.0
2012-12-27,100567.04448699218,0.0,0.0,0.0,0.0,0.0,0.0,0.0
2012-12-28,100567.04448699218,0.0,0.0,0.0,0.0,0.0,0.0,0.0
2012-12-31,100540.63761023256,-0.00026257982318489415,-0.00018948150281568782,7.309832036923155e-05,0.3333333333333333,-0.00026257982318491935,0.0,0.0
2013-01-01,100540.63761023256,0.0,0.0,0.0,0.0,0.0,0.0,0.0
2013-01-02,100540.63761023256,0.0,0.0,0.0,0.0,0.0,0.0,0.0
2013-01-03,100183.72405527823,-0.0035499432213468296,-0.003403876932876545,0.00014606628847022512,0.6666666666666666,-0.0017443607961602318,-0.001805582425186538,0.0
2013-01-04,100045.11807755672,-0.0013835179219833238,-0.0012370326498140074,0.0001464852721693156,0.6666666666666667,0.0,-0.0007669211765817264,-0.0006165967454015964
2013-01-07,100046.6406991788,1.521934954284987e-05,0.00023517984055354543,0.0002199604910107187,1.0,-8.867102759097075e-05,0.00023419157306290005,-0.00013030119592910262
2013-01-08,100009.45470220312,-0.0003716866125219598,-0.0002983868461131634,7.329976640871892e-05,0.33333333333333337,0.0,-0.0003716866125218823,0.0
2013-01-09,100036.7834713134,0.000273261855008311,0.00034659140681829,7.332955180998386e-05,0.3333333333333333,0.0,0.0,0.00027326185500830614
2013-01-10,100036.7834713134,0.0,0.0,0.0,0.0,0.0,0.0,0.0
2013-01-11,100036.7834713134,0.0,0.0,0.0,0.0,0.0,0.0,0.0
2013-01-14,100036.7834713134,0.0,0.0,0.0,0.0,0.0,0.0,0.0
2013-01-15,99800.29601802629,-0.002364004969781286,-0.002217432281839386,0.00014657268794185312,0.6666666666666667,-0.0013645094220444878,0.0,-0.0009994955477367513
2013-01-16,99726.05456472374,-0.0007439001312093962,-0.0005237049297898884,0.00022019520141951498,1.0000000000000002,-0.000347181669813598,-0.0006980580903258604,0.000301339628930055
2013-01-17,99726.05456472374,0.0,0.0,0.0,0.0,0.0,0.0,0.0
2013-01-18,99726.05456472374,0.0,0.0,0.0,0.0,0.0,0.0,0.0
2013-01-21,99760.07787597313,0.00034116772590553346,0.00048805488589302265,0.00014688715998733344,0.6666666666666667,0.0,-8.81430361273611e-05,0.00042931076203305024
2013-01-22,99711.70657062283,-0.00048487637921090787,-0.00033803555575706584,0.0001468408234538273,0.6666666666666666,0.00029143912086471814,0.0,-0.0007763155000756112
2013-01-23,99711.70657062283,0.0,0.0,0.0,0.0,0.0,0.0,0.0
2013-01-24,99609.05049366821,-0.001029528833526805,-0.0009560798494081534,7.344898411869943e-05,0.3333333333333333,0.0,0.0,-0.0010295288335268528
2013-01-25,99529.99245582479,-0.0007936832792965198,-0.0007201569445478562,7.352633474867295e-05,0.33333333333333337,-0.0007936832792965292,0.0,0.0
2013-01-28,99543.44175345218,0.0001351280884840378,0.0003556672673997358,0.00022053917891566265,0.9999999999999999,-0.00019996918443834755,-0.00049691858318476,0.0008320158561071808
2013-01-29,99543.44175345218,0.0,0.0,0.0,0.0,0.0,0.0,0.0
2013-01-30,99440.38169996592,-0.0010353274075204366,-0.0009617625251562658,7.3564882364099e-05,0.3333333333333333,0.0,-0.0010353274075203648,0.0
2013-01-31,99454.44014016457,0.00014137556552307196,0.00021492325975373353,7.35476942306635e-05,0.3333333333333333,0.0,0.00014137556552307003,0.0
2013-02-01,99482.03682015209,0.00027748062277188623,0.00035103337712209337,7.35527543502599e-05,0.3333333333333333,0.0,0.0,0.0002774806227718335
2013-02-04,99482.03682015209,0.0,0.0,0.0,0.0,0.0,0.0,0.0
2013-02-05,99459.7960405356,-0.00022356578461191212,-7.648641426039048e-05,0.00014707937035153464,0.6666666666666666,0.0002689306585601171,-0.0004924964431720422,0.0
2013-02-06,99449.48887789891,-0.00010363144754976794,4.3471903122112764e-05,0.00014710335067183347,0.6666666666666666,-0.0004648973317060522,0.0003612658841563315,0.0
2013-02-07,99449.48887789891,0.0,0.0,0.0,0.0,0.0,0.0,0.0
2013-02-08,99251.16033052922,-0.0019942641194786725,-0.0019207093627360283,7.35547567426691e-05,0.3333333333333333,0.0,0.0,-0.0019942641194786977
2013-02-11,99103.7938300142,-0.0014847836541583836,-0.0014112190859446965,7.356456821375559e-05,0.3333333333333333,0.0,-0.001484783654158452,0.0
2013-02-12,99103.7938300142,0.0,0.0,0.0,0.0,0.0,0.0,0.0
2013-02-13,99103.7938300142,0.0,0.0,0.0,0.0,0.0,0.0,0.0
2013-02-14,98896.12888011815,-0.002095428861706772,-0.0019481361533214188,0.00014729270838531876,0.6666666666666666,-0.0018606292807134615,-0.0002347995809932762,0.0
2013-02-15,99143.56423528134,0.0025019720990608896,0.0027232273390078356,0.00022125523994685387,1.0000000000000002,0.00038126114132634823,0.0011550831943976457,0.0009656277633369877
2013-02-18,99143.56423528134,0.0,0.0,0.0,0.0,0.0,0.0,0.0
2013-02-19,99143.56423528134,0.0,0.0,0.0,0.0,0.0,0.0,0.0
2013-02-20,99215.36354528354,0.0007241953681613733,0.0007978742350736775,7.367886691237078e-05,0.33333333333333337,0.0,0.0,0.0007241953681613067
2013-02-21,99349.32870270924,0.0013502460973653374,0.001423966965721668,7.372086835637577e-05,0.3333333333333333,0.0,0.001350246097365292,0.0
2013-02-22,99349.32870270924,0.0,0.0,0.0,0.0,0.0,0.0,0.0
2013-02-25,99183.62892715566,-0.0016678499766155097,-0.001520583334576756,0.00014726664203879993,0.6666666666666666,-0.0017439354039306212,7.608542731506518e-05,0.0
2013-02-26,99188.17746613077,4.585977569404598e-05,0.00011952234524574093,7.366256955171929e-05,0.3333333333333333,0.0,0.0,4.585977569402164e-05
2013-02-27,99174.70009008473,-0.00013587683925975202,1.1505307977370078e-05,0.00014738214723719368,0.6666666666666666,-0.0006750075678199948,0.0005391307285601711,0.0
2013-02-28,99174.70009008473,0.0,0.0,0.0,0.0,0.0,0.0,0.0
2013-03-01,99174.70009008473,0.0,0.0,0.0,0.0,0.0,0.0,0.0
2013-03-04,99174.70009008473,0.0,0.0,0.0,0.0,0.0,0.0,0.0
2013-03-05,99174.70009008473,0.0,0.0,0.0,0.0,0.0,0.0,0.0
2013-03-06,99174.70009008473,0.0,0.0,0.0,0.0,0.0,0.0,0.0
2013-03-07,99174.70009008473,0.0,0.0,0.0,0.0,0.0,0.0,0.0
2013-03-08,99094.6669728988,-0.0008069912700843229,-0.0006596457691659582,0.00014734550091837645,0.6666666666666666,0.0,0.00018832109475188277,-0.0009953123648362174
2013-03-11,99170.58259590415,0.0007660919131613486,0.0008397487007345549,7.365678757331581e-05,0.3333333333333333,0.0,0.0007660919131612391,0.0
2013-03-12,99251.48581813178,0.0008157985978289872,0.0008895109484186038,7.371235058954931e-05,0.33333333333333337,0.0008157985978290544,0.0,0.0
2013-03-13,99304.71646598012,0.0005363209166044935,0.0007571944792000111,0.00022087356259558423,1.0,0.0011043616381938189,-0.0006230320304057177,5.499130881632577e-05
2013-03-14,99304.71646598012,0.0,0.0,0.0,0.0,0.0,0.0,0.0
2013-03-15,99212.69629878308,-0.0009266444784479244,-0.0008529884350637987,7.365604338413351e-05,0.3333333333333333,0.0,-0.0009266444784479322,0.0
2013-03-18,99266.35502510965,0.0005408453587933959,0.000614465389401353,7.362003060804278e-05,0.3333333333333333,0.0005408453587933101,0.0,0.0
2013-03-19,99266.35502510965,0.0,0.0,0.0,0.0,0.0,0.0,0.0
2013-03-20,99131.43154913638,-0.0013592065099915507,-0.0012855132741531603,7.369323583846365e-05,0.3333333333333333,-0.0013592065099916242,0.0,0.0
2013-03-21,99007.2383123026,-0.0012528139147494066,-0.0011790711563933372,7.3742758356072e-05,0.3333333333333333,0.0,-0.001252813914749409,0.0
2013-03-22,99227.69199428972,0.0022266420692569344,0.00230037648909868,7.373441984160089e-05,0.3333333333333333,0.0,0.0,0.0022266420692570793
2013-03-25,99227.69199428972,0.0,0.0,0.0,0.0,0.0,0.0,0.0
2013-03-26,99227.69199428972,0.0,0.0,0.0,0.0,0.0,0.0,0.0
2013-03-27,99067.32851707912,-0.0016161161666425894,-0.001542548633130525,7.356753351201958e-05,0.3333333333333333,-0.0016161161666425445,0.0,0.0
2013-03-28,99062.42567723632,-4.9489977333561086e-05,2.4218725918882335e-05,7.370870325245435e-05,0.3333333333333333,0.0,-4.948997733357201e-05,0.0
2013-03-29,99062.42567723632,0.0,0.0,0.0,0.0,0.0,0.0,0.0
2013-04-01,99155.19626267122,0.0009364861076304187,0.0010101980201541183,7.37119125237192e-05,0.33333333333333337,0.0,0.0,0.0009364861076303992
2013-04-02,99291.42323575578,0.0013738762890820322,0.001447550423006409,7.367413392439498e-05,0.3333333333333333,0.0,0.0,0.0013738762890820138
2013-04-03,99349.77763010268,0.0005877083079808276,0.0006613601626842176,7.365185470336036e-05,0.3333333333333333,0.0005877083079808573,0.0,0.0
2013-04-04,99523.02989211485,0.0017438615983340622,0.001891125980520029,0.00014726438218588367,0.6666666666666666,0.0,0.0014089942176035396,0.00033486738073060593
2013-04-05,99523.02989211485,0.0,0.0,0.0,0.0,0.0,0.0,0.0
2013-04-08,99523.02989211485,0.0,0.0,0.0,0.0,0.0,0.0,0.0
2013-04-09,99502.63109213157,-0.00020496562459348944,-0.00013144058885387427,7.352503573966169e-05,0.33333333333333337,0.0,0.0,-0.00020496562459353595
2013-04-10,99502.63109213157,0.0,0.0,0.0,0.0,0.0,0.0,0.0
2013-04-11,99502.63109213157,0.0,0.0,0.0,0.0,0.0,0.0,0.0
2013-04-12,99502.63109213157,0.0,0.0,0.0,0.0,0.0,0.0,0.0
2013-04-15,99500.62062195191,-2.020519616008354e-05,0.00012686769791647734,0.00014707289407666564,0.6666666666666667,5.504279568773049e-06,-2.5709475728961325e-05,0.0
2013-04-16,99484.48521278921,-0.00016216390472578723,-8.862981711577067e-05,7.353408761001084e-05,0.33333333333333337,0.0,0.0,-0.00016216390472578151
2013-04-17,99584.32978282249,0.001003619507300213,0.0010771601150788936,7.354060777863328e-05,0.3333333333333333,0.0,0.0,0.0010036195073002605
2013-04-18,99584.32978282249,0.0,0.0,0.0,0.0,0.0,0.0,0.0
2013-04-19,99574.78665927419,-9.582957046661011e-05,5.1168629835969995e-05,0.0001469982003026492,0.6666666666666666,0.0,-2.5686680968617772e-05,-7.014288949806142e-05
2013-04-22,99574.78665927419,0.0,0.0,0.0,0.0,0.0,0.0,0.0
2013-04-23,99716.30144512339,0.001421190952017204,0.001568236357119964,0.0001470454051028452,0.6666666666666667,0.0,0.0006687614548692805,0.0007524294971478382
2013-04-24,99716.30144512339,0.0,0.0,0.0,0.0,0.0,0.0,0.0
2013-04-25,99266.31648512401,-0.00451265192830097,-0.004365539380110528,0.00014711254819040607,0.6666666666666666,-0.0010096870159007952,-0.0035029649124001393,0.0
2013-04-26,99298.23098297922,0.00032150379892437186,0.0003951327747439004,7.362897581946746e-05,0.3333333333333333,0.0,0.0,0.00032150379892443296
2013-04-29,99322.0350715461,0.00023972318873388687,0.00031332354733759615,7.360035860376921e-05,0.3333333333333333,0.0,0.00023972318873382692,0.0
2013-04-30,99322.0350715461,0.0,0.0,0.0,0.0,0.0,0.0,0.0
2013-05-01,99322.0350715461,0.0,0.0,0.0,0.0,0.0,0.0,0.0
2013-05-02,99396.22331471092,0.0007469464667269055,0.0008205938668206514,7.364740009361145e-05,0.3333333333333333,0.0007469464667270399,0.0,0.0
2013-05-03,99377.78495719653,-0.00018550360264701915,-0.00011192169551195916,7.358190713502978e-05,0.3333333333333333,-0.00018550360264698893,0.0,0.0
2013-05-06,99377.78495719653,0.0,0.0,0.0,0.0,0.0,0.0,0.0
2013-05-07,99377.78495719653,0.0,0.0,0.0,0.0,0.0,0.0,0.0
2013-05-08,99287.48768647222,-0.0009086263168696096,-0.0008350007891775313,7.362552769214244e-05,0.3333333333333333,-0.0009086263168696739,0.0,0.0
2013-05-09,99287.48768647222,0.0,0.0,0.0,0.0,0.0,0.0,0.0
2013-05-10,99287.48768647222,0.0,0.0,0.0,0.0,0.0,0.0,0.0
2013-05-13,99243.9744305882,-0.0004382551809691826,-0.00036461656661409175,7.363861435504903e-05,0.3333333333333333,0.0,-0.00043825518096914074,0.0
2013-05-14,99330.32234022154,0.0008700569493387267,0.0009436478142244391,7.359086488571013e-05,0.33333333333333337,0.000870056949338729,0.0,0.0
2013-05-15,99198.32355714792,-0.0013288870907063322,-0.0012553468476846168,7.35402430216889e-05,0.3333333333333333,-0.0013288870907063057,0.0,0.0
2013-05-16,99198.32355714792,0.0,0.0,0.0,0.0,0.0,0.0,0.0
2013-05-17,99177.71839796391,-0.0002077168085621306,-6.0406638041003255e-05,0.00014731017052114584,0.6666666666666666,-0.00016686740220636298,-4.08494063557861e-05,0.0
2013-05-20,99172.37011701305,-5.3926235017764945e-05,1.9737751080624775e-05,7.366398609844265e-05,0.33333333333333337,0.0,-5.3926235017817875e-05,0.0
2013-05-21,98941.77714417389,-0.002325173559602267,-0.002177930332826724,0.0001472432267754911,0.6666666666666666,0.0,-0.0018949620396183488,-0.0004302115199838659
2013-05-22,98941.77714417389,0.0,0.0,0.0,0.0,0.0,0.0,0.0
2013-05-23,98835.1634134991,-0.0010775400821780856,-0.0010037789324515896,7.376114972651743e-05,0.3333333333333333,0.0,0.0,-0.001077540082178107
2013-05-24,98835.1634134991,0.0,0.0,0.0,0.0,0.0,0.0,0.0
2013-05-27,98835.1634134991,0.0,0.0,0.0,0.0,0.0,0.0,0.0
2013-05-28,98953.30401036833,0.0011953296052635842,0.0013429767129158332,0.00014764710765213383,0.6666666666666666,0.0006779382867188919,0.0,0.0005173913185448074
2013-05-29,98953.30401036833,0.0,0.0,0.0,0.0,0.0,0.0,0.0
2013-05-30,99260.8192749914,0.0031076806145942104,0.0032551575369345054,0.00014747692234020723,0.6666666666666666,0.0,0.000645447658225011,0.002462232956369287
2013-05-31,99260.8192749914,0.0,0.0,0.0,0.0,0.0,0.0,0.0
2013-06-03,99335.3745101214,0.0007511043700278996,0.0008983218688373151,0.0001472174988093628,0.6666666666666666,0.000706760324828319,4.4344045199633215e-05,0.0
2013-06-04,99366.07916507366,0.00030910091297964293,0.00038270187523914423,7.360096225934534e-05,0.33333333333333337,0.0,0.0,0.0003091009129797989
2013-06-05,99274.52258290457,-0.0009214068114431484,-0.0008478182920985677,7.358851934459709e-05,0.3333333333333333,0.0,0.0,-0.0009214068114431648
2013-06-06,99238.64345391894,-0.0003614132614505605,-0.00021415126397742826,0.000147261997473147,0.6666666666666667,-0.00011936905251596372,-0.00024204420893461154,0.0
2013-06-07,98918.09006325893,-0.003230126687582602,-0.003156486475187033,7.364021239559484e-05,0.3333333333333333,0.0,0.0,-0.003230126687582628
2013-06-10,98918.09006325893,0.0,0.0,0.0,0.0,0.0,0.0,0.0
2013-06-11,98472.05994441996,-0.004509085431731785,-0.004435314601096993,7.377083063480739e-05,0.3333333333333333,0.0,0.0,-0.0045090854317318
2013-06-12,98520.14606036099,0.000488322433471744,0.0005622764261296412,7.395399265799556e-05,0.3333333333333333,0.0,0.0,0.0004883224334716457
2013-06-13,98568.69501543697,0.000492782004669845,0.0006406108722186352,0.00014782886754883588,0.6666666666666667,0.0007154087385260441,0.0,-0.00022262673385624475
2013-06-14,98416.35329242353,-0.0015455386011712369,-0.0013238443915240725,0.0002216942096471746,1.0,-0.0004542012999954782,-0.000659517093182737,-0.00043182020799303195
2013-06-17,98477.89234439109,0.0006252929509051874,0.0008472233440467807,0.00022193039314152203,1.0,-0.00026129106666598266,0.00010208922325958784,0.0007844947943116535
2013-06-18,98328.19774764105,-0.0015200832713451184,-0.0013722487100203962,0.00014783456132478695,0.6666666666666667,-6.148882125419938e-05,-0.001458594450090984,0.0
2013-06-19,98326.9931888188,-1.2250390527324129e-05,6.175994548085485e-05,7.401033600817744e-05,0.33333333333333337,0.0,-1.2250390527322585e-05,0.0
2013-06-20,98375.97033336006,0.0004981047721779319,0.0007201447400798643,0.00022203996790192462,1.0,-0.0003991812406527748,0.0002151717203671229,0.0006821142924635917
2013-06-21,98461.67567948576,0.0008712020408569998,0.0009451957101081673,7.399366925119486e-05,0.33333333333333337,0.0,0.0,0.0008712020408569724
2013-06-24,98442.22415661973,-0.00019755425379264224,-0.00012360215718291528,7.395209660974963e-05,0.33333333333333337,0.0,-0.0001975542537926649,0.0
2013-06-25,98442.22415661973,0.0,0.0,0.0,0.0,0.0,0.0,0.0
2013-06-26,98526.85328718525,0.000859683243552789,0.000933649547486648,7.396630393379513e-05,0.3333333333333333,0.0,0.0,0.0008596832435528529
2013-06-27,98526.85328718525,0.0,0.0,0.0,0.0,0.0,0.0,0.0
2013-06-28,98526.85328718525,0.0,0.0,0.0,0.0,0.0,0.0,0.0
2013-07-01,98526.85328718525,0.0,0.0,0.0,0.0,0.0,0.0,0.0
2013-07-02,98526.85328718525,0.0,0.0,0.0,0.0,0.0,0.0,0.0
2013-07-03,98526.85328718525,0.0,0.0,0.0,0.0,0.0,0.0,0.0
2013-07-04,98526.85328718525,0.0,0.0,0.0,0.0,0.0,0.0,0.0
2013-07-05,98526.85328718525,0.0,0.0,0.0,0.0,0.0,0.0,0.0
2013-07-08,98526.85328718525,0.0,0.0,0.0,0.0,0.0,0.0,0.0
2013-07-09,98732.27013039231,0.0020848817997700664,0.002232632973029447,0.0001477511732594514,0.6666666666666666,0.00020828993085852848,0.001876591868911467,0.0
2013-07-10,98594.73529753144,-0.001393007905918009,-0.001245296022032753,0.00014771188388521737,0.6666666666666667,0.0,-0.00043408743523266257,-0.0009589204706853076
2013-07-11,98790.49104463987,0.0019854584174063827,0.0021333719877555017,0.00014791357034917756,0.6666666666666666,0.0007013051367165368,0.0012841532806897875,0.0
2013-07-12,98654.20394841573,-0.0013795568255912105,-0.0012319723037946448,0.000147584521796525,0.6666666666666667,-0.0004266365046042656,-0.0009529203209869042,0.0
2013-07-15,98654.20394841573,0.0,0.0,0.0,0.0,0.0,0.0,0.0
2013-07-16,98654.20394841573,0.0,0.0,0.0,0.0,0.0,0.0,0.0
2013-07-17,98891.82104862297,0.0024085856526852023,0.002482588777374654,7.400312468937204e-05,0.3333333333333333,0.0,0.002408585652685282,0.0
2013-07-18,99039.67816980231,0.0014951400389993097,0.0016427651850009122,0.0001476251460015837,0.6666666666666666,0.0,0.0011661883504272357,0.00032895168857209286
2013-07-19,99015.83794156332,-0.0002407139106218592,-9.327318794057533e-05,0.00014744072268127313,0.6666666666666666,-4.0704920658976365e-05,0.0,-0.0002000089899628721
2013-07-22,99015.83794156332,0.0,0.0,0.0,0.0,0.0,0.0,0.0
2013-07-23,99015.83794156332,0.0,0.0,0.0,0.0,0.0,0.0,0.0
2013-07-24,99015.83794156332,0.0,0.0,0.0,0.0,0.0,0.0,0.0
2013-07-25,99174.91488875575,0.0016065808309000396,0.0016802277304784527,7.36468995783869e-05,0.33333333333333337,0.0,0.001606580830900066,0.0
2013-07-26,99174.91488875575,0.0,0.0,0.0,0.0,0.0,0.0,0.0
2013-07-29,99174.91488875575,0.0,0.0,0.0,0.0,0.0,0.0,0.0
2013-07-30,99174.91488875575,0.0,0.0,0.0,0.0,0.0,0.0,0.0
2013-07-31,99174.91488875575,0.0,0.0,0.0,0.0,0.0,0.0,0.0
2013-08-01,99271.92884967878,0.000978210679906777,0.0011992885706023637,0.00022107789069558724,1.0,-0.00010136800069436469,0.0015449844894215618,-0.0004654058088204208
2013-08-02,99271.92884967878,0.0,0.0,0.0,0.0,0.0,0.0,0.0
2013-08-05,99271.92884967878,0.0,0.0,0.0,0.0,0.0,0.0,0.0
2013-08-06,99271.92884967878,0.0,0.0,0.0,0.0,0.0,0.0,0.0
2013-08-07,99392.21735359605,0.0012117071292068182,0.00128533382690151,7.362669769474257e-05,0.33333333333333337,0.0,0.0,0.0012117071292067673
2013-08-08,99392.21735359605,0.0,0.0,0.0,0.0,0.0,0.0,0.0
2013-08-09,99392.21735359605,0.0,0.0,0.0,0.0,0.0,0.0,0.0
2013-08-12,99400.75192900057,8.586764267626279e-05,0.0001594535483801322,7.358590570380143e-05,0.3333333333333333,0.0,8.586764267633077e-05,0.0
2013-08-13,99400.75192900057,0.0,0.0,0.0,0.0,0.0,0.0,0.0
2013-08-14,99400.75192900057,0.0,0.0,0.0,0.0,0.0,0.0,0.0
2013-08-15,99377.48083498338,-0.00023411386297977899,-0.00016053135879764055,7.35825041821243e-05,0.3333333333333333,-0.00023411386297976484,0.0,0.0
2013-08-16,99377.48083498338,0.0,0.0,0.0,0.0,0.0,0.0,0.0
2013-08-19,99377.48083498338,0.0,0.0,0.0,0.0,0.0,0.0,0.0
2013-08-20,99377.48083498338,0.0,0.0,0.0,0.0,0.0,0.0,0.0
2013-08-21,99377.48083498338,0.0,0.0,0.0,0.0,0.0,0.0,0.0
2013-08-22,99377.48083498338,0.0,0.0,0.0,0.0,0.0,0.0,0.0
2013-08-23,99377.48083498338,0.0,0.0,0.0,0.0,0.0,0.0,0.0
2013-08-26,99377.48083498338,0.0,0.0,0.0,0.0,0.0,0.0,0.0
2013-08-27,99297.26339947914,-0.0008071993255437393,-0.0007336521073191271,7.354721822466225e-05,0.3333333333333333,0.0,-0.0008071993255437894,0.0
2013-08-28,99151.93463801182,-0.0014635726755394263,-0.001390025759519076,7.354691602026763e-05,0.33333333333333337,0.0,-0.0014635726755393434,0.0
2013-08-29,99083.711100002,-0.000688070669109031,-0.00046705626773972214,0.00022101440136925994,1.0,-0.00022949785474687387,-0.00015747033373048538,-0.00030110248063162275
2013-08-30,99083.711100002,0.0,0.0,0.0,0.0,0.0,0.0,0.0
2013-09-02,99024.87622229506,-0.0005937896053122005,-0.0004463498968070301,0.000147439708505178,0.6666666666666666,0.0,-0.0007383749176184196,0.0001445853123062116
2013-09-03,99024.87622229506,0.0,0.0,0.0,0.0,0.0,0.0,0.0
2013-09-04,99024.87622229506,0.0,0.0,0.0,0.0,0.0,0.0,0.0
2013-09-05,99081.69222086018,0.0005737548051822916,0.0006475144046661125,7.375959948389283e-05,0.3333333333333333,0.0005737548051822198,0.0,0.0
2013-09-06,99113.82044726238,0.0003242599685377989,0.0003979640294025088,7.370406086474967e-05,0.3333333333333333,0.0,0.0,0.00032425996853775914
2013-09-09,99113.82044726238,0.0,0.0,0.0,0.0,0.0,0.0,0.0
2013-09-10,99113.82044726238,0.0,0.0,0.0,0.0,0.0,0.0,0.0
2013-09-11,99113.82044726238,0.0,0.0,0.0,0.0,0.0,0.0,0.0
2013-09-12,99049.66932213966,-0.0006472470219918147,-0.000573556047494502,7.36909744972956e-05,0.3333333333333333,0.0,0.0,-0.0006472470219917975
2013-09-13,99049.66932213966,0.0,0.0,0.0,0.0,0.0,0.0,0.0
2013-09-16,99049.66932213966,0.0,0.0,0.0,0.0,0.0,0.0,0.0
2013-09-17,99049.66932213966,0.0,0.0,0.0,0.0,0.0,0.0,0.0
2013-09-18,99049.66932213966,0.0,0.0,0.0,0.0,0.0,0.0,0.0
2013-09-19,99061.86066013052,0.00012308307614050662,0.0001967903494013064,7.370727326080804e-05,0.3333333333333333,0.00012308307614049838,0.0,0.0
2013-09-20,99140.49466817906,0.0007937869077416781,0.0008674556777879723,7.366877004630495e-05,0.3333333333333333,0.0,0.0007937869077416674,0.0
2013-09-23,99140.49466817906,0.0,0.0,0.0,0.0,0.0,0.0,0.0
2013-09-24,99140.49466817906,0.0,0.0,0.0,0.0,0.0,0.0,0.0
2013-09-25,99140.49466817906,0.0,0.0,0.0,0.0,0.0,0.0,0.0
2013-09-26,99190.76227915833,0.000507034094872294,0.0005807142109545509,7.368011608227873e-05,0.33333333333333337,0.0,0.0,0.0005070340948722721
2013-09-27,99084.73368912414,-0.0010689361347560045,-0.0009215917084905249,0.00014734442626539968,0.6666666666666667,0.0,-0.0005754398631978688,-0.0004934962715580557
2013-09-30,99084.73368912414,0.0,0.0,0.0,0.0,0.0,0.0,0.0
2013-10-01,99105.88071137559,0.00021342361698017953,0.0004344945114798474,0.0002210708944996428,1.0,0.0005258166040095856,7.822492183328871e-05,-0.00039061790886266975
2013-10-02,99154.46873227875,0.0004902637518016117,0.0005639579594975964,7.369420769606802e-05,0.33333333333333337,0.0,0.0,0.0004902637518015284
2013-10-03,99154.46873227875,0.0,0.0,0.0,0.0,0.0,0.0,0.0
2013-10-04,99154.46873227875,0.0,0.0,0.0,0.0,0.0,0.0,0.0
2013-10-07,99154.46873227875,0.0,0.0,0.0,0.0,0.0,0.0,0.0
2013-10-08,99137.6341466984,-0.0001697814107178841,-9.610698079920432e-05,7.367442991870427e-05,0.3333333333333333,0.0,0.0,-0.00016978141071790858
2013-10-09,98903.08889968318,-0.0023658547940347274,-0.0021449204260500787,0.0002209343679846257,1.0,-0.0004925972686085555,-0.0018441111296936712,-2.9146395732477585e-05
2013-10-10,98903.08889968318,0.0,0.0,0.0,0.0,0.0,0.0,0.0
2013-10-11,98880.70455331088,-0.00022632605939143513,-0.00015254909538383227,7.377696400757017e-05,0.3333333333333333,0.0,0.0,-0.00022632605939140244
2013-10-14,98880.70455331088,0.0,0.0,0.0,0.0,0.0,0.0,0.0
2013-10-15,98880.70455331088,0.0,0.0,0.0,0.0,0.0,0.0,0.0
2013-10-16,98880.70455331088,0.0,0.0,0.0,0.0,0.0,0.0,0.0
2013-10-17,98742.09994645487,-0.0014017356316599061,-0.001180329666054784,0.00022140596560511034,1.0,-0.0004260766272406221,-0.0006736836853933818,-0.00030197531902589046
2013-10-18,98718.67701623126,-0.0002372132072976374,-8.952292468178413e-05,0.00014769028261586405,0.6666666666666667,-9.33366277876171e-05,-0.00014387657951003108,0.0
2013-10-21,98718.67701623126,0.0,0.0,0.0,0.0,0.0,0.0,0.0
2013-10-22,98718.67701623126,0.0,0.0,0.0,0.0,0.0,0.0,0.0
2013-10-23,98676.01806668378,-0.00043212643075096757,-0.000284433054985341,0.00014769337576559373,0.6666666666666667,0.0,-0.0003069223424189147,-0.00012520408833202007
2013-10-24,98650.98592305875,-0.00025368011514326216,-0.00010593475460814644,0.00014774536053513375,0.6666666666666666,-0.0005114831770436079,0.00025780306190032777,0.0
2013-10-25,98763.93279435021,0.0011449137607155713,0.001218794078578019,7.388031786240571e-05,0.3333333333333333,0.0,0.0,0.0011449137607156131
2013-10-28,98763.93279435021,0.0,0.0,0.0,0.0,0.0,0.0,0.0
2013-10-29,98722.05000344,-0.0004240696955377654,-0.00035025326004956,7.381643548818083e-05,0.3333333333333333,0.0,-0.0004240696955377408,0.0
2013-10-30,98722.05000344,0.0,0.0,0.0,0.0,0.0,0.0,0.0
2013-10-31,98549.393114098,-0.0017489192063575576,-0.0016751518334281086,7.376737292942919e-05,0.3333333333333333,-0.0017489192063575379,0.0,0.0
2013-11-01,98376.30621289332,-0.0017563466981910247,-0.0016085828932868031,0.00014776380490425704,0.6666666666666666,-0.0007559087671453213,-0.0010004379310457386,0.0
2013-11-04,98376.30621289332,0.0,0.0,0.0,0.0,0.0,0.0,0.0
2013-11-05,98406.1802135662,0.0003036706888366325,0.0004516713471617307,0.00014800065832512528,0.6666666666666667,0.00019794227962342638,0.0,0.000105728409213179
2013-11-06,98344.94676199867,-0.0006222520926494335,-0.00047426600561784044,0.0001479860870316663,0.6666666666666666,-0.0004467288912495258,-0.00017552320139998094,0.0
2013-11-07,98344.94676199867,0.0,0.0,0.0,0.0,0.0,0.0,0.0
2013-11-08,98344.94676199867,0.0,0.0,0.0,0.0,0.0,0.0,0.0
2013-11-11,98309.25425860006,-0.0003629317476269156,-0.0002889108062604044,7.402094136648156e-05,0.3333333333333333,-0.00036293174762688595,0.0,0.0
2013-11-12,98227.58571135816,-0.0008307310217925412,-0.0006086948256880387,0.00022203619610440507,1.0,0.0004987562493610289,-0.001198615144921707,-0.00013087212623176566
2013-11-13,98227.58571135816,0.0,0.0,0.0,0.0,0.0,0.0,0.0
2013-11-14,98181.55737875272,-0.0004685886583906118,-0.00032050201096552505,0.00014808664742501843,0.6666666666666666,-0.0005447468696852999,0.0,7.615821129475642e-05
2013-11-15,98153.49992736812,-0.00028577109727823125,-0.0002116863306664829,7.408476661164563e-05,0.3333333333333333,0.0,-0.0002857710972781285,0.0
2013-11-18,98197.318196549,0.000446425947248974,0.0005946045155001967,0.0001481785682512367,0.6666666666666667,-0.0002123305535436928,0.0,0.0006587565007926527
2013-11-19,98197.318196549,0.0,0.0,0.0,0.0,0.0,0.0,0.0
2013-11-20,98148.45285717396,-0.0004976239705164476,-0.0004235775060642914,7.404646445205371e-05,0.3333333333333333,-0.0004976239705163451,0.0,0.0
2013-11-21,98190.55004301228,0.0004289133920385435,0.0005771347949310816,0.00014822140289252495,0.6666666666666667,0.0008369728323553228,0.0,-0.0004080594403167661
2013-11-22,98188.73121694781,-1.8523432893213787e-05,5.554424098793327e-05,7.406767388106635e-05,0.3333333333333333,0.0,-1.8523432893133082e-05,0.0
2013-11-25,98146.41588550148,-0.00043095914288604487,-0.00035688793718768874,7.407120569836072e-05,0.3333333333333333,0.0,0.0,-0.00043095914288604953
2013-11-26,98146.41588550148,0.0,0.0,0.0,0.0,0.0,0.0,0.0
2013-11-27,98088.38083419074,-0.0005913109591128007,-0.0005172221894866139,7.408876962625346e-05,0.3333333333333333,0.0,0.0,-0.0005913109591128674
2013-11-28,98008.6889301961,-0.0008124499896613457,-0.0007383001916308659,7.414979803047295e-05,0.3333333333333333,0.0,-0.0008124499896613389,0.0
2013-11-29,98008.6889301961,0.0,0.0,0.0,0.0,0.0,0.0,0.0
2013-12-02,98145.95877813413,0.0014005885543044716,0.0015488031967546927,0.00014821464245028443,0.6666666666666666,0.0011352970784605917,0.00026529147584381657,0.0
2013-12-03,98092.7659101208,-0.00054197716009452,-0.00046786480741256575,7.411235268198096e-05,0.3333333333333333,0.0,-0.0005419771600945467,0.0
2013-12-04,98229.82914734201,0.0013972818071701365,0.0015455256506885875,0.00014824384351842126,0.6666666666666666,0.0003603360599489402,0.0,0.0010369457472212264
2013-12-05,98270.16063223916,0.0004105828672129608,0.0005586671762102627,0.00014808430899729275,0.6666666666666666,0.00040625253323183874,0.0,4.330333981131254e-06
2013-12-06,98231.48270268677,-0.0003935877310421443,-0.0003195502818889769,7.403744915308232e-05,0.3333333333333333,0.0,0.0,-0.00039358773104205923
2013-12-09,98188.38637005712,-0.000438722204367914,-0.00036465049574137726,7.40717086264693e-05,0.3333333333333333,0.0,-0.00043872220436784654,0.0
2013-12-10,98188.38637005712,0.0,0.0,0.0,0.0,0.0,0.0,0.0
2013-12-11,98105.7427390157,-0.0008416843793517259,-0.0007676514131487548,7.403296620296032e-05,0.33333333333333337,0.0,-0.0008416843793517152,0.0
2013-12-12,98105.7427390157,0.0,0.0,0.0,0.0,0.0,0.0,0.0
2013-12-13,98105.7427390157,0.0,0.0,0.0,0.0,0.0,0.0,0.0
2013-12-16,98001.81133104359,-0.0010593814905268673,-0.0009111613778495601,0.00014822011267732972,0.6666666666666666,0.0,-0.0002497196206949358,-0.0008096618698319539
2013-12-17,98001.81133104359,0.0,0.0,0.0,0.0,0.0,0.0,0.0
2013-12-18,97975.51143030898,-0.0002683613739113966,-0.0001942124684404985,7.414890547095705e-05,0.3333333333333333,0.0,0.0,-0.00026836137391145556
2013-12-19,97975.51143030898,0.0,0.0,0.0,0.0,0.0,0.0,0.0
2013-12-20,98008.56467968016,0.0003373623560485317,0.00048570636483506274,0.00014834400878666325,0.6666666666666666,0.00012383551814254572,0.0002135268379058537,0.0
2013-12-23,98005.69083689751,-2.9322363734651802e-05,4.482148823640545e-05,7.414385197102563e-05,0.3333333333333333,0.0,-2.932236373462017e-05,0.0
2013-12-24,98005.69083689751,0.0,0.0,0.0,0.0,0.0,0.0,0.0
2013-12-25,98005.69083689751,0.0,0.0,0.0,0.0,0.0,0.0,0.0
2013-12-26,97968.10064970562,-0.0003835510659727648,-0.0003093883067503504,7.416275922245213e-05,0.3333333333333333,0.0,-0.0003835510659728025,0.0
2013-12-27,97732.82497845807,-0.002401553869956108,-0.0022531153140901887,0.00014843855586596372,0.6666666666666666,-0.001279991595626749,-0.0011215622743294036,0.0
2013-12-30,97732.82497845807,0.0,0.0,0.0,0.0,0.0,0.0,0.0
2013-12-31,97714.83978315447,-0.0001840241014987587,-3.549209815534303e-05,0.0001485320033433888,0.6666666666666667,3.209784973973798e-06,-0.00018723388647270563,0.0
2014-01-01,97714.83978315447,0.0,0.0,0.0,0.0,0.0,0.0,0.0
2014-01-02,97517.76010520497,-0.0020168858526181666,-0.001942714214597056,7.417163802118232e-05,0.3333333333333333,-0.002016885852618238,0.0,0.0
2014-01-03,97536.64742812939,0.00019368085263682389,0.00026803235533434666,7.435150269740286e-05,0.3333333333333333,0.0,0.0,0.0001936808526369438
2014-01-06,97581.56599591709,0.00046053015940294983,0.0006092378602953566,0.00014870770089250648,0.6666666666666666,0.0,0.00033726163809441747,0.0001232685213084327
2014-01-07,97632.4843340535,0.0005218028386482221,0.0005961573285640694,7.435448991584348e-05,0.33333333333333337,0.0,0.000521802838648226,0.0
2014-01-08,97702.26193003304,0.0007146965116733295,0.0007889998154758289,7.430330380252511e-05,0.33333333333333337,0.0,0.0,0.0007146965116733038
2014-01-09,97684.77054317687,-0.00017902745044628965,-3.047783931490559e-05,0.00014854961113136176,0.6666666666666666,-8.652217342380157e-05,-9.25052770224658e-05,0.0
2014-01-10,97684.77054317687,0.0,0.0,0.0,0.0,0.0,0.0,0.0
2014-01-13,97730.03713616043,0.00046339457759758673,0.0005376759520406097,7.428137444309867e-05,0.3333333333333333,0.0,0.0,0.000463394577597511
2014-01-14,97696.04530475414,-0.0003478135525410986,-0.00027355114440922684,7.426240813177099e-05,0.33333333333333337,0.0,0.0,-0.00034781355254099786
2014-01-15,97663.44939978597,-0.0003336461047782624,-0.0002593824251277595,7.426367965051006e-05,0.33333333333333337,-0.00033364610477826955,0.0,0.0
2014-01-16,97663.44939978597,0.0,0.0,0.0,0.0,0.0,0.0,0.0
2014-01-17,97663.44939978597,0.0,0.0,0.0,0.0,0.0,0.0,0.0
2014-01-20,97654.03227086681,-9.642429155465315e-05,-2.2132871002241337e-05,7.429142055234903e-05,0.33333333333333337,-9.642429155459036e-05,0.0,0.0
2014-01-21,97655.48635973615,1.48902081720248e-05,8.918447170939518e-05,7.429426353747528e-05,0.33333333333333337,0.0,0.0,1.4890208171919906e-05
2014-01-22,97655.48635973615,0.0,0.0,0.0,0.0,0.0,0.0,0.0
2014-01-23,97511.64508435244,-0.0014729461778916209,-0.0013243440729928668,0.00014860210489878477,0.6666666666666666,-0.00037026123579332815,0.0,-0.0011026849420983234
2014-01-24,97511.64508435244,0.0,0.0,0.0,0.0,0.0,0.0,0.0
2014-01-27,97368.70674790547,-0.0014658591424985268,-0.0013171261783535926,0.00014873296414492858,0.6666666666666666,0.0,-0.0005706628119923585,-0.0008951963305061629
2014-01-28,97429.2918009321,0.000622223043215353,0.0006966025069660153,7.437946375063952e-05,0.3333333333333333,0.0,0.0006222230432153758,0.0
2014-01-29,97429.2918009321,0.0,0.0,0.0,0.0,0.0,0.0,0.0
2014-01-30,97251.37767824781,-0.0018260845316191432,-0.001677390904662901,0.0001486936269563217,0.6666666666666667,-0.001043254311432031,-0.0007828302201871917,0.0
2014-01-31,97229.1774463271,-0.00022827678589976141,-0.000153820620868624,7.445616503106642e-05,0.33333333333333337,0.0,-0.00022827678589969043,0.0
2014-02-03,97112.22323265468,-0.0012028715735765694,-0.0011284547489645393,7.44168246120054e-05,0.3333333333333333,0.0,-0.0012028715735765449,0.0
2014-02-04,97112.22323265468,0.0,0.0,0.0,0.0,0.0,0.0,0.0
2014-02-05,97035.49012271456,-0.0007901488338526441,-0.000715626040873089,7.45227929795931e-05,0.3333333333333333,0.0,0.0,-0.000790148833852682
2014-02-06,97035.49012271456,0.0,0.0,0.0,0.0,0.0,0.0,0.0
2014-02-07,97045.2805403379,0.00010089522514866722,0.00017544181757718955,7.454659242858499e-05,0.3333333333333333,0.0,0.00010089522514860456,0.0
2014-02-10,97028.76998482744,-0.0001701324929820336,-2.104437142743293e-05,0.0001490881215546327,0.6666666666666666,0.00021126530913867788,0.0,-0.00038139780212074353
2014-02-11,97028.76998482744,0.0,0.0,0.0,0.0,0.0,0.0,0.0
2014-02-12,97028.76998482744,0.0,0.0,0.0,0.0,0.0,0.0,0.0
2014-02-13,96895.18359608554,-0.0013767709181801147,-0.0012276027379084138,0.00014916818027170298,0.6666666666666666,-0.0011094343708595187,0.0,-0.00026733654732059804
2014-02-14,96851.65751245928,-0.00044920791736879906,-0.00029996624656362475,0.0001492416708050717,0.6666666666666666,-0.0003058427396011757,0.0,-0.00014336517776752074
2014-02-17,96851.65751245928,0.0,0.0,0.0,0.0,0.0,0.0,0.0
2014-02-18,96821.43871653435,-0.0003120111384881108,-0.00023737753107855308,7.463360740954549e-05,0.3333333333333333,0.0,0.0,-0.0003120111384880986
2014-02-19,96945.67278429092,0.0012831256114700373,0.00135770422383578,7.457861236576391e-05,0.33333333333333337,0.0,0.001283125611470016,0.0
2014-02-20,97021.44133790363,0.0007815568393785277,0.0008561503949075325,7.459355552912132e-05,0.33333333333333337,0.0,0.0,0.0007815568393784113
2014-02-21,97021.44133790363,0.0,0.0,0.0,0.0,0.0,0.0,0.0
2014-02-24,97021.44133790363,0.0,0.0,0.0,0.0,0.0,0.0,0.0
2014-02-25,97021.44133790363,0.0,0.0,0.0,0.0,0.0,0.0,0.0
2014-02-26,97021.44133790363,0.0,0.0,0.0,0.0,0.0,0.0,0.0
2014-02-27,97021.44133790363,0.0,0.0,0.0,0.0,0.0,0.0,0.0
2014-02-28,97098.83943059224,0.0007977421446363486,0.0009468402105891061,0.00014909806595267012,0.6666666666666666,0.0,0.0004174843587222461,0.0003802577859141898
2014-03-03,97098.83943059224,0.0,0.0,0.0,0.0,0.0,0.0,0.0
2014-03-04,97093.92543065418,-5.0608225256598693e-05,9.843544957066631e-05,0.00014904367482722195,0.6666666666666667,0.0,0.0001908045158167138,-0.00024141274107326944
2014-03-05,97093.92543065418,0.0,0.0,0.0,0.0,0.0,0.0,0.0
2014-03-06,97094.25028339514,3.345757620953904e-06,7.787631294594218e-05,7.453055532490742e-05,0.3333333333333333,0.0,0.0,3.3457576210347674e-06
2014-03-07,97094.25028339514,0.0,0.0,0.0,0.0,0.0,0.0,0.0
2014-03-10,96981.58949698976,-0.0011603239746591498,-0.001085847849562153,7.447612509697103e-05,0.33333333333333337,0.0,-0.001160323974659124,0.0
2014-03-11,96972.25713803578,-9.622815013021757e-05,-2.1650957694056377e-05,7.457719243619521e-05,0.33333333333333337,-9.62281501302516e-05,0.0,0.0
2014-03-12,96972.25713803578,0.0,0.0,0.0,0.0,0.0,0.0,0.0
2014-03-13,96925.22892039147,-0.00048496569052081107,-0.00033578441271930887,0.00014918127780158837,0.6666666666666667,0.00016195650670398074,-0.0006469221972248779,0.0
2014-03-14,96925.22892039147,0.0,0.0,0.0,0.0,0.0,0.0,0.0
2014-03-17,96917.7657199702,-7.699956455509138e-05,-2.3974261232906358e-06,7.460213843186508e-05,0.3333333333333333,-7.699956455515572e-05,0.0,0.0
2014-03-18,96866.9555880116,-0.0005242602486875692,-0.00044967729631525033,7.458295237230736e-05,0.3333333333333333,0.0,-0.0005242602486875577,0.0
2014-03-19,96866.9555880116,0.0,0.0,0.0,0.0,0.0,0.0,0.0
2014-03-20,96998.02019724727,0.0013530373535544093,0.0014275930588110164,7.455570525665317e-05,0.3333333333333333,0.0013530373535543632,0.0,0.0
2014-03-21,97072.27318809535,0.0007655103753363424,0.000840081663752416,7.457128841598271e-05,0.33333333333333337,0.0,0.0,0.0007655103753364333
2014-03-24,97104.21108293907,0.00032901150652819844,0.00040355125100884537,7.453974448071902e-05,0.3333333333333333,0.0,0.0,0.00032901150652812634
2014-03-25,97104.21108293907,0.0,0.0,0.0,0.0,0.0,0.0,0.0
2014-03-26,97104.21108293907,0.0,0.0,0.0,0.0,0.0,0.0,0.0
2014-03-27,97104.21108293907,0.0,0.0,0.0,0.0,0.0,0.0,0.0
2014-03-28,97089.96317063477,-0.00014672805788140675,-7.219825641210005e-05,7.452980146919746e-05,0.3333333333333333,0.0,-0.00014672805788129751,0.0
2014-03-31,97089.96317063477,0.0,0.0,0.0,0.0,0.0,0.0,0.0
2014-04-01,97089.96317063477,0.0,0.0,0.0,0.0,0.0,0.0,0.0
2014-04-02,97089.96317063477,0.0,0.0,0.0,0.0,0.0,0.0,0.0
2014-04-03,97160.5276407525,0.000726794694459798,0.0008012868667079212,7.449217224810334e-05,0.3333333333333333,0.0,0.0007267946944598179,0.0
2014-04-04,97160.5276407525,0.0,0.0,0.0,0.0,0.0,0.0,0.0
2014-04-07,97189.6821923347,0.00030006580130992333,0.0003745681165036041,7.450231519384621e-05,0.3333333333333333,0.0,0.0,0.0003000658013097579
2014-04-08,96904.84644496585,-0.0029307200203121386,-0.0027816685705989537,0.0001490514497131512,0.6666666666666666,0.0,-0.0015049359057569293,-0.0014257841145551753
2014-04-09,96887.16658034641,-0.0001824456182331069,-0.00010783467963297137,7.461093860018319e-05,0.33333333333333337,0.0,0.0,-0.00018244561823315458
2014-04-10,96859.28675686228,-0.0002877555869178483,-0.00021313711602529337,7.461847089262906e-05,0.3333333333333333,0.0,0.0,-0.0002877555869179224
2014-04-11,96948.19699579489,0.0009179320012524528,0.0009925623555936771,7.46303543411471e-05,0.3333333333333333,0.0,0.0,0.0009179320012525302
2014-04-14,96948.19699579489,0.0,0.0,0.0,0.0,0.0,0.0,0.0
2014-04-15,96981.99666203739,0.0003486363572493545,0.00042325000099818766,7.461364374898088e-05,0.3333333333333333,0.0,0.00034863635724920677,0.0
2014-04-16,96967.49118815825,-0.0001495687279947644,-7.499062617170409e-05,7.457810182308912e-05,0.33333333333333337,0.0,0.0,-0.00014956872799479318
2014-04-17,96968.60834432974,1.1520935086606343e-05,0.0001606814443612844,0.0001491605092747124,0.6666666666666666,-0.0004407017895207709,0.00045222272460734283,0.0
2014-04-18,96968.60834432974,0.0,0.0,0.0,0.0,0.0,0.0,0.0
2014-04-21,96968.60834432974,0.0,0.0,0.0,0.0,0.0,0.0,0.0
2014-04-22,96935.22184945171,-0.0003443020937196062,-0.00026970481204946495,7.459728167016009e-05,0.3333333333333333,0.0,-0.000344302093719625,0.0
2014-04-23,96889.88226980469,-0.0004677307049180124,-0.0003931130453237822,7.461765959431103e-05,0.3333333333333333,-0.00046773070491809327,0.0,0.0
2014-04-24,96874.7641468199,-0.0001560340732243981,-8.141268886256252e-05,7.462138436173946e-05,0.33333333333333337,0.0,-0.000156034073224302,0.0
2014-04-25,96874.7641468199,0.0,0.0,0.0,0.0,0.0,0.0,0.0
2014-04-28,96865.42587512782,-9.639529731320096e-05,-2.177045235041142e-05,7.462484496281637e-05,0.33333333333333337,0.0,-9.63952973132278e-05,0.0
2014-04-29,96924.14265347857,0.0006061685871947553,0.0007553862919332429,0.00014921770473844378,0.6666666666666666,0.00021140644114702722,0.00039476214604777186,0.0
2014-04-30,96924.14265347857,0.0,0.0,0.0,0.0,0.0,0.0,0.0
2014-05-01,96941.34620295432,0.00017749498736607805,0.00025208510393108047,7.459011656501636e-05,0.33333333333333337,0.00017749498736606412,0.0,0.0
2014-05-02,96941.34620295432,0.0,0.0,0.0,0.0,0.0,0.0,0.0
2014-05-05,96941.34620295432,0.0,0.0,0.0,0.0,0.0,0.0,0.0
2014-05-06,96867.51858136339,-0.0007615700058091202,-0.0006869402617852849,7.462974402383106e-05,0.3333333333333333,0.0,-0.0007615700058091159,0.0
2014-05-07,96867.51858136339,0.0,0.0,0.0,0.0,0.0,0.0,0.0
2014-05-08,96867.51858136339,0.0,0.0,0.0,0.0,0.0,0.0,0.0
2014-05-09,96737.98919057749,-0.0013371808495032944,-0.0012626171354493954,7.45637140538211e-05,0.3333333333333333,-0.0013371808495032163,0.0,0.0
2014-05-12,96704.38883673774,-0.0003473335979059522,-0.0002726378302770893,7.469576762883192e-05,0.3333333333333333,0.0,-0.0003473335979059213,0.0
2014-05-13,96704.38883673774,0.0,0.0,0.0,0.0,0.0,0.0,0.0
2014-05-14,96849.984912578,0.0015055787807736198,0.0016548890414328128,0.0001493102606593381,0.6666666666666666,-8.441856275168255e-05,0.0015899973435251572,0.0
2014-05-15,96849.984912578,0.0,0.0,0.0,0.0,0.0,0.0,0.0
2014-05-16,96849.984912578,0.0,0.0,0.0,0.0,0.0,0.0,0.0
2014-05-19,96841.10894447209,-9.164656157589768e-05,-1.701139034090045e-05,7.463517123506953e-05,0.3333333333333333,-9.164656157596998e-05,0.0,0.0
2014-05-20,96847.3160503438,6.409577440158465e-05,0.00013874081754853643,7.46450431468312e-05,0.3333333333333333,6.409577440170523e-05,0.0,0.0
2014-05-21,96959.38033376851,0.0011571232739837622,0.0013063484998806496,0.0001492252258969754,0.6666666666666667,0.0008392448628749791,0.0,0.00031787841110869505
2014-05-22,96927.02225784547,-0.0003337281633983835,-0.0002591404409979514,7.458772240049306e-05,0.33333333333333337,0.0,0.0,-0.00033372816339844445
2014-05-23,96927.02225784547,0.0,0.0,0.0,0.0,0.0,0.0,0.0
2014-05-26,96927.02225784547,0.0,0.0,0.0,0.0,0.0,0.0,0.0
2014-05-27,97020.5292408527,0.0009647153170400102,0.0010392648485459215,7.454953150578156e-05,0.33333333333333337,0.0,0.0009647153170401398,0.0
2014-05-28,96972.60760262964,-0.0004939329706612483,-0.0004193922191811546,7.454075148008308e-05,0.3333333333333333,0.0,-0.0004939329706612377,0.0
2014-05-29,96972.60760262964,0.0,0.0,0.0,0.0,0.0,0.0,0.0
2014-05-30,96997.0172243119,0.0002517166680955363,0.00032628244918749455,7.456578109207484e-05,0.3333333333333333,0.0,0.00025171666809541967,0.0
2014-06-02,96973.62352456087,-0.00024117957871772067,-0.0001666078638911846,7.457171482654708e-05,0.3333333333333333,0.0,0.0,-0.0002411795787177317
2014-06-03,96973.62352456087,0.0,0.0,0.0,0.0,0.0,0.0,0.0
2014-06-04,97085.02862662336,0.0011488185963708375,0.0012980468248748138,0.0001492282285039208,0.6666666666666667,0.00021194117172625317,0.0009368774246446398,0.0
2014-06-05,97085.02862662336,0.0,0.0,0.0,0.0,0.0,0.0,0.0
2014-06-06,97085.02862662336,0.0,0.0,0.0,0.0,0.0,0.0,0.0
2014-06-09,97159.04080203634,0.0007623438593979959,0.0009858939766723327,0.00022355011727442377,1.0,0.0007827958422402051,0.00012567945133888644,-0.00014613143418118276
2014-06-10,97181.55274012651,0.00023170193843347064,0.00030620488364215454,7.45029452086717e-05,0.3333333333333333,0.0,0.0,0.00023170193843348284
2014-06-11,97181.55274012651,0.0,0.0,0.0,0.0,0.0,0.0,0.0
2014-06-12,97204.53821841434,0.00023652100259496933,0.00031099886099143304,7.447785839645713e-05,0.3333333333333333,0.0,0.00023652100259497592,0.0
2014-06-13,97264.20087751801,0.0006137847079692449,0.000837158429215131,0.0002233737212458325,1.0,0.0008612166649523062,0.0005359935329353185,-0.0007834254899183262
2014-06-16,97231.17112175291,-0.00033958800326439054,-0.0002651295698026986,7.445843346176686e-05,0.3333333333333333,0.0,0.0,-0.00033958800326446545
2014-06-17,97241.37908334516,0.00010498651280732574,0.00017946788999845253,7.448137719106154e-05,0.3333333333333333,0.00010498651280739098,0.0,0.0
2014-06-18,97241.37908334516,0.0,0.0,0.0,0.0,0.0,0.0,0.0
2014-06-19,97198.63255413804,-0.00043959196804987943,-0.00021616463150164747,0.00022342733654821963,1.0,-8.915763704657448e-05,-0.0005214204342311716,0.000170986103227879
2014-06-20,97230.91579628411,0.00033213679346877356,0.00040660263899809185,7.44658455294076e-05,0.3333333333333333,0.0003321367934686843,0.0,0.0
2014-06-23,97239.39547313929,8.721173492731715e-05,0.0003106080115609089,0.00022339627663350617,1.0,-0.00010145349118709209,0.00037770664786695264,-0.0001890414217524578
2014-06-24,97239.39547313929,0.0,0.0,0.0,0.0,0.0,0.0,0.0
2014-06-25,97258.92697891983,0.00020086000828678507,0.00034981240870509317,0.0001489524004182907,0.6666666666666666,-4.507902806139887e-05,0.00024593903634820134,0.0
2014-06-26,97258.92697891983,0.0,0.0,0.0,0.0,0.0,0.0,0.0
2014-06-27,97250.7970732988,-8.359032814320155e-05,6.532280094092198e-05,0.00014891312908408826,0.6666666666666666,8.9505228420973e-05,0.0,-0.00017309555656413927
2014-06-30,97280.68501243522,0.00030732847478764924,0.00038181166698973235,7.44831922021619e-05,0.33333333333333337,0.0,0.0003073284747875705,0.0
2014-07-01,97280.68501243522,0.0,0.0,0.0,0.0,0.0,0.0,0.0
2014-07-02,97280.68501243522,0.0,0.0,0.0,0.0,0.0,0.0,0.0
2014-07-03,97280.68501243522,0.0,0.0,0.0,0.0,0.0,0.0,0.0
2014-07-04,97280.68501243522,0.0,0.0,0.0,0.0,0.0,0.0,0.0
2014-07-07,97280.68501243522,0.0,0.0,0.0,0.0,0.0,0.0,0.0
2014-07-08,97282.03179940087,1.3844340893243157e-05,8.830022075049608e-05,7.445587985720598e-05,0.3333333333333333,1.3844340893290098e-05,0.0,0.0
2014-07-09,97282.03179940087,0.0,0.0,0.0,0.0,0.0,0.0,0.0
2014-07-10,97238.82211196494,-0.0004441692534241648,-0.00036973684466575413,7.443240875838644e-05,0.33333333333333337,0.0,-0.00044416925342414057,0.0
2014-07-11,97238.82211196494,0.0,0.0,0.0,0.0,0.0,0.0,0.0
2014-07-14,97238.82211196494,0.0,0.0,0.0,0.0,0.0,0.0,0.0
2014-07-15,97392.94450352923,0.0015849882610345922,0.0016595404049278468,7.455214389333845e-05,0.3333333333333333,0.0,0.0015849882610345083,0.0
2014-07-16,97392.94450352923,0.0,0.0,0.0,0.0,0.0,0.0,0.0
2014-07-17,97347.73990186577,-0.0004641465754412488,-0.0003153525602513548,0.0001487940151900007,0.6666666666666666,0.0,-0.0003568956340328326,-0.0001072509414085229
2014-07-18,97350.41839210884,2.7514662854777328e-05,0.00010193780478580847,7.442314193117358e-05,0.33333333333333337,0.0,0.0,2.7514662854634887e-05
2014-07-21,97350.41839210884,0.0,0.0,0.0,0.0,0.0,0.0,0.0
2014-07-22,97350.41839210884,0.0,0.0,0.0,0.0,0.0,0.0,0.0
2014-07-23,97350.41839210884,0.0,0.0,0.0,0.0,0.0,0.0,0.0
2014-07-24,97350.41839210884,0.0,0.0,0.0,0.0,0.0,0.0,0.0
2014-07-25,97384.87090357082,0.00035390203792662334,0.0004283026341849923,7.440059625834044e-05,0.33333333333333337,0.0003539020379266519,0.0,0.0
2014-07-28,97384.87090357082,0.0,0.0,0.0,0.0,0.0,0.0,0.0
2014-07-29,97384.87090357082,0.0,0.0,0.0,0.0,0.0,0.0,0.0
2014-07-30,97384.87090357082,0.0,0.0,0.0,0.0,0.0,0.0,0.0
2014-07-31,97384.87090357082,0.0,0.0,0.0,0.0,0.0,0.0,0.0
2014-08-01,97281.10574880398,-0.0010655161710855232,-0.000916744791539692,0.00014877137954590254,0.6666666666666667,0.0,-0.0009457796882671834,-0.00011973648281841129
2014-08-04,97281.10574880398,0.0,0.0,0.0,0.0,0.0,0.0,0.0
2014-08-05,97281.10574880398,0.0,0.0,0.0,0.0,0.0,0.0,0.0
2014-08-06,97211.36521280088,-0.000716897032227215,-0.0006424778691084635,7.441916311865974e-05,0.3333333333333333,0.0,-0.0007168970322271233,0.0
2014-08-07,97219.25505349909,8.116171067995559e-05,0.00023012565732642248,0.0001489639466465038,0.6666666666666666,0.0,-2.697016931431268e-05,0.00010813187999423133
2014-08-08,97252.97448060525,0.000346838978426689,0.000495806203991626,0.00014896722556496047,0.6666666666666666,-0.0003211542036559229,0.0,0.0006679931820825885
2014-08-11,97237.50437280237,-0.00015907079331500817,-8.461184316947239e-05,7.445895014545866e-05,0.33333333333333337,-0.00015907079331493106,0.0,0.0
2014-08-12,97162.25232618893,-0.0007738994033097413,-0.0006249912041980851,0.00014890819911172616,0.6666666666666667,-0.0007053923389301896,-6.850706437962166e-05,0.0
2014-08-13,97162.25232618893,0.0,0.0,0.0,0.0,0.0,0.0,0.0
2014-08-14,97186.50045188678,0.0002495632317831564,0.00032408102025508845,7.451778847193278e-05,0.3333333333333333,0.0,0.00024956323178315567,0.0
2014-08-15,97186.50045188678,0.0,0.0,0.0,0.0,0.0,0.0,0.0
2014-08-18,97186.50045188678,0.0,0.0,0.0,0.0,0.0,0.0,0.0
2014-08-19,97045.9794516754,-0.0014458901139355884,-0.001296972336747378,0.00014891777718821278,0.6666666666666666,-0.0001219303506909011,-0.0013239597632446897,0.0
2014-08-20,97010.19639666005,-0.00036872269430987537,-0.00021963040566093847,0.00014909228864886588,0.6666666666666667,-0.0002651279097073665,0.0,-0.00010359478460243784
2014-08-21,97010.19639666005,0.0,0.0,0.0,0.0,0.0,0.0,0.0
2014-08-22,97010.19639666005,0.0,0.0,0.0,0.0,0.0,0.0,0.0
2014-08-25,96957.47185013737,-0.0005434948951870133,-0.00046890533747097807,7.458955771596709e-05,0.3333333333333333,0.0,-0.0005434948951869451,0.0
2014-08-26,96958.9147842049,1.4882133785087959e-05,0.00016405869729348618,0.0001491765635084847,0.6666666666666667,-6.448058695854448e-05,0.0,7.936272074354597e-05
2014-08-27,96900.172764054,-0.0006058444474305036,-0.0003820620641534767,0.00022378238327696218,1.0,-3.666212996040943e-05,-0.0004849688314840279,-8.421348598600152e-05
2014-08-28,96929.77102310535,0.00030545104520518507,0.0004546541714928927,0.00014920312628770232,0.6666666666666666,0.0002916363601400281,1.381468506516227e-05,0.0
2014-08-29,96974.06217217603,0.00045694061384016216,0.0005315675166684593,7.462690282840206e-05,0.3333333333333333,0.00045694061384005726,0.0,0.0
2014-09-01,96996.37824934807,0.0002301241865316772,0.00030469042851100086,7.456624197928443e-05,0.33333333333333337,0.0,0.0002301241865317164,0.0
2014-09-02,96886.05401951919,-0.0011374056621503703,-0.0009883006175256761,0.00014910504462467469,0.6666666666666666,0.0,-0.000853100132594256,-0.00028430552955609477
2014-09-03,96897.58386572816,0.00011900418822552439,0.00019362313320322086,7.46189449776484e-05,0.33333333333333337,0.0,0.0,0.00011900418822557247
2014-09-04,96897.58386572816,0.0,0.0,0.0,0.0,0.0,0.0,0.0
2014-09-05,96897.58386572816,0.0,0.0,0.0,0.0,0.0,0.0,0.0
2014-09-08,96838.97143968391,-0.0006048904802978816,-0.00045568519975480726,0.00014920528054314505,0.6666666666666666,5.931428145966616e-05,-0.0006642047617576184,0.0
2014-09-09,96871.5727563982,0.0003366549254872897,0.0004112939433042288,7.46390178168927e-05,0.33333333333333337,0.0,0.0,0.0003366549254873361
2014-09-10,96854.52228420821,-0.00017601110113973917,-2.6765311233097514e-05,0.00014924578990663584,0.6666666666666666,0.0,1.425057925128752e-05,-0.00019026168039102084
2014-09-11,96826.82694037586,-0.0002859478646860536,-0.00021132604516194145,7.462181952407572e-05,0.3333333333333333,-0.00028594786468601717,0.0,0.0
2014-09-12,96826.82694037586,0.0,0.0,0.0,0.0,0.0,0.0,0.0
2014-09-15,96826.82694037586,0.0,0.0,0.0,0.0,0.0,0.0,0.0
2014-09-16,96843.33172470902,0.00017045673037818787,0.00024511318461758097,7.465645423927031e-05,0.3333333333333333,0.0,0.00017045673037831066,0.0
2014-09-17,96814.52689867816,-0.0002974373714520473,-0.00022278907393324945,7.46482975188202e-05,0.33333333333333337,0.0,-0.00029743737145206963,0.0
2014-09-18,96750.8969466308,-0.0006572355831883092,-0.0005079112935809279,0.0001493242896074341,0.6666666666666667,0.00022542349809909023,-0.0008826590812874523,0.0
2014-09-19,97007.29092962197,0.002650042439736655,0.002873901485161645,0.00022385904542493882,1.0,-0.0009099335965013244,0.0025064031897703066,0.001053572846467724
2014-09-22,97020.205031748,0.00013312506722207296,0.00028224564976501537,0.0001491205825430509,0.6666666666666666,0.00011995101031197097,1.3174056909993475e-05,0.0
2014-09-23,97020.205031748,0.0,0.0,0.0,0.0,0.0,0.0,0.0
2014-09-24,97071.26606965957,0.0005262928262712574,0.0006008546851337486,7.456185886253703e-05,0.33333333333333337,0.0,0.0,0.0005262928262712115
2014-09-25,97026.63522471207,-0.0004597740068155165,-0.0003107091982775442,0.00014906480853799412,0.6666666666666667,9.344732157793449e-06,-0.0004691187389733318,0.0
2014-09-26,96933.9261293255,-0.0009555014988601451,-0.0007318413079891266,0.00022366019087105164,1.0,-0.00046943451228899217,-2.3441956044440037e-05,-0.000462625030526746
2014-09-29,96855.57505815077,-0.0008082935903183097,-0.0007336583518720019,7.463523844633616e-05,0.33333333333333337,-0.000808293590318338,0.0,0.0
2014-09-30,97011.71599052387,0.0016121006176397223,0.0016866482221539192,7.454760451420734e-05,0.3333333333333333,0.0,0.0016121006176397117,0.0
2014-10-01,96985.94465873197,-0.0002656517465829955,-0.00019108628000511868,7.456546657784497e-05,0.33333333333333337,0.0,0.0,-0.0002656517465829637
2014-10-02,96976.33486219766,-9.908442473927082e-05,-2.4508001862599826e-05,7.457642287661662e-05,0.33333333333333337,0.0,0.0,-9.908442473921644e-05
2014-10-03,96763.15487632944,-0.0021982681256323966,-0.001974592287930288,0.00022367583770203245,1.0,-0.0008418075966727534,-0.0006211234528618264,-0.0007353370760977405
2014-10-06,96624.0868719592,-0.001437199981211723,-0.0012878179985093365,0.0001493819827024124,0.6666666666666667,-0.0008590868886643932,0.0,-0.0005781130925473558
2014-10-07,96548.1743789457,-0.0007856477144678742,-0.0006362222223296928,0.00014942549213816926,0.6666666666666667,-0.0007999916557497712,0.0,1.4343941281909055e-05
2014-10-08,96479.86460825543,-0.0007075200658083203,-0.00048322885341830124,0.00022429121239004964,1.0,-0.00018277869311868962,5.182145248964383e-05,-0.0005765628251793051
2014-10-09,96491.77883429368,0.0001234892491466244,0.0002730543027154771,0.000149565053568749,0.6666666666666666,0.0003346095932662349,0.0,-0.0002111203441195068
2014-10-10,96446.72230049732,-0.00046694686677650754,-0.0003921788335481032,7.476803322836254e-05,0.3333333333333333,0.0,-0.00046694686677646574,0.0
2014-10-13,96395.86153599675,-0.0005273457022427763,-0.000452516068266758,7.482963397597316e-05,0.3333333333333333,-0.0005273457022427311,0.0,0.0
2014-10-14,96261.3829071125,-0.0013950664140705005,-0.0013203035385710067,7.47628754994583e-05,0.3333333333333333,-0.001395066414070465,0.0,0.0
2014-10-15,96280.35498172228,0.00019708915493232837,0.00034689307527124846,0.00014980392033882775,0.6666666666666666,0.0,-0.0006788995694053142,0.0008759887243377348
2014-10-16,96167.61787757094,-0.001170925306338333,-0.00102123714039426,0.00014968816594405478,0.6666666666666666,-0.0014583894479792366,0.0,0.00028746414164092194
2014-10-17,96361.19310539063,0.0020128940707060394,0.002162856965530461,0.0001499628948243312,0.6666666666666666,0.0011895615233301828,0.0008233325473759472,0.0
2014-10-20,96361.19310539063,0.0,0.0,0.0,0.0,0.0,0.0,0.0
2014-10-21,96525.65295326323,0.0017067020713694703,0.0018563288974239682,0.00014962682605451177,0.6666666666666666,0.001141486943277483,0.0,0.0005652151280919734
2014-10-22,96552.85537527551,0.00028181546749506126,0.00035657073340826056,7.475526591318974e-05,0.33333333333333337,0.0002818154674950708,0.0,0.0
2014-10-23,96552.85537527551,0.0,0.0,0.0,0.0,0.0,0.0,0.0
2014-10-24,96552.85537527551,0.0,0.0,0.0,0.0,0.0,0.0,0.0
2014-10-27,96552.85537527551,0.0,0.0,0.0,0.0,0.0,0.0,0.0
2014-10-28,96552.85537527551,0.0,0.0,0.0,0.0,0.0,0.0,0.0
2014-10-29,96552.85537527551,0.0,0.0,0.0,0.0,0.0,0.0,0.0
2014-10-30,96720.50403859022,0.0017363408121189305,0.001960688827188954,0.00022434801506995223,1.0,0.0006807941803679018,0.0004447581574776022,0.0006107884742734973
2014-10-31,96452.17751754599,-0.0027742465127887916,-0.0026249345035441,0.00014931200924476502,0.6666666666666666,-0.001418868785303394,0.0,-0.0013553777274854712
2014-11-03,96452.17751754599,0.0,0.0,0.0,0.0,0.0,0.0,0.0
2014-11-04,96452.17751754599,0.0,0.0,0.0,0.0,0.0,0.0,0.0
2014-11-05,96196.50887523188,-0.002650729603980162,-0.0024263910416377765,0.00022433856234237037,1.0,-0.0008347119491476607,-0.0008233234411965499,-0.0009926942136359363
2014-11-06,96147.24239481748,-0.0005121441618873845,-0.00043720741759711856,7.49367442902958e-05,0.3333333333333333,-0.0005121441618874144,0.0,0.0
2014-11-07,96147.24239481748,0.0,0.0,0.0,0.0,0.0,0.0,0.0
2014-11-10,96173.72578393016,0.0002754461641647499,0.000350382354744642,7.49361905798726e-05,0.3333333333333333,0.0,0.0,0.00027544616416476944
2014-11-11,96142.17375529234,-0.0003280732692908517,-0.0002531485349028436,7.492473438798985e-05,0.33333333333333337,0.0,0.0,-0.0003280732692908334
2014-11-12,96150.93293233277,9.110650090682348e-05,0.0002409732444742518,0.00014986674356738,0.6666666666666666,0.00012555601056405473,0.0,-3.4449509657182913e-05
2014-11-13,96163.5292245791,0.00013100540849886322,0.00020592970576120231,7.492429726238824e-05,0.3333333333333333,0.0001310054084988141,0.0,0.0
2014-11-14,95979.51253307959,-0.0019135808864686465,-0.001688854422604913,0.00022472646386366112,1.0,-0.0006926774596190862,-0.000676510873329447,-0.0005443925535200409
2014-11-17,96020.20182821003,0.000423937297206356,0.0004989461912340657,7.500889402782414e-05,0.3333333333333333,0.0,0.0,0.00042393729720624165
2014-11-18,95997.08823828821,-0.00024071590646279617,-9.072890263739368e-05,0.00014998700382541107,0.6666666666666667,-0.0003765277925028562,0.00013581188604005145,0.0
2014-11-19,95930.57645890591,-0.0006928520500246726,-0.0006178507862009132,7.500126382379805e-05,0.33333333333333337,0.0,0.0,-0.0006928520500247111
2014-11-20,96137.48793912613,0.002156887697936982,0.0023070015781416764,0.00015011388020458636,0.6666666666666667,0.0,0.000996378318454501,0.0011605093794825891
2014-11-21,96130.55500698966,-7.211476277457773e-05,2.8256489809456537e-06,7.494041175556946e-05,0.33333333333333337,0.0,0.0,-7.21147627746238e-05
2014-11-24,96051.90861393446,-0.0008181206594456425,-0.0007431400899845878,7.498056946105369e-05,0.3333333333333333,-0.0008181206594456414,0.0,0.0
2014-11-25,95996.79596826679,-0.0005737798078452316,-0.00042385055371008123,0.0001499292541352336,0.6666666666666667,0.0,-0.000589164876949702,1.538506910438719e-05
2014-11-26,95996.79596826679,0.0,0.0,0.0,0.0,0.0,0.0,0.0
2014-11-27,96028.74306184995,0.0003327933319121623,0.0004077743338805432,7.498100196849364e-05,0.3333333333333333,0.0,0.00033279333191204956,0.0
2014-11-28,96128.75008342059,0.001041427997305222,0.0011914626273300901,0.000150034630024982,0.6666666666666666,0.0010612035755895948,-1.977557828448641e-05,0.0
2014-12-01,96128.75008342059,0.0,0.0,0.0,0.0,0.0,0.0,0.0
2014-12-02,95874.29127015013,-0.0026470625390389024,-0.0024972451646670946,0.00014981737437174723,0.6666666666666667,0.0,-0.0014951350175684735,-0.0011519275214703683
2014-12-03,95874.29127015013,0.0,0.0,0.0,0.0,0.0,0.0,0.0
2014-12-04,95874.29127015013,0.0,0.0,0.0,0.0,0.0,0.0,0.0
2014-12-05,95922.20518981872,0.0004997577456251623,0.0005748411203014836,7.508337467623425e-05,0.3333333333333333,0.0,0.0004997577456252493,0.0
2014-12-08,95892.58431924376,-0.0003088009759194543,-0.00023377887237030492,7.50221035491396e-05,0.3333333333333333,-0.0003088009759194445,0.0,0.0
2014-12-09,95854.56326093186,-0.0003964963357888651,-0.00017135596398713357,0.00022514037180171464,1.0,-0.000549881164297556,0.0003927682085354936,-0.0002393833800267858
2014-12-10,95854.56326093186,0.0,0.0,0.0,0.0,0.0,0.0,0.0
2014-12-11,95861.22915857239,6.954178720097737e-05,0.00014461223717258478,7.507044997170635e-05,0.3333333333333333,0.0,6.954178720087843e-05,0.0
2014-12-12,95861.22915857239,0.0,0.0,0.0,0.0,0.0,0.0,0.0
2014-12-15,95861.22915857239,0.0,0.0,0.0,0.0,0.0,0.0,0.0
2014-12-16,95861.22915857239,0.0,0.0,0.0,0.0,0.0,0.0,0.0
2014-12-17,95820.03945874867,-0.0004296804890284722,-0.00020451488193458842,0.00022516560709380228,1.0,-0.0005242237089439393,6.720484820952818e-05,2.7338371706020413e-05
2014-12-18,95820.03945874867,0.0,0.0,0.0,0.0,0.0,0.0,0.0
2014-12-19,95820.03945874867,0.0,0.0,0.0,0.0,0.0,0.0,0.0
2014-12-22,95874.30498878281,0.0005663275692711078,0.0007164482559962975,0.00015012068672511805,0.6666666666666666,0.000321614956610657,0.0002447126126605223,0.0
2014-12-23,95874.30498878281,0.0,0.0,0.0,0.0,0.0,0.0,0.0
2014-12-24,95906.57701792868,0.0003366076984823163,0.00041164174304553214,7.503404456317559e-05,0.3333333333333333,0.0,0.00033660769848235653,0.0
2014-12-25,95906.57701792868,0.0,0.0,0.0,0.0,0.0,0.0,0.0
2014-12-26,95906.57701792868,0.0,0.0,0.0,0.0,0.0,0.0,0.0
2014-12-29,95906.57701792868,0.0,0.0,0.0,0.0,0.0,0.0,0.0
2014-12-30,95913.28789222277,6.997303524691745e-05,0.0001450136229143769,7.504058766743646e-05,0.3333333333333333,0.0,0.0,6.997303524694042e-05
2014-12-31,95913.28789222277,0.0,0.0,0.0,0.0,0.0,0.0,0.0
2015-01-01,95913.28789222277,0.0,0.0,0.0,0.0,0.0,0.0,0.0
2015-01-02,95576.94214199447,-0.003506769057966652,-0.0032817810353566266,0.00022498802261010392,1.0,-0.0003295961544576734,-0.0023200713037486533,-0.0008571015997604043
2015-01-05,95576.94214199447,0.0,0.0,0.0,0.0,0.0,0.0,0.0
2015-01-06,95462.53664646187,-0.0011969989096599631,-0.0011218705715635435,7.512833809640563e-05,0.3333333333333333,0.0,-0.0011969989096599493,0.0
2015-01-07,95462.53664646187,0.0,0.0,0.0,0.0,0.0,0.0,0.0
2015-01-08,95520.29649986252,0.000605052572765441,0.0007555585510309695,0.00015050597826554086,0.6666666666666666,0.0,0.0006607987042718586,-5.574613150642986e-05
2015-01-09,95520.29649986252,0.0,0.0,0.0,0.0,0.0,0.0,0.0
2015-01-12,95547.66277265249,0.0002864969414118068,0.00036172427787484196,7.522733646301845e-05,0.33333333333333337,0.0,0.0002864969414118235,0.0
2015-01-13,95652.54247392822,0.001097668935401197,0.0011729248380062767,7.525590260512146e-05,0.33333333333333337,0.0,0.0010976689354011552,0.0
2015-01-14,95781.19293875656,0.001344976949916532,0.0015703818695027203,0.0002254049195862254,1.0,0.0009143365691759333,-8.174060090768247e-05,0.000512380981648244
2015-01-15,95781.19293875656,0.0,0.0,0.0,0.0,0.0,0.0,0.0
2015-01-16,95849.80137859398,0.000716303876913349,0.0007913594942314436,7.50556173179896e-05,0.3333333333333333,0.0,0.000716303876913454,0.0
2015-01-19,95849.80137859398,0.0,0.0,0.0,0.0,0.0,0.0,0.0
2015-01-20,95680.7984438515,-0.0017632058941358109,-0.0016881406016072686,7.506529252853845e-05,0.3333333333333333,0.0,0.0,-0.0017632058941358072
2015-01-21,95656.12801463803,-0.00025784096302194914,-0.00010760836361867196,0.00015023259940326523,0.6666666666666666,0.0,0.0008330997161664534,-0.0010909406791883907
2015-01-22,95728.09306977596,0.000752330839974169,0.000827522002603276,7.519116262910078e-05,0.33333333333333337,0.0007523308399741752,0.0,0.0
2015-01-23,95697.47671017873,-0.00031982627685811504,-0.00024472016249421635,7.510611436387888e-05,0.33333333333333337,0.0,-0.00031982627685809526,0.0
2015-01-26,95638.444716213,-0.0006168605066203536,-0.00039145507325732964,0.00022540543336305792,1.0,-0.0003273234518656033,-2.8501887651923136e-05,-0.00026103516710286107
2015-01-27,95552.76454374583,-0.0008958758449220117,-0.000820718326640213,7.515751828185649e-05,0.33333333333333337,0.0,0.0,-0.0008958758449220696
2015-01-28,95613.02691721643,0.0006306711664318954,0.0007811002637587716,0.00015042909732679836,0.6666666666666667,0.0004600266805216054,0.0001706444859103679,0.0
2015-01-29,95613.02691721643,0.0,0.0,0.0,0.0,0.0,0.0,0.0
2015-01-30,95613.02691721643,0.0,0.0,0.0,0.0,0.0,0.0,0.0
2015-02-02,95548.22624056252,-0.0006777389937671074,-0.0006026004869543744,7.51385068127987e-05,0.3333333333333333,0.0,-0.0006777389937671731,0.0
2015-02-03,95674.72993618507,0.0013239774363162926,0.0013992444080196769,7.52669717032964e-05,0.3333333333333333,0.0,0.0013239774363163804,0.0
2015-02-04,95674.72993618507,0.0,0.0,0.0,0.0,0.0,0.0,0.0
2015-02-05,95514.94721647435,-0.0016700618838151327,-0.0015197025862723201,0.00015035929754283518,0.6666666666666666,-0.0012007497179714003,-0.00046931216584375507,0.0
2015-02-06,95514.94721647435,0.0,0.0,0.0,0.0,0.0,0.0,0.0
2015-02-09,95750.98366662263,0.0024711990848231835,0.0026214912012553584,0.0001502921164322559,0.6666666666666666,0.001868203027894203,0.0006029960569288992,0.0
2015-02-10,95767.25751352464,0.0001699601014928387,0.00024505620976811304,7.509610827532054e-05,0.3333333333333333,0.0,0.0001699601014927925,0.0
2015-02-11,95767.25751352464,0.0,0.0,0.0,0.0,0.0,0.0,0.0
2015-02-12,95767.25751352464,0.0,0.0,0.0,0.0,0.0,0.0,0.0
2015-02-13,95881.62787087115,0.0011942532376512105,0.0012692910353038211,7.50377976526137e-05,0.33333333333333337,0.0011942532376512075,0.0,0.0
2015-02-16,95968.15983960874,0.0009024874802305849,0.001052537733784146,0.00015005025355363202,0.6666666666666666,0.00015559009069587932,0.0007468973895346349,0.0
2015-02-17,95968.15983960874,0.0,0.0,0.0,0.0,0.0,0.0,0.0
2015-02-18,95968.15983960874,0.0,0.0,0.0,0.0,0.0,0.0,0.0
2015-02-19,95968.15983960874,0.0,0.0,0.0,0.0,0.0,0.0,0.0
2015-02-20,95968.15983960874,0.0,0.0,0.0,0.0,0.0,0.0,0.0
2015-02-23,95968.15983960874,0.0,0.0,0.0,0.0,0.0,0.0,0.0
2015-02-24,95968.15983960874,0.0,0.0,0.0,0.0,0.0,0.0,0.0
2015-02-25,96157.6940363156,0.0019749695839081927,0.002124890987556897,0.0001499214036487715,0.6666666666666666,0.000997369296379799,0.0009776002875283264,0.0
2015-02-26,96157.6940363156,0.0,0.0,0.0,0.0,0.0,0.0,0.0
2015-02-27,96033.21083112313,-0.0012945735277871684,-0.001219580880091146,7.499264769608348e-05,0.33333333333333337,0.0,-0.0012945735277872295,0.0
2015-03-02,96033.21083112313,0.0,0.0,0.0,0.0,0.0,0.0,0.0
2015-03-03,96128.51569954515,0.0009924157236564923,0.0012173215098087997,0.00022490578615233286,1.0,0.0006193321646096899,0.0002504582927009691,0.00012262526634580783
2015-03-04,96128.51569954515,0.0,0.0,0.0,0.0,0.0,0.0,0.0
2015-03-05,96168.6015418856,0.00041700261414345796,0.0004919715079077699,7.496889376423282e-05,0.33333333333333337,0.00041700261414353705,0.0,0.0
2015-03-06,96168.6015418856,0.0,0.0,0.0,0.0,0.0,0.0,0.0
2015-03-09,96168.6015418856,0.0,0.0,0.0,0.0,0.0,0.0,0.0
2015-03-10,96310.33830950149,0.0014738362141426542,0.0016986123507332826,0.00022477613659054036,1.0,-0.0005459145245246068,0.0003017646454916902,0.001717986093175659
2015-03-11,96161.65833965086,-0.0015437591899306602,-0.0014689668996968517,7.479229023383376e-05,0.33333333333333337,-0.0015437591899306856,0.0,0.0
2015-03-12,95965.46334221425,-0.0020402622087031252,-0.0018154043043412762,0.0002248579043618591,1.0,-0.0014781644678117237,-3.262608914508162e-05,-0.0005294716517463301
2015-03-13,95965.46334221425,0.0,0.0,0.0,0.0,0.0,0.0,0.0
2015-03-16,95927.29047548653,-0.0003977771314623846,-0.00032274599889888417,7.503113256342434e-05,0.3333333333333333,-0.0003977771314623085,0.0,0.0
2015-03-17,95832.79980781596,-0.0009850238363057207,-0.0009099467570946225,7.507707921102531e-05,0.3333333333333333,-0.0009850238363056478,0.0,0.0
2015-03-18,95832.79980781596,0.0,0.0,0.0,0.0,0.0,0.0,0.0
2015-03-19,95811.19393219394,-0.00022545387033812148,-2.0808049080074469e-07,0.00022524578984737503,1.0,9.696251966505583e-05,0.0003068929072605567,-0.0006293092972637883
2015-03-20,95811.19393219394,0.0,0.0,0.0,0.0,0.0,0.0,0.0
2015-03-23,96233.97731583443,0.004412672113653926,0.004563064484005046,0.00015039237035101085,0.6666666666666667,0.0033045780548671016,0.001108094058786933,0.0
2015-03-24,96233.97731583443,0.0,0.0,0.0,0.0,0.0,0.0,0.0
2015-03-25,95995.44959357452,-0.002478622716351797,-0.0023287088923983714,0.00014991382395337002,0.6666666666666666,-0.0010783970796149759,-0.0014002256367367657,0.0
2015-03-26,96356.40184283545,0.0037600974920073416,0.003984965957069876,0.00022486846506249145,1.0,0.0013906646130023722,0.001208673431714811,0.0011607594472902005
2015-03-27,96671.54709710964,0.0032706208227681888,0.0034204836146674027,0.0001498627918993115,0.6666666666666667,0.0016317216490723525,0.0016388991736957382,0.0
2015-03-30,96560.26708289447,-0.0011511144442881704,-0.0010764577125161507,7.46567317720117e-05,0.3333333333333333,0.0,-0.0011511144442881624,0.0
2015-03-31,96511.73050824694,-0.0005026557621869987,-0.00042791891866748405,7.473684351950609e-05,0.33333333333333337,-0.0005026557621869901,0.0,0.0
2015-04-01,96511.73050824694,0.0,0.0,0.0,0.0,0.0,0.0,0.0
2015-04-02,96467.33289574171,-0.00046002296582414726,-0.00038522463218752334,7.47983336366113e-05,0.3333333333333333,-0.0004600229658241347,0.0,0.0
2015-04-03,96467.33289574171,0.0,0.0,0.0,0.0,0.0,0.0,0.0
2015-04-06,96467.33289574171,0.0,0.0,0.0,0.0,0.0,0.0,0.0
2015-04-07,96467.33289574171,0.0,0.0,0.0,0.0,0.0,0.0,0.0
2015-04-08,96374.41282706744,-0.000963228337355293,-0.0008135934495588544,0.00014963488779649032,0.6666666666666667,0.0,-0.0008467058047839337,-0.00011652253257141108
2015-04-09,96374.41282706744,0.0,0.0,0.0,0.0,0.0,0.0,0.0
2015-04-10,96374.41282706744,0.0,0.0,0.0,0.0,0.0,0.0,0.0
2015-04-13,96387.22220279995,0.00013291262023562567,0.0002077611340561466,7.484851382054911e-05,0.33333333333333337,0.0,0.00013291262023559748,0.0
2015-04-14,96382.68973372529,-4.702354701258127e-05,2.7809062973616072e-05,7.483260998624847e-05,0.3333333333333333,0.0,0.0,-4.70235470126324e-05
2015-04-15,96382.68973372529,0.0,0.0,0.0,0.0,0.0,0.0,0.0
2015-04-16,96382.68973372529,0.0,0.0,0.0,0.0,0.0,0.0,0.0
2015-04-17,96382.68973372529,0.0,0.0,0.0,0.0,0.0,0.0,0.0
2015-04-20,96465.89580332102,0.0008632885202271012,0.0009381230817483062,7.483456152120324e-05,0.3333333333333333,0.0,0.0,0.0008632885202271029
2015-04-21,96609.60988195411,0.0014897915728280253,0.0016394710761620246,0.00014967950333411606,0.6666666666666666,0.0010848625408099955,0.0004049290320179128,0.0
2015-04-22,96609.60988195411,0.0,0.0,0.0,0.0,0.0,0.0,0.0
2015-04-23,96694.7956655417,0.0008817526920115171,0.000956537600825813,7.478490881444591e-05,0.3333333333333333,0.0,0.000881752692011367,0.0
2015-04-24,96893.47623629961,0.0020547183474604047,0.0022787353800784267,0.0002240170326180443,1.0,0.001270911049433045,0.0002754939732930477,0.0005083133247342896
2015-04-27,96839.16823087778,-0.0005604918672685866,-0.0004858760848440354,7.461578242459076e-05,0.33333333333333337,0.0,0.0,-0.0005604918672686261
2015-04-28,96839.16823087778,0.0,0.0,0.0,0.0,0.0,0.0,0.0
2015-04-29,96905.78419136148,0.0006879030634059369,0.0007625038720900184,7.460080868416406e-05,0.3333333333333333,0.0,0.0006879030634058543,0.0
2015-04-30,96905.78419136148,0.0,0.0,0.0,0.0,0.0,0.0,0.0
2015-05-01,96888.8436047551,-0.00017481502005012306,-2.5586537610570538e-05,0.00014922848243955004,0.6666666666666666,-0.00022270027705565592,0.0,4.788525700553536e-05
2015-05-04,96888.8436047551,0.0,0.0,0.0,0.0,0.0,0.0,0.0
2015-05-05,96980.08309554902,0.0009416924322693809,0.0010163610066183566,7.466857434898994e-05,0.33333333333333337,0.0009416924322693667,0.0,0.0
2015-05-06,96993.16983405317,0.00013494253754409158,0.00035867609317041804,0.00022373355562628385,1.0,0.0006369029380273924,-0.0007222313478433875,0.00022027094736012926
2015-05-07,96971.06196876711,-0.00022793218660532855,-0.00015336650431726126,7.456568228813472e-05,0.3333333333333333,0.0,-0.00022793218660539598,0.0
2015-05-08,97020.45325857654,0.000509340506401168,0.0007330108806596163,0.00022367037425844707,1.0,-0.00024696076684911845,0.0013107757312971352,-0.0005544744580468476
2015-05-11,97020.45325857654,0.0,0.0,0.0,0.0,0.0,0.0,0.0
2015-05-12,97020.45325857654,0.0,0.0,0.0,0.0,0.0,0.0,0.0
2015-05-13,97020.45325857654,0.0,0.0,0.0,0.0,0.0,0.0,0.0
2015-05-14,96915.25088727094,-0.001084331888506207,-0.001009719649144388,7.461223936181217e-05,0.33333333333333337,-0.0010843318885062003,0.0,0.0
2015-05-15,96915.25088727094,0.0,0.0,0.0,0.0,0.0,0.0,0.0
2015-05-18,96915.25088727094,0.0,0.0,0.0,0.0,0.0,0.0,0.0
2015-05-19,96915.25088727094,0.0,0.0,0.0,0.0,0.0,0.0,0.0
2015-05-20,96950.9291817572,0.00036813911288069434,0.000517368344807719,0.00014922923192698352,0.6666666666666666,0.00024972789829442755,0.0,0.00011841121458630783
2015-05-21,96950.9291817572,0.0,0.0,0.0,0.0,0.0,0.0,0.0
2015-05-22,96973.63134259198,0.00023416135385589953,0.00038335101145840295,0.000149189657602481,0.6666666666666666,-0.00021500959468785972,0.0,0.00044917094854378175
2015-05-25,96973.63134259198,0.0,0.0,0.0,0.0,0.0,0.0,0.0
2015-05-26,97047.72473985955,0.000764057159062137,0.0009878554752652904,0.00022379831620298905,1.0,0.0009683136050792845,-5.0791555203963115e-05,-0.0001534648908130199
2015-05-27,97047.72473985955,0.0,0.0,0.0,0.0,0.0,0.0,0.0
2015-05-28,97047.72473985955,0.0,0.0,0.0,0.0,0.0,0.0,0.0
2015-05-29,97093.01943921889,0.00046672603073116825,0.0005413032636329973,7.457723290167147e-05,0.33333333333333337,0.00046672603073132584,0.0,0.0
2015-06-01,97093.01943921889,0.0,0.0,0.0,0.0,0.0,0.0,0.0
2015-06-02,97093.01943921889,0.0,0.0,0.0,0.0,0.0,0.0,0.0
2015-06-03,97093.01943921889,0.0,0.0,0.0,0.0,0.0,0.0,0.0
2015-06-04,97093.01943921889,0.0,0.0,0.0,0.0,0.0,0.0,0.0
2015-06-05,97217.84442812808,0.0012856226907984603,0.0013600856262603322,7.446293546186152e-05,0.3333333333333333,0.0012856226907984709,0.0,0.0
2015-06-08,97229.22809010286,0.00011709436720930277,0.00019157241038003647,7.447804317060141e-05,0.3333333333333333,0.0,0.0,0.00011709436720943506
2015-06-09,97229.22809010286,0.0,0.0,0.0,0.0,0.0,0.0,0.0
2015-06-10,97209.22864546017,-0.00020569375110279786,-5.671030129531885e-05,0.00014898344980747484,0.6666666666666666,0.0,-0.0008144695369109593,0.0006087757858081657
2015-06-11,97141.74902903612,-0.0006941688290744708,-0.0005452041545632353,0.00014896467451123313,0.6666666666666666,0.0,-4.858798883842516e-05,-0.0006455808402360434
2015-06-12,97141.74902903612,0.0,0.0,0.0,0.0,0.0,0.0,0.0
2015-06-15,97141.74902903612,0.0,0.0,0.0,0.0,0.0,0.0,0.0
2015-06-16,97301.43545159143,0.001643849571903333,0.0017182739318358788,7.442435993255998e-05,0.33333333333333337,0.001643849571903319,0.0,0.0
2015-06-17,97301.43545159143,0.0,0.0,0.0,0.0,0.0,0.0,0.0
2015-06-18,97245.00986758892,-0.0005799049494041864,-0.0005054622533833264,7.444269602089661e-05,0.3333333333333333,0.0,0.0,-0.000579904949404223
2015-06-19,97245.00986758892,0.0,0.0,0.0,0.0,0.0,0.0,0.0
2015-06-22,97245.56378859024,5.696138054567257e-06,0.00015462150573223676,0.00014892536767764327,0.6666666666666666,-0.0006368365998105795,0.000642532737865173,0.0
2015-06-23,97068.46247576797,-0.0018211762667886822,-0.0017467972915760077,7.437897521274352e-05,0.3333333333333333,-0.0018211762667887513,0.0,0.0
2015-06-24,97109.20652362092,0.00041974547462442224,0.0004942621236796082,7.451664905524121e-05,0.33333333333333337,0.0,0.00041974547462436695,0.0
2015-06-25,97109.20652362092,0.0,0.0,0.0,0.0,0.0,0.0,0.0
2015-06-26,97109.20652362092,0.0,0.0,0.0,0.0,0.0,0.0,0.0
2015-06-29,96981.14487467096,-0.0013187384959097992,-0.0011696340384293273,0.00014910445748050977,0.6666666666666667,-0.001200828593186937,0.0,-0.00011790990272290015
2015-06-30,96962.62303239922,-0.00019098395152661318,-0.0001164113080153184,7.457264351132823e-05,0.3333333333333333,-0.00019098395152664666,0.0,0.0
2015-07-01,96962.62303239922,0.0,0.0,0.0,0.0,0.0,0.0,0.0
2015-07-02,96962.62303239922,0.0,0.0,0.0,0.0,0.0,0.0,0.0
2015-07-03,96962.62303239922,0.0,0.0,0.0,0.0,0.0,0.0,0.0
2015-07-06,96962.62303239922,0.0,0.0,0.0,0.0,0.0,0.0,0.0
2015-07-07,96740.6139588841,-0.0022896355994921347,-0.0022151600147534145,7.447558473874007e-05,0.3333333333333333,0.0,-0.0022896355994921546,0.0
2015-07-08,96555.2131599127,-0.001916473251350248,-0.001767164159403515,0.00014930909194667865,0.6666666666666666,0.0,-0.0011333435753040893,-0.0007831296760461044
2015-07-09,96460.54409634735,-0.000980465585100676,-0.0008309281938482979,0.00014953739125227997,0.6666666666666666,0.0,-0.0004062923989783587,-0.0005741731861222191
2015-07-10,96307.18613065929,-0.0015898517588174288,-0.0015149749446451792,7.487681417219358e-05,0.33333333333333337,0.0,-0.0015898517588173729,0.0
2015-07-13,96321.06369233377,0.000144096845023034,0.0003686717353400537,0.00022457489031699952,1.0,0.0008894143680413559,-0.0005110512787956254,-0.00023426624422267624
2015-07-14,96321.06369233377,0.0,0.0,0.0,0.0,0.0,0.0,0.0
2015-07-15,96379.69390915112,0.0006086956951036893,0.0006835226329036105,7.482693779988312e-05,0.33333333333333337,0.0,0.0006086956951037273,0.0
2015-07-16,96379.69390915112,0.0,0.0,0.0,0.0,0.0,0.0,0.0
2015-07-17,96481.00365813971,0.001051152425158186,0.0011259319800864809,7.477955492836331e-05,0.3333333333333333,0.0,0.0010511524251581176,0.0
2015-07-20,96481.00365813971,0.0,0.0,0.0,0.0,0.0,0.0,0.0
2015-07-21,96481.00365813971,0.0,0.0,0.0,0.0,0.0,0.0,0.0
2015-07-22,96447.21533775856,-0.00035020697443066684,-0.00027540093252039394,7.480604191021308e-05,0.3333333333333333,0.0,-0.00035020697443060705,0.0
2015-07-23,96447.21533775856,0.0,0.0,0.0,0.0,0.0,0.0,0.0
2015-07-24,96447.21533775856,0.0,0.0,0.0,0.0,0.0,0.0,0.0
2015-07-27,96471.73100743972,0.00025418742879512735,0.0004037682500009909,0.00014958082120572927,0.6666666666666667,0.0005806482412717406,0.0,-0.00032646081247647893
2015-07-28,96471.73100743972,0.0,0.0,0.0,0.0,0.0,0.0,0.0
2015-07-29,96471.73100743972,0.0,0.0,0.0,0.0,0.0,0.0,0.0
2015-07-30,96471.73100743972,0.0,0.0,0.0,0.0,0.0,0.0,0.0
2015-07-31,96471.73100743972,0.0,0.0,0.0,0.0,0.0,0.0,0.0
2015-08-03,96471.73100743972,0.0,0.0,0.0,0.0,0.0,0.0,0.0
2015-08-04,96471.73100743972,0.0,0.0,0.0,0.0,0.0,0.0,0.0
2015-08-05,96471.73100743972,0.0,0.0,0.0,0.0,0.0,0.0,0.0
2015-08-06,96471.73100743972,0.0,0.0,0.0,0.0,0.0,0.0,0.0
2015-08-07,96471.73100743972,0.0,0.0,0.0,0.0,0.0,0.0,0.0
2015-08-10,96471.73100743972,0.0,0.0,0.0,0.0,0.0,0.0,0.0
2015-08-11,96431.29110926353,-0.0004191891008266113,-0.0001948035308702023,0.00022438556995639725,1.0,6.413350766642212e-05,-0.00027773202976254154,-0.0002055905787304801
2015-08-12,96431.29110926353,0.0,0.0,0.0,0.0,0.0,0.0,0.0
2015-08-13,96431.29110926353,0.0,0.0,0.0,0.0,0.0,0.0,0.0
2015-08-14,96431.29110926353,0.0,0.0,0.0,0.0,0.0,0.0,0.0
2015-08-17,96431.29110926353,0.0,0.0,0.0,0.0,0.0,0.0,0.0
2015-08-18,96431.29110926353,0.0,0.0,0.0,0.0,0.0,0.0,0.0
2015-08-19,96478.444118497,0.0004889803785790292,0.0005637658351874315,7.478545660836315e-05,0.3333333333333333,0.0004889803785790683,0.0,0.0
2015-08-20,96478.444118497,0.0,0.0,0.0,0.0,0.0,0.0,0.0
2015-08-21,96362.6521774513,-0.0012001845811639988,-0.0010505655425062284,0.00014961903865770294,0.6666666666666666,-0.0007207286273902144,0.0,-0.0004794559537737169
2015-08-24,96260.04467395475,-0.0010648057227358176,-0.000840168741429004,0.0002246369813068383,1.0,-0.0006699451663054755,0.001478158293752676,-0.0018730188501830426
2015-08-25,96163.57122010898,-0.0010022170067813807,-0.0009273295684863644,7.488743829503909e-05,0.33333333333333337,0.0,0.0,-0.0010022170067814035
2015-08-26,96071.39169973427,-0.0009585700614602732,-0.0008836409351541397,7.492912630616701e-05,0.3333333333333333,0.0,0.0,-0.0009585700614603066
2015-08-27,96071.39169973427,0.0,0.0,0.0,0.0,0.0,0.0,0.0
2015-08-28,96071.39169973427,0.0,0.0,0.0,0.0,0.0,0.0,0.0
2015-08-31,96071.39169973427,0.0,0.0,0.0,0.0,0.0,0.0,0.0
2015-09-01,96340.87638780907,0.002805046156894031,0.003029806357800887,0.0002247602009069127,1.0,0.0019983998127343088,0.0007900135991339195,1.6632745025745696e-05
2015-09-02,96322.4343344926,-0.0001914250109396054,-0.00011657243727984194,7.485257365971838e-05,0.33333333333333337,0.0,0.0,-0.00019142501093956032
2015-09-03,96337.31174386459,0.0001544542501938917,0.00022932623950833175,7.48719893144305e-05,0.3333333333333333,0.0,0.00015445425019390124,0.0
2015-09-04,96294.90390943988,-0.0004402015549017646,-0.0002904909270143493,0.00014971062788740047,0.6666666666666666,0.0,-2.669645139685572e-05,-0.00041350510350489405
2015-09-07,96294.90390943988,0.0,0.0,0.0,0.0,0.0,0.0,0.0
2015-09-08,96220.20719275487,-0.000775707889539623,-0.0006259065174251492,0.00014980137211439875,0.6666666666666666,0.0,-0.0012065511928979838,0.00043084330335843585
2015-09-09,96022.25914481028,-0.002057239884633022,-0.001907490690200686,0.00014974919443234958,0.6666666666666666,-0.001276663682432004,0.0,-0.0007805762022010317
2015-09-10,95964.824142872,-0.0005981425812077168,-0.0005231522400553171,7.499034115240201e-05,0.3333333333333333,0.0,0.0,-0.0005981425812077192
2015-09-11,95964.824142872,0.0,0.0,0.0,0.0,0.0,0.0,0.0
2015-09-14,96020.5954061633,0.0005811636064507741,0.0006561788793461772,7.501527289532136e-05,0.33333333333333337,0.0,0.0,0.0005811636064508559
2015-09-15,96021.15389482009,5.816342363074156e-06,8.080740530210424e-05,7.499106293894721e-05,0.3333333333333333,0.0,0.0,5.816342363157035e-06
2015-09-16,96021.15389482009,0.0,0.0,0.0,0.0,0.0,0.0,0.0
2015-09-17,96021.15389482009,0.0,0.0,0.0,0.0,0.0,0.0,0.0
2015-09-18,95965.3714416946,-0.0005809392083184761,-0.0005059483876738528,7.499082064473901e-05,0.3333333333333333,0.0,0.0,-0.0005809392083185918
2015-09-21,95965.3714416946,0.0,0.0,0.0,0.0,0.0,0.0,0.0
2015-09-22,95965.3714416946,0.0,0.0,0.0,0.0,0.0,0.0,0.0
2015-09-23,95965.3714416946,0.0,0.0,0.0,0.0,0.0,0.0,0.0
2015-09-24,96031.32266800584,0.0006872398378754419,0.0007622167622168088,7.497692434150012e-05,0.3333333333333333,0.0,0.0006872398378753087,0.0
2015-09-25,96031.32266800584,0.0,0.0,0.0,0.0,0.0,0.0,0.0
2015-09-28,96031.32266800584,0.0,0.0,0.0,0.0,0.0,0.0,0.0
2015-09-29,96130.43852960445,0.0010321201337741837,0.0011820399675973963,0.00014991983382330488,0.6666666666666666,0.0009847711608493835,0.0,4.734897292470764e-05
2015-09-30,96067.87986049472,-0.0006507685813839093,-0.0005758539112057001,7.491467017825314e-05,0.3333333333333333,-0.0006507685813839532,0.0,0.0
2015-10-01,96087.68501278067,0.00020615789913036586,0.00028114251532825507,7.498461619790665e-05,0.33333333333333337,0.0002061578991303484,0.0,0.0
2015-10-02,96087.68501278067,0.0,0.0,0.0,0.0,0.0,0.0,0.0
2015-10-05,96186.25477799527,0.0010258314080675568,0.001100738348148463,7.490694008101117e-05,0.3333333333333333,0.0,0.0010258314080674516,0.0
2015-10-06,96186.25477799527,0.0,0.0,0.0,0.0,0.0,0.0,0.0
2015-10-07,96116.06827454764,-0.0007296936928216091,-0.0006547416389492225,7.495205387240037e-05,0.3333333333333333,0.0,-0.000729693692821623,0.0
2015-10-08,96116.06827454764,0.0,0.0,0.0,0.0,0.0,0.0,0.0
2015-10-09,96116.06827454764,0.0,0.0,0.0,0.0,0.0,0.0,0.0
2015-10-12,96102.19034427646,-0.00014438720310050446,-6.943404741914054e-05,7.495315568140829e-05,0.33333333333333337,0.0,-0.00014438720310054883,0.0
2015-10-13,96365.17528416785,0.0027365134857932905,0.002811328613077905,7.481512728458541e-05,0.33333333333333337,0.0,0.00273651348579332,0.0
2015-10-14,96239.212382123,-0.0013071413160761214,-0.0012322375997927033,7.490371628341694e-05,0.3333333333333333,0.0,-0.0013071413160761203,0.0
2015-10-15,96239.212382123,0.0,0.0,0.0,0.0,0.0,0.0,0.0
2015-10-16,96239.212382123,0.0,0.0,0.0,0.0,0.0,0.0,0.0
2015-10-19,96193.82764940114,-0.0004715825451860889,-0.0003966662786235956,7.491626656248184e-05,0.3333333333333333,0.0,-0.00047158254518607745,0.0
2015-10-20,96193.82764940114,0.0,0.0,0.0,0.0,0.0,0.0,0.0
2015-10-21,96193.82764940114,0.0,0.0,0.0,0.0,0.0,0.0,0.0
2015-10-22,96193.82764940114,0.0,0.0,0.0,0.0,0.0,0.0,0.0
2015-10-23,96193.82764940114,0.0,0.0,0.0,0.0,0.0,0.0,0.0
2015-10-26,96209.67419281663,0.00016473555323370803,0.00023965159616227508,7.491604292857733e-05,0.3333333333333333,0.0,0.0,0.00016473555323369773
2015-10-27,96192.88058829604,-0.00017455214001582675,-9.964294610975699e-05,7.49091939061847e-05,0.33333333333333337,0.0,0.0,-0.00017455214001594168
2015-10-28,96192.88058829604,0.0,0.0,0.0,0.0,0.0,0.0,0.0
2015-10-29,96192.88058829604,0.0,0.0,0.0,0.0,0.0,0.0,0.0
2015-10-30,96192.88058829604,0.0,0.0,0.0,0.0,0.0,0.0,0.0
2015-11-02,96192.88058829604,0.0,0.0,0.0,0.0,0.0,0.0,0.0
2015-11-03,96244.53089175615,0.0005369451787307078,0.000611831039507386,7.488586077661848e-05,0.33333333333333337,0.0,0.0005369451787307675,0.0
2015-11-04,96244.53089175615,0.0,0.0,0.0,0.0,0.0,0.0,0.0
2015-11-05,96223.46902228896,-0.00021883705257885744,-0.00014395011362877685,7.488693895005166e-05,0.33333333333333337,-0.00021883705257882852,0.0,0.0
2015-11-06,96223.46902228896,0.0,0.0,0.0,0.0,0.0,0.0,0.0
2015-11-09,96183.78262173448,-0.00041243992715833677,-0.00033751981767730455,7.492010948104328e-05,0.3333333333333333,-0.00041243992715834783,0.0,0.0
2015-11-10,96183.78262173448,0.0,0.0,0.0,0.0,0.0,0.0,0.0
2015-11-11,96126.21176620298,-0.0005985505452402728,-0.0005236039793902562,7.494656584995756e-05,0.3333333333333333,0.0,-0.0005985505452402138,0.0
2015-11-12,96126.21176620298,0.0,0.0,0.0,0.0,0.0,0.0,0.0
2015-11-13,96159.2201119773,0.00034338548422785387,0.00041835169432435926,7.496621009655907e-05,0.3333333333333333,0.0003433854842278002,0.0,0.0
2015-11-16,96090.81153068258,-0.0007114094853832853,-0.0005615598849343003,0.00014984960044899992,0.6666666666666666,0.00017341138890359563,0.0,-0.0008848208742868957
2015-11-17,96141.07063322239,0.0005230375489519989,0.0005980280728779726,7.499052392604571e-05,0.3333333333333333,0.0005230375489519268,0.0,0.0
2015-11-18,96141.07063322239,0.0,0.0,0.0,0.0,0.0,0.0,0.0
2015-11-19,96155.27323682363,0.00014772670522278375,0.00022265443377011973,7.492772854735895e-05,0.3333333333333333,0.0,0.00014772670522276076,0.0
2015-11-20,96166.0727546942,0.00011231331893757357,0.00018725539763682814,7.49420786991991e-05,0.3333333333333333,0.00011231331893762904,0.0,0.0
2015-11-23,96099.87724786709,-0.0006883457432641515,-0.0006134483713934694,7.489737187070987e-05,0.3333333333333333,0.0,-0.0006883457432641794,0.0
2015-11-24,96115.42000863535,0.00016173549033959844,0.00023669218589317256,7.495669555348413e-05,0.33333333333333337,0.0,0.0,0.0001617354903396884
2015-11-25,96304.73863933184,0.001969700914582484,0.0020445486518170983,7.484773723461821e-05,0.3333333333333333,0.00196970091458248,0.0,0.0
2015-11-26,96320.72564126234,0.00016600431252267178,0.00024088451024203059,7.488019771946377e-05,0.3333333333333333,0.0,0.0001660043125225668,0.0
2015-11-27,96320.72564126234,0.0,0.0,0.0,0.0,0.0,0.0,0.0
2015-11-30,96320.72564126234,0.0,0.0,0.0,0.0,0.0,0.0,0.0
2015-12-01,96468.28121495045,0.0015319192490064193,0.0016815831287162093,0.00014966387970983782,0.6666666666666666,0.0,0.0010979903467386335,0.00043392890226773783
2015-12-02,96468.28121495045,0.0,0.0,0.0,0.0,0.0,0.0,0.0
2015-12-03,96734.09977292946,0.0027555021674607882,0.002830441429089244,7.493926162849989e-05,0.33333333333333337,0.002755502167460744,0.0,0.0
2015-12-04,96786.13383027846,0.0005379081158674026,0.0006873100778940581,0.0001494019620265165,0.6666666666666667,0.00025954663601457275,0.0002783614798529689,0.0
2015-12-07,96762.5010335594,-0.00024417543902000016,-0.00016952234766872318,7.465309135137153e-05,0.33333333333333337,-0.0002441754390200947,0.0,0.0
2015-12-08,96770.40928412626,8.172846384080223e-05,0.00015639230549857608,7.466384165785309e-05,0.3333333333333333,8.172846384072299e-05,0.0,0.0
2015-12-09,96603.51738047745,-0.001724617110575588,-0.0015752017844239405,0.00014941532615159373,0.6666666666666666,-0.0006058400993648228,-0.0011187770112107119,0.0
2015-12-10,96603.51738047745,0.0,0.0,0.0,0.0,0.0,0.0,0.0
2015-12-11,96727.56501340256,0.0012840902307578173,0.0013588299239055692,7.473969314780897e-05,0.33333333333333337,0.0,0.0,0.0012840902307577602
2015-12-14,96833.00217402334,0.001090042539643843,0.001164729131476398,7.468659183256011e-05,0.33333333333333337,0.0,0.0,0.0010900425396438377
2015-12-15,96948.3065640644,0.0011907550881655737,0.0013399892496614994,0.00014923416149586184,0.6666666666666666,0.0009047416366869163,0.0,0.0002860134514787214
2015-12-16,96977.42602492325,0.00030036069623973205,0.00037495313085863147,7.459243461899385e-05,0.3333333333333333,0.0,0.0,0.0003003606962396376
2015-12-17,96944.01510382719,-0.00034452266332041237,-0.0002699561153984102,7.456654792197155e-05,0.3333333333333333,0.0,-0.00034452266332038174,0.0
2015-12-18,96935.0849317974,-9.21167956600133e-05,5.7082192266337074e-05,0.00014919898792629832,0.6666666666666666,-0.0002839211548274429,0.0,0.00019180435916748165
2015-12-21,96935.0849317974,0.0,0.0,0.0,0.0,0.0,0.0,0.0
2015-12-22,96935.0849317974,0.0,0.0,0.0,0.0,0.0,0.0,0.0
2015-12-23,96820.90509033507,-0.0011779000507676773,-0.0011032468261993333,7.465322456835976e-05,0.3333333333333333,0.0,-0.0011779000507676932,0.0
2015-12-24,96766.57942097531,-0.000561094417668162,-0.00033712880596858946,0.00022396561169952232,1.0,0.00022355230349819008,-0.0008815887695589013,9.694204839259942e-05
2015-12-25,96766.57942097531,0.0,0.0,0.0,0.0,0.0,0.0,0.0
2015-12-28,96803.54869388869,0.00038204587921364386,0.0004567157982146389,7.46699190009771e-05,0.3333333333333333,0.0,0.0,0.00038204587921366186
2015-12-29,96803.54869388869,0.0,0.0,0.0,0.0,0.0,0.0,0.0
2015-12-30,96803.54869388869,0.0,0.0,0.0,0.0,0.0,0.0,0.0
2015-12-31,96803.54869388869,0.0,0.0,0.0,0.0,0.0,0.0,0.0
2016-01-01,96803.54869388869,0.0,0.0,0.0,0.0,0.0,0.0,0.0
2016-01-04,96880.54804879536,0.000795418721168506,0.0010193372909415022,0.0002239185697728854,1.0,0.0005875356531393494,0.00013975804634570413,6.812502168356337e-05
2016-01-05,96880.54804879536,0.0,0.0,0.0,0.0,0.0,0.0,0.0
2016-01-06,96831.78695344372,-0.0005033115143721067,-0.00035406016334804663,0.00014925135102407953,0.6666666666666666,0.0,0.0001007366160976588,-0.000604048130469785
2016-01-07,96800.10520354503,-0.0003271833650444478,-0.0001779129140508188,0.00014927045099356146,0.6666666666666666,0.0,-0.00034890906734656653,2.1725702302186254e-05
2016-01-08,96772.80058973745,-0.0002820721501299861,-0.00013276983668856582,0.00014930231344140196,0.6666666666666666,-0.00025247681576522345,0.0,-2.9595334364744365e-05
2016-01-11,96809.73188407336,0.0003816288679345803,0.00045631894550512975,7.469007757062225e-05,0.3333333333333333,0.0003816288679345075,0.0,0.0
2016-01-12,96680.49596177129,-0.001334947631678518,-0.0011858307244994408,0.0001491169071791341,0.6666666666666667,0.0011932931608060707,-0.0025282407924846454,0.0
2016-01-13,96685.09112436498,4.752936513185979e-05,0.00019692895573353297,0.0001493995906017426,0.6666666666666667,-0.0003518700929892565,0.0,0.00039939945812104684
2016-01-14,96553.6160911745,-0.0013598273700892172,-0.0012104598494867929,0.0001493675206024476,0.6666666666666666,-0.0009145856725766438,0.0,-0.00044524169751259665
2016-01-15,96492.98582181077,-0.0006279440565589711,-0.0004784393993156888,0.0001495046572432387,0.6666666666666666,0.0,-0.0004253177165052322,-0.00020262634005369532
2016-01-18,96503.49005877668,0.00010886010912036781,0.00018365641557778942,7.4796306457447e-05,0.33333333333333337,0.00010886010912034243,0.0,0.0
2016-01-19,96628.21674669032,0.0012924577944037896,0.0015166939353778255,0.00022423614097390898,1.0,-0.0003626578633671539,0.0018712933865786254,-0.00021617772880755482
2016-01-20,96916.08959227489,0.0029791799463632085,0.0031285647305396473,0.00014938478417650828,0.6666666666666666,0.0013940276184935194,0.0,0.0015851523278696197
2016-01-21,96790.34685485689,-0.0012974392378706234,-0.0010736812403991567,0.00022375799747145132,1.0,-0.0001480164379602729,-0.001357000582505436,0.00020757778259510127
2016-01-22,96714.37890088359,-0.0007848711823217336,-0.0007102469261066613,7.462425621510139e-05,0.3333333333333333,-0.0007848711823217626,0.0,0.0
2016-01-25,96686.35671566392,-0.00028974166549100566,-0.00021503868358929704,7.470298190168697e-05,0.33333333333333337,0.0,-0.00028974166549098403,0.0
2016-01-26,96760.27419194492,0.0007645078250118065,0.0008392120418479662,7.470421683619647e-05,0.3333333333333333,0.0,0.0,0.0007645078250117697
2016-01-27,96760.27419194492,0.0,0.0,0.0,0.0,0.0,0.0,0.0
2016-01-28,96758.37346899224,-1.9643629253329742e-05,5.503173496716289e-05,7.467536422043936e-05,0.3333333333333333,-1.964362925327647e-05,0.0,0.0
2016-01-29,96751.64591235468,-6.952945152305379e-05,7.985580034094064e-05,0.00014938525186399562,0.6666666666666666,0.000693337327985031,0.0,-0.000762866779508086
2016-02-01,96715.07074512841,-0.00037803147307080565,-0.000303340006813535,7.469146625720484e-05,0.3333333333333333,0.0,-0.0003780314730707399,0.0
2016-02-02,96808.19527789432,0.0009628750932864083,0.001037618908341346,7.474381505505684e-05,0.33333333333333337,0.0,0.0009628750932862891,0.0
2016-02-03,96808.19527789432,0.0,0.0,0.0,0.0,0.0,0.0,0.0
2016-02-04,96808.19527789432,0.0,0.0,0.0,0.0,0.0,0.0,0.0
2016-02-05,96847.16511866127,0.0004025469192467934,0.00047722292964406476,7.467601039739086e-05,0.3333333333333333,0.0,0.00040254691924667394,0.0
2016-02-08,96847.16511866127,0.0,0.0,0.0,0.0,0.0,0.0,0.0
2016-02-09,96847.16511866127,0.0,0.0,0.0,0.0,0.0,0.0,0.0
2016-02-10,96847.16511866127,0.0,0.0,0.0,0.0,0.0,0.0,0.0
2016-02-11,97023.21404663648,0.001817801561455168,0.001892437084636785,7.463552318162708e-05,0.3333333333333333,0.0,0.0,0.0018178015614551582
2016-02-12,96981.28895234107,-0.0004321140533981582,-0.00035757135173789906,7.454270166026085e-05,0.33333333333333337,-0.0004321140533981599,0.0,0.0
2016-02-15,96981.28895234107,0.0,0.0,0.0,0.0,0.0,0.0,0.0
2016-02-16,96981.28895234107,0.0,0.0,0.0,0.0,0.0,0.0,0.0
2016-02-17,97175.53146832516,0.002002886516383029,0.0022266440787522823,0.00022375756236916593,1.0,0.0003495576126094944,0.0007965721105718741,0.0008567567932017478
2016-02-18,97175.53146832516,0.0,0.0,0.0,0.0,0.0,0.0,0.0
2016-02-19,97175.53146832516,0.0,0.0,0.0,0.0,0.0,0.0,0.0
2016-02-22,96807.07656819854,-0.003791642757793645,-0.0036428329819736165,0.0001488097758201081,0.6666666666666667,-0.0019050804223375642,-0.001886562335456161,0.0
2016-02-23,96693.71407434909,-0.0011710145360043223,-0.0010217268663956782,0.00014928766960869877,0.6666666666666666,0.0,-0.00042631223625446985,-0.000744702299749907
2016-02-24,96438.83353702568,-0.00263595767070679,-0.0024866798667923335,0.00014927780391449475,0.6666666666666666,-0.000786747836099987,-0.0018492098346068414,0.0
2016-02-25,96438.83353702568,0.0,0.0,0.0,0.0,0.0,0.0,0.0
2016-02-26,96482.25441368847,0.0004502426571357798,0.0005998334669583179,0.00014959080982250626,0.6666666666666666,-2.036813388530655e-05,0.0004706107910211182,0.0
2016-02-29,96697.22955486568,0.0022281314059626744,0.0024524279032828162,0.00022429649732025867,1.0,0.0008745059425240961,0.0005501073254069749,0.0008035181380314869
2016-03-01,96646.59733856382,-0.0005236159974276733,-0.0003741745725966971,0.0001494414248310316,0.6666666666666666,0.0,-0.0009206381873432279,0.00039702218991549915
2016-03-02,96646.59733856382,0.0,0.0,0.0,0.0,0.0,0.0,0.0
2016-03-03,96547.43348936172,-0.0010260459440151193,-0.0008765625704504711,0.00014948337356466965,0.6666666666666666,0.0,-0.000892778412156494,-0.0001332675318586468
2016-03-04,96547.43348936172,0.0,0.0,0.0,0.0,0.0,0.0,0.0
2016-03-07,96536.57644115122,-0.00011245299660600505,-3.7691135280589386e-05,7.476186132545128e-05,0.3333333333333333,0.0,-0.00011245299660604067,0.0
2016-03-08,96549.0077668394,0.00012877321888193904,0.00020354162426213424,7.476840538023157e-05,0.3333333333333333,0.0,0.0,0.00012877321888190267
2016-03-09,96549.0077668394,0.0,0.0,0.0,0.0,0.0,0.0,0.0
2016-03-10,96549.0077668394,0.0,0.0,0.0,0.0,0.0,0.0,0.0
2016-03-11,96462.56937882082,-0.0008952799207146978,-0.0007457764259818367,0.00014950349473290405,0.6666666666666666,-0.0005276593519052817,0.0,-0.000367620568809459
2016-03-14,96485.43743520143,0.00023706663141842554,0.00031188242032757313,7.48157889090917e-05,0.33333333333333337,0.00023706663141848143,0.0,0.0
2016-03-15,96272.09859472304,-0.00221109885750026,-0.0020615821739548754,0.00014951668354539727,0.6666666666666666,0.0,-0.0013557237618672764,-0.0008553750956329961
2016-03-16,96136.14137724553,-0.001412218279876143,-0.0012625159081873412,0.00014970237168890384,0.6666666666666666,0.0,-0.001316803910180729,-9.541436969551607e-05
2016-03-17,96075.62531567497,-0.0006294829468251883,-0.0004795827991214511,0.0001499001477037505,0.6666666666666667,-0.00043813168669219944,0.0,-0.00019135126013300214
2016-03-18,96119.88164033972,0.0004606405060527674,0.0005356344901263169,7.499398407359916e-05,0.33333333333333337,0.00046064050605271775,0.0,0.0
2016-03-21,96135.1379472224,0.00015872165698005425,0.00030863315450343115,0.00014991149752334538,0.6666666666666667,0.0003517390209124931,-0.00019301736393240732,0.0
2016-03-22,96135.1379472224,0.0,0.0,0.0,0.0,0.0,0.0,0.0
2016-03-23,96029.64257937594,-0.00109736533487248,-0.0009475298537113078,0.00014983548116121357,0.6666666666666666,-0.0005636405896527906,-0.0005337247452197307,0.0
2016-03-24,96172.64362219993,0.0014891343858307593,0.001564199734086058,7.506534825525532e-05,0.33333333333333337,0.0,0.0014891343858308029,0.0
2016-03-25,96172.64362219993,0.0,0.0,0.0,0.0,0.0,0.0,0.0
2016-03-28,96172.64362219993,0.0,0.0,0.0,0.0,0.0,0.0,0.0
2016-03-29,96297.21998997703,0.0012953409939160387,0.0013703347130378243,7.499371912182537e-05,0.3333333333333333,0.0,0.0012953409939159988,0.0
2016-03-30,96390.56094797743,0.0009693006507365265,0.0011190284349265796,0.00014972778419007892,0.6666666666666666,0.0,0.0002253170201088922,0.0007439836306276084
2016-03-31,96492.65090865757,0.0010591281934257957,0.0011340160667768404,7.48878733510204e-05,0.3333333333333333,0.0,0.00105912819342582,0.0
2016-04-01,96492.65090865757,0.0,0.0,0.0,0.0,0.0,0.0,0.0
2016-04-04,96492.65090865757,0.0,0.0,0.0,0.0,0.0,0.0,0.0
2016-04-05,96540.08115847973,0.0004915426136138379,0.0005663298811309965,7.478726751725894e-05,0.3333333333333333,0.0,0.0,0.0004915426136137376
2016-04-06,96494.3305392635,-0.0004739028460224448,-0.0003991559026645941,7.474694335790826e-05,0.33333333333333337,-0.0004739028460225024,0.0,0.0
2016-04-07,96580.25071018602,0.0008904167782952666,0.0010399343419136657,0.00014951756361844673,0.6666666666666667,0.0010358345524593333,0.0,-0.00014541777416411436
2016-04-08,96580.25071018602,0.0,0.0,0.0,0.0,0.0,0.0,0.0
2016-04-11,96580.25071018602,0.0,0.0,0.0,0.0,0.0,0.0,0.0
2016-04-12,96456.27225642906,-0.0012836832876836901,-0.00120887317587585,7.481011180785496e-05,0.3333333333333333,0.0,-0.001283683287683705,0.0
2016-04-13,96324.31861212499,-0.0013680151763824089,-0.0012184702960147396,0.0001495448803676604,0.6666666666666666,-0.0015486291402960894,0.00018061396391368922,0.0
2016-04-14,96357.79468968925,0.000347535057050985,0.0004224158885010413,7.48808314500527e-05,0.3333333333333333,0.0,0.0003475350570509886,0.0
2016-04-15,96357.79468968925,0.0,0.0,0.0,0.0,0.0,0.0,0.0
2016-04-18,96345.82647053497,-0.00012420603016938259,-4.9363214532527344e-05,7.484281563682815e-05,0.3333333333333333,0.0,-0.0001242060301693555,0.0
2016-04-19,96135.53424396164,-0.002182681225300853,-0.0020328787004206075,0.00014980252488025437,0.6666666666666666,-0.0005281275584807045,-0.0016545536668201577,0.0
2016-04-20,96135.53424396164,0.0,0.0,0.0,0.0,0.0,0.0,0.0
2016-04-21,96135.53424396164,0.0,0.0,0.0,0.0,0.0,0.0,0.0
2016-04-22,95965.08070339034,-0.001773054489287329,-0.0016231195553651305,0.00014993493392216804,0.6666666666666666,0.0,-0.0011233798360580968,-0.0006496746532292018
2016-04-25,95965.08070339034,0.0,0.0,0.0,0.0,0.0,0.0,0.0
2016-04-26,95965.08070339034,0.0,0.0,0.0,0.0,0.0,0.0,0.0
2016-04-27,96037.78476918372,0.0007576095936197014,0.0008325831259230105,7.497353230328274e-05,0.3333333333333333,0.0007576095936197278,0.0,0.0
2016-04-28,96054.6102597135,0.00017519657049791526,0.0003251207325553803,0.00014992416205738602,0.6666666666666667,0.0,0.0007860908095929336,-0.0006108942390949393
2016-04-29,95970.49092963083,-0.0008757448482193952,-0.0007257553159101259,0.00014998953230939386,0.6666666666666666,-0.0008132151721657737,0.0,-6.252967605374606e-05
2016-05-02,95874.22286696511,-0.0010031006586838087,-0.0009280414449172418,7.505921376661988e-05,0.33333333333333337,0.0,-0.0010031006586838616,0.0
2016-05-03,96273.17103498604,0.0041611619483425955,0.004386151967812927,0.00022499001947031617,1.0,0.0007013481842810603,0.0026280702740497774,0.0008317434900117734
2016-05-04,96273.17103498604,0.0,0.0,0.0,0.0,0.0,0.0,0.0
2016-05-05,96273.17103498604,0.0,0.0,0.0,0.0,0.0,0.0,0.0
2016-05-06,96273.17103498604,0.0,0.0,0.0,0.0,0.0,0.0,0.0
2016-05-09,96273.17103498604,0.0,0.0,0.0,0.0,0.0,0.0,0.0
2016-05-10,96273.17103498604,0.0,0.0,0.0,0.0,0.0,0.0,0.0
2016-05-11,96235.24531565042,-0.0003939386116390553,-0.00031904088699219457,7.489772464687855e-05,0.3333333333333333,-0.00039393861163907314,0.0,0.0
2016-05-12,96235.24531565042,0.0,0.0,0.0,0.0,0.0,0.0,0.0
2016-05-13,96220.63797058263,-0.00015178789246994562,-1.991698880265951e-06,0.00014979619358976656,0.6666666666666666,0.00012196033447068148,-0.000273748226940714,0.0
2016-05-16,96220.63797058263,0.0,0.0,0.0,0.0,0.0,0.0,0.0
2016-05-17,96298.27615682124,0.0008068766522038029,0.000881737021933208,7.486036972944392e-05,0.3333333333333333,0.0,0.0008068766522037641,0.0
2016-05-18,96346.0555565278,0.0004961604881561499,0.0005710599820101248,7.489949385394358e-05,0.33333333333333337,0.0004961604881561812,0.0,0.0
2016-05-19,96346.0555565278,0.0,0.0,0.0,0.0,0.0,0.0,0.0
2016-05-20,96346.0555565278,0.0,0.0,0.0,0.0,0.0,0.0,0.0
2016-05-23,96346.0555565278,0.0,0.0,0.0,0.0,0.0,0.0,0.0
2016-05-24,96346.0555565278,0.0,0.0,0.0,0.0,0.0,0.0,0.0
2016-05-25,96346.0555565278,0.0,0.0,0.0,0.0,0.0,0.0,0.0
2016-05-26,96346.0555565278,0.0,0.0,0.0,0.0,0.0,0.0,0.0
2016-05-27,96346.0555565278,0.0,0.0,0.0,0.0,0.0,0.0,0.0
2016-05-30,96346.0555565278,0.0,0.0,0.0,0.0,0.0,0.0,0.0
2016-05-31,96346.0555565278,0.0,0.0,0.0,0.0,0.0,0.0,0.0
2016-06-01,96092.7234586072,-0.002629397710754988,-0.0025545473689993306,7.485034175567746e-05,0.33333333333333337,0.0,0.0,-0.002629397710755008
2016-06-02,96092.7234586072,0.0,0.0,0.0,0.0,0.0,0.0,0.0
2016-06-03,96092.7234586072,0.0,0.0,0.0,0.0,0.0,0.0,0.0
2016-06-06,96021.77669786928,-0.0007383156412303915,-0.000663389016404466,7.492662482596878e-05,0.3333333333333333,0.0,-0.0007383156412304349,0.0
2016-06-07,95899.73273811697,-0.0012710029323484973,-0.0011959525842675975,7.505034808097106e-05,0.33333333333333337,0.0,-0.0012710029323485686,0.0
2016-06-08,95899.73273811697,0.0,0.0,0.0,0.0,0.0,0.0,0.0
2016-06-09,95899.73273811697,0.0,0.0,0.0,0.0,0.0,0.0,0.0
2016-06-10,95899.73273811697,0.0,0.0,0.0,0.0,0.0,0.0,0.0
2016-06-13,95853.47784448635,-0.00048232557390892605,-0.0003322516014555947,0.00015007397245334652,0.6666666666666667,0.0,-0.000338152445116205,-0.00014417312879273623
2016-06-14,95766.83296425924,-0.0009039304798901249,-0.0007538407881360065,0.0001500896917540738,0.6666666666666666,-0.0008571703303587603,-4.676014953131996e-05,0.0
2016-06-15,95686.18435975601,-0.0008421350274090411,-0.0006918975377959343,0.0001502374896130975,0.6666666666666666,-0.00028010278426646114,-0.0005620322431425706,0.0
2016-06-16,96055.85887189828,0.0038634053036579186,0.004088656980150707,0.00022525167649282212,1.0,0.0027843203746111996,-0.0003813618135373141,0.0014604467425839989
2016-06-17,96055.85887189828,0.0,0.0,0.0,0.0,0.0,0.0,0.0
2016-06-20,95948.35169970528,-0.0011192151468487621,-0.001044187167693759,7.502797915501037e-05,0.3333333333333333,0.0,-0.0011192151468487695,0.0
2016-06-21,96002.41876789843,0.0005635017927392294,0.0007135109749180448,0.00015000918217885769,0.6666666666666666,0.0008038000373002824,-0.00024029824456109523,0.0
2016-06-22,96002.41876789843,0.0,0.0,0.0,0.0,0.0,0.0,0.0
2016-06-23,96251.73491828764,0.002596977801069489,0.0026721103568013347,7.513255573183403e-05,0.33333333333333337,0.0,0.0025969778010695005,0.0
2016-06-24,95369.04945351329,-0.009170592774495945,-0.008946245027911748,0.00022434774658413003,1.0,-0.0032984160175930652,-0.003357657570814288,-0.0025145191860885246
2016-06-27,95369.04945351329,0.0,0.0,0.0,0.0,0.0,0.0,0.0
2016-06-28,95356.70070556644,-0.00012948381070809756,-5.4205438612342505e-05,7.52783720957011e-05,0.3333333333333333,-0.0001294838107080436,0.0,0.0
2016-06-29,95356.70070556644,0.0,0.0,0.0,0.0,0.0,0.0,0.0
2016-06-30,95356.70070556644,0.0,0.0,0.0,0.0,0.0,0.0,0.0
2016-07-01,95356.70070556644,0.0,0.0,0.0,0.0,0.0,0.0,0.0
2016-07-04,95356.70070556644,0.0,0.0,0.0,0.0,0.0,0.0,0.0
2016-07-05,95356.70070556644,0.0,0.0,0.0,0.0,0.0,0.0,0.0
2016-07-06,95356.70070556644,0.0,0.0,0.0,0.0,0.0,0.0,0.0
2016-07-07,95356.70070556644,0.0,0.0,0.0,0.0,0.0,0.0,0.0
2016-07-08,95356.70070556644,0.0,0.0,0.0,0.0,0.0,0.0,0.0
2016-07-11,95190.30256698496,-0.001745007297340062,-0.0016697262039604792,7.528109337959194e-05,0.3333333333333333,0.0,0.0,-0.0017450072973400712
2016-07-12,95190.30256698496,0.0,0.0,0.0,0.0,0.0,0.0,0.0
2016-07-13,95190.30256698496,0.0,0.0,0.0,0.0,0.0,0.0,0.0
2016-07-14,95084.43048741228,-0.0011122149706183082,-0.001036860550134929,7.535442048331082e-05,0.33333333333333337,0.0,0.0,-0.00111221497061824
2016-07-15,95084.43048741228,0.0,0.0,0.0,0.0,0.0,0.0,0.0
2016-07-18,95084.43048741228,0.0,0.0,0.0,0.0,0.0,0.0,0.0
2016-07-19,95084.43048741228,0.0,0.0,0.0,0.0,0.0,0.0,0.0
2016-07-20,95084.43048741228,0.0,0.0,0.0,0.0,0.0,0.0,0.0
2016-07-21,95084.43048741228,0.0,0.0,0.0,0.0,0.0,0.0,0.0
2016-07-22,95084.43048741228,0.0,0.0,0.0,0.0,0.0,0.0,0.0
2016-07-25,95084.43048741228,0.0,0.0,0.0,0.0,0.0,0.0,0.0
2016-07-26,95140.46405617979,0.0005893033010797577,0.0006647045100840095,7.54012090044143e-05,0.33333333333333337,0.0,0.0,0.0005893033010795952
2016-07-27,95035.20789935994,-0.0011063237694288741,-0.0010309473365617272,7.537643286707144e-05,0.3333333333333333,0.0,0.0,-0.0011063237694287984
2016-07-28,95035.20789935994,0.0,0.0,0.0,0.0,0.0,0.0,0.0
2016-07-29,94941.28435009712,-0.0009883026652847127,-0.0009128796676215097,7.542299766316683e-05,0.33333333333333337,0.0,0.0,-0.0009883026652846767
2016-08-01,94941.28435009712,0.0,0.0,0.0,0.0,0.0,0.0,0.0
2016-08-02,94941.28435009712,0.0,0.0,0.0,0.0,0.0,0.0,0.0
2016-08-03,94941.28435009712,0.0,0.0,0.0,0.0,0.0,0.0,0.0
2016-08-04,94941.28435009712,0.0,0.0,0.0,0.0,0.0,0.0,0.0
2016-08-05,94941.28435009712,0.0,0.0,0.0,0.0,0.0,0.0,0.0
2016-08-08,94941.28435009712,0.0,0.0,0.0,0.0,0.0,0.0,0.0
2016-08-09,94941.28435009712,0.0,0.0,0.0,0.0,0.0,0.0,0.0
2016-08-10,94941.28435009712,0.0,0.0,0.0,0.0,0.0,0.0,0.0
2016-08-11,94941.28435009712,0.0,0.0,0.0,0.0,0.0,0.0,0.0
2016-08-12,94941.28435009712,0.0,0.0,0.0,0.0,0.0,0.0,0.0
2016-08-15,94941.28435009712,0.0,0.0,0.0,0.0,0.0,0.0,0.0
2016-08-16,94709.50439180931,-0.002441297901902395,-0.0022903323970913103,0.00015096550481109785,0.6666666666666667,-0.0008001514096428509,0.0,-0.0016411464922595571
2016-08-17,94709.50439180931,0.0,0.0,0.0,0.0,0.0,0.0,0.0
2016-08-18,94709.50439180931,0.0,0.0,0.0,0.0,0.0,0.0,0.0
2016-08-19,94709.50439180931,0.0,0.0,0.0,0.0,0.0,0.0,0.0
2016-08-22,94709.50439180931,0.0,0.0,0.0,0.0,0.0,0.0,0.0
2016-08-23,94709.50439180931,0.0,0.0,0.0,0.0,0.0,0.0,0.0
2016-08-24,94709.50439180931,0.0,0.0,0.0,0.0,0.0,0.0,0.0
2016-08-25,94709.50439180931,0.0,0.0,0.0,0.0,0.0,0.0,0.0
2016-08-26,94709.50439180931,0.0,0.0,0.0,0.0,0.0,0.0,0.0
2016-08-29,94709.50439180931,0.0,0.0,0.0,0.0,0.0,0.0,0.0
2016-08-30,94709.50439180931,0.0,0.0,0.0,0.0,0.0,0.0,0.0
2016-08-31,94709.50439180931,0.0,0.0,0.0,0.0,0.0,0.0,0.0
2016-09-01,94709.50439180931,0.0,0.0,0.0,0.0,0.0,0.0,0.0
2016-09-02,94709.50439180931,0.0,0.0,0.0,0.0,0.0,0.0,0.0
2016-09-05,94709.50439180931,0.0,0.0,0.0,0.0,0.0,0.0,0.0
2016-09-06,94709.50439180931,0.0,0.0,0.0,0.0,0.0,0.0,0.0
2016-09-07,94709.50439180931,0.0,0.0,0.0,0.0,0.0,0.0,0.0
2016-09-08,94709.50439180931,0.0,0.0,0.0,0.0,0.0,0.0,0.0
2016-09-09,94709.50439180931,0.0,0.0,0.0,0.0,0.0,0.0,0.0
2016-09-12,94709.50439180931,0.0,0.0,0.0,0.0,0.0,0.0,0.0
2016-09-13,94709.50439180931,0.0,0.0,0.0,0.0,0.0,0.0,0.0
2016-09-14,94815.40953869205,0.0011182103376299324,0.0011937780805476212,7.556774291753054e-05,0.3333333333333333,0.0,0.0,0.0011182103376300907
2016-09-15,94815.40953869205,0.0,0.0,0.0,0.0,0.0,0.0,0.0
2016-09-16,94815.40953869205,0.0,0.0,0.0,0.0,0.0,0.0,0.0
2016-09-19,94815.40953869205,0.0,0.0,0.0,0.0,0.0,0.0,0.0
2016-09-20,94852.8287132208,0.0003946528809062322,0.00047014994212390976,7.549706121770475e-05,0.33333333333333337,0.000394652880906205,0.0,0.0
2016-09-21,95124.1713358028,0.0028606698003954545,0.0029361737263644545,7.550392596893778e-05,0.3333333333333333,0.0,0.0,0.002860669800395517
2016-09-22,95092.42773197651,-0.0003337070208394577,-0.00025831047137211033,7.539654946745223e-05,0.3333333333333333,-0.00033370702083956253,0.0,0.0
2016-09-23,94973.24460221405,-0.0012533398568641552,-0.0011780010858096766,7.533877105443576e-05,0.3333333333333333,0.0,-0.0012533398568641124,0.0
2016-09-26,94973.24460221405,0.0,0.0,0.0,0.0,0.0,0.0,0.0
2016-09-27,94973.24460221405,0.0,0.0,0.0,0.0,0.0,0.0,0.0
2016-09-28,94973.24460221405,0.0,0.0,0.0,0.0,0.0,0.0,0.0
2016-09-29,94982.61452454916,9.86585471978163e-05,0.00017410900537773166,7.545045817995303e-05,0.3333333333333333,0.0,0.0,9.865854719777861e-05
2016-09-30,94982.61452454916,0.0,0.0,0.0,0.0,0.0,0.0,0.0
2016-10-03,95003.7657862257,0.0002226856123346277,0.00029814682305118195,7.546121071666305e-05,0.33333333333333337,0.0,0.0002226856123345189,0.0
2016-10-04,94843.69852179187,-0.0016848517857072087,-0.0014585908520682311,0.00022626093363896417,1.0,-0.0003886652197048354,-0.0007591366587147033,-0.0005370499072876564
2016-10-05,94850.4591097243,7.128136120582163e-05,0.00014679668658904946,7.551532538328611e-05,0.3333333333333333,0.0,7.128136120576335e-05,0.0
2016-10-06,94722.65326233418,-0.0013474457434335951,-0.0012720043641551992,7.544137927840608e-05,0.3333333333333333,0.0,-0.0013474457434336053,0.0
2016-10-07,94562.19218506709,-0.0016940095293012103,-0.0015429629171024675,0.0001510466121987517,0.6666666666666666,0.0008243049328799854,-0.0025183144621812046,0.0
2016-10-10,94509.82477427287,-0.0005537880371019321,-0.00047817840890166757,7.560962820016535e-05,0.33333333333333337,0.0,-0.0005537880371018329,0.0
2016-10-11,94337.59617876068,-0.0018223353595622216,-0.0016711049639158704,0.00015123039564640366,0.6666666666666667,-0.0011015143741388142,-0.0007208209854234598,0.0
2016-10-12,94337.59617876068,0.0,0.0,0.0,0.0,0.0,0.0,0.0
2016-10-13,94337.59617876068,0.0,0.0,0.0,0.0,0.0,0.0,0.0
2016-10-14,94464.4123664471,0.0013442804652994411,0.0014958237447392961,0.00015154327943986783,0.6666666666666666,-0.0002452424339001962,0.0015895228991996242,0.0
2016-10-17,94408.20521986813,-0.0005950086934424226,-0.0005193054062425281,7.57032871999347e-05,0.33333333333333337,-0.0005950086934424627,0.0,0.0
2016-10-18,94379.4744823277,-0.0003043245814653428,-0.0002286106189632135,7.571396250209442e-05,0.3333333333333333,0.0,-0.0003043245814653079,0.0
2016-10-19,94379.4744823277,0.0,0.0,0.0,0.0,0.0,0.0,0.0
2016-10-20,94405.11622764844,0.0002716877314838939,0.0003474031613687571,7.571542988494096e-05,0.33333333333333337,0.0,0.0,0.0002716877314838161
2016-10-21,94419.36849075458,0.0001509691812864311,0.00022668443382500847,7.571525253851639e-05,0.3333333333333333,0.00015096918128649207,0.0,0.0
2016-10-24,94419.36849075458,0.0,0.0,0.0,0.0,0.0,0.0,0.0
2016-10-25,94419.36849075458,0.0,0.0,0.0,0.0,0.0,0.0,0.0
2016-10-26,94419.36849075458,0.0,0.0,0.0,0.0,0.0,0.0,0.0
2016-10-27,94419.36849075458,0.0,0.0,0.0,0.0,0.0,0.0,0.0
2016-10-28,94397.8045386064,-0.00022838483769660467,-0.00015267968108267915,7.570515661390532e-05,0.3333333333333333,-0.00022838483769658448,0.0,0.0
2016-10-31,94339.84250811613,-0.0006140188405183711,-0.00046261646198927,0.000151402378529119,0.6666666666666666,-0.00031613173809900914,0.0,-0.0002978871024193798
2016-11-01,94339.84250811613,0.0,0.0,0.0,0.0,0.0,0.0,0.0
2016-11-02,94220.56317142835,-0.0012643580221952666,-0.001112889297515999,0.0001514687246793135,0.6666666666666666,-0.00012084840779539595,0.0,-0.0011435096143999168
2016-11-03,94013.99205762296,-0.002192420707882503,-0.001964912961707829,0.0002275077461746018,1.0,0.0008764700052454037,-0.003968452036935336,0.0008995613238075014
2016-11-04,94013.99205762296,0.0,0.0,0.0,0.0,0.0,0.0,0.0
2016-11-07,94127.30931629974,0.0012053233374806904,0.001357151578362581,0.00015182824088189834,0.6666666666666666,0.00033136874944834644,0.0008739545880323363,0.0
2016-11-08,94127.30931629974,0.0,0.0,0.0,0.0,0.0,0.0,0.0
2016-11-09,94455.75533409705,0.0034893807140881083,0.0036409186001989577,0.0001515378861107352,0.6666666666666666,0.002325395592631034,0.0,0.0011639851214571883
2016-11-10,94455.75533409705,0.0,0.0,0.0,0.0,0.0,0.0,0.0
2016-11-11,94455.75533409705,0.0,0.0,0.0,0.0,0.0,0.0,0.0
2016-11-14,94677.47098645252,0.002347296377772201,0.0025744614458205937,0.00022716506804829393,1.0,0.0008434875289653111,0.0014342198335761157,6.958901523087296e-05
2016-11-15,94739.2521208921,0.0006525431424801997,0.0008036375557483043,0.00015109441326811464,0.6666666666666666,0.001022811184842278,-0.0003702680423620883,0.0
2016-11-16,94725.1755894172,-0.0001485818302316977,-7.302734874211254e-05,7.555448148949354e-05,0.3333333333333333,0.0,0.0,-0.0001485818302316061
2016-11-17,94725.1755894172,0.0,0.0,0.0,0.0,0.0,0.0,0.0
2016-11-18,94835.32604572804,0.0011628424611034305,0.0012384032168205235,7.556075571719729e-05,0.3333333333333333,0.0,0.0,0.0011628424611033262
2016-11-21,94859.64872449517,0.0002564727700244962,0.0003319678805416837,7.549511051710798e-05,0.33333333333333337,0.0002564727700245757,0.0,0.0
2016-11-22,94859.64872449517,0.0,0.0,0.0,0.0,0.0,0.0,0.0
2016-11-23,94859.64872449517,0.0,0.0,0.0,0.0,0.0,0.0,0.0
2016-11-24,94899.17156023109,0.0004166453941938375,0.0004921462882739499,7.550089408002519e-05,0.33333333333333337,0.0,0.0,0.0004166453941939247
2016-11-25,94923.05040613121,0.00025162333356054667,0.00032709031152204177,7.546697796144059e-05,0.3333333333333333,0.00025162333356060115,0.0,0.0
2016-11-28,95366.94026749917,0.00467631264975954,0.004827131195525913,0.00015081854576629697,0.6666666666666667,0.0024629077274763078,0.0,0.0022134049222833087
2016-11-29,95272.47541884684,-0.000990540835087761,-0.0009152642456451051,7.527658944263298e-05,0.3333333333333333,0.0,0.0,-0.000990540835087738
2016-11-30,95204.20769982765,-0.0007165523800978235,-0.0006412662662662976,7.52861138315698e-05,0.33333333333333337,-0.0007165523800978672,0.0,0.0
2016-12-01,95194.8837795127,-9.793601081520276e-05,5.2770295364916e-05,0.00015070630618013302,0.6666666666666666,-0.0002701593414881229,0.0,0.00017222333067290585
2016-12-02,95194.8837795127,0.0,0.0,0.0,0.0,0.0,0.0,0.0
2016-12-05,95025.43053087163,-0.001780066763183985,-0.0017046291334905652,7.543762969337672e-05,0.33333333333333337,-0.001780066763183942,0.0,0.0
2016-12-06,95025.43053087163,0.0,0.0,0.0,0.0,0.0,0.0,0.0
2016-12-07,95025.43053087163,0.0,0.0,0.0,0.0,0.0,0.0,0.0
2016-12-08,95025.43053087163,0.0,0.0,0.0,0.0,0.0,0.0,0.0
2016-12-09,95025.43053087163,0.0,0.0,0.0,0.0,0.0,0.0,0.0
2016-12-12,95025.43053087163,0.0,0.0,0.0,0.0,0.0,0.0,0.0
2016-12-13,95025.43053087163,0.0,0.0,0.0,0.0,0.0,0.0,0.0
2016-12-14,95025.43053087163,0.0,0.0,0.0,0.0,0.0,0.0,0.0
2016-12-15,94727.71308120921,-0.003133029211224714,-0.0030577547706049923,7.52744406196453e-05,0.3333333333333333,-0.003133029211224638,0.0,0.0
2016-12-16,94715.7134324805,-0.00012667516546527313,-5.1112985253990814e-05,7.556218021133958e-05,0.33333333333333337,-0.0001266751654653304,0.0,0.0
2016-12-19,94653.62797811952,-0.0006554926538692163,-0.0005799276796070174,7.556497426217942e-05,0.33333333333333337,0.0,0.0,-0.0006554926538691969
2016-12-20,94665.17414470087,0.00012198334948143597,0.00019757602443171154,7.55926749501666e-05,0.3333333333333333,0.0,0.0,0.00012198334948154494
2016-12-21,94665.17414470087,0.0,0.0,0.0,0.0,0.0,0.0,0.0
2016-12-22,94665.17414470087,0.0,0.0,0.0,0.0,0.0,0.0,0.0
2016-12-23,94665.17414470087,0.0,0.0,0.0,0.0,0.0,0.0,0.0
2016-12-26,94665.17414470087,0.0,0.0,0.0,0.0,0.0,0.0,0.0
2016-12-27,94665.17414470087,0.0,0.0,0.0,0.0,0.0,0.0,0.0
2016-12-28,94665.17414470087,0.0,0.0,0.0,0.0,0.0,0.0,0.0
2016-12-29,94745.43002678086,0.0008477867685250384,0.001074532427413066,0.00022674565888802973,1.0,-0.00016175415858874718,0.0003486568318865593,0.0006608840952272245
2016-12-30,94795.27115535348,0.0005260531147361913,0.000677183025397839,0.00015112991066147408,0.6666666666666667,0.00045349720310676445,0.0,7.255591162960058e-05
2017-01-02,94795.27115535348,0.0,0.0,0.0,0.0,0.0,0.0,0.0
2017-01-03,94795.27115535348,0.0,0.0,0.0,0.0,0.0,0.0,0.0
2017-01-04,94795.27115535348,0.0,0.0,0.0,0.0,0.0,0.0,0.0
2017-01-05,94877.03928431902,0.0008625760332658938,0.0010136125888168257,0.00015103655555105802,0.6666666666666666,0.0003746221498471853,0.0,0.0004879538834185824
2017-01-06,94796.62733659057,-0.0008475385439409289,-0.0006965787184094463,0.00015095982553140202,0.6666666666666667,0.0,-0.0006055538155256425,-0.00024198472841520586
2017-01-09,94720.97395129155,-0.0007980598827677099,-0.0007225670837849308,7.549279898268771e-05,0.33333333333333337,0.0,-0.0007980598827676186,0.0
2017-01-10,94720.97395129155,0.0,0.0,0.0,0.0,0.0,0.0,0.0
2017-01-11,94720.97395129155,0.0,0.0,0.0,0.0,0.0,0.0,0.0
2017-01-12,94603.16833229385,-0.0012437120743531427,-0.00101696530101932,0.00022674677333376823,1.0,-0.0010715534962517782,-0.0002573667135328177,8.520813543150775e-05
2017-01-13,94603.16833229385,0.0,0.0,0.0,0.0,0.0,0.0,0.0
2017-01-16,94603.16833229385,0.0,0.0,0.0,0.0,0.0,0.0,0.0
2017-01-17,94086.78293253323,-0.005458436634456221,-0.005231284791854419,0.0002271518426018093,1.0,-0.0007321237026231543,-0.00554334512077771,0.0008170321889446364
2017-01-18,93980.54831302284,-0.0011291131038730917,-0.0010533184948106067,7.579460906252604e-05,0.3333333333333333,0.0,-0.0011291131038731327,0.0
2017-01-19,93980.54831302284,0.0,0.0,0.0,0.0,0.0,0.0,0.0
2017-01-20,93980.54831302284,0.0,0.0,0.0,0.0,0.0,0.0,0.0
2017-01-23,93891.94307111,-0.0009428040536401117,-0.0007909738403519827,0.00015183021328806688,0.6666666666666666,-0.00024990191314643717,-0.0006929021404936124,0.0
2017-01-24,93656.79336776565,-0.0025044715835335074,-0.0023526954387907972,0.0001517761447426888,0.6666666666666666,0.0,-0.001972857447956647,-0.0005316141355768385
2017-01-25,93806.98994717261,0.001603691243380112,0.0016798176958544944,7.612645247423716e-05,0.3333333333333333,0.0,0.001603691243380257,0.0
2017-01-26,93806.98994717261,0.0,0.0,0.0,0.0,0.0,0.0,0.0
2017-01-27,93790.37322332362,-0.00017713737386038098,-2.5199446598659753e-05,0.0001519379272616977,0.6666666666666666,0.0,-0.0002805785746768499,0.00010344120081649246
2017-01-30,93771.25439845424,-0.00020384634597681028,-0.00012787110592523318,7.5975240051623e-05,0.33333333333333337,0.0,-0.00020384634597685617,0.0
2017-01-31,93771.25439845424,0.0,0.0,0.0,0.0,0.0,0.0,0.0
2017-02-01,93766.05926326737,-5.5402214891975277e-05,2.058811418755487e-05,7.59903290796325e-05,0.3333333333333333,0.0,0.0,-5.540221489207764e-05
2017-02-02,93780.61442463154,0.00015522846410020996,0.00023120959612306832,7.59811320228102e-05,0.33333333333333337,0.0001552284641002581,0.0,0.0
2017-02-03,93780.61442463154,0.0,0.0,0.0,0.0,0.0,0.0,0.0
2017-02-06,93724.05889225691,-0.0006030620797443653,-0.0005271023632789085,7.595971646540416e-05,0.33333333333333337,-0.0006030620797443126,0.0,0.0
2017-02-07,93716.23778543368,-8.344823000272505e-05,6.857881764625132e-05,0.00015202704764903728,0.6666666666666667,1.1422884593619792e-05,-9.487111459640578e-05,0.0
2017-02-08,93716.23778543368,0.0,0.0,0.0,0.0,0.0,0.0,0.0
2017-02-09,93716.23778543368,0.0,0.0,0.0,0.0,0.0,0.0,0.0
2017-02-10,93716.23778543368,0.0,0.0,0.0,0.0,0.0,0.0,0.0
2017-02-13,93697.87890465549,-0.00019589861065727465,-0.00011987724570043193,7.60213649568666e-05,0.3333333333333333,0.0,-0.00019589861065729853,0.0
2017-02-14,93697.87890465549,0.0,0.0,0.0,0.0,0.0,0.0,0.0
2017-02-15,93697.87890465549,0.0,0.0,0.0,0.0,0.0,0.0,0.0
2017-02-16,93697.87890465549,0.0,0.0,0.0,0.0,0.0,0.0,0.0
2017-02-17,93697.87890465549,0.0,0.0,0.0,0.0,0.0,0.0,0.0
2017-02-20,93697.87890465549,0.0,0.0,0.0,0.0,0.0,0.0,0.0
2017-02-21,93544.27494734828,-0.0016393536236131157,-0.0014873805244698022,0.00015197309914333088,0.6666666666666667,-0.0011234353621971784,-0.0005159182614159547,0.0
2017-02-22,93573.67622576759,0.00031430334390702974,0.0003904166984078916,7.611335450086536e-05,0.33333333333333337,0.0003143033439070262,0.0,0.0
2017-02-23,93573.67622576759,0.0,0.0,0.0,0.0,0.0,0.0,0.0
2017-02-24,93573.67622576759,0.0,0.0,0.0,0.0,0.0,0.0,0.0
2017-02-27,93560.95489779879,-0.00013594985771536727,-5.986646627157791e-05,7.608339144385371e-05,0.3333333333333333,-0.00013594985771543162,0.0,0.0
2017-02-28,93499.36014542615,-0.0006583382185434417,-0.0005822520081752991,7.608621036808993e-05,0.33333333333333337,0.0,0.0,-0.0006583382185433891
2017-03-01,93438.15932943058,-0.0006545586611542697,-0.0005784732100521476,7.608545110218936e-05,0.33333333333333337,-0.000654558661154337,0.0,0.0
2017-03-02,93438.15932943058,0.0,0.0,0.0,0.0,0.0,0.0,0.0
2017-03-03,93438.15932943058,0.0,0.0,0.0,0.0,0.0,0.0,0.0
2017-03-06,93431.55250515322,-7.070798830777214e-05,5.4346792316047514e-06,7.614266753927047e-05,0.3333333333333333,0.0,-7.070798830766571e-05,0.0
2017-03-07,93431.55250515322,0.0,0.0,0.0,0.0,0.0,0.0,0.0
2017-03-08,93431.55250515322,0.0,0.0,0.0,0.0,0.0,0.0,0.0
2017-03-09,93431.55250515322,0.0,0.0,0.0,0.0,0.0,0.0,0.0
2017-03-10,93431.55250515322,0.0,0.0,0.0,0.0,0.0,0.0,0.0
2017-03-13,93426.47781705164,-5.4314500460672654e-05,2.1829831009845257e-05,7.61443314704913e-05,0.3333333333333333,0.0,-5.4314500460646044e-05,0.0
2017-03-14,93417.82462829736,-9.262030375611907e-05,-1.64733790194808e-05,7.614692473665799e-05,0.3333333333333333,0.0,-9.262030375613879e-05,0.0
2017-03-15,93522.5354398943,0.001120886854447667,0.001273126626630372,0.0001522397721827814,0.6666666666666667,0.00030008628199960794,0.0008208005724479827,0.0
2017-03-16,93522.5354398943,0.0,0.0,0.0,0.0,0.0,0.0,0.0
2017-03-17,93522.5354398943,0.0,0.0,0.0,0.0,0.0,0.0,0.0
2017-03-20,93616.29404414925,0.0010025241917783756,0.0011546740049441413,0.00015214981316573242,0.6666666666666667,0.0003264965851730597,0.0006760276066053492,0.0
2017-03-21,93607.14996375471,-9.767616297895465e-05,-2.1614144296059717e-05,7.606201868289393e-05,0.3333333333333333,-9.767616297895363e-05,0.0,0.0
2017-03-22,93607.14996375471,0.0,0.0,0.0,0.0,0.0,0.0,0.0
2017-03-23,93607.14996375471,0.0,0.0,0.0,0.0,0.0,0.0,0.0
2017-03-24,93580.79401421838,-0.0002815591495578529,-0.00020550431292173008,7.605483663619599e-05,0.33333333333333337,0.0,-0.00028155914955792607,0.0
2017-03-27,93573.10839895152,-8.212812626584576e-05,-6.050979502347786e-06,7.607714676360036e-05,0.3333333333333333,0.0,0.0,-8.212812626594815e-05
2017-03-28,93573.10839895152,0.0,0.0,0.0,0.0,0.0,0.0,0.0
2017-03-29,93701.75093387693,0.001374781036202588,0.0014509342404359269,7.61532042332606e-05,0.3333333333333333,0.0,0.0013747810362026661,0.0
2017-03-30,93701.75093387693,0.0,0.0,0.0,0.0,0.0,0.0,0.0
2017-03-31,93701.75093387693,0.0,0.0,0.0,0.0,0.0,0.0,0.0
2017-04-03,93701.75093387693,0.0,0.0,0.0,0.0,0.0,0.0,0.0
2017-04-04,93654.40610955027,-0.000505271500850335,-0.00035321817285494106,0.00015205332799529353,0.6666666666666666,0.0,0.00011172882396422728,-0.0006170003248144618
2017-04-05,93654.40610955027,0.0,0.0,0.0,0.0,0.0,0.0,0.0
2017-04-06,93654.40610955027,0.0,0.0,0.0,0.0,0.0,0.0,0.0
2017-04-07,93670.12807223384,0.00016787210913693507,0.0002439156593853446,7.604355024849998e-05,0.3333333333333333,0.0,0.0,0.00016787210913684462
2017-04-10,93670.12807223384,0.0,0.0,0.0,0.0,0.0,0.0,0.0
2017-04-11,93670.12807223384,0.0,0.0,0.0,0.0,0.0,0.0,0.0
2017-04-12,93670.12807223384,0.0,0.0,0.0,0.0,0.0,0.0,0.0
2017-04-13,93670.12807223384,0.0,0.0,0.0,0.0,0.0,0.0,0.0
2017-04-14,93646.08575974789,-0.00025667000761875336,-0.00018063362602105396,7.603638159772125e-05,0.33333333333333337,0.0,0.0,-0.0002566700076187752
2017-04-17,93629.57399855315,-0.00017632089009145258,-0.00010026853166141454,7.605235843000511e-05,0.3333333333333333,-0.00017632089009141964,0.0,0.0
2017-04-18,93440.56337969404,-0.0020187063850364284,-0.001942554379613289,7.615200542313225e-05,0.3333333333333333,0.0,-0.002018706385036421,0.0
2017-04-19,93369.46689408283,-0.000760873897156511,-0.0006847326027481133,7.614129440850443e-05,0.3333333333333333,0.0,0.0,-0.0007608738971566178
2017-04-20,93421.95189601486,0.0005621216836502185,0.0007144337433037476,0.00015231205965347838,0.6666666666666667,1.6868730023161667e-05,0.0005452529536271076,0.0
2017-04-21,93421.95189601486,0.0,0.0,0.0,0.0,0.0,0.0,0.0
2017-04-24,93350.66592448234,-0.0007630537586269526,-0.0006107846526729466,0.0001522691059539483,0.6666666666666666,-0.0005152172642681229,-0.0002478364943587719,0.0
2017-04-25,93295.11056796188,-0.0005951254441548537,-0.0005189429253295389,7.618251882533474e-05,0.3333333333333333,0.0,0.0,-0.0005951254441548736
2017-04-26,93256.99899678981,-0.0004085055576873442,-0.0003322975230363179,7.620803465099944e-05,0.33333333333333337,0.0,0.0,-0.0004085055576873173
2017-04-27,93258.81335259507,1.9455438463378272e-05,9.567621101517579e-05,7.622077255193766e-05,0.3333333333333333,0.0,1.9455438463238132e-05,0.0
2017-04-28,93258.81335259507,0.0,0.0,0.0,0.0,0.0,0.0,0.0
2017-05-01,93288.99544953102,0.00032363801179680074,0.00039986273368845343,7.62247218917177e-05,0.33333333333333337,0.0,0.0,0.00032363801179673574
2017-05-02,93364.38370478553,0.0008081152004182357,0.000960594276117277,0.00015247907569914665,0.6666666666666666,0.0,0.0010714417899705556,-0.00026332658955242536
2017-05-03,93364.38370478553,0.0,0.0,0.0,0.0,0.0,0.0,0.0
2017-05-04,93364.38370478553,0.0,0.0,0.0,0.0,0.0,0.0,0.0
2017-05-05,93411.23509151234,0.0005018121993387581,0.0005779884224473102,7.617622310860182e-05,0.33333333333333337,0.0,0.0,0.0005018121993387083
2017-05-08,93411.23509151234,0.0,0.0,0.0,0.0,0.0,0.0,0.0
2017-05-09,93297.23812251264,-0.0012203774940777734,-0.0011442799732696018,7.60975208082861e-05,0.3333333333333333,-0.001220377494077888,0.0,0.0
2017-05-10,93313.90197107135,0.00017861030930865773,0.00025481736624288764,7.620705693431953e-05,0.3333333333333333,0.0,0.0,0.0001786103093085681
2017-05-11,93313.90197107135,0.0,0.0,0.0,0.0,0.0,0.0,0.0
2017-05-12,93313.90197107135,0.0,0.0,0.0,0.0,0.0,0.0,0.0
2017-05-15,93360.93752306241,0.0005040572840437907,0.0006564460252185267,0.00015238874117480327,0.6666666666666667,0.0,0.00012501167472925162,0.00037904560931447176
2017-05-16,93337.82215389756,-0.0002475914421825598,-9.519911038983568e-05,0.00015239233179276828,0.6666666666666666,-0.0008106685830663655,0.0,0.0005630771408837616
2017-05-17,93304.68033656772,-0.0003550738228624839,-0.00027888540776606813,7.618841509648726e-05,0.3333333333333333,0.0,0.0,-0.0003550738228625554
2017-05-18,93298.77497113649,-6.329120264847443e-05,8.909810685749547e-05,0.00015238930950589873,0.6666666666666666,-0.00043548432132381465,0.0,0.0003721931186754114
2017-05-19,93298.77497113649,0.0,0.0,0.0,0.0,0.0,0.0,0.0
2017-05-22,93470.65492911433,0.0018422531060136027,0.0019185553844869307,7.63022784732302e-05,0.33333333333333337,0.0018422531060137005,0.0,0.0
2017-05-23,93427.79029377882,-0.0004585892264050706,-0.0003824808374533287,7.610838895173472e-05,0.3333333333333333,0.0,-0.00045858922640506345,0.0
2017-05-24,93427.79029377882,0.0,0.0,0.0,0.0,0.0,0.0,0.0
2017-05-25,93427.79029377882,0.0,0.0,0.0,0.0,0.0,0.0,0.0
2017-05-26,93251.74866605924,-0.0018842533593700361,-0.0017320090296203776,0.00015224432974964293,0.6666666666666666,0.0,-0.0010753800808263126,-0.000808873278543708
2017-05-29,93251.74866605924,0.0,0.0,0.0,0.0,0.0,0.0,0.0
2017-05-30,93206.25676784449,-0.00048783962623222266,-0.0004116116549192454,7.622797131298417e-05,0.3333333333333333,0.0,0.0,-0.0004878396262322296
2017-05-31,93206.25676784449,0.0,0.0,0.0,0.0,0.0,0.0,0.0
2017-06-01,93206.25676784449,0.0,0.0,0.0,0.0,0.0,0.0,0.0
2017-06-02,93206.25676784449,0.0,0.0,0.0,0.0,0.0,0.0,0.0
2017-06-05,93206.25676784449,0.0,0.0,0.0,0.0,0.0,0.0,0.0
2017-06-06,93143.78962095409,-0.0006702033646301953,-0.0005939544573997738,7.624890723051371e-05,0.3333333333333333,0.0,0.0,-0.0006702033646302875
2017-06-07,93143.78962095409,0.0,0.0,0.0,0.0,0.0,0.0,0.0
2017-06-08,93143.78962095409,0.0,0.0,0.0,0.0,0.0,0.0,0.0
2017-06-09,93188.55694423875,0.0004806259597858187,0.000633230656128007,0.00015260469634228307,0.6666666666666666,0.0,0.000910052559591904,-0.0004294265998061802
2017-06-12,93188.55694423875,0.0,0.0,0.0,0.0,0.0,0.0,0.0
2017-06-13,93188.55694423875,0.0,0.0,0.0,0.0,0.0,0.0,0.0
2017-06-14,93309.77178309964,0.0013007481050857361,0.001376936316695332,7.618821160955553e-05,0.33333333333333337,0.0,0.0013007481050857765,0.0
2017-06-15,93130.93729062627,-0.0019165676762029626,-0.0018403663782013597,7.62012980015792e-05,0.3333333333333333,0.0,0.0,-0.001916567676202939
2017-06-16,93064.19256162405,-0.0007166762296608731,-0.0006403926145375216,7.628361512334174e-05,0.33333333333333337,0.0,0.0,-0.0007166762296608634
2017-06-19,93064.19256162405,0.0,0.0,0.0,0.0,0.0,0.0,0.0
2017-06-20,93064.19256162405,0.0,0.0,0.0,0.0,0.0,0.0,0.0
2017-06-21,93064.19256162405,0.0,0.0,0.0,0.0,0.0,0.0,0.0
2017-06-22,93064.19256162405,0.0,0.0,0.0,0.0,0.0,0.0,0.0
2017-06-23,93068.96519693887,5.128326140746431e-05,0.00020390190360338362,0.0001526186421958398,0.6666666666666666,2.808396355868544e-05,2.3199297848858376e-05,0.0
2017-06-26,93068.96519693887,0.0,0.0,0.0,0.0,0.0,0.0,0.0
2017-06-27,93068.96519693887,0.0,0.0,0.0,0.0,0.0,0.0,0.0
2017-06-28,93068.96519693887,0.0,0.0,0.0,0.0,0.0,0.0,0.0
2017-06-29,93117.26745132705,0.0005189942134413705,0.0006715850632847964,0.00015259084984345505,0.6666666666666666,0.0004488873513084233,7.010686213291807e-05,0.0
2017-06-30,93087.31862701767,-0.0003216248192101645,-0.00024534716624021363,7.62776529699181e-05,0.3333333333333333,-0.00032162481921013176,0.0,0.0
2017-07-03,93028.30828965307,-0.0006339245585216258,-0.000557620817843903,7.630374067772364e-05,0.3333333333333333,0.0,0.0,-0.0006339245585216267
2017-07-04,93039.83804955872,0.00012393818739298013,0.0002002691853461765,7.63309979532853e-05,0.33333333333333337,0.0,0.0,0.0001239381873928912
2017-07-05,93039.83804955872,0.0,0.0,0.0,0.0,0.0,0.0,0.0
2017-07-06,93039.83804955872,0.0,0.0,0.0,0.0,0.0,0.0,0.0
2017-07-07,93016.10600938204,-0.0002550739626614451,-0.00017874829310034665,7.632566956106145e-05,0.3333333333333333,0.0,0.0,-0.00025507396266140814
2017-07-10,93016.10600938204,0.0,0.0,0.0,0.0,0.0,0.0,0.0
2017-07-11,93017.95840701248,1.9914805187148943e-05,9.625144377160369e-05,7.633663858453942e-05,0.3333333333333333,0.0,0.0,1.9914805187064273e-05
2017-07-12,93187.52202680185,0.0018229127223736707,0.0019756711797244515,0.00015275845735086065,0.6666666666666666,0.0,0.0016614363761541808,0.00016147634621940977
2017-07-13,93190.25683736616,2.9347390131606588e-05,0.0001818533677144426,0.00015250597758281994,0.6666666666666667,0.00024479611025628813,-0.0002154487201246655,0.0
2017-07-14,93181.78996588211,-9.085575865330764e-05,-1.459875326640751e-05,7.625700538693826e-05,0.33333333333333337,-9.085575865334578e-05,0.0,0.0
2017-07-17,93237.394897384,0.0005967360309588887,0.0006730298580518804,7.629382709299828e-05,0.3333333333333333,0.0005967360309588822,0.0,0.0
2017-07-18,93378.5574965845,0.0015140126915371699,0.0017426069821333916,0.00022859429059627134,1.0,-0.0006979080651598844,0.0027342294334102984,-0.0005223086767132937
2017-07-19,93398.19283868468,0.0002102767768810132,0.0002864608199723377,7.61840430913393e-05,0.33333333333333337,0.00021027677688099838,0.0,0.0
2017-07-20,93398.19283868468,0.0,0.0,0.0,0.0,0.0,0.0,0.0
2017-07-21,93371.03778993973,-0.00029074490543790077,-0.00013841655571678046,0.00015232834972114166,0.6666666666666666,-0.00017354102856843555,-0.00011720387686948659,0.0
2017-07-24,93377.82925376127,7.273630005943943e-05,0.00014891691581605157,7.618061575670346e-05,0.3333333333333333,7.273630005934811e-05,0.0,0.0
2017-07-25,93392.3733365586,0.00015575520349475624,0.00030811848572402195,0.00015236328222915368,0.6666666666666667,-0.0005396727577569054,0.0,0.0006954279612517737
2017-07-26,93392.3733365586,0.0,0.0,0.0,0.0,0.0,0.0,0.0
2017-07-27,93365.35133040482,-0.0002893384672471022,-0.0002131644259025419,7.61740413445099e-05,0.3333333333333333,0.0,-0.0002893384672470518,0.0
2017-07-28,93365.35133040482,0.0,0.0,0.0,0.0,0.0,0.0,0.0
2017-07-31,93357.41255076297,-8.502918404673654e-05,6.732574042193443e-05,0.00015235492446862781,0.6666666666666666,-1.6476253299323485e-05,-6.855293074736989e-05,0.0
2017-08-01,93357.41255076297,0.0,0.0,0.0,0.0,0.0,0.0,0.0
2017-08-02,93375.00452981632,0.0001884368747235854,0.0003407874094991289,0.00015235053477545226,0.6666666666666667,9.002372980945668e-05,0.0,9.841314491421993e-05
2017-08-03,93375.00452981632,0.0,0.0,0.0,0.0,0.0,0.0,0.0
2017-08-04,93375.00452981632,0.0,0.0,0.0,0.0,0.0,0.0,0.0
2017-08-07,93375.00452981632,0.0,0.0,0.0,0.0,0.0,0.0,0.0
2017-08-08,93375.00452981632,0.0,0.0,0.0,0.0,0.0,0.0,0.0
2017-08-09,93375.00452981632,0.0,0.0,0.0,0.0,0.0,0.0,0.0
2017-08-10,93458.99672902175,0.000899514807291002,0.0010519101027897104,0.0001523952954987492,0.6666666666666666,8.592966958424147e-05,0.0008135851377067196,0.0
2017-08-11,93458.99672902175,0.0,0.0,0.0,0.0,0.0,0.0,0.0
2017-08-14,93480.01041950917,0.00022484395534805302,0.00030097680654487624,7.61328511967418e-05,0.3333333333333333,0.0,0.0,0.00022484395534813444
2017-08-15,93423.1069334646,-0.0006087235740476205,-0.00045648605281460125,0.00015223752123304333,0.6666666666666666,-0.0002548955139494722,0.0,-0.0003538280600981723
2017-08-16,93423.1069334646,0.0,0.0,0.0,0.0,0.0,0.0,0.0
2017-08-17,93423.1069334646,0.0,0.0,0.0,0.0,0.0,0.0,0.0
2017-08-18,93424.8427969431,1.8580665271050734e-05,9.472995850212663e-05,7.614929323122858e-05,0.33333333333333337,0.0,0.0,1.8580665270898044e-05
2017-08-21,93446.0033637058,0.000226498285993193,0.00030264678369011183,7.614849769699102e-05,0.3333333333333333,0.0,0.0,0.0002264982859931208
2017-08-22,93363.40316411172,-0.0008839350707443572,-0.0007316923743867498,0.00015224269635763073,0.6666666666666666,-0.0007742700066823462,0.0,-0.00010966506406203432
2017-08-23,93275.59691236193,-0.0009404782685078494,-0.0008643015954457786,7.617667306216591e-05,0.33333333333333337,0.0,0.0,-0.0009404782685079443
2017-08-24,93273.79408047673,-1.9328012308417186e-05,0.0001331260645390797,0.00015245407684758187,0.6666666666666666,0.00032513097056455735,0.0,-0.00034445898287305954
2017-08-25,93273.79408047673,0.0,0.0,0.0,0.0,0.0,0.0,0.0
2017-08-28,93265.3814896641,-9.019243717445224e-05,-1.397530284478569e-05,7.62171343297082e-05,0.3333333333333333,-9.019243717449388e-05,0.0,0.0
2017-08-29,93287.95514864512,0.00024203684819035232,0.0003944605277665196,0.00015242367957617948,0.6666666666666667,4.8297884650322285e-05,0.0001937389635400178,0.0
2017-08-30,93175.92279530989,-0.0012009305290990868,-0.0010485495604215151,0.00015238096867757427,0.6666666666666666,-0.0009097260038758156,0.0,-0.0002912045252232738
2017-08-31,93175.92279530989,0.0,0.0,0.0,0.0,0.0,0.0,0.0
2017-09-01,93307.52065689143,0.0014123590905628092,0.0015649630960162437,0.000152604005453438,0.6666666666666666,0.0007762524477625361,0.0006361066428002696,0.0
2017-09-04,93359.67217973825,0.0005589208938321377,0.000635123226061333,7.620233222902493e-05,0.3333333333333333,0.0,0.0,0.000558920893832308
2017-09-05,93328.37404195884,-0.00033524258439077137,-0.00025906419915637063,7.617838523432014e-05,0.3333333333333333,0.0,0.0,-0.00033524258439069076
2017-09-06,93344.17445873604,0.0001692991755122275,0.0002455042042595057,7.620502874732773e-05,0.3333333333333333,0.0,0.00016929917551217799,0.0
2017-09-07,93344.17445873604,0.0,0.0,0.0,0.0,0.0,0.0,0.0
2017-09-08,93003.45648428836,-0.0036501257461794,-0.0034214500039118816,0.00022867574226751654,1.0,-0.0005686642304932406,-0.001968749312457502,-0.0011127122032286562
2017-09-11,93003.45648428836,0.0,0.0,0.0,0.0,0.0,0.0,0.0
2017-09-12,92911.69000905848,-0.0009866996206251422,-0.0009103571331033159,7.63424875218741e-05,0.3333333333333333,0.0,0.0,-0.0009866996206251899
2017-09-13,92911.69000905848,0.0,0.0,0.0,0.0,0.0,0.0,0.0
2017-09-14,92911.69000905848,0.0,0.0,0.0,0.0,0.0,0.0,0.0
2017-09-15,92435.60652474947,-0.0051240428869886445,-0.0049711054509439245,0.00015293743604468378,0.6666666666666667,0.0,-0.003426611281636283,-0.0016974316053523252
2017-09-18,92439.86858978016,4.61084769272091e-05,0.0001227151780716825,7.660670114456749e-05,0.3333333333333333,0.0,0.0,4.610847692711501e-05
2017-09-19,92488.02524423371,0.000520951134918235,0.0005975259645875086,7.657482966925142e-05,0.33333333333333337,0.0005209511349182572,0.0,0.0
2017-09-20,92488.02524423371,0.0,0.0,0.0,0.0,0.0,0.0,0.0
2017-09-21,92488.02524423371,0.0,0.0,0.0,0.0,0.0,0.0,0.0
2017-09-22,92551.66392792168,0.000688074845580422,0.0008411984755356539,0.00015312362995517108,0.6666666666666666,0.0007378768062372761,0.0,-4.980196065679341e-05
2017-09-25,92595.25824803973,0.00047102686508160296,0.0005475519249409736,7.652505985946232e-05,0.33333333333333337,0.0,0.0004710268650815113,0.0
2017-09-26,92595.25824803973,0.0,0.0,0.0,0.0,0.0,0.0,0.0
2017-09-27,92546.61806182838,-0.0005252988882114007,-0.00029568581096106605,0.00022961307725035687,1.0,-0.0004224109636471289,0.0006054941273237469,-0.000708382051888041
2017-09-28,92546.61806182838,0.0,0.0,0.0,0.0,0.0,0.0,0.0
2017-09-29,92546.61806182838,0.0,0.0,0.0,0.0,0.0,0.0,0.0
2017-10-02,92429.97566142285,-0.0012603637263935985,-0.0011073095041366592,0.00015305422225698567,0.6666666666666667,-0.0001759107928554093,-0.0010844529335382355,0.0
2017-10-03,92429.97566142285,0.0,0.0,0.0,0.0,0.0,0.0,0.0
2017-10-04,92374.99361872164,-0.0005948507754953702,-0.000518215527347247,7.663524814817699e-05,0.3333333333333333,0.0,-0.000594850775495424,0.0
2017-10-05,92374.99361872164,0.0,0.0,0.0,0.0,0.0,0.0,0.0
2017-10-06,92383.22553932224,8.911416692036767e-05,0.0001657575502564216,7.664338333610296e-05,0.3333333333333333,0.0,8.911416692031866e-05,0.0
2017-10-09,92238.0697893374,-0.0015712349199482611,-0.0014945289564984865,7.670596344980024e-05,0.3333333333333333,0.0,-0.001571234919948287,0.0
2017-10-10,92102.50476682953,-0.0014697296118347802,-0.001316265048099637,0.00015346456373512728,0.6666666666666666,-0.0009351770559375762,-0.0005345525558971882,0.0
2017-10-11,92102.50476682953,0.0,0.0,0.0,0.0,0.0,0.0,0.0
2017-10-12,92366.64107437468,0.0028678515118980563,0.0029444674939337707,7.661598203569431e-05,0.3333333333333333,0.0,0.0028678515118980763,0.0
2017-10-13,92509.17173832597,0.0015430967532588102,0.0016963223363341735,0.00015322558307547592,0.6666666666666666,0.0,0.0009721981894139652,0.0005708985638447324
2017-10-16,92535.03243111815,0.00027954733899604456,0.0003561374351321126,7.659009613601657e-05,0.3333333333333333,0.000279547338996096,0.0,0.0
2017-10-17,92503.84369202293,-0.00033704790797406403,-0.00026050072770311683,7.654718027084138e-05,0.3333333333333333,-0.0003370479079739582,0.0,0.0
2017-10-18,92503.84369202293,0.0,0.0,0.0,0.0,0.0,0.0,0.0
2017-10-19,92441.42626690851,-0.0006747549358296911,-0.0005981502485709426,7.660468725870634e-05,0.3333333333333333,-0.000674754935829649,0.0,0.0
2017-10-20,92610.94608812942,0.0018338079372710592,0.0020637002257464974,0.0002298922884755369,1.0,0.00020291514154303613,0.0012509564644633806,0.0003799363312645436
2017-10-23,92610.94608812942,0.0,0.0,0.0,0.0,0.0,0.0,0.0
2017-10-24,92610.94608812942,0.0,0.0,0.0,0.0,0.0,0.0,0.0
2017-10-25,92610.94608812942,0.0,0.0,0.0,0.0,0.0,0.0,0.0
2017-10-26,92610.94608812942,0.0,0.0,0.0,0.0,0.0,0.0,0.0
2017-10-27,92547.27015928028,-0.0006875637442311788,-0.0005345409272306719,0.00015302281700055702,0.6666666666666666,-0.0008300514820128871,0.00014248773778165826,0.0
2017-10-30,92547.27015928028,0.0,0.0,0.0,0.0,0.0,0.0,0.0
2017-10-31,92547.27015928028,0.0,0.0,0.0,0.0,0.0,0.0,0.0
2017-11-01,92547.27015928028,0.0,0.0,0.0,0.0,0.0,0.0,0.0
2017-11-02,92547.27015928028,0.0,0.0,0.0,0.0,0.0,0.0,0.0
2017-11-03,92547.27015928028,0.0,0.0,0.0,0.0,0.0,0.0,0.0
2017-11-06,92547.27015928028,0.0,0.0,0.0,0.0,0.0,0.0,0.0
2017-11-07,92516.65909498864,-0.00033076139619192535,-0.00010110984434700634,0.00022965155184487474,1.0,-9.672755405324352e-05,-0.00029469200907717466,6.065816693853712e-05
2017-11-08,92424.83272096122,-0.0009925388024781823,-0.0009160158133256399,7.652298915262875e-05,0.3333333333333333,0.0,-0.0009925388024782686,0.0
2017-11-09,92351.97396568056,-0.0007883028092744437,-0.0006350783020203644,0.00015322450725412334,0.6666666666666667,0.0,-9.693997918926212e-05,-0.0006913628300852255
2017-11-10,92351.97396568056,0.0,0.0,0.0,0.0,0.0,0.0,0.0
2017-11-13,92416.3064306938,0.0006966008656961176,0.0008499351401648851,0.00015333427446865294,0.6666666666666667,0.00011795481632085399,0.0005786460493753781,0.0
2017-11-14,92281.11137405795,-0.001462891797534116,-0.0013096207608622734,0.0001532710366718255,0.6666666666666667,-0.0011270794564090844,-0.0003358123411250145,0.0
2017-11-15,92250.91796569433,-0.0003271894747910453,-0.0001738335710470921,0.00015335590374391205,0.6666666666666666,-2.881033069245252e-05,0.0,-0.0002983791440985516
2017-11-16,92282.71301333432,0.000344658333392589,0.000498080068331556,0.00015342173493908558,0.6666666666666667,0.0,0.0006245516264543942,-0.0002798932930619238
2017-11-17,92385.62746858805,0.0011152083840324511,0.001268508410520323,0.00015330002648785326,0.6666666666666666,0.0,0.0010586978828906915,5.651050114177833e-05
2017-11-20,92463.67876436084,0.0008448424058096204,0.0009980527257772802,0.00015321031996763732,0.6666666666666666,0.00038106255496356885,0.00046377985084607393,0.0
2017-11-21,92463.67876436084,0.0,0.0,0.0,0.0,0.0,0.0,0.0
2017-11-22,92478.87148003225,0.00016431009315698297,0.00024090365638218536,7.659356322526533e-05,0.3333333333333333,0.0,0.0,0.00016431009315692003
2017-11-23,92478.87148003225,0.0,0.0,0.0,0.0,0.0,0.0,0.0
2017-11-24,92478.87148003225,0.0,0.0,0.0,0.0,0.0,0.0,0.0
2017-11-27,92408.21346149134,-0.0007640449911433533,-0.0006874585348427183,7.658645630060124e-05,0.33333333333333337,0.0,0.0,-0.0007640449911433196
2017-11-28,92408.21346149134,0.0,0.0,0.0,0.0,0.0,0.0,0.0
2017-11-29,92570.91820913328,0.0017607173815750166,0.001913860746340664,0.0001531433647657045,0.6666666666666667,0.0009454355413893642,0.0008152818401855952,0.0
2017-11-30,92567.66501008817,-3.514277602567617e-05,0.00011795291361800986,0.00015309568964359387,0.6666666666666667,0.0,-0.0002524210582671114,0.00021727828224152738
2017-12-01,92567.66501008817,0.0,0.0,0.0,0.0,0.0,0.0,0.0
2017-12-04,92713.66684446251,0.0015772444336630276,0.0016538720939458518,7.662766028282845e-05,0.3333333333333333,0.0,0.001577244433663023,0.0
2017-12-05,92772.36381876378,0.0006330994803576129,0.0007096118796498333,7.651239929224853e-05,0.33333333333333337,0.0,0.0006330994803575848,0.0
2017-12-06,92760.86037034901,-0.00012399650004879526,-4.754687825029672e-05,7.644962179844384e-05,0.3333333333333333,0.0,0.0,-0.00012399650004874056
2017-12-07,92760.86037034901,0.0,0.0,0.0,0.0,0.0,0.0,0.0
2017-12-08,92759.45397041028,-1.5161566345067712e-05,0.00013774879718416363,0.00015291036352919887,0.6666666666666667,-6.793402319884033e-05,0.0,5.2772456853805094e-05
2017-12-11,92759.45397041028,0.0,0.0,0.0,0.0,0.0,0.0,0.0
2017-12-12,92759.45397041028,0.0,0.0,0.0,0.0,0.0,0.0,0.0
2017-12-13,92759.45397041028,0.0,0.0,0.0,0.0,0.0,0.0,0.0
2017-12-14,92770.9246122758,0.00012366008395425787,0.00020012571277165198,7.646562881739665e-05,0.3333333333333333,0.00012366008395425532,0.0,0.0
2017-12-15,92709.14568469685,-0.0006659298464163355,-0.0005130016834043275,0.0001529281630120435,0.6666666666666666,-0.0006281107055130437,0.0,-3.781914090332732e-05
2017-12-18,92631.69357605155,-0.0008354311548584015,-0.000682438987534025,0.00015299216732433116,0.6666666666666667,-0.0002546215974823626,-0.0005808095573759935,0.0
2017-12-19,92563.9238392064,-0.0007316042083318486,-0.0006550563574348651,7.654785089693932e-05,0.3333333333333333,-0.0007316042083318046,0.0,0.0
2017-12-20,92563.9238392064,0.0,0.0,0.0,0.0,0.0,0.0,0.0
2017-12-21,92556.29478632417,-8.241928999774828e-05,-5.872576828010642e-06,7.654671316961204e-05,0.33333333333333337,0.0,0.0,-8.241928999762269e-05
2017-12-22,92556.29478632417,0.0,0.0,0.0,0.0,0.0,0.0,0.0
2017-12-25,92556.29478632417,0.0,0.0,0.0,0.0,0.0,0.0,0.0
2017-12-26,92556.29478632417,0.0,0.0,0.0,0.0,0.0,0.0,0.0
2017-12-27,92556.29478632417,0.0,0.0,0.0,0.0,0.0,0.0,0.0
2017-12-28,92580.18170762621,0.00025807992159987414,0.0004877171426358462,0.00022963722103590324,1.0,-0.00016869916348415375,0.00028769625546017997,0.00013908282962391683
2017-12-29,92550.7025817932,-0.0003184172388654982,-0.00024186602103245156,7.6551217833113e-05,0.33333333333333337,0.0,-0.0003184172388655646,0.0
