date,return,nav,gross,turnover,borrow
2008-01-02,-0.002043270420486798,0.9979567295795132,0.9880430200350686,0.9995002498750626,3.00704400782437e-05
2008-01-03,-0.0010600788837088482,0.9968988167236308,0.9925941215145643,0.0,3.046386173106201e-05
2008-01-04,-0.00906467982660597,0.9878622481305087,0.977029028987845,0.0,2.954566322074695e-05
2008-01-07,-0.001076995989447771,0.9867983244511453,0.9806785938441479,0.0,2.9937455805669848e-05
2008-01-08,-0.002131527277230316,0.9846949369054525,0.9767176444526907,0.0,2.9678011115988914e-05
2008-01-09,-0.002992876832133673,0.9817478662420689,0.9931532698031408,0.0,3.096746860535724e-05
2008-01-10,-0.0038320959863631376,0.9779857141842221,0.9992825666436054,0.0,3.144925421959874e-05
2008-01-11,-0.007246069661147603,0.970899161571636,0.9843199667221996,0.0,3.063200770422143e-05
2008-01-14,0.007782891807474046,0.9784555647021153,0.9919899364435941,0.0,3.091261718153604e-05
2008-01-15,-0.011995942377189484,0.9667180681293083,0.9680658574598465,0.0,2.976326247923039e-05
2008-01-16,-0.003986681427469052,0.9628640711614984,0.9469239807162007,0.0,2.873414006045128e-05
2008-01-17,-0.0035663696894026042,0.9594301419230933,0.9325898556803738,0.0,2.7864825546928696e-05
2008-01-18,-0.0013710798568302707,0.9581146865814667,0.9432687792934792,0.0,2.8555336584383862e-05
2008-01-22,-0.036286510194699084,0.9233480482391374,0.0,0.9097900692452711,0.0
2008-01-23,0.023123365497149884,0.9446989626396509,1.0235896183356428,0.9995002498750625,2.8362563952694162e-05
2008-01-24,0.023195666632458867,0.9666118848450699,1.0319030416387671,0.0,2.788458089668699e-05
2008-01-25,-0.008074587845829373,0.9588068922680657,1.0250535638414457,0.0,2.701855973453668e-05
2008-01-28,0.0031730800722680197,0.9618492633110747,1.0363460897714176,0.0,2.8136154273106852e-05
2008-01-29,0.00596438968124291,0.9675861071320784,1.0338446373475254,0.0,2.7756222900882735e-05
2008-01-30,-0.0006196783120744342,0.9669865150064241,1.0277417224835728,0.0,2.7423486833225464e-05
2008-01-31,0.0038563424358284415,0.9707155461391173,1.036822024771449,0.0,2.820502515327055e-05
2008-02-01,0.00876981504191443,0.9792285419370683,1.045744720904539,0.0,2.8197821582758394e-05
2008-02-04,-0.008992277042013996,0.9704230476005228,1.0476367769569348,0.0,2.8290266507518364e-05
2008-02-05,-0.0242380828128691,0.9469018534092645,1.0224524644443769,0.0,2.732970293388201e-05
2008-02-06,0.003105961717383199,0.9498428943160728,1.01482200970289,0.0,2.695526368010432e-05
2008-02-07,-0.007831231951127893,0.942404454293553,1.0227128600940985,0.0,2.771225855824204e-05
2008-02-08,-0.007688364646548429,0.9351589052044127,1.0220100118617284,0.0,2.7820333639396914e-05
2008-02-11,0.0012380380969991833,0.9363166675558038,1.027791491979246,0.0,2.8114106768195066e-05
2008-02-12,0.013209237512871619,0.9486846968048088,1.0349786165103578,0.0,2.8378365345373653e-05
2008-02-13,0.00010336093360718834,0.9487827537407694,1.0456666042118408,0.0,2.89085019244059e-05
2008-02-14,-0.0005197329008733709,0.9482896401278691,1.0394466942657286,0.0,2.8407679663912933e-05
2008-02-15,0.001234989406928122,0.9494607677881267,1.0428256576472121,0.0,2.8799600889471434e-05
2008-02-19,0.004666947649910602,0.9538918514870378,1.04892097313333,0.0,2.8767629700335892e-05
2008-02-20,-0.006222075897326151,0.9479566639892445,1.0533252601402778,0.0,2.95656578505287e-05
2008-02-21,0.006635382611503315,0.9542467191539374,0.0,1.056118512380656,0.0
2008-02-22,-0.0008707627928624673,0.9534157966156871,1.0013597604940645,0.9995002498750625,2.4909958482526517e-05
2008-02-25,0.008687888839995495,0.9616989670749799,1.0090865406170098,0.0,2.5323502854151783e-05
2008-02-26,0.009028314682757221,0.9703814879798154,1.0145478941560993,0.0,2.545505428023622e-05
2008-02-27,0.000806855237520443,0.9711644453657848,1.018123615100104,0.0,2.559758440946545e-05
2008-02-28,-0.005405120122751517,0.9659151848796375,1.0136018465048446,0.0,2.530845423164973e-05
2008-02-29,-0.011604932341952146,0.954705804511045,0.9966441491702749,0.0,2.4515308000664227e-05
2008-03-03,0.0011871152938731644,0.9558391503727295,0.9989004784133213,0.0,2.4774065762467832e-05
2008-03-04,-0.011096721416080313,0.9452324696024604,0.0,0.9918400305708499,0.0
2008-03-05,9.999999999998899e-05,0.9453269928494207,0.0,0.0,0.0
2008-03-06,9.999999999998899e-05,0.9454215255487056,0.0,0.0,0.0
2008-03-07,9.999999999998899e-05,0.9455160677012605,0.0,0.0,0.0
2008-03-10,9.999999999998899e-05,0.9456106193080306,0.0,0.0,0.0
2008-03-11,9.999999999998899e-05,0.9457051803699614,0.0,0.0,0.0
2008-03-12,9.999999999998899e-05,0.9457997508879984,0.0,0.0,0.0
2008-03-13,9.999999999998899e-05,0.9458943308630872,0.0,0.0,0.0
2008-03-14,9.999999999998899e-05,0.9459889202961734,0.0,0.0,0.0
2008-03-17,9.999999999998899e-05,0.946083519188203,0.0,0.0,0.0
2008-03-18,9.999999999998899e-05,0.9461781275401218,0.0,0.0,0.0
2008-03-19,9.999999999998899e-05,0.9462727453528758,0.0,0.0,0.0
2008-03-20,9.999999999998899e-05,0.946367372627411,0.0,0.0,0.0
2008-03-24,9.999999999998899e-05,0.9464620093646737,0.0,0.0,0.0
2008-03-25,9.999999999998899e-05,0.9465566555656102,0.0,0.0,0.0
2008-03-26,9.999999999998899e-05,0.9466513112311667,0.0,0.0,0.0
2008-03-27,9.999999999998899e-05,0.9467459763622899,0.0,0.0,0.0
2008-03-28,9.999999999998899e-05,0.9468406509599261,0.0,0.0,0.0
2008-03-31,9.999999999998899e-05,0.946935335025022,0.0,0.0,0.0
2008-04-01,9.999999999998899e-05,0.9470300285585246,0.0,0.0,0.0
2008-04-02,9.999999999998899e-05,0.9471247315613804,0.0,0.0,0.0
2008-04-03,9.999999999998899e-05,0.9472194440345366,0.0,0.0,0.0
2008-04-04,9.999999999998899e-05,0.94731416597894,0.0,0.0,0.0
2008-04-07,9.999999999998899e-05,0.9474088973955379,0.0,0.0,0.0
2008-04-08,9.999999999998899e-05,0.9475036382852775,0.0,0.0,0.0
2008-04-09,9.999999999998899e-05,0.9475983886491061,0.0,0.0,0.0
2008-04-10,9.999999999998899e-05,0.9476931484879709,0.0,0.0,0.0
2008-04-11,9.999999999998899e-05,0.9477879178028197,0.0,0.0,0.0
2008-04-14,9.999999999998899e-05,0.9478826965946,0.0,0.0,0.0
2008-04-15,9.999999999998899e-05,0.9479774848642595,0.0,0.0,0.0
2008-04-16,9.999999999998899e-05,0.9480722826127459,0.0,0.0,0.0
2008-04-17,9.999999999998899e-05,0.9481670898410072,0.0,0.0,0.0
2008-04-18,9.999999999998899e-05,0.9482619065499913,0.0,0.0,0.0
2008-04-21,9.999999999998899e-05,0.9483567327406464,0.0,0.0,0.0
2008-04-22,9.999999999998899e-05,0.9484515684139204,0.0,0.0,0.0
2008-04-23,9.999999999998899e-05,0.9485464135707619,0.0,0.0,0.0
2008-04-24,9.999999999998899e-05,0.9486412682121189,0.0,0.0,0.0
2008-04-25,9.999999999998899e-05,0.9487361323389402,0.0,0.0,0.0
2008-04-28,9.999999999998899e-05,0.9488310059521741,0.0,0.0,0.0
2008-04-29,9.999999999998899e-05,0.9489258890527693,0.0,0.0,0.0
2008-04-30,9.999999999998899e-05,0.9490207816416746,0.0,0.0,0.0
2008-05-01,9.999999999998899e-05,0.9491156837198388,0.0,0.0,0.0
2008-05-02,9.999999999998899e-05,0.9492105952882107,0.0,0.0,0.0
2008-05-05,9.999999999998899e-05,0.9493055163477395,0.0,0.0,0.0
2008-05-06,9.999999999998899e-05,0.9494004468993743,0.0,0.0,0.0
2008-05-07,9.999999999998899e-05,0.9494953869440642,0.0,0.0,0.0
2008-05-08,9.999999999998899e-05,0.9495903364827586,0.0,0.0,0.0
2008-05-09,9.999999999998899e-05,0.9496852955164069,0.0,0.0,0.0
2008-05-12,9.999999999998899e-05,0.9497802640459585,0.0,0.0,0.0
2008-05-13,9.999999999998899e-05,0.9498752420723631,0.0,0.0,0.0
2008-05-14,9.999999999998899e-05,0.9499702295965703,0.0,0.0,0.0
2008-05-15,9.999999999998899e-05,0.95006522661953,0.0,0.0,0.0
2008-05-16,9.999999999998899e-05,0.9501602331421919,0.0,0.0,0.0
2008-05-19,9.999999999998899e-05,0.9502552491655061,0.0,0.0,0.0
2008-05-20,9.999999999998899e-05,0.9503502746904227,0.0,0.0,0.0
2008-05-21,9.999999999998899e-05,0.9504453097178917,0.0,0.0,0.0
2008-05-22,9.999999999998899e-05,0.9505403542488634,0.0,0.0,0.0
2008-05-23,9.999999999998899e-05,0.9506354082842883,0.0,0.0,0.0
2008-05-27,9.999999999998899e-05,0.9507304718251167,0.0,0.0,0.0
2008-05-28,9.999999999998899e-05,0.9508255448722992,0.0,0.0,0.0
2008-05-29,9.999999999998899e-05,0.9509206274267864,0.0,0.0,0.0
2008-05-30,9.999999999998899e-05,0.9510157194895291,0.0,0.0,0.0
2008-06-02,9.999999999998899e-05,0.951110821061478,0.0,0.0,0.0
2008-06-03,9.999999999998899e-05,0.9512059321435842,0.0,0.0,0.0
2008-06-04,9.999999999998899e-05,0.9513010527367985,0.0,0.0,0.0
2008-06-05,9.999999999998899e-05,0.9513961828420723,0.0,0.0,0.0
2008-06-06,9.999999999998899e-05,0.9514913224603565,0.0,0.0,0.0
2008-06-09,9.999999999998899e-05,0.9515864715926026,0.0,0.0,0.0
2008-06-10,9.999999999998899e-05,0.9516816302397618,0.0,0.0,0.0
2008-06-11,9.999999999998899e-05,0.9517767984027858,0.0,0.0,0.0
2008-06-12,9.999999999998899e-05,0.9518719760826261,0.0,0.0,0.0
2008-06-13,9.999999999998899e-05,0.9519671632802343,0.0,0.0,0.0
2008-06-16,9.999999999998899e-05,0.9520623599965624,0.0,0.0,0.0
2008-06-17,9.999999999998899e-05,0.9521575662325621,0.0,0.0,0.0
2008-06-18,9.999999999998899e-05,0.9522527819891854,0.0,0.0,0.0
2008-06-19,9.999999999998899e-05,0.9523480072673843,0.0,0.0,0.0
2008-06-20,9.999999999998899e-05,0.952443242068111,0.0,0.0,0.0
2008-06-23,9.999999999998899e-05,0.9525384863923179,0.0,0.0,0.0
2008-06-24,9.999999999998899e-05,0.952633740240957,0.0,0.0,0.0
2008-06-25,9.999999999998899e-05,0.9527290036149811,0.0,0.0,0.0
2008-06-26,9.999999999998899e-05,0.9528242765153426,0.0,0.0,0.0
2008-06-27,9.999999999998899e-05,0.9529195589429942,0.0,0.0,0.0
2008-06-30,9.999999999998899e-05,0.9530148508988885,0.0,0.0,0.0
2008-07-01,9.999999999998899e-05,0.9531101523839783,0.0,0.0,0.0
2008-07-02,9.999999999998899e-05,0.9532054633992167,0.0,0.0,0.0
2008-07-03,9.999999999998899e-05,0.9533007839455566,0.0,0.0,0.0
2008-07-07,9.999999999998899e-05,0.9533961140239512,0.0,0.0,0.0
2008-07-08,9.999999999998899e-05,0.9534914536353536,0.0,0.0,0.0
2008-07-09,9.999999999998899e-05,0.9535868027807172,0.0,0.0,0.0
2008-07-10,9.999999999998899e-05,0.9536821614609953,0.0,0.0,0.0
2008-07-11,9.999999999998899e-05,0.9537775296771414,0.0,0.0,0.0
2008-07-14,9.999999999998899e-05,0.9538729074301091,0.0,0.0,0.0
2008-07-15,9.999999999998899e-05,0.9539682947208521,0.0,0.0,0.0
2008-07-16,0.0034443001781219174,0.9572540478882817,1.020957818580821,0.9995002498750624,4.4382644952829854e-05
2008-07-17,0.00813678945629781,0.9650430225321376,1.0242458561408365,0.0,4.412931744897411e-05
2008-07-18,0.00740035194212707,0.9721846805381695,1.0177363488111968,0.0,4.353723082670183e-05
2008-07-21,-0.0007303453756953848,0.9714746499524166,1.026798703876134,0.0,4.376055848782756e-05
2008-07-22,0.002005708069134249,0.9734231444967856,1.0272031376464956,0.0,4.4141394469781624e-05
2008-07-23,0.001887683843001975,0.9752606596390563,1.028224378981234,0.0,4.393939258410494e-05
2008-07-24,0.0015817613415536336,0.9768032892484115,1.0009917621600508,0.0,4.217522379726259e-05
2008-07-25,-0.0010803151350871065,0.9757480338710336,1.0058635297318201,0.0,4.254976249500521e-05
2008-07-28,-0.004829673185047678,0.9710354897564837,0.9937648251132437,0.0,4.178672307287466e-05
2008-07-29,-0.01322418577620943,0.9581943360446514,1.0333126467152518,0.0,4.441144214817552e-05
2008-07-30,0.010040178577517711,0.9678147782905058,1.025213006839437,0.0,4.404412758347029e-05
2008-07-31,0.0018243241351245665,0.9695803861488713,1.0086352780496861,0.0,4.285008884574093e-05
2008-08-01,-0.007220582866966585,0.9625794506244979,1.0037752121722183,0.0,4.291963690208509e-05
2008-08-04,0.004950391410176502,0.9673445956684817,0.9817699628737073,0.0,4.1491383048272225e-05
2008-08-05,0.011552113473558334,0.9785194702056774,0.9908475009154879,0.0,4.163913318425165e-05
2008-08-06,-0.006753218476596934,0.9719113144397746,1.0047666967051538,0.0,4.248312365909927e-05
2008-08-07,-0.0006621371985994218,0.9712677758047444,0.9801767411514294,0.0,4.108603558355212e-05
2008-08-08,0.0017829123424604187,0.9729994611100609,0.9818983351992434,0.0,4.145846586826655e-05
2008-08-11,0.0030282105854200214,0.9759459083778024,0.9747473550954957,0.0,4.066906556881071e-05
2008-08-12,-0.0017095032949614453,0.9742775256317264,0.9689967187378195,0.0,4.020737170673002e-05
2008-08-13,-0.005854075167899264,0.9685740317622834,0.0,0.962881397535931,0.0
2008-08-14,9.999999999998899e-05,0.9686708891654596,0.0,0.0,0.0
2008-08-15,9.999999999998899e-05,0.9687677562543762,0.0,0.0,0.0
2008-08-18,9.999999999998899e-05,0.9688646330300016,0.0,0.0,0.0
2008-08-19,9.999999999998899e-05,0.9689615194933046,0.0,0.0,0.0
2008-08-20,9.999999999998899e-05,0.9690584156452539,0.0,0.0,0.0
2008-08-21,9.999999999998899e-05,0.9691553214868184,0.0,0.0,0.0
2008-08-22,9.999999999998899e-05,0.969252237018967,0.0,0.0,0.0
2008-08-25,9.999999999998899e-05,0.9693491622426689,0.0,0.0,0.0
2008-08-26,9.999999999998899e-05,0.9694460971588932,0.0,0.0,0.0
2008-08-27,9.999999999998899e-05,0.9695430417686091,0.0,0.0,0.0
2008-08-28,9.999999999998899e-05,0.969639996072786,0.0,0.0,0.0
2008-08-29,9.999999999998899e-05,0.9697369600723932,0.0,0.0,0.0
2008-09-02,9.999999999998899e-05,0.9698339337684004,0.0,0.0,0.0
2008-09-03,9.999999999998899e-05,0.9699309171617773,0.0,0.0,0.0
2008-09-04,9.999999999998899e-05,0.9700279102534934,0.0,0.0,0.0
2008-09-05,9.999999999998899e-05,0.9701249130445188,0.0,0.0,0.0
2008-09-08,9.999999999998899e-05,0.9702219255358232,0.0,0.0,0.0
2008-09-09,9.999999999998899e-05,0.9703189477283768,0.0,0.0,0.0
2008-09-10,9.999999999998899e-05,0.9704159796231496,0.0,0.0,0.0
2008-09-11,9.999999999998899e-05,0.9705130212211119,0.0,0.0,0.0
2008-09-12,9.999999999998899e-05,0.9706100725232341,0.0,0.0,0.0
2008-09-15,9.999999999998899e-05,0.9707071335304864,0.0,0.0,0.0
2008-09-16,0.013525019117066606,0.9838359660685593,1.023229394215745,0.9995002498750625,6.468659369893619e-05
2008-09-17,-0.014118022031203381,0.9699461482245131,0.9820732623061181,0.0,6.172468401938102e-05
2008-09-18,0.014903857544311006,0.9844020874433044,1.0292118549205482,0.0,6.488871027952203e-05
2008-09-19,0.022862083479119777,1.006907570143453,1.1032344706951576,0.0,6.619939808976872e-05
2008-09-22,-0.006480912264585359,1.0003818905228063,0.0,1.095541147034866,0.0
2008-09-23,9.999999999998899e-05,1.0004819287118587,0.0,0.0,0.0
2008-09-24,9.999999999998899e-05,1.00058197690473,0.0,0.0,0.0
2008-09-25,9.999999999998899e-05,1.0006820351024204,0.0,0.0,0.0
2008-09-26,9.999999999998899e-05,1.0007821033059305,0.0,0.0,0.0
2008-09-29,9.999999999998899e-05,1.0008821815162612,0.0,0.0,0.0
2008-09-30,9.999999999998899e-05,1.0009822697344128,0.0,0.0,0.0
2008-10-01,0.0,1.0009822697344128,0.0,0.0,0.0
2008-10-02,0.0,1.0009822697344128,0.0,0.0,0.0
2008-10-03,0.0,1.0009822697344128,0.0,0.0,0.0
2008-10-06,0.0,1.0009822697344128,0.0,0.0,0.0
2008-10-07,0.0,1.0009822697344128,0.0,0.0,0.0
2008-10-08,0.01400553342998978,1.0150015603760052,0.9919685034423837,0.9995002498750625,6.533906545687109e-05
2008-10-09,-0.0008779955057375277,1.0141103935676785,0.9271985070628841,0.0,6.080207133904564e-05
2008-10-10,0.02374683975918379,1.038192310581853,0.891856704529662,0.0,5.767109451940419e-05
2008-10-13,-0.0006838578362383663,1.037482334634739,0.0,0.9662510445159,0.0
2008-10-14,0.0,1.037482334634739,0.0,0.0,0.0
2008-10-15,0.0,1.037482334634739,0.0,0.0,0.0
2008-10-16,0.0,1.037482334634739,0.0,0.0,0.0
2008-10-17,0.0,1.037482334634739,0.0,0.0,0.0
2008-10-20,0.0,1.037482334634739,0.0,0.0,0.0
2008-10-21,0.0,1.037482334634739,0.0,0.0,0.0
2008-10-22,0.0,1.037482334634739,0.0,0.0,0.0
2008-10-23,0.004186714272139902,1.0418259767322473,1.0191411495468616,0.9995002498750625,6.797087870733006e-05
2008-10-24,-0.009743310926222715,1.0316751423099293,0.9450617702959409,0.0,6.354382018089534e-05
2008-10-27,0.017446814494121776,1.0496745871360074,0.8906042439310359,0.0,5.9987737577757836e-05
2008-10-28,0.012758556124339737,1.0630669192682753,1.0281604053719011,0.0,6.795977719137799e-05
2008-10-29,-0.016427589075560967,1.0456032927587136,0.0,1.015507222945604,0.0
2008-10-30,0.0,1.0456032927587136,0.0,0.0,0.0
2008-10-31,0.0,1.0456032927587136,0.0,0.0,0.0
2008-11-03,0.0,1.0456032927587136,0.0,0.0,0.0
2008-11-04,0.0,1.0456032927587136,0.0,0.0,0.0
2008-11-05,0.0,1.0456032927587136,0.0,0.0,0.0
2008-11-06,0.0,1.0456032927587136,0.0,0.0,0.0
2008-11-07,0.0,1.0456032927587136,0.0,0.0,0.0
2008-11-10,0.0,1.0456032927587136,0.0,0.0,0.0
2008-11-11,0.0,1.0456032927587136,0.0,0.0,0.0
2008-11-12,0.0,1.0456032927587136,0.0,0.0,0.0
2008-11-13,0.0,1.0456032927587136,0.0,0.0,0.0
2008-11-14,0.0,1.0456032927587136,0.0,0.0,0.0
2008-11-17,0.0,1.0456032927587136,0.0,0.0,0.0
2008-11-18,0.0,1.0456032927587136,0.0,0.0,0.0
2008-11-19,0.0,1.0456032927587136,0.0,0.0,0.0
2008-11-20,0.0,1.0456032927587136,0.0,0.0,0.0
2008-11-21,0.0,1.0456032927587136,0.0,0.0,0.0
2008-11-24,0.0,1.0456032927587136,0.0,0.0,0.0
2008-11-25,0.0,1.0456032927587136,0.0,0.0,0.0
2008-11-26,0.0,1.0456032927587136,0.0,0.0,0.0
2008-11-28,0.0,1.0456032927587136,0.0,0.0,0.0
2008-12-01,0.0,1.0456032927587136,0.0,0.0,0.0
2008-12-02,0.0,1.0456032927587136,0.0,0.0,0.0
2008-12-03,0.0,1.0456032927587136,0.0,0.0,0.0
2008-12-04,0.0,1.0456032927587136,0.0,0.0,0.0
2008-12-05,0.0,1.0456032927587136,0.0,0.0,0.0
2008-12-08,0.0,1.0456032927587136,0.0,0.0,0.0
2008-12-09,0.0,1.0456032927587136,0.0,0.0,0.0
2008-12-10,0.0,1.0456032927587136,0.0,0.0,0.0
2008-12-11,0.0025358380438826877,1.0482547733673,0.9851762168773723,0.9995002498750625,5.0407730974644936e-05
2008-12-12,-0.00038360462464959166,1.0478526579884253,0.9969870621290557,0.0,5.102734805141092e-05
2008-12-15,0.0071127149209679885,1.0553057352238755,0.9857194160841249,0.0,5.028958011278961e-05
2008-12-16,-0.001016044734021948,1.054233497388818,1.0528285842583758,0.0,5.437208822886624e-05
2008-12-17,0.0048371737182404395,1.059333007955276,1.0368815516211707,0.0,5.317265549404948e-05
2008-12-18,-0.008464429318155275,1.0503663585850498,1.0175713293841466,0.0,5.186582378344897e-05
2008-12-19,-0.010042543612879151,1.0398180086194584,1.02094087953496,0.0,5.283590402734639e-05
2008-12-22,0.012518548882974212,1.052835021189758,0.9880138732408283,0.0,5.049139967914037e-05
2008-12-23,-0.0008060019511050287,1.0519864341084872,0.9810635600319407,0.0,4.9576836225722023e-05
2008-12-24,0.004443185469813704,1.0566606049469591,0.9871130011675577,0.0,5.0051133709387664e-05
2008-12-26,0.003996138258279824,1.0608831668164047,0.9844409611785749,0.0,4.974213095218883e-05
2008-12-29,0.002629319477038372,1.0636725675897771,0.0,0.9948550831052765,0.0
2008-12-30,0.0,1.0636725675897771,0.0,0.0,0.0
2008-12-31,0.0,1.0636725675897771,0.0,0.0,0.0
2009-01-02,0.0,1.0636725675897771,0.0,0.0,0.0
2009-01-05,0.0,1.0636725675897771,0.0,0.0,0.0
2009-01-06,-0.0002526527475427143,1.0634038277930897,1.0067930214667666,0.9995002498750625,5.176887025663763e-05
2009-01-07,0.015120024856141168,1.0794825201014369,0.9574084709214963,0.0,4.8418839763672015e-05
2009-01-08,0.009918435404281611,1.0901892977471141,0.9544299944012041,0.0,4.749378702361511e-05
2009-01-09,-0.003916323297613822,1.085919764001538,0.0,0.9483025422056742,0.0
2009-01-12,0.0,1.085919764001538,0.0,0.0,0.0
2009-01-13,0.0,1.085919764001538,0.0,0.0,0.0
2009-01-14,0.0,1.085919764001538,0.0,0.0,0.0
2009-01-15,0.0,1.085919764001538,0.0,0.0,0.0
2009-01-16,0.0,1.085919764001538,0.0,0.0,0.0
2009-01-20,-0.0034625634136300487,1.0821596979565684,0.9611300038976022,0.9995002498750624,4.918931670000663e-05
2009-01-21,0.0041492293952725134,1.086649826785709,1.0062405293806822,0.0,5.201025293782318e-05
2009-01-22,0.001023902342732086,1.0877624500890843,0.9775330319220957,0.0,5.0338457808140896e-05
2009-01-23,-0.009321794859168508,1.0776225516738474,0.988207390338709,0.0,5.0951029567363695e-05
2009-01-26,0.0058644595224091045,1.0839422255085738,0.9983303826444646,0.0,5.173011730137556e-05
2009-01-27,0.003281812520546934,1.0874995206757974,1.013725486459844,0.0,5.2353741521901206e-05
2009-01-28,-0.00537283060259941,1.0816565699707983,1.0585753205367325,0.0,5.4841357781939125e-05
2009-01-29,-0.0035825963704895214,1.0777814310691047,1.011635852721056,0.0,5.2373427449691096e-05
2009-01-30,-0.002163443686567179,1.075449711636559,1.005122108424043,0.0,5.210587154495968e-05
2009-02-02,-0.0011502877742737283,1.0742126349814172,0.9962513633414334,0.0,5.184662049663911e-05
2009-02-03,0.0030488877746159826,1.07748778875155,1.0222454008382382,0.0,5.320888465531515e-05
2009-02-04,-0.006262706029114162,1.0707397994806387,1.0290600777890553,0.0,5.371970307856044e-05
2009-02-05,-0.0013704320814625914,1.0692724233085316,1.0482643002892906,0.0,5.508135819998507e-05
2009-02-06,-0.009729043263937864,1.0588694256412272,1.0956610612195035,0.0,5.816550601864312e-05
2009-02-09,0.002353180202825378,1.0613611362110231,1.090387066032908,0.0,5.81296241260654e-05
2009-02-10,-0.0005231418221377515,1.0608058938122795,1.0315243754964984,0.0,5.466607117228184e-05
2009-02-11,-0.007587159533723464,1.0527573902616116,1.059549317687103,0.0,5.632382465905906e-05
2009-02-12,0.0011220357875445508,1.0539386217290871,1.0536036340530572,0.0,5.612933145458385e-05
2009-02-13,-0.008698682482709996,1.0447707443024008,1.0589206190304035,0.0,5.674017479579123e-05
2009-02-17,-0.00038245736978803624,1.0443711640315034,0.9979065963721222,0.0,5.315804386500332e-05
2009-02-18,0.003316613870117724,1.0478349399196814,0.0,0.9987094962354022,0.0
2009-02-19,-0.00043518982777124293,1.047378932812645,0.9737217399636373,0.9995002498750624,5.0866100729725204e-05
2009-02-20,0.0028422594777115506,1.0503558555111872,0.9522244079309874,0.0,4.9778520138860134e-05
2009-02-23,-0.010306863609540917,1.0395299809669507,0.931099432005084,0.0,4.860051154151845e-05
2009-02-24,-0.0007218362973967496,1.0387796104944567,0.9759969180926159,0.0,5.134830558911089e-05
2009-02-25,-0.007604654528028054,1.0308800504258868,0.9609149548326564,0.0,5.081447164256276e-05
2009-02-26,-0.0007324624702661486,1.0301249694776038,0.9534567998587161,0.0,5.0317835732896535e-05
2009-02-27,0.006642671427980806,1.0369677511796023,0.9405168353526764,0.0,4.9467528355311e-05
2009-03-02,-0.004969425319282683,1.0318146173816107,0.8895651250725892,0.0,4.659590404993202e-05
2009-03-03,-0.007528859624555406,1.0240462299687803,0.8998633565254042,0.0,4.741144416805339e-05
2009-03-04,-0.005924066501263314,1.0179797120020773,0.9558871570613492,0.0,5.142824632611497e-05
2009-03-05,-0.0034634306172821594,1.0144540098997572,0.9202045831828776,0.0,4.91903794681288e-05
2009-03-06,-0.007975072899337743,1.0063636652177812,0.9337177580381759,0.0,5.0297508052923926e-05
2009-03-09,-0.005525943644501541,1.0008025563179137,0.9167860016836653,0.0,5.0112046042982073e-05
2009-03-10,-0.0006570813887841753,1.0001449475843096,0.984905422632693,0.0,5.3845063817439936e-05
2009-03-11,0.002930385854753581,1.003075758191414,0.985003360054664,0.0,5.3821916169923406e-05
2009-03-12,-0.005381511490257007,0.9976776944731087,1.0199360295923852,0.0,5.6117652679079163e-05
2009-03-13,0.0009228757034402957,0.9985984269772024,1.0252534677890601,0.0,5.6575881908636545e-05
2009-03-16,0.005515492881131401,1.0041061894923042,1.0259787779995597,0.0,5.641678596663285e-05
2009-03-17,0.004194001485796628,1.0083174123429326,1.0464391487796811,0.0,5.747087385352908e-05
2009-03-18,0.006089840319912554,1.0144579043758886,1.066204193400595,0.0,5.847843616263986e-05
2009-03-19,0.007487942482150123,1.0220541068144178,0.0,1.0767809220683204,0.0
2009-03-20,-0.00398622542072069,1.0179799687524822,0.9902471971683905,0.9995002498750625,5.3443203711303946e-05
2009-03-23,-0.0029157077941639464,1.0150118366232879,1.0738760105507827,0.0,5.868280193383951e-05
2009-03-24,-0.002954957717260842,1.0120125195635468,1.0434211391834216,0.0,5.7087572559525315e-05
2009-03-25,0.0014271788951778497,1.0134568424731236,1.0578137423988845,0.0,5.7972869750159074e-05
2009-03-26,-0.005667646756132072,1.007712927087401,1.0848740427345687,0.0,5.9882749182104104e-05
2009-03-27,-0.003844640336461369,1.0038386333203473,1.0554262360328568,0.0,5.83062476739994e-05
2009-03-30,0.0036483393903758987,1.007500977347871,1.0049750910046367,0.0,5.5075636035137065e-05
2009-03-31,0.0039062073824740473,1.011436485103437,1.025131233047841,0.0,5.642832951443131e-05
2009-04-01,-0.0011729703046116091,1.01025010014141,1.0563835469897556,0.0,5.8099317642050616e-05
2009-04-02,-0.0007905474560452319,1.0094514494947737,1.1093589888339,0.0,6.104102064631201e-05
2009-04-03,-0.0029397862994808843,1.0064838779535579,1.122332192005592,0.0,6.186490782376571e-05
2009-04-06,-0.006022225542406612,1.0004226050357254,1.1100861507555013,0.0,6.177733271035071e-05
2009-04-07,-0.0005351885242930177,0.999887190338067,1.0863979338528014,0.0,6.029156002600516e-05
2009-04-08,-0.0017323538152828055,0.9981550319490324,1.101610791973197,0.0,6.115635857430285e-05
2009-04-09,-0.0068798738309138185,0.9912878512655313,1.147696913289023,0.0,6.425381126683474e-05
2009-04-13,0.0026606465365770493,0.9939253178537519,1.153936226709218,0.0,6.492872243131064e-05
2009-04-14,0.0027765130524348702,0.9966849644719185,1.1362381932712904,0.0,6.375946115858502e-05
2009-04-15,0.00016110476995656597,0.9968455351738389,1.151687287407143,0.0,6.461972732468069e-05
2009-04-16,-0.0007974969843945745,0.9960505538656306,1.1611248688476923,0.0,6.492779468776757e-05
2009-04-17,0.0016941762715363406,0.9977380390792404,1.1532200834568451,0.0,6.435913856222144e-05
2009-04-20,-0.0009078335563864615,0.9968322590068811,0.0,1.1255559823895103,0.0
2009-04-21,0.005844115763079971,1.0026578621248898,1.0219023932336886,0.9995002498750626,5.581531685430627e-05
2009-04-22,-0.0005546851994633339,1.0021017026486436,1.0141143280448706,0.0,5.5118194252070656e-05
2009-04-23,0.006608116467124336,1.0087237074116495,1.028328002582627,0.0,5.5845521228804135e-05
2009-04-24,-0.000218846021371788,1.0085029522416191,1.0460384161822434,0.0,5.6521946786964567e-05
2009-04-27,0.009159257200914706,1.0177400901690818,1.0140627974279446,0.0,5.440406002075901e-05
2009-04-28,-0.0038537748432224683,1.0138179490126493,1.0111328443582992,0.0,5.410094994049778e-05
2009-04-29,-0.009803191790671462,1.0038792972176531,1.0597146072585897,0.0,5.72752767228217e-05
2009-04-30,-0.0008994666068191659,1.0029763413125288,1.0686992155676396,0.0,5.8237019558185595e-05
2009-05-01,-0.0004513495449044447,1.0025236483973274,1.083128182616369,0.0,5.894184134680845e-05
2009-05-04,-0.01003235392927293,0.9924659763341395,1.1533522194630785,0.0,6.371272854989262e-05
2009-05-05,-0.001382334961277265,0.9910940559171746,1.1439582014917276,0.0,6.312829964043803e-05
2009-05-06,0.0056137137455014585,0.9966577742419616,1.161419408520129,0.0,6.416964917484356e-05
2009-05-07,0.0028965640501419365,0.9995446573211253,1.1343067514597949,0.0,6.263103701195806e-05
2009-05-08,0.008966993483857655,1.0085075677501485,1.1677937274034953,0.0,6.429500640819023e-05
2009-05-11,-0.003590892416299174,1.0048861255733341,1.1432563677949552,0.0,6.264919514600685e-05
2009-05-12,0.002813483406899353,1.0077133560134581,1.1503894384567035,0.0,6.300584578835753e-05
2009-05-13,-0.0018901541118517828,1.0058086224700213,1.111941743857673,0.0,6.0646086485101966e-05
2009-05-14,-0.0014501798290753598,1.0043500190938053,1.126819802108968,0.0,6.13951234482638e-05
2009-05-15,-0.0008122569554295245,1.0035342288051106,1.1174343684835253,0.0,6.095303666335893e-05
2009-05-18,-0.005468894053949125,0.9980460064282639,1.1754150368385334,0.0,6.473946077315632e-05
2009-05-19,0.00013070246498725346,0.9981764535014747,0.0,1.1794010659758472,0.0
2009-05-20,0.0,0.9981764535014747,0.0,0.0,0.0
2009-05-21,0.0,0.9981764535014747,0.0,0.0,0.0
2009-05-22,0.0,0.9981764535014747,0.0,0.0,0.0
2009-05-26,0.0,0.9981764535014747,0.0,0.0,0.0
2009-05-27,0.0,0.9981764535014747,0.0,0.0,0.0
2009-05-28,0.0,0.9981764535014747,0.0,0.0,0.0
2009-05-29,0.0,0.9981764535014747,0.0,0.0,0.0
2009-06-01,0.0,0.9981764535014747,0.0,0.0,0.0
2009-06-02,0.0,0.9981764535014747,0.0,0.0,0.0
2009-06-03,0.0,0.9981764535014747,0.0,0.0,0.0
2009-06-04,0.0,0.9981764535014747,0.0,0.0,0.0
2009-06-05,0.0,0.9981764535014747,0.0,0.0,0.0
2009-06-08,0.0,0.9981764535014747,0.0,0.0,0.0
2009-06-09,0.0,0.9981764535014747,0.0,0.0,0.0
2009-06-10,0.0,0.9981764535014747,0.0,0.0,0.0
2009-06-11,0.0,0.9981764535014747,0.0,0.0,0.0
2009-06-12,0.0,0.9981764535014747,0.0,0.0,0.0
2009-06-15,0.0,0.9981764535014747,0.0,0.0,0.0
2009-06-16,0.0,0.9981764535014747,0.0,0.0,0.0
2009-06-17,0.0,0.9981764535014747,0.0,0.0,0.0
2009-06-18,0.0,0.9981764535014747,0.0,0.0,0.0
2009-06-19,0.0,0.9981764535014747,0.0,0.0,0.0
2009-06-22,0.0,0.9981764535014747,0.0,0.0,0.0
2009-06-23,0.0,0.9981764535014747,0.0,0.0,0.0
2009-06-24,0.0,0.9981764535014747,0.0,0.0,0.0
2009-06-25,0.0,0.9981764535014747,0.0,0.0,0.0
2009-06-26,0.0,0.9981764535014747,0.0,0.0,0.0
2009-06-29,0.0,0.9981764535014747,0.0,0.0,0.0
2009-06-30,0.0,0.9981764535014747,0.0,0.0,0.0
2009-07-01,0.0,0.9981764535014747,0.0,0.0,0.0
2009-07-02,0.0,0.9981764535014747,0.0,0.0,0.0
2009-07-06,0.0,0.9981764535014747,0.0,0.0,0.0
2009-07-07,0.0,0.9981764535014747,0.0,0.0,0.0
2009-07-08,0.0,0.9981764535014747,0.0,0.0,0.0
2009-07-09,0.0,0.9981764535014747,0.0,0.0,0.0
2009-07-10,0.0,0.9981764535014747,0.0,0.0,0.0
2009-07-13,0.0,0.9981764535014747,0.0,0.0,0.0
2009-07-14,0.0,0.9981764535014747,0.0,0.0,0.0
2009-07-15,0.0,0.9981764535014747,0.0,0.0,0.0
2009-07-16,0.0,0.9981764535014747,0.0,0.0,0.0
2009-07-17,0.0,0.9981764535014747,0.0,0.0,0.0
2009-07-20,0.0,0.9981764535014747,0.0,0.0,0.0
2009-07-21,0.0,0.9981764535014747,0.0,0.0,0.0
2009-07-22,0.0,0.9981764535014747,0.0,0.0,0.0
2009-07-23,0.0,0.9981764535014747,0.0,0.0,0.0
2009-07-24,0.0,0.9981764535014747,0.0,0.0,0.0
2009-07-27,0.0,0.9981764535014747,0.0,0.0,0.0
2009-07-28,0.0,0.9981764535014747,0.0,0.0,0.0
2009-07-29,0.0,0.9981764535014747,0.0,0.0,0.0
2009-07-30,0.0,0.9981764535014747,0.0,0.0,0.0
2009-07-31,0.0,0.9981764535014747,0.0,0.0,0.0
2009-08-03,0.0,0.9981764535014747,0.0,0.0,0.0
2009-08-04,0.0,0.9981764535014747,0.0,0.0,0.0
2009-08-05,0.0,0.9981764535014747,0.0,0.0,0.0
2009-08-06,0.0,0.9981764535014747,0.0,0.0,0.0
2009-08-07,0.0,0.9981764535014747,0.0,0.0,0.0
2009-08-10,0.0,0.9981764535014747,0.0,0.0,0.0
2009-08-11,0.0,0.9981764535014747,0.0,0.0,0.0
2009-08-12,0.0,0.9981764535014747,0.0,0.0,0.0
2009-08-13,0.0,0.9981764535014747,0.0,0.0,0.0
2009-08-14,0.0,0.9981764535014747,0.0,0.0,0.0
2009-08-17,0.0,0.9981764535014747,0.0,0.0,0.0
2009-08-18,0.0,0.9981764535014747,0.0,0.0,0.0
2009-08-19,0.0,0.9981764535014747,0.0,0.0,0.0
2009-08-20,0.0,0.9981764535014747,0.0,0.0,0.0
2009-08-21,0.0,0.9981764535014747,0.0,0.0,0.0
2009-08-24,0.0,0.9981764535014747,0.0,0.0,0.0
2009-08-25,0.0,0.9981764535014747,0.0,0.0,0.0
2009-08-26,0.0,0.9981764535014747,0.0,0.0,0.0
2009-08-27,0.0,0.9981764535014747,0.0,0.0,0.0
2009-08-28,0.0,0.9981764535014747,0.0,0.0,0.0
2009-08-31,0.0,0.9981764535014747,0.0,0.0,0.0
2009-09-01,0.0,0.9981764535014747,0.0,0.0,0.0
2009-09-02,0.0,0.9981764535014747,0.0,0.0,0.0
2009-09-03,0.0,0.9981764535014747,0.0,0.0,0.0
2009-09-04,0.0,0.9981764535014747,0.0,0.0,0.0
2009-09-08,0.0,0.9981764535014747,0.0,0.0,0.0
2009-09-09,0.0,0.9981764535014747,0.0,0.0,0.0
2009-09-10,0.0,0.9981764535014747,0.0,0.0,0.0
2009-09-11,0.0,0.9981764535014747,0.0,0.0,0.0
2009-09-14,0.0,0.9981764535014747,0.0,0.0,0.0
2009-09-15,0.0,0.9981764535014747,0.0,0.0,0.0
2009-09-16,0.0,0.9981764535014747,0.0,0.0,0.0
2009-09-17,0.0,0.9981764535014747,0.0,0.0,0.0
2009-09-18,0.0,0.9981764535014747,0.0,0.0,0.0
2009-09-21,0.0,0.9981764535014747,0.0,0.0,0.0
2009-09-22,0.0,0.9981764535014747,0.0,0.0,0.0
2009-09-23,0.0,0.9981764535014747,0.0,0.0,0.0
2009-09-24,0.0,0.9981764535014747,0.0,0.0,0.0
2009-09-25,0.0,0.9981764535014747,0.0,0.0,0.0
2009-09-28,0.0,0.9981764535014747,0.0,0.0,0.0
2009-09-29,0.0,0.9981764535014747,0.0,0.0,0.0
2009-09-30,0.0,0.9981764535014747,0.0,0.0,0.0
2009-10-01,0.0,0.9981764535014747,0.0,0.0,0.0
2009-10-02,0.0,0.9981764535014747,0.0,0.0,0.0
2009-10-05,0.0,0.9981764535014747,0.0,0.0,0.0
2009-10-06,0.0,0.9981764535014747,0.0,0.0,0.0
2009-10-07,0.0,0.9981764535014747,0.0,0.0,0.0
2009-10-08,0.0,0.9981764535014747,0.0,0.0,0.0
2009-10-09,0.0,0.9981764535014747,0.0,0.0,0.0
2009-10-12,0.0,0.9981764535014747,0.0,0.0,0.0
2009-10-13,0.0,0.9981764535014747,0.0,0.0,0.0
2009-10-14,0.0,0.9981764535014747,0.0,0.0,0.0
2009-10-15,0.0,0.9981764535014747,0.0,0.0,0.0
2009-10-16,0.0,0.9981764535014747,0.0,0.0,0.0
2009-10-19,0.0,0.9981764535014747,0.0,0.0,0.0
2009-10-20,0.0,0.9981764535014747,0.0,0.0,0.0
2009-10-21,0.0,0.9981764535014747,0.0,0.0,0.0
2009-10-22,0.0,0.9981764535014747,0.0,0.0,0.0
2009-10-23,0.0,0.9981764535014747,0.0,0.0,0.0
2009-10-26,0.0,0.9981764535014747,0.0,0.0,0.0
2009-10-27,0.0,0.9981764535014747,0.0,0.0,0.0
2009-10-28,0.0,0.9981764535014747,0.0,0.0,0.0
2009-10-29,0.0,0.9981764535014747,0.0,0.0,0.0
2009-10-30,0.0,0.9981764535014747,0.0,0.0,0.0
2009-11-02,0.0,0.9981764535014747,0.0,0.0,0.0
2009-11-03,0.0,0.9981764535014747,0.0,0.0,0.0
2009-11-04,0.0,0.9981764535014747,0.0,0.0,0.0
2009-11-05,0.0,0.9981764535014747,0.0,0.0,0.0
2009-11-06,0.0,0.9981764535014747,0.0,0.0,0.0
2009-11-09,0.0,0.9981764535014747,0.0,0.0,0.0
2009-11-10,0.0,0.9981764535014747,0.0,0.0,0.0
2009-11-11,0.0,0.9981764535014747,0.0,0.0,0.0
2009-11-12,0.0,0.9981764535014747,0.0,0.0,0.0
2009-11-13,0.0,0.9981764535014747,0.0,0.0,0.0
2009-11-16,0.0,0.9981764535014747,0.0,0.0,0.0
2009-11-17,0.0,0.9981764535014747,0.0,0.0,0.0
2009-11-18,0.0,0.9981764535014747,0.0,0.0,0.0
2009-11-19,0.0,0.9981764535014747,0.0,0.0,0.0
2009-11-20,0.0,0.9981764535014747,0.0,0.0,0.0
2009-11-23,0.0,0.9981764535014747,0.0,0.0,0.0
2009-11-24,0.0,0.9981764535014747,0.0,0.0,0.0
2009-11-25,0.0,0.9981764535014747,0.0,0.0,0.0
2009-11-27,0.0,0.9981764535014747,0.0,0.0,0.0
2009-11-30,0.0,0.9981764535014747,0.0,0.0,0.0
2009-12-01,0.0,0.9981764535014747,0.0,0.0,0.0
2009-12-02,0.0,0.9981764535014747,0.0,0.0,0.0
2009-12-03,0.0,0.9981764535014747,0.0,0.0,0.0
2009-12-04,0.0,0.9981764535014747,0.0,0.0,0.0
2009-12-07,0.0,0.9981764535014747,0.0,0.0,0.0
2009-12-08,0.0,0.9981764535014747,0.0,0.0,0.0
2009-12-09,0.0,0.9981764535014747,0.0,0.0,0.0
2009-12-10,0.0,0.9981764535014747,0.0,0.0,0.0
2009-12-11,0.0,0.9981764535014747,0.0,0.0,0.0
2009-12-14,0.0,0.9981764535014747,0.0,0.0,0.0
2009-12-15,0.0,0.9981764535014747,0.0,0.0,0.0
2009-12-16,0.0,0.9981764535014747,0.0,0.0,0.0
2009-12-17,0.0,0.9981764535014747,0.0,0.0,0.0
2009-12-18,0.0,0.9981764535014747,0.0,0.0,0.0
2009-12-21,0.0,0.9981764535014747,0.0,0.0,0.0
2009-12-22,0.0,0.9981764535014747,0.0,0.0,0.0
2009-12-23,0.0,0.9981764535014747,0.0,0.0,0.0
2009-12-24,0.0,0.9981764535014747,0.0,0.0,0.0
2009-12-28,0.0,0.9981764535014747,0.0,0.0,0.0
2009-12-29,0.0,0.9981764535014747,0.0,0.0,0.0
2009-12-30,0.0,0.9981764535014747,0.0,0.0,0.0
2009-12-31,0.0,0.9981764535014747,0.0,0.0,0.0
2010-01-04,0.0,0.9981764535014747,0.0,0.0,0.0
2010-01-05,0.0,0.9981764535014747,0.0,0.0,0.0
2010-01-06,0.0,0.9981764535014747,0.0,0.0,0.0
2010-01-07,0.0,0.9981764535014747,0.0,0.0,0.0
2010-01-08,0.0,0.9981764535014747,0.0,0.0,0.0
2010-01-11,0.0,0.9981764535014747,0.0,0.0,0.0
2010-01-12,0.0,0.9981764535014747,0.0,0.0,0.0
2010-01-13,0.0,0.9981764535014747,0.0,0.0,0.0
2010-01-14,0.0,0.9981764535014747,0.0,0.0,0.0
2010-01-15,0.0,0.9981764535014747,0.0,0.0,0.0
2010-01-19,0.0,0.9981764535014747,0.0,0.0,0.0
2010-01-20,0.0,0.9981764535014747,0.0,0.0,0.0
2010-01-21,0.0,0.9981764535014747,0.0,0.0,0.0
2010-01-22,0.0,0.9981764535014747,0.0,0.0,0.0
2010-01-25,0.0,0.9981764535014747,0.0,0.0,0.0
2010-01-26,0.0,0.9981764535014747,0.0,0.0,0.0
2010-01-27,0.0,0.9981764535014747,0.0,0.0,0.0
2010-01-28,0.0,0.9981764535014747,0.0,0.0,0.0
2010-01-29,0.0,0.9981764535014747,0.0,0.0,0.0
2010-02-01,0.0,0.9981764535014747,0.0,0.0,0.0
2010-02-02,0.0,0.9981764535014747,0.0,0.0,0.0
2010-02-03,0.0,0.9981764535014747,0.0,0.0,0.0
2010-02-04,0.0,0.9981764535014747,0.0,0.0,0.0
2010-02-05,0.0,0.9981764535014747,0.0,0.0,0.0
2010-02-08,0.0,0.9981764535014747,0.0,0.0,0.0
2010-02-09,0.0,0.9981764535014747,0.0,0.0,0.0
2010-02-10,0.0,0.9981764535014747,0.0,0.0,0.0
2010-02-11,0.0,0.9981764535014747,0.0,0.0,0.0
2010-02-12,0.0,0.9981764535014747,0.0,0.0,0.0
2010-02-16,0.0,0.9981764535014747,0.0,0.0,0.0
2010-02-17,0.0,0.9981764535014747,0.0,0.0,0.0
2010-02-18,0.0,0.9981764535014747,0.0,0.0,0.0
2010-02-19,0.0,0.9981764535014747,0.0,0.0,0.0
2010-02-22,0.0,0.9981764535014747,0.0,0.0,0.0
2010-02-23,0.0,0.9981764535014747,0.0,0.0,0.0
2010-02-24,0.0,0.9981764535014747,0.0,0.0,0.0
2010-02-25,0.0,0.9981764535014747,0.0,0.0,0.0
2010-02-26,0.0,0.9981764535014747,0.0,0.0,0.0
2010-03-01,0.0,0.9981764535014747,0.0,0.0,0.0
2010-03-02,0.0,0.9981764535014747,0.0,0.0,0.0
2010-03-03,0.0,0.9981764535014747,0.0,0.0,0.0
2010-03-04,0.0,0.9981764535014747,0.0,0.0,0.0
2010-03-05,0.0,0.9981764535014747,0.0,0.0,0.0
2010-03-08,0.0,0.9981764535014747,0.0,0.0,0.0
2010-03-09,0.0,0.9981764535014747,0.0,0.0,0.0
2010-03-10,0.0,0.9981764535014747,0.0,0.0,0.0
2010-03-11,0.0,0.9981764535014747,0.0,0.0,0.0
2010-03-12,0.0,0.9981764535014747,0.0,0.0,0.0
2010-03-15,0.0,0.9981764535014747,0.0,0.0,0.0
2010-03-16,0.0,0.9981764535014747,0.0,0.0,0.0
2010-03-17,0.0,0.9981764535014747,0.0,0.0,0.0
2010-03-18,0.0,0.9981764535014747,0.0,0.0,0.0
2010-03-19,0.0,0.9981764535014747,0.0,0.0,0.0
2010-03-22,0.0,0.9981764535014747,0.0,0.0,0.0
2010-03-23,0.0,0.9981764535014747,0.0,0.0,0.0
2010-03-24,0.0,0.9981764535014747,0.0,0.0,0.0
2010-03-25,0.0,0.9981764535014747,0.0,0.0,0.0
2010-03-26,0.0,0.9981764535014747,0.0,0.0,0.0
2010-03-29,0.0,0.9981764535014747,0.0,0.0,0.0
2010-03-30,0.0,0.9981764535014747,0.0,0.0,0.0
2010-03-31,0.0,0.9981764535014747,0.0,0.0,0.0
2010-04-01,0.0,0.9981764535014747,0.0,0.0,0.0
2010-04-05,0.0,0.9981764535014747,0.0,0.0,0.0
2010-04-06,0.0,0.9981764535014747,0.0,0.0,0.0
2010-04-07,0.0,0.9981764535014747,0.0,0.0,0.0
2010-04-08,0.0,0.9981764535014747,0.0,0.0,0.0
2010-04-09,0.0031311525038353327,1.0013018962031253,1.0037537191420007,0.9995002498750626,5.3736614356296794e-05
2010-04-12,0.005288344199518624,1.006597125277878,0.996630013269495,0.0,5.286400127703037e-05
2010-04-13,0.0003853065335317485,1.006984973726882,0.9948448467472084,0.0,5.265651452021855e-05
2010-04-14,0.0007284340924176291,1.007718495912297,1.0079738286538134,0.0,5.354461949993317e-05
2010-04-15,0.002012773656377087,1.0097468051539131,1.0031186765218254,0.0,5.320630274365538e-05
2010-04-16,0.000695169626044656,1.0104487504628517,0.9770941275638987,0.0,5.151936429242059e-05
2010-04-19,0.00023995260043796485,1.0106912102681345,0.9736886748346486,0.0,5.133134825351308e-05
2010-04-20,-0.0017833358430381363,1.0088888084066197,0.9838947842380732,0.0,5.185773520070538e-05
2010-04-21,-0.002181910465812842,1.0066875033567158,0.9810487383540148,0.0,5.186617314561293e-05
2010-04-22,-0.006807707357838533,0.9998342694330702,0.9846769659336858,0.0,5.236175068362445e-05
2010-04-23,0.0016553933982459412,1.0014893884820297,0.9894821832141586,0.0,5.280701465372132e-05
2010-04-26,0.0005286169053533296,1.0020187927033133,0.9895403903856798,0.0,5.2742628919284995e-05
2010-04-27,-0.006213761243545224,0.9957924871639094,0.9576940660802096,0.0,5.092048691489291e-05
2010-04-28,-0.003571427069961941,0.9922360869191875,0.964854759776425,0.0,5.1555353625656234e-05
2010-04-29,0.001004451219833502,0.9932327396670564,0.9792412237381104,0.0,5.246145249229887e-05
2010-04-30,-0.0015075854454190685,0.9917353564448206,0.9686771106045959,0.0,5.1849192775710174e-05
2010-05-03,0.001376369537194222,0.9931003507783898,0.9735394717809948,0.0,5.225734147085325e-05
2010-05-04,-0.0011460224651774764,0.9919622354662221,0.9333039842248692,0.0,4.998975742596802e-05
2010-05-05,-0.0023541450124900942,0.9896270125170208,0.9180127305774872,0.0,4.910240330032889e-05
2010-05-06,-0.005749747086974177,0.98393690748461,0.8836969470129482,0.0,4.70427483165267e-05
2010-05-07,0.0005157919291975954,0.9844444142003302,0.0,0.8915411907048021,0.0
2010-05-10,-0.004395400885546352,0.9801173863503829,1.0066886970714624,0.9995002498750624,5.194072778071202e-05
2010-05-11,-0.0013512198251538488,0.9787930323069683,0.9908851804544884,0.0,5.1373327032651133e-05
2010-05-12,0.0008893322860668018,0.9796635045519761,1.001654446439735,0.0,5.187547096418333e-05
2010-05-13,-0.0033621767447576945,0.9763697026992837,0.9935447362387859,0.0,5.1610989980097535e-05
2010-05-14,-0.007031462515559195,0.969504395733426,0.9755867255519626,0.0,5.070529903779498e-05
2010-05-17,0.0033139056505389064,0.9727172418286694,0.9705407359449231,0.0,5.0415360019995665e-05
2010-05-18,-0.003010463293887322,0.9697889122768129,0.9527597625832395,0.0,4.9292790936271564e-05
2010-05-19,0.006036926924579911,0.9756434570724959,0.9451343931156444,0.0,4.879030810420724e-05
2010-05-20,0.0016413196907303362,0.9772447998897212,0.9046897454867535,0.0,4.63177310363051e-05
2010-05-21,1.2894664281892787e-05,0.977257401133337,0.9298598070183259,0.0,4.7715182802830334e-05
2010-05-24,-0.008046280825467322,0.9693941136450518,0.9208968210673154,0.0,4.759077378624007e-05
2010-05-25,0.0023073913605453633,0.9716308852478399,0.9124880620941247,0.0,4.7065091374697865e-05
2010-05-26,-0.007491145222111473,0.9643522571841596,0.9114395239346639,0.0,4.712449358419932e-05
2010-05-27,0.005125344513499108,0.9692948947345988,0.9597815940338231,0.0,5.0025205062465526e-05
2010-05-28,-0.0035430516036942805,0.9658606329033568,0.9457842856326283,0.0,4.910543391211476e-05
2010-06-01,0.0022711673772890517,0.9680542640638146,0.9307827763607635,0.0,4.838652018371706e-05
2010-06-02,-0.0001880333161174974,0.967872237610361,0.959219343879234,0.0,5.005531551502993e-05
2010-06-03,-0.0001802214285797632,0.9676978062930162,0.9562264720291341,0.0,4.976994575098023e-05
2010-06-04,-0.008159437095900168,0.9598019369147277,0.9259645002455427,0.0,4.8219706153279345e-05
2010-06-07,-0.0002437807542309267,0.9595679556746344,0.9133111754082175,0.0,4.762537773887319e-05
2010-06-08,-0.0020620595676881237,0.9575892693907886,0.0,0.9221517606564055,0.0
2010-06-09,-0.002286947334451339,0.9553993131636561,0.9918771473967595,0.9995002498750625,5.023754104206901e-05
2010-06-10,0.009229156125952986,0.9642168425874718,1.021247665047679,0.0,5.170108696636039e-05
2010-06-11,-0.001458916207886407,0.9628101310079038,1.0258361622223735,0.0,5.191723567624815e-05
2010-06-14,0.003569880980849538,0.9662472485827582,1.026020393520178,0.0,5.1820704252405655e-05
2010-06-15,0.005540874551937414,0.9716011033733101,1.0520502179521878,0.0,5.312742735881786e-05
2010-06-16,-0.002918024382254192,0.9687659476638417,1.0522557759527191,0.0,5.321918434154589e-05
2010-06-17,0.004101524732289086,0.9727393651579845,1.0476355226568446,0.0,5.287634267467804e-05
2010-06-18,-0.0031328533640910816,0.9696919153654655,1.0518647540201571,0.0,5.3130773511694524e-05
2010-06-21,-0.0078909749446463,0.9620401007572905,1.0678889524105204,0.0,5.419570139980418e-05
2010-06-22,0.0010233787464060118,0.9630246321495959,1.050304365139498,0.0,5.332895084860522e-05
2010-06-23,0.002822344999059201,0.9657426199041141,1.0525221537556895,0.0,5.347288555297122e-05
2010-06-24,-0.0026494045803280297,0.9631839769835222,1.0368461326395582,0.0,5.254951549178276e-05
2010-06-25,-0.0018359571801703778,0.9614156124451543,1.0474139144505685,0.0,5.3290531700469514e-05
2010-06-28,-0.001406372757180252,0.9600635037194837,1.0413932172560207,0.0,5.2984379219252455e-05
2010-06-29,-0.002377215985350123,0.9577812254114905,1.0052960821214085,0.0,5.080299970893817e-05
2010-06-30,-0.0011441488862399263,0.9566853810891744,0.9996470674843682,0.0,5.07075424258974e-05
2010-07-01,0.005256391902441315,0.9617140943795155,1.0058298405077737,0.0,5.080089007787406e-05
2010-07-02,-0.0030944754759033577,0.9587380936996275,1.0095429355559693,0.0,5.090413394341617e-05
2010-07-06,0.0035486059378389,0.9621402773917622,1.02544659155353,0.0,5.1840217369420645e-05
2010-07-07,0.008702204840167704,0.9705130191706011,1.044402627866039,0.0,5.2868555588974515e-05
2010-07-08,0.000756237770034307,0.9712469577720079,0.0,1.0459186599713606,0.0
2010-07-09,0.0,0.9712469577720079,0.0,0.0,0.0
2010-07-12,0.0,0.9712469577720079,0.0,0.0,0.0
2010-07-13,0.0,0.9712469577720079,0.0,0.0,0.0
2010-07-14,0.0,0.9712469577720079,0.0,0.0,0.0
2010-07-15,0.0,0.9712469577720079,0.0,0.0,0.0
2010-07-16,0.0,0.9712469577720079,0.0,0.0,0.0
2010-07-19,0.0,0.9712469577720079,0.0,0.0,0.0
2010-07-20,0.0,0.9712469577720079,0.0,0.0,0.0
2010-07-21,0.0,0.9712469577720079,0.0,0.0,0.0
2010-07-22,0.0,0.9712469577720079,0.0,0.0,0.0
2010-07-23,0.0,0.9712469577720079,0.0,0.0,0.0
2010-07-26,0.0,0.9712469577720079,0.0,0.0,0.0
2010-07-27,0.0,0.9712469577720079,0.0,0.0,0.0
2010-07-28,0.0,0.9712469577720079,0.0,0.0,0.0
2010-07-29,0.0,0.9712469577720079,0.0,0.0,0.0
2010-07-30,0.0,0.9712469577720079,0.0,0.0,0.0
2010-08-02,0.0,0.9712469577720079,0.0,0.0,0.0
2010-08-03,0.0,0.9712469577720079,0.0,0.0,0.0
2010-08-04,0.0,0.9712469577720079,0.0,0.0,0.0
2010-08-05,0.0,0.9712469577720079,0.0,0.0,0.0
2010-08-06,0.0,0.9712469577720079,0.0,0.0,0.0
2010-08-09,0.0,0.9712469577720079,0.0,0.0,0.0
2010-08-10,0.0,0.9712469577720079,0.0,0.0,0.0
2010-08-11,0.0,0.9712469577720079,0.0,0.0,0.0
2010-08-12,0.0,0.9712469577720079,0.0,0.0,0.0
2010-08-13,0.0,0.9712469577720079,0.0,0.0,0.0
2010-08-16,0.0,0.9712469577720079,0.0,0.0,0.0
2010-08-17,0.0,0.9712469577720079,0.0,0.0,0.0
2010-08-18,0.0,0.9712469577720079,0.0,0.0,0.0
2010-08-19,0.0,0.9712469577720079,0.0,0.0,0.0
2010-08-20,0.0,0.9712469577720079,0.0,0.0,0.0
2010-08-23,0.0,0.9712469577720079,0.0,0.0,0.0
2010-08-24,0.0,0.9712469577720079,0.0,0.0,0.0
2010-08-25,0.0,0.9712469577720079,0.0,0.0,0.0
2010-08-26,0.0,0.9712469577720079,0.0,0.0,0.0
2010-08-27,0.0,0.9712469577720079,0.0,0.0,0.0
2010-08-30,0.0,0.9712469577720079,0.0,0.0,0.0
2010-08-31,0.0,0.9712469577720079,0.0,0.0,0.0
2010-09-01,0.0,0.9712469577720079,0.0,0.0,0.0
2010-09-02,0.0,0.9712469577720079,0.0,0.0,0.0
2010-09-03,0.0,0.9712469577720079,0.0,0.0,0.0
2010-09-07,0.0,0.9712469577720079,0.0,0.0,0.0
2010-09-08,0.0,0.9712469577720079,0.0,0.0,0.0
2010-09-09,0.0,0.9712469577720079,0.0,0.0,0.0
2010-09-10,0.0,0.9712469577720079,0.0,0.0,0.0
2010-09-13,0.0,0.9712469577720079,0.0,0.0,0.0
2010-09-14,0.0,0.9712469577720079,0.0,0.0,0.0
2010-09-15,0.0,0.9712469577720079,0.0,0.0,0.0
2010-09-16,0.0,0.9712469577720079,0.0,0.0,0.0
2010-09-17,0.0,0.9712469577720079,0.0,0.0,0.0
2010-09-20,0.0,0.9712469577720079,0.0,0.0,0.0
2010-09-21,0.0,0.9712469577720079,0.0,0.0,0.0
2010-09-22,0.0,0.9712469577720079,0.0,0.0,0.0
2010-09-23,0.0,0.9712469577720079,0.0,0.0,0.0
2010-09-24,0.0,0.9712469577720079,0.0,0.0,0.0
2010-09-27,0.0,0.9712469577720079,0.0,0.0,0.0
2010-09-28,0.0,0.9712469577720079,0.0,0.0,0.0
2010-09-29,0.0,0.9712469577720079,0.0,0.0,0.0
2010-09-30,0.0,0.9712469577720079,0.0,0.0,0.0
2010-10-01,0.0,0.9712469577720079,0.0,0.0,0.0
2010-10-04,0.0,0.9712469577720079,0.0,0.0,0.0
2010-10-05,0.0,0.9712469577720079,0.0,0.0,0.0
2010-10-06,0.0,0.9712469577720079,0.0,0.0,0.0
2010-10-07,0.0,0.9712469577720079,0.0,0.0,0.0
2010-10-08,0.0,0.9712469577720079,0.0,0.0,0.0
2010-10-11,0.0,0.9712469577720079,0.0,0.0,0.0
2010-10-12,0.0,0.9712469577720079,0.0,0.0,0.0
2010-10-13,0.0,0.9712469577720079,0.0,0.0,0.0
2010-10-14,0.0,0.9712469577720079,0.0,0.0,0.0
2010-10-15,0.0,0.9712469577720079,0.0,0.0,0.0
2010-10-18,0.0,0.9712469577720079,0.0,0.0,0.0
2010-10-19,0.0,0.9712469577720079,0.0,0.0,0.0
2010-10-20,0.0,0.9712469577720079,0.0,0.0,0.0
2010-10-21,0.0,0.9712469577720079,0.0,0.0,0.0
2010-10-22,0.0,0.9712469577720079,0.0,0.0,0.0
2010-10-25,0.0,0.9712469577720079,0.0,0.0,0.0
2010-10-26,0.0,0.9712469577720079,0.0,0.0,0.0
2010-10-27,0.0,0.9712469577720079,0.0,0.0,0.0
2010-10-28,0.0,0.9712469577720079,0.0,0.0,0.0
2010-10-29,0.0,0.9712469577720079,0.0,0.0,0.0
2010-11-01,0.0,0.9712469577720079,0.0,0.0,0.0
2010-11-02,0.0,0.9712469577720079,0.0,0.0,0.0
2010-11-03,0.0,0.9712469577720079,0.0,0.0,0.0
2010-11-04,0.0,0.9712469577720079,0.0,0.0,0.0
2010-11-05,0.0,0.9712469577720079,0.0,0.0,0.0
2010-11-08,0.0,0.9712469577720079,0.0,0.0,0.0
2010-11-09,0.0,0.9712469577720079,0.0,0.0,0.0
2010-11-10,0.0,0.9712469577720079,0.0,0.0,0.0
2010-11-11,0.0,0.9712469577720079,0.0,0.0,0.0
2010-11-12,0.0,0.9712469577720079,0.0,0.0,0.0
2010-11-15,0.0,0.9712469577720079,0.0,0.0,0.0
2010-11-16,0.0,0.9712469577720079,0.0,0.0,0.0
2010-11-17,0.0,0.9712469577720079,0.0,0.0,0.0
2010-11-18,0.0,0.9712469577720079,0.0,0.0,0.0
2010-11-19,0.0,0.9712469577720079,0.0,0.0,0.0
2010-11-22,0.0,0.9712469577720079,0.0,0.0,0.0
2010-11-23,0.0,0.9712469577720079,0.0,0.0,0.0
2010-11-24,0.0,0.9712469577720079,0.0,0.0,0.0
2010-11-26,0.0,0.9712469577720079,0.0,0.0,0.0
2010-11-29,0.0,0.9712469577720079,0.0,0.0,0.0
2010-11-30,0.0,0.9712469577720079,0.0,0.0,0.0
2010-12-01,0.0,0.9712469577720079,0.0,0.0,0.0
2010-12-02,0.0,0.9712469577720079,0.0,0.0,0.0
2010-12-03,0.0,0.9712469577720079,0.0,0.0,0.0
2010-12-06,0.0,0.9712469577720079,0.0,0.0,0.0
2010-12-07,0.0,0.9712469577720079,0.0,0.0,0.0
2010-12-08,0.0,0.9712469577720079,0.0,0.0,0.0
2010-12-09,0.0,0.9712469577720079,0.0,0.0,0.0
2010-12-10,0.0,0.9712469577720079,0.0,0.0,0.0
2010-12-13,0.0,0.9712469577720079,0.0,0.0,0.0
2010-12-14,0.0,0.9712469577720079,0.0,0.0,0.0
2010-12-15,0.0,0.9712469577720079,0.0,0.0,0.0
2010-12-16,0.0,0.9712469577720079,0.0,0.0,0.0
2010-12-17,0.0,0.9712469577720079,0.0,0.0,0.0
2010-12-20,0.0,0.9712469577720079,0.0,0.0,0.0
2010-12-21,0.0,0.9712469577720079,0.0,0.0,0.0
2010-12-22,0.0,0.9712469577720079,0.0,0.0,0.0
2010-12-23,0.0,0.9712469577720079,0.0,0.0,0.0
2010-12-27,0.0,0.9712469577720079,0.0,0.0,0.0
2010-12-28,0.0,0.9712469577720079,0.0,0.0,0.0
2010-12-29,0.0,0.9712469577720079,0.0,0.0,0.0
2010-12-30,0.0,0.9712469577720079,0.0,0.0,0.0
2010-12-31,0.0,0.9712469577720079,0.0,0.0,0.0
2011-01-03,0.0,0.9712469577720079,0.0,0.0,0.0
2011-01-04,0.0,0.9712469577720079,0.0,0.0,0.0
2011-01-05,0.0,0.9712469577720079,0.0,0.0,0.0
2011-01-06,0.0,0.9712469577720079,0.0,0.0,0.0
2011-01-07,0.0,0.9712469577720079,0.0,0.0,0.0
2011-01-10,0.0,0.9712469577720079,0.0,0.0,0.0
2011-01-11,0.0,0.9712469577720079,0.0,0.0,0.0
2011-01-12,0.0,0.9712469577720079,0.0,0.0,0.0
2011-01-13,0.0,0.9712469577720079,0.0,0.0,0.0
2011-01-14,0.0,0.9712469577720079,0.0,0.0,0.0
2011-01-18,0.0,0.9712469577720079,0.0,0.0,0.0
2011-01-19,0.0,0.9712469577720079,0.0,0.0,0.0
2011-01-20,0.0,0.9712469577720079,0.0,0.0,0.0
2011-01-21,0.0,0.9712469577720079,0.0,0.0,0.0
2011-01-24,0.0,0.9712469577720079,0.0,0.0,0.0
2011-01-25,0.0,0.9712469577720079,0.0,0.0,0.0
2011-01-26,0.0,0.9712469577720079,0.0,0.0,0.0
2011-01-27,0.0,0.9712469577720079,0.0,0.0,0.0
2011-01-28,0.0,0.9712469577720079,0.0,0.0,0.0
2011-01-31,0.0,0.9712469577720079,0.0,0.0,0.0
2011-02-01,0.0,0.9712469577720079,0.0,0.0,0.0
2011-02-02,0.0,0.9712469577720079,0.0,0.0,0.0
2011-02-03,-0.004639776659662309,0.9667405888065693,1.005537278172615,0.9995002498750623,6.570646820205609e-05
2011-02-04,1.9395539711197785e-05,0.9667593392620499,1.0052383588669118,0.0,6.582630296523828e-05
2011-02-07,-0.0012168686586588873,0.9655829201216362,1.0087804664869078,0.0,6.618174732392698e-05
2011-02-08,-0.0035243361036203513,0.9621798813752123,1.0162077757144972,0.0,6.683886708065761e-05
2011-02-09,-0.00884305306155464,0.9536712736294509,1.013091904383198,0.0,6.695382204527383e-05
2011-02-10,-0.0005965553091099585,0.9531023559680216,1.0057674399005343,0.0,6.682109738317046e-05
2011-02-11,0.005065454693528704,0.9579302527704732,1.006357204137548,0.0,6.683620245014775e-05
2011-02-14,-0.0034220967314274597,0.9546521227835318,1.0086623805345503,0.0,6.664788555254645e-05
2011-02-15,0.002479361003558056,0.9570190500287252,1.00539118971773,0.0,6.674800669423373e-05
2011-02-16,-0.003069332109701839,0.9540816407288757,1.0189655447115151,0.0,6.751686907214358e-05
2011-02-17,-0.0004357557269228929,0.953665894189976,1.0229238835751504,0.0,6.788412986285483e-05
2011-02-18,0.0007431537833257895,0.954374614607272,1.0268544538847764,0.0,6.803265826015812e-05
2011-02-22,0.0017444963457839968,0.9560395176349634,0.9942325516537719,0.0,6.599132029284993e-05
2011-02-23,-0.0004113718942382327,0.9556462298476274,0.9957722711060804,0.0,6.619538109937643e-05
2011-02-24,0.0005517021535266231,0.9561734619306439,0.9967625830250091,0.0,6.628346330456193e-05
2011-02-25,-0.0014105453838892945,0.9548247358677202,1.010119816362369,0.0,6.693477136512419e-05
2011-02-28,-0.002494531431637137,0.9524428955523936,1.0203941477624585,0.0,6.791864937471529e-05
2011-03-01,0.0032667151179990306,0.9555542551583253,1.004526566814661,0.0,6.680406034858216e-05
2011-03-02,0.0030637253189123026,0.9584818109234482,1.010465766839648,0.0,6.700048149954267e-05
2011-03-03,0.0016592433942625995,0.9600721655367438,1.0248400969462579,0.0,6.76009894524402e-05
2011-03-04,0.0020943008968363763,0.9620828455340551,0.0,1.0207458945844476,0.0
2011-03-07,0.0,0.9620828455340551,0.0,0.0,0.0
2011-03-08,0.0,0.9620828455340551,0.0,0.0,0.0
2011-03-09,0.0,0.9620828455340551,0.0,0.0,0.0
2011-03-10,0.0,0.9620828455340551,0.0,0.0,0.0
2011-03-11,0.0,0.9620828455340551,0.0,0.0,0.0
2011-03-14,0.0,0.9620828455340551,0.0,0.0,0.0
2011-03-15,0.0,0.9620828455340551,0.0,0.0,0.0
2011-03-16,0.0,0.9620828455340551,0.0,0.0,0.0
2011-03-17,0.0,0.9620828455340551,0.0,0.0,0.0
2011-03-18,0.0,0.9620828455340551,0.0,0.0,0.0
2011-03-21,0.0,0.9620828455340551,0.0,0.0,0.0
2011-03-22,0.0,0.9620828455340551,0.0,0.0,0.0
2011-03-23,0.0,0.9620828455340551,0.0,0.0,0.0
2011-03-24,0.0,0.9620828455340551,0.0,0.0,0.0
2011-03-25,0.0,0.9620828455340551,0.0,0.0,0.0
2011-03-28,0.0,0.9620828455340551,0.0,0.0,0.0
2011-03-29,0.0,0.9620828455340551,0.0,0.0,0.0
2011-03-30,0.0,0.9620828455340551,0.0,0.0,0.0
2011-03-31,0.0,0.9620828455340551,0.0,0.0,0.0
2011-04-01,0.0,0.9620828455340551,0.0,0.0,0.0
2011-04-04,0.0,0.9620828455340551,0.0,0.0,0.0
2011-04-05,0.0,0.9620828455340551,0.0,0.0,0.0
2011-04-06,0.0,0.9620828455340551,0.0,0.0,0.0
2011-04-07,0.0,0.9620828455340551,0.0,0.0,0.0
2011-04-08,0.0,0.9620828455340551,0.0,0.0,0.0
2011-04-11,0.0,0.9620828455340551,0.0,0.0,0.0
2011-04-12,0.0,0.9620828455340551,0.0,0.0,0.0
2011-04-13,0.0,0.9620828455340551,0.0,0.0,0.0
2011-04-14,0.0,0.9620828455340551,0.0,0.0,0.0
2011-04-15,0.0,0.9620828455340551,0.0,0.0,0.0
2011-04-18,0.0,0.9620828455340551,0.0,0.0,0.0
2011-04-19,0.0,0.9620828455340551,0.0,0.0,0.0
2011-04-20,0.0,0.9620828455340551,0.0,0.0,0.0
2011-04-21,0.0,0.9620828455340551,0.0,0.0,0.0
2011-04-25,0.0,0.9620828455340551,0.0,0.0,0.0
2011-04-26,0.0,0.9620828455340551,0.0,0.0,0.0
2011-04-27,0.0,0.9620828455340551,0.0,0.0,0.0
2011-04-28,0.0,0.9620828455340551,0.0,0.0,0.0
2011-04-29,0.0,0.9620828455340551,0.0,0.0,0.0
2011-05-02,0.0,0.9620828455340551,0.0,0.0,0.0
2011-05-03,0.0,0.9620828455340551,0.0,0.0,0.0
2011-05-04,0.0,0.9620828455340551,0.0,0.0,0.0
2011-05-05,0.0,0.9620828455340551,0.0,0.0,0.0
2011-05-06,0.0,0.9620828455340551,0.0,0.0,0.0
2011-05-09,0.0,0.9620828455340551,0.0,0.0,0.0
2011-05-10,0.0,0.9620828455340551,0.0,0.0,0.0
2011-05-11,0.0,0.9620828455340551,0.0,0.0,0.0
2011-05-12,0.0,0.9620828455340551,0.0,0.0,0.0
2011-05-13,0.0,0.9620828455340551,0.0,0.0,0.0
2011-05-16,0.0,0.9620828455340551,0.0,0.0,0.0
2011-05-17,0.0,0.9620828455340551,0.0,0.0,0.0
2011-05-18,0.0,0.9620828455340551,0.0,0.0,0.0
2011-05-19,0.0,0.9620828455340551,0.0,0.0,0.0
2011-05-20,0.0,0.9620828455340551,0.0,0.0,0.0
2011-05-23,0.0,0.9620828455340551,0.0,0.0,0.0
2011-05-24,0.0,0.9620828455340551,0.0,0.0,0.0
2011-05-25,0.0,0.9620828455340551,0.0,0.0,0.0
2011-05-26,0.0,0.9620828455340551,0.0,0.0,0.0
2011-05-27,0.0,0.9620828455340551,0.0,0.0,0.0
2011-05-31,0.0,0.9620828455340551,0.0,0.0,0.0
2011-06-01,0.0,0.9620828455340551,0.0,0.0,0.0
2011-06-02,0.0,0.9620828455340551,0.0,0.0,0.0
2011-06-03,0.0,0.9620828455340551,0.0,0.0,0.0
2011-06-06,0.0,0.9620828455340551,0.0,0.0,0.0
2011-06-07,0.0,0.9620828455340551,0.0,0.0,0.0
2011-06-08,0.0,0.9620828455340551,0.0,0.0,0.0
2011-06-09,0.0,0.9620828455340551,0.0,0.0,0.0
2011-06-10,0.0,0.9620828455340551,0.0,0.0,0.0
2011-06-13,0.0,0.9620828455340551,0.0,0.0,0.0
2011-06-14,0.0,0.9620828455340551,0.0,0.0,0.0
2011-06-15,0.0,0.9620828455340551,0.0,0.0,0.0
2011-06-16,0.0,0.9620828455340551,0.0,0.0,0.0
2011-06-17,0.0,0.9620828455340551,0.0,0.0,0.0
2011-06-20,0.0,0.9620828455340551,0.0,0.0,0.0
2011-06-21,0.0,0.9620828455340551,0.0,0.0,0.0
2011-06-22,0.0,0.9620828455340551,0.0,0.0,0.0
2011-06-23,0.0,0.9620828455340551,0.0,0.0,0.0
2011-06-24,0.0,0.9620828455340551,0.0,0.0,0.0
2011-06-27,0.0,0.9620828455340551,0.0,0.0,0.0
2011-06-28,0.0,0.9620828455340551,0.0,0.0,0.0
2011-06-29,0.0,0.9620828455340551,0.0,0.0,0.0
2011-06-30,0.0,0.9620828455340551,0.0,0.0,0.0
2011-07-01,0.0,0.9620828455340551,0.0,0.0,0.0
2011-07-05,0.0,0.9620828455340551,0.0,0.0,0.0
2011-07-06,0.0,0.9620828455340551,0.0,0.0,0.0
2011-07-07,0.0,0.9620828455340551,0.0,0.0,0.0
2011-07-08,0.0,0.9620828455340551,0.0,0.0,0.0
2011-07-11,0.0,0.9620828455340551,0.0,0.0,0.0
2011-07-12,0.0,0.9620828455340551,0.0,0.0,0.0
2011-07-13,0.0,0.9620828455340551,0.0,0.0,0.0
2011-07-14,0.0,0.9620828455340551,0.0,0.0,0.0
2011-07-15,0.0,0.9620828455340551,0.0,0.0,0.0
2011-07-18,0.0,0.9620828455340551,0.0,0.0,0.0
2011-07-19,0.0,0.9620828455340551,0.0,0.0,0.0
2011-07-20,0.0,0.9620828455340551,0.0,0.0,0.0
2011-07-21,0.0,0.9620828455340551,0.0,0.0,0.0
2011-07-22,0.0,0.9620828455340551,0.0,0.0,0.0
2011-07-25,0.0,0.9620828455340551,0.0,0.0,0.0
2011-07-26,0.0,0.9620828455340551,0.0,0.0,0.0
2011-07-27,0.0,0.9620828455340551,0.0,0.0,0.0
2011-07-28,0.0,0.9620828455340551,0.0,0.0,0.0
2011-07-29,0.0,0.9620828455340551,0.0,0.0,0.0
2011-08-01,0.0,0.9620828455340551,0.0,0.0,0.0
2011-08-02,0.0,0.9620828455340551,0.0,0.0,0.0
2011-08-03,0.0,0.9620828455340551,0.0,0.0,0.0
2011-08-04,0.0,0.9620828455340551,0.0,0.0,0.0
2011-08-05,0.0,0.9620828455340551,0.0,0.0,0.0
2011-08-08,0.0,0.9620828455340551,0.0,0.0,0.0
2011-08-09,0.0,0.9620828455340551,0.0,0.0,0.0
2011-08-10,0.0,0.9620828455340551,0.0,0.0,0.0
2011-08-11,0.0,0.9620828455340551,0.0,0.0,0.0
2011-08-12,0.0,0.9620828455340551,0.0,0.0,0.0
2011-08-15,0.0,0.9620828455340551,0.0,0.0,0.0
2011-08-16,0.0,0.9620828455340551,0.0,0.0,0.0
2011-08-17,0.0,0.9620828455340551,0.0,0.0,0.0
2011-08-18,0.0,0.9620828455340551,0.0,0.0,0.0
2011-08-19,0.0,0.9620828455340551,0.0,0.0,0.0
2011-08-22,0.0,0.9620828455340551,0.0,0.0,0.0
2011-08-23,0.0,0.9620828455340551,0.0,0.0,0.0
2011-08-24,0.0,0.9620828455340551,0.0,0.0,0.0
2011-08-25,0.0,0.9620828455340551,0.0,0.0,0.0
2011-08-26,0.0,0.9620828455340551,0.0,0.0,0.0
2011-08-29,0.0,0.9620828455340551,0.0,0.0,0.0
2011-08-30,0.0,0.9620828455340551,0.0,0.0,0.0
2011-08-31,0.0,0.9620828455340551,0.0,0.0,0.0
2011-09-01,0.0,0.9620828455340551,0.0,0.0,0.0
2011-09-02,0.0,0.9620828455340551,0.0,0.0,0.0
2011-09-06,0.0,0.9620828455340551,0.0,0.0,0.0
2011-09-07,0.0,0.9620828455340551,0.0,0.0,0.0
2011-09-08,0.0,0.9620828455340551,0.0,0.0,0.0
2011-09-09,0.0,0.9620828455340551,0.0,0.0,0.0
2011-09-12,0.0,0.9620828455340551,0.0,0.0,0.0
2011-09-13,0.0,0.9620828455340551,0.0,0.0,0.0
2011-09-14,0.0,0.9620828455340551,0.0,0.0,0.0
2011-09-15,0.0,0.9620828455340551,0.0,0.0,0.0
2011-09-16,0.0,0.9620828455340551,0.0,0.0,0.0
2011-09-19,0.0,0.9620828455340551,0.0,0.0,0.0
2011-09-20,0.0,0.9620828455340551,0.0,0.0,0.0
2011-09-21,0.0,0.9620828455340551,0.0,0.0,0.0
2011-09-22,0.0,0.9620828455340551,0.0,0.0,0.0
2011-09-23,0.0,0.9620828455340551,0.0,0.0,0.0
2011-09-26,0.0,0.9620828455340551,0.0,0.0,0.0
2011-09-27,0.0,0.9620828455340551,0.0,0.0,0.0
2011-09-28,0.0,0.9620828455340551,0.0,0.0,0.0
2011-09-29,0.0,0.9620828455340551,0.0,0.0,0.0
2011-09-30,0.0,0.9620828455340551,0.0,0.0,0.0
2011-10-03,0.0,0.9620828455340551,0.0,0.0,0.0
2011-10-04,0.0,0.9620828455340551,0.0,0.0,0.0
2011-10-05,0.0,0.9620828455340551,0.0,0.0,0.0
2011-10-06,0.0,0.9620828455340551,0.0,0.0,0.0
2011-10-07,0.0,0.9620828455340551,0.0,0.0,0.0
2011-10-10,0.0,0.9620828455340551,0.0,0.0,0.0
2011-10-11,0.0,0.9620828455340551,0.0,0.0,0.0
2011-10-12,0.0,0.9620828455340551,0.0,0.0,0.0
2011-10-13,0.0,0.9620828455340551,0.0,0.0,0.0
2011-10-14,0.0,0.9620828455340551,0.0,0.0,0.0
2011-10-17,0.0,0.9620828455340551,0.0,0.0,0.0
2011-10-18,0.0,0.9620828455340551,0.0,0.0,0.0
2011-10-19,0.0,0.9620828455340551,0.0,0.0,0.0
2011-10-20,0.0,0.9620828455340551,0.0,0.0,0.0
2011-10-21,0.0,0.9620828455340551,0.0,0.0,0.0
2011-10-24,0.0,0.9620828455340551,0.0,0.0,0.0
2011-10-25,0.0,0.9620828455340551,0.0,0.0,0.0
2011-10-26,0.0,0.9620828455340551,0.0,0.0,0.0
2011-10-27,0.0,0.9620828455340551,0.0,0.0,0.0
2011-10-28,0.0,0.9620828455340551,0.0,0.0,0.0
2011-10-31,0.0,0.9620828455340551,0.0,0.0,0.0
2011-11-01,0.0,0.9620828455340551,0.0,0.0,0.0
2011-11-02,0.0,0.9620828455340551,0.0,0.0,0.0
2011-11-03,0.0,0.9620828455340551,0.0,0.0,0.0
2011-11-04,0.0,0.9620828455340551,0.0,0.0,0.0
2011-11-07,0.0,0.9620828455340551,0.0,0.0,0.0
2011-11-08,0.0,0.9620828455340551,0.0,0.0,0.0
2011-11-09,0.0,0.9620828455340551,0.0,0.0,0.0
2011-11-10,0.0,0.9620828455340551,0.0,0.0,0.0
2011-11-11,0.0,0.9620828455340551,0.0,0.0,0.0
2011-11-14,0.0,0.9620828455340551,0.0,0.0,0.0
2011-11-15,0.0,0.9620828455340551,0.0,0.0,0.0
2011-11-16,0.0,0.9620828455340551,0.0,0.0,0.0
2011-11-17,0.0,0.9620828455340551,0.0,0.0,0.0
2011-11-18,0.0,0.9620828455340551,0.0,0.0,0.0
2011-11-21,0.0,0.9620828455340551,0.0,0.0,0.0
2011-11-22,0.0,0.9620828455340551,0.0,0.0,0.0
2011-11-23,0.0,0.9620828455340551,0.0,0.0,0.0
2011-11-25,0.0,0.9620828455340551,0.0,0.0,0.0
2011-11-28,0.0,0.9620828455340551,0.0,0.0,0.0
2011-11-29,0.0,0.9620828455340551,0.0,0.0,0.0
2011-11-30,0.0,0.9620828455340551,0.0,0.0,0.0
2011-12-01,0.0,0.9620828455340551,0.0,0.0,0.0
2011-12-02,0.0,0.9620828455340551,0.0,0.0,0.0
2011-12-05,0.0,0.9620828455340551,0.0,0.0,0.0
2011-12-06,0.0,0.9620828455340551,0.0,0.0,0.0
2011-12-07,0.0,0.9620828455340551,0.0,0.0,0.0
2011-12-08,0.0,0.9620828455340551,0.0,0.0,0.0
2011-12-09,0.0,0.9620828455340551,0.0,0.0,0.0
2011-12-12,0.0,0.9620828455340551,0.0,0.0,0.0
2011-12-13,0.0,0.9620828455340551,0.0,0.0,0.0
2011-12-14,0.0,0.9620828455340551,0.0,0.0,0.0
2011-12-15,0.0,0.9620828455340551,0.0,0.0,0.0
2011-12-16,0.0,0.9620828455340551,0.0,0.0,0.0
2011-12-19,0.0,0.9620828455340551,0.0,0.0,0.0
2011-12-20,0.0,0.9620828455340551,0.0,0.0,0.0
2011-12-21,0.0,0.9620828455340551,0.0,0.0,0.0
2011-12-22,0.0,0.9620828455340551,0.0,0.0,0.0
2011-12-23,0.0,0.9620828455340551,0.0,0.0,0.0
2011-12-27,0.0,0.9620828455340551,0.0,0.0,0.0
2011-12-28,0.0,0.9620828455340551,0.0,0.0,0.0
2011-12-29,0.0,0.9620828455340551,0.0,0.0,0.0
2011-12-30,0.0,0.9620828455340551,0.0,0.0,0.0
2012-01-03,0.0,0.9620828455340551,0.0,0.0,0.0
2012-01-04,0.0,0.9620828455340551,0.0,0.0,0.0
2012-01-05,0.0,0.9620828455340551,0.0,0.0,0.0
2012-01-06,0.0,0.9620828455340551,0.0,0.0,0.0
2012-01-09,0.0,0.9620828455340551,0.0,0.0,0.0
2012-01-10,0.0,0.9620828455340551,0.0,0.0,0.0
2012-01-11,0.0,0.9620828455340551,0.0,0.0,0.0
2012-01-12,0.0,0.9620828455340551,0.0,0.0,0.0
2012-01-13,0.0,0.9620828455340551,0.0,0.0,0.0
2012-01-17,0.0,0.9620828455340551,0.0,0.0,0.0
2012-01-18,0.0,0.9620828455340551,0.0,0.0,0.0
2012-01-19,0.0,0.9620828455340551,0.0,0.0,0.0
2012-01-20,0.0,0.9620828455340551,0.0,0.0,0.0
2012-01-23,0.0,0.9620828455340551,0.0,0.0,0.0
2012-01-24,0.0,0.9620828455340551,0.0,0.0,0.0
2012-01-25,0.0,0.9620828455340551,0.0,0.0,0.0
2012-01-26,0.0,0.9620828455340551,0.0,0.0,0.0
2012-01-27,0.0,0.9620828455340551,0.0,0.0,0.0
2012-01-30,0.0,0.9620828455340551,0.0,0.0,0.0
2012-01-31,0.0,0.9620828455340551,0.0,0.0,0.0
2012-02-01,0.0,0.9620828455340551,0.0,0.0,0.0
2012-02-02,0.0,0.9620828455340551,0.0,0.0,0.0
2012-02-03,0.0,0.9620828455340551,0.0,0.0,0.0
2012-02-06,0.0,0.9620828455340551,0.0,0.0,0.0
2012-02-07,0.0,0.9620828455340551,0.0,0.0,0.0
2012-02-08,0.0,0.9620828455340551,0.0,0.0,0.0
2012-02-09,0.0,0.9620828455340551,0.0,0.0,0.0
2012-02-10,0.0,0.9620828455340551,0.0,0.0,0.0
2012-02-13,0.0,0.9620828455340551,0.0,0.0,0.0
2012-02-14,0.0,0.9620828455340551,0.0,0.0,0.0
2012-02-15,0.0,0.9620828455340551,0.0,0.0,0.0
2012-02-16,0.0,0.9620828455340551,0.0,0.0,0.0
2012-02-17,0.0,0.9620828455340551,0.0,0.0,0.0
2012-02-21,0.0,0.9620828455340551,0.0,0.0,0.0
2012-02-22,0.0,0.9620828455340551,0.0,0.0,0.0
2012-02-23,0.0,0.9620828455340551,0.0,0.0,0.0
2012-02-24,0.0,0.9620828455340551,0.0,0.0,0.0
2012-02-27,0.0,0.9620828455340551,0.0,0.0,0.0
2012-02-28,0.0,0.9620828455340551,0.0,0.0,0.0
2012-02-29,0.0,0.9620828455340551,0.0,0.0,0.0
2012-03-01,0.0,0.9620828455340551,0.0,0.0,0.0
2012-03-02,0.0,0.9620828455340551,0.0,0.0,0.0
2012-03-05,0.0,0.9620828455340551,0.0,0.0,0.0
2012-03-06,0.0,0.9620828455340551,0.0,0.0,0.0
2012-03-07,0.0,0.9620828455340551,0.0,0.0,0.0
2012-03-08,0.0,0.9620828455340551,0.0,0.0,0.0
2012-03-09,0.0,0.9620828455340551,0.0,0.0,0.0
2012-03-12,0.0,0.9620828455340551,0.0,0.0,0.0
2012-03-13,0.0,0.9620828455340551,0.0,0.0,0.0
2012-03-14,0.0,0.9620828455340551,0.0,0.0,0.0
2012-03-15,0.0,0.9620828455340551,0.0,0.0,0.0
2012-03-16,0.0,0.9620828455340551,0.0,0.0,0.0
2012-03-19,0.0,0.9620828455340551,0.0,0.0,0.0
2012-03-20,0.0,0.9620828455340551,0.0,0.0,0.0
2012-03-21,0.0,0.9620828455340551,0.0,0.0,0.0
2012-03-22,0.0,0.9620828455340551,0.0,0.0,0.0
2012-03-23,0.0,0.9620828455340551,0.0,0.0,0.0
2012-03-26,0.0,0.9620828455340551,0.0,0.0,0.0
2012-03-27,0.0,0.9620828455340551,0.0,0.0,0.0
2012-03-28,0.0,0.9620828455340551,0.0,0.0,0.0
2012-03-29,0.0,0.9620828455340551,0.0,0.0,0.0
2012-03-30,0.0,0.9620828455340551,0.0,0.0,0.0
2012-04-02,0.0,0.9620828455340551,0.0,0.0,0.0
2012-04-03,0.0,0.9620828455340551,0.0,0.0,0.0
2012-04-04,0.0,0.9620828455340551,0.0,0.0,0.0
2012-04-05,0.0,0.9620828455340551,0.0,0.0,0.0
2012-04-09,0.0,0.9620828455340551,0.0,0.0,0.0
2012-04-10,0.0,0.9620828455340551,0.0,0.0,0.0
2012-04-11,0.0,0.9620828455340551,0.0,0.0,0.0
2012-04-12,0.0,0.9620828455340551,0.0,0.0,0.0
2012-04-13,0.0,0.9620828455340551,0.0,0.0,0.0
2012-04-16,0.0,0.9620828455340551,0.0,0.0,0.0
2012-04-17,0.0,0.9620828455340551,0.0,0.0,0.0
2012-04-18,0.0,0.9620828455340551,0.0,0.0,0.0
2012-04-19,0.0,0.9620828455340551,0.0,0.0,0.0
2012-04-20,0.0,0.9620828455340551,0.0,0.0,0.0
2012-04-23,0.0,0.9620828455340551,0.0,0.0,0.0
2012-04-24,0.0,0.9620828455340551,0.0,0.0,0.0
2012-04-25,0.0,0.9620828455340551,0.0,0.0,0.0
2012-04-26,0.0,0.9620828455340551,0.0,0.0,0.0
2012-04-27,0.0,0.9620828455340551,0.0,0.0,0.0
2012-04-30,0.0,0.9620828455340551,0.0,0.0,0.0
2012-05-01,0.0,0.9620828455340551,0.0,0.0,0.0
2012-05-02,0.0,0.9620828455340551,0.0,0.0,0.0
2012-05-03,0.0,0.9620828455340551,0.0,0.0,0.0
2012-05-04,0.0,0.9620828455340551,0.0,0.0,0.0
2012-05-07,0.0,0.9620828455340551,0.0,0.0,0.0
2012-05-08,0.0,0.9620828455340551,0.0,0.0,0.0
2012-05-09,0.0,0.9620828455340551,0.0,0.0,0.0
2012-05-10,0.0,0.9620828455340551,0.0,0.0,0.0
2012-05-11,0.0,0.9620828455340551,0.0,0.0,0.0
2012-05-14,0.0,0.9620828455340551,0.0,0.0,0.0
2012-05-15,0.0,0.9620828455340551,0.0,0.0,0.0
2012-05-16,0.0,0.9620828455340551,0.0,0.0,0.0
2012-05-17,0.0,0.9620828455340551,0.0,0.0,0.0
2012-05-18,0.0,0.9620828455340551,0.0,0.0,0.0
2012-05-21,0.0,0.9620828455340551,0.0,0.0,0.0
2012-05-22,0.0,0.9620828455340551,0.0,0.0,0.0
2012-05-23,0.0,0.9620828455340551,0.0,0.0,0.0
2012-05-24,0.0,0.9620828455340551,0.0,0.0,0.0
2012-05-25,0.0,0.9620828455340551,0.0,0.0,0.0
2012-05-29,0.0,0.9620828455340551,0.0,0.0,0.0
2012-05-30,0.0,0.9620828455340551,0.0,0.0,0.0
2012-05-31,0.0,0.9620828455340551,0.0,0.0,0.0
2012-06-01,0.0,0.9620828455340551,0.0,0.0,0.0
2012-06-04,0.0,0.9620828455340551,0.0,0.0,0.0
2012-06-05,0.0,0.9620828455340551,0.0,0.0,0.0
2012-06-06,0.0,0.9620828455340551,0.0,0.0,0.0
2012-06-07,0.0,0.9620828455340551,0.0,0.0,0.0
2012-06-08,0.0,0.9620828455340551,0.0,0.0,0.0
2012-06-11,0.0,0.9620828455340551,0.0,0.0,0.0
2012-06-12,0.0,0.9620828455340551,0.0,0.0,0.0
2012-06-13,0.0,0.9620828455340551,0.0,0.0,0.0
2012-06-14,0.0,0.9620828455340551,0.0,0.0,0.0
2012-06-15,0.0,0.9620828455340551,0.0,0.0,0.0
2012-06-18,0.0,0.9620828455340551,0.0,0.0,0.0
2012-06-19,0.0,0.9620828455340551,0.0,0.0,0.0
2012-06-20,0.0,0.9620828455340551,0.0,0.0,0.0
2012-06-21,0.0,0.9620828455340551,0.0,0.0,0.0
2012-06-22,0.0,0.9620828455340551,0.0,0.0,0.0
2012-06-25,0.0,0.9620828455340551,0.0,0.0,0.0
2012-06-26,0.0,0.9620828455340551,0.0,0.0,0.0
2012-06-27,0.0,0.9620828455340551,0.0,0.0,0.0
2012-06-28,0.0,0.9620828455340551,0.0,0.0,0.0
2012-06-29,0.0,0.9620828455340551,0.0,0.0,0.0
2012-07-02,0.0,0.9620828455340551,0.0,0.0,0.0
2012-07-03,0.0,0.9620828455340551,0.0,0.0,0.0
2012-07-05,0.0,0.9620828455340551,0.0,0.0,0.0
2012-07-06,0.0,0.9620828455340551,0.0,0.0,0.0
2012-07-09,0.0,0.9620828455340551,0.0,0.0,0.0
2012-07-10,0.0,0.9620828455340551,0.0,0.0,0.0
2012-07-11,0.0,0.9620828455340551,0.0,0.0,0.0
2012-07-12,0.0,0.9620828455340551,0.0,0.0,0.0
2012-07-13,0.0,0.9620828455340551,0.0,0.0,0.0
2012-07-16,0.0,0.9620828455340551,0.0,0.0,0.0
2012-07-17,0.0,0.9620828455340551,0.0,0.0,0.0
2012-07-18,0.0,0.9620828455340551,0.0,0.0,0.0
2012-07-19,0.0,0.9620828455340551,0.0,0.0,0.0
2012-07-20,0.0,0.9620828455340551,0.0,0.0,0.0
2012-07-23,0.0,0.9620828455340551,0.0,0.0,0.0
2012-07-24,0.0,0.9620828455340551,0.0,0.0,0.0
2012-07-25,0.0,0.9620828455340551,0.0,0.0,0.0
2012-07-26,0.0,0.9620828455340551,0.0,0.0,0.0
2012-07-27,0.0,0.9620828455340551,0.0,0.0,0.0
2012-07-30,0.0,0.9620828455340551,0.0,0.0,0.0
2012-07-31,0.0,0.9620828455340551,0.0,0.0,0.0
2012-08-01,0.0,0.9620828455340551,0.0,0.0,0.0
2012-08-02,0.0,0.9620828455340551,0.0,0.0,0.0
2012-08-03,0.0,0.9620828455340551,0.0,0.0,0.0
2012-08-06,0.0,0.9620828455340551,0.0,0.0,0.0
2012-08-07,0.0,0.9620828455340551,0.0,0.0,0.0
2012-08-08,0.0,0.9620828455340551,0.0,0.0,0.0
2012-08-09,0.0,0.9620828455340551,0.0,0.0,0.0
2012-08-10,0.0,0.9620828455340551,0.0,0.0,0.0
2012-08-13,0.0,0.9620828455340551,0.0,0.0,0.0
2012-08-14,0.0,0.9620828455340551,0.0,0.0,0.0
2012-08-15,0.0,0.9620828455340551,0.0,0.0,0.0
2012-08-16,0.0,0.9620828455340551,0.0,0.0,0.0
2012-08-17,0.0,0.9620828455340551,0.0,0.0,0.0
2012-08-20,0.0010832089827155222,0.9631249823144541,1.0018305351669545,0.9995002498750625,6.856173380025044e-05
2012-08-21,-0.004005256620589592,0.9592674196025839,1.0085411037272847,0.0,6.903239277225078e-05
2012-08-22,0.0008060164059517927,0.9600406048804786,1.007277634443205,0.0,6.891110380171292e-05
2012-08-23,-0.0006681219471736943,0.95939918068218,1.0007176533810498,0.0,6.854212356565988e-05
2012-08-24,0.0009217040967108847,0.9602834628373957,0.9990183330764134,0.0,6.841252761629466e-05
2012-08-27,-0.004735996013259913,0.9557355641857984,0.9997482619218865,0.0,6.879744774186551e-05
2012-08-28,-0.0003641392743558569,0.9553875433309797,0.9987071348621771,0.0,6.868211714289633e-05
2012-08-29,-0.0003117787697934915,0.955089673778044,0.9952210523345717,0.0,6.855202698662611e-05
2012-08-30,0.003591789782665611,0.9585201551098494,0.9782651663542979,0.0,6.758471829819169e-05
2012-08-31,-0.00112716156163295,0.9574397480349591,0.9882790159305734,0.0,6.823952021595085e-05
2012-09-04,0.0004790089377053608,0.9578983702315823,0.9825943626887699,0.0,6.759559807733795e-05
2012-09-05,-0.000637831094895458,0.957287392865299,0.9795484086789928,0.0,6.760500827888446e-05
2012-09-06,-0.00501673078861864,0.9524849397279551,1.0077992737111159,0.0,6.936207927050272e-05
2012-09-07,0.0009419465869444643,0.9533821296660479,1.0254401486491436,0.0,7.065428799818695e-05
2012-09-10,-0.0009367913605534683,0.9524890095236707,1.0161801570969333,0.0,6.99900412992834e-05
2012-09-11,-0.0016342587987270285,0.9509323959791658,1.029662125983798,0.0,7.084291856760551e-05
2012-09-12,-0.0020528025520054616,0.9489803195299151,1.037618293675072,0.0,7.159963249221566e-05
2012-09-13,0.0025348047425304276,0.9513857993444277,1.0558791187461027,0.0,7.274531683797847e-05
2012-09-14,-0.0008628095727135632,0.9505649345694096,1.0680513724986849,0.0,7.332412091913476e-05
2012-09-17,-0.0017517214367205325,0.9488998095965295,1.061760592768018,0.0,7.298761346495844e-05
2012-09-18,0.002717257957561614,0.9514782151550845,0.0,1.0548759490458397,0.0
2012-09-19,-0.002122720043534976,0.9494584932767879,1.0029786029184442,0.9995002498750625,6.774801485653991e-05
2012-09-20,0.0009907088092033778,0.9503991301700501,0.9957740116592733,0.0,6.730964743817926e-05
2012-09-21,0.0006520052676237675,0.9510187954092659,0.9964667295450366,0.0,6.743112895668206e-05
2012-09-24,0.0014925562148300209,0.9524382444227741,0.992601125017687,0.0,6.696908630293529e-05
2012-09-25,-0.0025063978119549413,0.9500510552909307,0.9847534118325993,0.0,6.663043700533564e-05
2012-09-26,0.003584585573200183,0.9534565945975302,0.9736937958610675,0.0,6.587523492713378e-05
2012-09-27,-1.2385746060439295e-05,0.9534447853262699,0.9870105826370641,0.0,6.653997459461105e-05
2012-09-28,0.008442236924004476,0.9614939920979507,0.9652162758564474,0.0,6.499932512238216e-05
2012-10-01,-0.0003016218319591424,0.9612039845186364,0.9741020262915153,0.0,6.543760836497563e-05
2012-10-02,-0.0016100937792761227,0.9596563559625475,0.9784455957622231,0.0,6.576813559661114e-05
2012-10-03,-0.0006615338274594817,0.9590215108203418,0.9739683869722806,0.0,6.537398407892624e-05
2012-10-04,-0.002362825014519121,0.9567555108051136,0.9873841250090968,0.0,6.641882014484085e-05
2012-10-05,-0.0007885762344260749,0.9560010361471365,0.9888860231669789,0.0,6.664928850582236e-05
2012-10-08,-0.0005543689525068229,0.9554710588541322,0.9823349153221118,0.0,6.627666896666466e-05
2012-10-09,0.0048133492381723375,0.9600700747473634,0.9664468019242817,0.0,6.503167919843666e-05
2012-10-10,-0.0010739374745625252,0.9590390195158861,0.9633880733385092,0.0,6.469774025939138e-05
2012-10-11,0.00031760134645719695,0.9593436115997893,0.9704610640432441,0.0,6.52728354071862e-05
2012-10-12,-0.0007754003845282798,0.95859973619446,0.9692677665965614,0.0,6.524997245200787e-05
2012-10-15,-0.0029669292896375987,0.9557556385601058,0.9799821924897701,0.0,6.59809787321146e-05
2012-10-16,-0.004849896843014956,0.9511203223059594,0.9984235655780661,0.0,6.728957357784643e-05
2012-10-17,-0.0020670504918162136,0.9491543085759605,0.0,1.0040336204265763,0.0
2012-10-18,0.0006070213039228722,0.9497304654619763,0.9996681378421115,0.9995002498750625,6.482339414622217e-05
2012-10-19,0.0002499769777521976,0.9499678762134116,0.9850598986641182,0.0,6.399511180411038e-05
2012-10-22,0.0004895757513885268,0.9504329574502037,0.9926624196233096,0.0,6.432880757804224e-05
2012-10-23,0.0022439592676521958,0.9525656902933561,0.9696069161036736,0.0,6.269483296040923e-05
2012-10-24,7.150967640501271e-05,0.9526338079576235,0.9702652769108663,0.0,6.278035723032565e-05
2012-10-25,0.0016212966781885552,0.9541783099859953,0.976693143955454,0.0,6.31835621945366e-05
2012-10-26,-0.0027154989853808154,0.9515872397533559,0.9751095663527671,0.0,6.308465895700141e-05
2012-10-31,-0.00031413792847079236,0.9512883101091005,0.9743728833618192,0.0,6.323192257834754e-05
2012-11-01,0.0009276607623940336,0.952170782948113,0.9869223054576354,0.0,6.379044514599038e-05
2012-11-02,0.0027085180151036337,0.9547497546671833,0.976762364987474,0.0,6.303565862346932e-05
2012-11-05,0.003369344889008641,0.9579666358733533,0.9743471989509574,0.0,6.284663953471211e-05
2012-11-06,-0.0015416294104024786,0.9564898063333066,0.9844136641756166,0.0,6.333523412740784e-05
2012-11-07,0.000509134161334579,0.9569767879686792,0.9685418291922212,0.0,6.230502749867926e-05
2012-11-08,-0.0009150712637150393,0.9561010860099668,0.9591193411070648,0.0,6.173168445445195e-05
2012-11-09,0.0005999788036370468,0.9566747263957072,0.9595991065352599,0.0,6.171610826819425e-05
2012-11-12,0.0019411495648469224,0.9585317751245503,0.9589532928705662,0.0,6.172289682031136e-05
2012-11-13,-0.0014687800584320954,0.9571239027678738,0.9538380350664688,0.0,6.142602849756659e-05
2012-11-14,-0.0014042903441656707,0.9557798229130468,0.9429952729383967,0.0,6.092624951418973e-05
2012-11-15,-0.000232828112034289,0.9555572905013574,0.9463940565436151,0.0,6.122874080338668e-05
2012-11-16,0.001523200601327046,0.9570127959408514,0.945946297171819,0.0,6.114790374699455e-05
2012-11-19,-0.0035059574561701057,0.9536575497932724,0.0,0.9596004394155534,0.0
2012-11-20,0.0,0.9536575497932724,0.0,0.0,0.0
2012-11-21,0.0,0.9536575497932724,0.0,0.0,0.0
2012-11-23,0.0,0.9536575497932724,0.0,0.0,0.0
2012-11-26,0.0,0.9536575497932724,0.0,0.0,0.0
2012-11-27,0.0,0.9536575497932724,0.0,0.0,0.0
2012-11-28,0.0,0.9536575497932724,0.0,0.0,0.0
2012-11-29,0.0,0.9536575497932724,0.0,0.0,0.0
2012-11-30,-0.00216634903290025,0.9515915946825597,1.0008481976394252,0.9995002498750624,6.410396123960565e-05
2012-12-03,-0.0009709065715685083,0.950667688149833,1.0022865458603052,0.0,6.431040219235875e-05
2012-12-04,-0.00011217723523904155,0.9505610448769453,1.005098168178015,0.0,6.454353352006909e-05
2012-12-05,0.004122224988596823,0.9544794713693238,1.0067047048827336,0.0,6.435833074083492e-05
2012-12-06,0.0023816833466934195,0.9567527392310448,1.0088973902140514,0.0,6.452811640876273e-05
2012-12-07,0.0011677168552841621,0.9578699555309841,1.0093405679033316,0.0,6.42523102405009e-05
2012-12-10,0.0019832057572126693,0.9597696087414542,1.0105519834379584,0.0,6.428521055214692e-05
2012-12-11,-0.0007668921990757749,0.9590335689156004,1.0168482811714117,0.0,6.469963451542983e-05
2012-12-12,-0.0003911696200521453,0.9586584241188305,1.0204209009990854,0.0,6.488672776909148e-05
2012-12-13,-0.000492484639043278,0.9581862995708625,1.0171868521532308,0.0,6.466584559585938e-05
2012-12-14,7.106606566043006e-05,0.9582543941013428,1.0211430723730737,0.0,6.495207019152219e-05
2012-12-17,-0.0010978872371482096,0.9572023388321178,1.0257129826692173,0.0,6.52790701515102e-05
2012-12-18,-0.002444645997917938,0.9548623179652942,1.0372943479319499,0.0,6.617533425050924e-05
2012-12-19,-0.002262092820574546,0.9527023307711877,1.0414034124987637,0.0,6.663398573334096e-05
2012-12-20,-0.0009435489083708948,0.9518034095269862,1.0490369661049308,0.0,6.710489848610862e-05
2012-12-21,-0.002150533804767374,0.9497565241193056,1.0422613359714339,0.0,6.666273159000222e-05
2012-12-24,0.00042100368777475694,0.9501563751184479,1.0393336537319715,0.0,6.659465220890595e-05
2012-12-26,0.0014782188403381635,0.9515609141734154,1.0391438783174562,0.0,6.643308527490001e-05
2012-12-27,6.739397248911594e-05,0.951625043643487,1.0443596610924555,0.0,6.678918019082423e-05
2012-12-28,0.007654782135788851,0.9589095260275385,1.0322911560798176,0.0,6.57613987310637e-05
2012-12-31,-0.0022276577233223405,0.9567734038159159,0.0,1.0368761634320152,0.0
2013-01-02,0.0,0.9567734038159159,0.0,0.0,0.0
2013-01-03,0.0,0.9567734038159159,0.0,0.0,0.0
2013-01-04,0.0,0.9567734038159159,0.0,0.0,0.0
2013-01-07,0.0,0.9567734038159159,0.0,0.0,0.0
2013-01-08,0.0,0.9567734038159159,0.0,0.0,0.0
2013-01-09,0.0,0.9567734038159159,0.0,0.0,0.0
2013-01-10,0.0,0.9567734038159159,0.0,0.0,0.0
2013-01-11,0.0,0.9567734038159159,0.0,0.0,0.0
2013-01-14,0.0,0.9567734038159159,0.0,0.0,0.0
2013-01-15,0.0,0.9567734038159159,0.0,0.0,0.0
2013-01-16,0.0,0.9567734038159159,0.0,0.0,0.0
2013-01-17,0.0,0.9567734038159159,0.0,0.0,0.0
2013-01-18,0.0,0.9567734038159159,0.0,0.0,0.0
2013-01-22,0.0,0.9567734038159159,0.0,0.0,0.0
2013-01-23,0.0,0.9567734038159159,0.0,0.0,0.0
2013-01-24,0.0,0.9567734038159159,0.0,0.0,0.0
2013-01-25,0.0,0.9567734038159159,0.0,0.0,0.0
2013-01-28,-0.0020841056705731553,0.9547793869395695,0.9988521092441888,0.9995002498750625,6.0224915044597905e-05
2013-01-29,0.001983784330728433,0.9566734633266827,1.0058054042236622,0.0,6.065959280577376e-05
2013-01-30,-0.0029284451085153096,0.9538718976025573,1.0069201656039835,0.0,6.084803064232174e-05
2013-01-31,0.0028503594229802864,0.9565907753542049,1.003170568361207,0.0,6.057380929273012e-05
2013-02-01,-0.0008625506053435705,0.9557656674018571,1.011338584174864,0.0,6.09934121620135e-05
2013-02-04,0.002553168441376874,0.9582058981412189,0.9929668101777465,0.0,5.980649867230612e-05
2013-02-05,-0.0018227475521569447,0.9564593306859197,0.9976660497985632,0.0,6.0004548221839876e-05
2013-02-06,-0.0005340641249369504,0.9559485200704392,0.9975526458053396,0.0,6.009189433917724e-05
2013-02-07,-0.0002919502317224598,0.9556694306784899,0.9893342695752971,0.0,5.970280268462544e-05
2013-02-08,0.0003362312954546809,0.9559907566491934,0.9957763428288848,0.0,6.009499171850529e-05
2013-02-11,0.0002332076378490644,0.9562137009953572,0.9948031189158145,0.0,6.0050976264616155e-05
2013-02-12,-0.0012153453268399783,0.9550515711423921,0.9998612180843097,0.0,6.029626806030019e-05
2013-02-13,0.0011987424830288695,0.956196432034204,1.0023348035338806,0.0,6.047437161066167e-05
2013-02-14,0.002473399567435086,0.9585614878755804,0.9968875638454666,0.0,5.9942653848338567e-05
2013-02-15,-0.0005579833621462971,0.9580266265137516,0.9943652152369502,0.0,5.980971671929251e-05
2013-02-19,-0.0049890175556327465,0.9532470148553108,1.006326787399385,0.0,6.0769388176528356e-05
2013-02-20,0.0005712823997847671,0.9537915880975449,0.9963619252576006,0.0,6.0174296179983856e-05
2013-02-21,0.0008054732146287602,0.9545598416740957,0.9812311920533696,0.0,5.917714636076134e-05
2013-02-22,-0.0050930956380116355,0.9496981771082442,0.9955984950413239,0.0,6.015077870815485e-05
2013-02-25,0.005547120627807933,0.954966267456673,0.9715210870712626,0.0,5.891050336471873e-05
2013-02-26,-0.002888669299115909,0.9522076857181796,0.0,0.9816588923631294,0.0
2013-02-27,0.0,0.9522076857181796,0.0,0.0,0.0
2013-02-28,0.0,0.9522076857181796,0.0,0.0,0.0
2013-03-01,-6.37511842001004e-05,0.9521469813506106,1.0049536616730603,0.9995002498750624,5.645046413281372e-05
2013-03-04,-0.0071214519569718915,0.9453663123669465,1.0091567369985193,0.0,5.696230700730564e-05
2013-03-05,0.0015922723105024073,0.94687159296941,1.0187205649839057,0.0,5.758104687273415e-05
2013-03-06,0.001299132037132944,0.9481017041908878,1.0212130017814463,0.0,5.769521745519511e-05
2013-03-07,2.5651797732839654e-05,0.9481260247040338,1.0240569345039325,0.0,5.787641696827187e-05
2013-03-08,0.0035528588822806295,0.951494582672425,1.0261531330225342,0.0,5.7762408428807404e-05
2013-03-11,-0.004471234106635413,0.9472402276421013,1.0292823405824987,0.0,5.8012028589182724e-05
2013-03-12,-0.003755681565027813,0.943682694981493,1.0245097427231138,0.0,5.802245179666505e-05
2013-03-13,-0.004386256751997442,0.9395434603888874,1.0231871029656723,0.0,5.800472588024362e-05
2013-03-14,-0.0026210794221218636,0.9370808423586728,1.0329274033165559,0.0,5.8853097213349364e-05
2013-03-15,-0.005910152461006346,0.9315425517120448,1.0351847613874767,0.0,5.937035419677192e-05
2013-03-18,-0.0005650714648302024,0.9310161635977973,1.02424509869725,0.0,5.879816451119389e-05
2013-03-19,-0.002315709589965187,0.9288602005393413,1.0213480562273982,0.0,5.8710976502341836e-05
2013-03-20,-5.642846882369934e-05,0.9288077863804736,1.0274326980900628,0.0,5.91194281621314e-05
2013-03-21,-0.0009421746763964567,0.9279326872049061,1.01847225481563,0.0,5.853415852192858e-05
2013-03-22,-0.0023185816965944905,0.925781199460681,1.0271369374834665,0.0,5.92727761296807e-05
2013-03-25,0.005649093052213283,0.931011023602424,1.0146887467922114,0.0,5.8390173722879325e-05
2013-03-26,0.004372685986157698,0.9350820424582886,1.0208329874614948,0.0,5.845151389425794e-05
2013-03-27,0.0043484599696892445,0.9391482092882938,1.0160012997053738,0.0,5.7945736705666945e-05
2013-03-28,-0.0012568069232220536,0.9379678813169287,1.0207193191018569,0.0,5.824702330667357e-05
2013-04-01,0.0022664569409274193,0.9400937451319065,0.0,1.0138870192956986,0.0
2013-04-02,-0.0030677340046471047,0.9372097875824092,0.9995987442820683,0.9995002498750625,5.2846068482278986e-05
2013-04-03,-0.004404749958131782,0.933081612809795,0.9952392929501389,0.0,5.288897202514901e-05
2013-04-04,-0.005586235950381546,0.9278691987596769,1.003219450898406,0.0,5.356106247138774e-05
2013-04-05,0.0006884613928797023,0.9285080008806652,0.9991439016764956,0.0,5.36804895318037e-05
2013-04-08,-0.0008862915913808722,0.9276850720469548,1.0027156316942216,0.0,5.377975292899656e-05
2013-04-09,0.0037640481353029553,0.9311769233125415,1.0059597671801044,0.0,5.3866179644997746e-05
2013-04-10,-0.001488417853505175,0.9297909429551111,1.0194551474279006,0.0,5.452210334172152e-05
2013-04-11,-0.0031140903675931364,0.9268954899357793,1.0267676926464075,0.0,5.513056611411529e-05
2013-04-12,-0.007513143601079464,0.9199315910166989,1.0247112660236224,0.0,5.527493485920059e-05
2013-04-15,-0.004483476991520852,0.9158070988946023,1.0064363365300881,0.0,5.442275918007121e-05
2013-04-16,0.004693245655553291,0.9201052065828144,1.0194177924562349,0.0,5.507809394388823e-05
2013-04-17,0.0007825834245409613,0.92082526566632,1.0001912952829703,0.0,5.3946409901980266e-05
2013-04-18,0.0013333647651589953,0.9220530616304276,0.9974741468887158,0.0,5.3653445918545364e-05
2013-04-19,0.004315075853192019,0.9260317905320308,1.0047419394653931,0.0,5.389444198246709e-05
2013-04-22,0.0006807821921546164,0.926662216484394,1.0086217406393778,0.0,5.404088833767676e-05
2013-04-23,-0.0038382148099068703,0.9231054878413024,1.0216241356798939,0.0,5.513536132450239e-05
2013-04-24,-0.0007290505118942026,0.9224324973128594,1.0296958864353907,0.0,5.563931651779473e-05
2013-04-25,0.002538563229294244,0.9247741505320439,1.0345872029707808,0.0,5.584890070554111e-05
2013-04-26,-0.006146293804865088,0.9190902168997295,1.0356295460318663,0.0,5.592835641840397e-05
2013-04-29,-0.00020344001616934282,0.9189032371711423,1.0477402318087918,0.0,5.669194520716566e-05
2013-04-30,0.0016332213407792562,0.9204040095482013,0.0,1.047329120503197,0.0
2013-05-01,-0.0028316927620464227,0.9177977081762052,0.9940632035974925,0.9995002498750625,5.088960411613041e-05
2013-05-02,0.003115035760667517,0.9206566808582327,0.9967702836542666,0.0,5.1017080394887744e-05
2013-05-03,-0.0007963778109115749,0.9199234903061297,1.0077949251401264,0.0,5.171266137286501e-05
2013-05-06,0.0012946289560196167,0.9211144498940026,1.0067262980619809,0.0,5.15637293076665e-05
2013-05-07,0.003332819885296656,0.9241843584492435,1.0081384686609751,0.0,5.1593081827936204e-05
2013-05-08,-0.0001575335091020813,0.9240387684441997,1.0173202523278877,0.0,5.204379441030349e-05
2013-05-09,-2.9312189418928547e-05,0.9240116828447886,1.0089348414588346,0.0,5.149034929488447e-05
2013-05-10,-0.004994943384820538,0.9193962968020661,1.010004984551445,0.0,5.178491263392295e-05
2013-05-13,-0.005115574566210701,0.9146930564898772,1.0096892072554409,0.0,5.2000183375447805e-05
2013-05-14,0.0017591163840575685,0.9163021080319322,1.0113980745947435,0.0,5.2060058452452324e-05
2013-05-15,-0.0018030719521313632,0.914649949401261,1.0152437864493882,0.0,5.238254954944888e-05
2013-05-16,0.0009649362290338193,0.9155325282743223,1.0092783369245073,0.0,5.1966860378374425e-05
2013-05-17,-0.0005390598028747196,0.9150390014901053,1.0153417844813848,0.0,5.233185258272766e-05
2013-05-20,-0.0010402622377621018,0.9140871209707756,1.02030412727045,0.0,5.2727423993192625e-05
2013-05-21,-0.0021545819098987007,0.9121176453958606,1.0222225402693694,0.0,5.283615465872345e-05
2013-05-22,-0.0019459292467880474,0.9103427289931734,1.0133335608192573,0.0,5.237304099148612e-05
2013-05-23,0.002006084602251601,0.9121689535245783,1.0007483263377952,0.0,5.170485151397727e-05
2013-05-24,-0.0011836437072525463,0.9110892704827878,0.9932255092327462,0.0,5.1206486368789994e-05
2013-05-28,0.0018853660963615848,0.9128070073041148,0.9955297755963315,0.0,5.1282450154106375e-05
2013-05-29,-0.003089313765795687,0.9099870600509354,0.9872807740780127,0.0,5.0855110882879755e-05
2013-05-30,-0.0013623352723796112,0.908747352581619,0.0,0.987409988750271,0.0
2013-05-31,-0.0034681257812738675,0.9055957024594663,0.9940253162568455,0.9995002498750623,4.8780562321182135e-05
2013-06-03,0.0070058332528770695,0.9119401549454195,0.9972425732568192,0.0,4.9002473884544625e-05
2013-06-04,-0.008708756756186875,0.9039982899598005,1.000284791239237,0.0,4.9151429490557476e-05
2013-06-05,-0.0012785247425387558,0.9028425057788741,0.9817956071917961,0.0,4.813579829871147e-05
2013-06-06,0.00251034278389084,0.9051089499482461,0.9864098257282853,0.0,4.867178791152339e-05
2013-06-07,-0.008500726279319304,0.8974148665117739,0.9973948789888882,0.0,4.93383279522951e-05
2013-06-10,-0.008315650198715385,0.8899522783987351,0.9982591753548999,0.0,4.9950408916626005e-05
2013-06-11,-0.005835370954601071,0.8847590767223861,0.9879292083460297,0.0,4.971976593580281e-05
2013-06-12,-0.0034687528994170602,0.8816900661097198,0.9869527897100864,0.0,4.967591917332931e-05
2013-06-13,0.005611332316780793,0.8866375220710658,0.9998002564382542,0.0,5.066857815675451e-05
2013-06-14,-0.0045380794826810344,0.88261389052358,0.9905785336199587,0.0,4.970923333978248e-05
2013-06-17,-0.0008654511241352747,0.881850031339849,1.002711559636398,0.0,5.077550851474353e-05
2013-06-18,-0.0006039323371038741,0.8813174535894468,1.008813337048679,0.0,5.1272153000702934e-05
2013-06-19,-0.00991191929867874,0.8725819061129512,0.9927551908488513,0.0,5.040040748066754e-05
2013-06-20,-0.00981933310860672,0.8640137337122851,0.9611646772203798,0.0,4.9070808985538636e-05
2013-06-21,0.006445911617833255,0.8695830898763885,0.964171544751766,0.0,4.9343629550575873e-05
2013-06-24,-0.004758244118839405,0.8654454012531421,0.9510127928861563,0.0,4.864087759214246e-05
2013-06-25,0.006268287909432457,0.870870262198091,0.9617594352690552,0.0,4.897024549677612e-05
2013-06-26,0.006993208518158545,0.8769604395339057,0.9653251771306931,0.0,4.902470646736295e-05
2013-06-27,0.006970183532691632,0.883073014748367,0.9738075036387207,0.0,4.9134402617414384e-05
2013-06-28,-0.004030575215799526,0.8795137225413808,0.0,0.9722768184373528,0.0
2013-07-01,-0.001604802340186673,0.8781022768612201,1.0005651920617715,0.9995002498750624,5.809383130686042e-05
2013-07-02,-0.006751234375503734,0.8721740025844665,0.9956929107995979,0.0,5.7942889711965304e-05
2013-07-03,-0.00489815230896351,0.8679019614798895,0.9960724573601957,0.0,5.8503957490574314e-05
2013-07-05,-0.005585174804274673,0.8630545773120515,1.0007520784356962,0.0,5.902039385661843e-05
2013-07-08,-0.0024806586845114165,0.860913633479635,1.0070196749371993,0.0,5.967796805981775e-05
2013-07-09,0.0038048788322202487,0.8641893055400315,1.0125484171562935,0.0,5.994186130793146e-05
2013-07-10,-0.006367226522648872,0.8586868164732074,1.0156270544649797,0.0,6.0133456617827156e-05
2013-07-11,0.01173783995300437,0.8687659448947247,1.04147254168059,0.0,6.136313783964416e-05
2013-07-12,-0.002269638955779474,0.8667941598627371,1.0347791394378378,0.0,6.094578659025848e-05
2013-07-15,0.0021410763207496686,0.8686500323133833,1.0410874108307828,0.0,6.127374475418967e-05
2013-07-16,0.0024239232072666983,0.8707555732857006,1.0403672972726994,0.0,6.105151145964427e-05
2013-07-17,0.0032158392726377993,0.8735557832551409,1.043356803540354,0.0,6.11745347891214e-05
2013-07-18,-0.009720096382112242,0.8650647368467494,1.0507068634197403,0.0,6.169700217983178e-05
2013-07-19,-0.0011126623825141735,0.8641022118556205,1.0499664225213747,0.0,6.189252032430427e-05
2013-07-22,0.002269862464279404,0.8660636050316124,1.0557418149694011,0.0,6.23616639490937e-05
2013-07-23,0.004601482895049802,0.8700487818961906,1.0577658236603484,0.0,6.215116621265015e-05
2013-07-24,-0.004863272143207253,0.8658174978919635,1.0567392943593477,0.0,6.211698371347541e-05
2013-07-25,0.0020002877090812277,0.8675493819913043,1.0587411044993147,0.0,6.223060854366895e-05
2013-07-26,0.0019811856055680366,0.8692681583390249,1.052199151138043,0.0,6.180064443124484e-05
2013-07-29,-0.001803524305922899,0.8677004120870957,1.042434779879236,0.0,6.11668146037101e-05
2013-07-30,-0.0002475610443669618,0.8674856032668817,0.0,1.046697906903519,0.0
2013-07-31,0.0,0.8674856032668817,0.0,0.0,0.0
2013-08-01,0.0,0.8674856032668817,0.0,0.0,0.0
2013-08-02,0.0,0.8674856032668817,0.0,0.0,0.0
2013-08-05,0.0,0.8674856032668817,0.0,0.0,0.0
2013-08-06,0.0,0.8674856032668817,0.0,0.0,0.0
2013-08-07,0.0,0.8674856032668817,0.0,0.0,0.0
2013-08-08,0.0,0.8674856032668817,0.0,0.0,0.0
2013-08-09,0.0,0.8674856032668817,0.0,0.0,0.0
2013-08-12,0.0,0.8674856032668817,0.0,0.0,0.0
2013-08-13,0.0,0.8674856032668817,0.0,0.0,0.0
2013-08-14,0.0,0.8674856032668817,0.0,0.0,0.0
2013-08-15,0.0,0.8674856032668817,0.0,0.0,0.0
2013-08-16,0.0,0.8674856032668817,0.0,0.0,0.0
2013-08-19,0.0,0.8674856032668817,0.0,0.0,0.0
2013-08-20,0.0,0.8674856032668817,0.0,0.0,0.0
2013-08-21,0.0,0.8674856032668817,0.0,0.0,0.0
2013-08-22,0.0,0.8674856032668817,0.0,0.0,0.0
2013-08-23,0.0,0.8674856032668817,0.0,0.0,0.0
2013-08-26,0.0,0.8674856032668817,0.0,0.0,0.0
2013-08-27,0.0,0.8674856032668817,0.0,0.0,0.0
2013-08-28,0.0,0.8674856032668817,0.0,0.0,0.0
2013-08-29,0.0,0.8674856032668817,0.0,0.0,0.0
2013-08-30,0.0,0.8674856032668817,0.0,0.0,0.0
2013-09-03,0.0,0.8674856032668817,0.0,0.0,0.0
2013-09-04,0.0,0.8674856032668817,0.0,0.0,0.0
2013-09-05,0.0,0.8674856032668817,0.0,0.0,0.0
2013-09-06,0.0,0.8674856032668817,0.0,0.0,0.0
2013-09-09,0.0,0.8674856032668817,0.0,0.0,0.0
2013-09-10,0.0,0.8674856032668817,0.0,0.0,0.0
2013-09-11,0.0,0.8674856032668817,0.0,0.0,0.0
2013-09-12,0.0,0.8674856032668817,0.0,0.0,0.0
2013-09-13,0.0,0.8674856032668817,0.0,0.0,0.0
2013-09-16,0.0,0.8674856032668817,0.0,0.0,0.0
2013-09-17,0.0,0.8674856032668817,0.0,0.0,0.0
2013-09-18,0.0,0.8674856032668817,0.0,0.0,0.0
2013-09-19,0.0,0.8674856032668817,0.0,0.0,0.0
2013-09-20,0.0,0.8674856032668817,0.0,0.0,0.0
2013-09-23,0.0,0.8674856032668817,0.0,0.0,0.0
2013-09-24,0.0,0.8674856032668817,0.0,0.0,0.0
2013-09-25,0.0,0.8674856032668817,0.0,0.0,0.0
2013-09-26,0.0,0.8674856032668817,0.0,0.0,0.0
2013-09-27,0.0,0.8674856032668817,0.0,0.0,0.0
2013-09-30,0.0,0.8674856032668817,0.0,0.0,0.0
2013-10-01,0.0,0.8674856032668817,0.0,0.0,0.0
2013-10-02,0.0,0.8674856032668817,0.0,0.0,0.0
2013-10-03,0.0,0.8674856032668817,0.0,0.0,0.0
2013-10-04,0.0,0.8674856032668817,0.0,0.0,0.0
2013-10-07,0.0,0.8674856032668817,0.0,0.0,0.0
2013-10-08,0.0,0.8674856032668817,0.0,0.0,0.0
2013-10-09,0.0,0.8674856032668817,0.0,0.0,0.0
2013-10-10,0.0,0.8674856032668817,0.0,0.0,0.0
2013-10-11,0.0,0.8674856032668817,0.0,0.0,0.0
2013-10-14,0.0,0.8674856032668817,0.0,0.0,0.0
2013-10-15,0.0,0.8674856032668817,0.0,0.0,0.0
2013-10-16,0.0,0.8674856032668817,0.0,0.0,0.0
2013-10-17,0.0,0.8674856032668817,0.0,0.0,0.0
2013-10-18,0.0,0.8674856032668817,0.0,0.0,0.0
2013-10-21,0.0,0.8674856032668817,0.0,0.0,0.0
2013-10-22,0.0,0.8674856032668817,0.0,0.0,0.0
2013-10-23,0.0,0.8674856032668817,0.0,0.0,0.0
2013-10-24,0.0,0.8674856032668817,0.0,0.0,0.0
2013-10-25,0.0,0.8674856032668817,0.0,0.0,0.0
2013-10-28,0.0,0.8674856032668817,0.0,0.0,0.0
2013-10-29,0.0,0.8674856032668817,0.0,0.0,0.0
2013-10-30,0.0,0.8674856032668817,0.0,0.0,0.0
2013-10-31,0.0,0.8674856032668817,0.0,0.0,0.0
2013-11-01,0.0,0.8674856032668817,0.0,0.0,0.0
2013-11-04,0.0,0.8674856032668817,0.0,0.0,0.0
2013-11-05,0.0,0.8674856032668817,0.0,0.0,0.0
2013-11-06,0.0,0.8674856032668817,0.0,0.0,0.0
2013-11-07,0.0,0.8674856032668817,0.0,0.0,0.0
2013-11-08,0.0,0.8674856032668817,0.0,0.0,0.0
2013-11-11,0.0,0.8674856032668817,0.0,0.0,0.0
2013-11-12,0.0,0.8674856032668817,0.0,0.0,0.0
2013-11-13,0.0,0.8674856032668817,0.0,0.0,0.0
2013-11-14,0.0,0.8674856032668817,0.0,0.0,0.0
2013-11-15,0.0,0.8674856032668817,0.0,0.0,0.0
2013-11-18,0.0,0.8674856032668817,0.0,0.0,0.0
2013-11-19,0.0,0.8674856032668817,0.0,0.0,0.0
2013-11-20,0.0,0.8674856032668817,0.0,0.0,0.0
2013-11-21,0.0,0.8674856032668817,0.0,0.0,0.0
2013-11-22,0.0,0.8674856032668817,0.0,0.0,0.0
2013-11-25,0.0,0.8674856032668817,0.0,0.0,0.0
2013-11-26,0.0,0.8674856032668817,0.0,0.0,0.0
2013-11-27,0.0,0.8674856032668817,0.0,0.0,0.0
2013-11-29,0.0,0.8674856032668817,0.0,0.0,0.0
2013-12-02,0.0,0.8674856032668817,0.0,0.0,0.0
2013-12-03,0.0,0.8674856032668817,0.0,0.0,0.0
2013-12-04,0.0,0.8674856032668817,0.0,0.0,0.0
2013-12-05,0.0,0.8674856032668817,0.0,0.0,0.0
2013-12-06,0.0,0.8674856032668817,0.0,0.0,0.0
2013-12-09,0.0,0.8674856032668817,0.0,0.0,0.0
2013-12-10,0.0,0.8674856032668817,0.0,0.0,0.0
2013-12-11,0.0,0.8674856032668817,0.0,0.0,0.0
2013-12-12,0.0,0.8674856032668817,0.0,0.0,0.0
2013-12-13,0.0,0.8674856032668817,0.0,0.0,0.0
2013-12-16,0.0,0.8674856032668817,0.0,0.0,0.0
2013-12-17,0.0,0.8674856032668817,0.0,0.0,0.0
2013-12-18,0.0,0.8674856032668817,0.0,0.0,0.0
2013-12-19,0.0,0.8674856032668817,0.0,0.0,0.0
2013-12-20,0.0,0.8674856032668817,0.0,0.0,0.0
2013-12-23,0.0,0.8674856032668817,0.0,0.0,0.0
2013-12-24,0.0,0.8674856032668817,0.0,0.0,0.0
2013-12-26,0.0,0.8674856032668817,0.0,0.0,0.0
2013-12-27,0.0,0.8674856032668817,0.0,0.0,0.0
2013-12-30,0.0,0.8674856032668817,0.0,0.0,0.0
2013-12-31,0.0,0.8674856032668817,0.0,0.0,0.0
2014-01-02,0.0,0.8674856032668817,0.0,0.0,0.0
2014-01-03,0.0,0.8674856032668817,0.0,0.0,0.0
2014-01-06,0.0,0.8674856032668817,0.0,0.0,0.0
2014-01-07,0.0,0.8674856032668817,0.0,0.0,0.0
2014-01-08,0.0,0.8674856032668817,0.0,0.0,0.0
2014-01-09,0.0,0.8674856032668817,0.0,0.0,0.0
2014-01-10,0.0,0.8674856032668817,0.0,0.0,0.0
2014-01-13,0.0,0.8674856032668817,0.0,0.0,0.0
2014-01-14,0.0,0.8674856032668817,0.0,0.0,0.0
2014-01-15,0.0,0.8674856032668817,0.0,0.0,0.0
2014-01-16,0.0,0.8674856032668817,0.0,0.0,0.0
2014-01-17,0.0,0.8674856032668817,0.0,0.0,0.0
2014-01-21,0.0,0.8674856032668817,0.0,0.0,0.0
2014-01-22,0.0,0.8674856032668817,0.0,0.0,0.0
2014-01-23,0.0,0.8674856032668817,0.0,0.0,0.0
2014-01-24,0.0,0.8674856032668817,0.0,0.0,0.0
2014-01-27,0.0,0.8674856032668817,0.0,0.0,0.0
2014-01-28,0.0,0.8674856032668817,0.0,0.0,0.0
2014-01-29,0.0,0.8674856032668817,0.0,0.0,0.0
2014-01-30,0.0,0.8674856032668817,0.0,0.0,0.0
2014-01-31,0.0,0.8674856032668817,0.0,0.0,0.0
2014-02-03,0.0,0.8674856032668817,0.0,0.0,0.0
2014-02-04,0.0,0.8674856032668817,0.0,0.0,0.0
2014-02-05,0.0,0.8674856032668817,0.0,0.0,0.0
2014-02-06,0.0,0.8674856032668817,0.0,0.0,0.0
2014-02-07,0.0,0.8674856032668817,0.0,0.0,0.0
2014-02-10,0.0,0.8674856032668817,0.0,0.0,0.0
2014-02-11,0.0,0.8674856032668817,0.0,0.0,0.0
2014-02-12,0.0,0.8674856032668817,0.0,0.0,0.0
2014-02-13,0.0,0.8674856032668817,0.0,0.0,0.0
2014-02-14,0.0,0.8674856032668817,0.0,0.0,0.0
2014-02-18,0.0,0.8674856032668817,0.0,0.0,0.0
2014-02-19,0.0,0.8674856032668817,0.0,0.0,0.0
2014-02-20,0.0,0.8674856032668817,0.0,0.0,0.0
2014-02-21,0.0,0.8674856032668817,0.0,0.0,0.0
2014-02-24,0.0,0.8674856032668817,0.0,0.0,0.0
2014-02-25,0.0,0.8674856032668817,0.0,0.0,0.0
2014-02-26,0.0,0.8674856032668817,0.0,0.0,0.0
2014-02-27,0.0,0.8674856032668817,0.0,0.0,0.0
2014-02-28,0.0,0.8674856032668817,0.0,0.0,0.0
2014-03-03,0.0,0.8674856032668817,0.0,0.0,0.0
2014-03-04,0.0,0.8674856032668817,0.0,0.0,0.0
2014-03-05,0.0,0.8674856032668817,0.0,0.0,0.0
2014-03-06,0.0,0.8674856032668817,0.0,0.0,0.0
2014-03-07,0.0,0.8674856032668817,0.0,0.0,0.0
2014-03-10,0.0,0.8674856032668817,0.0,0.0,0.0
2014-03-11,0.0,0.8674856032668817,0.0,0.0,0.0
2014-03-12,0.0,0.8674856032668817,0.0,0.0,0.0
2014-03-13,0.0,0.8674856032668817,0.0,0.0,0.0
2014-03-14,0.0,0.8674856032668817,0.0,0.0,0.0
2014-03-17,0.0,0.8674856032668817,0.0,0.0,0.0
2014-03-18,0.0,0.8674856032668817,0.0,0.0,0.0
2014-03-19,0.0,0.8674856032668817,0.0,0.0,0.0
2014-03-20,0.0,0.8674856032668817,0.0,0.0,0.0
2014-03-21,0.0,0.8674856032668817,0.0,0.0,0.0
2014-03-24,0.0,0.8674856032668817,0.0,0.0,0.0
2014-03-25,0.0,0.8674856032668817,0.0,0.0,0.0
2014-03-26,0.0,0.8674856032668817,0.0,0.0,0.0
2014-03-27,0.0,0.8674856032668817,0.0,0.0,0.0
2014-03-28,0.0,0.8674856032668817,0.0,0.0,0.0
2014-03-31,0.0,0.8674856032668817,0.0,0.0,0.0
2014-04-01,0.0,0.8674856032668817,0.0,0.0,0.0
2014-04-02,0.0,0.8674856032668817,0.0,0.0,0.0
2014-04-03,0.0,0.8674856032668817,0.0,0.0,0.0
2014-04-04,0.0,0.8674856032668817,0.0,0.0,0.0
2014-04-07,0.0,0.8674856032668817,0.0,0.0,0.0
2014-04-08,0.0,0.8674856032668817,0.0,0.0,0.0
2014-04-09,0.0,0.8674856032668817,0.0,0.0,0.0
2014-04-10,0.0,0.8674856032668817,0.0,0.0,0.0
2014-04-11,0.0,0.8674856032668817,0.0,0.0,0.0
2014-04-14,0.0,0.8674856032668817,0.0,0.0,0.0
2014-04-15,0.0,0.8674856032668817,0.0,0.0,0.0
2014-04-16,0.0,0.8674856032668817,0.0,0.0,0.0
2014-04-17,0.0,0.8674856032668817,0.0,0.0,0.0
2014-04-21,0.0,0.8674856032668817,0.0,0.0,0.0
2014-04-22,0.0,0.8674856032668817,0.0,0.0,0.0
2014-04-23,0.0,0.8674856032668817,0.0,0.0,0.0
2014-04-24,0.0,0.8674856032668817,0.0,0.0,0.0
2014-04-25,0.0,0.8674856032668817,0.0,0.0,0.0
2014-04-28,0.0,0.8674856032668817,0.0,0.0,0.0
2014-04-29,0.0,0.8674856032668817,0.0,0.0,0.0
2014-04-30,0.0,0.8674856032668817,0.0,0.0,0.0
2014-05-01,0.0,0.8674856032668817,0.0,0.0,0.0
2014-05-02,0.0,0.8674856032668817,0.0,0.0,0.0
2014-05-05,0.0,0.8674856032668817,0.0,0.0,0.0
2014-05-06,0.0,0.8674856032668817,0.0,0.0,0.0
2014-05-07,0.0,0.8674856032668817,0.0,0.0,0.0
2014-05-08,0.0,0.8674856032668817,0.0,0.0,0.0
2014-05-09,0.0,0.8674856032668817,0.0,0.0,0.0
2014-05-12,0.0,0.8674856032668817,0.0,0.0,0.0
2014-05-13,0.0,0.8674856032668817,0.0,0.0,0.0
2014-05-14,0.0,0.8674856032668817,0.0,0.0,0.0
2014-05-15,0.0,0.8674856032668817,0.0,0.0,0.0
2014-05-16,0.0,0.8674856032668817,0.0,0.0,0.0
2014-05-19,0.0,0.8674856032668817,0.0,0.0,0.0
2014-05-20,0.0,0.8674856032668817,0.0,0.0,0.0
2014-05-21,0.0,0.8674856032668817,0.0,0.0,0.0
2014-05-22,0.0,0.8674856032668817,0.0,0.0,0.0
2014-05-23,0.0,0.8674856032668817,0.0,0.0,0.0
2014-05-27,0.0,0.8674856032668817,0.0,0.0,0.0
2014-05-28,0.0,0.8674856032668817,0.0,0.0,0.0
2014-05-29,0.0,0.8674856032668817,0.0,0.0,0.0
2014-05-30,0.0,0.8674856032668817,0.0,0.0,0.0
2014-06-02,0.0,0.8674856032668817,0.0,0.0,0.0
2014-06-03,0.0,0.8674856032668817,0.0,0.0,0.0
2014-06-04,0.0,0.8674856032668817,0.0,0.0,0.0
2014-06-05,0.0,0.8674856032668817,0.0,0.0,0.0
2014-06-06,0.0,0.8674856032668817,0.0,0.0,0.0
2014-06-09,0.0,0.8674856032668817,0.0,0.0,0.0
2014-06-10,0.0,0.8674856032668817,0.0,0.0,0.0
2014-06-11,0.0,0.8674856032668817,0.0,0.0,0.0
2014-06-12,0.0,0.8674856032668817,0.0,0.0,0.0
2014-06-13,0.0,0.8674856032668817,0.0,0.0,0.0
2014-06-16,0.0,0.8674856032668817,0.0,0.0,0.0
2014-06-17,0.0,0.8674856032668817,0.0,0.0,0.0
2014-06-18,0.0,0.8674856032668817,0.0,0.0,0.0
2014-06-19,0.0,0.8674856032668817,0.0,0.0,0.0
2014-06-20,0.0,0.8674856032668817,0.0,0.0,0.0
2014-06-23,0.0,0.8674856032668817,0.0,0.0,0.0
2014-06-24,0.0,0.8674856032668817,0.0,0.0,0.0
2014-06-25,0.0,0.8674856032668817,0.0,0.0,0.0
2014-06-26,0.0,0.8674856032668817,0.0,0.0,0.0
2014-06-27,0.0,0.8674856032668817,0.0,0.0,0.0
2014-06-30,0.0,0.8674856032668817,0.0,0.0,0.0
2014-07-01,0.0,0.8674856032668817,0.0,0.0,0.0
2014-07-02,0.0,0.8674856032668817,0.0,0.0,0.0
2014-07-03,0.0,0.8674856032668817,0.0,0.0,0.0
2014-07-07,0.0,0.8674856032668817,0.0,0.0,0.0
2014-07-08,0.0,0.8674856032668817,0.0,0.0,0.0
2014-07-09,0.0,0.8674856032668817,0.0,0.0,0.0
2014-07-10,0.0,0.8674856032668817,0.0,0.0,0.0
2014-07-11,0.0,0.8674856032668817,0.0,0.0,0.0
2014-07-14,0.0,0.8674856032668817,0.0,0.0,0.0
2014-07-15,0.0,0.8674856032668817,0.0,0.0,0.0
2014-07-16,0.0,0.8674856032668817,0.0,0.0,0.0
2014-07-17,0.0,0.8674856032668817,0.0,0.0,0.0
2014-07-18,0.0,0.8674856032668817,0.0,0.0,0.0
2014-07-21,0.0,0.8674856032668817,0.0,0.0,0.0
2014-07-22,0.0,0.8674856032668817,0.0,0.0,0.0
2014-07-23,0.0,0.8674856032668817,0.0,0.0,0.0
2014-07-24,0.0,0.8674856032668817,0.0,0.0,0.0
2014-07-25,0.0,0.8674856032668817,0.0,0.0,0.0
2014-07-28,0.0,0.8674856032668817,0.0,0.0,0.0
2014-07-29,0.0,0.8674856032668817,0.0,0.0,0.0
2014-07-30,0.0,0.8674856032668817,0.0,0.0,0.0
2014-07-31,0.0,0.8674856032668817,0.0,0.0,0.0
2014-08-01,0.0,0.8674856032668817,0.0,0.0,0.0
2014-08-04,0.0,0.8674856032668817,0.0,0.0,0.0
2014-08-05,0.0,0.8674856032668817,0.0,0.0,0.0
2014-08-06,0.0,0.8674856032668817,0.0,0.0,0.0
2014-08-07,0.0,0.8674856032668817,0.0,0.0,0.0
2014-08-08,0.0,0.8674856032668817,0.0,0.0,0.0
2014-08-11,0.0,0.8674856032668817,0.0,0.0,0.0
2014-08-12,0.0,0.8674856032668817,0.0,0.0,0.0
2014-08-13,0.0,0.8674856032668817,0.0,0.0,0.0
2014-08-14,0.0,0.8674856032668817,0.0,0.0,0.0
2014-08-15,0.0,0.8674856032668817,0.0,0.0,0.0
2014-08-18,0.0,0.8674856032668817,0.0,0.0,0.0
2014-08-19,0.0,0.8674856032668817,0.0,0.0,0.0
2014-08-20,0.0,0.8674856032668817,0.0,0.0,0.0
2014-08-21,0.0,0.8674856032668817,0.0,0.0,0.0
2014-08-22,0.0,0.8674856032668817,0.0,0.0,0.0
2014-08-25,0.0,0.8674856032668817,0.0,0.0,0.0
2014-08-26,0.0,0.8674856032668817,0.0,0.0,0.0
2014-08-27,0.0,0.8674856032668817,0.0,0.0,0.0
2014-08-28,0.0,0.8674856032668817,0.0,0.0,0.0
2014-08-29,0.0,0.8674856032668817,0.0,0.0,0.0
2014-09-02,0.0,0.8674856032668817,0.0,0.0,0.0
2014-09-03,0.0,0.8674856032668817,0.0,0.0,0.0
2014-09-04,0.0,0.8674856032668817,0.0,0.0,0.0
2014-09-05,0.0,0.8674856032668817,0.0,0.0,0.0
2014-09-08,0.0,0.8674856032668817,0.0,0.0,0.0
2014-09-09,0.0,0.8674856032668817,0.0,0.0,0.0
2014-09-10,0.0,0.8674856032668817,0.0,0.0,0.0
2014-09-11,0.0,0.8674856032668817,0.0,0.0,0.0
2014-09-12,0.0,0.8674856032668817,0.0,0.0,0.0
2014-09-15,0.0,0.8674856032668817,0.0,0.0,0.0
2014-09-16,0.0,0.8674856032668817,0.0,0.0,0.0
2014-09-17,0.0,0.8674856032668817,0.0,0.0,0.0
2014-09-18,0.0,0.8674856032668817,0.0,0.0,0.0
2014-09-19,0.0,0.8674856032668817,0.0,0.0,0.0
2014-09-22,0.0,0.8674856032668817,0.0,0.0,0.0
2014-09-23,0.0,0.8674856032668817,0.0,0.0,0.0
2014-09-24,0.0,0.8674856032668817,0.0,0.0,0.0
2014-09-25,0.0,0.8674856032668817,0.0,0.0,0.0
2014-09-26,0.0,0.8674856032668817,0.0,0.0,0.0
2014-09-29,0.0,0.8674856032668817,0.0,0.0,0.0
2014-09-30,0.0,0.8674856032668817,0.0,0.0,0.0
2014-10-01,0.0,0.8674856032668817,0.0,0.0,0.0
2014-10-02,0.0,0.8674856032668817,0.0,0.0,0.0
2014-10-03,0.0,0.8674856032668817,0.0,0.0,0.0
2014-10-06,0.0,0.8674856032668817,0.0,0.0,0.0
2014-10-07,0.0,0.8674856032668817,0.0,0.0,0.0
2014-10-08,0.006815048835397963,0.8733975600171502,1.0068524200654088,0.9995002498750625,3.184586814231695e-05
2014-10-09,-0.015747593943563287,0.8596436498907012,0.9985238101442118,0.0,3.132527904530818e-05
2014-10-10,-0.005254392314865575,0.8551267449031925,0.9869363087785438,0.0,3.096267458932715e-05
2014-10-13,-0.003637438877838406,0.8520162736358022,0.9922287095373431,0.0,3.1310268284697426e-05
2014-10-14,0.00022374704136818302,0.8522069097562257,0.9953691598998035,0.0,3.1583726508581877e-05
2014-10-15,-0.001006607320600983,0.8513490720421983,0.9886573926786507,0.0,3.135251097610617e-05
2014-10-16,-0.0043936748619674,0.8476085210256072,0.9838229843570996,0.0,3.140434565752141e-05
2014-10-17,0.010497841543625874,0.8565065809703611,0.9898183164219981,0.0,3.1283638597012894e-05
2014-10-20,0.0037551317070676493,0.859722875989875,0.9914274222531523,0.0,3.1329313376497926e-05
2014-10-21,0.007604094603339773,0.8662602900715574,0.9936881950487167,0.0,3.1188466900834035e-05
2014-10-22,-0.0036499854035704216,0.8630984526571035,0.99024506014515,0.0,3.088753893268923e-05
2014-10-23,0.007057815518675348,0.8691900423104115,0.9902171109266029,0.0,3.081712881784007e-05
2014-10-24,0.0021485469163198267,0.8710575378955134,0.9939419545841713,0.0,3.0935829424999055e-05
2014-10-27,-0.00213351374886539,0.8691991246623605,0.9898982320128652,0.0,3.075544750432139e-05
2014-10-28,0.005878423337723371,0.8743086450819044,1.000335106244256,0.0,3.122470687049124e-05
2014-10-29,-0.00605165394107865,0.8690176317241753,1.001130289248656,0.0,3.12400897246702e-05
2014-10-30,0.0028144864507078093,0.8714634700740893,1.0060958271763198,0.0,3.180553118803757e-05
2014-10-31,0.012507989947949882,0.8823637263977815,1.0083024345290956,0.0,3.1457343537476956e-05
2014-11-03,-0.004248752801213618,0.8786147810435596,1.003974250396137,0.0,3.123704420642023e-05
2014-11-04,-0.004493114001449583,0.8746670646689723,1.0045282603353602,0.0,3.144966834527316e-05
2014-11-05,0.0032868894821063144,0.8775419986441775,0.0,1.0002390807591859,0.0
2014-11-06,0.0,0.8775419986441775,0.0,0.0,0.0
2014-11-07,0.0,0.8775419986441775,0.0,0.0,0.0
2014-11-10,0.0,0.8775419986441775,0.0,0.0,0.0
2014-11-11,0.0,0.8775419986441775,0.0,0.0,0.0
2014-11-12,0.0,0.8775419986441775,0.0,0.0,0.0
2014-11-13,0.0,0.8775419986441775,0.0,0.0,0.0
2014-11-14,0.0,0.8775419986441775,0.0,0.0,0.0
2014-11-17,0.0,0.8775419986441775,0.0,0.0,0.0
2014-11-18,0.0,0.8775419986441775,0.0,0.0,0.0
2014-11-19,0.0,0.8775419986441775,0.0,0.0,0.0
2014-11-20,0.0,0.8775419986441775,0.0,0.0,0.0
2014-11-21,0.0,0.8775419986441775,0.0,0.0,0.0
2014-11-24,0.0,0.8775419986441775,0.0,0.0,0.0
2014-11-25,0.0,0.8775419986441775,0.0,0.0,0.0
2014-11-26,0.0,0.8775419986441775,0.0,0.0,0.0
2014-11-28,0.0,0.8775419986441775,0.0,0.0,0.0
2014-12-01,0.0,0.8775419986441775,0.0,0.0,0.0
2014-12-02,0.0,0.8775419986441775,0.0,0.0,0.0
2014-12-03,0.0,0.8775419986441775,0.0,0.0,0.0
2014-12-04,0.0,0.8775419986441775,0.0,0.0,0.0
2014-12-05,0.0,0.8775419986441775,0.0,0.0,0.0
2014-12-08,0.0,0.8775419986441775,0.0,0.0,0.0
2014-12-09,0.0,0.8775419986441775,0.0,0.0,0.0
2014-12-10,0.0,0.8775419986441775,0.0,0.0,0.0
2014-12-11,0.0,0.8775419986441775,0.0,0.0,0.0
2014-12-12,0.0,0.8775419986441775,0.0,0.0,0.0
2014-12-15,0.0,0.8775419986441775,0.0,0.0,0.0
2014-12-16,0.0,0.8775419986441775,0.0,0.0,0.0
2014-12-17,0.0,0.8775419986441775,0.0,0.0,0.0
2014-12-18,0.0,0.8775419986441775,0.0,0.0,0.0
2014-12-19,0.0,0.8775419986441775,0.0,0.0,0.0
2014-12-22,0.0,0.8775419986441775,0.0,0.0,0.0
2014-12-23,0.0,0.8775419986441775,0.0,0.0,0.0
2014-12-24,0.0,0.8775419986441775,0.0,0.0,0.0
2014-12-26,0.0,0.8775419986441775,0.0,0.0,0.0
2014-12-29,0.0,0.8775419986441775,0.0,0.0,0.0
2014-12-30,0.0,0.8775419986441775,0.0,0.0,0.0
2014-12-31,0.0,0.8775419986441775,0.0,0.0,0.0
2015-01-02,0.0,0.8775419986441775,0.0,0.0,0.0
2015-01-05,0.0,0.8775419986441775,0.0,0.0,0.0
2015-01-06,-0.006564872657121912,0.8717810471718022,0.9973582945010264,0.9995002498750624,3.531293105590297e-05
2015-01-07,0.0012736796656045435,0.8728914169644444,1.0102953331766924,0.0,3.62968992864295e-05
2015-01-08,0.004319755419495586,0.8766620943935077,1.0206236680650058,0.0,3.689353915416271e-05
2015-01-09,-0.0024644146852157434,0.8745016354541124,1.0186703248100852,0.0,3.661076335310315e-05
2015-01-12,0.0008079019392859266,0.8752081470213045,1.013671893962548,0.0,3.633369983913249e-05
2015-01-13,0.0008669401461833814,0.8759669001002239,1.0190256480868398,0.0,3.650794830837863e-05
2015-01-14,-0.0003338402243411309,0.875674467113779,1.0156193579181059,0.0,3.6452171383897657e-05
2015-01-15,0.0037783724797983975,0.8789830914215839,1.0170024325950482,0.0,3.638214104932602e-05
2015-01-16,0.006629785034389268,0.8848105603665719,1.0220474288224894,0.0,3.667568097211674e-05
2015-01-20,0.0029012846522098457,0.8873776476654767,1.0210916734536877,0.0,3.619050311979896e-05
2015-01-21,-0.001132587254667916,0.8863726150516535,1.0346281249826617,0.0,3.7217065001675395e-05
2015-01-22,-0.003298199446374772,0.8834491813834084,1.046747020126726,0.0,3.8007548055207246e-05
2015-01-23,-0.001755690263394838,0.8818981182574495,1.042040933000252,0.0,3.767954504483924e-05
2015-01-26,0.009728225328611506,0.8904774218687365,1.0419818045265985,0.0,3.752911551371948e-05
2015-01-27,0.0027117498388165018,0.8928921738739587,1.0385225308363806,0.0,3.71417847731337e-05
2015-01-28,-0.007503675747099092,0.8861922005240861,1.0320341308535883,0.0,3.668260770110973e-05
2015-01-29,0.009836686387039828,0.8949093952792821,1.0317587271971749,0.0,3.675378122796869e-05
2015-01-30,-0.00300511568383266,0.8922200890199192,1.0149639080723123,0.0,3.566101274596987e-05
2015-02-02,0.003217658882397112,0.8950909489144072,1.025688950655748,0.0,3.6349289156383374e-05
2015-02-03,0.005732332255594219,0.9002219076325597,1.037017407359488,0.0,3.691005024835358e-05
2015-02-04,-0.003953566689231636,0.896662820285627,0.0,1.0363798733440015,0.0
2015-02-05,0.0,0.896662820285627,0.0,0.0,0.0
2015-02-06,0.0,0.896662820285627,0.0,0.0,0.0
2015-02-09,0.0,0.896662820285627,0.0,0.0,0.0
2015-02-10,0.0,0.896662820285627,0.0,0.0,0.0
2015-02-11,0.0,0.896662820285627,0.0,0.0,0.0
2015-02-12,0.0,0.896662820285627,0.0,0.0,0.0
2015-02-13,0.0,0.896662820285627,0.0,0.0,0.0
2015-02-17,0.0,0.896662820285627,0.0,0.0,0.0
2015-02-18,0.0,0.896662820285627,0.0,0.0,0.0
2015-02-19,0.0,0.896662820285627,0.0,0.0,0.0
2015-02-20,0.0,0.896662820285627,0.0,0.0,0.0
2015-02-23,0.0,0.896662820285627,0.0,0.0,0.0
2015-02-24,0.0,0.896662820285627,0.0,0.0,0.0
2015-02-25,0.0,0.896662820285627,0.0,0.0,0.0
2015-02-26,0.0,0.896662820285627,0.0,0.0,0.0
2015-02-27,0.0,0.896662820285627,0.0,0.0,0.0
2015-03-02,0.0,0.896662820285627,0.0,0.0,0.0
2015-03-03,0.0,0.896662820285627,0.0,0.0,0.0
2015-03-04,0.0,0.896662820285627,0.0,0.0,0.0
2015-03-05,0.0,0.896662820285627,0.0,0.0,0.0
2015-03-06,0.0,0.896662820285627,0.0,0.0,0.0
2015-03-09,0.0,0.896662820285627,0.0,0.0,0.0
2015-03-10,0.0,0.896662820285627,0.0,0.0,0.0
2015-03-11,0.0,0.896662820285627,0.0,0.0,0.0
2015-03-12,0.0,0.896662820285627,0.0,0.0,0.0
2015-03-13,0.0,0.896662820285627,0.0,0.0,0.0
2015-03-16,0.0,0.896662820285627,0.0,0.0,0.0
2015-03-17,0.0,0.896662820285627,0.0,0.0,0.0
2015-03-18,0.0,0.896662820285627,0.0,0.0,0.0
2015-03-19,0.0,0.896662820285627,0.0,0.0,0.0
2015-03-20,0.0,0.896662820285627,0.0,0.0,0.0
2015-03-23,0.0,0.896662820285627,0.0,0.0,0.0
2015-03-24,0.0,0.896662820285627,0.0,0.0,0.0
2015-03-25,0.0,0.896662820285627,0.0,0.0,0.0
2015-03-26,0.0,0.896662820285627,0.0,0.0,0.0
2015-03-27,0.0,0.896662820285627,0.0,0.0,0.0
2015-03-30,0.0,0.896662820285627,0.0,0.0,0.0
2015-03-31,0.0,0.896662820285627,0.0,0.0,0.0
2015-04-01,0.0,0.896662820285627,0.0,0.0,0.0
2015-04-02,0.0,0.896662820285627,0.0,0.0,0.0
2015-04-06,0.0,0.896662820285627,0.0,0.0,0.0
2015-04-07,0.0,0.896662820285627,0.0,0.0,0.0
2015-04-08,0.0,0.896662820285627,0.0,0.0,0.0
2015-04-09,0.0,0.896662820285627,0.0,0.0,0.0
2015-04-10,0.0,0.896662820285627,0.0,0.0,0.0
2015-04-13,0.0,0.896662820285627,0.0,0.0,0.0
2015-04-14,0.0,0.896662820285627,0.0,0.0,0.0
2015-04-15,0.0,0.896662820285627,0.0,0.0,0.0
2015-04-16,0.0,0.896662820285627,0.0,0.0,0.0
2015-04-17,0.0,0.896662820285627,0.0,0.0,0.0
2015-04-20,0.0,0.896662820285627,0.0,0.0,0.0
2015-04-21,0.0,0.896662820285627,0.0,0.0,0.0
2015-04-22,0.0,0.896662820285627,0.0,0.0,0.0
2015-04-23,0.0,0.896662820285627,0.0,0.0,0.0
2015-04-24,0.0,0.896662820285627,0.0,0.0,0.0
2015-04-27,0.0,0.896662820285627,0.0,0.0,0.0
2015-04-28,0.0,0.896662820285627,0.0,0.0,0.0
2015-04-29,0.0,0.896662820285627,0.0,0.0,0.0
2015-04-30,0.0,0.896662820285627,0.0,0.0,0.0
2015-05-01,0.0,0.896662820285627,0.0,0.0,0.0
2015-05-04,0.0,0.896662820285627,0.0,0.0,0.0
2015-05-05,0.0,0.896662820285627,0.0,0.0,0.0
2015-05-06,0.0,0.896662820285627,0.0,0.0,0.0
2015-05-07,0.0,0.896662820285627,0.0,0.0,0.0
2015-05-08,0.0,0.896662820285627,0.0,0.0,0.0
2015-05-11,0.0,0.896662820285627,0.0,0.0,0.0
2015-05-12,0.0,0.896662820285627,0.0,0.0,0.0
2015-05-13,0.0,0.896662820285627,0.0,0.0,0.0
2015-05-14,0.0,0.896662820285627,0.0,0.0,0.0
2015-05-15,0.0,0.896662820285627,0.0,0.0,0.0
2015-05-18,0.0,0.896662820285627,0.0,0.0,0.0
2015-05-19,0.0,0.896662820285627,0.0,0.0,0.0
2015-05-20,0.0,0.896662820285627,0.0,0.0,0.0
2015-05-21,0.0,0.896662820285627,0.0,0.0,0.0
2015-05-22,0.0,0.896662820285627,0.0,0.0,0.0
2015-05-26,0.0,0.896662820285627,0.0,0.0,0.0
2015-05-27,0.0,0.896662820285627,0.0,0.0,0.0
2015-05-28,0.0,0.896662820285627,0.0,0.0,0.0
2015-05-29,0.0,0.896662820285627,0.0,0.0,0.0
2015-06-01,0.0,0.896662820285627,0.0,0.0,0.0
2015-06-02,0.0,0.896662820285627,0.0,0.0,0.0
2015-06-03,0.0,0.896662820285627,0.0,0.0,0.0
2015-06-04,-0.0007739296189875899,0.895968866370763,0.9951563664437584,0.9995002498750624,6.931774099192978e-05
2015-06-05,0.005019578413494985,0.9004662523515612,0.9814564627423541,0.0,6.819438512961007e-05
2015-06-08,0.0006157256622121299,0.90102069253109,0.9799653109491474,0.0,6.80095004206467e-05
2015-06-09,0.0006299715496504987,0.9015883099330309,0.9737682230039856,0.0,6.760421365042732e-05
2015-06-10,-0.006113181748671259,0.8960767367319329,0.997712203310143,0.0,6.939257170064292e-05
2015-06-11,-0.00369576619727352,0.8927650466181558,1.000943500162269,0.0,6.99178461102098e-05
2015-06-12,0.004597177243734096,0.8968692457744699,0.9917178304997409,0.0,6.896371778724346e-05
2015-06-15,-0.0011648020964191153,0.895824570596778,0.9847573717292549,0.0,6.850483678616581e-05
2015-06-16,0.00020916309914920106,0.8960119440402581,0.9844780592133414,0.0,6.861371734835917e-05
2015-06-17,0.0037038284583597036,0.8993306185776246,0.9819818336317129,0.0,6.839206240716728e-05
2015-06-18,-0.0014520768539398876,0.8980247214023487,0.9923531238902602,0.0,6.880673537933145e-05
2015-06-19,-0.002243046127656023,0.8960104105284677,0.9895974864900514,0.0,6.893504596201148e-05
2015-06-22,-0.005099374551630231,0.8914413178430232,1.0116594322321821,0.0,7.058560062371839e-05
2015-06-23,0.0024574253541733704,0.8936319683392484,1.0148680978888522,0.0,7.079909749611076e-05
2015-06-24,0.002055306138586843,0.8954686556094136,1.0047252136974762,0.0,6.98733829364296e-05
2015-06-25,-0.001245265506278015,0.89435355938063,1.0042824971053985,0.0,7.002396221020235e-05
2015-06-26,-0.003727754012269213,0.8910196293112616,1.0038304161668685,0.0,7.02708061878942e-05
2015-06-29,0.008823933309675125,0.8988819270979155,0.9679385218569132,0.0,6.770472687723372e-05
2015-06-30,0.007940053618090026,0.906019097795405,0.9641996162348339,0.0,6.71173466918385e-05
2015-07-01,-0.003990341154661792,0.9024037725025624,0.9713871145243747,0.0,6.740233072213608e-05
2015-07-02,0.000375321428924158,0.9027424639759246,0.0,0.9745977147251632,0.0
2015-07-06,0.0,0.9027424639759246,0.0,0.0,0.0
2015-07-07,0.0,0.9027424639759246,0.0,0.0,0.0
2015-07-08,0.0,0.9027424639759246,0.0,0.0,0.0
2015-07-09,0.0,0.9027424639759246,0.0,0.0,0.0
2015-07-10,0.0,0.9027424639759246,0.0,0.0,0.0
2015-07-13,0.0,0.9027424639759246,0.0,0.0,0.0
2015-07-14,0.0,0.9027424639759246,0.0,0.0,0.0
2015-07-15,-0.0016532881408006794,0.9012499705660361,0.9984962749057565,0.9995002498750624,7.609524248898344e-05
2015-07-16,-0.0011204125083126293,0.9002401988258975,1.009643408211686,0.0,7.703397684316405e-05
2015-07-17,0.0005426495333338277,0.9007287137496788,1.0075413553837793,0.0,7.6770481555573e-05
2015-07-20,-0.0040942597450368545,0.8970408964357747,1.01102242127706,0.0,7.741542184612058e-05
2015-07-21,0.0019016418896573573,0.8987467469811727,1.0073157978110179,0.0,7.679654954997992e-05
2015-07-22,-0.0002801647078785052,0.898494949861348,0.9974897590111708,0.0,7.606699986810553e-05
2015-07-23,-0.0018610116560108247,0.8968228402867892,0.9941874025057803,0.0,7.626937404445403e-05
2015-07-24,0.0018979733383337472,0.8985249861268623,0.9802098621588191,0.0,7.558285502685826e-05
2015-07-27,-0.0019817034874288764,0.8967443760283127,0.9709165735954329,0.0,7.510303505262344e-05
2015-07-28,-0.0045397180989239505,0.8926734093543487,0.9868111061726351,0.0,7.601128116956018e-05
2015-07-29,0.0010276827139030775,0.8935907943863032,0.9914821506875968,0.0,7.638775215880723e-05
2015-07-30,-0.0030660737606240662,0.8908509790989001,0.990533502226653,0.0,7.646565130975523e-05
2015-07-31,-9.116499349270946e-05,0.8907697646751875,0.9982025725950415,0.0,7.723155037075419e-05
2015-08-03,-0.0042411925217186175,0.8869918386106741,0.9948608085357428,0.0,7.722709881010907e-05
2015-08-04,0.0006555261696206127,0.8875732849731233,0.9959441906880706,0.0,7.711281601630775e-05
2015-08-05,-0.003391557593873884,0.884563029058353,1.0028493203985342,0.0,7.760907395576059e-05
2015-08-06,-0.00040857259381510413,0.8842016208471777,0.9974935311727223,0.0,7.757413389602965e-05
2015-08-07,0.0009400038294022917,0.8850327737567378,0.9951594734579124,0.0,7.715127034126675e-05
2015-08-10,-0.002216431430074106,0.8830711593003377,1.0111500719947102,0.0,7.825820196618105e-05
2015-08-11,0.0022743127307880417,0.8850795392801263,0.9910920491489664,0.0,7.720289419944505e-05
2015-08-12,0.0021741965201222957,0.8870038761344605,0.0,0.9734662576243662,0.0
2015-08-13,0.0,0.8870038761344605,0.0,0.0,0.0
2015-08-14,0.0,0.8870038761344605,0.0,0.0,0.0
2015-08-17,0.0,0.8870038761344605,0.0,0.0,0.0
2015-08-18,0.0,0.8870038761344605,0.0,0.0,0.0
2015-08-19,0.0,0.8870038761344605,0.0,0.0,0.0
2015-08-20,0.0,0.8870038761344605,0.0,0.0,0.0
2015-08-21,0.0,0.8870038761344605,0.0,0.0,0.0
2015-08-24,0.0,0.8870038761344605,0.0,0.0,0.0
2015-08-25,0.0,0.8870038761344605,0.0,0.0,0.0
2015-08-26,0.0,0.8870038761344605,0.0,0.0,0.0
2015-08-27,0.0,0.8870038761344605,0.0,0.0,0.0
2015-08-28,0.0,0.8870038761344605,0.0,0.0,0.0
2015-08-31,0.0,0.8870038761344605,0.0,0.0,0.0
2015-09-01,0.0,0.8870038761344605,0.0,0.0,0.0
2015-09-02,0.0,0.8870038761344605,0.0,0.0,0.0
2015-09-03,0.0,0.8870038761344605,0.0,0.0,0.0
2015-09-04,0.0,0.8870038761344605,0.0,0.0,0.0
2015-09-08,0.0,0.8870038761344605,0.0,0.0,0.0
2015-09-09,0.0,0.8870038761344605,0.0,0.0,0.0
2015-09-10,0.0,0.8870038761344605,0.0,0.0,0.0
2015-09-11,0.0,0.8870038761344605,0.0,0.0,0.0
2015-09-14,0.0,0.8870038761344605,0.0,0.0,0.0
2015-09-15,0.0,0.8870038761344605,0.0,0.0,0.0
2015-09-16,0.0,0.8870038761344605,0.0,0.0,0.0
2015-09-17,0.0,0.8870038761344605,0.0,0.0,0.0
2015-09-18,0.0,0.8870038761344605,0.0,0.0,0.0
2015-09-21,0.0,0.8870038761344605,0.0,0.0,0.0
2015-09-22,0.0,0.8870038761344605,0.0,0.0,0.0
2015-09-23,0.0,0.8870038761344605,0.0,0.0,0.0
2015-09-24,0.0,0.8870038761344605,0.0,0.0,0.0
2015-09-25,0.0,0.8870038761344605,0.0,0.0,0.0
2015-09-28,0.0,0.8870038761344605,0.0,0.0,0.0
2015-09-29,0.0,0.8870038761344605,0.0,0.0,0.0
2015-09-30,0.0,0.8870038761344605,0.0,0.0,0.0
2015-10-01,0.0,0.8870038761344605,0.0,0.0,0.0
2015-10-02,0.0,0.8870038761344605,0.0,0.0,0.0
2015-10-05,0.0,0.8870038761344605,0.0,0.0,0.0
2015-10-06,0.0,0.8870038761344605,0.0,0.0,0.0
2015-10-07,0.0,0.8870038761344605,0.0,0.0,0.0
2015-10-08,0.0,0.8870038761344605,0.0,0.0,0.0
2015-10-09,0.0,0.8870038761344605,0.0,0.0,0.0
2015-10-12,0.0,0.8870038761344605,0.0,0.0,0.0
2015-10-13,0.0,0.8870038761344605,0.0,0.0,0.0
2015-10-14,0.0,0.8870038761344605,0.0,0.0,0.0
2015-10-15,0.0,0.8870038761344605,0.0,0.0,0.0
2015-10-16,0.0,0.8870038761344605,0.0,0.0,0.0
2015-10-19,0.0,0.8870038761344605,0.0,0.0,0.0
2015-10-20,0.0,0.8870038761344605,0.0,0.0,0.0
2015-10-21,0.0,0.8870038761344605,0.0,0.0,0.0
2015-10-22,0.0,0.8870038761344605,0.0,0.0,0.0
2015-10-23,0.0,0.8870038761344605,0.0,0.0,0.0
2015-10-26,0.0,0.8870038761344605,0.0,0.0,0.0
2015-10-27,0.0,0.8870038761344605,0.0,0.0,0.0
2015-10-28,0.0,0.8870038761344605,0.0,0.0,0.0
2015-10-29,0.0,0.8870038761344605,0.0,0.0,0.0
2015-10-30,0.0,0.8870038761344605,0.0,0.0,0.0
2015-11-02,0.0,0.8870038761344605,0.0,0.0,0.0
2015-11-03,0.0,0.8870038761344605,0.0,0.0,0.0
2015-11-04,0.0,0.8870038761344605,0.0,0.0,0.0
2015-11-05,0.0,0.8870038761344605,0.0,0.0,0.0
2015-11-06,0.0,0.8870038761344605,0.0,0.0,0.0
2015-11-09,0.0,0.8870038761344605,0.0,0.0,0.0
2015-11-10,0.0,0.8870038761344605,0.0,0.0,0.0
2015-11-11,0.0,0.8870038761344605,0.0,0.0,0.0
2015-11-12,0.0,0.8870038761344605,0.0,0.0,0.0
2015-11-13,0.0,0.8870038761344605,0.0,0.0,0.0
2015-11-16,0.0,0.8870038761344605,0.0,0.0,0.0
2015-11-17,0.0,0.8870038761344605,0.0,0.0,0.0
2015-11-18,0.0,0.8870038761344605,0.0,0.0,0.0
2015-11-19,0.0,0.8870038761344605,0.0,0.0,0.0
2015-11-20,0.0,0.8870038761344605,0.0,0.0,0.0
2015-11-23,0.0,0.8870038761344605,0.0,0.0,0.0
2015-11-24,0.0,0.8870038761344605,0.0,0.0,0.0
2015-11-25,0.0,0.8870038761344605,0.0,0.0,0.0
2015-11-27,0.0,0.8870038761344605,0.0,0.0,0.0
2015-11-30,0.0,0.8870038761344605,0.0,0.0,0.0
2015-12-01,0.0,0.8870038761344605,0.0,0.0,0.0
2015-12-02,0.0,0.8870038761344605,0.0,0.0,0.0
2015-12-03,0.0,0.8870038761344605,0.0,0.0,0.0
2015-12-04,0.0,0.8870038761344605,0.0,0.0,0.0
2015-12-07,0.0,0.8870038761344605,0.0,0.0,0.0
2015-12-08,0.0,0.8870038761344605,0.0,0.0,0.0
2015-12-09,0.0,0.8870038761344605,0.0,0.0,0.0
2015-12-10,0.0,0.8870038761344605,0.0,0.0,0.0
2015-12-11,0.0,0.8870038761344605,0.0,0.0,0.0
2015-12-14,0.0,0.8870038761344605,0.0,0.0,0.0
2015-12-15,0.0,0.8870038761344605,0.0,0.0,0.0
2015-12-16,0.0,0.8870038761344605,0.0,0.0,0.0
2015-12-17,0.0,0.8870038761344605,0.0,0.0,0.0
2015-12-18,0.0,0.8870038761344605,0.0,0.0,0.0
2015-12-21,0.0,0.8870038761344605,0.0,0.0,0.0
2015-12-22,0.0,0.8870038761344605,0.0,0.0,0.0
2015-12-23,0.0,0.8870038761344605,0.0,0.0,0.0
2015-12-24,0.0,0.8870038761344605,0.0,0.0,0.0
2015-12-28,0.0,0.8870038761344605,0.0,0.0,0.0
2015-12-29,0.0,0.8870038761344605,0.0,0.0,0.0
2015-12-30,0.0,0.8870038761344605,0.0,0.0,0.0
2015-12-31,0.0,0.8870038761344605,0.0,0.0,0.0
2016-01-04,0.0,0.8870038761344605,0.0,0.0,0.0
2016-01-05,0.0,0.8870038761344605,0.0,0.0,0.0
2016-01-06,0.0,0.8870038761344605,0.0,0.0,0.0
2016-01-07,0.0,0.8870038761344605,0.0,0.0,0.0
2016-01-08,0.0,0.8870038761344605,0.0,0.0,0.0
2016-01-11,0.0,0.8870038761344605,0.0,0.0,0.0
2016-01-12,0.0,0.8870038761344605,0.0,0.0,0.0
2016-01-13,0.0,0.8870038761344605,0.0,0.0,0.0
2016-01-14,0.0,0.8870038761344605,0.0,0.0,0.0
2016-01-15,0.0,0.8870038761344605,0.0,0.0,0.0
2016-01-19,0.0,0.8870038761344605,0.0,0.0,0.0
2016-01-20,0.0,0.8870038761344605,0.0,0.0,0.0
2016-01-21,0.006193446856797014,0.8924974875030723,1.0025792321738989,0.9995002498750624,3.6001267211372146e-05
2016-01-22,0.010377967766446172,0.9017597976600134,1.0229377083596987,0.0,3.673008956546633e-05
2016-01-25,-0.004376118774048421,0.8978135896797913,1.0125397363095112,0.0,3.612245057557797e-05
2016-01-26,0.008198251263585865,0.9051740910758481,1.0212514395799919,0.0,3.6600907581314066e-05
2016-01-27,-0.0035691711960817996,0.9019433697825406,1.0192668209997513,0.0,3.630976531308928e-05
2016-01-28,-0.002760532042612618,0.8994535262096339,1.0290315471113753,0.0,3.694382021377836e-05
2016-01-29,0.002503354670887914,0.9017051773957174,1.0491369250052678,0.0,3.8343013798607766e-05
2016-02-01,0.00221633663250409,0.9037036596120982,1.0429954636758192,0.0,3.7838006238050664e-05
2016-02-02,-0.006680383820456437,0.8976665723059383,1.0226697736211536,0.0,3.6694986332371956e-05
2016-02-03,-0.002847969305237341,0.8951100454616734,1.0403130418161426,0.0,3.7772755975932445e-05
2016-02-04,-0.001542687216626537,0.8937291706370657,1.0452819000964642,0.0,3.846267232923812e-05
2016-02-05,-0.007461618329704489,0.8870605046756486,1.0381965871004106,0.0,3.7881506347652296e-05
2016-02-08,-0.009013034877604742,0.8790653974084612,1.029759002986528,0.0,3.782668803816575e-05
2016-02-09,-0.0038417739336590317,0.8756882268787158,1.021054329884854,0.0,3.774161220805575e-05
2016-02-10,-0.0021451780301320333,0.8738097197331703,1.0237352751852615,0.0,3.773069422200883e-05
2016-02-11,-0.00503080714959514,0.869413751547751,1.013231156067682,0.0,3.7258116680724254e-05
2016-02-12,0.006778595706040669,0.8753071558707652,1.0239855148298562,0.0,3.799870190086629e-05
2016-02-16,0.00727572797523357,0.8816756526316563,1.0377967360720772,0.0,3.8304444717333154e-05
2016-02-17,0.005986222824651,0.886953559547379,1.0501938146868661,0.0,3.890604858033636e-05
2016-02-18,-0.001856805688996821,0.8853066591321355,1.0464797677442073,0.0,3.849469318040025e-05
2016-02-19,-0.003972900339764163,0.8817894240052739,0.0,1.0425669592789844,0.0
2016-02-22,0.0,0.8817894240052739,0.0,0.0,0.0
2016-02-23,0.0,0.8817894240052739,0.0,0.0,0.0
2016-02-24,0.003368856238128881,0.8847600458070501,1.009637776264622,0.9995002498750626,4.1294215746698225e-05
2016-02-25,0.006766037089527721,0.890746365092313,1.011883572834502,0.0,4.1119553221838386e-05
2016-02-26,0.0016363031530399752,0.8922038961780725,1.005107054882627,0.0,4.056072443187635e-05
2016-02-29,-0.006927985687311788,0.886022720355187,1.011116204391094,0.0,4.1088432795589714e-05
2016-03-01,0.005001649110139894,0.8904542951060153,1.0356225028605963,0.0,4.25151624969784e-05
2016-03-02,-0.00012056296723361726,0.8903469392940113,1.045206238704473,0.0,4.303599150992587e-05
2016-03-03,0.0025350123064566965,0.8926039797421377,1.053288745891306,0.0,4.3426641351105816e-05
2016-03-04,-0.002243833703509557,0.8906011248485055,1.067980454442937,0.0,4.418802423396794e-05
2016-03-07,-0.0003404154311997809,0.8902979504825632,1.0669125475641323,0.0,4.443365763741835e-05
2016-03-08,-0.00047467145876012307,0.8898753514556765,1.0542657863318137,0.0,4.3466556109184825e-05
2016-03-09,0.00027772982745988273,0.890122496383497,1.0588368767709886,0.0,4.37955726974178e-05
2016-03-10,-0.0017228903817997354,0.8885889128958544,1.0601199652275515,0.0,4.3733121768076114e-05
2016-03-11,0.010277100856103116,0.8977210307733001,1.07486578955529,0.0,4.457001348252642e-05
2016-03-14,0.0007387353631871374,0.8983842090450093,1.0703541282822053,0.0,4.41422778174575e-05
2016-03-15,-0.0013611901133560034,0.897161337341662,1.0599029652738323,0.0,4.3560930679976705e-05
2016-03-16,-0.0012427553864623464,0.896046385257155,1.0746869312179894,0.0,4.4526807354077114e-05
2016-03-17,-0.0028836688154003642,0.8934624842388367,1.0914656440715542,0.0,4.567334865334556e-05
2016-03-18,-0.0033125009355009505,0.8905028889239606,1.0959018967770418,0.0,4.597151474027918e-05
2016-03-21,-0.0019512379108361788,0.888765305927383,1.0977279296364677,0.0,4.613788165296696e-05
2016-03-22,-0.000372863719317329,0.8884339175898147,1.0959901787762618,0.0,4.616598370106799e-05
2016-03-23,0.0007845964143988748,0.8891309796559861,0.0,1.0895001121236763,0.0
2016-03-24,0.0,0.8891309796559861,0.0,0.0,0.0
2016-03-28,0.0,0.8891309796559861,0.0,0.0,0.0
2016-03-29,0.0,0.8891309796559861,0.0,0.0,0.0
2016-03-30,0.0,0.8891309796559861,0.0,0.0,0.0
2016-03-31,0.0,0.8891309796559861,0.0,0.0,0.0
2016-04-01,0.0,0.8891309796559861,0.0,0.0,0.0
2016-04-04,0.00045809315397438155,0.8895382844707531,0.991915232040674,0.9995002498750625,4.1867840894061384e-05
2016-04-05,-0.005761337849456427,0.8844133538838912,0.9780772548781326,0.0,4.1275227829239964e-05
2016-04-06,0.0060393104251215135,0.8897546006721189,0.9865833557534098,0.0,4.163725483855219e-05
2016-04-07,-0.0023651464999454586,0.8876502006925289,0.9726015658248672,0.0,4.0711163590341025e-05
2016-04-08,0.006061798597584822,0.8930309574342328,0.9846388521055192,0.0,4.127946209841859e-05
2016-04-11,-0.004165003065475181,0.8893114807589549,0.9935788900860982,0.0,4.183529569884581e-05
2016-04-12,0.004073225433078864,0.8929338469003114,1.0044416430831766,0.0,4.2374878695394134e-05
2016-04-13,0.0039134266660993955,0.8964282780278339,1.017080513111253,0.0,4.302388965806479e-05
2016-04-14,0.003854267103993836,0.8998833520509264,1.0135558788028214,0.0,4.262430506694148e-05
2016-04-15,0.0005590815387270798,0.900386460220066,1.0094732256170766,0.0,4.2386765885699266e-05
2016-04-18,0.003916137079540638,0.90391249702285,1.012759884095029,0.0,4.254321688541522e-05
2016-04-19,0.005914410421321792,0.9092586065152051,1.0235316855780654,0.0,4.27625140090223e-05
2016-04-20,0.0020106494870120173,0.9110868068659562,0.0,1.01777917889646,0.0
2016-04-21,0.0,0.9110868068659562,0.0,0.0,0.0
2016-04-22,0.0,0.9110868068659562,0.0,0.0,0.0
2016-04-25,0.0,0.9110868068659562,0.0,0.0,0.0
2016-04-26,0.0,0.9110868068659562,0.0,0.0,0.0
2016-04-27,0.0,0.9110868068659562,0.0,0.0,0.0
2016-04-28,0.0,0.9110868068659562,0.0,0.0,0.0
2016-04-29,0.0,0.9110868068659562,0.0,0.0,0.0
2016-05-02,0.0,0.9110868068659562,0.0,0.0,0.0
2016-05-03,0.0,0.9110868068659562,0.0,0.0,0.0
2016-05-04,0.0,0.9110868068659562,0.0,0.0,0.0
2016-05-05,0.0,0.9110868068659562,0.0,0.0,0.0
2016-05-06,0.0,0.9110868068659562,0.0,0.0,0.0
2016-05-09,0.0,0.9110868068659562,0.0,0.0,0.0
2016-05-10,0.0,0.9110868068659562,0.0,0.0,0.0
2016-05-11,0.0,0.9110868068659562,0.0,0.0,0.0
2016-05-12,0.0,0.9110868068659562,0.0,0.0,0.0
2016-05-13,0.0,0.9110868068659562,0.0,0.0,0.0
2016-05-16,0.0,0.9110868068659562,0.0,0.0,0.0
2016-05-17,0.0,0.9110868068659562,0.0,0.0,0.0
2016-05-18,0.0,0.9110868068659562,0.0,0.0,0.0
2016-05-19,0.0,0.9110868068659562,0.0,0.0,0.0
2016-05-20,0.0,0.9110868068659562,0.0,0.0,0.0
2016-05-23,0.0,0.9110868068659562,0.0,0.0,0.0
2016-05-24,0.0,0.9110868068659562,0.0,0.0,0.0
2016-05-25,0.0,0.9110868068659562,0.0,0.0,0.0
2016-05-26,0.0,0.9110868068659562,0.0,0.0,0.0
2016-05-27,0.0,0.9110868068659562,0.0,0.0,0.0
2016-05-31,0.0,0.9110868068659562,0.0,0.0,0.0
2016-06-01,0.0,0.9110868068659562,0.0,0.0,0.0
2016-06-02,0.0,0.9110868068659562,0.0,0.0,0.0
2016-06-03,0.0,0.9110868068659562,0.0,0.0,0.0
2016-06-06,0.0,0.9110868068659562,0.0,0.0,0.0
2016-06-07,0.0,0.9110868068659562,0.0,0.0,0.0
2016-06-08,0.0,0.9110868068659562,0.0,0.0,0.0
2016-06-09,0.0,0.9110868068659562,0.0,0.0,0.0
2016-06-10,0.0,0.9110868068659562,0.0,0.0,0.0
2016-06-13,0.0,0.9110868068659562,0.0,0.0,0.0
2016-06-14,0.0,0.9110868068659562,0.0,0.0,0.0
2016-06-15,-0.001850505665209945,0.9094008355683527,1.000286910123937,0.9995002498750625,4.7380839899620715e-05
2016-06-16,0.002683498331550016,0.9118412111933105,0.9974671325491155,0.0,4.736077895958297e-05
2016-06-17,0.0047923114952515,0.9162110383115563,0.9996656124195743,0.0,4.7236322277254274e-05
2016-06-20,0.007923071741158694,0.9234702440981402,1.0136300502742088,0.0,4.738063563469187e-05
2016-06-21,0.0018768051044233403,0.9252034177660466,1.0197724873312402,0.0,4.7743313733951565e-05
2016-06-22,-0.001446543951772239,0.9238650703579182,1.0218923636535655,0.0,4.793495361071316e-05
2016-06-23,0.0073240564067789116,0.9306315102454723,1.0411221368753332,0.0,4.877930135371785e-05
2016-06-24,-0.02861921177149218,0.9039975699725336,0.0,0.9937756301211783,0.0
2016-06-27,-0.00036935250699265954,0.9036636762037489,0.9933654663980355,0.9995002498750626,4.7460609870977975e-05
2016-06-28,0.0037853575686677132,0.9070843663399968,1.0168611614761462,0.0,4.8665064739127825e-05
2016-06-29,0.0007365694553282953,0.9077524969776487,1.037593543075841,0.0,4.987047316083959e-05
2016-06-30,0.004983129127283936,0.9122759448857027,1.0457922726248534,0.0,5.0418653075427075e-05
2016-07-01,-0.004095516755944106,0.9085397034673786,1.0541544771436502,0.0,5.0769997466292554e-05
2016-07-05,-0.003077128107027982,0.9057440104094883,1.0360997907687055,0.0,4.982982204955655e-05
2016-07-06,-6.574340239029475e-05,0.9056844637165493,1.0339296420437016,0.0,4.9835587151741127e-05
2016-07-07,-0.00141814653874206,0.9044000704291373,1.0318019114043586,0.0,4.967785803123275e-05
2016-07-08,0.0002921715693837701,0.9046643104170653,1.0498896098512593,0.0,5.0664181140447085e-05
2016-07-11,0.005010003487003756,0.9091966817668227,1.0578091559788938,0.0,5.1008369446101136e-05
2016-07-12,0.00245530893486845,0.9114290405031175,1.0697423451698522,0.0,5.1542015463779795e-05
2016-07-13,1.2540633531399337e-05,0.9114404704007042,1.0683205848186457,0.0,5.1424769067236274e-05
2016-07-14,-0.0008211666550562713,0.9106920258783423,1.0809534921731778,0.0,5.2183260790386084e-05
2016-07-15,-0.002320456667394666,0.9085788044949498,1.0792247651001117,0.0,5.223791120850191e-05
2016-07-18,-0.002418189532878534,0.9063816887401248,1.0873653625171091,0.0,5.268818967921195e-05
2016-07-19,-0.0005559416875035028,0.9058777933745643,1.0783317835765525,0.0,5.24026936670648e-05
2016-07-20,0.0034729199276695155,0.9090238344152082,1.0825416271144868,0.0,5.247653371435646e-05
2016-07-21,-0.0012822052598634448,0.9078582792733798,1.0799901424304708,0.0,5.2348657159269683e-05
2016-07-22,-0.002018330655512268,0.9060259210774617,1.086622815945302,0.0,5.27495348592521e-05
2016-07-25,0.0036020298861572098,0.9092894535228158,1.0775098398043748,0.0,5.221316750489261e-05
2016-07-26,-0.0005307531488394357,0.908806845282152,0.0,1.082427869509486,0.0
2016-07-27,0.0,0.908806845282152,0.0,0.0,0.0
2016-07-28,0.0,0.908806845282152,0.0,0.0,0.0
2016-07-29,0.0,0.908806845282152,0.0,0.0,0.0
2016-08-01,0.0,0.908806845282152,0.0,0.0,0.0
2016-08-02,0.0,0.908806845282152,0.0,0.0,0.0
2016-08-03,0.0,0.908806845282152,0.0,0.0,0.0
2016-08-04,0.0,0.908806845282152,0.0,0.0,0.0
2016-08-05,0.0,0.908806845282152,0.0,0.0,0.0
2016-08-08,0.0,0.908806845282152,0.0,0.0,0.0
2016-08-09,0.0,0.908806845282152,0.0,0.0,0.0
2016-08-10,0.0,0.908806845282152,0.0,0.0,0.0
2016-08-11,0.0,0.908806845282152,0.0,0.0,0.0
2016-08-12,0.0,0.908806845282152,0.0,0.0,0.0
2016-08-15,0.0,0.908806845282152,0.0,0.0,0.0
2016-08-16,0.0,0.908806845282152,0.0,0.0,0.0
2016-08-17,0.0,0.908806845282152,0.0,0.0,0.0
2016-08-18,0.0,0.908806845282152,0.0,0.0,0.0
2016-08-19,0.0,0.908806845282152,0.0,0.0,0.0
2016-08-22,0.0,0.908806845282152,0.0,0.0,0.0
2016-08-23,0.0,0.908806845282152,0.0,0.0,0.0
2016-08-24,0.0,0.908806845282152,0.0,0.0,0.0
2016-08-25,0.0,0.908806845282152,0.0,0.0,0.0
2016-08-26,0.0,0.908806845282152,0.0,0.0,0.0
2016-08-29,0.0,0.908806845282152,0.0,0.0,0.0
2016-08-30,0.0,0.908806845282152,0.0,0.0,0.0
2016-08-31,0.0,0.908806845282152,0.0,0.0,0.0
2016-09-01,0.0,0.908806845282152,0.0,0.0,0.0
2016-09-02,0.0,0.908806845282152,0.0,0.0,0.0
2016-09-06,0.0,0.908806845282152,0.0,0.0,0.0
2016-09-07,0.0,0.908806845282152,0.0,0.0,0.0
2016-09-08,0.0,0.908806845282152,0.0,0.0,0.0
2016-09-09,0.0,0.908806845282152,0.0,0.0,0.0
2016-09-12,0.0,0.908806845282152,0.0,0.0,0.0
2016-09-13,0.0,0.908806845282152,0.0,0.0,0.0
2016-09-14,0.0,0.908806845282152,0.0,0.0,0.0
2016-09-15,0.0,0.908806845282152,0.0,0.0,0.0
2016-09-16,0.0,0.908806845282152,0.0,0.0,0.0
2016-09-19,0.0,0.908806845282152,0.0,0.0,0.0
2016-09-20,0.0,0.908806845282152,0.0,0.0,0.0
2016-09-21,0.0,0.908806845282152,0.0,0.0,0.0
2016-09-22,0.0,0.908806845282152,0.0,0.0,0.0
2016-09-23,0.0,0.908806845282152,0.0,0.0,0.0
2016-09-26,0.0,0.908806845282152,0.0,0.0,0.0
2016-09-27,0.0,0.908806845282152,0.0,0.0,0.0
2016-09-28,0.0,0.908806845282152,0.0,0.0,0.0
2016-09-29,0.0,0.908806845282152,0.0,0.0,0.0
2016-09-30,0.0,0.908806845282152,0.0,0.0,0.0
2016-10-03,0.0,0.908806845282152,0.0,0.0,0.0
2016-10-04,0.0,0.908806845282152,0.0,0.0,0.0
2016-10-05,0.0,0.908806845282152,0.0,0.0,0.0
2016-10-06,0.0,0.908806845282152,0.0,0.0,0.0
2016-10-07,0.0,0.908806845282152,0.0,0.0,0.0
2016-10-10,0.0,0.908806845282152,0.0,0.0,0.0
2016-10-11,0.0,0.908806845282152,0.0,0.0,0.0
2016-10-12,0.0,0.908806845282152,0.0,0.0,0.0
2016-10-13,0.0,0.908806845282152,0.0,0.0,0.0
2016-10-14,0.0,0.908806845282152,0.0,0.0,0.0
2016-10-17,0.0,0.908806845282152,0.0,0.0,0.0
2016-10-18,0.0,0.908806845282152,0.0,0.0,0.0
2016-10-19,0.0,0.908806845282152,0.0,0.0,0.0
2016-10-20,0.0,0.908806845282152,0.0,0.0,0.0
2016-10-21,0.0,0.908806845282152,0.0,0.0,0.0
2016-10-24,0.0,0.908806845282152,0.0,0.0,0.0
2016-10-25,0.0,0.908806845282152,0.0,0.0,0.0
2016-10-26,0.0,0.908806845282152,0.0,0.0,0.0
2016-10-27,0.0,0.908806845282152,0.0,0.0,0.0
2016-10-28,0.0,0.908806845282152,0.0,0.0,0.0
2016-10-31,0.0,0.908806845282152,0.0,0.0,0.0
2016-11-01,0.0,0.908806845282152,0.0,0.0,0.0
2016-11-02,0.0,0.908806845282152,0.0,0.0,0.0
2016-11-03,0.0,0.908806845282152,0.0,0.0,0.0
2016-11-04,0.0,0.908806845282152,0.0,0.0,0.0
2016-11-07,0.0,0.908806845282152,0.0,0.0,0.0
2016-11-08,0.0,0.908806845282152,0.0,0.0,0.0
2016-11-09,0.0,0.908806845282152,0.0,0.0,0.0
2016-11-10,0.0,0.908806845282152,0.0,0.0,0.0
2016-11-11,0.0,0.908806845282152,0.0,0.0,0.0
2016-11-14,0.0,0.908806845282152,0.0,0.0,0.0
2016-11-15,0.0,0.908806845282152,0.0,0.0,0.0
2016-11-16,0.0,0.908806845282152,0.0,0.0,0.0
2016-11-17,0.0,0.908806845282152,0.0,0.0,0.0
2016-11-18,0.0,0.908806845282152,0.0,0.0,0.0
2016-11-21,0.0,0.908806845282152,0.0,0.0,0.0
2016-11-22,0.0,0.908806845282152,0.0,0.0,0.0
2016-11-23,0.0,0.908806845282152,0.0,0.0,0.0
2016-11-25,0.0,0.908806845282152,0.0,0.0,0.0
2016-11-28,0.0,0.908806845282152,0.0,0.0,0.0
2016-11-29,0.0,0.908806845282152,0.0,0.0,0.0
2016-11-30,0.0,0.908806845282152,0.0,0.0,0.0
2016-12-01,0.0,0.908806845282152,0.0,0.0,0.0
2016-12-02,0.0,0.908806845282152,0.0,0.0,0.0
2016-12-05,0.0,0.908806845282152,0.0,0.0,0.0
2016-12-06,0.0,0.908806845282152,0.0,0.0,0.0
2016-12-07,0.0,0.908806845282152,0.0,0.0,0.0
2016-12-08,0.0,0.908806845282152,0.0,0.0,0.0
2016-12-09,0.0,0.908806845282152,0.0,0.0,0.0
2016-12-12,0.0,0.908806845282152,0.0,0.0,0.0
2016-12-13,0.0,0.908806845282152,0.0,0.0,0.0
2016-12-14,0.0,0.908806845282152,0.0,0.0,0.0
2016-12-15,0.0,0.908806845282152,0.0,0.0,0.0
2016-12-16,0.0,0.908806845282152,0.0,0.0,0.0
2016-12-19,0.0,0.908806845282152,0.0,0.0,0.0
2016-12-20,0.0,0.908806845282152,0.0,0.0,0.0
2016-12-21,0.0,0.908806845282152,0.0,0.0,0.0
2016-12-22,0.0,0.908806845282152,0.0,0.0,0.0
2016-12-23,0.0,0.908806845282152,0.0,0.0,0.0
2016-12-27,0.0,0.908806845282152,0.0,0.0,0.0
2016-12-28,0.0,0.908806845282152,0.0,0.0,0.0
2016-12-29,0.0,0.908806845282152,0.0,0.0,0.0
2016-12-30,0.0,0.908806845282152,0.0,0.0,0.0
2017-01-03,0.0,0.908806845282152,0.0,0.0,0.0
2017-01-04,0.0,0.908806845282152,0.0,0.0,0.0
2017-01-05,0.0,0.908806845282152,0.0,0.0,0.0
2017-01-06,0.0,0.908806845282152,0.0,0.0,0.0
2017-01-09,0.0,0.908806845282152,0.0,0.0,0.0
2017-01-10,0.0,0.908806845282152,0.0,0.0,0.0
2017-01-11,0.0,0.908806845282152,0.0,0.0,0.0
2017-01-12,0.0,0.908806845282152,0.0,0.0,0.0
2017-01-13,0.0,0.908806845282152,0.0,0.0,0.0
2017-01-17,0.0,0.908806845282152,0.0,0.0,0.0
2017-01-18,0.0,0.908806845282152,0.0,0.0,0.0
2017-01-19,0.0,0.908806845282152,0.0,0.0,0.0
2017-01-20,0.0,0.908806845282152,0.0,0.0,0.0
2017-01-23,0.0,0.908806845282152,0.0,0.0,0.0
2017-01-24,0.0,0.908806845282152,0.0,0.0,0.0
2017-01-25,0.0,0.908806845282152,0.0,0.0,0.0
2017-01-26,0.0,0.908806845282152,0.0,0.0,0.0
2017-01-27,0.0,0.908806845282152,0.0,0.0,0.0
2017-01-30,0.0,0.908806845282152,0.0,0.0,0.0
2017-01-31,0.0,0.908806845282152,0.0,0.0,0.0
2017-02-01,0.0,0.908806845282152,0.0,0.0,0.0
2017-02-02,0.0,0.908806845282152,0.0,0.0,0.0
2017-02-03,0.0,0.908806845282152,0.0,0.0,0.0
2017-02-06,0.0,0.908806845282152,0.0,0.0,0.0
2017-02-07,0.0,0.908806845282152,0.0,0.0,0.0
2017-02-08,0.0,0.908806845282152,0.0,0.0,0.0
2017-02-09,0.0,0.908806845282152,0.0,0.0,0.0
2017-02-10,0.0,0.908806845282152,0.0,0.0,0.0
2017-02-13,0.0,0.908806845282152,0.0,0.0,0.0
2017-02-14,0.0,0.908806845282152,0.0,0.0,0.0
2017-02-15,0.0,0.908806845282152,0.0,0.0,0.0
2017-02-16,0.0,0.908806845282152,0.0,0.0,0.0
2017-02-17,0.0,0.908806845282152,0.0,0.0,0.0
2017-02-21,0.0,0.908806845282152,0.0,0.0,0.0
2017-02-22,0.0,0.908806845282152,0.0,0.0,0.0
2017-02-23,0.0,0.908806845282152,0.0,0.0,0.0
2017-02-24,0.0,0.908806845282152,0.0,0.0,0.0
2017-02-27,0.0,0.908806845282152,0.0,0.0,0.0
2017-02-28,0.0,0.908806845282152,0.0,0.0,0.0
2017-03-01,0.0,0.908806845282152,0.0,0.0,0.0
2017-03-02,0.0,0.908806845282152,0.0,0.0,0.0
2017-03-03,0.0,0.908806845282152,0.0,0.0,0.0
2017-03-06,0.0,0.908806845282152,0.0,0.0,0.0
2017-03-07,0.0,0.908806845282152,0.0,0.0,0.0
2017-03-08,0.0,0.908806845282152,0.0,0.0,0.0
2017-03-09,0.0,0.908806845282152,0.0,0.0,0.0
2017-03-10,0.0,0.908806845282152,0.0,0.0,0.0
2017-03-13,0.0,0.908806845282152,0.0,0.0,0.0
2017-03-14,0.0,0.908806845282152,0.0,0.0,0.0
2017-03-15,0.0,0.908806845282152,0.0,0.0,0.0
2017-03-16,0.0,0.908806845282152,0.0,0.0,0.0
2017-03-17,0.0,0.908806845282152,0.0,0.0,0.0
2017-03-20,0.0,0.908806845282152,0.0,0.0,0.0
2017-03-21,0.0,0.908806845282152,0.0,0.0,0.0
2017-03-22,0.0,0.908806845282152,0.0,0.0,0.0
2017-03-23,0.0,0.908806845282152,0.0,0.0,0.0
2017-03-24,0.0,0.908806845282152,0.0,0.0,0.0
2017-03-27,0.0,0.908806845282152,0.0,0.0,0.0
2017-03-28,0.0,0.908806845282152,0.0,0.0,0.0
2017-03-29,0.0,0.908806845282152,0.0,0.0,0.0
2017-03-30,0.0,0.908806845282152,0.0,0.0,0.0
2017-03-31,0.0,0.908806845282152,0.0,0.0,0.0
2017-04-03,0.0,0.908806845282152,0.0,0.0,0.0
2017-04-04,0.0,0.908806845282152,0.0,0.0,0.0
2017-04-05,0.0,0.908806845282152,0.0,0.0,0.0
2017-04-06,0.0,0.908806845282152,0.0,0.0,0.0
2017-04-07,0.0,0.908806845282152,0.0,0.0,0.0
2017-04-10,0.0,0.908806845282152,0.0,0.0,0.0
2017-04-11,0.0,0.908806845282152,0.0,0.0,0.0
2017-04-12,0.0,0.908806845282152,0.0,0.0,0.0
2017-04-13,0.0,0.908806845282152,0.0,0.0,0.0
2017-04-17,0.0,0.908806845282152,0.0,0.0,0.0
2017-04-18,0.0,0.908806845282152,0.0,0.0,0.0
2017-04-19,0.0,0.908806845282152,0.0,0.0,0.0
2017-04-20,0.0,0.908806845282152,0.0,0.0,0.0
2017-04-21,0.0,0.908806845282152,0.0,0.0,0.0
2017-04-24,0.0,0.908806845282152,0.0,0.0,0.0
2017-04-25,-0.001486116931288306,0.9074562520421076,1.0029395174717683,0.9995002498750625,7.773873431656603e-05
2017-04-26,0.0004599842489001471,0.907873667624613,0.9993380074693978,0.0,7.75398842865674e-05
2017-04-27,-0.0011243629743686867,0.9068528880873316,1.0006423563392925,0.0,7.770607156240851e-05
2017-04-28,0.001159257420936033,0.907904164027544,0.9992891558438785,0.0,7.766382004759705e-05
2017-05-01,-0.0007380451652292397,0.907234089748792,1.0046822143770566,0.0,7.79306731743817e-05
2017-05-02,-0.0009337994737529387,0.9063869150332139,1.0115180529599208,0.0,7.839682170636285e-05
2017-05-03,-0.0010947881905085666,0.9053946133426041,1.0089461368587345,0.0,7.825468621760891e-05
2017-05-04,-0.010242727019770581,0.896120903472965,1.0217446253147642,0.0,7.943587703162713e-05
2017-05-05,-0.004631342949668826,0.8919706602446147,1.0368991445628473,0.0,8.091181057088484e-05
2017-05-08,0.004925854220621639,0.8963643776860513,1.0266588770292984,0.0,8.01024185200056e-05
2017-05-09,0.006057346923151963,0.901793967691251,1.023286970351325,0.0,7.967198157133057e-05
2017-05-10,0.001250329469301148,0.9029215072642933,1.0253918479558595,0.0,7.95781241001869e-05
2017-05-11,0.002349326685388453,0.9050427648561206,1.022132287897505,0.0,7.907989763711391e-05
2017-05-12,-0.0022889946293526142,0.9029711268280305,1.029657869878505,0.0,7.95943151514019e-05
2017-05-15,0.00019453589588169784,0.9031467871251433,1.0365095147933912,0.0,8.01414237795575e-05
2017-05-16,-0.0040447340419385025,0.8994937985703908,1.0453996787040973,0.0,8.10081712927841e-05
2017-05-17,0.001434967977962387,0.9007845433677151,1.0299710752300875,0.0,8.006616513482086e-05
2017-05-18,-0.007159009250242154,0.8943358184892705,1.0325491327518337,0.0,8.066343583708284e-05
2017-05-19,-0.00038789640824699045,0.8939889088375118,1.0484117265963189,0.0,8.157896535291815e-05
2017-05-22,-0.0005592330807264734,0.8934889606658873,1.050181561779692,0.0,8.177480632420259e-05
2017-05-23,-0.0018184108422909517,0.8918642306523452,0.0,1.053364164945832,0.0
2017-05-24,0.0,0.8918642306523452,0.0,0.0,0.0
2017-05-25,0.0,0.8918642306523452,0.0,0.0,0.0
2017-05-26,0.0,0.8918642306523452,0.0,0.0,0.0
2017-05-30,0.0,0.8918642306523452,0.0,0.0,0.0
2017-05-31,0.0,0.8918642306523452,0.0,0.0,0.0
2017-06-01,0.0,0.8918642306523452,0.0,0.0,0.0
2017-06-02,0.0,0.8918642306523452,0.0,0.0,0.0
2017-06-05,0.0,0.8918642306523452,0.0,0.0,0.0
2017-06-06,0.0,0.8918642306523452,0.0,0.0,0.0
2017-06-07,0.0,0.8918642306523452,0.0,0.0,0.0
2017-06-08,0.0,0.8918642306523452,0.0,0.0,0.0
2017-06-09,0.0,0.8918642306523452,0.0,0.0,0.0
2017-06-12,0.0,0.8918642306523452,0.0,0.0,0.0
2017-06-13,0.0,0.8918642306523452,0.0,0.0,0.0
2017-06-14,0.0,0.8918642306523452,0.0,0.0,0.0
2017-06-15,0.0,0.8918642306523452,0.0,0.0,0.0
2017-06-16,0.0,0.8918642306523452,0.0,0.0,0.0
2017-06-19,0.0,0.8918642306523452,0.0,0.0,0.0
2017-06-20,0.0,0.8918642306523452,0.0,0.0,0.0
2017-06-21,0.0,0.8918642306523452,0.0,0.0,0.0
2017-06-22,0.0,0.8918642306523452,0.0,0.0,0.0
2017-06-23,0.0,0.8918642306523452,0.0,0.0,0.0
2017-06-26,0.0,0.8918642306523452,0.0,0.0,0.0
2017-06-27,0.0,0.8918642306523452,0.0,0.0,0.0
2017-06-28,0.0,0.8918642306523452,0.0,0.0,0.0
2017-06-29,0.0,0.8918642306523452,0.0,0.0,0.0
2017-06-30,0.0,0.8918642306523452,0.0,0.0,0.0
2017-07-03,0.0,0.8918642306523452,0.0,0.0,0.0
2017-07-05,0.0,0.8918642306523452,0.0,0.0,0.0
2017-07-06,0.0,0.8918642306523452,0.0,0.0,0.0
2017-07-07,0.0,0.8918642306523452,0.0,0.0,0.0
2017-07-10,0.0,0.8918642306523452,0.0,0.0,0.0
2017-07-11,0.0,0.8918642306523452,0.0,0.0,0.0
2017-07-12,0.0,0.8918642306523452,0.0,0.0,0.0
2017-07-13,0.0,0.8918642306523452,0.0,0.0,0.0
2017-07-14,0.0,0.8918642306523452,0.0,0.0,0.0
2017-07-17,0.0,0.8918642306523452,0.0,0.0,0.0
2017-07-18,0.0,0.8918642306523452,0.0,0.0,0.0
2017-07-19,0.0,0.8918642306523452,0.0,0.0,0.0
2017-07-20,0.0,0.8918642306523452,0.0,0.0,0.0
2017-07-21,0.0,0.8918642306523452,0.0,0.0,0.0
2017-07-24,0.0,0.8918642306523452,0.0,0.0,0.0
2017-07-25,0.0,0.8918642306523452,0.0,0.0,0.0
2017-07-26,0.0,0.8918642306523452,0.0,0.0,0.0
2017-07-27,0.0,0.8918642306523452,0.0,0.0,0.0
2017-07-28,0.0,0.8918642306523452,0.0,0.0,0.0
2017-07-31,0.0,0.8918642306523452,0.0,0.0,0.0
2017-08-01,0.0,0.8918642306523452,0.0,0.0,0.0
2017-08-02,0.0,0.8918642306523452,0.0,0.0,0.0
2017-08-03,0.0,0.8918642306523452,0.0,0.0,0.0
2017-08-04,0.0,0.8918642306523452,0.0,0.0,0.0
2017-08-07,0.0,0.8918642306523452,0.0,0.0,0.0
2017-08-08,0.0,0.8918642306523452,0.0,0.0,0.0
2017-08-09,0.0,0.8918642306523452,0.0,0.0,0.0
2017-08-10,0.0,0.8918642306523452,0.0,0.0,0.0
2017-08-11,0.0,0.8918642306523452,0.0,0.0,0.0
2017-08-14,0.0,0.8918642306523452,0.0,0.0,0.0
2017-08-15,0.0,0.8918642306523452,0.0,0.0,0.0
2017-08-16,0.0,0.8918642306523452,0.0,0.0,0.0
2017-08-17,0.0,0.8918642306523452,0.0,0.0,0.0
2017-08-18,0.0,0.8918642306523452,0.0,0.0,0.0
2017-08-21,0.0,0.8918642306523452,0.0,0.0,0.0
2017-08-22,0.0,0.8918642306523452,0.0,0.0,0.0
2017-08-23,0.0,0.8918642306523452,0.0,0.0,0.0
2017-08-24,0.0,0.8918642306523452,0.0,0.0,0.0
2017-08-25,0.0,0.8918642306523452,0.0,0.0,0.0
2017-08-28,0.0,0.8918642306523452,0.0,0.0,0.0
2017-08-29,0.0,0.8918642306523452,0.0,0.0,0.0
2017-08-30,0.0,0.8918642306523452,0.0,0.0,0.0
2017-08-31,0.0,0.8918642306523452,0.0,0.0,0.0
2017-09-01,0.0,0.8918642306523452,0.0,0.0,0.0
2017-09-05,0.0,0.8918642306523452,0.0,0.0,0.0
2017-09-06,0.0,0.8918642306523452,0.0,0.0,0.0
2017-09-07,0.0,0.8918642306523452,0.0,0.0,0.0
2017-09-08,0.0,0.8918642306523452,0.0,0.0,0.0
2017-09-11,0.0,0.8918642306523452,0.0,0.0,0.0
2017-09-12,0.0,0.8918642306523452,0.0,0.0,0.0
2017-09-13,0.0,0.8918642306523452,0.0,0.0,0.0
2017-09-14,0.0,0.8918642306523452,0.0,0.0,0.0
2017-09-15,0.0,0.8918642306523452,0.0,0.0,0.0
2017-09-18,0.0,0.8918642306523452,0.0,0.0,0.0
2017-09-19,0.0,0.8918642306523452,0.0,0.0,0.0
2017-09-20,0.0,0.8918642306523452,0.0,0.0,0.0
2017-09-21,0.0,0.8918642306523452,0.0,0.0,0.0
2017-09-22,0.0,0.8918642306523452,0.0,0.0,0.0
2017-09-25,0.0,0.8918642306523452,0.0,0.0,0.0
2017-09-26,0.0,0.8918642306523452,0.0,0.0,0.0
2017-09-27,0.0,0.8918642306523452,0.0,0.0,0.0
2017-09-28,0.0,0.8918642306523452,0.0,0.0,0.0
2017-09-29,0.0,0.8918642306523452,0.0,0.0,0.0
2017-10-02,0.0,0.8918642306523452,0.0,0.0,0.0
2017-10-03,0.0,0.8918642306523452,0.0,0.0,0.0
2017-10-04,0.0,0.8918642306523452,0.0,0.0,0.0
2017-10-05,0.0,0.8918642306523452,0.0,0.0,0.0
2017-10-06,0.0,0.8918642306523452,0.0,0.0,0.0
2017-10-09,0.0,0.8918642306523452,0.0,0.0,0.0
2017-10-10,0.0,0.8918642306523452,0.0,0.0,0.0
2017-10-11,0.0,0.8918642306523452,0.0,0.0,0.0
2017-10-12,0.0,0.8918642306523452,0.0,0.0,0.0
2017-10-13,0.0,0.8918642306523452,0.0,0.0,0.0
2017-10-16,0.0,0.8918642306523452,0.0,0.0,0.0
2017-10-17,0.0,0.8918642306523452,0.0,0.0,0.0
2017-10-18,0.0,0.8918642306523452,0.0,0.0,0.0
2017-10-19,0.0,0.8918642306523452,0.0,0.0,0.0
2017-10-20,0.0,0.8918642306523452,0.0,0.0,0.0
2017-10-23,0.0,0.8918642306523452,0.0,0.0,0.0
2017-10-24,0.0,0.8918642306523452,0.0,0.0,0.0
2017-10-25,0.0,0.8918642306523452,0.0,0.0,0.0
2017-10-26,0.0,0.8918642306523452,0.0,0.0,0.0
2017-10-27,0.0,0.8918642306523452,0.0,0.0,0.0
2017-10-30,0.0,0.8918642306523452,0.0,0.0,0.0
2017-10-31,0.0,0.8918642306523452,0.0,0.0,0.0
2017-11-01,0.0,0.8918642306523452,0.0,0.0,0.0
2017-11-02,0.0,0.8918642306523452,0.0,0.0,0.0
2017-11-03,0.0,0.8918642306523452,0.0,0.0,0.0
2017-11-06,0.0,0.8918642306523452,0.0,0.0,0.0
2017-11-07,0.0,0.8918642306523452,0.0,0.0,0.0
2017-11-08,0.0,0.8918642306523452,0.0,0.0,0.0
2017-11-09,0.0,0.8918642306523452,0.0,0.0,0.0
2017-11-10,0.0,0.8918642306523452,0.0,0.0,0.0
2017-11-13,0.0,0.8918642306523452,0.0,0.0,0.0
2017-11-14,0.0,0.8918642306523452,0.0,0.0,0.0
2017-11-15,0.0,0.8918642306523452,0.0,0.0,0.0
2017-11-16,0.0,0.8918642306523452,0.0,0.0,0.0
2017-11-17,0.0,0.8918642306523452,0.0,0.0,0.0
2017-11-20,0.0,0.8918642306523452,0.0,0.0,0.0
2017-11-21,0.0,0.8918642306523452,0.0,0.0,0.0
2017-11-22,0.0,0.8918642306523452,0.0,0.0,0.0
2017-11-24,0.0,0.8918642306523452,0.0,0.0,0.0
2017-11-27,0.0,0.8918642306523452,0.0,0.0,0.0
2017-11-28,0.0,0.8918642306523452,0.0,0.0,0.0
2017-11-29,0.0,0.8918642306523452,0.0,0.0,0.0
2017-11-30,0.0,0.8918642306523452,0.0,0.0,0.0
2017-12-01,0.0,0.8918642306523452,0.0,0.0,0.0
2017-12-04,0.0,0.8918642306523452,0.0,0.0,0.0
2017-12-05,0.0,0.8918642306523452,0.0,0.0,0.0
2017-12-06,0.0,0.8918642306523452,0.0,0.0,0.0
2017-12-07,0.0,0.8918642306523452,0.0,0.0,0.0
2017-12-08,0.0,0.8918642306523452,0.0,0.0,0.0
2017-12-11,0.0,0.8918642306523452,0.0,0.0,0.0
2017-12-12,0.0,0.8918642306523452,0.0,0.0,0.0
2017-12-13,0.0,0.8918642306523452,0.0,0.0,0.0
2017-12-14,0.0,0.8918642306523452,0.0,0.0,0.0
2017-12-15,0.0,0.8918642306523452,0.0,0.0,0.0
2017-12-18,0.0,0.8918642306523452,0.0,0.0,0.0
2017-12-19,0.0,0.8918642306523452,0.0,0.0,0.0
2017-12-20,0.0,0.8918642306523452,0.0,0.0,0.0
2017-12-21,0.0,0.8918642306523452,0.0,0.0,0.0
2017-12-22,0.0,0.8918642306523452,0.0,0.0,0.0
2017-12-26,0.0,0.8918642306523452,0.0,0.0,0.0
2017-12-27,0.0,0.8918642306523452,0.0,0.0,0.0
2017-12-28,0.0,0.8918642306523452,0.0,0.0,0.0
2017-12-29,0.0,0.8918642306523452,0.0,0.0,0.0
