date,return,nav,gross,turnover,borrow
2008-01-02,9.999999999998899e-05,1.0001,0.0,0.0,0.0
2008-01-03,9.999999999998899e-05,1.00020001,0.0,0.0,0.0
2008-01-04,9.999999999998899e-05,1.0003000300009999,0.0,0.0,0.0
2008-01-07,9.999999999998899e-05,1.000400060004,0.0,0.0,0.0
2008-01-08,0.00010000000000021103,1.0005001000100004,0.0,0.0,0.0
2008-01-09,0.0016172783285839376,1.0021181871394926,1.0093310941081568,0.9995002498750625,3.279352360008921e-05
2008-01-10,0.00440409230755634,1.0065316081387359,1.0100966526553072,0.0,3.281698943293259e-05
2008-01-11,-0.0005709059628369317,1.0059569732418656,0.9993584803451551,0.0,3.20450691554246e-05
2008-01-14,0.0011940700925718861,1.0071581563780279,1.0087308360669076,0.0,3.253182360270146e-05
2008-01-15,-0.008653384291382404,0.9984428298086886,0.9936033659460847,0.0,3.180352344775424e-05
2008-01-16,-0.0033716314077290033,0.9950764486048838,0.9878054564182132,0.0,3.164998651001584e-05
2008-01-17,-0.015005911206377065,0.9801444197735618,0.9801118527572701,0.0,3.114550934815634e-05
2008-01-18,-0.006977985616873794,0.9733049861099228,0.9792660104021934,0.0,3.1503372421769625e-05
2008-01-22,-0.00030525126554104,0.9730078835311553,0.9654291790890589,0.0,3.1434074180404716e-05
2008-01-23,0.01792098413655796,0.9904451423766629,0.9640644220395821,0.0,3.127936771456164e-05
2008-01-24,0.0007519543362188852,0.9911899118962599,0.9745388528428964,0.0,3.097861476547448e-05
2008-01-25,-0.004976336380295043,0.9862574174779092,0.9636824253048656,0.0,3.0314215008372764e-05
2008-01-28,0.00970918485006278,0.9958331730539478,0.9679607754204588,0.0,3.0746454191225794e-05
2008-01-29,0.003063571589423164,0.9988839792707209,0.9689815089440564,0.0,3.0438723104179462e-05
2008-01-30,-0.005019425328953053,0.993870155724484,0.968363620567919,0.0,3.044007920598333e-05
2008-01-31,0.008574343076186874,1.002391939412849,0.9773569476630378,0.0,3.1250917826962226e-05
2008-02-01,0.008915188649905703,1.0113284526538595,0.982792443045303,0.0,3.111566751965918e-05
2008-02-04,-0.005485898843532011,1.0057804070650147,0.9753804374471277,0.0,3.0490638841784653e-05
2008-02-05,-0.011913930512027604,0.9937976091848832,0.9602683089441423,0.0,2.9889877159604013e-05
2008-02-06,-0.0007195515452415036,0.9930825205795369,0.9502777958072236,0.0,2.9468919229109446e-05
2008-02-07,-0.004258693107090372,0.9888532868943729,0.0,0.9444775550584193,0.0
2008-02-08,9.999999999998899e-05,0.9889521722230623,0.0,0.0,0.0
2008-02-11,0.0009638253589714374,0.9899053494054608,1.0040985910884654,0.9995002498750624,3.555839643613193e-05
2008-02-12,0.008229448305256959,0.9980517243054904,1.0007127548695982,0.0,3.517417036516585e-05
2008-02-13,0.0007672338118307476,0.9988174633343335,1.0136043920392837,0.0,3.575041923171563e-05
2008-02-14,-0.0008451129143749458,0.9979733497969665,1.0027405911156735,0.0,3.503999236606184e-05
2008-02-15,0.000844652510935795,0.9988162904927196,1.0007308619435555,0.0,3.5106056743328805e-05
2008-02-19,0.00251859083524808,1.001331900048051,0.9996636458554788,0.0,3.479404862961091e-05
2008-02-20,0.000741847685008068,1.0020747358000264,1.002345081144377,0.0,3.518536002183895e-05
2008-02-21,-0.003085517164784224,0.9989828170023187,0.9967211563299335,0.0,3.4620971592129075e-05
2008-02-22,0.0032603383635827488,1.0022398390051515,0.9988777044939328,0.0,3.48945837579249e-05
2008-02-25,0.00743340823819616,1.0096898968810608,1.0018128941230828,0.0,3.495699314077299e-05
2008-02-26,0.004193585842458658,1.0139241181378948,1.0040589110968854,0.0,3.487728349303748e-05
2008-02-27,-0.002607879223442966,1.0112799264960552,0.0,1.000063602317376,0.0
2008-02-28,9.999999999998899e-05,1.0113810544887047,0.0,0.0,0.0
2008-02-29,9.999999999998899e-05,1.0114821925941535,0.0,0.0,0.0
2008-03-03,9.999999999998899e-05,1.011583340813413,0.0,0.0,0.0
2008-03-04,9.999999999998899e-05,1.0116844991474943,0.0,0.0,0.0
2008-03-05,9.999999999998899e-05,1.011785667597409,0.0,0.0,0.0
2008-03-06,9.999999999998899e-05,1.0118868461641688,0.0,0.0,0.0
2008-03-07,9.999999999998899e-05,1.0119880348487853,0.0,0.0,0.0
2008-03-10,9.999999999998899e-05,1.0120892336522702,0.0,0.0,0.0
2008-03-11,0.001633905181904538,1.0137428914956845,1.0151973694335417,0.9995002498750626,3.989887076122414e-05
2008-03-12,-0.005434322955477189,1.0082338852294777,1.0134027720386491,0.0,3.974911026142599e-05
2008-03-13,-0.0011037177925955488,1.0071210795512522,1.0186162190010237,0.0,4.046336112358426e-05
2008-03-14,-0.004333830882270351,1.0027563871145075,1.0062251161798696,0.0,3.9417265060245554e-05
2008-03-17,-0.0007214507201853682,1.0020329477968533,0.9940629964557577,0.0,3.932563768330768e-05
2008-03-18,0.013045038908719775,1.0151045065886823,1.0230163984889313,0.0,4.052772105925116e-05
2008-03-19,-0.008624669043353128,1.0063495661749386,1.0063816263186232,0.0,3.920622888631551e-05
2008-03-20,0.0056749019557640334,1.0120605012962072,1.0198716167151323,0.0,4.036537154249574e-05
2008-03-24,0.0019593695818593826,1.0140435018574483,1.0431374324094813,0.0,4.1364307177923e-05
2008-03-25,-0.0012952124218912342,1.0127301001175044,1.0471181486018977,0.0,4.172603320530386e-05
2008-03-26,-0.007512568502201944,1.0051218958661299,1.045435457405663,0.0,4.168169289421184e-05
2008-03-27,0.005612452461550177,1.0107630947247417,1.029664311113597,0.0,4.0740321881226926e-05
2008-03-28,-0.004853996843374508,1.0058568538535484,1.026350940398562,0.0,4.065603435408275e-05
2008-03-31,0.0005694105143416728,1.0064295993220553,1.029968339592458,0.0,4.111400740204314e-05
2008-04-01,0.009366913363321405,1.0158567381851873,1.0588844826527282,0.0,4.261696581685736e-05
2008-04-02,0.0012306286393775068,1.0171068805807026,1.0572660114566161,0.0,4.219630454458002e-05
2008-04-03,0.000955955710920442,1.0180791897118102,1.0587810429564068,0.0,4.239165499272138e-05
2008-04-04,-0.0028856268715743427,1.0151413930445872,1.0631809826821779,0.0,4.2548508847134384e-05
2008-04-07,0.001128333542187887,1.0162868111284227,1.0615629652381966,0.0,4.241506582979106e-05
2008-04-08,0.001997467806608144,1.0183168113159322,1.0560033904883421,0.0,4.221544427963897e-05
2008-04-09,-0.0020437086808063887,1.0162356684088347,0.0,1.0569945528799825,0.0
2008-04-10,9.999999999998899e-05,1.0163372919756757,0.0,0.0,0.0
2008-04-11,9.999999999998899e-05,1.0164389257048732,0.0,0.0,0.0
2008-04-14,9.999999999998899e-05,1.0165405695974437,0.0,0.0,0.0
2008-04-15,9.999999999998899e-05,1.0166422236544035,0.0,0.0,0.0
2008-04-16,9.999999999998899e-05,1.016743887876769,0.0,0.0,0.0
2008-04-17,9.999999999998899e-05,1.0168455622655566,0.0,0.0,0.0
2008-04-18,9.999999999998899e-05,1.016947246821783,0.0,0.0,0.0
2008-04-21,9.999999999998899e-05,1.0170489415464652,0.0,0.0,0.0
2008-04-22,9.999999999998899e-05,1.01715064644062,0.0,0.0,0.0
2008-04-23,9.999999999998899e-05,1.017252361505264,0.0,0.0,0.0
2008-04-24,9.999999999998899e-05,1.0173540867414146,0.0,0.0,0.0
2008-04-25,9.999999999998899e-05,1.0174558221500887,0.0,0.0,0.0
2008-04-28,9.999999999998899e-05,1.0175575677323037,0.0,0.0,0.0
2008-04-29,9.999999999998899e-05,1.017659323489077,0.0,0.0,0.0
2008-04-30,9.999999999998899e-05,1.017761089421426,0.0,0.0,0.0
2008-05-01,9.999999999998899e-05,1.017862865530368,0.0,0.0,0.0
2008-05-02,9.999999999998899e-05,1.0179646518169212,0.0,0.0,0.0
2008-05-05,9.999999999998899e-05,1.018066448282103,0.0,0.0,0.0
2008-05-06,9.999999999998899e-05,1.018168254926931,0.0,0.0,0.0
2008-05-07,9.999999999998899e-05,1.0182700717524238,0.0,0.0,0.0
2008-05-08,9.999999999998899e-05,1.018371898759599,0.0,0.0,0.0
2008-05-09,9.999999999998899e-05,1.018473735949475,0.0,0.0,0.0
2008-05-12,9.999999999998899e-05,1.01857558332307,0.0,0.0,0.0
2008-05-13,9.999999999998899e-05,1.0186774408814023,0.0,0.0,0.0
2008-05-14,9.999999999998899e-05,1.0187793086254904,0.0,0.0,0.0
2008-05-15,9.999999999998899e-05,1.018881186556353,0.0,0.0,0.0
2008-05-16,9.999999999998899e-05,1.0189830746750086,0.0,0.0,0.0
2008-05-19,9.999999999998899e-05,1.019084972982476,0.0,0.0,0.0
2008-05-20,9.999999999998899e-05,1.0191868814797742,0.0,0.0,0.0
2008-05-21,9.999999999998899e-05,1.0192888001679221,0.0,0.0,0.0
2008-05-22,9.999999999998899e-05,1.019390729047939,0.0,0.0,0.0
2008-05-23,0.00010000000000021103,1.0194926681208438,0.0,0.0,0.0
2008-05-27,9.999999999998899e-05,1.019594617387656,0.0,0.0,0.0
2008-05-28,9.999999999998899e-05,1.0196965768493949,0.0,0.0,0.0
2008-05-29,9.999999999998899e-05,1.0197985465070798,0.0,0.0,0.0
2008-05-30,9.999999999998899e-05,1.0199005263617305,0.0,0.0,0.0
2008-06-02,9.999999999998899e-05,1.0200025164143667,0.0,0.0,0.0
2008-06-03,9.999999999998899e-05,1.020104516666008,0.0,0.0,0.0
2008-06-04,9.999999999998899e-05,1.0202065271176748,0.0,0.0,0.0
2008-06-05,0.00426455594153996,1.0245572549244923,1.010146789187847,0.9995002498750624,4.6240863981104695e-05
2008-06-06,-0.008256469892178764,1.016098028796395,0.9867826107367058,0.0,4.475583957246438e-05
2008-06-09,0.0034738914475951344,1.019627843048549,0.9828354339338057,0.0,4.471641829596946e-05
2008-06-10,-0.0012620867531307756,1.0183409842547142,0.9792770880719,0.0,4.444706546203943e-05
2008-06-11,9.418587519061106e-05,1.0184368975915588,0.961269820665552,0.0,4.3374754260510103e-05
2008-06-12,0.0018832757625470986,1.0203548951164767,0.9621144564515738,0.0,4.3441666078175715e-05
2008-06-13,0.00025532979272480105,1.0206154221203525,0.9767228140983085,0.0,4.41998697144228e-05
2008-06-16,-0.002953049998488444,1.0176014937496027,0.9832850425582071,0.0,4.465821219685908e-05
2008-06-17,-0.0009441580187158349,1.0166407171394218,0.9792639891689676,0.0,4.440358551134003e-05
2008-06-18,-0.001884782697711307,1.0147245703059686,0.9711944811591251,0.0,4.416132276488464e-05
2008-06-19,-0.005039475912610891,1.0096108902759773,0.9827016223069994,0.0,4.484517259496363e-05
2008-06-20,0.00041846923012656134,1.0100333813679585,0.9622688207562548,0.0,4.390824125050243e-05
2008-06-23,0.002284115608597981,1.012340414379546,0.9566227600393064,0.0,4.346970854900321e-05
2008-06-24,0.0006864394511447713,1.0130353247779644,0.9529379004070281,0.0,4.318924376669424e-05
2008-06-25,-0.0030983329676854687,1.009896604033775,0.9646025757510829,0.0,4.3819438783502576e-05
2008-06-26,-0.0012476292755790874,1.0086366274652745,0.9346914412225302,0.0,4.216458236620525e-05
2008-06-27,-0.003164241039256277,1.0054450580549519,0.9344843665116956,0.0,4.224350182088656e-05
2008-06-30,0.005785908339088097,1.0112624710008469,0.9274133910167977,0.0,4.184379048945415e-05
2008-07-01,-0.003161577262576376,1.0080652865660338,0.9371449703306336,0.0,4.246839240300571e-05
2008-07-02,-0.0013882981010840956,1.0066657914429253,0.9199111703211514,0.0,4.139089796498727e-05
2008-07-03,0.0016869760275008971,1.0083640125007949,0.0,0.924239963656948,0.0
2008-07-07,-0.007615324563024051,1.000684993267928,0.9975569106562496,0.9995002498750623,4.7179989340257264e-05
2008-07-08,0.0010953486894209608,1.0017810922638273,1.016583153957569,0.0,4.870657872322199e-05
2008-07-09,-0.0008770959549361246,1.0009024341200712,0.9949061742443917,0.0,4.7271303456273105e-05
2008-07-10,-0.0022816517719281837,0.9986187233077339,1.0043506299754095,0.0,4.804951240719364e-05
2008-07-11,-0.0005896648504913893,0.9980298729475567,0.9915178273438113,0.0,4.73861752520729e-05
2008-07-14,-0.0024359025186199146,0.9955987694663859,0.9856025326835585,0.0,4.688315672205931e-05
2008-07-15,-0.00841504685828387,0.9872207591692765,0.9856665529659968,0.0,4.72012731893935e-05
2008-07-16,0.00447845584201878,0.9916419837455405,1.005485570801258,0.0,4.8609695359436117e-05
2008-07-17,0.003285272877211476,0.9948997982586438,1.0108442280555736,0.0,4.8610068909645246e-05
2008-07-18,0.013140238011517091,1.0079730184053728,0.9921668863251517,0.0,4.706102925497956e-05
2008-07-21,-0.0013522590443637572,1.0066099777747595,0.9955234946667109,0.0,4.712697564831639e-05
2008-07-22,0.006794514618387204,1.0134494039837645,0.9955607520513615,0.0,4.702816327849853e-05
2008-07-23,-0.001929841782211228,1.0114936069797995,1.005943811495342,0.0,4.7374863424665306e-05
2008-07-24,-0.006614274295748457,1.004803310814839,0.9939429866263421,0.0,4.6865776606503565e-05
2008-07-25,-0.005288572605201103,0.9994893355516483,1.0042491318070634,0.0,4.7776442128070264e-05
2008-07-28,-0.0012513528325542866,0.9982386217404979,0.9891025496298551,0.0,4.708192211706236e-05
2008-07-29,0.004450997159687331,1.002681779010555,1.0054929003836994,0.0,4.8131497096389385e-05
2008-07-30,0.00869318079431003,1.0113982729946542,1.0095027896052424,0.0,4.802341644301007e-05
2008-07-31,-0.007087568611599315,1.0042299183411516,1.0076288632614057,0.0,4.76942450958643e-05
2008-08-01,0.0019385915142078325,1.0061767099391614,0.9973599705184963,0.0,4.731156052931051e-05
2008-08-04,-0.0009408853971085707,1.005230012965869,0.0,0.9971416299726605,0.0
2008-08-05,9.999999999998899e-05,1.0053305359671654,0.0,0.0,0.0
2008-08-06,9.999999999998899e-05,1.0054310690207622,0.0,0.0,0.0
2008-08-07,9.999999999998899e-05,1.0055316121276643,0.0,0.0,0.0
2008-08-08,0.0026017680364442963,1.0081477721357324,1.0195299364869788,0.9995002498750625,5.092923878425289e-05
2008-08-11,0.0022511430818343836,1.0104172570184424,1.0272357230724063,0.0,5.1229086922375805e-05
2008-08-12,-0.006678066775058666,1.0036696231054016,1.0283351727723693,0.0,5.129638096268118e-05
2008-08-13,-0.0026948731958238437,1.0009648607406323,1.0266058591035145,0.0,5.1531996220967494e-05
2008-08-14,-0.0005308080269081916,1.0004335405578981,1.0366280922711897,0.0,5.227035446231272e-05
2008-08-15,0.003714731046121633,1.0041498820905899,1.0348748878123761,0.0,5.204472039473889e-05
2008-08-18,-0.003129364597861617,1.0010075309986286,1.0248231261566136,0.0,5.130783957298329e-05
2008-08-19,-0.0011120723159442347,0.9998943382353533,1.014131550939958,0.0,5.0944280753612774e-05
2008-08-20,0.00198854775852908,1.0018826758804171,1.0155652861522533,0.0,5.1029277429960693e-05
2008-08-21,0.003001045707551997,1.0048893715843388,1.0115471583988003,0.0,5.0664632900262575e-05
2008-08-22,0.002885548725767073,1.0077890288300508,1.022710375007606,0.0,5.1059171301918546e-05
2008-08-25,-0.0030431321146934254,1.0047221936715824,1.0046910922478913,0.0,4.997275508660286e-05
2008-08-26,0.0022352357710797577,1.0069679846588748,1.0036061506568592,0.0,5.002818817128862e-05
2008-08-27,0.0029714561727458566,1.0099601458926468,1.0090045335420488,0.0,5.019764715802265e-05
2008-08-28,0.0037050261226396763,1.0137020746160041,1.015797251212197,0.0,5.0420246109438115e-05
2008-08-29,0.002490746426169199,1.0162269494355542,0.9980524959929957,0.0,4.912326271206096e-05
2008-09-02,0.001455645781650361,1.0177062159076995,0.9878785881670411,0.0,4.856328505665366e-05
2008-09-03,0.0033361894716530394,1.0211014766704467,0.9802673515035409,0.0,4.7964409097376773e-05
2008-09-04,-0.004421904179485403,1.016586263783079,0.9540696251815196,0.0,4.63597964894823e-05
2008-09-05,0.003647552331867532,1.0202943153800854,0.9504964577253363,0.0,4.62565099613728e-05
2008-09-08,0.010868262420400177,1.0313831417456787,0.0,0.9610537185777486,0.0
2008-09-09,9.999999999998899e-05,1.0314862800598532,0.0,0.0,0.0
2008-09-10,0.00010000000000021103,1.0315894286878593,0.0,0.0,0.0
2008-09-11,9.999999999998899e-05,1.0316925876307281,0.0,0.0,0.0
2008-09-12,9.999999999998899e-05,1.031795756889491,0.0,0.0,0.0
2008-09-15,9.999999999998899e-05,1.03189893646518,0.0,0.0,0.0
2008-09-16,9.999999999998899e-05,1.0320021263588266,0.0,0.0,0.0
2008-09-17,0.00010000000000021103,1.0321053265714626,0.0,0.0,0.0
2008-09-18,9.999999999998899e-05,1.0322085371041196,0.0,0.0,0.0
2008-09-19,9.999999999998899e-05,1.03231175795783,0.0,0.0,0.0
2008-09-22,9.999999999998899e-05,1.0324149891336258,0.0,0.0,0.0
2008-09-23,9.999999999998899e-05,1.0325182306325391,0.0,0.0,0.0
2008-09-24,9.999999999998899e-05,1.0326214824556024,0.0,0.0,0.0
2008-09-25,9.999999999998899e-05,1.0327247446038479,0.0,0.0,0.0
2008-09-26,9.999999999998899e-05,1.0328280170783082,0.0,0.0,0.0
2008-09-29,9.999999999998899e-05,1.032931299880016,0.0,0.0,0.0
2008-09-30,9.999999999998899e-05,1.033034593010004,0.0,0.0,0.0
2008-10-01,0.0,1.033034593010004,0.0,0.0,0.0
2008-10-02,0.0,1.033034593010004,0.0,0.0,0.0
2008-10-03,0.0,1.033034593010004,0.0,0.0,0.0
2008-10-06,0.0,1.033034593010004,0.0,0.0,0.0
2008-10-07,0.0,1.033034593010004,0.0,0.0,0.0
2008-10-08,0.0,1.033034593010004,0.0,0.0,0.0
2008-10-09,0.0,1.033034593010004,0.0,0.0,0.0
2008-10-10,-0.0006132669717344719,1.0324010670134518,1.02284834451894,0.9995002498750626,5.308848455581944e-05
2008-10-13,0.029385116323457083,1.0627382924601032,1.1277173370291893,0.0,5.8815641440828504e-05
2008-10-14,0.011487289799158251,1.074946275206255,1.0847249237102312,0.0,5.498810517863367e-05
2008-10-15,-0.020376783872390947,1.0530423272819456,1.0024521967115096,0.0,5.033684225227095e-05
2008-10-16,0.0007144511305068324,1.0537946745631437,1.048843980797542,0.0,5.336647105361648e-05
2008-10-17,-0.00418659650161024,1.049382861465202,1.050224342304558,0.0,5.383939910886113e-05
2008-10-20,0.023226264125949303,1.0737561049748374,1.0737954028727552,0.0,5.499861380566054e-05
2008-10-21,0.005029271767331922,1.0791563162385878,1.0265907755445751,0.0,5.154893176727219e-05
2008-10-22,-0.015585494300614067,1.0623371316223795,0.0,1.023953654156558,0.0
2008-10-23,0.0,1.0623371316223795,0.0,0.0,0.0
2008-10-24,0.0,1.0623371316223795,0.0,0.0,0.0
2008-10-27,0.0,1.0623371316223795,0.0,0.0,0.0
2008-10-28,0.0,1.0623371316223795,0.0,0.0,0.0
2008-10-29,0.0,1.0623371316223795,0.0,0.0,0.0
2008-10-30,0.0,1.0623371316223795,0.0,0.0,0.0
2008-10-31,0.0,1.0623371316223795,0.0,0.0,0.0
2008-11-03,0.0,1.0623371316223795,0.0,0.0,0.0
2008-11-04,0.0,1.0623371316223795,0.0,0.0,0.0
2008-11-05,0.0,1.0623371316223795,0.0,0.0,0.0
2008-11-06,0.0,1.0623371316223795,0.0,0.0,0.0
2008-11-07,0.0,1.0623371316223795,0.0,0.0,0.0
2008-11-10,0.0,1.0623371316223795,0.0,0.0,0.0
2008-11-11,0.0,1.0623371316223795,0.0,0.0,0.0
2008-11-12,0.0,1.0623371316223795,0.0,0.0,0.0
2008-11-13,0.0,1.0623371316223795,0.0,0.0,0.0
2008-11-14,0.0,1.0623371316223795,0.0,0.0,0.0
2008-11-17,0.0,1.0623371316223795,0.0,0.0,0.0
2008-11-18,0.0,1.0623371316223795,0.0,0.0,0.0
2008-11-19,0.0,1.0623371316223795,0.0,0.0,0.0
2008-11-20,0.0,1.0623371316223795,0.0,0.0,0.0
2008-11-21,0.0,1.0623371316223795,0.0,0.0,0.0
2008-11-24,0.0,1.0623371316223795,0.0,0.0,0.0
2008-11-25,0.0,1.0623371316223795,0.0,0.0,0.0
2008-11-26,0.0,1.0623371316223795,0.0,0.0,0.0
2008-11-28,0.0,1.0623371316223795,0.0,0.0,0.0
2008-12-01,0.0,1.0623371316223795,0.0,0.0,0.0
2008-12-02,0.0,1.0623371316223795,0.0,0.0,0.0
2008-12-03,0.0,1.0623371316223795,0.0,0.0,0.0
2008-12-04,0.0,1.0623371316223795,0.0,0.0,0.0
2008-12-05,0.0,1.0623371316223795,0.0,0.0,0.0
2008-12-08,0.0,1.0623371316223795,0.0,0.0,0.0
2008-12-09,0.0,1.0623371316223795,0.0,0.0,0.0
2008-12-10,0.0,1.0623371316223795,0.0,0.0,0.0
2008-12-11,0.0,1.0623371316223795,0.0,0.0,0.0
2008-12-12,0.0,1.0623371316223795,0.0,0.0,0.0
2008-12-15,0.0,1.0623371316223795,0.0,0.0,0.0
2008-12-16,0.0,1.0623371316223795,0.0,0.0,0.0
2008-12-17,0.0,1.0623371316223795,0.0,0.0,0.0
2008-12-18,0.0,1.0623371316223795,0.0,0.0,0.0
2008-12-19,0.0,1.0623371316223795,0.0,0.0,0.0
2008-12-22,0.0,1.0623371316223795,0.0,0.0,0.0
2008-12-23,0.0,1.0623371316223795,0.0,0.0,0.0
2008-12-24,0.0,1.0623371316223795,0.0,0.0,0.0
2008-12-26,0.0,1.0623371316223795,0.0,0.0,0.0
2008-12-29,0.0,1.0623371316223795,0.0,0.0,0.0
2008-12-30,0.0,1.0623371316223795,0.0,0.0,0.0
2008-12-31,0.0,1.0623371316223795,0.0,0.0,0.0
2009-01-02,0.0,1.0623371316223795,0.0,0.0,0.0
2009-01-05,0.0,1.0623371316223795,0.0,0.0,0.0
2009-01-06,0.0,1.0623371316223795,0.0,0.0,0.0
2009-01-07,0.0,1.0623371316223795,0.0,0.0,0.0
2009-01-08,0.0,1.0623371316223795,0.0,0.0,0.0
2009-01-09,0.0,1.0623371316223795,0.0,0.0,0.0
2009-01-12,0.0,1.0623371316223795,0.0,0.0,0.0
2009-01-13,0.0,1.0623371316223795,0.0,0.0,0.0
2009-01-14,0.0,1.0623371316223795,0.0,0.0,0.0
2009-01-15,0.0,1.0623371316223795,0.0,0.0,0.0
2009-01-16,0.0,1.0623371316223795,0.0,0.0,0.0
2009-01-20,0.0,1.0623371316223795,0.0,0.0,0.0
2009-01-21,0.0,1.0623371316223795,0.0,0.0,0.0
2009-01-22,0.0,1.0623371316223795,0.0,0.0,0.0
2009-01-23,0.0,1.0623371316223795,0.0,0.0,0.0
2009-01-26,0.0,1.0623371316223795,0.0,0.0,0.0
2009-01-27,0.0,1.0623371316223795,0.0,0.0,0.0
2009-01-28,0.0,1.0623371316223795,0.0,0.0,0.0
2009-01-29,0.0,1.0623371316223795,0.0,0.0,0.0
2009-01-30,0.0,1.0623371316223795,0.0,0.0,0.0
2009-02-02,0.0,1.0623371316223795,0.0,0.0,0.0
2009-02-03,0.0,1.0623371316223795,0.0,0.0,0.0
2009-02-04,0.0,1.0623371316223795,0.0,0.0,0.0
2009-02-05,0.0,1.0623371316223795,0.0,0.0,0.0
2009-02-06,0.0019145497424182256,1.0643710289040884,1.0213336798619057,0.9995002498750626,5.7687084394127535e-05
2009-02-09,-0.0013202501661044863,1.062965792876381,1.0254334020399476,0.0,5.784042556119249e-05
2009-02-10,-0.00684587016077165,1.0556888670730076,0.9896022735641492,0.0,5.587454647299053e-05
2009-02-11,0.005174320410063604,1.0611513395245804,0.9853813209861806,0.0,5.5801710982721356e-05
2009-02-12,-0.005405812297293866,1.0554149545640885,0.9968641815280547,0.0,5.647381466750801e-05
2009-02-13,-0.0034902033238627395,1.0517313417816145,0.9925408639431597,0.0,5.628531888279373e-05
2009-02-17,-0.0033212855694020327,1.0482382416532674,0.9546859479586651,0.0,5.436215579795014e-05
2009-02-18,-0.0015604739899566233,1.0466024931418896,0.9552969251964286,0.0,5.4460519394964155e-05
2009-02-19,0.001658156605297778,1.0483379239790138,0.9413368599259304,0.0,5.3616886231529795e-05
2009-02-20,-0.006075957734920645,1.0419682670610029,0.9435520663405047,0.0,5.401972052976623e-05
2009-02-23,-0.0016373899439403594,1.0402621586986123,0.911646623369169,0.0,5.208562814379786e-05
2009-02-24,0.00333292792124551,1.043729277492754,0.940923266590777,0.0,5.395659283484909e-05
2009-02-25,-0.0009117188772181928,1.0427776898077585,0.9349431619119056,0.0,5.3483870083252764e-05
2009-02-26,0.004650036244510547,1.0476266438603317,0.9102339499028044,0.0,5.190634876219703e-05
2009-02-27,-0.006592762393691443,1.04071989032006,0.9014902848445289,0.0,5.162395627364575e-05
2009-03-02,-0.007069581213309473,1.033362436535136,0.8725727915503559,0.0,5.012931295796224e-05
2009-03-03,-0.0031073849585923075,1.0301513816430723,0.8715888364412585,0.0,5.0177366269543616e-05
2009-03-04,-0.0007592828910225613,1.0293692053238275,0.8941805426405401,0.0,5.176612266435245e-05
2009-03-05,-0.00570675357165229,1.0234948489347968,0.8673295613076216,0.0,5.0596434024549754e-05
2009-03-06,0.004088400677806137,1.0276793059689129,0.8612128848439604,0.0,5.011832329929863e-05
2009-03-09,-0.0032827296494410962,1.0243057126410917,0.0,0.8540894315106772,0.0
2009-03-10,-0.0007891696313978569,1.023497361679408,1.0399627347946079,0.9995002498750625,6.0057227476882245e-05
2009-03-11,-0.004335220048404698,1.0190602753975662,1.0557832812721006,0.0,6.096850975384609e-05
2009-03-12,0.004164124528733604,1.0233037692866072,1.0896126560415684,0.0,6.331208139229939e-05
2009-03-13,0.003018699552522097,1.0263928159170468,1.0919846970717186,0.0,6.296772020460777e-05
2009-03-16,0.007079956200811033,1.0336596320985665,1.0738395620061343,0.0,6.179341146532093e-05
2009-03-17,-0.002604446301680552,1.0309675210925509,1.1133431753140806,0.0,6.393411778813096e-05
2009-03-18,0.006030505461527502,1.0371847763591568,1.1262181569169765,0.0,6.487743592287803e-05
2009-03-19,-0.006943491078465369,1.029983093117787,1.126431357354234,0.0,6.442164220102917e-05
2009-03-20,-0.004155056225021214,1.0257034554550613,1.1103680039541184,0.0,6.376343749212145e-05
2009-03-23,0.009229971338226672,1.0351706689504314,1.172361805865498,0.0,6.77976394263999e-05
2009-03-24,-0.0015984836462308305,1.0335159655650563,1.1518141470195662,0.0,6.622335170799712e-05
2009-03-25,0.0036538515728032905,1.0372922795013535,1.1564396323039396,0.0,6.647736663125238e-05
2009-03-26,-0.005000026718880335,1.0321057903885584,1.1917917277924786,0.0,6.828044939073936e-05
2009-03-27,-0.00034850986563539355,1.0317460913382286,1.1702660169390413,0.0,6.734770485718108e-05
2009-03-30,-0.007004516402334127,1.0245192089184059,1.143435225606924,0.0,6.594315567663494e-05
2009-03-31,0.0005725797520867992,1.0251058278730565,1.1530267665515916,0.0,6.662455318183881e-05
2009-04-01,0.0031001501291758604,1.028283809837756,1.169197582605182,0.0,6.769994059953086e-05
2009-04-02,-0.0006881582800319919,1.0275761878197933,1.2058759669825687,0.0,6.929858391500128e-05
2009-04-03,-0.004771583592655171,1.0226730221417892,1.2287867679688824,0.0,7.138181034762312e-05
2009-04-06,-0.0035223000486275247,1.0190708609061692,1.226693513864858,0.0,7.11583365183527e-05
2009-04-07,-0.00422463901752701,1.01476565438556,0.0,1.2144604873571474,0.0
2009-04-08,-0.0010224896588922894,1.0137280669977518,1.0068439113094443,0.9995002498750626,5.8594720754511563e-05
2009-04-09,0.00510631057372346,1.0189044773451426,1.0372476387273601,0.0,6.022649863659657e-05
2009-04-13,0.0008310461843676897,1.0197512340232755,1.0357438469355322,0.0,6.031379700372062e-05
2009-04-14,-0.0030929798186641877,1.0165971640363836,1.0236121986876667,0.0,5.9405921904052946e-05
2009-04-15,0.006915916252234755,1.0236278648851185,1.0207598554635189,0.0,5.929106613852834e-05
2009-04-16,-0.005177332000167567,1.0183282035839856,1.046719622003637,0.0,6.0595022625052756e-05
2009-04-17,0.0024617178309542798,1.020835040280512,1.0488091391081071,0.0,6.0685769122816094e-05
2009-04-20,-0.006253619590870674,1.0144511262735665,1.016197730267092,0.0,5.8794944412266896e-05
2009-04-21,0.003152939768785723,1.017649629573084,1.0300322949480762,0.0,6.0087505398386935e-05
2009-04-22,-0.004822990618814416,1.012741514956413,1.033325091119604,0.0,6.0076537591351425e-05
2009-04-23,0.0001750767601009784,1.0129188224596712,1.0432575851470818,0.0,6.097651738229968e-05
2009-04-24,-0.0009698083969590376,1.011936485280212,1.0612809957642853,0.0,6.18634275765986e-05
2009-04-27,-0.005798071285893269,1.006069205401761,1.0629442952374444,0.0,6.215302904175239e-05
2009-04-28,0.0021279186383842408,1.0082100388154398,1.0551197897892577,0.0,6.206784737771102e-05
2009-04-29,0.004205269070038042,1.0124498333077723,1.0691564457290579,0.0,6.253867489567048e-05
2009-04-30,-0.005125669669342914,1.0072603499054553,1.0801299189752616,0.0,6.299353649756106e-05
2009-05-01,0.0014866361145229323,1.0087577795183518,1.0828634953365617,0.0,6.348472961356472e-05
2009-05-04,0.008115997492190052,1.0169448551271498,1.1031669241918798,0.0,6.47063212305752e-05
2009-05-05,-0.001527760394617661,1.0153912070539763,1.1024650389713442,0.0,6.415163816039176e-05
2009-05-06,0.009546532832066967,1.0250846725495093,1.1018645606706472,0.0,6.40278310796637e-05
2009-05-07,0.0011447533150956701,1.026258141626664,0.0,1.108999876583848,0.0
2009-05-08,0.0,1.026258141626664,0.0,0.0,0.0
2009-05-11,0.0,1.026258141626664,0.0,0.0,0.0
2009-05-12,0.0,1.026258141626664,0.0,0.0,0.0
2009-05-13,0.0,1.026258141626664,0.0,0.0,0.0
2009-05-14,0.0,1.026258141626664,0.0,0.0,0.0
2009-05-15,0.0,1.026258141626664,0.0,0.0,0.0
2009-05-18,0.0,1.026258141626664,0.0,0.0,0.0
2009-05-19,0.0,1.026258141626664,0.0,0.0,0.0
2009-05-20,0.0,1.026258141626664,0.0,0.0,0.0
2009-05-21,0.0,1.026258141626664,0.0,0.0,0.0
2009-05-22,0.0,1.026258141626664,0.0,0.0,0.0
2009-05-26,0.0,1.026258141626664,0.0,0.0,0.0
2009-05-27,0.0,1.026258141626664,0.0,0.0,0.0
2009-05-28,0.0,1.026258141626664,0.0,0.0,0.0
2009-05-29,0.0,1.026258141626664,0.0,0.0,0.0
2009-06-01,0.0,1.026258141626664,0.0,0.0,0.0
2009-06-02,0.0,1.026258141626664,0.0,0.0,0.0
2009-06-03,0.0,1.026258141626664,0.0,0.0,0.0
2009-06-04,0.0,1.026258141626664,0.0,0.0,0.0
2009-06-05,0.0,1.026258141626664,0.0,0.0,0.0
2009-06-08,0.0,1.026258141626664,0.0,0.0,0.0
2009-06-09,0.0,1.026258141626664,0.0,0.0,0.0
2009-06-10,0.0,1.026258141626664,0.0,0.0,0.0
2009-06-11,0.0,1.026258141626664,0.0,0.0,0.0
2009-06-12,0.0,1.026258141626664,0.0,0.0,0.0
2009-06-15,0.0,1.026258141626664,0.0,0.0,0.0
2009-06-16,0.0,1.026258141626664,0.0,0.0,0.0
2009-06-17,0.0,1.026258141626664,0.0,0.0,0.0
2009-06-18,0.0,1.026258141626664,0.0,0.0,0.0
2009-06-19,0.0,1.026258141626664,0.0,0.0,0.0
2009-06-22,0.0,1.026258141626664,0.0,0.0,0.0
2009-06-23,0.0,1.026258141626664,0.0,0.0,0.0
2009-06-24,0.0,1.026258141626664,0.0,0.0,0.0
2009-06-25,0.0,1.026258141626664,0.0,0.0,0.0
2009-06-26,0.0,1.026258141626664,0.0,0.0,0.0
2009-06-29,0.0,1.026258141626664,0.0,0.0,0.0
2009-06-30,0.0,1.026258141626664,0.0,0.0,0.0
2009-07-01,0.0,1.026258141626664,0.0,0.0,0.0
2009-07-02,0.0,1.026258141626664,0.0,0.0,0.0
2009-07-06,0.0,1.026258141626664,0.0,0.0,0.0
2009-07-07,0.0,1.026258141626664,0.0,0.0,0.0
2009-07-08,0.0,1.026258141626664,0.0,0.0,0.0
2009-07-09,0.0,1.026258141626664,0.0,0.0,0.0
2009-07-10,0.0,1.026258141626664,0.0,0.0,0.0
2009-07-13,0.0,1.026258141626664,0.0,0.0,0.0
2009-07-14,0.0,1.026258141626664,0.0,0.0,0.0
2009-07-15,0.0,1.026258141626664,0.0,0.0,0.0
2009-07-16,0.0,1.026258141626664,0.0,0.0,0.0
2009-07-17,0.0,1.026258141626664,0.0,0.0,0.0
2009-07-20,0.0,1.026258141626664,0.0,0.0,0.0
2009-07-21,0.0,1.026258141626664,0.0,0.0,0.0
2009-07-22,0.0,1.026258141626664,0.0,0.0,0.0
2009-07-23,0.0,1.026258141626664,0.0,0.0,0.0
2009-07-24,0.0,1.026258141626664,0.0,0.0,0.0
2009-07-27,0.0,1.026258141626664,0.0,0.0,0.0
2009-07-28,0.0,1.026258141626664,0.0,0.0,0.0
2009-07-29,0.0,1.026258141626664,0.0,0.0,0.0
2009-07-30,0.0,1.026258141626664,0.0,0.0,0.0
2009-07-31,0.0,1.026258141626664,0.0,0.0,0.0
2009-08-03,0.0,1.026258141626664,0.0,0.0,0.0
2009-08-04,0.0,1.026258141626664,0.0,0.0,0.0
2009-08-05,0.0,1.026258141626664,0.0,0.0,0.0
2009-08-06,0.0,1.026258141626664,0.0,0.0,0.0
2009-08-07,0.0,1.026258141626664,0.0,0.0,0.0
2009-08-10,0.0,1.026258141626664,0.0,0.0,0.0
2009-08-11,0.0,1.026258141626664,0.0,0.0,0.0
2009-08-12,0.0,1.026258141626664,0.0,0.0,0.0
2009-08-13,0.0,1.026258141626664,0.0,0.0,0.0
2009-08-14,0.0,1.026258141626664,0.0,0.0,0.0
2009-08-17,0.0,1.026258141626664,0.0,0.0,0.0
2009-08-18,0.0,1.026258141626664,0.0,0.0,0.0
2009-08-19,0.0,1.026258141626664,0.0,0.0,0.0
2009-08-20,0.0,1.026258141626664,0.0,0.0,0.0
2009-08-21,0.0,1.026258141626664,0.0,0.0,0.0
2009-08-24,0.0,1.026258141626664,0.0,0.0,0.0
2009-08-25,0.0,1.026258141626664,0.0,0.0,0.0
2009-08-26,0.0,1.026258141626664,0.0,0.0,0.0
2009-08-27,0.0,1.026258141626664,0.0,0.0,0.0
2009-08-28,0.0,1.026258141626664,0.0,0.0,0.0
2009-08-31,0.0,1.026258141626664,0.0,0.0,0.0
2009-09-01,0.0,1.026258141626664,0.0,0.0,0.0
2009-09-02,0.0,1.026258141626664,0.0,0.0,0.0
2009-09-03,0.0,1.026258141626664,0.0,0.0,0.0
2009-09-04,0.0,1.026258141626664,0.0,0.0,0.0
2009-09-08,0.0,1.026258141626664,0.0,0.0,0.0
2009-09-09,0.0,1.026258141626664,0.0,0.0,0.0
2009-09-10,0.0,1.026258141626664,0.0,0.0,0.0
2009-09-11,0.0,1.026258141626664,0.0,0.0,0.0
2009-09-14,0.0,1.026258141626664,0.0,0.0,0.0
2009-09-15,0.0,1.026258141626664,0.0,0.0,0.0
2009-09-16,0.0,1.026258141626664,0.0,0.0,0.0
2009-09-17,0.0,1.026258141626664,0.0,0.0,0.0
2009-09-18,0.0,1.026258141626664,0.0,0.0,0.0
2009-09-21,0.0,1.026258141626664,0.0,0.0,0.0
2009-09-22,0.0,1.026258141626664,0.0,0.0,0.0
2009-09-23,0.0,1.026258141626664,0.0,0.0,0.0
2009-09-24,0.0,1.026258141626664,0.0,0.0,0.0
2009-09-25,0.0,1.026258141626664,0.0,0.0,0.0
2009-09-28,0.0,1.026258141626664,0.0,0.0,0.0
2009-09-29,0.0,1.026258141626664,0.0,0.0,0.0
2009-09-30,0.0,1.026258141626664,0.0,0.0,0.0
2009-10-01,0.0,1.026258141626664,0.0,0.0,0.0
2009-10-02,0.0,1.026258141626664,0.0,0.0,0.0
2009-10-05,0.0,1.026258141626664,0.0,0.0,0.0
2009-10-06,0.0,1.026258141626664,0.0,0.0,0.0
2009-10-07,0.0,1.026258141626664,0.0,0.0,0.0
2009-10-08,0.0,1.026258141626664,0.0,0.0,0.0
2009-10-09,0.0,1.026258141626664,0.0,0.0,0.0
2009-10-12,0.0,1.026258141626664,0.0,0.0,0.0
2009-10-13,0.0,1.026258141626664,0.0,0.0,0.0
2009-10-14,0.0,1.026258141626664,0.0,0.0,0.0
2009-10-15,0.0,1.026258141626664,0.0,0.0,0.0
2009-10-16,0.0,1.026258141626664,0.0,0.0,0.0
2009-10-19,0.0,1.026258141626664,0.0,0.0,0.0
2009-10-20,0.0,1.026258141626664,0.0,0.0,0.0
2009-10-21,0.0,1.026258141626664,0.0,0.0,0.0
2009-10-22,0.0,1.026258141626664,0.0,0.0,0.0
2009-10-23,0.0,1.026258141626664,0.0,0.0,0.0
2009-10-26,0.0,1.026258141626664,0.0,0.0,0.0
2009-10-27,0.0,1.026258141626664,0.0,0.0,0.0
2009-10-28,0.0,1.026258141626664,0.0,0.0,0.0
2009-10-29,0.0,1.026258141626664,0.0,0.0,0.0
2009-10-30,0.0,1.026258141626664,0.0,0.0,0.0
2009-11-02,0.0,1.026258141626664,0.0,0.0,0.0
2009-11-03,0.0,1.026258141626664,0.0,0.0,0.0
2009-11-04,0.0,1.026258141626664,0.0,0.0,0.0
2009-11-05,0.0,1.026258141626664,0.0,0.0,0.0
2009-11-06,0.0,1.026258141626664,0.0,0.0,0.0
2009-11-09,0.0,1.026258141626664,0.0,0.0,0.0
2009-11-10,0.0,1.026258141626664,0.0,0.0,0.0
2009-11-11,0.0,1.026258141626664,0.0,0.0,0.0
2009-11-12,0.0,1.026258141626664,0.0,0.0,0.0
2009-11-13,0.0,1.026258141626664,0.0,0.0,0.0
2009-11-16,0.0,1.026258141626664,0.0,0.0,0.0
2009-11-17,0.0,1.026258141626664,0.0,0.0,0.0
2009-11-18,0.0,1.026258141626664,0.0,0.0,0.0
2009-11-19,0.0,1.026258141626664,0.0,0.0,0.0
2009-11-20,0.0,1.026258141626664,0.0,0.0,0.0
2009-11-23,0.0,1.026258141626664,0.0,0.0,0.0
2009-11-24,0.0,1.026258141626664,0.0,0.0,0.0
2009-11-25,0.0,1.026258141626664,0.0,0.0,0.0
2009-11-27,0.0,1.026258141626664,0.0,0.0,0.0
2009-11-30,0.0,1.026258141626664,0.0,0.0,0.0
2009-12-01,0.0,1.026258141626664,0.0,0.0,0.0
2009-12-02,0.0,1.026258141626664,0.0,0.0,0.0
2009-12-03,0.0,1.026258141626664,0.0,0.0,0.0
2009-12-04,0.0,1.026258141626664,0.0,0.0,0.0
2009-12-07,0.0,1.026258141626664,0.0,0.0,0.0
2009-12-08,0.0,1.026258141626664,0.0,0.0,0.0
2009-12-09,0.0,1.026258141626664,0.0,0.0,0.0
2009-12-10,0.0,1.026258141626664,0.0,0.0,0.0
2009-12-11,0.0,1.026258141626664,0.0,0.0,0.0
2009-12-14,0.0,1.026258141626664,0.0,0.0,0.0
2009-12-15,0.0,1.026258141626664,0.0,0.0,0.0
2009-12-16,0.0,1.026258141626664,0.0,0.0,0.0
2009-12-17,0.0,1.026258141626664,0.0,0.0,0.0
2009-12-18,0.0,1.026258141626664,0.0,0.0,0.0
2009-12-21,0.0,1.026258141626664,0.0,0.0,0.0
2009-12-22,0.0,1.026258141626664,0.0,0.0,0.0
2009-12-23,0.0,1.026258141626664,0.0,0.0,0.0
2009-12-24,0.0,1.026258141626664,0.0,0.0,0.0
2009-12-28,0.0,1.026258141626664,0.0,0.0,0.0
2009-12-29,0.0,1.026258141626664,0.0,0.0,0.0
2009-12-30,0.0,1.026258141626664,0.0,0.0,0.0
2009-12-31,0.0,1.026258141626664,0.0,0.0,0.0
2010-01-04,0.0,1.026258141626664,0.0,0.0,0.0
2010-01-05,0.0,1.026258141626664,0.0,0.0,0.0
2010-01-06,0.0,1.026258141626664,0.0,0.0,0.0
2010-01-07,0.0,1.026258141626664,0.0,0.0,0.0
2010-01-08,0.0,1.026258141626664,0.0,0.0,0.0
2010-01-11,0.0,1.026258141626664,0.0,0.0,0.0
2010-01-12,0.0,1.026258141626664,0.0,0.0,0.0
2010-01-13,0.0,1.026258141626664,0.0,0.0,0.0
2010-01-14,0.0,1.026258141626664,0.0,0.0,0.0
2010-01-15,0.0,1.026258141626664,0.0,0.0,0.0
2010-01-19,0.0,1.026258141626664,0.0,0.0,0.0
2010-01-20,0.0,1.026258141626664,0.0,0.0,0.0
2010-01-21,0.0,1.026258141626664,0.0,0.0,0.0
2010-01-22,0.0,1.026258141626664,0.0,0.0,0.0
2010-01-25,0.0,1.026258141626664,0.0,0.0,0.0
2010-01-26,0.0,1.026258141626664,0.0,0.0,0.0
2010-01-27,0.0,1.026258141626664,0.0,0.0,0.0
2010-01-28,0.0,1.026258141626664,0.0,0.0,0.0
2010-01-29,0.0,1.026258141626664,0.0,0.0,0.0
2010-02-01,0.0,1.026258141626664,0.0,0.0,0.0
2010-02-02,0.0,1.026258141626664,0.0,0.0,0.0
2010-02-03,0.0,1.026258141626664,0.0,0.0,0.0
2010-02-04,0.0,1.026258141626664,0.0,0.0,0.0
2010-02-05,0.0,1.026258141626664,0.0,0.0,0.0
2010-02-08,0.0,1.026258141626664,0.0,0.0,0.0
2010-02-09,0.0,1.026258141626664,0.0,0.0,0.0
2010-02-10,0.0,1.026258141626664,0.0,0.0,0.0
2010-02-11,0.0,1.026258141626664,0.0,0.0,0.0
2010-02-12,0.0,1.026258141626664,0.0,0.0,0.0
2010-02-16,0.0,1.026258141626664,0.0,0.0,0.0
2010-02-17,0.0,1.026258141626664,0.0,0.0,0.0
2010-02-18,0.0,1.026258141626664,0.0,0.0,0.0
2010-02-19,0.0,1.026258141626664,0.0,0.0,0.0
2010-02-22,0.0,1.026258141626664,0.0,0.0,0.0
2010-02-23,0.0,1.026258141626664,0.0,0.0,0.0
2010-02-24,0.0,1.026258141626664,0.0,0.0,0.0
2010-02-25,0.0,1.026258141626664,0.0,0.0,0.0
2010-02-26,0.0,1.026258141626664,0.0,0.0,0.0
2010-03-01,0.0,1.026258141626664,0.0,0.0,0.0
2010-03-02,0.0,1.026258141626664,0.0,0.0,0.0
2010-03-03,0.0,1.026258141626664,0.0,0.0,0.0
2010-03-04,0.0,1.026258141626664,0.0,0.0,0.0
2010-03-05,0.0,1.026258141626664,0.0,0.0,0.0
2010-03-08,0.0,1.026258141626664,0.0,0.0,0.0
2010-03-09,0.0,1.026258141626664,0.0,0.0,0.0
2010-03-10,0.0,1.026258141626664,0.0,0.0,0.0
2010-03-11,0.0,1.026258141626664,0.0,0.0,0.0
2010-03-12,0.0,1.026258141626664,0.0,0.0,0.0
2010-03-15,0.0,1.026258141626664,0.0,0.0,0.0
2010-03-16,0.0,1.026258141626664,0.0,0.0,0.0
2010-03-17,0.0,1.026258141626664,0.0,0.0,0.0
2010-03-18,0.0,1.026258141626664,0.0,0.0,0.0
2010-03-19,0.0,1.026258141626664,0.0,0.0,0.0
2010-03-22,0.0,1.026258141626664,0.0,0.0,0.0
2010-03-23,0.0,1.026258141626664,0.0,0.0,0.0
2010-03-24,0.0,1.026258141626664,0.0,0.0,0.0
2010-03-25,0.0,1.026258141626664,0.0,0.0,0.0
2010-03-26,0.0,1.026258141626664,0.0,0.0,0.0
2010-03-29,0.0,1.026258141626664,0.0,0.0,0.0
2010-03-30,0.0,1.026258141626664,0.0,0.0,0.0
2010-03-31,0.0,1.026258141626664,0.0,0.0,0.0
2010-04-01,0.0,1.026258141626664,0.0,0.0,0.0
2010-04-05,0.0,1.026258141626664,0.0,0.0,0.0
2010-04-06,0.0,1.026258141626664,0.0,0.0,0.0
2010-04-07,0.0,1.026258141626664,0.0,0.0,0.0
2010-04-08,0.0,1.026258141626664,0.0,0.0,0.0
2010-04-09,0.0,1.026258141626664,0.0,0.0,0.0
2010-04-12,0.0,1.026258141626664,0.0,0.0,0.0
2010-04-13,0.0,1.026258141626664,0.0,0.0,0.0
2010-04-14,0.0,1.026258141626664,0.0,0.0,0.0
2010-04-15,0.0,1.026258141626664,0.0,0.0,0.0
2010-04-16,0.0,1.026258141626664,0.0,0.0,0.0
2010-04-19,0.0,1.026258141626664,0.0,0.0,0.0
2010-04-20,0.0,1.026258141626664,0.0,0.0,0.0
2010-04-21,0.0,1.026258141626664,0.0,0.0,0.0
2010-04-22,0.0,1.026258141626664,0.0,0.0,0.0
2010-04-23,0.0,1.026258141626664,0.0,0.0,0.0
2010-04-26,0.0,1.026258141626664,0.0,0.0,0.0
2010-04-27,0.0,1.026258141626664,0.0,0.0,0.0
2010-04-28,0.0,1.026258141626664,0.0,0.0,0.0
2010-04-29,0.0,1.026258141626664,0.0,0.0,0.0
2010-04-30,0.0,1.026258141626664,0.0,0.0,0.0
2010-05-03,0.0,1.026258141626664,0.0,0.0,0.0
2010-05-04,0.0,1.026258141626664,0.0,0.0,0.0
2010-05-05,0.0,1.026258141626664,0.0,0.0,0.0
2010-05-06,0.0,1.026258141626664,0.0,0.0,0.0
2010-05-07,0.0,1.026258141626664,0.0,0.0,0.0
2010-05-10,0.0,1.026258141626664,0.0,0.0,0.0
2010-05-11,0.0,1.026258141626664,0.0,0.0,0.0
2010-05-12,0.0,1.026258141626664,0.0,0.0,0.0
2010-05-13,0.0,1.026258141626664,0.0,0.0,0.0
2010-05-14,0.0,1.026258141626664,0.0,0.0,0.0
2010-05-17,0.0,1.026258141626664,0.0,0.0,0.0
2010-05-18,0.0,1.026258141626664,0.0,0.0,0.0
2010-05-19,0.0,1.026258141626664,0.0,0.0,0.0
2010-05-20,0.0,1.026258141626664,0.0,0.0,0.0
2010-05-21,0.003009232794475958,1.029346391282045,1.0251316165117041,0.9995002498750623,5.688769480587307e-05
2010-05-24,-0.005184429998418061,1.024009816972319,1.0214745765821789,0.0,5.6645379057714305e-05
2010-05-25,7.222505746296015e-05,1.0240837761401926,1.0223836615480661,0.0,5.698709135665263e-05
2010-05-26,0.0019977533960280347,1.0261296429817939,1.011737222553466,0.0,5.619337207222532e-05
2010-05-27,0.0002531239694072429,1.0263893809901519,1.0473817594521773,0.0,5.822894766634945e-05
2010-05-28,-0.004191440788698708,1.0220873306735825,1.0418613808207502,0.0,5.792895082958359e-05
2010-06-01,-0.004882124795026588,1.0170973727738184,1.0330919580608167,0.0,5.7746191757698146e-05
2010-06-02,0.0026857877347739034,1.019829080422685,1.0560120030347568,0.0,5.92048086953471e-05
2010-06-03,-0.0028495735679460177,1.0169230024312899,1.0656962696823817,0.0,5.959447706927835e-05
2010-06-04,-0.0026516809401911923,1.0142264470881008,1.0314217397231809,0.0,5.7732434468820006e-05
2010-06-07,0.001997713315495364,1.0162525807663763,1.013766334294493,0.0,5.686152278201791e-05
2010-06-08,0.0065600616743091145,1.0229192603728794,1.0120222722994874,0.0,5.6640704823707536e-05
2010-06-09,0.0010157398626393643,1.0239582802419016,1.0041619365376218,0.0,5.5784950167782284e-05
2010-06-10,0.002263434385882279,1.02627594262311,1.030851401788728,0.0,5.7114695241345074e-05
2010-06-11,-0.001966884219391507,1.0242573766668235,1.0401528762228953,0.0,5.7720546142464176e-05
2010-06-14,-0.0008103939241430602,1.023427324712014,1.0400296085249416,0.0,5.783890019372491e-05
2010-06-15,-0.0005021291648293902,1.0229134320041928,1.0661971834205286,0.0,5.9345087119846224e-05
2010-06-16,-0.0022936439823934007,1.020567232766367,1.0704812678513411,0.0,5.97880974306603e-05
2010-06-17,-0.0007545932819931211,1.0197971195886992,1.0738121242395358,0.0,6.009422498166323e-05
2010-06-18,0.0001383131696754969,1.0199381709607356,1.0747000748139262,0.0,6.010924656613797e-05
2010-06-21,9.796405512707551e-05,1.0200380882399418,0.0,1.087535714123886,0.0
2010-06-22,0.0,1.0200380882399418,0.0,0.0,0.0
2010-06-23,-0.00015009073002514306,1.0198849899786244,0.9952411899758001,0.9995002498750626,5.497027220967912e-05
2010-06-24,-0.0018734197023504429,1.017974317344267,0.9812203407305035,0.0,5.417703803788191e-05
2010-06-25,0.002057082794288956,1.020068374797504,0.9814937315042086,0.0,5.4306315184182584e-05
2010-06-28,-0.00010667261233032743,1.0199595614392087,0.9783306919412114,0.0,5.391038214101985e-05
2010-06-29,0.00121918492855011,1.021203080764246,0.9434853847629433,0.0,5.189979757713685e-05
2010-06-30,0.0017438768526500947,1.0229839331786457,0.9304111288336242,0.0,5.102575879663797e-05
2010-07-01,-0.0010880494811035257,1.0218708760409734,0.9279792017743687,0.0,5.0876918663184903e-05
2010-07-02,-0.0015768815022816352,1.020259506758824,0.9255055489508451,0.0,5.065454681611402e-05
2010-07-06,0.0019140440458931263,1.0222123283930016,0.9283052982428907,0.0,5.090521171464531e-05
2010-07-07,0.0020993467840537683,1.0243583065572335,0.955720042013112,0.0,5.2473954365862546e-05
2010-07-08,0.002651456854006584,1.0270743484101132,0.9606788571817287,0.0,5.259926442292842e-05
2010-07-09,-0.00036410564707245463,1.026700384839894,0.9691023050538218,0.0,5.299951421199254e-05
2010-07-12,-0.001011405662380116,1.025661974257099,0.9717221663937039,0.0,5.32479207955972e-05
2010-07-13,0.0020662142789893423,1.0277812116737253,0.9834007700847944,0.0,5.3836901164654195e-05
2010-07-14,-0.0023960699055972645,1.0253185760428956,0.9880129806215161,0.0,5.422239950810441e-05
2010-07-15,-0.0003085341647263151,1.0250022302324577,0.9888638402835193,0.0,5.422105481658227e-05
2010-07-16,-0.002129201694370697,1.022819793747113,0.9636433743434761,0.0,5.284322287339596e-05
2010-07-19,-0.000793078745897402,1.022008617107809,0.9712886033216437,0.0,5.331034213552647e-05
2010-07-20,0.0003305289162789382,1.0223464205084496,0.9821780651408376,0.0,5.4012901622664974e-05
2010-07-21,-0.0007074671440586711,1.0216231440060939,0.9697802345548472,0.0,5.3382602743790024e-05
2010-07-22,-0.0006190619785766405,1.0209906959612058,0.0,0.9824169045376512,0.0
2010-07-23,0.0,1.0209906959612058,0.0,0.0,0.0
2010-07-26,0.0,1.0209906959612058,0.0,0.0,0.0
2010-07-27,0.0,1.0209906959612058,0.0,0.0,0.0
2010-07-28,0.0,1.0209906959612058,0.0,0.0,0.0
2010-07-29,0.0,1.0209906959612058,0.0,0.0,0.0
2010-07-30,0.0,1.0209906959612058,0.0,0.0,0.0
2010-08-02,0.0,1.0209906959612058,0.0,0.0,0.0
2010-08-03,0.0,1.0209906959612058,0.0,0.0,0.0
2010-08-04,0.0,1.0209906959612058,0.0,0.0,0.0
2010-08-05,0.0,1.0209906959612058,0.0,0.0,0.0
2010-08-06,0.0,1.0209906959612058,0.0,0.0,0.0
2010-08-09,0.0,1.0209906959612058,0.0,0.0,0.0
2010-08-10,0.0,1.0209906959612058,0.0,0.0,0.0
2010-08-11,0.0,1.0209906959612058,0.0,0.0,0.0
2010-08-12,0.0,1.0209906959612058,0.0,0.0,0.0
2010-08-13,0.0,1.0209906959612058,0.0,0.0,0.0
2010-08-16,0.0,1.0209906959612058,0.0,0.0,0.0
2010-08-17,0.0,1.0209906959612058,0.0,0.0,0.0
2010-08-18,0.0,1.0209906959612058,0.0,0.0,0.0
2010-08-19,0.0,1.0209906959612058,0.0,0.0,0.0
2010-08-20,0.0,1.0209906959612058,0.0,0.0,0.0
2010-08-23,0.0,1.0209906959612058,0.0,0.0,0.0
2010-08-24,0.0,1.0209906959612058,0.0,0.0,0.0
2010-08-25,0.0,1.0209906959612058,0.0,0.0,0.0
2010-08-26,0.0,1.0209906959612058,0.0,0.0,0.0
2010-08-27,0.0,1.0209906959612058,0.0,0.0,0.0
2010-08-30,0.0,1.0209906959612058,0.0,0.0,0.0
2010-08-31,0.0,1.0209906959612058,0.0,0.0,0.0
2010-09-01,0.0,1.0209906959612058,0.0,0.0,0.0
2010-09-02,0.0,1.0209906959612058,0.0,0.0,0.0
2010-09-03,0.0,1.0209906959612058,0.0,0.0,0.0
2010-09-07,0.0,1.0209906959612058,0.0,0.0,0.0
2010-09-08,0.0,1.0209906959612058,0.0,0.0,0.0
2010-09-09,0.0,1.0209906959612058,0.0,0.0,0.0
2010-09-10,0.0,1.0209906959612058,0.0,0.0,0.0
2010-09-13,0.0,1.0209906959612058,0.0,0.0,0.0
2010-09-14,0.0,1.0209906959612058,0.0,0.0,0.0
2010-09-15,0.0,1.0209906959612058,0.0,0.0,0.0
2010-09-16,0.0,1.0209906959612058,0.0,0.0,0.0
2010-09-17,0.0,1.0209906959612058,0.0,0.0,0.0
2010-09-20,0.0,1.0209906959612058,0.0,0.0,0.0
2010-09-21,0.0,1.0209906959612058,0.0,0.0,0.0
2010-09-22,0.0,1.0209906959612058,0.0,0.0,0.0
2010-09-23,0.0,1.0209906959612058,0.0,0.0,0.0
2010-09-24,0.0009261357830310235,1.0219362719788772,1.0077670304965514,0.9995002498750625,5.187943963027508e-05
2010-09-27,-0.00042627474738821114,1.0215006463526926,1.0030855776028489,0.0,5.15258114261783e-05
2010-09-28,0.002119058614084235,1.0236652660966388,1.0027798416601637,0.0,5.156638180679045e-05
2010-09-29,-0.00034679910145629655,1.0233102599021644,1.0014316844573166,0.0,5.1401064729821964e-05
2010-09-30,0.00018248009040400248,1.0234969936509026,0.9976309386960365,0.0,5.1111161591591845e-05
2010-10-01,0.002863484852296816,1.0264277617885933,0.9966408009878062,0.0,5.1039688354470846e-05
2010-10-04,0.0003075229229145826,1.0267434118540593,0.9874426170633652,0.0,5.03768603480883e-05
2010-10-05,0.0010136705774068666,1.027784191441202,1.0080801164079392,0.0,5.1567607262550815e-05
2010-10-06,0.0036478385317832984,1.031533382217099,1.0006317290342992,0.0,5.106861529447462e-05
2010-10-07,-0.002305927076529435,1.0291547414607005,1.0038184214781172,0.0,5.1096353241638306e-05
2010-10-08,0.0002059477772649032,1.029366693592166,1.00978799194977,0.0,5.152932091746366e-05
2010-10-11,0.00031886139529957447,1.0296949188923596,1.0101846462972186,0.0,5.153881358279782e-05
2010-10-12,-0.0012294676164441576,1.0284289423347643,1.0161732052131427,0.0,5.196856499544514e-05
2010-10-13,0.0008833805764520974,1.029337436486684,1.023348800308685,0.0,5.237352586156451e-05
2010-10-14,-0.0014580622685230749,1.0278365984089646,1.0216919610326076,0.0,5.228839071918243e-05
2010-10-15,-0.00819117745518294,1.0194174064364652,1.04073299154752,0.0,5.3504649232778874e-05
2010-10-18,0.004514794339200323,1.0240198663723268,1.0372787287043923,0.0,5.366942333440446e-05
2010-10-19,-0.003564230979412386,1.0203700230410688,1.0290356194892405,0.0,5.299903218945661e-05
2010-10-20,0.00238900470019332,1.0228076918220503,1.0355022950270394,0.0,5.352004551523125e-05
2010-10-21,0.00036563673482792325,1.023181667886845,1.0372940493298732,0.0,5.349582928972578e-05
2010-10-22,0.00028970108191983535,1.0234780847230325,0.0,1.0374387177602953,0.0
2010-10-25,0.0,1.0234780847230325,0.0,0.0,0.0
2010-10-26,0.0,1.0234780847230325,0.0,0.0,0.0
2010-10-27,0.0,1.0234780847230325,0.0,0.0,0.0
2010-10-28,0.0,1.0234780847230325,0.0,0.0,0.0
2010-10-29,0.0,1.0234780847230325,0.0,0.0,0.0
2010-11-01,0.0,1.0234780847230325,0.0,0.0,0.0
2010-11-02,0.0,1.0234780847230325,0.0,0.0,0.0
2010-11-03,0.0,1.0234780847230325,0.0,0.0,0.0
2010-11-04,0.0,1.0234780847230325,0.0,0.0,0.0
2010-11-05,0.0,1.0234780847230325,0.0,0.0,0.0
2010-11-08,0.0,1.0234780847230325,0.0,0.0,0.0
2010-11-09,0.0,1.0234780847230325,0.0,0.0,0.0
2010-11-10,0.0,1.0234780847230325,0.0,0.0,0.0
2010-11-11,0.0,1.0234780847230325,0.0,0.0,0.0
2010-11-12,0.0,1.0234780847230325,0.0,0.0,0.0
2010-11-15,0.0,1.0234780847230325,0.0,0.0,0.0
2010-11-16,0.0,1.0234780847230325,0.0,0.0,0.0
2010-11-17,0.0,1.0234780847230325,0.0,0.0,0.0
2010-11-18,0.0,1.0234780847230325,0.0,0.0,0.0
2010-11-19,0.0,1.0234780847230325,0.0,0.0,0.0
2010-11-22,0.0,1.0234780847230325,0.0,0.0,0.0
2010-11-23,0.0,1.0234780847230325,0.0,0.0,0.0
2010-11-24,0.0,1.0234780847230325,0.0,0.0,0.0
2010-11-26,0.0,1.0234780847230325,0.0,0.0,0.0
2010-11-29,0.0,1.0234780847230325,0.0,0.0,0.0
2010-11-30,0.0,1.0234780847230325,0.0,0.0,0.0
2010-12-01,0.0,1.0234780847230325,0.0,0.0,0.0
2010-12-02,0.0,1.0234780847230325,0.0,0.0,0.0
2010-12-03,0.0,1.0234780847230325,0.0,0.0,0.0
2010-12-06,0.0,1.0234780847230325,0.0,0.0,0.0
2010-12-07,0.0,1.0234780847230325,0.0,0.0,0.0
2010-12-08,0.0,1.0234780847230325,0.0,0.0,0.0
2010-12-09,0.0,1.0234780847230325,0.0,0.0,0.0
2010-12-10,0.0,1.0234780847230325,0.0,0.0,0.0
2010-12-13,0.0,1.0234780847230325,0.0,0.0,0.0
2010-12-14,0.0,1.0234780847230325,0.0,0.0,0.0
2010-12-15,0.0,1.0234780847230325,0.0,0.0,0.0
2010-12-16,0.0,1.0234780847230325,0.0,0.0,0.0
2010-12-17,0.0,1.0234780847230325,0.0,0.0,0.0
2010-12-20,0.0,1.0234780847230325,0.0,0.0,0.0
2010-12-21,0.0,1.0234780847230325,0.0,0.0,0.0
2010-12-22,0.0,1.0234780847230325,0.0,0.0,0.0
2010-12-23,0.0,1.0234780847230325,0.0,0.0,0.0
2010-12-27,0.0,1.0234780847230325,0.0,0.0,0.0
2010-12-28,0.0,1.0234780847230325,0.0,0.0,0.0
2010-12-29,0.0,1.0234780847230325,0.0,0.0,0.0
2010-12-30,0.0,1.0234780847230325,0.0,0.0,0.0
2010-12-31,0.0,1.0234780847230325,0.0,0.0,0.0
2011-01-03,0.0,1.0234780847230325,0.0,0.0,0.0
2011-01-04,0.0,1.0234780847230325,0.0,0.0,0.0
2011-01-05,0.0,1.0234780847230325,0.0,0.0,0.0
2011-01-06,0.0,1.0234780847230325,0.0,0.0,0.0
2011-01-07,0.0,1.0234780847230325,0.0,0.0,0.0
2011-01-10,0.0,1.0234780847230325,0.0,0.0,0.0
2011-01-11,0.0,1.0234780847230325,0.0,0.0,0.0
2011-01-12,0.0,1.0234780847230325,0.0,0.0,0.0
2011-01-13,0.0,1.0234780847230325,0.0,0.0,0.0
2011-01-14,0.0,1.0234780847230325,0.0,0.0,0.0
2011-01-18,0.0,1.0234780847230325,0.0,0.0,0.0
2011-01-19,0.0,1.0234780847230325,0.0,0.0,0.0
2011-01-20,0.0,1.0234780847230325,0.0,0.0,0.0
2011-01-21,0.0,1.0234780847230325,0.0,0.0,0.0
2011-01-24,0.0,1.0234780847230325,0.0,0.0,0.0
2011-01-25,0.0,1.0234780847230325,0.0,0.0,0.0
2011-01-26,0.0,1.0234780847230325,0.0,0.0,0.0
2011-01-27,0.0,1.0234780847230325,0.0,0.0,0.0
2011-01-28,0.0,1.0234780847230325,0.0,0.0,0.0
2011-01-31,0.0,1.0234780847230325,0.0,0.0,0.0
2011-02-01,0.0,1.0234780847230325,0.0,0.0,0.0
2011-02-02,0.0,1.0234780847230325,0.0,0.0,0.0
2011-02-03,0.0,1.0234780847230325,0.0,0.0,0.0
2011-02-04,0.0,1.0234780847230325,0.0,0.0,0.0
2011-02-07,0.0,1.0234780847230325,0.0,0.0,0.0
2011-02-08,0.0,1.0234780847230325,0.0,0.0,0.0
2011-02-09,0.0,1.0234780847230325,0.0,0.0,0.0
2011-02-10,0.0,1.0234780847230325,0.0,0.0,0.0
2011-02-11,0.0,1.0234780847230325,0.0,0.0,0.0
2011-02-14,0.0,1.0234780847230325,0.0,0.0,0.0
2011-02-15,0.0,1.0234780847230325,0.0,0.0,0.0
2011-02-16,0.0,1.0234780847230325,0.0,0.0,0.0
2011-02-17,0.0,1.0234780847230325,0.0,0.0,0.0
2011-02-18,0.0,1.0234780847230325,0.0,0.0,0.0
2011-02-22,0.0,1.0234780847230325,0.0,0.0,0.0
2011-02-23,0.0,1.0234780847230325,0.0,0.0,0.0
2011-02-24,0.0,1.0234780847230325,0.0,0.0,0.0
2011-02-25,0.0,1.0234780847230325,0.0,0.0,0.0
2011-02-28,0.0,1.0234780847230325,0.0,0.0,0.0
2011-03-01,0.0,1.0234780847230325,0.0,0.0,0.0
2011-03-02,0.0,1.0234780847230325,0.0,0.0,0.0
2011-03-03,0.0,1.0234780847230325,0.0,0.0,0.0
2011-03-04,0.0,1.0234780847230325,0.0,0.0,0.0
2011-03-07,0.0,1.0234780847230325,0.0,0.0,0.0
2011-03-08,0.0,1.0234780847230325,0.0,0.0,0.0
2011-03-09,0.0,1.0234780847230325,0.0,0.0,0.0
2011-03-10,0.0,1.0234780847230325,0.0,0.0,0.0
2011-03-11,0.0,1.0234780847230325,0.0,0.0,0.0
2011-03-14,0.0,1.0234780847230325,0.0,0.0,0.0
2011-03-15,0.0,1.0234780847230325,0.0,0.0,0.0
2011-03-16,0.0,1.0234780847230325,0.0,0.0,0.0
2011-03-17,0.0,1.0234780847230325,0.0,0.0,0.0
2011-03-18,0.0,1.0234780847230325,0.0,0.0,0.0
2011-03-21,0.0,1.0234780847230325,0.0,0.0,0.0
2011-03-22,0.0,1.0234780847230325,0.0,0.0,0.0
2011-03-23,0.0,1.0234780847230325,0.0,0.0,0.0
2011-03-24,0.0,1.0234780847230325,0.0,0.0,0.0
2011-03-25,0.0,1.0234780847230325,0.0,0.0,0.0
2011-03-28,0.0,1.0234780847230325,0.0,0.0,0.0
2011-03-29,0.0,1.0234780847230325,0.0,0.0,0.0
2011-03-30,0.0,1.0234780847230325,0.0,0.0,0.0
2011-03-31,0.0,1.0234780847230325,0.0,0.0,0.0
2011-04-01,0.0,1.0234780847230325,0.0,0.0,0.0
2011-04-04,0.0,1.0234780847230325,0.0,0.0,0.0
2011-04-05,0.0,1.0234780847230325,0.0,0.0,0.0
2011-04-06,0.0,1.0234780847230325,0.0,0.0,0.0
2011-04-07,-0.0003077589933501157,1.0231631001379622,0.9992375851651812,0.9995002498750625,6.570459019613356e-05
2011-04-08,-0.0002706305048283397,1.0228862009916502,0.9954922816734985,0.0,6.552502493446672e-05
2011-04-11,0.00010621237821695217,1.0229948441677028,0.992245091986677,0.0,6.524421249957793e-05
2011-04-12,0.0009875339421563378,1.0240050862989694,0.9841245946730812,0.0,6.475658102518856e-05
2011-04-13,0.0037243087351301885,1.0278187973866904,0.984165628138424,0.0,6.470572977155253e-05
2011-04-14,-0.0012547023150760728,1.0265291907621306,0.9850361032694533,0.0,6.455701908077835e-05
2011-04-15,-0.0028247700371399898,1.0236294818618161,0.9890322364582963,0.0,6.505628710663119e-05
2011-04-18,0.002937213044420517,1.0266360997285942,0.9769123715923643,0.0,6.423534413768097e-05
2011-04-19,-0.0004339010807705712,1.0261906412153639,0.983160209268276,0.0,6.449284071519998e-05
2011-04-20,0.002516918984777128,1.0287734799222394,0.9980119965202318,0.0,6.533727429200972e-05
2011-04-21,0.0007090585031221952,1.0295029405059648,1.0036759225008625,0.0,6.5493004811412e-05
2011-04-25,0.001675566719227417,1.0312279413704233,1.0025848882439419,0.0,6.542455977923691e-05
2011-04-26,-0.0022320837592866294,1.0289261542303678,1.0121277281778176,0.0,6.59642412821298e-05
2011-04-27,-0.0005821235578873374,1.028327192076664,1.0194532693380913,0.0,6.652312443217035e-05
2011-04-28,-0.002579501736376777,1.0256746202991387,1.0232055683845962,0.0,6.679073336752945e-05
2011-04-29,-0.0017784648980089246,1.023850493990158,1.0259623602125123,0.0,6.716476690707175e-05
2011-05-02,-5.732490851517724e-05,1.0237918018542569,1.024292885584154,0.0,6.72402482626713e-05
2011-05-03,-0.00022558432039421206,1.0235608504764104,1.0203087999801954,0.0,6.681560116957815e-05
2011-05-04,0.0029559495077280395,1.0265864446685058,1.012885913150924,0.0,6.641135633557408e-05
2011-05-05,0.0024775537528765046,1.0291298677671463,1.0028737373281182,0.0,6.559323392783207e-05
2011-05-06,-0.0014762740317278977,1.027610590068086,0.0,1.0138387699144706,0.0
2011-05-09,0.0,1.027610590068086,0.0,0.0,0.0
2011-05-10,0.0,1.027610590068086,0.0,0.0,0.0
2011-05-11,0.0,1.027610590068086,0.0,0.0,0.0
2011-05-12,0.0,1.027610590068086,0.0,0.0,0.0
2011-05-13,0.0,1.027610590068086,0.0,0.0,0.0
2011-05-16,0.0,1.027610590068086,0.0,0.0,0.0
2011-05-17,0.0,1.027610590068086,0.0,0.0,0.0
2011-05-18,0.0,1.027610590068086,0.0,0.0,0.0
2011-05-19,0.0,1.027610590068086,0.0,0.0,0.0
2011-05-20,0.0,1.027610590068086,0.0,0.0,0.0
2011-05-23,0.0,1.027610590068086,0.0,0.0,0.0
2011-05-24,0.0,1.027610590068086,0.0,0.0,0.0
2011-05-25,0.0,1.027610590068086,0.0,0.0,0.0
2011-05-26,0.0,1.027610590068086,0.0,0.0,0.0
2011-05-27,0.0,1.027610590068086,0.0,0.0,0.0
2011-05-31,0.0,1.027610590068086,0.0,0.0,0.0
2011-06-01,0.0,1.027610590068086,0.0,0.0,0.0
2011-06-02,0.0,1.027610590068086,0.0,0.0,0.0
2011-06-03,0.0,1.027610590068086,0.0,0.0,0.0
2011-06-06,0.0,1.027610590068086,0.0,0.0,0.0
2011-06-07,0.0,1.027610590068086,0.0,0.0,0.0
2011-06-08,0.0,1.027610590068086,0.0,0.0,0.0
2011-06-09,0.0,1.027610590068086,0.0,0.0,0.0
2011-06-10,0.0,1.027610590068086,0.0,0.0,0.0
2011-06-13,0.0,1.027610590068086,0.0,0.0,0.0
2011-06-14,0.0,1.027610590068086,0.0,0.0,0.0
2011-06-15,0.0,1.027610590068086,0.0,0.0,0.0
2011-06-16,0.0,1.027610590068086,0.0,0.0,0.0
2011-06-17,0.0,1.027610590068086,0.0,0.0,0.0
2011-06-20,-0.0014516706800361545,1.0261188379039896,1.0092536944060977,0.9995002498750625,6.458006665911233e-05
2011-06-21,0.0024868108864177785,1.0286706014008475,1.024148748580393,0.0,6.563705259158169e-05
2011-06-22,-0.00019385109429292946,1.028471192479099,1.0175971831166208,0.0,6.50217620536966e-05
2011-06-23,0.005890901476372168,1.0345298149452804,1.0144359588411194,0.0,6.47427005934398e-05
2011-06-24,-0.001982572388673831,1.03247878469891,1.0019289312205242,0.0,6.383482574410169e-05
2011-06-27,0.0026096226666072475,1.0351731647382514,1.0115188168965115,0.0,6.438506488627872e-05
2011-06-28,-0.00010229797554517361,1.03506726861916,1.0256710687976847,0.0,6.514044325905266e-05
2011-06-29,-0.002781699416061434,1.0321880226024578,1.0351972615982086,0.0,6.572160320763779e-05
2011-06-30,0.0010726014052504507,1.0332951489259838,1.0457878088055255,0.0,6.644769510846395e-05
2011-07-01,-0.0009449861468552312,1.032318699324636,1.062390126312929,0.0,6.736988153522506e-05
2011-07-05,0.002882192595236255,1.0352940406357534,1.0613501647331627,0.0,6.728693247552196e-05
2011-07-06,0.0008810449201672732,1.036206181191135,1.0627115963946758,0.0,6.719760612312505e-05
2011-07-07,0.000903758110354369,1.0371426609313859,1.0744239542665122,0.0,6.797154257286277e-05
2011-07-08,0.0015593358647816302,1.0387599146794713,0.0,1.0614158421499587,0.0
2011-07-11,0.0,1.0387599146794713,0.0,0.0,0.0
2011-07-12,0.0,1.0387599146794713,0.0,0.0,0.0
2011-07-13,0.0,1.0387599146794713,0.0,0.0,0.0
2011-07-14,0.0,1.0387599146794713,0.0,0.0,0.0
2011-07-15,0.0,1.0387599146794713,0.0,0.0,0.0
2011-07-18,0.0,1.0387599146794713,0.0,0.0,0.0
2011-07-19,0.0,1.0387599146794713,0.0,0.0,0.0
2011-07-20,0.0,1.0387599146794713,0.0,0.0,0.0
2011-07-21,0.0,1.0387599146794713,0.0,0.0,0.0
2011-07-22,0.0,1.0387599146794713,0.0,0.0,0.0
2011-07-25,0.0,1.0387599146794713,0.0,0.0,0.0
2011-07-26,0.0,1.0387599146794713,0.0,0.0,0.0
2011-07-27,0.0,1.0387599146794713,0.0,0.0,0.0
2011-07-28,0.0,1.0387599146794713,0.0,0.0,0.0
2011-07-29,0.0,1.0387599146794713,0.0,0.0,0.0
2011-08-01,0.0,1.0387599146794713,0.0,0.0,0.0
2011-08-02,0.0,1.0387599146794713,0.0,0.0,0.0
2011-08-03,0.0,1.0387599146794713,0.0,0.0,0.0
2011-08-04,-0.003125376285407211,1.0355133990759005,0.9694647534368349,0.9995002498750626,5.3728643351464785e-05
2011-08-05,0.002014619695533959,1.037599564764668,0.9639076201933832,0.0,5.345997780851011e-05
2011-08-08,-0.006559102609623779,1.0307938427516756,0.9093143757403366,0.0,5.022544367145303e-05
2011-08-09,0.0019928585730295545,1.0328480690982293,0.950438126718866,0.0,5.292860849718852e-05
2011-08-10,-0.0042254863661366215,1.0284837836639642,0.9137585121265397,0.0,5.070940812569411e-05
2011-08-11,0.0029014706465868567,1.0314678991727557,0.9516503043299932,0.0,5.3297312271718434e-05
2011-08-12,-0.0005893918743221649,1.0308599603743591,0.9595672694916135,0.0,5.341053738236274e-05
2011-08-15,0.004103788319249846,1.0350903914385259,0.972996912386888,0.0,5.4180120476934296e-05
2011-08-16,-0.000635059211208433,1.0344330477510095,0.9653362102505711,0.0,5.367782798980188e-05
2011-08-17,0.002967912218660773,1.0375031542328164,0.9601536891161931,0.0,5.324577285235475e-05
2011-08-18,-0.00024074604441470804,1.037253379452367,0.916306844454065,0.0,5.067204675955652e-05
2011-08-19,-0.0003952616564542044,1.036843392963442,0.9009651604957903,0.0,4.980535565761483e-05
2011-08-22,-0.0011658806743297667,1.0356345572892793,0.9039077414417651,0.0,4.9851032652242564e-05
2011-08-23,-0.0014111682316408913,1.0341731027024432,0.9384696782826037,0.0,5.206449234953035e-05
2011-08-24,0.003572121919123372,1.0378672951107744,0.9455789921174349,0.0,5.248306633890018e-05
2011-08-25,-0.0005968164768920259,1.0372478788082249,0.9312466262143599,0.0,5.1296137643156785e-05
2011-08-26,-0.0036501378983921917,1.03346178101576,0.9528207395637871,0.0,5.283268723431176e-05
2011-08-29,0.002146677430125976,1.0356802900959643,0.9777109700800949,0.0,5.431199284646784e-05
2011-08-30,-0.0016882894527935344,1.0339317619857291,0.9837545614976388,0.0,5.4717366240998505e-05
2011-08-31,0.0015155819158108041,1.0354987702663772,0.9853385665276901,0.0,5.483380978532116e-05
2011-09-01,-0.0013626963152088,1.034087699907732,0.0,0.9876679765406131,0.0
2011-09-02,-0.000272918434316316,1.0338054783117274,0.994576167740666,0.9995002498750625,5.793385980964942e-05
2011-09-06,-0.0038548243741782784,1.0298203397557724,0.994796292387575,0.0,5.816874446630675e-05
2011-09-07,0.0018328618246088446,1.0317078581427164,1.0195834672973192,0.0,5.961794745436487e-05
2011-09-08,-0.0031675097249972417,1.0284399134686932,1.015113120867734,0.0,5.9309550080324834e-05
2011-09-09,-0.002459548261865341,1.0259104158670884,0.9929293218713402,0.0,5.8282605510856274e-05
2011-09-12,-0.003063059254285405,1.022767991473699,1.0055258258519197,0.0,5.9082363304626754e-05
2011-09-13,-0.0020488271642057354,1.0206725166300874,1.0189231036599047,0.0,6.001577239279886e-05
2011-09-14,-0.00016526168331876256,1.0205038385718719,1.0334254817654405,0.0,6.098505618082444e-05
2011-09-15,0.001340653986927176,1.0218719811117278,1.04860088331724,0.0,6.189819047029895e-05
2011-09-16,-0.001689028368225931,1.0201460103469349,1.0582809405276767,0.0,6.23231526604451e-05
2011-09-19,-0.005558938553782422,1.01447508135953,1.0590430062217264,0.0,6.265212191694875e-05
2011-09-20,0.0016517632003616445,1.0161507539666035,1.0543512613336543,0.0,6.261188471457324e-05
2011-09-21,-0.006534259034149281,1.0095109617224396,1.0363988360454952,0.0,6.154380787184673e-05
2011-09-22,9.06920908334552e-05,1.0096025163822775,1.0027143664034213,0.0,5.989543569078528e-05
2011-09-23,-0.0023867230595036037,1.007192874775495,1.0134916489611405,0.0,6.036584093215912e-05
2011-09-26,0.006022895745652512,1.0132590924560319,1.0252385763795013,0.0,6.113312287118904e-05
2011-09-27,0.00036001822213149737,1.0136238841930565,1.0359334414015133,0.0,6.144760406314367e-05
2011-09-28,-0.003007202280168153,1.0105757121372783,1.0207460122473022,0.0,6.067387208651065e-05
2011-09-29,0.010058241921896194,1.0207403271303475,1.0085474477772505,0.0,6.001902185637852e-05
2011-09-30,0.00010670397341616678,1.0208492441790784,0.9828360169678638,0.0,5.794833514001938e-05
2011-10-03,0.0009738841066153636,1.0218434330332347,0.0,0.9741605685893293,0.0
2011-10-04,0.0010442192718709276,1.0229104616388427,1.0322147204066667,0.9995002498750625,6.368359588151814e-05
2011-10-05,-0.004568765220313464,1.0182370238982124,1.0599954615548761,0.0,6.508322066141014e-05
2011-10-06,-0.000108831044785207,1.0181262080990625,1.078585736387993,0.0,6.662196351629199e-05
2011-10-07,0.00016437584932171845,1.0182935634592354,1.0712334473961176,0.0,6.599834902928882e-05
2011-10-10,-0.0020747859000764812,1.0161808223316315,1.109997878285362,0.0,6.854488424060867e-05
2011-10-11,-0.0034505157469819636,1.0126744744023952,1.1183089026936561,0.0,6.92183046405762e-05
2011-10-12,0.0017344798235248149,1.0144309378460448,1.1239551330063358,0.0,6.97987377714633e-05
2011-10-13,-0.006511599423392633,1.0078253699360948,1.135646667520777,0.0,7.0351912767139e-05
2011-10-14,-0.0018226720687261055,1.0059884347841588,1.1580387029584878,0.0,7.20506612567437e-05
2011-10-17,-0.0012446392152000163,1.0047363421281887,1.139542785625211,0.0,7.098209384922985e-05
2011-10-18,0.003129257731455448,1.0078804210948678,1.1539356249582748,0.0,7.1927410610131e-05
2011-10-19,0.005046873806892949,1.0129670663925716,1.1300719195812003,0.0,7.018539243812436e-05
2011-10-20,0.005196922714985508,1.0182313779494394,1.1237084503759527,0.0,6.955713702502511e-05
2011-10-21,0.0029106285811100197,1.0211950713002822,1.1379832143478466,0.0,7.015331593036823e-05
2011-10-24,-0.005529429233398164,1.0155484454200323,1.1633684060042888,0.0,7.150686893479367e-05
2011-10-25,0.0008988082502878747,1.0164612287413428,1.1395924879913142,0.0,7.045210247921581e-05
2011-10-26,0.006225733838943315,1.0227894458090916,1.1373646964524646,0.0,7.007714897678456e-05
2011-10-27,0.0029388075589198426,1.0257952271636188,1.1692987699396689,0.0,7.16916168520763e-05
2011-10-28,-0.001123285249725492,1.024642966515707,1.171400889616663,0.0,7.160115137643295e-05
2011-10-31,-0.0036650196144113467,1.0208876299456584,1.1517883883973339,0.0,7.060060160560859e-05
2011-11-01,-0.0012974867520425537,1.0195630417704797,0.0,1.1225366523633962,0.0
2011-11-02,0.0,1.0195630417704797,0.0,0.0,0.0
2011-11-03,0.0,1.0195630417704797,0.0,0.0,0.0
2011-11-04,0.0,1.0195630417704797,0.0,0.0,0.0
2011-11-07,0.0,1.0195630417704797,0.0,0.0,0.0
2011-11-08,0.0,1.0195630417704797,0.0,0.0,0.0
2011-11-09,0.0,1.0195630417704797,0.0,0.0,0.0
2011-11-10,0.0,1.0195630417704797,0.0,0.0,0.0
2011-11-11,0.0,1.0195630417704797,0.0,0.0,0.0
2011-11-14,0.0,1.0195630417704797,0.0,0.0,0.0
2011-11-15,0.0,1.0195630417704797,0.0,0.0,0.0
2011-11-16,0.0,1.0195630417704797,0.0,0.0,0.0
2011-11-17,0.0,1.0195630417704797,0.0,0.0,0.0
2011-11-18,0.0,1.0195630417704797,0.0,0.0,0.0
2011-11-21,0.0,1.0195630417704797,0.0,0.0,0.0
2011-11-22,0.0,1.0195630417704797,0.0,0.0,0.0
2011-11-23,0.0,1.0195630417704797,0.0,0.0,0.0
2011-11-25,0.0,1.0195630417704797,0.0,0.0,0.0
2011-11-28,0.0,1.0195630417704797,0.0,0.0,0.0
2011-11-29,0.0,1.0195630417704797,0.0,0.0,0.0
2011-11-30,0.0,1.0195630417704797,0.0,0.0,0.0
2011-12-01,0.0,1.0195630417704797,0.0,0.0,0.0
2011-12-02,0.0,1.0195630417704797,0.0,0.0,0.0
2011-12-05,0.0,1.0195630417704797,0.0,0.0,0.0
2011-12-06,0.0,1.0195630417704797,0.0,0.0,0.0
2011-12-07,0.0,1.0195630417704797,0.0,0.0,0.0
2011-12-08,0.0,1.0195630417704797,0.0,0.0,0.0
2011-12-09,0.0,1.0195630417704797,0.0,0.0,0.0
2011-12-12,0.0,1.0195630417704797,0.0,0.0,0.0
2011-12-13,0.0,1.0195630417704797,0.0,0.0,0.0
2011-12-14,0.0,1.0195630417704797,0.0,0.0,0.0
2011-12-15,0.0,1.0195630417704797,0.0,0.0,0.0
2011-12-16,0.0,1.0195630417704797,0.0,0.0,0.0
2011-12-19,0.0,1.0195630417704797,0.0,0.0,0.0
2011-12-20,0.0,1.0195630417704797,0.0,0.0,0.0
2011-12-21,0.0,1.0195630417704797,0.0,0.0,0.0
2011-12-22,0.0,1.0195630417704797,0.0,0.0,0.0
2011-12-23,0.0,1.0195630417704797,0.0,0.0,0.0
2011-12-27,0.0,1.0195630417704797,0.0,0.0,0.0
2011-12-28,0.0,1.0195630417704797,0.0,0.0,0.0
2011-12-29,0.0,1.0195630417704797,0.0,0.0,0.0
2011-12-30,0.0,1.0195630417704797,0.0,0.0,0.0
2012-01-03,0.0,1.0195630417704797,0.0,0.0,0.0
2012-01-04,0.0,1.0195630417704797,0.0,0.0,0.0
2012-01-05,0.0,1.0195630417704797,0.0,0.0,0.0
2012-01-06,0.0,1.0195630417704797,0.0,0.0,0.0
2012-01-09,0.0,1.0195630417704797,0.0,0.0,0.0
2012-01-10,0.0,1.0195630417704797,0.0,0.0,0.0
2012-01-11,0.0,1.0195630417704797,0.0,0.0,0.0
2012-01-12,0.0,1.0195630417704797,0.0,0.0,0.0
2012-01-13,0.0,1.0195630417704797,0.0,0.0,0.0
2012-01-17,0.0,1.0195630417704797,0.0,0.0,0.0
2012-01-18,0.0,1.0195630417704797,0.0,0.0,0.0
2012-01-19,0.0,1.0195630417704797,0.0,0.0,0.0
2012-01-20,0.0,1.0195630417704797,0.0,0.0,0.0
2012-01-23,0.0,1.0195630417704797,0.0,0.0,0.0
2012-01-24,0.0,1.0195630417704797,0.0,0.0,0.0
2012-01-25,0.0,1.0195630417704797,0.0,0.0,0.0
2012-01-26,0.0,1.0195630417704797,0.0,0.0,0.0
2012-01-27,0.0,1.0195630417704797,0.0,0.0,0.0
2012-01-30,0.0,1.0195630417704797,0.0,0.0,0.0
2012-01-31,0.0,1.0195630417704797,0.0,0.0,0.0
2012-02-01,0.0,1.0195630417704797,0.0,0.0,0.0
2012-02-02,0.0,1.0195630417704797,0.0,0.0,0.0
2012-02-03,0.0,1.0195630417704797,0.0,0.0,0.0
2012-02-06,0.0,1.0195630417704797,0.0,0.0,0.0
2012-02-07,0.0,1.0195630417704797,0.0,0.0,0.0
2012-02-08,0.0,1.0195630417704797,0.0,0.0,0.0
2012-02-09,0.0,1.0195630417704797,0.0,0.0,0.0
2012-02-10,0.0,1.0195630417704797,0.0,0.0,0.0
2012-02-13,0.0,1.0195630417704797,0.0,0.0,0.0
2012-02-14,0.0,1.0195630417704797,0.0,0.0,0.0
2012-02-15,0.0,1.0195630417704797,0.0,0.0,0.0
2012-02-16,0.0,1.0195630417704797,0.0,0.0,0.0
2012-02-17,0.0,1.0195630417704797,0.0,0.0,0.0
2012-02-21,0.0,1.0195630417704797,0.0,0.0,0.0
2012-02-22,0.0,1.0195630417704797,0.0,0.0,0.0
2012-02-23,0.0,1.0195630417704797,0.0,0.0,0.0
2012-02-24,0.0,1.0195630417704797,0.0,0.0,0.0
2012-02-27,0.0,1.0195630417704797,0.0,0.0,0.0
2012-02-28,0.0,1.0195630417704797,0.0,0.0,0.0
2012-02-29,0.0,1.0195630417704797,0.0,0.0,0.0
2012-03-01,0.0,1.0195630417704797,0.0,0.0,0.0
2012-03-02,0.0,1.0195630417704797,0.0,0.0,0.0
2012-03-05,0.0,1.0195630417704797,0.0,0.0,0.0
2012-03-06,0.0,1.0195630417704797,0.0,0.0,0.0
2012-03-07,0.0,1.0195630417704797,0.0,0.0,0.0
2012-03-08,0.0,1.0195630417704797,0.0,0.0,0.0
2012-03-09,0.0,1.0195630417704797,0.0,0.0,0.0
2012-03-12,0.0,1.0195630417704797,0.0,0.0,0.0
2012-03-13,0.0,1.0195630417704797,0.0,0.0,0.0
2012-03-14,0.0,1.0195630417704797,0.0,0.0,0.0
2012-03-15,0.0,1.0195630417704797,0.0,0.0,0.0
2012-03-16,0.0,1.0195630417704797,0.0,0.0,0.0
2012-03-19,0.0,1.0195630417704797,0.0,0.0,0.0
2012-03-20,0.0,1.0195630417704797,0.0,0.0,0.0
2012-03-21,0.0,1.0195630417704797,0.0,0.0,0.0
2012-03-22,0.0,1.0195630417704797,0.0,0.0,0.0
2012-03-23,0.0,1.0195630417704797,0.0,0.0,0.0
2012-03-26,0.0,1.0195630417704797,0.0,0.0,0.0
2012-03-27,0.0,1.0195630417704797,0.0,0.0,0.0
2012-03-28,0.0,1.0195630417704797,0.0,0.0,0.0
2012-03-29,0.0,1.0195630417704797,0.0,0.0,0.0
2012-03-30,0.0,1.0195630417704797,0.0,0.0,0.0
2012-04-02,0.0,1.0195630417704797,0.0,0.0,0.0
2012-04-03,0.0,1.0195630417704797,0.0,0.0,0.0
2012-04-04,0.0,1.0195630417704797,0.0,0.0,0.0
2012-04-05,0.0,1.0195630417704797,0.0,0.0,0.0
2012-04-09,0.0,1.0195630417704797,0.0,0.0,0.0
2012-04-10,0.0,1.0195630417704797,0.0,0.0,0.0
2012-04-11,0.0,1.0195630417704797,0.0,0.0,0.0
2012-04-12,0.0,1.0195630417704797,0.0,0.0,0.0
2012-04-13,0.0,1.0195630417704797,0.0,0.0,0.0
2012-04-16,0.0,1.0195630417704797,0.0,0.0,0.0
2012-04-17,0.0,1.0195630417704797,0.0,0.0,0.0
2012-04-18,0.0,1.0195630417704797,0.0,0.0,0.0
2012-04-19,0.0,1.0195630417704797,0.0,0.0,0.0
2012-04-20,0.0,1.0195630417704797,0.0,0.0,0.0
2012-04-23,0.0,1.0195630417704797,0.0,0.0,0.0
2012-04-24,0.0,1.0195630417704797,0.0,0.0,0.0
2012-04-25,0.0,1.0195630417704797,0.0,0.0,0.0
2012-04-26,0.0,1.0195630417704797,0.0,0.0,0.0
2012-04-27,0.0,1.0195630417704797,0.0,0.0,0.0
2012-04-30,0.0,1.0195630417704797,0.0,0.0,0.0
2012-05-01,0.0,1.0195630417704797,0.0,0.0,0.0
2012-05-02,0.0,1.0195630417704797,0.0,0.0,0.0
2012-05-03,0.0,1.0195630417704797,0.0,0.0,0.0
2012-05-04,0.0,1.0195630417704797,0.0,0.0,0.0
2012-05-07,0.0,1.0195630417704797,0.0,0.0,0.0
2012-05-08,0.0,1.0195630417704797,0.0,0.0,0.0
2012-05-09,0.0,1.0195630417704797,0.0,0.0,0.0
2012-05-10,0.0,1.0195630417704797,0.0,0.0,0.0
2012-05-11,0.0,1.0195630417704797,0.0,0.0,0.0
2012-05-14,0.0,1.0195630417704797,0.0,0.0,0.0
2012-05-15,0.0,1.0195630417704797,0.0,0.0,0.0
2012-05-16,0.0,1.0195630417704797,0.0,0.0,0.0
2012-05-17,0.0,1.0195630417704797,0.0,0.0,0.0
2012-05-18,0.0,1.0195630417704797,0.0,0.0,0.0
2012-05-21,0.0,1.0195630417704797,0.0,0.0,0.0
2012-05-22,0.0,1.0195630417704797,0.0,0.0,0.0
2012-05-23,0.0,1.0195630417704797,0.0,0.0,0.0
2012-05-24,0.0,1.0195630417704797,0.0,0.0,0.0
2012-05-25,0.0,1.0195630417704797,0.0,0.0,0.0
2012-05-29,0.0,1.0195630417704797,0.0,0.0,0.0
2012-05-30,0.0,1.0195630417704797,0.0,0.0,0.0
2012-05-31,0.0,1.0195630417704797,0.0,0.0,0.0
2012-06-01,0.0,1.0195630417704797,0.0,0.0,0.0
2012-06-04,0.0,1.0195630417704797,0.0,0.0,0.0
2012-06-05,0.0,1.0195630417704797,0.0,0.0,0.0
2012-06-06,0.0,1.0195630417704797,0.0,0.0,0.0
2012-06-07,0.0,1.0195630417704797,0.0,0.0,0.0
2012-06-08,0.0,1.0195630417704797,0.0,0.0,0.0
2012-06-11,0.0,1.0195630417704797,0.0,0.0,0.0
2012-06-12,0.0,1.0195630417704797,0.0,0.0,0.0
2012-06-13,0.0,1.0195630417704797,0.0,0.0,0.0
2012-06-14,0.0,1.0195630417704797,0.0,0.0,0.0
2012-06-15,0.0,1.0195630417704797,0.0,0.0,0.0
2012-06-18,0.0,1.0195630417704797,0.0,0.0,0.0
2012-06-19,0.0,1.0195630417704797,0.0,0.0,0.0
2012-06-20,0.0,1.0195630417704797,0.0,0.0,0.0
2012-06-21,0.0,1.0195630417704797,0.0,0.0,0.0
2012-06-22,0.0,1.0195630417704797,0.0,0.0,0.0
2012-06-25,0.0,1.0195630417704797,0.0,0.0,0.0
2012-06-26,0.0,1.0195630417704797,0.0,0.0,0.0
2012-06-27,0.0,1.0195630417704797,0.0,0.0,0.0
2012-06-28,0.0,1.0195630417704797,0.0,0.0,0.0
2012-06-29,0.0,1.0195630417704797,0.0,0.0,0.0
2012-07-02,0.0,1.0195630417704797,0.0,0.0,0.0
2012-07-03,0.0,1.0195630417704797,0.0,0.0,0.0
2012-07-05,0.0,1.0195630417704797,0.0,0.0,0.0
2012-07-06,0.0,1.0195630417704797,0.0,0.0,0.0
2012-07-09,0.0,1.0195630417704797,0.0,0.0,0.0
2012-07-10,0.0,1.0195630417704797,0.0,0.0,0.0
2012-07-11,0.0,1.0195630417704797,0.0,0.0,0.0
2012-07-12,0.0,1.0195630417704797,0.0,0.0,0.0
2012-07-13,0.0,1.0195630417704797,0.0,0.0,0.0
2012-07-16,0.0,1.0195630417704797,0.0,0.0,0.0
2012-07-17,0.0,1.0195630417704797,0.0,0.0,0.0
2012-07-18,0.0,1.0195630417704797,0.0,0.0,0.0
2012-07-19,0.0,1.0195630417704797,0.0,0.0,0.0
2012-07-20,0.0,1.0195630417704797,0.0,0.0,0.0
2012-07-23,0.0,1.0195630417704797,0.0,0.0,0.0
2012-07-24,0.0,1.0195630417704797,0.0,0.0,0.0
2012-07-25,0.0,1.0195630417704797,0.0,0.0,0.0
2012-07-26,0.0,1.0195630417704797,0.0,0.0,0.0
2012-07-27,0.0,1.0195630417704797,0.0,0.0,0.0
2012-07-30,0.0,1.0195630417704797,0.0,0.0,0.0
2012-07-31,0.0,1.0195630417704797,0.0,0.0,0.0
2012-08-01,0.0,1.0195630417704797,0.0,0.0,0.0
2012-08-02,0.0,1.0195630417704797,0.0,0.0,0.0
2012-08-03,0.0,1.0195630417704797,0.0,0.0,0.0
2012-08-06,0.0,1.0195630417704797,0.0,0.0,0.0
2012-08-07,0.0,1.0195630417704797,0.0,0.0,0.0
2012-08-08,0.0,1.0195630417704797,0.0,0.0,0.0
2012-08-09,0.0,1.0195630417704797,0.0,0.0,0.0
2012-08-10,0.0,1.0195630417704797,0.0,0.0,0.0
2012-08-13,0.0,1.0195630417704797,0.0,0.0,0.0
2012-08-14,0.0,1.0195630417704797,0.0,0.0,0.0
2012-08-15,0.0,1.0195630417704797,0.0,0.0,0.0
2012-08-16,0.0,1.0195630417704797,0.0,0.0,0.0
2012-08-17,0.0,1.0195630417704797,0.0,0.0,0.0
2012-08-20,0.0,1.0195630417704797,0.0,0.0,0.0
2012-08-21,0.0,1.0195630417704797,0.0,0.0,0.0
2012-08-22,0.0,1.0195630417704797,0.0,0.0,0.0
2012-08-23,0.0,1.0195630417704797,0.0,0.0,0.0
2012-08-24,0.0,1.0195630417704797,0.0,0.0,0.0
2012-08-27,0.0,1.0195630417704797,0.0,0.0,0.0
2012-08-28,0.0,1.0195630417704797,0.0,0.0,0.0
2012-08-29,0.0,1.0195630417704797,0.0,0.0,0.0
2012-08-30,0.0,1.0195630417704797,0.0,0.0,0.0
2012-08-31,0.0,1.0195630417704797,0.0,0.0,0.0
2012-09-04,0.0,1.0195630417704797,0.0,0.0,0.0
2012-09-05,0.0,1.0195630417704797,0.0,0.0,0.0
2012-09-06,0.0,1.0195630417704797,0.0,0.0,0.0
2012-09-07,0.0,1.0195630417704797,0.0,0.0,0.0
2012-09-10,0.0,1.0195630417704797,0.0,0.0,0.0
2012-09-11,0.0,1.0195630417704797,0.0,0.0,0.0
2012-09-12,0.0,1.0195630417704797,0.0,0.0,0.0
2012-09-13,0.0,1.0195630417704797,0.0,0.0,0.0
2012-09-14,0.0,1.0195630417704797,0.0,0.0,0.0
2012-09-17,0.0,1.0195630417704797,0.0,0.0,0.0
2012-09-18,0.0,1.0195630417704797,0.0,0.0,0.0
2012-09-19,0.0,1.0195630417704797,0.0,0.0,0.0
2012-09-20,0.0,1.0195630417704797,0.0,0.0,0.0
2012-09-21,0.0,1.0195630417704797,0.0,0.0,0.0
2012-09-24,0.0,1.0195630417704797,0.0,0.0,0.0
2012-09-25,0.0,1.0195630417704797,0.0,0.0,0.0
2012-09-26,0.0,1.0195630417704797,0.0,0.0,0.0
2012-09-27,0.0,1.0195630417704797,0.0,0.0,0.0
2012-09-28,0.0,1.0195630417704797,0.0,0.0,0.0
2012-10-01,0.0,1.0195630417704797,0.0,0.0,0.0
2012-10-02,0.0,1.0195630417704797,0.0,0.0,0.0
2012-10-03,0.0,1.0195630417704797,0.0,0.0,0.0
2012-10-04,0.0,1.0195630417704797,0.0,0.0,0.0
2012-10-05,0.0,1.0195630417704797,0.0,0.0,0.0
2012-10-08,0.0,1.0195630417704797,0.0,0.0,0.0
2012-10-09,-0.0012729867861566158,1.0182651514906522,0.9897833949252962,0.9995002498750624,6.627793825249585e-05
2012-10-10,0.0013054260041847066,1.0195944212985633,0.982758269170707,0.0,6.594234526733348e-05
2012-10-11,-0.0017230118565559893,1.0178376480217874,0.9834137029725578,0.0,6.593274859091249e-05
2012-10-12,0.0015589176727131004,1.0194243731192414,0.9798755017900943,0.0,6.581684408724046e-05
2012-10-15,-0.001515362004225751,1.0178795761580348,0.9891156839544437,0.0,6.621246068314689e-05
2012-10-16,0.0003957349373477914,1.0182823866683333,1.0004747181026308,0.0,6.713785519060574e-05
2012-10-17,-0.0028758911103671236,1.0153539174046704,1.0056609567441628,0.0,6.745955727664282e-05
2012-10-18,-0.0036862384870152143,1.0116110807163916,1.0027916672468478,0.0,6.729661384749802e-05
2012-10-19,-0.001028208826351129,1.0105709332743644,0.9839307123193273,0.0,6.638834812931383e-05
2012-10-22,0.002057648621428765,1.0126503331620724,0.9841858524862709,0.0,6.645215088927631e-05
2012-10-23,0.003598050221297333,1.016293899917403,0.9688921287700434,0.0,6.527843664906597e-05
2012-10-24,3.228075928118912e-06,1.016297180591277,0.9658581887829886,0.0,6.499830544975889e-05
2012-10-25,-0.0016533448907524173,1.0146168908402604,0.9690484913794708,0.0,6.527732954104283e-05
2012-10-26,0.0014708231864786203,1.016109212888701,0.9685391199257297,0.0,6.525178934814842e-05
2012-10-31,-0.0026416888949559736,1.0134249684649506,0.9685211514253232,0.0,6.534907350802547e-05
2012-11-01,0.00012709200920246744,1.0135537666803687,0.980087165692857,0.0,6.594808058798801e-05
2012-11-02,0.0003461219480220823,1.0139045798845172,0.9702987666619002,0.0,6.553972541663342e-05
2012-11-05,0.001584690119447174,1.0155113044543225,0.9726590263342576,0.0,6.550402821976954e-05
2012-11-06,-0.0035950707418345162,1.0118604694756765,0.9812627345651943,0.0,6.603339800113819e-05
2012-11-07,0.002513289803068197,1.0144035680757375,0.9562290155368302,0.0,6.467345529584068e-05
2012-11-08,0.0007605752359665097,1.015175098308892,0.0,0.9561277452000098,0.0
2012-11-09,-0.0012064001790588197,1.0139503908885161,1.0045104732667298,0.9995002498750628,6.757814336107404e-05
2012-11-12,-0.0005889779181033061,1.0133531964982305,1.0054863188167513,0.0,6.766116478702432e-05
2012-11-13,-0.0011191870097230217,1.0122190647644485,1.001604315415124,0.0,6.754310487742407e-05
2012-11-14,0.0025005901010042297,1.0147502097378462,0.9863761361596656,0.0,6.665458586495158e-05
2012-11-15,-0.0005641352875652705,1.0141777533364689,0.9845432021644033,0.0,6.639810134663427e-05
2012-11-16,-0.0009659012781925158,1.0131981577482068,0.9901112121574465,0.0,6.680016378028654e-05
2012-11-19,-0.0012458258902792174,1.0119358892513008,1.0129199605689172,0.0,6.829598108403635e-05
2012-11-20,-0.00017775028485234046,1.011756017358734,1.013485243953001,0.0,6.824740154355321e-05
2012-11-21,-0.0002443225474711985,1.0115088225511537,1.0157010290652646,0.0,6.844045540894753e-05
2012-11-23,-0.0012180948635382993,1.0102767088499804,1.03147831712372,0.0,6.941145223283885e-05
2012-11-26,0.0031016957754024244,1.013410279849808,1.0289807601062144,0.0,6.920265447285798e-05
2012-11-27,0.0013808994383608386,1.0148096975360816,1.0230910703597234,0.0,6.872424524298507e-05
2012-11-28,-0.0008662106991597085,1.0139306585184649,1.032477270879259,0.0,6.92024559295078e-05
2012-11-29,-0.00010270162927850102,1.0138265261878596,1.0379804403877657,0.0,6.958463294667327e-05
2012-11-30,-0.0009496442817523709,1.0128637516245764,1.0383336563136967,0.0,6.962321340025516e-05
2012-12-03,0.001918375906286185,1.0148068050420436,1.032575460451725,0.0,6.92875039743469e-05
2012-12-04,0.00047822649418205465,1.0152921125426908,1.0309853222320131,0.0,6.909753425234011e-05
2012-12-05,-0.006109564270144974,1.00908912012814,1.0333124526926212,0.0,6.928562387348769e-05
2012-12-06,0.0008481533156576848,1.0099449824111708,1.0373187603484306,0.0,6.992452358168734e-05
2012-12-07,-0.004538383804897572,1.0053614644591584,1.0411272327782928,0.0,7.00220513811831e-05
2012-12-10,-0.0009380897481107153,1.0044183451762037,0.0,1.039484172125915,0.0
2012-12-11,0.0005025789881976106,1.0049231447318494,1.0031164430976607,0.9995002498750625,6.851715971194833e-05
2012-12-12,-0.0012570830932840948,1.003659872836557,1.0037512113847429,0.0,6.851450280515087e-05
2012-12-13,8.836800078348972e-05,1.0037485642529862,0.996752710435698,0.0,6.821470317679488e-05
2012-12-14,-0.0019656504825324994,1.001775545403321,0.992549678751342,0.0,6.803206189494235e-05
2012-12-17,-0.0011919242218587645,1.000581504865889,1.0060625423195264,0.0,6.893164664313992e-05
2012-12-18,-3.0571378206722954e-07,1.000581198974333,1.0190210966026165,0.0,6.962016276874828e-05
2012-12-19,0.002391809251204524,1.0029743983426211,1.0103654480327464,0.0,6.914647290668556e-05
2012-12-20,-0.0034045973769049054,0.9995596743369211,1.0171636586944925,0.0,6.939043243710111e-05
2012-12-21,0.0006983542488727679,1.000257721082496,1.0066055487527095,0.0,6.894248423095067e-05
2012-12-24,0.0008646641689986634,1.0011226080936804,1.0031010619991048,0.0,6.875370372747875e-05
2012-12-26,-0.0013678515825562565,0.9997532209498666,0.9983025947237153,0.0,6.847275045963167e-05
2012-12-27,4.757759399165451e-05,0.9998007868027049,0.9968283896991073,0.0,6.840070044960627e-05
2012-12-28,0.002079343504247433,1.0018797160742845,0.9845057243752495,0.0,6.763845081263344e-05
2012-12-31,-0.0008793210618518454,1.0009987421384983,1.0038613781254448,0.0,6.860980924609098e-05
2013-01-02,-0.001316716123773931,0.9996807109548471,1.0335747518926992,0.0,7.053675242874259e-05
2013-01-03,-0.0010253810962349563,0.9986556572515632,1.0309976373546634,0.0,7.041696765732224e-05
2013-01-04,-0.004115641500280542,0.9945455485840887,1.0364205632912025,0.0,7.087409422514147e-05
2013-01-07,0.0016934776400505669,0.9962297892326277,1.0331701935250968,0.0,7.084625013735001e-05
2013-01-08,0.0007848161980164026,0.9970116465081639,1.0297959251380313,0.0,7.052365505995813e-05
2013-01-09,6.666888859507836e-05,0.997078116166553,1.0328763504680591,0.0,7.076325126792525e-05
2013-01-10,-0.0007929101285286677,0.9962875228293102,0.0,1.0394813265787444,0.0
2013-01-11,0.00011351301752315912,0.9964006144323473,1.0002930869453937,0.9995002498750626,6.618886087420258e-05
2013-01-14,-0.0016699565819584539,0.9947366686680086,0.9996023449696899,0.0,6.624004705910923e-05
2013-01-15,-0.002628953818261337,0.9921215519047493,1.000427239417794,0.0,6.626616200323359e-05
2013-01-16,0.001800917349902953,0.9939082808207871,1.0003412166776642,0.0,6.634258186936502e-05
2013-01-17,-0.0015469602874512711,0.9923707441809884,1.007619417754774,0.0,6.681189887956095e-05
2013-01-18,-0.002314815597048603,0.9900735889043035,1.010215389341286,0.0,6.710080811340028e-05
2013-01-22,-0.002379658245953875,0.9877175521243663,1.0164088133763094,0.0,6.750580612362178e-05
2013-01-23,0.001749758495043885,0.9894458193018998,1.0182748684353633,0.0,6.763594761402739e-05
2013-01-24,-0.006407259463877657,0.9831061832121835,1.0187670081006703,0.0,6.807108828301162e-05
2013-01-25,-0.0010099724606735805,0.9821132730412212,1.0252972848497526,0.0,6.855368089615785e-05
2013-01-28,0.0016270000610165702,0.9837111713963844,1.0239464838174968,0.0,6.851968605827216e-05
2013-01-29,-0.002260607799825176,0.9814873862495506,1.028597785234369,0.0,6.862930060794055e-05
2013-01-30,0.0012563508387339883,0.982720478750472,1.0241078366100584,0.0,6.849706973857739e-05
2013-01-31,0.0003451272387442472,0.9830596423557605,1.02133259994828,0.0,6.826921774537496e-05
2013-02-01,-0.0006789250693995941,0.9823922185198501,1.0332239927138853,0.0,6.901539021362654e-05
2013-02-04,-0.0014577594797063886,0.980960126950513,1.0202869870307343,0.0,6.81900872953593e-05
2013-02-05,0.0007099099028136102,0.9816565202589005,1.0319283030225113,0.0,6.912265729354551e-05
2013-02-06,-0.0019666047945476883,0.9797259898395604,1.0329064489836424,0.0,6.900498916646879e-05
2013-02-07,0.0011030999541821185,0.9808067255340635,1.0314027270784043,0.0,6.906412321312444e-05
2013-02-08,0.0013359868163742572,0.9821170703887883,1.0378734048079417,0.0,6.930693895295673e-05
2013-02-11,-2.0813774072814262e-05,0.9820966288259722,0.0,1.0373946425819844,0.0
2013-02-12,-0.0027396364823336627,0.9794060410724637,1.0016683079185411,0.9995002498750625,6.044803372334575e-05
2013-02-13,0.001249282462151946,0.9806295958629012,1.0025964973489665,0.0,6.064068842892274e-05
2013-02-14,-0.0006748349053287139,0.9799678327824145,1.0035966739036661,0.0,6.068929839418128e-05
2013-02-15,-0.0009109816142978122,0.9790751001041464,1.0024541028224283,0.0,6.0648003316887786e-05
2013-02-19,-0.0003165625597094657,0.9787651615843097,1.0101577265109742,0.0,6.11206639141494e-05
2013-02-20,-0.0012990133048781383,0.9774937326170605,0.9974115406567309,0.0,6.0368976093450975e-05
2013-02-21,-0.0022186504862018452,0.9753250156719304,0.9912774764964636,0.0,6.0126305459295404e-05
2013-02-22,-0.00011234794637515755,0.9752154399093713,1.0012266841427644,0.0,6.0796226830806185e-05
2013-02-25,0.003599869218476437,0.978726087952884,0.9819094005992736,0.0,5.9626411155362816e-05
2013-02-26,-0.001659359699731966,0.9771020293254586,0.9887882635239826,0.0,5.996364652936772e-05
2013-02-27,-0.0014495665115491496,0.9756856549453817,1.0015411994713754,0.0,6.0686586930282596e-05
2013-02-28,-7.391899691533421e-05,0.9756135332404635,0.999584491128456,0.0,6.067464311766442e-05
2013-03-01,0.0003019174894915988,0.9759080880291335,1.003006896034762,0.0,6.088152005523563e-05
2013-03-04,-0.0005948487635512034,0.9753275703096298,1.0085189565709844,0.0,6.121780905953706e-05
2013-03-05,0.002633085813852798,0.9778956914988717,1.0177486660794677,0.0,6.17497344977844e-05
2013-03-06,-0.0020043333975539035,0.9759356625050765,1.0192580975032317,0.0,6.17175624314194e-05
2013-03-07,0.000310079532143126,0.9762382801787077,1.0211961634963893,0.0,6.193956366014771e-05
2013-03-08,-0.0016960612200265235,0.9745825202901912,1.0257372968210932,0.0,6.221661897927727e-05
2013-03-11,-0.0005863554294835982,0.9740110685379393,1.0297886632600255,0.0,6.253673826466817e-05
2013-03-12,-0.0007120213883935467,0.9733175518246082,1.0275132222112962,0.0,6.248550798720609e-05
2013-03-13,-0.0001252840101249042,0.9731956106985907,0.0,1.0280415673054348,0.0
2013-03-14,-0.0019095066017583706,0.9713372872551596,1.0026154963198866,0.9995002498750624,5.67254998406891e-05
2013-03-15,-0.0008867948455935082,0.9704759103554889,1.0014130728424795,0.0,5.6705496678212305e-05
2013-03-18,0.0014293679629115985,0.9718630775305284,0.9962078708813252,0.0,5.651042014139877e-05
2013-03-19,5.121359616766519e-05,0.9719128501337112,0.9940627564593918,0.0,5.625067834533403e-05
2013-03-20,0.00030836329155703446,0.972212552379285,1.000723860394588,0.0,5.662431381959443e-05
2013-03-21,-0.0019481725285273033,0.9703185145928503,0.9926349614485028,0.0,5.628379862890627e-05
2013-03-22,0.0011963665063232654,0.9714793711641745,1.0002869239084584,0.0,5.669833372425472e-05
2013-03-25,2.1131411902297614e-05,0.9714998998949211,0.9963663481258073,0.0,5.640610472990398e-05
2013-03-26,-0.001022180194627298,0.9705068519381661,1.0040137830139786,0.0,5.6878927307434676e-05
2013-03-27,0.0006320015740790552,0.9711202137962456,1.0040681507356244,0.0,5.6981422074765894e-05
2013-03-28,-0.00022585437169431177,0.9709008820505189,1.0070645365464344,0.0,5.7060223943793806e-05
2013-04-01,-0.0017539563158961435,0.9691979643163373,1.0033316494523428,0.0,5.682902884123568e-05
2013-04-02,0.001718749507243933,0.9708637728399279,1.0080972632065193,0.0,5.7199280110029605e-05
2013-04-03,-7.988976590822539e-06,0.9708560166319737,0.9984197936272702,0.0,5.656631544584601e-05
2013-04-04,-0.0018323714685613002,0.9690770477670162,1.0023374851572786,0.0,5.684590072603571e-05
2013-04-05,-0.002277745183318358,0.9668697371892006,0.9980968668074229,0.0,5.6784109224765175e-05
2013-04-08,-0.0005196050903545357,0.9663673467520473,1.0046110190161508,0.0,5.716646185503301e-05
2013-04-09,0.0018166427970871535,0.9681228910318647,1.0079754009720119,0.0,5.735955285128124e-05
2013-04-10,0.004326242476965225,0.972311225405969,1.019735764105381,0.0,5.795335563353996e-05
2013-04-11,-0.0018764064600932384,0.9704867743413961,1.0230156794827456,0.0,5.800538444535637e-05
2013-04-12,-0.0002492705975563059,0.9702448605232356,0.0,1.019887016844749,0.0
2013-04-15,0.0,0.9702448605232356,0.0,0.0,0.0
2013-04-16,0.0,0.9702448605232356,0.0,0.0,0.0
2013-04-17,0.0,0.9702448605232356,0.0,0.0,0.0
2013-04-18,0.0,0.9702448605232356,0.0,0.0,0.0
2013-04-19,0.0,0.9702448605232356,0.0,0.0,0.0
2013-04-22,0.0,0.9702448605232356,0.0,0.0,0.0
2013-04-23,0.0,0.9702448605232356,0.0,0.0,0.0
2013-04-24,0.0,0.9702448605232356,0.0,0.0,0.0
2013-04-25,0.0,0.9702448605232356,0.0,0.0,0.0
2013-04-26,0.0,0.9702448605232356,0.0,0.0,0.0
2013-04-29,0.0,0.9702448605232356,0.0,0.0,0.0
2013-04-30,0.0,0.9702448605232356,0.0,0.0,0.0
2013-05-01,0.0,0.9702448605232356,0.0,0.0,0.0
2013-05-02,0.0,0.9702448605232356,0.0,0.0,0.0
2013-05-03,0.0,0.9702448605232356,0.0,0.0,0.0
2013-05-06,0.0,0.9702448605232356,0.0,0.0,0.0
2013-05-07,0.0,0.9702448605232356,0.0,0.0,0.0
2013-05-08,0.0,0.9702448605232356,0.0,0.0,0.0
2013-05-09,0.0,0.9702448605232356,0.0,0.0,0.0
2013-05-10,0.0,0.9702448605232356,0.0,0.0,0.0
2013-05-13,0.0,0.9702448605232356,0.0,0.0,0.0
2013-05-14,0.0,0.9702448605232356,0.0,0.0,0.0
2013-05-15,0.0,0.9702448605232356,0.0,0.0,0.0
2013-05-16,0.0,0.9702448605232356,0.0,0.0,0.0
2013-05-17,0.0,0.9702448605232356,0.0,0.0,0.0
2013-05-20,0.0,0.9702448605232356,0.0,0.0,0.0
2013-05-21,0.0,0.9702448605232356,0.0,0.0,0.0
2013-05-22,0.0,0.9702448605232356,0.0,0.0,0.0
2013-05-23,0.0,0.9702448605232356,0.0,0.0,0.0
2013-05-24,0.0,0.9702448605232356,0.0,0.0,0.0
2013-05-28,0.0,0.9702448605232356,0.0,0.0,0.0
2013-05-29,0.0,0.9702448605232356,0.0,0.0,0.0
2013-05-30,0.0,0.9702448605232356,0.0,0.0,0.0
2013-05-31,0.0,0.9702448605232356,0.0,0.0,0.0
2013-06-03,0.0,0.9702448605232356,0.0,0.0,0.0
2013-06-04,0.0,0.9702448605232356,0.0,0.0,0.0
2013-06-05,0.0,0.9702448605232356,0.0,0.0,0.0
2013-06-06,0.0,0.9702448605232356,0.0,0.0,0.0
2013-06-07,0.0,0.9702448605232356,0.0,0.0,0.0
2013-06-10,0.0,0.9702448605232356,0.0,0.0,0.0
2013-06-11,0.0,0.9702448605232356,0.0,0.0,0.0
2013-06-12,0.0,0.9702448605232356,0.0,0.0,0.0
2013-06-13,0.0,0.9702448605232356,0.0,0.0,0.0
2013-06-14,0.0,0.9702448605232356,0.0,0.0,0.0
2013-06-17,0.0,0.9702448605232356,0.0,0.0,0.0
2013-06-18,0.0,0.9702448605232356,0.0,0.0,0.0
2013-06-19,0.0,0.9702448605232356,0.0,0.0,0.0
2013-06-20,0.0,0.9702448605232356,0.0,0.0,0.0
2013-06-21,0.0,0.9702448605232356,0.0,0.0,0.0
2013-06-24,0.0,0.9702448605232356,0.0,0.0,0.0
2013-06-25,0.0,0.9702448605232356,0.0,0.0,0.0
2013-06-26,0.0,0.9702448605232356,0.0,0.0,0.0
2013-06-27,0.0,0.9702448605232356,0.0,0.0,0.0
2013-06-28,0.0,0.9702448605232356,0.0,0.0,0.0
2013-07-01,0.0,0.9702448605232356,0.0,0.0,0.0
2013-07-02,0.0,0.9702448605232356,0.0,0.0,0.0
2013-07-03,0.0,0.9702448605232356,0.0,0.0,0.0
2013-07-05,0.0,0.9702448605232356,0.0,0.0,0.0
2013-07-08,0.0,0.9702448605232356,0.0,0.0,0.0
2013-07-09,0.0,0.9702448605232356,0.0,0.0,0.0
2013-07-10,0.0,0.9702448605232356,0.0,0.0,0.0
2013-07-11,0.0,0.9702448605232356,0.0,0.0,0.0
2013-07-12,0.0,0.9702448605232356,0.0,0.0,0.0
2013-07-15,0.0,0.9702448605232356,0.0,0.0,0.0
2013-07-16,0.0,0.9702448605232356,0.0,0.0,0.0
2013-07-17,0.0,0.9702448605232356,0.0,0.0,0.0
2013-07-18,0.0,0.9702448605232356,0.0,0.0,0.0
2013-07-19,0.0,0.9702448605232356,0.0,0.0,0.0
2013-07-22,0.0,0.9702448605232356,0.0,0.0,0.0
2013-07-23,0.0,0.9702448605232356,0.0,0.0,0.0
2013-07-24,0.0,0.9702448605232356,0.0,0.0,0.0
2013-07-25,0.0,0.9702448605232356,0.0,0.0,0.0
2013-07-26,0.0,0.9702448605232356,0.0,0.0,0.0
2013-07-29,0.0,0.9702448605232356,0.0,0.0,0.0
2013-07-30,0.0,0.9702448605232356,0.0,0.0,0.0
2013-07-31,0.0,0.9702448605232356,0.0,0.0,0.0
2013-08-01,0.0,0.9702448605232356,0.0,0.0,0.0
2013-08-02,0.0,0.9702448605232356,0.0,0.0,0.0
2013-08-05,0.0,0.9702448605232356,0.0,0.0,0.0
2013-08-06,0.0,0.9702448605232356,0.0,0.0,0.0
2013-08-07,0.0,0.9702448605232356,0.0,0.0,0.0
2013-08-08,0.0,0.9702448605232356,0.0,0.0,0.0
2013-08-09,0.0,0.9702448605232356,0.0,0.0,0.0
2013-08-12,0.0,0.9702448605232356,0.0,0.0,0.0
2013-08-13,0.0,0.9702448605232356,0.0,0.0,0.0
2013-08-14,0.0,0.9702448605232356,0.0,0.0,0.0
2013-08-15,0.0,0.9702448605232356,0.0,0.0,0.0
2013-08-16,0.0,0.9702448605232356,0.0,0.0,0.0
2013-08-19,0.0,0.9702448605232356,0.0,0.0,0.0
2013-08-20,0.0,0.9702448605232356,0.0,0.0,0.0
2013-08-21,0.0,0.9702448605232356,0.0,0.0,0.0
2013-08-22,0.0,0.9702448605232356,0.0,0.0,0.0
2013-08-23,0.0,0.9702448605232356,0.0,0.0,0.0
2013-08-26,0.0,0.9702448605232356,0.0,0.0,0.0
2013-08-27,0.0,0.9702448605232356,0.0,0.0,0.0
2013-08-28,0.0,0.9702448605232356,0.0,0.0,0.0
2013-08-29,0.0,0.9702448605232356,0.0,0.0,0.0
2013-08-30,0.0,0.9702448605232356,0.0,0.0,0.0
2013-09-03,0.0,0.9702448605232356,0.0,0.0,0.0
2013-09-04,0.0,0.9702448605232356,0.0,0.0,0.0
2013-09-05,0.0,0.9702448605232356,0.0,0.0,0.0
2013-09-06,0.0,0.9702448605232356,0.0,0.0,0.0
2013-09-09,0.0,0.9702448605232356,0.0,0.0,0.0
2013-09-10,0.0,0.9702448605232356,0.0,0.0,0.0
2013-09-11,0.0,0.9702448605232356,0.0,0.0,0.0
2013-09-12,0.0,0.9702448605232356,0.0,0.0,0.0
2013-09-13,0.0,0.9702448605232356,0.0,0.0,0.0
2013-09-16,0.0,0.9702448605232356,0.0,0.0,0.0
2013-09-17,0.0,0.9702448605232356,0.0,0.0,0.0
2013-09-18,0.0,0.9702448605232356,0.0,0.0,0.0
2013-09-19,0.0,0.9702448605232356,0.0,0.0,0.0
2013-09-20,0.0,0.9702448605232356,0.0,0.0,0.0
2013-09-23,0.0,0.9702448605232356,0.0,0.0,0.0
2013-09-24,0.0,0.9702448605232356,0.0,0.0,0.0
2013-09-25,0.0,0.9702448605232356,0.0,0.0,0.0
2013-09-26,0.0,0.9702448605232356,0.0,0.0,0.0
2013-09-27,0.0,0.9702448605232356,0.0,0.0,0.0
2013-09-30,0.0,0.9702448605232356,0.0,0.0,0.0
2013-10-01,0.0,0.9702448605232356,0.0,0.0,0.0
2013-10-02,-0.0014524945124402278,0.9688355851876023,1.0066647330462453,0.9995002498750626,6.12967391664645e-05
2013-10-03,0.0014320045731799347,0.9702229621762504,0.9946917790985983,0.0,6.0698592664418844e-05
2013-10-04,-0.0007758182617370046,0.9694702454842374,1.0035472103012772,0.0,6.108267336877604e-05
2013-10-07,-2.5584924404520315e-05,0.9694454416612943,0.9950677614650738,0.0,6.062877009150869e-05
2013-10-08,0.004118278891492855,0.973437888360142,0.9755599557850148,0.0,5.948085849751483e-05
2013-10-09,0.0018343089140504532,0.9752234741560355,0.9725764026266595,0.0,5.90615189486856e-05
2013-10-10,-0.00025004128320860186,0.9749796280271423,0.9936015058903144,0.0,6.0215554158050636e-05
2013-10-11,-0.0009055979680441251,0.9740966884571165,1.0016410008631298,0.0,6.0644875586515324e-05
2013-10-14,-0.0017037775956010304,0.9724370443433741,1.0089286895150897,0.0,6.115406873061682e-05
2013-10-15,-0.0016472210073161797,0.9708352256156392,1.0049990756689273,0.0,6.108033517178626e-05
2013-10-16,0.0009880388765461934,0.971794448561268,1.0166733602015203,0.0,6.178608048586279e-05
2013-10-17,0.0002969999203177309,0.9720830714350559,1.0226662143287601,0.0,6.209478212371134e-05
2013-10-18,-0.005131386390335058,0.9670949375920189,1.0398387374071276,0.0,6.328614704904082e-05
2013-10-21,-0.0012021053774715629,0.965932387567014,1.0422884694455261,0.0,6.363291709035532e-05
2013-10-22,0.002097539392918124,0.9679584688008314,1.043817993614703,0.0,6.377263480824578e-05
2013-10-23,0.0007362979391221103,0.9686711746265653,1.0373744686178952,0.0,6.316214147681949e-05
2013-10-24,-0.000710793930735254,0.9679826490347625,1.0421296085365606,0.0,6.340283032066325e-05
2013-10-25,-0.0015628317517772938,0.9664698550156815,1.0499173873468246,0.0,6.420012264937105e-05
2013-10-28,0.0006209940369077405,0.9670700270324972,1.0502095043061899,0.0,6.40778158904925e-05
2013-10-29,0.0017606301784720557,0.9687726797067865,1.0519985614141911,0.0,6.417277560847024e-05
2013-10-30,-0.0017949907095232698,0.9670337417470728,0.0,1.0558243279925261,0.0
2013-10-31,0.0,0.9670337417470728,0.0,0.0,0.0
2013-11-01,0.0,0.9670337417470728,0.0,0.0,0.0
2013-11-04,0.0,0.9670337417470728,0.0,0.0,0.0
2013-11-05,0.0,0.9670337417470728,0.0,0.0,0.0
2013-11-06,0.0,0.9670337417470728,0.0,0.0,0.0
2013-11-07,0.0,0.9670337417470728,0.0,0.0,0.0
2013-11-08,0.0,0.9670337417470728,0.0,0.0,0.0
2013-11-11,0.0,0.9670337417470728,0.0,0.0,0.0
2013-11-12,0.0,0.9670337417470728,0.0,0.0,0.0
2013-11-13,0.0,0.9670337417470728,0.0,0.0,0.0
2013-11-14,0.0,0.9670337417470728,0.0,0.0,0.0
2013-11-15,0.0,0.9670337417470728,0.0,0.0,0.0
2013-11-18,0.0,0.9670337417470728,0.0,0.0,0.0
2013-11-19,0.0,0.9670337417470728,0.0,0.0,0.0
2013-11-20,0.0,0.9670337417470728,0.0,0.0,0.0
2013-11-21,0.0,0.9670337417470728,0.0,0.0,0.0
2013-11-22,0.0,0.9670337417470728,0.0,0.0,0.0
2013-11-25,0.0,0.9670337417470728,0.0,0.0,0.0
2013-11-26,0.0,0.9670337417470728,0.0,0.0,0.0
2013-11-27,0.0,0.9670337417470728,0.0,0.0,0.0
2013-11-29,0.0,0.9670337417470728,0.0,0.0,0.0
2013-12-02,0.0,0.9670337417470728,0.0,0.0,0.0
2013-12-03,0.0,0.9670337417470728,0.0,0.0,0.0
2013-12-04,0.0,0.9670337417470728,0.0,0.0,0.0
2013-12-05,0.0,0.9670337417470728,0.0,0.0,0.0
2013-12-06,0.0,0.9670337417470728,0.0,0.0,0.0
2013-12-09,0.0,0.9670337417470728,0.0,0.0,0.0
2013-12-10,0.0,0.9670337417470728,0.0,0.0,0.0
2013-12-11,0.0,0.9670337417470728,0.0,0.0,0.0
2013-12-12,0.0,0.9670337417470728,0.0,0.0,0.0
2013-12-13,0.0,0.9670337417470728,0.0,0.0,0.0
2013-12-16,0.0,0.9670337417470728,0.0,0.0,0.0
2013-12-17,0.0,0.9670337417470728,0.0,0.0,0.0
2013-12-18,0.0,0.9670337417470728,0.0,0.0,0.0
2013-12-19,0.0,0.9670337417470728,0.0,0.0,0.0
2013-12-20,0.0,0.9670337417470728,0.0,0.0,0.0
2013-12-23,0.0,0.9670337417470728,0.0,0.0,0.0
2013-12-24,0.0,0.9670337417470728,0.0,0.0,0.0
2013-12-26,0.0,0.9670337417470728,0.0,0.0,0.0
2013-12-27,0.0,0.9670337417470728,0.0,0.0,0.0
2013-12-30,0.0,0.9670337417470728,0.0,0.0,0.0
2013-12-31,0.0,0.9670337417470728,0.0,0.0,0.0
2014-01-02,0.0,0.9670337417470728,0.0,0.0,0.0
2014-01-03,0.0,0.9670337417470728,0.0,0.0,0.0
2014-01-06,0.0,0.9670337417470728,0.0,0.0,0.0
2014-01-07,0.0,0.9670337417470728,0.0,0.0,0.0
2014-01-08,0.0,0.9670337417470728,0.0,0.0,0.0
2014-01-09,0.0,0.9670337417470728,0.0,0.0,0.0
2014-01-10,0.0,0.9670337417470728,0.0,0.0,0.0
2014-01-13,0.0,0.9670337417470728,0.0,0.0,0.0
2014-01-14,0.0,0.9670337417470728,0.0,0.0,0.0
2014-01-15,0.0,0.9670337417470728,0.0,0.0,0.0
2014-01-16,0.0,0.9670337417470728,0.0,0.0,0.0
2014-01-17,0.0,0.9670337417470728,0.0,0.0,0.0
2014-01-21,0.0,0.9670337417470728,0.0,0.0,0.0
2014-01-22,0.0,0.9670337417470728,0.0,0.0,0.0
2014-01-23,0.0,0.9670337417470728,0.0,0.0,0.0
2014-01-24,0.0,0.9670337417470728,0.0,0.0,0.0
2014-01-27,0.0,0.9670337417470728,0.0,0.0,0.0
2014-01-28,0.0,0.9670337417470728,0.0,0.0,0.0
2014-01-29,0.0,0.9670337417470728,0.0,0.0,0.0
2014-01-30,0.0,0.9670337417470728,0.0,0.0,0.0
2014-01-31,0.0,0.9670337417470728,0.0,0.0,0.0
2014-02-03,0.0,0.9670337417470728,0.0,0.0,0.0
2014-02-04,-1.6256335453324056e-06,0.9670321697045827,1.001903097745145,0.9995002498750624,4.931162317321936e-05
2014-02-05,0.0002867462144640065,0.9673094625185104,0.9998057945153599,0.0,4.921730856837931e-05
2014-02-06,0.0024209381091273574,0.9696512588596409,1.0103642160156971,0.0,4.978917241339117e-05
2014-02-07,-0.00014229680763844232,0.9695132805809825,1.0253061979853144,0.0,5.05405893602675e-05
2014-02-10,-0.0013808619437607472,0.9681745165878576,1.0302645870316276,0.0,5.084875574456994e-05
2014-02-11,0.00166901089748972,0.9697904104067147,1.0399944431048238,0.0,5.15318103416899e-05
2014-02-12,-0.0005777227930342521,0.9692301403821566,1.0417236795596654,0.0,5.152120646958902e-05
2014-02-13,-0.00012200839338760705,0.9691118861699057,1.0482064389456,0.0,5.198410402413312e-05
2014-02-14,0.002449259085342659,0.971485492261821,1.0498885117257621,0.0,5.2067394544930704e-05
2014-02-18,-0.0014553103776887566,0.9700716793431583,1.0542932677739103,0.0,5.218282680089389e-05
2014-02-19,-0.001111817420337835,0.9689931367510882,1.048368652755607,0.0,5.1930067868366166e-05
2014-02-20,0.0015145934424507512,0.9704607674017911,1.0524308233972528,0.0,5.216253895982756e-05
2014-02-21,-0.00017006941420416588,0.970295721707571,1.05132521026439,0.0,5.205511625372376e-05
2014-02-24,0.0010202840388906509,0.971285698945433,1.0559878137441085,0.0,5.2314504810239747e-05
2014-02-25,0.0001997627392580359,0.9714797256372566,1.0550576123731585,0.0,5.2224922911488606e-05
2014-02-26,0.00036971852076606027,0.9718388996843733,1.0543126462786554,0.0,5.2175207766393616e-05
2014-02-27,0.00034014341547772275,0.972169464287006,1.060028203775264,0.0,5.253102167070335e-05
2014-02-28,0.0020013151697164666,0.9741150817834188,1.0589877616533685,0.0,5.240468333000392e-05
2014-03-03,-0.0018464916896120398,0.9723163863801799,0.0,1.0507880907855935,0.0
2014-03-04,0.0,0.9723163863801799,0.0,0.0,0.0
2014-03-05,0.0,0.9723163863801799,0.0,0.0,0.0
2014-03-06,0.0,0.9723163863801799,0.0,0.0,0.0
2014-03-07,0.0,0.9723163863801799,0.0,0.0,0.0
2014-03-10,0.0,0.9723163863801799,0.0,0.0,0.0
2014-03-11,0.0,0.9723163863801799,0.0,0.0,0.0
2014-03-12,0.0,0.9723163863801799,0.0,0.0,0.0
2014-03-13,0.0,0.9723163863801799,0.0,0.0,0.0
2014-03-14,0.0,0.9723163863801799,0.0,0.0,0.0
2014-03-17,0.0,0.9723163863801799,0.0,0.0,0.0
2014-03-18,0.0,0.9723163863801799,0.0,0.0,0.0
2014-03-19,0.0,0.9723163863801799,0.0,0.0,0.0
2014-03-20,0.0,0.9723163863801799,0.0,0.0,0.0
2014-03-21,0.0,0.9723163863801799,0.0,0.0,0.0
2014-03-24,0.0,0.9723163863801799,0.0,0.0,0.0
2014-03-25,0.0,0.9723163863801799,0.0,0.0,0.0
2014-03-26,0.0,0.9723163863801799,0.0,0.0,0.0
2014-03-27,0.0,0.9723163863801799,0.0,0.0,0.0
2014-03-28,0.0,0.9723163863801799,0.0,0.0,0.0
2014-03-31,-0.0019419176994101006,0.9704282279800418,1.0022752036296878,0.9995002498750626,7.198902684624493e-05
2014-04-01,0.002872649264460181,0.9732159279153602,1.0103534194150998,0.0,7.260974088008293e-05
2014-04-02,-0.0010708927335387752,0.9721737180499914,1.014511858450209,0.0,7.257362190812732e-05
2014-04-03,-0.0024685571050093724,0.9697738517109957,1.012999750110265,0.0,7.266195831829001e-05
2014-04-04,-0.003519707074741474,0.9663605318242292,0.9986067973232224,0.0,7.199054388137286e-05
2014-04-07,0.002907427875579627,0.9691701553723149,0.9853168392036719,0.0,7.146918984208559e-05
2014-04-08,0.0010395001826424277,0.970177607925836,0.9903296929973664,0.0,7.143424770718238e-05
2014-04-09,0.00017240835318266257,0.9703448746495132,1.0032988106762768,0.0,7.219109059903148e-05
2014-04-10,0.0003638165203956323,0.970697902145392,0.977910027518762,0.0,7.062878899628286e-05
2014-04-11,0.0007992337396540705,0.971473716659798,0.967317622462559,0.0,6.999754505428113e-05
2014-04-14,-0.001717803535801088,0.969804915674382,0.9766047078296476,0.0,7.057190054975875e-05
2014-04-15,-0.0028887855904864423,0.9670033572083989,0.9848007937231078,0.0,7.107881412461599e-05
2014-04-16,-0.0012197854450177736,0.9658238205879928,0.9974195983234266,0.0,7.20995617162246e-05
2014-04-17,-0.0008280392440823681,0.9650240805616763,0.9991844092065512,0.0,7.228227570222243e-05
2014-04-21,0.0007198565235571053,0.9657187594414582,1.0034896175533272,0.0,7.249054625875376e-05
2014-04-22,0.0002950436097046705,0.9660036885902035,1.0090938912882885,0.0,7.276771136142062e-05
2014-04-23,-0.0021382686979098953,0.9639381131408256,1.0063165576211222,0.0,7.261345566853108e-05
2014-04-24,0.002465805252117814,0.9663149968029247,1.0088462296447471,0.0,7.267814510602774e-05
2014-04-25,-0.001418463239092671,0.9649443145025758,0.9988955852185463,0.0,7.218441945891573e-05
2014-04-28,-0.0007219972736768332,0.964247627338255,1.0028154747850726,0.0,7.253304502132248e-05
2014-04-29,-0.0012762669115338188,0.9630169899969582,0.0,1.0067332150830526,0.0
2014-04-30,-0.00041628769479473693,0.9626160978741441,1.005613209539586,0.9995002498750626,7.13703849490973e-05
2014-05-01,0.001072300009104854,0.9636483111246591,1.0058058370445042,0.0,7.134086576053572e-05
2014-05-02,4.5477009109395894e-05,0.9636921349676825,1.004158862980199,0.0,7.112543155917516e-05
2014-05-05,0.0009171717235922916,0.9645760061441231,1.0065152281636738,0.0,7.132536957361403e-05
2014-05-06,-0.00014168202751252412,0.9644393430598827,0.9961597660274414,0.0,7.06276628692953e-05
2014-05-07,-0.004726435411215424,0.9598809827968751,1.0032396849006047,0.0,7.118554973635648e-05
2014-05-08,0.00019510927931354338,0.9600682644836552,1.0020326865089237,0.0,7.142832031181752e-05
2014-05-09,0.0005240218409015007,0.9605713612230011,1.0038909551069195,0.0,7.148007195795804e-05
2014-05-12,0.0007425287217097676,0.9612846130479611,1.015632572426628,0.0,7.21332373588311e-05
2014-05-13,-0.0003354796628971535,0.9609621216100276,1.0167954179336758,0.0,7.215620974797324e-05
2014-05-14,0.0006596245556700353,0.9615959958225104,1.0111170123571382,0.0,7.185916215532323e-05
2014-05-15,0.0020136769212524275,0.9635323394868669,1.0006014477459448,0.0,7.10509752576166e-05
2014-05-16,0.0005049637049929778,0.9640188883468946,1.004806919019891,0.0,7.122563236761183e-05
2014-05-19,0.0005630342409830291,0.9645616639899883,1.0092620216343826,0.0,7.146336377170368e-05
2014-05-20,0.0022283268161009673,0.9667110226116402,1.0017641536613877,0.0,7.096138019478347e-05
2014-05-21,-0.0011978447023239802,0.9655530529345266,1.0118718716505588,0.0,7.147681132842964e-05
2014-05-22,0.00027395224967108334,0.9658175683655548,1.0148598906051511,0.0,7.16449227740847e-05
2014-05-23,0.0005238958176401187,0.9663235561502248,1.019746804441842,0.0,7.194322504600257e-05
2014-05-27,0.001396855210841652,0.9676733702449923,1.0272056535501402,0.0,7.236773411515897e-05
2014-05-28,-0.0009219561026236889,0.9667812178759485,1.0264148551362962,0.0,7.219488756427343e-05
2014-05-29,-0.0004301730276057292,0.9663653346724225,0.0,1.0292029100101872,0.0
2014-05-30,0.0,0.9663653346724225,0.0,0.0,0.0
2014-06-02,0.0,0.9663653346724225,0.0,0.0,0.0
2014-06-03,0.0,0.9663653346724225,0.0,0.0,0.0
2014-06-04,0.0,0.9663653346724225,0.0,0.0,0.0
2014-06-05,0.0,0.9663653346724225,0.0,0.0,0.0
2014-06-06,0.0,0.9663653346724225,0.0,0.0,0.0
2014-06-09,0.0,0.9663653346724225,0.0,0.0,0.0
2014-06-10,0.0,0.9663653346724225,0.0,0.0,0.0
2014-06-11,0.0,0.9663653346724225,0.0,0.0,0.0
2014-06-12,0.0,0.9663653346724225,0.0,0.0,0.0
2014-06-13,0.0,0.9663653346724225,0.0,0.0,0.0
2014-06-16,0.0,0.9663653346724225,0.0,0.0,0.0
2014-06-17,0.0,0.9663653346724225,0.0,0.0,0.0
2014-06-18,0.0,0.9663653346724225,0.0,0.0,0.0
2014-06-19,0.0,0.9663653346724225,0.0,0.0,0.0
2014-06-20,0.0,0.9663653346724225,0.0,0.0,0.0
2014-06-23,0.0,0.9663653346724225,0.0,0.0,0.0
2014-06-24,0.0,0.9663653346724225,0.0,0.0,0.0
2014-06-25,0.0,0.9663653346724225,0.0,0.0,0.0
2014-06-26,0.0,0.9663653346724225,0.0,0.0,0.0
2014-06-27,0.0,0.9663653346724225,0.0,0.0,0.0
2014-06-30,0.0,0.9663653346724225,0.0,0.0,0.0
2014-07-01,0.0,0.9663653346724225,0.0,0.0,0.0
2014-07-02,0.0,0.9663653346724225,0.0,0.0,0.0
2014-07-03,0.0,0.9663653346724225,0.0,0.0,0.0
2014-07-07,0.0,0.9663653346724225,0.0,0.0,0.0
2014-07-08,0.0,0.9663653346724225,0.0,0.0,0.0
2014-07-09,0.0,0.9663653346724225,0.0,0.0,0.0
2014-07-10,0.0,0.9663653346724225,0.0,0.0,0.0
2014-07-11,0.0,0.9663653346724225,0.0,0.0,0.0
2014-07-14,0.0,0.9663653346724225,0.0,0.0,0.0
2014-07-15,0.0,0.9663653346724225,0.0,0.0,0.0
2014-07-16,0.0,0.9663653346724225,0.0,0.0,0.0
2014-07-17,0.0,0.9663653346724225,0.0,0.0,0.0
2014-07-18,0.0,0.9663653346724225,0.0,0.0,0.0
2014-07-21,0.0,0.9663653346724225,0.0,0.0,0.0
2014-07-22,0.0,0.9663653346724225,0.0,0.0,0.0
2014-07-23,0.0,0.9663653346724225,0.0,0.0,0.0
2014-07-24,0.0,0.9663653346724225,0.0,0.0,0.0
2014-07-25,0.0,0.9663653346724225,0.0,0.0,0.0
2014-07-28,0.0,0.9663653346724225,0.0,0.0,0.0
2014-07-29,0.0,0.9663653346724225,0.0,0.0,0.0
2014-07-30,0.0,0.9663653346724225,0.0,0.0,0.0
2014-07-31,0.0,0.9663653346724225,0.0,0.0,0.0
2014-08-01,0.0,0.9663653346724225,0.0,0.0,0.0
2014-08-04,0.0,0.9663653346724225,0.0,0.0,0.0
2014-08-05,0.0,0.9663653346724225,0.0,0.0,0.0
2014-08-06,0.0,0.9663653346724225,0.0,0.0,0.0
2014-08-07,0.0,0.9663653346724225,0.0,0.0,0.0
2014-08-08,0.0,0.9663653346724225,0.0,0.0,0.0
2014-08-11,0.0,0.9663653346724225,0.0,0.0,0.0
2014-08-12,0.0,0.9663653346724225,0.0,0.0,0.0
2014-08-13,0.0,0.9663653346724225,0.0,0.0,0.0
2014-08-14,0.0,0.9663653346724225,0.0,0.0,0.0
2014-08-15,0.0,0.9663653346724225,0.0,0.0,0.0
2014-08-18,0.0,0.9663653346724225,0.0,0.0,0.0
2014-08-19,0.0,0.9663653346724225,0.0,0.0,0.0
2014-08-20,0.0,0.9663653346724225,0.0,0.0,0.0
2014-08-21,0.0,0.9663653346724225,0.0,0.0,0.0
2014-08-22,0.0,0.9663653346724225,0.0,0.0,0.0
2014-08-25,0.0,0.9663653346724225,0.0,0.0,0.0
2014-08-26,0.0,0.9663653346724225,0.0,0.0,0.0
2014-08-27,0.0,0.9663653346724225,0.0,0.0,0.0
2014-08-28,0.0,0.9663653346724225,0.0,0.0,0.0
2014-08-29,0.0,0.9663653346724225,0.0,0.0,0.0
2014-09-02,0.0,0.9663653346724225,0.0,0.0,0.0
2014-09-03,0.0,0.9663653346724225,0.0,0.0,0.0
2014-09-04,0.0,0.9663653346724225,0.0,0.0,0.0
2014-09-05,0.0,0.9663653346724225,0.0,0.0,0.0
2014-09-08,0.0,0.9663653346724225,0.0,0.0,0.0
2014-09-09,0.0,0.9663653346724225,0.0,0.0,0.0
2014-09-10,0.0,0.9663653346724225,0.0,0.0,0.0
2014-09-11,0.0,0.9663653346724225,0.0,0.0,0.0
2014-09-12,0.0,0.9663653346724225,0.0,0.0,0.0
2014-09-15,0.0,0.9663653346724225,0.0,0.0,0.0
2014-09-16,0.0,0.9663653346724225,0.0,0.0,0.0
2014-09-17,0.0,0.9663653346724225,0.0,0.0,0.0
2014-09-18,0.0,0.9663653346724225,0.0,0.0,0.0
2014-09-19,0.0,0.9663653346724225,0.0,0.0,0.0
2014-09-22,0.0,0.9663653346724225,0.0,0.0,0.0
2014-09-23,0.0,0.9663653346724225,0.0,0.0,0.0
2014-09-24,0.0,0.9663653346724225,0.0,0.0,0.0
2014-09-25,0.0,0.9663653346724225,0.0,0.0,0.0
2014-09-26,0.0,0.9663653346724225,0.0,0.0,0.0
2014-09-29,0.0,0.9663653346724225,0.0,0.0,0.0
2014-09-30,0.0,0.9663653346724225,0.0,0.0,0.0
2014-10-01,0.0,0.9663653346724225,0.0,0.0,0.0
2014-10-02,0.0,0.9663653346724225,0.0,0.0,0.0
2014-10-03,0.0,0.9663653346724225,0.0,0.0,0.0
2014-10-06,0.0,0.9663653346724225,0.0,0.0,0.0
2014-10-07,0.0,0.9663653346724225,0.0,0.0,0.0
2014-10-08,0.0,0.9663653346724225,0.0,0.0,0.0
2014-10-09,0.0,0.9663653346724225,0.0,0.0,0.0
2014-10-10,0.0,0.9663653346724225,0.0,0.0,0.0
2014-10-13,0.0,0.9663653346724225,0.0,0.0,0.0
2014-10-14,0.0,0.9663653346724225,0.0,0.0,0.0
2014-10-15,0.0,0.9663653346724225,0.0,0.0,0.0
2014-10-16,0.0,0.9663653346724225,0.0,0.0,0.0
2014-10-17,0.0,0.9663653346724225,0.0,0.0,0.0
2014-10-20,0.0,0.9663653346724225,0.0,0.0,0.0
2014-10-21,0.0,0.9663653346724225,0.0,0.0,0.0
2014-10-22,0.0,0.9663653346724225,0.0,0.0,0.0
2014-10-23,0.0,0.9663653346724225,0.0,0.0,0.0
2014-10-24,0.0,0.9663653346724225,0.0,0.0,0.0
2014-10-27,0.0,0.9663653346724225,0.0,0.0,0.0
2014-10-28,0.0,0.9663653346724225,0.0,0.0,0.0
2014-10-29,0.0,0.9663653346724225,0.0,0.0,0.0
2014-10-30,0.0,0.9663653346724225,0.0,0.0,0.0
2014-10-31,0.0,0.9663653346724225,0.0,0.0,0.0
2014-11-03,0.0,0.9663653346724225,0.0,0.0,0.0
2014-11-04,0.0,0.9663653346724225,0.0,0.0,0.0
2014-11-05,0.0,0.9663653346724225,0.0,0.0,0.0
2014-11-06,0.0,0.9663653346724225,0.0,0.0,0.0
2014-11-07,0.0,0.9663653346724225,0.0,0.0,0.0
2014-11-10,0.0,0.9663653346724225,0.0,0.0,0.0
2014-11-11,0.0,0.9663653346724225,0.0,0.0,0.0
2014-11-12,0.0,0.9663653346724225,0.0,0.0,0.0
2014-11-13,0.0,0.9663653346724225,0.0,0.0,0.0
2014-11-14,0.0,0.9663653346724225,0.0,0.0,0.0
2014-11-17,0.0,0.9663653346724225,0.0,0.0,0.0
2014-11-18,0.0,0.9663653346724225,0.0,0.0,0.0
2014-11-19,0.0,0.9663653346724225,0.0,0.0,0.0
2014-11-20,0.0,0.9663653346724225,0.0,0.0,0.0
2014-11-21,0.0,0.9663653346724225,0.0,0.0,0.0
2014-11-24,0.0,0.9663653346724225,0.0,0.0,0.0
2014-11-25,0.0,0.9663653346724225,0.0,0.0,0.0
2014-11-26,0.0,0.9663653346724225,0.0,0.0,0.0
2014-11-28,0.0,0.9663653346724225,0.0,0.0,0.0
2014-12-01,0.0,0.9663653346724225,0.0,0.0,0.0
2014-12-02,0.0,0.9663653346724225,0.0,0.0,0.0
2014-12-03,0.0,0.9663653346724225,0.0,0.0,0.0
2014-12-04,0.0,0.9663653346724225,0.0,0.0,0.0
2014-12-05,0.0,0.9663653346724225,0.0,0.0,0.0
2014-12-08,0.0,0.9663653346724225,0.0,0.0,0.0
2014-12-09,0.0,0.9663653346724225,0.0,0.0,0.0
2014-12-10,0.0,0.9663653346724225,0.0,0.0,0.0
2014-12-11,0.0,0.9663653346724225,0.0,0.0,0.0
2014-12-12,0.0,0.9663653346724225,0.0,0.0,0.0
2014-12-15,0.0,0.9663653346724225,0.0,0.0,0.0
2014-12-16,0.0,0.9663653346724225,0.0,0.0,0.0
2014-12-17,0.0,0.9663653346724225,0.0,0.0,0.0
2014-12-18,0.0,0.9663653346724225,0.0,0.0,0.0
2014-12-19,0.0,0.9663653346724225,0.0,0.0,0.0
2014-12-22,0.0,0.9663653346724225,0.0,0.0,0.0
2014-12-23,0.0,0.9663653346724225,0.0,0.0,0.0
2014-12-24,0.0,0.9663653346724225,0.0,0.0,0.0
2014-12-26,0.0,0.9663653346724225,0.0,0.0,0.0
2014-12-29,0.0,0.9663653346724225,0.0,0.0,0.0
2014-12-30,0.0,0.9663653346724225,0.0,0.0,0.0
2014-12-31,0.0,0.9663653346724225,0.0,0.0,0.0
2015-01-02,0.0,0.9663653346724225,0.0,0.0,0.0
2015-01-05,0.0,0.9663653346724225,0.0,0.0,0.0
2015-01-06,0.0,0.9663653346724225,0.0,0.0,0.0
2015-01-07,0.0,0.9663653346724225,0.0,0.0,0.0
2015-01-08,0.0,0.9663653346724225,0.0,0.0,0.0
2015-01-09,0.0,0.9663653346724225,0.0,0.0,0.0
2015-01-12,0.0,0.9663653346724225,0.0,0.0,0.0
2015-01-13,0.0,0.9663653346724225,0.0,0.0,0.0
2015-01-14,0.0,0.9663653346724225,0.0,0.0,0.0
2015-01-15,0.0,0.9663653346724225,0.0,0.0,0.0
2015-01-16,0.0,0.9663653346724225,0.0,0.0,0.0
2015-01-20,0.0,0.9663653346724225,0.0,0.0,0.0
2015-01-21,0.0,0.9663653346724225,0.0,0.0,0.0
2015-01-22,0.0,0.9663653346724225,0.0,0.0,0.0
2015-01-23,0.0,0.9663653346724225,0.0,0.0,0.0
2015-01-26,0.0,0.9663653346724225,0.0,0.0,0.0
2015-01-27,0.0,0.9663653346724225,0.0,0.0,0.0
2015-01-28,0.0,0.9663653346724225,0.0,0.0,0.0
2015-01-29,0.0,0.9663653346724225,0.0,0.0,0.0
2015-01-30,0.0,0.9663653346724225,0.0,0.0,0.0
2015-02-02,0.0,0.9663653346724225,0.0,0.0,0.0
2015-02-03,0.0,0.9663653346724225,0.0,0.0,0.0
2015-02-04,0.0,0.9663653346724225,0.0,0.0,0.0
2015-02-05,0.0,0.9663653346724225,0.0,0.0,0.0
2015-02-06,0.0,0.9663653346724225,0.0,0.0,0.0
2015-02-09,0.0,0.9663653346724225,0.0,0.0,0.0
2015-02-10,0.0,0.9663653346724225,0.0,0.0,0.0
2015-02-11,0.0,0.9663653346724225,0.0,0.0,0.0
2015-02-12,0.0,0.9663653346724225,0.0,0.0,0.0
2015-02-13,0.0,0.9663653346724225,0.0,0.0,0.0
2015-02-17,0.0,0.9663653346724225,0.0,0.0,0.0
2015-02-18,0.0,0.9663653346724225,0.0,0.0,0.0
2015-02-19,0.0,0.9663653346724225,0.0,0.0,0.0
2015-02-20,0.0,0.9663653346724225,0.0,0.0,0.0
2015-02-23,0.0,0.9663653346724225,0.0,0.0,0.0
2015-02-24,0.0,0.9663653346724225,0.0,0.0,0.0
2015-02-25,0.0,0.9663653346724225,0.0,0.0,0.0
2015-02-26,0.0,0.9663653346724225,0.0,0.0,0.0
2015-02-27,0.0,0.9663653346724225,0.0,0.0,0.0
2015-03-02,0.0,0.9663653346724225,0.0,0.0,0.0
2015-03-03,0.0,0.9663653346724225,0.0,0.0,0.0
2015-03-04,0.0,0.9663653346724225,0.0,0.0,0.0
2015-03-05,0.0,0.9663653346724225,0.0,0.0,0.0
2015-03-06,0.0,0.9663653346724225,0.0,0.0,0.0
2015-03-09,0.0,0.9663653346724225,0.0,0.0,0.0
2015-03-10,0.0,0.9663653346724225,0.0,0.0,0.0
2015-03-11,0.0,0.9663653346724225,0.0,0.0,0.0
2015-03-12,0.0,0.9663653346724225,0.0,0.0,0.0
2015-03-13,0.0,0.9663653346724225,0.0,0.0,0.0
2015-03-16,0.0,0.9663653346724225,0.0,0.0,0.0
2015-03-17,0.0,0.9663653346724225,0.0,0.0,0.0
2015-03-18,0.0,0.9663653346724225,0.0,0.0,0.0
2015-03-19,0.0,0.9663653346724225,0.0,0.0,0.0
2015-03-20,0.0,0.9663653346724225,0.0,0.0,0.0
2015-03-23,0.0,0.9663653346724225,0.0,0.0,0.0
2015-03-24,0.0,0.9663653346724225,0.0,0.0,0.0
2015-03-25,0.0,0.9663653346724225,0.0,0.0,0.0
2015-03-26,0.0,0.9663653346724225,0.0,0.0,0.0
2015-03-27,0.0,0.9663653346724225,0.0,0.0,0.0
2015-03-30,0.0,0.9663653346724225,0.0,0.0,0.0
2015-03-31,0.0,0.9663653346724225,0.0,0.0,0.0
2015-04-01,0.0,0.9663653346724225,0.0,0.0,0.0
2015-04-02,0.0,0.9663653346724225,0.0,0.0,0.0
2015-04-06,0.0,0.9663653346724225,0.0,0.0,0.0
2015-04-07,0.0,0.9663653346724225,0.0,0.0,0.0
2015-04-08,0.0,0.9663653346724225,0.0,0.0,0.0
2015-04-09,0.0,0.9663653346724225,0.0,0.0,0.0
2015-04-10,0.0,0.9663653346724225,0.0,0.0,0.0
2015-04-13,0.0,0.9663653346724225,0.0,0.0,0.0
2015-04-14,0.0,0.9663653346724225,0.0,0.0,0.0
2015-04-15,0.0,0.9663653346724225,0.0,0.0,0.0
2015-04-16,0.0,0.9663653346724225,0.0,0.0,0.0
2015-04-17,0.0,0.9663653346724225,0.0,0.0,0.0
2015-04-20,0.0,0.9663653346724225,0.0,0.0,0.0
2015-04-21,0.0,0.9663653346724225,0.0,0.0,0.0
2015-04-22,0.0,0.9663653346724225,0.0,0.0,0.0
2015-04-23,0.0,0.9663653346724225,0.0,0.0,0.0
2015-04-24,0.0,0.9663653346724225,0.0,0.0,0.0
2015-04-27,0.0,0.9663653346724225,0.0,0.0,0.0
2015-04-28,0.0,0.9663653346724225,0.0,0.0,0.0
2015-04-29,0.0,0.9663653346724225,0.0,0.0,0.0
2015-04-30,0.0,0.9663653346724225,0.0,0.0,0.0
2015-05-01,0.0,0.9663653346724225,0.0,0.0,0.0
2015-05-04,0.0,0.9663653346724225,0.0,0.0,0.0
2015-05-05,0.0,0.9663653346724225,0.0,0.0,0.0
2015-05-06,0.0,0.9663653346724225,0.0,0.0,0.0
2015-05-07,0.0,0.9663653346724225,0.0,0.0,0.0
2015-05-08,0.0,0.9663653346724225,0.0,0.0,0.0
2015-05-11,0.0,0.9663653346724225,0.0,0.0,0.0
2015-05-12,0.0,0.9663653346724225,0.0,0.0,0.0
2015-05-13,0.0,0.9663653346724225,0.0,0.0,0.0
2015-05-14,0.0,0.9663653346724225,0.0,0.0,0.0
2015-05-15,0.0,0.9663653346724225,0.0,0.0,0.0
2015-05-18,0.0,0.9663653346724225,0.0,0.0,0.0
2015-05-19,0.0,0.9663653346724225,0.0,0.0,0.0
2015-05-20,0.0,0.9663653346724225,0.0,0.0,0.0
2015-05-21,0.0,0.9663653346724225,0.0,0.0,0.0
2015-05-22,0.0,0.9663653346724225,0.0,0.0,0.0
2015-05-26,0.0,0.9663653346724225,0.0,0.0,0.0
2015-05-27,0.0,0.9663653346724225,0.0,0.0,0.0
2015-05-28,0.0,0.9663653346724225,0.0,0.0,0.0
2015-05-29,0.0,0.9663653346724225,0.0,0.0,0.0
2015-06-01,0.0,0.9663653346724225,0.0,0.0,0.0
2015-06-02,0.0,0.9663653346724225,0.0,0.0,0.0
2015-06-03,0.0,0.9663653346724225,0.0,0.0,0.0
2015-06-04,0.0,0.9663653346724225,0.0,0.0,0.0
2015-06-05,0.0,0.9663653346724225,0.0,0.0,0.0
2015-06-08,0.0,0.9663653346724225,0.0,0.0,0.0
2015-06-09,0.0,0.9663653346724225,0.0,0.0,0.0
2015-06-10,0.0,0.9663653346724225,0.0,0.0,0.0
2015-06-11,0.0,0.9663653346724225,0.0,0.0,0.0
2015-06-12,0.0,0.9663653346724225,0.0,0.0,0.0
2015-06-15,0.0,0.9663653346724225,0.0,0.0,0.0
2015-06-16,0.0,0.9663653346724225,0.0,0.0,0.0
2015-06-17,0.0,0.9663653346724225,0.0,0.0,0.0
2015-06-18,0.0,0.9663653346724225,0.0,0.0,0.0
2015-06-19,0.0,0.9663653346724225,0.0,0.0,0.0
2015-06-22,0.0,0.9663653346724225,0.0,0.0,0.0
2015-06-23,0.0,0.9663653346724225,0.0,0.0,0.0
2015-06-24,0.0,0.9663653346724225,0.0,0.0,0.0
2015-06-25,0.0,0.9663653346724225,0.0,0.0,0.0
2015-06-26,0.0,0.9663653346724225,0.0,0.0,0.0
2015-06-29,0.0,0.9663653346724225,0.0,0.0,0.0
2015-06-30,0.0,0.9663653346724225,0.0,0.0,0.0
2015-07-01,0.0,0.9663653346724225,0.0,0.0,0.0
2015-07-02,0.0,0.9663653346724225,0.0,0.0,0.0
2015-07-06,0.0,0.9663653346724225,0.0,0.0,0.0
2015-07-07,0.0,0.9663653346724225,0.0,0.0,0.0
2015-07-08,0.0,0.9663653346724225,0.0,0.0,0.0
2015-07-09,0.0,0.9663653346724225,0.0,0.0,0.0
2015-07-10,0.0,0.9663653346724225,0.0,0.0,0.0
2015-07-13,0.0,0.9663653346724225,0.0,0.0,0.0
2015-07-14,0.0,0.9663653346724225,0.0,0.0,0.0
2015-07-15,0.0,0.9663653346724225,0.0,0.0,0.0
2015-07-16,0.0,0.9663653346724225,0.0,0.0,0.0
2015-07-17,0.0,0.9663653346724225,0.0,0.0,0.0
2015-07-20,-0.0015317291312858528,0.9648851247378399,1.001129052193487,0.9995002498750624,4.87820730840161e-05
2015-07-21,-0.00213085246693856,0.96282909688948,1.0006752346396155,0.0,4.885565762576546e-05
2015-07-22,0.0035480252828603565,0.9662452388683176,0.9914445183479119,0.0,4.818454276582905e-05
2015-07-23,-0.0018399093942528255,0.9644674351761717,0.9884511127928,0.0,4.802389778870071e-05
2015-07-24,-0.0021454134863351237,0.9623982537336138,0.9805320625811311,0.0,4.773026369065259e-05
2015-07-27,-9.735396968169052e-05,0.9623045604431981,0.9739348742661545,0.0,4.7382278793434615e-05
2015-07-28,0.003599467132252565,0.9657683440797302,0.9809109259081551,0.0,4.771449072285005e-05
2015-07-29,0.00243942120182572,0.9681242598543305,0.9840191178932549,0.0,4.779291296249132e-05
2015-07-30,-0.001811622929282941,0.9663703837467833,0.9878490086277625,0.0,4.79180021805183e-05
2015-07-31,-0.00046837238720132124,0.9659177625432271,0.9869559434489705,0.0,4.789353769238674e-05
2015-08-03,-0.0007598253794358634,0.9651838337127989,0.9844744483265475,0.0,4.7794351562501635e-05
2015-08-04,-0.0004306569434303631,0.9647681705931238,0.9830027808755015,0.0,4.773527378205032e-05
2015-08-05,-0.0012276443003074178,0.9635837784473772,0.9892318052475899,0.0,4.8085578031298497e-05
2015-08-06,0.0016568608708882326,0.9651803027057093,0.9763384629688628,0.0,4.739579249930142e-05
2015-08-07,-0.0006547203209454899,0.9645483795481515,0.9753619811165025,0.0,4.724836226888004e-05
2015-08-10,0.0026968001875715686,0.9671495737990388,0.9845282128670755,0.0,4.778439303662759e-05
2015-08-11,-0.0001777684282933123,0.96697764513938,0.9742972552589054,0.0,4.720975165996947e-05
2015-08-12,-0.0007193228655267836,0.966282076008778,0.977058393360157,0.0,4.734680062334368e-05
2015-08-13,-0.00012123489145954292,0.9661649289061738,0.9758081871474333,0.0,4.72718705019201e-05
2015-08-14,0.001450365944270171,0.9675662216156076,0.9771114073056756,0.0,4.729274519208638e-05
2015-08-17,-0.0014849215771334245,0.9661294616558251,0.0,0.9751475182498606,0.0
2015-08-18,0.0,0.9661294616558251,0.0,0.0,0.0
2015-08-19,0.0,0.9661294616558251,0.0,0.0,0.0
2015-08-20,0.0,0.9661294616558251,0.0,0.0,0.0
2015-08-21,-0.0003224728690848222,0.9658179111164176,0.9762570005232367,0.9995002498750626,4.572598218118047e-05
2015-08-24,-0.010189288706040855,0.9559769135825871,0.9461853654360658,0.0,4.3993482416455074e-05
2015-08-25,-0.005383688269501863,0.9508302318870179,0.9431180465792222,0.0,4.4079439149909934e-05
2015-08-26,0.002981712799118297,0.9536653345592241,0.9808776031556308,0.0,4.6576015213402996e-05
2015-08-27,0.004612164325837442,0.9580637957940659,1.0007577470756537,0.0,4.7689301388333565e-05
2015-08-28,5.811390603516209e-05,0.9581194726234703,1.000654103366284,0.0,4.7570640278411826e-05
2015-08-31,5.105673569438807e-05,0.9581683910761476,0.9907918561862955,0.0,4.7029306088066046e-05
2015-09-01,-0.00551329266248779,0.9528857283161998,0.9659902462926095,0.0,4.567579133252896e-05
2015-09-02,0.00015514141122086045,0.953033560352823,0.9877168879973562,0.0,4.69614766849252e-05
2015-09-03,0.002317135415150995,0.955241868167344,0.9839222984125335,0.0,4.6754802163901506e-05
2015-09-04,-0.00433609173358207,0.9510998517992121,0.9745254565034924,0.0,4.626747141983642e-05
2015-09-08,0.003687214044644449,0.9546067605306254,0.9965331049920912,0.0,4.7517172935917633e-05
2015-09-09,-0.0035605181898068494,0.9512078657956435,0.9875763320052579,0.0,4.6890097992431525e-05
2015-09-10,-0.001131840402354145,0.950131250302099,0.9962297452153223,0.0,4.7629454258425554e-05
2015-09-11,0.0004471360967552851,0.9505560882807642,1.0007021492810593,0.0,4.7916067706682966e-05
2015-09-14,-0.0010470512595505133,0.9495608073312565,0.998307856027775,0.0,4.780912875258109e-05
2015-09-15,0.0026764817488240666,0.9521022895014771,1.0078003863534668,0.0,4.833990997480492e-05
2015-09-16,0.0028891895721758765,0.9548530935079497,1.0123805623512188,0.0,4.847549403107056e-05
2015-09-17,-0.0015623645333844305,0.9533612649000605,1.0127524902388492,0.0,4.840629339761589e-05
2015-09-18,-0.004151143321556194,0.9494037256522402,1.0012214925396699,0.0,4.792605264956839e-05
2015-09-21,0.00030717633453569704,0.9496953600086806,0.0,1.0056554977233296,0.0
2015-09-22,-0.0006102254649452687,0.949115831716063,1.0003578554386614,0.9995002498750626,4.7969695012989856e-05
2015-09-23,-0.0013124005933076166,0.9478702115354012,1.0010269911816128,0.0,4.80583854684632e-05
2015-09-24,-0.0007329269579205988,0.947175491904757,0.9981262824851981,0.0,4.7950154437626194e-05
2015-09-25,0.0032134453632270965,0.9502191885973806,0.9913707742370623,0.0,4.7501703231354284e-05
2015-09-28,-0.0035989988527813654,0.9467993508277278,0.96863399005145,0.0,4.612370475352477e-05
2015-09-29,0.0023127851790283316,0.9489890943338358,0.964723469253394,0.0,4.598408993200356e-05
2015-09-30,0.001893059758685034,0.9507855873997502,0.982544797150369,0.0,4.6859350696558775e-05
2015-10-01,-0.0002884270096726871,0.9505113551559365,0.9861449271660656,0.0,4.701706403546993e-05
2015-10-02,0.0018548801252553648,0.9522744397774447,1.0000379412048002,0.0,4.797177213338859e-05
2015-10-05,0.004850282868624101,0.9568932401789259,1.0115342394575941,0.0,4.841013029311685e-05
2015-10-06,-0.00020424906723337521,0.9566977956271774,1.007742206184258,0.0,4.7997833151180094e-05
2015-10-07,0.0024805178571893904,0.9590709015931643,1.0126006061422435,0.0,4.827716707368996e-05
2015-10-08,0.0038276150615721427,0.962741855821218,1.0158083345902924,0.0,4.838420782348435e-05
2015-10-09,-0.001516720373242575,0.9612816456343205,1.0195516662566249,0.0,4.840846487611835e-05
2015-10-12,-0.0004653554459004283,0.9608343079854804,1.0215990838179605,0.0,4.8640052718293335e-05
2015-10-13,-0.0012717581176016068,0.9596123591546297,1.016388342077483,0.0,4.8339622154032366e-05
2015-10-14,-0.0023211687341911924,0.9573849369496166,1.0151693963506123,0.0,4.831881571742991e-05
2015-10-15,0.0026118809945034904,0.9598855124708592,1.0285062779526735,0.0,4.917131355659852e-05
2015-10-16,0.0010287175348937527,0.9608729635290285,1.0319693519965927,0.0,4.9264609089555656e-05
2015-10-19,-0.0021171047283882194,0.9588386948345609,1.0368408183821167,0.0,4.96145677157505e-05
2015-10-20,-0.0013742478481169051,0.9575210128214933,0.0,1.0354142120109053,0.0
2015-10-21,0.0,0.9575210128214933,0.0,0.0,0.0
2015-10-22,0.0,0.9575210128214933,0.0,0.0,0.0
2015-10-23,0.0,0.9575210128214933,0.0,0.0,0.0
2015-10-26,0.0,0.9575210128214933,0.0,0.0,0.0
2015-10-27,0.0,0.9575210128214933,0.0,0.0,0.0
2015-10-28,0.0,0.9575210128214933,0.0,0.0,0.0
2015-10-29,0.0,0.9575210128214933,0.0,0.0,0.0
2015-10-30,0.0,0.9575210128214933,0.0,0.0,0.0
2015-11-02,0.0,0.9575210128214933,0.0,0.0,0.0
2015-11-03,0.0,0.9575210128214933,0.0,0.0,0.0
2015-11-04,0.0,0.9575210128214933,0.0,0.0,0.0
2015-11-05,0.0,0.9575210128214933,0.0,0.0,0.0
2015-11-06,0.0,0.9575210128214933,0.0,0.0,0.0
2015-11-09,0.0,0.9575210128214933,0.0,0.0,0.0
2015-11-10,0.0,0.9575210128214933,0.0,0.0,0.0
2015-11-11,0.0,0.9575210128214933,0.0,0.0,0.0
2015-11-12,0.0,0.9575210128214933,0.0,0.0,0.0
2015-11-13,0.0,0.9575210128214933,0.0,0.0,0.0
2015-11-16,0.0,0.9575210128214933,0.0,0.0,0.0
2015-11-17,0.0,0.9575210128214933,0.0,0.0,0.0
2015-11-18,0.0,0.9575210128214933,0.0,0.0,0.0
2015-11-19,0.0,0.9575210128214933,0.0,0.0,0.0
2015-11-20,0.0,0.9575210128214933,0.0,0.0,0.0
2015-11-23,0.0,0.9575210128214933,0.0,0.0,0.0
2015-11-24,0.0,0.9575210128214933,0.0,0.0,0.0
2015-11-25,0.0,0.9575210128214933,0.0,0.0,0.0
2015-11-27,0.0,0.9575210128214933,0.0,0.0,0.0
2015-11-30,0.0,0.9575210128214933,0.0,0.0,0.0
2015-12-01,0.0,0.9575210128214933,0.0,0.0,0.0
2015-12-02,0.0,0.9575210128214933,0.0,0.0,0.0
2015-12-03,0.0,0.9575210128214933,0.0,0.0,0.0
2015-12-04,0.0,0.9575210128214933,0.0,0.0,0.0
2015-12-07,0.0,0.9575210128214933,0.0,0.0,0.0
2015-12-08,0.0,0.9575210128214933,0.0,0.0,0.0
2015-12-09,0.0,0.9575210128214933,0.0,0.0,0.0
2015-12-10,0.0,0.9575210128214933,0.0,0.0,0.0
2015-12-11,0.0,0.9575210128214933,0.0,0.0,0.0
2015-12-14,0.0,0.9575210128214933,0.0,0.0,0.0
2015-12-15,0.0,0.9575210128214933,0.0,0.0,0.0
2015-12-16,0.0,0.9575210128214933,0.0,0.0,0.0
2015-12-17,0.0,0.9575210128214933,0.0,0.0,0.0
2015-12-18,0.0,0.9575210128214933,0.0,0.0,0.0
2015-12-21,0.0,0.9575210128214933,0.0,0.0,0.0
2015-12-22,0.0,0.9575210128214933,0.0,0.0,0.0
2015-12-23,0.0,0.9575210128214933,0.0,0.0,0.0
2015-12-24,0.0,0.9575210128214933,0.0,0.0,0.0
2015-12-28,0.0,0.9575210128214933,0.0,0.0,0.0
2015-12-29,0.0,0.9575210128214933,0.0,0.0,0.0
2015-12-30,0.0,0.9575210128214933,0.0,0.0,0.0
2015-12-31,0.0,0.9575210128214933,0.0,0.0,0.0
2016-01-04,0.0,0.9575210128214933,0.0,0.0,0.0
2016-01-05,0.0,0.9575210128214933,0.0,0.0,0.0
2016-01-06,0.0,0.9575210128214933,0.0,0.0,0.0
2016-01-07,0.0,0.9575210128214933,0.0,0.0,0.0
2016-01-08,0.0,0.9575210128214933,0.0,0.0,0.0
2016-01-11,-0.002127904076162368,0.9554834999552992,0.9971932137899325,0.9995002498750625,4.203453057156818e-05
2016-01-12,0.001044418444411166,0.9564814245459831,1.0054378639044574,0.0,4.251344862377369e-05
2016-01-13,-0.00386681983530468,0.9527828832014482,0.9807396132578308,0.0,4.105143057672506e-05
2016-01-14,0.002988169637119009,0.9556299600837974,0.9955560969744442,0.0,4.209377741208291e-05
2016-01-15,-0.0028827778582375396,0.9528750911941994,0.9736144347149904,0.0,4.093716609354498e-05
2016-01-19,5.0183383999202746e-05,0.9529229096908041,0.9751530910044099,0.0,4.081108372534556e-05
2016-01-20,-0.007078690053802017,0.9461774637679357,0.9728934021767214,0.0,4.098337425381521e-05
2016-01-21,0.003133397419170736,0.9491422137909835,0.9737019532470211,0.0,4.110226544493252e-05
2016-01-22,0.0028999648618261986,0.9518946928598533,0.9937016692370674,0.0,4.2031465991262766e-05
2016-01-25,-0.004479709100570384,0.9476304815414643,0.9831822444346822,0.0,4.146328706004182e-05
2016-01-26,0.0054559569719396794,0.952800712674053,0.9895734152772941,0.0,4.1944081059052174e-05
2016-01-27,0.00174849691524126,0.9544666817810031,0.9721808657990967,0.0,4.072610215707828e-05
2016-01-28,-0.0015770459513910762,0.9529614439647627,0.9818360154742592,0.0,4.120813226146773e-05
2016-01-29,0.0081940750522842,0.9607700815585432,0.9963938024089234,0.0,4.202198175853509e-05
2016-02-01,-0.001219634005236725,0.9595982936958602,0.9983226636983864,0.0,4.202018325569659e-05
2016-02-02,-0.004046308251829722,0.9557154632016369,0.9830308089236051,0.0,4.1232633548344043e-05
2016-02-03,0.005437188789522596,0.9609118686041302,0.9798582543321903,0.0,4.0959181258773946e-05
2016-02-04,0.0009916805879315316,0.961864786250938,0.979851886474918,0.0,4.085331782836657e-05
2016-02-05,-0.00028879547828508656,0.961587004049947,0.9560927900376498,0.0,3.938614851980694e-05
2016-02-08,-0.0015581106884289264,0.9600887450610824,0.0,0.9436970831339438,0.0
2016-02-09,0.0,0.9600887450610824,0.0,0.0,0.0
2016-02-10,0.0,0.9600887450610824,0.0,0.0,0.0
2016-02-11,0.0,0.9600887450610824,0.0,0.0,0.0
2016-02-12,0.0,0.9600887450610824,0.0,0.0,0.0
2016-02-16,0.0,0.9600887450610824,0.0,0.0,0.0
2016-02-17,0.0,0.9600887450610824,0.0,0.0,0.0
2016-02-18,0.0,0.9600887450610824,0.0,0.0,0.0
2016-02-19,0.0,0.9600887450610824,0.0,0.0,0.0
2016-02-22,0.0,0.9600887450610824,0.0,0.0,0.0
2016-02-23,0.0,0.9600887450610824,0.0,0.0,0.0
2016-02-24,0.0,0.9600887450610824,0.0,0.0,0.0
2016-02-25,0.0,0.9600887450610824,0.0,0.0,0.0
2016-02-26,0.0,0.9600887450610824,0.0,0.0,0.0
2016-02-29,0.0,0.9600887450610824,0.0,0.0,0.0
2016-03-01,0.0,0.9600887450610824,0.0,0.0,0.0
2016-03-02,0.0,0.9600887450610824,0.0,0.0,0.0
2016-03-03,0.0,0.9600887450610824,0.0,0.0,0.0
2016-03-04,0.0,0.9600887450610824,0.0,0.0,0.0
2016-03-07,0.0,0.9600887450610824,0.0,0.0,0.0
2016-03-08,0.0,0.9600887450610824,0.0,0.0,0.0
2016-03-09,0.0,0.9600887450610824,0.0,0.0,0.0
2016-03-10,0.0,0.9600887450610824,0.0,0.0,0.0
2016-03-11,0.0,0.9600887450610824,0.0,0.0,0.0
2016-03-14,0.0,0.9600887450610824,0.0,0.0,0.0
2016-03-15,0.0,0.9600887450610824,0.0,0.0,0.0
2016-03-16,0.0,0.9600887450610824,0.0,0.0,0.0
2016-03-17,0.0,0.9600887450610824,0.0,0.0,0.0
2016-03-18,0.0,0.9600887450610824,0.0,0.0,0.0
2016-03-21,0.0,0.9600887450610824,0.0,0.0,0.0
2016-03-22,0.0,0.9600887450610824,0.0,0.0,0.0
2016-03-23,0.0,0.9600887450610824,0.0,0.0,0.0
2016-03-24,0.0,0.9600887450610824,0.0,0.0,0.0
2016-03-28,0.0,0.9600887450610824,0.0,0.0,0.0
2016-03-29,0.0,0.9600887450610824,0.0,0.0,0.0
2016-03-30,0.0,0.9600887450610824,0.0,0.0,0.0
2016-03-31,0.0,0.9600887450610824,0.0,0.0,0.0
2016-04-01,0.0,0.9600887450610824,0.0,0.0,0.0
2016-04-04,0.0,0.9600887450610824,0.0,0.0,0.0
2016-04-05,0.0,0.9600887450610824,0.0,0.0,0.0
2016-04-06,0.0,0.9600887450610824,0.0,0.0,0.0
2016-04-07,0.0,0.9600887450610824,0.0,0.0,0.0
2016-04-08,0.0,0.9600887450610824,0.0,0.0,0.0
2016-04-11,0.0,0.9600887450610824,0.0,0.0,0.0
2016-04-12,0.0,0.9600887450610824,0.0,0.0,0.0
2016-04-13,0.0,0.9600887450610824,0.0,0.0,0.0
2016-04-14,0.0,0.9600887450610824,0.0,0.0,0.0
2016-04-15,0.0,0.9600887450610824,0.0,0.0,0.0
2016-04-18,0.0,0.9600887450610824,0.0,0.0,0.0
2016-04-19,0.0,0.9600887450610824,0.0,0.0,0.0
2016-04-20,0.0,0.9600887450610824,0.0,0.0,0.0
2016-04-21,0.0,0.9600887450610824,0.0,0.0,0.0
2016-04-22,0.0,0.9600887450610824,0.0,0.0,0.0
2016-04-25,0.0,0.9600887450610824,0.0,0.0,0.0
2016-04-26,0.0,0.9600887450610824,0.0,0.0,0.0
2016-04-27,0.0,0.9600887450610824,0.0,0.0,0.0
2016-04-28,-0.0038188104995607874,0.9564223480809331,0.9947111590190998,0.9995002498750627,6.521083508637481e-05
2016-04-29,0.0005596260365556827,0.9569575869288629,0.9888449238751312,0.0,6.498165742444581e-05
2016-05-02,-0.00022707218354045544,0.9567402884800433,0.9975989958841384,0.0,6.561663243343623e-05
2016-05-03,0.0005888840068066781,0.9573036975345969,0.9880789494207094,0.0,6.498907156976415e-05
2016-05-04,0.00013730950410884013,0.9574351444305869,0.9820552326051457,0.0,6.460402442459773e-05
2016-05-05,-8.423700267345957e-05,0.9573544929637658,0.9819065336625689,0.0,6.460125898724178e-05
2016-05-06,0.00029074659603423036,0.9576328405237932,0.9859475539307168,0.0,6.483643247368993e-05
2016-05-09,0.0007391121964830383,0.958340638635977,0.9869222672516391,0.0,6.48579615758679e-05
2016-05-10,-0.0007806553310104603,0.9575925049075018,1.0005323084520117,0.0,6.568463889620611e-05
2016-05-11,0.0010421773658149114,0.9585904861417904,0.990282592266655,0.0,6.503193393791224e-05
2016-05-12,-0.002186512377769456,0.9564945161786294,0.9906448923907778,0.0,6.510059961975471e-05
2016-05-13,0.003074125576661757,0.9594349004347509,0.9812254349221307,0.0,6.4571505267636e-05
2016-05-16,0.00010494325727594678,0.9595355866583468,0.9919661045585135,0.0,6.503545972255488e-05
2016-05-17,-0.0005557600754763081,0.9590023150882834,0.9818223145115539,0.0,6.440037459497084e-05
2016-05-18,0.0013631075543769633,0.9603095383886453,0.9822283251619935,0.0,6.448007128464285e-05
2016-05-19,-0.0004824669423248995,0.9598462207819735,0.9785332430926725,0.0,6.414011869441404e-05
2016-05-20,0.0013661876342547785,0.9611575508195919,0.9854319618802772,0.0,6.462070224834411e-05
2016-05-23,9.085168750955219e-05,0.9612448736050463,0.9840210026880166,0.0,6.44061696547349e-05
2016-05-24,0.0017900685535960914,0.9629655678255922,0.9981200080391613,0.0,6.526911315251398e-05
2016-05-25,-0.0005351010436747128,0.9624502839452259,1.0056127220735696,0.0,6.56158943808032e-05
2016-05-26,-0.00046720189537696744,0.9620006253483606,0.0,1.0064554888434587,0.0
2016-05-27,0.0,0.9620006253483606,0.0,0.0,0.0
2016-05-31,0.0,0.9620006253483606,0.0,0.0,0.0
2016-06-01,0.0,0.9620006253483606,0.0,0.0,0.0
2016-06-02,0.0,0.9620006253483606,0.0,0.0,0.0
2016-06-03,0.0,0.9620006253483606,0.0,0.0,0.0
2016-06-06,0.0,0.9620006253483606,0.0,0.0,0.0
2016-06-07,0.0,0.9620006253483606,0.0,0.0,0.0
2016-06-08,0.0,0.9620006253483606,0.0,0.0,0.0
2016-06-09,0.0,0.9620006253483606,0.0,0.0,0.0
2016-06-10,0.0,0.9620006253483606,0.0,0.0,0.0
2016-06-13,0.0,0.9620006253483606,0.0,0.0,0.0
2016-06-14,0.0,0.9620006253483606,0.0,0.0,0.0
2016-06-15,0.0,0.9620006253483606,0.0,0.0,0.0
2016-06-16,0.0,0.9620006253483606,0.0,0.0,0.0
2016-06-17,0.0,0.9620006253483606,0.0,0.0,0.0
2016-06-20,0.0,0.9620006253483606,0.0,0.0,0.0
2016-06-21,0.0,0.9620006253483606,0.0,0.0,0.0
2016-06-22,0.0,0.9620006253483606,0.0,0.0,0.0
2016-06-23,0.0,0.9620006253483606,0.0,0.0,0.0
2016-06-24,-0.002095888440870719,0.9599843793575826,0.9979397874296179,0.9995002498750625,6.581453763125198e-05
2016-06-27,0.001045895742207481,0.9609884229325385,0.9781829365520417,0.0,6.467062930891087e-05
2016-06-28,-0.0003435637108097911,0.9606582621839106,0.9978538368729079,0.0,6.589158830941057e-05
2016-06-29,-0.0016224490251849355,0.9590996431228944,1.0167980453782925,0.0,6.708123209760222e-05
2016-06-30,-0.0025212569675029384,0.9566815064651413,1.032335245433611,0.0,6.809033127194291e-05
2016-07-01,0.0010345291010742663,0.957671221324039,1.0347747837156533,0.0,6.837026137668695e-05
2016-07-05,0.0012418696870311052,0.9588605241839434,1.0265578095615002,0.0,6.777903562617854e-05
2016-07-06,0.00027110449305722817,0.9591204755802649,1.0334391435112744,0.0,6.815606860797884e-05
2016-07-07,0.0016499206721103388,0.9607029482799692,1.032744025151515,0.0,6.806515864458245e-05
2016-07-08,-0.0014212284741211834,0.9593375698947015,1.0498805722373632,0.0,6.907032677162919e-05
2016-07-11,0.0005685134566790762,0.9598829662126844,1.0540103804495602,0.0,6.928928415969578e-05
2016-07-12,-0.001911117203836965,0.9580485173622854,1.062651033864943,0.0,6.977304228436057e-05
2016-07-13,-0.0011398059788289006,0.9569565279341876,1.0626285899187298,0.0,6.989997914264696e-05
2016-07-14,-0.00010625032951483426,0.9568548509877632,1.0692690290209366,0.0,7.041677021325186e-05
2016-07-15,-4.578079571349036e-05,0.9568110454113027,1.0677559447937535,0.0,7.031618892052482e-05
2016-07-18,0.0015037169148122143,0.9582498183645669,1.0708922666867011,0.0,7.04653256501837e-05
2016-07-19,-0.0012180194792026366,0.9570826514198565,1.0698464051741772,0.0,7.030497453001563e-05
2016-07-20,0.0030620550023678916,0.9600132911403162,1.0746096348625296,0.0,7.04771788959885e-05
2016-07-21,0.0010579434494133455,0.9610289309130278,1.0701359324404947,0.0,7.013027653200097e-05
2016-07-22,-0.0007130384549519642,0.9603436803289654,1.0755424654250243,0.0,7.042212227518082e-05
2016-07-25,-0.0002660915583374557,0.9600881409825271,0.0,1.0742141026001595,0.0
2016-07-26,0.0,0.9600881409825271,0.0,0.0,0.0
2016-07-27,0.0,0.9600881409825271,0.0,0.0,0.0
2016-07-28,0.0,0.9600881409825271,0.0,0.0,0.0
2016-07-29,0.0,0.9600881409825271,0.0,0.0,0.0
2016-08-01,0.0,0.9600881409825271,0.0,0.0,0.0
2016-08-02,0.0,0.9600881409825271,0.0,0.0,0.0
2016-08-03,0.0,0.9600881409825271,0.0,0.0,0.0
2016-08-04,0.0,0.9600881409825271,0.0,0.0,0.0
2016-08-05,0.0,0.9600881409825271,0.0,0.0,0.0
2016-08-08,0.0,0.9600881409825271,0.0,0.0,0.0
2016-08-09,0.0,0.9600881409825271,0.0,0.0,0.0
2016-08-10,0.0,0.9600881409825271,0.0,0.0,0.0
2016-08-11,0.0,0.9600881409825271,0.0,0.0,0.0
2016-08-12,0.0,0.9600881409825271,0.0,0.0,0.0
2016-08-15,0.0,0.9600881409825271,0.0,0.0,0.0
2016-08-16,0.0,0.9600881409825271,0.0,0.0,0.0
2016-08-17,0.0,0.9600881409825271,0.0,0.0,0.0
2016-08-18,0.0,0.9600881409825271,0.0,0.0,0.0
2016-08-19,0.0,0.9600881409825271,0.0,0.0,0.0
2016-08-22,0.0,0.9600881409825271,0.0,0.0,0.0
2016-08-23,0.0,0.9600881409825271,0.0,0.0,0.0
2016-08-24,0.0,0.9600881409825271,0.0,0.0,0.0
2016-08-25,0.0,0.9600881409825271,0.0,0.0,0.0
2016-08-26,0.0,0.9600881409825271,0.0,0.0,0.0
2016-08-29,0.0,0.9600881409825271,0.0,0.0,0.0
2016-08-30,0.0,0.9600881409825271,0.0,0.0,0.0
2016-08-31,0.0,0.9600881409825271,0.0,0.0,0.0
2016-09-01,0.0,0.9600881409825271,0.0,0.0,0.0
2016-09-02,0.0,0.9600881409825271,0.0,0.0,0.0
2016-09-06,0.0,0.9600881409825271,0.0,0.0,0.0
2016-09-07,0.0,0.9600881409825271,0.0,0.0,0.0
2016-09-08,0.0,0.9600881409825271,0.0,0.0,0.0
2016-09-09,0.0,0.9600881409825271,0.0,0.0,0.0
2016-09-12,0.0,0.9600881409825271,0.0,0.0,0.0
2016-09-13,0.0,0.9600881409825271,0.0,0.0,0.0
2016-09-14,0.0,0.9600881409825271,0.0,0.0,0.0
2016-09-15,0.0,0.9600881409825271,0.0,0.0,0.0
2016-09-16,0.0,0.9600881409825271,0.0,0.0,0.0
2016-09-19,0.0,0.9600881409825271,0.0,0.0,0.0
2016-09-20,0.0,0.9600881409825271,0.0,0.0,0.0
2016-09-21,0.0,0.9600881409825271,0.0,0.0,0.0
2016-09-22,0.0,0.9600881409825271,0.0,0.0,0.0
2016-09-23,0.0,0.9600881409825271,0.0,0.0,0.0
2016-09-26,0.0,0.9600881409825271,0.0,0.0,0.0
2016-09-27,0.0,0.9600881409825271,0.0,0.0,0.0
2016-09-28,0.0,0.9600881409825271,0.0,0.0,0.0
2016-09-29,0.0,0.9600881409825271,0.0,0.0,0.0
2016-09-30,0.0,0.9600881409825271,0.0,0.0,0.0
2016-10-03,0.0,0.9600881409825271,0.0,0.0,0.0
2016-10-04,0.0,0.9600881409825271,0.0,0.0,0.0
2016-10-05,0.0,0.9600881409825271,0.0,0.0,0.0
2016-10-06,0.0,0.9600881409825271,0.0,0.0,0.0
2016-10-07,0.0,0.9600881409825271,0.0,0.0,0.0
2016-10-10,0.0,0.9600881409825271,0.0,0.0,0.0
2016-10-11,0.0,0.9600881409825271,0.0,0.0,0.0
2016-10-12,0.0,0.9600881409825271,0.0,0.0,0.0
2016-10-13,0.0,0.9600881409825271,0.0,0.0,0.0
2016-10-14,0.0,0.9600881409825271,0.0,0.0,0.0
2016-10-17,0.0,0.9600881409825271,0.0,0.0,0.0
2016-10-18,0.0,0.9600881409825271,0.0,0.0,0.0
2016-10-19,0.0,0.9600881409825271,0.0,0.0,0.0
2016-10-20,0.0,0.9600881409825271,0.0,0.0,0.0
2016-10-21,0.0,0.9600881409825271,0.0,0.0,0.0
2016-10-24,0.0,0.9600881409825271,0.0,0.0,0.0
2016-10-25,0.0,0.9600881409825271,0.0,0.0,0.0
2016-10-26,0.0,0.9600881409825271,0.0,0.0,0.0
2016-10-27,0.0,0.9600881409825271,0.0,0.0,0.0
2016-10-28,0.0,0.9600881409825271,0.0,0.0,0.0
2016-10-31,0.0,0.9600881409825271,0.0,0.0,0.0
2016-11-01,0.0,0.9600881409825271,0.0,0.0,0.0
2016-11-02,0.0,0.9600881409825271,0.0,0.0,0.0
2016-11-03,0.0,0.9600881409825271,0.0,0.0,0.0
2016-11-04,0.0,0.9600881409825271,0.0,0.0,0.0
2016-11-07,0.0,0.9600881409825271,0.0,0.0,0.0
2016-11-08,0.0,0.9600881409825271,0.0,0.0,0.0
2016-11-09,0.0,0.9600881409825271,0.0,0.0,0.0
2016-11-10,0.0,0.9600881409825271,0.0,0.0,0.0
2016-11-11,0.0,0.9600881409825271,0.0,0.0,0.0
2016-11-14,0.0,0.9600881409825271,0.0,0.0,0.0
2016-11-15,0.0,0.9600881409825271,0.0,0.0,0.0
2016-11-16,0.0,0.9600881409825271,0.0,0.0,0.0
2016-11-17,0.0,0.9600881409825271,0.0,0.0,0.0
2016-11-18,0.0,0.9600881409825271,0.0,0.0,0.0
2016-11-21,0.0,0.9600881409825271,0.0,0.0,0.0
2016-11-22,0.0,0.9600881409825271,0.0,0.0,0.0
2016-11-23,0.0,0.9600881409825271,0.0,0.0,0.0
2016-11-25,0.0,0.9600881409825271,0.0,0.0,0.0
2016-11-28,0.0,0.9600881409825271,0.0,0.0,0.0
2016-11-29,0.0,0.9600881409825271,0.0,0.0,0.0
2016-11-30,0.0,0.9600881409825271,0.0,0.0,0.0
2016-12-01,0.0,0.9600881409825271,0.0,0.0,0.0
2016-12-02,0.0,0.9600881409825271,0.0,0.0,0.0
2016-12-05,0.0,0.9600881409825271,0.0,0.0,0.0
2016-12-06,0.0,0.9600881409825271,0.0,0.0,0.0
2016-12-07,0.0,0.9600881409825271,0.0,0.0,0.0
2016-12-08,0.0,0.9600881409825271,0.0,0.0,0.0
2016-12-09,0.0,0.9600881409825271,0.0,0.0,0.0
2016-12-12,0.0,0.9600881409825271,0.0,0.0,0.0
2016-12-13,0.0,0.9600881409825271,0.0,0.0,0.0
2016-12-14,0.0,0.9600881409825271,0.0,0.0,0.0
2016-12-15,0.0,0.9600881409825271,0.0,0.0,0.0
2016-12-16,0.0,0.9600881409825271,0.0,0.0,0.0
2016-12-19,0.0,0.9600881409825271,0.0,0.0,0.0
2016-12-20,0.0,0.9600881409825271,0.0,0.0,0.0
2016-12-21,0.0,0.9600881409825271,0.0,0.0,0.0
2016-12-22,0.0,0.9600881409825271,0.0,0.0,0.0
2016-12-23,0.0,0.9600881409825271,0.0,0.0,0.0
2016-12-27,0.0,0.9600881409825271,0.0,0.0,0.0
2016-12-28,0.0,0.9600881409825271,0.0,0.0,0.0
2016-12-29,0.0,0.9600881409825271,0.0,0.0,0.0
2016-12-30,0.0,0.9600881409825271,0.0,0.0,0.0
2017-01-03,0.0,0.9600881409825271,0.0,0.0,0.0
2017-01-04,0.0,0.9600881409825271,0.0,0.0,0.0
2017-01-05,0.0,0.9600881409825271,0.0,0.0,0.0
2017-01-06,0.0,0.9600881409825271,0.0,0.0,0.0
2017-01-09,0.0,0.9600881409825271,0.0,0.0,0.0
2017-01-10,0.0,0.9600881409825271,0.0,0.0,0.0
2017-01-11,0.0,0.9600881409825271,0.0,0.0,0.0
2017-01-12,0.0,0.9600881409825271,0.0,0.0,0.0
2017-01-13,0.0,0.9600881409825271,0.0,0.0,0.0
2017-01-17,0.0,0.9600881409825271,0.0,0.0,0.0
2017-01-18,0.0,0.9600881409825271,0.0,0.0,0.0
2017-01-19,0.0,0.9600881409825271,0.0,0.0,0.0
2017-01-20,0.0,0.9600881409825271,0.0,0.0,0.0
2017-01-23,0.0,0.9600881409825271,0.0,0.0,0.0
2017-01-24,0.0,0.9600881409825271,0.0,0.0,0.0
2017-01-25,0.0,0.9600881409825271,0.0,0.0,0.0
2017-01-26,0.0,0.9600881409825271,0.0,0.0,0.0
2017-01-27,0.0,0.9600881409825271,0.0,0.0,0.0
2017-01-30,0.0,0.9600881409825271,0.0,0.0,0.0
2017-01-31,0.0,0.9600881409825271,0.0,0.0,0.0
2017-02-01,0.0,0.9600881409825271,0.0,0.0,0.0
2017-02-02,0.0,0.9600881409825271,0.0,0.0,0.0
2017-02-03,0.0,0.9600881409825271,0.0,0.0,0.0
2017-02-06,0.0,0.9600881409825271,0.0,0.0,0.0
2017-02-07,0.0,0.9600881409825271,0.0,0.0,0.0
2017-02-08,0.0,0.9600881409825271,0.0,0.0,0.0
2017-02-09,0.0,0.9600881409825271,0.0,0.0,0.0
2017-02-10,0.0,0.9600881409825271,0.0,0.0,0.0
2017-02-13,0.0,0.9600881409825271,0.0,0.0,0.0
2017-02-14,0.0,0.9600881409825271,0.0,0.0,0.0
2017-02-15,0.0,0.9600881409825271,0.0,0.0,0.0
2017-02-16,0.0,0.9600881409825271,0.0,0.0,0.0
2017-02-17,0.0,0.9600881409825271,0.0,0.0,0.0
2017-02-21,0.0,0.9600881409825271,0.0,0.0,0.0
2017-02-22,0.0,0.9600881409825271,0.0,0.0,0.0
2017-02-23,0.0,0.9600881409825271,0.0,0.0,0.0
2017-02-24,0.0,0.9600881409825271,0.0,0.0,0.0
2017-02-27,0.0,0.9600881409825271,0.0,0.0,0.0
2017-02-28,0.0,0.9600881409825271,0.0,0.0,0.0
2017-03-01,0.0,0.9600881409825271,0.0,0.0,0.0
2017-03-02,0.0,0.9600881409825271,0.0,0.0,0.0
2017-03-03,0.0,0.9600881409825271,0.0,0.0,0.0
2017-03-06,0.0,0.9600881409825271,0.0,0.0,0.0
2017-03-07,0.0,0.9600881409825271,0.0,0.0,0.0
2017-03-08,0.0,0.9600881409825271,0.0,0.0,0.0
2017-03-09,0.0,0.9600881409825271,0.0,0.0,0.0
2017-03-10,0.0,0.9600881409825271,0.0,0.0,0.0
2017-03-13,0.0,0.9600881409825271,0.0,0.0,0.0
2017-03-14,0.0,0.9600881409825271,0.0,0.0,0.0
2017-03-15,0.0,0.9600881409825271,0.0,0.0,0.0
2017-03-16,0.0,0.9600881409825271,0.0,0.0,0.0
2017-03-17,0.0,0.9600881409825271,0.0,0.0,0.0
2017-03-20,0.0,0.9600881409825271,0.0,0.0,0.0
2017-03-21,0.0,0.9600881409825271,0.0,0.0,0.0
2017-03-22,0.0,0.9600881409825271,0.0,0.0,0.0
2017-03-23,0.0,0.9600881409825271,0.0,0.0,0.0
2017-03-24,0.0,0.9600881409825271,0.0,0.0,0.0
2017-03-27,0.0,0.9600881409825271,0.0,0.0,0.0
2017-03-28,0.0,0.9600881409825271,0.0,0.0,0.0
2017-03-29,0.0,0.9600881409825271,0.0,0.0,0.0
2017-03-30,0.0,0.9600881409825271,0.0,0.0,0.0
2017-03-31,0.0,0.9600881409825271,0.0,0.0,0.0
2017-04-03,0.0,0.9600881409825271,0.0,0.0,0.0
2017-04-04,0.0,0.9600881409825271,0.0,0.0,0.0
2017-04-05,0.0,0.9600881409825271,0.0,0.0,0.0
2017-04-06,0.0,0.9600881409825271,0.0,0.0,0.0
2017-04-07,0.0,0.9600881409825271,0.0,0.0,0.0
2017-04-10,0.0,0.9600881409825271,0.0,0.0,0.0
2017-04-11,0.0,0.9600881409825271,0.0,0.0,0.0
2017-04-12,0.0,0.9600881409825271,0.0,0.0,0.0
2017-04-13,0.0,0.9600881409825271,0.0,0.0,0.0
2017-04-17,0.0,0.9600881409825271,0.0,0.0,0.0
2017-04-18,0.0,0.9600881409825271,0.0,0.0,0.0
2017-04-19,0.0,0.9600881409825271,0.0,0.0,0.0
2017-04-20,0.0,0.9600881409825271,0.0,0.0,0.0
2017-04-21,0.0,0.9600881409825271,0.0,0.0,0.0
2017-04-24,0.0,0.9600881409825271,0.0,0.0,0.0
2017-04-25,0.0,0.9600881409825271,0.0,0.0,0.0
2017-04-26,0.0,0.9600881409825271,0.0,0.0,0.0
2017-04-27,0.0,0.9600881409825271,0.0,0.0,0.0
2017-04-28,0.0,0.9600881409825271,0.0,0.0,0.0
2017-05-01,0.0,0.9600881409825271,0.0,0.0,0.0
2017-05-02,0.0,0.9600881409825271,0.0,0.0,0.0
2017-05-03,0.0,0.9600881409825271,0.0,0.0,0.0
2017-05-04,0.0,0.9600881409825271,0.0,0.0,0.0
2017-05-05,0.0,0.9600881409825271,0.0,0.0,0.0
2017-05-08,0.0,0.9600881409825271,0.0,0.0,0.0
2017-05-09,0.0,0.9600881409825271,0.0,0.0,0.0
2017-05-10,0.0,0.9600881409825271,0.0,0.0,0.0
2017-05-11,0.0,0.9600881409825271,0.0,0.0,0.0
2017-05-12,0.0,0.9600881409825271,0.0,0.0,0.0
2017-05-15,0.0,0.9600881409825271,0.0,0.0,0.0
2017-05-16,0.0,0.9600881409825271,0.0,0.0,0.0
2017-05-17,0.0,0.9600881409825271,0.0,0.0,0.0
2017-05-18,0.0,0.9600881409825271,0.0,0.0,0.0
2017-05-19,0.0,0.9600881409825271,0.0,0.0,0.0
2017-05-22,0.0,0.9600881409825271,0.0,0.0,0.0
2017-05-23,0.0,0.9600881409825271,0.0,0.0,0.0
2017-05-24,0.0,0.9600881409825271,0.0,0.0,0.0
2017-05-25,0.0,0.9600881409825271,0.0,0.0,0.0
2017-05-26,0.0,0.9600881409825271,0.0,0.0,0.0
2017-05-30,0.0,0.9600881409825271,0.0,0.0,0.0
2017-05-31,0.0,0.9600881409825271,0.0,0.0,0.0
2017-06-01,0.0,0.9600881409825271,0.0,0.0,0.0
2017-06-02,0.0,0.9600881409825271,0.0,0.0,0.0
2017-06-05,0.0,0.9600881409825271,0.0,0.0,0.0
2017-06-06,0.0,0.9600881409825271,0.0,0.0,0.0
2017-06-07,0.0,0.9600881409825271,0.0,0.0,0.0
2017-06-08,0.0,0.9600881409825271,0.0,0.0,0.0
2017-06-09,0.0,0.9600881409825271,0.0,0.0,0.0
2017-06-12,0.0,0.9600881409825271,0.0,0.0,0.0
2017-06-13,0.0,0.9600881409825271,0.0,0.0,0.0
2017-06-14,0.0,0.9600881409825271,0.0,0.0,0.0
2017-06-15,0.0,0.9600881409825271,0.0,0.0,0.0
2017-06-16,0.0,0.9600881409825271,0.0,0.0,0.0
2017-06-19,0.0,0.9600881409825271,0.0,0.0,0.0
2017-06-20,0.0,0.9600881409825271,0.0,0.0,0.0
2017-06-21,0.0,0.9600881409825271,0.0,0.0,0.0
2017-06-22,0.0,0.9600881409825271,0.0,0.0,0.0
2017-06-23,0.0,0.9600881409825271,0.0,0.0,0.0
2017-06-26,0.0,0.9600881409825271,0.0,0.0,0.0
2017-06-27,0.0,0.9600881409825271,0.0,0.0,0.0
2017-06-28,0.0,0.9600881409825271,0.0,0.0,0.0
2017-06-29,0.0,0.9600881409825271,0.0,0.0,0.0
2017-06-30,0.0,0.9600881409825271,0.0,0.0,0.0
2017-07-03,0.0,0.9600881409825271,0.0,0.0,0.0
2017-07-05,0.0,0.9600881409825271,0.0,0.0,0.0
2017-07-06,0.0,0.9600881409825271,0.0,0.0,0.0
2017-07-07,0.0,0.9600881409825271,0.0,0.0,0.0
2017-07-10,0.0,0.9600881409825271,0.0,0.0,0.0
2017-07-11,0.0,0.9600881409825271,0.0,0.0,0.0
2017-07-12,0.0,0.9600881409825271,0.0,0.0,0.0
2017-07-13,0.0,0.9600881409825271,0.0,0.0,0.0
2017-07-14,0.0,0.9600881409825271,0.0,0.0,0.0
2017-07-17,0.0,0.9600881409825271,0.0,0.0,0.0
2017-07-18,0.0,0.9600881409825271,0.0,0.0,0.0
2017-07-19,0.0,0.9600881409825271,0.0,0.0,0.0
2017-07-20,0.0,0.9600881409825271,0.0,0.0,0.0
2017-07-21,0.0,0.9600881409825271,0.0,0.0,0.0
2017-07-24,0.0,0.9600881409825271,0.0,0.0,0.0
2017-07-25,0.0,0.9600881409825271,0.0,0.0,0.0
2017-07-26,0.0,0.9600881409825271,0.0,0.0,0.0
2017-07-27,0.0,0.9600881409825271,0.0,0.0,0.0
2017-07-28,0.0,0.9600881409825271,0.0,0.0,0.0
2017-07-31,0.0,0.9600881409825271,0.0,0.0,0.0
2017-08-01,0.0,0.9600881409825271,0.0,0.0,0.0
2017-08-02,0.0,0.9600881409825271,0.0,0.0,0.0
2017-08-03,0.0,0.9600881409825271,0.0,0.0,0.0
2017-08-04,0.0,0.9600881409825271,0.0,0.0,0.0
2017-08-07,0.0,0.9600881409825271,0.0,0.0,0.0
2017-08-08,0.0,0.9600881409825271,0.0,0.0,0.0
2017-08-09,0.0,0.9600881409825271,0.0,0.0,0.0
2017-08-10,0.0,0.9600881409825271,0.0,0.0,0.0
2017-08-11,0.0,0.9600881409825271,0.0,0.0,0.0
2017-08-14,0.0,0.9600881409825271,0.0,0.0,0.0
2017-08-15,0.0,0.9600881409825271,0.0,0.0,0.0
2017-08-16,0.0,0.9600881409825271,0.0,0.0,0.0
2017-08-17,0.0,0.9600881409825271,0.0,0.0,0.0
2017-08-18,0.0,0.9600881409825271,0.0,0.0,0.0
2017-08-21,0.0,0.9600881409825271,0.0,0.0,0.0
2017-08-22,0.0,0.9600881409825271,0.0,0.0,0.0
2017-08-23,0.0,0.9600881409825271,0.0,0.0,0.0
2017-08-24,0.0,0.9600881409825271,0.0,0.0,0.0
2017-08-25,0.0,0.9600881409825271,0.0,0.0,0.0
2017-08-28,0.0,0.9600881409825271,0.0,0.0,0.0
2017-08-29,0.0,0.9600881409825271,0.0,0.0,0.0
2017-08-30,0.0,0.9600881409825271,0.0,0.0,0.0
2017-08-31,0.0,0.9600881409825271,0.0,0.0,0.0
2017-09-01,0.0,0.9600881409825271,0.0,0.0,0.0
2017-09-05,0.0,0.9600881409825271,0.0,0.0,0.0
2017-09-06,0.0,0.9600881409825271,0.0,0.0,0.0
2017-09-07,0.0,0.9600881409825271,0.0,0.0,0.0
2017-09-08,0.0,0.9600881409825271,0.0,0.0,0.0
2017-09-11,0.0,0.9600881409825271,0.0,0.0,0.0
2017-09-12,0.0,0.9600881409825271,0.0,0.0,0.0
2017-09-13,0.0,0.9600881409825271,0.0,0.0,0.0
2017-09-14,0.0,0.9600881409825271,0.0,0.0,0.0
2017-09-15,0.0,0.9600881409825271,0.0,0.0,0.0
2017-09-18,0.0,0.9600881409825271,0.0,0.0,0.0
2017-09-19,0.0,0.9600881409825271,0.0,0.0,0.0
2017-09-20,0.0,0.9600881409825271,0.0,0.0,0.0
2017-09-21,0.0,0.9600881409825271,0.0,0.0,0.0
2017-09-22,0.0,0.9600881409825271,0.0,0.0,0.0
2017-09-25,0.0,0.9600881409825271,0.0,0.0,0.0
2017-09-26,0.0,0.9600881409825271,0.0,0.0,0.0
2017-09-27,0.0,0.9600881409825271,0.0,0.0,0.0
2017-09-28,0.0,0.9600881409825271,0.0,0.0,0.0
2017-09-29,0.0,0.9600881409825271,0.0,0.0,0.0
2017-10-02,0.0,0.9600881409825271,0.0,0.0,0.0
2017-10-03,0.0,0.9600881409825271,0.0,0.0,0.0
2017-10-04,0.0,0.9600881409825271,0.0,0.0,0.0
2017-10-05,0.0,0.9600881409825271,0.0,0.0,0.0
2017-10-06,0.0,0.9600881409825271,0.0,0.0,0.0
2017-10-09,0.0,0.9600881409825271,0.0,0.0,0.0
2017-10-10,0.0,0.9600881409825271,0.0,0.0,0.0
2017-10-11,0.0,0.9600881409825271,0.0,0.0,0.0
2017-10-12,0.0,0.9600881409825271,0.0,0.0,0.0
2017-10-13,0.0,0.9600881409825271,0.0,0.0,0.0
2017-10-16,0.0,0.9600881409825271,0.0,0.0,0.0
2017-10-17,0.0,0.9600881409825271,0.0,0.0,0.0
2017-10-18,0.0,0.9600881409825271,0.0,0.0,0.0
2017-10-19,0.0,0.9600881409825271,0.0,0.0,0.0
2017-10-20,0.0,0.9600881409825271,0.0,0.0,0.0
2017-10-23,0.0,0.9600881409825271,0.0,0.0,0.0
2017-10-24,0.0,0.9600881409825271,0.0,0.0,0.0
2017-10-25,0.0,0.9600881409825271,0.0,0.0,0.0
2017-10-26,0.0,0.9600881409825271,0.0,0.0,0.0
2017-10-27,0.0,0.9600881409825271,0.0,0.0,0.0
2017-10-30,0.0,0.9600881409825271,0.0,0.0,0.0
2017-10-31,0.0,0.9600881409825271,0.0,0.0,0.0
2017-11-01,0.0,0.9600881409825271,0.0,0.0,0.0
2017-11-02,0.0,0.9600881409825271,0.0,0.0,0.0
2017-11-03,0.0,0.9600881409825271,0.0,0.0,0.0
2017-11-06,0.0,0.9600881409825271,0.0,0.0,0.0
2017-11-07,0.0,0.9600881409825271,0.0,0.0,0.0
2017-11-08,0.0,0.9600881409825271,0.0,0.0,0.0
2017-11-09,0.0,0.9600881409825271,0.0,0.0,0.0
2017-11-10,0.0,0.9600881409825271,0.0,0.0,0.0
2017-11-13,0.0,0.9600881409825271,0.0,0.0,0.0
2017-11-14,0.0,0.9600881409825271,0.0,0.0,0.0
2017-11-15,0.0,0.9600881409825271,0.0,0.0,0.0
2017-11-16,0.0,0.9600881409825271,0.0,0.0,0.0
2017-11-17,0.0,0.9600881409825271,0.0,0.0,0.0
2017-11-20,0.0,0.9600881409825271,0.0,0.0,0.0
2017-11-21,0.0,0.9600881409825271,0.0,0.0,0.0
2017-11-22,0.0,0.9600881409825271,0.0,0.0,0.0
2017-11-24,0.0,0.9600881409825271,0.0,0.0,0.0
2017-11-27,0.0,0.9600881409825271,0.0,0.0,0.0
2017-11-28,0.0,0.9600881409825271,0.0,0.0,0.0
2017-11-29,0.0,0.9600881409825271,0.0,0.0,0.0
2017-11-30,-0.0019646259796931576,0.9582019268779576,1.005988471637439,0.9995002498750624,7.448324996234267e-05
2017-12-01,-0.0003861761186136903,0.9578318921769877,1.003462355065968,0.0,7.460405955491263e-05
2017-12-04,-0.0036679921016326,0.9543185723617907,1.0020296317939543,0.0,7.456323824975742e-05
2017-12-05,0.00242742172498156,0.9566351059968952,0.9975968802806274,0.0,7.425683860903444e-05
2017-12-06,0.0014960355268729408,0.9580662661017203,0.9979107786104011,0.0,7.437594103171881e-05
2017-12-07,-0.0007673142175894654,0.9573311282343476,1.001914247491092,0.0,7.452383475157975e-05
2017-12-08,-0.001821358503156345,0.9555874850436017,1.0088242577245519,0.0,7.482501138972716e-05
2017-12-11,0.0009673599016970513,0.9565118820591965,1.0126825375097077,0.0,7.533117838801383e-05
2017-12-12,-0.0017030600170380161,0.9548828849170397,1.0150106792732023,0.0,7.543486356330513e-05
2017-12-13,0.0007311141566619384,0.9555810133121567,1.0149332353803844,0.0,7.53147418535501e-05
2017-12-14,0.002241367069701239,0.9577228211278264,1.009814784822454,0.0,7.50289511630717e-05
2017-12-15,-0.0009844447228407605,0.9567799959506229,1.0203820386416098,0.0,7.556608559109976e-05
2017-12-18,-0.0008655939254959,0.9559518129980921,1.0285308384484217,0.0,7.612132003329344e-05
2017-12-19,7.170566886216534e-05,0.956020360162243,1.0236956929738512,0.0,7.590728286370322e-05
2017-12-20,-0.00015918350250698765,0.9558681774928444,1.023107607279484,0.0,7.585199851920706e-05
2017-12-21,-0.0013377690364699824,0.9545894466420475,1.0258400509038264,0.0,7.601127678412313e-05
2017-12-22,-0.0003512452729939053,0.9542541516112646,1.0255907019429304,0.0,7.605397503190085e-05
2017-12-26,-0.001401832704083228,0.9529164469335287,1.0241726337488353,0.0,7.602224292129016e-05
2017-12-27,-0.0003376720170852332,0.952594673714779,1.0248788594030467,0.0,7.611756891263632e-05
2017-12-28,-0.000923590659553386,0.9517148661717958,1.0276110910787775,0.0,7.627718680059644e-05
2017-12-29,-0.001749849920158808,0.9500495079892112,0.0,1.0308094582127794,0.0
