date,return,nav,gross,turnover,borrow
2008-01-02,9.999999999998899e-05,1.0001,0.0,0.0,0.0
2008-01-03,9.999999999998899e-05,1.00020001,0.0,0.0,0.0
2008-01-04,9.999999999998899e-05,1.0003000300009999,0.0,0.0,0.0
2008-01-07,9.999999999998899e-05,1.000400060004,0.0,0.0,0.0
2008-01-08,0.00010000000000021103,1.0005001000100004,0.0,0.0,0.0
2008-01-09,0.0007905346629271115,1.0012910300193203,1.0094082152272867,0.9987515605493135,0.00010922986387645197
2008-01-10,0.00432790137962491,1.005624518849547,1.0102504666848076,0.0,0.00010939833034595918
2008-01-11,-0.0006457058126041471,1.0049751812524286,0.9995854707562687,0.0,0.00010683318314838067
2008-01-14,0.0011182699654705974,1.0060990148136666,1.0090363491424537,0.0,0.0001084640048709754
2008-01-15,-0.00872990439646959,0.997315866600961,0.9939810208329055,0.0,0.00010604401297212349
2008-01-16,-0.003446670021589271,0.9938784479014922,0.9882553157858854,0.0,0.00010554014461522939
2008-01-17,-0.015085736644770753,0.9788850593795367,0.9806376807468052,0.0,0.00010386549376664696
2008-01-18,-0.007055748393563932,0.9719782926943359,0.9798681173043534,0.0,0.00010506726666025604
2008-01-22,-0.0003780696743973522,0.9716108171776956,0.9660931491887934,0.0,0.00010484540870687333
2008-01-23,0.01786092314367349,0.9889646833088681,0.9647843792754652,0.0,0.00010433698635589349
2008-01-24,0.0006799399521510985,0.9896371199083163,0.975336817821605,0.0,0.00010333899796423896
2008-01-25,-0.005051460748607739,0.9846380068417342,0.9645443240763942,0.0,0.00010112992432978852
2008-01-28,0.00964589971184826,0.9941357263082038,0.9688872272216369,0.0,0.00010257975940014373
2008-01-29,0.002995086933085256,0.9971132492317828,0.969975163235796,0.0,0.00010155921868883247
2008-01-30,-0.005095719204039395,0.9920322400990703,0.9694309760018245,0.0,0.00010157107315401729
2008-01-31,0.008511052603414893,1.000475478678837,0.9784956187349905,0.0,0.00010428513871344257
2008-02-01,0.008852706571997437,1.0093323945240595,0.9839983857299992,0.0,0.0001038396345437917
2008-02-04,-0.005563854570671101,1.0037166158674604,0.9766538409132849,0.0,0.00010176041723567976
2008-02-05,-0.011999078530826601,0.9916729413709713,0.9616048488476981,0.0,9.976370755366481e-05
2008-02-06,-0.0007896145737056326,0.9908899019641152,0.9516671552091872,0.0,9.83663337524156e-05
2008-02-07,-0.0049717722299654765,0.9859634230665768,0.0,0.9458638317051534,0.0
2008-02-08,9.999999999998899e-05,0.9860620194088835,0.0,0.0,0.0
2008-02-11,0.00013112398907666467,0.9861913157943454,1.0041818357436998,0.9987515605493132,0.00011843920311061173
2008-02-12,0.008147687711733465,0.9942264946594612,1.000876883172736,0.0,0.00011725691405647767
2008-02-13,0.0006837835509052592,0.9949063303823835,1.0138551763337427,0.0,0.00011918758094814178
2008-02-14,-0.000927338899127883,0.9939837150412314,1.003071235789534,0.0,0.00011682880117405172
2008-02-15,0.0007631097401443743,0.9947422336957243,1.0011424109576812,0.0,0.00011705885149067273
2008-02-19,0.0024380087123336835,0.9971674239280007,1.0001551481287918,0.0,0.00011602765453918257
2008-02-20,0.000660412843352054,0.997825966101735,1.0029195138407656,0.0,0.00011734247882725796
2008-02-21,-0.003168258306316285,0.9946645956963751,0.9973751453934908,0.0,0.00011546931040324837
2008-02-22,0.003180940792457232,0.9978285648836386,0.9996122174164409,0.0,0.00011639160872831124
2008-02-25,0.007357178853861335,1.0051697681009792,1.0026254309821168,0.0,0.00011660900768241771
2008-02-26,0.004115566464281795,1.0093066110894855,1.0049513478764132,0.0,0.00011635203763504151
2008-02-27,-0.0033594172482791507,1.0059159290513893,0.0,1.0009544573136335,0.0
2008-02-28,9.999999999998899e-05,1.0060165206442944,0.0,0.0,0.0
2008-02-29,9.999999999998899e-05,1.0061171222963587,0.0,0.0,0.0
2008-03-03,9.999999999998899e-05,1.0062177340085883,0.0,0.0,0.0
2008-03-04,9.999999999998899e-05,1.006318355781989,0.0,0.0,0.0
2008-03-05,9.999999999998899e-05,1.0064189876175673,0.0,0.0,0.0
2008-03-06,9.999999999998899e-05,1.006519629516329,0.0,0.0,0.0
2008-03-07,9.999999999998899e-05,1.0066202814792806,0.0,0.0,0.0
2008-03-10,9.999999999998899e-05,1.0067209435074285,0.0,0.0,0.0
2008-03-11,0.0007905806804617832,1.0075168376359818,1.0152917456701578,0.9987515605493136,0.0001328966132221548
2008-03-12,-0.0055275404114045745,1.0019477476007783,1.0135919821739008,0.0,0.00013250935993678158
2008-03-13,-0.0011978810237256443,1.0007475334071627,1.0189024516853662,0.0,0.0001349031880463727
2008-03-14,-0.00442740167540423,0.9963168221010992,1.0066024655109982,0.0,0.0001314276780777483
2008-03-17,-0.0008128041427774013,0.9955070116605765,0.9945267038235837,0.0,0.0001311350273877138
2008-03-18,0.01295589416565357,1.0084046951448171,1.0235836840586552,0.0,0.00013515504673680323
2008-03-19,-0.008721152568654467,0.9996102439475116,1.0070376953656401,0.0,0.00013075981612118554
2008-03-20,0.005584195074771037,1.005192262548454,1.0206285356301932,0.0,0.00013463887498097165
2008-03-24,0.001863688090520288,1.0070656273968486,1.0440113157491373,0.0,0.0001379828662166577
2008-03-25,-0.0013938054622348872,1.0056619738245538,1.0480988360327974,0.0,0.0001392033299554408
2008-03-26,-0.007616975360311695,0.9980018713491298,1.0465246603188352,0.0,0.00013906920906644682
2008-03-27,0.005522342814240577,1.0035131798119732,1.0308294518771697,0.0,0.00013594154931031955
2008-03-28,-0.004954449321412535,0.9985413246192252,1.0276160619253096,0.0,0.0001356736827880106
2008-03-31,0.00047416610442829743,0.9990147990692306,1.0313360931680409,0.0,0.00013721603985452236
2008-04-01,0.009279345215706725,1.008285002265394,1.0603826296627696,0.0,0.00014224464427580098
2008-04-02,0.0011334893822427805,1.0094278826097365,1.0588645994937003,0.0,0.00014085308538285704
2008-04-03,0.0008584059932457144,1.010294381553918,1.0604852729635055,0.0,0.0001415196674382407
2008-04-04,-0.002989776661316501,1.007273826990889,1.065003535792958,0.0,0.00014205689477894137
2008-04-07,0.001030671632129776,1.0083119955501552,1.0634864897328877,0.0,0.00014162524328635692
2008-04-08,0.001902343366215531,1.0102301511859655,1.0580172838491735,0.0,0.00014097345812983522
2008-04-09,-0.0028408505734868195,1.0073602382816151,0.0,1.0590136051861647,0.0
2008-04-10,9.999999999998899e-05,1.0074609743054432,0.0,0.0,0.0
2008-04-11,9.999999999998899e-05,1.0075617204028737,0.0,0.0,0.0
2008-04-14,9.999999999998899e-05,1.007662476574914,0.0,0.0,0.0
2008-04-15,9.999999999998899e-05,1.0077632428225716,0.0,0.0,0.0
2008-04-16,9.999999999998899e-05,1.0078640191468538,0.0,0.0,0.0
2008-04-17,9.999999999998899e-05,1.0079648055487684,0.0,0.0,0.0
2008-04-18,9.999999999998899e-05,1.0080656020293233,0.0,0.0,0.0
2008-04-21,9.999999999998899e-05,1.008166408589526,0.0,0.0,0.0
2008-04-22,9.999999999998899e-05,1.008267225230385,0.0,0.0,0.0
2008-04-23,9.999999999998899e-05,1.0083680519529081,0.0,0.0,0.0
2008-04-24,9.999999999998899e-05,1.0084688887581035,0.0,0.0,0.0
2008-04-25,9.999999999998899e-05,1.0085697356469794,0.0,0.0,0.0
2008-04-28,9.999999999998899e-05,1.0086705926205441,0.0,0.0,0.0
2008-04-29,9.999999999998899e-05,1.0087714596798063,0.0,0.0,0.0
2008-04-30,9.999999999998899e-05,1.0088723368257744,0.0,0.0,0.0
2008-05-01,9.999999999998899e-05,1.0089732240594569,0.0,0.0,0.0
2008-05-02,9.999999999998899e-05,1.0090741213818628,0.0,0.0,0.0
2008-05-05,9.999999999998899e-05,1.009175028794001,0.0,0.0,0.0
2008-05-06,9.999999999998899e-05,1.0092759462968803,0.0,0.0,0.0
2008-05-07,9.999999999998899e-05,1.00937687389151,0.0,0.0,0.0
2008-05-08,9.999999999998899e-05,1.0094778115788992,0.0,0.0,0.0
2008-05-09,9.999999999998899e-05,1.0095787593600571,0.0,0.0,0.0
2008-05-12,0.00010000000000021103,1.0096797172359933,0.0,0.0,0.0
2008-05-13,9.999999999998899e-05,1.009780685207717,0.0,0.0,0.0
2008-05-14,9.999999999998899e-05,1.0098816632762377,0.0,0.0,0.0
2008-05-15,9.999999999998899e-05,1.0099826514425654,0.0,0.0,0.0
2008-05-16,9.999999999998899e-05,1.0100836497077097,0.0,0.0,0.0
2008-05-19,9.999999999998899e-05,1.0101846580726805,0.0,0.0,0.0
2008-05-20,9.999999999998899e-05,1.0102856765384878,0.0,0.0,0.0
2008-05-21,9.999999999998899e-05,1.0103867051061417,0.0,0.0,0.0
2008-05-22,9.999999999998899e-05,1.0104877437766524,0.0,0.0,0.0
2008-05-23,9.999999999998899e-05,1.01058879255103,0.0,0.0,0.0
2008-05-27,9.999999999998899e-05,1.0106898514302851,0.0,0.0,0.0
2008-05-28,9.999999999998899e-05,1.0107909204154282,0.0,0.0,0.0
2008-05-29,9.999999999998899e-05,1.0108919995074697,0.0,0.0,0.0
2008-05-30,9.999999999998899e-05,1.0109930887074203,0.0,0.0,0.0
2008-06-02,9.999999999998899e-05,1.0110941880162911,0.0,0.0,0.0
2008-06-03,9.999999999998899e-05,1.0111952974350928,0.0,0.0,0.0
2008-06-04,9.999999999998899e-05,1.0112964169648364,0.0,0.0,0.0
2008-06-05,0.0034044725369462014,1.0147393478431053,1.0102553390238593,0.9987515605493134,0.00015402075543269333
2008-06-06,-0.008361596154336959,1.006254507214526,0.9869932725984711,0.0,0.00014920219777837983
2008-06-09,0.0033700619777747853,1.009645647269254,0.9831469793819235,0.0,0.0001490864939798437
2008-06-10,-0.0013662256382251936,1.0082662435004324,0.9796896582871781,0.0,0.00014820386940162363
2008-06-11,-7.16245561893647e-06,1.0082590218382113,0.96177226923906,0.0,0.00014464337560515718
2008-06-12,0.0017827542365831395,1.0100564998809665,0.9627139380754822,0.0,0.00014488122250821384
2008-06-13,0.0001521246728670711,1.0102101543955881,0.9774322482715334,0.0,0.000147424616507729
2008-06-16,-0.003059471974883765,1.0071194447394718,0.9841042836620824,0.0,0.0001489689184304672
2008-06-17,-0.0010489952325363205,1.0060629812433455,0.9801827368021712,0.0,0.00014813495918888385
2008-06-18,-0.001989606350800921,1.004061311946558,0.9722077607727834,0.0,0.00014734276986697688
2008-06-19,-0.005149616210028185,0.9988907815386958,0.9838358165178225,0.0,0.00014963984080669935
2008-06-20,0.00031636027687809154,0.9992067909029143,0.9634777708142581,0.0,0.00014652990039005733
2008-06-23,0.002185214864133034,1.001390272434738,0.9579191396622149,0.0,0.0001450809333163999
2008-06-24,0.000586328341508402,1.0019774159323773,0.9543247594192699,0.0,0.00014415927120314752
2008-06-25,-0.0032054716685202544,0.9987656057131089,0.9661102404532261,0.0,0.00014627720611571848
2008-06-26,-0.0013483994548069145,0.9974188707148854,0.9362468187196177,0.0,0.00014076802491917183
2008-06-27,-0.003268469979566091,0.9941588370789012,0.9361372817452942,0.0,0.0001410458603763625
2008-06-30,0.005697886751059533,0.9998234415451418,0.929135112590128,0.0,0.0001397253552584712
2008-07-01,-0.0032665372159114137,0.996557481063994,0.938983626613806,0.0,0.00014182512996209224
2008-07-02,-0.0014880644174793956,0.9950745393364497,0.9218081075482119,0.0,0.00013824016157410114
2008-07-03,0.000994145667945423,0.9960637883790139,0.0,0.9261419204026423,0.0
2008-07-07,-0.008468699050775186,0.987628423919857,0.9976675944070179,0.9987515605493132,0.00015714882841424022
2008-07-08,0.000981860134914081,0.9885981368974119,1.01681121893621,0.0,0.00016237328819323818
2008-07-09,-0.0009877908471782604,0.9876216087062472,0.9952396407663628,0.0,0.00015760631686067533
2008-07-10,-0.0023943446901555365,0.9852569021515585,1.0048007549124065,0.0,0.00016021885391156256
2008-07-11,-0.0007003536893134266,0.9845668738452151,0.9920720770346019,0.0,0.00015802486803354556
2008-07-14,-0.002546959133254423,0.9820592222535753,0.9862632742958533,0.0,0.00015636440876867238
2008-07-15,-0.008530699130866681,0.9736815704998372,0.9864423899732285,0.0,0.00015744332163450945
2008-07-16,0.004368255199207249,0.9779348600825453,1.0063874178104388,0.0,0.00016215971760781645
2008-07-17,0.0031742284252307407,0.9810390487134433,1.0118628752165162,0.0,0.00016217842936635507
2008-07-18,0.013042449982432203,0.9938342014371012,0.9932625814126841,0.0,0.00015702675459311694
2008-07-21,-0.0014638301998830539,0.992379396919361,0.9967342539862166,0.0,0.00015726360257923094
2008-07-22,0.0066925279423502015,0.9990209237626564,0.9968725382791187,0.0,0.00015695076066446622
2008-07-23,-0.0020433541350155515,0.9969795702271189,1.0073838504273531,0.0,0.00015812402484001982
2008-07-24,-0.006733286051354703,0.990266621593423,0.9954851092858117,0.0,0.00015644313543607775
2008-07-25,-0.005408504223577193,0.9849107603880675,1.0059285287153148,0.0,0.0001595020967736769
2008-07-28,-0.0013636842262967352,0.9835676531198163,0.9908680620906954,0.0,0.00015720214394241433
2008-07-29,0.004346258818158644,0.987842492705444,1.0073927141176338,0.0,0.00016072473554588955
2008-07-30,0.008596830897288132,0.9963348075683882,1.0115067984176884,0.0,0.0001603796814081943
2008-07-31,-0.007213194006458368,0.98914805130601,1.0097569086534457,0.0,0.00015929687579690363
2008-08-01,0.0018317394372824314,0.9909599128008983,0.9995729284794955,0.0,0.00015803797169349228
2008-08-04,-0.0016923788205375212,0.9892828332324723,0.0,0.9993553070184241,0.0
2008-08-05,9.999999999998899e-05,0.9893817615157956,0.0,0.0,0.0
2008-08-06,9.999999999998899e-05,0.9894806996919472,0.0,0.0,0.0
2008-08-07,9.999999999998899e-05,0.9895796477619164,0.0,0.0,0.0
2008-08-08,0.001731997725932466,0.9912935974614692,1.0196508042258332,0.9987515605493134,0.00016963696513905957
2008-08-11,0.0021317682603505528,0.9934068056892262,1.027479884084341,0.0,0.00017078385580609806
2008-08-12,-0.006799178127920857,0.9866524558638563,1.0287050205659793,0.0,0.0001710286570384515
2008-08-13,-0.0028159449934475056,0.9838740968204938,1.0270997737741632,0.0,0.00017183521857443832
2008-08-14,-0.0006529055214680168,0.9832317199902503,1.0372535420998288,0.0,0.00017431850755396622
2008-08-15,0.003595265718964402,0.9867666992869297,1.0356225429413013,0.0,0.0001735869659180946
2008-08-18,-0.0032514987363367887,0.9835582286111391,1.025689184211668,0.0,0.00017114970756840328
2008-08-19,-0.0012317986903715994,0.9823466828732317,1.0151102445290472,0.0,0.00016995811502583445
2008-08-20,0.001871319554721973,0.9841849674304086,1.0166643085784544,0.0,0.00017026194438358465
2008-08-21,0.0028859119375610476,0.9870252385766842,1.012758086269155,0.0,0.00016906500015448475
2008-08-22,0.002769390406537342,0.9897586968034087,1.0240532764694819,0.0,0.00017040063965862476
2008-08-25,-0.0031639129545107947,0.9866271864407526,1.0061322253636196,0.0,0.00016679479231561777
2008-08-26,0.0021214256078245786,0.988720242619444,1.0051598698018052,0.0,0.0001669999085291409
2008-08-27,0.0028585225840163098,0.9915465217622459,1.0106804117291341,0.0,0.00016758440480078838
2008-08-28,0.003593017524980091,0.9951091657917708,1.0175979705585854,0.0,0.00016834629797118865
2008-08-29,0.0023798815033020393,0.9974774076892049,0.9999323409301599,0.0,0.0001640338053320217
2008-09-02,0.0013447885452735342,0.9988188038812345,0.9898488428242066,0.0,0.00016218286158410557
2008-09-03,0.0032304547528418937,1.0020454428334604,0.9823259466756795,0.0,0.00016020012849295983
2008-09-04,-0.004539609629538921,0.9974965476919381,0.9561862524484215,0.0,0.0001548577846450792
2008-09-05,0.0035472427748588498,1.0010349101136848,0.9527003754723846,0.0,0.00015453044435205792
2008-09-08,0.010162566216048496,1.0112079936722913,0.0,0.9632572612372589,0.0
2008-09-09,9.999999999998899e-05,1.0113091144716586,0.0,0.0,0.0
2008-09-10,9.999999999998899e-05,1.0114102453831058,0.0,0.0,0.0
2008-09-11,9.999999999998899e-05,1.0115113864076442,0.0,0.0,0.0
2008-09-12,9.999999999998899e-05,1.011612537546285,0.0,0.0,0.0
2008-09-15,9.999999999998899e-05,1.0117136988000397,0.0,0.0,0.0
2008-09-16,9.999999999998899e-05,1.0118148701699197,0.0,0.0,0.0
2008-09-17,0.00010000000000021103,1.0119160516569368,0.0,0.0,0.0
2008-09-18,9.999999999998899e-05,1.0120172432621024,0.0,0.0,0.0
2008-09-19,9.999999999998899e-05,1.0121184449864287,0.0,0.0,0.0
2008-09-22,9.999999999998899e-05,1.0122196568309274,0.0,0.0,0.0
2008-09-23,9.999999999998899e-05,1.0123208787966105,0.0,0.0,0.0
2008-09-24,9.999999999998899e-05,1.0124221108844902,0.0,0.0,0.0
2008-09-25,9.999999999998899e-05,1.0125233530955786,0.0,0.0,0.0
2008-09-26,0.00010000000000021103,1.0126246054308883,0.0,0.0,0.0
2008-09-29,9.999999999998899e-05,1.0127258678914313,0.0,0.0,0.0
2008-09-30,9.999999999998899e-05,1.0128271404782203,0.0,0.0,0.0
2008-10-01,0.0,1.0128271404782203,0.0,0.0,0.0
2008-10-02,0.0,1.0128271404782203,0.0,0.0,0.0
2008-10-03,0.0,1.0128271404782203,0.0,0.0,0.0
2008-10-06,0.0,1.0128271404782203,0.0,0.0,0.0
2008-10-07,0.0,1.0128271404782203,0.0,0.0,0.0
2008-10-08,0.0,1.0128271404782203,0.0,0.0,0.0
2008-10-09,0.0,1.0128271404782203,0.0,0.0,0.0
2008-10-10,-0.0014856516079058135,1.0113224322084382,1.0229751414126105,0.9987515605493132,0.00017682905966907145
2008-10-13,0.029249714545144023,1.0409033246636359,1.128005507921598,0.0,0.0001960761285604985
2008-10-14,0.011360977321779098,1.052729003729304,1.0851376183306707,0.0,0.00018334019214188234
2008-10-15,-0.020500887434523718,1.0311471249247912,1.0029606499017003,0.0,0.00016785394056172823
2008-10-16,0.0005895833095796998,1.031755072059368,1.0495069204177847,0.0,0.00017797799828899347
2008-10-17,-0.004314554274583715,1.0273035088028908,1.0510232064027474,0.0,0.00017957845344855305
2008-10-20,0.023114570071916862,1.0510491877422412,1.0747295126259235,0.0,0.0001834671563638369
2008-10-21,0.004913758473311658,1.056213789594377,1.0276019290153116,0.0,0.0001719798700832991
2008-10-22,-0.016357973811657933,1.0389362720846802,0.0,1.024977668781672,0.0
2008-10-23,0.0,1.0389362720846802,0.0,0.0,0.0
2008-10-24,0.0,1.0389362720846802,0.0,0.0,0.0
2008-10-27,0.0,1.0389362720846802,0.0,0.0,0.0
2008-10-28,0.0,1.0389362720846802,0.0,0.0,0.0
2008-10-29,0.0,1.0389362720846802,0.0,0.0,0.0
2008-10-30,0.0,1.0389362720846802,0.0,0.0,0.0
2008-10-31,0.0,1.0389362720846802,0.0,0.0,0.0
2008-11-03,0.0,1.0389362720846802,0.0,0.0,0.0
2008-11-04,0.0,1.0389362720846802,0.0,0.0,0.0
2008-11-05,0.0,1.0389362720846802,0.0,0.0,0.0
2008-11-06,0.0,1.0389362720846802,0.0,0.0,0.0
2008-11-07,0.0,1.0389362720846802,0.0,0.0,0.0
2008-11-10,0.0,1.0389362720846802,0.0,0.0,0.0
2008-11-11,0.0,1.0389362720846802,0.0,0.0,0.0
2008-11-12,0.0,1.0389362720846802,0.0,0.0,0.0
2008-11-13,0.0,1.0389362720846802,0.0,0.0,0.0
2008-11-14,0.0,1.0389362720846802,0.0,0.0,0.0
2008-11-17,0.0,1.0389362720846802,0.0,0.0,0.0
2008-11-18,0.0,1.0389362720846802,0.0,0.0,0.0
2008-11-19,0.0,1.0389362720846802,0.0,0.0,0.0
2008-11-20,0.0,1.0389362720846802,0.0,0.0,0.0
2008-11-21,0.0,1.0389362720846802,0.0,0.0,0.0
2008-11-24,0.0,1.0389362720846802,0.0,0.0,0.0
2008-11-25,0.0,1.0389362720846802,0.0,0.0,0.0
2008-11-26,0.0,1.0389362720846802,0.0,0.0,0.0
2008-11-28,0.0,1.0389362720846802,0.0,0.0,0.0
2008-12-01,0.0,1.0389362720846802,0.0,0.0,0.0
2008-12-02,0.0,1.0389362720846802,0.0,0.0,0.0
2008-12-03,0.0,1.0389362720846802,0.0,0.0,0.0
2008-12-04,0.0,1.0389362720846802,0.0,0.0,0.0
2008-12-05,0.0,1.0389362720846802,0.0,0.0,0.0
2008-12-08,0.0,1.0389362720846802,0.0,0.0,0.0
2008-12-09,0.0,1.0389362720846802,0.0,0.0,0.0
2008-12-10,0.0,1.0389362720846802,0.0,0.0,0.0
2008-12-11,0.0,1.0389362720846802,0.0,0.0,0.0
2008-12-12,0.0,1.0389362720846802,0.0,0.0,0.0
2008-12-15,0.0,1.0389362720846802,0.0,0.0,0.0
2008-12-16,0.0,1.0389362720846802,0.0,0.0,0.0
2008-12-17,0.0,1.0389362720846802,0.0,0.0,0.0
2008-12-18,0.0,1.0389362720846802,0.0,0.0,0.0
2008-12-19,0.0,1.0389362720846802,0.0,0.0,0.0
2008-12-22,0.0,1.0389362720846802,0.0,0.0,0.0
2008-12-23,0.0,1.0389362720846802,0.0,0.0,0.0
2008-12-24,0.0,1.0389362720846802,0.0,0.0,0.0
2008-12-26,0.0,1.0389362720846802,0.0,0.0,0.0
2008-12-29,0.0,1.0389362720846802,0.0,0.0,0.0
2008-12-30,0.0,1.0389362720846802,0.0,0.0,0.0
2008-12-31,0.0,1.0389362720846802,0.0,0.0,0.0
2009-01-02,0.0,1.0389362720846802,0.0,0.0,0.0
2009-01-05,0.0,1.0389362720846802,0.0,0.0,0.0
2009-01-06,0.0,1.0389362720846802,0.0,0.0,0.0
2009-01-07,0.0,1.0389362720846802,0.0,0.0,0.0
2009-01-08,0.0,1.0389362720846802,0.0,0.0,0.0
2009-01-09,0.0,1.0389362720846802,0.0,0.0,0.0
2009-01-12,0.0,1.0389362720846802,0.0,0.0,0.0
2009-01-13,0.0,1.0389362720846802,0.0,0.0,0.0
2009-01-14,0.0,1.0389362720846802,0.0,0.0,0.0
2009-01-15,0.0,1.0389362720846802,0.0,0.0,0.0
2009-01-16,0.0,1.0389362720846802,0.0,0.0,0.0
2009-01-20,0.0,1.0389362720846802,0.0,0.0,0.0
2009-01-21,0.0,1.0389362720846802,0.0,0.0,0.0
2009-01-22,0.0,1.0389362720846802,0.0,0.0,0.0
2009-01-23,0.0,1.0389362720846802,0.0,0.0,0.0
2009-01-26,0.0,1.0389362720846802,0.0,0.0,0.0
2009-01-27,0.0,1.0389362720846802,0.0,0.0,0.0
2009-01-28,0.0,1.0389362720846802,0.0,0.0,0.0
2009-01-29,0.0,1.0389362720846802,0.0,0.0,0.0
2009-01-30,0.0,1.0389362720846802,0.0,0.0,0.0
2009-02-02,0.0,1.0389362720846802,0.0,0.0,0.0
2009-02-03,0.0,1.0389362720846802,0.0,0.0,0.0
2009-02-04,0.0,1.0389362720846802,0.0,0.0,0.0
2009-02-05,0.0,1.0389362720846802,0.0,0.0,0.0
2009-02-06,0.0010295495817942424,1.0400059084891158,1.0214709103773547,0.9987515605493134,0.000192146243649853
2009-02-09,-0.0014553483834265357,1.038492337571442,1.0257099381857688,0.0,0.0001928273353102235
2009-02-10,-0.006977858057720776,1.031245885445838,0.990000715682246,0.0,0.0001862988184596546
2009-02-11,0.005045952280993138,1.0364495029737681,0.9859039707924699,0.0,0.00018608048246321872
2009-02-12,-0.005540066293427626,1.0307075040175033,0.9975275718401435,0.0,0.00018834624153158964
2009-02-13,-0.003624039584053218,1.0269721792233633,0.993334787026762,0.0,0.00018774249580654837
2009-02-17,-0.00345068572748386,1.0234284209819942,0.9555736547219127,0.0,0.00018135236406602634
2009-02-18,-0.0016891944053516461,1.0216996514189935,0.9563084888866874,0.0,0.00018170376166964006
2009-02-19,0.0015343896057546935,1.0232673367443341,0.9424500924323008,0.0,0.00017891177474218205
2009-02-20,-0.00620882196883854,1.016914052023961,0.944794215300954,0.0,0.00018027955815845987
2009-02-23,-0.0017615851627451606,1.0151226713181285,0.912960341346204,0.0,0.0001738466728490988
2009-02-24,0.0032114386204900036,1.0183826754693346,0.9423932837202815,0.0,0.00018011405212232075
2009-02-25,-0.0010382001045317057,1.017325390469209,0.9365223968391828,0.0,0.0001785579479154329
2009-02-26,0.00453620687391898,1.0219401888984678,0.911874765606798,0.0,0.00017331253990573734
2009-02-27,-0.006724647711908505,1.0150680011454845,0.9032352529825519,0.0,0.00017239179100254096
2009-03-02,-0.007200173175679003,1.0077593357521466,0.8743767851707113,0.0,0.0001674219480122656
2009-03-03,-0.003231476484385265,1.0045027851567438,0.873499527552105,0.0,0.0001676026687311079
2009-03-04,-0.0008821446300816271,1.0036166684189158,0.8962509577590773,0.0,0.00017293156031594642
2009-03-05,-0.005837631886175254,0.9977579237538566,0.8694522503361113,0.0,0.00016904750771154985
2009-03-06,0.003980988548624609,1.0017299866226201,0.8634129674191291,0.0,0.0001674692804401342
2009-03-09,-0.003931484590745882,0.9977917006161252,0.0,0.8562775835916233,0.0
2009-03-10,-0.001677670725351632,0.9961177346900028,1.0401086040012288,0.9987515605493134,0.00020004080263211213
2009-03-11,-0.004478247538005187,0.991656872897064,1.0560830761225786,0.0,0.00020325684349879291
2009-03-12,0.0040175039762122555,0.995640858326966,1.0900812224352938,0.0,0.00021110018391187939
2009-03-13,0.0028724267412050253,0.9985007637530607,1.092613622185448,0.0,0.00020998230397429075
2009-03-16,0.006939343179678259,1.005429703217914,1.0746080780874587,0.0,0.00020609632357094747
2009-03-17,-0.0027554444231545627,1.0026592975493083,1.1143086608740749,0.0,0.00021326640106634234
2009-03-18,0.00588430228772574,1.0085592479476873,1.1273586429971116,0.0,0.00021644575581066604
2009-03-19,-0.0071009681052239815,1.001397500895782,1.12775089594423,0.0,0.0002149563011055119
2009-03-20,-0.004309138829217574,0.9970823400411906,1.1118407555196195,0.0,0.00021279333990451517
2009-03-23,0.009083519152850883,1.006139356573924,1.1740871588187884,0.0,0.00022629133032738463
2009-03-24,-0.0017552010883310487,1.0043733796802528,1.1536903530672966,0.0,0.0002210701816132017
2009-03-25,0.0035044532472643386,1.0078931592321392,1.1584958201078892,0.0,0.00022195221325896705
2009-03-26,-0.0051685003684744935,1.002683863067265,1.1941129602994762,0.0,0.00022800623400566762
2009-03-27,-0.0005065880501319286,1.002175915404175,1.1727307719663167,0.0,0.0002249297322857181
2009-03-30,-0.007172864810167101,0.9949874430469753,1.1460377655527687,0.0,0.00022027527164450962
2009-03-31,0.00041783935302897035,0.9954031879564499,1.1558298887561014,0.0,0.00022258656314062616
2009-04-01,0.00294939342947087,0.9983390235786831,1.1722161909448925,0.0,0.00022621528452950232
2009-04-02,-0.0008528408740365867,0.9974875992532294,1.2091885401944378,0.0,0.00023158875220911153
2009-04-03,-0.0049507651062705715,0.9925492724529089,1.2323841569313385,0.0,0.00023859670832514386
2009-04-06,-0.0036990993282821627,0.9888777341058914,1.230503095682015,0.0,0.00023788900969513768
2009-04-07,-0.005148125845350737,0.983786867085049,0.0,1.218245822637439,0.0
2009-04-08,-0.0019074060217958433,0.9819103860906073,1.0069817277893742,0.9987515605493135,0.00019516943192638813
2009-04-09,0.004965888498558391,0.9867864435835096,1.03753456944438,0.0,0.0002007823630887297
2009-04-13,0.0006910655140612842,0.9874683776644133,1.0361752857355742,0.0,0.0002011018271743651
2009-04-14,-0.003232677891626401,0.9842762104712574,1.0241821042244539,0.0,0.00019810238086824167
2009-04-15,0.006781292844240117,0.9909508756940819,1.0214647414997655,0.0,0.00019774688269086926
2009-04-16,-0.005322014405042652,0.9856770208589484,1.0475947919031072,0.0,0.00020212326317130472
2009-04-17,0.0023216152084448716,0.9879653836211891,1.049832779202653,0.0,0.00020245450305915423
2009-04-20,-0.006396998705483492,0.9816453703411019,1.0173363242574007,0.0,0.0001961744929380528
2009-04-21,0.00301638464454701,0.9846063903625895,1.031326780126011,0.0,0.00020051653909039925
2009-04-22,-0.00496914562554629,0.9797137378250342,1.0347756850938439,0.0,0.0002005072638654898
2009-04-23,3.315512122092912e-05,0.9797462203527736,1.0448703862339077,0.0,0.000203541014569425
2009-04-24,-0.0011159605951595042,0.9786528621776034,1.0630771816391948,0.0,0.0002065300327272159
2009-04-27,-0.00595287089776575,0.9728270680353311,1.064909105084129,0.0,0.00020752808853904137
2009-04-28,0.001987078246201923,0.9747601515395407,1.0572187192784845,0.0,0.00020727610167713936
2009-04-29,0.004067162705435168,0.9787246596746265,1.0714306498060342,0.0,0.00020887620778648334
2009-04-30,-0.0052839124012479255,0.9735531643079646,1.0825996608900363,0.0,0.00021042497180760866
2009-05-01,0.001341523922163912,0.974859209167382,1.085496772627516,0.0,0.0002120994935902187
2009-05-04,0.007984486943426683,0.9826429597946582,1.1059938536871938,0.0,0.00021621259462802582
2009-05-05,-0.001681595657462287,0.9809905516606316,1.1054604888564081,0.0,0.00021438731955271997
2009-05-06,0.00942225553531717,0.9902336953161098,1.1049944061578973,0.0,0.00021400439966992496
2009-05-07,0.0003124743388775997,0.990543117935388,0.0,1.1121446280496055,0.0
2009-05-08,0.0,0.990543117935388,0.0,0.0,0.0
2009-05-11,0.0,0.990543117935388,0.0,0.0,0.0
2009-05-12,0.0,0.990543117935388,0.0,0.0,0.0
2009-05-13,0.0,0.990543117935388,0.0,0.0,0.0
2009-05-14,0.0,0.990543117935388,0.0,0.0,0.0
2009-05-15,0.0,0.990543117935388,0.0,0.0,0.0
2009-05-18,0.0,0.990543117935388,0.0,0.0,0.0
2009-05-19,0.0,0.990543117935388,0.0,0.0,0.0
2009-05-20,0.0,0.990543117935388,0.0,0.0,0.0
2009-05-21,0.0,0.990543117935388,0.0,0.0,0.0
2009-05-22,0.0,0.990543117935388,0.0,0.0,0.0
2009-05-26,0.0,0.990543117935388,0.0,0.0,0.0
2009-05-27,0.0,0.990543117935388,0.0,0.0,0.0
2009-05-28,0.0,0.990543117935388,0.0,0.0,0.0
2009-05-29,0.0,0.990543117935388,0.0,0.0,0.0
2009-06-01,0.0,0.990543117935388,0.0,0.0,0.0
2009-06-02,0.0,0.990543117935388,0.0,0.0,0.0
2009-06-03,0.0,0.990543117935388,0.0,0.0,0.0
2009-06-04,0.0,0.990543117935388,0.0,0.0,0.0
2009-06-05,0.0,0.990543117935388,0.0,0.0,0.0
2009-06-08,0.0,0.990543117935388,0.0,0.0,0.0
2009-06-09,0.0,0.990543117935388,0.0,0.0,0.0
2009-06-10,0.0,0.990543117935388,0.0,0.0,0.0
2009-06-11,0.0,0.990543117935388,0.0,0.0,0.0
2009-06-12,0.0,0.990543117935388,0.0,0.0,0.0
2009-06-15,0.0,0.990543117935388,0.0,0.0,0.0
2009-06-16,0.0,0.990543117935388,0.0,0.0,0.0
2009-06-17,0.0,0.990543117935388,0.0,0.0,0.0
2009-06-18,0.0,0.990543117935388,0.0,0.0,0.0
2009-06-19,0.0,0.990543117935388,0.0,0.0,0.0
2009-06-22,0.0,0.990543117935388,0.0,0.0,0.0
2009-06-23,0.0,0.990543117935388,0.0,0.0,0.0
2009-06-24,0.0,0.990543117935388,0.0,0.0,0.0
2009-06-25,0.0,0.990543117935388,0.0,0.0,0.0
2009-06-26,0.0,0.990543117935388,0.0,0.0,0.0
2009-06-29,0.0,0.990543117935388,0.0,0.0,0.0
2009-06-30,0.0,0.990543117935388,0.0,0.0,0.0
2009-07-01,0.0,0.990543117935388,0.0,0.0,0.0
2009-07-02,0.0,0.990543117935388,0.0,0.0,0.0
2009-07-06,0.0,0.990543117935388,0.0,0.0,0.0
2009-07-07,0.0,0.990543117935388,0.0,0.0,0.0
2009-07-08,0.0,0.990543117935388,0.0,0.0,0.0
2009-07-09,0.0,0.990543117935388,0.0,0.0,0.0
2009-07-10,0.0,0.990543117935388,0.0,0.0,0.0
2009-07-13,0.0,0.990543117935388,0.0,0.0,0.0
2009-07-14,0.0,0.990543117935388,0.0,0.0,0.0
2009-07-15,0.0,0.990543117935388,0.0,0.0,0.0
2009-07-16,0.0,0.990543117935388,0.0,0.0,0.0
2009-07-17,0.0,0.990543117935388,0.0,0.0,0.0
2009-07-20,0.0,0.990543117935388,0.0,0.0,0.0
2009-07-21,0.0,0.990543117935388,0.0,0.0,0.0
2009-07-22,0.0,0.990543117935388,0.0,0.0,0.0
2009-07-23,0.0,0.990543117935388,0.0,0.0,0.0
2009-07-24,0.0,0.990543117935388,0.0,0.0,0.0
2009-07-27,0.0,0.990543117935388,0.0,0.0,0.0
2009-07-28,0.0,0.990543117935388,0.0,0.0,0.0
2009-07-29,0.0,0.990543117935388,0.0,0.0,0.0
2009-07-30,0.0,0.990543117935388,0.0,0.0,0.0
2009-07-31,0.0,0.990543117935388,0.0,0.0,0.0
2009-08-03,0.0,0.990543117935388,0.0,0.0,0.0
2009-08-04,0.0,0.990543117935388,0.0,0.0,0.0
2009-08-05,0.0,0.990543117935388,0.0,0.0,0.0
2009-08-06,0.0,0.990543117935388,0.0,0.0,0.0
2009-08-07,0.0,0.990543117935388,0.0,0.0,0.0
2009-08-10,0.0,0.990543117935388,0.0,0.0,0.0
2009-08-11,0.0,0.990543117935388,0.0,0.0,0.0
2009-08-12,0.0,0.990543117935388,0.0,0.0,0.0
2009-08-13,0.0,0.990543117935388,0.0,0.0,0.0
2009-08-14,0.0,0.990543117935388,0.0,0.0,0.0
2009-08-17,0.0,0.990543117935388,0.0,0.0,0.0
2009-08-18,0.0,0.990543117935388,0.0,0.0,0.0
2009-08-19,0.0,0.990543117935388,0.0,0.0,0.0
2009-08-20,0.0,0.990543117935388,0.0,0.0,0.0
2009-08-21,0.0,0.990543117935388,0.0,0.0,0.0
2009-08-24,0.0,0.990543117935388,0.0,0.0,0.0
2009-08-25,0.0,0.990543117935388,0.0,0.0,0.0
2009-08-26,0.0,0.990543117935388,0.0,0.0,0.0
2009-08-27,0.0,0.990543117935388,0.0,0.0,0.0
2009-08-28,0.0,0.990543117935388,0.0,0.0,0.0
2009-08-31,0.0,0.990543117935388,0.0,0.0,0.0
2009-09-01,0.0,0.990543117935388,0.0,0.0,0.0
2009-09-02,0.0,0.990543117935388,0.0,0.0,0.0
2009-09-03,0.0,0.990543117935388,0.0,0.0,0.0
2009-09-04,0.0,0.990543117935388,0.0,0.0,0.0
2009-09-08,0.0,0.990543117935388,0.0,0.0,0.0
2009-09-09,0.0,0.990543117935388,0.0,0.0,0.0
2009-09-10,0.0,0.990543117935388,0.0,0.0,0.0
2009-09-11,0.0,0.990543117935388,0.0,0.0,0.0
2009-09-14,0.0,0.990543117935388,0.0,0.0,0.0
2009-09-15,0.0,0.990543117935388,0.0,0.0,0.0
2009-09-16,0.0,0.990543117935388,0.0,0.0,0.0
2009-09-17,0.0,0.990543117935388,0.0,0.0,0.0
2009-09-18,0.0,0.990543117935388,0.0,0.0,0.0
2009-09-21,0.0,0.990543117935388,0.0,0.0,0.0
2009-09-22,0.0,0.990543117935388,0.0,0.0,0.0
2009-09-23,0.0,0.990543117935388,0.0,0.0,0.0
2009-09-24,0.0,0.990543117935388,0.0,0.0,0.0
2009-09-25,0.0,0.990543117935388,0.0,0.0,0.0
2009-09-28,0.0,0.990543117935388,0.0,0.0,0.0
2009-09-29,0.0,0.990543117935388,0.0,0.0,0.0
2009-09-30,0.0,0.990543117935388,0.0,0.0,0.0
2009-10-01,0.0,0.990543117935388,0.0,0.0,0.0
2009-10-02,0.0,0.990543117935388,0.0,0.0,0.0
2009-10-05,0.0,0.990543117935388,0.0,0.0,0.0
2009-10-06,0.0,0.990543117935388,0.0,0.0,0.0
2009-10-07,0.0,0.990543117935388,0.0,0.0,0.0
2009-10-08,0.0,0.990543117935388,0.0,0.0,0.0
2009-10-09,0.0,0.990543117935388,0.0,0.0,0.0
2009-10-12,0.0,0.990543117935388,0.0,0.0,0.0
2009-10-13,0.0,0.990543117935388,0.0,0.0,0.0
2009-10-14,0.0,0.990543117935388,0.0,0.0,0.0
2009-10-15,0.0,0.990543117935388,0.0,0.0,0.0
2009-10-16,0.0,0.990543117935388,0.0,0.0,0.0
2009-10-19,0.0,0.990543117935388,0.0,0.0,0.0
2009-10-20,0.0,0.990543117935388,0.0,0.0,0.0
2009-10-21,0.0,0.990543117935388,0.0,0.0,0.0
2009-10-22,0.0,0.990543117935388,0.0,0.0,0.0
2009-10-23,0.0,0.990543117935388,0.0,0.0,0.0
2009-10-26,0.0,0.990543117935388,0.0,0.0,0.0
2009-10-27,0.0,0.990543117935388,0.0,0.0,0.0
2009-10-28,0.0,0.990543117935388,0.0,0.0,0.0
2009-10-29,0.0,0.990543117935388,0.0,0.0,0.0
2009-10-30,0.0,0.990543117935388,0.0,0.0,0.0
2009-11-02,0.0,0.990543117935388,0.0,0.0,0.0
2009-11-03,0.0,0.990543117935388,0.0,0.0,0.0
2009-11-04,0.0,0.990543117935388,0.0,0.0,0.0
2009-11-05,0.0,0.990543117935388,0.0,0.0,0.0
2009-11-06,0.0,0.990543117935388,0.0,0.0,0.0
2009-11-09,0.0,0.990543117935388,0.0,0.0,0.0
2009-11-10,0.0,0.990543117935388,0.0,0.0,0.0
2009-11-11,0.0,0.990543117935388,0.0,0.0,0.0
2009-11-12,0.0,0.990543117935388,0.0,0.0,0.0
2009-11-13,0.0,0.990543117935388,0.0,0.0,0.0
2009-11-16,0.0,0.990543117935388,0.0,0.0,0.0
2009-11-17,0.0,0.990543117935388,0.0,0.0,0.0
2009-11-18,0.0,0.990543117935388,0.0,0.0,0.0
2009-11-19,0.0,0.990543117935388,0.0,0.0,0.0
2009-11-20,0.0,0.990543117935388,0.0,0.0,0.0
2009-11-23,0.0,0.990543117935388,0.0,0.0,0.0
2009-11-24,0.0,0.990543117935388,0.0,0.0,0.0
2009-11-25,0.0,0.990543117935388,0.0,0.0,0.0
2009-11-27,0.0,0.990543117935388,0.0,0.0,0.0
2009-11-30,0.0,0.990543117935388,0.0,0.0,0.0
2009-12-01,0.0,0.990543117935388,0.0,0.0,0.0
2009-12-02,0.0,0.990543117935388,0.0,0.0,0.0
2009-12-03,0.0,0.990543117935388,0.0,0.0,0.0
2009-12-04,0.0,0.990543117935388,0.0,0.0,0.0
2009-12-07,0.0,0.990543117935388,0.0,0.0,0.0
2009-12-08,0.0,0.990543117935388,0.0,0.0,0.0
2009-12-09,0.0,0.990543117935388,0.0,0.0,0.0
2009-12-10,0.0,0.990543117935388,0.0,0.0,0.0
2009-12-11,0.0,0.990543117935388,0.0,0.0,0.0
2009-12-14,0.0,0.990543117935388,0.0,0.0,0.0
2009-12-15,0.0,0.990543117935388,0.0,0.0,0.0
2009-12-16,0.0,0.990543117935388,0.0,0.0,0.0
2009-12-17,0.0,0.990543117935388,0.0,0.0,0.0
2009-12-18,0.0,0.990543117935388,0.0,0.0,0.0
2009-12-21,0.0,0.990543117935388,0.0,0.0,0.0
2009-12-22,0.0,0.990543117935388,0.0,0.0,0.0
2009-12-23,0.0,0.990543117935388,0.0,0.0,0.0
2009-12-24,0.0,0.990543117935388,0.0,0.0,0.0
2009-12-28,0.0,0.990543117935388,0.0,0.0,0.0
2009-12-29,0.0,0.990543117935388,0.0,0.0,0.0
2009-12-30,0.0,0.990543117935388,0.0,0.0,0.0
2009-12-31,0.0,0.990543117935388,0.0,0.0,0.0
2010-01-04,0.0,0.990543117935388,0.0,0.0,0.0
2010-01-05,0.0,0.990543117935388,0.0,0.0,0.0
2010-01-06,0.0,0.990543117935388,0.0,0.0,0.0
2010-01-07,0.0,0.990543117935388,0.0,0.0,0.0
2010-01-08,0.0,0.990543117935388,0.0,0.0,0.0
2010-01-11,0.0,0.990543117935388,0.0,0.0,0.0
2010-01-12,0.0,0.990543117935388,0.0,0.0,0.0
2010-01-13,0.0,0.990543117935388,0.0,0.0,0.0
2010-01-14,0.0,0.990543117935388,0.0,0.0,0.0
2010-01-15,0.0,0.990543117935388,0.0,0.0,0.0
2010-01-19,0.0,0.990543117935388,0.0,0.0,0.0
2010-01-20,0.0,0.990543117935388,0.0,0.0,0.0
2010-01-21,0.0,0.990543117935388,0.0,0.0,0.0
2010-01-22,0.0,0.990543117935388,0.0,0.0,0.0
2010-01-25,0.0,0.990543117935388,0.0,0.0,0.0
2010-01-26,0.0,0.990543117935388,0.0,0.0,0.0
2010-01-27,0.0,0.990543117935388,0.0,0.0,0.0
2010-01-28,0.0,0.990543117935388,0.0,0.0,0.0
2010-01-29,0.0,0.990543117935388,0.0,0.0,0.0
2010-02-01,0.0,0.990543117935388,0.0,0.0,0.0
2010-02-02,0.0,0.990543117935388,0.0,0.0,0.0
2010-02-03,0.0,0.990543117935388,0.0,0.0,0.0
2010-02-04,0.0,0.990543117935388,0.0,0.0,0.0
2010-02-05,0.0,0.990543117935388,0.0,0.0,0.0
2010-02-08,0.0,0.990543117935388,0.0,0.0,0.0
2010-02-09,0.0,0.990543117935388,0.0,0.0,0.0
2010-02-10,0.0,0.990543117935388,0.0,0.0,0.0
2010-02-11,0.0,0.990543117935388,0.0,0.0,0.0
2010-02-12,0.0,0.990543117935388,0.0,0.0,0.0
2010-02-16,0.0,0.990543117935388,0.0,0.0,0.0
2010-02-17,0.0,0.990543117935388,0.0,0.0,0.0
2010-02-18,0.0,0.990543117935388,0.0,0.0,0.0
2010-02-19,0.0,0.990543117935388,0.0,0.0,0.0
2010-02-22,0.0,0.990543117935388,0.0,0.0,0.0
2010-02-23,0.0,0.990543117935388,0.0,0.0,0.0
2010-02-24,0.0,0.990543117935388,0.0,0.0,0.0
2010-02-25,0.0,0.990543117935388,0.0,0.0,0.0
2010-02-26,0.0,0.990543117935388,0.0,0.0,0.0
2010-03-01,0.0,0.990543117935388,0.0,0.0,0.0
2010-03-02,0.0,0.990543117935388,0.0,0.0,0.0
2010-03-03,0.0,0.990543117935388,0.0,0.0,0.0
2010-03-04,0.0,0.990543117935388,0.0,0.0,0.0
2010-03-05,0.0,0.990543117935388,0.0,0.0,0.0
2010-03-08,0.0,0.990543117935388,0.0,0.0,0.0
2010-03-09,0.0,0.990543117935388,0.0,0.0,0.0
2010-03-10,0.0,0.990543117935388,0.0,0.0,0.0
2010-03-11,0.0,0.990543117935388,0.0,0.0,0.0
2010-03-12,0.0,0.990543117935388,0.0,0.0,0.0
2010-03-15,0.0,0.990543117935388,0.0,0.0,0.0
2010-03-16,0.0,0.990543117935388,0.0,0.0,0.0
2010-03-17,0.0,0.990543117935388,0.0,0.0,0.0
2010-03-18,0.0,0.990543117935388,0.0,0.0,0.0
2010-03-19,0.0,0.990543117935388,0.0,0.0,0.0
2010-03-22,0.0,0.990543117935388,0.0,0.0,0.0
2010-03-23,0.0,0.990543117935388,0.0,0.0,0.0
2010-03-24,0.0,0.990543117935388,0.0,0.0,0.0
2010-03-25,0.0,0.990543117935388,0.0,0.0,0.0
2010-03-26,0.0,0.990543117935388,0.0,0.0,0.0
2010-03-29,0.0,0.990543117935388,0.0,0.0,0.0
2010-03-30,0.0,0.990543117935388,0.0,0.0,0.0
2010-03-31,0.0,0.990543117935388,0.0,0.0,0.0
2010-04-01,0.0,0.990543117935388,0.0,0.0,0.0
2010-04-05,0.0,0.990543117935388,0.0,0.0,0.0
2010-04-06,0.0,0.990543117935388,0.0,0.0,0.0
2010-04-07,0.0,0.990543117935388,0.0,0.0,0.0
2010-04-08,0.0,0.990543117935388,0.0,0.0,0.0
2010-04-09,0.0,0.990543117935388,0.0,0.0,0.0
2010-04-12,0.0,0.990543117935388,0.0,0.0,0.0
2010-04-13,0.0,0.990543117935388,0.0,0.0,0.0
2010-04-14,0.0,0.990543117935388,0.0,0.0,0.0
2010-04-15,0.0,0.990543117935388,0.0,0.0,0.0
2010-04-16,0.0,0.990543117935388,0.0,0.0,0.0
2010-04-19,0.0,0.990543117935388,0.0,0.0,0.0
2010-04-20,0.0,0.990543117935388,0.0,0.0,0.0
2010-04-21,0.0,0.990543117935388,0.0,0.0,0.0
2010-04-22,0.0,0.990543117935388,0.0,0.0,0.0
2010-04-23,0.0,0.990543117935388,0.0,0.0,0.0
2010-04-26,0.0,0.990543117935388,0.0,0.0,0.0
2010-04-27,0.0,0.990543117935388,0.0,0.0,0.0
2010-04-28,0.0,0.990543117935388,0.0,0.0,0.0
2010-04-29,0.0,0.990543117935388,0.0,0.0,0.0
2010-04-30,0.0,0.990543117935388,0.0,0.0,0.0
2010-05-03,0.0,0.990543117935388,0.0,0.0,0.0
2010-05-04,0.0,0.990543117935388,0.0,0.0,0.0
2010-05-05,0.0,0.990543117935388,0.0,0.0,0.0
2010-05-06,0.0,0.990543117935388,0.0,0.0,0.0
2010-05-07,0.0,0.990543117935388,0.0,0.0,0.0
2010-05-10,0.0,0.990543117935388,0.0,0.0,0.0
2010-05-11,0.0,0.990543117935388,0.0,0.0,0.0
2010-05-12,0.0,0.990543117935388,0.0,0.0,0.0
2010-05-13,0.0,0.990543117935388,0.0,0.0,0.0
2010-05-14,0.0,0.990543117935388,0.0,0.0,0.0
2010-05-17,0.0,0.990543117935388,0.0,0.0,0.0
2010-05-18,0.0,0.990543117935388,0.0,0.0,0.0
2010-05-19,0.0,0.990543117935388,0.0,0.0,0.0
2010-05-20,0.0,0.990543117935388,0.0,0.0,0.0
2010-05-21,0.002125276491734329,0.9926482959379852,1.0252673000925014,0.9987515605493132,0.0001894836076680017
2010-05-24,-0.005316942123623547,0.9873704423993694,1.0217458754420474,0.0,0.0001888429906485491
2010-05-25,-6.040496991344124e-05,0.9873108003175028,1.0227908448375698,0.0,0.00019000755830150806
2010-05-26,0.0018673756262264085,0.9891544804415259,1.0122718803176907,0.0,0.00018738583853138328
2010-05-27,0.00011738199023025864,0.9892705893630853,1.0480774858660535,0.0,0.00019419911155250594
2010-05-28,-0.00432928510851549,0.9849877549322633,1.0426977752438311,0.0,0.0001932249550827545
2010-06-01,-0.005020442098478517,0.9800426809409155,1.0340650432914988,0.0,0.00019264235177171896
2010-06-02,0.0025500423673521233,0.9825418312991283,1.0571497958096288,0.0,0.000197535248079067
2010-06-03,-0.002991879432282074,0.9796021846027076,1.0669967705159826,0.0,0.00019886223982116277
2010-06-04,-0.0027897845278329614,0.9768693055846717,1.0328234301826518,0.0,0.00019267630025679013
2010-06-07,0.001867642769535216,0.9786937484800278,1.015275825451902,0.0,0.000189796129248826
2010-06-08,0.006437531175470301,0.9849941199971057,1.0136525604428828,0.0,0.0001890836026077578
2010-06-09,0.0008870246238597002,0.9858678340359003,1.0059089067242521,0.0,0.00018624943748663588
2010-06-10,0.0021334210950667565,0.9879711052699802,1.0327787761576839,0.0,0.00019071241267254742
2010-06-11,-0.00210550284069555,0.9858909293013092,1.0422424004105937,0.0,0.00019276153102637061
2010-06-14,-0.0009472180498515392,0.98495707561789,1.042261607279149,0.0,0.00019318372829195643
2010-06-15,-0.0006421604048899576,0.984324575183412,1.0686350576558976,0.0,0.00019824092522068533
2010-06-16,-0.0024384969012731794,0.9819243027569802,1.0730847345019106,0.0,0.00019975005261809746
2010-06-17,-0.000896825862871875,0.9810436876468853,1.0765769316570728,0.0,0.0002008018263962889
2010-06-18,-1.970813923724002e-06,0.981041754192326,1.07761832017467,0.0,0.00020087995609012233
2010-06-21,-0.0007201616795755594,0.980335245514893,0.0,1.0904869133820947,0.0
2010-06-22,0.0,0.980335245514893,0.0,0.0,0.0
2010-06-23,-0.0010272098635342175,0.9793282354811299,0.9953688791032989,0.9987515605493134,0.0001830969865860473
2010-06-24,-0.0020000095190338962,0.977369569687909,0.981470708382972,0.0,0.00018061331109322964
2010-06-25,0.0019309798597992867,0.979256850642557,0.9818677311393709,0.0,0.00018106728335641508
2010-06-28,-0.00023265038064868016,0.9790290261635022,0.9788268098678042,0.0,0.0001797696957724291
2010-06-29,0.0010986956220739863,0.9801046810684313,0.9440774451268567,0.0,0.00017308709303630128
2010-06-30,0.001625837494590776,0.9816981720075363,0.9311047004497816,0.0,0.00017019259674782439
2010-07-01,-0.001207466682301539,0.9805128041727609,0.9287819938752987,0.0,0.0001697163571283079
2010-07-02,-0.0016966605832094972,0.9788492067465887,0.9264173417753577,0.0,0.00016899441313282407
2010-07-06,0.0017969504768280409,0.9806081502953947,0.9293284598352094,0.0,0.00016985109166382865
2010-07-07,0.0019791032296505584,0.9825488750526661,0.9568882382473943,0.0,0.00017510599381067706
2010-07-08,0.002531714694034237,0.9850364084772438,0.9619679981948659,0.0,0.00017554501493382895
2010-07-09,-0.0004884324475750157,0.9845552847333008,0.9705234555705368,0.0,0.00017690210242431243
2010-07-12,-0.0011371485550245586,0.9834356991139245,0.973269664480147,0.0,0.0001777537076202598
2010-07-13,0.0019434912821567618,0.9853469978217141,0.985087510330465,0.0,0.00017974168635060105
2010-07-14,-0.002526586904263328,0.9828574330008626,0.9898371326482847,0.0,0.0001810521488213356
2010-07-15,-0.00043594254755763284,0.9824289636276342,0.9908158404431572,0.0,0.00018107030531261644
2010-07-16,-0.0022567924327487887,0.9802118253768062,0.9656690630668879,0.0,0.00017649222354480294
2010-07-19,-0.0009194725240159185,0.9793105475356567,0.9734534993140948,0.0,0.0001780744654457445
2010-07-20,0.00020491674947775707,0.979511224669787,0.9844908557204192,0.0,0.00018044418102088332
2010-07-21,-0.0008337256356044653,0.9786945810514175,0.9721866649799092,0.0,0.000178361896230371
2010-07-22,-0.0013591446649011685,0.9773643935330137,0.0,0.9848550044736681,0.0
2010-07-23,0.0,0.9773643935330137,0.0,0.0,0.0
2010-07-26,0.0,0.9773643935330137,0.0,0.0,0.0
2010-07-27,0.0,0.9773643935330137,0.0,0.0,0.0
2010-07-28,0.0,0.9773643935330137,0.0,0.0,0.0
2010-07-29,0.0,0.9773643935330137,0.0,0.0,0.0
2010-07-30,0.0,0.9773643935330137,0.0,0.0,0.0
2010-08-02,0.0,0.9773643935330137,0.0,0.0,0.0
2010-08-03,0.0,0.9773643935330137,0.0,0.0,0.0
2010-08-04,0.0,0.9773643935330137,0.0,0.0,0.0
2010-08-05,0.0,0.9773643935330137,0.0,0.0,0.0
2010-08-06,0.0,0.9773643935330137,0.0,0.0,0.0
2010-08-09,0.0,0.9773643935330137,0.0,0.0,0.0
2010-08-10,0.0,0.9773643935330137,0.0,0.0,0.0
2010-08-11,0.0,0.9773643935330137,0.0,0.0,0.0
2010-08-12,0.0,0.9773643935330137,0.0,0.0,0.0
2010-08-13,0.0,0.9773643935330137,0.0,0.0,0.0
2010-08-16,0.0,0.9773643935330137,0.0,0.0,0.0
2010-08-17,0.0,0.9773643935330137,0.0,0.0,0.0
2010-08-18,0.0,0.9773643935330137,0.0,0.0,0.0
2010-08-19,0.0,0.9773643935330137,0.0,0.0,0.0
2010-08-20,0.0,0.9773643935330137,0.0,0.0,0.0
2010-08-23,0.0,0.9773643935330137,0.0,0.0,0.0
2010-08-24,0.0,0.9773643935330137,0.0,0.0,0.0
2010-08-25,0.0,0.9773643935330137,0.0,0.0,0.0
2010-08-26,0.0,0.9773643935330137,0.0,0.0,0.0
2010-08-27,0.0,0.9773643935330137,0.0,0.0,0.0
2010-08-30,0.0,0.9773643935330137,0.0,0.0,0.0
2010-08-31,0.0,0.9773643935330137,0.0,0.0,0.0
2010-09-01,0.0,0.9773643935330137,0.0,0.0,0.0
2010-09-02,0.0,0.9773643935330137,0.0,0.0,0.0
2010-09-03,0.0,0.9773643935330137,0.0,0.0,0.0
2010-09-07,0.0,0.9773643935330137,0.0,0.0,0.0
2010-09-08,0.0,0.9773643935330137,0.0,0.0,0.0
2010-09-09,0.0,0.9773643935330137,0.0,0.0,0.0
2010-09-10,0.0,0.9773643935330137,0.0,0.0,0.0
2010-09-13,0.0,0.9773643935330137,0.0,0.0,0.0
2010-09-14,0.0,0.9773643935330137,0.0,0.0,0.0
2010-09-15,0.0,0.9773643935330137,0.0,0.0,0.0
2010-09-16,0.0,0.9773643935330137,0.0,0.0,0.0
2010-09-17,0.0,0.9773643935330137,0.0,0.0,0.0
2010-09-20,0.0,0.9773643935330137,0.0,0.0,0.0
2010-09-21,0.0,0.9773643935330137,0.0,0.0,0.0
2010-09-22,0.0,0.9773643935330137,0.0,0.0,0.0
2010-09-23,0.0,0.9773643935330137,0.0,0.0,0.0
2010-09-24,5.541702782085878e-05,0.9774185561628014,1.007888924602167,0.9987515605493132,0.00017280192875602235
2010-09-27,-0.0005466233308061286,0.9768842763760399,1.003327706027335,0.0,0.00017177346944096094
2010-09-28,0.0019992561202661907,0.9788373182443765,1.0031418210492122,0.0,0.00017192944291364223
2010-09-29,-0.00046680371256269115,0.9783803933502251,1.001913453139957,0.0,0.00017139878237292747
2010-09-30,6.316776916981404e-05,0.9784421954570726,0.998229958320012,0.0,0.00017045244323646405
2010-10-01,0.002745957678680133,0.9811289563168326,0.9973561078467176,0.0,0.00017023437846293022
2010-10-04,0.00019010963753474108,0.9813154783870928,0.9882673222622692,0.0,0.00016804338534147066
2010-10-05,0.0008940428663386513,0.9821928164901724,1.009042645128895,0.0,0.00017203552830112557
2010-10-06,0.0035319970976406267,0.9856619186673392,1.0017027628655688,0.0,0.00017039118542376235
2010-10-07,-0.0024277344555460045,0.9832689932658709,1.0050155674623227,0.0,0.0001705035022728233
2010-10-08,8.574054135812581e-05,0.9833532992816542,1.0111137753626738,0.0,0.0001719691213064933
2010-10-11,0.00019878907520065603,0.9835487791746139,1.011632380818091,0.0,0.00017202145971560216
2010-10-12,-0.0013525195808499202,0.9822185101920592,1.0177549130738242,0.0,0.00017347710524900242
2010-10-13,0.0007623076095786274,0.9829672628366476,1.0250656754300624,0.0,0.00017485003922629075
2010-10-14,-0.0015826209988255568,0.9814115982053242,1.023533732692183,0.0,0.00017458728635204874
2010-10-15,-0.008330845026394584,0.9732356102735694,1.0427559298652,0.0,0.0001786707668405294
2010-10-18,0.004398083896096416,0.9775159821382211,1.0394157181915702,0.0,0.00017924577420280158
2010-10-19,-0.003695341612663494,0.9739037266523821,1.031291323533004,0.0,0.00017702784711369469
2010-10-20,0.0022691103510228405,0.9761136216794288,1.0378963157169117,0.0,0.00017879128589846251
2010-10-21,0.0002413902947033808,0.97634924603423,1.0398213593322263,0.0,0.00017873176249109485
2010-10-22,-0.0004901987372850636,0.9758706408666749,0.0,1.0399643324439372,0.0
2010-10-25,0.0,0.9758706408666749,0.0,0.0,0.0
2010-10-26,0.0,0.9758706408666749,0.0,0.0,0.0
2010-10-27,0.0,0.9758706408666749,0.0,0.0,0.0
2010-10-28,0.0,0.9758706408666749,0.0,0.0,0.0
2010-10-29,0.0,0.9758706408666749,0.0,0.0,0.0
2010-11-01,0.0,0.9758706408666749,0.0,0.0,0.0
2010-11-02,0.0,0.9758706408666749,0.0,0.0,0.0
2010-11-03,0.0,0.9758706408666749,0.0,0.0,0.0
2010-11-04,0.0,0.9758706408666749,0.0,0.0,0.0
2010-11-05,0.0,0.9758706408666749,0.0,0.0,0.0
2010-11-08,0.0,0.9758706408666749,0.0,0.0,0.0
2010-11-09,0.0,0.9758706408666749,0.0,0.0,0.0
2010-11-10,0.0,0.9758706408666749,0.0,0.0,0.0
2010-11-11,0.0,0.9758706408666749,0.0,0.0,0.0
2010-11-12,0.0,0.9758706408666749,0.0,0.0,0.0
2010-11-15,0.0,0.9758706408666749,0.0,0.0,0.0
2010-11-16,0.0,0.9758706408666749,0.0,0.0,0.0
2010-11-17,0.0,0.9758706408666749,0.0,0.0,0.0
2010-11-18,0.0,0.9758706408666749,0.0,0.0,0.0
2010-11-19,0.0,0.9758706408666749,0.0,0.0,0.0
2010-11-22,0.0,0.9758706408666749,0.0,0.0,0.0
2010-11-23,0.0,0.9758706408666749,0.0,0.0,0.0
2010-11-24,0.0,0.9758706408666749,0.0,0.0,0.0
2010-11-26,0.0,0.9758706408666749,0.0,0.0,0.0
2010-11-29,0.0,0.9758706408666749,0.0,0.0,0.0
2010-11-30,0.0,0.9758706408666749,0.0,0.0,0.0
2010-12-01,0.0,0.9758706408666749,0.0,0.0,0.0
2010-12-02,0.0,0.9758706408666749,0.0,0.0,0.0
2010-12-03,0.0,0.9758706408666749,0.0,0.0,0.0
2010-12-06,0.0,0.9758706408666749,0.0,0.0,0.0
2010-12-07,0.0,0.9758706408666749,0.0,0.0,0.0
2010-12-08,0.0,0.9758706408666749,0.0,0.0,0.0
2010-12-09,0.0,0.9758706408666749,0.0,0.0,0.0
2010-12-10,0.0,0.9758706408666749,0.0,0.0,0.0
2010-12-13,0.0,0.9758706408666749,0.0,0.0,0.0
2010-12-14,0.0,0.9758706408666749,0.0,0.0,0.0
2010-12-15,0.0,0.9758706408666749,0.0,0.0,0.0
2010-12-16,0.0,0.9758706408666749,0.0,0.0,0.0
2010-12-17,0.0,0.9758706408666749,0.0,0.0,0.0
2010-12-20,0.0,0.9758706408666749,0.0,0.0,0.0
2010-12-21,0.0,0.9758706408666749,0.0,0.0,0.0
2010-12-22,0.0,0.9758706408666749,0.0,0.0,0.0
2010-12-23,0.0,0.9758706408666749,0.0,0.0,0.0
2010-12-27,0.0,0.9758706408666749,0.0,0.0,0.0
2010-12-28,0.0,0.9758706408666749,0.0,0.0,0.0
2010-12-29,0.0,0.9758706408666749,0.0,0.0,0.0
2010-12-30,0.0,0.9758706408666749,0.0,0.0,0.0
2010-12-31,0.0,0.9758706408666749,0.0,0.0,0.0
2011-01-03,0.0,0.9758706408666749,0.0,0.0,0.0
2011-01-04,0.0,0.9758706408666749,0.0,0.0,0.0
2011-01-05,0.0,0.9758706408666749,0.0,0.0,0.0
2011-01-06,0.0,0.9758706408666749,0.0,0.0,0.0
2011-01-07,0.0,0.9758706408666749,0.0,0.0,0.0
2011-01-10,0.0,0.9758706408666749,0.0,0.0,0.0
2011-01-11,0.0,0.9758706408666749,0.0,0.0,0.0
2011-01-12,0.0,0.9758706408666749,0.0,0.0,0.0
2011-01-13,0.0,0.9758706408666749,0.0,0.0,0.0
2011-01-14,0.0,0.9758706408666749,0.0,0.0,0.0
2011-01-18,0.0,0.9758706408666749,0.0,0.0,0.0
2011-01-19,0.0,0.9758706408666749,0.0,0.0,0.0
2011-01-20,0.0,0.9758706408666749,0.0,0.0,0.0
2011-01-21,0.0,0.9758706408666749,0.0,0.0,0.0
2011-01-24,0.0,0.9758706408666749,0.0,0.0,0.0
2011-01-25,0.0,0.9758706408666749,0.0,0.0,0.0
2011-01-26,0.0,0.9758706408666749,0.0,0.0,0.0
2011-01-27,0.0,0.9758706408666749,0.0,0.0,0.0
2011-01-28,0.0,0.9758706408666749,0.0,0.0,0.0
2011-01-31,0.0,0.9758706408666749,0.0,0.0,0.0
2011-02-01,0.0,0.9758706408666749,0.0,0.0,0.0
2011-02-02,0.0,0.9758706408666749,0.0,0.0,0.0
2011-02-03,0.0,0.9758706408666749,0.0,0.0,0.0
2011-02-04,0.0,0.9758706408666749,0.0,0.0,0.0
2011-02-07,0.0,0.9758706408666749,0.0,0.0,0.0
2011-02-08,0.0,0.9758706408666749,0.0,0.0,0.0
2011-02-09,0.0,0.9758706408666749,0.0,0.0,0.0
2011-02-10,0.0,0.9758706408666749,0.0,0.0,0.0
2011-02-11,0.0,0.9758706408666749,0.0,0.0,0.0
2011-02-14,0.0,0.9758706408666749,0.0,0.0,0.0
2011-02-15,0.0,0.9758706408666749,0.0,0.0,0.0
2011-02-16,0.0,0.9758706408666749,0.0,0.0,0.0
2011-02-17,0.0,0.9758706408666749,0.0,0.0,0.0
2011-02-18,0.0,0.9758706408666749,0.0,0.0,0.0
2011-02-22,0.0,0.9758706408666749,0.0,0.0,0.0
2011-02-23,0.0,0.9758706408666749,0.0,0.0,0.0
2011-02-24,0.0,0.9758706408666749,0.0,0.0,0.0
2011-02-25,0.0,0.9758706408666749,0.0,0.0,0.0
2011-02-28,0.0,0.9758706408666749,0.0,0.0,0.0
2011-03-01,0.0,0.9758706408666749,0.0,0.0,0.0
2011-03-02,0.0,0.9758706408666749,0.0,0.0,0.0
2011-03-03,0.0,0.9758706408666749,0.0,0.0,0.0
2011-03-04,0.0,0.9758706408666749,0.0,0.0,0.0
2011-03-07,0.0,0.9758706408666749,0.0,0.0,0.0
2011-03-08,0.0,0.9758706408666749,0.0,0.0,0.0
2011-03-09,0.0,0.9758706408666749,0.0,0.0,0.0
2011-03-10,0.0,0.9758706408666749,0.0,0.0,0.0
2011-03-11,0.0,0.9758706408666749,0.0,0.0,0.0
2011-03-14,0.0,0.9758706408666749,0.0,0.0,0.0
2011-03-15,0.0,0.9758706408666749,0.0,0.0,0.0
2011-03-16,0.0,0.9758706408666749,0.0,0.0,0.0
2011-03-17,0.0,0.9758706408666749,0.0,0.0,0.0
2011-03-18,0.0,0.9758706408666749,0.0,0.0,0.0
2011-03-21,0.0,0.9758706408666749,0.0,0.0,0.0
2011-03-22,0.0,0.9758706408666749,0.0,0.0,0.0
2011-03-23,0.0,0.9758706408666749,0.0,0.0,0.0
2011-03-24,0.0,0.9758706408666749,0.0,0.0,0.0
2011-03-25,0.0,0.9758706408666749,0.0,0.0,0.0
2011-03-28,0.0,0.9758706408666749,0.0,0.0,0.0
2011-03-29,0.0,0.9758706408666749,0.0,0.0,0.0
2011-03-30,0.0,0.9758706408666749,0.0,0.0,0.0
2011-03-31,0.0,0.9758706408666749,0.0,0.0,0.0
2011-04-01,0.0,0.9758706408666749,0.0,0.0,0.0
2011-04-04,0.0,0.9758706408666749,0.0,0.0,0.0
2011-04-05,0.0,0.9758706408666749,0.0,0.0,0.0
2011-04-06,0.0,0.9758706408666749,0.0,0.0,0.0
2011-04-07,-0.0012097880036550102,0.9746900442722353,0.9993908496548916,0.9987515605493134,0.00021885124424879442
2011-04-08,-0.00042352425479641465,0.9742772393975774,0.9957972640960864,0.0,0.00021845026465080666
2011-04-11,-4.6211760557079984e-05,0.9742322163310742,0.9927003750193941,0.0,0.00021754726059945552
2011-04-12,0.00083666288971318,0.9750473202724413,0.9847245715490393,0.0,0.00021595421114612687
2011-04-13,0.0035753930999189443,0.9785334977334379,0.9849117545772904,0.0,0.00021581716060037632
2011-04-14,-0.001406415726366017,0.9771572728334497,0.9859326567622836,0.0,0.00021535318967603025
2011-04-15,-0.002978866393942403,0.9742464518718097,0.9900854278738735,0.0,0.00021705220096763595
2011-04-18,0.002790066227928545,0.9769646639948564,0.9780961591587729,0.0,0.00021434546843970254
2011-04-19,-0.0005851441772212196,0.9763929988103689,0.9845005312857782,0.0,0.00021523654672391408
2011-04-20,0.002367488929336359,0.9787045984257339,0.9995215492536189,0.0,0.00021808743547263086
2011-04-21,0.0005568516349918617,0.9792495916815414,1.0053469545480516,0.0,0.00021863972413825293
2011-04-25,0.001525322626631631,0.980743263240853,1.0044047572665928,0.0,0.00021844466239477104
2011-04-26,-0.0023902509398382454,0.9783990407341515,1.014125679373694,0.0,0.0002202801354337649
2011-04-27,-0.0007387661003123158,0.977676232690279,1.0216258045072264,0.0,0.00022218156748120065
2011-04-28,-0.0027411118793766454,0.9749963127546675,1.0255522682784806,0.0,0.0002231104276111844
2011-04-29,-0.0019394538884525137,0.9731053523646686,1.0284812518998685,0.0,0.00022439657423563002
2011-05-02,-0.00021443870237192186,0.9728966809156363,1.02696903871236,0.0,0.0002246855194574414
2011-05-03,-0.00038261568081954245,0.9725244353897007,1.0231352445245308,0.0,0.00022330007324732762
2011-05-04,0.002808673937160888,0.9752559394246318,1.0158409625479121,0.0,0.00022198413035697654
2011-05-05,0.002331156021082581,0.9775294131799181,1.0059464809692473,0.0,0.00021928146247041623
2011-05-06,-0.002242766366828297,0.9753370430894528,0.0,1.0169481345885316,0.0
2011-05-09,0.0,0.9753370430894528,0.0,0.0,0.0
2011-05-10,0.0,0.9753370430894528,0.0,0.0,0.0
2011-05-11,0.0,0.9753370430894528,0.0,0.0,0.0
2011-05-12,0.0,0.9753370430894528,0.0,0.0,0.0
2011-05-13,0.0,0.9753370430894528,0.0,0.0,0.0
2011-05-16,0.0,0.9753370430894528,0.0,0.0,0.0
2011-05-17,0.0,0.9753370430894528,0.0,0.0,0.0
2011-05-18,0.0,0.9753370430894528,0.0,0.0,0.0
2011-05-19,0.0,0.9753370430894528,0.0,0.0,0.0
2011-05-20,0.0,0.9753370430894528,0.0,0.0,0.0
2011-05-23,0.0,0.9753370430894528,0.0,0.0,0.0
2011-05-24,0.0,0.9753370430894528,0.0,0.0,0.0
2011-05-25,0.0,0.9753370430894528,0.0,0.0,0.0
2011-05-26,0.0,0.9753370430894528,0.0,0.0,0.0
2011-05-27,0.0,0.9753370430894528,0.0,0.0,0.0
2011-05-31,0.0,0.9753370430894528,0.0,0.0,0.0
2011-06-01,0.0,0.9753370430894528,0.0,0.0,0.0
2011-06-02,0.0,0.9753370430894528,0.0,0.0,0.0
2011-06-03,0.0,0.9753370430894528,0.0,0.0,0.0
2011-06-06,0.0,0.9753370430894528,0.0,0.0,0.0
2011-06-07,0.0,0.9753370430894528,0.0,0.0,0.0
2011-06-08,0.0,0.9753370430894528,0.0,0.0,0.0
2011-06-09,0.0,0.9753370430894528,0.0,0.0,0.0
2011-06-10,0.0,0.9753370430894528,0.0,0.0,0.0
2011-06-13,0.0,0.9753370430894528,0.0,0.0,0.0
2011-06-14,0.0,0.9753370430894528,0.0,0.0,0.0
2011-06-15,0.0,0.9753370430894528,0.0,0.0,0.0
2011-06-16,0.0,0.9753370430894528,0.0,0.0,0.0
2011-06-17,0.0,0.9753370430894528,0.0,0.0,0.0
2011-06-20,-0.0023502209048601452,0.9730447855814994,1.0094060197177113,0.9987515605493132,0.00021510564025781733
2011-06-21,0.0023341892487793725,0.9753160562585845,1.0244592887770563,0.0,0.0002188232357120624
2011-06-22,-0.0003456308293716681,0.9749789569611603,1.0180602876422038,0.0,0.00021680494445661163
2011-06-23,0.005742245439513294,0.9805775254303919,1.0150476339744803,0.0,0.0002159070847212941
2011-06-24,-0.0021324932137863906,0.9784864505118201,1.0026836867672544,0.0,0.00021291132385587247
2011-06-27,0.0024612171167106567,0.9808947181122893,1.012430655779988,0.0,0.00021477852598192714
2011-06-28,-0.00025435034185061767,0.980645227205418,1.0267518013154309,0.0,0.0002173307689281328
2011-06-29,-0.002937930995328686,0.9777641591969901,1.0364504096776477,0.0,0.00021930316193411424
2011-06-30,0.0009186772902134432,0.9786624089252289,1.047214796071573,0.0,0.00022176045931250902
2011-07-01,-0.0011036471198216935,0.9775823109763409,1.0640087439396704,0.0,0.00022487277130173695
2011-07-05,0.0027291678233967165,0.9802502971641793,1.063129415507463,0.0,0.0002246311162470748
2011-07-06,0.0007253466441590195,0.9809613184276633,1.0646587490907724,0.0,0.00022436723896682157
2011-07-07,0.0007467230720463736,0.9816938248769183,1.0765614721459706,0.0,0.00022698746857058535
2011-07-08,0.0007631244827763783,0.9824429794692722,0.0,1.0635230656838728,0.0
2011-07-11,0.0,0.9824429794692722,0.0,0.0,0.0
2011-07-12,0.0,0.9824429794692722,0.0,0.0,0.0
2011-07-13,0.0,0.9824429794692722,0.0,0.0,0.0
2011-07-14,0.0,0.9824429794692722,0.0,0.0,0.0
2011-07-15,0.0,0.9824429794692722,0.0,0.0,0.0
2011-07-18,0.0,0.9824429794692722,0.0,0.0,0.0
2011-07-19,0.0,0.9824429794692722,0.0,0.0,0.0
2011-07-20,0.0,0.9824429794692722,0.0,0.0,0.0
2011-07-21,0.0,0.9824429794692722,0.0,0.0,0.0
2011-07-22,0.0,0.9824429794692722,0.0,0.0,0.0
2011-07-25,0.0,0.9824429794692722,0.0,0.0,0.0
2011-07-26,0.0,0.9824429794692722,0.0,0.0,0.0
2011-07-27,0.0,0.9824429794692722,0.0,0.0,0.0
2011-07-28,0.0,0.9824429794692722,0.0,0.0,0.0
2011-07-29,0.0,0.9824429794692722,0.0,0.0,0.0
2011-08-01,0.0,0.9824429794692722,0.0,0.0,0.0
2011-08-02,0.0,0.9824429794692722,0.0,0.0,0.0
2011-08-03,0.0,0.9824429794692722,0.0,0.0,0.0
2011-08-04,-0.003997371776732983,0.9785157896308923,0.9695866885438297,0.9987515605493132,0.00017896132392223227
2011-08-05,0.0018898868477723596,0.9803650737520532,0.9641488755898502,0.0,0.00017822229789087992
2011-08-08,-0.00667798611653081,0.9738182094004053,0.9096508235334434,0.0,0.00016746004139900372
2011-08-09,0.001869873236922004,0.9756391260077903,0.9509065053262565,0.0,0.0001764938805147745
2011-08-10,-0.004346007167242205,0.9713989913735186,0.9143194770328218,0.0,0.0001691146185949836
2011-08-11,0.0027790573446999645,0.9740985648751292,0.9523507744891361,0.0,0.00017776698612914573
2011-08-12,-0.0007147723185916277,0.9734023061853767,0.9603940526453782,0.0,0.00017816592713338212
2011-08-15,0.0039804443603577155,0.9772768799053915,0.9739549072756657,0.0,0.0001807555802288693
2011-08-16,-0.0007609918789978076,0.9765331801362511,0.9664084422833813,0.0,0.00017910235096602943
2011-08-17,0.0028465504073871273,0.979312931057995,0.9613364890423066,0.0,0.00017768260552227945
2011-08-18,-0.00035924557461342044,0.9789611172213507,0.917544384825147,0.0,0.000169115209274732
2011-08-19,-0.0005119057898494983,0.9784599813574075,0.9022872689174583,0.0,0.00016624257273110916
2011-08-22,-0.0012841792350428705,0.9772034633670279,0.9053413935077567,0.0,0.00016641374764712758
2011-08-23,-0.001534956773385887,0.9757034982919566,0.940074682584486,0.0,0.0001738238520229729
2011-08-24,0.0034555391396764445,0.9790750799190238,0.9473062015117754,0.0,0.0001752426953645152
2011-08-25,-0.0007181803819327204,0.9783719274041867,0.9330609634306769,0.0,0.00017129850593176042
2011-08-26,-0.003780628474882919,0.9746730666364163,0.9548021585105783,0.0,0.0001764524513578968
2011-08-29,0.0020238443057243316,0.9766456531722714,0.97986425096565,0.0,0.00018141554821417044
2011-08-30,-0.0018198852267024002,0.97486827017634,0.9860511322100588,0.0,0.0001827931576685111
2011-08-31,0.0013907995690460861,0.9762241165463781,0.987761903820576,0.0,0.00018320580953262467
2011-09-01,-0.00210797499426163,0.9741662605199032,0.0,0.9900991613804337,0.0
2011-09-02,-0.0011568554199840042,0.9730392910014551,0.994710668448028,0.9987515605493134,0.0001929682121999309
2011-09-06,-0.00399060518544303,0.9691562753611449,0.9950664566384438,0.0,0.0001939221304447723
2011-09-07,0.0016941178549199076,0.970798140311442,1.0200016233501552,0.0,0.0001987804241594986
2011-09-08,-0.003307179014821471,0.9675875370741762,1.0156717524396814,0.0,0.00019777962549875528
2011-09-09,-0.002596642695638862,0.9650750579636413,0.9936122999530255,0.0,0.00019438252170513327
2011-09-12,-0.0032030006115002507,0.9619839219628402,1.0063587322394587,0.0,0.00019707679261659188
2011-09-13,-0.002190650171976727,0.9598765517187535,1.0199120513635567,0.0,0.00020021831585969143
2011-09-14,-0.00030786255600878665,0.9595810416700885,1.034576061040483,0.0,0.00020348081838303985
2011-09-15,0.001197551791026541,0.9607301896651756,1.0499184028173287,0.0,0.00020655701124290668
2011-09-16,-0.0018368962128114674,0.958965428018246,1.059767593258773,0.0,0.00020800460784154134
2011-09-19,-0.005712813160253627,0.9534870377008351,1.060694855860015,0.0,0.00020913444136353847
2011-09-20,0.0015080836586613966,0.9549249759211371,1.0561472895126172,0.0,0.00020903196142007778
2011-09-21,-0.006688886163593533,0.9485375914624283,1.038325892625444,0.0,0.00020549633588253495
2011-09-22,-4.890657610245874e-05,0.9484912017365255,1.0047190355604876,0.0,0.00020002334116498422
2011-09-23,-0.002532755778947293,0.9460889051640466,1.0156665399131821,0.0,0.0002016213971658958
2011-09-26,0.005892553092395447,0.9516637842678521,1.0275718100981432,0.0,0.00020421339860458485
2011-09-27,0.00021692738408862766,0.9518702262031052,1.0384395521593037,0.0,0.00020529081837807162
2011-09-28,-0.003156224610954217,0.9488659099687284,1.0233683465933987,0.0,0.00020273609014122884
2011-09-29,0.009943580741349711,0.9583010347572167,1.0112532403950303,0.0,0.00020057702069734484
2011-09-30,-2.8538667136035478e-05,0.9582736861229697,0.9856061111419046,0.0,0.0001936795203274692
2011-10-03,0.00024287837111858224,0.9585064300749411,0.0,0.976902192607712,0.0
2011-10-04,0.00014588966484052612,0.9586462662567723,1.0323679651622266,0.9987515605493134,0.0002121196427114737
2011-10-05,-0.004721717468924358,0.9541198094348686,1.0603157527284777,0.0,0.00021697619421919768
2011-10-06,-0.0002644326098013572,0.9538675090435966,1.0790795695959179,0.0,0.00022214028357830804
2011-10-07,9.870473592465956e-06,0.9538769241676553,1.0718894998115844,0.0,0.00022009488673774787
2011-10-10,-0.0022359816748285244,0.9517440728451747,1.1108571088568628,0.0,0.00022862297371032883
2011-10-11,-0.0036145590983462927,0.948303937647375,1.1193588258508052,0.0,0.00023090657476538718
2011-10-12,0.0015733453312012369,0.9497959472202323,1.1251913503289115,0.0,0.000232881234969646
2011-10-13,-0.006682761673350468,0.9434486872666453,1.1370916469497612,0.0,0.00023476483214142284
2011-10-14,-0.0019931587136841067,0.941568244294706,1.159710249807918,0.0,0.00024047475756324612
2011-10-17,-0.0014123325053164715,0.9402384368573148,1.141379275096728,0.0,0.00023694843731751706
2011-10-18,0.0029661102483722335,0.9430272877207907,1.1559833174039111,0.0,0.0002401442239590069
2011-10-19,0.004891375164758793,0.9476399879756381,1.1322524447934923,0.0,0.00023436545519251676
2011-10-20,0.00504410218938367,0.9524199809137335,1.1260478905355649,0.0,0.00023230385525112315
2011-10-21,0.002752624408445481,0.9550416354002877,1.140532058856719,0.0,0.00023433113035395078
2011-10-24,-0.0057088253537787015,0.9495894694982003,1.1661844802454393,0.0,0.00023889077619123543
2011-10-25,0.0007363161946263297,0.9502886676028385,1.1425364961282125,0.0,0.00023540921094228088
2011-10-26,0.006077471658831879,0.9560640200479039,1.1404709918697717,0.0,0.0002341924422361318
2011-10-27,0.002778974249596722,0.958720897340583,1.1726791655672872,0.0,0.00023962424413695162
2011-10-28,-0.0012941830320664094,0.9574801370227572,1.1749883911104801,0.0,0.00023936008663056601
2011-10-31,-0.003841292041658062,0.9538021761923661,1.1555202607834425,0.0,0.00023605690804776784
2011-11-01,-0.0021456988257442244,0.9517556039829178,0.0,1.1261764370122056,0.0
2011-11-02,0.0,0.9517556039829178,0.0,0.0,0.0
2011-11-03,0.0,0.9517556039829178,0.0,0.0,0.0
2011-11-04,0.0,0.9517556039829178,0.0,0.0,0.0
2011-11-07,0.0,0.9517556039829178,0.0,0.0,0.0
2011-11-08,0.0,0.9517556039829178,0.0,0.0,0.0
2011-11-09,0.0,0.9517556039829178,0.0,0.0,0.0
2011-11-10,0.0,0.9517556039829178,0.0,0.0,0.0
2011-11-11,0.0,0.9517556039829178,0.0,0.0,0.0
2011-11-14,0.0,0.9517556039829178,0.0,0.0,0.0
2011-11-15,0.0,0.9517556039829178,0.0,0.0,0.0
2011-11-16,0.0,0.9517556039829178,0.0,0.0,0.0
2011-11-17,0.0,0.9517556039829178,0.0,0.0,0.0
2011-11-18,0.0,0.9517556039829178,0.0,0.0,0.0
2011-11-21,0.0,0.9517556039829178,0.0,0.0,0.0
2011-11-22,0.0,0.9517556039829178,0.0,0.0,0.0
2011-11-23,0.0,0.9517556039829178,0.0,0.0,0.0
2011-11-25,0.0,0.9517556039829178,0.0,0.0,0.0
2011-11-28,0.0,0.9517556039829178,0.0,0.0,0.0
2011-11-29,0.0,0.9517556039829178,0.0,0.0,0.0
2011-11-30,0.0,0.9517556039829178,0.0,0.0,0.0
2011-12-01,0.0,0.9517556039829178,0.0,0.0,0.0
2011-12-02,0.0,0.9517556039829178,0.0,0.0,0.0
2011-12-05,0.0,0.9517556039829178,0.0,0.0,0.0
2011-12-06,0.0,0.9517556039829178,0.0,0.0,0.0
2011-12-07,0.0,0.9517556039829178,0.0,0.0,0.0
2011-12-08,0.0,0.9517556039829178,0.0,0.0,0.0
2011-12-09,0.0,0.9517556039829178,0.0,0.0,0.0
2011-12-12,0.0,0.9517556039829178,0.0,0.0,0.0
2011-12-13,0.0,0.9517556039829178,0.0,0.0,0.0
2011-12-14,0.0,0.9517556039829178,0.0,0.0,0.0
2011-12-15,0.0,0.9517556039829178,0.0,0.0,0.0
2011-12-16,0.0,0.9517556039829178,0.0,0.0,0.0
2011-12-19,0.0,0.9517556039829178,0.0,0.0,0.0
2011-12-20,0.0,0.9517556039829178,0.0,0.0,0.0
2011-12-21,0.0,0.9517556039829178,0.0,0.0,0.0
2011-12-22,0.0,0.9517556039829178,0.0,0.0,0.0
2011-12-23,0.0,0.9517556039829178,0.0,0.0,0.0
2011-12-27,0.0,0.9517556039829178,0.0,0.0,0.0
2011-12-28,0.0,0.9517556039829178,0.0,0.0,0.0
2011-12-29,0.0,0.9517556039829178,0.0,0.0,0.0
2011-12-30,0.0,0.9517556039829178,0.0,0.0,0.0
2012-01-03,0.0,0.9517556039829178,0.0,0.0,0.0
2012-01-04,0.0,0.9517556039829178,0.0,0.0,0.0
2012-01-05,0.0,0.9517556039829178,0.0,0.0,0.0
2012-01-06,0.0,0.9517556039829178,0.0,0.0,0.0
2012-01-09,0.0,0.9517556039829178,0.0,0.0,0.0
2012-01-10,0.0,0.9517556039829178,0.0,0.0,0.0
2012-01-11,0.0,0.9517556039829178,0.0,0.0,0.0
2012-01-12,0.0,0.9517556039829178,0.0,0.0,0.0
2012-01-13,0.0,0.9517556039829178,0.0,0.0,0.0
2012-01-17,0.0,0.9517556039829178,0.0,0.0,0.0
2012-01-18,0.0,0.9517556039829178,0.0,0.0,0.0
2012-01-19,0.0,0.9517556039829178,0.0,0.0,0.0
2012-01-20,0.0,0.9517556039829178,0.0,0.0,0.0
2012-01-23,0.0,0.9517556039829178,0.0,0.0,0.0
2012-01-24,0.0,0.9517556039829178,0.0,0.0,0.0
2012-01-25,0.0,0.9517556039829178,0.0,0.0,0.0
2012-01-26,0.0,0.9517556039829178,0.0,0.0,0.0
2012-01-27,0.0,0.9517556039829178,0.0,0.0,0.0
2012-01-30,0.0,0.9517556039829178,0.0,0.0,0.0
2012-01-31,0.0,0.9517556039829178,0.0,0.0,0.0
2012-02-01,0.0,0.9517556039829178,0.0,0.0,0.0
2012-02-02,0.0,0.9517556039829178,0.0,0.0,0.0
2012-02-03,0.0,0.9517556039829178,0.0,0.0,0.0
2012-02-06,0.0,0.9517556039829178,0.0,0.0,0.0
2012-02-07,0.0,0.9517556039829178,0.0,0.0,0.0
2012-02-08,0.0,0.9517556039829178,0.0,0.0,0.0
2012-02-09,0.0,0.9517556039829178,0.0,0.0,0.0
2012-02-10,0.0,0.9517556039829178,0.0,0.0,0.0
2012-02-13,0.0,0.9517556039829178,0.0,0.0,0.0
2012-02-14,0.0,0.9517556039829178,0.0,0.0,0.0
2012-02-15,0.0,0.9517556039829178,0.0,0.0,0.0
2012-02-16,0.0,0.9517556039829178,0.0,0.0,0.0
2012-02-17,0.0,0.9517556039829178,0.0,0.0,0.0
2012-02-21,0.0,0.9517556039829178,0.0,0.0,0.0
2012-02-22,0.0,0.9517556039829178,0.0,0.0,0.0
2012-02-23,0.0,0.9517556039829178,0.0,0.0,0.0
2012-02-24,0.0,0.9517556039829178,0.0,0.0,0.0
2012-02-27,0.0,0.9517556039829178,0.0,0.0,0.0
2012-02-28,0.0,0.9517556039829178,0.0,0.0,0.0
2012-02-29,0.0,0.9517556039829178,0.0,0.0,0.0
2012-03-01,0.0,0.9517556039829178,0.0,0.0,0.0
2012-03-02,0.0,0.9517556039829178,0.0,0.0,0.0
2012-03-05,0.0,0.9517556039829178,0.0,0.0,0.0
2012-03-06,0.0,0.9517556039829178,0.0,0.0,0.0
2012-03-07,0.0,0.9517556039829178,0.0,0.0,0.0
2012-03-08,0.0,0.9517556039829178,0.0,0.0,0.0
2012-03-09,0.0,0.9517556039829178,0.0,0.0,0.0
2012-03-12,0.0,0.9517556039829178,0.0,0.0,0.0
2012-03-13,0.0,0.9517556039829178,0.0,0.0,0.0
2012-03-14,0.0,0.9517556039829178,0.0,0.0,0.0
2012-03-15,0.0,0.9517556039829178,0.0,0.0,0.0
2012-03-16,0.0,0.9517556039829178,0.0,0.0,0.0
2012-03-19,0.0,0.9517556039829178,0.0,0.0,0.0
2012-03-20,0.0,0.9517556039829178,0.0,0.0,0.0
2012-03-21,0.0,0.9517556039829178,0.0,0.0,0.0
2012-03-22,0.0,0.9517556039829178,0.0,0.0,0.0
2012-03-23,0.0,0.9517556039829178,0.0,0.0,0.0
2012-03-26,0.0,0.9517556039829178,0.0,0.0,0.0
2012-03-27,0.0,0.9517556039829178,0.0,0.0,0.0
2012-03-28,0.0,0.9517556039829178,0.0,0.0,0.0
2012-03-29,0.0,0.9517556039829178,0.0,0.0,0.0
2012-03-30,0.0,0.9517556039829178,0.0,0.0,0.0
2012-04-02,0.0,0.9517556039829178,0.0,0.0,0.0
2012-04-03,0.0,0.9517556039829178,0.0,0.0,0.0
2012-04-04,0.0,0.9517556039829178,0.0,0.0,0.0
2012-04-05,0.0,0.9517556039829178,0.0,0.0,0.0
2012-04-09,0.0,0.9517556039829178,0.0,0.0,0.0
2012-04-10,0.0,0.9517556039829178,0.0,0.0,0.0
2012-04-11,0.0,0.9517556039829178,0.0,0.0,0.0
2012-04-12,0.0,0.9517556039829178,0.0,0.0,0.0
2012-04-13,0.0,0.9517556039829178,0.0,0.0,0.0
2012-04-16,0.0,0.9517556039829178,0.0,0.0,0.0
2012-04-17,0.0,0.9517556039829178,0.0,0.0,0.0
2012-04-18,0.0,0.9517556039829178,0.0,0.0,0.0
2012-04-19,0.0,0.9517556039829178,0.0,0.0,0.0
2012-04-20,0.0,0.9517556039829178,0.0,0.0,0.0
2012-04-23,0.0,0.9517556039829178,0.0,0.0,0.0
2012-04-24,0.0,0.9517556039829178,0.0,0.0,0.0
2012-04-25,0.0,0.9517556039829178,0.0,0.0,0.0
2012-04-26,0.0,0.9517556039829178,0.0,0.0,0.0
2012-04-27,0.0,0.9517556039829178,0.0,0.0,0.0
2012-04-30,0.0,0.9517556039829178,0.0,0.0,0.0
2012-05-01,0.0,0.9517556039829178,0.0,0.0,0.0
2012-05-02,0.0,0.9517556039829178,0.0,0.0,0.0
2012-05-03,0.0,0.9517556039829178,0.0,0.0,0.0
2012-05-04,0.0,0.9517556039829178,0.0,0.0,0.0
2012-05-07,0.0,0.9517556039829178,0.0,0.0,0.0
2012-05-08,0.0,0.9517556039829178,0.0,0.0,0.0
2012-05-09,0.0,0.9517556039829178,0.0,0.0,0.0
2012-05-10,0.0,0.9517556039829178,0.0,0.0,0.0
2012-05-11,0.0,0.9517556039829178,0.0,0.0,0.0
2012-05-14,0.0,0.9517556039829178,0.0,0.0,0.0
2012-05-15,0.0,0.9517556039829178,0.0,0.0,0.0
2012-05-16,0.0,0.9517556039829178,0.0,0.0,0.0
2012-05-17,0.0,0.9517556039829178,0.0,0.0,0.0
2012-05-18,0.0,0.9517556039829178,0.0,0.0,0.0
2012-05-21,0.0,0.9517556039829178,0.0,0.0,0.0
2012-05-22,0.0,0.9517556039829178,0.0,0.0,0.0
2012-05-23,0.0,0.9517556039829178,0.0,0.0,0.0
2012-05-24,0.0,0.9517556039829178,0.0,0.0,0.0
2012-05-25,0.0,0.9517556039829178,0.0,0.0,0.0
2012-05-29,0.0,0.9517556039829178,0.0,0.0,0.0
2012-05-30,0.0,0.9517556039829178,0.0,0.0,0.0
2012-05-31,0.0,0.9517556039829178,0.0,0.0,0.0
2012-06-01,0.0,0.9517556039829178,0.0,0.0,0.0
2012-06-04,0.0,0.9517556039829178,0.0,0.0,0.0
2012-06-05,0.0,0.9517556039829178,0.0,0.0,0.0
2012-06-06,0.0,0.9517556039829178,0.0,0.0,0.0
2012-06-07,0.0,0.9517556039829178,0.0,0.0,0.0
2012-06-08,0.0,0.9517556039829178,0.0,0.0,0.0
2012-06-11,0.0,0.9517556039829178,0.0,0.0,0.0
2012-06-12,0.0,0.9517556039829178,0.0,0.0,0.0
2012-06-13,0.0,0.9517556039829178,0.0,0.0,0.0
2012-06-14,0.0,0.9517556039829178,0.0,0.0,0.0
2012-06-15,0.0,0.9517556039829178,0.0,0.0,0.0
2012-06-18,0.0,0.9517556039829178,0.0,0.0,0.0
2012-06-19,0.0,0.9517556039829178,0.0,0.0,0.0
2012-06-20,0.0,0.9517556039829178,0.0,0.0,0.0
2012-06-21,0.0,0.9517556039829178,0.0,0.0,0.0
2012-06-22,0.0,0.9517556039829178,0.0,0.0,0.0
2012-06-25,0.0,0.9517556039829178,0.0,0.0,0.0
2012-06-26,0.0,0.9517556039829178,0.0,0.0,0.0
2012-06-27,0.0,0.9517556039829178,0.0,0.0,0.0
2012-06-28,0.0,0.9517556039829178,0.0,0.0,0.0
2012-06-29,0.0,0.9517556039829178,0.0,0.0,0.0
2012-07-02,0.0,0.9517556039829178,0.0,0.0,0.0
2012-07-03,0.0,0.9517556039829178,0.0,0.0,0.0
2012-07-05,0.0,0.9517556039829178,0.0,0.0,0.0
2012-07-06,0.0,0.9517556039829178,0.0,0.0,0.0
2012-07-09,0.0,0.9517556039829178,0.0,0.0,0.0
2012-07-10,0.0,0.9517556039829178,0.0,0.0,0.0
2012-07-11,0.0,0.9517556039829178,0.0,0.0,0.0
2012-07-12,0.0,0.9517556039829178,0.0,0.0,0.0
2012-07-13,0.0,0.9517556039829178,0.0,0.0,0.0
2012-07-16,0.0,0.9517556039829178,0.0,0.0,0.0
2012-07-17,0.0,0.9517556039829178,0.0,0.0,0.0
2012-07-18,0.0,0.9517556039829178,0.0,0.0,0.0
2012-07-19,0.0,0.9517556039829178,0.0,0.0,0.0
2012-07-20,0.0,0.9517556039829178,0.0,0.0,0.0
2012-07-23,0.0,0.9517556039829178,0.0,0.0,0.0
2012-07-24,0.0,0.9517556039829178,0.0,0.0,0.0
2012-07-25,0.0,0.9517556039829178,0.0,0.0,0.0
2012-07-26,0.0,0.9517556039829178,0.0,0.0,0.0
2012-07-27,0.0,0.9517556039829178,0.0,0.0,0.0
2012-07-30,0.0,0.9517556039829178,0.0,0.0,0.0
2012-07-31,0.0,0.9517556039829178,0.0,0.0,0.0
2012-08-01,0.0,0.9517556039829178,0.0,0.0,0.0
2012-08-02,0.0,0.9517556039829178,0.0,0.0,0.0
2012-08-03,0.0,0.9517556039829178,0.0,0.0,0.0
2012-08-06,0.0,0.9517556039829178,0.0,0.0,0.0
2012-08-07,0.0,0.9517556039829178,0.0,0.0,0.0
2012-08-08,0.0,0.9517556039829178,0.0,0.0,0.0
2012-08-09,0.0,0.9517556039829178,0.0,0.0,0.0
2012-08-10,0.0,0.9517556039829178,0.0,0.0,0.0
2012-08-13,0.0,0.9517556039829178,0.0,0.0,0.0
2012-08-14,0.0,0.9517556039829178,0.0,0.0,0.0
2012-08-15,0.0,0.9517556039829178,0.0,0.0,0.0
2012-08-16,0.0,0.9517556039829178,0.0,0.0,0.0
2012-08-17,0.0,0.9517556039829178,0.0,0.0,0.0
2012-08-20,0.0,0.9517556039829178,0.0,0.0,0.0
2012-08-21,0.0,0.9517556039829178,0.0,0.0,0.0
2012-08-22,0.0,0.9517556039829178,0.0,0.0,0.0
2012-08-23,0.0,0.9517556039829178,0.0,0.0,0.0
2012-08-24,0.0,0.9517556039829178,0.0,0.0,0.0
2012-08-27,0.0,0.9517556039829178,0.0,0.0,0.0
2012-08-28,0.0,0.9517556039829178,0.0,0.0,0.0
2012-08-29,0.0,0.9517556039829178,0.0,0.0,0.0
2012-08-30,0.0,0.9517556039829178,0.0,0.0,0.0
2012-08-31,0.0,0.9517556039829178,0.0,0.0,0.0
2012-09-04,0.0,0.9517556039829178,0.0,0.0,0.0
2012-09-05,0.0,0.9517556039829178,0.0,0.0,0.0
2012-09-06,0.0,0.9517556039829178,0.0,0.0,0.0
2012-09-07,0.0,0.9517556039829178,0.0,0.0,0.0
2012-09-10,0.0,0.9517556039829178,0.0,0.0,0.0
2012-09-11,0.0,0.9517556039829178,0.0,0.0,0.0
2012-09-12,0.0,0.9517556039829178,0.0,0.0,0.0
2012-09-13,0.0,0.9517556039829178,0.0,0.0,0.0
2012-09-14,0.0,0.9517556039829178,0.0,0.0,0.0
2012-09-17,0.0,0.9517556039829178,0.0,0.0,0.0
2012-09-18,0.0,0.9517556039829178,0.0,0.0,0.0
2012-09-19,0.0,0.9517556039829178,0.0,0.0,0.0
2012-09-20,0.0,0.9517556039829178,0.0,0.0,0.0
2012-09-21,0.0,0.9517556039829178,0.0,0.0,0.0
2012-09-24,0.0,0.9517556039829178,0.0,0.0,0.0
2012-09-25,0.0,0.9517556039829178,0.0,0.0,0.0
2012-09-26,0.0,0.9517556039829178,0.0,0.0,0.0
2012-09-27,0.0,0.9517556039829178,0.0,0.0,0.0
2012-09-28,0.0,0.9517556039829178,0.0,0.0,0.0
2012-10-01,0.0,0.9517556039829178,0.0,0.0,0.0
2012-10-02,0.0,0.9517556039829178,0.0,0.0,0.0
2012-10-03,0.0,0.9517556039829178,0.0,0.0,0.0
2012-10-04,0.0,0.9517556039829178,0.0,0.0,0.0
2012-10-05,0.0,0.9517556039829178,0.0,0.0,0.0
2012-10-08,0.0,0.9517556039829178,0.0,0.0,0.0
2012-10-09,-0.0021756295894136413,0.9496849363290023,0.9899366823034788,0.9987515605493134,0.0002207609728560038
2012-10-10,0.0011517467042847507,0.9507787328245281,0.9830613477883656,0.0,0.0002198418608434995
2012-10-11,-0.0018773335452921813,0.9489938040152462,0.9838690781213939,0.0,0.00021984365077606197
2012-10-12,0.0014060651054654816,0.950328151088375,0.9804788739990086,0.0,0.0002194911156757474
2012-10-15,-0.0016709311466128751,0.9487402181812183,0.9898789742711599,0.0,0.00022084406676055058
2012-10-16,0.00023957589263501333,0.9489675134658679,1.0014030903583575,0.0,0.00022396589329409715
2012-10-17,-0.0030356960568895808,0.9460867365271233,1.0067554900034252,0.0,0.00022507440256313508
2012-10-18,-0.0038474555378970043,0.9424467098733411,1.0040455458098931,0.0,0.00022456617844605133
2012-10-19,-0.001184676921821226,0.9413302150061078,0.9853153364692964,0.0,0.00022157105025872592
2012-10-22,0.0019051560160303627,0.9431235959282978,0.9857208421578307,0.0,0.0002218186518233859
2012-10-23,0.003450721320511718,0.9463780526286452,0.9705457423187399,0.0,0.00021793330205219555
2012-10-24,-0.00014874992762503592,0.9462372789618108,0.9676536858901347,0.0,0.00021703064372458422
2012-10-25,-0.0018088664934282628,0.944525662053064,0.9710011808969553,0.0,0.00021799598843993994
2012-10-26,0.001321149045989678,0.9457735212303982,0.970635848750239,0.0,0.00021794403033580163
2012-10-31,-0.0027998442634966647,0.9431255026624141,0.970771780779805,0.0,0.0002183029736249731
2012-11-01,-2.7077775073269805e-05,0.9430999649221872,0.9825161269619089,0.0,0.0002203370065355928
2012-11-02,0.00019388385861351942,0.9432828167824445,0.9728515230417857,0.0,0.0002190079190189445
2012-11-05,0.0014354795529496478,0.9446368799785845,0.9753632965626955,0.0,0.00021892070215060423
2012-11-06,-0.003759424407702605,0.9410855890355769,0.9841532583564382,0.0,0.00022072388737067952
2012-11-07,0.002369263902935348,0.9433152691512516,0.9591835979861678,0.0,0.0002162128801012393
2012-11-08,4.272237747215968e-05,0.9433555698222557,0.0,0.9590783469648456,0.0
2012-11-09,-0.002112124399325732,0.9413630855059942,1.004669083180203,0.9987515605493135,0.0002250917434298946
2012-11-12,-0.0007470943368851346,0.94065979847586,1.0058042106966116,0.0,0.00022557280017152304
2012-11-13,-0.001277133448520762,0.9394584503835477,1.002079432186483,0.0,0.0002252148898700435
2012-11-14,0.0023461121743064695,0.9416625252912476,0.9869961181587935,0.0,0.00022228730352783283
2012-11-15,-0.0007195268667440358,0.9409849738048945,0.9853152281942729,0.0,0.00022146610890049157
2012-11-16,-0.0011225733026225537,0.9399286491951322,0.991043023158421,0.0,0.00022284189996844947
2012-11-19,-0.0014062473438297696,0.9386068770288121,1.0140361133449283,0.0,0.00022786786656621926
2012-11-20,-0.00033748816282153093,0.938290108318272,1.01476414471275,0.0,0.00022774182199186975
2012-11-21,-0.00040452481327524215,0.9379105466874065,1.0171457147586895,0.0,0.0002284227345898778
2012-11-23,-0.0013819655137689013,0.9366143866568843,1.0331149473843797,0.0,0.00023170070583274687
2012-11-26,0.002944599291257566,0.9393723407160159,1.0307748579309701,0.0,0.00023104087056809757
2012-11-27,0.001222589480695202,0.9405208074582314,1.0250369488920188,0.0,0.00022948003257668983
2012-11-28,-0.0010296721672651277,0.939552379360058,1.0346102671244937,0.0,0.00023111349388921847
2012-11-29,-0.0002656502361538804,0.939302787048602,1.040294337562875,0.0,0.00023242785102196628
2012-11-30,-0.0011145753437282746,0.9382558633218624,1.0408201676382225,0.0,0.00023259473895138676
2012-12-03,0.0017607767276648367,0.9399079224105946,1.0352110185740657,0.0,0.00023151096365174825
2012-12-04,0.0003177680471531108,0.9402065951156027,1.033782621530414,0.0,0.00023091285304859989
2012-12-05,-0.00628805474303451,0.9342945245757537,1.0363021731271436,0.0,0.00023157944770445013
2012-12-06,0.0006871161983359464,0.9349364934776062,1.0404874874902583,0.0,0.00023375670077803922
2012-12-07,-0.004716120997897089,0.9305272198490162,1.044494085587575,0.0,0.0002341198770498201
2012-12-10,-0.0017229303022424647,0.9289239863048769,0.0,1.0428471236845087,0.0
2012-12-11,-0.00040661476320147383,0.9285462720981534,1.0032767597651677,0.9987515605493134,0.0002282194533226943
2012-12-12,-0.0014171806041257673,0.9272303543313026,1.0040725813508595,0.0,0.00022841817477090858
2012-12-13,-7.074539824891701e-05,0.927164757050617,0.9972304984130188,0.0,0.00022745517988197612
2012-12-14,-0.00212515421999504,0.9251943889545402,0.9931841806220751,0.0,0.00022688241793442315
2012-12-17,-0.0013534527884038194,0.9239421820289941,1.0068685145969474,0.0,0.00022991920224316815
2012-12-18,-0.00016308200639159054,0.9237915036841591,1.020003482614591,0.0,0.00023225289455315034
2012-12-19,0.002232521978372093,0.9258538885195673,1.0115002242430866,0.0,0.0002307103130902723
2012-12-20,-0.0035705818132557576,0.9225480514634872,1.0184756988412187,0.0,0.00023156111539470188
2012-12-21,0.0005379906113514021,0.9230443736536951,1.0080655142233212,0.0,0.00023010435882633913
2012-12-24,0.0007052371633888832,0.9236953388494527,1.0047159850948313,0.0,0.0002295113623145003
2012-12-26,-0.0015299448706301844,0.922282135903755,1.000072119637588,0.0,0.00022861026877499358
2012-12-27,-0.00011225956078841914,0.9221786009162554,0.998754932086838,0.0,0.00022840638308338783
2012-12-28,0.0019251514406595227,0.9239539343783547,0.986560255200592,0.0,0.00022589701769969137
2012-12-31,-0.0010417467085365173,0.9229914084083767,1.006119865087345,0.0,0.0002291761316252613
2013-01-02,-0.0014845567365371348,0.9216211752952581,1.0360742125954328,0.0,0.0002356517367167102
2013-01-03,-0.0011926111129524353,0.9205220396396687,1.0336639029645944,0.0,0.00023529068762950927
2013-01-04,-0.004291956457546986,0.9165711991273229,1.039284851880764,0.0,0.00023685841688590067
2013-01-07,0.0015322269300912517,0.9179755942019717,1.036192303542918,0.0,0.00023680615604682764
2013-01-08,0.0006219114369043766,0.918546493722805,1.032976309932269,0.0,0.00023576579154779316
2013-01-09,-9.864256346547862e-05,0.9184558859420019,1.03623753924993,0.0,0.00023660645150931777
2013-01-10,-0.0015774246555458893,0.9170070909824858,0.0,1.0428649370793959,0.0
2013-01-11,-0.0007899606708401397,0.916282691445728,1.0004475792083192,0.9987515605493136,0.00022046427067711925
2013-01-14,-0.0018245564522860747,0.9146108819489327,0.9999115753335437,0.0,0.0002208343122697963
2013-01-15,-0.0027844964028961305,0.9120641512380963,1.0008928167793674,0.0,0.00022095551218504248
2013-01-16,0.001646615205371349,0.913565969937799,1.0009609267712862,0.0,0.00022124467584418582
2013-01-17,-0.001703804414291632,0.9120094322054724,1.0084020436719392,0.0,0.000222844389065064
2013-01-18,-0.0024731136009887855,0.909753929274455,1.0111604676335673,0.0,0.00022384329730621664
2013-01-22,-0.00253961872334052,0.907443501162037,1.017522837434478,0.0,0.00022522976622090963
2013-01-23,0.001593285962218527,0.9088893181539448,1.0195501907097981,0.0,0.0002256996392860109
2013-01-24,-0.006573464813320995,0.9029147662018565,1.0202136051591297,0.0,0.00022718933989502996
2013-01-25,-0.0011715291099275715,0.9018569752694676,1.0269192279263173,0.0,0.00022883687360691793
2013-01-28,0.0014694555234142648,0.9031822139831069,1.0257276253204817,0.0,0.00022876029478260257
2013-01-29,-0.002425052074093492,0.9009919500818029,1.0305568707633295,0.0,0.0002291620235813377
2013-01-30,0.0010984716510527015,0.9019816641967944,1.0262201860157756,0.0,0.00022875805117864435
2013-01-31,0.00018613763783981163,0.9021495569331428,1.0236019109962184,0.0,0.00022803320833706891
2013-02-01,-0.0008417478389310951,0.9013901744932017,1.0356884736218566,0.0,0.00023056270677662382
2013-02-04,-0.0016208720237317342,0.899929136376899,1.022887699545076,0.0,0.00022784195923700426
2013-02-05,0.0005502103351897603,0.900424286688672,1.034723816982926,0.0,0.00023099685612821205
2013-02-06,-0.002133470272817184,0.8985032582400991,1.0358778056079467,0.0,0.00023063940168065254
2013-02-07,0.0009446042047436265,0.8993519881958086,1.0345335464483858,0.0,0.00023087576936044166
2013-02-08,0.0011776269228918057,0.9004110893102644,1.041188528415038,0.0,0.00023172349807624895
2013-02-11,-0.0008018002494167842,0.8996891394742778,0.0,1.0407065818649988,0.0
2013-02-12,-0.003627587750613892,0.8964254381725605,1.001809996798331,0.9987515605493135,0.0002013425143244526
2013-02-13,0.0011078853269570477,0.8974185747622229,1.0028799449423456,0.0,0.00020216420886939854
2013-02-14,-0.000816573056128922,0.8966857669340024,1.004022808696238,0.0,0.00020235489443301517
2013-02-15,-0.0010528639772973136,0.8957416787910424,1.0030221933906138,0.0,0.0002022458961908039
2013-02-19,-0.00045944825430466185,0.8953301318404139,1.0108746679890939,0.0,0.00020385099470183557
2013-02-20,-0.0014409276663093218,0.8940400258829646,0.998261287636821,0.0,0.00020137270774526963
2013-02-21,-0.0023608781907837884,0.8919293062841698,0.9922634387066772,0.0,0.00020059186075090872
2013-02-22,-0.00025450405076110627,0.8917023066627279,1.0023650505338808,0.0,0.00020285559239941286
2013-02-25,0.0034645850069374706,0.894791685105043,0.983158332499744,0.0,0.00019898053512598356
2013-02-26,-0.0018013171291344499,0.8931798815156562,0.9901867429389571,0.0,0.00020013350441823818
2013-02-27,-0.0015934808607170892,0.8917566164692834,1.0031022862072596,0.0,0.00020257460235844954
2013-02-28,-0.00021584418072873035,0.8915641359929921,1.0012846459860427,0.0,0.00020256401878875448
2013-03-01,0.00016012262840869873,0.8917068955858423,1.0048553122435533,0.0,0.0002032835463032709
2013-03-04,-0.0007389883483912563,0.8910479345798242,1.0105232739179275,0.0,0.00020443558122888752
2013-03-05,0.0024938872771957943,0.8932701076872445,1.0199129239780749,0.0,0.00020624133985035155
2013-03-06,-0.0021528639690236995,0.8913470186577986,1.0215776054754253,0.0,0.00020616282429551417
2013-03-07,0.0001659435065362036,0.8914949319076153,1.0236675835315383,0.0,0.00020693510336199203
2013-03-08,-0.0018456010380457633,0.8898495879358741,1.028373751047966,0.0,0.00020789094158702424
2013-03-11,-0.0007341195911866327,0.889196331920161,1.0325881997686333,0.0,0.0002089917245949912
2013-03-12,-0.000859993244227919,0.8884316290819174,1.0304591604095754,0.0,0.00020885188168280215
2013-03-13,-0.0008991857137489179,0.8876327640534043,0.0,1.0309878710877254,0.0
2013-03-14,-0.002789400284082255,0.885156800969193,1.0027484735269503,0.9987515605493134,0.0001889433627652416
2013-03-15,-0.0010193676907241933,0.8842545007250603,1.001678803847482,0.0,0.000189043368185741
2013-03-18,0.0012978886050303284,0.8854021645654981,0.9966030663591298,0.0,0.00018841806462898542
2013-03-19,-8.014790735699773e-05,0.8853312014348389,0.994587744821508,0.0,0.00018757659898989561
2013-03-20,0.0001762159974960653,0.8854872109556142,1.001384656124712,0.0,0.00018884730674927574
2013-03-21,-0.0020806157656441115,0.8836448523042237,0.9934222448183933,0.0,0.00018773679063888502
2013-03-22,0.0010648293169877032,0.8845857832487626,1.0012118154582907,0.0,0.00018914424565634762
2013-03-25,-0.00011064129835458569,0.8844879115291979,0.9974190444417961,0.0,0.00018819412330194592
2013-03-26,-0.001156121783440378,0.8834653357874893,1.0052093362176964,0.0,0.00018979673380329192
2013-03-27,0.0004997387436718181,0.8839068376444734,1.0053966612987555,0.0,0.00019016441635314263
2013-03-28,-0.00035951072290996144,0.8835890636582868,1.008531838848133,0.0,0.00019045232923240395
2013-04-01,-0.001889389389993057,0.881919619856297,1.0049298527765722,0.0,0.0001897059243076433
2013-04-02,0.0015877013031142528,0.8833198447859849,1.0098351676806705,0.0,0.0001909677289523478
2013-04-03,-0.00014022238901401085,0.8831959835670855,1.0002732852804206,0.0,0.00018887943232748426
2013-04-04,-0.0019685479464292,0.88145736992734,1.0043352676187105,0.0,0.00018983839985313428
2013-04-05,-0.002414724288674952,0.8793288934067449,1.0002235197010607,0.0,0.0001896585396131669
2013-04-08,-0.0006543704550241447,0.8787534865586505,1.0068873157454512,0.0,0.0001909609334158559
2013-04-09,0.0016865509155163938,0.8802355490559193,1.0103905261339128,0.0,0.00019163152320682942
2013-04-10,0.004200984959639165,0.8839334053584429,1.0223065672719114,0.0,0.00019364045355462102
2013-04-11,-0.0020166354807048537,0.8821508338906168,1.0257388602369164,0.0,0.000193839409609165
2013-04-12,-0.0010170855621719488,0.8812536110138087,0.0,1.0226011596162574,0.0
2013-04-15,0.0,0.8812536110138087,0.0,0.0,0.0
2013-04-16,0.0,0.8812536110138087,0.0,0.0,0.0
2013-04-17,0.0,0.8812536110138087,0.0,0.0,0.0
2013-04-18,0.0,0.8812536110138087,0.0,0.0,0.0
2013-04-19,0.0,0.8812536110138087,0.0,0.0,0.0
2013-04-22,0.0,0.8812536110138087,0.0,0.0,0.0
2013-04-23,0.0,0.8812536110138087,0.0,0.0,0.0
2013-04-24,0.0,0.8812536110138087,0.0,0.0,0.0
2013-04-25,0.0,0.8812536110138087,0.0,0.0,0.0
2013-04-26,0.0,0.8812536110138087,0.0,0.0,0.0
2013-04-29,0.0,0.8812536110138087,0.0,0.0,0.0
2013-04-30,0.0,0.8812536110138087,0.0,0.0,0.0
2013-05-01,0.0,0.8812536110138087,0.0,0.0,0.0
2013-05-02,0.0,0.8812536110138087,0.0,0.0,0.0
2013-05-03,0.0,0.8812536110138087,0.0,0.0,0.0
2013-05-06,0.0,0.8812536110138087,0.0,0.0,0.0
2013-05-07,0.0,0.8812536110138087,0.0,0.0,0.0
2013-05-08,0.0,0.8812536110138087,0.0,0.0,0.0
2013-05-09,0.0,0.8812536110138087,0.0,0.0,0.0
2013-05-10,0.0,0.8812536110138087,0.0,0.0,0.0
2013-05-13,0.0,0.8812536110138087,0.0,0.0,0.0
2013-05-14,0.0,0.8812536110138087,0.0,0.0,0.0
2013-05-15,0.0,0.8812536110138087,0.0,0.0,0.0
2013-05-16,0.0,0.8812536110138087,0.0,0.0,0.0
2013-05-17,0.0,0.8812536110138087,0.0,0.0,0.0
2013-05-20,0.0,0.8812536110138087,0.0,0.0,0.0
2013-05-21,0.0,0.8812536110138087,0.0,0.0,0.0
2013-05-22,0.0,0.8812536110138087,0.0,0.0,0.0
2013-05-23,0.0,0.8812536110138087,0.0,0.0,0.0
2013-05-24,0.0,0.8812536110138087,0.0,0.0,0.0
2013-05-28,0.0,0.8812536110138087,0.0,0.0,0.0
2013-05-29,0.0,0.8812536110138087,0.0,0.0,0.0
2013-05-30,0.0,0.8812536110138087,0.0,0.0,0.0
2013-05-31,0.0,0.8812536110138087,0.0,0.0,0.0
2013-06-03,0.0,0.8812536110138087,0.0,0.0,0.0
2013-06-04,0.0,0.8812536110138087,0.0,0.0,0.0
2013-06-05,0.0,0.8812536110138087,0.0,0.0,0.0
2013-06-06,0.0,0.8812536110138087,0.0,0.0,0.0
2013-06-07,0.0,0.8812536110138087,0.0,0.0,0.0
2013-06-10,0.0,0.8812536110138087,0.0,0.0,0.0
2013-06-11,0.0,0.8812536110138087,0.0,0.0,0.0
2013-06-12,0.0,0.8812536110138087,0.0,0.0,0.0
2013-06-13,0.0,0.8812536110138087,0.0,0.0,0.0
2013-06-14,0.0,0.8812536110138087,0.0,0.0,0.0
2013-06-17,0.0,0.8812536110138087,0.0,0.0,0.0
2013-06-18,0.0,0.8812536110138087,0.0,0.0,0.0
2013-06-19,0.0,0.8812536110138087,0.0,0.0,0.0
2013-06-20,0.0,0.8812536110138087,0.0,0.0,0.0
2013-06-21,0.0,0.8812536110138087,0.0,0.0,0.0
2013-06-24,0.0,0.8812536110138087,0.0,0.0,0.0
2013-06-25,0.0,0.8812536110138087,0.0,0.0,0.0
2013-06-26,0.0,0.8812536110138087,0.0,0.0,0.0
2013-06-27,0.0,0.8812536110138087,0.0,0.0,0.0
2013-06-28,0.0,0.8812536110138087,0.0,0.0,0.0
2013-07-01,0.0,0.8812536110138087,0.0,0.0,0.0
2013-07-02,0.0,0.8812536110138087,0.0,0.0,0.0
2013-07-03,0.0,0.8812536110138087,0.0,0.0,0.0
2013-07-05,0.0,0.8812536110138087,0.0,0.0,0.0
2013-07-08,0.0,0.8812536110138087,0.0,0.0,0.0
2013-07-09,0.0,0.8812536110138087,0.0,0.0,0.0
2013-07-10,0.0,0.8812536110138087,0.0,0.0,0.0
2013-07-11,0.0,0.8812536110138087,0.0,0.0,0.0
2013-07-12,0.0,0.8812536110138087,0.0,0.0,0.0
2013-07-15,0.0,0.8812536110138087,0.0,0.0,0.0
2013-07-16,0.0,0.8812536110138087,0.0,0.0,0.0
2013-07-17,0.0,0.8812536110138087,0.0,0.0,0.0
2013-07-18,0.0,0.8812536110138087,0.0,0.0,0.0
2013-07-19,0.0,0.8812536110138087,0.0,0.0,0.0
2013-07-22,0.0,0.8812536110138087,0.0,0.0,0.0
2013-07-23,0.0,0.8812536110138087,0.0,0.0,0.0
2013-07-24,0.0,0.8812536110138087,0.0,0.0,0.0
2013-07-25,0.0,0.8812536110138087,0.0,0.0,0.0
2013-07-26,0.0,0.8812536110138087,0.0,0.0,0.0
2013-07-29,0.0,0.8812536110138087,0.0,0.0,0.0
2013-07-30,0.0,0.8812536110138087,0.0,0.0,0.0
2013-07-31,0.0,0.8812536110138087,0.0,0.0,0.0
2013-08-01,0.0,0.8812536110138087,0.0,0.0,0.0
2013-08-02,0.0,0.8812536110138087,0.0,0.0,0.0
2013-08-05,0.0,0.8812536110138087,0.0,0.0,0.0
2013-08-06,0.0,0.8812536110138087,0.0,0.0,0.0
2013-08-07,0.0,0.8812536110138087,0.0,0.0,0.0
2013-08-08,0.0,0.8812536110138087,0.0,0.0,0.0
2013-08-09,0.0,0.8812536110138087,0.0,0.0,0.0
2013-08-12,0.0,0.8812536110138087,0.0,0.0,0.0
2013-08-13,0.0,0.8812536110138087,0.0,0.0,0.0
2013-08-14,0.0,0.8812536110138087,0.0,0.0,0.0
2013-08-15,0.0,0.8812536110138087,0.0,0.0,0.0
2013-08-16,0.0,0.8812536110138087,0.0,0.0,0.0
2013-08-19,0.0,0.8812536110138087,0.0,0.0,0.0
2013-08-20,0.0,0.8812536110138087,0.0,0.0,0.0
2013-08-21,0.0,0.8812536110138087,0.0,0.0,0.0
2013-08-22,0.0,0.8812536110138087,0.0,0.0,0.0
2013-08-23,0.0,0.8812536110138087,0.0,0.0,0.0
2013-08-26,0.0,0.8812536110138087,0.0,0.0,0.0
2013-08-27,0.0,0.8812536110138087,0.0,0.0,0.0
2013-08-28,0.0,0.8812536110138087,0.0,0.0,0.0
2013-08-29,0.0,0.8812536110138087,0.0,0.0,0.0
2013-08-30,0.0,0.8812536110138087,0.0,0.0,0.0
2013-09-03,0.0,0.8812536110138087,0.0,0.0,0.0
2013-09-04,0.0,0.8812536110138087,0.0,0.0,0.0
2013-09-05,0.0,0.8812536110138087,0.0,0.0,0.0
2013-09-06,0.0,0.8812536110138087,0.0,0.0,0.0
2013-09-09,0.0,0.8812536110138087,0.0,0.0,0.0
2013-09-10,0.0,0.8812536110138087,0.0,0.0,0.0
2013-09-11,0.0,0.8812536110138087,0.0,0.0,0.0
2013-09-12,0.0,0.8812536110138087,0.0,0.0,0.0
2013-09-13,0.0,0.8812536110138087,0.0,0.0,0.0
2013-09-16,0.0,0.8812536110138087,0.0,0.0,0.0
2013-09-17,0.0,0.8812536110138087,0.0,0.0,0.0
2013-09-18,0.0,0.8812536110138087,0.0,0.0,0.0
2013-09-19,0.0,0.8812536110138087,0.0,0.0,0.0
2013-09-20,0.0,0.8812536110138087,0.0,0.0,0.0
2013-09-23,0.0,0.8812536110138087,0.0,0.0,0.0
2013-09-24,0.0,0.8812536110138087,0.0,0.0,0.0
2013-09-25,0.0,0.8812536110138087,0.0,0.0,0.0
2013-09-26,0.0,0.8812536110138087,0.0,0.0,0.0
2013-09-27,0.0,0.8812536110138087,0.0,0.0,0.0
2013-09-30,0.0,0.8812536110138087,0.0,0.0,0.0
2013-10-01,0.0,0.8812536110138087,0.0,0.0,0.0
2013-10-02,-0.0023433887613288906,0.8791884912058785,1.006808942087685,0.9987515605493135,0.0002041694133534673
2013-10-03,0.0012906280560076588,0.8803231965391478,0.9949747378797358,0.0,0.00020235764072293753
2013-10-04,-0.0009186595212978821,0.8795144792528278,1.0039762087484487,0.0,0.00020366680976516245
2013-10-07,-0.00016716095154734045,0.8793674587755762,0.9956340966262119,0.0,0.00020218226979481027
2013-10-08,0.003981767232044353,0.882868895307855,0.9762479108621535,0.0,0.00019838238175214293
2013-10-09,0.0016977274747282944,0.884367766088002,0.9733949579958714,0.0,0.0001970105944601645
2013-10-10,-0.00039080749200604004,0.8840221485393263,0.9945777947053337,0.0,0.00020088752452492072
2013-10-11,-0.0010482075548303715,0.88309550984459,1.0027683230895754,0.0,0.00020234810593356371
2013-10-14,-0.0018485663296642363,0.8814630492192136,1.010210730620061,0.0,0.00020407629188356065
2013-10-15,-0.0017918937887141384,0.8798835610563367,1.0064219655306086,0.0,0.0002038600543037505
2013-10-16,0.0008449847256291054,0.8806270492257615,1.0182583009515882,0.0,0.00020624502869096454
2013-10-17,0.00015230592236448182,0.880761173940753,1.0244086794032758,0.0,0.00020730518574888111
2013-10-18,-0.00528761629593355,0.8761040468045983,1.0417740575408447,0.0,0.00021131431192193537
2013-10-21,-0.0013529384751230777,0.8749187319314653,1.0443860665339066,0.0,0.00021250491547631734
2013-10-22,0.0019527468069293619,0.8766272266915672,1.0460698149767615,0.0,0.0002130035100625943
2013-10-23,0.0005900647351044785,0.8771444935038704,1.0397643256063438,0.0,0.00021099428312807035
2013-10-24,-0.0008608148242256197,0.8763894345208744,1.044687256598076,0.0,0.0002118293121956131
2013-10-25,-0.0017162430982243793,0.8748853372025212,1.0526558907087489,0.0,0.00021452770406545614
2013-10-28,0.0004727447651324823,0.8752989346657748,1.0531047947260948,0.0,0.0002141499680004619
2013-10-29,0.0016154328254835981,0.8767129212969448,1.0550517055075863,0.0,0.00021449935850272332
2013-10-30,-0.0025933598181104855,0.874439289234835,0.0,1.058892476275738,0.0
2013-10-31,0.0,0.874439289234835,0.0,0.0,0.0
2013-11-01,0.0,0.874439289234835,0.0,0.0,0.0
2013-11-04,0.0,0.874439289234835,0.0,0.0,0.0
2013-11-05,0.0,0.874439289234835,0.0,0.0,0.0
2013-11-06,0.0,0.874439289234835,0.0,0.0,0.0
2013-11-07,0.0,0.874439289234835,0.0,0.0,0.0
2013-11-08,0.0,0.874439289234835,0.0,0.0,0.0
2013-11-11,0.0,0.874439289234835,0.0,0.0,0.0
2013-11-12,0.0,0.874439289234835,0.0,0.0,0.0
2013-11-13,0.0,0.874439289234835,0.0,0.0,0.0
2013-11-14,0.0,0.874439289234835,0.0,0.0,0.0
2013-11-15,0.0,0.874439289234835,0.0,0.0,0.0
2013-11-18,0.0,0.874439289234835,0.0,0.0,0.0
2013-11-19,0.0,0.874439289234835,0.0,0.0,0.0
2013-11-20,0.0,0.874439289234835,0.0,0.0,0.0
2013-11-21,0.0,0.874439289234835,0.0,0.0,0.0
2013-11-22,0.0,0.874439289234835,0.0,0.0,0.0
2013-11-25,0.0,0.874439289234835,0.0,0.0,0.0
2013-11-26,0.0,0.874439289234835,0.0,0.0,0.0
2013-11-27,0.0,0.874439289234835,0.0,0.0,0.0
2013-11-29,0.0,0.874439289234835,0.0,0.0,0.0
2013-12-02,0.0,0.874439289234835,0.0,0.0,0.0
2013-12-03,0.0,0.874439289234835,0.0,0.0,0.0
2013-12-04,0.0,0.874439289234835,0.0,0.0,0.0
2013-12-05,0.0,0.874439289234835,0.0,0.0,0.0
2013-12-06,0.0,0.874439289234835,0.0,0.0,0.0
2013-12-09,0.0,0.874439289234835,0.0,0.0,0.0
2013-12-10,0.0,0.874439289234835,0.0,0.0,0.0
2013-12-11,0.0,0.874439289234835,0.0,0.0,0.0
2013-12-12,0.0,0.874439289234835,0.0,0.0,0.0
2013-12-13,0.0,0.874439289234835,0.0,0.0,0.0
2013-12-16,0.0,0.874439289234835,0.0,0.0,0.0
2013-12-17,0.0,0.874439289234835,0.0,0.0,0.0
2013-12-18,0.0,0.874439289234835,0.0,0.0,0.0
2013-12-19,0.0,0.874439289234835,0.0,0.0,0.0
2013-12-20,0.0,0.874439289234835,0.0,0.0,0.0
2013-12-23,0.0,0.874439289234835,0.0,0.0,0.0
2013-12-24,0.0,0.874439289234835,0.0,0.0,0.0
2013-12-26,0.0,0.874439289234835,0.0,0.0,0.0
2013-12-27,0.0,0.874439289234835,0.0,0.0,0.0
2013-12-30,0.0,0.874439289234835,0.0,0.0,0.0
2013-12-31,0.0,0.874439289234835,0.0,0.0,0.0
2014-01-02,0.0,0.874439289234835,0.0,0.0,0.0
2014-01-03,0.0,0.874439289234835,0.0,0.0,0.0
2014-01-06,0.0,0.874439289234835,0.0,0.0,0.0
2014-01-07,0.0,0.874439289234835,0.0,0.0,0.0
2014-01-08,0.0,0.874439289234835,0.0,0.0,0.0
2014-01-09,0.0,0.874439289234835,0.0,0.0,0.0
2014-01-10,0.0,0.874439289234835,0.0,0.0,0.0
2014-01-13,0.0,0.874439289234835,0.0,0.0,0.0
2014-01-14,0.0,0.874439289234835,0.0,0.0,0.0
2014-01-15,0.0,0.874439289234835,0.0,0.0,0.0
2014-01-16,0.0,0.874439289234835,0.0,0.0,0.0
2014-01-17,0.0,0.874439289234835,0.0,0.0,0.0
2014-01-21,0.0,0.874439289234835,0.0,0.0,0.0
2014-01-22,0.0,0.874439289234835,0.0,0.0,0.0
2014-01-23,0.0,0.874439289234835,0.0,0.0,0.0
2014-01-24,0.0,0.874439289234835,0.0,0.0,0.0
2014-01-27,0.0,0.874439289234835,0.0,0.0,0.0
2014-01-28,0.0,0.874439289234835,0.0,0.0,0.0
2014-01-29,0.0,0.874439289234835,0.0,0.0,0.0
2014-01-30,0.0,0.874439289234835,0.0,0.0,0.0
2014-01-31,0.0,0.874439289234835,0.0,0.0,0.0
2014-02-03,0.0,0.874439289234835,0.0,0.0,0.0
2014-02-04,-0.0008656623527190099,0.8736823200624061,1.0020183906235816,0.9987515605493134,0.00016424895209257083
2014-02-05,0.0001720034951304683,0.8738325964750905,1.0000355599547741,0.0,0.0001640765867961035
2014-02-06,0.00230527513488199,0.8758470210317939,1.0107130276323908,0.0,0.00016600204234742762
2014-02-07,-0.0002603664285298901,0.8756189798709894,1.0257812989209771,0.0,0.00016852676671625817
2014-02-10,-0.0015002291421923886,0.8743053507599301,1.0308652072030717,0.0,0.00016957437584662162
2014-02-11,0.0015497238892452359,0.8756602826484977,1.04072467363364,0.0,0.0001718728830887163
2014-02-12,-0.0006984321905816326,0.8750486933190822,1.0425810463473022,0.0,0.00017185793682115405
2014-02-13,-0.00024338973032167477,0.874835715453597,1.049196509634761,0.0,0.00017342309668223115
2014-02-14,0.002330018463518213,0.8768740988231489,1.0510051875111381,0.0,0.00017372198315515722
2014-02-18,-0.0015787239234305028,0.8754897567055002,1.0555450869374445,0.0,0.00017412780003310275
2014-02-19,-0.0012343573615776204,0.8744090894793249,1.0497422158323844,0.0,0.00017330591737141728
2014-02-20,0.0013946394998156642,0.8756285749345106,1.0539359412734726,0.0,0.00017410281546987295
2014-02-21,-0.0002919189328451921,0.875372962375347,1.0529570711011393,0.0,0.00017376526692001516
2014-02-24,0.0008995766558990148,0.876160427457505,1.0577544604836178,0.0,0.00017465228064335016
2014-02-25,7.805093307777788e-05,0.876228812596394,1.0569513206654073,0.0,0.00017437435219654337
2014-02-26,0.000248453760101075,0.8764465149395924,1.0563330660760697,0.0,0.00017422960392686983
2014-02-27,0.0002181062810291401,0.8766376734294867,1.0621891589595065,0.0,0.00017543928714778856
2014-02-28,0.0018828684693092956,0.8782882668637957,1.0612720489115086,0.0,0.00017503838297384987
2014-03-03,-0.0026392217392007256,0.8759702693766038,0.0,1.0530576973805563,0.0
2014-03-04,0.0,0.8759702693766038,0.0,0.0,0.0
2014-03-05,0.0,0.8759702693766038,0.0,0.0,0.0
2014-03-06,0.0,0.8759702693766038,0.0,0.0,0.0
2014-03-07,0.0,0.8759702693766038,0.0,0.0,0.0
2014-03-10,0.0,0.8759702693766038,0.0,0.0,0.0
2014-03-11,0.0,0.8759702693766038,0.0,0.0,0.0
2014-03-12,0.0,0.8759702693766038,0.0,0.0,0.0
2014-03-13,0.0,0.8759702693766038,0.0,0.0,0.0
2014-03-14,0.0,0.8759702693766038,0.0,0.0,0.0
2014-03-17,0.0,0.8759702693766038,0.0,0.0,0.0
2014-03-18,0.0,0.8759702693766038,0.0,0.0,0.0
2014-03-19,0.0,0.8759702693766038,0.0,0.0,0.0
2014-03-20,0.0,0.8759702693766038,0.0,0.0,0.0
2014-03-21,0.0,0.8759702693766038,0.0,0.0,0.0
2014-03-24,0.0,0.8759702693766038,0.0,0.0,0.0
2014-03-25,0.0,0.8759702693766038,0.0,0.0,0.0
2014-03-26,0.0,0.8759702693766038,0.0,0.0,0.0
2014-03-27,0.0,0.8759702693766038,0.0,0.0,0.0
2014-03-28,0.0,0.8759702693766038,0.0,0.0,0.0
2014-03-31,-0.002857375322279365,0.8734672935458367,1.0024439161668661,0.9987515605493135,0.00023978367493855362
2014-04-01,0.0027036870543470926,0.8758288757597923,1.0106937716537112,0.0,0.00024207321213692802
2014-04-02,-0.0012408078520529386,0.8747421404136948,1.0150262647205917,0.0,0.00024199348824024026
2014-04-03,-0.0026393491280847226,0.872433390508095,1.0136869477516557,0.0,0.00024232940344258522
2014-04-04,-0.0036900740814657107,0.8692140466659758,0.9994551066963097,0.0,0.00024013137832692448
2014-04-07,0.0027431595058946545,0.8715984394407448,0.9863154095790823,0.0,0.00023843320834566843
2014-04-08,0.0008735859952657687,0.8723598556309358,0.9914976763620474,0.0,0.00023835530413840667
2014-04-09,3.9963197933090555e-06,0.8723633418598937,1.0046512558632534,0.0,0.00024092082227358377
2014-04-10,0.00019923416521150372,0.8725371464420704,0.9793893802552899,0.0,0.00023574655847954945
2014-04-11,0.0006368896602155782,0.8730928563287933,0.9689381270769398,0.0,0.0002336781639863122
2014-04-14,-0.0018854181526598568,0.8714467112085134,0.9784050478723192,0.0,0.00023563425063090302
2014-04-15,-0.003060295677911884,0.8687798266046715,0.9867859770667181,0.0,0.0002373660775038739
2014-04-16,-0.0013906857097151226,0.8675716269149235,0.9996012596869067,0.0,0.00024081671350178807
2014-04-17,-0.0009987620766902516,0.8667051292751484,1.0015410583774154,0.0,0.00024146829278624073
2014-04-21,0.0005518842223264375,0.8671834501614049,1.0060252836964936,0.0,0.00024220464209488292
2014-04-22,0.0001254420194918282,0.8672922314046629,1.0118152734448351,0.0,0.00024317149056541032
2014-04-23,-0.0023139622812522465,0.8652853498943694,1.0092081410517721,0.0,0.00024269746377056023
2014-04-24,0.002302224251832463,0.8672774308116515,1.0119102040434107,0.0,0.0002429541621812027
2014-04-25,-0.0015916495163493805,0.8658970291083594,1.002103135477071,0.0,0.00024134578037476954
2014-04-28,-0.0008939989460736708,0.8651229180769282,1.0062088068314339,0.0,0.00024255366265076218
2014-04-29,-0.0020376045550086763,0.8633601396784123,0.0,1.0101424492447033,0.0
2014-04-30,-0.0013314456951866172,0.8622106225370417,1.0057807728696508,0.9987515605493134,0.00023772307995529538
2014-05-01,0.0009058329685047717,0.8629916413447307,1.0061407423371413,0.0,0.0002378424734009916
2014-05-02,-0.00012076405507543964,0.8628874229746257,1.0046602280668306,0.0,0.00023716359972182014
2014-05-05,0.0007510350196766602,0.8635354816473182,1.0071849468138385,0.0,0.00023786987731324165
2014-05-06,-0.000306796950541699,0.8632705515948642,0.9969872351209405,0.0,0.000235582083726458
2014-05-07,-0.004896404887805406,0.8590436294465367,1.0042445365016086,0.0,0.00023748249953077041
2014-05-08,2.8621938457762397e-05,0.8590682169404312,1.0032033172439419,0.0,0.00023833309317240078
2014-05-09,0.00035770729782669264,0.8593755119109617,1.0052308537231167,0.0,0.00023854535501598674
2014-05-12,0.0005750281917074052,0.8598696770575736,1.017158390797544,0.0,0.00024076513039969754
2014-05-13,-0.0005045293531249495,0.859435847565636,1.0184952173678448,0.0,0.00024088219538851032
2014-05-14,0.0004928954531207008,0.8598594595871499,1.012976100338709,0.0,0.00023993125549834612
2014-05-15,0.0018511031442565162,0.8614511481364103,1.0026038708429268,0.0,0.00023727155578076844
2014-05-16,0.00033942956789578815,0.8617435501273856,1.0069843643456184,0.0,0.0002378938474651646
2014-05-19,0.0003971552983845772,0.8620857961441675,1.0116168327980886,0.0,0.00023872745448144108
2014-05-20,0.002067546367253037,0.8638681985002458,1.0042625775814054,0.0,0.00023708976884997642
2014-05-21,-0.0013678647051673654,0.8626865436816008,1.0145682082245517,0.0,0.00023885083404977006
2014-05-22,0.00010701421530612265,0.8627788634051281,1.0177340413470042,0.0,0.00023945258929632305
2014-05-23,0.00035705734904434294,0.863086924938907,1.0228053491745093,0.0,0.00024048999415967077
2014-05-27,0.0012317484511490395,0.8641500309219075,1.0304564677471164,0.0,0.0002419495852078613
2014-05-28,-0.001093838299029648,0.8632047905219774,1.0298403412478307,0.0,0.00024141131866537677
2014-05-29,-0.0012061523546215147,0.8621636340313688,0.0,1.0326374096967479,0.0
2014-05-30,0.0,0.8621636340313688,0.0,0.0,0.0
2014-06-02,0.0,0.8621636340313688,0.0,0.0,0.0
2014-06-03,0.0,0.8621636340313688,0.0,0.0,0.0
2014-06-04,0.0,0.8621636340313688,0.0,0.0,0.0
2014-06-05,0.0,0.8621636340313688,0.0,0.0,0.0
2014-06-06,0.0,0.8621636340313688,0.0,0.0,0.0
2014-06-09,0.0,0.8621636340313688,0.0,0.0,0.0
2014-06-10,0.0,0.8621636340313688,0.0,0.0,0.0
2014-06-11,0.0,0.8621636340313688,0.0,0.0,0.0
2014-06-12,0.0,0.8621636340313688,0.0,0.0,0.0
2014-06-13,0.0,0.8621636340313688,0.0,0.0,0.0
2014-06-16,0.0,0.8621636340313688,0.0,0.0,0.0
2014-06-17,0.0,0.8621636340313688,0.0,0.0,0.0
2014-06-18,0.0,0.8621636340313688,0.0,0.0,0.0
2014-06-19,0.0,0.8621636340313688,0.0,0.0,0.0
2014-06-20,0.0,0.8621636340313688,0.0,0.0,0.0
2014-06-23,0.0,0.8621636340313688,0.0,0.0,0.0
2014-06-24,0.0,0.8621636340313688,0.0,0.0,0.0
2014-06-25,0.0,0.8621636340313688,0.0,0.0,0.0
2014-06-26,0.0,0.8621636340313688,0.0,0.0,0.0
2014-06-27,0.0,0.8621636340313688,0.0,0.0,0.0
2014-06-30,0.0,0.8621636340313688,0.0,0.0,0.0
2014-07-01,0.0,0.8621636340313688,0.0,0.0,0.0
2014-07-02,0.0,0.8621636340313688,0.0,0.0,0.0
2014-07-03,0.0,0.8621636340313688,0.0,0.0,0.0
2014-07-07,0.0,0.8621636340313688,0.0,0.0,0.0
2014-07-08,0.0,0.8621636340313688,0.0,0.0,0.0
2014-07-09,0.0,0.8621636340313688,0.0,0.0,0.0
2014-07-10,0.0,0.8621636340313688,0.0,0.0,0.0
2014-07-11,0.0,0.8621636340313688,0.0,0.0,0.0
2014-07-14,0.0,0.8621636340313688,0.0,0.0,0.0
2014-07-15,0.0,0.8621636340313688,0.0,0.0,0.0
2014-07-16,0.0,0.8621636340313688,0.0,0.0,0.0
2014-07-17,0.0,0.8621636340313688,0.0,0.0,0.0
2014-07-18,0.0,0.8621636340313688,0.0,0.0,0.0
2014-07-21,0.0,0.8621636340313688,0.0,0.0,0.0
2014-07-22,0.0,0.8621636340313688,0.0,0.0,0.0
2014-07-23,0.0,0.8621636340313688,0.0,0.0,0.0
2014-07-24,0.0,0.8621636340313688,0.0,0.0,0.0
2014-07-25,0.0,0.8621636340313688,0.0,0.0,0.0
2014-07-28,0.0,0.8621636340313688,0.0,0.0,0.0
2014-07-29,0.0,0.8621636340313688,0.0,0.0,0.0
2014-07-30,0.0,0.8621636340313688,0.0,0.0,0.0
2014-07-31,0.0,0.8621636340313688,0.0,0.0,0.0
2014-08-01,0.0,0.8621636340313688,0.0,0.0,0.0
2014-08-04,0.0,0.8621636340313688,0.0,0.0,0.0
2014-08-05,0.0,0.8621636340313688,0.0,0.0,0.0
2014-08-06,0.0,0.8621636340313688,0.0,0.0,0.0
2014-08-07,0.0,0.8621636340313688,0.0,0.0,0.0
2014-08-08,0.0,0.8621636340313688,0.0,0.0,0.0
2014-08-11,0.0,0.8621636340313688,0.0,0.0,0.0
2014-08-12,0.0,0.8621636340313688,0.0,0.0,0.0
2014-08-13,0.0,0.8621636340313688,0.0,0.0,0.0
2014-08-14,0.0,0.8621636340313688,0.0,0.0,0.0
2014-08-15,0.0,0.8621636340313688,0.0,0.0,0.0
2014-08-18,0.0,0.8621636340313688,0.0,0.0,0.0
2014-08-19,0.0,0.8621636340313688,0.0,0.0,0.0
2014-08-20,0.0,0.8621636340313688,0.0,0.0,0.0
2014-08-21,0.0,0.8621636340313688,0.0,0.0,0.0
2014-08-22,0.0,0.8621636340313688,0.0,0.0,0.0
2014-08-25,0.0,0.8621636340313688,0.0,0.0,0.0
2014-08-26,0.0,0.8621636340313688,0.0,0.0,0.0
2014-08-27,0.0,0.8621636340313688,0.0,0.0,0.0
2014-08-28,0.0,0.8621636340313688,0.0,0.0,0.0
2014-08-29,0.0,0.8621636340313688,0.0,0.0,0.0
2014-09-02,0.0,0.8621636340313688,0.0,0.0,0.0
2014-09-03,0.0,0.8621636340313688,0.0,0.0,0.0
2014-09-04,0.0,0.8621636340313688,0.0,0.0,0.0
2014-09-05,0.0,0.8621636340313688,0.0,0.0,0.0
2014-09-08,0.0,0.8621636340313688,0.0,0.0,0.0
2014-09-09,0.0,0.8621636340313688,0.0,0.0,0.0
2014-09-10,0.0,0.8621636340313688,0.0,0.0,0.0
2014-09-11,0.0,0.8621636340313688,0.0,0.0,0.0
2014-09-12,0.0,0.8621636340313688,0.0,0.0,0.0
2014-09-15,0.0,0.8621636340313688,0.0,0.0,0.0
2014-09-16,0.0,0.8621636340313688,0.0,0.0,0.0
2014-09-17,0.0,0.8621636340313688,0.0,0.0,0.0
2014-09-18,0.0,0.8621636340313688,0.0,0.0,0.0
2014-09-19,0.0,0.8621636340313688,0.0,0.0,0.0
2014-09-22,0.0,0.8621636340313688,0.0,0.0,0.0
2014-09-23,0.0,0.8621636340313688,0.0,0.0,0.0
2014-09-24,0.0,0.8621636340313688,0.0,0.0,0.0
2014-09-25,0.0,0.8621636340313688,0.0,0.0,0.0
2014-09-26,0.0,0.8621636340313688,0.0,0.0,0.0
2014-09-29,0.0,0.8621636340313688,0.0,0.0,0.0
2014-09-30,0.0,0.8621636340313688,0.0,0.0,0.0
2014-10-01,0.0,0.8621636340313688,0.0,0.0,0.0
2014-10-02,0.0,0.8621636340313688,0.0,0.0,0.0
2014-10-03,0.0,0.8621636340313688,0.0,0.0,0.0
2014-10-06,0.0,0.8621636340313688,0.0,0.0,0.0
2014-10-07,0.0,0.8621636340313688,0.0,0.0,0.0
2014-10-08,0.0,0.8621636340313688,0.0,0.0,0.0
2014-10-09,0.0,0.8621636340313688,0.0,0.0,0.0
2014-10-10,0.0,0.8621636340313688,0.0,0.0,0.0
2014-10-13,0.0,0.8621636340313688,0.0,0.0,0.0
2014-10-14,0.0,0.8621636340313688,0.0,0.0,0.0
2014-10-15,0.0,0.8621636340313688,0.0,0.0,0.0
2014-10-16,0.0,0.8621636340313688,0.0,0.0,0.0
2014-10-17,0.0,0.8621636340313688,0.0,0.0,0.0
2014-10-20,0.0,0.8621636340313688,0.0,0.0,0.0
2014-10-21,0.0,0.8621636340313688,0.0,0.0,0.0
2014-10-22,0.0,0.8621636340313688,0.0,0.0,0.0
2014-10-23,0.0,0.8621636340313688,0.0,0.0,0.0
2014-10-24,0.0,0.8621636340313688,0.0,0.0,0.0
2014-10-27,0.0,0.8621636340313688,0.0,0.0,0.0
2014-10-28,0.0,0.8621636340313688,0.0,0.0,0.0
2014-10-29,0.0,0.8621636340313688,0.0,0.0,0.0
2014-10-30,0.0,0.8621636340313688,0.0,0.0,0.0
2014-10-31,0.0,0.8621636340313688,0.0,0.0,0.0
2014-11-03,0.0,0.8621636340313688,0.0,0.0,0.0
2014-11-04,0.0,0.8621636340313688,0.0,0.0,0.0
2014-11-05,0.0,0.8621636340313688,0.0,0.0,0.0
2014-11-06,0.0,0.8621636340313688,0.0,0.0,0.0
2014-11-07,0.0,0.8621636340313688,0.0,0.0,0.0
2014-11-10,0.0,0.8621636340313688,0.0,0.0,0.0
2014-11-11,0.0,0.8621636340313688,0.0,0.0,0.0
2014-11-12,0.0,0.8621636340313688,0.0,0.0,0.0
2014-11-13,0.0,0.8621636340313688,0.0,0.0,0.0
2014-11-14,0.0,0.8621636340313688,0.0,0.0,0.0
2014-11-17,0.0,0.8621636340313688,0.0,0.0,0.0
2014-11-18,0.0,0.8621636340313688,0.0,0.0,0.0
2014-11-19,0.0,0.8621636340313688,0.0,0.0,0.0
2014-11-20,0.0,0.8621636340313688,0.0,0.0,0.0
2014-11-21,0.0,0.8621636340313688,0.0,0.0,0.0
2014-11-24,0.0,0.8621636340313688,0.0,0.0,0.0
2014-11-25,0.0,0.8621636340313688,0.0,0.0,0.0
2014-11-26,0.0,0.8621636340313688,0.0,0.0,0.0
2014-11-28,0.0,0.8621636340313688,0.0,0.0,0.0
2014-12-01,0.0,0.8621636340313688,0.0,0.0,0.0
2014-12-02,0.0,0.8621636340313688,0.0,0.0,0.0
2014-12-03,0.0,0.8621636340313688,0.0,0.0,0.0
2014-12-04,0.0,0.8621636340313688,0.0,0.0,0.0
2014-12-05,0.0,0.8621636340313688,0.0,0.0,0.0
2014-12-08,0.0,0.8621636340313688,0.0,0.0,0.0
2014-12-09,0.0,0.8621636340313688,0.0,0.0,0.0
2014-12-10,0.0,0.8621636340313688,0.0,0.0,0.0
2014-12-11,0.0,0.8621636340313688,0.0,0.0,0.0
2014-12-12,0.0,0.8621636340313688,0.0,0.0,0.0
2014-12-15,0.0,0.8621636340313688,0.0,0.0,0.0
2014-12-16,0.0,0.8621636340313688,0.0,0.0,0.0
2014-12-17,0.0,0.8621636340313688,0.0,0.0,0.0
2014-12-18,0.0,0.8621636340313688,0.0,0.0,0.0
2014-12-19,0.0,0.8621636340313688,0.0,0.0,0.0
2014-12-22,0.0,0.8621636340313688,0.0,0.0,0.0
2014-12-23,0.0,0.8621636340313688,0.0,0.0,0.0
2014-12-24,0.0,0.8621636340313688,0.0,0.0,0.0
2014-12-26,0.0,0.8621636340313688,0.0,0.0,0.0
2014-12-29,0.0,0.8621636340313688,0.0,0.0,0.0
2014-12-30,0.0,0.8621636340313688,0.0,0.0,0.0
2014-12-31,0.0,0.8621636340313688,0.0,0.0,0.0
2015-01-02,0.0,0.8621636340313688,0.0,0.0,0.0
2015-01-05,0.0,0.8621636340313688,0.0,0.0,0.0
2015-01-06,0.0,0.8621636340313688,0.0,0.0,0.0
2015-01-07,0.0,0.8621636340313688,0.0,0.0,0.0
2015-01-08,0.0,0.8621636340313688,0.0,0.0,0.0
2015-01-09,0.0,0.8621636340313688,0.0,0.0,0.0
2015-01-12,0.0,0.8621636340313688,0.0,0.0,0.0
2015-01-13,0.0,0.8621636340313688,0.0,0.0,0.0
2015-01-14,0.0,0.8621636340313688,0.0,0.0,0.0
2015-01-15,0.0,0.8621636340313688,0.0,0.0,0.0
2015-01-16,0.0,0.8621636340313688,0.0,0.0,0.0
2015-01-20,0.0,0.8621636340313688,0.0,0.0,0.0
2015-01-21,0.0,0.8621636340313688,0.0,0.0,0.0
2015-01-22,0.0,0.8621636340313688,0.0,0.0,0.0
2015-01-23,0.0,0.8621636340313688,0.0,0.0,0.0
2015-01-26,0.0,0.8621636340313688,0.0,0.0,0.0
2015-01-27,0.0,0.8621636340313688,0.0,0.0,0.0
2015-01-28,0.0,0.8621636340313688,0.0,0.0,0.0
2015-01-29,0.0,0.8621636340313688,0.0,0.0,0.0
2015-01-30,0.0,0.8621636340313688,0.0,0.0,0.0
2015-02-02,0.0,0.8621636340313688,0.0,0.0,0.0
2015-02-03,0.0,0.8621636340313688,0.0,0.0,0.0
2015-02-04,0.0,0.8621636340313688,0.0,0.0,0.0
2015-02-05,0.0,0.8621636340313688,0.0,0.0,0.0
2015-02-06,0.0,0.8621636340313688,0.0,0.0,0.0
2015-02-09,0.0,0.8621636340313688,0.0,0.0,0.0
2015-02-10,0.0,0.8621636340313688,0.0,0.0,0.0
2015-02-11,0.0,0.8621636340313688,0.0,0.0,0.0
2015-02-12,0.0,0.8621636340313688,0.0,0.0,0.0
2015-02-13,0.0,0.8621636340313688,0.0,0.0,0.0
2015-02-17,0.0,0.8621636340313688,0.0,0.0,0.0
2015-02-18,0.0,0.8621636340313688,0.0,0.0,0.0
2015-02-19,0.0,0.8621636340313688,0.0,0.0,0.0
2015-02-20,0.0,0.8621636340313688,0.0,0.0,0.0
2015-02-23,0.0,0.8621636340313688,0.0,0.0,0.0
2015-02-24,0.0,0.8621636340313688,0.0,0.0,0.0
2015-02-25,0.0,0.8621636340313688,0.0,0.0,0.0
2015-02-26,0.0,0.8621636340313688,0.0,0.0,0.0
2015-02-27,0.0,0.8621636340313688,0.0,0.0,0.0
2015-03-02,0.0,0.8621636340313688,0.0,0.0,0.0
2015-03-03,0.0,0.8621636340313688,0.0,0.0,0.0
2015-03-04,0.0,0.8621636340313688,0.0,0.0,0.0
2015-03-05,0.0,0.8621636340313688,0.0,0.0,0.0
2015-03-06,0.0,0.8621636340313688,0.0,0.0,0.0
2015-03-09,0.0,0.8621636340313688,0.0,0.0,0.0
2015-03-10,0.0,0.8621636340313688,0.0,0.0,0.0
2015-03-11,0.0,0.8621636340313688,0.0,0.0,0.0
2015-03-12,0.0,0.8621636340313688,0.0,0.0,0.0
2015-03-13,0.0,0.8621636340313688,0.0,0.0,0.0
2015-03-16,0.0,0.8621636340313688,0.0,0.0,0.0
2015-03-17,0.0,0.8621636340313688,0.0,0.0,0.0
2015-03-18,0.0,0.8621636340313688,0.0,0.0,0.0
2015-03-19,0.0,0.8621636340313688,0.0,0.0,0.0
2015-03-20,0.0,0.8621636340313688,0.0,0.0,0.0
2015-03-23,0.0,0.8621636340313688,0.0,0.0,0.0
2015-03-24,0.0,0.8621636340313688,0.0,0.0,0.0
2015-03-25,0.0,0.8621636340313688,0.0,0.0,0.0
2015-03-26,0.0,0.8621636340313688,0.0,0.0,0.0
2015-03-27,0.0,0.8621636340313688,0.0,0.0,0.0
2015-03-30,0.0,0.8621636340313688,0.0,0.0,0.0
2015-03-31,0.0,0.8621636340313688,0.0,0.0,0.0
2015-04-01,0.0,0.8621636340313688,0.0,0.0,0.0
2015-04-02,0.0,0.8621636340313688,0.0,0.0,0.0
2015-04-06,0.0,0.8621636340313688,0.0,0.0,0.0
2015-04-07,0.0,0.8621636340313688,0.0,0.0,0.0
2015-04-08,0.0,0.8621636340313688,0.0,0.0,0.0
2015-04-09,0.0,0.8621636340313688,0.0,0.0,0.0
2015-04-10,0.0,0.8621636340313688,0.0,0.0,0.0
2015-04-13,0.0,0.8621636340313688,0.0,0.0,0.0
2015-04-14,0.0,0.8621636340313688,0.0,0.0,0.0
2015-04-15,0.0,0.8621636340313688,0.0,0.0,0.0
2015-04-16,0.0,0.8621636340313688,0.0,0.0,0.0
2015-04-17,0.0,0.8621636340313688,0.0,0.0,0.0
2015-04-20,0.0,0.8621636340313688,0.0,0.0,0.0
2015-04-21,0.0,0.8621636340313688,0.0,0.0,0.0
2015-04-22,0.0,0.8621636340313688,0.0,0.0,0.0
2015-04-23,0.0,0.8621636340313688,0.0,0.0,0.0
2015-04-24,0.0,0.8621636340313688,0.0,0.0,0.0
2015-04-27,0.0,0.8621636340313688,0.0,0.0,0.0
2015-04-28,0.0,0.8621636340313688,0.0,0.0,0.0
2015-04-29,0.0,0.8621636340313688,0.0,0.0,0.0
2015-04-30,0.0,0.8621636340313688,0.0,0.0,0.0
2015-05-01,0.0,0.8621636340313688,0.0,0.0,0.0
2015-05-04,0.0,0.8621636340313688,0.0,0.0,0.0
2015-05-05,0.0,0.8621636340313688,0.0,0.0,0.0
2015-05-06,0.0,0.8621636340313688,0.0,0.0,0.0
2015-05-07,0.0,0.8621636340313688,0.0,0.0,0.0
2015-05-08,0.0,0.8621636340313688,0.0,0.0,0.0
2015-05-11,0.0,0.8621636340313688,0.0,0.0,0.0
2015-05-12,0.0,0.8621636340313688,0.0,0.0,0.0
2015-05-13,0.0,0.8621636340313688,0.0,0.0,0.0
2015-05-14,0.0,0.8621636340313688,0.0,0.0,0.0
2015-05-15,0.0,0.8621636340313688,0.0,0.0,0.0
2015-05-18,0.0,0.8621636340313688,0.0,0.0,0.0
2015-05-19,0.0,0.8621636340313688,0.0,0.0,0.0
2015-05-20,0.0,0.8621636340313688,0.0,0.0,0.0
2015-05-21,0.0,0.8621636340313688,0.0,0.0,0.0
2015-05-22,0.0,0.8621636340313688,0.0,0.0,0.0
2015-05-26,0.0,0.8621636340313688,0.0,0.0,0.0
2015-05-27,0.0,0.8621636340313688,0.0,0.0,0.0
2015-05-28,0.0,0.8621636340313688,0.0,0.0,0.0
2015-05-29,0.0,0.8621636340313688,0.0,0.0,0.0
2015-06-01,0.0,0.8621636340313688,0.0,0.0,0.0
2015-06-02,0.0,0.8621636340313688,0.0,0.0,0.0
2015-06-03,0.0,0.8621636340313688,0.0,0.0,0.0
2015-06-04,0.0,0.8621636340313688,0.0,0.0,0.0
2015-06-05,0.0,0.8621636340313688,0.0,0.0,0.0
2015-06-08,0.0,0.8621636340313688,0.0,0.0,0.0
2015-06-09,0.0,0.8621636340313688,0.0,0.0,0.0
2015-06-10,0.0,0.8621636340313688,0.0,0.0,0.0
2015-06-11,0.0,0.8621636340313688,0.0,0.0,0.0
2015-06-12,0.0,0.8621636340313688,0.0,0.0,0.0
2015-06-15,0.0,0.8621636340313688,0.0,0.0,0.0
2015-06-16,0.0,0.8621636340313688,0.0,0.0,0.0
2015-06-17,0.0,0.8621636340313688,0.0,0.0,0.0
2015-06-18,0.0,0.8621636340313688,0.0,0.0,0.0
2015-06-19,0.0,0.8621636340313688,0.0,0.0,0.0
2015-06-22,0.0,0.8621636340313688,0.0,0.0,0.0
2015-06-23,0.0,0.8621636340313688,0.0,0.0,0.0
2015-06-24,0.0,0.8621636340313688,0.0,0.0,0.0
2015-06-25,0.0,0.8621636340313688,0.0,0.0,0.0
2015-06-26,0.0,0.8621636340313688,0.0,0.0,0.0
2015-06-29,0.0,0.8621636340313688,0.0,0.0,0.0
2015-06-30,0.0,0.8621636340313688,0.0,0.0,0.0
2015-07-01,0.0,0.8621636340313688,0.0,0.0,0.0
2015-07-02,0.0,0.8621636340313688,0.0,0.0,0.0
2015-07-06,0.0,0.8621636340313688,0.0,0.0,0.0
2015-07-07,0.0,0.8621636340313688,0.0,0.0,0.0
2015-07-08,0.0,0.8621636340313688,0.0,0.0,0.0
2015-07-09,0.0,0.8621636340313688,0.0,0.0,0.0
2015-07-10,0.0,0.8621636340313688,0.0,0.0,0.0
2015-07-13,0.0,0.8621636340313688,0.0,0.0,0.0
2015-07-14,0.0,0.8621636340313688,0.0,0.0,0.0
2015-07-15,0.0,0.8621636340313688,0.0,0.0,0.0
2015-07-16,0.0,0.8621636340313688,0.0,0.0,0.0
2015-07-17,0.0,0.8621636340313688,0.0,0.0,0.0
2015-07-20,-0.0023933850141983903,0.8601001445098913,1.0012431933703319,0.9987515605493132,0.00016248510735100496
2015-07-21,-0.002245037841938302,0.8581691871376099,1.0009038567099726,0.0,0.00016287077019880536
2015-07-22,0.003435930354799943,0.8611177966972501,0.9917818121551247,0.0,0.0001606516918970426
2015-07-23,-0.0019526346573979225,0.8594363482433169,0.988899067617788,0.0,0.0001601341164622391
2015-07-24,-0.0022576032154232317,0.8574960819800712,0.9810867330860142,0.0,0.00015917311375872526
2015-07-27,-0.00020795512427818075,0.857317761275775,0.9745936145264577,0.0,0.000158030334578079
2015-07-28,0.0034903792635032627,0.8603101254119649,0.9816810899752635,0.0,0.00015915576850963095
2015-07-29,0.002329782006191161,0.8623144604618938,0.9848994431694852,0.0,0.00015943484812560858
2015-07-30,-0.0019250676744958506,0.8606544467688082,0.9888451430897044,0.0,0.0001598696772460694
2015-07-31,-0.0005807544254742281,0.8601546178900431,0.9880622698397444,0.0,0.00015980604430753078
2015-08-03,-0.0008723018290696105,0.859404303443575,0.9856889441864201,0.0,0.00015949312123353685
2015-08-04,-0.00054270013308233,0.8589379046137247,0.9843257957325194,0.0,0.00015931388825738018
2015-08-05,-0.0013417304892889836,0.8577854414386984,0.9906763651070775,0.0,0.00016050082674230076
2015-08-06,0.0015485007911171245,0.8591137228733751,0.9778699816758507,0.0,0.00015821662129397973
2015-08-07,-0.0007662154623705453,0.8584554566549748,0.9770009703071878,0.0,0.00015774148257193232
2015-08-10,0.0025895162674511862,0.860678441024865,0.9862881331768811,0.0,0.0001595486500758106
2015-08-11,-0.0002881835765919938,0.8604304076334348,0.9761466874856642,0.0,0.00015764779677843898
2015-08-12,-0.0008311973485021218,0.8597152201600393,0.979022673337135,0.0,0.0001581227306274098
2015-08-13,-0.00023189944888402092,0.859515852674287,0.9778781832851293,0.0,0.0001578899796051572
2015-08-14,0.0013428260056635999,0.8606700329135382,0.9792893281767651,0.0,0.00015797679391747776
2015-08-17,-0.0022204907683697206,0.8587589230508412,0.0,0.9773232375802486,0.0
2015-08-18,0.0,0.8587589230508412,0.0,0.0,0.0
2015-08-19,0.0,0.8587589230508412,0.0,0.0,0.0
2015-08-20,0.0,0.8587589230508412,0.0,0.0,0.0
2015-08-21,-0.0011779090246408774,0.8577473831653888,0.9763612059685811,0.9987515605493134,0.00015230576836378217
2015-08-24,-0.010293009070519998,0.8489185815702527,0.9463855309652575,0.0,0.00014666059875822235
2015-08-25,-0.005488137623117284,0.8442595995637736,0.9434166358510429,0.0,0.00014696241578217125
2015-08-26,0.002873544631531999,0.8466856172037194,0.9812939762458617,0.0,0.0001553023565255227
2015-08-27,0.004502566465054647,0.850497875470185,1.001291794721465,0.0,0.00015903167554470526
2015-08-28,-5.288971997785552e-05,0.8504528928757096,1.0012992370905072,0.0,0.00015865343745445222
2015-08-31,-5.857362585803827e-05,0.8504030787661524,0.9915393288666476,0.0,0.0001568655529202665
2015-09-01,-0.005623694171490223,0.8456206719286778,0.9668263389882988,0.0,0.00015236794922591221
2015-09-02,4.5419267562518684e-05,0.8456590794002325,0.988680249023466,0.0,0.00015667351591858438
2015-09-03,0.0022100832054938735,0.8475280563291884,0.984987159705191,0.0,0.0001560011919652417
2015-09-04,-0.0044485580838907746,0.8437577785428809,0.9756903581704788,0.0,0.00015439228263803195
2015-09-08,0.003580314553273789,0.846778696796836,0.9978305892829636,0.0,0.0001585793963215571
2015-09-09,-0.0036748179065305697,0.8436669392789784,0.9889755981425183,0.0,0.00015650362267184285
2015-09-10,-0.0012447100180147386,0.84261681858779,0.997754015824354,0.0,0.0001589898509785802
2015-09-11,0.0003358001263880084,0.8428997694219684,1.0023448099991432,0.0,0.00015996450583729535
2015-09-14,-0.0011604130195816964,0.8419216575553288,1.0000600738912433,0.0,0.00015962558176392324
2015-09-15,0.0025680898635254135,0.8440837880299792,1.0096784142033046,0.0,0.00016141560519091825
2015-09-16,0.00278113807406255,0.8464313015905682,1.0143764144561032,0.0,0.00016188578599928862
2015-09-17,-0.0016786077729643578,0.845010475428438,1.0148672316365097,0.0,0.0001616724337016565
2015-09-18,-0.004271552548779423,0.8414009687783763,1.0034334822068918,0.0,0.00016008804885523826
2015-09-21,-0.00044866558265799217,0.8410234611224704,0.0,1.0078754803241081,0.0
2015-09-22,-0.0014706774838306735,0.8397865868548242,1.0004699056991577,0.9987515605493135,0.00015977920885724959
2015-09-23,-0.0014246438588900734,0.8385901900510833,1.0012516478330746,0.0,0.00016021257006523112
2015-09-24,-0.0008449382009680928,0.837881633164552,0.9984622091648432,0.0,0.0001598697389276913
2015-09-25,0.00310353457324819,0.8404820277813678,0.9918130890825735,0.0,0.0001583922443961874
2015-09-28,-0.0037081034867989526,0.8373654334435598,0.9691722836661584,0.0,0.0001538143876734364
2015-09-29,0.002206732619405294,0.8392132750599022,0.9653617325442212,0.0,0.00015336549568456233
2015-09-30,0.0017847450171015744,0.8407110567708509,0.9833011558424911,0.0,0.00015630102892435173
2015-10-01,-0.00039851545148106293,0.8403760204244968,0.987012747267081,0.0,0.0001568441089401952
2015-10-02,0.0017446775942355774,0.8418422056380642,1.0010280989215194,0.0,0.00016004687544014817
2015-10-05,0.004741845831875979,0.8458340915919664,1.0126450580900674,0.0,0.00016152663286988386
2015-10-06,-0.00031664418741228495,0.8455662631433487,1.0089622861912284,0.0,0.00016016839066647197
2015-10-07,0.0023706414610356052,0.8475707975848092,1.0139377004006158,0.0,0.00016111855513071892
2015-10-08,0.0037196088553590467,0.8507234294290494,1.0172591158721958,0.0,0.00016149362876254178
2015-10-09,-0.0016320377693239685,0.8493350166609724,1.021125726209223,0.0,0.0001615919316890423
2015-10-12,-0.0005796867173772924,0.8488426684332107,1.0232933536261475,0.0,0.00016238394612329076
2015-10-13,-0.0013868114456550007,0.8476654837050671,1.0181912656022747,0.0,0.0001613993868768858
2015-10-14,-0.0024382059596429473,0.8455987006709138,1.0170894719232542,0.0,0.0001613484816843881
2015-10-15,0.002501765897343855,0.8477141906630905,1.030564763808344,0.0,0.00016421410099382494
2015-10-16,0.0009155287361684028,0.8484902973647004,1.034151703057898,0.0,0.0001645438384614888
2015-10-19,-0.0022373844290618505,0.8465918983851666,1.0391587262262814,0.0,0.00016573226705437759
2015-10-20,-0.002154949755529989,0.8447675353807078,0.0,1.0377309204288778,0.0
2015-10-21,0.0,0.8447675353807078,0.0,0.0,0.0
2015-10-22,0.0,0.8447675353807078,0.0,0.0,0.0
2015-10-23,0.0,0.8447675353807078,0.0,0.0,0.0
2015-10-26,0.0,0.8447675353807078,0.0,0.0,0.0
2015-10-27,0.0,0.8447675353807078,0.0,0.0,0.0
2015-10-28,0.0,0.8447675353807078,0.0,0.0,0.0
2015-10-29,0.0,0.8447675353807078,0.0,0.0,0.0
2015-10-30,0.0,0.8447675353807078,0.0,0.0,0.0
2015-11-02,0.0,0.8447675353807078,0.0,0.0,0.0
2015-11-03,0.0,0.8447675353807078,0.0,0.0,0.0
2015-11-04,0.0,0.8447675353807078,0.0,0.0,0.0
2015-11-05,0.0,0.8447675353807078,0.0,0.0,0.0
2015-11-06,0.0,0.8447675353807078,0.0,0.0,0.0
2015-11-09,0.0,0.8447675353807078,0.0,0.0,0.0
2015-11-10,0.0,0.8447675353807078,0.0,0.0,0.0
2015-11-11,0.0,0.8447675353807078,0.0,0.0,0.0
2015-11-12,0.0,0.8447675353807078,0.0,0.0,0.0
2015-11-13,0.0,0.8447675353807078,0.0,0.0,0.0
2015-11-16,0.0,0.8447675353807078,0.0,0.0,0.0
2015-11-17,0.0,0.8447675353807078,0.0,0.0,0.0
2015-11-18,0.0,0.8447675353807078,0.0,0.0,0.0
2015-11-19,0.0,0.8447675353807078,0.0,0.0,0.0
2015-11-20,0.0,0.8447675353807078,0.0,0.0,0.0
2015-11-23,0.0,0.8447675353807078,0.0,0.0,0.0
2015-11-24,0.0,0.8447675353807078,0.0,0.0,0.0
2015-11-25,0.0,0.8447675353807078,0.0,0.0,0.0
2015-11-27,0.0,0.8447675353807078,0.0,0.0,0.0
2015-11-30,0.0,0.8447675353807078,0.0,0.0,0.0
2015-12-01,0.0,0.8447675353807078,0.0,0.0,0.0
2015-12-02,0.0,0.8447675353807078,0.0,0.0,0.0
2015-12-03,0.0,0.8447675353807078,0.0,0.0,0.0
2015-12-04,0.0,0.8447675353807078,0.0,0.0,0.0
2015-12-07,0.0,0.8447675353807078,0.0,0.0,0.0
2015-12-08,0.0,0.8447675353807078,0.0,0.0,0.0
2015-12-09,0.0,0.8447675353807078,0.0,0.0,0.0
2015-12-10,0.0,0.8447675353807078,0.0,0.0,0.0
2015-12-11,0.0,0.8447675353807078,0.0,0.0,0.0
2015-12-14,0.0,0.8447675353807078,0.0,0.0,0.0
2015-12-15,0.0,0.8447675353807078,0.0,0.0,0.0
2015-12-16,0.0,0.8447675353807078,0.0,0.0,0.0
2015-12-17,0.0,0.8447675353807078,0.0,0.0,0.0
2015-12-18,0.0,0.8447675353807078,0.0,0.0,0.0
2015-12-21,0.0,0.8447675353807078,0.0,0.0,0.0
2015-12-22,0.0,0.8447675353807078,0.0,0.0,0.0
2015-12-23,0.0,0.8447675353807078,0.0,0.0,0.0
2015-12-24,0.0,0.8447675353807078,0.0,0.0,0.0
2015-12-28,0.0,0.8447675353807078,0.0,0.0,0.0
2015-12-29,0.0,0.8447675353807078,0.0,0.0,0.0
2015-12-30,0.0,0.8447675353807078,0.0,0.0,0.0
2015-12-31,0.0,0.8447675353807078,0.0,0.0,0.0
2016-01-04,0.0,0.8447675353807078,0.0,0.0,0.0
2016-01-05,0.0,0.8447675353807078,0.0,0.0,0.0
2016-01-06,0.0,0.8447675353807078,0.0,0.0,0.0
2016-01-07,0.0,0.8447675353807078,0.0,0.0,0.0
2016-01-08,0.0,0.8447675353807078,0.0,0.0,0.0
2016-01-11,-0.0029733809136778255,0.8422557197145122,0.9972912372688304,0.9987515605493134,0.00014001014677271403
2016-01-12,0.0009450816531231254,0.8430517201424524,1.0056364903044304,0.0,0.0001417253931097636
2016-01-13,-0.003963502947398112,0.8397102821648588,0.9810285775488115,0.0,0.00013686510255469327
2016-01-14,0.002890698414269366,0.8421376313459583,0.9959462136613908,0.0,0.00014035388926966657
2016-01-15,-0.0029789319321888996,0.8396289606646439,0.9740898868850293,0.0,0.00013651099224895553
2016-01-19,-4.530840873395725e-05,0.8395909184125092,0.9757224633693001,0.0,0.00013610320791546883
2016-01-20,-0.0071780507544484395,0.8335642921871702,0.9735588782748884,0.0,0.00013669139435869192
2016-01-21,0.003039529423970899,0.8360979353800445,0.9744591672184398,0.0,0.00013710122757621906
2016-01-22,0.002803728217018131,0.8384421267536601,0.9945698735913199,0.0,0.00014021346251223915
2016-01-25,-0.004580381934355171,0.8346017415832754,0.9841407799622925,0.0,0.00013833180436542022
2016-01-26,0.005363197264555364,0.839077875360728,0.9906295736391146,0.0,0.0001399497537168378
2016-01-27,0.0016552380152974333,0.8404667489578201,0.9733090726272362,0.0,0.00013589856793944555
2016-01-28,-0.0016751847509456352,0.8390588118762892,0.983072056914888,0.0,0.00013751977221164937
2016-01-29,0.0081059058940538,0.8458601436449349,0.9977354252898171,0.0,0.00014024905613177222
2016-02-01,-0.0013192317858476965,0.8447442580570568,0.9997665798748987,0.0,0.0001402563060801869
2016-02-02,-0.004148122462200643,0.8412401554253953,0.9845532566138973,0.0,0.00013764170251398853
2016-02-03,0.005349710191455026,0.8457405464583359,0.9814611811499743,0.0,0.00013674165576227154
2016-02-04,0.000897923174561388,0.8464999564946669,0.9815467389877678,0.0,0.0001364007315028253
2016-02-05,-0.0003812798284826835,0.8461772031364441,0.957835156728142,0.0,0.00013151443535851711
2016-02-08,-0.0022692422155187186,0.8442570221052773,0.0,0.9454187345635098,0.0
2016-02-09,0.0,0.8442570221052773,0.0,0.0,0.0
2016-02-10,0.0,0.8442570221052773,0.0,0.0,0.0
2016-02-11,0.0,0.8442570221052773,0.0,0.0,0.0
2016-02-12,0.0,0.8442570221052773,0.0,0.0,0.0
2016-02-16,0.0,0.8442570221052773,0.0,0.0,0.0
2016-02-17,0.0,0.8442570221052773,0.0,0.0,0.0
2016-02-18,0.0,0.8442570221052773,0.0,0.0,0.0
2016-02-19,0.0,0.8442570221052773,0.0,0.0,0.0
2016-02-22,0.0,0.8442570221052773,0.0,0.0,0.0
2016-02-23,0.0,0.8442570221052773,0.0,0.0,0.0
2016-02-24,0.0,0.8442570221052773,0.0,0.0,0.0
2016-02-25,0.0,0.8442570221052773,0.0,0.0,0.0
2016-02-26,0.0,0.8442570221052773,0.0,0.0,0.0
2016-02-29,0.0,0.8442570221052773,0.0,0.0,0.0
2016-03-01,0.0,0.8442570221052773,0.0,0.0,0.0
2016-03-02,0.0,0.8442570221052773,0.0,0.0,0.0
2016-03-03,0.0,0.8442570221052773,0.0,0.0,0.0
2016-03-04,0.0,0.8442570221052773,0.0,0.0,0.0
2016-03-07,0.0,0.8442570221052773,0.0,0.0,0.0
2016-03-08,0.0,0.8442570221052773,0.0,0.0,0.0
2016-03-09,0.0,0.8442570221052773,0.0,0.0,0.0
2016-03-10,0.0,0.8442570221052773,0.0,0.0,0.0
2016-03-11,0.0,0.8442570221052773,0.0,0.0,0.0
2016-03-14,0.0,0.8442570221052773,0.0,0.0,0.0
2016-03-15,0.0,0.8442570221052773,0.0,0.0,0.0
2016-03-16,0.0,0.8442570221052773,0.0,0.0,0.0
2016-03-17,0.0,0.8442570221052773,0.0,0.0,0.0
2016-03-18,0.0,0.8442570221052773,0.0,0.0,0.0
2016-03-21,0.0,0.8442570221052773,0.0,0.0,0.0
2016-03-22,0.0,0.8442570221052773,0.0,0.0,0.0
2016-03-23,0.0,0.8442570221052773,0.0,0.0,0.0
2016-03-24,0.0,0.8442570221052773,0.0,0.0,0.0
2016-03-28,0.0,0.8442570221052773,0.0,0.0,0.0
2016-03-29,0.0,0.8442570221052773,0.0,0.0,0.0
2016-03-30,0.0,0.8442570221052773,0.0,0.0,0.0
2016-03-31,0.0,0.8442570221052773,0.0,0.0,0.0
2016-04-01,0.0,0.8442570221052773,0.0,0.0,0.0
2016-04-04,0.0,0.8442570221052773,0.0,0.0,0.0
2016-04-05,0.0,0.8442570221052773,0.0,0.0,0.0
2016-04-06,0.0,0.8442570221052773,0.0,0.0,0.0
2016-04-07,0.0,0.8442570221052773,0.0,0.0,0.0
2016-04-08,0.0,0.8442570221052773,0.0,0.0,0.0
2016-04-11,0.0,0.8442570221052773,0.0,0.0,0.0
2016-04-12,0.0,0.8442570221052773,0.0,0.0,0.0
2016-04-13,0.0,0.8442570221052773,0.0,0.0,0.0
2016-04-14,0.0,0.8442570221052773,0.0,0.0,0.0
2016-04-15,0.0,0.8442570221052773,0.0,0.0,0.0
2016-04-18,0.0,0.8442570221052773,0.0,0.0,0.0
2016-04-19,0.0,0.8442570221052773,0.0,0.0,0.0
2016-04-20,0.0,0.8442570221052773,0.0,0.0,0.0
2016-04-21,0.0,0.8442570221052773,0.0,0.0,0.0
2016-04-22,0.0,0.8442570221052773,0.0,0.0,0.0
2016-04-25,0.0,0.8442570221052773,0.0,0.0,0.0
2016-04-26,0.0,0.8442570221052773,0.0,0.0,0.0
2016-04-27,0.0,0.8442570221052773,0.0,0.0,0.0
2016-04-28,-0.004717058276474062,0.8402746125316842,0.9948631163092877,0.9987515605493136,0.00021720662672964803
2016-04-29,0.000407771077297836,0.8406172522156623,0.9891461077377947,0.0,0.00021663855063214842
2016-05-02,-0.00038022704168194643,0.8402976268046656,0.9980557378775462,0.0,0.00021878875572732252
2016-05-03,0.0004373425424737398,0.840665124705207,0.988681070742839,0.0,0.0002167293551502063
2016-05-04,-1.3505075107778097e-05,0.8406537714595574,0.9828018836627345,0.0,0.0002154779219371037
2016-05-05,-0.0002351719023016008,0.8404560733129463,0.9828014231960428,0.0,0.00021550122816977728
2016-05-06,0.00013955305192880907,0.8405733615229891,0.9869953103116762,0.0,0.00021631836385287164
2016-05-09,0.0005883350971782608,0.8410679003333261,0.9881199352721453,0.0,0.00021642285067969015
2016-05-10,-0.0009349595065990535,0.8402815359042142,1.0019012111015528,0.0,0.00021921466097797235
2016-05-11,0.0008915388884842557,0.8410306795707481,0.991786717217754,0.0,0.0002170694708275495
2016-05-12,-0.0023418065400053756,0.8390611484249841,0.9923040043307306,0.0,0.00021733194512374142
2016-05-13,0.002928271697124396,0.8415181474380736,0.9830117080120632,0.0,0.0002155986287999147
2016-05-16,-4.69124839567181e-05,0.8414786697314827,0.993922847567153,0.0,0.00021717945709026423
2016-05-17,-0.0007074910818187785,0.8408833310771069,0.9839084204053569,0.0,0.0002150911679143913
2016-05-18,0.0012152182573224035,0.8419051878533099,0.9844606867308381,0.0,0.00021539020893371824
2016-05-19,-0.0006336441219104705,0.8413717195798207,0.9809055687728268,0.0,0.00021428605060003718
2016-05-20,0.0012183752555823268,0.8423968260637035,0.9879668470929797,0.0,0.0002159246341071239
2016-05-23,-5.9649583510901216e-05,0.8423465774438779,0.9867007446324768,0.0,0.000215239237580501
2016-05-24,0.0016422454340145887,0.8437299172645429,1.0009858496465027,0.0,0.0002181562367232949
2016-05-25,-0.0006901191151904573,0.8431476431205807,1.0086565207593754,0.0,0.00021934789754264424
2016-05-26,-0.0012257696954375286,0.8421141382908639,0.0,1.0095017282932313,0.0
2016-05-27,0.0,0.8421141382908639,0.0,0.0,0.0
2016-05-31,0.0,0.8421141382908639,0.0,0.0,0.0
2016-06-01,0.0,0.8421141382908639,0.0,0.0,0.0
2016-06-02,0.0,0.8421141382908639,0.0,0.0,0.0
2016-06-03,0.0,0.8421141382908639,0.0,0.0,0.0
2016-06-06,0.0,0.8421141382908639,0.0,0.0,0.0
2016-06-07,0.0,0.8421141382908639,0.0,0.0,0.0
2016-06-08,0.0,0.8421141382908639,0.0,0.0,0.0
2016-06-09,0.0,0.8421141382908639,0.0,0.0,0.0
2016-06-10,0.0,0.8421141382908639,0.0,0.0,0.0
2016-06-13,0.0,0.8421141382908639,0.0,0.0,0.0
2016-06-14,0.0,0.8421141382908639,0.0,0.0,0.0
2016-06-15,0.0,0.8421141382908639,0.0,0.0,0.0
2016-06-16,0.0,0.8421141382908639,0.0,0.0,0.0
2016-06-17,0.0,0.8421141382908639,0.0,0.0,0.0
2016-06-20,0.0,0.8421141382908639,0.0,0.0,0.0
2016-06-21,0.0,0.8421141382908639,0.0,0.0,0.0
2016-06-22,0.0,0.8421141382908639,0.0,0.0,0.0
2016-06-23,0.0,0.8421141382908639,0.0,0.0,0.0
2016-06-24,-0.002996834380215807,0.8395904616891681,0.9980933838111575,0.9987515605493134,0.00021921746117375816
2016-06-27,0.0008948998401843156,0.8403418110591541,0.978481084355808,0.0,0.0002156018915964754
2016-06-28,-0.0004974140114866188,0.8399238132678952,0.9983116236494682,0.0,0.00021970559406831795
2016-06-29,-0.001779634703072186,0.838429055701867,1.0174247076989709,0.0,0.00022370679075021645
2016-06-30,-0.0026816695802770463,0.8361806660079709,1.0331376306851756,0.0,0.0002271077560575295
2016-07-01,0.0008757127139107368,0.8369129200483205,1.0357433881306646,0.0,0.0002280780457022564
2016-07-05,0.0010846984793833059,0.8378207182200731,1.0276800438236704,0.0,0.00022614155521969944
2016-07-06,0.0001122901838317425,0.83791479726254,1.0347331863537748,0.0,0.00022743540323955693
2016-07-07,0.001492992455176978,0.8391657977329342,1.0341992252942662,0.0,0.00022716800142411216
2016-07-08,-0.0015843522290170942,0.8378362635307811,1.0515316927619065,0.0,0.00023055938156677118
2016-07-11,0.00040746159117976966,0.8381776496278676,1.0558379438714134,0.0,0.0002313274746918674
2016-07-12,-0.002077486716556387,0.8364363466946512,1.0646710474027168,0.0,0.00023298015076420178
2016-07-13,-0.00130534512780911,0.8353445085847708,1.0648250321651427,0.0,0.000233442946385084
2016-07-14,-0.0002709693277928027,0.8351181558448042,1.0716557378030782,0.0,0.00023520816808735617
2016-07-15,-0.00021020611647815102,0.8349426089004637,1.070315271218936,0.0,0.00023491083522601526
2016-07-18,0.001342521846242839,0.8360635375932715,1.0736319149484075,0.0,0.00023544746555460443
2016-07-19,-0.001385546667057258,0.834905132545311,1.0727633140104504,0.0,0.0002349496445861486
2016-07-20,0.0029050790158444695,0.8373305979260892,1.0777081883890056,0.0,0.00023556277524149156
2016-07-21,0.0008967708151057519,0.8380814915689043,1.0733944053643192,0.0,0.00023444116995190728
2016-07-22,-0.0008800214696306208,0.8373439618630236,1.0789977036343368,0.0,0.0002354552015169187
2016-07-25,-0.0010754143625205659,0.8364434701400663,0.0,1.0776641348521605,0.0
2016-07-26,0.0,0.8364434701400663,0.0,0.0,0.0
2016-07-27,0.0,0.8364434701400663,0.0,0.0,0.0
2016-07-28,0.0,0.8364434701400663,0.0,0.0,0.0
2016-07-29,0.0,0.8364434701400663,0.0,0.0,0.0
2016-08-01,0.0,0.8364434701400663,0.0,0.0,0.0
2016-08-02,0.0,0.8364434701400663,0.0,0.0,0.0
2016-08-03,0.0,0.8364434701400663,0.0,0.0,0.0
2016-08-04,0.0,0.8364434701400663,0.0,0.0,0.0
2016-08-05,0.0,0.8364434701400663,0.0,0.0,0.0
2016-08-08,0.0,0.8364434701400663,0.0,0.0,0.0
2016-08-09,0.0,0.8364434701400663,0.0,0.0,0.0
2016-08-10,0.0,0.8364434701400663,0.0,0.0,0.0
2016-08-11,0.0,0.8364434701400663,0.0,0.0,0.0
2016-08-12,0.0,0.8364434701400663,0.0,0.0,0.0
2016-08-15,0.0,0.8364434701400663,0.0,0.0,0.0
2016-08-16,0.0,0.8364434701400663,0.0,0.0,0.0
2016-08-17,0.0,0.8364434701400663,0.0,0.0,0.0
2016-08-18,0.0,0.8364434701400663,0.0,0.0,0.0
2016-08-19,0.0,0.8364434701400663,0.0,0.0,0.0
2016-08-22,0.0,0.8364434701400663,0.0,0.0,0.0
2016-08-23,0.0,0.8364434701400663,0.0,0.0,0.0
2016-08-24,0.0,0.8364434701400663,0.0,0.0,0.0
2016-08-25,0.0,0.8364434701400663,0.0,0.0,0.0
2016-08-26,0.0,0.8364434701400663,0.0,0.0,0.0
2016-08-29,0.0,0.8364434701400663,0.0,0.0,0.0
2016-08-30,0.0,0.8364434701400663,0.0,0.0,0.0
2016-08-31,0.0,0.8364434701400663,0.0,0.0,0.0
2016-09-01,0.0,0.8364434701400663,0.0,0.0,0.0
2016-09-02,0.0,0.8364434701400663,0.0,0.0,0.0
2016-09-06,0.0,0.8364434701400663,0.0,0.0,0.0
2016-09-07,0.0,0.8364434701400663,0.0,0.0,0.0
2016-09-08,0.0,0.8364434701400663,0.0,0.0,0.0
2016-09-09,0.0,0.8364434701400663,0.0,0.0,0.0
2016-09-12,0.0,0.8364434701400663,0.0,0.0,0.0
2016-09-13,0.0,0.8364434701400663,0.0,0.0,0.0
2016-09-14,0.0,0.8364434701400663,0.0,0.0,0.0
2016-09-15,0.0,0.8364434701400663,0.0,0.0,0.0
2016-09-16,0.0,0.8364434701400663,0.0,0.0,0.0
2016-09-19,0.0,0.8364434701400663,0.0,0.0,0.0
2016-09-20,0.0,0.8364434701400663,0.0,0.0,0.0
2016-09-21,0.0,0.8364434701400663,0.0,0.0,0.0
2016-09-22,0.0,0.8364434701400663,0.0,0.0,0.0
2016-09-23,0.0,0.8364434701400663,0.0,0.0,0.0
2016-09-26,0.0,0.8364434701400663,0.0,0.0,0.0
2016-09-27,0.0,0.8364434701400663,0.0,0.0,0.0
2016-09-28,0.0,0.8364434701400663,0.0,0.0,0.0
2016-09-29,0.0,0.8364434701400663,0.0,0.0,0.0
2016-09-30,0.0,0.8364434701400663,0.0,0.0,0.0
2016-10-03,0.0,0.8364434701400663,0.0,0.0,0.0
2016-10-04,0.0,0.8364434701400663,0.0,0.0,0.0
2016-10-05,0.0,0.8364434701400663,0.0,0.0,0.0
2016-10-06,0.0,0.8364434701400663,0.0,0.0,0.0
2016-10-07,0.0,0.8364434701400663,0.0,0.0,0.0
2016-10-10,0.0,0.8364434701400663,0.0,0.0,0.0
2016-10-11,0.0,0.8364434701400663,0.0,0.0,0.0
2016-10-12,0.0,0.8364434701400663,0.0,0.0,0.0
2016-10-13,0.0,0.8364434701400663,0.0,0.0,0.0
2016-10-14,0.0,0.8364434701400663,0.0,0.0,0.0
2016-10-17,0.0,0.8364434701400663,0.0,0.0,0.0
2016-10-18,0.0,0.8364434701400663,0.0,0.0,0.0
2016-10-19,0.0,0.8364434701400663,0.0,0.0,0.0
2016-10-20,0.0,0.8364434701400663,0.0,0.0,0.0
2016-10-21,0.0,0.8364434701400663,0.0,0.0,0.0
2016-10-24,0.0,0.8364434701400663,0.0,0.0,0.0
2016-10-25,0.0,0.8364434701400663,0.0,0.0,0.0
2016-10-26,0.0,0.8364434701400663,0.0,0.0,0.0
2016-10-27,0.0,0.8364434701400663,0.0,0.0,0.0
2016-10-28,0.0,0.8364434701400663,0.0,0.0,0.0
2016-10-31,0.0,0.8364434701400663,0.0,0.0,0.0
2016-11-01,0.0,0.8364434701400663,0.0,0.0,0.0
2016-11-02,0.0,0.8364434701400663,0.0,0.0,0.0
2016-11-03,0.0,0.8364434701400663,0.0,0.0,0.0
2016-11-04,0.0,0.8364434701400663,0.0,0.0,0.0
2016-11-07,0.0,0.8364434701400663,0.0,0.0,0.0
2016-11-08,0.0,0.8364434701400663,0.0,0.0,0.0
2016-11-09,0.0,0.8364434701400663,0.0,0.0,0.0
2016-11-10,0.0,0.8364434701400663,0.0,0.0,0.0
2016-11-11,0.0,0.8364434701400663,0.0,0.0,0.0
2016-11-14,0.0,0.8364434701400663,0.0,0.0,0.0
2016-11-15,0.0,0.8364434701400663,0.0,0.0,0.0
2016-11-16,0.0,0.8364434701400663,0.0,0.0,0.0
2016-11-17,0.0,0.8364434701400663,0.0,0.0,0.0
2016-11-18,0.0,0.8364434701400663,0.0,0.0,0.0
2016-11-21,0.0,0.8364434701400663,0.0,0.0,0.0
2016-11-22,0.0,0.8364434701400663,0.0,0.0,0.0
2016-11-23,0.0,0.8364434701400663,0.0,0.0,0.0
2016-11-25,0.0,0.8364434701400663,0.0,0.0,0.0
2016-11-28,0.0,0.8364434701400663,0.0,0.0,0.0
2016-11-29,0.0,0.8364434701400663,0.0,0.0,0.0
2016-11-30,0.0,0.8364434701400663,0.0,0.0,0.0
2016-12-01,0.0,0.8364434701400663,0.0,0.0,0.0
2016-12-02,0.0,0.8364434701400663,0.0,0.0,0.0
2016-12-05,0.0,0.8364434701400663,0.0,0.0,0.0
2016-12-06,0.0,0.8364434701400663,0.0,0.0,0.0
2016-12-07,0.0,0.8364434701400663,0.0,0.0,0.0
2016-12-08,0.0,0.8364434701400663,0.0,0.0,0.0
2016-12-09,0.0,0.8364434701400663,0.0,0.0,0.0
2016-12-12,0.0,0.8364434701400663,0.0,0.0,0.0
2016-12-13,0.0,0.8364434701400663,0.0,0.0,0.0
2016-12-14,0.0,0.8364434701400663,0.0,0.0,0.0
2016-12-15,0.0,0.8364434701400663,0.0,0.0,0.0
2016-12-16,0.0,0.8364434701400663,0.0,0.0,0.0
2016-12-19,0.0,0.8364434701400663,0.0,0.0,0.0
2016-12-20,0.0,0.8364434701400663,0.0,0.0,0.0
2016-12-21,0.0,0.8364434701400663,0.0,0.0,0.0
2016-12-22,0.0,0.8364434701400663,0.0,0.0,0.0
2016-12-23,0.0,0.8364434701400663,0.0,0.0,0.0
2016-12-27,0.0,0.8364434701400663,0.0,0.0,0.0
2016-12-28,0.0,0.8364434701400663,0.0,0.0,0.0
2016-12-29,0.0,0.8364434701400663,0.0,0.0,0.0
2016-12-30,0.0,0.8364434701400663,0.0,0.0,0.0
2017-01-03,0.0,0.8364434701400663,0.0,0.0,0.0
2017-01-04,0.0,0.8364434701400663,0.0,0.0,0.0
2017-01-05,0.0,0.8364434701400663,0.0,0.0,0.0
2017-01-06,0.0,0.8364434701400663,0.0,0.0,0.0
2017-01-09,0.0,0.8364434701400663,0.0,0.0,0.0
2017-01-10,0.0,0.8364434701400663,0.0,0.0,0.0
2017-01-11,0.0,0.8364434701400663,0.0,0.0,0.0
2017-01-12,0.0,0.8364434701400663,0.0,0.0,0.0
2017-01-13,0.0,0.8364434701400663,0.0,0.0,0.0
2017-01-17,0.0,0.8364434701400663,0.0,0.0,0.0
2017-01-18,0.0,0.8364434701400663,0.0,0.0,0.0
2017-01-19,0.0,0.8364434701400663,0.0,0.0,0.0
2017-01-20,0.0,0.8364434701400663,0.0,0.0,0.0
2017-01-23,0.0,0.8364434701400663,0.0,0.0,0.0
2017-01-24,0.0,0.8364434701400663,0.0,0.0,0.0
2017-01-25,0.0,0.8364434701400663,0.0,0.0,0.0
2017-01-26,0.0,0.8364434701400663,0.0,0.0,0.0
2017-01-27,0.0,0.8364434701400663,0.0,0.0,0.0
2017-01-30,0.0,0.8364434701400663,0.0,0.0,0.0
2017-01-31,0.0,0.8364434701400663,0.0,0.0,0.0
2017-02-01,0.0,0.8364434701400663,0.0,0.0,0.0
2017-02-02,0.0,0.8364434701400663,0.0,0.0,0.0
2017-02-03,0.0,0.8364434701400663,0.0,0.0,0.0
2017-02-06,0.0,0.8364434701400663,0.0,0.0,0.0
2017-02-07,0.0,0.8364434701400663,0.0,0.0,0.0
2017-02-08,0.0,0.8364434701400663,0.0,0.0,0.0
2017-02-09,0.0,0.8364434701400663,0.0,0.0,0.0
2017-02-10,0.0,0.8364434701400663,0.0,0.0,0.0
2017-02-13,0.0,0.8364434701400663,0.0,0.0,0.0
2017-02-14,0.0,0.8364434701400663,0.0,0.0,0.0
2017-02-15,0.0,0.8364434701400663,0.0,0.0,0.0
2017-02-16,0.0,0.8364434701400663,0.0,0.0,0.0
2017-02-17,0.0,0.8364434701400663,0.0,0.0,0.0
2017-02-21,0.0,0.8364434701400663,0.0,0.0,0.0
2017-02-22,0.0,0.8364434701400663,0.0,0.0,0.0
2017-02-23,0.0,0.8364434701400663,0.0,0.0,0.0
2017-02-24,0.0,0.8364434701400663,0.0,0.0,0.0
2017-02-27,0.0,0.8364434701400663,0.0,0.0,0.0
2017-02-28,0.0,0.8364434701400663,0.0,0.0,0.0
2017-03-01,0.0,0.8364434701400663,0.0,0.0,0.0
2017-03-02,0.0,0.8364434701400663,0.0,0.0,0.0
2017-03-03,0.0,0.8364434701400663,0.0,0.0,0.0
2017-03-06,0.0,0.8364434701400663,0.0,0.0,0.0
2017-03-07,0.0,0.8364434701400663,0.0,0.0,0.0
2017-03-08,0.0,0.8364434701400663,0.0,0.0,0.0
2017-03-09,0.0,0.8364434701400663,0.0,0.0,0.0
2017-03-10,0.0,0.8364434701400663,0.0,0.0,0.0
2017-03-13,0.0,0.8364434701400663,0.0,0.0,0.0
2017-03-14,0.0,0.8364434701400663,0.0,0.0,0.0
2017-03-15,0.0,0.8364434701400663,0.0,0.0,0.0
2017-03-16,0.0,0.8364434701400663,0.0,0.0,0.0
2017-03-17,0.0,0.8364434701400663,0.0,0.0,0.0
2017-03-20,0.0,0.8364434701400663,0.0,0.0,0.0
2017-03-21,0.0,0.8364434701400663,0.0,0.0,0.0
2017-03-22,0.0,0.8364434701400663,0.0,0.0,0.0
2017-03-23,0.0,0.8364434701400663,0.0,0.0,0.0
2017-03-24,0.0,0.8364434701400663,0.0,0.0,0.0
2017-03-27,0.0,0.8364434701400663,0.0,0.0,0.0
2017-03-28,0.0,0.8364434701400663,0.0,0.0,0.0
2017-03-29,0.0,0.8364434701400663,0.0,0.0,0.0
2017-03-30,0.0,0.8364434701400663,0.0,0.0,0.0
2017-03-31,0.0,0.8364434701400663,0.0,0.0,0.0
2017-04-03,0.0,0.8364434701400663,0.0,0.0,0.0
2017-04-04,0.0,0.8364434701400663,0.0,0.0,0.0
2017-04-05,0.0,0.8364434701400663,0.0,0.0,0.0
2017-04-06,0.0,0.8364434701400663,0.0,0.0,0.0
2017-04-07,0.0,0.8364434701400663,0.0,0.0,0.0
2017-04-10,0.0,0.8364434701400663,0.0,0.0,0.0
2017-04-11,0.0,0.8364434701400663,0.0,0.0,0.0
2017-04-12,0.0,0.8364434701400663,0.0,0.0,0.0
2017-04-13,0.0,0.8364434701400663,0.0,0.0,0.0
2017-04-17,0.0,0.8364434701400663,0.0,0.0,0.0
2017-04-18,0.0,0.8364434701400663,0.0,0.0,0.0
2017-04-19,0.0,0.8364434701400663,0.0,0.0,0.0
2017-04-20,0.0,0.8364434701400663,0.0,0.0,0.0
2017-04-21,0.0,0.8364434701400663,0.0,0.0,0.0
2017-04-24,0.0,0.8364434701400663,0.0,0.0,0.0
2017-04-25,0.0,0.8364434701400663,0.0,0.0,0.0
2017-04-26,0.0,0.8364434701400663,0.0,0.0,0.0
2017-04-27,0.0,0.8364434701400663,0.0,0.0,0.0
2017-04-28,0.0,0.8364434701400663,0.0,0.0,0.0
2017-05-01,0.0,0.8364434701400663,0.0,0.0,0.0
2017-05-02,0.0,0.8364434701400663,0.0,0.0,0.0
2017-05-03,0.0,0.8364434701400663,0.0,0.0,0.0
2017-05-04,0.0,0.8364434701400663,0.0,0.0,0.0
2017-05-05,0.0,0.8364434701400663,0.0,0.0,0.0
2017-05-08,0.0,0.8364434701400663,0.0,0.0,0.0
2017-05-09,0.0,0.8364434701400663,0.0,0.0,0.0
2017-05-10,0.0,0.8364434701400663,0.0,0.0,0.0
2017-05-11,0.0,0.8364434701400663,0.0,0.0,0.0
2017-05-12,0.0,0.8364434701400663,0.0,0.0,0.0
2017-05-15,0.0,0.8364434701400663,0.0,0.0,0.0
2017-05-16,0.0,0.8364434701400663,0.0,0.0,0.0
2017-05-17,0.0,0.8364434701400663,0.0,0.0,0.0
2017-05-18,0.0,0.8364434701400663,0.0,0.0,0.0
2017-05-19,0.0,0.8364434701400663,0.0,0.0,0.0
2017-05-22,0.0,0.8364434701400663,0.0,0.0,0.0
2017-05-23,0.0,0.8364434701400663,0.0,0.0,0.0
2017-05-24,0.0,0.8364434701400663,0.0,0.0,0.0
2017-05-25,0.0,0.8364434701400663,0.0,0.0,0.0
2017-05-26,0.0,0.8364434701400663,0.0,0.0,0.0
2017-05-30,0.0,0.8364434701400663,0.0,0.0,0.0
2017-05-31,0.0,0.8364434701400663,0.0,0.0,0.0
2017-06-01,0.0,0.8364434701400663,0.0,0.0,0.0
2017-06-02,0.0,0.8364434701400663,0.0,0.0,0.0
2017-06-05,0.0,0.8364434701400663,0.0,0.0,0.0
2017-06-06,0.0,0.8364434701400663,0.0,0.0,0.0
2017-06-07,0.0,0.8364434701400663,0.0,0.0,0.0
2017-06-08,0.0,0.8364434701400663,0.0,0.0,0.0
2017-06-09,0.0,0.8364434701400663,0.0,0.0,0.0
2017-06-12,0.0,0.8364434701400663,0.0,0.0,0.0
2017-06-13,0.0,0.8364434701400663,0.0,0.0,0.0
2017-06-14,0.0,0.8364434701400663,0.0,0.0,0.0
2017-06-15,0.0,0.8364434701400663,0.0,0.0,0.0
2017-06-16,0.0,0.8364434701400663,0.0,0.0,0.0
2017-06-19,0.0,0.8364434701400663,0.0,0.0,0.0
2017-06-20,0.0,0.8364434701400663,0.0,0.0,0.0
2017-06-21,0.0,0.8364434701400663,0.0,0.0,0.0
2017-06-22,0.0,0.8364434701400663,0.0,0.0,0.0
2017-06-23,0.0,0.8364434701400663,0.0,0.0,0.0
2017-06-26,0.0,0.8364434701400663,0.0,0.0,0.0
2017-06-27,0.0,0.8364434701400663,0.0,0.0,0.0
2017-06-28,0.0,0.8364434701400663,0.0,0.0,0.0
2017-06-29,0.0,0.8364434701400663,0.0,0.0,0.0
2017-06-30,0.0,0.8364434701400663,0.0,0.0,0.0
2017-07-03,0.0,0.8364434701400663,0.0,0.0,0.0
2017-07-05,0.0,0.8364434701400663,0.0,0.0,0.0
2017-07-06,0.0,0.8364434701400663,0.0,0.0,0.0
2017-07-07,0.0,0.8364434701400663,0.0,0.0,0.0
2017-07-10,0.0,0.8364434701400663,0.0,0.0,0.0
2017-07-11,0.0,0.8364434701400663,0.0,0.0,0.0
2017-07-12,0.0,0.8364434701400663,0.0,0.0,0.0
2017-07-13,0.0,0.8364434701400663,0.0,0.0,0.0
2017-07-14,0.0,0.8364434701400663,0.0,0.0,0.0
2017-07-17,0.0,0.8364434701400663,0.0,0.0,0.0
2017-07-18,0.0,0.8364434701400663,0.0,0.0,0.0
2017-07-19,0.0,0.8364434701400663,0.0,0.0,0.0
2017-07-20,0.0,0.8364434701400663,0.0,0.0,0.0
2017-07-21,0.0,0.8364434701400663,0.0,0.0,0.0
2017-07-24,0.0,0.8364434701400663,0.0,0.0,0.0
2017-07-25,0.0,0.8364434701400663,0.0,0.0,0.0
2017-07-26,0.0,0.8364434701400663,0.0,0.0,0.0
2017-07-27,0.0,0.8364434701400663,0.0,0.0,0.0
2017-07-28,0.0,0.8364434701400663,0.0,0.0,0.0
2017-07-31,0.0,0.8364434701400663,0.0,0.0,0.0
2017-08-01,0.0,0.8364434701400663,0.0,0.0,0.0
2017-08-02,0.0,0.8364434701400663,0.0,0.0,0.0
2017-08-03,0.0,0.8364434701400663,0.0,0.0,0.0
2017-08-04,0.0,0.8364434701400663,0.0,0.0,0.0
2017-08-07,0.0,0.8364434701400663,0.0,0.0,0.0
2017-08-08,0.0,0.8364434701400663,0.0,0.0,0.0
2017-08-09,0.0,0.8364434701400663,0.0,0.0,0.0
2017-08-10,0.0,0.8364434701400663,0.0,0.0,0.0
2017-08-11,0.0,0.8364434701400663,0.0,0.0,0.0
2017-08-14,0.0,0.8364434701400663,0.0,0.0,0.0
2017-08-15,0.0,0.8364434701400663,0.0,0.0,0.0
2017-08-16,0.0,0.8364434701400663,0.0,0.0,0.0
2017-08-17,0.0,0.8364434701400663,0.0,0.0,0.0
2017-08-18,0.0,0.8364434701400663,0.0,0.0,0.0
2017-08-21,0.0,0.8364434701400663,0.0,0.0,0.0
2017-08-22,0.0,0.8364434701400663,0.0,0.0,0.0
2017-08-23,0.0,0.8364434701400663,0.0,0.0,0.0
2017-08-24,0.0,0.8364434701400663,0.0,0.0,0.0
2017-08-25,0.0,0.8364434701400663,0.0,0.0,0.0
2017-08-28,0.0,0.8364434701400663,0.0,0.0,0.0
2017-08-29,0.0,0.8364434701400663,0.0,0.0,0.0
2017-08-30,0.0,0.8364434701400663,0.0,0.0,0.0
2017-08-31,0.0,0.8364434701400663,0.0,0.0,0.0
2017-09-01,0.0,0.8364434701400663,0.0,0.0,0.0
2017-09-05,0.0,0.8364434701400663,0.0,0.0,0.0
2017-09-06,0.0,0.8364434701400663,0.0,0.0,0.0
2017-09-07,0.0,0.8364434701400663,0.0,0.0,0.0
2017-09-08,0.0,0.8364434701400663,0.0,0.0,0.0
2017-09-11,0.0,0.8364434701400663,0.0,0.0,0.0
2017-09-12,0.0,0.8364434701400663,0.0,0.0,0.0
2017-09-13,0.0,0.8364434701400663,0.0,0.0,0.0
2017-09-14,0.0,0.8364434701400663,0.0,0.0,0.0
2017-09-15,0.0,0.8364434701400663,0.0,0.0,0.0
2017-09-18,0.0,0.8364434701400663,0.0,0.0,0.0
2017-09-19,0.0,0.8364434701400663,0.0,0.0,0.0
2017-09-20,0.0,0.8364434701400663,0.0,0.0,0.0
2017-09-21,0.0,0.8364434701400663,0.0,0.0,0.0
2017-09-22,0.0,0.8364434701400663,0.0,0.0,0.0
2017-09-25,0.0,0.8364434701400663,0.0,0.0,0.0
2017-09-26,0.0,0.8364434701400663,0.0,0.0,0.0
2017-09-27,0.0,0.8364434701400663,0.0,0.0,0.0
2017-09-28,0.0,0.8364434701400663,0.0,0.0,0.0
2017-09-29,0.0,0.8364434701400663,0.0,0.0,0.0
2017-10-02,0.0,0.8364434701400663,0.0,0.0,0.0
2017-10-03,0.0,0.8364434701400663,0.0,0.0,0.0
2017-10-04,0.0,0.8364434701400663,0.0,0.0,0.0
2017-10-05,0.0,0.8364434701400663,0.0,0.0,0.0
2017-10-06,0.0,0.8364434701400663,0.0,0.0,0.0
2017-10-09,0.0,0.8364434701400663,0.0,0.0,0.0
2017-10-10,0.0,0.8364434701400663,0.0,0.0,0.0
2017-10-11,0.0,0.8364434701400663,0.0,0.0,0.0
2017-10-12,0.0,0.8364434701400663,0.0,0.0,0.0
2017-10-13,0.0,0.8364434701400663,0.0,0.0,0.0
2017-10-16,0.0,0.8364434701400663,0.0,0.0,0.0
2017-10-17,0.0,0.8364434701400663,0.0,0.0,0.0
2017-10-18,0.0,0.8364434701400663,0.0,0.0,0.0
2017-10-19,0.0,0.8364434701400663,0.0,0.0,0.0
2017-10-20,0.0,0.8364434701400663,0.0,0.0,0.0
2017-10-23,0.0,0.8364434701400663,0.0,0.0,0.0
2017-10-24,0.0,0.8364434701400663,0.0,0.0,0.0
2017-10-25,0.0,0.8364434701400663,0.0,0.0,0.0
2017-10-26,0.0,0.8364434701400663,0.0,0.0,0.0
2017-10-27,0.0,0.8364434701400663,0.0,0.0,0.0
2017-10-30,0.0,0.8364434701400663,0.0,0.0,0.0
2017-10-31,0.0,0.8364434701400663,0.0,0.0,0.0
2017-11-01,0.0,0.8364434701400663,0.0,0.0,0.0
2017-11-02,0.0,0.8364434701400663,0.0,0.0,0.0
2017-11-03,0.0,0.8364434701400663,0.0,0.0,0.0
2017-11-06,0.0,0.8364434701400663,0.0,0.0,0.0
2017-11-07,0.0,0.8364434701400663,0.0,0.0,0.0
2017-11-08,0.0,0.8364434701400663,0.0,0.0,0.0
2017-11-09,0.0,0.8364434701400663,0.0,0.0,0.0
2017-11-10,0.0,0.8364434701400663,0.0,0.0,0.0
2017-11-13,0.0,0.8364434701400663,0.0,0.0,0.0
2017-11-14,0.0,0.8364434701400663,0.0,0.0,0.0
2017-11-15,0.0,0.8364434701400663,0.0,0.0,0.0
2017-11-16,0.0,0.8364434701400663,0.0,0.0,0.0
2017-11-17,0.0,0.8364434701400663,0.0,0.0,0.0
2017-11-20,0.0,0.8364434701400663,0.0,0.0,0.0
2017-11-21,0.0,0.8364434701400663,0.0,0.0,0.0
2017-11-22,0.0,0.8364434701400663,0.0,0.0,0.0
2017-11-24,0.0,0.8364434701400663,0.0,0.0,0.0
2017-11-27,0.0,0.8364434701400663,0.0,0.0,0.0
2017-11-28,0.0,0.8364434701400663,0.0,0.0,0.0
2017-11-29,0.0,0.8364434701400663,0.0,0.0,0.0
2017-11-30,-0.002885882087110714,0.8340295929127083,1.0061636813212191,0.9987515605493132,0.0002480915242191389
2017-12-01,-0.0005600486272009375,0.8335624957841525,1.0038117274749774,0.0,0.00024872358539703484
2017-12-04,-0.003842961386904653,0.8303591472992822,1.0025545674264174,0.0,0.0002486308364061969
2017-12-05,0.002254958239370497,0.8322315725001214,0.9982912455907145,0.0,0.00024765218312821345
2017-12-06,0.0013236996908452259,0.8333331971753515,0.9987772303940337,0.0,0.00024809265140545626
2017-12-07,-0.0009416743649884873,0.8325484686660776,1.0029591857491975,0.0,0.00024862890086992784
2017-12-08,-0.0019980637909911003,0.8308849837165908,1.0100552104909835,0.0,0.00024967678417031706
2017-12-11,0.0007928567963584321,0.8315437565229227,1.0140949897969456,0.0,0.0002514108517499111
2017-12-12,-0.001881289445814227,0.8299793820300434,1.016607877310959,0.0,0.00025180106883823645
2017-12-13,0.0005560988424402336,0.8304409326036395,1.0167081210464082,0.0,0.0002514438370159308
2017-12-14,0.0020699383550075723,0.832159894141604,1.011753775259078,0.0,0.00025053392870361374
2017-12-15,-0.0011627783382265333,0.8311922766427552,1.022523849799624,0.0,0.0002523712048212889
2017-12-18,-0.0010451797091219905,0.8303235313408293,1.0308750450603492,0.0,0.00025427099781222723
2017-12-19,-0.00010540237910172667,0.8302360132652018,1.0262106165478615,0.0,0.00025360177652783883
2017-12-20,-0.00033677179628344156,0.8299564131916752,1.0258032857558619,0.0,0.00025346194233807234
2017-12-21,-0.00151891582386543,0.8286957792625598,1.0287295294860919,0.0,0.0002540392751487904
2017-12-22,-0.0005300803004824051,0.8282565039548798,1.0286635038893677,0.0,0.00025422777640623975
2017-12-26,-0.0015837599312252815,0.8269447444911393,1.0274283665684532,0.0,0.0002541675300322807
2017-12-27,-0.0005168411460808597,0.826517345421651,1.0283211428751537,0.0,0.0002545321422539856
2017-12-28,-0.0011052471146446585,0.8256038395104199,1.0312500577672967,0.0,0.000255111381818058
2017-12-29,-0.002530933053586981,0.8235142914638347,0.0,1.0344642809185844,0.0
