date,return,nav,cost,turnover,gross
2011-01-03,9.445585386957944e-06,1.000009445585387,0.0,0.0,0.0
2011-01-04,-0.008540516215125527,0.9914688487000862,0.0004997501249375312,0.9995002498750623,0.9999999999999998
2011-01-05,0.02027106906537779,1.0115669822082562,0.0,0.0,0.9999999999999998
2011-01-06,-0.004836934503947732,1.0066740989689589,0.0,0.0,0.9999999999999998
2011-01-07,-0.0011599194952492953,1.0055064380562022,0.0,0.0,0.9999999999999998
2011-01-10,0.0026288640247194017,1.0081497777578319,0.0,0.0,0.9999999999999998
2011-01-11,0.005036951717194649,1.0132277795120985,0.0,0.0,0.9999999999999998
2011-01-12,0.0074135682746303555,1.0207394128332636,0.0,0.0,0.9999999999999998
2011-01-13,0.0016456245374283363,1.0224191666573423,0.0,0.0,0.9999999999999998
2011-01-14,0.008360534280973386,1.0309671371497053,0.0,0.0,0.9999999999999998
2011-01-18,0.0023240839720533035,1.0333631913488686,0.0,0.0,0.9999999999999998
2011-01-19,-0.019944853730248013,1.012752913647193,0.0,0.0,0.9999999999999998
2011-01-20,-0.02574430489399826,0.9866802938559747,0.0,0.0,0.9999999999999998
2011-01-21,0.004928799682893059,0.9915434433754488,0.0,0.0,0.9999999999999998
2011-01-24,-0.002048242628625796,0.9895125218265928,0.0,0.0,0.9999999999999998
2011-01-25,-0.005359552909695253,0.9842091771110572,0.0,0.0,0.9999999999999998
2011-01-26,0.009737091016251975,0.9937925114476179,0.0,0.0,0.9999999999999998
2011-01-27,0.0157282116698525,1.0094230904235804,0.0,0.0,0.9999999999999998
2011-01-28,-0.018311025613580112,0.990939518359895,0.0,0.0,0.9999999999999998
2011-01-31,0.009715956660327763,1.0005674437732859,0.0,0.0,0.9999999999999998
2011-02-01,0.013367632174485333,1.0139426613274123,0.0,0.0,0.9999999999999998
2011-02-02,0.00020078550700852738,1.0141462463187445,0.0004299171468706607,0.8598342937413215,0.9999999999999998
2011-02-03,0.005796648824314632,1.0200248959651512,0.0,0.0,0.9999999999999998
2011-02-04,0.011035445010140199,1.0312813246135486,0.0,0.0,0.9999999999999998
2011-02-07,0.0069511570591658245,1.038449923073122,0.0,0.0,0.9999999999999998
2011-02-08,0.0006947619115056369,1.039171398526679,0.0,0.0,0.9999999999999998
2011-02-09,-0.005674115690796566,1.0332750197888718,0.0,0.0,0.9999999999999998
2011-02-10,-0.0018247648823902507,1.03138953581891,0.0,0.0,0.9999999999999998
2011-02-11,0.01515527995290733,1.0470205329747448,0.0,0.0,0.9999999999999998
2011-02-14,0.005645537181284244,1.0529315263232217,0.0,0.0,0.9999999999999998
2011-02-15,-0.004504999543694321,1.0481880702775943,0.0,0.0,0.9999999999999998
2011-02-16,0.0033420924977971556,1.0516912117635495,0.0,0.0,0.9999999999999998
2011-02-17,-0.003819321388793262,1.047674465024055,0.0,0.0,0.9999999999999998
2011-02-18,0.003442266820904427,1.051280840074116,0.0,0.0,0.9999999999999998
2011-02-22,-0.036865589120436026,1.0125247525737568,0.0,0.0,0.9999999999999998
2011-02-23,-0.015598122205669362,0.9967312677468463,0.0,0.0,0.9999999999999999
2011-02-24,0.005107944389705743,1.0018225156339782,0.0,0.0,0.9999999999999998
2011-02-25,0.012353433189209895,1.0141984631483087,0.0,0.0,0.9999999999999998
2011-02-28,-0.00780067811874996,1.0062870273887579,0.0,0.0,0.9999999999999998
2011-03-01,-0.01769016547245239,0.9884856433614685,0.0,0.0,0.9999999999999999
2011-03-02,0.005287108405995333,0.9937118741156905,0.000470634931865208,0.941269863730416,0.9999999999999998
2011-03-03,0.02371581813200274,1.01727856419783,0.0,0.0,0.9999999999999998
2011-03-04,-0.00841875501521916,1.0087143451836145,0.0,0.0,0.9999999999999998
2011-03-07,-0.01582845027480506,0.992747960329393,0.0,0.0,0.9999999999999998
2011-03-08,0.007500417277860549,1.0001939842836085,0.0,0.0,0.9999999999999998
2011-03-09,-0.005406161055349967,0.9947867745179791,0.0,0.0,0.9999999999999998
2011-03-10,-0.02334740795796575,0.971561081862119,0.0,0.0,0.9999999999999998
2011-03-11,0.014041151311763533,0.9852029180211658,0.0,0.0,0.9999999999999998
2011-03-14,-0.0020822591194360474,0.9831514702606212,0.0,0.0,0.9999999999999998
2011-03-15,-0.008743081310343515,0.9745556970157488,0.0,0.0,0.9999999999999998
2011-03-16,-0.02022240173416512,0.9548478401983771,0.0,0.0,0.9999999999999998
2011-03-17,0.016352167717511357,0.9704616722260044,0.0,0.0,0.9999999999999998
2011-03-18,-0.00031295768845174265,0.9701579587843335,0.0,0.0,0.9999999999999998
2011-03-21,0.021794442452134355,0.9913020105865388,0.0,0.0,0.9999999999999998
2011-03-22,-0.009089802450810258,0.9822912711412162,0.0,0.0,0.9999999999999998
2011-03-23,0.007962041694033806,0.990112315197728,0.0,0.0,0.9999999999999998
2011-03-24,0.01255734302380751,1.002545495171762,0.0,0.0,0.9999999999999998
2011-03-25,0.006084002409884048,1.0086449843804055,0.0,0.0,0.9999999999999998
2011-03-28,-0.004621560467478969,1.003983470594872,0.0,0.0,0.9999999999999998
2011-03-29,0.0070223743453612375,1.0110338183619443,0.0,0.0,0.9999999999999998
2011-03-30,0.008933890426618962,1.020066283712796,0.0,0.0,0.9999999999999998
2011-03-31,-0.004240492398023155,1.0157407003912322,0.0,0.0,0.9999999999999998
2011-04-01,0.008076355506325239,1.0239441833898355,0.0,0.0,0.9999999999999998
2011-04-04,-0.0007622579328768753,1.0231636738132235,0.0002670104720562916,0.5340209441125832,0.9999999999999998
2011-04-05,0.004809762444751842,1.0280848480263647,0.0,0.0,0.9999999999999998
2011-04-06,0.0026968822392854364,1.0308574717934855,0.0,0.0,0.9999999999999998
2011-04-07,-0.005379793060451776,1.025311671920416,0.0,0.0,0.9999999999999998
2011-04-08,-0.01116417644608969,1.0138649115028613,0.0,0.0,0.9999999999999998
2011-04-11,-0.008696415265748936,1.0050479212090606,0.0,0.0,0.9999999999999998
2011-04-12,-0.010432509618902408,0.9945627491035892,0.0,0.0,0.9999999999999998
2011-04-13,0.003974555026969417,0.9985156934776753,0.0,0.0,0.9999999999999998
2011-04-14,-0.003876409481889831,0.9946450377756627,0.0,0.0,0.9999999999999998
2011-04-15,0.003000421818042165,0.9976293924482122,0.0,0.0,0.9999999999999998
2011-04-18,-0.015282609645153378,0.9823830118728947,0.0,0.0,0.9999999999999998
2011-04-19,0.005800374035802802,0.9880812007881761,0.0,0.0,0.9999999999999998
2011-04-20,0.016654071732515652,1.0045367759836525,0.0,0.0,0.9999999999999998
2011-04-21,0.007177796494133748,1.0117471365325363,0.0,0.0,0.9999999999999998
2011-04-25,-0.00424030841497558,1.00745701663567,0.0,0.0,0.9999999999999998
2011-04-26,0.00398752155882609,1.0114742732090953,0.0,0.0,0.9999999999999998
2011-04-27,0.007509553284303472,1.0190699931594611,0.0,0.0,0.9999999999999998
2011-04-28,-0.006772273402249063,1.0121685725497571,0.0,0.0,0.9999999999999998
2011-04-29,-0.000851103469524106,1.0113071123659167,0.0,0.0,0.9999999999999998
2011-05-02,-0.005490347529210848,1.0057546848602652,0.0,0.0,0.9999999999999998
2011-05-03,-0.012083288941184156,0.993601860399149,0.0003693894714169913,0.7387789428339826,0.9999999999999998
2011-05-04,-0.00424545890505279,0.9893835645328404,0.0,0.0,0.9999999999999998
2011-05-05,-0.0061506699510699425,0.9832981927723857,0.0,0.0,0.9999999999999998
2011-05-06,0.009474395088146847,0.992614348340172,0.0,0.0,0.9999999999999998
2011-05-09,0.008124263491570582,1.0006786088516013,0.0,0.0,0.9999999999999998
2011-05-10,0.009678897565288835,1.0103640746024516,0.0,0.0,0.9999999999999998
2011-05-11,-0.013858253190287106,0.9963621934422406,0.0,0.0,0.9999999999999998
2011-05-12,0.0010408010831060022,0.9973992082923412,0.0,0.0,0.9999999999999998
2011-05-13,-0.011121214898414777,0.9863069173574133,0.0,0.0,0.9999999999999998
2011-05-16,-0.006809574615963099,0.9795905868094275,0.0,0.0,0.9999999999999998
2011-05-17,-0.00886240599457988,0.9709090573206536,0.0,0.0,0.9999999999999998
2011-05-18,0.01790718964176574,0.9882953099350026,0.0,0.0,0.9999999999999998
2011-05-19,0.0018326693419021822,0.9901065284502661,0.0,0.0,0.9999999999999998
2011-05-20,-0.008112042106491857,0.9820747426015651,0.0,0.0,0.9999999999999998
2011-05-23,-0.011885900783980996,0.9704018996485493,0.0,0.0,0.9999999999999998
2011-05-24,-0.0015120853225923936,0.968934569179075,0.0,0.0,0.9999999999999998
2011-05-25,0.008434581931418439,0.9771071271889994,0.0,0.0,0.9999999999999998
2011-05-26,0.0065605149254091,0.9835174530806464,0.0,0.0,0.9999999999999998
2011-05-27,0.005908392980854993,0.9893284606969766,0.0,0.0,0.9999999999999998
2011-05-31,0.00801857809545159,0.9972614682211283,0.0,0.0,0.9999999999999998
2011-06-01,-0.02708820331206052,0.9702474468146703,0.0,0.0,0.9999999999999998
2011-06-02,0.0054954280382168985,0.975579371837904,0.0005161745084683464,1.0323490169366927,0.9999999999999998
2011-06-03,-0.010025246921271935,0.9657989477439296,0.0,0.0,0.9999999999999998
2011-06-06,-0.016171211242352657,0.9501808089423206,0.0,0.0,0.9999999999999998
2011-06-07,0.0017698663369853929,0.9518625019701172,0.0,0.0,0.9999999999999998
2011-06-08,-0.007086339824424304,0.9451172808150302,0.0,0.0,0.9999999999999998
2011-06-09,0.013004444839306073,0.9574080063600642,0.0,0.0,0.9999999999999998
2011-06-10,-0.012100465196533405,0.9458229241002218,0.0,0.0,0.9999999999999998
2011-06-13,-0.0011412614412089628,0.9447434928667348,0.0,0.0,0.9999999999999998
2011-06-14,0.011805056883261278,0.9558962435401175,0.0,0.0,0.9999999999999998
2011-06-15,-0.022302833286340973,0.9345770489814027,0.0,0.0,0.9999999999999998
2011-06-16,-0.00675387681456463,0.928265030718863,0.0,0.0,0.9999999999999998
2011-06-17,-0.0012842973905600186,0.9270728623621627,0.0,0.0,0.9999999999999998
2011-06-20,0.009673296075447757,0.9360407126433048,0.0,0.0,0.9999999999999998
2011-06-21,0.023527794913570377,0.9580636865611287,0.0,0.0,0.9999999999999998
2011-06-22,-0.007500269569034601,0.9508779506476172,0.0,0.0,0.9999999999999998
2011-06-23,-0.0005975686971879668,0.9503097357494639,0.0,0.0,0.9999999999999998
2011-06-24,-0.012404217235938986,0.9385218873457998,0.0,0.0,0.9999999999999998
2011-06-27,0.009915073255112983,0.9478274006103602,0.0,0.0,0.9999999999999998
2011-06-28,0.014971678903259011,0.9620179681080091,0.0,0.0,0.9999999999999998
2011-06-29,0.014476618500929073,0.9759447352233477,0.0,0.0,0.9999999999999998
2011-06-30,0.009216980720419654,0.9849399990320964,0.0,0.0,0.9999999999999998
2011-07-01,0.01223442774037209,0.9969901762788567,0.0,0.0,0.9999999999999998
2011-07-05,-0.0011186324124218272,0.995874910752805,0.00046346022040461373,0.9269204408092274,0.9999999999999997
2011-07-06,0.002232744210912685,0.9980984446945815,0.0,0.0,0.9999999999999997
2011-07-07,0.00705782433033364,1.0051428481816151,0.0,0.0,0.9999999999999998
2011-07-08,-0.005972401430137997,0.9991397315976422,0.0,0.0,0.9999999999999997
2011-07-11,-0.0233272512538949,0.9758325480409149,0.0,0.0,0.9999999999999997
2011-07-12,-0.009963738926294763,0.9661096072964542,0.0,0.0,0.9999999999999997
2011-07-13,0.004898306234461414,0.9708419080090476,0.0,0.0,0.9999999999999997
2011-07-14,-0.010687404883551133,0.9604661274602356,0.0,0.0,0.9999999999999997
2011-07-15,0.004244264463479919,0.9645425997133912,0.0,0.0,0.9999999999999997
2011-07-18,-0.01107338267952851,0.9538618503960575,0.0,0.0,0.9999999999999997
2011-07-19,0.022969262897350573,0.9757713540055578,0.0,0.0,0.9999999999999997
2011-07-20,-0.001953518223301365,0.9738651668837325,0.0,0.0,0.9999999999999997
2011-07-21,0.014776538166070718,0.9882555226907969,0.0,0.0,0.9999999999999997
2011-07-22,0.002892063225547803,0.9911136201454155,0.0,0.0,0.9999999999999997
2011-07-25,-0.004076416730815158,0.987073428002116,0.0,0.0,0.9999999999999997
2011-07-26,-0.004662746514550786,0.9824709548160934,0.0,0.0,0.9999999999999997
2011-07-27,-0.026768556440991964,0.9561716256104635,0.0,0.0,0.9999999999999997
2011-07-28,0.0008419920101465639,0.9569767144795563,0.0,0.0,0.9999999999999997
2011-07-29,-0.006923234835772063,0.9503513399528488,0.0,0.0,0.9999999999999997
2011-08-01,-0.002923162579984928,0.9475733084780601,0.0,0.0,0.9999999999999997
2011-08-02,-0.028274351410443432,0.9207812877669949,0.00042439331035058574,0.8487866207011714,0.9999999999999998
2011-08-03,0.015761260397160637,0.9352939614123235,0.0,0.0,0.9999999999999998
2011-08-04,-0.05349860710196108,0.8852570372458888,0.0,0.0,0.9999999999999998
2011-08-05,-0.004437570988078399,0.8813286463004142,0.0,0.0,0.9999999999999998
2011-08-08,-0.08351336533991127,0.8077259250773983,0.0,0.0,0.9999999999999998
2011-08-09,0.07189944149519212,0.8658009679716505,0.0,0.0,0.9999999999999998
2011-08-10,-0.04959634138870894,0.8228604075894539,0.0,0.0,0.9999999999999998
2011-08-11,0.06169998584748049,0.8736308830921753,0.0,0.0,0.9999999999999998
2011-08-12,0.008712069409175127,0.8812420159836734,0.0,0.0,0.9999999999999998
2011-08-15,0.02088434972299913,0.8996461824360772,0.0,0.0,0.9999999999999998
2011-08-16,-0.011512390581181031,0.8892891041990046,0.0,0.0,0.9999999999999998
2011-08-17,0.0004447396588509456,0.889684606331826,0.0,0.0,0.9999999999999998
2011-08-18,-0.05587469134971812,0.8399737535544397,0.0,0.0,0.9999999999999998
2011-08-19,-0.013096931350350283,0.8289726749680412,0.0,0.0,0.9999999999999998
2011-08-22,0.0005443967423115481,0.8294239649917591,0.0,0.0,0.9999999999999998
2011-08-23,0.043963474237925126,0.865888324108992,0.0,0.0,0.9999999999999998
2011-08-24,0.010644077752511416,0.8751049067557999,0.0,0.0,0.9999999999999998
2011-08-25,-0.013661081794295149,0.8631500270460198,0.0,0.0,0.9999999999999998
2011-08-26,0.021687400611460683,0.8818695074703601,0.0,0.0,0.9999999999999998
2011-08-29,0.03163219531853545,0.9097649759761232,0.0,0.0,0.9999999999999998
2011-08-30,0.005335373979711733,0.9146189123565993,0.0,0.0,0.9999999999999998
2011-08-31,0.0027374455298758704,0.9171226318097698,0.0,0.0,0.9999999999999998
2011-09-01,-0.008601148204714693,0.909234324131676,0.0,0.0,0.9999999999999998
2011-09-02,-0.026809426862053454,0.8848582730183993,0.0005706807099603433,1.1413614199206865,0.9999999999999998
2011-09-06,-0.00845932442177244,0.8773729698196473,0.0,0.0,0.9999999999999998
2011-09-07,0.03332123197268788,0.9066081180735738,0.0,0.0,0.9999999999999998
2011-09-08,-0.007990369931191954,0.8993639838275441,0.0,0.0,0.9999999999999998
2011-09-09,-0.03691170497256746,0.8661669257935489,0.0,0.0,0.9999999999999998
2011-09-12,0.0035380182905933033,0.8692314402197134,0.0,0.0,0.9999999999999998
2011-09-13,0.011535806316096853,0.87925872575795,0.0,0.0,0.9999999999999998
2011-09-14,0.018793113954699958,0.8957827351867835,0.0,0.0,0.9999999999999998
2011-09-15,0.018828641771095,0.9126491074123471,0.0,0.0,0.9999999999999998
2011-09-16,0.006570141612159963,0.9186453412902577,0.0,0.0,0.9999999999999998
2011-09-19,-0.011518425859526338,0.9080639930354065,0.0,0.0,0.9999999999999998
2011-09-20,-0.0009827973070410945,0.9071715501884303,0.0,0.0,0.9999999999999998
2011-09-21,-0.03613950449580805,0.8743868198719263,0.0,0.0,0.9999999999999998
2011-09-22,-0.037503043636275435,0.8415946528112854,0.0,0.0,0.9999999999999998
2011-09-23,0.001632679521721636,0.8429687071665208,0.0,0.0,0.9999999999999998
2011-09-26,0.025994737701208637,0.8648814575996415,0.0,0.0,0.9999999999999998
2011-09-27,0.01207717390575569,0.8753267813709358,0.0,0.0,0.9999999999999998
2011-09-28,-0.02462471885346318,0.8537721054747697,0.0,0.0,0.9999999999999998
2011-09-29,0.005413191442113607,0.8583937373296411,0.0,0.0,0.9999999999999998
2011-09-30,-0.025195114698980947,0.8367664086607338,0.0,0.0,0.9999999999999998
2011-10-03,-0.037838559689719276,0.8051043729602726,0.0,0.0,0.9999999999999998
2011-10-04,0.01837383191388997,0.8198972253821825,0.0004222556928192578,0.8445113856385156,0.9999999999999998
2011-10-05,0.027682295279350955,0.8425938624739326,0.0,0.0,0.9999999999999998
2011-10-06,0.02067030582649565,0.860010535298797,0.0,0.0,0.9999999999999998
2011-10-07,-0.00925745008766976,0.8520490306933982,0.0,0.0,0.9999999999999998
2011-10-10,0.03651712091484405,0.8831634081726047,0.0,0.0,0.9999999999999998
2011-10-11,0.0005828135560599357,0.8836781277791039,0.0,0.0,0.9999999999999998
2011-10-12,0.005567995606061693,0.8885984437117509,0.0,0.0,0.9999999999999998
2011-10-13,0.003298611137266594,0.8915295844347362,0.0,0.0,0.9999999999999998
2011-10-14,0.01820477142010235,0.9077596767336295,0.0,0.0,0.9999999999999998
2011-10-17,-0.017924032907344234,0.8914889624158957,0.0,0.0,0.9999999999999998
2011-10-18,0.02157186751404727,0.9107200442033669,0.0,0.0,0.9999999999999998
2011-10-19,-0.009983827200025108,0.9016275726544413,0.0,0.0,0.9999999999999998
2011-10-20,0.0012637902686833957,0.9027670408067385,0.0,0.0,0.9999999999999998
2011-10-21,0.02318186110278564,0.9236948609548932,0.0,0.0,0.9999999999999998
2011-10-24,0.016421468930148952,0.9388632874150022,0.0,0.0,0.9999999999999998
2011-10-25,-0.022431930904826758,0.9178027710226304,0.0,0.0,0.9999999999999998
2011-10-26,0.028006996532513817,0.9435076700481928,0.0,0.0,0.9999999999999998
2011-10-27,0.028919445413275735,0.9707933886091584,0.0,0.0,0.9999999999999998
2011-10-28,0.0014549788934723473,0.9722058724995073,0.0,0.0,0.9999999999999998
2011-10-31,-0.023698081776209245,0.9491664582297031,0.0,0.0,0.9999999999999998
2011-11-01,-0.026970244306879776,0.9235672069633523,0.0,0.0,0.9999999999999998
2011-11-02,0.023347875158322484,0.9451305388118533,0.0005231798994795972,1.0463597989591942,0.9999999999999997
2011-11-03,0.018563285226086412,0.9626752665797024,0.0,0.0,0.9999999999999997
2011-11-04,-0.006127487874515669,0.9567764855566391,0.0,0.0,0.9999999999999997
2011-11-07,0.009022936476386523,0.9654094190079169,0.0,0.0,0.9999999999999997
2011-11-08,0.008984077560072246,0.9740827321055083,0.0,0.0,0.9999999999999997
2011-11-09,-0.0284727046045824,0.9463479622138437,0.0,0.0,0.9999999999999997
2011-11-10,0.005827454061246629,0.9518627614895993,0.0,0.0,0.9999999999999997
2011-11-11,0.0151763610069231,0.9663085743870122,0.0,0.0,0.9999999999999997
2011-11-14,-0.007974499899326748,0.9586027467578444,0.0,0.0,0.9999999999999997
2011-11-15,0.004803054444306731,0.9632069679409843,0.0,0.0,0.9999999999999997
2011-11-16,-0.025408679208073215,0.9387331510815909,0.0,0.0,0.9999999999999997
2011-11-17,-0.013193864580694048,0.9263476330088122,0.0,0.0,0.9999999999999997
2011-11-18,-0.005889838087430266,0.920891595437716,0.0,0.0,0.9999999999999997
2011-11-21,-0.014207242333251324,0.907808265378678,0.0,0.0,0.9999999999999997
2011-11-22,-0.00040143258599656395,0.907443841559118,0.0,0.0,0.9999999999999997
2011-11-23,-0.018516650563584314,0.8906410210388912,0.0,0.0,0.9999999999999997
2011-11-25,-0.0013320974054561452,0.8894546004455725,0.0,0.0,0.9999999999999997
2011-11-28,0.02709605189553721,0.9135553084579701,0.0,0.0,0.9999999999999997
2011-11-29,0.004237852151425026,0.9174268207873644,0.0,0.0,0.9999999999999997
2011-11-30,0.041492828687177186,0.9554934546953161,0.0,0.0,0.9999999999999997
2011-12-01,0.001918090642522463,0.9573261777497587,0.0,0.0,0.9999999999999997
2011-12-02,-0.0024145504977951537,0.9550146653507207,0.00046277037704169625,0.9255407540833924,0.9999999999999999
2011-12-05,0.007859976325467644,0.9625210580108516,0.0,0.0,0.9999999999999999
2011-12-06,0.000504790152553003,0.9630069291625604,0.0,0.0,0.9999999999999999
2011-12-07,-0.0017730696153482883,0.9612994508370923,0.0,0.0,0.9999999999999999
2011-12-08,-0.02023979205089932,0.9418429498535059,0.0,0.0,0.9999999999999999
2011-12-09,0.016204129641590903,0.9571046951149506,0.0,0.0,0.9999999999999999
2011-12-12,-0.011987358586583952,0.9456315379297046,0.0,0.0,0.9999999999999999
2011-12-13,-0.00639852494943649,0.9395808909412874,0.0,0.0,0.9999999999999999
2011-12-14,-0.011386519418791763,0.9288823348810588,0.0,0.0,0.9999999999999999
2011-12-15,0.0018180855125953244,0.9305711223970117,0.0,0.0,0.9999999999999999
2011-12-16,-0.0017195730766349504,0.9289709373490438,0.0,0.0,0.9999999999999999
2011-12-19,-0.008516323277420246,0.9210595205312512,0.0,0.0,0.9999999999999999
2011-12-20,0.022975833963979397,0.9422216311459197,0.0,0.0,0.9999999999999999
2011-12-21,0.0076611038175817825,0.9494400888812998,0.0,0.0,0.9999999999999999
2011-12-22,0.0034144587411031324,0.9526819128919343,0.0,0.0,0.9999999999999999
2011-12-23,0.010399749518159584,0.9625895661564916,0.0,0.0,0.9999999999999999
2011-12-27,0.003607086492320777,0.9660617099782236,0.0,0.0,0.9999999999999999
2011-12-28,-0.010393647182076471,0.9560208054085965,0.0,0.0,0.9999999999999999
2011-12-29,0.008894217378711655,0.9645238622704715,0.0,0.0,0.9999999999999999
2011-12-30,-0.0031463727250454765,0.9614891106975682,0.0,0.0,0.9999999999999999
2012-01-03,0.008362326053768188,0.9695293961383687,0.0,0.0,0.9999999999999999
2012-01-04,-0.0003563390277449008,0.9691839149759787,0.0004704058757128475,0.9408117514256951,0.9999999999999998
2012-01-05,0.0031836973173757777,0.9722695032061315,0.0,0.0,0.9999999999999998
2012-01-06,-0.0015273530478684405,0.9707845044170601,0.0,0.0,0.9999999999999998
2012-01-09,0.000133775515974488,0.9709143716150386,0.0,0.0,0.9999999999999998
2012-01-10,0.008810429574534595,0.9794685443090563,0.0,0.0,0.9999999999999998
2012-01-11,-0.0010732462379999808,0.9784173333786372,0.0,0.0,0.9999999999999998
2012-01-12,0.0021349891808748467,0.9805062437997811,0.0,0.0,0.9999999999999998
2012-01-13,-0.004836306810186652,0.9757642147754617,0.0,0.0,0.9999999999999998
2012-01-17,0.009856723522719157,0.9853820528638665,0.0,0.0,0.9999999999999998
2012-01-18,0.011329280037377876,0.9965457220845675,0.0,0.0,0.9999999999999998
2012-01-19,0.0009084822049580943,0.9974510661395084,0.0,0.0,0.9999999999999998
2012-01-20,-0.00548449435600451,0.9919805513968756,0.0,0.0,0.9999999999999998
2012-01-23,0.003482930294324893,0.9954355505107169,0.0,0.0,0.9999999999999998
2012-01-24,-0.0005550004663816832,0.9948830833159304,0.0,0.0,0.9999999999999998
2012-01-25,0.0036912185973467793,0.9985554142552518,0.0,0.0,0.9999999999999998
2012-01-26,-0.008137872532893331,0.9904292975770121,0.0,0.0,0.9999999999999998
2012-01-27,0.0028168565114030653,0.9932191947929764,0.0,0.0,0.9999999999999998
2012-01-30,-0.0021407356233876795,0.9910929750808506,0.0,0.0,0.9999999999999998
2012-01-31,0.0008884497335466257,0.9919735113704812,0.0,0.0,0.9999999999999998
2012-02-01,0.011968402265410294,1.0038458493911946,0.0,0.0,0.9999999999999998
2012-02-02,0.005034270442031641,1.0088994808791407,0.000516460982564872,1.0329219651297439,0.9999999999999998
2012-02-03,0.010889816566117982,1.0198862111595661,0.0,0.0,0.9999999999999998
2012-02-06,-0.0014426025110684249,1.0184149207503432,0.0,0.0,0.9999999999999998
2012-02-07,0.0008977327410097935,1.0193291851686337,0.0,0.0,0.9999999999999998
2012-02-08,-0.0032511811601916296,1.01601516132578,0.0,0.0,0.9999999999999998
2012-02-09,0.00199972612299959,1.0180469133852468,0.0,0.0,0.9999999999999998
2012-02-10,-0.0017036119479226786,1.016312556500058,0.0,0.0,0.9999999999999998
2012-02-13,0.004851971874527017,1.0212436764399249,0.0,0.0,0.9999999999999998
2012-02-14,0.0019384481643829332,1.0232233043699075,0.0,0.0,0.9999999999999998
2012-02-15,-0.004710252985497876,1.0184036637456682,0.0,0.0,0.9999999999999998
2012-02-16,0.0053871362936808165,1.0238899430842499,0.0,0.0,0.9999999999999998
2012-02-17,-0.002532523571626921,1.0212969176686373,0.0,0.0,0.9999999999999998
2012-02-21,-0.004297400259901885,1.0169079960292111,0.0,0.0,0.9999999999999998
2012-02-22,0.0016612811099276925,1.0185973660735488,0.0,0.0,0.9999999999999998
2012-02-23,-0.0011015537273613152,1.01747532634827,0.0,0.0,0.9999999999999998
2012-02-24,0.00663465514584316,1.0242259242579952,0.0,0.0,0.9999999999999998
2012-02-27,0.0021679670377563465,1.026446412301002,0.0,0.0,0.9999999999999998
2012-02-28,0.0003423228301788761,1.0267977883418877,0.0,0.0,0.9999999999999998
2012-02-29,-0.004308171699287433,1.0223741671692623,0.0,0.0,0.9999999999999998
2012-03-01,0.009084477020813164,1.0316619017975845,0.0,0.0,0.9999999999999998
2012-03-02,-0.004771656276751579,1.0267391658083866,0.000655842968159739,1.3116859363194782,1.0
2012-03-05,-0.0031322460285322373,1.0235231661339448,0.0,0.0,1.0
2012-03-06,-0.013750233347061824,1.0094494837634795,0.0,0.0,1.0
2012-03-07,0.009855170184857931,1.0193977802189855,0.0,0.0,1.0
2012-03-08,0.012773756492867161,1.0324193192328721,0.0,0.0,1.0
2012-03-09,0.006587746949366258,1.0392206364536152,0.0,0.0,1.0
2012-03-12,0.000738635673457555,1.039988241888293,0.0,0.0,1.0
2012-03-13,0.013334925340432235,1.0538564074488008,0.0,0.0,1.0
2012-03-14,-0.0023360581854646734,1.0513945375618756,0.0,0.0,1.0
2012-03-15,0.004704202194963036,1.0563405100532464,0.0,0.0,1.0
2012-03-16,-0.0044730599483968625,1.051615435625858,0.0,0.0,1.0
2012-03-19,0.0018316418573836035,1.053541618475621,0.0,0.0,1.0
2012-03-20,-0.0008665652815441627,1.0526286558863882,0.0,0.0,1.0
2012-03-21,0.000538353208689113,1.0531953419008429,0.0,0.0,1.0
2012-03-22,-0.003722256116583278,1.0492750790974954,0.0,0.0,1.0
2012-03-23,0.0035848827631637104,1.0530366072423694,0.0,0.0,1.0
2012-03-26,0.012345532491083056,1.0660369048913798,0.0,0.0,1.0
2012-03-27,0.0009677806720063131,1.0670685948035792,0.0,0.0,1.0
2012-03-28,0.00012596383394658517,1.0672030068548646,0.0,0.0,1.0
2012-03-29,-0.003966832743288462,1.0629695910235368,0.0,0.0,1.0
2012-03-30,-0.0003462999328829319,1.0626014847255087,0.0,0.0,1.0
2012-04-02,0.005600309517470148,1.0685523819336948,0.0,0.0,1.0
2012-04-03,-0.0017385717592445227,1.0666946269391915,0.0003089090097328816,0.6178180194657632,0.9999999999999996
2012-04-04,-0.01142872991526045,1.054503662145844,0.0,0.0,0.9999999999999996
2012-04-05,0.001194751156062157,1.0557635316152645,0.0,0.0,0.9999999999999996
2012-04-09,-0.0056520821699438395,1.0497962693825449,0.0,0.0,0.9999999999999996
2012-04-10,-0.030016060177112447,1.0182855213870503,0.0,0.0,0.9999999999999996
2012-04-11,0.019610565693847448,1.0382546764993048,0.0,0.0,0.9999999999999996
2012-04-12,0.012317736222273279,1.0510436237359648,0.0,0.0,0.9999999999999996
2012-04-13,-0.005295984294392597,1.0454773132119377,0.0,0.0,0.9999999999999996
2012-04-16,-0.0016739000236849488,1.0437272887125901,0.0,0.0,0.9999999999999996
2012-04-17,0.013220158607863963,1.0575255290127263,0.0,0.0,0.9999999999999996
2012-04-18,-0.005128837646339313,1.052101652267561,0.0,0.0,0.9999999999999996
2012-04-19,-0.007571468899775113,1.0441356973280151,0.0,0.0,0.9999999999999996
2012-04-20,0.012128292580413147,1.056799280558863,0.0,0.0,0.9999999999999996
2012-04-23,-0.01424931862900869,1.0417406108832727,0.0,0.0,0.9999999999999996
2012-04-24,0.00265995339080205,1.044511592353528,0.0,0.0,0.9999999999999996
2012-04-25,0.018380706453589468,1.0637104533199495,0.0,0.0,0.9999999999999996
2012-04-26,0.01992058898421778,1.0849001920587522,0.0,0.0,0.9999999999999996
2012-04-27,0.015446347597527277,1.1016579375339157,0.0,0.0,0.9999999999999996
2012-04-30,-0.0070098418697905895,1.0939354895972033,0.0,0.0,0.9999999999999996
2012-05-01,0.005882677708626494,1.1003707595165322,0.0,0.0,0.9999999999999996
2012-05-02,0.006979870395540377,1.108051204805,0.0005146228821807943,1.0292457643615884,0.9999999999999998
2012-05-03,-0.012391581254153183,1.0943206982668965,0.0,0.0,0.9999999999999998
2012-05-04,-0.016415842299216554,1.0763565022593786,0.0,0.0,0.9999999999999998
2012-05-07,7.556570128408602e-05,1.0764378378933035,0.0,0.0,0.9999999999999998
2012-05-08,-0.009156173663707468,1.0665817861113667,0.0,0.0,0.9999999999999998
2012-05-09,0.002031117544986527,1.0687481390903006,0.0,0.0,0.9999999999999998
2012-05-10,-0.0009557112218883113,1.0677267245003998,0.0,0.0,0.9999999999999998
2012-05-11,0.0005588962286784405,1.0683234729399824,0.0,0.0,0.9999999999999998
2012-05-14,-0.011279198786563027,1.056273640120341,0.0,0.0,0.9999999999999998
2012-05-15,-0.0007374003118569838,1.0554947436087099,0.0,0.0,0.9999999999999998
2012-05-16,-0.0068190800134958485,1.0482972404982178,0.0,0.0,0.9999999999999998
2012-05-17,-0.032198035225661004,1.014544129021693,0.0,0.0,0.9999999999999998
2012-05-18,-0.010978985104808103,1.0034054641409933,0.0,0.0,0.9999999999999998
2012-05-21,0.021975100175301687,1.0254553997319367,0.0,0.0,0.9999999999999998
2012-05-22,0.007169990602533094,1.0328079053113315,0.0,0.0,0.9999999999999998
2012-05-23,0.006201029113891865,1.0392123772012247,0.0,0.0,0.9999999999999998
2012-05-24,0.0019076942783393669,1.041194876707191,0.0,0.0,0.9999999999999998
2012-05-25,-0.00257052625867471,1.0385184579362177,0.0,0.0,0.9999999999999998
2012-05-29,0.013890145315450964,1.0529436302297297,0.0,0.0,0.9999999999999998
2012-05-30,-0.016547996786059116,1.0355195224207867,0.0,0.0,0.9999999999999998
2012-05-31,-0.0005035513922481138,1.0349980851235716,0.0,0.0,0.9999999999999998
2012-06-01,-0.04213196261373764,0.9913915844958553,0.0,0.0,0.9999999999999999
2012-06-04,-0.0028165976968285156,0.9885992332423091,0.00031469451423500036,0.6293890284700008,0.9999999999999999
2012-06-05,0.005315153798546746,0.9938537902121175,0.0,0.0,0.9999999999999999
2012-06-06,0.027809441309286198,1.021492308861033,0.0,0.0,1.0
2012-06-07,0.0008826261826742066,1.0223939047182342,0.0,0.0,1.0
2012-06-08,0.010696323313637457,1.0333297604769927,0.0,0.0,1.0
2012-06-11,-0.019857812133293073,1.0128100922216998,0.0,0.0,1.0
2012-06-12,0.012338118278701682,1.025306262933394,0.0,0.0,1.0
2012-06-13,-0.015302856268379017,1.0096161485606554,0.0,0.0,1.0
2012-06-14,0.01679381970874494,1.0265714601346205,0.0,0.0,1.0
2012-06-15,0.012181621816304888,1.0390767654293924,0.0,0.0,1.0
2012-06-18,0.011020508776793392,1.0505279200425692,0.0,0.0,1.0
2012-06-19,0.010739631383793302,1.0618102026622096,0.0,0.0,1.0
2012-06-20,-0.0008418871343343071,1.0609162783134833,0.0,0.0,1.0
2012-06-21,-0.02447988508794019,1.034945169732444,0.0,0.0,1.0
2012-06-22,0.014362206375337028,1.0498092658472997,0.0,0.0,1.0
2012-06-25,-0.015836891300163414,1.0331835506181717,0.0,0.0,1.0
2012-06-26,0.010027076673694957,1.0435433612982206,0.0,0.0,1.0
2012-06-27,-0.001104291513794875,1.042390985220062,0.0,0.0,1.0
2012-06-28,-0.004683047150754294,1.037509419086755,0.0,0.0,1.0
2012-06-29,0.029345390441888997,1.0679555380769934,0.0,0.0,1.0
2012-07-02,0.007017568501428428,1.0754499892219285,0.0,0.0,1.0
2012-07-03,-0.003246353930998813,1.0719586979218252,0.0005103831108166738,1.0207662216333473,0.9999999999999998
2012-07-05,0.008087372556525807,1.0806280272771274,0.0,0.0,0.9999999999999998
2012-07-06,-0.0016028738799396258,1.0788959168382741,0.0,0.0,0.9999999999999998
2012-07-09,-0.000994006275818471,1.077823487525982,0.0,0.0,0.9999999999999998
2012-07-10,-0.007981900905979167,1.0692204072544127,0.0,0.0,0.9999999999999998
2012-07-11,-0.005164489962164676,1.0636984291938056,0.0,0.0,0.9999999999999998
2012-07-12,0.006115936050631987,1.0702039407639126,0.0,0.0,0.9999999999999998
2012-07-13,0.015340272251843423,1.0866211605802267,0.0,0.0,0.9999999999999998
2012-07-16,-0.0017517476131538867,1.0847176745557778,0.0,0.0,0.9999999999999998
2012-07-17,0.004383750431771416,1.089472806129962,0.0,0.0,0.9999999999999998
2012-07-18,0.0022174944425781273,1.091888706022895,0.0,0.0,0.9999999999999998
2012-07-19,-0.001972442935601948,1.0897350178582366,0.0,0.0,0.9999999999999998
2012-07-20,-0.006958855035177569,1.0821517098422044,0.0,0.0,0.9999999999999998
2012-07-23,-0.0047329802670004195,1.0770299071536205,0.0,0.0,0.9999999999999998
2012-07-24,-0.012824724106364371,1.063217295740072,0.0,0.0,0.9999999999999998
2012-07-25,-0.008438184049943787,1.0542456725135338,0.0,0.0,0.9999999999999998
2012-07-26,0.0220489138554687,1.0774906445292853,0.0,0.0,0.9999999999999998
2012-07-27,0.016156276664551994,1.094898881485767,0.0,0.0,0.9999999999999998
2012-07-30,-0.0037885584296940555,1.0907507930986515,0.0,0.0,0.9999999999999998
2012-07-31,-0.014194578254298817,1.0752680456100743,0.0,0.0,0.9999999999999998
2012-08-01,-0.005687551416574288,1.0691524033140676,0.0,0.0,0.9999999999999998
2012-08-02,0.004966958610103989,1.0744628390492217,0.0003252923573400753,0.6505847146801507,0.9999999999999996
2012-08-03,0.018755888460165293,1.0946153442130213,0.0,0.0,0.9999999999999996
2012-08-06,0.0015994379662571667,1.0963661135530034,0.0,0.0,0.9999999999999996
2012-08-07,0.011964932135904771,1.1094840596977706,0.0,0.0,0.9999999999999996
2012-08-08,0.006254363202716773,1.1164231759747452,0.0,0.0,0.9999999999999996
2012-08-09,0.002549316960738013,1.1192692925126186,0.0,0.0,0.9999999999999996
2012-08-10,-0.006663547911518353,1.1118109879560696,0.0,0.0,0.9999999999999996
2012-08-13,-0.003883029312725106,1.1074937932996263,0.0,0.0,0.9999999999999996
2012-08-14,0.008348978099510296,1.1167402347252284,0.0,0.0,0.9999999999999996
2012-08-15,0.004105385855619037,1.12132488428927,0.0,0.0,0.9999999999999996
2012-08-16,0.023076406356235868,1.1472010329764883,0.0,0.0,0.9999999999999997
2012-08-17,0.007059177804557892,1.1552993290458418,0.0,0.0,0.9999999999999997
2012-08-20,-0.011317340154276545,1.1422244135590225,0.0,0.0,0.9999999999999996
2012-08-21,-0.0042080269986234375,1.1374179023882793,0.0,0.0,0.9999999999999996
2012-08-22,0.012353020729532593,1.1514684493146232,0.0,0.0,0.9999999999999997
2012-08-23,-0.007171761543481092,1.1432103921712968,0.0,0.0,0.9999999999999997
2012-08-24,0.006897935543909606,1.151096183769622,0.0,0.0,0.9999999999999997
2012-08-27,-0.0049022342579572165,1.1454532406233429,0.0,0.0,0.9999999999999997
2012-08-28,-0.0017705716005875782,1.1434251336456942,0.0,0.0,0.9999999999999997
2012-08-29,0.0037693108942231657,1.1477350584586734,0.0,0.0,0.9999999999999997
2012-08-30,-0.010701683528509753,1.135452361088473,0.0,0.0,0.9999999999999996
2012-08-31,0.007514721445985861,1.14398496929724,0.0,0.0,0.9999999999999997
2012-09-04,0.0017748730301290205,1.1460153973661185,0.0,0.0,0.9999999999999997
2012-09-05,0.0006103085306892186,1.1467148203394322,0.00045852554738564695,0.9170510947712939,0.9999999999999998
2012-09-06,0.021169120850472067,1.170989764952225,0.0,0.0,0.9999999999999998
2012-09-07,-0.0038858235889478454,1.1664395053011571,0.0,0.0,0.9999999999999998
2012-09-10,-0.008866027803139054,1.1560978202164773,0.0,0.0,0.9999999999999998
2012-09-11,0.002293255459408172,1.1587490478542988,0.0,0.0,0.9999999999999998
2012-09-12,0.008605682624091893,1.1687208744011015,0.0,0.0,0.9999999999999998
2012-09-13,0.019130337260087282,1.1910788988912986,0.0,0.0,0.9999999999999998
2012-09-14,0.008980909555385663,1.2017758707555697,0.0,0.0,0.9999999999999998
2012-09-17,-0.008128649096474927,1.192007056409587,0.0,0.0,0.9999999999999998
2012-09-18,-0.007314551986906559,1.1832880588267196,0.0,0.0,0.9999999999999998
2012-09-19,0.012693053073266292,1.1983075969583694,0.0,0.0,0.9999999999999998
2012-09-20,0.005785964012225087,1.2052409615899464,0.0,0.0,0.9999999999999998
2012-09-21,0.005482064150142518,1.211848169857762,0.0,0.0,0.9999999999999998
2012-09-24,-0.0052469496950411365,1.2054896634724905,0.0,0.0,0.9999999999999998
2012-09-25,-0.010742572280186713,1.1925396036296194,0.0,0.0,0.9999999999999998
2012-09-26,-0.015042878855104802,1.1746003748423044,0.0,0.0,0.9999999999999998
2012-09-27,0.012942511585236849,1.1898026538017243,0.0,0.0,0.9999999999999998
2012-09-28,-0.007088291479428355,1.1813689857885803,0.0,0.0,0.9999999999999998
2012-10-01,-0.00019519536963663597,1.181138388032722,0.0,0.0,0.9999999999999998
2012-10-02,0.003369976763999638,1.1851187969554602,0.0003664277807603218,0.7328555615206436,0.9999999999999998
2012-10-03,0.019985532992213173,1.2088040277717056,0.0,0.0,0.9999999999999998
2012-10-04,0.008389995128482042,1.2189458876759995,0.0,0.0,0.9999999999999998
2012-10-05,0.002852425330220898,1.2224228398021753,0.0,0.0,0.9999999999999998
2012-10-08,-0.005616445078390431,1.2155571690598563,0.0,0.0,0.9999999999999998
2012-10-09,-0.01824671849842352,1.1933772395772806,0.0,0.0,0.9999999999999998
2012-10-10,-0.004454182884708224,1.188061719101755,0.0,0.0,0.9999999999999998
2012-10-11,-0.00528467559405188,1.1817831983305906,0.0,0.0,0.9999999999999998
2012-10-12,-0.006611021752242041,1.173970403899993,0.0,0.0,0.9999999999999998
2012-10-15,0.014501050173441055,1.1909942076290816,0.0,0.0,0.9999999999999998
2012-10-16,0.008396302759692498,1.2009941555813755,0.0,0.0,0.9999999999999998
2012-10-17,0.01149482665852597,1.2147993752176862,0.0,0.0,0.9999999999999998
2012-10-18,0.0005879954587082459,1.215513671733556,0.0,0.0,0.9999999999999998
2012-10-19,-0.011142805363061004,1.2019694394732894,0.0,0.0,0.9999999999999998
2012-10-22,0.00023315019645209212,1.202249678884232,0.0,0.0,0.9999999999999998
2012-10-23,-0.01771745712248185,1.1809488717480832,0.0,0.0,0.9999999999999998
2012-10-24,0.0022886239220654137,1.183651619586702,0.0,0.0,0.9999999999999998
2012-10-25,-0.0022282368768510308,1.1810141633985944,0.0,0.0,0.9999999999999998
2012-10-26,-0.003994886431596734,1.1762961459417098,0.0,0.0,0.9999999999999998
2012-10-31,0.002627632105775657,1.1793870194606864,0.0,0.0,0.9999999999999998
2012-11-01,0.010954235656493116,1.1923063028020677,0.0,0.0,0.9999999999999998
2012-11-02,-0.012146389461152318,1.1778240860912472,0.0002652504925167642,0.5305009850335285,0.9999999999999997
2012-11-05,0.00879400823067411,1.18818188079862,0.0,0.0,0.9999999999999997
2012-11-06,0.011332746626786072,1.2016472450002489,0.0,0.0,0.9999999999999997
2012-11-07,-0.02251611735826753,1.1745908146085844,0.0,0.0,0.9999999999999997
2012-11-08,-0.009086374801950736,1.1639180422281221,0.0,0.0,0.9999999999999997
2012-11-09,-0.004329587180184502,1.1588787575937058,0.0,0.0,0.9999999999999997
2012-11-12,0.0038643565230618293,1.1633570782800509,0.0,0.0,0.9999999999999997
2012-11-13,-0.0017209378475122605,1.1613550130538675,0.0,0.0,0.9999999999999997
2012-11-14,-0.021404970130928014,1.136496243688046,0.0,0.0,0.9999999999999996
2012-11-15,0.0017187259748143724,1.1384495693023515,0.0,0.0,0.9999999999999996
2012-11-16,0.013961485010991037,1.1543440158999354,0.0,0.0,0.9999999999999997
2012-11-19,0.017316626461023832,1.1743333600307928,0.0,0.0,0.9999999999999997
2012-11-20,0.008936282016725361,1.1848275341176766,0.0,0.0,0.9999999999999997
2012-11-21,0.002686055136035037,1.188010046201009,0.0,0.0,0.9999999999999997
2012-11-23,0.012141739721416966,1.2024345549684103,0.0,0.0,0.9999999999999997
2012-11-26,-0.004063727483681667,1.1975481886200567,0.0,0.0,0.9999999999999997
2012-11-27,-0.008596981282333993,1.1872528892577972,0.0,0.0,0.9999999999999997
2012-11-28,0.004949358092831702,1.193129028953483,0.0,0.0,0.9999999999999997
2012-11-29,0.0007949808895895139,1.1940775437303155,0.0,0.0,0.9999999999999997
2012-11-30,-0.0067686591666761275,1.1859952398182232,0.0,0.0,0.9999999999999997
2012-12-03,-0.002473001550020948,1.1830622717518353,0.0,0.0,0.9999999999999997
2012-12-04,0.006843948327676985,1.1911590888081292,0.00046340556716083914,0.9268111343216782,0.9999999999999997
2012-12-05,0.002363889256581597,1.1939748569810422,0.0,0.0,0.9999999999999997
2012-12-06,0.005897991621541809,1.201016910683848,0.0,0.0,0.9999999999999997
2012-12-07,0.002811466206054547,1.2043935291411356,0.0,0.0,0.9999999999999997
2012-12-10,0.0003936990157147324,1.2048676976880917,0.0,0.0,0.9999999999999997
2012-12-11,0.007074653120828334,1.213391718705726,0.0,0.0,0.9999999999999997
2012-12-12,0.007510721131008813,1.2225051655276,0.0,0.0,0.9999999999999997
2012-12-13,-0.005128729213785266,1.2162352675711552,0.0,0.0,0.9999999999999997
2012-12-14,0.002474268218022324,1.2192445598393444,0.0,0.0,0.9999999999999997
2012-12-17,0.019364887331887903,1.2428550933706506,0.0,0.0,0.9999999999999997
2012-12-18,0.017964480335824984,1.2651823392557875,0.0,0.0,0.9999999999999997
2012-12-19,-0.0024876040204374616,1.2620350665820683,0.0,0.0,0.9999999999999997
2012-12-20,0.008056982909445898,1.2722032615446415,0.0,0.0,0.9999999999999997
2012-12-21,-0.01338104940376006,1.255179846850288,0.0,0.0,0.9999999999999997
2012-12-24,-0.0033435655515207108,1.2509830707533962,0.0,0.0,0.9999999999999997
2012-12-26,-0.004292128948891194,1.2456136901008428,0.0,0.0,0.9999999999999997
2012-12-27,0.0007036574777237181,1.2464901754882372,0.0,0.0,0.9999999999999997
2012-12-28,-0.010346211378539638,1.2335937246513629,0.0,0.0,0.9999999999999997
2012-12-31,0.021350587415355893,1.2599316753045662,0.0,0.0,0.9999999999999997
2013-01-02,0.026007875062286523,1.2926998209029048,0.0,0.0,0.9999999999999997
2013-01-03,-0.0032956538668280633,1.2884395297394982,0.0004220934308762379,0.8441868617524758,1.0
2013-01-04,0.009194251604039305,1.3002857669525132,0.0,0.0,1.0
2013-01-07,-0.000748727422694051,1.2993122073414571,0.0,0.0,1.0
2013-01-08,-0.001305919389536836,1.297615410336828,0.0,0.0,1.0
2013-01-09,0.008449152296797546,1.3085791605614352,0.0,0.0,1.0
2013-01-10,0.0021922565849696873,1.31144790184313,0.0,0.0,1.0
2013-01-11,6.233969571622922e-05,1.3115296571062787,0.0,0.0,1.0
2013-01-14,-0.0025056631035900168,1.3082434056352035,0.0,0.0,1.0
2013-01-15,0.0012422370283196038,1.3098685540357384,0.0,0.0,1.0
2013-01-16,-0.0026404610327065425,1.3064098971608393,0.0,0.0,1.0
2013-01-17,0.012947360255412876,1.3233244567406177,0.0,0.0,1.0
2013-01-18,0.0014193654830847446,1.3252027377974371,0.0,0.0,1.0
2013-01-22,0.008147013640062317,1.3359991825781208,0.0,0.0,1.0
2013-01-23,0.0005638798779472598,1.3367525256341306,0.0,0.0,1.0
2013-01-24,0.005311547283614271,1.343852749880527,0.0,0.0,1.0
2013-01-25,0.012963712001330174,1.3612740699021737,0.0,0.0,1.0
2013-01-28,-0.0078322579107033,1.3506122202995472,0.0,0.0,1.0
2013-01-29,-0.004161119140529634,1.3449921619382255,0.0,0.0,1.0
2013-01-30,-0.004029385781555872,1.3395726696446075,0.0,0.0,1.0
2013-01-31,0.00039831905445830706,1.3401062469637586,0.0,0.0,1.0
2013-02-01,0.011042847240908094,1.354904835535566,0.0,0.0,1.0
2013-02-04,-0.015024015219572084,1.3345487246654077,0.00041580417455521114,0.8316083491104223,0.9999999999999999
2013-02-05,0.0107327824511112,1.3488721457976496,0.0,0.0,0.9999999999999999
2013-02-06,0.006245860458602204,1.3572970129967972,0.0,0.0,0.9999999999999999
2013-02-07,-0.011053868320192617,1.3422936305437398,0.0,0.0,0.9999999999999999
2013-02-08,0.005471824035587547,1.349638425094165,0.0,0.0,0.9999999999999999
2013-02-11,-0.001647898140459847,1.3474143584431593,0.0,0.0,0.9999999999999999
2013-02-12,0.013516015133332893,1.365626031302747,0.0,0.0,0.9999999999999999
2013-02-13,0.0012768403873977263,1.367369717773596,0.0,0.0,0.9999999999999999
2013-02-14,0.022076110408329352,1.3975559226321719,0.0,0.0,0.9999999999999999
2013-02-15,-0.001955117415502694,1.3948235367086947,0.0,0.0,0.9999999999999999
2013-02-19,0.005203268176869225,1.4020811776295992,0.0,0.0,0.9999999999999999
2013-02-20,-0.028217462062557486,1.36251800519121,0.0,0.0,0.9999999999999999
2013-02-21,-0.00806477574957809,1.3515296030245805,0.0,0.0,0.9999999999999999
2013-02-22,0.007485770076889109,1.3616468428849318,0.0,0.0,0.9999999999999999
2013-02-25,-0.023833672295555886,1.329193798249334,0.0,0.0,0.9999999999999998
2013-02-26,0.008754771789145188,1.3408305866165542,0.0,0.0,0.9999999999999999
2013-02-27,0.008335006910190623,1.352006418821398,0.0,0.0,0.9999999999999999
2013-02-28,-0.0028992193479707717,1.3480866556533704,0.0,0.0,0.9999999999999999
2013-03-01,0.004676293185169156,1.3543907040942196,0.0,0.0,0.9999999999999999
2013-03-04,0.008739356739048354,1.36622720762135,0.0004197662343413257,0.8395324686826514,0.9999999999999997
2013-03-05,0.010402654652139853,1.3804395974385923,0.0,0.0,0.9999999999999997
2013-03-06,0.0006886661610827627,1.381390259476767,0.0,0.0,0.9999999999999997
2013-03-07,-0.0016296449658622647,1.3791390837945197,0.0,0.0,0.9999999999999997
2013-03-08,0.002465561217880108,1.382539435633586,0.0,0.0,0.9999999999999997
2013-03-11,0.00040148124571759425,1.383094499288458,0.0,0.0,0.9999999999999997
2013-03-12,0.00590040226228572,1.3912553132010144,0.0,0.0,0.9999999999999997
2013-03-13,0.003001738957711275,1.3954314984747727,0.0,0.0,0.9999999999999997
2013-03-14,0.0070976679638798945,1.405335807917286,0.0,0.0,0.9999999999999997
2013-03-15,-0.004565245098447912,1.3989201055085183,0.0,0.0,0.9999999999999997
2013-03-18,-0.0031729292932721753,1.394481430926803,0.0,0.0,0.9999999999999997
2013-03-19,-0.0033025388822971458,1.389876101780526,0.0,0.0,0.9999999999999997
2013-03-20,0.015996676201543325,1.4121094997409722,0.0,0.0,0.9999999999999997
2013-03-21,-0.012671855191862091,1.3942154526452017,0.0,0.0,0.9999999999999997
2013-03-22,0.002264818145673475,1.397373097101331,0.0,0.0,0.9999999999999997
2013-03-25,-0.0092835963986454,1.384400449249517,0.0,0.0,0.9999999999999997
2013-03-26,0.009640355078716523,1.397746561151417,0.0,0.0,0.9999999999999997
2013-03-27,0.005269773374472209,1.4051123687636329,0.0,0.0,0.9999999999999997
2013-03-28,0.0037592422260059877,1.4103945265125726,0.0,0.0,0.9999999999999997
2013-04-01,-0.006366556048694849,1.4014151707087579,0.0,0.0,0.9999999999999997
2013-04-02,0.0029755675649076885,1.4055851762356886,0.00041509394852635507,0.8301878970527101,0.9999999999999999
2013-04-03,-0.015509656017035911,1.3837850336496282,0.0,0.0,0.9999999999999999
2013-04-04,0.003638088939509565,1.3888193666752078,0.0,0.0,0.9999999999999999
2013-04-05,-0.005957646458086274,1.3805452718944136,0.0,0.0,0.9999999999999999
2013-04-08,0.004951137125754457,1.3873805408438746,0.0,0.0,0.9999999999999999
2013-04-09,0.030230185096256745,1.4293213113925298,0.0,0.0,0.9999999999999999
2013-04-10,0.0075074957715886015,1.4400519350940508,0.0,0.0,0.9999999999999999
2013-04-11,0.0051148142397738905,1.4474175332376837,0.0,0.0,0.9999999999999999
2013-04-12,-0.0016932671812317501,1.444966668631113,0.0,0.0,0.9999999999999999
2013-04-15,-0.025749521977952772,1.4077594676397869,0.0,0.0,0.9999999999999999
2013-04-16,0.020732040418104836,1.4369451938218647,0.0,0.0,0.9999999999999999
2013-04-17,-0.017674482280645387,1.4115479314554016,0.0,0.0,0.9999999999999999
2013-04-18,-0.011009477342309282,1.3960075264864598,0.0,0.0,0.9999999999999999
2013-04-19,0.013577979098581494,1.4149624875025555,0.0,0.0,0.9999999999999999
2013-04-22,0.012564464268046915,1.432740733117408,0.0,0.0,0.9999999999999999
2013-04-23,0.023823417922491874,1.4668735143770415,0.0,0.0,0.9999999999999999
2013-04-24,0.004478805925801854,1.473443356165635,0.0,0.0,0.9999999999999999
2013-04-25,0.0060816013774713795,1.482404251310118,0.0,0.0,0.9999999999999999
2013-04-26,-0.009285218848618104,1.4686398034145818,0.0,0.0,0.9999999999999999
2013-04-29,0.001872833915301353,1.471390321847778,0.0,0.0,0.9999999999999999
2013-04-30,0.003300301952350093,1.4762463541996413,0.0,0.0,0.9999999999999999
2013-05-01,-0.010000666620939458,1.4614829065609134,0.0,0.0,0.9999999999999999
2013-05-02,0.021023317820261456,1.492208126194423,0.00042675159439473087,0.8535031887894617,0.9999999999999999
2013-05-03,0.014302407899023262,1.5135502954854927,0.0,0.0,0.9999999999999999
2013-05-06,0.0017190520323742131,1.5161521671970475,0.0,0.0,0.9999999999999999
2013-05-07,-0.004550076729988306,1.5092535585019629,0.0,0.0,0.9999999999999999
2013-05-08,0.0036857936528948976,1.5148163556884984,0.0,0.0,0.9999999999999999
2013-05-09,0.00032642539611216215,1.5153108302174412,0.0,0.0,0.9999999999999999
2013-05-10,0.01292282855272564,1.5348929322804294,0.0,0.0,0.9999999999999999
2013-05-13,0.003077870303824559,1.5396171336562456,0.0,0.0,0.9999999999999999
2013-05-14,0.017841321627193096,1.567085938120544,0.0,0.0,0.9999999999999999
2013-05-15,0.007373766475200938,1.578641263874816,0.0,0.0,0.9999999999999999
2013-05-16,-0.011507644832720154,1.5604748208918682,0.0,0.0,0.9999999999999999
2013-05-17,0.014877197110988005,1.5836903123890103,0.0,0.0,0.9999999999999999
2013-05-20,-0.0018931675657873903,1.5806921212553438,0.0,0.0,0.9999999999999999
2013-05-21,0.0008517139544679253,1.5820384187927343,0.0,0.0,0.9999999999999999
2013-05-22,-0.01501090361813695,1.5582905925680468,0.0,0.0,0.9999999999999999
2013-05-23,0.012532257241469225,1.5778194911310712,0.0,0.0,0.9999999999999999
2013-05-24,0.001227495392371214,1.579756257286428,0.0,0.0,0.9999999999999999
2013-05-28,0.004791598853570278,1.5873258155577623,0.0,0.0,0.9999999999999999
2013-05-29,-0.005401264801126793,1.5787522485022703,0.0,0.0,0.9999999999999999
2013-05-30,0.011144183305219713,1.5963461529531073,0.0,0.0,0.9999999999999999
2013-05-31,-0.013859202805031279,1.5742220678722987,0.0,0.0,0.9999999999999999
2013-06-03,-0.0032435535880610544,1.5691159942356465,0.0,0.0,0.9999999999999999
2013-06-04,-0.0076153471154551955,1.5571666312751296,0.000324325925891469,0.648651851782938,1.0
2013-06-05,-0.014215846653504172,1.5350301892309686,0.0,0.0,1.0
2013-06-06,0.010875412464643075,1.5517242756845344,0.0,0.0,1.0
2013-06-07,0.01280386441950987,1.5715923429268615,0.0,0.0,1.0
2013-06-10,0.004669863658998796,1.5789314648958563,0.0,0.0,1.0
2013-06-11,-0.013002831830013717,1.5584008845866983,0.0,0.0,1.0
2013-06-12,-0.01877390533753376,1.5291436139015389,0.0,0.0,1.0
2013-06-13,0.016059202884537438,1.5537004414367783,0.0,0.0,1.0
2013-06-14,-0.0074812918398032835,1.5420767550027585,0.0,0.0,1.0
2013-06-17,0.015566894174380952,1.5660821006566594,0.0,0.0,1.0
2013-06-18,0.01022264287935215,1.5820915986914181,0.0,0.0,1.0
2013-06-19,-0.00937803372685364,1.5672546903199183,0.0,0.0,1.0
2013-06-20,-0.035543865250152296,1.511548400794518,0.0,0.0,1.0
2013-06-21,0.0009137515380868155,1.5129295804706366,0.0,0.0,1.0
2013-06-24,-0.011167098506024264,1.496034546812843,0.0,0.0,1.0
2013-06-25,0.014755072953660964,1.5181086456922637,0.0,0.0,1.0
2013-06-26,0.012443241303975894,1.5369988378962645,0.0,0.0,1.0
2013-06-27,0.005866578758596752,1.5460157626306545,0.0,0.0,1.0
2013-06-28,-0.006382923360868653,1.536147662503088,0.0,0.0,1.0
2013-07-01,0.013137640334499379,1.5563290179937357,0.0,0.0,1.0
2013-07-02,-0.01010493282503977,1.540602417813249,0.00032756743454384927,0.6551348690876986,0.9999999999999997
2013-07-03,0.0024066271950107243,1.5443100734886577,0.0,0.0,0.9999999999999997
2013-07-05,0.010805529953272774,1.5609971622448802,0.0,0.0,0.9999999999999997
2013-07-08,0.0023593102910155483,1.5646800389140108,0.0,0.0,0.9999999999999997
2013-07-09,0.008970935972036687,1.578716683359832,0.0,0.0,0.9999999999999997
2013-07-10,-0.0009858347951319235,1.5771603295217207,0.0,0.0,0.9999999999999997
2013-07-11,0.018296961467705986,1.606017571299374,0.0,0.0,0.9999999999999998
2013-07-12,0.011632100775512022,1.6246989295359715,0.0,0.0,0.9999999999999998
2013-07-15,0.002024267457977791,1.6279877547080424,0.0,0.0,0.9999999999999998
2013-07-16,-0.006081727502635026,1.6180867768062814,0.0,0.0,0.9999999999999998
2013-07-17,0.006385070658200709,1.6284183752072896,0.0,0.0,0.9999999999999998
2013-07-18,0.002297907093706364,1.6321603293432003,0.0,0.0,0.9999999999999998
2013-07-19,0.0009543339980786492,1.633717955435808,0.0,0.0,0.9999999999999998
2013-07-22,0.004455491326914585,1.6409969716168766,0.0,0.0,0.9999999999999998
2013-07-23,-0.008632841888492226,1.6268305042214135,0.0,0.0,0.9999999999999998
2013-07-24,-0.011447915028556799,1.6082066868432225,0.0,0.0,0.9999999999999998
2013-07-25,0.006359421300173196,1.6184339507026144,0.0,0.0,0.9999999999999998
2013-07-26,-0.0003218825947580717,1.6179130049831176,0.0,0.0,0.9999999999999998
2013-07-29,-0.006291221320947282,1.60773435619073,0.0,0.0,0.9999999999999998
2013-07-30,0.005672971039505148,1.6168549866326174,0.0,0.0,0.9999999999999998
2013-07-31,0.0075622168238662635,1.6290819946142827,0.0,0.0,0.9999999999999998
2013-08-01,0.016762792336084464,1.6563899577884562,0.0,0.0,0.9999999999999998
2013-08-02,-0.0029626156142894544,1.6514827110361598,0.00046218189353631567,0.9243637870726312,0.9999999999999998
2013-08-05,0.004203401623727787,1.6584245561452877,0.0,0.0,0.9999999999999998
2013-08-06,-0.007214341642775124,1.6464601148084879,0.0,0.0,0.9999999999999998
2013-08-07,-0.013846083934096809,1.6236630898647069,0.0,0.0,0.9999999999999998
2013-08-08,0.006463168433606947,1.6341570978939333,0.0,0.0,0.9999999999999998
2013-08-09,-0.0023480467192018573,1.630320020681563,0.0,0.0,0.9999999999999998
2013-08-12,-0.0005776730904145655,1.629378228676851,0.0,0.0,0.9999999999999998
2013-08-13,0.007997814379403945,1.6424096933036505,0.0,0.0,0.9999999999999998
2013-08-14,-0.0010676210764418714,1.6406562220989271,0.0,0.0,0.9999999999999998
2013-08-15,-0.027342223167776125,1.5957970335326979,0.0,0.0,0.9999999999999997
2013-08-16,0.0029915567400500276,1.6005709509041144,0.0,0.0,0.9999999999999998
2013-08-19,-0.007628616845776759,1.5883608083851863,0.0,0.0,0.9999999999999997
2013-08-20,0.014392545822318414,1.6112213641022448,0.0,0.0,0.9999999999999998
2013-08-21,-0.005328874355833513,1.6026353678935092,0.0,0.0,0.9999999999999998
2013-08-22,0.0042367128406781696,1.6094252737355885,0.0,0.0,0.9999999999999998
2013-08-23,0.003470960573319193,1.6150115254064281,0.0,0.0,0.9999999999999998
2013-08-26,-0.000463543588108406,1.6142628971691049,0.0,0.0,0.9999999999999998
2013-08-27,-0.027423972655166273,1.5699933956188898,0.0,0.0,0.9999999999999997
2013-08-28,0.006674727014961412,1.580472672949938,0.0,0.0,0.9999999999999997
2013-08-29,0.008360576675466858,1.5936863359156161,0.0,0.0,0.9999999999999997
2013-08-30,-0.010207560652964576,1.5774186859799566,0.0,0.0,0.9999999999999997
2013-09-03,0.011088628691070745,1.5949100960791451,0.0,0.0,0.9999999999999997
2013-09-04,0.014472840897197026,1.6179929761450318,0.00028339601202130875,0.5667920240426175,0.9999999999999999
2013-09-05,0.01178708723104327,1.6370644004940684,0.0,0.0,0.9999999999999999
2013-09-06,-0.002429087467838986,1.633087827874783,0.0,0.0,0.9999999999999999
2013-09-09,0.014287320447486707,1.6564202769905199,0.0,0.0,0.9999999999999999
2013-09-10,0.015930106542516365,1.6828072284821631,0.0,0.0,0.9999999999999999
2013-09-11,0.0017650678983354151,1.6857774975002437,0.0,0.0,0.9999999999999999
2013-09-12,-0.006573358738195756,1.6746962772563967,0.0,0.0,0.9999999999999999
2013-09-13,0.005324899256914817,1.6836138662187172,0.0,0.0,0.9999999999999999
2013-09-16,0.00465397279668589,1.6914493593522224,0.0,0.0,0.9999999999999999
2013-09-17,0.006913972851603223,1.7031439943026452,0.0,0.0,0.9999999999999999
2013-09-18,0.010835046991697794,1.721597639514542,0.0,0.0,0.9999999999999999
2013-09-19,-0.004563998019335158,1.7137402712977057,0.0,0.0,0.9999999999999999
2013-09-20,-0.005517262366554809,1.7042851165928254,0.0,0.0,0.9999999999999999
2013-09-23,-0.008056327579126665,1.6905548374053236,0.0,0.0,0.9999999999999999
2013-09-24,0.0005956364670127723,1.691561793515967,0.0,0.0,0.9999999999999999
2013-09-25,0.001656514995989733,1.6943638909935694,0.0,0.0,0.9999999999999999
2013-09-26,0.005100030805345046,1.7030051990331008,0.0,0.0,0.9999999999999999
2013-09-27,-0.0037193182724539753,1.6966711806782528,0.0,0.0,0.9999999999999999
2013-09-30,-0.006876967366023723,1.6850032283378555,0.0,0.0,0.9999999999999999
2013-10-01,0.01333965436859641,1.7074805890138516,0.0,0.0,0.9999999999999999
2013-10-02,0.0004680832374843735,1.708279832055899,0.00027259454336499235,0.5451890867299848,0.9999999999999999
2013-10-03,-0.006847797979938175,1.6965818768727774,0.0,0.0,0.9999999999999999
2013-10-04,0.012875803062214919,1.7184267309983141,0.0,0.0,0.9999999999999999
2013-10-07,-0.012150426856906482,1.6975471126943662,0.0,0.0,0.9999999999999999
2013-10-08,-0.02070546301739351,1.6623986137321898,0.0,0.0,0.9999999999999999
2013-10-09,0.003503706764271808,1.6682231710000395,0.0,0.0,0.9999999999999999
2013-10-10,0.026814477533618097,1.7129557037398813,0.0,0.0,0.9999999999999999
2013-10-11,0.0032376518351333594,1.718501657917597,0.0,0.0,0.9999999999999999
2013-10-14,0.01230480434057002,1.739647484577218,0.0,0.0,0.9999999999999999
2013-10-15,-0.0038576506415333167,1.732936532342297,0.0,0.0,0.9999999999999999
2013-10-16,0.017040944770697397,1.762467408081066,0.0,0.0,0.9999999999999999
2013-10-17,0.006402835373938709,1.7737521967469416,0.0,0.0,0.9999999999999999
2013-10-18,-0.0031211908869089866,1.7682159775548203,0.0,0.0,0.9999999999999999
2013-10-21,0.003285304336990924,1.7740251051746176,0.0,0.0,0.9999999999999999
2013-10-22,-0.0016329207955696479,1.7711282626885154,0.0,0.0,0.9999999999999999
2013-10-23,-0.00791436588913208,1.7571109055810157,0.0,0.0,0.9999999999999999
2013-10-24,0.002769275732976695,1.76197683017199,0.0,0.0,0.9999999999999999
2013-10-25,0.0031127374831552146,1.7674614014957173,0.0,0.0,0.9999999999999999
2013-10-28,-0.004813417692313249,1.758953871515277,0.0,0.0,0.9999999999999999
2013-10-29,0.009968605715788614,1.776488189132673,0.0,0.0,0.9999999999999999
2013-10-30,-0.0037453121432382552,1.769834686345595,0.0,0.0,0.9999999999999999
2013-10-31,-0.0023424928577441273,1.7656888612334425,0.0,0.0,0.9999999999999999
2013-11-01,0.017914739061213325,1.7973207164457305,0.0,0.0,0.9999999999999999
2013-11-04,0.00866612772543518,1.8128965273380198,0.00022633236615599361,0.45266473231198723,0.9999999999999998
2013-11-05,0.001724868066780516,1.8160235346664024,0.0,0.0,0.9999999999999998
2013-11-06,-0.009660124352678157,1.7984805214941348,0.0,0.0,0.9999999999999998
2013-11-07,-0.01694587550929505,1.7680036944710031,0.0,0.0,0.9999999999999998
2013-11-08,0.02200335450633073,1.8069057065289509,0.0,0.0,0.9999999999999998
2013-11-11,0.007627797843328565,1.8206884179803104,0.0,0.0,0.9999999999999998
2013-11-12,-0.0007830116323892522,1.8192627977700755,0.0,0.0,0.9999999999999998
2013-11-13,0.013015716716290093,1.8429418069783363,0.0,0.0,0.9999999999999998
2013-11-14,-0.002588215625870305,1.8381718761959454,0.0,0.0,0.9999999999999998
2013-11-15,0.005797634420931841,1.8488289247369678,0.0,0.0,0.9999999999999998
2013-11-18,-0.010819047757965272,1.8288263563039309,0.0,0.0,0.9999999999999998
2013-11-19,-0.00544044222918616,1.8188767321652464,0.0,0.0,0.9999999999999998
2013-11-20,0.001736903446234228,1.8220359454296196,0.0,0.0,0.9999999999999998
2013-11-21,0.013053358047400598,1.8458196330005463,0.0,0.0,0.9999999999999998
2013-11-22,0.005350893957193792,1.8556964181208386,0.0,0.0,0.9999999999999998
2013-11-25,-0.0005257492361202543,1.8547207871465405,0.0,0.0,0.9999999999999998
2013-11-26,0.0014832988865938201,1.8574718924250573,0.0,0.0,0.9999999999999998
2013-11-27,0.011319270169393159,1.8784971186074704,0.0,0.0,0.9999999999999998
2013-11-29,-0.0006139182921075514,1.877343874864686,0.0,0.0,0.9999999999999998
2013-12-02,7.370486581970148e-05,1.8774822442430803,0.0,0.0,0.9999999999999998
2013-12-03,-0.004370760091323533,1.8692762197777741,0.00031937153683788257,0.6387430736757651,0.9999999999999998
2013-12-04,-0.0038849542625495337,1.862014167159866,0.0,0.0,0.9999999999999998
2013-12-05,-0.006754747780572834,1.8494367310968478,0.0,0.0,0.9999999999999998
2013-12-06,0.010468918183000886,1.8687983329193374,0.0,0.0,0.9999999999999998
2013-12-09,0.0017034270892468673,1.8719816946239716,0.0,0.0,0.9999999999999998
2013-12-10,-0.0006362501696086653,1.8707906459532628,0.0,0.0,0.9999999999999998
2013-12-11,-0.016077124777426843,1.8407137113058292,0.0,0.0,0.9999999999999998
2013-12-12,0.004669347399094859,1.8493086430861934,0.0,0.0,0.9999999999999998
2013-12-13,9.800207950383388e-05,1.84948987917886,0.0,0.0,0.9999999999999998
2013-12-16,0.00622965738263459,1.8610115674587948,0.0,0.0,0.9999999999999998
2013-12-17,0.001870136435528913,1.8644919129980404,0.0,0.0,0.9999999999999998
2013-12-18,0.006090137104488136,1.875846924378408,0.0,0.0,0.9999999999999998
2013-12-19,0.002006277788626054,1.8796103943976508,0.0,0.0,0.9999999999999998
2013-12-20,0.0050638647667431425,1.8891284872490453,0.0,0.0,0.9999999999999998
2013-12-23,0.0024217885711927956,1.8937035570289797,0.0,0.0,0.9999999999999998
2013-12-24,0.0015220036407899151,1.8965857807373545,0.0,0.0,0.9999999999999998
2013-12-26,0.005534933899952188,1.907083257669325,0.0,0.0,0.9999999999999998
2013-12-27,-0.008114539104270957,1.891608155999867,0.0,0.0,0.9999999999999998
2013-12-30,-0.00013998757434741105,1.8913433543624927,0.0,0.0,0.9999999999999998
2013-12-31,0.0032394107610398404,1.8974701923774357,0.0,0.0,0.9999999999999998
2014-01-02,-0.00357238404886262,1.8906917001289942,0.0,0.0,0.9999999999999998
2014-01-03,0.005809002124278484,1.9016747322313992,0.0004094781850164303,0.8189563700328606,0.9999999999999997
2014-01-06,-0.00892590056661291,1.8847005726614614,0.0,0.0,0.9999999999999997
2014-01-07,0.0034941859148087673,1.8912860668560871,0.0,0.0,0.9999999999999997
2014-01-08,0.011960178790514586,1.9139061863596951,0.0,0.0,0.9999999999999997
2014-01-09,0.008450355775562635,1.9300793745554847,0.0,0.0,0.9999999999999997
2014-01-10,0.005128476480408262,1.9399777412332138,0.0,0.0,0.9999999999999997
2014-01-13,-0.01768105731438674,1.9056768836018347,0.0,0.0,0.9999999999999997
2014-01-14,0.013669302812306272,1.9317261579862004,0.0,0.0,0.9999999999999997
2014-01-15,-0.0011434962461012166,1.9295172363760476,0.0,0.0,0.9999999999999997
2014-01-16,-0.011803457558650976,1.9067422615677974,0.0,0.0,0.9999999999999997
2014-01-17,-0.0069306444011629775,1.8935273089882017,0.0,0.0,0.9999999999999997
2014-01-21,0.006399436973343775,1.9056448176593768,0.0,0.0,0.9999999999999997
2014-01-22,0.00781691248947336,1.9205410764350386,0.0,0.0,0.9999999999999997
2014-01-23,-0.004067980778647895,1.912728352251497,0.0,0.0,0.9999999999999997
2014-01-24,-0.023330113375260808,1.8681041829373939,0.0,0.0,0.9999999999999997
2014-01-27,-0.0078081057195310555,1.8535178279819204,0.0,0.0,0.9999999999999997
2014-01-28,0.01520027140266822,1.8816918020169298,0.0,0.0,0.9999999999999997
2014-01-29,-0.013145763148256884,1.8569555272695986,0.0,0.0,0.9999999999999997
2014-01-30,0.013952095835935374,1.8828639487491339,0.0,0.0,0.9999999999999997
2014-01-31,-0.00032625519164186656,1.8822496546106993,0.0,0.0,0.9999999999999997
2014-02-03,-0.02656877304807581,1.8322405907175285,0.0,0.0,0.9999999999999997
2014-02-04,0.005585510337331012,1.8424745894774588,0.000436715285961099,0.873430571922198,0.9999999999999999
2014-02-05,-0.0021230565956362746,1.8385629116479765,0.0,0.0,0.9999999999999999
2014-02-06,0.01654332094000055,1.8689788479637508,0.0,0.0,0.9999999999999999
2014-02-07,0.025106022466668376,1.9159014729104566,0.0,0.0,0.9999999999999999
2014-02-10,-0.002493138729249056,1.9111248647469183,0.0,0.0,0.9999999999999999
2014-02-11,0.01645700000433381,1.942576246654341,0.0,0.0,0.9999999999999999
2014-02-12,0.0017126599981316382,1.9459032192853065,0.0,0.0,0.9999999999999999
2014-02-13,0.006804307034150803,1.9591437422480664,0.0,0.0,0.9999999999999999
2014-02-14,0.004065328897141063,1.9671083059170804,0.0,0.0,0.9999999999999999
2014-02-18,0.006202726155639882,1.9793097400571689,0.0,0.0,0.9999999999999999
2014-02-19,-0.008072640298765865,1.9633314844858436,0.0,0.0,0.9999999999999999
2014-02-20,0.014197614483568044,1.9912061080060248,0.0,0.0,0.9999999999999999
2014-02-21,-0.0020981024986153063,1.9870283534955593,0.0,0.0,0.9999999999999999
2014-02-24,0.011065075072052677,2.009014971397285,0.0,0.0,0.9999999999999998
2014-02-25,-0.002634751044907624,2.003721717102161,0.0,0.0,0.9999999999999998
2014-02-26,-0.006138908495850859,1.9914210528297216,0.0,0.0,0.9999999999999999
2014-02-27,0.005800907758343188,2.0029731026652096,0.0,0.0,0.9999999999999998
2014-02-28,0.0005604264625345134,2.004095621795688,0.0,0.0,0.9999999999999998
2014-03-03,-0.005199287586809653,1.9936757523065058,0.0,0.0,0.9999999999999999
2014-03-04,0.020445658173388725,2.0344377652467385,0.0003051134467068887,0.6102268934137773,1.0
2014-03-05,0.0022766219673460153,2.0390694109542977,0.0,0.0,1.0
2014-03-06,-0.0005320607638157338,2.037984502126032,0.0,0.0,1.0
2014-03-07,-0.001179285422210019,2.035581136711985,0.0,0.0,1.0
2014-03-10,-0.003510474262755192,2.0284352815218076,0.0,0.0,1.0
2014-03-11,-0.007172869706393303,2.0138855795396005,0.0,0.0,1.0
2014-03-12,-0.0012987111671285412,2.011270123848133,0.0,0.0,1.0
2014-03-13,-0.01465956943908564,1.981785769806823,0.0,0.0,1.0
2014-03-14,-8.134833253814477e-05,1.9816245548390015,0.0,0.0,1.0
2014-03-17,0.010147043092841423,2.0017321845907854,0.0,0.0,1.0
2014-03-18,0.009161225751561641,2.0200705050279884,0.0,0.0,1.0
2014-03-19,0.008552947066358119,2.037348061127804,0.0,0.0,1.0
2014-03-20,0.007591307929254443,2.0528141976188947,0.0,0.0,1.0
2014-03-21,-0.006500192373535607,2.039470510427247,0.0,0.0,1.0
2014-03-24,-0.006275338909558004,2.0266721417782665,0.0,0.0,1.0
2014-03-25,0.0037239896334324563,2.034219447824615,0.0,0.0,1.0
2014-03-26,-0.01038122532609187,2.0131017573740295,0.0,0.0,1.0
2014-03-27,-0.007903441639579567,1.9971913251200888,0.0,0.0,1.0
2014-03-28,0.00022445360955436477,1.9976396019219829,0.0,0.0,1.0
2014-03-31,0.016576705888651233,2.030753886074566,0.0,0.0,1.0
2014-04-01,0.012078889564154816,2.055283137996439,0.0,0.0,1.0
2014-04-02,0.0021165685131878664,2.059633285572008,0.00037357885509170887,0.7471577101834177,0.9999999999999998
2014-04-03,-0.01139768703557742,2.0361582299750003,0.0,0.0,0.9999999999999998
2014-04-04,-0.024783626374481615,1.985694845163974,0.0,0.0,0.9999999999999998
2014-04-07,-0.013444565390442698,1.958998040972702,0.0,0.0,0.9999999999999998
2014-04-08,0.004934520781106677,1.968664757516029,0.0,0.0,0.9999999999999998
2014-04-09,0.02267597069770466,2.0133061418710665,0.0,0.0,0.9999999999999998
2014-04-10,-0.03507395245697753,1.9426915379697398,0.0,0.0,0.9999999999999998
2014-04-11,-0.016523419387673655,1.910591630946981,0.0,0.0,0.9999999999999998
2014-04-14,0.008987666678923922,1.9277633916854742,0.0,0.0,0.9999999999999998
2014-04-15,0.0013624442936543968,1.9303898619179918,0.0,0.0,0.9999999999999998
2014-04-16,0.016871076089592263,1.9629576161609879,0.0,0.0,0.9999999999999998
2014-04-17,0.0074013059931559155,1.977486066129791,0.0,0.0,0.9999999999999998
2014-04-21,0.009411835380510158,1.9960978394514572,0.0,0.0,0.9999999999999998
2014-04-22,0.013410546272029089,2.0228666018909185,0.0,0.0,0.9999999999999998
2014-04-23,0.0008215236519273361,2.0245284346490657,0.0,0.0,0.9999999999999998
2014-04-24,-0.0019485924203357374,2.0205834538865544,0.0,0.0,0.9999999999999998
2014-04-25,-0.021378220109057877,1.9773869760606473,0.0,0.0,0.9999999999999998
2014-04-28,-0.008601449625280422,1.9603785815963761,0.0,0.0,0.9999999999999998
2014-04-29,0.012511674205851087,1.9849061997294386,0.0,0.0,0.9999999999999998
2014-04-30,0.006235936440608603,1.9972839486315213,0.0,0.0,0.9999999999999998
2014-05-01,0.00010929780119695032,1.9975022473754724,0.0,0.0,0.9999999999999998
2014-05-02,0.005864996939139333,2.0092175919422535,0.00031107214015344405,0.6221442803068881,0.9999999999999998
2014-05-05,0.00021575957922692623,2.0096510998844663,0.0,0.0,0.9999999999999998
2014-05-06,-0.008608485640540287,1.992351047248615,0.0,0.0,0.9999999999999998
2014-05-07,-2.2060104965637706e-05,1.9923070957753843,0.0,0.0,0.9999999999999998
2014-05-08,-0.005067681575972038,1.982210717812445,0.0,0.0,0.9999999999999998
2014-05-09,0.004440819524936135,1.9910133578706444,0.0,0.0,0.9999999999999998
2014-05-12,0.01884873263122655,2.0285414363183487,0.0,0.0,0.9999999999999998
2014-05-13,0.002329574178308924,2.0332670740680254,0.0,0.0,0.9999999999999998
2014-05-14,-0.009623300259687495,2.0137003345061326,0.0,0.0,0.9999999999999998
2014-05-15,-0.013763624764998927,1.9859845187128373,0.0,0.0,0.9999999999999998
2014-05-16,0.0005002200716810457,1.9869779480311451,0.0,0.0,0.9999999999999998
2014-05-19,0.009423314753737255,2.0057018666441775,0.0,0.0,0.9999999999999998
2014-05-20,-0.008873941766799343,1.9879033850780163,0.0,0.0,0.9999999999999998
2014-05-21,0.010692318509355925,2.009158681237097,0.0,0.0,0.9999999999999998
2014-05-22,0.0016468025348830295,2.0124673688463406,0.0,0.0,0.9999999999999998
2014-05-23,0.011618816191408365,2.0358498572961734,0.0,0.0,0.9999999999999998
2014-05-27,0.01005773299635937,2.0563258915815346,0.0,0.0,0.9999999999999998
2014-05-28,0.004114726129564206,2.0647871094585244,0.0,0.0,0.9999999999999998
2014-05-29,0.01301993718658312,2.0916705079273408,0.0,0.0,0.9999999999999998
2014-05-30,-0.005848228183887416,2.079437941511474,0.0,0.0,0.9999999999999998
2014-06-02,0.005098264095968252,2.090039465308476,0.0,0.0,0.9999999999999998
2014-06-03,-0.0023212965764035642,2.085187863853107,0.00046558269845125433,0.9311653969025087,0.9999999999999998
2014-06-04,0.004061699730997459,2.0936572708387984,0.0,0.0,0.9999999999999998
2014-06-05,0.00044858248165313697,2.0945964488130824,0.0,0.0,0.9999999999999998
2014-06-06,0.003861764621471364,2.102685287275368,0.0,0.0,0.9999999999999998
2014-06-09,-0.006167140181290165,2.0897177323516045,0.0,0.0,0.9999999999999998
2014-06-10,-0.004003050442082601,2.0813524868592865,0.0,0.0,0.9999999999999998
2014-06-11,0.002146349304660067,2.0858197963222094,0.0,0.0,0.9999999999999998
2014-06-12,-0.013198827553038472,2.0582894205238387,0.0,0.0,0.9999999999999998
2014-06-13,0.011821198542286693,2.082620868421339,0.0,0.0,0.9999999999999998
2014-06-16,0.0009963220739312995,2.0846958295641773,0.0,0.0,0.9999999999999998
2014-06-17,0.007537814469993354,2.100409879953801,0.0,0.0,0.9999999999999998
2014-06-18,0.008453241264069655,2.118165151422486,0.0,0.0,0.9999999999999998
2014-06-19,-0.0008621944154605377,2.1163388812579065,0.0,0.0,0.9999999999999998
2014-06-20,0.00532559981217795,2.1276096552064385,0.0,0.0,0.9999999999999998
2014-06-23,-0.0002599914085130717,2.1270564949754154,0.0,0.0,0.9999999999999998
2014-06-24,-0.007330985713771221,2.111463074198366,0.0,0.0,0.9999999999999998
2014-06-25,0.011083132653813887,2.1348646995433365,0.0,0.0,0.9999999999999998
2014-06-26,0.002363619147966567,2.139910706625495,0.0,0.0,0.9999999999999998
2014-06-27,0.003361087179694744,2.1471031330672252,0.0,0.0,0.9999999999999998
2014-06-30,-0.0004843945166596031,2.146063088082865,0.0,0.0,0.9999999999999998
2014-07-01,0.010171798622864214,2.167892409646806,0.0,0.0,0.9999999999999998
2014-07-02,-0.00447482642649033,2.1581914674023306,0.00037004584141612633,0.7400916828322528,0.9999999999999998
2014-07-03,0.003997748013485403,2.166819373053859,0.0,0.0,0.9999999999999998
2014-07-07,-0.01072287750383838,2.1435848343436588,0.0,0.0,0.9999999999999998
2014-07-08,-0.012729180206139334,2.116298756700151,0.0,0.0,0.9999999999999998
2014-07-09,0.006203560937029673,2.1294273449983003,0.0,0.0,0.9999999999999998
2014-07-10,-0.0037958075594144436,2.121344448584932,0.0,0.0,0.9999999999999998
2014-07-11,-0.0007688918444256343,2.1197133641391974,0.0,0.0,0.9999999999999998
2014-07-14,0.005033743163090021,2.1303834567936435,0.0,0.0,0.9999999999999998
2014-07-15,0.00011132247373679682,2.1306206163500616,0.0,0.0,0.9999999999999998
2014-07-16,0.0020730598407110445,2.135037520385608,0.0,0.0,0.9999999999999998
2014-07-17,-0.01335645765833171,2.106520982145628,0.0,0.0,0.9999999999999998
2014-07-18,0.013572628171860668,2.1351120081725132,0.0,0.0,0.9999999999999998
2014-07-21,-0.00146072779863482,2.1319931907089766,0.0,0.0,0.9999999999999998
2014-07-22,0.009428382812699754,2.15209443866505,0.0,0.0,0.9999999999999998
2014-07-23,0.0034999107887678793,2.159626577209381,0.0,0.0,0.9999999999999998
2014-07-24,-0.00035173133166099824,2.1588669688774886,0.0,0.0,0.9999999999999998
2014-07-25,-0.004562404233498296,2.1490173450791223,0.0,0.0,0.9999999999999998
2014-07-28,0.004805732477637381,2.1593449475293753,0.0,0.0,0.9999999999999998
2014-07-29,-0.01058973590160095,2.136478054814583,0.0,0.0,0.9999999999999998
2014-07-30,-0.003244396695614271,2.12954647247329,0.0,0.0,0.9999999999999998
2014-07-31,-0.021347537030270924,2.084085900294484,0.0,0.0,0.9999999999999998
2014-08-01,0.0008990055475672776,2.085959505080455,0.0,0.0,0.9999999999999998
2014-08-04,0.009899055516671362,2.106608534026775,0.00041719007619680045,0.8343801523936009,1.0000000000000002
2014-08-05,-0.012264247602541745,2.080772565363843,0.0,0.0,1.0000000000000002
2014-08-06,0.00010755014636942839,2.0809963527578095,0.0,0.0,1.0000000000000002
2014-08-07,-0.004153194421872786,2.0723535703135982,0.0,0.0,1.0000000000000002
2014-08-08,0.010889764407859381,2.0949210124641,0.0,0.0,1.0000000000000002
2014-08-11,0.00746271461018666,2.1105548101110028,0.0,0.0,1.0000000000000002
2014-08-12,-0.0023278745617253405,2.1056417032574184,0.0,0.0,1.0000000000000002
2014-08-13,0.005092342182751786,2.1163643513246773,0.0,0.0,1.0000000000000002
2014-08-14,-0.0002039468517904819,2.115932725477983,0.0,0.0,1.0000000000000002
2014-08-15,0.0012372004042506823,2.1185505583013113,0.0,0.0,1.0000000000000002
2014-08-18,0.011286915822242394,2.142462460118023,0.0,0.0,1.0000000000000002
2014-08-19,0.00361713861134505,2.150212043805873,0.0,0.0,1.0000000000000002
2014-08-20,0.0063204308010447185,2.163802310236321,0.0,0.0,1.0000000000000002
2014-08-21,0.002110863270496699,2.1683698010576147,0.0,0.0,1.0000000000000002
2014-08-22,-0.0011208741212097584,2.1659393314623965,0.0,0.0,1.0000000000000002
2014-08-25,0.005341085480068397,2.177507798576379,0.0,0.0,1.0000000000000002
2014-08-26,0.0010680691438142986,2.1798335274664535,0.0,0.0,1.0000000000000002
2014-08-27,-0.0009551035707203726,2.1777515606807945,0.0,0.0,1.0000000000000002
2014-08-28,-0.002049231888351155,2.173288842737741,0.0,0.0,1.0000000000000002
2014-08-29,0.005743710106496103,2.185771583828109,0.0,0.0,1.0000000000000002
2014-09-02,-0.0035530099715537222,2.178005515595229,0.0,0.0,1.0000000000000002
2014-09-03,0.0032349080568554456,2.1850511631855034,0.00042002399416874787,0.8400479883374957,0.9999999999999998
2014-09-04,-0.0012838257480981552,2.182245938241294,0.0,0.0,0.9999999999999998
2014-09-05,0.006409077124980733,2.1962321207651585,0.0,0.0,0.9999999999999998
2014-09-08,-0.0016758102226338556,2.1925516525259034,0.0,0.0,0.9999999999999998
2014-09-09,-0.009374981169750995,2.1719965220697666,0.0,0.0,0.9999999999999998
2014-09-10,0.0030422937512206705,2.1786043735165324,0.0,0.0,0.9999999999999998
2014-09-11,0.0017559916224174632,2.1824299845449895,0.0,0.0,0.9999999999999998
2014-09-12,-0.007079850417377465,2.1669787067080115,0.0,0.0,0.9999999999999998
2014-09-15,-0.006859907559170542,2.1521134330973037,0.0,0.0,0.9999999999999998
2014-09-16,0.01256646141765616,2.1791578835207406,0.0,0.0,0.9999999999999998
2014-09-17,0.003704955212467942,2.187231565880081,0.0,0.0,0.9999999999999998
2014-09-18,0.00871253560568963,2.2062878987756998,0.0,0.0,0.9999999999999998
2014-09-19,-0.007503761561925004,2.1897324404463263,0.0,0.0,0.9999999999999998
2014-09-22,-0.01575684947103173,2.1552291560003787,0.0,0.0,0.9999999999999998
2014-09-23,-0.00044945060470935605,2.154260486952927,0.0,0.0,0.9999999999999998
2014-09-24,0.013673346785664675,2.183716437657689,0.0,0.0,0.9999999999999998
2014-09-25,-0.01676809816498881,2.1470996660665453,0.0,0.0,0.9999999999999998
2014-09-26,0.012333995642060058,2.1735819839908785,0.0,0.0,0.9999999999999998
2014-09-29,-0.0012794859352572852,2.1708009164132336,0.0,0.0,0.9999999999999998
2014-09-30,-0.002422872169809742,2.1655413432866584,0.0,0.0,0.9999999999999998
2014-10-01,-0.02403680631484717,2.113488645451283,0.0,0.0,0.9999999999999998
2014-10-02,-0.0033110637671530663,2.10649074977504,0.0005132385099700083,1.0264770199400166,0.9999999999999998
2014-10-03,0.009711714394600168,2.1269483863117222,0.0,0.0,0.9999999999999998
2014-10-06,0.002137241800219014,2.131494189309856,0.0,0.0,0.9999999999999998
2014-10-07,-0.019121479990642176,2.0907368658187973,0.0,0.0,0.9999999999999998
2014-10-08,0.017972730836936845,2.1283131167590192,0.0,0.0,0.9999999999999998
2014-10-09,-0.03026645999088906,2.063896612962548,0.0,0.0,0.9999999999999998
2014-10-10,-0.02752527301880725,2.007087295208162,0.0,0.0,0.9999999999999998
2014-10-13,-0.023062417043458017,1.9607990109634454,0.0,0.0,0.9999999999999998
2014-10-14,0.007333788385348372,1.9751790959760518,0.0,0.0,0.9999999999999998
2014-10-15,-0.0030072292066766204,1.9692392797102154,0.0,0.0,0.9999999999999998
2014-10-16,0.007911186901484957,1.9848182997057484,0.0,0.0,0.9999999999999998
2014-10-17,0.011524285822587244,2.007691913097459,0.0,0.0,0.9999999999999998
2014-10-20,0.018192255146354475,2.0442163566358005,0.0,0.0,0.9999999999999998
2014-10-21,0.026930315900582258,2.09926774888914,0.0,0.0,0.9999999999999998
2014-10-22,-0.013332286116325864,2.0712797106261744,0.0,0.0,0.9999999999999998
2014-10-23,0.007806817783650999,2.0874498139060065,0.0,0.0,0.9999999999999998
2014-10-24,0.01106816570899638,2.1105540543555317,0.0,0.0,0.9999999999999998
2014-10-27,-0.002614071680907437,2.1050369147710164,0.0,0.0,0.9999999999999998
2014-10-28,0.021684570124873348,2.1506837353648156,0.0,0.0,0.9999999999999998
2014-10-29,-0.00236358873451592,2.1456004035164007,0.0,0.0,0.9999999999999998
2014-10-30,-0.0012065642301705148,2.1430115988172784,0.0,0.0,0.9999999999999998
2014-10-31,0.016442077922090848,2.1782471625129767,0.0,0.0,0.9999999999999998
2014-11-03,0.0035371278551414864,2.1859519012268844,0.0,0.0,0.9999999999999998
2014-11-04,-0.0031532294871757793,2.179059093234388,0.0004638867915276177,0.9277735830552353,0.9999999999999998
2014-11-05,0.0029489334727221816,2.1854849935334664,0.0,0.0,0.9999999999999998
2014-11-06,0.008925362910869428,2.2049912402370118,0.0,0.0,0.9999999999999998
2014-11-07,0.0010706796906350124,2.2073520795759616,0.0,0.0,0.9999999999999998
2014-11-10,0.003285361287572952,2.214604028646244,0.0,0.0,0.9999999999999998
2014-11-11,0.004871303343986444,2.2253920366565945,0.0,0.0,0.9999999999999998
2014-11-12,-0.004207907535630273,2.2160277927358156,0.0,0.0,0.9999999999999998
2014-11-13,-0.0013951395557866286,2.2129361247054473,0.0,0.0,0.9999999999999998
2014-11-14,0.0025582931002285925,2.218597463924528,0.0,0.0,0.9999999999999998
2014-11-17,0.003981551354215185,2.2274309236614753,0.0,0.0,0.9999999999999998
2014-11-18,0.008144214201528888,2.2455715982228837,0.0,0.0,0.9999999999999998
2014-11-19,-0.006470001959455907,2.231042745582283,0.0,0.0,0.9999999999999998
2014-11-20,0.0030410118686370335,2.237827373051035,0.0,0.0,0.9999999999999998
2014-11-21,0.005471165795570165,2.2500708976308625,0.0,0.0,0.9999999999999998
2014-11-24,0.002842265280522671,2.2564661960219135,0.0,0.0,0.9999999999999998
2014-11-25,0.002996773873868541,2.2632283149654193,0.0,0.0,0.9999999999999998
2014-11-26,0.008504481031298194,2.28247589723954,0.0,0.0,0.9999999999999998
2014-11-28,-0.001091625009401076,2.279984289466758,0.0,0.0,0.9999999999999998
2014-12-01,-0.011691206246540742,2.2533285228997295,0.0,0.0,0.9999999999999998
2014-12-02,0.007674323352242052,2.270621294603292,0.00026395605378620393,0.5279121075724078,1.0
2014-12-03,0.012496024141682271,2.298995033117273,0.0,0.0,1.0
2014-12-04,-0.0016128847731137208,2.295287019034894,0.0,0.0,1.0
2014-12-05,0.00179861911284096,2.299415366136786,0.0,0.0,1.0
2014-12-08,-0.01529967774780061,2.264235052026552,0.0,0.0,1.0
2014-12-09,0.0023131607639146345,2.2694725917091803,0.0,0.0,1.0
2014-12-10,-0.019543384604435388,2.225119416000183,0.0,0.0,1.0
2014-12-11,0.006819080485471973,2.2402926843876747,0.0,0.0,1.0
2014-12-12,-0.019063176462570386,2.197585589617387,0.0,0.0,1.0
2014-12-15,-0.007517176414444937,2.181065951054391,0.0,0.0,1.0
2014-12-16,-0.007504854286847773,2.164697368901723,0.0,0.0,1.0
2014-12-17,0.021711529604576008,2.21169625991158,0.0,0.0,1.0
2014-12-18,0.024585039193858682,2.266070899146417,0.0,0.0,1.0
2014-12-19,-0.001750310648325315,2.262104571121781,0.0,0.0,1.0
2014-12-22,0.005450188664367417,2.2744334678129223,0.0,0.0,1.0
2014-12-23,0.001754325157114156,2.2784235636636887,0.0,0.0,1.0
2014-12-24,0.003404621906982541,2.286180734441923,0.0,0.0,1.0
2014-12-26,0.0025062814961598345,2.291910546913532,0.0,0.0,1.0
2014-12-29,-0.0007420005091300919,2.2902099481208413,0.0,0.0,1.0
2014-12-30,-0.004967641446829818,2.2788330062606144,0.0,0.0,1.0
2014-12-31,-0.010801163058359431,2.254218959377222,0.0,0.0,1.0
2015-01-02,0.0021088877497634773,2.258972854125937,0.0,0.0,1.0
2015-01-05,-0.016926406278203965,2.2207365618255674,0.00016724843829857953,0.33449687659715904,0.9999999999999998
2015-01-06,-0.007043953542280268,2.205093796654425,0.0,0.0,0.9999999999999998
2015-01-07,0.010602276273329103,2.2284728102951594,0.0,0.0,0.9999999999999998
2015-01-08,0.022482601026411198,2.278574675387231,0.0,0.0,0.9999999999999998
2015-01-09,-0.001676436864357922,2.2747547888032194,0.0,0.0,0.9999999999999998
2015-01-12,-0.0096943443334081,2.252702532606492,0.0,0.0,0.9999999999999998
2015-01-13,-0.0028222323456751353,2.2463448826537857,0.0,0.0,0.9999999999999998
2015-01-14,0.0010317465791851443,2.2486625413021337,0.0,0.0,0.9999999999999998
2015-01-15,-0.0009355982291182618,2.246558696610607,0.0,0.0,0.9999999999999998
2015-01-16,0.012496048585515007,2.2746318032336643,0.0,0.0,0.9999999999999998
2015-01-20,0.003773476028450018,2.283215071816717,0.0,0.0,0.9999999999999998
2015-01-21,0.011287160679541941,2.308986087198264,0.0,0.0,0.9999999999999998
2015-01-22,0.009388468811505124,2.3306639310641244,0.0,0.0,0.9999999999999998
2015-01-23,-0.0029072734635097186,2.3238880536649824,0.0,0.0,0.9999999999999998
2015-01-26,0.0011721976515561838,2.326612109783968,0.0,0.0,0.9999999999999998
2015-01-27,-0.015356592158300097,2.2908832765034535,0.0,0.0,0.9999999999999998
2015-01-28,-0.011509901662688504,2.264515435270201,0.0,0.0,0.9999999999999998
2015-01-29,0.00922569350797442,2.2854071606200814,0.0,0.0,0.9999999999999998
2015-01-30,-0.020617663578417877,2.2382874046427093,0.0,0.0,0.9999999999999998
2015-02-02,0.006573135234816174,2.2529999704478114,0.0,0.0,0.9999999999999998
2015-02-03,0.009809691721723413,2.275101205606956,0.00032374682386385596,0.6474936477277119,0.9999999999999998
2015-02-04,0.005795651533776702,2.2882868993987295,0.0,0.0,0.9999999999999998
2015-02-05,0.006413104189099572,2.3029619216991253,0.0,0.0,0.9999999999999998
2015-02-06,-0.006379504742261344,2.2882701651983983,0.0,0.0,0.9999999999999998
2015-02-09,-0.012149682502704207,2.2604684092108274,0.0,0.0,0.9999999999999998
2015-02-10,0.020718966079599888,2.3073029775052736,0.0,0.0,0.9999999999999998
2015-02-11,0.003022337060049729,2.314276424802951,0.0,0.0,0.9999999999999998
2015-02-12,0.010315841051741437,2.338150132551011,0.0,0.0,0.9999999999999998
2015-02-13,0.0004610970857226171,2.339228246763112,0.0,0.0,0.9999999999999998
2015-02-17,0.00026362825441017534,2.3398449334224733,0.0,0.0,0.9999999999999998
2015-02-18,0.004291039282164677,2.349885299945963,0.0,0.0,0.9999999999999998
2015-02-19,0.002713512187153766,2.35626174234578,0.0,0.0,0.9999999999999998
2015-02-20,0.007306745622188693,2.3734783475163956,0.0,0.0,0.9999999999999998
2015-02-23,0.003977135992849989,2.3829179936805533,0.0,0.0,0.9999999999999998
2015-02-24,0.004095197007815576,2.3926765123181437,0.0,0.0,0.9999999999999998
2015-02-25,-0.010028990346680589,2.3686803826733756,0.0,0.0,0.9999999999999998
2015-02-26,0.0037637970110946384,2.37759561481792,0.0,0.0,0.9999999999999998
2015-02-27,0.0028141531683643084,2.384286533050449,0.0,0.0,0.9999999999999998
2015-03-02,0.008961955826136014,2.405654403636498,0.0,0.0,0.9999999999999998
2015-03-03,-0.004165466027907239,2.395633731943265,0.00042062373373943137,0.8412474674788627,0.9999999999999997
2015-03-04,-0.004349352394999451,2.385214276633696,0.0,0.0,0.9999999999999997
2015-03-05,0.0025925647846556377,2.391398099171154,0.0,0.0,0.9999999999999997
2015-03-06,-0.02233566306282153,2.3379846369789954,0.0,0.0,0.9999999999999997
2015-03-09,-0.0001785557288334072,2.3375671764281383,0.0,0.0,0.9999999999999997
2015-03-10,-0.010390009478474904,2.313279831308478,0.0,0.0,0.9999999999999997
2015-03-11,4.6491494423595014e-05,2.3133873791448556,0.0,0.0,0.9999999999999997
2015-03-12,0.011270822533885116,2.3394611577473268,0.0,0.0,0.9999999999999997
2015-03-13,-0.004175071499061489,2.3296937401444544,0.0,0.0,0.9999999999999997
2015-03-16,0.01907929886788229,2.3741426632833047,0.0,0.0,0.9999999999999997
2015-03-17,-0.0029047077207535743,2.367246472759095,0.0,0.0,0.9999999999999997
2015-03-18,0.011990755119219099,2.395631545520785,0.0,0.0,0.9999999999999997
2015-03-19,0.0005218726715690014,2.3968817601555408,0.0,0.0,0.9999999999999997
2015-03-20,0.006901662477393655,2.4134242290623558,0.0,0.0,0.9999999999999997
2015-03-23,0.0012854702322715461,2.416526614066658,0.0,0.0,0.9999999999999997
2015-03-24,-0.00644863772148474,2.400943309388216,0.0,0.0,0.9999999999999997
2015-03-25,-0.024504460872888822,2.3421094880052884,0.0,0.0,0.9999999999999997
2015-03-26,-0.005632459074850105,2.3289176521652806,0.0,0.0,0.9999999999999997
2015-03-27,0.009488664581355,2.3510159706042737,0.0,0.0,0.9999999999999997
2015-03-30,0.010299201707272942,2.3752295583025473,0.0,0.0,0.9999999999999997
2015-03-31,-0.011050273430239788,2.3489826222237165,0.0,0.0,0.9999999999999997
2015-04-01,-0.002363010661160847,2.3434319512445203,0.0,0.0,0.9999999999999997
2015-04-02,0.002309040435241272,2.3488430303771803,0.00042090705119646757,0.8418141023929352,1.0
2015-04-06,0.004556409398502437,2.359545320836398,0.0,0.0,1.0
2015-04-07,-0.0047821309110710475,2.3482616662215534,0.0,0.0,1.0
2015-04-08,0.0067099920935349555,2.3640184834354514,0.0,0.0,1.0
2015-04-09,0.0019379833256785162,2.3685999118379453,0.0,0.0,1.0
2015-04-10,0.0038970664316821946,2.3778305030444544,0.0,0.0,1.0
2015-04-13,-0.003780515714191579,2.368841077462011,0.0,0.0,1.0
2015-04-14,-0.003897570823167662,2.359608351593774,0.0,0.0,1.0
2015-04-15,0.0047537298469548794,2.370825292241869,0.0,0.0,1.0
2015-04-16,0.001629984022387676,2.374689699588096,0.0,0.0,1.0
2015-04-17,-0.013233734881804793,2.3432636856771945,0.0,0.0,1.0
2015-04-20,0.008659077168615692,2.363554186757888,0.0,0.0,1.0
2015-04-21,0.002929002257687774,2.370477042307069,0.0,0.0,1.0
2015-04-22,0.0039123634163023,2.379751209966576,0.0,0.0,1.0
2015-04-23,0.002155656158460806,2.384881135317945,0.0,0.0,1.0
2015-04-24,-0.0019107396105969565,2.3803242484661276,0.0,0.0,1.0
2015-04-27,-0.004749926429939322,2.3690178834065128,0.0,0.0,1.0
2015-04-28,0.0007085149653411893,2.370696368030067,0.0,0.0,1.0
2015-04-29,-0.005219488080447365,2.358322546594774,0.0,0.0,1.0
2015-04-30,-0.01189110488611067,2.330279485837936,0.0,0.0,1.0
2015-05-01,0.0199357041144419,2.376735248171555,0.0,0.0,1.0
2015-05-04,0.00180648577692466,2.3810287865928923,0.0004675715119338778,0.9351430238677555,0.9999999999999997
2015-05-05,-0.01636261411606177,2.342068931358638,0.0,0.0,0.9999999999999997
2015-05-06,0.001821242576846016,2.3463344070143366,0.0,0.0,0.9999999999999997
2015-05-07,0.011020046798666527,2.3721911219849563,0.0,0.0,0.9999999999999997
2015-05-08,0.009046386985168464,2.393650880877213,0.0,0.0,0.9999999999999997
2015-05-11,0.0013850297964155267,2.396966158669444,0.0,0.0,0.9999999999999997
2015-05-12,0.0036861104200851535,2.405801640603507,0.0,0.0,0.9999999999999997
2015-05-13,-0.0031519892148207385,2.3982185797793267,0.0,0.0,0.9999999999999997
2015-05-14,0.0061314393565274905,2.412923111564941,0.0,0.0,0.9999999999999997
2015-05-15,0.0056934298289261775,2.42666091998323,0.0,0.0,0.9999999999999997
2015-05-18,0.006960307836397561,2.443551227000869,0.0,0.0,0.9999999999999997
2015-05-19,0.0003199104615267956,2.4443329446016633,0.0,0.0,0.9999999999999997
2015-05-20,-0.005219169364876208,2.4315755569796407,0.0,0.0,0.9999999999999997
2015-05-21,0.0035144125950337113,2.440121116742866,0.0,0.0,0.9999999999999997
2015-05-22,0.0017594784111865103,2.444414457168455,0.0,0.0,0.9999999999999997
2015-05-26,-0.011001004499158196,2.4175234427273375,0.0,0.0,0.9999999999999997
2015-05-27,0.016670345249613527,2.4578243931666366,0.0,0.0,0.9999999999999997
2015-05-28,-0.0020084921973458902,2.452887872050515,0.0,0.0,0.9999999999999997
2015-05-29,0.012762599750265391,2.484193098193776,0.0,0.0,0.9999999999999997
2015-06-01,0.00421438869774815,2.494662453509828,0.0,0.0,0.9999999999999997
2015-06-02,-0.006836688880935582,2.47760722245223,0.0004219027004027727,0.8438054008055453,1.0
2015-06-03,0.00433517424078711,2.488348081461793,0.0,0.0,1.0
2015-06-04,-0.0045785832067949395,2.4769549727233517,0.0,0.0,1.0
2015-06-05,0.0007376274493362533,2.4787820427020026,0.0,0.0,1.0
2015-06-08,-0.005744946039639598,2.464541573622652,0.0,0.0,1.0
2015-06-09,-0.002291721538210223,2.4588935306165665,0.0,0.0,1.0
2015-06-10,0.010371059743208733,2.4843948623247805,0.0,0.0,1.0
2015-06-11,0.0027041409647254877,2.4911130162445465,0.0,0.0,1.0
2015-06-12,-0.006633903610417269,2.4745872126121244,0.0,0.0,1.0
2015-06-15,0.0003026409868296387,2.4753361241281455,0.0,0.0,1.0
2015-06-16,0.008089576347912297,2.4953605446910254,0.0,0.0,1.0
2015-06-17,0.002758249679065905,2.502243372112573,0.0,0.0,1.0
2015-06-18,0.0127493674016399,2.534145392191955,0.0,0.0,1.0
2015-06-19,-0.0037902154672672106,2.5245404351301652,0.0,0.0,1.0
2015-06-22,0.005196077475817962,2.537658142821937,0.0,0.0,1.0
2015-06-23,0.0024897665186502937,2.5439763191017155,0.0,0.0,1.0
2015-06-24,-0.008794398898400058,2.5216035765634515,0.0,0.0,1.0
2015-06-25,0.0005564024088566821,2.523006602867633,0.0,0.0,1.0
2015-06-26,0.0007357225693109815,2.524862835767883,0.0,0.0,1.0
2015-06-29,-0.026510839894513638,2.457926601373233,0.0,0.0,1.0
2015-06-30,0.0026733742839026853,2.4644975591410647,0.0,0.0,1.0
2015-07-01,0.007578925881168264,2.483175803476115,0.0,0.0,1.0
2015-07-02,-0.003098617481895216,2.475481391520845,0.00031646484998314,0.63292969996628,0.9999999999999997
2015-07-06,-0.0035116530907938204,2.466788359641108,0.0,0.0,0.9999999999999997
2015-07-07,-0.0016089308679487768,2.462819467704585,0.0,0.0,0.9999999999999997
2015-07-08,-0.017854250185990295,2.41884767276526,0.0,0.0,0.9999999999999997
2015-07-09,0.0005289867660684955,2.420127211173288,0.0,0.0,0.9999999999999997
2015-07-10,0.017571144986906706,2.4626516172875723,0.0,0.0,0.9999999999999997
2015-07-13,0.009905822198499337,2.48704620634527,0.0,0.0,0.9999999999999997
2015-07-14,0.005433106219707273,2.500558592557664,0.0,0.0,0.9999999999999997
2015-07-15,-0.0020151873060346714,2.495519498623946,0.0,0.0,0.9999999999999997
2015-07-16,0.004449992566053718,2.5066245418412647,0.0,0.0,0.9999999999999997
2015-07-17,0.0019655881384466056,2.511551533308247,0.0,0.0,0.9999999999999997
2015-07-20,-0.006194698315537206,2.4959932292554776,0.0,0.0,0.9999999999999997
2015-07-21,-0.0023176215558641244,2.4902084615440643,0.0,0.0,0.9999999999999997
2015-07-22,0.0009690643300801494,2.4926216337386102,0.0,0.0,0.9999999999999997
2015-07-23,-0.003186037691646937,2.4846800472625046,0.0,0.0,0.9999999999999997
2015-07-24,-0.011632567286878781,2.4557768394263584,0.0,0.0,0.9999999999999997
2015-07-27,-0.009716087578425903,2.431916296581422,0.0,0.0,0.9999999999999997
2015-07-28,0.010734479491688376,2.4580216521925777,0.0,0.0,0.9999999999999997
2015-07-29,0.0036552137461836054,2.467006246724089,0.0,0.0,0.9999999999999997
2015-07-30,-0.0010555295786393026,2.464402248659984,0.0,0.0,0.9999999999999997
2015-07-31,-0.002534362788304545,2.458156559305566,0.0,0.0,0.9999999999999997
2015-08-03,-0.008059823880355421,2.438344250367223,0.0,0.0,0.9999999999999997
2015-08-04,-0.005868028339407028,2.424035977204838,0.00043040169733642007,0.8608033946728402,0.9999999999999997
2015-08-05,0.010261325144635514,2.4489097985292307,0.0,0.0,0.9999999999999997
2015-08-06,-0.014219287262006941,2.4140880466252,0.0,0.0,0.9999999999999997
2015-08-07,-0.00368881124480136,2.4051829314928685,0.0,0.0,0.9999999999999997
2015-08-10,0.013275252033466245,2.4371123410950277,0.0,0.0,0.9999999999999997
2015-08-11,-0.01171888763822393,2.408552095408006,0.0,0.0,0.9999999999999997
2015-08-12,0.00492254935911518,2.420408311981652,0.0,0.0,0.9999999999999997
2015-08-13,0.004770239487467576,2.4319542392872617,0.0,0.0,0.9999999999999997
2015-08-14,0.0005962545653832585,2.43340430310524,0.0,0.0,0.9999999999999997
2015-08-17,0.013607270055207232,2.466516292611096,0.0,0.0,0.9999999999999997
2015-08-18,-0.0015178351411885282,2.462772527505857,0.0,0.0,0.9999999999999997
2015-08-19,0.0003698391031365933,2.463683357088659,0.0,0.0,0.9999999999999997
2015-08-20,-0.020625266960515476,2.4128692301425265,0.0,0.0,0.9999999999999997
2015-08-21,-0.027021167629195153,2.3476706862075183,0.0,0.0,0.9999999999999997
2015-08-24,-0.039840125172510565,2.254139192205177,0.0,0.0,0.9999999999999996
2015-08-25,-0.013878735747389959,2.222854590018726,0.0,0.0,0.9999999999999996
2015-08-26,0.03701232456746584,2.3051276055707803,0.0,0.0,0.9999999999999997
2015-08-27,0.026400069718221397,2.365983135067246,0.0,0.0,0.9999999999999997
2015-08-28,-0.0013103071723897797,2.362882970395614,0.0,0.0,0.9999999999999997
2015-08-31,-0.006168115252461415,2.3483084359061355,0.0,0.0,0.9999999999999997
2015-09-01,-0.03292856479895523,2.270982009406467,0.0,0.0,0.9999999999999996
2015-09-02,0.015835887878541843,2.3069450258816135,0.0005101487378650598,1.0202974757301195,0.9999999999999998
2015-09-03,0.002940869473089247,2.313729450084324,0.0,0.0,0.9999999999999998
2015-09-04,-0.01627078354735334,2.276083259014865,0.0,0.0,0.9999999999999998
2015-09-08,0.02972746910711388,2.3437454537824483,0.0,0.0,0.9999999999999998
2015-09-09,-0.011759921393397543,2.316183191479834,0.0,0.0,0.9999999999999998
2015-09-10,0.004350062022320023,2.326258732017826,0.0,0.0,0.9999999999999998
2015-09-11,0.00642611654030234,2.3412075417326683,0.0,0.0,0.9999999999999998
2015-09-14,-0.001851719341953717,2.336872282444114,0.0,0.0,0.9999999999999998
2015-09-15,0.012319983415502778,2.3656625102079736,0.0,0.0,0.9999999999999998
2015-09-16,0.0050351600173232924,2.3775739994938534,0.0,0.0,0.9999999999999998
2015-09-17,-0.005242985868361472,2.3651084126135236,0.0,0.0,0.9999999999999998
2015-09-18,-0.01754742272110521,2.323606855516152,0.0,0.0,0.9999999999999998
2015-09-21,0.00699326757280061,2.33985645999077,0.0,0.0,0.9999999999999998
2015-09-22,-0.013794622298875292,2.307579023891614,0.0,0.0,0.9999999999999998
2015-09-23,0.00362197238426587,2.3159370113906608,0.0,0.0,0.9999999999999998
2015-09-24,-0.0065647095296230695,2.3007335576219776,0.0,0.0,0.9999999999999998
2015-09-25,0.0038751643980936556,2.3096492783939735,0.0,0.0,0.9999999999999998
2015-09-28,-0.03048283836022725,2.2392446127718744,0.0,0.0,0.9999999999999998
2015-09-29,-0.0011587104474425347,2.236649976644676,0.0,0.0,0.9999999999999998
2015-09-30,0.018532396224895997,2.2781004602282597,0.0,0.0,0.9999999999999998
2015-10-01,0.005493835463914909,2.2906159693270225,0.0,0.0,0.9999999999999998
2015-10-02,0.008336106265783627,2.3097107874614333,0.000552593455234506,1.1051869104690117,1.0
2015-10-05,0.016095151917674855,2.3468859334715173,0.0,0.0,1.0
2015-10-06,-0.015606146994400216,2.3102600866146705,0.0,0.0,1.0
2015-10-07,0.0063854944494012855,2.3250122395744217,0.0,0.0,1.0
2015-10-08,0.004067139029436895,2.334468387597913,0.0,0.0,1.0
2015-10-09,0.006158613400320645,2.3488454758923987,0.0,0.0,1.0
2015-10-12,0.003986191238315673,2.3582084231485583,0.0,0.0,1.0
2015-10-13,-0.009954061961976235,2.3347346703852834,0.0,0.0,1.0
2015-10-14,-0.008540227717885762,2.31479550463935,0.0,0.0,1.0
2015-10-15,0.010594445555530019,2.3393194795854373,0.0,0.0,1.0
2015-10-16,0.00807950028653548,2.3582200119910457,0.0,0.0,1.0
2015-10-19,-4.0565317287910574e-05,2.3581243500480245,0.0,0.0,1.0
2015-10-20,0.001808409256006227,2.362388803949465,0.0,0.0,1.0
2015-10-21,-0.006610934093521981,2.3467712072632807,0.0,0.0,1.0
2015-10-22,0.011182075742994124,2.3730129806543765,0.0,0.0,1.0
2015-10-23,0.006705206873115044,2.3889245236022516,0.0,0.0,1.0
2015-10-26,0.00019012123170392137,2.3893787088751264,0.0,0.0,1.0
2015-10-27,-0.003307242747480732,2.3814764534692143,0.0,0.0,1.0
2015-10-28,0.011609020687351146,2.409123062883978,0.0,0.0,1.0
2015-10-29,0.0028858140653165165,2.4160753441039273,0.0,0.0,1.0
2015-10-30,0.0005613525636494199,2.4174316141923105,0.0,0.0,1.0
2015-11-02,0.005952894016251653,2.4318223283831335,0.0,0.0,1.0
2015-11-03,-0.005548858063409767,2.4183284914475047,0.0005131696014110455,1.026339202822091,0.9999999999999998
2015-11-04,-0.0026226927794077426,2.4119859587747494,0.0,0.0,0.9999999999999998
2015-11-05,0.0030499196167912412,2.4193423220658414,0.0,0.0,0.9999999999999998
2015-11-06,0.005167975479190234,2.431845423862045,0.0,0.0,0.9999999999999998
2015-11-09,-0.013168730379827909,2.3998211071497875,0.0,0.0,0.9999999999999998
2015-11-10,0.004719647367404933,2.41114741652039,0.0,0.0,0.9999999999999998
2015-11-11,0.0009323436529615758,2.4133954345105373,0.0,0.0,0.9999999999999998
2015-11-12,-0.013515008551103658,2.3807783745759328,0.0,0.0,0.9999999999999998
2015-11-13,-0.01206011028259013,2.3520659248201414,0.0,0.0,0.9999999999999998
2015-11-16,0.012132921831608856,2.3806033568287748,0.0,0.0,0.9999999999999998
2015-11-17,0.0007194543753821225,2.3823160923298947,0.0,0.0,0.9999999999999998
2015-11-18,0.016619611178763094,2.4219092594893277,0.0,0.0,0.9999999999999998
2015-11-19,-0.0002942901500215811,2.421196515450014,0.0,0.0,0.9999999999999998
2015-11-20,0.005981424557714554,2.4356787197465795,0.0,0.0,0.9999999999999998
2015-11-23,-0.0032388964348142313,2.4277898086248393,0.0,0.0,0.9999999999999998
2015-11-24,0.003339828506005116,2.4358982102342734,0.0,0.0,0.9999999999999998
2015-11-25,0.0037688317018953477,2.4450787006315946,0.0,0.0,0.9999999999999998
2015-11-27,0.003719719527560228,2.4541737076207557,0.0,0.0,0.9999999999999998
2015-11-30,-0.005405134858201155,2.440908567765614,0.0,0.0,0.9999999999999998
2015-12-01,0.014277162648957287,2.4757578163988367,0.0,0.0,0.9999999999999998
2015-12-02,-0.006293861984818738,2.4601757383945864,0.0005143847326722973,1.0287694653445947,0.9999999999999998
2015-12-03,-0.018079788453596257,2.4156962814857423,0.0,0.0,0.9999999999999998
2015-12-04,0.021238206937690185,2.467001339010545,0.0,0.0,0.9999999999999998
2015-12-07,-0.014682329380094283,2.4307800127700587,0.0,0.0,0.9999999999999998
2015-12-08,0.0025282600172324976,2.436925656687033,0.0,0.0,0.9999999999999998
2015-12-09,-0.01111074842452242,2.4098495887863196,0.0,0.0,0.9999999999999998
2015-12-10,0.00037662273429628357,2.410757192927691,0.0,0.0,0.9999999999999998
2015-12-11,-0.024353846818924163,2.3520459815335104,0.0,0.0,0.9999999999999998
2015-12-14,0.007619508117132856,2.3699674149816747,0.0,0.0,0.9999999999999998
2015-12-15,0.005850929676491035,2.3838339276623075,0.0,0.0,0.9999999999999998
2015-12-16,0.01729675426877364,2.425066517326648,0.0,0.0,0.9999999999999998
2015-12-17,-0.015853483280817038,2.3866207658393406,0.0,0.0,0.9999999999999998
2015-12-18,-0.014166154769741923,2.3528115266937806,0.0,0.0,0.9999999999999998
2015-12-21,0.007665998744105673,2.3708481769025327,0.0,0.0,0.9999999999999998
2015-12-22,0.004776387076901756,2.382172265495986,0.0,0.0,0.9999999999999998
2015-12-23,0.006194902381465361,2.3969295901365677,0.0,0.0,0.9999999999999998
2015-12-24,-0.0024377471900176584,2.391086481763542,0.0,0.0,0.9999999999999998
2015-12-28,0.0005770209466955389,2.3924661887488803,0.0,0.0,0.9999999999999998
2015-12-29,0.013040902555295109,2.423666107183193,0.0,0.0,0.9999999999999998
2015-12-30,-0.006060430123118965,2.4089776480988374,0.0,0.0,0.9999999999999998
2015-12-31,-0.011575513819482297,2.3810924940424454,0.0,0.0,0.9999999999999998
2016-01-04,-0.021886861351593012,2.3289778527600196,0.0,0.0,0.9999999999999998
2016-01-05,-0.0006288457797751779,2.3275132848661215,0.00031695590002195025,0.6339118000439005,0.9999999999999998
2016-01-06,-0.011452287929526128,2.3008579325680376,0.0,0.0,0.9999999999999998
2016-01-07,-0.026571933270370218,2.2397196891192377,0.0,0.0,0.9999999999999998
2016-01-08,-0.017979177241905675,2.199451371856377,0.0,0.0,0.9999999999999998
2016-01-11,0.002104876829396307,2.2040809460863815,0.0,0.0,0.9999999999999998
2016-01-12,0.014204804751786426,2.235389485582671,0.0,0.0,0.9999999999999998
2016-01-13,-0.04504707801480423,2.1346917210321554,0.0,0.0,0.9999999999999998
2016-01-14,0.015559614203959127,2.1679067006558013,0.0,0.0,0.9999999999999998
2016-01-15,-0.022926610234956568,2.118203948704115,0.0,0.0,0.9999999999999998
2016-01-19,0.0009788317665502255,2.1202773140171387,0.0,0.0,0.9999999999999998
2016-01-20,-0.010840862090705672,2.097291680061827,0.0,0.0,0.9999999999999998
2016-01-21,0.0043496119918426945,2.106414085103816,0.0,0.0,0.9999999999999998
2016-01-22,0.03159969763770665,2.172976133292903,0.0,0.0,0.9999999999999998
2016-01-25,-0.02459019043385613,2.1195422363670064,0.0,0.0,0.9999999999999998
2016-01-26,0.015282133236060869,2.1519333632226254,0.0,0.0,0.9999999999999998
2016-01-27,-0.01994220937406388,2.1090190575342063,0.0,0.0,0.9999999999999998
2016-01-28,0.004018047971075855,2.117493197279292,0.0,0.0,0.9999999999999998
2016-01-29,0.02238806914448821,2.1648997813929642,0.0,0.0,0.9999999999999998
2016-02-01,0.0012841484827734728,2.1676798341625965,0.0,0.0,0.9999999999999998
2016-02-02,-0.029334276800528136,2.104092513892348,0.0004183727182050085,0.8367454364100171,0.9999999999999996
2016-02-03,-0.010830185543418303,2.081304801566376,0.0,0.0,0.9999999999999996
2016-02-04,0.005230127132611173,2.0921902902802825,0.0,0.0,0.9999999999999996
2016-02-05,-0.04446848039733575,1.9991537673694575,0.0,0.0,0.9999999999999997
2016-02-08,-0.027445308003073987,1.944286376478497,0.0,0.0,0.9999999999999997
2016-02-09,0.006163925146531746,1.956270812166532,0.0,0.0,0.9999999999999997
2016-02-10,0.004757813045535464,1.965578382957258,0.0,0.0,0.9999999999999997
2016-02-11,-0.012995658599674997,1.9400343973414442,0.0,0.0,0.9999999999999997
2016-02-12,0.025697415892754538,1.9898882680961767,0.0,0.0,0.9999999999999997
2016-02-16,0.020876791129296635,2.0314307498398585,0.0,0.0,0.9999999999999996
2016-02-17,0.020071618808376712,2.072204853486259,0.0,0.0,0.9999999999999996
2016-02-18,-0.010965265816196723,2.0494825764421694,0.0,0.0,0.9999999999999996
2016-02-19,0.00758286468506153,2.0650235254937215,0.0,0.0,0.9999999999999996
2016-02-22,0.018652345603964005,2.1035410579715466,0.0,0.0,0.9999999999999996
2016-02-23,-0.018307262611830355,2.065030979408494,0.0,0.0,0.9999999999999996
2016-02-24,0.010170585340830707,2.0860335532160272,0.0,0.0,0.9999999999999996
2016-02-25,0.02008456579698259,2.127930631370308,0.0,0.0,0.9999999999999996
2016-02-26,0.0026295907100302163,2.1335262179901484,0.0,0.0,0.9999999999999996
2016-02-29,-0.010757404904059742,2.110575012589801,0.0,0.0,0.9999999999999996
2016-03-01,0.032628547429846666,2.1794400094923367,0.0,0.0,0.9999999999999996
2016-03-02,0.0015411679742995954,2.1827988926368733,0.0004658693420524227,0.9317386841048455,0.9999999999999998
2016-03-03,0.002805713886424588,2.1889232018012166,0.0,0.0,0.9999999999999998
2016-03-04,0.0010905161425331933,2.191310257887546,0.0,0.0,0.9999999999999998
2016-03-07,-0.01264335641938874,2.163604741271611,0.0,0.0,0.9999999999999998
2016-03-08,-0.004648550457375111,2.153547115461994,0.0,0.0,0.9999999999999998
2016-03-09,0.010953528965894854,2.177136056170626,0.0,0.0,0.9999999999999998
2016-03-10,0.0018417683686797748,2.1811458364931933,0.0,0.0,0.9999999999999998
2016-03-11,0.019377679130811565,2.223411380650264,0.0,0.0,0.9999999999999998
2016-03-14,0.003262447491646503,2.2306651435319647,0.0,0.0,0.9999999999999998
2016-03-15,-0.0010260500613888945,2.2283763694245056,0.0,0.0,0.9999999999999998
2016-03-16,0.008513392808041198,2.2473474127815734,0.0,0.0,0.9999999999999998
2016-03-17,-0.00548627356081266,2.235017850088869,0.0,0.0,0.9999999999999998
2016-03-18,0.003625100812739701,2.243120015113714,0.0,0.0,0.9999999999999998
2016-03-21,0.0006895934343813526,2.2446668559486658,0.0,0.0,0.9999999999999998
2016-03-22,-0.00021540762811900205,2.2441833375853086,0.0,0.0,0.9999999999999998
2016-03-23,-0.0025153712999376188,2.2385383832261483,0.0,0.0,0.9999999999999998
2016-03-24,0.003046050797762989,2.2453570848541973,0.0,0.0,0.9999999999999998
2016-03-28,0.002169059767476167,2.250227398570572,0.0,0.0,0.9999999999999998
2016-03-29,0.014856913877959066,2.283658833236959,0.0,0.0,0.9999999999999998
2016-03-30,0.0005106182130394377,2.284824911029578,0.0,0.0,0.9999999999999998
2016-03-31,-0.0012709454578693213,2.2819210231868783,0.0,0.0,0.9999999999999998
2016-04-01,0.008529281590064386,2.301384170159927,0.0,0.0,0.9999999999999998
2016-04-04,-0.002986916282059826,2.294510128310802,0.0003062989203481146,0.6125978406962292,0.9999999999999997
2016-04-05,-0.004647403687620955,2.2838466134792066,0.0,0.0,0.9999999999999996
2016-04-06,0.009114915802730161,2.30466368306742,0.0,0.0,0.9999999999999997
2016-04-07,-0.0054922913776757065,2.2920057985924664,0.0,0.0,0.9999999999999997
2016-04-08,0.0053663665644818614,2.3043055418756317,0.0,0.0,0.9999999999999997
2016-04-11,0.00027048768749482477,2.3049288281529354,0.0,0.0,0.9999999999999997
2016-04-12,0.007079477753325181,2.3212465205148423,0.0,0.0,0.9999999999999997
2016-04-13,-0.0006661904195073287,2.3197001283215606,0.0,0.0,0.9999999999999997
2016-04-14,-0.0009292041253721184,2.317544653392698,0.0,0.0,0.9999999999999997
2016-04-15,0.0030777712960927683,2.324677525804323,0.0,0.0,0.9999999999999997
2016-04-18,0.005269669378240804,2.3369278077763385,0.0,0.0,0.9999999999999997
2016-04-19,-0.00764951709788475,2.319051438554231,0.0,0.0,0.9999999999999997
2016-04-20,-0.0009957484667411087,2.316742246639997,0.0,0.0,0.9999999999999997
2016-04-21,-0.005889984941654713,2.303096669693592,0.0,0.0,0.9999999999999997
2016-04-22,-0.013744913321918961,2.2714408055966535,0.0,0.0,0.9999999999999996
2016-04-25,0.003054733242869201,2.278379451334719,0.0,0.0,0.9999999999999996
2016-04-26,-0.0017512903792444856,2.2743893473213284,0.0,0.0,0.9999999999999996
2016-04-27,0.0005599880794910916,2.27566297824395,0.0,0.0,0.9999999999999996
2016-04-28,-0.006261470032412064,2.261413982701806,0.0,0.0,0.9999999999999996
2016-04-29,0.003258600770228881,2.268783028047644,0.0,0.0,0.9999999999999996
2016-05-02,0.012591714539742949,2.2973508962894336,0.0,0.0,0.9999999999999997
2016-05-03,-0.00704927363284602,2.2811562411908253,0.0003173432205989838,0.6346864411979675,0.9999999999999996
2016-05-04,-0.0012760071140889284,2.2782454695987173,0.0,0.0,0.9999999999999996
2016-05-05,-0.0022906040716933473,2.2730269112497377,0.0,0.0,0.9999999999999996
2016-05-06,0.00947175839596115,2.294556472980613,0.0,0.0,0.9999999999999997
2016-05-09,0.0015663155453704558,2.298150472453973,0.0,0.0,0.9999999999999997
2016-05-10,0.013808146012161737,2.329883669735536,0.0,0.0,0.9999999999999997
2016-05-11,-0.0051373213126252315,2.3179143087030663,0.0,0.0,0.9999999999999997
2016-05-12,0.003368984260033292,2.325723325525193,0.0,0.0,0.9999999999999997
2016-05-13,-0.002042980636681957,2.3209719178048656,0.0,0.0,0.9999999999999997
2016-05-16,0.00799085965472024,2.3395184786625913,0.0,0.0,0.9999999999999997
2016-05-17,-0.014060041646799859,2.3066247514191374,0.0,0.0,0.9999999999999997
2016-05-18,-0.004338074805075309,2.296618440700243,0.0,0.0,0.9999999999999997
2016-05-19,-0.004194498793765544,2.2869852774209862,0.0,0.0,0.9999999999999997
2016-05-20,0.0034578250381109843,2.2948932723750435,0.0,0.0,0.9999999999999997
2016-05-23,0.0001812049881393385,2.295309118483245,0.0,0.0,0.9999999999999997
2016-05-24,0.01464338772355811,2.3289202198506134,0.0,0.0,0.9999999999999997
2016-05-25,0.0024333324193686057,2.334587256923699,0.0,0.0,0.9999999999999997
2016-05-26,-0.00032214525162410634,2.333835180724379,0.0,0.0,0.9999999999999997
2016-05-27,0.0046193080528311725,2.3446158843686797,0.0,0.0,0.9999999999999997
2016-05-31,-0.002183207078863214,2.339497102372711,0.0,0.0,0.9999999999999997
2016-06-01,0.0034530249517126244,2.3475754442416634,0.0,0.0,0.9999999999999997
2016-06-02,0.0033578481519564995,2.3554582461086886,0.00036544260064754136,0.7308852012950827,1.0
2016-06-03,0.004646896350059437,2.3664038164352483,0.0,0.0,1.0
2016-06-06,0.002909887150564172,2.373289784493739,0.0,0.0,1.0
2016-06-07,0.0033551523687309626,2.3812525333358683,0.0,0.0,1.0
2016-06-08,0.004753931707612846,2.392572845257927,0.0,0.0,1.0
2016-06-09,-0.0018108381956908337,2.3882402829637615,0.0,0.0,1.0
2016-06-10,-0.014155900947873001,2.354432590078406,0.0,0.0,1.0
2016-06-13,-0.0016461765119508698,2.3505567784496475,0.0,0.0,1.0
2016-06-14,-0.0009314403158220408,2.348367375101571,0.0,0.0,1.0
2016-06-15,0.0050215292396047495,2.360159770540977,0.0,0.0,1.0
2016-06-16,0.0010892567757290195,2.3627305905628417,0.0,0.0,1.0
2016-06-17,-0.0016688614666331425,2.358787520524216,0.0,0.0,1.0
2016-06-20,0.006721793159736533,2.374642802344948,0.0,0.0,1.0
2016-06-21,0.003317390800034792,2.382520420530816,0.0,0.0,1.0
2016-06-22,-0.0010649514501052115,2.3799831519540664,0.0,0.0,1.0
2016-06-23,0.01165447297870581,2.40772060128829,0.0,0.0,1.0
2016-06-24,-0.03230002975385704,2.329951154227704,0.0,0.0,1.0
2016-06-27,-0.013017493914276312,2.2996210292569836,0.0,0.0,1.0
2016-06-28,0.015419437405977732,2.3350798917750817,0.0,0.0,1.0
2016-06-29,0.01665181870450838,2.373963218793463,0.0,0.0,1.0
2016-06-30,0.013507623452889694,2.406029820043935,0.0,0.0,1.0
2016-07-01,0.004025062623811415,2.4157142407443697,0.0,0.0,1.0
2016-07-05,-0.0017256056267382913,2.4115456706579494,0.00026946439347259475,0.5389287869451894,0.9999999999999998
2016-07-06,0.008395100959727397,2.4317908400321167,0.0,0.0,0.9999999999999998
2016-07-07,-0.0037694705789838023,2.422624276006373,0.0,0.0,0.9999999999999998
2016-07-08,0.013737476718349795,2.4559050205953197,0.0,0.0,0.9999999999999998
2016-07-11,0.00671257322496821,2.4723904628796327,0.0,0.0,0.9999999999999998
2016-07-12,0.004376302351114303,2.4832103910752052,0.0,0.0,0.9999999999999998
2016-07-13,-6.167569304404985e-05,2.4830572373533615,0.0,0.0,0.9999999999999998
2016-07-14,0.0014978807110728187,2.486776560893683,0.0,0.0,0.9999999999999998
2016-07-15,-0.0016142611466138934,2.482762254111122,0.0,0.0,0.9999999999999998
2016-07-18,0.00463179048592699,2.494261888698533,0.0,0.0,0.9999999999999998
2016-07-19,-0.0019181351678879688,2.4894775572518975,0.0,0.0,0.9999999999999998
2016-07-20,0.00017624351420630902,2.4899163115251253,0.0,0.0,0.9999999999999998
2016-07-21,-0.006455980709961007,2.4738414598485017,0.0,0.0,0.9999999999999998
2016-07-22,0.010139750795538527,2.4989255957590366,0.0,0.0,0.9999999999999998
2016-07-25,-0.0033832965400130144,2.490470989437155,0.0,0.0,0.9999999999999998
2016-07-26,0.004748526143091292,2.502297056039108,0.0,0.0,0.9999999999999998
2016-07-27,-0.004455467947420688,2.4911481517110006,0.0,0.0,0.9999999999999998
2016-07-28,0.005475011890116788,2.5047872174616606,0.0,0.0,0.9999999999999998
2016-07-29,-0.002585686492158956,2.4983106229877374,0.0,0.0,0.9999999999999998
2016-08-01,-0.003130930321474601,2.490488586505763,0.0,0.0,0.9999999999999998
2016-08-02,-0.0052995947522344045,2.4772900062622174,0.0004698869779532316,0.9397739559064632,0.9999999999999998
2016-08-03,-0.0028292648854014724,2.4702810966365436,0.0,0.0,0.9999999999999998
2016-08-04,0.00084059981378104,2.4723576144663633,0.0,0.0,0.9999999999999998
2016-08-05,-0.001274651664902704,2.469206219716849,0.0,0.0,0.9999999999999998
2016-08-08,0.00037249981646114705,2.470125998580498,0.0,0.0,0.9999999999999998
2016-08-09,0.0016465553252389409,2.474193197697472,0.0,0.0,0.9999999999999998
2016-08-10,-0.0023455718526864677,2.4683897997748443,0.0,0.0,0.9999999999999998
2016-08-11,0.004758711338711974,2.480136154303394,0.0,0.0,0.9999999999999998
2016-08-12,0.004332282554989408,2.490880804898681,0.0,0.0,0.9999999999999998
2016-08-15,0.002103477907414053,2.496120317641787,0.0,0.0,0.9999999999999998
2016-08-16,-0.005327003157337806,2.482823476828614,0.0,0.0,0.9999999999999998
2016-08-17,0.0007752344287994539,2.484748247068483,0.0,0.0,0.9999999999999998
2016-08-18,0.0069033338026227575,2.5019012936334786,0.0,0.0,0.9999999999999998
2016-08-19,0.0014302880212777591,2.5054797330841816,0.0,0.0,0.9999999999999998
2016-08-22,-0.0008073829713549641,2.5034568514126145,0.0,0.0,0.9999999999999998
2016-08-23,0.002807503094915509,2.510485314270943,0.0,0.0,0.9999999999999998
2016-08-24,-0.012888099176448287,2.4781299305596023,0.0,0.0,0.9999999999999998
2016-08-25,-0.0005108942112729276,2.476863868323297,0.0,0.0,0.9999999999999998
2016-08-26,-0.00534443166775167,2.46362643862872,0.0,0.0,0.9999999999999998
2016-08-29,0.008391836703922406,2.4843007894011584,0.0,0.0,0.9999999999999998
2016-08-30,-0.014591720582836754,2.448050566438496,0.0,0.0,0.9999999999999998
2016-08-31,-0.007025386813270695,2.430852064270819,0.0,0.0,0.9999999999999998
2016-09-01,0.005786149561086029,2.4449173378755646,0.0,0.0,0.9999999999999998
2016-09-02,0.004105427500066483,2.454954768749868,0.000521228963097522,1.042457926195044,0.9999999999999997
2016-09-06,0.005426527362379252,2.4682766479758924,0.0,0.0,0.9999999999999997
2016-09-07,0.00048690444314236636,2.4694784628426967,0.0,0.0,0.9999999999999997
2016-09-08,-0.0008382426857396208,2.467408440583627,0.0,0.0,0.9999999999999997
2016-09-09,-0.025795543200907378,2.4037602995602687,0.0,0.0,0.9999999999999997
2016-09-12,0.021036757193062527,2.454327621332441,0.0,0.0,0.9999999999999997
2016-09-13,-0.021408974862311192,2.401782982983459,0.0,0.0,0.9999999999999997
2016-09-14,0.0001472493907153094,2.402136644064334,0.0,0.0,0.9999999999999997
2016-09-15,0.013037425252646395,2.4334543210079653,0.0,0.0,0.9999999999999997
2016-09-16,-0.0033096440504613023,2.425400453392372,0.0,0.0,0.9999999999999997
2016-09-19,0.0008504709661123488,2.4274631860591778,0.0,0.0,0.9999999999999997
2016-09-20,-0.0034144362775687664,2.419174767694235,0.0,0.0,0.9999999999999997
2016-09-21,0.021404337176106347,2.4709556001098907,0.0,0.0,0.9999999999999997
2016-09-22,0.00628241662539919,2.4864791726526443,0.0,0.0,0.9999999999999997
2016-09-23,-0.00784982516143784,2.4669607458797644,0.0,0.0,0.9999999999999997
2016-09-26,-0.004622585361178544,2.4555570092492585,0.0,0.0,0.9999999999999997
2016-09-27,0.0007920097602689413,2.4575018343674806,0.0,0.0,0.9999999999999997
2016-09-28,0.012683866803624877,2.4886724603042616,0.0,0.0,0.9999999999999997
2016-09-29,-0.009348370329101408,2.4654074285175014,0.0,0.0,0.9999999999999997
2016-09-30,0.006727102141225183,2.481992476108874,0.0,0.0,0.9999999999999997
2016-10-03,-0.0045227584337155236,2.4707670237051342,0.0,0.0,0.9999999999999997
2016-10-04,-0.01789911693131918,2.4265424758377887,0.00046216923352849153,0.9243384670569831,0.9999999999999998
2016-10-05,0.005101676036169289,2.4389219094375174,0.0,0.0,0.9999999999999998
2016-10-06,-0.0015737936239967887,2.4350835496870187,0.0,0.0,0.9999999999999998
2016-10-07,-0.010244799693261308,2.4101366064841194,0.0,0.0,0.9999999999999998
2016-10-10,0.0035177426991905847,2.418614846935631,0.0,0.0,0.9999999999999998
2016-10-11,-0.014765779610345087,2.3829021131434707,0.0,0.0,0.9999999999999998
2016-10-12,0.004112163230926225,2.392700995596036,0.0,0.0,0.9999999999999998
2016-10-13,0.00032413649804263756,2.3934765573176118,0.0,0.0,0.9999999999999998
2016-10-14,-0.0015722887537097385,2.3897133210442734,0.0,0.0,0.9999999999999998
2016-10-17,-0.001914465803938059,2.385138296609919,0.0,0.0,0.9999999999999998
2016-10-18,0.00683874663155426,2.401449653101651,0.0,0.0,0.9999999999999998
2016-10-19,0.002546577569954467,2.4075651309236146,0.0,0.0,0.9999999999999998
2016-10-20,0.001395636512038445,2.4109252167254422,0.0,0.0,0.9999999999999998
2016-10-21,-0.003936935676524089,2.4014335592262843,0.0,0.0,0.9999999999999998
2016-10-24,0.0055156706985568515,2.41467907594344,0.0,0.0,0.9999999999999998
2016-10-25,-0.0019386976406107204,2.4099977433160764,0.0,0.0,0.9999999999999998
2016-10-26,-0.003501218217728641,2.4015598153124933,0.0,0.0,0.9999999999999998
2016-10-27,-0.010643070731432225,2.375999844332357,0.0,0.0,0.9999999999999998
2016-10-28,0.0068368518389438915,2.392244203237411,0.0,0.0,0.9999999999999998
2016-10-31,0.011094853148490458,2.4187858013676578,0.0,0.0,0.9999999999999998
2016-11-01,-0.0053375389271530516,2.405875437996413,0.0,0.0,0.9999999999999998
2016-11-02,-0.00458182471413604,2.394852138455468,0.00041131282825655454,0.822625656513109,0.9999999999999998
2016-11-03,-0.007921602840267994,2.3758810709534575,0.0,0.0,0.9999999999999998
2016-11-04,0.0007751807234672725,2.3777228081609114,0.0,0.0,0.9999999999999998
2016-11-07,0.02225063846991593,2.430628658746973,0.0,0.0,0.9999999999999998
2016-11-08,0.008320451161701659,2.4508525857943098,0.0,0.0,0.9999999999999998
2016-11-09,0.014126032568431812,2.4854734092416657,0.0,0.0,0.9999999999999998
2016-11-10,-0.000717899337180028,2.4836890895285926,0.0,0.0,0.9999999999999998
2016-11-11,0.006786587308903247,2.500544862382849,0.0,0.0,0.9999999999999998
2016-11-14,-0.005546309465640387,2.4866760667433563,0.0,0.0,0.9999999999999998
2016-11-15,0.017545421484189472,2.5303058464290147,0.0,0.0,0.9999999999999998
2016-11-16,0.00213574778924297,2.5357099415466338,0.0,0.0,0.9999999999999998
2016-11-17,-0.00017673616763758115,2.5352617898893244,0.0,0.0,0.9999999999999998
2016-11-18,0.0024687002249579315,2.541520591240351,0.0,0.0,0.9999999999999998
2016-11-21,0.00724843348283466,2.5599426341912115,0.0,0.0,0.9999999999999998
2016-11-22,0.009891974665068526,2.58526552187266,0.0,0.0,0.9999999999999998
2016-11-23,0.010066057790331095,2.6112889540191806,0.0,0.0,0.9999999999999998
2016-11-25,0.00278413950143519,2.618559146745727,0.0,0.0,0.9999999999999998
2016-11-28,-0.006437935229437808,2.601701032564526,0.0,0.0,0.9999999999999998
2016-11-29,-0.0048797565575474655,2.5890053648900913,0.0,0.0,0.9999999999999998
2016-11-30,0.009500785733685735,2.613602950125275,0.0,0.0,0.9999999999999998
2016-12-01,-0.01382398466318957,2.5774725430270764,0.0,0.0,0.9999999999999998
2016-12-02,0.0044207178545583314,2.5888668219176703,0.0004884057989612464,0.9768115979224928,0.9999999999999997
2016-12-05,0.005678201846236908,2.603566930285545,0.0,0.0,0.9999999999999997
2016-12-06,0.0035872442408677596,2.6129065607619255,0.0,0.0,0.9999999999999997
2016-12-07,0.014265572610089539,2.6501811690278543,0.0,0.0,0.9999999999999997
2016-12-08,-0.0027439160697048104,2.6429092943305297,0.0,0.0,0.9999999999999997
2016-12-09,-0.003639615880380309,2.6332901196924796,0.0,0.0,0.9999999999999997
2016-12-12,-0.0027566424794917,2.6260310802877096,0.0,0.0,0.9999999999999997
2016-12-13,0.007995865797279622,2.6470284723851756,0.0,0.0,0.9999999999999997
2016-12-14,-0.010323889986115442,2.619700841646156,0.0,0.0,0.9999999999999997
2016-12-15,0.005247677892441294,2.633448187837672,0.0,0.0,0.9999999999999997
2016-12-16,-0.003278435390751011,2.624814598098956,0.0,0.0,0.9999999999999997
2016-12-19,-0.0005908776891004885,2.623263653714914,0.0,0.0,0.9999999999999997
2016-12-20,0.005365582577127936,2.6373389914704997,0.0,0.0,0.9999999999999997
2016-12-21,-0.00043618562502301117,2.6361886221141075,0.0,0.0,0.9999999999999997
2016-12-22,0.0017801438590252516,2.640881417100996,0.0,0.0,0.9999999999999997
2016-12-23,0.0040180761466894754,2.651492679729285,0.0,0.0,0.9999999999999997
2016-12-27,0.005796724803724063,2.666862653112765,0.0,0.0,0.9999999999999997
2016-12-28,-0.01603876169266294,2.6240894785524262,0.0,0.0,0.9999999999999997
2016-12-29,0.0031106991658207406,2.632252231504398,0.0,0.0,0.9999999999999997
2016-12-30,-0.010941310281127437,2.6034519431013186,0.0,0.0,0.9999999999999997
2017-01-03,0.008632486613872503,2.625926207150001,0.0,0.0,0.9999999999999997
2017-01-04,0.013400249117225371,2.661114272489262,0.00037579428111047267,0.7515885622209453,1.0
2017-01-05,-0.0023485351012370037,2.654864552211918,0.0,0.0,1.0
2017-01-06,0.0012820245659765916,2.658268153787194,0.0,0.0,1.0
2017-01-09,-0.0003954317939621754,2.6572169900423095,0.0,0.0,1.0
2017-01-10,0.007952604545198083,2.6783487859548973,0.0,0.0,1.0
2017-01-11,0.004295846373664647,2.689854560874451,0.0,0.0,1.0
2017-01-12,-0.006647875442367779,2.6719727427956728,0.0,0.0,1.0
2017-01-13,0.0009786795469539644,2.674587747869065,0.0,0.0,1.0
2017-01-17,-0.001300411955973968,2.6711096819844347,0.0,0.0,1.0
2017-01-18,0.005659395960531333,2.6862265493287936,0.0,0.0,1.0
2017-01-19,-0.00643418523153183,2.6689428701365534,0.0,0.0,1.0
2017-01-20,0.0019237244891845418,2.6740771808960693,0.0,0.0,1.0
2017-01-23,-0.005528003981136953,2.6592948715942084,0.0,0.0,1.0
2017-01-24,0.01565450983263661,2.70092482930946,0.0,0.0,1.0
2017-01-25,0.004649678326212214,2.7134832609490287,0.0,0.0,1.0
2017-01-26,7.284963438047853e-05,2.7136809372124864,0.0,0.0,1.0
2017-01-27,0.004542413579797566,2.7260075983529184,0.0,0.0,1.0
2017-01-30,-0.006428649414042531,2.7084830512030913,0.0,0.0,1.0
2017-01-31,0.00265241283910278,2.715667066422595,0.0,0.0,1.0
2017-02-01,-0.004343944883967166,2.7038703583628503,0.0,0.0,1.0
2017-02-02,0.004643986919673493,2.7164270969395803,0.0005606586329128072,1.1213172658256145,0.9999999999999997
2017-02-03,0.0030692489435097947,2.7247644879369837,0.0,0.0,0.9999999999999997
2017-02-06,-0.0006641726037257545,2.722954774012491,0.0,0.0,0.9999999999999997
2017-02-07,-0.0019804516723974652,2.7175620936764355,0.0,0.0,0.9999999999999997
2017-02-08,-0.002783657870351175,2.709997330566205,0.0,0.0,0.9999999999999997
2017-02-09,0.003883172929082246,2.720520718838145,0.0,0.0,0.9999999999999997
2017-02-10,0.002717208258254722,2.727912940202125,0.0,0.0,0.9999999999999997
2017-02-13,0.0033385620886956513,2.737020246925546,0.0,0.0,0.9999999999999997
2017-02-14,-0.00420676134501996,2.7255062559502425,0.0,0.0,0.9999999999999997
2017-02-15,0.002197231681936751,2.731494824645133,0.0,0.0,0.9999999999999997
2017-02-16,-0.006269576386717879,2.714369509192096,0.0,0.0,0.9999999999999997
2017-02-17,-0.0021930868799204806,2.7084166610342306,0.0,0.0,0.9999999999999997
2017-02-21,0.0063090892601971316,2.725504303502501,0.0,0.0,0.9999999999999997
2017-02-22,-0.007282402242441255,2.705656084850891,0.0,0.0,0.9999999999999997
2017-02-23,-0.012572242497129626,2.671639920438311,0.0,0.0,0.9999999999999997
2017-02-24,0.0018762726716285982,2.6766526454094617,0.0,0.0,0.9999999999999997
2017-02-27,0.005464605014972257,2.691279494878905,0.0,0.0,0.9999999999999997
2017-02-28,3.913482650030886e-05,2.691384817635001,0.0,0.0,0.9999999999999997
2017-03-01,0.02303329197903836,2.753376269967539,0.0,0.0,0.9999999999999997
2017-03-02,-0.016363979029459075,2.70832007842558,0.00031916441890944596,0.6383288378188919,0.9999999999999997
2017-03-03,0.0060013627595747465,2.724573689685252,0.0,0.0,0.9999999999999997
2017-03-06,-0.0019091291322276271,2.719372126681373,0.0,0.0,0.9999999999999997
2017-03-07,-0.006792741719342521,2.700900134186047,0.0,0.0,0.9999999999999997
2017-03-08,-0.012222422335873229,2.6678885920590085,0.0,0.0,0.9999999999999997
2017-03-09,-0.002571670076264132,2.661027662800004,0.0,0.0,0.9999999999999997
2017-03-10,0.007323076161758202,2.6805145710432337,0.0,0.0,0.9999999999999997
2017-03-13,0.007783977840169154,2.701379637064485,0.0,0.0,0.9999999999999997
2017-03-14,-0.007246441020275385,2.6818042488511242,0.0,0.0,0.9999999999999997
2017-03-15,0.013013557142558696,2.716704061688705,0.0,0.0,0.9999999999999997
2017-03-16,-0.0029443205904892134,2.708705213981609,0.0,0.0,0.9999999999999997
2017-03-17,0.0012514190248396062,2.712094939219068,0.0,0.0,0.9999999999999997
2017-03-20,0.0028190547498325724,2.7197404833394705,0.0,0.0,0.9999999999999997
2017-03-21,-0.02180118697310185,2.6604469125438723,0.0,0.0,0.9999999999999997
2017-03-22,0.00792389330110077,2.681528010012113,0.0,0.0,0.9999999999999997
2017-03-23,-0.0012972191621578588,2.6780494804936623,0.0,0.0,0.9999999999999997
2017-03-24,0.005928203127144371,2.693925501798572,0.0,0.0,0.9999999999999997
2017-03-27,-0.002950378208441906,2.6859774027028998,0.0,0.0,0.9999999999999997
2017-03-28,0.009635793223620848,2.711858925558663,0.0,0.0,0.9999999999999997
2017-03-29,0.00764198802054783,2.7325829189811977,0.0,0.0,0.9999999999999997
2017-03-30,0.0062372143505158295,2.7496266243774414,0.0,0.0,0.9999999999999997
2017-03-31,-0.00460994047649943,2.7369510093064635,0.0,0.0,0.9999999999999997
2017-04-03,0.001425442524005227,2.740852375661248,0.0,0.0,0.9999999999999997
2017-04-04,0.001121697324063975,2.7439267824366818,0.0003663772211910149,0.7327544423820297,1.0
2017-04-05,-0.009054223339152956,2.719082656522217,0.0,0.0,1.0
2017-04-06,0.007723645315057981,2.7400838865435198,0.0,0.0,1.0
2017-04-07,0.0010442518424156333,2.742945224190416,0.0,0.0,1.0
2017-04-10,-0.003593679536479155,2.73308795806856,0.0,0.0,1.0
2017-04-11,-0.0016089739917468648,2.728690490626871,0.0,0.0,1.0
2017-04-12,-0.00949234505387131,2.702788818944623,0.0,0.0,1.0
2017-04-13,-0.005705033440013607,2.6873693183512493,0.0,0.0,1.0
2017-04-17,0.007594358097431808,2.7077781632948597,0.0,0.0,1.0
2017-04-18,-0.005879425385094561,2.691857983624379,0.0,0.0,1.0
2017-04-19,0.0024083095421818523,2.6983408108925397,0.0,0.0,1.0
2017-04-20,0.008839563483783008,2.722192965791307,0.0,0.0,1.0
2017-04-21,-0.007409857280870291,2.7020219044238045,0.0,0.0,1.0
2017-04-24,0.013112100560934703,2.737451087352458,0.0,0.0,1.0
2017-04-25,0.012753295377045726,2.7723626096496785,0.0,0.0,1.0
2017-04-26,-0.012922070711127609,2.736537943970899,0.0,0.0,1.0
2017-04-27,-0.0005480418776181439,2.735038206577912,0.0,0.0,1.0
2017-04-28,-0.0022051293024246688,2.729007093685336,0.0,0.0,1.0
2017-05-01,0.004458824955361873,2.7411752586180196,0.0,0.0,1.0
2017-05-02,-0.008902520661110969,2.7167718892424464,0.0004665116901055316,0.9330233802110633,0.9999999999999997
2017-05-03,0.0018302054820378277,2.7217441400475844,0.0,0.0,0.9999999999999997
2017-05-04,-0.00016630033009934486,2.7212915130986484,0.0,0.0,0.9999999999999997
2017-05-05,0.0031299093167587166,2.729808908759112,0.0,0.0,0.9999999999999997
2017-05-08,-0.002751248602164358,2.722298525814713,0.0,0.0,0.9999999999999997
2017-05-09,0.008821622375945415,2.746313615404043,0.0,0.0,0.9999999999999997
2017-05-10,0.016303052373958016,2.7910869101112894,0.0,0.0,0.9999999999999997
2017-05-11,3.0292969539491565e-05,2.7911714604220395,0.0,0.0,0.9999999999999997
2017-05-12,0.0026051629309151725,2.798442916844559,0.0,0.0,0.9999999999999997
2017-05-15,0.010311969758257877,2.827300375573271,0.0,0.0,0.9999999999999997
2017-05-16,0.012242273752628652,2.861912960751949,0.0,0.0,0.9999999999999997
2017-05-17,-0.040924271282008595,2.7447912583606398,0.0,0.0,0.9999999999999997
2017-05-18,0.013713493670746368,2.7824319359096883,0.0,0.0,0.9999999999999997
2017-05-19,0.012380692772886226,2.8168803708696535,0.0,0.0,0.9999999999999997
2017-05-22,0.010513796082306737,2.8464964766772294,0.0,0.0,0.9999999999999997
2017-05-23,0.0007117879504043856,2.848522578570197,0.0,0.0,0.9999999999999997
2017-05-24,0.0036297453074041197,2.858861990032797,0.0,0.0,0.9999999999999997
2017-05-25,0.004977669162285148,2.8730924591998126,0.0,0.0,0.9999999999999997
2017-05-26,0.0014807360418258586,2.8773467507556476,0.0,0.0,0.9999999999999997
2017-05-30,0.0047029276821968224,2.8908787044410555,0.0,0.0,0.9999999999999997
2017-05-31,-0.0003252271943391394,2.8899385120708354,0.0,0.0,0.9999999999999997
2017-06-01,0.004999058602958462,2.904385484051624,0.0,0.0,0.9999999999999997
2017-06-02,0.005382757496490198,2.9200190867886002,0.000417988285485606,0.835976570971212,0.9999999999999997
2017-06-05,-0.0037553083667810627,2.9090535146808225,0.0,0.0,0.9999999999999997
2017-06-06,0.0032404927818185936,2.91848028159707,0.0,0.0,0.9999999999999997
2017-06-07,0.004877491422231595,2.9327151441365116,0.0,0.0,0.9999999999999997
2017-06-08,0.008894801511564188,2.9588010632335644,0.0,0.0,0.9999999999999997
2017-06-09,-0.01775252955212292,2.906274859919658,0.0,0.0,0.9999999999999997
2017-06-12,-0.004518084896352748,2.8931440633704053,0.0,0.0,0.9999999999999997
2017-06-13,0.007674208746926148,2.91534665484764,0.0,0.0,0.9999999999999997
2017-06-14,-0.012062963624673517,2.8801789341968993,0.0,0.0,0.9999999999999997
2017-06-15,-0.004653999792624375,2.866774582034426,0.0,0.0,0.9999999999999997
2017-06-16,-0.0001732890161298961,2.866277801487639,0.0,0.0,0.9999999999999997
2017-06-19,0.020198268591417268,2.9241716503797037,0.0,0.0,0.9999999999999997
2017-06-20,-0.0058045874647356666,2.9071980402731743,0.0,0.0,0.9999999999999997
2017-06-21,0.006956191408951984,2.927421066305045,0.0,0.0,0.9999999999999997
2017-06-22,0.001210561264719967,2.9309648888534388,0.0,0.0,0.9999999999999997
2017-06-23,0.004260121131619776,2.943451154312479,0.0,0.0,0.9999999999999997
2017-06-26,-0.0017420446533893408,2.938323530966596,0.0,0.0,0.9999999999999997
2017-06-27,-0.013947494761556545,2.897341278910681,0.0,0.0,0.9999999999999997
2017-06-28,0.013189200238212573,2.9355548931966733,0.0,0.0,0.9999999999999997
2017-06-29,-0.01626646364437445,2.887803796250424,0.0,0.0,0.9999999999999997
2017-06-30,-2.1827975122845622e-05,2.887740761341,0.0,0.0,0.9999999999999997
2017-07-03,-0.005365311334363243,2.8722471331034742,0.0,0.0,0.9999999999999997
2017-07-05,0.016195671886001684,2.918765105246727,0.00042521138453424965,0.8504227690684992,0.9999999999999999
2017-07-06,-0.008195845422461545,2.89484335761965,0.0,0.0,0.9999999999999999
2017-07-07,0.013043819476784568,2.9326031717900096,0.0,0.0,0.9999999999999999
2017-07-10,0.006549242356776563,2.9518095006983143,0.0,0.0,0.9999999999999999
2017-07-11,0.0036126307348849362,2.962473298424062,0.0,0.0,0.9999999999999999
2017-07-12,0.010261843325391595,2.992873735268146,0.0,0.0,0.9999999999999999
2017-07-13,-0.003696839833368437,2.9818095604273642,0.0,0.0,0.9999999999999999
2017-07-14,0.009910497068964075,3.011360775336189,0.0,0.0,0.9999999999999999
2017-07-17,-0.0019430433816776116,3.0055095707118284,0.0,0.0,0.9999999999999999
2017-07-18,0.00011903798502221896,3.005867340515091,0.0,0.0,0.9999999999999999
2017-07-19,0.0005230527607462676,3.0074395677259846,0.0,0.0,0.9999999999999999
2017-07-20,-0.003744001335114544,2.9961797099691423,0.0,0.0,0.9999999999999999
2017-07-21,-0.003157140965145855,2.98672034826786,0.0,0.0,0.9999999999999999
2017-07-24,0.0011639413955659705,2.9901967157181883,0.0,0.0,0.9999999999999999
2017-07-25,-0.007136356886195516,2.9688576047948936,0.0,0.0,0.9999999999999999
2017-07-26,0.0030095535236187576,2.9777925406605266,0.0,0.0,0.9999999999999999
2017-07-27,-0.012332946089383734,2.9410675857911914,0.0,0.0,0.9999999999999999
2017-07-28,-0.0077821722893948175,2.91817969112381,0.0,0.0,0.9999999999999999
2017-07-31,-0.006950152758677275,2.89789789649323,0.0,0.0,0.9999999999999999
2017-08-01,0.0025791570688711296,2.9053720303378374,0.0,0.0,0.9999999999999999
2017-08-02,-0.0012574283692358135,2.9017187331237064,0.0003337467636439653,0.6674935272879305,1.0
2017-08-03,0.0018799918603802368,2.9071739407230917,0.0,0.0,1.0
2017-08-04,0.0022354134145281535,2.9136726763485505,0.0,0.0,1.0
2017-08-07,0.007951257766216635,2.93684003884458,0.0,0.0,1.0
2017-08-08,-0.001584337935452651,2.9321870917606825,0.0,0.0,1.0
2017-08-09,-0.002943496808084256,2.923556208415379,0.0,0.0,1.0
2017-08-10,-0.02616164862650039,2.8470711581509924,0.0,0.0,1.0
2017-08-11,0.004573585766916688,2.860092482277311,0.0,0.0,1.0
2017-08-14,0.01966082429278626,2.916324258032484,0.0,0.0,1.0
2017-08-15,0.005470551659480405,2.9322781605418466,0.0,0.0,1.0
2017-08-16,0.004495006622676767,2.945458770293013,0.0,0.0,1.0
2017-08-17,-0.025311951342194328,2.8709034612189166,0.0,0.0,1.0
2017-08-18,-0.0002246887303399836,2.8702584015652866,0.0,0.0,1.0
2017-08-21,-0.0020566830189275853,2.864355189850853,0.0,0.0,1.0
2017-08-22,0.014522855447244076,2.9059538062226205,0.0,0.0,1.0
2017-08-23,-0.00870002341291054,2.880671940071647,0.0,0.0,1.0
2017-08-24,-0.005309157837490641,2.8653779980637766,0.0,0.0,1.0
2017-08-25,0.008481578221316122,2.8896809256879927,0.0,0.0,1.0
2017-08-28,0.0019505609073069419,2.89531742433623,0.0,0.0,1.0
2017-08-29,-0.005087660884370959,2.880587031128597,0.0,0.0,1.0
2017-08-30,0.005914946536131671,2.897625549410397,0.0,0.0,1.0
2017-08-31,0.004290831345723722,2.9100587719459767,0.0,0.0,1.0
2017-09-01,0.007240808796630027,2.9311299511005933,0.0,0.0,1.0
2017-09-05,-0.013032702935547258,2.892929405182414,0.00046241010815112316,0.9248202163022463,0.9999999999999996
2017-09-06,0.002428449762903684,2.8999547389105262,0.0,0.0,0.9999999999999996
2017-09-07,0.006048178127466386,2.9174941817330473,0.0,0.0,0.9999999999999996
2017-09-08,-0.0028889949558891237,2.909065555758185,0.0,0.0,0.9999999999999996
2017-09-11,0.013352521649058868,2.9479089165699777,0.0,0.0,0.9999999999999996
2017-09-12,0.004530467285104978,2.9612643214759675,0.0,0.0,0.9999999999999996
2017-09-13,0.0005742551886158687,2.962964842877438,0.0,0.0,0.9999999999999996
2017-09-14,-0.002549313796415986,2.955411315725195,0.0,0.0,0.9999999999999996
2017-09-15,0.005380181366898551,2.971311964617581,0.0,0.0,0.9999999999999996
2017-09-18,0.006231096151859017,2.9898264951662825,0.0,0.0,0.9999999999999996
2017-09-19,0.0004604408978008401,2.9912031335619855,0.0,0.0,0.9999999999999996
2017-09-20,-0.0015179938249519909,2.9866625056760614,0.0,0.0,0.9999999999999996
2017-09-21,-0.0006755705842322879,2.984644804342197,0.0,0.0,0.9999999999999996
2017-09-22,0.00044643643821862256,2.985977258537995,0.0,0.0,0.9999999999999996
2017-09-25,-0.011403645645085558,2.951926231977344,0.0,0.0,0.9999999999999996
2017-09-26,0.004682192004131114,2.9657477173774933,0.0,0.0,0.9999999999999996
2017-09-27,0.012626982587450097,3.0031961621635888,0.0,0.0,0.9999999999999996
2017-09-28,0.0052236627392461266,3.0188838460545298,0.0,0.0,0.9999999999999996
2017-09-29,0.007059099953913295,3.0401944488730828,0.0,0.0,0.9999999999999996
2017-10-02,-8.284655219570336e-05,3.0399425792449892,0.0,0.0,0.9999999999999996
2017-10-03,0.005609078196032513,3.0569938548834235,0.00027479875575220434,0.5495975115044086,0.9999999999999999
2017-10-04,-0.0016302113190307388,3.052010308898985,0.0,0.0,0.9999999999999999
2017-10-05,0.005437893569299357,3.0686068161311826,0.0,0.0,0.9999999999999999
2017-10-06,-5.852997340916044e-05,3.0684272106558312,0.0,0.0,0.9999999999999999
2017-10-09,0.004963265885699952,3.0836566307532327,0.0,0.0,0.9999999999999999
2017-10-10,0.004127918527049301,3.0963857140903777,0.0,0.0,0.9999999999999999
2017-10-11,0.003721359840823224,3.107908479538492,0.0,0.0,0.9999999999999999
2017-10-12,0.000495325572983818,3.109447906086901,0.0,0.0,0.9999999999999999
2017-10-13,0.005669072996898006,3.1270755932465595,0.0,0.0,0.9999999999999999
2017-10-16,0.00852122987504389,3.1537221232132526,0.0,0.0,0.9999999999999999
2017-10-17,-0.0029754456331877455,3.14433839449345,0.0,0.0,0.9999999999999999
2017-10-18,0.002686574494234595,3.152785893825339,0.0,0.0,0.9999999999999999
2017-10-19,-0.002837930542727518,3.1438385064425716,0.0,0.0,0.9999999999999999
2017-10-20,0.005202591854892358,3.1601946150492863,0.0,0.0,0.9999999999999999
2017-10-23,-0.0011300753584456702,3.1566233569869264,0.0,0.0,0.9999999999999999
2017-10-24,0.00796290978260572,3.181759263996279,0.0,0.0,0.9999999999999999
2017-10-25,-0.01732648861777375,3.1266305483241514,0.0,0.0,0.9999999999999999
2017-10-26,0.005457151194310228,3.1436930439551056,0.0,0.0,0.9999999999999999
2017-10-27,0.015086462109311416,3.1911202499460405,0.0,0.0,0.9999999999999999
2017-10-30,-0.007545986615143385,3.1670400992526346,0.0,0.0,0.9999999999999999
2017-10-31,0.009093984415268874,3.1958411125577695,0.0,0.0,0.9999999999999999
2017-11-01,-0.002335512370207793,3.1883771861061723,0.0,0.0,0.9999999999999999
2017-11-02,0.0013250929446331217,3.1926020822203105,0.00041433360254983996,0.82866720509968,0.9999999999999997
2017-11-03,0.00348517943303861,3.203728873335141,0.0,0.0,0.9999999999999998
2017-11-06,0.003840321191953322,3.216032221220683,0.0,0.0,0.9999999999999998
2017-11-07,0.0030614981408276787,3.225878097886792,0.0,0.0,0.9999999999999998
2017-11-08,0.0010083645624925364,3.229130959043622,0.0,0.0,0.9999999999999998
2017-11-09,-0.009822418727468585,3.197413082638063,0.0,0.0,0.9999999999999997
2017-11-10,0.003293132170129498,3.2079425865216913,0.0,0.0,0.9999999999999998
2017-11-13,0.002125611983845088,3.2147614277270886,0.0,0.0,0.9999999999999998
2017-11-14,0.003564315584976052,3.226219851985916,0.0,0.0,0.9999999999999998
2017-11-15,-0.006609814033169181,3.2048951387341704,0.0,0.0,0.9999999999999998
2017-11-16,0.015414169178026738,3.2542959346004547,0.0,0.0,0.9999999999999998
2017-11-17,-0.003134844415699223,3.24409422316284,0.0,0.0,0.9999999999999998
2017-11-20,0.005184827473479814,3.260914292017652,0.0,0.0,0.9999999999999998
2017-11-21,0.012379280726696251,3.3012820654642345,0.0,0.0,0.9999999999999998
2017-11-22,-0.0007444520510372366,3.2988244192595473,0.0,0.0,0.9999999999999998
2017-11-24,0.0012161977656610645,3.3028364421475587,0.0,0.0,0.9999999999999998
2017-11-27,-0.005829659354314343,3.283582030786823,0.0,0.0,0.9999999999999998
2017-11-28,0.008860989725387958,3.3126778174240936,0.0,0.0,0.9999999999999998
2017-11-29,-0.006730502882544509,3.2903818298249794,0.0,0.0,0.9999999999999998
2017-11-30,0.010417200154350326,3.3246583959305034,0.0,0.0,0.9999999999999998
2017-12-01,-0.008661801974696903,3.29586086327144,0.0,0.0,0.9999999999999998
2017-12-04,-0.01842337929808935,3.235139968473662,0.0004190676274830002,0.8381352549660005,0.9999999999999999
2017-12-05,0.0024005035453664725,3.2429059334377395,0.0,0.0,0.9999999999999999
2017-12-06,0.0002601104720008074,3.24374944723074,0.0,0.0,0.9999999999999999
2017-12-07,0.01260821980721194,3.2846473532609473,0.0,0.0,0.9999999999999999
2017-12-08,0.004621246085412922,3.2998265169841665,0.0,0.0,0.9999999999999999
2017-12-11,-0.0005006560992238951,3.2981744387120577,0.0,0.0,0.9999999999999999
2017-12-12,-0.004638664954908944,3.2828753125280277,0.0,0.0,0.9999999999999999
2017-12-13,0.005070536484263366,3.299521251573488,0.0,0.0,0.9999999999999999
2017-12-14,-0.003485172759449151,3.2880218499882807,0.0,0.0,0.9999999999999999
2017-12-15,0.009350808210026651,3.318767511697898,0.0,0.0,0.9999999999999999
2017-12-18,0.00905676723151183,3.3488248165468497,0.0,0.0,0.9999999999999999
2017-12-19,-0.0033105205161382267,3.3377384632867186,0.0,0.0,0.9999999999999999
2017-12-20,0.004958967632263889,3.35429020029112,0.0,0.0,0.9999999999999999
2017-12-21,-0.005828415951830368,3.3347400017806748,0.0,0.0,0.9999999999999999
2017-12-22,0.0014968389134790705,3.3397315703816757,0.0,0.0,0.9999999999999999
2017-12-26,-0.001924336631139223,3.333304802582618,0.0,0.0,0.9999999999999999
2017-12-27,0.004361737914794217,3.347843804521608,0.0,0.0,0.9999999999999999
2017-12-28,0.0008879867827691346,3.3508166455707986,0.0,0.0,0.9999999999999999
2017-12-29,-0.007478824495750547,3.325756475961135,0.0,0.0,0.9999999999999999
2018-01-02,0.012543009491279067,3.3674714710047984,0.0,0.0,0.9999999999999999
2018-01-03,0.013002729920901457,3.4112577930586143,0.00031787199823201436,0.6357439964640287,0.9999999999999998
2018-01-04,0.0013716269245718227,3.4159367660942292,0.0,0.0,0.9999999999999998
2018-01-05,0.011852382809914852,3.456423756300441,0.0,0.0,0.9999999999999998
2018-01-08,0.005609783344447727,3.4758135447198883,0.0,0.0,0.9999999999999998
2018-01-09,0.0013241944254731575,3.4804161976397907,0.0,0.0,0.9999999999999998
2018-01-10,-0.00039289939300413135,3.4790487442283364,0.0,0.0,0.9999999999999998
2018-01-11,0.00801501159502882,3.5069333602529973,0.0,0.0,0.9999999999999998
2018-01-12,0.008019226643996014,3.5350562536942562,0.0,0.0,0.9999999999999998
2018-01-16,-0.0008018950357082666,3.5322215096334695,0.0,0.0,0.9999999999999998
2018-01-17,0.01942853237800879,3.6008473895996826,0.0,0.0,0.9999999999999998
2018-01-18,-0.002768564515395866,3.590878211291481,0.0,0.0,0.9999999999999998
2018-01-19,0.004628711083668691,3.60749934906819,0.0,0.0,0.9999999999999998
2018-01-22,0.009851899524368157,3.6430400701894334,0.0,0.0,0.9999999999999998
2018-01-23,0.000648477498504274,3.6454024997011008,0.0,0.0,0.9999999999999998
2018-01-24,-1.1342893751042915e-05,3.645361150287867,0.0,0.0,0.9999999999999998
2018-01-25,-0.0017472548332542193,3.6389917753990693,0.0,0.0,0.9999999999999998
2018-01-26,0.0033940549272188925,3.6513427133644716,0.0,0.0,0.9999999999999998
2018-01-29,-0.016982164201545302,3.5893350118500003,0.0,0.0,0.9999999999999998
2018-01-30,-0.008613684996286564,3.558417610711782,0.0,0.0,0.9999999999999998
2018-01-31,0.001884184472420447,3.5651223259202727,0.0,0.0,0.9999999999999998
2018-02-01,-0.0019570587570634235,3.558145172052328,0.0,0.0,0.9999999999999998
2018-02-02,-0.024523203715928532,3.4708880531472412,0.0003225539960223509,0.6451079920447018,0.9999999999999999
2018-02-05,-0.03831336628764992,3.337906647823583,0.0,0.0,0.9999999999999999
2018-02-06,0.025451730162697084,3.422862147132262,0.0,0.0,0.9999999999999999
2018-02-07,-0.0027646401099790108,3.413399165149371,0.0,0.0,0.9999999999999999
2018-02-08,-0.042852906626765,3.2671250894453476,0.0,0.0,0.9999999999999999
2018-02-09,0.010582196704616909,3.301698449800447,0.0,0.0,0.9999999999999999
2018-02-12,0.013773956163782852,3.347175899514028,0.0,0.0,0.9999999999999999
2018-02-13,0.005252770749596847,3.3647578471727506,0.0,0.0,0.9999999999999999
2018-02-14,0.022000412459831864,3.4387839076380073,0.0,0.0,0.9999999999999999
2018-02-15,0.004962997757558263,3.455850584460342,0.0,0.0,0.9999999999999999
2018-02-16,0.0011121918921506158,3.459694153460863,0.0,0.0,0.9999999999999999
2018-02-20,-0.008626642539903417,3.4298486087015623,0.0,0.0,0.9999999999999999
2018-02-21,-0.004965875648462181,3.4128164070176994,0.0,0.0,0.9999999999999999
2018-02-22,0.00415653956228379,3.4270019134322793,0.0,0.0,0.9999999999999999
2018-02-23,0.019041622729143448,3.4922575909599094,0.0,0.0,0.9999999999999999
2018-02-26,0.011233631288877222,3.531488325102536,0.0,0.0,0.9999999999999999
2018-02-27,-0.016518962775443624,3.4731518009182536,0.0,0.0,0.9999999999999999
2018-02-28,-0.01343430077068053,3.426492435002487,0.0,0.0,0.9999999999999999
2018-03-01,-0.010854761826205483,3.38929867572124,0.0,0.0,0.9999999999999999
2018-03-02,0.0027826318247439197,3.3987298460798643,0.0003641766247650563,0.7283532495301125,0.9999999999999998
2018-03-05,0.011121790173163504,3.436529806283233,0.0,0.0,0.9999999999999998
2018-03-06,0.005092182766194053,3.4540292441383005,0.0,0.0,0.9999999999999998
2018-03-07,-0.007776815741826759,3.427167895139756,0.0,0.0,0.9999999999999998
2018-03-08,0.01149741603981802,3.466571470268485,0.0,0.0,0.9999999999999998
2018-03-09,0.02097461148611557,3.5392814600462192,0.0,0.0,0.9999999999999998
2018-03-12,0.002097125493223162,3.5467037774237746,0.0,0.0,0.9999999999999998
2018-03-13,-0.006803336656990733,3.52257435760334,0.0,0.0,0.9999999999999998
2018-03-14,-0.0051077567629457254,3.5045819046053124,0.0,0.0,0.9999999999999998
2018-03-15,-0.0035197514170908217,3.492246647480267,0.0,0.0,0.9999999999999998
2018-03-16,0.005662851376538436,3.5120227212151622,0.0,0.0,0.9999999999999998
2018-03-19,-0.014198078896144772,3.462158745534296,0.0,0.0,0.9999999999999998
2018-03-20,0.01134618144843258,3.501441026864406,0.0,0.0,0.9999999999999998
2018-03-21,-0.0017499465557403449,3.495313692199317,0.0,0.0,0.9999999999999998
2018-03-22,-0.03168440801676131,3.384566747029101,0.0,0.0,0.9999999999999998
2018-03-23,-0.01827094867612078,3.3227275017032274,0.0,0.0,0.9999999999999998
2018-03-26,0.026185289143084267,3.4097340820790047,0.0,0.0,0.9999999999999998
2018-03-27,-0.0217685865588797,3.3355089905705055,0.0,0.0,0.9999999999999998
2018-03-28,-0.0037217542260684633,3.3230950458887603,0.0,0.0,0.9999999999999998
2018-03-29,0.01785624886420112,3.3824330580275435,0.0,0.0,0.9999999999999998
2018-04-02,-0.02160820307889244,3.309344757608925,0.0,0.0,0.9999999999999998
2018-04-03,0.011428589629557617,3.3471659007863654,0.0002287154707324627,0.45743094146492536,0.9999999999999998
2018-04-04,0.013072765074662485,3.3909226142732667,0.0,0.0,0.9999999999999998
2018-04-05,0.005086052340255165,3.4081690241712153,0.0,0.0,0.9999999999999998
2018-04-06,-0.023918906506233073,3.3266493479246244,0.0,0.0,0.9999999999999998
2018-04-09,-0.0013770832967453517,3.3220682746734687,0.0,0.0,0.9999999999999998
2018-04-10,0.02122310028344132,3.3925728628153027,0.0,0.0,0.9999999999999998
2018-04-11,-0.004772283101451613,3.376382544671646,0.0,0.0,0.9999999999999998
2018-04-12,0.01125418575631576,3.4143809810137626,0.0,0.0,0.9999999999999998
2018-04-13,-0.0064046139875592045,3.392513188823906,0.0,0.0,0.9999999999999998
2018-04-16,0.008345521887709761,3.42082548189558,0.0,0.0,0.9999999999999998
2018-04-17,0.01473655333084789,3.4712366590450574,0.0,0.0,0.9999999999999998
2018-04-18,0.009886523609678344,3.505555122229487,0.0,0.0,0.9999999999999998
2018-04-19,-0.014071983567042645,3.4562250081561117,0.0,0.0,0.9999999999999998
2018-04-20,-0.00997705724785325,3.421742053388276,0.0,0.0,0.9999999999999998
2018-04-23,-0.0022627523817406736,3.4139994984072697,0.0,0.0,0.9999999999999998
2018-04-24,-0.02455247413702777,3.3301773640187995,0.0,0.0,0.9999999999999998
2018-04-25,0.008164166523222605,3.357365486570515,0.0,0.0,0.9999999999999998
2018-04-26,0.016855503572994923,3.4139555725252544,0.0,0.0,0.9999999999999998
2018-04-27,-0.004434120589828283,3.398817681828361,0.0,0.0,0.9999999999999998
2018-04-30,-0.011460823311581492,3.359864432908647,0.0,0.0,0.9999999999999998
2018-05-01,6.21259375337413e-05,3.3600731676365276,0.0,0.0,0.9999999999999998
2018-05-02,-0.00483987830229804,3.34381082241835,0.0005206988114806008,1.0413976229612016,0.9999999999999998
2018-05-03,0.0036174439175076234,3.355906870539203,0.0,0.0,0.9999999999999998
2018-05-04,0.01195788163709266,3.3960364076822165,0.0,0.0,0.9999999999999998
2018-05-07,0.004035671346125813,3.4097416945031,0.0,0.0,0.9999999999999998
2018-05-08,0.002607489376468264,3.4186325597480174,0.0,0.0,0.9999999999999998
2018-05-09,0.017995544178297074,3.4801527130063277,0.0,0.0,0.9999999999999998
2018-05-10,0.011987555928103744,3.521871238291833,0.0,0.0,0.9999999999999998
2018-05-11,0.0011303007379226404,3.525852011951343,0.0,0.0,0.9999999999999998
2018-05-14,0.0025994531350816974,3.535017299017644,0.0,0.0,0.9999999999999998
2018-05-15,-0.00011296011956607455,3.534617983040879,0.0,0.0,0.9999999999999998
2018-05-16,0.015072642807647751,3.5878940173607425,0.0,0.0,0.9999999999999998
2018-05-17,0.003052019189626831,3.598844338752075,0.0,0.0,0.9999999999999998
2018-05-18,0.0014874993334561548,3.6041976173071815,0.0,0.0,0.9999999999999998
2018-05-21,0.013138319487329575,3.6515507170988353,0.0,0.0,0.9999999999999998
2018-05-22,-0.004489739782764457,3.6351562045754946,0.0,0.0,0.9999999999999998
2018-05-23,0.0013181677270959202,3.6399479501673184,0.0,0.0,0.9999999999999998
2018-05-24,0.0023905736644216358,3.648649513876854,0.0,0.0,0.9999999999999998
2018-05-25,-0.009100904088026773,3.6154435046002353,0.0,0.0,0.9999999999999998
2018-05-29,-0.010393271067092091,3.5778672202291677,0.0,0.0,0.9999999999999998
2018-05-30,0.014465059040384087,3.629621280808437,0.0,0.0,0.9999999999999998
2018-05-31,-0.020738545605795466,3.5543482143446257,0.0,0.0,0.9999999999999998
2018-06-01,0.014827472197505909,3.6070502136730758,0.0,0.0,0.9999999999999998
2018-06-04,0.005101983696180978,3.625453325054542,0.0005545361005440242,1.1090722010880483,0.9999999999999999
2018-06-05,0.005396711691113776,3.6450188513994513,0.0,0.0,0.9999999999999999
2018-06-06,0.010255591984958734,3.682400677516887,0.0,0.0,0.9999999999999999
2018-06-07,-0.004485174734300323,3.6658844670365176,0.0,0.0,0.9999999999999999
2018-06-08,0.0012395609026509824,3.670428554095492,0.0,0.0,0.9999999999999999
2018-06-11,0.006270775483164792,3.693444987485222,0.0,0.0,0.9999999999999999
2018-06-12,-0.0021219836460226738,3.685607557624294,0.0,0.0,0.9999999999999999
2018-06-13,-0.0015356990714739949,3.679947573520233,0.0,0.0,0.9999999999999999
2018-06-14,0.002164388799537731,3.687912410831246,0.0,0.0,0.9999999999999999
2018-06-15,-0.008073020053883995,3.658139819981638,0.0,0.0,0.9999999999999999
2018-06-18,-0.0005079708297635044,3.656281591661891,0.0,0.0,0.9999999999999999
2018-06-19,-0.005907207156623628,3.6346831788769944,0.0,0.0,0.9999999999999999
2018-06-20,0.005097232322101908,3.6532100034569663,0.0,0.0,0.9999999999999999
2018-06-21,-0.01297851971525621,3.6057967454031288,0.0,0.0,0.9999999999999999
2018-06-22,0.005911828534514552,3.627113597492263,0.0,0.0,0.9999999999999999
2018-06-25,-0.02432930510913811,3.53886844411337,0.0,0.0,0.9999999999999999
2018-06-26,0.0069400196220121835,3.5634282605552365,0.0,0.0,0.9999999999999999
2018-06-27,-0.00307526212924103,3.5524697845752837,0.0,0.0,0.9999999999999999
2018-06-28,0.005734715815037816,3.5728421892313316,0.0,0.0,0.9999999999999999
2018-06-29,0.0057657238724602156,3.593442210734316,0.0,0.0,0.9999999999999999
2018-07-02,-0.0013145233741465034,3.5887185469546607,0.0,0.0,0.9999999999999999
2018-07-03,-0.007530106783002366,3.561695113081951,0.00027166181942304485,0.5433236388460897,0.9999999999999999
2018-07-05,0.004870628115912767,3.5790428054400376,0.0,0.0,0.9999999999999999
2018-07-06,0.009632640097169132,3.613518436677204,0.0,0.0,0.9999999999999999
2018-07-09,0.015214545875960939,3.6684964787056598,0.0,0.0,0.9999999999999999
2018-07-10,0.0038157310084299123,3.682494474473773,0.0,0.0,0.9999999999999999
2018-07-11,-0.014483453718998063,3.6291592361822658,0.0,0.0,0.9999999999999999
2018-07-12,0.009701318020904681,3.6643668640809737,0.0,0.0,0.9999999999999999
2018-07-13,0.0024500842531713918,3.673344871632502,0.0,0.0,0.9999999999999999
2018-07-16,-0.005843392688605342,3.6518800750668787,0.0,0.0,0.9999999999999999
2018-07-17,0.0028625989200969926,3.6623339430260886,0.0,0.0,0.9999999999999999
2018-07-18,0.007478548153202036,3.689722883772115,0.0,0.0,0.9999999999999999
2018-07-19,-0.006217618445672035,3.6667815947105553,0.0,0.0,0.9999999999999999
2018-07-20,-0.0016790496115547393,3.6606248864983004,0.0,0.0,0.9999999999999999
2018-07-23,0.0020819636926869833,3.6682461746045365,0.0,0.0,0.9999999999999999
2018-07-24,-0.0009178676713677003,3.6648792100302487,0.0,0.0,0.9999999999999999
2018-07-25,0.012519951115387062,3.7107633185836257,0.0,0.0,0.9999999999999999
2018-07-26,0.004821253217457189,3.7286538481725695,0.0,0.0,0.9999999999999999
2018-07-27,-0.011848492775883845,3.6844749199887254,0.0,0.0,0.9999999999999999
2018-07-30,-0.01071617099143185,3.644991456732484,0.0,0.0,0.9999999999999999
2018-07-31,0.007417507551457314,3.6720282083877946,0.0,0.0,0.9999999999999999
2018-08-01,-0.00945561057315325,3.637306939635646,0.0,0.0,0.9999999999999999
2018-08-02,0.01363566056652088,3.6869040224407685,0.0004692001681110123,0.9384003362220246,0.9999999999999998
2018-08-03,0.0002825068891014748,3.6879455982265643,0.0,0.0,0.9999999999999998
2018-08-06,0.006521542250826906,3.71199669126415,0.0,0.0,0.9999999999999998
2018-08-07,0.006294724066050028,3.735362686169749,0.0,0.0,0.9999999999999998
2018-08-08,0.0017722595596856294,3.741982718399206,0.0,0.0,0.9999999999999998
2018-08-09,-0.004733227504520654,3.724271062875038,0.0,0.0,0.9999999999999998
2018-08-10,-0.0017863012548662294,3.7176183928019624,0.0,0.0,0.9999999999999998
2018-08-13,-0.009615778572849676,3.6818705975184254,0.0,0.0,0.9999999999999998
2018-08-14,0.014004941066363186,3.733434978250646,0.0,0.0,0.9999999999999998
2018-08-15,-0.014590735947222155,3.678961414306868,0.0,0.0,0.9999999999999998
2018-08-16,0.001605079620940586,3.6848664402991984,0.0,0.0,0.9999999999999998
2018-08-17,0.004690771519525461,3.7021513068506087,0.0,0.0,0.9999999999999998
2018-08-20,0.014280408027334879,3.755019538091366,0.0,0.0,0.9999999999999998
2018-08-21,0.007287424472601334,3.7823839593683495,0.0,0.0,0.9999999999999998
2018-08-22,0.005950094885930346,3.804889502821612,0.0,0.0,0.9999999999999998
2018-08-23,0.002212572552014791,3.8133080968990045,0.0,0.0,0.9999999999999998
2018-08-24,0.00559878386165491,3.834657984731441,0.0,0.0,0.9999999999999998
2018-08-27,0.0027389143769094293,3.8451607846163527,0.0,0.0,0.9999999999999998
2018-08-28,-0.00011179304240060972,3.8447309223937207,0.0,0.0,0.9999999999999998
2018-08-29,0.0026468845422900067,3.8549074812414688,0.0,0.0,0.9999999999999998
2018-08-30,-0.0032702223873547487,3.8423010764951315,0.0,0.0,0.9999999999999998
2018-08-31,0.0022683714064175575,3.8510168423919007,0.0,0.0,0.9999999999999998
2018-09-04,0.003519296514085113,3.8645697125410132,0.0,0.0,0.9999999999999998
2018-09-05,-0.009672129211715785,3.8271910949336334,0.00021797185618326384,0.4359437123665277,0.9999999999999998
2018-09-06,-0.003772153934200606,3.812754340987942,0.0,0.0,0.9999999999999998
2018-09-07,-0.0037755424139299665,3.7983591252596463,0.0,0.0,0.9999999999999998
2018-09-10,0.004010981599285701,3.8135942738185413,0.0,0.0,0.9999999999999998
2018-09-11,0.003481371458463167,3.826870812077572,0.0,0.0,0.9999999999999998
2018-09-12,0.0017360194532132223,3.833514334252272,0.0,0.0,0.9999999999999998
2018-09-13,-0.0035056320257834672,3.8200754436308175,0.0,0.0,0.9999999999999998
2018-09-14,-0.0029325973924254622,3.8088727003459573,0.0,0.0,0.9999999999999998
2018-09-17,-0.0072411440319556375,3.7812921045233683,0.0,0.0,0.9999999999999998
2018-09-18,0.012914959933832293,3.8301273405514036,0.0,0.0,0.9999999999999998
2018-09-19,-0.00477060489560488,3.811855316309779,0.0,0.0,0.9999999999999998
2018-09-20,0.0041504667179523835,3.827676294933773,0.0,0.0,0.9999999999999998
2018-09-21,0.0038059473885645456,3.8422442295327466,0.0,0.0,0.9999999999999998
2018-09-24,0.004162721308183404,3.8582384214582675,0.0,0.0,0.9999999999999998
2018-09-25,0.00276186281801305,3.8688943466975227,0.0,0.0,0.9999999999999998
2018-09-26,-0.000464944133783618,3.8670955269667973,0.0,0.0,0.9999999999999998
2018-09-27,0.0004800526830452956,3.8689519365501104,0.0,0.0,0.9999999999999998
2018-09-28,0.0015260481988850216,3.8748561436844553,0.0,0.0,0.9999999999999998
2018-10-01,0.001960243357976177,3.882451804703226,0.0,0.0,0.9999999999999998
2018-10-02,-0.006875112252006321,3.8557595127328868,0.00026972379800139254,0.5394475960027851,0.9999999999999999
2018-10-03,0.006701707443109717,3.8815996849582097,0.0,0.0,0.9999999999999999
2018-10-04,-0.010999991746038384,3.838902120462244,0.0,0.0,0.9999999999999999
2018-10-05,-0.00677306943323619,3.8129009698529557,0.0,0.0,0.9999999999999999
2018-10-08,-0.0016936489587729975,3.8064432540954596,0.0,0.0,0.9999999999999999
2018-10-09,-0.002650309598738243,3.796355001002078,0.0,0.0,0.9999999999999999
2018-10-10,-0.03858906315944488,3.6498572180927344,0.0,0.0,0.9999999999999999
2018-10-11,-0.018265064739581005,3.5831923397140435,0.0,0.0,0.9999999999999999
2018-10-12,0.017283049991094313,3.6451208320490274,0.0,0.0,0.9999999999999999
2018-10-15,-0.008626054795635496,3.61367782001506,0.0,0.0,0.9999999999999999
2018-10-16,0.010844559221971695,3.652866563143339,0.0,0.0,0.9999999999999999
2018-10-17,-0.005951385583115365,3.6311269457424036,0.0,0.0,0.9999999999999999
2018-10-18,-0.00808165278056705,3.6017814385647524,0.0,0.0,0.9999999999999999
2018-10-19,-0.017039966843283016,3.540407202274857,0.0,0.0,0.9999999999999999
2018-10-22,0.006489709373849184,3.563383416082703,0.0,0.0,0.9999999999999999
2018-10-23,-0.014161814507038906,3.512919441126681,0.0,0.0,0.9999999999999999
2018-10-24,-0.03692718020206054,3.3831972318888743,0.0,0.0,0.9999999999999999
2018-10-25,0.02017311257809884,3.451446850521681,0.0,0.0,0.9999999999999999
2018-10-26,-0.012711123637457522,3.4075750828765865,0.0,0.0,0.9999999999999999
2018-10-29,-0.0030435146822677117,3.397204078080922,0.0,0.0,0.9999999999999999
2018-10-30,0.027252664836221463,3.4897869422011065,0.0,0.0,0.9999999999999999
2018-10-31,0.002356413322932127,3.498010322645904,0.0,0.0,0.9999999999999999
2018-11-01,0.013324795736779249,3.5446205956803056,0.0,0.0,0.9999999999999999
2018-11-02,-0.005087785609365181,3.5265863260229438,0.00022107058384844216,0.44214116769688433,0.9999999999999999
2018-11-05,0.0086567577699872,3.557115129602274,0.0,0.0,0.9999999999999999
2018-11-06,0.007979471809720584,3.585499029502866,0.0,0.0,0.9999999999999999
2018-11-07,0.01814671492174824,3.6505640582434595,0.0,0.0,0.9999999999999999
2018-11-08,-0.011358238213710292,3.6091000820555212,0.0,0.0,0.9999999999999999
2018-11-09,-0.001962220764588185,3.602018230933035,0.0,0.0,0.9999999999999999
2018-11-12,-0.015954245814132073,3.5445507466497443,0.0,0.0,0.9999999999999999
2018-11-13,-0.004975336932813934,3.526915412409705,0.0,0.0,0.9999999999999999
2018-11-14,-0.005826754000105905,3.5063649439224114,0.0,0.0,0.9999999999999999
2018-11-15,-0.005129492116836221,3.4883790725838106,0.0,0.0,0.9999999999999999
2018-11-16,0.009082618820245747,3.520062690000612,0.0,0.0,0.9999999999999999
2018-11-19,-0.016060529015805236,3.4635286210304037,0.0,0.0,0.9999999999999999
2018-11-20,-0.030447906249164602,3.3580714262859717,0.0,0.0,0.9999999999999999
2018-11-21,0.012906427725856817,3.401412132447596,0.0,0.0,0.9999999999999999
2018-11-23,-0.011051179273833367,3.363822517187726,0.0,0.0,0.9999999999999999
2018-11-26,0.012316020020755936,3.4052514226556796,0.0,0.0,0.9999999999999999
2018-11-27,0.004378683254868676,3.4201619400386796,0.0,0.0,0.9999999999999999
2018-11-28,0.021225129541275534,3.4927553202681407,0.0,0.0,0.9999999999999999
2018-11-29,-0.00200072778711613,3.4857672676452824,0.0,0.0,0.9999999999999999
2018-11-30,-0.0021428580965044963,3.4782977630332783,0.0,0.0,0.9999999999999999
2018-12-03,0.01208470959573682,3.5203319813870366,0.0,0.0,0.9999999999999999
2018-12-04,-0.02616807877716687,3.4282116567763206,0.0003736945362921218,0.7473890725842436,0.9999999999999998
2018-12-06,0.0032296383492900205,3.4392835406125286,0.0,0.0,0.9999999999999998
2018-12-07,-0.029517459089106413,3.3377646294066614,0.0,0.0,0.9999999999999998
2018-12-10,0.0037733855454755716,3.350359302213464,0.0,0.0,0.9999999999999998
2018-12-11,-0.00014401317343137876,3.349876806338217,0.0,0.0,0.9999999999999998
2018-12-12,0.011889928441811692,3.3897066018544635,0.0,0.0,0.9999999999999998
2018-12-13,-0.0018466728817241318,3.3834469225958177,0.0,0.0,0.9999999999999998
2018-12-14,-0.020236759252013625,3.31497692178128,0.0,0.0,0.9999999999999998
2018-12-17,-0.024252781296294934,3.2345795114950535,0.0,0.0,0.9999999999999998
2018-12-18,0.0033775801517970105,3.2455045630524886,0.0,0.0,0.9999999999999998
2018-12-19,-0.014629357896586037,3.1980249152445905,0.0,0.0,0.9999999999999997
2018-12-20,-0.021009650129193314,3.1308355306708586,0.0,0.0,0.9999999999999997
2018-12-21,-0.012669782561587128,3.0911685252611676,0.0,0.0,0.9999999999999997
2018-12-24,-0.026777226818405664,3.0083956045263327,0.0,0.0,0.9999999999999997
2018-12-26,0.05802432106194266,3.1829557169647056,0.0,0.0,0.9999999999999997
2018-12-27,0.008039756432587142,3.208545905664813,0.0,0.0,0.9999999999999998
2018-12-28,-9.57887261293644e-05,3.2082385631397816,0.0,0.0,0.9999999999999998
2018-12-31,0.012744961337542327,3.2491274395886105,0.0,0.0,0.9999999999999998
2019-01-02,0.00047600206303100023,3.2506740309529056,0.0,0.0,0.9999999999999998
2019-01-03,-0.02456418941727634,3.1708238583227573,0.00041026417321020565,0.8205283464204112,1.0
2019-01-04,0.0305834491559962,3.2677985885763907,0.0,0.0,1.0
2019-01-07,0.01997224977616452,3.3330638782056363,0.0,0.0,1.0
2019-01-08,0.01037619197981865,3.367648388886897,0.0,0.0,1.0
2019-01-09,0.0062375020996907615,3.3886541027835992,0.0,0.0,1.0
2019-01-10,-0.00213642386879076,3.3814145012753367,0.0,0.0,1.0
2019-01-11,0.0021609348346811608,3.3887215176616383,0.0,0.0,1.0
2019-01-14,-0.008882034257643556,3.3586227770521537,0.0,0.0,1.0
2019-01-15,0.01423631143391968,3.4064371768953245,0.0,0.0,1.0
2019-01-16,-0.0008154164296938493,3.4036595120545643,0.0,0.0,1.0
2019-01-17,0.011077974977802718,3.441365166962065,0.0,0.0,1.0
2019-01-18,0.008864238710452055,3.471870249291851,0.0,0.0,1.0
2019-01-22,-0.00980891072301493,3.437814983974656,0.0,0.0,1.0
2019-01-23,0.002932038951315219,3.4478947914150844,0.0,0.0,1.0
2019-01-24,-0.004219858873152349,3.4333451619858355,0.0,0.0,1.0
2019-01-25,0.009853489502074986,3.4671755924964627,0.0,0.0,1.0
2019-01-28,-0.010644433678689058,3.4302694718497646,0.0,0.0,1.0
2019-01-29,0.0024765292641746317,3.4387646345808056,0.0,0.0,1.0
2019-01-30,0.020747419126072142,3.510110125730368,0.0,0.0,1.0
2019-01-31,0.011349083649801361,3.549946659167297,0.0,0.0,1.0
2019-02-01,0.0011898812393098535,3.5541706740975907,0.0,0.0,1.0
2019-02-04,0.0022701838026459864,3.5622392947937667,0.00037115653473071954,0.742313069461439,0.9999999999999999
2019-02-05,0.005136706604834895,3.580537472907336,0.0,0.0,0.9999999999999999
2019-02-06,-0.0020717493946837973,3.5731194965651976,0.0,0.0,0.9999999999999999
2019-02-07,-0.00017294253505584223,3.572501552221404,0.0,0.0,0.9999999999999999
2019-02-08,0.001763773013911507,3.578802634051369,0.0,0.0,0.9999999999999999
2019-02-11,0.00570674343112576,3.5992259424745368,0.0,0.0,0.9999999999999999
2019-02-12,0.012095135337266916,3.6427590673581682,0.0,0.0,0.9999999999999999
2019-02-13,0.0018166863169484238,3.6493768179117776,0.0,0.0,0.9999999999999999
2019-02-14,0.003275843340118545,3.661331604656317,0.0,0.0,0.9999999999999999
2019-02-15,0.01018743376140785,3.6986311778573024,0.0,0.0,0.9999999999999999
2019-02-19,-0.0026047676856418844,3.688997102884112,0.0,0.0,0.9999999999999999
2019-02-20,-0.0004569642129350626,3.6873113632264727,0.0,0.0,0.9999999999999999
2019-02-21,-0.0011074860832309685,3.68322771720716,0.0,0.0,0.9999999999999999
2019-02-22,0.007772743048118258,3.7118564998407186,0.0,0.0,0.9999999999999999
2019-02-25,-0.004841296714971799,3.693886301161593,0.0,0.0,0.9999999999999999
2019-02-26,0.004454262894403316,3.7103398418490015,0.0,0.0,0.9999999999999999
2019-02-27,6.674323362498846e-05,3.7105874819278943,0.0,0.0,0.9999999999999999
2019-02-28,0.0033975074429262175,3.723194230515373,0.0,0.0,0.9999999999999999
2019-03-01,0.004347018221594112,3.7393790236779574,0.0,0.0,0.9999999999999999
2019-03-04,-0.005585777280513904,3.718491685284267,0.0003611793239507841,0.7223586479015682,0.9999999999999998
2019-03-05,0.002352657862034979,3.7272400239825623,0.0,0.0,0.9999999999999998
2019-03-06,-0.010494298184988704,3.6881252557638646,0.0,0.0,0.9999999999999998
2019-03-07,-0.013942196218235892,3.6367046897705735,0.0,0.0,0.9999999999999998
2019-03-08,-0.009928084133625559,3.6005991796413808,0.0,0.0,0.9999999999999998
2019-03-11,0.008042330418730703,3.6295563879494672,0.0,0.0,0.9999999999999998
2019-03-12,0.0021490958778513924,3.6373566526212384,0.0,0.0,0.9999999999999998
2019-03-13,0.008394389211157094,3.6678900400631327,0.0,0.0,0.9999999999999998
2019-03-14,0.0020007767299698997,3.6752286691033795,0.0,0.0,0.9999999999999998
2019-03-15,0.005830314961643435,3.6966564098003136,0.0,0.0,0.9999999999999998
2019-03-18,0.005458765896289686,3.7168355917404323,0.0,0.0,0.9999999999999998
2019-03-19,0.000868140022335373,3.720062325474063,0.0,0.0,0.9999999999999998
2019-03-20,-0.0016494043607307995,3.7139264384522357,0.0,0.0,0.9999999999999998
2019-03-21,0.011960905722802062,3.758348362443985,0.0,0.0,0.9999999999999998
2019-03-22,-0.0153520458355767,3.70065002611768,0.0,0.0,0.9999999999999998
2019-03-25,0.004004473718230983,3.715469181887639,0.0,0.0,0.9999999999999998
2019-03-26,0.008941905634220149,3.748692556698931,0.0,0.0,0.9999999999999998
2019-03-27,-0.003411578261404813,3.735903598663807,0.0,0.0,0.9999999999999998
2019-03-28,0.0010224328111556602,3.739723309082395,0.0,0.0,0.9999999999999998
2019-03-29,0.005295481323558615,3.7595269440209176,0.0,0.0,0.9999999999999998
2019-04-01,0.004174612434046265,3.7752215119475596,0.0,0.0,0.9999999999999998
2019-04-02,-0.0019601908839149695,3.7678213571550803,0.0002736040186530019,0.5472080373060036,1.0
2019-04-03,0.0037716508312568564,3.782032263708822,0.0,0.0,1.0
2019-04-04,0.0016327864978700202,3.788207514923515,0.0,0.0,1.0
2019-04-05,0.005639060216609204,3.80956944521318,0.0,0.0,1.0
2019-04-08,-0.005770134590127096,3.787587716783864,0.0,0.0,1.0
2019-04-09,-0.00838619270765395,3.7558242762937715,0.0,0.0,1.0
2019-04-10,0.01033913342535242,3.79465624460855,0.0,0.0,1.0
2019-04-11,-0.0061565982368813055,3.7712940706634224,0.0,0.0,1.0
2019-04-12,-0.0039094140280143685,3.7565505207198036,0.0,0.0,1.0
2019-04-15,-0.00043253587056113485,3.754925677870017,0.0,0.0,1.0
2019-04-16,-0.010207817168596534,3.7165960830686515,0.0,0.0,1.0
2019-04-17,-0.011816670470881196,3.6726782918816614,0.0,0.0,1.0
2019-04-18,0.00011587420319925101,3.6731038605523407,0.0,0.0,1.0
2019-04-22,-0.002128155598572379,3.6652869240073684,0.0,0.0,1.0
2019-04-23,0.008489000746525921,3.696401547441499,0.0,0.0,1.0
2019-04-24,0.0031922131333741444,3.7082012490074665,0.0,0.0,1.0
2019-04-25,-0.0038909299834211097,3.693772897583144,0.0,0.0,1.0
2019-04-26,0.005228781157437634,3.7130868277098807,0.0,0.0,1.0
2019-04-29,-0.0012984786693117645,3.708265463666797,0.0,0.0,1.0
2019-04-30,0.004497972745456824,3.724945140655289,0.0,0.0,1.0
2019-05-01,-0.00704475308409247,3.6987038218875825,0.0,0.0,1.0
2019-05-02,0.009928024794103152,3.7354246451373267,0.0004684864010311617,0.9369728020623234,0.9999999999999998
2019-05-03,0.0024451381259256166,3.7445582743536745,0.0,0.0,0.9999999999999998
2019-05-06,0.0009554881977282825,3.7481361555905255,0.0,0.0,0.9999999999999998
2019-05-07,-0.018981533555261332,3.676990783383496,0.0,0.0,0.9999999999999998
2019-05-08,0.0017248993928116185,3.683333222553128,0.0,0.0,0.9999999999999998
2019-05-09,0.00048502595373145496,3.6851197347623077,0.0,0.0,0.9999999999999998
2019-05-10,0.0009003915668801543,3.6884377854944312,0.0,0.0,0.9999999999999998
2019-05-13,-0.017569325001859815,3.6236344232919393,0.0,0.0,0.9999999999999998
2019-05-14,0.008254512214076248,3.65354575789835,0.0,0.0,0.9999999999999998
2019-05-15,0.0040655929031376825,3.6683995876029503,0.0,0.0,0.9999999999999998
2019-05-16,0.006699652633191944,3.692976590559635,0.0,0.0,0.9999999999999998
2019-05-17,-0.0033864437646897727,3.680470533011389,0.0,0.0,0.9999999999999998
2019-05-20,-0.00024009572729311035,3.6795868677619845,0.0,0.0,0.9999999999999998
2019-05-21,0.009674122036462007,3.715183640164477,0.0,0.0,0.9999999999999998
2019-05-22,0.001721644036202008,3.7215798639219613,0.0,0.0,0.9999999999999998
2019-05-23,-0.011100566131085676,3.6802682205303787,0.0,0.0,0.9999999999999998
2019-05-24,0.0006223124948105951,3.6825584974282695,0.0,0.0,0.9999999999999998
2019-05-28,-0.004014843761165232,3.6677736004197437,0.0,0.0,0.9999999999999998
2019-05-29,-0.013051517455411332,3.6199035892513685,0.0,0.0,0.9999999999999998
2019-05-30,0.007702386134251338,3.647785484464545,0.0,0.0,0.9999999999999998
2019-05-31,-0.007947719874580539,3.61879390727146,0.0,0.0,0.9999999999999998
2019-06-03,0.005936744787242265,3.640277763136558,0.0,0.0,0.9999999999999998
2019-06-04,0.01567071028941225,3.697323501335661,0.0004090579369576138,0.8181158739152276,1.0
2019-06-05,0.005747468947749024,3.7185737533493706,0.0,0.0,1.0
2019-06-06,0.012150844953109585,3.763757566473022,0.0,0.0,1.0
2019-06-07,0.010550097706492734,3.8034655765428638,0.0,0.0,1.0
2019-06-10,0.004043962796869582,3.818846649833577,0.0,0.0,1.0
2019-06-11,0.0016458837872899146,3.8251320276206844,0.0,0.0,1.0
2019-06-12,0.003167328626334287,3.8372474777912755,0.0,0.0,1.0
2019-06-13,0.004928440561557057,3.856159123905554,0.0,0.0,1.0
2019-06-14,0.000933576103774092,3.8597591419159825,0.0,0.0,1.0
2019-06-17,-0.005015610087145128,3.840400095029838,0.0,0.0,1.0
2019-06-18,0.004463386967030525,3.857541286762177,0.0,0.0,1.0
2019-06-19,0.004320284113917161,3.874206961102155,0.0,0.0,1.0
2019-06-20,0.005304469045305238,3.894757572002427,0.0,0.0,1.0
2019-06-21,-0.00538182649331409,3.873796662516389,0.0,0.0,1.0
2019-06-24,-0.002992765694811994,3.8622032967561326,0.0,0.0,1.0
2019-06-25,-0.005454695728130621,3.841136152932145,0.0,0.0,1.0
2019-06-26,-0.0070103496079874095,3.8142084456082106,0.0,0.0,1.0
2019-06-27,0.0018606454381795423,3.8213053351527977,0.0,0.0,1.0
2019-06-28,0.005190216256430791,3.841138736224093,0.0,0.0,1.0
2019-07-01,0.00853815347731457,3.8739349682816324,0.0,0.0,1.0
2019-07-02,0.004948089926560817,3.8931035468743387,0.00025733925944076725,0.5146785188815345,0.9999999999999996
2019-07-03,0.00848166802178385,3.926123558733356,0.0,0.0,0.9999999999999996
2019-07-05,-0.0017689300791579043,3.919178520675822,0.0,0.0,0.9999999999999996
2019-07-08,0.00011019712320048392,3.9196104028741097,0.0,0.0,0.9999999999999996
2019-07-09,0.0013863283026025464,3.925044269710789,0.0,0.0,0.9999999999999996
2019-07-10,0.005135068282491773,3.945199640047557,0.0,0.0,0.9999999999999996
2019-07-11,-0.0052646418847359655,3.924429576778917,0.0,0.0,0.9999999999999996
2019-07-12,0.007496847438226428,3.953850426598092,0.0,0.0,0.9999999999999996
2019-07-15,0.004829740093424073,3.972946496526835,0.0,0.0,0.9999999999999996
2019-07-16,0.0010875660565374812,3.9772673382808974,0.0,0.0,0.9999999999999996
2019-07-17,-0.007024255601331575,3.9493299959019845,0.0,0.0,0.9999999999999996
2019-07-18,-0.0006393787249597827,3.9468048783247593,0.0,0.0,0.9999999999999996
2019-07-19,-0.009332822538891339,3.9099700487997238,0.0,0.0,0.9999999999999996
2019-07-22,-0.001075181889448995,3.9057661198149662,0.0,0.0,0.9999999999999996
2019-07-23,5.9675299668882076e-05,3.9059991975786024,0.0,0.0,0.9999999999999996
2019-07-24,0.006771325468823308,3.9324479894263695,0.0,0.0,0.9999999999999996
2019-07-25,-0.004177995874813489,3.9160182379486277,0.0,0.0,0.9999999999999996
2019-07-26,0.009045301093551616,3.9514398019987125,0.0,0.0,0.9999999999999996
2019-07-29,-0.0002648839147607607,3.9503931291550174,0.0,0.0,0.9999999999999996
2019-07-30,0.0005387365421551937,3.952521350289572,0.0,0.0,0.9999999999999996
2019-07-31,-0.014321754543103915,3.895914309684347,0.0,0.0,0.9999999999999996
2019-08-01,-0.007395531617606421,3.867101952227591,0.0,0.0,0.9999999999999996
2019-08-02,-0.0069473857815621765,3.8402357031088337,0.00031371674439940563,0.6274334887988113,0.9999999999999999
2019-08-05,-0.02032144583942408,3.762196561257485,0.0,0.0,0.9999999999999999
2019-08-06,0.01073776978742802,3.802594161827321,0.0,0.0,0.9999999999999999
2019-08-07,0.003092602814314116,3.8143540752338825,0.0,0.0,0.9999999999999999
2019-08-08,0.024121448810694668,3.906361821805501,0.0,0.0,0.9999999999999999
2019-08-09,-0.006345514451821632,3.88157394641119,0.0,0.0,0.9999999999999999
2019-08-12,-0.01153429580404619,3.8368027243280043,0.0,0.0,0.9999999999999999
2019-08-13,0.013045737781592681,3.886856646589288,0.0,0.0,0.9999999999999999
2019-08-14,-0.028767183202527802,3.775042729354891,0.0,0.0,0.9999999999999999
2019-08-15,-0.00014565846014102934,3.774492862443967,0.0,0.0,0.9999999999999999
2019-08-16,0.018833726877453216,3.845580630116133,0.0,0.0,0.9999999999999999
2019-08-19,0.007063155584224656,3.8727425644183238,0.0,0.0,0.9999999999999999
2019-08-20,-0.009043974632672591,3.837717578906853,0.0,0.0,0.9999999999999999
2019-08-21,0.00939575891517097,3.8737758480627753,0.0,0.0,0.9999999999999999
2019-08-22,0.0015607397298909031,3.879821803933539,0.0,0.0,0.9999999999999999
2019-08-23,-0.027131004401822034,3.774558341492733,0.0,0.0,0.9999999999999999
2019-08-26,0.011249805236245747,3.8170213876873733,0.0,0.0,0.9999999999999999
2019-08-27,-0.0055474756838221895,3.7958465543545485,0.0,0.0,0.9999999999999999
2019-08-28,0.01209006870004603,3.841738599971528,0.0,0.0,0.9999999999999999
2019-08-29,0.014821347299336152,3.8986783419949718,0.0,0.0,0.9999999999999999
2019-08-30,-0.010457146678014562,3.857909290722332,0.0,0.0,0.9999999999999999
2019-09-03,-0.005511311716876022,3.836647150045729,0.0,0.0,0.9999999999999999
2019-09-04,0.009203702660052437,3.871958509626287,0.000280726124143748,0.561452248287496,0.9999999999999998
2019-09-05,0.009531024360558416,3.9088622405046065,0.0,0.0,0.9999999999999998
2019-09-06,0.0030941469580942904,3.920956834715674,0.0,0.0,0.9999999999999998
2019-09-09,-0.0040291653836453944,3.9051586511664698,0.0,0.0,0.9999999999999998
2019-09-10,-0.006520913508879844,3.879693449363759,0.0,0.0,0.9999999999999998
2019-09-11,0.008822006952504235,3.9139201319476316,0.0,0.0,0.9999999999999998
2019-09-12,0.0011508178410288838,3.918424341063839,0.0,0.0,0.9999999999999998
2019-09-13,-0.0013636480245848848,3.913080989451662,0.0,0.0,0.9999999999999998
2019-09-16,-0.01037952082404503,3.8724650838354737,0.0,0.0,0.9999999999999998
2019-09-17,0.012715495088212236,3.9217053945882574,0.0,0.0,0.9999999999999998
2019-09-18,-0.00045069320002333324,3.9199379086344215,0.0,0.0,0.9999999999999998
2019-09-19,-0.0018245387611403041,3.912785829978855,0.0,0.0,0.9999999999999998
2019-09-20,-0.0015699131550657164,3.9066430960314165,0.0,0.0,0.9999999999999998
2019-09-23,0.0008872885775024208,3.910109415826904,0.0,0.0,0.9999999999999998
2019-09-24,-0.009777886696296645,3.8718768089888256,0.0,0.0,0.9999999999999998
2019-09-25,0.0018866252761857716,3.8791815896429416,0.0,0.0,0.9999999999999998
2019-09-26,-0.0010011212552190063,3.8752980585006958,0.0,0.0,0.9999999999999998
2019-09-27,-0.00222034459904763,3.866693561386804,0.0,0.0,0.9999999999999998
2019-09-30,0.005650694302048231,3.8885430646618993,0.0,0.0,0.9999999999999998
2019-10-01,-0.01378779288240406,3.8349286382720322,0.0,0.0,0.9999999999999998
2019-10-02,-0.01794968790964513,3.7660928660592887,0.0004628075545457422,0.9256151090914845,0.9999999999999998
2019-10-03,0.006662691807316934,3.7911851821435767,0.0,0.0,0.9999999999999998
2019-10-04,0.010451803208313848,3.830809903593617,0.0,0.0,0.9999999999999998
2019-10-07,-0.005176556986696834,3.810979497822462,0.0,0.0,0.9999999999999998
2019-10-08,-0.016596179283842827,3.7477317988295513,0.0,0.0,0.9999999999999998
2019-10-09,0.012050083423788438,3.7928922796554323,0.0,0.0,0.9999999999999998
2019-10-10,0.005306072286362484,3.81301764026567,0.0,0.0,0.9999999999999998
2019-10-11,0.010953275138684715,3.8547826715881586,0.0,0.0,0.9999999999999998
2019-10-14,-0.002134575447910403,3.846554347140356,0.0,0.0,0.9999999999999998
2019-10-15,0.008319717634081458,3.878556593172712,0.0,0.0,0.9999999999999998
2019-10-16,-0.00614302955132362,3.854730505404371,0.0,0.0,0.9999999999999998
2019-10-17,0.00362393981521536,3.8686998167598308,0.0,0.0,0.9999999999999998
2019-10-18,-0.00131450127938737,3.863614405901134,0.0,0.0,0.9999999999999998
2019-10-21,0.003416241068045167,3.8768134441056645,0.0,0.0,0.9999999999999998
2019-10-22,-0.0037726237132584828,3.8621876857745523,0.0,0.0,0.9999999999999998
2019-10-23,-0.00576507446054475,3.839921886185463,0.0,0.0,0.9999999999999998
2019-10-24,0.009779853349847878,3.877475759107228,0.0,0.0,0.9999999999999998
2019-10-25,0.0054170908114992145,3.898480397413699,0.0,0.0,0.9999999999999998
2019-10-28,0.007472592546533763,3.9276121529742207,0.0,0.0,0.9999999999999998
2019-10-29,-0.00018677564375768618,3.9268785706859184,0.0,0.0,0.9999999999999998
2019-10-30,0.0032448767607817786,3.9396208077023487,0.0,0.0,0.9999999999999998
2019-10-31,-0.01420685667780952,3.8836511795224054,0.0,0.0,0.9999999999999998
2019-11-01,0.011060999871367772,3.9266082447195396,0.0,0.0,0.9999999999999998
2019-11-04,-0.0018300853042110266,3.9194222166754846,0.0004694544085969859,0.9389088171939718,0.9999999999999998
2019-11-05,-0.00566543253516083,3.897216994530099,0.0,0.0,0.9999999999999998
2019-11-06,0.004978568012380613,3.9166195543963727,0.0,0.0,0.9999999999999998
2019-11-07,-0.007086302141597112,3.8888652048602323,0.0,0.0,0.9999999999999998
2019-11-08,0.0031091695085248006,3.900956345977947,0.0,0.0,0.9999999999999998
2019-11-11,0.0007410508151788342,3.903847152858111,0.0,0.0,0.9999999999999998
2019-11-12,0.006673052663830559,3.929897730500678,0.0,0.0,0.9999999999999998
2019-11-13,-0.00022092011524987853,3.929029537041136,0.0,0.0,0.9999999999999998
2019-11-14,0.001311049099791184,3.9341806876787264,0.0,0.0,0.9999999999999998
2019-11-15,0.008348347403031031,3.9670245948057636,0.0,0.0,0.9999999999999998
2019-11-18,0.0017256792151896239,3.9738704066951662,0.0,0.0,0.9999999999999998
2019-11-19,-0.005266571251019925,3.952941735055987,0.0,0.0,0.9999999999999998
2019-11-20,-0.0033887362698040713,3.93954625802598,0.0,0.0,0.9999999999999998
2019-11-21,-0.013896326864919484,3.8848010355249807,0.0,0.0,0.9999999999999998
2019-11-22,0.0007518590233306366,3.8877218582373843,0.0,0.0,0.9999999999999998
2019-11-25,0.013390530552188196,3.939780516558522,0.0,0.0,0.9999999999999998
2019-11-26,0.0038782339461080895,3.9550599070980548,0.0,0.0,0.9999999999999998
2019-11-27,0.006210315759465734,3.979622077968737,0.0,0.0,0.9999999999999998
2019-11-29,-0.003999320821557628,3.963706292530386,0.0,0.0,0.9999999999999998
2019-12-02,-0.013300364401950815,3.910987554457426,0.0,0.0,0.9999999999999998
2019-12-03,-0.010276519846940113,3.8707962132329086,0.0003676535846450541,0.7353071692901082,0.9999999999999998
2019-12-04,0.008774831664333682,3.9047617984109673,0.0,0.0,0.9999999999999998
2019-12-05,0.0030767683172956417,3.916775845798904,0.0,0.0,0.9999999999999998
2019-12-06,0.008204001452847276,3.9489090805283156,0.0,0.0,0.9999999999999998
2019-12-09,-0.0005194370815058136,3.946857870720394,0.0,0.0,0.9999999999999998
2019-12-10,0.002015561458307724,3.954813005326036,0.0,0.0,0.9999999999999998
2019-12-11,0.010797833608497509,3.9975164181102687,0.0,0.0,0.9999999999999998
2019-12-12,0.008089635587442467,4.0298548691875995,0.0,0.0,0.9999999999999998
2019-12-13,-0.0009254675458366668,4.0261253692917345,0.0,0.0,0.9999999999999998
2019-12-16,0.006607792972711302,4.052729172214195,0.0,0.0,0.9999999999999998
2019-12-17,0.0025903244136473713,4.0632270555308825,0.0,0.0,0.9999999999999998
2019-12-18,-0.004674320073816851,4.044234231740739,0.0,0.0,0.9999999999999998
2019-12-19,0.005211120413920689,4.06530922330444,0.0,0.0,0.9999999999999998
2019-12-20,0.010458077606632754,4.107824542656718,0.0,0.0,0.9999999999999998
2019-12-23,-0.0037908463268280235,4.092252411077934,0.0,0.0,0.9999999999999998
2019-12-24,0.0020736502098905873,4.100738311149091,0.0,0.0,0.9999999999999998
2019-12-26,0.0010978132992769396,4.105240156203925,0.0,0.0,0.9999999999999998
2019-12-27,-0.0007478859336115251,4.102169904837003,0.0,0.0,0.9999999999999998
2019-12-30,-0.0032640615480257207,4.088780169787156,0.0,0.0,0.9999999999999998
2019-12-31,0.0028208485708365316,4.100313999485564,0.0,0.0,0.9999999999999998
2020-01-02,0.012400010339473688,4.1511579354742745,0.0,0.0,0.9999999999999998
2020-01-03,-0.0022083285221630167,4.1419908150053635,0.0002253488229822314,0.4506976459644628,1.0
2020-01-06,-0.0008409670136643177,4.138507537359043,0.0,0.0,1.0
2020-01-07,0.0006124411450456613,4.141042129654004,0.0,0.0,1.0
2020-01-08,0.00442023296835381,4.159346500598843,0.0,0.0,1.0
2020-01-09,0.003314057949224569,4.173130815932732,0.0,0.0,1.0
2020-01-10,0.0011352837905274082,4.17786850370381,0.0,0.0,1.0
2020-01-13,0.007783186816676668,4.210385634763647,0.0,0.0,1.0
2020-01-14,0.0032649629383312284,4.224132387817232,0.0,0.0,1.0
2020-01-15,-0.001080829161602126,4.219566822350011,0.0,0.0,1.0
2020-01-16,0.007840980665731356,4.252652364221818,0.0,0.0,1.0
2020-01-17,0.004102790910756715,4.270100107688355,0.0,0.0,1.0
2020-01-21,-0.0005739011803381766,4.267649492196391,0.0,0.0,1.0
2020-01-22,0.002889046993964861,4.279978932133116,0.0,0.0,1.0
2020-01-23,0.0061254046892929015,4.306195535154079,0.0,0.0,1.0
2020-01-24,-0.012029376204698794,4.2543946890507165,0.0,0.0,1.0
2020-01-27,-0.013797368136746035,4.1956952393268665,0.0,0.0,1.0
2020-01-28,0.011387646436930021,4.243474333269432,0.0,0.0,1.0
2020-01-29,-0.003040824272531273,4.230570673516962,0.0,0.0,1.0
2020-01-30,0.0022995708354338618,4.240299170455024,0.0,0.0,1.0
2020-01-31,-0.020209892978102495,4.154603178024991,0.0,0.0,1.0
2020-02-03,0.007547925471913963,4.185961813178101,0.0,0.0,1.0
2020-02-04,0.01526482178761368,4.249859774266021,0.00037767729874976547,0.7553545974995309,0.9999999999999998
2020-02-05,0.0066583578498013996,4.27815686145456,0.0,0.0,0.9999999999999998
2020-02-06,-0.001627277000753935,4.271195115188298,0.0,0.0,0.9999999999999998
2020-02-07,-0.01198170443079738,4.220018917751846,0.0,0.0,0.9999999999999998
2020-02-10,0.012026311780610088,4.270770180976802,0.0,0.0,0.9999999999999998
2020-02-11,0.006430213623647374,4.298232145577986,0.0,0.0,0.9999999999999998
2020-02-12,0.013950640720033158,4.358195237972241,0.0,0.0,0.9999999999999998
2020-02-13,-0.0007692570487801698,4.354842665565471,0.0,0.0,0.9999999999999998
2020-02-14,-0.006716683567840831,4.325592565393135,0.0,0.0,0.9999999999999998
2020-02-18,-0.007063308883483388,4.295039568999664,0.0,0.0,0.9999999999999998
2020-02-19,0.00829565232346341,4.330669723979604,0.0,0.0,0.9999999999999998
2020-02-20,-0.0006094678486636695,4.328030320019657,0.0,0.0,0.9999999999999998
2020-02-21,-0.015584155395362065,4.260581622956632,0.0,0.0,0.9999999999999998
2020-02-24,-0.03472964721476002,4.1126131262616585,0.0,0.0,0.9999999999999998
2020-02-25,-0.03528091890096108,3.967516356082993,0.0,0.0,0.9999999999999997
2020-02-26,-0.006996101610690197,3.9397592085137614,0.0,0.0,0.9999999999999997
2020-02-27,-0.043276130804718926,3.769261673667024,0.0,0.0,0.9999999999999997
2020-02-28,0.0028899767360048845,3.7801547522158367,0.0,0.0,0.9999999999999997
2020-03-02,0.03762051702546576,3.922366128430468,0.0,0.0,0.9999999999999997
2020-03-03,-0.022474318642095592,3.8342136222291585,0.00041774273830716814,0.8354854766143363,0.9999999999999999
2020-03-04,0.04256452547598322,3.9974151056328937,0.0,0.0,0.9999999999999999
2020-03-05,-0.031144040802069006,3.872919446480256,0.0,0.0,0.9999999999999999
2020-03-06,-0.021839502370978536,3.7883368130462416,0.0,0.0,0.9999999999999999
2020-03-09,-0.08559835971347507,3.4640613958073097,0.0,0.0,0.9999999999999999
2020-03-10,0.05034044316488484,3.638443781622619,0.0,0.0,0.9999999999999999
2020-03-11,-0.054648276393717166,3.439609100201505,0.0,0.0,0.9999999999999999
2020-03-12,-0.11567447334116232,3.0417341290362265,0.0,0.0,0.9999999999999999
2020-03-13,0.06877474897058145,3.2509286301959435,0.0,0.0,0.9999999999999999
2020-03-16,-0.13727221349504004,2.804666461214548,0.0,0.0,0.9999999999999999
2020-03-17,0.06932283043069942,2.999093878719994,0.0,0.0,0.9999999999999999
2020-03-18,-0.06696795545742829,2.7982506934372275,0.0,0.0,0.9999999999999999
2020-03-19,0.015445718114369011,2.841471684861397,0.0,0.0,0.9999999999999999
2020-03-20,-0.037382347317789444,2.7352508034442438,0.0,0.0,0.9999999999999999
2020-03-23,-0.0038851618928317233,2.7246239112553647,0.0,0.0,0.9999999999999999
2020-03-24,0.10780829087524046,3.0183609584056184,0.0,0.0,0.9999999999999999
2020-03-25,0.01779526954424382,3.0720735052422685,0.0,0.0,0.9999999999999999
2020-03-26,0.0674218630454273,3.2791984243781984,0.0,0.0,0.9999999999999999
2020-03-27,-0.03827377449217084,3.1536911233684655,0.0,0.0,0.9999999999999999
2020-03-30,0.02144950660858469,3.2213362419605924,0.0,0.0,0.9999999999999999
2020-03-31,-0.03244553122052429,3.1168182763502537,0.0,0.0,0.9999999999999999
2020-04-01,-0.04438444368225458,2.978480031095764,0.0,0.0,0.9999999999999999
2020-04-02,0.007895519920201766,3.001996679513204,0.0002965499512366168,0.5930999024732335,0.9999999999999997
2020-04-03,-0.02044754407264948,2.9406132201029105,0.0,0.0,0.9999999999999997
2020-04-06,0.08427537708537436,3.18843450808932,0.0,0.0,0.9999999999999997
2020-04-07,0.00426421895785789,3.202030690964603,0.0,0.0,0.9999999999999998
2020-04-08,0.03601149763894318,3.3173406116320985,0.0,0.0,0.9999999999999998
2020-04-09,0.015143984993294834,3.367578368072303,0.0,0.0,0.9999999999999998
2020-04-13,-0.00739484857218875,3.3426756359854295,0.0,0.0,0.9999999999999998
2020-04-14,0.032333937012476444,3.4507574994525223,0.0,0.0,0.9999999999999998
2020-04-15,-0.028514293383748335,3.3523615877169632,0.0,0.0,0.9999999999999998
2020-04-16,0.005512922662195496,3.3708428978857614,0.0,0.0,0.9999999999999998
2020-04-17,0.02200301831023732,3.445011615888875,0.0,0.0,0.9999999999999998
2020-04-20,-0.020449913991767987,3.3745614246433058,0.0,0.0,0.9999999999999998
2020-04-21,-0.034259242391287636,3.2589515068321617,0.0,0.0,0.9999999999999998
2020-04-22,0.023609534761065643,3.335893835717343,0.0,0.0,0.9999999999999998
2020-04-23,0.0005376256977789318,3.337687297968487,0.0,0.0,0.9999999999999998
2020-04-24,0.020693862768342175,3.406756940876286,0.0,0.0,0.9999999999999998
2020-04-27,0.015188339640054505,3.458499922365428,0.0,0.0,0.9999999999999998
2020-04-28,0.01102246295883691,3.496621109652841,0.0,0.0,0.9999999999999998
2020-04-29,0.024113579897094617,3.580937162150322,0.0,0.0,0.9999999999999998
2020-04-30,-0.02756953518913119,3.4822123890483514,0.0,0.0,0.9999999999999998
2020-05-01,-0.033650446668946676,3.3650343867607346,0.0,0.0,0.9999999999999998
2020-05-04,0.008710417397043146,3.394345240824824,0.00048616068225252853,0.9723213645050569,0.9999999999999999
2020-05-05,0.016963062413902552,3.451923730999269,0.0,0.0,0.9999999999999999
2020-05-06,-0.005153151161884861,3.4341354462141322,0.0,0.0,0.9999999999999999
2020-05-07,0.014116509134810107,3.482613450610789,0.0,0.0,0.9999999999999999
2020-05-08,0.025041760639689326,3.5698242230415467,0.0,0.0,0.9999999999999999
2020-05-11,0.006260367705934522,3.5921726353233385,0.0,0.0,0.9999999999999999
2020-05-12,-0.019696295474718517,3.5214201417018116,0.0,0.0,0.9999999999999999
2020-05-13,-0.014169998411112106,3.4715216238890387,0.0,0.0,0.9999999999999999
2020-05-14,0.020028640713163126,3.541051483221889,0.0,0.0,0.9999999999999999
2020-05-15,2.2306543907557597e-05,3.5411304718422785,0.0,0.0,0.9999999999999999
2020-05-18,0.023266646560150317,3.623520702954011,0.0,0.0,0.9999999999999999
2020-05-19,-0.0034408409830454234,3.6110527444163734,0.0,0.0,0.9999999999999999
2020-05-20,0.00897816182130673,3.6434733603010176,0.0,0.0,0.9999999999999999
2020-05-21,-0.015310218375416573,3.5876909875097964,0.0,0.0,0.9999999999999999
2020-05-22,0.00501337792529899,3.605677438309372,0.0,0.0,0.9999999999999999
2020-05-26,-0.0002698273175930632,3.604704528038087,0.0,0.0,0.9999999999999999
2020-05-27,0.019436182894703835,3.674766224526402,0.0,0.0,0.9999999999999999
2020-05-28,-0.007232276096980295,3.648189300598769,0.0,0.0,0.9999999999999999
2020-05-29,0.013881396288349501,3.698831262015297,0.0,0.0,0.9999999999999999
2020-06-01,-0.0034200486692554932,3.6861810790798413,0.0,0.0,0.9999999999999999
2020-06-02,0.006884835101760967,3.711559827964537,0.0002736760569159061,0.5473521138318121,0.9999999999999999
2020-06-03,0.009046264585233166,3.745135580192227,0.0,0.0,0.9999999999999999
2020-06-04,0.007424849211282281,3.7729426471509626,0.0,0.0,0.9999999999999999
2020-06-05,0.021939704146160866,3.855719892589888,0.0,0.0,0.9999999999999999
2020-06-08,0.008207827044722782,3.887366974601163,0.0,0.0,0.9999999999999999
2020-06-09,-0.0016595110657383616,3.8809158460902267,0.0,0.0,0.9999999999999999
2020-06-10,-0.004606026344554426,3.863040245462136,0.0,0.0,0.9999999999999999
2020-06-11,-0.05744028200959972,3.641146124348358,0.0,0.0,0.9999999999999999
2020-06-12,0.006577535720592831,3.6650958930451574,0.0,0.0,0.9999999999999999
2020-06-15,0.008945044512195244,3.6978803389499104,0.0,0.0,0.9999999999999999
2020-06-16,0.01987397452978734,3.7713719186204027,0.0,0.0,0.9999999999999999
2020-06-17,0.0020942776382966155,3.779270218495269,0.0,0.0,0.9999999999999999
2020-06-18,-0.007815074345568607,3.749734940765735,0.0,0.0,0.9999999999999999
2020-06-19,0.01597171025700006,3.809624620780195,0.0,0.0,0.9999999999999999
2020-06-22,-0.0023262228022360443,3.8007625851193763,0.0,0.0,0.9999999999999999
2020-06-23,0.0006880233849071438,3.803377598658418,0.0,0.0,0.9999999999999999
2020-06-24,-0.022607631452486565,3.7173922396333055,0.0,0.0,0.9999999999999999
2020-06-25,0.011671266279877468,3.760778914328816,0.0,0.0,0.9999999999999999
2020-06-26,-0.016793513812726313,3.697622221684425,0.0,0.0,0.9999999999999999
2020-06-29,0.015594127341884034,3.755283413471552,0.0,0.0,0.9999999999999999
2020-06-30,0.0216712236275709,3.8366650001098015,0.0,0.0,0.9999999999999999
2020-07-01,-0.004738816004031032,3.8184837506051754,0.0,0.0,0.9999999999999999
2020-07-02,0.003915379246107298,3.8334345626338933,0.0003742373028103528,0.7484746056207056,0.9999999999999998
2020-07-06,0.017774153368583567,3.901570616478577,0.0,0.0,0.9999999999999998
2020-07-07,-0.012151872154135268,3.8541592291467985,0.0,0.0,0.9999999999999998
2020-07-08,0.007761352813677513,3.8840727187242985,0.0,0.0,0.9999999999999998
2020-07-09,-0.013418901948937578,3.8319527277491936,0.0,0.0,0.9999999999999998
2020-07-10,0.005717383682743105,3.85386147174787,0.0,0.0,0.9999999999999998
2020-07-13,-0.013303805250013956,3.8025904492672042,0.0,0.0,0.9999999999999998
2020-07-14,0.027381710253792102,3.9067118791628763,0.0,0.0,0.9999999999999998
2020-07-15,0.008944133046181024,3.941654029983205,0.0,0.0,0.9999999999999998
2020-07-16,0.0013209853470412813,3.946860897199919,0.0,0.0,0.9999999999999998
2020-07-17,0.006525705278785043,3.972616948191406,0.0,0.0,0.9999999999999998
2020-07-20,0.0062357998084501265,3.997389392195984,0.0,0.0,0.9999999999999998
2020-07-21,0.009410188213484272,4.035005578739134,0.0,0.0,0.9999999999999998
2020-07-22,0.001488634845729253,4.041012228646357,0.0,0.0,0.9999999999999998
2020-07-23,-0.002087800212187796,4.032575402457936,0.0,0.0,0.9999999999999998
2020-07-24,-0.016530371939607713,3.965915431180793,0.0,0.0,0.9999999999999998
2020-07-27,0.016885054807892708,4.032880130599748,0.0,0.0,0.9999999999999998
2020-07-28,-0.013365536066657469,3.978978525761711,0.0,0.0,0.9999999999999998
2020-07-29,0.013308441131325344,4.031932527234619,0.0,0.0,0.9999999999999998
2020-07-30,0.006527591936615673,4.058251337488374,0.0,0.0,0.9999999999999998
2020-07-31,-0.0024383815374157125,4.04835577235285,0.0,0.0,0.9999999999999998
2020-08-03,0.017833727482963857,4.120553045951074,0.0,0.0,0.9999999999999998
2020-08-04,0.0010937429876558546,4.125059871950347,0.00037230471366163815,0.7446094273232763,1.0
2020-08-05,0.008436967832484488,4.159862869397065,0.0,0.0,1.0
2020-08-06,0.002023866037132116,4.1682818745775645,0.0,0.0,1.0
2020-08-07,-0.0010789048692833036,4.163784694966537,0.0,0.0,1.0
2020-08-10,0.006896522401157457,4.192500329388971,0.0,0.0,1.0
2020-08-11,-0.00860000700915764,4.15644479717033,0.0,0.0,1.0
2020-08-12,0.018871225803958058,4.2348820054794185,0.0,0.0,1.0
2020-08-13,-0.0027067140114760413,4.22341939101824,0.0,0.0,1.0
2020-08-14,0.001597747611833178,4.2301673492640095,0.0,0.0,1.0
2020-08-17,0.01226011798615878,4.2820297000671825,0.0,0.0,1.0
2020-08-18,-0.004023930375379736,4.264799110688804,0.0,0.0,1.0
2020-08-19,-0.0003588220933724573,4.263268806544094,0.0,0.0,1.0
2020-08-20,-0.009337827329694903,4.2234591385685105,0.0,0.0,1.0
2020-08-21,0.0028428787888974405,4.235465920969322,0.0,0.0,1.0
2020-08-24,0.0059200206295448865,4.260539966597195,0.0,0.0,1.0
2020-08-25,0.00011705478759638233,4.261038683198031,0.0,0.0,1.0
2020-08-26,-0.0011329649719459267,4.256211075625861,0.0,0.0,1.0
2020-08-27,-0.0016894577916977127,4.2490203866610345,0.0,0.0,1.0
2020-08-28,0.009186010865454897,4.288051934100443,0.0,0.0,1.0
2020-08-31,-0.0009760704763093209,4.283866493206686,0.0,0.0,1.0
2020-09-01,0.0026969928165505586,4.295420050365926,0.0,0.0,1.0
2020-09-02,0.022718152495412758,4.393004058101992,0.00028341441066540555,0.566828821330811,0.9999999999999996
2020-09-03,-0.03992159773155157,4.21762831726137,0.0,0.0,0.9999999999999996
2020-09-04,-0.010572984362335669,4.173035399016822,0.0,0.0,0.9999999999999996
2020-09-08,-0.03085477320240404,4.044277338214554,0.0,0.0,0.9999999999999996
2020-09-09,0.025324411617552167,4.146696282223038,0.0,0.0,0.9999999999999996
2020-09-10,-0.018369740318938454,4.0705225483370935,0.0,0.0,0.9999999999999996
2020-09-11,-0.0009474056181493218,4.066666112405995,0.0,0.0,0.9999999999999996
2020-09-14,0.01582174502792788,4.131007866750197,0.0,0.0,0.9999999999999996
2020-09-15,0.0035109075224688535,4.145511453344948,0.0,0.0,0.9999999999999996
2020-09-16,0.0030822119432498685,4.158288798257328,0.0,0.0,0.9999999999999996
2020-09-17,-0.003892896304759974,4.142101011160467,0.0,0.0,0.9999999999999996
2020-09-18,-0.006819397287829987,4.113854378759041,0.0,0.0,0.9999999999999996
2020-09-21,-0.014293768007182739,4.055051898653726,0.0,0.0,0.9999999999999996
2020-09-22,0.008882179891269937,4.091069599086004,0.0,0.0,0.9999999999999996
2020-09-23,-0.02653582126594778,3.9825097074181053,0.0,0.0,0.9999999999999996
2020-09-24,0.004469153564678807,4.000308154873381,0.0,0.0,0.9999999999999996
2020-09-25,0.012473257380558156,4.050205028090662,0.0,0.0,0.9999999999999996
2020-09-28,0.018851642811931635,4.126558046595317,0.0,0.0,0.9999999999999996
2020-09-29,-0.005796191686480934,4.10263972515186,0.0,0.0,0.9999999999999996
2020-09-30,0.010754002801802276,4.146759524250928,0.0,0.0,0.9999999999999996
2020-10-01,0.0011776863577026564,4.151643106371312,0.0,0.0,0.9999999999999996
2020-10-02,-0.006463255896622888,4.124809974583384,0.0003767593576711023,0.7535187153422045,0.9999999999999998
2020-10-05,0.02210613901982006,4.215993597311864,0.0,0.0,0.9999999999999998
2020-10-06,-0.015857546399575484,4.149138283222178,0.0,0.0,0.9999999999999998
2020-10-07,0.02082063180643745,4.235525963731141,0.0,0.0,0.9999999999999998
2020-10-08,0.007472036012324823,4.267173966263277,0.0,0.0,0.9999999999999998
2020-10-09,0.005585383797478416,4.291007770595465,0.0,0.0,0.9999999999999998
2020-10-12,0.009363863644818116,4.331188182258176,0.0,0.0,0.9999999999999998
2020-10-13,-0.00021486215154176147,4.330257573846604,0.0,0.0,0.9999999999999998
2020-10-14,0.00040141108883195997,4.331995787254244,0.0,0.0,0.9999999999999998
2020-10-15,0.004264405986544206,4.350469176023095,0.0,0.0,0.9999999999999998
2020-10-16,-0.0008483163665409243,4.346778601818943,0.0,0.0,0.9999999999999998
2020-10-19,-0.012721830376698051,4.291479621761542,0.0,0.0,0.9999999999999998
2020-10-20,0.007352708551471743,4.323033620674934,0.0,0.0,0.9999999999999998
2020-10-21,-0.009200294609729598,4.283260437756959,0.0,0.0,0.9999999999999998
2020-10-22,0.0042772764361422855,4.301581126697237,0.0,0.0,0.9999999999999998
2020-10-23,0.00741747003019011,4.333487975786945,0.0,0.0,0.9999999999999998
2020-10-26,-0.020046824016908937,4.246615304956953,0.0,0.0,0.9999999999999998
2020-10-27,-0.008324477553239618,4.211264451173595,0.0,0.0,0.9999999999999998
2020-10-28,-0.03175879458963271,4.077519768506151,0.0,0.0,0.9999999999999998
2020-10-29,0.010868412987931508,4.121835937316731,0.0,0.0,0.9999999999999998
2020-10-30,-0.009609663376211719,4.082226481467145,0.0,0.0,0.9999999999999998
2020-11-02,0.022902388141479157,4.17571921682713,0.0,0.0,0.9999999999999998
2020-11-03,0.0202678192425092,4.2603519391212545,0.0003705229982758701,0.7410459965517402,1.0
2020-11-04,0.011261253519678771,4.308328842390754,0.0,0.0,1.0
2020-11-05,0.01969270820575808,4.393171505138406,0.0,0.0,1.0
2020-11-06,-0.007844413416559726,4.3587096516422505,0.0,0.0,1.0
2020-11-09,-0.0050763722524994614,4.3365832189099525,0.0,0.0,1.0
2020-11-10,0.003521511565084623,4.351854546868296,0.0,0.0,1.0
2020-11-11,0.010722778131332378,4.398518517634194,0.0,0.0,1.0
2020-11-12,-0.013334333965188905,4.3398672027679925,0.0,0.0,1.0
2020-11-13,0.01685384068559803,4.413010633200096,0.0,0.0,1.0
2020-11-16,0.01997138661896125,4.501144574709322,0.0,0.0,1.0
2020-11-17,-0.0017325010662647689,4.493346336934226,0.0,0.0,1.0
2020-11-18,-0.012877479368002764,4.435483362187065,0.0,0.0,1.0
2020-11-19,0.00599378915242732,4.4620687142491136,0.0,0.0,1.0
2020-11-20,-0.005156852594260242,4.439058483624271,0.0,0.0,1.0
2020-11-23,0.02183474101192573,4.535984175950998,0.0,0.0,1.0
2020-11-24,0.0076979075636882666,4.5709017628478215,0.0,0.0,1.0
2020-11-25,-0.0006417537572868115,4.567968369467325,0.0,0.0,1.0
2020-11-27,0.0022261185521577076,4.578137208600266,0.0,0.0,1.0
2020-11-30,-0.008471016342680993,4.539355733487177,0.0,0.0,1.0
2020-12-01,0.004003517527866318,4.557529123731413,0.0,0.0,1.0
2020-12-02,-0.0012312444842523806,4.5519176911359995,0.0003915694345055548,0.7831388690111095,0.9999999999999998
2020-12-03,-0.0011064483909349887,4.546881229130974,0.0,0.0,0.9999999999999998
2020-12-04,0.006250479296499911,4.575301416117301,0.0,0.0,0.9999999999999998
2020-12-07,0.0014852233660183067,4.5820967606870955,0.0,0.0,0.9999999999999998
2020-12-08,-0.0019463864281480392,4.573178229739633,0.0,0.0,0.9999999999999998
2020-12-09,-0.004811532876488611,4.551174232337199,0.0,0.0,0.9999999999999998
2020-12-10,-0.008737120577517077,4.51141007429998,0.0,0.0,0.9999999999999998
2020-12-11,-0.004467462890816343,4.49125551720779,0.0,0.0,0.9999999999999998
2020-12-14,-0.000679070623653244,4.488205637522734,0.0,0.0,0.9999999999999998
2020-12-15,0.01655060388595264,4.562488151188072,0.0,0.0,0.9999999999999998
2020-12-16,0.003888134527459508,4.580227718899831,0.0,0.0,0.9999999999999998
2020-12-17,0.013948085299296809,4.6441131258132495,0.0,0.0,0.9999999999999998
2020-12-18,-0.0012787739046691282,4.638174355137628,0.0,0.0,0.9999999999999998
2020-12-21,-0.003359095418326574,4.6225942849118855,0.0,0.0,0.9999999999999998
2020-12-22,0.0006834192337379363,4.625753454755961,0.0,0.0,0.9999999999999998
2020-12-23,-0.0031648705846747394,4.611113543715047,0.0,0.0,0.9999999999999998
2020-12-24,0.0014830551712017304,4.617952079501052,0.0,0.0,0.9999999999999998
2020-12-28,-0.005572800732172811,4.592217152771269,0.0,0.0,0.9999999999999998
2020-12-29,-0.003960860215464157,4.574028022550086,0.0,0.0,0.9999999999999998
2020-12-30,0.007038409450836669,4.606221904612394,0.0,0.0,0.9999999999999998
2020-12-31,0.0014980469929184448,4.613122241485313,0.0,0.0,0.9999999999999998
2021-01-04,-0.006195072977804417,4.584543612543779,0.0,0.0,0.9999999999999998
2021-01-05,0.016614288459312343,4.66071254257688,0.00036707243333959817,0.7341448666791963,0.9999999999999997
2021-01-06,0.0209793067393218,4.758491060631404,0.0,0.0,0.9999999999999997
2021-01-07,0.017474396261728975,4.8416428190327725,0.0,0.0,0.9999999999999997
2021-01-08,0.0009797453361484187,4.846386396004016,0.0,0.0,0.9999999999999997
2021-01-11,0.006296880974471009,4.876903514295949,0.0,0.0,0.9999999999999997
2021-01-12,0.01203016369620502,4.935573461903527,0.0,0.0,0.9999999999999997
2021-01-13,-0.0016039374857925726,4.9276571106140965,0.0,0.0,0.9999999999999997
2021-01-14,0.006559049717917098,4.959977858595462,0.0,0.0,0.9999999999999997
2021-01-15,-0.013528963511403425,4.892874499129155,0.0,0.0,0.9999999999999997
2021-01-19,0.015338874066340269,4.967925684893705,0.0,0.0,0.9999999999999997
2021-01-20,0.012728259419719778,5.031158731788921,0.0,0.0,0.9999999999999997
2021-01-21,-0.0005013642001272522,5.028636288915644,0.0,0.0,0.9999999999999997
2021-01-22,-0.0027881896179821064,5.014615497422281,0.0,0.0,0.9999999999999997
2021-01-25,-0.007262124266614989,4.978198736530707,0.0,0.0,0.9999999999999997
2021-01-26,-0.010672164939842022,4.925070578511138,0.0,0.0,0.9999999999999997
2021-01-27,-0.03940485992009535,4.730998862268324,0.0,0.0,0.9999999999999997
2021-01-28,0.022056659016930658,4.835348890982863,0.0,0.0,0.9999999999999997
2021-01-29,-0.016930483017720266,4.753484098699325,0.0,0.0,0.9999999999999997
2021-02-01,0.01479015733252309,4.823788876396735,0.0,0.0,0.9999999999999997
2021-02-02,0.02332336391035983,4.936295859787682,0.0004220051186470647,0.8440102372941294,1.0
2021-02-03,-0.0018278161884860422,4.9272732183040056,0.0,0.0,1.0
2021-02-04,0.019892848947286934,5.02529072015774,0.0,0.0,1.0
2021-02-05,0.008695614124722306,5.068988709124779,0.0,0.0,1.0
2021-02-08,0.013618045629397724,5.138018428660542,0.0,0.0,1.0
2021-02-09,-0.0015225970039198788,5.1301952971949785,0.0,0.0,1.0
2021-02-10,-0.0073573653002517725,5.092450576331881,0.0,0.0,1.0
2021-02-11,0.0019191414212609281,5.102223709168644,0.0,0.0,1.0
2021-02-12,0.010944940701951067,5.158067245113584,0.0,0.0,1.0
2021-02-16,0.006640844930106526,5.192321169827445,0.0,0.0,1.0
2021-02-17,-0.005256397872617002,5.16502826387642,0.0,0.0,1.0
2021-02-18,-0.013190424833676051,5.0968993467979455,0.0,0.0,1.0
2021-02-19,0.020289645177256288,5.200313626048665,0.0,0.0,1.0
2021-02-22,-0.0032602219448089054,5.183359449445132,0.0,0.0,1.0
2021-02-23,-0.007319012232116617,5.145422378231186,0.0,0.0,1.0
2021-02-24,0.017579534425510746,5.235876508063095,0.0,0.0,1.0
2021-02-25,-0.029567948147848577,5.081062382964147,0.0,0.0,1.0
2021-02-26,-0.0025835746184610375,5.067935079156704,0.0,0.0,1.0
2021-03-01,0.026504933720595147,5.202260362530031,0.0,0.0,1.0
2021-03-02,-0.006650018113280587,5.167665236889205,0.0004782604844086108,0.9565209688172217,0.9999999999999998
2021-03-03,-0.015440816880881836,5.0878722642647,0.0,0.0,0.9999999999999998
2021-03-04,-0.021121374175613217,4.980409410413441,0.0,0.0,0.9999999999999998
2021-03-05,0.021293024196810117,5.086457388499395,0.0,0.0,0.9999999999999998
2021-03-08,-0.0016225142952228655,5.0782045386745125,0.0,0.0,0.9999999999999998
2021-03-09,0.016187707674755858,5.160409029259194,0.0,0.0,0.9999999999999998
2021-03-10,0.012781980656527248,5.226369277650954,0.0,0.0,0.9999999999999998
2021-03-11,0.019574581423367876,5.328673268624921,0.0,0.0,0.9999999999999998
2021-03-12,0.011234938360872082,5.388540584343149,0.0,0.0,0.9999999999999999
2021-03-15,-0.0005941450899231704,5.3853390094131095,0.0,0.0,0.9999999999999999
2021-03-16,-0.013438567177190386,5.312967769363167,0.0,0.0,0.9999999999999998
2021-03-17,0.007086287795464941,5.350616988024904,0.0,0.0,0.9999999999999999
2021-03-18,-0.00837255438825657,5.305818656281936,0.0,0.0,0.9999999999999998
2021-03-19,0.006307794916643017,5.339286672230661,0.0,0.0,0.9999999999999999
2021-03-22,0.0035077633877698133,5.358015626536319,0.0,0.0,0.9999999999999999
2021-03-23,-0.02805230936738312,5.207710914585449,0.0,0.0,0.9999999999999998
2021-03-24,-0.02333222955514591,5.086203408069502,0.0,0.0,0.9999999999999998
2021-03-25,0.008336589529882366,5.128604998148066,0.0,0.0,0.9999999999999998
2021-03-26,0.0044214904322184,5.151281076078004,0.0,0.0,0.9999999999999998
2021-03-29,-0.011758360401461387,5.090710456656251,0.0,0.0,0.9999999999999998
2021-03-30,0.011380970025689052,5.1486476797729175,0.0,0.0,0.9999999999999998
2021-03-31,0.0002600545599587001,5.149986609079663,0.0,0.0,0.9999999999999998
2021-04-01,0.008612673655679748,5.194341763074787,0.0,0.0,0.9999999999999998
2021-04-05,0.0020744856683174717,5.205117350618629,0.0005721601314638136,1.1443202629276272,0.9999999999999997
2021-04-06,0.007360176626975967,5.243427933683319,0.0,0.0,0.9999999999999997
2021-04-07,-0.009328850261276056,5.194512779634195,0.0,0.0,0.9999999999999997
2021-04-08,0.002280450062143391,5.206358606625317,0.0,0.0,0.9999999999999997
2021-04-09,0.001152941068144786,5.2123612312783845,0.0,0.0,0.9999999999999997
2021-04-12,-0.010179329225421085,5.159302890263381,0.0,0.0,0.9999999999999997
2021-04-13,0.006003847293702069,5.190278556958478,0.0,0.0,0.9999999999999997
2021-04-14,0.009215615968826585,5.238110170910642,0.0,0.0,0.9999999999999997
2021-04-15,-0.002527741618111201,5.2248695818313795,0.0,0.0,0.9999999999999997
2021-04-16,-0.0006374838362960267,5.221538811926207,0.0,0.0,0.9999999999999997
2021-04-19,-0.005650807796530599,5.192032899697887,0.0,0.0,0.9999999999999997
2021-04-20,-0.029393598776411123,5.039420367810241,0.0,0.0,0.9999999999999997
2021-04-21,0.03254221413884206,5.203414264555164,0.0,0.0,0.9999999999999997
2021-04-22,-0.010222878432190496,5.150220393096291,0.0,0.0,0.9999999999999997
2021-04-23,0.020833994201273187,5.257520054901337,0.0,0.0,0.9999999999999997
2021-04-26,0.01371034346531208,5.3296024606298005,0.0,0.0,0.9999999999999997
2021-04-27,0.002499010420677461,5.342921192716982,0.0,0.0,0.9999999999999997
2021-04-28,0.007619539112260654,5.383631789718615,0.0,0.0,0.9999999999999997
2021-04-29,-0.01609538080029005,5.296980185974547,0.0,0.0,0.9999999999999997
2021-04-30,-0.0022294566821949857,5.285170798103472,0.0,0.0,0.9999999999999997
2021-05-03,0.0065477266564852865,5.319776651822291,0.0,0.0,0.9999999999999997
2021-05-04,-0.012941028691438428,5.250933269539015,0.0005679125467080552,1.1358250934161103,0.9999999999999997
2021-05-05,0.009098678558896456,5.298709823492765,0.0,0.0,0.9999999999999997
2021-05-06,0.0006404235150796467,5.302103241863314,0.0,0.0,0.9999999999999997
2021-05-07,0.021116506370834953,5.414065138748946,0.0,0.0,0.9999999999999997
2021-05-10,-0.023576299839370374,5.286421515687918,0.0,0.0,0.9999999999999997
2021-05-11,-0.0076960825856798865,5.2457367791204685,0.0,0.0,0.9999999999999997
2021-05-12,-0.035694531578246425,5.0584926620069846,0.0,0.0,0.9999999999999997
2021-05-13,0.014590655187291413,5.132299384205773,0.0,0.0,0.9999999999999997
2021-05-14,0.02398238049833501,5.2553841408691655,0.0,0.0,0.9999999999999997
2021-05-17,-0.0036605859900185056,5.236146355310934,0.0,0.0,0.9999999999999997
2021-05-18,-0.005207425768530172,5.208879511852492,0.0,0.0,0.9999999999999997
2021-05-19,-0.007624754080080676,5.169163086541847,0.0,0.0,0.9999999999999997
2021-05-20,0.015156783724650458,5.247510973482008,0.0,0.0,0.9999999999999997
2021-05-21,0.005768102654554186,5.277779155457952,0.0,0.0,0.9999999999999997
2021-05-24,0.009961598330830101,5.3303542714834515,0.0,0.0,0.9999999999999997
2021-05-25,-0.0026531439378197907,5.3162120743616335,0.0,0.0,0.9999999999999997
2021-05-26,0.016068692022535025,5.401636648911032,0.0,0.0,0.9999999999999997
2021-05-27,0.015987626195051785,5.487995996495314,0.0,0.0,0.9999999999999997
2021-05-28,-0.005860263900495988,5.455834891670986,0.0,0.0,0.9999999999999997
2021-06-01,0.00481265329485292,5.482091933438561,0.0,0.0,0.9999999999999997
2021-06-02,-0.0067519820330158575,5.445076947200643,0.00027432479573756313,0.5486495914751263,0.9999999999999997
2021-06-03,-0.006674049600735699,5.408736233575203,0.0,0.0,0.9999999999999997
2021-06-04,0.007394844184341665,5.4487329952566945,0.0,0.0,0.9999999999999997
2021-06-07,-0.002424799825575752,5.435520908440187,0.0,0.0,0.9999999999999997
2021-06-08,0.00417764448134772,5.458228582366583,0.0,0.0,0.9999999999999997
2021-06-09,-0.013379429569594592,5.385200597474061,0.0,0.0,0.9999999999999997
2021-06-10,-0.002165968447190858,5.373536422898138,0.0,0.0,0.9999999999999997
2021-06-11,0.004104817196523891,5.395593807612998,0.0,0.0,0.9999999999999997
2021-06-14,-0.008079070990807735,5.3520024222037295,0.0,0.0,0.9999999999999997
2021-06-15,0.0010318125882899931,5.357524685675518,0.0,0.0,0.9999999999999997
2021-06-16,-0.0008166199985409905,5.353149623874518,0.0,0.0,0.9999999999999997
2021-06-17,-0.016136026406946447,5.266771060183344,0.0,0.0,0.9999999999999997
2021-06-18,-0.009230168867846444,5.218157873909565,0.0,0.0,0.9999999999999997
2021-06-21,0.022313386893399567,5.334592649420948,0.0,0.0,0.9999999999999997
2021-06-22,0.003616701053134719,5.353886276274153,0.0,0.0,0.9999999999999997
2021-06-23,0.010632118460782047,5.4108094293890545,0.0,0.0,0.9999999999999997
2021-06-24,0.0096474876505388,5.463010146538505,0.0,0.0,0.9999999999999997
2021-06-25,0.0006021435982457302,5.466299663125394,0.0,0.0,0.9999999999999997
2021-06-28,-3.5067983027881056e-05,5.466107971021582,0.0,0.0,0.9999999999999997
2021-06-29,-0.00023311980129392396,5.464833713017526,0.0,0.0,0.9999999999999997
2021-06-30,0.0032246562240008103,5.482455923063338,0.0,0.0,0.9999999999999997
2021-07-01,0.005486109005932827,5.5125332738774855,0.0,0.0,0.9999999999999997
2021-07-02,-0.00028402470336408303,5.510967578249588,0.0004646741497484312,0.9293482994968624,0.9999999999999999
2021-07-06,-0.017116143473876688,5.416641066500385,0.0,0.0,0.9999999999999999
2021-07-07,-0.00042902919246978755,5.414317169357726,0.0,0.0,0.9999999999999999
2021-07-08,-0.012651321571555796,5.345818901757785,0.0,0.0,0.9999999999999999
2021-07-09,0.019167631755611758,5.448285589898867,0.0,0.0,0.9999999999999999
2021-07-12,0.012188889979258377,5.514694143529723,0.0,0.0,0.9999999999999999
2021-07-13,-0.006631521700286247,5.478123329646464,0.0,0.0,0.9999999999999999
2021-07-14,-0.01098985779208006,5.417919533286173,0.0,0.0,0.9999999999999999
2021-07-15,-0.011710457822777798,5.354473215104421,0.0,0.0,0.9999999999999999
2021-07-16,-0.017460433821319232,5.260981789884064,0.0,0.0,0.9999999999999998
2021-07-19,-0.011668333828574351,5.199594898093646,0.0,0.0,0.9999999999999998
2021-07-20,0.018306632026092062,5.294781968577792,0.0,0.0,0.9999999999999998
2021-07-21,0.014525569537629845,5.371691692248957,0.0,0.0,0.9999999999999999
2021-07-22,-0.002152099305822275,5.3601312782869766,0.0,0.0,0.9999999999999999
2021-07-23,0.010043312468707821,5.413964751588107,0.0,0.0,0.9999999999999999
2021-07-26,0.010227166095282403,5.469334268336603,0.0,0.0,0.9999999999999999
2021-07-27,-0.01905579729728535,5.365111743168084,0.0,0.0,0.9999999999999999
2021-07-28,0.007907495952895527,5.407536342564018,0.0,0.0,0.9999999999999999
2021-07-29,0.015581461891048809,5.4917936640101415,0.0,0.0,0.9999999999999999
2021-07-30,-0.0021341965589549705,5.48007309686992,0.0,0.0,0.9999999999999999
2021-08-02,-0.002496341751918818,5.466392961594637,0.0,0.0,0.9999999999999999
2021-08-03,0.013226678454652419,5.538695183604424,0.00036881942478365627,0.7376388495673125,0.9999999999999999
2021-08-04,-0.014921854801483447,5.456047578285003,0.0,0.0,0.9999999999999999
2021-08-05,0.013279688094512077,5.528502188353446,0.0,0.0,0.9999999999999999
2021-08-06,0.00790058057359122,5.572180565343808,0.0,0.0,0.9999999999999999
2021-08-09,-0.0032868647335018153,5.553865561554875,0.0,0.0,0.9999999999999999
2021-08-10,0.012151566406570335,5.621353727739273,0.0,0.0,0.9999999999999999
2021-08-11,0.008263271207876732,5.6678044981469915,0.0,0.0,0.9999999999999999
2021-08-12,0.004744782401275405,5.6946969971836685,0.0,0.0,0.9999999999999999
2021-08-13,-0.009062144187943044,5.643090831888544,0.0,0.0,0.9999999999999999
2021-08-16,-0.010623613063854953,5.583140818406372,0.0,0.0,0.9999999999999999
2021-08-17,-0.01914406404241953,5.476256813020954,0.0,0.0,0.9999999999999999
2021-08-18,-0.010102136592457178,5.420934918680442,0.0,0.0,0.9999999999999999
2021-08-19,-0.014801581420163412,5.340696509108186,0.0,0.0,0.9999999999999999
2021-08-20,0.00887623725320652,5.3881017984204025,0.0,0.0,0.9999999999999999
2021-08-23,0.021620614826595608,5.504595872050538,0.0,0.0,0.9999999999999999
2021-08-24,0.014259657763312061,5.583089525311318,0.0,0.0,0.9999999999999999
2021-08-25,0.006476054276804755,5.619245916109494,0.0,0.0,0.9999999999999999
2021-08-26,-0.012329291957859145,5.549964592626773,0.0,0.0,0.9999999999999999
2021-08-27,0.02310358853172567,5.678188690940468,0.0,0.0,0.9999999999999999
2021-08-30,-0.006518028176449087,5.641178097061723,0.0,0.0,0.9999999999999999
2021-08-31,-0.006902723445403103,5.602238604751441,0.0,0.0,0.9999999999999999
2021-09-01,-0.007981001751302785,5.557527128635703,0.0,0.0,0.9999999999999999
2021-09-02,0.010510211042615847,5.615937911632727,0.00036417672036346334,0.7283534407269266,0.9999999999999997
2021-09-03,-0.00308115904048345,5.598634313765507,0.0,0.0,0.9999999999999997
2021-09-07,-0.0061228515664834005,5.5643547068873,0.0,0.0,0.9999999999999997
2021-09-08,-0.007163354730024718,5.524495260278183,0.0,0.0,0.9999999999999997
2021-09-09,-0.005279228477069631,5.495330187578686,0.0,0.0,0.9999999999999997
2021-09-10,-0.0039081112737299195,5.4738538257197416,0.0,0.0,0.9999999999999997
2021-09-13,0.006134191578530901,5.507431493759581,0.0,0.0,0.9999999999999997
2021-09-14,-0.00997138635584871,5.452514766506935,0.0,0.0,0.9999999999999997
2021-09-15,0.020879942676157004,5.5663629622725,0.0,0.0,0.9999999999999997
2021-09-16,-0.0011303607905877033,5.560070963833767,0.0,0.0,0.9999999999999997
2021-09-17,-0.009528968124872805,5.507089224847364,0.0,0.0,0.9999999999999997
2021-09-20,-0.02219055406307524,5.38488386367321,0.0,0.0,0.9999999999999997
2021-09-21,-0.001303752302149075,5.3778633089391406,0.0,0.0,0.9999999999999997
2021-09-22,0.01854207796255447,5.477580069685452,0.0,0.0,0.9999999999999997
2021-09-23,0.02475922680186371,5.613200716956163,0.0,0.0,0.9999999999999997
2021-09-24,0.004761759500350182,5.639929428797501,0.0,0.0,0.9999999999999997
2021-09-27,0.007391956025466051,5.681619539121904,0.0,0.0,0.9999999999999997
2021-09-28,-0.01967867614855945,5.569812788212197,0.0,0.0,0.9999999999999997
2021-09-29,0.0013722012281698337,5.577455692160857,0.0,0.0,0.9999999999999997
2021-09-30,-0.012587934841913229,5.507247043324278,0.0,0.0,0.9999999999999997
2021-10-01,0.015908148115199694,5.594857144996476,0.0,0.0,0.9999999999999997
2021-10-04,-0.0076532125393404815,5.55203851413857,0.0003947428733420146,0.7894857466840292,0.9999999999999996
2021-10-05,0.012225244523215606,5.619913542576225,0.0,0.0,0.9999999999999996
2021-10-06,-0.006635562550324936,5.582622254737043,0.0,0.0,0.9999999999999996
2021-10-07,0.013200823586894339,5.656317466274097,0.0,0.0,0.9999999999999996
2021-10-08,0.004533792906248557,5.681962038278181,0.0,0.0,0.9999999999999996
2021-10-11,-0.004524325193059675,5.65625499428239,0.0,0.0,0.9999999999999996
2021-10-12,-0.003761892288742019,5.634976772236241,0.0,0.0,0.9999999999999996
2021-10-13,0.0009300289332931921,5.6402174636728555,0.0,0.0,0.9999999999999996
2021-10-14,0.013353690954743369,5.715535184600289,0.0,0.0,0.9999999999999996
2021-10-15,0.0013471458509257683,5.723234844110043,0.0,0.0,0.9999999999999996
2021-10-18,0.0055260990647787445,5.754862006829589,0.0,0.0,0.9999999999999996
2021-10-19,0.006142947782238561,5.7902138236315315,0.0,0.0,0.9999999999999996
2021-10-20,0.008417537834107591,5.838953167559523,0.0,0.0,0.9999999999999996
2021-10-21,-0.008495675988926643,5.78934731333342,0.0,0.0,0.9999999999999996
2021-10-22,0.0005098929078140024,5.792299260469361,0.0,0.0,0.9999999999999996
2021-10-25,0.012233154345388186,5.86315735133736,0.0,0.0,0.9999999999999996
2021-10-26,0.006203209290274181,5.899527743489515,0.0,0.0,0.9999999999999996
2021-10-27,-0.01489693673164505,5.811642851948167,0.0,0.0,0.9999999999999996
2021-10-28,0.014608082204771833,5.8965398084742,0.0,0.0,0.9999999999999996
2021-10-29,0.0034029842606413396,5.916605640634684,0.0,0.0,0.9999999999999996
2021-11-01,0.0069331511359413955,5.9576263617529674,0.0,0.0,0.9999999999999996
2021-11-02,0.001375581850084684,5.965821564445781,0.000307982672736945,0.6159653454738899,0.9999999999999997
2021-11-03,0.0026649975462214037,5.981720464276224,0.0,0.0,0.9999999999999997
2021-11-04,0.007421365889265674,6.026113000488926,0.0,0.0,0.9999999999999997
2021-11-05,0.013544418104740608,6.10773319451396,0.0,0.0,0.9999999999999997
2021-11-08,0.005266367595269106,6.139898762690098,0.0,0.0,0.9999999999999997
2021-11-09,-0.0017230861521558838,6.129319188156468,0.0,0.0,0.9999999999999997
2021-11-10,-0.01917727542076475,6.011775545943413,0.0,0.0,0.9999999999999997
2021-11-11,0.00504556524179689,6.042108351679509,0.0,0.0,0.9999999999999997
2021-11-12,0.005352587190148084,6.074449263444196,0.0,0.0,0.9999999999999997
2021-11-15,-0.0007113341981672683,6.070128299948076,0.0,0.0,0.9999999999999997
2021-11-16,-0.0008879123144173162,6.0647385582804585,0.0,0.0,0.9999999999999997
2021-11-17,-0.009725196881000264,6.005757781769387,0.0,0.0,0.9999999999999997
2021-11-18,-0.0010894207946204881,5.999214984354474,0.0,0.0,0.9999999999999997
2021-11-19,-0.019085748211945086,5.8847154776937565,0.0,0.0,0.9999999999999997
2021-11-22,0.0034393573483177953,5.904955117114722,0.0,0.0,0.9999999999999997
2021-11-23,0.01624758364774337,6.000896369316213,0.0,0.0,0.9999999999999997
2021-11-24,0.005936731071518375,6.036522077248895,0.0,0.0,0.9999999999999997
2021-11-26,-0.031702377148496774,5.845149977690723,0.0,0.0,0.9999999999999997
2021-11-29,0.012671014627937849,5.919213958560532,0.0,0.0,0.9999999999999997
2021-11-30,-0.0232473813193822,5.781607734554866,0.0,0.0,0.9999999999999997
2021-12-01,-0.007730428409492784,5.7369134298711195,0.0,0.0,0.9999999999999997
2021-12-02,0.015700620250355568,5.826986529042691,0.00042129803275725233,0.8425960655145047,0.9999999999999999
2021-12-03,-0.01683923560310996,5.728864530023993,0.0,0.0,0.9999999999999999
2021-12-06,0.004978218243663957,5.757384067942838,0.0,0.0,0.9999999999999999
2021-12-07,0.03216159443306443,5.942550719331402,0.0,0.0,0.9999999999999999
2021-12-08,2.4082559584304164e-06,5.94256503051458,0.0,0.0,0.9999999999999999
2021-12-09,-0.01279164440300351,5.866549851802514,0.0,0.0,0.9999999999999999
2021-12-10,0.017002580094022113,5.96629633553336,0.0,0.0,0.9999999999999999
2021-12-13,-0.018983373211373333,5.853035905506281,0.0,0.0,0.9999999999999999
2021-12-14,-0.012698049168952452,5.778713767790518,0.0,0.0,0.9999999999999999
2021-12-15,0.010860534435062963,5.841473687655979,0.0,0.0,0.9999999999999999
2021-12-16,-0.002340095305264467,5.827804082503669,0.0,0.0,0.9999999999999999
2021-12-17,-0.012857422759655623,5.7528735416544725,0.0,0.0,0.9999999999999999
2021-12-20,-0.018386911195532485,5.647095966724943,0.0,0.0,0.9999999999999999
2021-12-21,0.02527756621865085,5.7898408089669084,0.0,0.0,0.9999999999999999
2021-12-22,0.01064190551783617,5.851455747819247,0.0,0.0,0.9999999999999999
2021-12-23,0.0035425950303589193,5.872185085871837,0.0,0.0,0.9999999999999999
2021-12-27,0.022365636320264448,6.003520241907727,0.0,0.0,0.9999999999999999
2021-12-28,-0.008582606837581719,5.951994388029969,0.0,0.0,0.9999999999999999
2021-12-29,0.003446820909941639,5.9725098467424855,0.0,0.0,0.9999999999999999
2021-12-30,-0.009451548796904907,5.916060378486004,0.0,0.0,0.9999999999999999
2021-12-31,-0.0024625673307160367,5.901491681471401,0.0,0.0,0.9999999999999999
2022-01-03,0.009630769137424444,5.958327585422083,0.0,0.0,0.9999999999999999
2022-01-04,0.013878490377003727,6.041020177479399,0.0004114816382427874,0.8229632764855748,0.9999999999999999
2022-01-05,-0.029194928527279784,5.8646530251660325,0.0,0.0,0.9999999999999999
2022-01-06,0.011000705511042819,5.92916834602033,0.0,0.0,0.9999999999999999
2022-01-07,-0.003079155211535678,5.91091151640761,0.0,0.0,0.9999999999999999
2022-01-10,0.006011129777759638,5.94644277263759,0.0,0.0,0.9999999999999999
2022-01-11,0.016643532708100484,6.045412587420831,0.0,0.0,0.9999999999999999
2022-01-12,0.005607220633843335,6.0793105496211135,0.0,0.0,0.9999999999999999
2022-01-13,-0.01981945123309614,5.958821950652051,0.0,0.0,0.9999999999999999
2022-01-14,0.006512279423718237,5.997627464230883,0.0,0.0,0.9999999999999999
2022-01-18,-0.017311865007323513,5.8937973472059015,0.0,0.0,0.9999999999999999
2022-01-19,-0.013583553076554233,5.813738638117676,0.0,0.0,0.9999999999999999
2022-01-20,-0.015851802176576557,5.721580403319915,0.0,0.0,0.9999999999999999
2022-01-21,-0.030376356198650645,5.54777963896945,0.0,0.0,0.9999999999999999
2022-01-24,0.008316669942278088,5.59391869113925,0.0,0.0,0.9999999999999999
2022-01-25,0.0015956836456008094,5.602844815709521,0.0,0.0,0.9999999999999999
2022-01-26,0.0017204831688411026,5.612484415912578,0.0,0.0,0.9999999999999999
2022-01-27,0.0016919016065004566,5.62198018731232,0.0,0.0,0.9999999999999999
2022-01-28,0.021878539929439667,5.744980905322952,0.0,0.0,0.9999999999999999
2022-01-31,0.014300786723311143,5.82713865197947,0.0,0.0,0.9999999999999999
2022-02-01,0.022350073205590126,5.957375627430335,0.0,0.0,0.9999999999999999
2022-02-02,0.02091853527892651,6.081995199662553,0.0004372339208661152,0.8744678417322304,0.9999999999999999
2022-02-03,-0.020879815752352537,5.9550042604869065,0.0,0.0,0.9999999999999999
2022-02-04,0.0004248381223517228,5.957534173315528,0.0,0.0,0.9999999999999999
2022-02-07,-0.002007538223676608,5.945574195743737,0.0,0.0,0.9999999999999999
2022-02-08,-0.003127572743568341,5.926978979944266,0.0,0.0,0.9999999999999999
2022-02-09,0.024521389418056483,6.072316739584115,0.0,0.0,0.9999999999999999
2022-02-10,-0.012016373182423656,5.999349515559394,0.0,0.0,0.9999999999999999
2022-02-11,-0.01243717637059294,5.92473454752555,0.0,0.0,0.9999999999999999
2022-02-14,-0.01161662502444405,5.855909127917577,0.0,0.0,0.9999999999999999
2022-02-15,0.01628014519098131,5.9512441787452675,0.0,0.0,0.9999999999999999
2022-02-16,0.006523352237323143,5.990066240773541,0.0,0.0,0.9999999999999999
2022-02-17,-0.015027989264107533,5.9000475896159035,0.0,0.0,0.9999999999999999
2022-02-18,-0.004679317981730713,5.872439390836747,0.0,0.0,0.9999999999999999
2022-02-22,-0.01967730996146244,5.756885580713351,0.0,0.0,0.9999999999999999
2022-02-23,-0.017593504604061394,5.655601787744016,0.0,0.0,0.9999999999999999
2022-02-24,0.020353622965941343,5.770713774177261,0.0,0.0,0.9999999999999999
2022-02-25,0.02667369461884861,5.924640031122448,0.0,0.0,0.9999999999999999
2022-02-28,0.010085148015107404,5.984390902772549,0.0,0.0,0.9999999999999999
2022-03-01,-0.011385545360018345,5.916255348696951,0.0,0.0,0.9999999999999999
2022-03-02,0.022492201668370626,6.049324957121419,0.0004827518954826397,0.9655037909652795,0.9999999999999997
2022-03-03,-0.00982884973801501,5.989867051101449,0.0,0.0,0.9999999999999997
2022-03-04,0.002906394076854779,6.007275965219918,0.0,0.0,0.9999999999999997
2022-03-07,-0.021402167826018892,5.878707236835072,0.0,0.0,0.9999999999999997
2022-03-08,-0.003700067103567961,5.856955625576552,0.0,0.0,0.9999999999999997
2022-03-09,0.012578714688082027,5.930628599331436,0.0,0.0,0.9999999999999997
2022-03-10,0.00646578736699821,5.968974782807352,0.0,0.0,0.9999999999999997
2022-03-11,-0.013016520356562755,5.89127950103913,0.0,0.0,0.9999999999999997
2022-03-14,-0.011261255794870473,5.824936295618851,0.0,0.0,0.9999999999999997
2022-03-15,0.0144143443697331,5.908898933315658,0.0,0.0,0.9999999999999997
2022-03-16,0.01724176830103996,6.010778799638149,0.0,0.0,0.9999999999999997
2022-03-17,0.02358836599148928,6.152563249857898,0.0,0.0,0.9999999999999997
2022-03-18,0.014232325180589811,6.240128530724022,0.0,0.0,0.9999999999999997
2022-03-21,0.005441707858716782,6.274085487189066,0.0,0.0,0.9999999999999997
2022-03-22,0.004120324143521259,6.2999367531004475,0.0,0.0,0.9999999999999997
2022-03-23,-0.007485349219434223,6.252779526443142,0.0,0.0,0.9999999999999997
2022-03-24,0.016182094644725087,6.353962596532644,0.0,0.0,0.9999999999999997
2022-03-25,0.004563375537526948,6.3829581140120215,0.0,0.0,0.9999999999999997
2022-03-28,0.0004123384558725185,6.385590053104652,0.0,0.0,0.9999999999999997
2022-03-29,0.011052718373573578,6.45616818161071,0.0,0.0,0.9999999999999998
2022-03-30,-0.011037797558984597,6.384906304215334,0.0,0.0,0.9999999999999997
2022-03-31,-0.009230066439411044,6.325973194818012,0.0,0.0,0.9999999999999997
2022-04-01,0.0019889394229146706,6.338555172293487,0.0,0.0,0.9999999999999997
2022-04-04,0.0030486459573006996,6.357879182894627,0.0005593236660862447,1.1186473321724895,0.9999999999999999
2022-04-05,-0.017974643591488926,6.243598570584349,0.0,0.0,0.9999999999999999
2022-04-06,-0.003211559605584724,6.223546881621574,0.0,0.0,0.9999999999999999
2022-04-07,0.016961930583433205,6.329110251810381,0.0,0.0,0.9999999999999999
2022-04-08,0.0196678600660376,6.453590306585511,0.0,0.0,0.9999999999999999
2022-04-11,-0.02937123307339462,6.264040401530588,0.0,0.0,0.9999999999999999
2022-04-12,0.012805471082928177,6.344254389754682,0.0,0.0,0.9999999999999999
2022-04-13,0.017386961490912123,6.454561696517898,0.0,0.0,0.9999999999999999
2022-04-14,-0.003683695960665645,6.430785053668568,0.0,0.0,0.9999999999999999
2022-04-18,0.010364356476557424,6.497436002388906,0.0,0.0,0.9999999999999999
2022-04-19,-0.00037771805731801056,6.494981803484536,0.0,0.0,0.9999999999999999
2022-04-20,-0.001854154145553788,6.482939106048309,0.0,0.0,0.9999999999999999
2022-04-21,-0.03611664114178248,6.248797120811134,0.0,0.0,0.9999999999999999
2022-04-22,-0.03146562816136267,6.052174794151897,0.0,0.0,0.9999999999999999
2022-04-25,-0.01869477169484124,5.939030768117955,0.0,0.0,0.9999999999999999
2022-04-26,-0.012091250884763816,5.867220457088309,0.0,0.0,0.9999999999999999
2022-04-27,0.00868542160661634,5.918179740417085,0.0,0.0,0.9999999999999999
2022-04-28,0.02543926169538513,6.068733863593882,0.0,0.0,0.9999999999999999
2022-04-29,-0.031957175460015086,5.874794270694877,0.0,0.0,0.9999999999999999
2022-05-02,0.007251422344031422,5.917394885135981,0.0,0.0,0.9999999999999999
2022-05-03,0.02880823987497738,6.0878646164219425,0.0002675830715301664,0.5351661430603328,0.9999999999999997
2022-05-04,0.03202530849718577,6.282830358851957,0.0,0.0,0.9999999999999997
2022-05-05,-0.030506313179462508,6.091164368271384,0.0,0.0,0.9999999999999997
2022-05-06,0.012001235746590844,6.164265867826243,0.0,0.0,0.9999999999999997
2022-05-09,-0.08231941996042735,5.656827077104927,0.0,0.0,0.9999999999999997
2022-05-10,0.016405203282768177,5.749628475240301,0.0,0.0,0.9999999999999997
2022-05-11,0.002381974869779313,5.7633239457788905,0.0,0.0,0.9999999999999997
2022-05-12,-0.0013515974384100682,5.755534251897048,0.0,0.0,0.9999999999999997
2022-05-13,0.04821057948142293,6.033011893406183,0.0,0.0,0.9999999999999997
2022-05-16,0.011956335645444405,6.105144608556705,0.0,0.0,0.9999999999999997
2022-05-17,0.018196737527727658,6.216238322567433,0.0,0.0,0.9999999999999997
2022-05-18,-0.04748558865303776,5.921056586612746,0.0,0.0,0.9999999999999997
2022-05-19,0.00456484642936128,5.948085300630192,0.0,0.0,0.9999999999999997
2022-05-20,-0.005493922138971263,5.91540698311257,0.0,0.0,0.9999999999999997
2022-05-23,0.031004789486575923,6.098812931351397,0.0,0.0,0.9999999999999997
2022-05-24,-0.007056662184021567,6.055775668771307,0.0,0.0,0.9999999999999997
2022-05-25,0.019868657332907436,6.176095800419082,0.0,0.0,0.9999999999999997
2022-05-26,0.027974842733609062,6.348871109143509,0.0,0.0,0.9999999999999997
2022-05-27,0.02671269310390212,6.51846655463829,0.0,0.0,0.9999999999999998
2022-05-31,-0.011615916070728316,6.442748594229762,0.0,0.0,0.9999999999999998
2022-06-01,0.002776385725999697,6.460636149462987,0.0,0.0,0.9999999999999998
2022-06-02,0.00920213679091253,6.520087807066659,0.0004139644108891856,0.8279288217783711,0.9999999999999999
2022-06-03,0.0017305596031400583,6.5313712076344945,0.0,0.0,0.9999999999999999
2022-06-06,0.0018767330615789835,6.543628847917307,0.0,0.0,0.9999999999999999
2022-06-07,0.012890264256875783,6.627977952965877,0.0,0.0,0.9999999999999999
2022-06-08,-0.0075154930263005015,6.578165430881889,0.0,0.0,0.9999999999999999
2022-06-09,-0.021652025389995777,6.435734825952841,0.0,0.0,0.9999999999999999
2022-06-10,-0.022729071325855887,6.289456550059464,0.0,0.0,0.9999999999999999
2022-06-13,-0.04600915776265668,6.0000839514064035,0.0,0.0,0.9999999999999999
2022-06-14,0.0048880548231766685,6.0294126907045404,0.0,0.0,0.9999999999999999
2022-06-15,-0.005573195213277815,5.995809596757829,0.0,0.0,0.9999999999999999
2022-06-16,-0.047482201541693025,5.711115357078957,0.0,0.0,0.9999999999999999
2022-06-17,-0.029306452054090548,5.543742828691342,0.0,0.0,0.9999999999999999
2022-06-21,0.031463011526669415,5.718165673211349,0.0,0.0,0.9999999999999999
2022-06-22,-0.028072895564780764,5.557640205445172,0.0,0.0,0.9999999999999999
2022-06-23,-0.02493276897122798,5.4190728461776,0.0,0.0,0.9999999999999999
2022-06-24,0.026920814867881226,5.564958703025109,0.0,0.0,0.9999999999999999
2022-06-27,0.017840510084756733,5.664240404887683,0.0,0.0,0.9999999999999999
2022-06-28,0.005556950621201873,5.69571630912426,0.0,0.0,0.9999999999999999
2022-06-29,-0.01924925676555378,5.586078003426175,0.0,0.0,0.9999999999999999
2022-06-30,-0.00981727740396543,5.531237926066352,0.0,0.0,0.9999999999999999
2022-07-01,0.009066622187852147,5.581387570573114,0.0,0.0,0.9999999999999999
2022-07-05,-0.023206188263522942,5.4518648398387075,0.00038819234051403297,0.7763846810280659,1.0
2022-07-06,-0.004427759946600718,5.427725291066589,0.0,0.0,1.0
2022-07-07,0.03033716218982141,5.592387073543472,0.0,0.0,1.0
2022-07-08,0.0018647044417146041,5.602815222559296,0.0,0.0,1.0
2022-07-11,-0.012365642914098363,5.533532810203453,0.0,0.0,1.0
2022-07-12,-0.01616913524995256,5.444060369785223,0.0,0.0,1.0
2022-07-13,0.0035495799919669224,5.463384497548873,0.0,0.0,1.0
2022-07-14,-0.009755839390182874,5.410084595863971,0.0,0.0,1.0
2022-07-15,0.021262068344130913,5.5251141842887606,0.0,0.0,1.0
2022-07-18,0.006748425236811739,5.562400004286282,0.0,0.0,1.0
2022-07-19,0.03561779560160572,5.7605204306933215,0.0,0.0,1.0
2022-07-20,0.011169572375431924,5.824862980564105,0.0,0.0,1.0
2022-07-21,-0.0038507168407541092,5.802433082589761,0.0,0.0,1.0
2022-07-22,-0.013249446748828886,5.725554054448345,0.0,0.0,1.0
2022-07-25,0.022405687177564415,5.853839027510551,0.0,0.0,1.0
2022-07-26,-0.015502549621931094,5.763089597507772,0.0,0.0,1.0
2022-07-27,0.031072710106879287,5.942164409891102,0.0,0.0,1.0
2022-07-28,0.00739288168068386,5.986094128300598,0.0,0.0,1.0
2022-07-29,0.023986042091153292,6.1296768340236225,0.0,0.0,1.0
2022-08-01,-0.008685575251709321,6.076437064613051,0.0,0.0,1.0
2022-08-02,0.0017503907662317353,6.087073203942539,0.00038297561011560894,0.7659512202312179,0.9999999999999999
2022-08-03,-0.025442344853974452,5.932203788336445,0.0,0.0,0.9999999999999999
2022-08-04,-0.023848607397595867,5.790728989185879,0.0,0.0,0.9999999999999999
2022-08-05,0.021863262539848494,5.917333217373561,0.0,0.0,0.9999999999999999
2022-08-08,0.006740249089828065,5.957217517206173,0.0,0.0,0.9999999999999999
2022-08-09,0.01700151514791126,6.058499241064356,0.0,0.0,0.9999999999999999
2022-08-10,0.00680270375241232,6.099713416585533,0.0,0.0,0.9999999999999999
2022-08-11,0.024498438707529546,6.249146871855249,0.0,0.0,0.9999999999999999
2022-08-12,0.01057015354283486,6.315201313802485,0.0,0.0,0.9999999999999999
2022-08-15,-0.011160359009626974,6.244721399922382,0.0,0.0,0.9999999999999999
2022-08-16,-0.0002308956424269537,6.243279520962969,0.0,0.0,0.9999999999999999
2022-08-17,0.0022150689108371147,6.25710881533152,0.0,0.0,0.9999999999999999
2022-08-18,0.020714856647945368,6.386723927471708,0.0,0.0,0.9999999999999999
2022-08-19,0.0024252451345534443,6.402213298602545,0.0,0.0,0.9999999999999999
2022-08-22,-0.001429870656580401,6.393058961669705,0.0,0.0,0.9999999999999999
2022-08-23,0.024862966365591266,6.55200937160694,0.0,0.0,0.9999999999999999
2022-08-24,0.01633946318909718,6.659065687548931,0.0,0.0,0.9999999999999999
2022-08-25,0.00539506420668312,6.694991774489778,0.0,0.0,0.9999999999999999
2022-08-26,-0.016369957466714657,6.585395043901376,0.0,0.0,0.9999999999999999
2022-08-29,0.008074330606552493,6.638567700660588,0.0,0.0,0.9999999999999999
2022-08-30,-0.03144936990126135,6.429788929427947,0.0,0.0,0.9999999999999999
2022-08-31,-0.008752227303615356,6.373513955203324,0.0,0.0,0.9999999999999999
2022-09-01,-0.01832968795657619,6.256689433217564,0.0,0.0,0.9999999999999999
2022-09-02,0.013539166175895456,6.341399791164866,0.00026679127988916724,0.5335825597783345,0.9999999999999997
2022-09-06,-0.010691973883467765,6.273597710213103,0.0,0.0,0.9999999999999997
2022-09-07,-0.0002289480463121274,6.272161382274001,0.0,0.0,0.9999999999999997
2022-09-08,0.008508470623534548,6.325527883141147,0.0,0.0,0.9999999999999997
2022-09-09,0.018407290533942522,6.441963712666681,0.0,0.0,0.9999999999999998
2022-09-12,0.006244742056568331,6.482192114390058,0.0,0.0,0.9999999999999998
2022-09-13,-0.028992356723121504,6.294258088261856,0.0,0.0,0.9999999999999997
2022-09-14,0.016996616096782935,6.401239176602113,0.0,0.0,0.9999999999999998
2022-09-15,-0.016642285349163344,6.294707927636857,0.0,0.0,0.9999999999999997
2022-09-16,-0.009232182801919175,6.236594033364224,0.0,0.0,0.9999999999999997
2022-09-19,0.0022789372901004246,6.250806840070076,0.0,0.0,0.9999999999999997
2022-09-20,-0.0033782696824066205,6.229689928831687,0.0,0.0,0.9999999999999997
2022-09-21,-0.016230716158209146,6.128577599843165,0.0,0.0,0.9999999999999997
2022-09-22,-0.010861549576593243,6.06201175040847,0.0,0.0,0.9999999999999997
2022-09-23,-0.048038834418218546,5.770799771689302,0.0,0.0,0.9999999999999997
2022-09-26,-0.02168449689455032,5.645662881961034,0.0,0.0,0.9999999999999997
2022-09-27,0.015179927016024441,5.73136363246628,0.0,0.0,0.9999999999999997
2022-09-28,0.04016265612889591,5.961550419186683,0.0,0.0,0.9999999999999997
2022-09-29,-0.0069575642343523425,5.920072549208861,0.0,0.0,0.9999999999999997
2022-09-30,-0.009084471949797668,5.866291816194805,0.0,0.0,0.9999999999999997
2022-10-03,0.048175496129730044,6.148903334881766,0.0,0.0,0.9999999999999997
2022-10-04,0.04041665112602577,6.397421415775338,0.00041096670992827065,0.8219334198565413,0.9999999999999999
2022-10-05,0.0028287810930931467,6.415518320520833,0.0,0.0,0.9999999999999999
2022-10-06,0.004408527928840611,6.443801312214837,0.0,0.0,0.9999999999999999
2022-10-07,-0.01975201625730527,6.316523243937124,0.0,0.0,0.9999999999999999
2022-10-10,-0.017688081015994506,6.204796069058951,0.0,0.0,0.9999999999999999
2022-10-11,-0.012521183910016775,6.127104676354115,0.0,0.0,0.9999999999999999
2022-10-12,-0.003519674601726974,6.105539261642629,0.0,0.0,0.9999999999999999
2022-10-13,0.029038906532719233,6.282837445593317,0.0,0.0,0.9999999999999999
2022-10-14,-0.03077230314411128,6.089500067112345,0.0,0.0,0.9999999999999999
2022-10-17,0.014816285694478903,6.179723839843231,0.0,0.0,0.9999999999999999
2022-10-18,0.010592017601147141,6.245179583525078,0.0,0.0,0.9999999999999999
2022-10-19,0.006586485052808344,6.28631336550407,0.0,0.0,0.9999999999999999
2022-10-20,-0.00028423543523059536,6.28452657248863,0.0,0.0,0.9999999999999999
2022-10-21,0.02880885075526307,6.46557656058294,0.0,0.0,0.9999999999999999
2022-10-24,0.0020009220984582576,6.478513675602284,0.0,0.0,0.9999999999999999
2022-10-25,0.014819976183370054,6.574525093978347,0.0,0.0,0.9999999999999999
2022-10-26,0.006981226066344881,6.6204233399382675,0.0,0.0,0.9999999999999999
2022-10-27,0.00020749698207578327,6.621797057801369,0.0,0.0,0.9999999999999999
2022-10-28,0.01716703134156572,6.735473655430132,0.0,0.0,0.9999999999999999
2022-10-31,-0.003959031494462195,6.708807703098164,0.0,0.0,0.9999999999999999
2022-11-01,0.013068183174800296,6.796479631046762,0.0,0.0,0.9999999999999999
2022-11-02,-0.02354479664291531,6.63645790024605,0.0003189933708257379,0.6379867416514758,1.0
2022-11-03,0.008031076525686132,6.68975580150242,0.0,0.0,1.0
2022-11-04,0.016177198880292343,6.797977311563915,0.0,0.0,1.0
2022-11-07,0.015938891107055264,6.9063295316811635,0.0,0.0,1.0
2022-11-08,0.005270900030036607,6.942732104217145,0.0,0.0,1.0
2022-11-09,-0.03298245114120324,6.713743781803339,0.0,0.0,1.0
2022-11-10,0.03294903597205101,6.934955167177111,0.0,0.0,1.0
2022-11-11,0.006567330930704829,6.980499312749565,0.0,0.0,1.0
2022-11-14,0.0008426109202910315,6.986381157699572,0.0,0.0,1.0
2022-11-15,0.013005240577086852,7.077240725418682,0.0,0.0,1.0
2022-11-16,-0.0173867290465628,6.954190658528528,0.0,0.0,1.0
2022-11-17,0.007071924593408108,7.003370170473826,0.0,0.0,1.0
2022-11-18,0.0017023330475371967,7.015292238959159,0.0,0.0,1.0
2022-11-21,-0.006581880778542493,6.969118421815695,0.0,0.0,1.0
2022-11-22,0.02428925657315273,7.138393127251861,0.0,0.0,1.0
2022-11-23,-0.006755289622977223,7.090171214234605,0.0,0.0,1.0
2022-11-25,-0.0005746317988141181,7.086096976395869,0.0,0.0,1.0
2022-11-28,-0.020012957608563253,6.944283217997091,0.0,0.0,1.0
2022-11-29,0.006651108447815135,6.990470398772332,0.0,0.0,1.0
2022-11-30,0.019161884156341458,7.124420982751941,0.0,0.0,1.0
2022-12-01,-0.007376452250626664,7.071868031559308,0.0,0.0,1.0
2022-12-02,-0.0022532421061617347,7.05593340074138,0.0003246567495257252,0.6493134990514505,0.9999999999999998
2022-12-05,-0.016548141716025255,6.939170814887076,0.0,0.0,0.9999999999999998
2022-12-06,-0.01600426791702758,6.828114466043605,0.0,0.0,0.9999999999999998
2022-12-07,-0.0005912730314806547,6.82407718610397,0.0,0.0,0.9999999999999998
2022-12-08,-0.002019961046894725,6.8102928160070375,0.0,0.0,0.9999999999999998
2022-12-09,-0.019448166732975114,6.67784510582095,0.0,0.0,0.9999999999999998
2022-12-12,0.01984060914896335,6.810337620522861,0.0,0.0,0.9999999999999998
2022-12-13,-0.006604688603216169,6.7653574612565395,0.0,0.0,0.9999999999999998
2022-12-14,-0.004878705577712639,6.7323512740750875,0.0,0.0,0.9999999999999998
2022-12-15,-0.009671814990216854,6.667237218103082,0.0,0.0,0.9999999999999998
2022-12-16,-0.006675327281127963,6.622731227611327,0.0,0.0,0.9999999999999998
2022-12-19,-0.005747219439397044,6.584668937958098,0.0,0.0,0.9999999999999998
2022-12-20,0.00919755070204653,6.645231764371157,0.0,0.0,0.9999999999999998
2022-12-21,0.011436626142395934,6.721230795689844,0.0,0.0,0.9999999999999998
2022-12-22,-0.018551189050128203,6.596543972549458,0.0,0.0,0.9999999999999998
2022-12-23,0.014958749874910637,6.695220023873675,0.0,0.0,0.9999999999999998
2022-12-27,0.0031465468335809543,6.716286847239923,0.0,0.0,0.9999999999999998
2022-12-28,-0.01625708081970123,6.607099629156047,0.0,0.0,0.9999999999999998
2022-12-29,0.009034746829214457,6.666793101580868,0.0,0.0,0.9999999999999998
2022-12-30,0.003395078135609131,6.689427385074675,0.0,0.0,0.9999999999999998
2023-01-03,-0.021737858163991874,6.544013561379598,0.0,0.0,0.9999999999999998
2023-01-04,0.014704682579716133,6.640241203597043,0.00032222092856933835,0.6444418571386767,0.9999999999999996
2023-01-05,0.014795961349765463,6.738489955798585,0.0,0.0,0.9999999999999996
2023-01-06,0.022776167963215466,6.891966934850294,0.0,0.0,0.9999999999999997
2023-01-09,0.0021572148661488377,6.90683438837916,0.0,0.0,0.9999999999999997
2023-01-10,0.01655677926216148,7.021189320747859,0.0,0.0,0.9999999999999997
2023-01-11,0.005028132950677611,7.056492794124456,0.0,0.0,0.9999999999999997
2023-01-12,0.024787526522117798,7.23140579641195,0.0,0.0,0.9999999999999997
2023-01-13,0.006756777929160629,7.28026679949395,0.0,0.0,0.9999999999999997
2023-01-17,4.8050476854966107e-05,7.280616619785298,0.0,0.0,0.9999999999999997
2023-01-18,-0.017047114513980555,7.156503114535428,0.0,0.0,0.9999999999999997
2023-01-19,-0.0019192389986836256,7.1427680746638105,0.0,0.0,0.9999999999999997
2023-01-20,0.014824547833721669,7.248656381651845,0.0,0.0,0.9999999999999997
2023-01-23,0.004960965527617045,7.284616716082761,0.0,0.0,0.9999999999999997
2023-01-24,-0.005417843624134999,7.245149801853264,0.0,0.0,0.9999999999999997
2023-01-25,-0.0012825402401747121,7.235857605686293,0.0,0.0,0.9999999999999997
2023-01-26,0.022740389563123742,7.400403826462892,0.0,0.0,0.9999999999999997
2023-01-27,-0.01113183168698928,7.318023776650955,0.0,0.0,0.9999999999999997
2023-01-30,-0.019343690436038896,7.176466190111847,0.0,0.0,0.9999999999999997
2023-01-31,0.011042428386061509,7.255711804081148,0.0,0.0,0.9999999999999997
2023-02-01,-0.009607845529781334,7.1860000458589255,0.0,0.0,0.9999999999999997
2023-02-02,-0.022572075653948698,7.023797109174519,0.0004216489963839612,0.8432979927679224,0.9999999999999998
2023-02-03,-0.005149468212630626,6.987628289228859,0.0,0.0,0.9999999999999998
2023-02-06,-0.00011009035608977591,6.986859018742274,0.0,0.0,0.9999999999999998
2023-02-07,0.017685592688624352,7.110425761520592,0.0,0.0,0.9999999999999998
2023-02-08,-0.0023341950920449106,7.0938286406057,0.0,0.0,0.9999999999999998
2023-02-09,-0.0033116310333269894,7.070336497534367,0.0,0.0,0.9999999999999998
2023-02-10,0.02315195673763326,7.234028622245791,0.0,0.0,0.9999999999999998
2023-02-13,0.0052197406894929355,7.271788375794284,0.0,0.0,0.9999999999999998
2023-02-14,0.001520575059044349,7.2828456758331654,0.0,0.0,0.9999999999999998
2023-02-15,-0.010816772099902061,7.204068793918921,0.0,0.0,0.9999999999999998
2023-02-16,-0.009561491404417422,7.135187152069034,0.0,0.0,0.9999999999999998
2023-02-17,-0.01123748679055081,7.05500558069955,0.0,0.0,0.9999999999999998
2023-02-21,-0.00792883324032545,6.999067617940618,0.0,0.0,0.9999999999999998
2023-02-22,-0.0017198380529367396,6.9870303551162065,0.0,0.0,0.9999999999999998
2023-02-23,0.005507915106661709,7.025514325159856,0.0,0.0,0.9999999999999998
2023-02-24,-0.00404846038693274,6.997071808716617,0.0,0.0,0.9999999999999998
2023-02-27,0.004959168795575231,7.0317714688908035,0.0,0.0,0.9999999999999998
2023-02-28,-0.004891127167845455,6.997378180421231,0.0,0.0,0.9999999999999998
2023-03-01,0.024951022455465877,7.171969920530308,0.0,0.0,0.9999999999999998
2023-03-02,0.006373037944063187,7.217677156967528,0.0004168783448894395,0.833756689778879,0.9999999999999998
2023-03-03,0.014575558602674787,7.322878833344095,0.0,0.0,0.9999999999999998
2023-03-06,-0.0008922436168158354,7.316345041448328,0.0,0.0,0.9999999999999998
2023-03-07,-0.012129293796777296,7.227602942922007,0.0,0.0,0.9999999999999998
2023-03-08,-0.004537764402688826,7.194805783570847,0.0,0.0,0.9999999999999998
2023-03-09,-0.02081959882183948,7.045012813555852,0.0,0.0,0.9999999999999998
2023-03-10,-0.008065427111335954,6.988191776209689,0.0,0.0,0.9999999999999998
2023-03-13,-0.012006543627370192,6.904287746772198,0.0,0.0,0.9999999999999998
2023-03-14,0.009726888992791727,6.971444987259344,0.0,0.0,0.9999999999999998
2023-03-15,-0.026889270212487548,6.783987919225435,0.0,0.0,0.9999999999999998
2023-03-16,0.014783885242408035,6.884281618109147,0.0,0.0,0.9999999999999998
2023-03-17,-0.015095717037093559,6.780358450798507,0.0,0.0,0.9999999999999998
2023-03-20,0.015545763896052556,6.885764302405225,0.0,0.0,0.9999999999999998
2023-03-21,0.011522737321293608,6.965107155718181,0.0,0.0,0.9999999999999998
2023-03-22,-0.017910682818498502,6.840357330655259,0.0,0.0,0.9999999999999998
2023-03-23,-0.0043148609595689,6.810842139859713,0.0,0.0,0.9999999999999998
2023-03-24,0.002002090681943125,6.824478063444111,0.0,0.0,0.9999999999999998
2023-03-27,0.008592506499637942,6.883117435560891,0.0,0.0,0.9999999999999998
2023-03-28,0.010533332687656438,6.955619601437863,0.0,0.0,0.9999999999999998
2023-03-29,0.009683118308053684,7.022971688944402,0.0,0.0,0.9999999999999998
2023-03-30,0.0036864245984464805,7.048861344532719,0.0,0.0,0.9999999999999998
2023-03-31,0.015895837210774477,7.160908896986732,0.0,0.0,0.9999999999999998
2023-04-03,0.009745863560111534,7.230698138063154,0.0,0.0,0.9999999999999998
2023-04-04,-0.021949297611531082,7.071989392691663,0.000316087624680874,0.632175249361748,0.9999999999999999
2023-04-05,0.00152772435593862,7.082793443131817,0.0,0.0,0.9999999999999999
2023-04-06,0.001492481126621259,7.093364378669448,0.0,0.0,0.9999999999999999
2023-04-10,0.00640083095586963,7.138767804965698,0.0,0.0,0.9999999999999999
2023-04-11,0.0034354020633740046,7.163292342612825,0.0,0.0,0.9999999999999999
2023-04-12,-0.008016618797623942,7.10586695856616,0.0,0.0,0.9999999999999999
2023-04-13,0.011190551407819882,7.185385528063123,0.0,0.0,0.9999999999999999
2023-04-14,-0.0024214143518488385,7.167986732421904,0.0,0.0,0.9999999999999999
2023-04-17,0.0056645414952618545,7.208590090705195,0.0,0.0,0.9999999999999999
2023-04-18,0.0041422022440638084,7.23844952875545,0.0,0.0,0.9999999999999999
2023-04-19,0.0003791521681404397,7.241194002588252,0.0,0.0,0.9999999999999999
2023-04-20,-0.00173499671053301,7.228630554813431,0.0,0.0,0.9999999999999999
2023-04-21,-1.6823171420266014e-05,7.228508946322473,0.0,0.0,0.9999999999999999
2023-04-24,0.003420614158226254,7.253234886367129,0.0,0.0,0.9999999999999999
2023-04-25,-0.013566383512934821,7.154834720189275,0.0,0.0,0.9999999999999999
2023-04-26,-0.009140322602154138,7.089437222681651,0.0,0.0,0.9999999999999999
2023-04-27,0.006925392403967168,7.138534357372013,0.0,0.0,0.9999999999999999
2023-04-28,0.007657419756979866,7.1931971113960325,0.0,0.0,0.9999999999999999
2023-05-01,0.0030663975282285705,7.215254313238478,0.0,0.0,0.9999999999999999
2023-05-02,-0.01924336097511148,7.0764085699615995,0.0004695038274511449,0.9390076549022897,0.9999999999999998
2023-05-03,-0.016683010873674964,6.958352768842364,0.0,0.0,0.9999999999999998
2023-05-04,-0.01232912186598456,6.872562389568795,0.0,0.0,0.9999999999999998
2023-05-05,0.01741877051281704,6.992273976667711,0.0,0.0,0.9999999999999998
2023-05-08,0.0019897706537765902,7.00618699822965,0.0,0.0,0.9999999999999998
2023-05-09,0.0011724168943809676,7.014401170231567,0.0,0.0,0.9999999999999998
2023-05-10,0.0012536180179334444,7.023194549923582,0.0,0.0,0.9999999999999998
2023-05-11,-0.006028410561342956,6.980855849724457,0.0,0.0,0.9999999999999998
2023-05-12,0.01079203456981892,7.056193487381606,0.0,0.0,0.9999999999999998
2023-05-15,0.004584165672254947,7.08854024734325,0.0,0.0,0.9999999999999998
2023-05-16,-0.01742110369003036,6.965050052683329,0.0,0.0,0.9999999999999998
2023-05-17,0.020618636754362152,7.1086598896955575,0.0,0.0,0.9999999999999998
2023-05-18,0.009242518711640058,7.174361811740754,0.0,0.0,0.9999999999999998
2023-05-19,-0.004479456814313609,7.1422245678348,0.0,0.0,0.9999999999999998
2023-05-22,0.00013924290971978337,7.143219071965497,0.0,0.0,0.9999999999999998
2023-05-23,-0.017002829446248313,7.021764136387679,0.0,0.0,0.9999999999999998
2023-05-24,-0.006884498787671056,6.973422809703406,0.0,0.0,0.9999999999999998
2023-05-25,-0.0030174986510559387,6.952380515781883,0.0,0.0,0.9999999999999998
2023-05-26,0.013431919669955494,7.045764332384828,0.0,0.0,0.9999999999999998
2023-05-30,-0.006051383661395793,7.00312770922179,0.0,0.0,0.9999999999999998
2023-05-31,-0.009338514287874022,6.937728901049415,0.0,0.0,0.9999999999999998
2023-06-01,0.01370379027123425,7.032802082868077,0.0,0.0,0.9999999999999998
2023-06-02,0.02230402793387598,7.189661896977788,0.00047255991135894496,0.94511982271789,0.9999999999999998
2023-06-05,-0.00153291191458782,7.178640778594053,0.0,0.0,0.9999999999999998
2023-06-06,0.0021844950570368837,7.194322483891135,0.0,0.0,0.9999999999999998
2023-06-07,0.0017215429464294552,7.206707819017616,0.0,0.0,0.9999999999999998
2023-06-08,0.0035289292648532644,7.232139781143394,0.0,0.0,0.9999999999999998
2023-06-09,0.00352299313398019,7.257618559936347,0.0,0.0,0.9999999999999998
2023-06-12,0.006309587437212993,7.303411138826205,0.0,0.0,0.9999999999999998
2023-06-13,0.005706374571877282,7.345087138436768,0.0,0.0,0.9999999999999998
2023-06-14,0.002221061335261343,7.361401027484075,0.0,0.0,0.9999999999999998
2023-06-15,0.009526828900642714,7.431531835541931,0.0,0.0,0.9999999999999998
2023-06-16,-0.0028335908605175986,7.410473914853094,0.0,0.0,0.9999999999999998
2023-06-20,-0.007107876731500595,7.3578011797443175,0.0,0.0,0.9999999999999998
2023-06-21,0.0001236112392573041,7.358710686666355,0.0,0.0,0.9999999999999998
2023-06-22,-0.0032353470807350293,7.334902703528275,0.0,0.0,0.9999999999999998
2023-06-23,-0.007319008603312138,7.2812184875366945,0.0,0.0,0.9999999999999998
2023-06-26,-0.0039022583765131458,7.252805291702482,0.0,0.0,0.9999999999999998
2023-06-27,0.009915239338766035,7.324718592047181,0.0,0.0,0.9999999999999998
2023-06-28,0.0035220260235626633,7.350516441543644,0.0,0.0,0.9999999999999998
2023-06-29,0.004335292784237277,7.382383082433086,0.0,0.0,0.9999999999999998
2023-06-30,0.01329815374787513,7.480555147688994,0.0,0.0,0.9999999999999998
2023-07-03,-0.0015979821239672232,7.468601354285636,0.0,0.0,0.9999999999999998
2023-07-05,-0.00308186528718013,7.445584131028077,0.00036315193143107694,0.7263038628621539,0.9999999999999999
2023-07-06,-0.012874747636148376,7.349724114337379,0.0,0.0,0.9999999999999999
2023-07-07,0.00990090814230049,7.422493057664685,0.0,0.0,0.9999999999999999
2023-07-10,0.01646378808915605,7.544695410459308,0.0,0.0,0.9999999999999999
2023-07-11,0.008615184158012656,7.609694350836528,0.0,0.0,0.9999999999999999
2023-07-12,0.006705160438135627,7.660718572344062,0.0,0.0,0.9999999999999999
2023-07-13,0.005105650984226884,7.699831527662835,0.0,0.0,0.9999999999999999
2023-07-14,-0.008319070957747643,7.635776082821505,0.0,0.0,0.9999999999999999
2023-07-17,0.007545080587170849,7.693388628711984,0.0,0.0,0.9999999999999999
2023-07-18,0.008012504364296458,7.755031938675768,0.0,0.0,0.9999999999999999
2023-07-19,-0.0032499653294841835,7.729828353746029,0.0,0.0,0.9999999999999999
2023-07-20,-0.010398389132429076,7.649450590596895,0.0,0.0,0.9999999999999999
2023-07-21,-0.0037276399895476153,7.620936192677317,0.0,0.0,0.9999999999999999
2023-07-24,0.0014513996138820762,7.6319972165247885,0.0,0.0,0.9999999999999999
2023-07-25,0.006559074767399364,7.6820560568925575,0.0,0.0,0.9999999999999999
2023-07-26,0.006212949121798372,7.729784280324834,0.0,0.0,0.9999999999999999
2023-07-27,0.0031360979113670417,7.754025640661679,0.0,0.0,0.9999999999999999
2023-07-28,0.014112339267164709,7.8634530811889904,0.0,0.0,0.9999999999999999
2023-07-31,0.0006227553799198482,7.868350088900049,0.0,0.0,0.9999999999999999
2023-08-01,-0.009936216602398629,7.790168458113235,0.0,0.0,0.9999999999999999
2023-08-02,-0.015895923330343176,7.666336537572609,0.00021853739127411785,0.4370747825482357,0.9999999999999997
2023-08-03,-0.002726221001871698,7.645436409896462,0.0,0.0,0.9999999999999997
2023-08-04,0.003282158067245078,7.670529940686813,0.0,0.0,0.9999999999999997
2023-08-07,0.020714126981184133,7.829418271891174,0.0,0.0,0.9999999999999997
2023-08-08,-0.00701332904467622,7.774507985322001,0.0,0.0,0.9999999999999997
2023-08-09,-0.01053801601766391,7.692580095643222,0.0,0.0,0.9999999999999997
2023-08-10,0.002365201364825653,7.710774596584467,0.0,0.0,0.9999999999999997
2023-08-11,-0.008082854586296873,7.648449526772563,0.0,0.0,0.9999999999999997
2023-08-14,0.01034047060873644,7.727538094306558,0.0,0.0,0.9999999999999997
2023-08-15,-0.013511964467860405,7.62312387415225,0.0,0.0,0.9999999999999997
2023-08-16,-0.011240227607576148,7.537438226726031,0.0,0.0,0.9999999999999997
2023-08-17,-0.020116073550835223,7.385814564972333,0.0,0.0,0.9999999999999997
2023-08-18,8.139249378302793e-05,7.386415714838395,0.0,0.0,0.9999999999999997
2023-08-21,0.006817326866176199,7.436771325135909,0.0,0.0,0.9999999999999997
2023-08-22,-0.003004740599238276,7.414425756408022,0.0,0.0,0.9999999999999997
2023-08-23,0.015491303955733393,7.529284879457758,0.0,0.0,0.9999999999999997
2023-08-24,-0.022000542297337278,7.363636528998545,0.0,0.0,0.9999999999999997
2023-08-25,0.003652113224243081,7.39052936334462,0.0,0.0,0.9999999999999997
2023-08-28,0.0054610839796229715,7.430889664851714,0.0,0.0,0.9999999999999997
2023-08-29,0.017170004343447953,7.558478072672901,0.0,0.0,0.9999999999999997
2023-08-30,0.000917360645096732,7.565411922993598,0.0,0.0,0.9999999999999997
2023-08-31,-0.004509153677674904,7.531298317997906,0.0,0.0,0.9999999999999997
2023-09-01,0.00020157367102879853,7.532816429447478,0.0,0.0,0.9999999999999997
2023-09-05,-0.010365793963236114,7.454732806376946,0.00037147847124632756,0.7429569424926551,1.0
2023-09-06,0.0003869236872771076,7.457617219082055,0.0,0.0,1.0
2023-09-07,-0.005597052693944504,7.415876542535584,0.0,0.0,1.0
2023-09-08,-0.0020504421180246313,7.400670716930699,0.0,0.0,1.0
2023-09-11,0.006443331271113406,7.448355689988312,0.0,0.0,1.0
2023-09-12,-0.006429037373213209,7.400469932888392,0.0,0.0,1.0
2023-09-13,-0.017689012605410226,7.269562926959569,0.0,0.0,1.0
2023-09-14,0.013702602769850802,7.369174860058131,0.0,0.0,1.0
2023-09-15,-0.01343609390833278,7.2701619346114645,0.0,0.0,1.0
2023-09-18,-0.0007066869890459682,7.265024205764018,0.0,0.0,1.0
2023-09-19,0.0005917617094215455,7.26932336890701,0.0,0.0,1.0
2023-09-20,-0.012950583530562776,7.1751813894073075,0.0,0.0,1.0
2023-09-21,-0.018299739042575425,7.04387744239801,0.0,0.0,1.0
2023-09-22,-0.008272926787393553,6.985603960017678,0.0,0.0,1.0
2023-09-25,0.0031334890475520627,7.00749327351693,0.0,0.0,1.0
2023-09-26,-0.011574880778594476,6.926382374319169,0.0,0.0,1.0
2023-09-27,0.009575145915536654,6.992703496220075,0.0,0.0,1.0
2023-09-28,0.011315132292321062,7.0718268613607815,0.0,0.0,1.0
2023-09-29,-0.012701615582475734,6.982003235101951,0.0,0.0,1.0
2023-10-02,-0.004617677661090669,6.949762594733558,0.0,0.0,1.0
2023-10-03,-0.02137230219487818,6.801230168376252,0.0004186858776160571,0.8373717552321143,0.9999999999999999
2023-10-04,0.006767122693342342,6.847254927391316,0.0,0.0,0.9999999999999999
2023-10-05,-0.0036603976608866606,6.822191251471598,0.0,0.0,0.9999999999999999
2023-10-06,0.014942188489375674,6.924129719061657,0.0,0.0,0.9999999999999999
2023-10-09,-0.0027123376641272623,6.905349141233343,0.0,0.0,0.9999999999999999
2023-10-10,0.007889179006954405,6.9598266767140515,0.0,0.0,0.9999999999999999
2023-10-11,0.005841720627573155,7.000484039775746,0.0,0.0,0.9999999999999999
2023-10-12,-0.012487352693852038,6.913066526543385,0.0,0.0,0.9999999999999999
2023-10-13,-0.018930444547252234,6.782199104011189,0.0,0.0,0.9999999999999999
2023-10-16,0.012496423776643617,6.866952338152485,0.0,0.0,0.9999999999999999
2023-10-17,0.003320812379672633,6.889756198487643,0.0,0.0,0.9999999999999999
2023-10-18,-0.029601061275158047,6.68581210308531,0.0,0.0,0.9999999999999999
2023-10-19,-0.003949644203127045,6.659405524069163,0.0,0.0,0.9999999999999999
2023-10-20,-0.0161210058508221,6.5520492086526465,0.0,0.0,0.9999999999999999
2023-10-23,0.004789117999117964,6.583427745448911,0.0,0.0,0.9999999999999999
2023-10-24,0.007967444674648716,6.635880841780323,0.0,0.0,0.9999999999999999
2023-10-25,-0.021579948644264935,6.492678874005242,0.0,0.0,0.9999999999999999
2023-10-26,-0.023725356560617805,6.3386377526858775,0.0,0.0,0.9999999999999999
2023-10-27,-0.011297428421652489,6.267027446384125,0.0,0.0,0.9999999999999999
2023-10-30,0.021549258258104498,6.402077239336886,0.0,0.0,0.9999999999999999
2023-10-31,0.0007633946303986505,6.406964550724793,0.0,0.0,0.9999999999999999
2023-11-01,0.010529544729390938,6.4744269705412725,0.0,0.0,0.9999999999999999
2023-11-02,0.023909595644239667,6.629227901435074,0.0003327897104344226,0.6655794208688451,1.0
2023-11-03,0.01988000922008637,6.761017013237657,0.0,0.0,1.0
2023-11-06,-0.00208011789797935,6.746953300739879,0.0,0.0,1.0
2023-11-07,0.005040319267313853,6.780960099457264,0.0,0.0,1.0
2023-11-08,0.004205841585746217,6.809479743434847,0.0,0.0,1.0
2023-11-09,-0.00887827569008337,6.7490233049665935,0.0,0.0,1.0
2023-11-10,0.024458445239085025,6.914093921888427,0.0,0.0,1.0
2023-11-13,0.0027299961991018584,6.932969372015416,0.0,0.0,1.0
2023-11-14,0.03017062451700725,7.142141387726404,0.0,0.0,1.0
2023-11-15,0.0041071781599186785,7.171475434849126,0.0,0.0,1.0
2023-11-16,0.005212892220253451,7.208859563351189,0.0,0.0,1.0
2023-11-17,0.007372772853442289,7.262008847444143,0.0,0.0,1.0
2023-11-20,0.007822707668213358,7.318817419741677,0.0,0.0,1.0
2023-11-21,-0.009116757150951615,7.252093538693738,0.0,0.0,1.0
2023-11-22,0.0022038758530673608,7.268076252527851,0.0,0.0,1.0
2023-11-24,0.0005844912030428251,7.272324379160498,0.0,0.0,1.0
2023-11-27,-0.0024772809929208828,7.254308788201649,0.0,0.0,1.0
2023-11-28,-0.0026609068897345267,7.235005747966861,0.0,0.0,1.0
2023-11-29,0.007232107081371897,7.287330084270499,0.0,0.0,1.0
2023-11-30,0.0033788092984383677,7.311952582920021,0.0,0.0,1.0
2023-12-01,0.015761992792693302,7.427203526832522,0.0,0.0,1.0
2023-12-04,-0.004281398873838271,7.395404706016974,0.0003247598861443068,0.6495197722886136,0.9999999999999999
2023-12-05,-0.010213729963088225,7.319870039381964,0.0,0.0,0.9999999999999999
2023-12-06,-0.0033916523090246065,7.295043585261134,0.0,0.0,0.9999999999999999
2023-12-07,0.010085985471876002,7.3686212888787805,0.0,0.0,0.9999999999999999
2023-12-08,0.011453770203390334,7.453019783837408,0.0,0.0,0.9999999999999999
2023-12-11,0.004479968430802339,7.486409077183144,0.0,0.0,0.9999999999999999
2023-12-12,0.005433834271255433,7.52708898339538,0.0,0.0,0.9999999999999999
2023-12-13,0.009986973503975927,7.602261821634619,0.0,0.0,0.9999999999999999
2023-12-14,0.01501540873298679,7.716412890181644,0.0,0.0,0.9999999999999999
2023-12-15,0.004368574338715625,7.750122613520626,0.0,0.0,0.9999999999999999
2023-12-18,0.0036966258587340928,7.778771917182126,0.0,0.0,0.9999999999999999
2023-12-19,0.010092006300649548,7.8572753323816436,0.0,0.0,0.9999999999999999
2023-12-20,-0.021813716342637735,7.685878957055066,0.0,0.0,0.9999999999999999
2023-12-21,0.016699247462244493,7.814227351723786,0.0,0.0,0.9999999999999999
2023-12-22,0.0007156086374335846,7.81981928031155,0.0,0.0,0.9999999999999999
2023-12-26,0.009096217066851597,7.890950053908814,0.0,0.0,0.9999999999999999
2023-12-27,-0.00040595494279072053,7.887746683731115,0.0,0.0,0.9999999999999999
2023-12-28,-0.0011587285519005786,7.878606926438517,0.0,0.0,0.9999999999999999
2023-12-29,-0.00414010208211868,7.845988689498173,0.0,0.0,0.9999999999999999
2024-01-02,-0.018768266298194725,7.698733084401048,0.0,0.0,0.9999999999999999
2024-01-03,-0.015215319918725934,7.5815943975530065,0.00031306458102637724,0.6261291620527544,0.9999999999999999
2024-01-04,-0.0016501541908396922,7.569083597784638,0.0,0.0,0.9999999999999999
2024-01-05,0.006701072914738093,7.6198045788711415,0.0,0.0,0.9999999999999999
2024-01-08,0.017525171217479762,7.753342958759595,0.0,0.0,0.9999999999999999
2024-01-09,-0.0011484741145770805,7.744438445070021,0.0,0.0,0.9999999999999999
2024-01-10,0.004121509973616488,7.776357225361436,0.0,0.0,0.9999999999999999
2024-01-11,0.001879613663965829,7.790973772658105,0.0,0.0,0.9999999999999999
2024-01-12,-0.00470009846203312,7.754355428811494,0.0,0.0,0.9999999999999999
2024-01-16,-0.00018818925265096098,7.752896142458556,0.0,0.0,0.9999999999999999
2024-01-17,-0.009883046829404663,7.6762739068191275,0.0,0.0,0.9999999999999999
2024-01-18,0.009147222871214389,7.74649049506529,0.0,0.0,0.9999999999999999
2024-01-19,0.01633124311295142,7.873000314612368,0.0,0.0,0.9999999999999999
2024-01-22,-0.0024622800421872926,7.853614783065564,0.0,0.0,0.9999999999999999
2024-01-23,-0.0010530888063386978,7.845344229248221,0.0,0.0,0.9999999999999999
2024-01-24,0.0024963936835693534,7.864929297027544,0.0,0.0,0.9999999999999999
2024-01-25,0.006181321831972841,7.913544956198184,0.0,0.0,0.9999999999999999
2024-01-26,-0.005600750954301348,7.86922316173285,0.0,0.0,0.9999999999999999
2024-01-29,0.013581493405013356,7.9760989642065026,0.0,0.0,0.9999999999999999
2024-01-30,-0.002504145303854677,7.9561256534422045,0.0,0.0,0.9999999999999999
2024-01-31,-0.012686626818935398,7.855189256352425,0.0,0.0,0.9999999999999999
2024-02-01,0.016270846565111352,7.982999835482446,0.0,0.0,0.9999999999999999
2024-02-02,0.013357902389974363,8.089635968064002,0.00037774408318743525,0.7554881663748705,0.9999999999999998
2024-02-05,-0.008893117067270362,8.017693888368408,0.0,0.0,0.9999999999999998
2024-02-06,-0.0030794368414861495,7.993003906424808,0.0,0.0,0.9999999999999998
2024-02-07,0.00843954044723727,8.060461186188006,0.0,0.0,0.9999999999999998
2024-02-08,0.004982102762939533,8.10061923213428,0.0,0.0,0.9999999999999998
2024-02-09,-0.0019786652250111114,8.084590818558599,0.0,0.0,0.9999999999999998
2024-02-12,-0.00364256948283892,8.055142134761677,0.0,0.0,0.9999999999999998
2024-02-13,-0.016019586505150785,7.926102088522578,0.0,0.0,0.9999999999999998
2024-02-14,0.02242463297939956,8.10384201881495,0.0,0.0,0.9999999999999998
2024-02-15,0.006585217524460285,8.157207581292708,0.0,0.0,0.9999999999999998
2024-02-16,-0.01647035032437949,8.022855514760133,0.0,0.0,0.9999999999999998
2024-02-20,-0.008314860397714563,7.9561465911638685,0.0,0.0,0.9999999999999998
2024-02-21,-0.0003108286719940567,7.953673592684747,0.0,0.0,0.9999999999999998
2024-02-22,0.02892290476017778,8.18371693649951,0.0,0.0,0.9999999999999998
2024-02-23,-0.0014480021529574838,8.171866896756264,0.0,0.0,0.9999999999999998
2024-02-26,0.005007896583232085,8.212790761067156,0.0,0.0,0.9999999999999998
2024-02-27,0.00495548910598731,8.253489156213378,0.0,0.0,0.9999999999999998
2024-02-28,-0.006209628430528857,8.202238055297894,0.0,0.0,0.9999999999999998
2024-02-29,0.016738008035050544,8.339527181772867,0.0,0.0,0.9999999999999998
2024-03-01,0.01827297406768502,8.491915145702157,0.0,0.0,0.9999999999999998
2024-03-04,-0.001411427033620627,8.4799294270983,0.0004770137985384478,0.9540275970768956,0.9999999999999998
2024-03-05,-0.013868493515384328,8.36232558082767,0.0,0.0,0.9999999999999998
2024-03-06,0.004527682549518852,8.400187536433378,0.0,0.0,0.9999999999999998
2024-03-07,0.008814119794188224,8.47422779567315,0.0,0.0,0.9999999999999998
2024-03-08,-0.0018316097332315984,8.458706317560972,0.0,0.0,0.9999999999999998
2024-03-11,-0.0048686284148966585,8.41752401963003,0.0,0.0,0.9999999999999998
2024-03-12,0.01294437764011902,8.526483629334892,0.0,0.0,0.9999999999999998
2024-03-13,-0.0005255845809893911,8.522002241009256,0.0,0.0,0.9999999999999998
2024-03-14,-0.010703261903131756,8.430789019084658,0.0,0.0,0.9999999999999998
2024-03-15,-0.011351248964851401,8.335089033958893,0.0,0.0,0.9999999999999998
2024-03-18,0.005501861796632923,8.380947541886366,0.0,0.0,0.9999999999999998
2024-03-19,0.005606358270749068,8.427934136454535,0.0,0.0,0.9999999999999998
2024-03-20,0.014055752424626533,8.546395092127598,0.0,0.0,0.9999999999999998
2024-03-21,0.012688220005451889,8.654833633310028,0.0,0.0,0.9999999999999998
2024-03-22,-0.0012279692435718248,8.644205763800093,0.0,0.0,0.9999999999999998
2024-03-25,0.0010752310926216424,8.65350028260835,0.0,0.0,0.9999999999999998
2024-03-26,0.0021566517239874905,8.672162868911364,0.0,0.0,0.9999999999999998
2024-03-27,0.008206608141243077,8.743331911313557,0.0,0.0,0.9999999999999998
2024-03-28,-0.0029905224597376323,8.717184780859833,0.0,0.0,0.9999999999999998
2024-04-01,0.001728406675664873,8.732251621228075,0.0,0.0,0.9999999999999998
2024-04-02,-0.005302773630032731,8.685946467600216,0.0004695656472557723,0.9391312945115444,0.9999999999999996
2024-04-03,0.0038486338216179306,8.719375494948185,0.0,0.0,0.9999999999999996
2024-04-04,-0.015449128119224942,8.5846687458071,0.0,0.0,0.9999999999999996
2024-04-05,0.014135875772741446,8.706020556747966,0.0,0.0,0.9999999999999996
2024-04-08,-0.002081636572005663,8.687897785960406,0.0,0.0,0.9999999999999996
2024-04-09,-0.005850239857172923,8.637071500057935,0.0,0.0,0.9999999999999996
2024-04-10,-0.012210242946147476,8.531610758698982,0.0,0.0,0.9999999999999996
2024-04-11,0.010138419799480047,8.618107810136433,0.0,0.0,0.9999999999999996
2024-04-12,-0.02279468630923054,8.421660746025243,0.0,0.0,0.9999999999999996
2024-04-15,-0.011734429789287959,8.322837359291807,0.0,0.0,0.9999999999999996
2024-04-16,0.002715912638202589,8.345441458461613,0.0,0.0,0.9999999999999996
2024-04-17,-0.00785970820106996,8.279848723788993,0.0,0.0,0.9999999999999996
2024-04-18,-0.004826006320141407,8.239890121518172,0.0,0.0,0.9999999999999996
2024-04-19,-0.02600426258915045,8.025617855092467,0.0,0.0,0.9999999999999996
2024-04-22,0.011202696002499568,8.115526412155301,0.0,0.0,0.9999999999999996
2024-04-23,0.022661552370635718,8.299436838959636,0.0,0.0,0.9999999999999996
2024-04-24,-0.004561538158696532,8.26157864112303,0.0,0.0,0.9999999999999996
2024-04-25,-0.004272033759992855,8.226284898257317,0.0,0.0,0.9999999999999996
2024-04-26,0.006862489446659348,8.282737691556822,0.0,0.0,0.9999999999999996
2024-04-29,0.0017581687292695936,8.297300141958859,0.0,0.0,0.9999999999999996
2024-04-30,-0.017703883273426646,8.150405708761033,0.0,0.0,0.9999999999999996
2024-05-01,-0.01664341313588813,8.014755139325022,0.0,0.0,0.9999999999999996
2024-05-02,0.008468470504558345,8.082627856823652,0.0003768237491456055,0.7536474982912109,1.0
2024-05-03,0.01448258102294897,8.199685169638446,0.0,0.0,1.0
2024-05-06,0.02405507198845669,8.396929186676779,0.0,0.0,1.0
2024-05-07,-0.006507331230228286,8.342287587142302,0.0,0.0,1.0
2024-05-08,0.0005048092170476526,8.346498850807553,0.0,0.0,1.0
2024-05-09,0.0006780230058462955,8.35215796904667,0.0,0.0,1.0
2024-05-10,0.0017143710038911575,8.366476666488722,0.0,0.0,1.0
2024-05-13,-0.001490874480171378,8.354003299937705,0.0,0.0,1.0
2024-05-14,0.009268316962708134,8.431430850429038,0.0,0.0,1.0
2024-05-15,0.02401616309598298,8.633921468865445,0.0,0.0,1.0
2024-05-16,-0.011657476718470394,8.533271730353045,0.0,0.0,1.0
2024-05-17,-0.004382660992605314,8.495873293201125,0.0,0.0,1.0
2024-05-20,0.013940874444773987,8.614313196080351,0.0,0.0,1.0
2024-05-21,0.002020911971680084,8.631721964746111,0.0,0.0,1.0
2024-05-22,-0.008176748485463015,8.561142545243936,0.0,0.0,1.0
2024-05-23,-0.008448257192286923,8.488815811161885,0.0,0.0,1.0
2024-05-24,0.013799303176339928,8.605955554148215,0.0,0.0,1.0
2024-05-28,0.005979620325473611,8.657415900899922,0.0,0.0,1.0
2024-05-29,-0.012335009545398012,8.550626593123841,0.0,0.0,1.0
2024-05-30,-0.008970511509177603,8.473923098859544,0.0,0.0,1.0
2024-05-31,-0.0026411294939042707,8.451542370634069,0.0,0.0,1.0
2024-06-03,-0.00028742022822358937,8.44911322639706,0.0,0.0,1.0
2024-06-04,-0.004375991923288636,8.412139975159395,0.0005224968523522916,1.044993704704583,0.9999999999999996
2024-06-05,0.016203453586713046,8.548445694811823,0.0,0.0,0.9999999999999996
2024-06-06,-0.003817987865441186,8.515807832880649,0.0,0.0,0.9999999999999996
2024-06-07,0.004897143705481666,8.557510967606532,0.0,0.0,0.9999999999999996
2024-06-10,0.011906704533496182,8.659402722239976,0.0,0.0,0.9999999999999996
2024-06-11,-0.007378851081277449,8.595506279099759,0.0,0.0,0.9999999999999996
2024-06-12,0.011430481018151584,8.693757050464411,0.0,0.0,0.9999999999999996
2024-06-13,-0.0015969385538494585,8.679873654652724,0.0,0.0,0.9999999999999996
2024-06-14,-0.011789820774825599,8.577539499916238,0.0,0.0,0.9999999999999996
2024-06-17,0.014243363746790916,8.699712515066013,0.0,0.0,0.9999999999999996
2024-06-18,0.008479718487666377,8.7734836281174,0.0,0.0,0.9999999999999996
2024-06-20,-0.004493603106586308,8.734059074830508,0.0,0.0,0.9999999999999996
2024-06-21,-0.0013496490510847003,8.722271160288045,0.0,0.0,0.9999999999999996
2024-06-24,-0.0011492364398746346,8.712247208432174,0.0,0.0,0.9999999999999996
2024-06-25,0.0009610162445190529,8.720619819525744,0.0,0.0,0.9999999999999996
2024-06-26,-0.007029172695768526,8.659321076800156,0.0,0.0,0.9999999999999996
2024-06-27,0.0011154084670508269,8.668979756848131,0.0,0.0,0.9999999999999996
2024-06-28,-0.003499566893933048,8.63864208228689,0.0,0.0,0.9999999999999996
2024-07-01,-0.006654588453727905,8.581155474430215,0.0,0.0,0.9999999999999996
2024-07-02,0.00781440351095597,8.648212085897661,0.00041323712648354635,0.8264742529670926,0.9999999999999996
2024-07-03,0.010178725928389198,8.736239866490596,0.0,0.0,0.9999999999999996
2024-07-05,-0.002097791541877614,8.717913056390858,0.0,0.0,0.9999999999999996
2024-07-08,0.00844807128597802,8.791562607356207,0.0,0.0,0.9999999999999996
2024-07-09,-0.00023456053294024226,8.789500453745648,0.0,0.0,0.9999999999999996
2024-07-10,0.007311103496946414,8.85376140124944,0.0,0.0,0.9999999999999996
2024-07-11,-0.00832559640138042,8.780048557188517,0.0,0.0,0.9999999999999996
2024-07-12,0.0036191549876676277,8.81182491371623,0.0,0.0,0.9999999999999996
2024-07-15,-0.007083405515978969,8.74940718451657,0.0,0.0,0.9999999999999996
2024-07-16,0.005812948511864535,8.800267037989503,0.0,0.0,0.9999999999999996
2024-07-17,-0.033408427572775734,8.506263954029745,0.0,0.0,0.9999999999999996
2024-07-18,-0.0076680798136496975,8.441037243114273,0.0,0.0,0.9999999999999996
2024-07-19,-0.007463149829277094,8.378040517454403,0.0,0.0,0.9999999999999996
2024-07-22,0.016788523928717103,8.518695451157448,0.0,0.0,0.9999999999999996
2024-07-23,-0.0011769096252949307,8.508669716486025,0.0,0.0,0.9999999999999996
2024-07-24,-0.0349119184713399,8.211615733044507,0.0,0.0,0.9999999999999996
2024-07-25,-0.012793002852671154,8.10656450954663,0.0,0.0,0.9999999999999996
2024-07-26,0.02972843239819367,8.347559964550282,0.0,0.0,0.9999999999999996
2024-07-29,-0.002925929680676731,8.323135591088775,0.0,0.0,0.9999999999999996
2024-07-30,-0.009906919931227831,8.240678953211106,0.0,0.0,0.9999999999999996
2024-07-31,0.03067140873813501,8.49343218566479,0.0,0.0,0.9999999999999996
2024-08-01,-0.03389646144598091,8.20553488903935,0.0,0.0,0.9999999999999996
2024-08-02,-0.04180630358854687,7.862491806361758,0.000488720160216532,0.977440320433064,0.9999999999999998
2024-08-05,-0.023138602564177435,7.680564733290252,0.0,0.0,0.9999999999999998
2024-08-06,0.019424433392773333,7.829755351370933,0.0,0.0,0.9999999999999998
2024-08-07,-0.007656138210299757,7.769809662248003,0.0,0.0,0.9999999999999998
2024-08-08,0.0334116621394962,8.029411917571226,0.0,0.0,0.9999999999999998
2024-08-09,0.009335031471228383,8.10436673051721,0.0,0.0,0.9999999999999998
2024-08-12,-0.0007397176127944549,8.098371787706101,0.0,0.0,0.9999999999999998
2024-08-13,0.01154258054224555,8.191847896326749,0.0,0.0,0.9999999999999998
2024-08-14,0.0061395663079322205,8.242142289670742,0.0,0.0,0.9999999999999998
2024-08-15,0.022306012218298754,8.425991616289094,0.0,0.0,0.9999999999999998
2024-08-16,-0.00045955839174993685,8.422119381133014,0.0,0.0,0.9999999999999998
2024-08-19,0.011756666171429231,8.521135427152918,0.0,0.0,0.9999999999999998
2024-08-20,-0.006044960414921752,8.469625500805591,0.0,0.0,0.9999999999999998
2024-08-21,0.012331472937819887,8.574068458462245,0.0,0.0,0.9999999999999998
2024-08-22,-0.009018395978141358,8.49674411396014,0.0,0.0,0.9999999999999998
2024-08-23,0.012578092386898776,8.60361694641337,0.0,0.0,0.9999999999999998
2024-08-26,-0.006673934293582762,8.546196972225852,0.0,0.0,0.9999999999999998
2024-08-27,0.0007545559282187142,8.55264555581497,0.0,0.0,0.9999999999999998
2024-08-28,-0.0060763777228960425,8.50067645088779,0.0,0.0,0.9999999999999998
2024-08-29,0.0015894587325930853,8.5141879253056,0.0,0.0,0.9999999999999998
2024-08-30,0.01417540323794575,8.634879972390456,0.0,0.0,0.9999999999999998
2024-09-03,-0.030958641931103648,8.367555815207162,0.0,0.0,0.9999999999999998
2024-09-04,-0.0026250313898129596,8.345590718536231,0.0005088297557340904,1.0176595114681806,0.9999999999999998
2024-09-05,-0.00493785354099352,8.304381413855024,0.0,0.0,0.9999999999999998
2024-09-06,-0.015262418807255318,8.177636466781582,0.0,0.0,0.9999999999999998
2024-09-09,0.013309490987412964,8.28647664563455,0.0,0.0,0.9999999999999998
2024-09-10,-0.0015287452934332757,8.273808733463392,0.0,0.0,0.9999999999999998
2024-09-11,0.002550994044519861,8.294915170267954,0.0,0.0,0.9999999999999998
2024-09-12,0.009819479449585389,8.376366919318453,0.0,0.0,0.9999999999999998
2024-09-13,0.012691534328368226,8.48267586762199,0.0,0.0,0.9999999999999998
2024-09-16,0.012725034868663831,8.590618213817054,0.0,0.0,0.9999999999999998
2024-09-17,0.0005507558610418073,8.595349547148286,0.0,0.0,0.9999999999999998
2024-09-18,0.00020987049769005672,8.597153457435565,0.0,0.0,0.9999999999999998
2024-09-19,0.01468448462468741,8.723398225197355,0.0,0.0,0.9999999999999998
2024-09-20,0.010835882127721463,8.817923940118769,0.0,0.0,0.9999999999999998
2024-09-23,0.005811405741157127,8.869168473929463,0.0,0.0,0.9999999999999998
2024-09-24,0.0006714340118323392,8.875123535299531,0.0,0.0,0.9999999999999998
2024-09-25,0.001654912391156671,8.889811087211145,0.0,0.0,0.9999999999999998
2024-09-26,0.0014420275716955366,8.902630439906067,0.0,0.0,0.9999999999999998
2024-09-27,0.0013822904911566791,8.91493646130943,0.0,0.0,0.9999999999999998
2024-09-30,0.003861178910758545,8.94935862596459,0.0,0.0,0.9999999999999998
2024-10-01,-0.003476979658831092,8.918241888062527,0.0,0.0,0.9999999999999998
2024-10-02,-0.0025508258113006166,8.895493006463035,0.0005717342953787912,1.1434685907575823,0.9999999999999998
2024-10-03,-0.0038286550791288843,8.861435231982485,0.0,0.0,0.9999999999999998
2024-10-04,0.009911447615974511,8.94926488308663,0.0,0.0,0.9999999999999998
2024-10-07,-0.009460090010396272,8.864604031765753,0.0,0.0,0.9999999999999998
2024-10-08,0.008129485469178244,8.93666870143201,0.0,0.0,0.9999999999999998
2024-10-09,0.011599367986947717,9.040328410277358,0.0,0.0,0.9999999999999998
2024-10-10,-0.002455291394610759,9.018131769727148,0.0,0.0,0.9999999999999998
2024-10-11,0.01306245699501174,9.135930728144558,0.0,0.0,0.9999999999999998
2024-10-14,0.0024932649042126442,9.158709023596359,0.0,0.0,0.9999999999999998
2024-10-15,-0.006268325644348094,9.101299252954627,0.0,0.0,0.9999999999999998
2024-10-16,0.008583933166927293,9.179424197474194,0.0,0.0,0.9999999999999998
2024-10-17,-0.004477885817752436,9.13831978404519,0.0,0.0,0.9999999999999998
2024-10-18,0.012978700123677855,9.256923296156586,0.0,0.0,0.9999999999999998
2024-10-21,-0.010428190931690118,9.160390332584255,0.0,0.0,0.9999999999999998
2024-10-22,0.0039497360467908305,9.196571456483538,0.0,0.0,0.9999999999999998
2024-10-23,-0.00031661205734512254,9.19365971107418,0.0,0.0,0.9999999999999998
2024-10-24,-0.007121004695937239,9.128191617098771,0.0,0.0,0.9999999999999998
2024-10-25,-0.007977727441941695,9.05536939233974,0.0,0.0,0.9999999999999998
2024-10-28,0.007941160204095965,9.127279531391578,0.0,0.0,0.9999999999999998
2024-10-29,-0.00638464458002852,9.069005095601073,0.0,0.0,0.9999999999999998
2024-10-30,-0.00015554444573884219,9.067594462230074,0.0,0.0,0.9999999999999998
2024-10-31,-0.015621801073238739,8.925942305328315,0.0,0.0,0.9999999999999998
2024-11-01,-0.004428310927631407,8.886415457478222,0.0,0.0,0.9999999999999998
2024-11-04,-0.0029332516357700733,8.860349364801442,0.00046955277656635997,0.9391055531327199,1.0
2024-11-05,0.027138411263342377,9.100805169800317,0.0,0.0,1.0
2024-11-06,0.031287870808979656,9.385549986210723,0.0,0.0,1.0
2024-11-07,0.002447733746588021,9.40852331364226,0.0,0.0,1.0
2024-11-08,0.010683320372856908,9.509037582437394,0.0,0.0,1.0
2024-11-11,0.01330373784671579,9.635543325608708,0.0,0.0,1.0
2024-11-12,-0.009528083161578271,9.543735067495318,0.0,0.0,1.0
2024-11-13,0.002019036197896673,9.563004214059726,0.0,0.0,1.0
2024-11-14,-0.007326193557202432,9.492943794199181,0.0,0.0,1.0
2024-11-15,0.007611069670864223,9.56519525079843,0.0,0.0,1.0
2024-11-18,-0.000876579969486313,9.556810592237355,0.0,0.0,1.0
2024-11-19,0.00212141629229734,9.577084565930127,0.0,0.0,1.0
2024-11-20,-0.013712914886275684,9.445754820418863,0.0,0.0,1.0
2024-11-21,0.013093950246503505,9.569437064078098,0.0,0.0,1.0
2024-11-22,0.014403845269839843,9.707273754868549,0.0,0.0,1.0
2024-11-25,0.007526468562500055,9.780335245612148,0.0,0.0,1.0
2024-11-26,0.0014904285120735938,9.794912136119848,0.0,0.0,1.0
2024-11-27,-0.003032089683483563,9.76521308408129,0.0,0.0,1.0
2024-11-29,0.005865683376864217,9.822492732140123,0.0,0.0,1.0
2024-12-02,-0.011430240630751376,9.710219276617956,0.0,0.0,1.0
2024-12-03,-0.005917374537555586,9.652760272316415,0.0004709643897279504,0.9419287794559007,0.9999999999999998
2024-12-04,0.005494511598190366,9.70579747558721,0.0,0.0,0.9999999999999998
2024-12-05,0.006116924977119131,9.76516711058849,0.0,0.0,0.9999999999999998
2024-12-06,-0.0025589783954166334,9.74017825892486,0.0,0.0,0.9999999999999998
2024-12-09,-0.014688449622037747,9.597110141258975,0.0,0.0,0.9999999999999998
2024-12-10,-0.004253590030831589,9.556287969237323,0.0,0.0,0.9999999999999998
2024-12-11,0.002581463141472451,9.580957174399206,0.0,0.0,0.9999999999999998
2024-12-12,-0.006311063720780941,9.520491143165499,0.0,0.0,0.9999999999999998
2024-12-13,-0.00015001833980332613,9.519062894890089,0.0,0.0,0.9999999999999998
2024-12-16,-0.004469257390868453,9.47651975269296,0.0,0.0,0.9999999999999998
2024-12-17,-0.0064305504123730595,9.415580514689418,0.0,0.0,0.9999999999999998
2024-12-18,-0.028569308505092428,9.146583890210719,0.0,0.0,0.9999999999999998
2024-12-19,0.0023222650039953496,9.167824681885063,0.0,0.0,0.9999999999999998
2024-12-20,0.015198491780336054,9.307161789956256,0.0,0.0,0.9999999999999998
2024-12-23,0.005471646459178414,9.358087288809271,0.0,0.0,0.9999999999999998
2024-12-24,0.010101983719509322,9.45262253424657,0.0,0.0,0.9999999999999998
2024-12-26,0.0031813949304924094,9.48269505965688,0.0,0.0,0.9999999999999998
2024-12-27,-0.008639575230454777,9.400768602301513,0.0,0.0,0.9999999999999998
2024-12-30,-0.007767749375869437,9.327745787858293,0.0,0.0,0.9999999999999998
2024-12-31,-0.0015243503076397547,9.313527035696985,0.0,0.0,0.9999999999999998
2025-01-02,0.004003239446639162,9.350811314513628,0.0,0.0,0.9999999999999998
2025-01-03,0.015639826980229365,9.497056385597391,0.00046060908993064735,0.9212181798612947,1.0
2025-01-06,-0.0015737445309352838,9.482110445050573,0.0,0.0,1.0
2025-01-07,-0.008799445669424033,9.398673129357872,0.0,0.0,1.0
2025-01-08,0.0029685386438400574,9.426573453743192,0.0,0.0,1.0
2025-01-10,-0.0199007804967406,9.238977284603846,0.0,0.0,1.0
2025-01-13,-0.002206900547107482,9.21858778057974,0.0,0.0,1.0
2025-01-14,0.01531659368244953,9.359785143940876,0.0,0.0,1.0
2025-01-15,0.013805346058982204,9.4890002168907,0.0,0.0,1.0
2025-01-16,0.005601180663112659,9.54214982141782,0.0,0.0,1.0
2025-01-17,0.009238295487426162,9.630303021053368,0.0,0.0,1.0
2025-01-21,0.022202993061650078,9.844124572211404,0.0,0.0,1.0
2025-01-22,0.004922920845417567,9.892586418272831,0.0,0.0,1.0
2025-01-23,0.010330362841161733,9.994780425411138,0.0,0.0,1.0
2025-01-24,0.005761801811575484,10.052368369372571,0.0,0.0,1.0
2025-01-27,-0.021341580726944587,9.837834938320622,0.0,0.0,1.0
2025-01-28,0.0017141112500398403,9.854698081864433,0.0,0.0,1.0
2025-01-29,0.002609587917971501,9.880414782914123,0.0,0.0,1.0
2025-01-30,0.014262613382922229,10.021335319025736,0.0,0.0,1.0
2025-01-31,-0.005894841454521571,9.962261136157482,0.0,0.0,1.0
2025-02-03,-0.0010597930520860332,9.951703201022315,0.0,0.0,1.0
2025-02-04,0.015487123108719691,10.105826453637988,0.0004188206066718097,0.8376412133436194,0.9999999999999998
2025-02-05,0.006754620722966065,10.174087478424429,0.0,0.0,0.9999999999999998
2025-02-06,0.004558997511858953,10.220471117924001,0.0,0.0,0.9999999999999998
2025-02-07,-0.008210245909764047,10.136558536732204,0.0,0.0,0.9999999999999998
2025-02-10,0.0015447921873252835,10.152217413166113,0.0,0.0,0.9999999999999998
2025-02-11,-0.009508239746200853,10.055687696046174,0.0,0.0,0.9999999999999998
2025-02-12,0.0024245141806766846,10.080067853461694,0.0,0.0,0.9999999999999998
2025-02-13,0.0032776807736305535,10.113107098061876,0.0,0.0,0.9999999999999998
2025-02-14,0.005324375692177696,10.166953079667186,0.0,0.0,0.9999999999999998
2025-02-18,0.005405825651771945,10.221913855425612,0.0,0.0,0.9999999999999998
2025-02-19,-0.01110700357729355,10.108379021666613,0.0,0.0,0.9999999999999998
2025-02-20,-0.01744769499425014,9.932011107610297,0.0,0.0,0.9999999999999998
2025-02-21,-0.029596662392025186,9.63805672798451,0.0,0.0,0.9999999999999998
2025-02-24,-0.010803015517475423,9.533936651593786,0.0,0.0,0.9999999999999998
2025-02-25,-0.008133359167009191,9.45639372053086,0.0,0.0,0.9999999999999998
2025-02-26,0.012520303456213133,9.574790639513335,0.0,0.0,0.9999999999999998
2025-02-27,-0.020119615680220693,9.382149531627752,0.0,0.0,0.9999999999999998
2025-02-28,0.022296756338693324,9.591341033667641,0.0,0.0,0.9999999999999998
2025-03-03,-0.017187565700500618,9.426489229495571,0.0,0.0,0.9999999999999998
2025-03-04,-0.025234537625819176,9.188616132354486,0.00045199839947688083,0.9039967989537616,0.9999999999999998
2025-03-05,0.02023636788760208,9.374560348786767,0.0,0.0,0.9999999999999998
2025-03-06,-0.03379489048068762,9.057748108494922,0.0,0.0,0.9999999999999998
2025-03-07,0.004011807453120353,9.09408604986507,0.0,0.0,0.9999999999999998
2025-03-10,-0.04228716093524176,8.709522969515488,0.0,0.0,0.9999999999999998
2025-03-11,-0.003296904205841056,8.680808506606423,0.0,0.0,0.9999999999999998
2025-03-12,0.014496433577723566,8.806649270523382,0.0,0.0,0.9999999999999998
2025-03-13,-0.017632158279643595,8.651369036672206,0.0,0.0,0.9999999999999998
2025-03-14,0.0316421223061949,8.925116713846615,0.0,0.0,0.9999999999999998
2025-03-17,0.008858439563947718,9.004179320857405,0.0,0.0,0.9999999999999998
2025-03-18,-0.020045744534793575,8.823683842446027,0.0,0.0,0.9999999999999998
2025-03-19,0.023149095343435455,9.02794414099514,0.0,0.0,0.9999999999999998
2025-03-20,7.884314551453997e-06,9.028015320146501,0.0,0.0,0.9999999999999998
2025-03-21,0.0035066607015061813,9.059673506682255,0.0,0.0,0.9999999999999998
2025-03-24,0.029847633896343595,9.330083324730111,0.0,0.0,0.9999999999999998
2025-03-25,0.0043365493356219975,9.370543691373268,0.0,0.0,0.9999999999999998
2025-03-26,-0.018020429285001582,9.201682471420858,0.0,0.0,0.9999999999999998
2025-03-27,-0.014788484068060881,9.065603536792896,0.0,0.0,0.9999999999999998
2025-03-28,-0.028664917581998406,8.805738758579654,0.0,0.0,0.9999999999999998
2025-03-31,-0.0006268740680162033,8.800218669302176,0.0,0.0,0.9999999999999998
2025-04-01,0.00754430727229094,8.866610223006742,0.0,0.0,0.9999999999999998
2025-04-02,0.009202434775994028,8.948204625268122,0.0005184703055794933,1.0369406111589865,0.9999999999999996
2025-04-03,-0.054008740569822855,8.464923363096327,0.0,0.0,0.9999999999999996
2025-04-04,-0.06846322620517753,7.885387400079171,0.0,0.0,0.9999999999999997
2025-04-07,-0.0005154276956050863,7.881323053022595,0.0,0.0,0.9999999999999997
2025-04-08,-0.017487712769336805,7.743496739228983,0.0,0.0,0.9999999999999997
2025-04-09,0.10679046346417831,8.5704283448446,0.0,0.0,0.9999999999999996
2025-04-10,-0.03502584934264885,8.270241812836106,0.0,0.0,0.9999999999999996
2025-04-11,0.016853764397577686,8.409626519860641,0.0,0.0,0.9999999999999996
2025-04-14,0.011937522516287657,8.510016625795048,0.0,0.0,0.9999999999999996
2025-04-15,0.008744171866581274,8.584429673758464,0.0,0.0,0.9999999999999996
2025-04-16,-0.017846611561305625,8.431226691895551,0.0,0.0,0.9999999999999996
2025-04-17,0.004703738909767052,8.470884980943287,0.0,0.0,0.9999999999999996
2025-04-21,-0.024394147252513987,8.264244965359048,0.0,0.0,0.9999999999999996
2025-04-22,0.021977152667135957,8.445869538641354,0.0,0.0,0.9999999999999996
2025-04-23,0.01938920918224074,8.609628269851987,0.0,0.0,0.9999999999999996
2025-04-24,0.020959187904203924,8.79007908654516,0.0,0.0,0.9999999999999996
2025-04-25,0.0036958484830067473,8.822565887002678,0.0,0.0,0.9999999999999996
2025-04-28,0.007689189245750017,8.89040426574094,0.0,0.0,0.9999999999999996
2025-04-29,0.005487758546419252,8.939192657731382,0.0,0.0,0.9999999999999996
2025-04-30,0.0010857567094417764,8.948898446136507,0.0,0.0,0.9999999999999996
2025-05-01,-0.005895559237074077,8.89613968524075,0.0,0.0,0.9999999999999996
2025-05-02,0.016893309240553656,9.046424923990683,0.0003313040610303833,0.6626081220607666,0.9999999999999998
2025-05-05,0.0006032021854549541,9.051881747275388,0.0,0.0,0.9999999999999998
2025-05-06,-0.008838197413190918,8.971879429432109,0.0,0.0,0.9999999999999998
2025-05-07,0.0028318675571226137,8.997286603714734,0.0,0.0,0.9999999999999998
2025-05-08,-0.0006563751287231856,8.991381008562062,0.0,0.0,0.9999999999999998
2025-05-09,-0.00289003891707873,8.965395567529034,0.0,0.0,0.9999999999999998
2025-05-12,0.012487871423382257,9.077354274636098,0.0,0.0,0.9999999999999998
2025-05-13,0.004865100328177441,9.121516513896614,0.0,0.0,0.9999999999999998
2025-05-14,-0.0020927034784086196,9.10242788455962,0.0,0.0,0.9999999999999998
2025-05-15,0.010114906512842081,9.194498091651829,0.0,0.0,0.9999999999999998
2025-05-16,0.011681332964365465,9.301902085300636,0.0,0.0,0.9999999999999998
2025-05-19,0.002001644469857622,9.320521186168834,0.0,0.0,0.9999999999999998
2025-05-20,0.003274097569335277,9.351037481929408,0.0,0.0,0.9999999999999998
2025-05-21,-0.01752747682299982,9.187137389193888,0.0,0.0,0.9999999999999998
2025-05-22,-0.0006166564405934993,9.181472081752224,0.0,0.0,0.9999999999999998
2025-05-23,0.0016005096337492475,9.196167116271068,0.0,0.0,0.9999999999999998
2025-05-27,0.01877156049777806,9.368793523641829,0.0,0.0,0.9999999999999998
2025-05-28,-0.0005746276612726975,9.363409955730392,0.0,0.0,0.9999999999999998
2025-05-29,-0.001973414300352916,9.344932068623686,0.0,0.0,0.9999999999999998
2025-05-30,0.0059282475602693285,9.400331139360388,0.0,0.0,0.9999999999999998
2025-06-02,0.0035203756827730803,9.433423836513407,0.0,0.0,0.9999999999999998
2025-06-03,0.0005285531891887629,9.438409902767166,0.0003662761552143171,0.7325523104286341,1.0
2025-06-04,-0.005112027005870767,9.390160496451742,0.0,0.0,1.0
2025-06-05,-0.00819421429096745,9.313215509117239,0.0,0.0,1.0
2025-06-06,0.008700113483474547,9.394241540942614,0.0,0.0,1.0
2025-06-09,0.000908092857975662,9.402772384592042,0.0,0.0,1.0
2025-06-10,0.007422631688710268,9.472565700855645,0.0,0.0,1.0
2025-06-11,0.008347206442188781,9.551635162297883,0.0,0.0,1.0
2025-06-12,2.0966446860448684e-05,9.551835426148944,0.0,0.0,1.0
2025-06-13,-0.005201459092001981,9.502151944926295,0.0,0.0,1.0
2025-06-16,0.011643070137901779,9.61278616648207,0.0,0.0,1.0
2025-06-17,-0.011998650694014512,9.497445703074197,0.0,0.0,1.0
2025-06-18,0.0006511476576236408,9.503629942597161,0.0,0.0,1.0
2025-06-20,0.0021425662822065483,9.523992099670739,0.0,0.0,1.0
2025-06-23,0.01734907801785579,9.68922458164937,0.0,0.0,1.0
2025-06-24,0.009873311150794928,9.784889310753925,0.0,0.0,1.0
2025-06-25,-0.012386286683927272,9.663690866580431,0.0,0.0,1.0
2025-06-26,0.007120350161978095,9.732499729407593,0.0,0.0,1.0
2025-06-27,6.289582738205901e-05,9.733111863030569,0.0,0.0,1.0
2025-06-30,0.012514039078300954,9.854912405238009,0.0,0.0,1.0
2025-07-01,-0.009206146804737747,9.764186634887556,0.0,0.0,1.0
2025-07-02,0.0026954701292216665,9.790505708298042,0.00031760675052310824,0.6352135010462165,0.9999999999999998
2025-07-03,0.008257351775271315,9.871349357989262,0.0,0.0,0.9999999999999998
2025-07-07,0.00036187962657097117,9.874921598208683,0.0,0.0,0.9999999999999998
2025-07-08,-0.007002115234242212,9.805776259248919,0.0,0.0,0.9999999999999998
2025-07-09,0.0052911531478825324,9.857660123170476,0.0,0.0,0.9999999999999998
2025-07-10,0.001195703665139547,9.86944696350945,0.0,0.0,0.9999999999999998
2025-07-11,-0.01096679757676966,9.761210736465978,0.0,0.0,0.9999999999999998
2025-07-14,0.020440864736484432,9.960738324794399,0.0,0.0,0.9999999999999998
2025-07-15,-0.013307123960820344,9.828189545165065,0.0,0.0,0.9999999999999998
2025-07-16,0.008249554062590425,9.90926772615529,0.0,0.0,0.9999999999999998
2025-07-17,0.005928091122822776,9.968010768196386,0.0,0.0,0.9999999999999998
2025-07-18,0.0016668142435845024,9.98462559052502,0.0,0.0,0.9999999999999998
2025-07-21,-0.0021381940255269516,9.963276523740236,0.0,0.0,0.9999999999999998
2025-07-22,-0.0038501505214931786,9.924916409436577,0.0,0.0,0.9999999999999998
2025-07-23,0.007220490557679593,9.996579174656672,0.0,0.0,0.9999999999999998
2025-07-24,-0.00504480866849677,9.946148345381049,0.0,0.0,0.9999999999999998
2025-07-25,0.002687094566549142,9.972874586558014,0.0,0.0,0.9999999999999998
2025-07-28,-0.005005945364932152,9.922950921246384,0.0,0.0,0.9999999999999998
2025-07-29,-0.010208892111906231,9.82164858585964,0.0,0.0,0.9999999999999998
2025-07-30,0.00043556588651583183,9.825926560932986,0.0,0.0,0.9999999999999998
2025-07-31,-0.011244338278194488,9.71544051878516,0.0,0.0,0.9999999999999998
2025-08-01,-0.009520175136969566,9.622947823513515,0.0,0.0,0.9999999999999998
2025-08-04,0.01422934697587186,9.759876087024999,0.0003356281484419507,0.6712562968839014,0.9999999999999997
2025-08-05,0.0068479591568422205,9.826711319844787,0.0,0.0,0.9999999999999997
2025-08-06,-0.0048694149142134435,9.778860985186265,0.0,0.0,0.9999999999999997
2025-08-07,-0.011402958773891192,9.667353036516573,0.0,0.0,0.9999999999999997
2025-08-08,-0.006649638789419154,9.603068630773944,0.0,0.0,0.9999999999999997
2025-08-11,-0.0011232769083155958,9.592281725532025,0.0,0.0,0.9999999999999997
2025-08-12,0.019687458143180736,9.781129370501034,0.0,0.0,0.9999999999999997
2025-08-13,0.005188965424159031,9.83188331261379,0.0,0.0,0.9999999999999997
2025-08-14,-0.01452061284571915,9.689118341487038,0.0,0.0,0.9999999999999997
2025-08-15,-0.0008140765808848371,9.681230657155812,0.0,0.0,0.9999999999999997
2025-08-18,0.0069323450553535615,9.748344288631683,0.0,0.0,0.9999999999999997
2025-08-19,-0.01634307469804297,9.589026369740335,0.0,0.0,0.9999999999999997
2025-08-20,-0.001169409871032867,9.577812867649966,0.0,0.0,0.9999999999999997
2025-08-21,-0.005918526982288896,9.521126323761466,0.0,0.0,0.9999999999999997
2025-08-22,0.016891490069906423,9.681952334513607,0.0,0.0,0.9999999999999997
2025-08-25,-0.005286826411185941,9.630765533199657,0.0,0.0,0.9999999999999997
2025-08-26,0.00487044426920713,9.677671639998907,0.0,0.0,0.9999999999999997
2025-08-27,0.0015518447806668334,9.692689884222448,0.0,0.0,0.9999999999999997
2025-08-28,0.007190607246494007,9.762386210341957,0.0,0.0,0.9999999999999997
2025-08-29,-0.013513488766471737,9.630462313954542,0.0,0.0,0.9999999999999997
2025-09-02,-0.0016357865134176697,9.614708933583398,0.0,0.0,0.9999999999999997
2025-09-03,0.0025857008891776445,9.639569695022148,0.0004741231526864004,0.9482463053728007,0.9999999999999998
2025-09-04,0.010759263358113946,9.743284364029785,0.0,0.0,0.9999999999999998
2025-09-05,-0.0018845728674908857,9.724922434677087,0.0,0.0,0.9999999999999998
2025-09-08,0.007781622507812669,9.800598109981502,0.0,0.0,0.9999999999999998
2025-09-09,0.004699501601113987,9.846656036491234,0.0,0.0,0.9999999999999998
2025-09-10,0.03172035499392134,10.158995461471775,0.0,0.0,0.9999999999999998
2025-09-11,0.018609701732544393,10.348051336912038,0.0,0.0,0.9999999999999998
2025-09-12,0.013857021133933056,10.491444502982652,0.0,0.0,0.9999999999999998
2025-09-15,0.010783573302969529,10.604579763834602,0.0,0.0,0.9999999999999998
2025-09-16,-0.005846823152914182,10.542576661344489,0.0,0.0,0.9999999999999998
2025-09-17,-0.001355080070787662,10.52829062581595,0.0,0.0,0.9999999999999998
2025-09-18,0.016553125134106006,10.702566737993317,0.0,0.0,0.9999999999999999
2025-09-19,0.009169303807795348,10.800701823937183,0.0,0.0,0.9999999999999999
2025-09-22,0.012488423562965423,10.935585563091804,0.0,0.0,0.9999999999999999
2025-09-23,-0.00928025974193325,10.834100488636176,0.0,0.0,0.9999999999999999
2025-09-24,-0.0031713452390089714,10.799741815632595,0.0,0.0,0.9999999999999999
2025-09-25,-0.012405123335765822,10.665769686415246,0.0,0.0,0.9999999999999998
2025-09-26,0.004577823440017337,10.714595696891545,0.0,0.0,0.9999999999999999
2025-09-29,0.0047908230151922915,10.765927428554692,0.0,0.0,0.9999999999999999
2025-09-30,0.0006891939005413406,10.773347240072123,0.0,0.0,0.9999999999999999
2025-10-01,0.00732939131002075,10.852309317713344,0.0,0.0,0.9999999999999999
2025-10-02,0.00737043259695902,10.9322955320609,0.0005445342119156298,1.0890684238312596,0.9999999999999999
2025-10-03,0.0005753399821817329,10.938585318777521,0.0,0.0,0.9999999999999999
2025-10-06,0.00963288756339864,11.043955481255948,0.0,0.0,0.9999999999999999
2025-10-07,-0.005299038789156718,10.985433132775052,0.0,0.0,0.9999999999999999
2025-10-08,0.00403797535828776,11.029792041065315,0.0,0.0,0.9999999999999999
2025-10-09,-0.004953498755452701,10.975155979916996,0.0,0.0,0.9999999999999999
2025-10-10,-0.03169946767263454,10.627249377729497,0.0,0.0,0.9999999999999998
2025-10-13,0.020563421931601322,10.845781990656096,0.0,0.0,0.9999999999999999
2025-10-14,0.010699485188174318,10.96182627441929,0.0,0.0,0.9999999999999999
2025-10-15,0.0068631276871076174,11.03705868782452,0.0,0.0,0.9999999999999999
2025-10-16,-0.0156557130670244,10.86426566390403,0.0,0.0,0.9999999999999999
2025-10-17,0.007550777788095875,10.946299319763009,0.0,0.0,0.9999999999999999
2025-10-20,0.018145886818290435,11.144929628298557,0.0,0.0,0.9999999999999999
2025-10-21,0.0075567661859092805,11.229149255658022,0.0,0.0,0.9999999999999999
2025-10-22,-0.009266895421558563,11.125089903832768,0.0,0.0,0.9999999999999999
2025-10-23,0.009893864801152175,11.235160039241952,0.0,0.0,0.9999999999999999
2025-10-24,0.007426336732802907,11.318596120940295,0.0,0.0,0.9999999999999999
2025-10-27,0.010123377924447396,11.433178547046758,0.0,0.0,0.9999999999999999
2025-10-28,-0.006582569028788621,11.357918860042357,0.0,0.0,0.9999999999999999
2025-10-29,-0.0020143578882863,11.335039946592115,0.0,0.0,0.9999999999999999
2025-10-30,-0.012124000087910591,11.197613921283162,0.0,0.0,0.9999999999999999
2025-10-31,0.009447469538619302,11.303403037709705,0.0,0.0,0.9999999999999999
2025-11-03,0.008390020773256346,11.398238824004578,0.0,0.0,0.9999999999999999
2025-11-04,-0.024285188973395377,11.121430440199735,0.0005571900810017625,1.114380162003525,1.0
2025-11-05,0.024241461597080294,11.391030169120437,0.0,0.0,1.0
2025-11-06,-0.017066904958440765,11.196620539845327,0.0,0.0,1.0
2025-11-07,0.0021654751980222375,11.220866543926029,0.0,0.0,1.0
2025-11-10,0.028080614632040923,11.535955373183576,0.0,0.0,1.0
2025-11-11,-0.01284554645314806,11.387769722555904,0.0,0.0,1.0
2025-11-12,-0.0038479672635511886,11.34394995745865,0.0,0.0,1.0
2025-11-13,-0.043117059797041724,10.854832188808256,0.0,0.0,1.0
2025-11-14,0.0017534609813885105,10.873865713510853,0.0,0.0,1.0
2025-11-17,-0.010617436548087444,10.758413134265227,0.0,0.0,1.0
2025-11-18,-0.014505755068365489,10.60235422841529,0.0,0.0,1.0
2025-11-19,0.00515147365992541,10.656971976956171,0.0,0.0,1.0
2025-11-20,-0.04580616499435142,10.168816960239537,0.0,0.0,1.0
2025-11-21,0.007332228383997164,10.243377048587076,0.0,0.0,1.0
2025-11-24,0.03387444165237441,10.59036572674271,0.0,0.0,1.0
2025-11-25,0.011761585642414252,10.714925220222284,0.0,0.0,1.0
2025-11-26,0.029658296696683628,11.032711651486414,0.0,0.0,1.0
2025-11-28,0.014409815289313066,11.191690988524584,0.0,0.0,1.0
2025-12-01,-0.006437710685891163,11.119642119854568,0.0,0.0,1.0
2025-12-02,0.012927374218873355,11.263389894717875,0.00027062055322116073,0.5412411064423215,1.0
2025-12-03,0.0057332269390293344,11.327965465087061,0.0,0.0,1.0
2025-12-04,0.0019909204109693768,11.35051854274626,0.0,0.0,1.0
2025-12-05,0.01680356925577442,11.541247767168247,0.0,0.0,1.0
2025-12-08,0.012995021578650512,11.69122653094715,0.0,0.0,1.0
2025-12-09,0.004526842452150515,11.744150871525148,0.0,0.0,1.0
2025-12-10,0.022325627632797884,12.006346410746218,0.0,0.0,1.0
2025-12-11,0.005080289294210116,12.06734212387931,0.0,0.0,1.0
2025-12-12,-0.03788081200582294,11.61022140547469,0.0,0.0,1.0
2025-12-15,-0.0020322425768313224,11.586626619208046,0.0,0.0,1.0
2025-12-16,-0.005179209081132563,11.52661705740215,0.0,0.0,1.0
2025-12-17,-0.02782230253423512,11.205920030434832,0.0,0.0,1.0
2025-12-18,0.02272611277468717,11.46058703279062,0.0,0.0,1.0
2025-12-19,0.02517793982645289,11.74914100347805,0.0,0.0,1.0
2025-12-22,0.004220493824638183,11.798728180528032,0.0,0.0,1.0
2025-12-23,0.0014522631358875326,11.815863038514971,0.0,0.0,1.0
2025-12-24,0.007306004935409671,11.902189792190487,0.0,0.0,1.0
2025-12-26,-0.0014053839136553004,11.88546264611927,0.0,0.0,1.0
2025-12-29,-0.006554809873130396,11.807555698219765,0.0,0.0,1.0
2025-12-30,-0.002938490329148613,11.772859309989663,0.0,0.0,1.0
2025-12-31,-0.01390225923071775,11.609189967975418,0.0,0.0,1.0
2026-01-02,0.03813471802455792,12.051903153897687,0.0,0.0,1.0
2026-01-05,0.016238714402541765,12.247610567220924,0.0002749878310657611,0.5499756621315222,0.9999999999999999
2026-01-06,0.03424648524452656,12.667048181791964,0.0,0.0,0.9999999999999999
2026-01-07,-0.024045633434541025,12.362460984514925,0.0,0.0,0.9999999999999999
2026-01-08,-0.01974462962034007,12.118368771179773,0.0,0.0,0.9999999999999999
2026-01-09,0.027420776065051333,12.450663847528004,0.0,0.0,0.9999999999999999
2026-01-12,0.017331613877898944,12.666453945856874,0.0,0.0,0.9999999999999999
2026-01-13,0.013445936255277458,12.836766278193274,0.0,0.0,0.9999999999999999
2026-01-14,-0.0030696312781751667,12.797362138915107,0.0,0.0,0.9999999999999999
2026-01-15,0.018370681266456135,13.03245839982053,0.0,0.0,0.9999999999999999
2026-01-16,0.005079327435083769,13.098654523317327,0.0,0.0,0.9999999999999999
2026-01-20,-0.005533976177084732,13.026166881233426,0.0,0.0,0.9999999999999999
2026-01-21,0.031278065725059534,13.433600185090238,0.0,0.0,0.9999999999999999
2026-01-22,6.97033726555496e-05,13.434536552330046,0.0,0.0,0.9999999999999999
2026-01-23,-0.009862434694235644,13.302039312935369,0.0,0.0,0.9999999999999999
2026-01-26,0.003395712621142799,13.34720921571724,0.0,0.0,0.9999999999999999
2026-01-27,0.028288125722626623,13.724776748057652,0.0,0.0,0.9999999999999999
2026-01-28,0.025996538375425704,14.081573433482681,0.0,0.0,0.9999999999999999
2026-01-29,-0.0008523090281389312,14.069571581314923,0.0,0.0,0.9999999999999999
2026-01-30,-0.04841002146593176,13.388463319047004,0.0,0.0,0.9999999999999999
2026-02-02,0.02608654098995955,13.737722016211894,0.0,0.0,0.9999999999999999
2026-02-03,0.008986039132042212,13.86116972383469,0.00036089998394415903,0.721799967888318,0.9999999999999998
2026-02-04,-0.04352387730241636,13.25787787350654,0.0,0.0,0.9999999999999998
2026-02-05,-0.02539653628065952,12.921173697087479,0.0,0.0,0.9999999999999998
2026-02-06,0.04349941179868955,13.483237152659484,0.0,0.0,0.9999999999999998
2026-02-09,0.013890019367080342,13.67051957784086,0.0,0.0,0.9999999999999998
2026-02-10,-0.0094955528906151,13.540710436147283,0.0,0.0,0.9999999999999998
2026-02-11,0.015970188772132854,13.756958137921345,0.0,0.0,0.9999999999999998
2026-02-12,-0.018731965063541467,13.4992632787012,0.0,0.0,0.9999999999999998
2026-02-13,0.014856115324087815,13.69980989075981,0.0,0.0,0.9999999999999998
2026-02-17,-0.009450702422107105,13.570337064242798,0.0,0.0,0.9999999999999998
2026-02-18,0.014389248615781502,13.765604018060142,0.0,0.0,0.9999999999999998
2026-02-19,-0.008503863211252849,13.648543204470286,0.0,0.0,0.9999999999999998
2026-02-20,0.005392686881310116,13.722145524358028,0.0,0.0,0.9999999999999998
2026-02-23,-0.00808874409875815,13.611150600725576,0.0,0.0,0.9999999999999998
2026-02-24,0.01445656728905731,13.80792111526646,0.0,0.0,0.9999999999999998
2026-02-25,0.013157116404796332,13.989593540688265,0.0,0.0,0.9999999999999998
2026-02-26,-0.01422385612026622,13.79060757498451,0.0,0.0,0.9999999999999998
2026-02-27,-0.007625727642286306,13.685444157596027,0.0,0.0,0.9999999999999998
2026-03-02,-0.009810827062327054,13.551178631694718,0.0,0.0,0.9999999999999998
2026-03-03,-0.04688209885647432,12.915870935461864,0.00023014318831583985,0.4602863766316797,0.9999999999999998
2026-03-04,0.0188667309964603,13.159551197986223,0.0,0.0,0.9999999999999998
2026-03-05,-0.02052110805799623,12.889502625857615,0.0,0.0,0.9999999999999998
2026-03-06,-0.0424792467865146,12.341966262858381,0.0,0.0,0.9999999999999997
2026-03-09,0.04000275931006492,12.835678968684448,0.0,0.0,0.9999999999999998
2026-03-10,0.011228390713776903,12.979802987221447,0.0,0.0,0.9999999999999998
2026-03-11,0.008314209830703412,13.087719792818397,0.0,0.0,0.9999999999999998
2026-03-12,-0.03428072316723019,12.63906329371051,0.0,0.0,0.9999999999999997
2026-03-13,0.0002850222010946091,12.642665707350258,0.0,0.0,0.9999999999999997
2026-03-16,0.02638405369462893,12.97623047821623,0.0,0.0,0.9999999999999998
2026-03-17,0.012883683543744473,13.14341212528826,0.0,0.0,0.9999999999999998
2026-03-18,-0.013346202380912664,12.967997487088422,0.0,0.0,0.9999999999999998
2026-03-19,0.008250507028817688,13.074990041505334,0.0,0.0,0.9999999999999998
2026-03-20,-0.02974865440480068,12.686026681414381,0.0,0.0,0.9999999999999997
2026-03-23,0.012542740921628104,12.845144227404223,0.0,0.0,0.9999999999999998
2026-03-24,0.017451700308386053,13.069313834878876,0.0,0.0,0.9999999999999998
2026-03-25,0.009176717233071008,13.189247232371823,0.0,0.0,0.9999999999999998
2026-03-26,-0.05551173627429229,12.457089218351959,0.0,0.0,0.9999999999999997
2026-03-27,0.002309289615942678,12.485856245128769,0.0,0.0,0.9999999999999997
2026-03-30,-0.039371817126527375,11.994265396377449,0.0,0.0,0.9999999999999997
2026-03-31,0.05788235377332285,12.688521709301693,0.0,0.0,0.9999999999999997
2026-04-01,0.03794920561624848,13.170041028614216,0.0,0.0,0.9999999999999998
2026-04-02,0.008020711933058866,13.275674133851298,0.000317772876909576,0.635545753819152,0.9999999999999999
2026-04-06,0.009833812603473602,13.406224625468374,0.0,0.0,0.9999999999999999
2026-04-07,0.00769659055102534,13.509406847245677,0.0,0.0,0.9999999999999999
2026-04-08,0.062066629677976826,14.3478901992028,0.0,0.0,0.9999999999999999
2026-04-09,0.011951441117780792,14.519368164082955,0.0,0.0,0.9999999999999999
2026-04-10,0.011692436382640059,14.689134952657623,0.0,0.0,0.9999999999999999
2026-04-13,0.008310002922760518,14.811201707047031,0.0,0.0,0.9999999999999999
2026-04-14,0.01223636408834805,14.99243696372042,0.0,0.0,0.9999999999999999
2026-04-15,-0.0068487024787778905,14.889758223524067,0.0,0.0,0.9999999999999999
2026-04-16,0.013287507793261044,15.087606001958918,0.0,0.0,0.9999999999999999
2026-04-17,0.013890496003280184,15.297180332828193,0.0,0.0,0.9999999999999999
2026-04-20,-0.0035945858487985705,15.242193304877288,0.0,0.0,0.9999999999999999
2026-04-21,-0.0014357948779287755,15.220308641801745,0.0,0.0,0.9999999999999999
2026-04-22,0.017432184128896244,15.485631864544263,0.0,0.0,0.9999999999999999
2026-04-23,0.019396131028925456,15.785993209254668,0.0,0.0,0.9999999999999999
2026-04-24,0.028922443566260503,16.242562706986707,0.0,0.0,0.9999999999999998
2026-04-27,-0.004176916656135621,16.174718876277566,0.0,0.0,0.9999999999999998
2026-04-28,-0.031152169429593868,15.670841293367717,0.0,0.0,0.9999999999999999
2026-04-29,0.016102000294950347,15.923173184495644,0.0,0.0,0.9999999999999999
2026-04-30,0.04476020011112425,16.635897602637755,0.0,0.0,0.9999999999999998
2026-05-01,0.014933280879559252,16.88432613422153,0.0,0.0,0.9999999999999998
2026-05-04,0.002923034469993535,16.933679601514473,0.00036082586948622976,0.7216517389724595,0.9999999999999998
2026-05-05,0.031116491402852775,17.460596297253662,0.0,0.0,0.9999999999999998
2026-05-06,0.028717564527491968,17.96202209810853,0.0,0.0,0.9999999999999998
2026-05-07,-0.03298271037403799,17.369585925514546,0.0,0.0,0.9999999999999998
2026-05-08,0.04067745021380187,18.076136392234016,0.0,0.0,0.9999999999999998
2026-05-11,0.04747093528434321,18.934227493100718,0.0,0.0,0.9999999999999998
2026-05-12,-0.020558792038322227,18.544962647663777,0.0,0.0,0.9999999999999998
2026-05-13,0.01453350248575358,18.814485908401807,0.0,0.0,0.9999999999999998
2026-05-14,-0.0034824204156125305,18.748965958565133,0.0,0.0,0.9999999999999998
2026-05-15,-0.02746455590727126,18.234033934792595,0.0,0.0,0.9999999999999998
2026-05-18,-0.029947569336373214,17.687968939248613,0.0,0.0,0.9999999999999998
2026-05-19,-0.0018962658356296291,17.654427848047437,0.0,0.0,0.9999999999999998
2026-05-20,0.02303537607550532,18.061104232925082,0.0,0.0,0.9999999999999998
2026-05-21,0.016710575053185295,18.36291567075278,0.0,0.0,0.9999999999999998
2026-05-22,0.0016017300452524363,18.39232810450106,0.0,0.0,0.9999999999999998
2026-05-26,0.03388852593156977,19.015616992412383,0.0,0.0,0.9999999999999998
2026-05-27,-0.00901538294126103,18.844183923361435,0.0,0.0,0.9999999999999998
2026-05-28,0.001932448654118124,18.88059934122209,0.0,0.0,0.9999999999999998
2026-05-29,-0.0036277017888193264,18.812106157217958,0.0,0.0,0.9999999999999998
2026-06-01,0.009989500081345248,19.00002969320576,0.0,0.0,0.9999999999999998
2026-06-02,0.041524140913934415,19.788989603555375,0.00020056798547380108,0.40113597094760217,0.9999999999999998
2026-06-03,0.007036427405787693,19.92823339233468,0.0,0.0,0.9999999999999998
2026-06-04,-0.010786369674427365,19.71328010000669,0.0,0.0,0.9999999999999998
2026-06-05,-0.08013010894496997,18.133652817930443,0.0,0.0,0.9999999999999998
2026-06-08,0.035545934270864166,18.77823044908727,0.0,0.0,0.9999999999999998
2026-06-09,-0.025598920414019788,18.297528022304963,0.0,0.0,0.9999999999999998
2026-06-10,-0.020716071114092016,17.918475130582802,0.0,0.0,0.9999999999999998
2026-06-11,0.056824616697803254,18.93668561168729,0.0,0.0,0.9999999999999998
2026-06-12,0.019285039181223596,19.301880335671196,0.0,0.0,0.9999999999999998
2026-06-15,0.04764135185281093,20.221448008163758,0.0,0.0,0.9999999999999998
2026-06-16,-0.033553726026623654,19.542943081836217,0.0,0.0,0.9999999999999998
2026-06-17,0.0005843186624630015,19.55436238819839,0.0,0.0,0.9999999999999998
2026-06-18,0.03174290585264328,20.175074672495438,0.0,0.0,0.9999999999999998
2026-06-22,0.03203964314720609,20.821476865470427,0.0,0.0,0.9999999999999998
2026-06-23,-0.060369002854078535,19.564505069152712,0.0,0.0,0.9999999999999998
2026-06-24,-0.00047585003075301113,19.55519529881389,0.0,0.0,0.9999999999999998
2026-06-25,0.044591537749924415,20.427191528188093,0.0,0.0,0.9999999999999998
2026-06-26,-0.05803193429564979,19.241762091579627,0.0,0.0,0.9999999999999998
2026-06-29,0.04967425734526798,20.197582333493177,0.0,0.0,0.9999999999999998
2026-06-30,0.019417896987755867,20.589776906646666,0.0,0.0,0.9999999999999998
2026-07-01,-0.06188901155245308,19.31549596580878,0.0,0.0,0.9999999999999998
2026-07-02,-0.059803887114660004,18.16035422550588,0.00034912323291228794,0.6982464658245758,0.9999999999999998
2026-07-06,0.019050869157502204,18.506324757709887,0.0,0.0,0.9999999999999998
2026-07-07,-0.03860751784183947,17.791841494439726,0.0,0.0,0.9999999999999998
2026-07-08,0.019929834468775942,18.14642995031861,0.0,0.0,0.9999999999999998
2026-07-09,0.04391080588693197,18.94325431340786,0.0,0.0,0.9999999999999998
2026-07-10,-0.009589480933824834,18.76159833734484,0.0,0.0,0.9999999999999998
2026-07-13,-0.03642184859172015,18.078266243363398,0.0,0.0,0.9999999999999998
2026-07-14,0.029810487547951015,18.617188174099727,0.0,0.0,0.9999999999999998
2026-07-15,-0.0443850885912761,17.790862627671853,0.0,0.0,0.9999999999999998
2026-07-16,-0.05402971715876892,16.82962735188823,0.0,0.0,0.9999999999999998
2026-07-17,0.0007098544956216646,16.841573938523606,0.0,0.0,0.9999999999999998
2026-07-20,0.003966794332888712,16.90838099857987,0.0,0.0,0.9999999999999998
2026-07-21,0.06247348874690806,17.96470654862308,0.0,0.0,0.9999999999999998
2026-07-22,0.00028606468838399124,17.969845616803823,0.0,0.0,0.9999999999999998
2026-07-23,-0.00447610072345872,17.889410777838005,0.0,0.0,0.9999999999999998
2026-07-24,-0.04321070222187673,17.116396775792015,0.0,0.0,0.9999999999999998
2026-07-27,-0.022085470768790305,16.738373095133245,0.0,0.0,0.9999999999999998
2026-07-28,-0.05642453912867351,15.793918107476562,0.0,0.0,0.9999999999999997
2026-07-29,-0.03467787759367125,15.246218548621023,0.0,0.0,0.9999999999999997
2026-07-30,0.09303600218630281,16.664665770843378,0.0,0.0,0.9999999999999998
2026-07-31,0.005139083090550445,16.750306872915996,0.0,0.0,0.9999999999999998
2026-08-03,0.026554604252905678,17.195104643041006,0.0,0.0,0.9999999999999998
2026-08-04,0.05730427987790332,18.180457732035663,0.0003031986700366324,0.6063973400732647,0.9999999999999996
2026-08-05,-0.02155845986155358,17.7885150637549,0.0,0.0,0.9999999999999996
2026-08-06,-0.0088842302340858,17.630477800406,0.0,0.0,0.9999999999999996
2026-08-07,0.02237750982364939,18.025003990580217,0.0,0.0,0.9999999999999996
2026-08-10,-0.032269585447373905,17.443344584116932,0.0,0.0,0.9999999999999996
2026-08-11,0.006375768088275224,17.554559303869134,0.0,0.0,0.9999999999999996
2026-08-12,0.05243921720794886,18.475106652194548,0.0,0.0,0.9999999999999997
2026-08-13,0.0017475789349770121,18.507393359401377,0.0,0.0,0.9999999999999997
2026-08-14,0.00937921716306267,18.680978220841425,0.0,0.0,0.9999999999999997
2026-08-17,0.026183392195288313,19.170109600189356,0.0,0.0,0.9999999999999997
2026-08-18,-0.062192009079512944,17.97788196987912,0.0,0.0,0.9999999999999996
2026-08-19,-0.035090525559787755,17.34702864310423,0.0,0.0,0.9999999999999996
2026-08-20,0.0067115091650746805,17.463453384829236,0.0,0.0,0.9999999999999996
2026-08-21,-0.00683068241144702,17.34416608095036,0.0,0.0,0.9999999999999996
2026-08-24,-0.02913214322200619,16.83889335061385,0.0,0.0,0.9999999999999996
2026-08-25,0.02356365313273434,17.235679192666822,0.0,0.0,0.9999999999999996
2026-08-26,0.015982533438198443,17.511149011693682,0.0,0.0,0.9999999999999996
2026-08-27,0.006382525166530595,17.622914360955683,0.0,0.0,0.9999999999999996
2026-08-28,-0.035282015689873214,17.001142419971153,0.0,0.0,0.9999999999999996
2026-08-31,-0.00024145808358244647,16.997037356703714,0.0,0.0,0.9999999999999996
2026-09-01,-0.02180817010873226,16.626363074684242,0.0,0.0,0.9999999999999996
2026-09-02,0.0016924381057712434,16.654502165112227,0.00028197871118068076,0.5639574223613615,0.9999999999999998
2026-09-03,0.000168415012836709,16.657307033308154,0.0,0.0,0.9999999999999998
2026-09-04,0.031514258145183716,17.18224970715941,0.0,0.0,0.9999999999999998
2026-09-08,0.031159345011140482,17.717637353852357,0.0,0.0,0.9999999999999998
2026-09-09,0.008777762015602875,17.873158558023228,0.0,0.0,0.9999999999999998
2026-09-10,-0.031957984063097356,17.30196844166871,0.0,0.0,0.9999999999999998
2026-09-11,0.025466409886090613,17.742587461840447,0.0,0.0,0.9999999999999998
2026-09-14,-0.05415490465558359,16.781739329501125,0.0,0.0,0.9999999999999998
2026-09-15,0.0029858194698719753,16.831846573529464,0.0,0.0,0.9999999999999998
2026-09-16,0.014216959672048057,17.071144257471435,0.0,0.0,0.9999999999999998
2026-09-17,0.03078029295293261,17.596599078758178,0.000515647970461697,1.031295940923394,0.9999999999999998
