date,return,nav,cost,turnover,gross
2016-07-27,-0.0004997501249375258,0.9995002498750625,0.0004997501249375312,0.9995002498750625,1.0
2016-07-28,0.0,0.9995002498750625,0.0,0.0,1.0
2016-07-29,0.0,0.9995002498750625,0.0,0.0,1.0
2016-08-01,0.0,0.9995002498750625,0.0,0.0,1.0
2016-08-02,0.0,0.9995002498750625,0.0,0.0,1.0
2016-08-03,0.0,0.9995002498750625,0.0,0.0,1.0
2016-08-04,0.0,0.9995002498750625,0.0,0.0,1.0
2016-08-05,0.0,0.9995002498750625,0.0,0.0,1.0
2016-08-08,0.0,0.9995002498750625,0.0,0.0,1.0
2016-08-09,0.0,0.9995002498750625,0.0,0.0,1.0
2016-08-10,0.0,0.9995002498750625,0.0,0.0,1.0
2016-08-11,0.0,0.9995002498750625,0.0,0.0,1.0
2016-08-12,0.0,0.9995002498750625,0.0,0.0,1.0
2016-08-15,0.0,0.9995002498750625,0.0,0.0,1.0
2016-08-16,0.0,0.9995002498750625,0.0,0.0,1.0
2016-08-17,0.0,0.9995002498750625,0.0,0.0,1.0
2016-08-18,0.0,0.9995002498750625,0.0,0.0,1.0
2016-08-19,0.0,0.9995002498750625,0.0,0.0,1.0
2016-08-22,0.0,0.9995002498750625,0.0,0.0,1.0
2016-08-23,0.0,0.9995002498750625,0.0,0.0,1.0
2016-08-24,0.0,0.9995002498750625,0.0,0.0,1.0
2016-08-25,0.0,0.9995002498750625,0.0,0.0,1.0
2016-08-26,0.0,0.9995002498750625,0.0,0.0,1.0
2016-08-29,0.0,0.9995002498750625,0.0,0.0,1.0
2016-08-30,0.0,0.9995002498750625,0.0,0.0,1.0
2016-08-31,0.0,0.9995002498750625,0.0,0.0,1.0
2016-09-01,0.0,0.9995002498750625,0.0,0.0,1.0
2016-09-02,0.0,0.9995002498750625,0.0,0.0,1.0
2016-09-06,0.0,0.9995002498750625,0.0,0.0,1.0
2016-09-07,0.0,0.9995002498750625,0.0,0.0,1.0
2016-09-08,0.00731146800065785,1.0068080639686736,0.0,0.0,1.0
2016-09-09,-0.01520954155959131,0.9914949748772104,0.0,0.0,1.0
2016-09-12,0.0007409607085753223,0.9922296336963443,0.0,0.0,1.0
2016-09-13,-0.011843178145436895,0.980478481383297,0.0,0.0,1.0
2016-09-14,0.0,0.980478481383297,0.0,0.0,1.0
2016-09-15,0.0,0.980478481383297,0.0,0.0,1.0
2016-09-16,0.006509191212374921,0.9868606032982399,0.0,0.0,1.0
2016-09-19,0.0,0.9868606032982399,0.0,0.0,1.0
2016-09-20,0.0,0.9868606032982399,0.0,0.0,1.0
2016-09-21,0.0,0.9868606032982399,0.0,0.0,1.0
2016-09-22,0.0,0.9868606032982399,0.0,0.0,1.0
2016-09-23,0.0,0.9868606032982399,0.0,0.0,1.0
2016-09-26,0.0,0.9868606032982399,0.0,0.0,1.0
2016-09-27,0.0,0.9868606032982399,0.0,0.0,1.0
2016-09-28,0.01783182915981185,1.0044581329808029,0.0,0.0,1.0
2016-09-29,0.0,1.0044581329808029,0.0,0.0,1.0
2016-09-30,0.0,1.0044581329808029,0.0,0.0,1.0
2016-10-03,0.0,1.0044581329808029,0.0,0.0,1.0
2016-10-04,0.0,1.0044581329808029,0.0,0.0,1.0
2016-10-05,0.0,1.0044581329808029,0.0,0.0,1.0
2016-10-06,-0.017151608275642216,0.9872300605546332,0.0,0.0,1.0
2016-10-07,0.0,0.9872300605546332,0.0,0.0,1.0
2016-10-10,0.0,0.9872300605546332,0.0,0.0,1.0
2016-10-11,0.0,0.9872300605546332,0.0,0.0,1.0
2016-10-12,0.0,0.9872300605546332,0.0,0.0,1.0
2016-10-13,-0.005979557345914599,0.981326861793936,0.0,0.0,1.0
2016-10-14,0.0,0.981326861793936,0.0,0.0,1.0
2016-10-17,0.0,0.981326861793936,0.0,0.0,1.0
2016-10-18,0.0,0.981326861793936,0.0,0.0,1.0
2016-10-19,0.0,0.981326861793936,0.0,0.0,1.0
2016-10-20,0.004511264186742858,0.9857538865210358,0.0,0.0,1.0
2016-10-21,0.0,0.9857538865210358,0.0,0.0,1.0
2016-10-24,0.0,0.9857538865210358,0.0,0.0,1.0
2016-10-25,0.0,0.9857538865210358,0.0,0.0,1.0
2016-10-26,0.0,0.9857538865210358,0.0,0.0,1.0
2016-10-27,0.0,0.9857538865210358,0.0,0.0,1.0
2016-10-28,0.0,0.9857538865210358,0.0,0.0,1.0
2016-10-31,0.0,0.9857538865210358,0.0,0.0,1.0
2016-11-01,0.0,0.9857538865210358,0.0,0.0,1.0
2016-11-02,0.0,0.9857538865210358,0.0,0.0,1.0
2016-11-03,0.0,0.9857538865210358,0.0,0.0,1.0
2016-11-04,0.0,0.9857538865210358,0.0,0.0,1.0
2016-11-07,0.0,0.9857538865210358,0.0,0.0,1.0
2016-11-08,-0.00411668711738844,0.981695846195479,0.0,0.0,1.0
2016-11-09,-0.004885432842799187,0.976899837066836,0.0,0.0,1.0
2016-11-10,0.0,0.976899837066836,0.0,0.0,1.0
2016-11-11,0.0,0.976899837066836,0.0,0.0,1.0
2016-11-14,0.0,0.976899837066836,0.0,0.0,1.0
2016-11-15,0.0,0.976899837066836,0.0,0.0,1.0
2016-11-16,0.0,0.976899837066836,0.0,0.0,1.0
2016-11-17,-0.004531546572991707,0.9724729699580197,0.0,0.0,1.0
2016-11-18,0.0,0.9724729699580197,0.0,0.0,1.0
2016-11-21,0.0,0.9724729699580197,0.0,0.0,1.0
2016-11-22,0.0,0.9724729699580197,0.0,0.0,1.0
2016-11-23,0.007473421334053487,0.9797406701984943,0.0,0.0,1.0
2016-11-25,0.0,0.9797406701984943,0.0,0.0,1.0
2016-11-28,0.008020630937638717,0.9875988085287513,0.0,0.0,1.0
2016-11-29,0.0,0.9875988085287513,0.0,0.0,1.0
2016-11-30,-0.008106195526386806,0.9795931394851906,0.0,0.0,1.0
2016-12-01,0.0,0.9795931394851906,0.0,0.0,1.0
2016-12-02,0.0,0.9795931394851906,0.0,0.0,1.0
2016-12-05,0.0,0.9795931394851906,0.0,0.0,1.0
2016-12-06,0.0,0.9795931394851906,0.0,0.0,1.0
2016-12-07,0.006214026886527169,0.985680357591809,0.0,0.0,1.0
2016-12-08,0.0,0.985680357591809,0.0,0.0,1.0
2016-12-09,0.0,0.985680357591809,0.0,0.0,1.0
2016-12-12,0.012687988974015907,0.998186659100838,0.0,0.0,1.0
2016-12-13,0.0,0.998186659100838,0.0,0.0,1.0
2016-12-14,0.0,0.998186659100838,0.0,0.0,1.0
2016-12-15,0.0,0.998186659100838,0.0,0.0,1.0
2016-12-16,0.010192585209674476,1.0083607616788837,0.0,0.0,1.0
2016-12-19,0.0,1.0083607616788837,0.0,0.0,1.0
2016-12-20,0.003437131398177362,1.0118266301135401,0.0,0.0,1.0
2016-12-21,0.0022099938079047643,1.0140627607007642,0.0,0.0,1.0
2016-12-22,0.0,1.0140627607007642,0.0,0.0,1.0
2016-12-23,0.0,1.0140627607007642,0.0,0.0,1.0
2016-12-27,0.0,1.0140627607007642,0.0,0.0,1.0
2016-12-28,0.0,1.0140627607007642,0.0,0.0,1.0
2016-12-29,0.0,1.0140627607007642,0.0,0.0,1.0
2016-12-30,-0.0018377558535092042,1.0121991609264607,0.0,0.0,1.0
2017-01-03,-0.005890914260768154,1.0062363824546214,0.0,0.0,1.0
2017-01-04,0.006111364522099594,1.0123858597832005,0.0,0.0,1.0
2017-01-05,0.0,1.0123858597832005,0.0,0.0,1.0
2017-01-06,0.0,1.0123858597832005,0.0,0.0,1.0
2017-01-09,0.004601260185429723,1.017044110532113,0.0,0.0,1.0
2017-01-10,-0.0036642724294495554,1.0133173838383562,0.0,0.0,1.0
2017-01-11,0.0,1.0133173838383562,0.0,0.0,1.0
2017-01-12,0.0,1.0133173838383562,0.0,0.0,1.0
2017-01-13,0.0,1.0133173838383562,0.0,0.0,1.0
2017-01-17,0.0,1.0133173838383562,0.0,0.0,1.0
2017-01-18,0.005148832628991462,1.0185347854477875,0.0,0.0,1.0
2017-01-19,0.0,1.0185347854477875,0.0,0.0,1.0
2017-01-20,0.004024970773523373,1.0226343581910318,0.0,0.0,1.0
2017-01-23,0.0,1.0226343581910318,0.0,0.0,1.0
2017-01-24,0.0,1.0226343581910318,0.0,0.0,1.0
2017-01-25,0.006195472780394118,1.0289700615215,0.0,0.0,1.0
2017-01-26,0.0,1.0289700615215,0.0,0.0,1.0
2017-01-27,0.0,1.0289700615215,0.0,0.0,1.0
2017-01-30,0.0,1.0289700615215,0.0,0.0,1.0
2017-01-31,-0.007316443075282009,1.0214416606402086,0.0,0.0,1.0
2017-02-01,0.0,1.0214416606402086,0.0,0.0,1.0
2017-02-02,0.0,1.0214416606402086,0.0,0.0,1.0
2017-02-03,0.0,1.0214416606402086,0.0,0.0,1.0
2017-02-06,0.0,1.0214416606402086,0.0,0.0,1.0
2017-02-07,0.004743400832994293,1.0262867678641445,0.0,0.0,1.0
2017-02-08,0.0,1.0262867678641445,0.0,0.0,1.0
2017-02-09,0.0,1.0262867678641445,0.0,0.0,1.0
2017-02-10,0.0,1.0262867678641445,0.0,0.0,1.0
2017-02-13,0.01241880069569179,1.039032018690875,0.0,0.0,1.0
2017-02-14,0.0,1.039032018690875,0.0,0.0,1.0
2017-02-15,0.0,1.039032018690875,0.0,0.0,1.0
2017-02-16,0.0,1.039032018690875,0.0,0.0,1.0
2017-02-17,0.0,1.039032018690875,0.0,0.0,1.0
2017-02-21,0.014706136668892533,1.0543121655610983,0.0,0.0,1.0
2017-02-22,0.0,1.0543121655610983,0.0,0.0,1.0
2017-02-23,0.004595440110676918,1.0591571939758924,0.0,0.0,1.0
2017-02-24,0.0,1.0591571939758924,0.0,0.0,1.0
2017-02-27,0.0,1.0591571939758924,0.0,0.0,1.0
2017-02-28,0.002814683438890242,1.0621383861889577,0.0,0.0,1.0
2017-03-01,0.0,1.0621383861889577,0.0,0.0,1.0
2017-03-02,0.0,1.0621383861889577,0.0,0.0,1.0
2017-03-03,0.0014038368076809693,1.0636294551503407,0.0,0.0,1.0
2017-03-06,0.0,1.0636294551503407,0.0,0.0,1.0
2017-03-07,-0.0007008603117750756,1.0628839994787909,0.0,0.0,1.0
2017-03-08,0.0,1.0628839994787909,0.0,0.0,1.0
2017-03-09,0.0,1.0628839994787909,0.0,0.0,1.0
2017-03-10,0.0,1.0628839994787909,0.0,0.0,1.0
2017-03-13,0.0,1.0628839994787909,0.0,0.0,1.0
2017-03-14,0.0,1.0628839994787909,0.0,0.0,1.0
2017-03-15,0.0,1.0628839994787909,0.0,0.0,1.0
2017-03-16,0.00946710085875746,1.072946429503016,0.0,0.0,1.0
2017-03-17,0.0005210624090858929,1.0735055015543928,0.0,0.0,1.0
2017-03-20,0.0,1.0735055015543928,0.0,0.0,1.0
2017-03-21,0.0,1.0735055015543928,0.0,0.0,1.0
2017-03-22,-0.02917663185476338,1.0421842267414771,0.0,0.0,1.0
2017-03-23,0.0,1.0421842267414771,0.0,0.0,1.0
2017-03-24,0.0,1.0421842267414771,0.0,0.0,1.0
2017-03-27,0.0,1.0421842267414771,0.0,0.0,1.0
2017-03-28,0.0,1.0421842267414771,0.0,0.0,1.0
2017-03-29,0.0,1.0421842267414771,0.0,0.0,1.0
2017-03-30,0.0,1.0421842267414771,0.0,0.0,1.0
2017-03-31,0.0,1.0421842267414771,0.0,0.0,1.0
2017-04-03,0.013953331154491933,1.056726168381189,0.0,0.0,1.0
2017-04-04,0.0,1.056726168381189,0.0,0.0,1.0
2017-04-05,0.0,1.056726168381189,0.0,0.0,1.0
2017-04-06,0.0,1.056726168381189,0.0,0.0,1.0
2017-04-07,0.0,1.056726168381189,0.0,0.0,1.0
2017-04-10,0.0010587175839522622,1.0578449429570767,0.0,0.0,1.0
2017-04-11,0.0,1.0578449429570767,0.0,0.0,1.0
2017-04-12,0.0,1.0578449429570767,0.0,0.0,1.0
2017-04-13,0.0,1.0578449429570767,0.0,0.0,1.0
2017-04-17,0.0,1.0578449429570767,0.0,0.0,1.0
2017-04-18,-0.016214414934032972,1.0406926061161021,0.0,0.0,1.0
2017-04-19,0.0,1.0406926061161021,0.0,0.0,1.0
2017-04-20,0.0,1.0406926061161021,0.0,0.0,1.0
2017-04-21,0.0,1.0406926061161021,0.0,0.0,1.0
2017-04-24,0.027588393595960214,1.0694036433460388,0.0,0.0,1.0
2017-04-25,0.0,1.0694036433460388,0.0,0.0,1.0
2017-04-26,0.0,1.0694036433460388,0.0,0.0,1.0
2017-04-27,0.0,1.0694036433460388,0.0,0.0,1.0
2017-04-28,0.0,1.0694036433460388,0.0,0.0,1.0
2017-05-01,0.005648607933446126,1.0754442852498993,0.0,0.0,1.0
2017-05-02,-0.003189608936181254,1.0720140385473012,0.0,0.0,1.0
2017-05-03,0.0,1.0720140385473012,0.0,0.0,1.0
2017-05-04,0.0,1.0720140385473012,0.0,0.0,1.0
2017-05-05,0.0,1.0720140385473012,0.0,0.0,1.0
2017-05-08,0.0010433987879283624,1.0731325766957636,0.0,0.0,1.0
2017-05-09,0.0017372588411390666,1.0749968857523426,0.0,0.0,1.0
2017-05-10,0.0,1.0749968857523426,0.0,0.0,1.0
2017-05-11,0.0,1.0749968857523426,0.0,0.0,1.0
2017-05-12,0.0076310196612883185,1.0832002081233425,0.0,0.0,1.0
2017-05-15,0.0010327691578679854,1.0843189038900884,0.0,0.0,1.0
2017-05-16,0.0,1.0843189038900884,0.0,0.0,1.0
2017-05-17,-0.025309409340759204,1.056875432895611,0.0,0.0,1.0
2017-05-18,-0.0010940624517872255,1.0557191451682635,0.0,0.0,1.0
2017-05-19,0.0,1.0557191451682635,0.0,0.0,1.0
2017-05-22,0.0,1.0557191451682635,0.0,0.0,1.0
2017-05-23,0.01942594810933529,1.076227490500334,0.0,0.0,1.0
2017-05-24,0.006790725773233586,1.0835358562579371,0.0,0.0,1.0
2017-05-25,0.005265091069368566,1.0892407712180614,0.0,0.0,1.0
2017-05-26,0.0,1.0892407712180614,0.0,0.0,1.0
2017-05-30,0.0,1.0892407712180614,0.0,0.0,1.0
2017-05-31,0.0,1.0892407712180614,0.0,0.0,1.0
2017-06-01,0.0,1.0892407712180614,0.0,0.0,1.0
2017-06-02,0.0,1.0892407712180614,0.0,0.0,1.0
2017-06-05,0.00801063637591648,1.0979662829621122,0.0,0.0,1.0
2017-06-06,0.0,1.0979662829621122,0.0,0.0,1.0
2017-06-07,0.0,1.0979662829621122,0.0,0.0,1.0
2017-06-08,0.0,1.0979662829621122,0.0,0.0,1.0
2017-06-09,0.0,1.0979662829621122,0.0,0.0,1.0
2017-06-12,0.0,1.0979662829621122,0.0,0.0,1.0
2017-06-13,0.0,1.0979662829621122,0.0,0.0,1.0
2017-06-14,0.019493156960044278,1.119369112052729,0.0,0.0,1.0
2017-06-15,0.0,1.119369112052729,0.0,0.0,1.0
2017-06-16,0.0,1.119369112052729,0.0,0.0,1.0
2017-06-19,0.0,1.119369112052729,0.0,0.0,1.0
2017-06-20,0.0,1.119369112052729,0.0,0.0,1.0
2017-06-21,-0.008760771255399313,1.1095625753116756,0.0,0.0,1.0
2017-06-22,0.0,1.1095625753116756,0.0,0.0,1.0
2017-06-23,0.0,1.1095625753116756,0.0,0.0,1.0
2017-06-26,-0.002587876648452836,1.1066911642330293,0.0,0.0,1.0
2017-06-27,0.0,1.1066911642330293,0.0,0.0,1.0
2017-06-28,0.005390924449935719,1.112657252688821,0.0,0.0,1.0
2017-06-29,0.0,1.112657252688821,0.0,0.0,1.0
2017-06-30,-0.006031996026738984,1.1059457085614797,0.0,0.0,1.0
2017-07-03,0.0,1.1059457085614797,0.0,0.0,1.0
2017-07-05,0.0,1.1059457085614797,0.0,0.0,1.0
2017-07-06,0.002359900966392825,1.1085556309078919,0.0,0.0,1.0
2017-07-07,0.0,1.1085556309078919,0.0,0.0,1.0
2017-07-10,0.0,1.1085556309078919,0.0,0.0,1.0
2017-07-11,0.0,1.1085556309078919,0.0,0.0,1.0
2017-07-12,0.017255456699340144,1.1276842645958327,0.0,0.0,1.0
2017-07-13,0.0022151010122681836,1.130182199151858,0.0,0.0,1.0
2017-07-14,0.0003301082579363346,1.1305552816287705,0.0,0.0,1.0
2017-07-17,0.0,1.1305552816287705,0.0,0.0,1.0
2017-07-18,0.0,1.1305552816287705,0.0,0.0,1.0
2017-07-19,0.0,1.1305552816287705,0.0,0.0,1.0
2017-07-20,0.0,1.1305552816287705,0.0,0.0,1.0
2017-07-21,0.0,1.1305552816287705,0.0,0.0,1.0
2017-07-24,0.0009895100088641584,1.1316739773955165,0.0,0.0,1.0
2017-07-25,0.0,1.1316739773955165,0.0,0.0,1.0
2017-07-26,0.0,1.1316739773955165,0.0,0.0,1.0
2017-07-27,0.0,1.1316739773955165,0.0,0.0,1.0
2017-07-28,0.0,1.1316739773955165,0.0,0.0,1.0
2017-07-31,0.0,1.1316739773955165,0.0,0.0,1.0
2017-08-01,0.0,1.1316739773955165,0.0,0.0,1.0
2017-08-02,0.013509145991355442,1.1469619263707704,0.0,0.0,1.0
2017-08-03,0.0,1.1469619263707704,0.0,0.0,1.0
2017-08-04,-0.001300497070634954,1.1454703057453954,0.0,0.0,1.0
2017-08-07,0.0,1.1454703057453954,0.0,0.0,1.0
2017-08-08,0.0,1.1454703057453954,0.0,0.0,1.0
2017-08-09,0.0,1.1454703057453954,0.0,0.0,1.0
2017-08-10,-0.009928558056666703,1.1340974373126145,0.0,0.0,1.0
2017-08-11,0.0,1.1340974373126145,0.0,0.0,1.0
2017-08-14,0.0,1.1340974373126145,0.0,0.0,1.0
2017-08-15,0.0,1.1340974373126145,0.0,0.0,1.0
2017-08-16,0.0,1.1340974373126145,0.0,0.0,1.0
2017-08-17,-0.004931471818423683,1.1285046677611608,0.0,0.0,1.0
2017-08-18,0.0,1.1285046677611608,0.0,0.0,1.0
2017-08-21,0.0,1.1285046677611608,0.0,0.0,1.0
2017-08-22,0.0,1.1285046677611608,0.0,0.0,1.0
2017-08-23,0.0,1.1285046677611608,0.0,0.0,1.0
2017-08-24,0.005451740372405034,1.1346569822188417,0.0,0.0,1.0
2017-08-25,0.0,1.1346569822188417,0.0,0.0,1.0
2017-08-28,0.0,1.1346569822188417,0.0,0.0,1.0
2017-08-29,0.0,1.1346569822188417,0.0,0.0,1.0
2017-08-30,0.0,1.1346569822188417,0.0,0.0,1.0
2017-08-31,0.007985605864339274,1.143717905670062,0.0,0.0,1.0
2017-09-01,0.0,1.143717905670062,0.0,0.0,1.0
2017-09-05,-0.009226526947143432,1.1331653615934667,0.0,0.0,1.0
2017-09-06,0.0,1.1331653615934667,0.0,0.0,1.0
2017-09-07,0.0,1.1331653615934667,0.0,0.0,1.0
2017-09-08,-0.0023033531143463737,1.130555281628771,0.0,0.0,1.0
2017-09-11,0.0,1.130555281628771,0.0,0.0,1.0
2017-09-12,0.0,1.130555281628771,0.0,0.0,1.0
2017-09-13,0.0,1.130555281628771,0.0,0.0,1.0
2017-09-14,0.0,1.130555281628771,0.0,0.0,1.0
2017-09-15,0.025593838451180906,1.159490530866907,0.0,0.0,1.0
2017-09-18,0.011617357591839461,1.1729607469883396,0.0,0.0,1.0
2017-09-19,-0.0009595149333204711,1.1718352736354056,0.0,0.0,1.0
2017-09-20,-0.0009603692337243341,1.1707098790916133,0.0,0.0,1.0
2017-09-21,0.0,1.1707098790916133,0.0,0.0,1.0
2017-09-22,0.0,1.1707098790916133,0.0,0.0,1.0
2017-09-25,-0.013141163706417824,1.1553253889177497,0.0,0.0,1.0
2017-09-26,0.0019486637904542192,1.1575767296693262,0.0,0.0,1.0
2017-09-27,0.0,1.1575767296693262,0.0,0.0,1.0
2017-09-28,0.0,1.1575767296693262,0.0,0.0,1.0
2017-09-29,0.0,1.1575767296693262,0.0,0.0,1.0
2017-10-02,0.0,1.1575767296693262,0.0,0.0,1.0
2017-10-03,0.0,1.1575767296693262,0.0,0.0,1.0
2017-10-04,0.0,1.1575767296693262,0.0,0.0,1.0
2017-10-05,0.033549500025734647,1.196412850191157,0.0,0.0,1.0
2017-10-06,-0.0007842624234550843,1.1954745485498133,0.0,0.0,1.0
2017-10-09,0.004080495281338248,1.2003526768041308,0.0,0.0,1.0
2017-10-10,-0.0006252324596952574,1.1996021773475107,0.0,0.0,1.0
2017-10-11,0.002252126778688135,1.2023038335348877,0.0,0.0,1.0
2017-10-12,0.001185902391947824,1.2037296485269247,0.0,0.0,1.0
2017-10-13,0.00498776187091976,1.2097335653707428,0.0,0.0,1.0
2017-10-16,0.0009304784156107804,1.2108591963419602,0.0,0.0,1.0
2017-10-17,-0.00018607889081090345,1.2106338810057766,0.0,0.0,1.0
2017-10-18,0.002200748464091573,1.2132981816599773,0.0,0.0,1.0
2017-10-19,-0.0018867974776100027,1.2110089337112324,0.0,0.0,1.0
2017-10-20,0.011774168115774586,1.2252675564864535,0.0,0.0,1.0
2017-10-23,-0.0016535371435137947,1.2232415310710607,0.0,0.0,1.0
2017-10-24,0.006441810103089418,1.2311214207244328,0.0,0.0,1.0
2017-10-25,-0.00670534996641825,1.2228663207473214,0.0,0.0,1.0
2017-10-26,0.0,1.2228663207473214,0.0,0.0,1.0
2017-10-27,0.0,1.2228663207473214,0.0,0.0,1.0
2017-10-30,0.018042499462518347,1.2449298856821367,0.0,0.0,1.0
2017-10-31,0.002170000576067199,1.24763138425123,0.0,0.0,1.0
2017-11-01,-0.0009023407103344594,1.2465055956617292,0.0,0.0,1.0
2017-11-02,0.003311233574705863,1.2506330668411432,0.0,0.0,1.0
2017-11-03,0.005700625056044295,1.2577624570378954,0.0,0.0,1.0
2017-11-06,0.0032815356724771316,1.2618898494081676,0.0,0.0,1.0
2017-11-07,-0.009753451370421273,1.2495820681271368,0.0,0.0,1.0
2017-11-08,0.0002406690144509671,1.2498828038119485,0.0,0.0,1.0
2017-11-09,-0.009606978529178911,1.237875206551737,0.0,0.0,1.0
2017-11-10,0.0036373003199667853,1.2423777304366066,0.0,0.0,1.0
2017-11-13,0.0027187230761793746,1.245755411441676,0.0,0.0,1.0
2017-11-14,-0.0015060182846536874,1.2438792810138386,0.0,0.0,1.0
2017-11-15,-0.0025643334130160955,1.2406895598117764,0.0,0.0,1.0
2017-11-16,0.008619342036268351,1.2513834874886214,0.0,0.0,1.0
2017-11-17,-0.004017845587590219,1.246355621865032,0.0,0.0,1.0
2017-11-20,0.002378206169501018,1.2493197124943438,0.0,0.0,1.0
2017-11-21,0.00916065330378757,1.260764297246092,0.0,0.0,1.0
2017-11-22,-0.0020834881733869937,1.2581375097433511,0.0,0.0,1.0
2017-11-24,0.0,1.2581375097433511,0.0,0.0,1.0
2017-11-27,0.0011930324798488101,1.259638508656591,0.0,0.0,1.0
2017-11-28,0.011915795669583895,1.2746481037432824,0.0,0.0,1.0
2017-11-29,-0.00868481557990386,1.2635780200329978,0.0,0.0,1.0
2017-11-30,0.013185417884697292,1.2802388242570513,0.0,0.0,1.0
2017-12-01,-0.005979205285432498,1.2725840135124376,0.0,0.0,1.0
2017-12-04,-0.0019167471220306043,1.2701447917669955,0.0,0.0,1.0
2017-12-05,-0.006410485905971153,1.2620025464808304,0.0,0.0,1.0
2017-12-06,0.0030922221841291897,1.265904938751486,0.0,0.0,1.0
2017-12-07,0.0057205663727391,1.273146631975192,0.0,0.0,1.0
2017-12-08,0.002652646651532642,1.276523840125411,0.0,0.0,1.0
2017-12-11,0.003968041807515199,1.2815891400913186,0.0,0.0,1.0
2017-12-12,0.004391666797339822,1.287217452565689,0.0,0.0,1.0
2017-12-13,-0.001894528447069499,1.284778782484239,0.0,0.0,1.0
2017-12-14,-0.0017520111139410766,1.282527835778371,0.0,0.0,1.0
2017-12-15,0.004534576522353673,1.2883435563917567,0.0,0.0,1.0
2017-12-18,0.00901365524236808,1.2999562410427983,0.0,0.0,1.0
2017-12-19,-0.0024574730040807236,1.2967616336739494,0.0,0.0,1.0
2017-12-20,-0.0007246668790104049,1.2958219134680544,0.0,0.0,1.0
2017-12-21,0.002320506213975726,1.298828876270463,0.0,0.0,1.0
2017-12-22,-0.0028935685209258155,1.2950706259200173,0.0,0.0,1.0
2017-12-26,-0.0052233311020508655,1.2883060432402968,0.0,0.0,1.0
2017-12-27,0.001312582334612733,1.289997050994229,0.0,0.0,1.0
2017-12-28,0.0013982239922212258,1.2918007558208238,0.0,0.0,1.0
2017-12-29,0.0010765329781412536,1.2931914219356526,0.0,0.0,1.0
2018-01-02,0.0029058169052580407,1.2969491994312479,0.0,0.0,1.0
2018-01-03,0.008403741253559138,1.3078484249222788,0.0,0.0,1.0
2018-01-04,0.011177974076259423,1.3224675207117367,0.0,0.0,1.0
2018-01-05,0.007417358912975569,1.3322767369636086,0.0,0.0,1.0
2018-01-08,0.0012689658697160322,1.3339673506718321,0.0,0.0,1.0
2018-01-09,0.006057227471436111,1.3420474943543204,0.0,0.0,1.0
2018-01-10,0.0003366006063507676,1.3424992283546715,0.0,0.0,1.0
2018-01-11,0.0037787317456201563,1.3475721728073258,0.0,0.0,1.0
2018-01-12,0.00939869301380769,1.3602375899734915,0.0,0.0,1.0
2018-01-16,-0.000939287235566133,1.3589599361678921,0.0,0.0,1.0
2018-01-17,0.011006232774852576,1.3739169655570547,0.0,0.0,1.0
2018-01-18,0.00197000345083298,1.37662358672036,0.0,0.0,1.0
2018-01-19,0.0021015792701273295,1.3795166703129798,0.0,0.0,1.0
2018-01-22,0.005939149680488365,1.3877098263046974,0.0,0.0,1.0
2018-01-23,0.005687370772550215,1.3956022466116036,0.0,0.0,1.0
2018-01-24,0.0004039837290668036,1.3961660472114839,0.0,0.0,1.0
2018-01-25,-0.005383672462099809,1.3886495465105926,0.0,0.0,1.0
2018-01-26,0.013829415566446457,1.407853758165445,0.0,0.0,1.0
2018-01-29,-0.005632416133996676,1.399924139943646,0.0,0.0,1.0
2018-01-30,-0.011946649624955064,1.3831997367422226,0.0,0.0,1.0
2018-01-31,0.0031249038530567486,1.3875221029291154,0.0,0.0,1.0
2018-02-01,0.003250236026069553,1.3920318772550233,0.0,0.0,1.0
2018-02-02,-0.013228989097752275,1.373616702727093,0.0,0.0,1.0
2018-02-05,-0.048125832847475736,1.307510254895148,0.0,0.0,1.0
2018-02-06,0.01471612808148115,1.3267517432740352,0.0,0.0,1.0
2018-02-07,0.008696407329540579,1.3382897168587242,0.0,0.0,1.0
2018-02-08,-0.042403978187431135,1.2815409088965835,0.0,0.0,1.0
2018-02-09,0.005102905833676674,1.2880804914766872,0.0,0.0,1.0
2018-02-12,0.027017303827517214,1.3228809534692105,0.0,0.0,1.0
2018-02-13,0.004829415576732776,1.3292696953520577,0.0,0.0,1.0
2018-02-14,0.017811758238656994,1.352946325799642,0.0,0.0,1.0
2018-02-15,0.010833337507917706,1.3676032499771267,0.0,0.0,1.0
2018-02-16,0.0030231612809463737,1.3717377351701538,0.0,0.0,1.0
2018-02-20,-0.00046559139414292794,1.3710990658856375,0.0,0.0,1.0
2018-02-21,-0.0020010672665308205,1.3683554044257227,0.0,0.0,1.0
2018-02-22,0.0008241709824774457,1.3694831632437665,0.0,0.0,1.0
2018-02-23,0.0041157350212450705,1.3751195930597344,0.0,0.0,1.0
2018-02-26,0.018857759979349797,1.401051268288556,0.0,0.0,1.0
2018-02-27,-0.0061695006169500965,1.3924074816244711,0.0,0.0,1.0
2018-02-28,-0.00850221778283311,1.3805689299732538,0.0,0.0,1.0
2018-03-01,-0.015761383884509317,1.358809253088919,0.0,0.0,1.0
2018-03-02,0.002600312775276281,1.36234258214889,0.0,0.0,1.0
2018-03-05,0.013516939068316747,1.3807572838219697,0.0,0.0,1.0
2018-03-06,0.001360938086106822,1.3826364089971925,0.0,0.0,1.0
2018-03-07,0.003533607172594433,1.3875221029291152,0.0,0.0,1.0
2018-03-08,0.0010829197552257863,1.3890246780251896,0.0,0.0,1.0
2018-03-09,0.022051756431086256,1.419655111901769,0.0,0.0,1.0
2018-03-12,0.0025146223697580794,1.4232250084034987,0.0,0.0,1.0
2018-03-13,-0.005941480256862919,1.4147689451149958,0.0,0.0,1.0
2018-03-14,-0.008766344705205098,1.4023665928638984,0.0,0.0,1.0
2018-03-15,-0.0029475456020990887,1.3982330533805718,0.0,0.0,1.0
2018-03-16,0.003090742337285679,1.4025546314760473,0.0,0.0,1.0
2018-03-19,-0.02104450832090976,1.373038558863419,0.0,0.0,1.0
2018-03-20,0.011790618543126685,1.389227532755982,0.0,0.0,1.0
2018-03-21,-0.0013553633005604082,1.3873446247419565,0.0,0.0,1.0
2018-03-22,-0.034463816843743444,1.3395314336956978,0.0,0.0,1.0
2018-03-23,-0.013912737647081896,1.32089488428867,0.0,0.0,1.0
2018-03-26,0.02493985775398988,1.3538378148108023,0.0,0.0,1.0
2018-03-27,-0.026418370667379176,1.318071625595616,0.0,0.0,1.0
2018-03-28,-0.009996916565564562,1.3048949735270985,0.0,0.0,1.0
2018-03-29,0.016156510038254135,1.3259775222657564,0.0,0.0,1.0
2018-04-02,-0.028648559592905243,1.287990176200273,0.0,0.0,1.0
2018-04-03,0.005086348983859068,1.2945413437242097,0.0,0.0,1.0
2018-04-04,0.024574517279745134,1.3263540723449048,0.0,0.0,1.0
2018-04-05,0.009083210694837307,1.338401625839969,0.0,0.0,1.0
2018-04-06,-0.02953590398580397,1.2988707239247157,0.0,0.0,1.0
2018-04-09,0.008406174324848248,1.3097892576554686,0.0,0.0,1.0
2018-04-10,0.017677207551034302,1.3329426742111594,0.0,0.0,1.0
2018-04-11,0.0016950902217238717,1.3352021323043333,0.0,0.0,1.0
2018-04-12,0.004595500567103894,1.3413380544605362,0.0,0.0,1.0
2018-04-13,-0.0047431028828180954,1.3349759500675908,0.0,0.0,1.0
2018-04-16,0.006598952947084014,1.3437853935475756,0.0,0.0,1.0
2018-04-17,0.020368378974867207,1.3711561237042438,0.0,0.0,1.0
2018-04-18,0.001097684620000372,1.3726612206928532,0.0,0.0,1.0
2018-04-19,0.001646156879347771,1.3749208364043106,0.0,0.0,1.0
2018-04-20,-0.009036461214212088,1.362496417593531,0.0,0.0,1.0
2018-04-23,-0.00524994623611752,1.3553433846542622,0.0,0.0,1.0
2018-04-24,-0.022222268739816364,1.325224579725743,0.0,0.0,1.0
2018-04-25,0.0014487720345726096,1.3271445280363778,0.0,0.0,1.0
2018-04-26,0.019262134603231784,1.352708164573357,0.0,0.0,1.0
2018-04-27,0.00025016959564339025,1.3530465710279118,0.0,0.0,1.0
2018-04-30,-0.0061486488454246535,1.3447271627911552,0.0,0.0,1.0
2018-05-01,0.006214702311176268,1.353084241797655,0.0,0.0,1.0
2018-05-02,-0.008068668368015008,1.3421666537766026,0.0,0.0,1.0
2018-05-03,0.0016827361767022264,1.344425166160076,0.0,0.0,1.0
2018-05-04,0.011481979223710415,1.3598618279857593,0.0,0.0,1.0
2018-05-07,0.006644401594702698,1.3688972960842032,0.0,0.0,1.0
2018-05-08,-0.0002754209063581259,1.3685202731502044,0.0,0.0,1.0
2018-05-09,0.013645153001492494,1.3871939416629833,0.0,0.0,1.0
2018-05-10,0.008657340195757923,1.399203351533454,0.0,0.0,1.0
2018-05-11,-0.00013405182105452607,1.3990157857761554,0.0,0.0,1.0
2018-05-14,0.0024217060572733207,1.4024037907787905,0.0,0.0,1.0
2018-05-15,-0.011543619876619005,1.3862149745045107,0.0,0.0,1.0
2018-05-16,0.0036666151208220032,1.3912976912907389,0.0,0.0,1.0
2018-05-17,-0.002029453471601328,1.388474117361118,0.0,0.0,1.0
2018-05-18,0.002114633141005573,1.3914102307451182,0.0,0.0,1.0
2018-05-21,0.008713120860978751,1.4035337562528027,0.0,0.0,1.0
2018-05-22,-0.002682646953194534,1.3997685706978855,0.0,0.0,1.0
2018-05-23,0.0018559243307152418,1.4023664352456142,0.0,0.0,1.0
2018-05-24,0.00029526036861793337,1.4027804984762222,0.0,0.0,1.0
2018-05-25,-0.0021471126677400365,1.3997685706978853,0.0,0.0,1.0
2018-05-29,-0.011027334403062805,1.3843328545819025,0.0,0.0,1.0
2018-05-30,0.014087390392538035,1.4038344919376142,0.0,0.0,1.0
2018-05-31,-0.004237108302140968,1.3978862931569935,0.0,0.0,1.0
2018-06-01,0.011311441176762527,1.4136984017338414,0.0,0.0,1.0
2018-06-04,0.009321197035118356,1.4268757630846345,0.0,0.0,1.0
2018-06-05,0.0015830583702374224,1.4291345907046746,0.0,0.0,1.0
2018-06-06,0.007376260069277052,1.439676259119712,0.0,0.0,1.0
2018-06-07,-0.0023537482502078433,1.4362876236439432,0.0,0.0,1.0
2018-06-08,-0.0010481272694928823,1.434782211418767,0.0,0.0,1.0
2018-06-11,0.004723114368488712,1.441558851897171,0.0,0.0,1.0
2018-06-12,0.002297863760821084,1.4448713577420362,0.0,0.0,1.0
2018-06-13,-0.003074866514336194,1.4404285711865918,0.0,0.0,1.0
2018-06-14,0.002613934234736437,1.444193756741509,0.0,0.0,1.0
2018-06-15,-0.0013030140015888314,1.4423119520554677,0.0,0.0,1.0
2018-06-18,0.000993479817420928,1.4437448598702598,0.0,0.0,1.0
2018-06-19,-0.006820597275800533,1.4338976576120777,0.0,0.0,1.0
2018-06-20,0.00507844102852717,1.4411796223072038,0.0,0.0,1.0
2018-06-21,-0.007669508764715394,1.4301264825623894,0.0,0.0,1.0
2018-06-22,-0.004194259366492203,1.4241281611676335,0.0,0.0,1.0
2018-06-25,-0.019337934399064616,1.3965884642111133,0.0,0.0,1.0
2018-06-26,0.00351139779431886,1.4014924418639154,0.0,0.0,1.0
2018-06-27,-0.010497445535363581,1.3867803512872252,0.0,0.0,1.0
2018-06-28,0.009248782754305962,1.3996063814842208,0.0,0.0,1.0
2018-06-29,-0.001347902710006177,1.3977198482496762,0.0,0.0,1.0
2018-07-02,0.0037521347011058026,1.402964281394718,0.0,0.0,1.0
2018-07-03,0.0001343665476729594,1.4031527928617176,0.0,0.0,1.0
2018-07-05,0.002553857065556997,1.4067362445358236,0.0,0.0,1.0
2018-07-06,0.009010912770886392,1.4194122221269803,0.0,0.0,1.0
2018-07-09,0.008877139860203442,1.4320125429420836,0.0,0.0,1.0
2018-07-10,0.006348483047377451,1.4411036502945833,0.0,0.0,1.0
2018-07-11,-0.004188122976730435,1.4350681309849345,0.0,0.0,1.0
2018-07-12,0.01524716998000808,1.4569488587109543,0.0,0.0,1.0
2018-07-13,0.0023303875241560412,1.4603441141546276,0.0,0.0,1.0
2018-07-16,-0.0005943831173176317,1.4594761102676999,0.0,0.0,1.0
2018-07-17,0.005764420149076077,1.4678891437648223,0.0,0.0,1.0
2018-07-18,0.003855282173604202,1.4735482706136058,0.0,0.0,1.0
2018-07-19,-0.008576678114431635,1.4609101214104756,0.0,0.0,1.0
2018-07-20,0.0027112875767680844,1.4648710688734305,0.0,0.0,1.0
2018-07-23,0.0014163222341285753,1.4669457983384078,0.0,0.0,1.0
2018-07-24,0.006043761695558425,1.4758116691638659,0.0,0.0,1.0
2018-07-25,0.014314762654352942,1.496937562930471,0.0,0.0,1.0
2018-07-26,-0.012096891799958875,1.478829271200407,0.0,0.0,1.0
2018-07-27,-0.009183524035459745,1.4652484070439966,0.0,0.0,1.0
2018-07-30,-0.017250413422369104,1.43997226625602,0.0,0.0,1.0
2018-07-31,0.004977768826443629,1.4471401153139325,0.0,0.0,1.0
2018-08-01,0.0018249057649377676,1.4497810096530417,0.0,0.0,1.0
2018-08-02,0.007025727515535651,1.4599667759840622,0.0,0.0,1.0
2018-08-03,0.0010337187727862407,1.4614759710480412,0.0,0.0,1.0
2018-08-06,0.0054207992041628295,1.4693983388288014,0.0,0.0,1.0
2018-08-07,0.0056481557760397205,1.4776977295435605,0.0,0.0,1.0
2018-08-08,0.0025529145240825724,1.4814701655395162,0.0,0.0,1.0
2018-08-09,-0.0010183952699306387,1.4799614433303874,0.0,0.0,1.0
2018-08-10,-0.0071374187139738865,1.4693983388288012,0.0,0.0,1.0
2018-08-13,-0.0037484532066035525,1.4638903679138404,0.0,0.0,1.0
2018-08-14,0.007885811214067173,1.4754343309933002,0.0,0.0,1.0
2018-08-15,-0.01176169960560014,1.4580807156043674,0.0,0.0,1.0
2018-08-16,0.005433097661281749,1.4660026105302775,0.0,0.0,1.0
2018-08-17,0.0012868553036631258,1.4678891437648223,0.0,0.0,1.0
2018-08-20,0.0010281396728013537,1.4693983388288012,0.0,0.0,1.0
2018-08-21,0.0020540601074046094,1.472416571338476,0.0,0.0,1.0
2018-08-22,0.0033303499238519496,1.4773202337547116,0.0,0.0,1.0
2018-08-23,0.0005109480951845935,1.4780750677141261,0.0,0.0,1.0
2018-08-24,0.006253118481447384,1.487317646237016,0.0,0.0,1.0
2018-08-27,0.010424853224815012,1.5028227143977142,0.0,0.0,1.0
2018-08-28,0.0003515627499128815,1.5033510508838195,0.0,0.0,1.0
2018-08-29,0.011794077180115714,1.5210816892067514,0.0,0.0,1.0
2018-08-30,-0.005456242602649097,1.512782298491992,0.0,0.0,1.0
2018-08-31,-0.000748299681206821,1.5116502839802952,0.0,0.0,1.0
2018-09-04,-0.0004991357662837981,1.5108957652574475,0.0,0.0,1.0
2018-09-05,-0.01098594899324934,1.4942971414462127,0.0,0.0,1.0
2018-09-06,0.00025230787340846383,1.4946741643802113,0.0,0.0,1.0
2018-09-07,-0.0042906827920188295,1.48826099166343,0.0,0.0,1.0
2018-09-10,0.0021543742258809395,1.4914672627852537,0.0,0.0,1.0
2018-09-11,0.0076389742401792304,1.5028605427857409,0.0,0.0,1.0
2018-09-12,-0.001230019137243521,1.5010119955575063,0.0,0.0,1.0
2018-09-13,0.00716301643070838,1.511763769144375,0.0,0.0,1.0
2018-09-14,0.0024455503775975274,1.5154608636008444,0.0,0.0,1.0
2018-09-17,-0.010729032768704516,1.4992014343355817,0.0,0.0,1.0
2018-09-18,0.00878180696488795,1.5123671319334,0.0,0.0,1.0
2018-09-19,9.963392868783671e-05,1.5125178150123728,0.0,0.0,1.0
2018-09-20,0.008904468397046728,1.5259859820961206,0.0,0.0,1.0
2018-09-21,-0.003708505133848128,1.5203268552473368,0.0,0.0,1.0
2018-09-24,0.0025364867491739496,1.524183144170085,0.0,0.0,1.0
2018-09-25,0.003471942508090242,1.5294750204184437,0.0,0.0,1.0
2018-09-26,-0.0007413693692022161,1.5283411144873456,0.0,0.0,1.0
2018-09-27,0.0037104220700501234,1.5340119050891043,0.0,0.0,1.0
2018-09-28,-0.0011091761179534698,1.5323104157193232,0.0,0.0,1.0
2018-10-01,0.008757974723231143,1.545730351608337,0.0,0.0,1.0
2018-10-02,-0.006603277971724886,1.535523464427335,0.0,0.0,1.0
2018-10-03,0.0014773088056823092,1.5377919067626653,0.0,0.0,1.0
2018-10-04,-0.015486810699527287,1.5139764146073669,0.0,0.0,1.0
2018-10-05,-0.008489448832341595,1.5011235893021857,0.0,0.0,1.0
2018-10-08,-0.008561926652947305,1.4882710792335714,0.0,0.0,1.0
2018-10-09,0.0017777544311741167,1.490916859739467,0.0,0.0,1.0
2018-10-10,-0.04639934200476048,1.421739298463752,0.0,0.0,1.0
2018-10-11,-0.016006399899247792,1.3989823707000653,0.0,0.0,1.0
2018-10-12,0.024913579250998463,1.433836028863251,0.0,0.0,1.0
2018-10-15,-0.012918592279184682,1.4153128858111614,0.0,0.0,1.0
2018-10-16,0.029380234916257963,1.4568951108763004,0.0,0.0,1.0
2018-10-17,-0.00337307936895348,1.4519808880350744,0.0,0.0,1.0
2018-10-18,-0.019474147221756666,1.4237047984583024,0.0,0.0,1.0
2018-10-19,-0.005097860950962985,1.4164469493605432,0.0,0.0,1.0
2018-10-22,0.0013344364615401894,1.4183371078156073,0.0,0.0,1.0
2018-10-23,-0.011460726425359002,1.4020819342439976,0.0,0.0,1.0
2018-10-24,-0.039633060897470096,1.3465131355608626,0.0,0.0,1.0
2018-10-25,0.03425006619552162,1.3926312995869616,0.0,0.0,1.0
2018-10-26,-0.024972644346626605,1.357853613436396,0.0,0.0,1.0
2018-10-29,-0.03421492234953638,1.3113947574906324,0.0,0.0,1.0
2018-10-30,0.025626294498211744,1.3450009457494982,0.0,0.0,1.0
2018-10-31,0.027543453396583706,1.3820469166171105,0.0,0.0,1.0
2018-11-01,0.011761665523915887,1.3983020901887202,0.0,0.0,1.0
2018-11-02,-0.004595981309022279,1.391875519917846,0.0,0.0,1.0
2018-11-05,0.0021727675795490953,1.3948997419222917,0.0,0.0,1.0
2018-11-06,0.0029807251188154193,1.3990575546212687,0.0,0.0,1.0
2018-11-07,0.03539607259335842,1.4485786973869297,0.0,0.0,1.0
2018-11-08,-0.00782891059530122,1.4372379042748296,0.0,0.0,1.0
2018-11-09,-0.0076274840784728015,1.4262753950429956,0.0,0.0,1.0
2018-11-12,-0.02941964019798604,1.3843148860975902,0.0,0.0,1.0
2018-11-13,-0.0027303661001935042,1.3805351996605961,0.0,0.0,1.0
2018-11-14,-0.011500874841943287,1.3646578371144025,0.0,0.0,1.0
2018-11-15,0.013573470615357408,1.383180980166492,0.0,0.0,1.0
2018-11-16,0.0,1.383180980166492,0.0,0.0,1.0
2018-11-19,-0.030391050731974456,1.34114465682675,0.0,0.0,1.0
2018-11-20,-0.023056268476429387,1.3102228655532238,0.0,0.0,1.0
2018-11-21,0.009088216037458574,1.3221304540125896,0.0,0.0,1.0
2018-11-23,-0.006976483991550264,1.3129066320654297,0.0,0.0,1.0
2018-11-26,0.020413979707093688,1.339708281409722,0.0,0.0,1.0
2018-11-27,0.005079355144375075,1.3465131355608624,0.0,0.0,1.0
2018-11-28,0.03607521309573336,1.3950888838624247,0.0,0.0,1.0
2018-11-29,0.002031960013828771,1.39792364869017,0.0,0.0,1.0
2018-11-30,0.004326508660177142,1.4039717774624945,0.0,0.0,1.0
2018-12-03,0.019924743615348905,1.4319455551716203,0.0,0.0,1.0
2018-12-04,-0.03933463182568431,1.3756205039645195,0.0,0.0,1.0
2018-12-06,-0.012091374159786561,1.3589873617492103,0.0,0.0,1.0
2018-12-07,-0.016689948151337064,1.3363059331432936,0.0,0.0,1.0
2018-12-10,0.006139218446553185,1.3445098071782853,0.0,0.0,1.0
2018-12-11,-2.8604373843221786e-05,1.344471348317125,0.0,0.0,1.0
2018-12-12,0.011162590036014386,1.3594791307935565,0.0,0.0,1.0
2018-12-13,-0.0021411836288726116,1.3565682363349074,0.0,0.0,1.0
2018-12-14,-0.02513516264366178,1.322470673077404,0.0,0.0,1.0
2018-12-17,-0.027155163474939847,1.2865587657591735,0.0,0.0,1.0
2018-12-18,0.009079329523796531,1.29823985674523,0.0,0.0,1.0
2018-12-19,-0.014675824644783786,1.2791871162607678,0.0,0.0,1.0
2018-12-20,-0.02272537965786925,1.250117103390287,0.0,0.0,1.0
2018-12-21,-0.025400643904936238,1.2183633240076,0.0,0.0,1.0
2018-12-24,-0.028067352019803815,1.1841670917046603,0.0,0.0,1.0
2018-12-26,0.06442264010907128,1.2604542620825552,0.0,0.0,1.0
2018-12-27,0.007227069912341344,1.2695636531559344,0.0,0.0,1.0
2018-12-28,-0.000598037971127896,1.2688044058845833,0.0,0.0,1.0
2018-12-31,0.009871419431069395,1.281329306351059,0.0,0.0,1.0
2019-01-02,0.002073666933232632,1.283986356564221,0.0,0.0,1.0
2019-01-03,-0.031185550669077577,1.2439445349831832,0.0,0.0,1.0
2019-01-04,0.04125088608802674,1.295258349295598,0.0,0.0,1.0
2019-01-07,0.014153428256185263,1.3135906954155783,0.0,0.0,1.0
2019-01-08,0.009245680900268782,1.3257357358189528,0.0,0.0,1.0
2019-01-09,0.010306438444746435,1.3393993495741714,0.0,0.0,1.0
2019-01-10,0.002833576594061915,1.3431946402212265,0.0,0.0,1.0
2019-01-11,0.0002826860928768493,1.3435743426660438,0.0,0.0,1.0
2019-01-14,-0.006497596439513864,1.3348443388009148,0.0,0.0,1.0
2019-01-15,0.014330884907287178,1.3539738393894145,0.0,0.0,1.0
2019-01-16,0.0032512600393377333,1.35837596042773,0.0,0.0,1.0
2019-01-17,0.0061748844326796615,1.3667637749995014,0.0,0.0,1.0
2019-01-18,0.015245371743025649,1.38760059683427,0.0,0.0,1.0
2019-01-22,-0.018325900537181083,1.362171566311352,0.0,0.0,1.0
2019-01-23,0.001671561629202234,1.3644485200339884,0.0,0.0,1.0
2019-01-24,0.004172623541817133,1.3701418500502798,0.0,0.0,1.0
2019-01-25,0.008587466502392394,1.3819078972911125,0.0,0.0,1.0
2019-01-28,-0.0101621523469696,1.3678647387093599,0.0,0.0,1.0
2019-01-29,-0.007491641832802709,1.3576171860112292,0.0,0.0,1.0
2019-01-30,0.022085320613194126,1.3876005968342695,0.0,0.0,1.0
2019-01-31,0.007959629017881609,1.3986453828100613,0.0,0.0,1.0
2019-02-01,-0.0032834386491923384,1.3940530165036285,0.0,0.0,1.0
2019-02-04,0.009910127075756003,1.4078682590475204,0.0,0.0,1.0
2019-02-05,0.007440771739084084,1.4183438854017947,0.0,0.0,1.0
2019-02-06,-0.001739603938390455,1.4158765287927577,0.0,0.0,1.0
2019-02-07,-0.010856571997649667,1.4005049633181368,0.0,0.0,1.0
2019-02-08,-0.0009485199464921434,1.3991765564252683,0.0,0.0,1.0
2019-02-11,0.0012206834881267614,1.4008845081446706,0.0,0.0,1.0
2019-02-12,0.017068845826259116,1.4247959898345868,0.0,0.0,1.0
2019-02-13,0.0034631206140580684,1.42973023019781,0.0,0.0,1.0
2019-02-14,0.0,1.42973023019781,0.0,0.0,1.0
2019-02-15,0.01093680408870612,1.4453669096251842,0.0,0.0,1.0
2019-02-19,-5.2562440799097665e-05,1.445290937612564,0.0,0.0,1.0
2019-02-20,0.0005249976989092353,1.446049712029065,0.0,0.0,1.0
2019-02-21,-0.0028869532081630123,1.4418750341737594,0.0,0.0,1.0
2019-02-22,0.009739402257919139,1.4559180351372285,0.0,0.0,1.0
2019-02-25,0.0013035635970906068,1.457815916888181,0.0,0.0,1.0
2019-02-26,0.0013016502923333118,1.4597134834025667,0.0,0.0,1.0
2019-02-27,-0.0023144201418692223,1.4563350931152217,0.0,0.0,1.0
2019-02-28,-0.001849965252948893,1.4536409237963084,0.0,0.0,1.0
2019-03-01,0.007832874674438939,1.4650271109740405,0.0,0.0,1.0
2019-03-04,-0.007512927418715454,1.4540204686228422,0.0,0.0,1.0
2019-03-05,0.0005740953770145829,1.4548552150519631,0.0,0.0,1.0
2019-03-06,-0.007617458433385016,1.4437729159247115,0.0,0.0,1.0
2019-03-07,-0.010646693594811074,1.428401508068374,0.0,0.0,1.0
2019-03-08,-0.0019927370313196358,1.4255550794876535,0.0,0.0,1.0
2019-03-11,0.016373756392249694,1.4488967710829184,0.0,0.0,1.0
2019-03-12,0.0019644401307552517,1.4517430420453554,0.0,0.0,1.0
2019-03-13,0.00901970674987318,1.4648373385607734,0.0,0.0,1.0
2019-03-14,-0.00038865560346812433,1.4642680213209724,0.0,0.0,1.0
2019-03-15,0.0060909822784009915,1.4731868518896678,0.0,0.0,1.0
2019-03-18,0.0030997540482324837,1.4777533687976157,0.0,0.0,1.0
2019-03-19,0.0029613290782803947,1.482129482819163,0.0,0.0,1.0
2019-03-20,0.0009241452241579573,1.4834991857022939,0.0,0.0,1.0
2019-03-21,0.011902072827655541,1.5011559010502902,0.0,0.0,1.0
2019-03-22,-0.014195722047762316,1.479845909128622,0.0,0.0,1.0
2019-03-25,0.0025718952675082285,1.4836519178189513,0.0,0.0,1.0
2019-03-26,0.0024363262371820404,1.487266577913179,0.0,0.0,1.0
2019-03-27,-0.005884668259735548,1.4785145074883679,0.0,0.0,1.0
2019-03-28,0.0037320573040513505,1.4840324083551857,0.0,0.0,1.0
2019-03-29,0.007102226713230353,1.4945723429691053,0.0,0.0,1.0
2019-04-01,0.006237986076477631,1.5038954644348352,0.0,0.0,1.0
2019-04-02,0.00048032899234562443,1.5046178290278605,0.0,0.0,1.0
2019-04-03,0.0006578699261257093,1.5056076718478903,0.0,0.0,1.0
2019-04-04,-0.0053075508990561016,1.4976165824955483,0.0,0.0,1.0
2019-04-05,0.004497480987557756,1.5043520846019733,0.0,0.0,1.0
2019-04-08,0.00022767577712046183,1.504694589131898,0.0,0.0,1.0
2019-04-09,-0.0026048434564188705,1.5007750952774888,0.0,0.0,1.0
2019-04-10,0.003118600064275112,1.5054554125860837,0.0,0.0,1.0
2019-04-11,-0.0033366229468446695,1.5004322755109976,0.0,0.0,1.0
2019-04-12,-0.0033728998818728373,1.4953714676661682,0.0,0.0,1.0
2019-04-15,0.0025702789740851273,1.4992149895079574,0.0,0.0,1.0
2019-04-16,-0.009594307294966464,1.4848310601973982,0.0,0.0,1.0
2019-04-17,-0.012070581961066695,1.466908285186948,0.0,0.0,1.0
2019-04-18,0.00428024327383425,1.4731870095079511,0.0,0.0,1.0
2019-04-22,0.0024537398776811603,1.4768018272204626,0.0,0.0,1.0
2019-04-23,0.010255208318324494,1.4919467376034907,0.0,0.0,1.0
2019-04-24,0.00035740059578026617,1.4924799602563827,0.0,0.0,1.0
2019-04-25,0.0009687450100075434,1.4939257927704173,0.0,0.0,1.0
2019-04-26,0.007386798549291029,1.5049611216492023,0.0,0.0,1.0
2019-04-29,-0.0027814847250846597,1.5007750952774888,0.0,0.0,1.0
2019-04-30,0.006161477401859683,1.510022087112315,0.0,0.0,1.0
2019-05-01,-0.008290913585004667,1.4975026244766183,0.0,0.0,1.0
2019-05-02,-0.00022861189426004458,1.4971602775649773,0.0,0.0,1.0
2019-05-03,0.010039325604933591,1.5121907570742248,0.0,0.0,1.0
2019-05-06,-0.0021639552862484646,1.5089184438916379,0.0,0.0,1.0
2019-05-07,-0.015131024015367811,1.486086962679882,0.0,0.0,1.0
2019-05-08,-0.00010235043260820031,1.4859348610363583,0.0,0.0,1.0
2019-05-09,-0.0017927479045979355,1.4832709544278664,0.0,0.0,1.0
2019-05-10,0.004848613138096702,1.4904627614648627,0.0,0.0,1.0
2019-05-13,-0.014782013913901881,1.4684307201867364,0.0,0.0,1.0
2019-05-14,0.0064007742068721285,1.4778298136650863,0.0,0.0,1.0
2019-05-15,0.005999463524176907,1.4866959997271112,0.0,0.0,1.0
2019-05-16,0.011773535408708069,1.504199667721883,0.0,0.0,1.0
2019-05-17,-0.0017705602470925452,1.5015363915865247,0.0,0.0,1.0
2019-05-20,-0.0040549377992338265,1.4954477549153553,0.0,0.0,1.0
2019-05-21,0.005928783558558193,1.5043139409773802,0.0,0.0,1.0
2019-05-22,0.0042244200354735195,1.5106687949292872,0.0,0.0,1.0
2019-05-23,-0.00994965751459409,1.4956381578017561,0.0,0.0,1.0
2019-05-24,0.0023149989951511962,1.499100558634177,0.0,0.0,1.0
2019-05-28,-0.0051273499740720485,1.4914141454237326,0.0,0.0,1.0
2019-05-29,-0.00928717347675323,1.4775631235294988,0.0,0.0,1.0
2019-05-30,0.004841848143965377,1.4847172597967517,0.0,0.0,1.0
2019-05-31,-0.00815036399240654,1.4726162737035997,0.0,0.0,1.0
2019-06-03,-0.0075708600130494075,1.4614673020424513,0.0,0.0,1.0
2019-06-04,0.01596073162403644,1.4847933894276555,0.0,0.0,1.0
2019-06-05,0.015940557430666136,1.5084618237245004,0.0,0.0,1.0
2019-06-06,0.005322481481342178,1.5164905838465856,0.0,0.0,1.0
2019-06-07,0.011316470584077809,1.5336519049297166,0.0,0.0,1.0
2019-06-10,0.00188588785493371,1.5365442004309195,0.0,0.0,1.0
2019-06-11,-0.0032195672879408166,1.531597192986737,0.0,0.0,1.0
2019-06-12,0.0007951937244015106,1.532815109462911,0.0,0.0,1.0
2019-06-13,-0.0010425861318665852,1.5312170176870694,0.0,0.0,1.0
2019-06-14,0.0016400889495802318,1.5337283497971872,0.0,0.0,1.0
2019-06-17,0.0011908762518433313,1.5355548304657396,0.0,0.0,1.0
2019-06-18,0.005426781813377968,1.5438879514931558,0.0,0.0,1.0
2019-06-19,0.009168863596895838,1.5580436495292875,0.0,0.0,1.0
2019-06-20,0.007693236068648801,1.5700300471303754,0.0,0.0,1.0
2019-06-21,-0.003151100636444526,1.565082724449626,0.0,0.0,1.0
2019-06-24,-0.000512610004697045,1.5642804473868945,0.0,0.0,1.0
2019-06-25,-0.00986479299784393,1.548849144582848,0.0,0.0,1.0
2019-06-26,-0.00909980610757577,1.5347549176772595,0.0,0.0,1.0
2019-06-27,0.004529450723994355,1.5417065144502866,0.0,0.0,1.0
2019-06-28,0.0012882789111063886,1.5436926624399683,0.0,0.0,1.0
2019-07-01,0.007942827083232018,1.555953946327383,0.0,0.0,1.0
2019-07-02,0.0060144905734689225,1.5653122166703208,0.0,0.0,1.0
2019-07-03,0.011152013204670075,1.5827685991800597,0.0,0.0,1.0
2019-07-05,-0.003596472857459676,1.5770762148734692,0.0,0.0,1.0
2019-07-08,-0.0009441648473644815,1.575587194949771,0.0,0.0,1.0
2019-07-09,0.003951693344915075,1.5818134323823876,0.0,0.0,1.0
2019-07-10,0.007437231976211489,1.5935777458221028,0.0,0.0,1.0
2019-07-11,-0.0011026312512480985,1.5918206171982658,0.0,0.0,1.0
2019-07-12,0.0006240090193165848,1.5928139276205318,0.0,0.0,1.0
2019-07-15,0.0013670753049201956,1.5949914242063148,0.0,0.0,1.0
2019-07-16,-0.0032811460837822715,1.589758024341114,0.0,0.0,1.0
2019-07-17,-0.0017777884414901246,1.5869317709006743,0.0,0.0,1.0
2019-07-18,0.002262470853765741,1.5905221577792519,0.0,0.0,1.0
2019-07-19,-0.01011042044995647,1.5744413100291317,0.0,0.0,1.0
2019-07-22,0.0014072548759123116,1.576656950239508,0.0,0.0,1.0
2019-07-23,0.0012599210157584473,1.5786434134657563,0.0,0.0,1.0
2019-07-24,0.001209711519347234,1.5805531165879674,0.0,0.0,1.0
2019-07-25,-0.00476109890107701,1.5730279468814865,0.0,0.0,1.0
2019-07-26,0.006338086313565139,1.5829979337824716,0.0,0.0,1.0
2019-07-29,-0.000555099859228525,1.5821192118522698,0.0,0.0,1.0
2019-07-30,-0.005649721454087486,1.573180678998144,0.0,0.0,1.0
2019-07-31,-0.010294608140124395,1.5569854003742432,0.0,0.0,1.0
2019-08-01,-0.003238139568502496,1.5519436643417106,0.0,0.0,1.0
2019-08-02,-0.0017232000597996455,1.5492693549265113,0.0,0.0,1.0
2019-08-05,-0.03131144607283831,1.500759491067429,0.0,0.0,1.0
2019-08-06,0.01654353981276646,1.52558736545729,0.0,0.0,1.0
2019-08-07,0.004005785721665545,1.5316985415429922,0.0,0.0,1.0
2019-08-08,0.01596075725999735,1.556145610160052,0.0,0.0,1.0
2019-08-09,-0.002675816314903212,1.5519816503480206,0.0,0.0,1.0
2019-08-12,-0.010731068037975522,1.5353272296644465,0.0,0.0,1.0
2019-08-13,0.0115938187379796,1.5531275352686604,0.0,0.0,1.0
2019-08-14,-0.02498729668479749,1.514319076755574,0.0,0.0,1.0
2019-08-15,0.0013873523303491453,1.5164199708556032,0.0,0.0,1.0
2019-08-16,0.012065788863714344,1.5347167740526668,0.0,0.0,1.0
2019-08-19,0.008486974475812259,1.5477418761416528,0.0,0.0,1.0
2019-08-20,-0.00708310903606868,1.536779051673252,0.0,0.0,1.0
2019-08-21,0.008326252140383517,1.5495746615415429,0.0,0.0,1.0
2019-08-22,-0.0009611251379030294,1.5480853263812777,0.0,0.0,1.0
2019-08-23,-0.02070132808483882,1.5160379041365342,0.0,0.0,1.0
2019-08-26,0.010329977478615415,1.5316985415429918,0.0,0.0,1.0
2019-08-27,-0.0005234738991612975,1.5308967373351106,0.0,0.0,1.0
2019-08-28,0.0035179767489628144,1.5362823964621186,0.0,0.0,1.0
2019-08-29,0.009945465480451388,1.5515614400043578,0.0,0.0,1.0
2019-08-30,-0.0003445826917698458,1.5510267987869149,0.0,0.0,1.0
2019-09-03,4.888013179149553e-05,1.5511026131812518,0.0,0.0,1.0
2019-09-04,0.00450671078196252,1.558092984052006,0.0,0.0,1.0
2019-09-05,0.006937724261347533,1.5689026035488989,0.0,0.0,1.0
2019-09-06,-4.8725056161935676e-05,1.5688261586814283,0.0,0.0,1.0
2019-09-09,-0.0107612269506695,1.5519436643417104,0.0,0.0,1.0
2019-09-10,-0.008122511226647977,1.5393379845049697,0.0,0.0,1.0
2019-09-11,0.0027299144809056486,1.543540245559878,0.0,0.0,1.0
2019-09-12,0.00445404278058148,1.550415239847151,0.0,0.0,1.0
2019-09-13,-0.0017242888464912287,1.5477418761416524,0.0,0.0,1.0
2019-09-16,-0.003208494720434496,1.5427759545034565,0.0,0.0,1.0
2019-09-17,0.006882779127041827,1.553394540640815,0.0,0.0,1.0
2019-09-18,4.911002787189034e-05,1.5534708278900018,0.0,0.0,1.0
2019-09-19,0.0022624000535720334,1.5569854003742427,0.0,0.0,1.0
2019-09-20,-0.0015948244837648007,1.5545022819368615,0.0,0.0,1.0
2019-09-23,0.0008384327259891577,1.5558056275226622,0.0,0.0,1.0
2019-09-24,-0.0026853163062707797,1.5516277973016877,0.0,0.0,1.0
2019-09-25,0.002643583864305299,1.555729655510042,0.0,0.0,1.0
2019-09-26,0.0035230160656745113,1.56121051608025,0.0,0.0,1.0
2019-09-27,-0.01053265070228604,1.5447668310416411,0.0,0.0,1.0
2019-09-30,0.007145930543820178,1.555805627522662,0.0,0.0,1.0
2019-10-01,-0.010027031468227587,1.5402055155370467,0.0,0.0,1.0
2019-10-02,-0.016226888465354805,1.5152127724227027,0.0,0.0,1.0
2019-10-03,0.00852537958567079,1.5281305364606628,0.0,0.0,1.0
2019-10-04,0.016204209637101563,1.5528926840263277,0.0,0.0,1.0
2019-10-07,-0.004566475613609344,1.545801437454169,0.0,0.0,1.0
2019-10-08,-0.0138611783714635,1.5243748080027522,0.0,0.0,1.0
2019-10-09,0.010862751022173045,1.540933712006559,0.0,0.0,1.0
2019-10-10,0.0019897990704929036,1.5439998604744007,0.0,0.0,1.0
2019-10-11,0.002234218952844813,1.5474494942258623,0.0,0.0,1.0
2019-10-14,-0.0026008120229344955,1.5434248689763959,0.0,0.0,1.0
2019-10-15,0.0015398018559524829,1.5458014374541689,0.0,0.0,1.0
2019-10-16,-0.0008929111299021963,1.5444211741460472,0.0,0.0,1.0
2019-10-17,0.001935910533153562,1.547411035364702,0.0,0.0,1.0
2019-10-18,-0.00113929683841818,1.5456480748643775,0.0,0.0,1.0
2019-10-21,0.002133022185592637,1.5489449764991818,0.0,0.0,1.0
2019-10-22,-0.012373423901092417,1.52977922370549,0.0,0.0,1.0
2019-10-23,0.00035062250176309817,1.5303155987240507,0.0,0.0,1.0
2019-10-24,0.007889897598083673,1.5423896320907335,0.0,0.0,1.0
2019-10-25,-0.002708469311184847,1.538212117106326,0.0,0.0,1.0
2019-10-28,0.0013454113633668552,1.5402816451679495,0.0,0.0,1.0
2019-10-29,0.0025880487630915994,1.5442679691745391,0.0,0.0,1.0
2019-10-30,0.007248060171974213,1.5554609163367685,0.0,0.0,1.0
2019-10-31,-0.0024642978777692504,1.5516277973016868,0.0,0.0,1.0
2019-11-01,-0.00214928325395658,1.5482929096605726,0.0,0.0,1.0
2019-11-04,-0.0094819798404856,1.5336120275040044,0.0,0.0,1.0
2019-11-05,-0.007497909539161296,1.5221131432536097,0.0,0.0,1.0
2019-11-06,0.006673530111656278,1.5322710111484605,0.0,0.0,1.0
2019-11-07,-0.0014512307070048136,1.5300473324056285,0.0,0.0,1.0
2019-11-08,0.0027053877825504724,1.5341867037654426,0.0,0.0,1.0
2019-11-11,-0.0003745803949595228,1.5336120275040046,0.0,0.0,1.0
2019-11-12,0.004424089344281734,1.5403968641331474,0.0,0.0,1.0
2019-11-13,0.00995379290487075,1.555729655510041,0.0,0.0,1.0
2019-11-14,0.001034524402456105,1.5573390958022908,0.0,0.0,1.0
2019-11-15,0.002830539954315814,1.5617472063353772,0.0,0.0,1.0
2019-11-18,0.0027976223036301207,1.566116385152453,0.0,0.0,1.0
2019-11-19,0.004062847783655066,1.5724792776368157,0.0,0.0,1.0
2019-11-20,0.00014624362865434115,1.572709242712361,0.0,0.0,1.0
2019-11-21,-0.007164990205414723,1.5614407963923618,0.0,0.0,1.0
2019-11-22,-0.0013505315213189206,1.5593320213781605,0.0,0.0,1.0
2019-11-25,0.004547517050030203,1.5664231103320359,0.0,0.0,1.0
2019-11-26,0.00986156279683792,1.5818704902009935,0.0,0.0,1.0
2019-11-27,0.00293201980652813,1.5865085658096252,0.0,0.0,1.0
2019-11-29,-0.0027300153961383744,1.5821773729988595,0.0,0.0,1.0
2019-12-02,-0.008818760490103994,1.5682245296935207,0.0,0.0,1.0
2019-12-03,-0.0010996522541966147,1.5665000280543568,0.0,0.0,1.0
2019-12-04,0.004624509285442224,1.5737443219797398,0.0,0.0,1.0
2019-12-05,-0.0003896027544213476,1.5731311868571416,0.0,0.0,1.0
2019-12-06,0.004507727411040552,1.5802224334293002,0.0,0.0,1.0
2019-12-09,-0.0021103912781931244,1.576887545788186,0.0,0.0,1.0
2019-12-10,-0.0017986958031064315,1.5740512047776059,0.0,0.0,1.0
2019-12-11,0.001704705443641874,1.5767344984349614,0.0,0.0,1.0
2019-12-12,0.0035248662967961586,1.5822922767274905,0.0,0.0,1.0
2019-12-13,0.005474779208310743,1.590954977585589,0.0,0.0,1.0
2019-12-16,0.005107531702134516,1.599080830570276,0.0,0.0,1.0
2019-12-17,-0.00148630766539104,1.5967041044742194,0.0,0.0,1.0
2019-12-18,-0.00014372870969125984,1.5964746122535245,0.0,0.0,1.0
2019-12-19,0.005522207105721044,1.6052906757014143,0.0,0.0,1.0
2019-12-20,0.0078797817072771,1.6179400158026687,0.0,0.0,1.0
2019-12-23,-0.003926574823822415,1.611587053270163,0.0,0.0,1.0
2019-12-24,0.0014571690683859995,1.6139354080751998,0.0,0.0,1.0
2019-12-26,0.001312366332832715,1.6160534825681243,0.0,0.0,1.0
2019-12-27,0.0028109939405773776,1.6205961991152722,0.0,0.0,1.0
2019-12-30,-0.005891685270777214,1.6110481563590673,0.0,0.0,1.0
2019-12-31,0.0015532421287869358,1.6135505042270286,0.0,0.0,1.0
2020-01-02,0.005702702050595088,1.6227521019962228,0.0,0.0,1.0
2020-01-03,-0.003084176164708019,1.6177472486420161,0.0,0.0,1.0
2020-01-06,0.0007375505701987528,1.6189404190476895,0.0,0.0,1.0
2020-01-07,-0.0057071796261279895,1.6097008352721853,0.0,0.0,1.0
2020-01-08,0.005022593051971835,1.6177857075031767,0.0,0.0,1.0
2020-01-09,0.010233197813667605,1.6343408286681809,0.0,0.0,1.0
2020-01-10,-0.0012013717839171045,1.6323773777113153,0.0,0.0,1.0
2020-01-13,0.007287967206754731,1.6442740905091235,0.0,0.0,1.0
2020-01-14,-0.002013515911281072,1.6409633184653762,0.0,0.0,1.0
2020-01-15,0.009337915411743447,1.6562864951269798,0.0,0.0,1.0
2020-01-16,0.007786861571991377,1.6691837687880924,0.0,0.0,1.0
2020-01-17,0.006250496339059719,1.6796169958241203,0.0,0.0,1.0
2020-01-21,0.0014671227127938113,1.6820812000674883,0.0,0.0,1.0
2020-01-22,0.0029985383999386883,1.6871249851377057,0.0,0.0,1.0
2020-01-23,4.559100422230067e-05,1.6872019028600267,0.0,0.0,1.0
2020-01-24,-0.0049289289199516695,1.6788858046072224,0.0,0.0,1.0
2020-01-27,-0.0094253507433113,1.6630617170408328,0.0,0.0,1.0
2020-01-28,0.008056810231406919,1.6764606896981487,0.0,0.0,1.0
2020-01-29,-0.0012634203151555834,1.6743426152052243,0.0,0.0,1.0
2020-01-30,0.009634587742612055,1.6904742160426136,0.0,0.0,1.0
2020-01-31,-0.016807651945923152,1.662061313795812,0.0,0.0,1.0
2020-02-03,0.010331013686205814,1.6792320919759498,0.0,0.0,1.0
2020-02-04,0.011624313976528633,1.6987520130525413,0.0,0.0,1.0
2020-02-05,-2.245390987054563e-05,1.6987138694279478,0.0,0.0,1.0
2020-02-06,0.005099286088813049,1.7073760974311956,0.0,0.0,1.0
2020-02-07,-0.0035627548154842925,1.7012931350182299,0.0,0.0,1.0
2020-02-10,0.009572572288327752,1.7175788865368276,0.0,0.0,1.0
2020-02-11,-0.0007172564317465824,1.716346942033427,0.0,0.0,1.0
2020-02-12,0.0033645986877164358,1.7221217607022588,0.0,0.0,1.0
2020-02-13,0.0023024188119589173,1.7260868062405834,0.0,0.0,1.0
2020-02-14,0.006245607159199418,1.7368672663550393,0.0,0.0,1.0
2020-02-18,0.0009310806988331866,1.7384844299431776,0.0,0.0,1.0
2020-02-19,0.0013287743751808634,1.740794483505337,0.0,0.0,1.0
2020-02-20,-0.004091496761833957,1.7336720285130565,0.0,0.0,1.0
2020-02-21,-0.008661099403673767,1.7186565227407362,0.0,0.0,1.0
2020-02-24,-0.026455999844459566,1.6731877460424278,0.0,0.0,1.0
2020-02-25,-0.02666860221175904,1.6285661676176326,0.0,0.0,1.0
2020-02-26,-0.0038773393411347667,1.6222516639462876,0.0,0.0,1.0
2020-02-27,-0.048557166288017206,1.5434797201390351,0.0,0.0,1.0
2020-02-28,-0.012471870102446547,1.5242296415637004,0.0,0.0,1.0
2020-03-02,0.05531723345893336,1.608545808491106,0.0,0.0,1.0
2020-03-03,-0.0246531100185442,1.5688901517045066,0.0,0.0,1.0
2020-03-04,0.04466264512647111,1.6389609357925004,0.0,0.0,1.0
2020-03-05,-0.025910120623656274,1.5964952602486562,0.0,0.0,1.0
2020-03-06,-0.010297495150249247,1.5800553580488497,0.0,0.0,1.0
2020-03-09,-0.055019722044907904,1.4931211514334346,0.0,0.0,1.0
2020-03-10,0.03589341097136911,1.5467143625518787,0.0,0.0,1.0
2020-03-11,-0.04375994021831564,1.4790302345117983,0.0,0.0,1.0
2020-03-12,-0.08480819930813488,1.3535963436005642,0.0,0.0,1.0
2020-03-13,0.06834848406689797,1.4461126017241588,0.0,0.0,1.0
2020-03-16,-0.15353691975292683,1.2240809272395403,0.0,0.0,1.0
2020-03-17,0.1020947424128682,1.349053154198566,0.0,0.0,1.0
2020-03-18,-0.026255495830173392,1.3136330947338233,0.0,0.0,1.0
2020-03-19,-0.0019932163212644793,1.3110147398092467,0.0,0.0,1.0
2020-03-20,-0.050158539247202594,1.2452561555288635,0.0,0.0,1.0
2020-03-23,-0.03468755913425248,1.2020612589966642,0.0,0.0,1.0
2020-03-24,0.09315146089426762,1.314035021356606,0.0,0.0,1.0
2020-03-25,0.01381420262417854,1.3321873673968931,0.0,0.0,1.0
2020-03-26,0.059909003624592394,1.4119973852189098,0.0,0.0,1.0
2020-03-27,-0.024423511735160552,1.3775114505109998,0.0,0.0,1.0
2020-03-30,0.03928020933822496,1.4316203886528738,0.0,0.0,1.0
2020-03-31,-0.026305672063514973,1.3939606521895294,0.0,0.0,1.0
2020-04-01,-0.040871665018450076,1.3369871593643388,0.0,0.0,1.0
2020-04-02,0.02903646676067262,1.3758085425766675,0.0,0.0,1.0
2020-04-03,-0.012941391177211603,1.3580036660422334,0.0,0.0,1.0
2020-04-06,0.06965757578395437,1.4525989093244582,0.0,0.0,1.0
2020-04-07,-0.010658176728574942,1.4371168534331429,0.0,0.0,1.0
2020-04-08,0.03485087912483231,1.4872016391804006,0.0,0.0,1.0
2020-04-09,0.018243511924797673,1.514333420019367,0.0,0.0,1.0
2020-04-13,-0.01720096590199438,1.4882854224973634,0.0,0.0,1.0
2020-04-14,0.03427624931955431,1.5392982646975413,0.0,0.0,1.0
2020-04-15,-0.022781002802788497,1.504231506615139,0.0,0.0,1.0
2020-04-16,0.011218934251542079,1.5211073809869524,0.0,0.0,1.0
2020-04-17,0.024808775682531703,1.558844192790901,0.0,0.0,1.0
2020-04-20,-0.020484335888507954,1.526912304747922,0.0,0.0,1.0
2020-04-21,-0.028643787614558547,1.4831757529846665,0.0,0.0,1.0
2020-04-22,0.02823594074424851,1.5250546156592477,0.0,0.0,1.0
2020-04-23,-0.010177022247670031,1.5095341009067718,0.0,0.0,1.0
2020-04-24,0.008179050325091364,1.5218806562855298,0.0,0.0,1.0
2020-04-27,0.014090025325506739,1.5433239932749918,0.0,0.0,1.0
2020-04-28,-0.009254325856564383,1.5290415701389708,0.0,0.0,1.0
2020-04-29,0.02040219917399555,1.560237380798265,0.0,0.0,1.0
2020-04-30,-0.007318133901615731,1.548819354727277,0.0,0.0,1.0
2020-05-01,-0.02129122850152354,1.5158430879381963,0.0,0.0,1.0
2020-05-04,0.010392029761745025,1.5315957744221855,0.0,0.0,1.0
2020-05-05,0.014480010538101773,1.5537732973759308,0.0,0.0,1.0
2020-05-06,-0.005106603648026176,1.5458387929873452,0.0,0.0,1.0
2020-05-07,0.008788696468941426,1.5594247009288258,0.0,0.0,1.0
2020-05-08,0.015239427113008297,1.5831894399968554,0.0,0.0,1.0
2020-05-11,0.006331853013797684,1.5932139628239121,0.0,0.0,1.0
2020-05-12,-0.019556189505535837,1.562056768644062,0.0,0.0,1.0
2020-05-13,-0.012265425193670687,1.5428974781999913,0.0,0.0,1.0
2020-05-14,0.008654768811326985,1.5562508991733917,0.0,0.0,1.0
2020-05-15,0.006267557653822919,1.5660047914077746,0.0,0.0,1.0
2020-05-18,0.028176043986438026,1.6101286112934527,0.0,0.0,1.0
2020-05-19,-0.007115652330454747,1.5986714958881707,0.0,0.0,1.0
2020-05-20,0.009684424567160566,1.6141537093977694,0.0,0.0,1.0
2020-05-21,-0.010646521049313518,1.5969685879538384,0.0,0.0,1.0
2020-05-22,0.006277219791718691,1.6069931107808952,0.0,0.0,1.0
2020-05-26,0.002914332379249762,1.6116764228368754,0.0,0.0,1.0
2020-05-27,0.007468909859545736,1.6237138887617992,0.0,0.0,1.0
2020-05-28,0.008867493635428714,1.6381121613361518,0.0,0.0,1.0
2020-05-29,0.009758193737324783,1.6540971771699378,0.0,0.0,1.0
2020-06-01,0.0014975715918026378,1.6565743061125484,0.0,0.0,1.0
2020-06-02,0.006775331661471373,1.6677981464583327,0.0,0.0,1.0
2020-06-03,0.006892854226647094,1.6792940359613422,0.0,0.0,1.0
2020-06-04,-0.013022490790706498,1.6574254448431474,0.0,0.0,1.0
2020-06-05,0.021297636741556936,1.6927246898936301,0.0,0.0,1.0
2020-06-08,0.007911527215737513,1.7061167273464743,0.0,0.0,1.0
2020-06-09,-0.000226618520932087,1.7057300896971856,0.0,0.0,1.0
2020-06-10,0.009779793853300411,1.7224117783437958,0.0,0.0,1.0
2020-06-11,-0.05336967631278966,1.630487219256251,0.0,0.0,1.0
2020-06-12,0.011750170210713229,1.6496457216089044,0.0,0.0,1.0
2020-06-15,0.0054201758996514915,1.6585870915921321,0.0,0.0,1.0
2020-06-16,0.015261799392158437,1.6839001150584347,0.0,0.0,1.0
2020-06-17,0.003769209931739015,1.6902470880961695,0.0,0.0,1.0
2020-06-18,0.00036647887654917,1.6908665279501056,0.0,0.0,1.0
2020-06-19,-0.003730935631106491,1.6845580137735312,0.0,0.0,1.0
2020-06-22,0.00860269583946982,1.6990497539899663,0.0,0.0,1.0
2020-06-23,0.002949945275866561,1.7040618577852111,0.0,0.0,1.0
2020-06-24,-0.022001844177968577,1.6665693543206013,0.0,0.0,1.0
2020-06-25,0.008579222755255245,1.6808672240483997,0.0,0.0,1.0
2020-06-26,-0.02017898449423694,1.6469490303974559,0.0,0.0,1.0
2020-06-29,0.012738765114884032,1.667929127251875,0.0,0.0,1.0
2020-06-30,0.0172372555525242,1.6966796478618142,0.0,0.0,1.0
2020-07-01,0.005518982097146408,1.7060435924629562,0.0,0.0,1.0
2020-07-02,0.0022541795032360312,1.7098893209607133,0.0,0.0,1.0
2020-07-06,0.013474562311323934,1.7329293311614657,0.0,0.0,1.0
2020-07-07,-0.004506538696866458,1.7251198180716516,0.0,0.0,1.0
2020-07-08,0.010923056372626583,1.7439633990939836,0.0,0.0,1.0
2020-07-09,-0.0010918729620587042,1.742059212611693,0.0,0.0,1.0
2020-07-10,0.005285642665801005,1.751267115112225,0.0,0.0,1.0
2020-07-13,-0.014775427754515125,1.7253913943740262,0.0,0.0,1.0
2020-07-14,0.0160556956035387,1.7530937533990607,0.0,0.0,1.0
2020-07-15,0.00305815264168241,1.7584549816921349,0.0,0.0,1.0
2020-07-16,-0.0042199039745294264,1.7510344705258611,0.0,0.0,1.0
2020-07-17,0.008564688294601996,1.7660315349590185,0.0,0.0,1.0
2020-07-20,0.013705584299999796,1.7902360290378574,0.0,0.0,1.0
2020-07-21,-0.004969691975240775,1.7813391074105611,0.0,0.0,1.0
2020-07-22,0.01221393214873423,1.8030962624023605,0.0,0.0,1.0
2020-07-23,-0.015772787935003807,1.77465640742909,0.0,0.0,1.0
2020-07-24,-0.0010290247871874714,1.7728302419971045,0.0,0.0,1.0
2020-07-27,0.00859097455123381,1.7880605814897592,0.0,0.0,1.0
2020-07-28,-0.005128150429742129,1.7788911378503875,0.0,0.0,1.0
2020-07-29,0.012908035046031552,1.8018531270008353,0.0,0.0,1.0
2020-07-30,0.0026738683624347725,1.806671045070877,0.0,0.0,1.0
2020-07-31,0.0110961839397421,1.8267181993055894,0.0,0.0,1.0
2020-08-03,0.012867846751376089,1.8502241291522035,0.0,0.0,1.0
2020-08-04,0.005228629997054979,1.8598982665351635,0.0,0.0,1.0
2020-08-05,0.0025693185500765825,1.8646769376526275,0.0,0.0,1.0
2020-08-06,0.008522075539033835,1.8805678553711975,0.0,0.0,1.0
2020-08-07,-0.004586480451637787,1.8719426676645592,0.0,0.0,1.0
2020-08-10,-0.0033624579640130214,1.8656483391334948,0.0,0.0,1.0
2020-08-11,-0.014431634629738843,1.8387239839555412,0.0,0.0,1.0
2020-08-12,0.0214045871491213,1.878081111713297,0.0,0.0,1.0
2020-08-13,0.0026687365971498345,1.883093215508542,0.0,0.0,1.0
2020-08-14,-0.0018981893209063516,1.8795187480765925,0.0,0.0,1.0
2020-08-17,0.010418552665156344,1.8991006131385773,0.0,0.0,1.0
2020-08-18,0.000818177313747448,1.9006544141767712,0.0,0.0,1.0
2020-08-19,-0.0031683635343465744,1.8946324500394987,0.0,0.0,1.0
2020-08-20,0.008920429753289882,1.9115333857183796,0.0,0.0,1.0
2020-08-21,0.008251913072416794,1.9273071930523502,0.0,0.0,1.0
2020-08-24,0.0036687229834453383,1.934377949247661,0.0,0.0,1.0
2020-08-25,0.0036357568126847983,1.9414108770549454,0.0,0.0,1.0
2020-08-26,0.010386316075253754,1.9615749840559737,0.0,0.0,1.0
2020-08-27,-0.000495295416717445,1.9606034249568232,0.0,0.0,1.0
2020-08-28,0.008640049058866284,1.9775431347334314,0.0,0.0,1.0
2020-08-31,0.002180943117818579,1.9818560438233177,0.0,0.0,1.0
2020-09-01,0.008233568770543709,1.9981737918534548,0.0,0.0,1.0
2020-09-02,0.016954954987644433,2.032052738551821,0.0,0.0,1.0
2020-09-03,-0.04433853232642271,1.941954502514545,0.0,0.0,1.0
2020-09-04,-0.015265063429859116,1.91231044385576,0.0,0.0,1.0
2020-09-08,-0.02830165351993008,1.8581888962512108,0.0,0.0,1.0
2020-09-09,0.02973203120049739,1.9134366264909695,0.0,0.0,1.0
2020-09-10,-0.01886317167814955,1.877343142910211,0.0,0.0,1.0
2020-09-11,-0.004222004192199091,1.8694169922906478,0.0,0.0,1.0
2020-09-14,0.018933582970634966,1.9048117540208978,0.0,0.0,1.0
2020-09-15,0.008872593528803208,1.9217123744632119,0.0,0.0,1.0
2020-09-16,-0.010654523813273253,1.9012374442072317,0.0,0.0,1.0
2020-09-17,-0.008480727954642164,1.885113566665731,0.0,0.0,1.0
2020-09-18,-0.012572415385192937,1.861413135857347,0.0,0.0,1.0
2020-09-21,-0.005343013797133422,1.8514675797902957,0.0,0.0,1.0
2020-09-22,0.02434200131306885,1.8965360060486556,0.0,0.0,1.0
2020-09-23,-0.02765601919208227,1.8440853698668989,0.0,0.0,1.0
2020-09-24,0.005161930758519118,1.85360441085895,0.0,0.0,1.0
2020-09-25,0.021714724000719388,1.8938549190472682,0.0,0.0,1.0
2020-09-28,0.014093935042976291,1.9205467872571416,0.0,0.0,1.0
2020-09-29,0.001840818521638088,1.924082165354797,0.0,0.0,1.0
2020-09-30,0.009228221937709558,1.9418380226030798,0.0,0.0,1.0
2020-10-01,0.01040424263941575,1.9620413765566855,0.0,0.0,1.0
2020-10-02,-0.023564320118392823,1.9158072054739717,0.0,0.0,1.0
2020-10-05,0.023017547000438565,1.9599043878697477,0.0,0.0,1.0
2020-10-06,-0.016532954001604705,1.927501378777554,0.0,0.0,1.0
2020-10-07,0.018443574739224644,1.9630513945169963,0.0,0.0,1.0
2020-10-08,0.0014643744231486178,1.9659260367704532,0.0,0.0,1.0
2020-10-09,0.011185947424547926,1.9879167820583175,0.0,0.0,1.0
2020-10-12,0.02435209275574124,2.0363267159256964,0.0,0.0,1.0
2020-10-13,0.0007631959363918472,2.037880832200457,0.0,0.0,1.0
2020-10-14,-0.009665937981080952,2.0181828024635737,0.0,0.0,1.0
2020-10-15,-0.008759205835128347,2.000505123883879,0.0,0.0,1.0
2020-10-16,-0.0015538026524871684,1.9973967337160743,0.0,0.0,1.0
2020-10-19,-0.017428551430052508,1.9625850020162847,0.0,0.0,1.0
2020-10-20,0.005879529753268331,1.9741240789289576,0.0,0.0,1.0
2020-10-21,-0.0025781824177236734,1.969034426938258,0.0,0.0,1.0
2020-10-22,-0.006827177815930674,1.9555914787798614,0.0,0.0,1.0
2020-10-23,0.00592062503385149,1.967169802645112,0.0,0.0,1.0
2020-10-26,-0.01374630085715467,1.9401284947008428,0.0,0.0,1.0
2020-10-27,0.005286849526429105,1.9503856621142637,0.0,0.0,1.0
2020-10-28,-0.03270942842910385,1.886589661890187,0.0,0.0,1.0
2020-10-29,0.01643413122073878,1.9175941239533796,0.0,0.0,1.0
2020-10-30,-0.030735906041592376,1.8586551311336388,0.0,0.0,1.0
2020-11-02,0.008695800393635489,1.8748176251545834,0.0,0.0,1.0
2020-11-03,0.01896185274901674,1.9103676408940258,0.0,0.0,1.0
2020-11-04,0.03965836912477472,1.9861297059606262,0.0,0.0,1.0
2020-11-05,0.025019514503903162,2.035821706945541,0.0,0.0,1.0
2020-11-06,0.0034925262570462134,2.042931867711713,0.0,0.0,1.0
2020-11-09,-0.02818498692488436,1.9853518597318287,0.0,0.0,1.0
2020-11-10,-0.026007409207515986,1.9337180014948803,0.0,0.0,1.0
2020-11-11,0.023829018399442292,1.9797966033318346,0.0,0.0,1.0
2020-11-12,-0.005887329245239714,1.9681408888894127,0.0,0.0,1.0
2020-11-13,0.007284358506273181,1.9824775327149384,0.0,0.0,1.0
2020-11-16,0.0014110673379175154,1.9852749420095077,0.0,0.0,1.0
2020-11-17,-0.0031314455262891894,1.979058161673898,0.0,0.0,1.0
2020-11-18,-0.011288211653709634,1.9567181342699216,0.0,0.0,1.0
2020-11-19,0.004428044339890969,1.9653825689291375,0.0,0.0,1.0
2020-11-20,-0.003084065567670269,1.9593212002210039,0.0,0.0,1.0
2020-11-23,-0.003569199373266385,1.9523279922211476,0.0,0.0,1.0
2020-11-24,0.003184048738494649,1.9585442997019071,0.0,0.0,1.0
2020-11-25,0.0074389157459398,1.9731137457320802,0.0,0.0,1.0
2020-11-27,0.006596659851313635,1.986129705960626,0.0,0.0,1.0
2020-11-30,0.00782468912498513,2.001670553471666,0.0,0.0,1.0
2020-12-01,0.009239195740424755,2.020164379523035,0.0,0.0,1.0
2020-12-02,-0.0035772537873098864,2.0129377388453977,0.0,0.0,1.0
2020-12-03,-0.006388788444037896,2.0000775054808946,0.0,0.0,1.0
2020-12-04,0.005283632960646267,2.0106451809127006,0.0,0.0,1.0
2020-12-07,0.0042126235877602,2.01911527222843,0.0,0.0,1.0
2020-12-08,0.0016548584603828242,2.022456622219165,0.0,0.0,1.0
2020-12-09,-0.015080243260300219,1.991957484372695,0.0,0.0,1.0
2020-12-10,0.0020479736360385914,1.9960369607848,0.0,0.0,1.0
2020-12-11,-0.002802805490321192,1.9904424574322284,0.0,0.0,1.0
2020-12-14,0.008158773593735846,2.006682026793777,0.0,0.0,1.0
2020-12-15,0.008190066086850578,2.0231168852085135,0.0,0.0,1.0
2020-12-16,0.007566487037911296,2.038424772896623,0.0,0.0,1.0
2020-12-17,0.006728155917105072,2.0521396125939613,0.0,0.0,1.0
2020-12-18,-0.0006816603787498376,2.050740750328393,0.0,0.0,1.0
2020-12-21,-0.003230545688756248,2.044115738638663,0.0,0.0,1.0
2020-12-22,0.003489073330221748,2.0512478083462335,0.0,0.0,1.0
2020-12-23,-0.005358220540890302,2.0402567702050964,0.0,0.0,1.0
2020-12-24,0.0014518370648370915,2.043218890605865,0.0,0.0,1.0
2020-12-28,0.008698008027874238,2.060990824919059,0.0,0.0,1.0
2020-12-29,-0.0010020774197536664,2.0589255525510883,0.0,0.0,1.0
2020-12-30,-0.0015903256998364146,2.0556511903308166,0.0,0.0,1.0
2020-12-31,0.0031476099564491378,2.062121578484488,0.0,0.0,1.0
2021-01-04,-0.01375952475768183,2.033747765571981,0.0,0.0,1.0
2021-01-05,0.00802976425471491,2.0500782806830773,0.0,0.0,1.0
2021-01-06,-0.014847613542722349,2.0196395106391662,0.0,0.0,1.0
2021-01-07,0.019683637979831303,2.0593933636163513,0.0,0.0,1.0
2021-01-08,0.00927321082887178,2.078490552456745,0.0,0.0,1.0
2021-01-11,-0.006600357234344267,2.064771772302321,0.0,0.0,1.0
2021-01-12,-0.005209688313369543,2.0540149549303823,0.0,0.0,1.0
2021-01-13,0.005559572294314696,2.0654343995659215,0.0,0.0,1.0
2021-01-14,-0.007642230312694842,2.049649874188676,0.0,0.0,1.0
2021-01-15,-0.003441971644779329,2.0425950374399933,0.0,0.0,1.0
2021-01-19,0.012249901131442087,2.0676166247002072,0.0,0.0,1.0
2021-01-20,0.0225444323176478,2.1142298677546045,0.0,0.0,1.0
2021-01-21,0.007152288929272332,2.129351450631683,0.0,0.0,1.0
2021-01-22,0.0012994515137665363,2.132118439597547,0.0,0.0,1.0
2021-01-25,0.0059958153635431,2.1449022280945793,0.0,0.0,1.0
2021-01-26,-0.0006539436091764772,2.1434995829902084,0.0,0.0,1.0
2021-01-27,-0.02945561641812955,2.080361481481228,0.0,0.0,1.0
2021-01-28,0.0041590358831440355,2.0890137795326194,0.0,0.0,1.0
2021-01-29,-0.01110088665547082,2.065823874344311,0.0,0.0,1.0
2021-02-01,0.014243849558909671,2.0952491588256756,0.0,0.0,1.0
2021-02-02,0.013337209003168926,2.1231939347706477,0.0,0.0,1.0
2021-02-03,-0.006002532946116301,2.1104493932261925,0.0,0.0,1.0
2021-02-04,0.009418114311358972,2.130325846859935,0.0,0.0,1.0
2021-02-05,0.00010979800718091681,2.1305597523925663,0.0,0.0,1.0
2021-02-08,0.007317263352827563,2.146149619189758,0.0,0.0,1.0
2021-02-09,-0.00032689192465307215,2.1454480602101476,0.0,0.0,1.0
2021-02-10,0.0007447286042050472,2.147045836749422,0.0,0.0,1.0
2021-02-11,0.00488312600523555,2.1575301321092857,0.0,0.0,1.0
2021-02-12,0.006123759197985024,2.1707423271007196,0.0,0.0,1.0
2021-02-16,-0.0037704358100130175,2.162557682496308,0.0,0.0,1.0
2021-02-17,-0.0031898903086181596,2.155659360703085,0.0,0.0,1.0
2021-02-18,-0.005460186868600059,2.1438890577685994,0.0,0.0,1.0
2021-02-19,-0.009343998310809232,2.123856562034247,0.0,0.0,1.0
2021-02-22,-0.020497994609743775,2.0803217616738,0.0,0.0,1.0
2021-02-23,-0.004458619477394232,2.071046398547954,0.0,0.0,1.0
2021-02-24,0.0028981022529319667,2.0770485027815124,0.0,0.0,1.0
2021-02-25,-0.02867166707910551,2.0174960596026064,0.0,0.0,1.0
2021-02-26,0.009195316270785625,2.0360475739457162,0.0,0.0,1.0
2021-03-01,0.02658825159656386,2.0901825191043586,0.0,0.0,1.0
2021-03-02,-0.019765114970989206,2.048869821303909,0.0,0.0,1.0
2021-03-03,-0.02843809896733851,1.9906038585544754,0.0,0.0,1.0
2021-03-04,-0.021223871213458922,1.9483555386235007,0.0,0.0,1.0
2021-03-05,0.01746323261734184,1.9823801246157693,0.0,0.0,1.0
2021-03-08,-0.02186220267875849,1.939040928545077,0.0,0.0,1.0
2021-03-09,0.03179765913745691,2.000697891044531,0.0,0.0,1.0
2021-03-10,-0.0013829331054757699,1.9979310596969502,0.0,0.0,1.0
2021-03-11,0.019975453931469378,2.0378406395381785,0.0,0.0,1.0
2021-03-12,-0.00541249989074899,2.026810827299314,0.0,0.0,1.0
2021-03-15,0.009037884255698847,2.0451289089646427,0.0,0.0,1.0
2021-03-16,0.006345874719012157,2.0581070408051625,0.0,0.0,1.0
2021-03-17,-0.0020074225313495564,2.053975550359521,0.0,0.0,1.0
2021-03-18,-0.0221246829179651,2.0085319925865637,0.0,0.0,1.0
2021-03-19,0.008537776070873138,2.025680388970452,0.0,0.0,1.0
2021-03-22,0.01678245968603176,2.059676288435134,0.0,0.0,1.0
2021-03-23,-0.00848938465334148,2.0421909041612416,0.0,0.0,1.0
2021-03-24,-0.016972019041163855,2.0075308012501254,0.0,0.0,1.0
2021-03-25,-0.0008942688437519886,2.005735529001695,0.0,0.0,1.0
2021-03-26,0.0153148789275388,2.036453125789019,0.0,0.0,1.0
2021-03-29,-0.00199331927674562,2.032393824517195,0.0,0.0,1.0
2021-03-30,-0.0029767176520913985,2.026343961943753,0.0,0.0,1.0
2021-03-31,0.021380876711386776,2.069668972368935,0.0,0.0,1.0
2021-04-01,0.01320085288937678,2.096990368002885,0.0,0.0,1.0
2021-04-05,0.019413370165720867,2.137700018250876,0.0,0.0,1.0
2021-04-06,-0.0023004586244451675,2.1327823278074143,0.0,0.0,1.0
2021-04-07,0.0005490228479674286,2.1339532740351217,0.0,0.0,1.0
2021-04-08,0.011047481368652967,2.157528083071601,0.0,0.0,1.0
2021-04-09,0.010004156100778205,2.1791123308064617,0.0,0.0,1.0
2021-04-12,0.0033851826632298465,2.186489024089938,0.0,0.0,1.0
2021-04-13,0.01649438742011644,2.2225538211431095,0.0,0.0,1.0
2021-04-14,-0.014733991813125069,2.189806731338157,0.0,0.0,1.0
2021-04-15,0.01805565222623806,2.229345120121874,0.0,0.0,1.0
2021-04-16,0.000210195878803221,2.2298137192785537,0.0,0.0,1.0
2021-04-19,-0.012568104032233851,2.2017891884821585,0.0,0.0,1.0
2021-04-20,-0.00797702189321392,2.1842254679213946,0.0,0.0,1.0
2021-04-21,0.010560705964651751,2.207292430848616,0.0,0.0,1.0
2021-04-22,-0.012625358485888194,2.179424572625965,0.0,0.0,1.0
2021-04-23,0.014810701086088729,2.211703378510805,0.0,0.0,1.0
2021-04-26,0.007535264159701072,2.228369147710787,0.0,0.0,1.0
2021-04-27,-0.003590597603948309,2.2203679707883044,0.0,0.0,1.0
2021-04-28,-0.007506143077356087,2.2037015711151886,0.0,0.0,1.0
2021-04-29,-0.004640427154756321,2.1934754545036066,0.0,0.0,1.0
2021-04-30,-0.005836361001142709,2.180673539903978,0.0,0.0,1.0
2021-05-03,-0.005190617294087652,2.169354498114993,0.0,0.0,1.0
2021-05-04,-0.016193013572356696,2.134226111283764,0.0,0.0,1.0
2021-05-05,0.0012803836320931516,2.1369587394638376,0.0,0.0,1.0
2021-05-06,0.00706832445653105,2.1520634571845876,0.0,0.0,1.0
2021-05-07,0.008397174057820811,2.170134708618042,0.0,0.0,1.0
2021-05-10,-0.023398979089128913,2.1193557719504956,0.0,0.0,1.0
2021-05-11,-0.0009026389676909385,2.1174427588443323,0.0,0.0,1.0
2021-05-12,-0.031151797619054733,2.0514806105508807,0.0,0.0,1.0
2021-05-13,0.007990627174570886,2.067873227265654,0.0,0.0,1.0
2021-05-14,0.020196347406810755,2.109636713356754,0.0,0.0,1.0
2021-05-17,-0.0070492160801025605,2.094765428313785,0.0,0.0,1.0
2021-05-18,-0.005384828440562317,2.0834854758590944,0.0,0.0,1.0
2021-05-19,-0.0009364868406160909,2.0815343191283375,0.0,0.0,1.0
2021-05-20,0.017232395789454014,2.117404142364889,0.0,0.0,1.0
2021-05-21,-0.0033919799144646046,2.110221950043183,0.0,0.0,1.0
2021-05-24,0.01640611345231391,2.1448424907651544,0.0,0.0,1.0
2021-05-25,0.00029144989192975146,2.1454676048772945,0.0,0.0,1.0
2021-05-26,0.0034198284223225794,2.152804735971626,0.0,0.0,1.0
2021-05-27,0.0031549944854223355,2.1595968230418077,0.0,0.0,1.0
2021-05-28,0.0018071828383536825,2.1634996093581718,0.0,0.0,1.0
2021-06-01,-0.006765238762054815,2.1488630179392514,0.0,0.0,1.0
2021-06-02,-0.00014530559505021579,2.148550776119748,0.0,0.0,1.0
2021-06-03,-0.008792449466689112,2.1296597519940996,0.0,0.0,1.0
2021-06-04,0.01424038570989361,2.159986928293332,0.0,0.0,1.0
2021-06-07,0.00314428486875018,2.1667785425086628,0.0,0.0,1.0
2021-06-08,-0.0006124972721320843,2.165451396562062,0.0,0.0,1.0
2021-06-09,-0.0006128726549614605,2.164124250615461,0.0,0.0,1.0
2021-06-10,0.009757278866378893,2.1852402144302094,0.0,0.0,1.0
2021-06-11,0.003107732191470536,2.1920313557906903,0.0,0.0,1.0
2021-06-14,0.008885244098117306,2.2115080894576176,0.0,0.0,1.0
2021-06-15,-0.008136252400436028,2.193514701456184,0.0,0.0,1.0
2021-06-16,-0.0001601681327069171,2.1931633703023867,0.0,0.0,1.0
2021-06-17,0.013222779255184447,2.2221630854184515,0.0,0.0,1.0
2021-06-18,-0.005497225781337822,2.209947353214952,0.0,0.0,1.0
2021-06-21,0.00572866956586604,2.2226074113594807,0.0,0.0,1.0
2021-06-22,0.010759720287694563,2.2465220454150656,0.0,0.0,1.0
2021-06-23,0.005357285183788196,2.2585573046840213,0.0,0.0,1.0
2021-06-24,0.00852959516123808,2.277821884141433,0.0,0.0,1.0
2021-06-25,-0.001063556827425871,2.275399291124894,0.0,0.0,1.0
2021-06-28,0.013858761948659648,2.306933508238743,0.0,0.0,1.0
2021-06-29,0.005030812290480968,2.318539257685313,0.0,0.0,1.0
2021-06-30,8.429733109882598e-05,2.3187347043567836,0.0,0.0,1.0
2021-07-01,-0.0009439825513793965,2.316545859254593,0.0,0.0,1.0
2021-07-02,0.011757349534162742,2.3437822986337666,0.0,0.0,1.0
2021-07-06,0.00321775603077068,2.351324018260009,0.0,0.0,1.0
2021-07-07,0.0027753351390462644,2.3578497304311696,0.0,0.0,1.0
2021-07-08,-0.008153756474259422,2.3386243979263357,0.0,0.0,1.0
2021-07-09,0.009139824008007835,2.3599990133442157,0.0,0.0,1.0
2021-07-12,0.006209027577601001,2.374652312301181,0.0,0.0,1.0
2021-07-13,-0.0037518643994894907,2.365742938829493,0.0,0.0,1.0
2021-07-14,-0.0015526355028256944,2.362069802352107,0.0,0.0,1.0
2021-07-15,-0.008288127850407667,2.3424926658386256,0.0,0.0,1.0
2021-07-16,-0.010309041807026409,2.3183438110138423,0.0,0.0,1.0
2021-07-19,-0.00621962788157171,2.3039245752077915,0.0,0.0,1.0
2021-07-20,0.014925243456044512,2.3383112103971317,0.0,0.0,1.0
2021-07-21,0.005481460780077052,2.351128571588538,0.0,0.0,1.0
2021-07-22,0.006930601736401254,2.367423307349292,0.0,0.0,1.0
2021-07-23,0.010151012860936781,2.391455051789476,0.0,0.0,1.0
2021-07-26,-0.001094813512942272,2.388836854483183,0.0,0.0,1.0
2021-07-27,-0.01068156187491065,2.3633203458129537,0.0,0.0,1.0
2021-07-28,0.0033730275708572233,2.371291890498149,0.0,0.0,1.0
2021-07-29,0.00749794460083586,2.3890717057255153,0.0,0.0,1.0
2021-07-30,-0.007818331544759305,2.3703931510459495,0.0,0.0,1.0
2021-08-02,0.0029508962171969078,2.3773879352286404,0.0,0.0,1.0
2021-08-03,0.009204280869064885,2.399270081519211,0.0,0.0,1.0
2021-08-04,-0.0008143461032691368,2.3973162452776355,0.0,0.0,1.0
2021-08-05,0.006292065035362837,2.4124003150032545,0.0,0.0,1.0
2021-08-06,-0.005442808725559911,2.3992700815192114,0.0,0.0,1.0
2021-08-09,0.0007818274423205818,2.401145896710482,0.0,0.0,1.0
2021-08-10,-0.004410221131382341,2.3905563123372775,0.0,0.0,1.0
2021-08-11,-0.0002452075247522112,2.3899701299411484,0.0,0.0,1.0
2021-08-12,0.0051011585682172456,2.402161746547281,0.0,0.0,1.0
2021-08-13,0.003839275608375825,2.411384307548173,0.0,0.0,1.0
2021-08-16,0.0008100589278161596,2.413337670934898,0.0,0.0,1.0
2021-08-17,-0.013762990422747201,2.380122927682966,0.0,0.0,1.0
2021-08-18,-0.0093580028967154,2.35784973043117,0.0,0.0,1.0
2021-08-19,0.006264556220770601,2.372620612627585,0.0,0.0,1.0
2021-08-20,0.012203851297482915,2.401575721769435,0.0,0.0,1.0
2021-08-23,0.012870408515463616,2.4324849823894272,0.0,0.0,1.0
2021-08-24,0.0011244262934451132,2.435220132462036,0.0,0.0,1.0
2021-08-25,0.00348211067984483,2.4436998384930555,0.0,0.0,1.0
2021-08-26,-0.006987978710662035,2.4266233160464177,0.0,0.0,1.0
2021-08-27,0.010853381849454058,2.452960385500258,0.0,0.0,1.0
2021-08-30,0.013031059463855188,2.484925058146193,0.0,0.0,1.0
2021-08-31,-0.002280237648601746,2.479258838474654,0.0,0.0,1.0
2021-09-01,-0.0010559767489305427,2.476640798786644,0.0,0.0,1.0
2021-09-02,0.002524485768161444,2.4828930432360288,0.0,0.0,1.0
2021-09-03,0.005004897613532178,2.4953196687027765,0.0,0.0,1.0
2021-09-07,0.00017212617195805358,2.495749178525162,0.0,0.0,1.0
2021-09-08,-0.004290161729706088,2.485042010912508,0.0,0.0,1.0
2021-09-09,-0.006321179150035161,2.4693336151661667,0.0,0.0,1.0
2021-09-10,-0.005348786902126479,2.4561256758683854,0.0,0.0,1.0
2021-09-13,-0.004136369802857587,2.4459662317907003,0.0,0.0,1.0
2021-09-14,-0.0013739271530561759,2.4426056523693847,0.0,0.0,1.0
2021-09-15,0.00865485373301067,2.4637460470180668,0.0,0.0,1.0
2021-09-16,0.00012679855465003165,2.4640584464558533,0.0,0.0,1.0
2021-09-17,-0.008198898809095412,2.4438558805936648,0.0,0.0,1.0
2021-09-20,-0.020642311743880204,2.3934090456493355,0.0,0.0,1.0
2021-09-21,0.0015019581366788604,2.3970038458398495,0.0,0.0,1.0
2021-09-22,0.013237218555318009,2.4287335096251694,0.0,0.0,1.0
2021-09-23,0.018229006789427293,2.4730069092618363,0.0,0.0,1.0
2021-09-24,-0.003586905367088278,2.4641364675061586,0.0,0.0,1.0
2021-09-27,-0.0008720337069524353,2.4619876574479624,0.0,0.0,1.0
2021-09-28,-0.023458609340101577,2.4042328507917388,0.0,0.0,1.0
2021-09-29,-0.005314709429269371,2.391455051789477,0.0,0.0,1.0
2021-09-30,-0.012941221676371684,2.3605067018351904,0.0,0.0,1.0
2021-10-01,0.01094223681911255,2.3863359251797736,0.0,0.0,1.0
2021-10-04,-0.013574664518797852,2.353942215566303,0.0,0.0,1.0
2021-10-05,0.014608105059650933,2.388328850755643,0.0,0.0,1.0
2021-10-06,-0.0027813684676036843,2.381686028199883,0.0,0.0,1.0
2021-10-07,0.012239528252864229,2.4108367416314875,0.0,0.0,1.0
2021-10-08,-0.000761666259028071,2.4090004886293617,0.0,0.0,1.0
2021-10-11,-0.007267058511702951,2.391494141123771,0.0,0.0,1.0
2021-10-12,-0.0018301297165731478,2.38711739662909,0.0,0.0,1.0
2021-10-13,0.004108768566530641,2.396925509552978,0.0,0.0,1.0
2021-10-14,0.017998239512797776,2.4400659489682472,0.0,0.0,1.0
2021-10-15,0.008519490136721153,2.4608540667534315,0.0,0.0,1.0
2021-10-18,0.006891549179852685,2.477813163578903,0.0,0.0,1.0
2021-10-19,0.003926886827709364,2.487543255452486,0.0,0.0,1.0
2021-10-20,0.0017436239206345405,2.491880595376306,0.0,0.0,1.0
2021-10-21,0.0029480206034424583,2.499226710712794,0.0,0.0,1.0
2021-10-22,-0.00046902794730496744,2.498054503538819,0.0,0.0,1.0
2021-10-25,0.004301913569142668,2.5088009181040505,0.0,0.0,1.0
2021-10-26,0.00015549470215403538,2.5091910233555748,0.0,0.0,1.0
2021-10-27,-0.00331689303175442,2.500868305134866,0.0,0.0,1.0
2021-10-28,0.009921777256431508,2.5256813634060835,0.0,0.0,1.0
2021-10-29,0.003481207421000887,2.5344737841114564,0.0,0.0,1.0
2021-11-01,-0.0039624819206631745,2.52443097756352,0.0,0.0,1.0
2021-11-02,0.008126632536437528,2.5449461004817784,0.0,0.0,1.0
2021-11-03,0.0023183694157817847,2.5508462256859485,0.0,0.0,1.0
2021-11-04,-0.0028339634428354854,2.5436172207340597,0.0,0.0,1.0
2021-11-05,0.0009369908508769509,2.546000566798021,0.0,0.0,1.0
2021-11-08,0.00452790301116468,2.5575286104308526,0.0,0.0,1.0
2021-11-09,-0.0015128104483081994,2.5536595544271457,0.0,0.0,1.0
2021-11-10,-0.011124371849991599,2.525251695965414,0.0,0.0,1.0
2021-11-11,0.002878166282511696,2.5325197902515972,0.0,0.0,1.0
2021-11-12,0.010723747627497726,2.559677893343899,0.0,0.0,1.0
2021-11-15,-0.001984639273800548,2.5545978560684897,0.0,0.0,1.0
2021-11-16,0.0032578133440346324,2.562920259052632,0.0,0.0,1.0
2021-11-17,-0.00532093569256864,2.5492831251690315,0.0,0.0,1.0
2021-11-18,0.0007206108554229651,2.551120166262575,0.0,0.0,1.0
2021-11-19,-0.003232289182501291,2.5428742081459035,0.0,0.0,1.0
2021-11-22,0.0016442575851896013,2.5470553483508303,0.0,0.0,1.0
2021-11-23,0.0018871702866720685,2.551862075522747,0.0,0.0,1.0
2021-11-24,0.0007043793321119818,2.5536595544271457,0.0,0.0,1.0
2021-11-26,-0.022279481511144783,2.4967653435985278,0.0,0.0,1.0
2021-11-29,0.013850690586999947,2.531347267841056,0.0,0.0,1.0
2021-11-30,-0.027909801908283183,2.460697867034538,0.0,0.0,1.0
2021-12-01,-0.013688660479789783,2.4270142093893594,0.0,0.0,1.0
2021-12-02,0.022073834024438188,2.480587718222373,0.0,0.0,1.0
2021-12-03,-0.008837367828987142,2.458665852124374,0.0,0.0,1.0
2021-12-06,0.00778768348614145,2.477813163578903,0.0,0.0,1.0
2021-12-07,0.023166927485860578,2.5352164814630465,0.0,0.0,1.0
2021-12-08,0.0010631331354165052,2.537911754109944,0.0,0.0,1.0
2021-12-09,-0.006466486970607366,2.521500380819441,0.0,0.0,1.0
2021-12-10,0.00647769478153859,2.5378338906779225,0.0,0.0,1.0
2021-12-13,-0.012348691604985196,2.506494962617261,0.0,0.0,1.0
2021-12-14,-0.00704652298650188,2.4888328882476274,0.0,0.0,1.0
2021-12-15,0.01119430940158983,2.5166936536475237,0.0,0.0,1.0
2021-12-16,-0.002639441208050375,2.5100509887100477,0.0,0.0,1.0
2021-12-17,-0.016486286357591973,2.468669569338017,0.0,0.0,1.0
2021-12-20,-0.018049294070550226,2.4241118263180166,0.0,0.0,1.0
2021-12-21,0.020109188539962908,2.4728587480753994,0.0,0.0,1.0
2021-12-22,0.008201845533162722,2.493140753552444,0.0,0.0,1.0
2021-12-23,0.007742584740806802,2.5124441071075827,0.0,0.0,1.0
2021-12-27,0.01008277574951899,2.537776517622749,0.0,0.0,1.0
2021-12-28,-0.002885264839735835,2.530454360265345,0.0,0.0,1.0
2021-12-29,0.003264977900029331,2.538716237828644,0.0,0.0,1.0
2021-12-30,-0.002791626882589715,2.5316290893318545,0.0,0.0,1.0
2021-12-31,-0.0021342600222278296,2.5262259345753844,0.0,0.0,1.0
2022-01-03,-4.654502110845726e-05,2.526108351335935,0.0,0.0,1.0
2022-01-04,0.015608470015780584,2.5655370377943747,0.0,0.0,1.0
2022-01-05,-0.02443370666404543,2.502851458377163,0.0,0.0,1.0
2022-01-06,0.0037074927286930848,2.5121307619600954,0.0,0.0,1.0
2022-01-07,-0.0016210874254700691,2.5080583783707455,0.0,0.0,1.0
2022-01-10,-0.0034811588319174636,2.4993274287959157,0.0,0.0,1.0
2022-01-11,0.008428162564829256,2.5203921666685445,0.0,0.0,1.0
2022-01-12,0.005250811404609923,2.5336262706013772,0.0,0.0,1.0
2022-01-13,-0.011466772972054229,2.5045737533603587,0.0,0.0,1.0
2022-01-14,-0.0030484347445537407,2.4969387237103176,0.0,0.0,1.0
2022-01-18,-0.025465793341893805,2.4333521981849384,0.0,0.0,1.0
2022-01-19,-0.014030984448313077,2.399209871334937,0.0,0.0,1.0
2022-01-20,-0.013806324637537726,2.366085600977702,0.0,0.0,1.0
2022-01-21,-0.018417956056599905,2.322507140352741,0.0,0.0,1.0
2022-01-24,0.0034222573705577908,2.330455357531986,0.0,0.0,1.0
2022-01-25,-0.011424822179769034,2.303830319474293,0.0,0.0,1.0
2022-01-26,-0.005098410243699059,2.2920844473737407,0.0,0.0,1.0
2022-01-27,-0.0033825480353590898,2.2843313616293996,0.0,0.0,1.0
2022-01-28,0.016214733281137317,2.3213711853839576,0.0,0.0,1.0
2022-01-31,0.018975198203343924,2.3654196637301497,0.0,0.0,1.0
2022-02-01,0.01236494293064827,2.3946679428792064,0.0,0.0,1.0
2022-02-02,0.02020933425771676,2.4430625877730914,0.0,0.0,1.0
2022-02-03,-0.023334908400510224,2.386053946070693,0.0,0.0,1.0
2022-02-04,0.003642974254500775,2.3947462791660783,0.0,0.0,1.0
2022-02-07,-0.006556233104425768,2.379045764333909,0.0,0.0,1.0
2022-02-08,0.0124257662973275,2.4086072310121693,0.0,0.0,1.0
2022-02-09,0.01815772094305257,2.452342048974307,0.0,0.0,1.0
2022-02-10,-0.014864248977471961,2.4158898261804294,0.0,0.0,1.0
2022-02-11,-0.021069227854404127,2.364988892961497,0.0,0.0,1.0
2022-02-14,-0.007996316313455765,2.3460776936955674,0.0,0.0,1.0
2022-02-15,0.015337309759990703,2.382060214004781,0.0,0.0,1.0
2022-02-16,0.00519419180058911,2.3944330916368743,0.0,0.0,1.0
2022-02-17,-0.029711860197200513,2.323290030366609,0.0,0.0,1.0
2022-02-18,-0.008645603134549984,2.3032037867976025,0.0,0.0,1.0
2022-02-22,-0.012154764037632826,2.2752088882384953,0.0,0.0,1.0
2022-02-23,-0.018930053696138316,2.2321390618142094,0.0,0.0,1.0
2022-02-24,0.01712014877335144,2.270353614635278,0.0,0.0,1.0
2022-02-25,0.025127175366280508,2.3274011880536873,0.0,0.0,1.0
2022-02-28,-0.0043908798697229745,2.317181849028293,0.0,0.0,1.0
2022-03-01,-0.02208489428602034,2.2660071328510183,0.0,0.0,1.0
2022-03-02,0.02222090835422974,2.3163598696801317,0.0,0.0,1.0
2022-03-03,-0.004733121439084442,2.305396257120314,0.0,0.0,1.0
2022-03-04,-0.018019612685291064,2.2638539094808863,0.0,0.0,1.0
2022-03-07,-0.04124943108590484,2.1704712236531982,0.0,0.0,1.0
2022-03-08,0.0005592418768682883,2.1716850420540026,0.0,0.0,1.0
2022-03-09,0.036473529896548396,2.250894061361246,0.0,0.0,1.0
2022-03-10,-0.002783203528462841,2.2446293650674694,0.0,0.0,1.0
2022-03-11,-0.01184403816607349,2.218043889198921,0.0,0.0,1.0
2022-03-14,-0.009285366590275235,2.197448538574389,0.0,0.0,1.0
2022-03-15,0.016944846439256755,2.2346839666187015,0.0,0.0,1.0
2022-03-16,0.029891050966784682,2.301481018959558,0.0,0.0,1.0
2022-03-17,0.01236822345368438,2.3299462504764628,0.0,0.0,1.0
2022-03-18,0.013242000112567709,2.360799398987549,0.0,0.0,1.0
2022-03-21,0.00641676426566673,2.37594809220938,0.0,0.0,1.0
2022-03-22,0.007218159615084652,2.393098064776103,0.0,0.0,1.0
2022-03-23,-0.009495108006911224,2.3703753401799235,0.0,0.0,1.0
2022-03-24,0.015413957103229903,2.406912203992011,0.0,0.0,1.0
2022-03-25,0.007875111472999574,2.4258669059041713,0.0,0.0,1.0
2022-03-28,-0.0007763743609725537,2.4239835250352955,0.0,0.0,1.0
2022-03-29,0.006637894631981611,2.440073672264139,0.0,0.0,1.0
2022-03-30,-0.004599731088072656,2.428849989536638,0.0,0.0,1.0
2022-03-31,-0.012053643884107568,2.399573496714845,0.0,0.0,1.0
2022-04-01,0.0012593968689080803,2.4025955120633227,0.0,0.0,1.0
2022-04-04,0.0008002951100518629,2.4045182975030595,0.0,0.0,1.0
2022-04-05,-0.009303111582145251,2.3821487954800786,0.0,0.0,1.0
2022-04-06,0.0009883941433710408,2.3845032973981697,0.0,0.0,1.0
2022-04-07,0.00674773217051805,2.40059328700873,0.0,0.0,1.0
2022-04-08,0.002812068790730926,2.4073439204703653,0.0,0.0,1.0
2022-04-11,-0.019921099977850187,2.3593869815496054,0.0,0.0,1.0
2022-04-12,-0.0016633049397510868,2.3554626015284095,0.0,0.0,1.0
2022-04-13,0.008663756487094165,2.375869755922509,0.0,0.0,1.0
2022-04-14,-0.00887029592929145,2.354795088098023,0.0,0.0,1.0
2022-04-18,0.00011673469497042177,2.35506997438435,0.0,0.0,1.0
2022-04-19,0.010498270466811954,2.3797941359437047,0.0,0.0,1.0
2022-04-20,0.004617423029427137,2.390782652192307,0.0,0.0,1.0
2022-04-21,-0.017383561021588445,2.349222336068567,0.0,0.0,1.0
2022-04-22,-0.03209097062203481,2.2738335110971626,0.0,0.0,1.0
2022-04-25,0.002588900032191477,2.27972023874724,0.0,0.0,1.0
2022-04-26,-0.016233356785387176,2.242712726740788,0.0,0.0,1.0
2022-04-27,-0.0044972295547891505,2.2326267327831877,0.0,0.0,1.0
2022-04-28,0.020565882820547055,2.2785426725516276,0.0,0.0,1.0
2022-04-29,-0.03668608387017214,2.1949518649646325,0.0,0.0,1.0
2022-05-02,0.0037367482843286837,2.2031538475802233,0.0,0.0,1.0
2022-05-03,0.007677398866100527,2.2200683384314805,0.0,0.0,1.0
2022-05-04,0.029697920368866537,2.2859997511596606,0.0,0.0,1.0
2022-05-05,-0.027982902206601157,2.2220308436786453,0.0,0.0,1.0
2022-05-06,0.000847807189124028,2.2239146974023716,0.0,0.0,1.0
2022-05-09,-0.034781750192795724,2.1465630519472354,0.0,0.0,1.0
2022-05-10,0.0006034330331783355,2.1478583590005806,0.0,0.0,1.0
2022-05-11,-0.004476566383615044,2.138243328473912,0.0,0.0,1.0
2022-05-12,-0.004863717716991789,2.127843516513974,0.0,0.0,1.0
2022-05-13,0.023330777033060635,2.1774877591590056,0.0,0.0,1.0
2022-05-16,0.0008112229770891322,2.1792541872615656,0.0,0.0,1.0
2022-05-17,0.015126769554303365,2.212219263152522,0.0,0.0,1.0
2022-05-18,-0.04062436588441032,2.1223492583896735,0.0,0.0,1.0
2022-05-19,-0.004363867209214112,2.113087608054487,0.0,0.0,1.0
2022-05-20,-0.0019313965959890655,2.109006397841264,0.0,0.0,1.0
2022-05-23,0.02132503885514314,2.153981041220974,0.0,0.0,1.0
2022-05-24,-0.004755591821251515,2.143737586598213,0.0,0.0,1.0
2022-05-25,0.009977267543761048,2.16512623004332,0.0,0.0,1.0
2022-05-26,0.01877826817380268,2.2057835510212076,0.0,0.0,1.0
2022-05-27,0.021243255815781348,2.2526415752697937,0.0,0.0,1.0
2022-05-31,-0.010453021403322604,2.2290946646694842,0.0,0.0,1.0
2022-06-01,-0.0029929231759816544,2.222423155586138,0.0,0.0,1.0
2022-06-02,0.012890607214138594,2.251071539548405,0.0,0.0,1.0
2022-06-03,-0.00845524147109833,2.2320381861128062,0.0,0.0,1.0
2022-06-06,0.0027074996490370484,2.238081428718344,0.0,0.0,1.0
2022-06-07,0.011415359983751427,2.2636299339001127,0.0,0.0,1.0
2022-06-08,-0.007974950750160192,2.245577596660671,0.0,0.0,1.0
2022-06-09,-0.02132128620497764,2.197698994026783,0.0,0.0,1.0
2022-06-10,-0.025714304771231045,2.1411866922989504,0.0,0.0,1.0
2022-06-13,-0.03537379071088709,2.065444802372631,0.0,0.0,1.0
2022-06-14,-0.007600296518019634,2.0497468094329965,0.0,0.0,1.0
2022-06-15,0.0088454003495253,2.0678776405775934,0.0,0.0,1.0
2022-06-16,-0.0294542586094364,2.0069698377793497,0.0,0.0,1.0
2022-06-17,-0.011341383164810703,1.9842080238488762,0.0,0.0,1.0
2022-06-21,0.03340029289778479,2.0504811530155633,0.0,0.0,1.0
2022-06-22,-0.0024994699887571636,2.045356036911089,0.0,0.0,1.0
2022-06-23,-0.0015420784514206254,2.042201937441085,0.0,0.0,1.0
2022-06-24,0.028185336141779427,2.099762085517255,0.0,0.0,1.0
2022-06-27,0.0022532209943118,2.104493313531403,0.0,0.0,1.0
2022-06-28,-0.011427642717274478,2.080443915843473,0.0,0.0,1.0
2022-06-29,-0.005628120678023096,2.068734926421247,0.0,0.0,1.0
2022-06-30,-0.010729321397202618,2.046538804510055,0.0,0.0,1.0
2022-07-01,0.009054195786153407,2.0650685675300493,0.0,0.0,1.0
2022-07-05,-0.0063002477463434126,2.0520581239414235,0.0,0.0,1.0
2022-07-06,0.0015369651643504234,2.055212065793144,0.0,0.0,1.0
2022-07-07,0.016880978571263583,2.0899060566352,0.0,0.0,1.0
2022-07-08,0.0007547917169301588,2.0914835004159107,0.0,0.0,1.0
2022-07-11,-0.010160449368259439,2.0702330882053848,0.0,0.0,1.0
2022-07-12,-0.009540923339672713,2.0504811530155633,0.0,0.0,1.0
2022-07-13,-0.008075388122736227,2.033922721866607,0.0,0.0,1.0
2022-07-14,-0.00600878604202193,2.0217013154049037,0.0,0.0,1.0
2022-07-15,0.02086575627490639,2.0638856423128003,0.0,0.0,1.0
2022-07-18,-0.006361136020354818,2.050756985011591,0.0,0.0,1.0
2022-07-19,0.029048318533956285,2.110328027147944,0.0,0.0,1.0
2022-07-20,0.00044835804829590487,2.1112742097034602,0.0,0.0,1.0
2022-07-21,0.0033799542152599393,2.118410219868117,0.0,0.0,1.0
2022-07-22,-0.010682485958097176,2.0957803324408864,0.0,0.0,1.0
2022-07-25,0.009970175735731779,2.116675630658812,0.0,0.0,1.0
2022-07-26,-0.00812085672000229,2.0994864111395115,0.0,0.0,1.0
2022-07-27,0.025294238340657138,2.152591320815845,0.0,0.0,1.0
2022-07-28,0.01155686575153081,2.1774685297284244,0.0,0.0,1.0
2022-07-29,0.01419482639732883,2.208377317493566,0.0,0.0,1.0
2022-08-01,-0.006837452013325862,2.1932776435578867,0.0,0.0,1.0
2022-08-02,-0.0052126743840263945,2.1818448013682548,0.0,0.0,1.0
2022-08-03,0.007769718189237329,2.1987971206075385,0.0,0.0,1.0
2022-08-04,-0.009359475962248287,2.1782175318113515,0.0,0.0,1.0
2022-08-05,0.004705861410778667,2.1884679216385843,0.0,0.0,1.0
2022-08-08,-0.0018014913925904485,2.184525415514792,0.0,0.0,1.0
2022-08-09,0.0015159895737204554,2.18783713326824,0.0,0.0,1.0
2022-08-10,0.017046951483743022,2.225133086733395,0.0,0.0,1.0
2022-08-11,0.005846969805047397,2.238143372703737,0.0,0.0,1.0
2022-08-12,0.015870961290218144,2.2736648595338766,0.0,0.0,1.0
2022-08-15,0.0012830383412729685,2.2765820587238634,0.0,0.0,1.0
2022-08-16,0.002337914495526894,2.2819045129192106,0.0,0.0,1.0
2022-08-17,-0.005908860769985758,2.268421056861969,0.0,0.0,1.0
2022-08-18,0.006291609878219306,2.2826930771912823,0.0,0.0,1.0
2022-08-19,-0.009499176691066702,2.2610093723195677,0.0,0.0,1.0
2022-08-22,-0.017088302541080513,2.2223725601171522,0.0,0.0,1.0
2022-08-23,0.0017744332810178953,2.226316011950645,0.0,0.0,1.0
2022-08-24,0.0031873879093777813,2.233412144689591,0.0,0.0,1.0
2022-08-25,0.01260374827987465,2.2615615091664734,0.0,0.0,1.0
2022-08-26,-0.028537089120731274,2.197023126827374,0.0,0.0,1.0
2022-08-29,-0.002440510844303412,2.1916612680611665,0.0,0.0,1.0
2022-08-30,-0.012429964270783689,2.1644189968055056,0.0,0.0,1.0
2022-08-31,-0.009836273296810472,2.1431291800241183,0.0,0.0,1.0
2022-09-01,-0.0016553702673788306,2.1395815077003544,0.0,0.0,1.0
2022-09-02,-0.007370685368467966,2.1238113255869027,0.0,0.0,1.0
2022-09-06,-0.0038982820529928075,2.1155321100124245,0.0,0.0,1.0
2022-09-07,0.013231390260820541,2.143523540969296,0.0,0.0,1.0
2022-09-08,0.0076696427652274135,2.159963600787386,0.0,0.0,1.0
2022-09-09,0.014620290791660606,2.1915428967303,0.0,0.0,1.0
2022-09-12,0.0077714397664692125,2.208574340347873,0.0,0.0,1.0
2022-09-13,-0.037308065966366044,2.1261767031665513,0.0,0.0,1.0
2022-09-14,0.002633103730898645,2.1317751469762087,0.0,0.0,1.0
2022-09-15,-0.006010459357143838,2.118962199096739,0.0,0.0,1.0
2022-09-16,-0.006232913843520871,2.1057548902720913,0.0,0.0,1.0
2022-09-19,0.00126086848801088,2.10840997025671,0.0,0.0,1.0
2022-09-20,-0.0062964782602326075,2.095134412715331,0.0,0.0,1.0
2022-09-21,-0.012275682947427646,2.0694152069325926,0.0,0.0,1.0
2022-09-22,-0.0011489583133397208,2.0670375351268357,0.0,0.0,1.0
2022-09-23,-0.02777996582177844,2.009615303048679,0.0,0.0,1.0
2022-09-26,-0.013626238412936531,1.9822318058110522,0.0,0.0,1.0
2022-09-27,0.0027789099910831006,1.9877402495808631,0.0,0.0,1.0
2022-09-28,0.02701405475905272,2.041437173529814,0.0,0.0,1.0
2022-09-29,-0.011084191600242765,2.0188094927585514,0.0,0.0,1.0
2022-09-30,-0.012465042954059369,1.9936449457152532,0.0,0.0,1.0
2022-10-03,0.030511843083531165,2.054474727463192,0.0,0.0,1.0
2022-10-04,0.024053636140103585,2.1038923150166298,0.0,0.0,1.0
2022-10-05,0.0048784007098579,2.1141559447796716,0.0,0.0,1.0
2022-10-06,-0.00260550494556111,2.1086475010098606,0.0,0.0,1.0
2022-10-07,-0.01604962883247829,2.0748044912801196,0.0,0.0,1.0
2022-10-10,-0.0061309793856880734,2.062083907714748,0.0,0.0,1.0
2022-10-11,-0.000672793248463921,2.0606965515838715,0.0,0.0,1.0
2022-10-12,-0.00240378419131948,2.0557430817900677,0.0,0.0,1.0
2022-10-13,0.030361566019875497,2.118158661087739,0.0,0.0,1.0
2022-10-14,-0.021721193695681373,2.072149726532067,0.0,0.0,1.0
2022-10-17,0.013903331750418468,2.100959511616581,0.0,0.0,1.0
2022-10-18,0.01120431766885499,2.1244993293941357,0.0,0.0,1.0
2022-10-19,0.0009884438941796247,2.126599277784464,0.0,0.0,1.0
2022-10-20,-0.0024783419315844712,2.1213288376226536,0.0,0.0,1.0
2022-10-21,0.024472222207774674,2.1732424683127154,0.0,0.0,1.0
2022-10-24,0.014587891943797615,2.2049454946081335,0.0,0.0,1.0
2022-10-25,0.0008807541388511364,2.2068875094784506,0.0,0.0,1.0
2022-10-26,0.009714694936652668,2.228326748392543,0.0,0.0,1.0
2022-10-27,0.0010668796983679396,2.2307041049617333,0.0,0.0,1.0
2022-10-28,0.01705463854909195,2.2687479571818314,0.0,0.0,1.0
2022-10-31,-0.0019214337367970957,2.2643887083166128,0.0,0.0,1.0
2022-11-01,0.00034998616900328017,2.265181213045771,0.0,0.0,1.0
2022-11-02,-0.014153198281854462,2.2331216541932024,0.0,0.0,1.0
2022-11-03,0.006033635165666684,2.2465954955351544,0.0,0.0,1.0
2022-11-04,0.008978633439866934,2.266766852977221,0.0,0.0,1.0
2022-11-07,0.004020826944859834,2.2758811302173867,0.0,0.0,1.0
2022-11-08,0.0062684934998107344,2.2901474762884964,0.0,0.0,1.0
2022-11-09,-0.025246620595996916,2.232328991845761,0.0,0.0,1.0
2022-11-10,0.021107428636871317,2.2794477167351643,0.0,0.0,1.0
2022-11-11,-0.003303317984185039,2.2719179760984636,0.0,0.0,1.0
2022-11-14,-0.0013953051782595871,2.2687479571818323,0.0,0.0,1.0
2022-11-15,0.00436676854056417,2.2786550543877233,0.0,0.0,1.0
2022-11-16,-0.005217200992142623,2.266766852977221,0.0,0.0,1.0
2022-11-17,0.004545324958609598,2.277070044929407,0.0,0.0,1.0
2022-11-18,0.005220970990129414,2.288958561576476,0.0,0.0,1.0
2022-11-21,-0.002423881179141052,2.283410397999237,0.0,0.0,1.0
2022-11-22,0.017251026509073952,2.322801571306217,0.0,0.0,1.0
2022-11-23,-0.002115712560305294,2.3178871908467076,0.0,0.0,1.0
2022-11-25,0.0027186057107109196,2.324188612200527,0.0,0.0,1.0
2022-11-28,-0.012088897364441409,2.2960917346120313,0.0,0.0,1.0
2022-11-29,0.002243774120606057,2.3012436458246914,0.0,0.0,1.0
2022-11-30,0.01515406805950592,2.3361168486550246,0.0,0.0,1.0
2022-12-01,-0.0055979354656932045,2.323039417295935,0.0,0.0,1.0
2022-12-02,0.0013647354106840481,2.326209751449134,0.0,0.0,1.0
2022-12-05,-0.014650809411415833,2.2921288957296757,0.0,0.0,1.0
2022-12-06,-0.008644587869933384,2.272314386081327,0.0,0.0,1.0
2022-12-07,-0.0020926620111890726,2.267559200088096,0.0,0.0,1.0
2022-12-08,0.0015728051992447423,2.27112562898759,0.0,0.0,1.0
2022-12-09,-0.013261064732767336,2.2410080850053387,0.0,0.0,1.0
2022-12-12,0.016445414579955075,2.2778623920402827,0.0,0.0,1.0
2022-12-13,0.0010440247263916458,2.2802405367008904,0.0,0.0,1.0
2022-12-14,-0.0012166433155849088,2.2774662972939876,0.0,0.0,1.0
2022-12-15,-0.014268420261477788,2.244970451032845,0.0,0.0,1.0
2022-12-16,-0.010061795605502355,2.2223820172141604,0.0,0.0,1.0
2022-12-19,-0.0023304630507170465,2.2172028380384647,0.0,0.0,1.0
2022-12-20,0.0028751153238015803,2.2235775518940857,0.0,0.0,1.0
2022-12-21,0.014334292785367797,2.255450963553907,0.0,0.0,1.0
2022-12-22,-0.007949012049762061,2.2375223566669695,0.0,0.0,1.0
2022-12-23,0.011591784347938727,2.2634592332991446,0.0,0.0,1.0
2022-12-27,0.005087189514765722,2.2749738793778835,0.0,0.0,1.0
2022-12-28,-0.014361026502415664,2.2423029192038344,0.0,0.0,1.0
2022-12-29,0.007107539912386773,2.258240176697737,0.0,0.0,1.0
2022-12-30,0.0017641877836767073,2.262224136430075,0.0,0.0,1.0
2023-01-03,-0.01602670020496011,2.2259681483990854,0.0,0.0,1.0
2023-01-04,-0.0016110433509588518,2.222382017214161,0.0,0.0,1.0
2023-01-05,-0.0010756201536009646,2.219991578327445,0.0,0.0,1.0
2023-01-06,0.016385618711264094,2.256367513872136,0.0,0.0,1.0
2023-01-09,-0.010117711062330614,2.2335382393163483,0.0,0.0,1.0
2023-01-10,0.00017839811897246705,2.2339366983368953,0.0,0.0,1.0
2023-01-11,0.007133946387521517,2.2498734829759477,0.0,0.0,1.0
2023-01-12,0.0028332954210854577,2.256248039213285,0.0,0.0,1.0
2023-01-13,0.0005295978926180833,2.257442943420076,0.0,0.0,1.0
2023-01-17,-0.0024707072195188085,2.251865462842116,0.0,0.0,1.0
2023-01-18,-0.019055313113917838,2.208955461357242,0.0,0.0,1.0
2023-01-19,0.003192458944033305,2.216007460976823,0.0,0.0,1.0
2023-01-20,0.0075512844495435605,2.23274116365697,0.0,0.0,1.0
2023-01-23,0.00017839121199858532,2.2331394650592338,0.0,0.0,1.0
2023-01-24,0.0016415134278084942,2.2368051934772977,0.0,0.0,1.0
2023-01-25,0.001211166293667576,2.239514336533138,0.0,0.0,1.0
2023-01-26,0.012631270310071496,2.2678022474811685,0.0,0.0,1.0
2023-01-27,-0.010892595527406512,2.2430999948632127,0.0,0.0,1.0
2023-01-30,-0.009680268384636426,2.22138618489936,0.0,0.0,1.0
2023-01-31,0.013720837083596615,2.2518654628421166,0.0,0.0,1.0
2023-02-01,-0.008757996613524277,2.232143632744433,0.0,0.0,1.0
2023-02-02,-0.016689092167927577,2.1948911819255086,0.0,0.0,1.0
2023-02-03,-0.0032672766282003662,2.18771986526536,0.0,0.0,1.0
2023-02-06,-0.00018213438880976263,2.187321406244813,0.0,0.0,1.0
2023-02-07,0.012386169590367313,2.214413940131202,0.0,0.0,1.0
2023-02-08,-0.005577605020065213,2.202062813822224,0.0,0.0,1.0
2023-02-09,-0.001700754406010474,2.198317645789304,0.0,0.0,1.0
2023-02-10,0.01910261188384843,2.2403112545742325,0.0,0.0,1.0
2023-02-13,0.003378964991370248,2.2478811878732117,0.0,0.0,1.0
2023-02-14,-0.0038993655037942165,2.239115877512591,0.0,0.0,1.0
2023-02-15,-0.006227817377801204,2.2251710727397076,0.0,0.0,1.0
2023-02-16,-0.008773244607319097,2.2056491026254315,0.0,0.0,1.0
2023-02-17,-0.004877439791813654,2.194891181925508,0.0,0.0,1.0
2023-02-21,-0.006570961653484253,2.180468636135505,0.0,0.0,1.0
2023-02-22,-0.004531491436660984,2.170587861182949,0.0,0.0,1.0
2023-02-23,0.004772434698349537,2.180946850007475,0.0,0.0,1.0
2023-02-24,-0.004603707914133892,2.1709064077337903,0.0,0.0,1.0
2023-02-27,0.0007709180495525381,2.1725799986674015,0.0,0.0,1.0
2023-02-28,-0.010819724913443629,2.1490732807293704,0.0,0.0,1.0
2023-03-01,0.003151524752707635,2.1558461383689718,0.0,0.0,1.0
2023-03-02,0.0070227758589931355,2.170986162585213,0.0,0.0,1.0
2023-03-03,0.0077078808555002265,2.1877198652653593,0.0,0.0,1.0
2023-03-06,0.005827579973603392,2.200468977740034,0.0,0.0,1.0
2023-03-07,-0.014846913277634877,2.167798805657402,0.0,0.0,1.0
2023-03-08,-0.00569739730466623,2.155447994584991,0.0,0.0,1.0
2023-03-09,-0.012199898297008627,2.1291517482665627,0.0,0.0,1.0
2023-03-10,-0.009356188156907419,2.1092310038951725,0.0,0.0,1.0
2023-03-13,-0.0024555569230750862,2.104051667101193,0.0,0.0,1.0
2023-03-14,0.008710518582132565,2.122379048245245,0.0,0.0,1.0
2023-03-15,-0.015956409469963795,2.088513499100972,0.0,0.0,1.0
2023-03-16,0.006676753366602117,2.1024579886372883,0.0,0.0,1.0
2023-03-17,-0.014402288280866982,2.072177782586522,0.0,0.0,1.0
2023-03-20,0.01825187872557077,2.1099989201721137,0.0,0.0,1.0
2023-03-21,0.013495344095455497,2.138474081640876,0.0,0.0,1.0
2023-03-22,-0.017066688562250354,2.1019774104910667,0.0,0.0,1.0
2023-03-23,-0.0036252594787007375,2.094357196959669,0.0,0.0,1.0
2023-03-24,0.007468507872081753,2.109998920172113,0.0,0.0,1.0
2023-03-27,0.011442570329724955,2.1341427312118264,0.0,0.0,1.0
2023-03-28,0.005788133244864158,2.1464954337036386,0.0,0.0,1.0
2023-03-29,0.008034474162185168,2.163741395804979,0.0,0.0,1.0
2023-03-30,0.0027802846661257874,2.169757212829197,0.0,0.0,1.0
2023-03-31,0.007948264617390066,2.187003017312254,0.0,0.0,1.0
2023-04-03,0.023106505777563457,2.2375370151673284,0.0,0.0,1.0
2023-04-04,-0.012009363533459494,2.210665619732612,0.0,0.0,1.0
2023-04-05,0.012699638136103975,2.2387402731431423,0.0,0.0,1.0
2023-04-06,-0.003224755601712981,2.2315208829065436,0.0,0.0,1.0
2023-04-10,0.003954087632826564,2.2403445120320384,0.0,0.0,1.0
2023-04-11,0.0035804100751843926,2.248365864094802,0.0,0.0,1.0
2023-04-12,0.0026042743777510147,2.254221225706474,0.0,0.0,1.0
2023-04-13,0.008789188754542598,2.2740340015537046,0.0,0.0,1.0
2023-04-14,-0.00458562537203322,2.2636061335393136,0.0,0.0,1.0
2023-04-17,-0.0023030617595865,2.2583929088143937,0.0,0.0,1.0
2023-04-18,0.002130896449124675,2.2632053102445147,0.0,0.0,1.0
2023-04-19,-0.004253148632327508,2.253579561674572,0.0,0.0,1.0
2023-04-20,-0.0005337919990510143,2.252376618935325,0.0,0.0,1.0
2023-04-21,0.0003561213687377496,2.2531787383797734,0.0,0.0,1.0
2023-04-24,0.006763897237673566,2.2684190078242854,0.0,0.0,1.0
2023-04-25,-0.007956238015788375,2.2503709262784968,0.0,0.0,1.0
2023-04-26,-0.016396323490631692,2.213473116597322,0.0,0.0,1.0
2023-04-27,0.009965498729603173,2.2355314801287833,0.0,0.0,1.0
2023-04-28,0.006637994714732587,2.2503709262784963,0.0,0.0,1.0
2023-05-01,0.001069386350279311,2.252777442230124,0.0,0.0,1.0
2023-05-02,-0.01762504622142269,2.2130721356842398,0.0,0.0,1.0
2023-05-03,-0.0054367632627047024,2.2010401863992364,0.0,0.0,1.0
2023-05-04,-0.00892865135135712,2.1813878659645516,0.0,0.0,1.0
2023-05-05,0.016547266094437907,2.217483871437845,0.0,0.0,1.0
2023-05-08,0.0018086252053051144,2.2214944686600853,0.0,0.0,1.0
2023-05-09,-0.001444287988584092,2.2182859908822934,0.0,0.0,1.0
2023-05-10,-0.0010847827301054824,2.2158796325489494,0.0,0.0,1.0
2023-05-11,-0.005429803807926015,2.2038478408822293,0.0,0.0,1.0
2023-05-12,0.0016377985012927532,2.2074572995731034,0.0,0.0,1.0
2023-05-15,0.0007268074936215285,2.209061696080283,0.0,0.0,1.0
2023-05-16,-0.013798171322222164,2.1785806843364086,0.0,0.0,1.0
2023-05-17,0.008100129374604581,2.196227469732548,0.0,0.0,1.0
2023-05-18,0.0009130291964805082,2.1982326895345263,0.0,0.0,1.0
2023-05-19,0.004013893319491979,2.207056161041738,0.0,0.0,1.0
2023-05-22,-0.005451654160720354,2.195024054138451,0.0,0.0,1.0
2023-05-23,-0.00438504338799639,2.1853987784233584,0.0,0.0,1.0
2023-05-24,-0.0038539833907135224,2.176976287829229,0.0,0.0,1.0
2023-05-25,-0.009211538710769629,2.1569229864814625,0.0,0.0,1.0
2023-05-26,-0.0020453839943550545,2.1525112507278568,0.0,0.0,1.0
2023-05-30,-0.006334940433414649,2.138875220172241,0.0,0.0,1.0
2023-05-31,-0.0058128356814963755,2.1264422899741553,0.0,0.0,1.0
2023-06-01,0.009807733089597148,2.1472978683846535,0.0,0.0,1.0
2023-06-02,0.018117202115242037,2.1862008978678067,0.0,0.0,1.0
2023-06-05,0.0014676042722885363,2.1894093756455986,0.0,0.0,1.0
2023-06-06,-0.0012822358749599028,2.1866020363991723,0.0,0.0,1.0
2023-06-07,0.004768694699666565,2.197029273940429,0.0,0.0,1.0
2023-06-08,0.005476678113748301,2.209061696080283,0.0,0.0,1.0
2023-06-09,0.0003629614371132295,2.209863500288164,0.0,0.0,1.0
2023-06-12,-0.002177620387508128,2.2050512564763265,0.0,0.0,1.0
2023-06-13,0.006365843618133971,2.2190882679450246,0.0,0.0,1.0
2023-06-14,-0.010880200947859686,2.1949441416687447,0.0,0.0,1.0
2023-06-15,0.013557815247282168,2.224702788819594,0.0,0.0,1.0
2023-06-16,-0.0023435479138931292,2.2194890912398235,0.0,0.0,1.0
2023-06-20,-0.007627924430059219,2.2025589961785053,0.0,0.0,1.0
2023-06-21,0.005673462164431431,2.2150551313082523,0.0,0.0,1.0
2023-06-22,0.0003639006046129989,2.2158611912097865,0.0,0.0,1.0
2023-06-23,-0.0047298405608262595,2.205380521070442,0.0,0.0,1.0
2023-06-26,0.0029244760614492993,2.211830103610699,0.0,0.0,1.0
2023-06-27,0.003280522164208266,2.2190860612890573,0.0,0.0,1.0
2023-06-28,-0.001271480606884423,2.2162645363971207,0.0,0.0,1.0
2023-06-29,0.00891226424708802,2.2360164715869417,0.0,0.0,1.0
2023-06-30,0.008473118667647439,2.254962504493512,0.0,0.0,1.0
2023-07-03,0.00035739054713546103,2.255768406776763,0.0,0.0,1.0
2023-07-05,-0.004288691592709726,2.2460941117755193,0.0,0.0,1.0
2023-07-06,-0.010588613657915302,2.22231108898661,0.0,0.0,1.0
2023-07-07,-0.003446477536545589,2.2146519437392014,0.0,0.0,1.0
2023-07-10,0.007098705903536784,2.230373106566502,0.0,0.0,1.0
2023-07-11,0.006506284737357149,2.2448845490683675,0.0,0.0,1.0
2023-07-12,-0.0005385977879364123,2.2436754592160666,0.0,0.0,1.0
2023-07-13,-0.004132177411128812,2.23440419416559,0.0,0.0,1.0
2023-07-14,-0.0029767818913128963,2.227752860222524,0.0,0.0,1.0
2023-07-17,0.001899907229793385,2.231985383987854,0.0,0.0,1.0
2023-07-18,0.005237523198886818,2.2436754592160666,0.0,0.0,1.0
2023-07-19,0.003413449285234016,2.251334131608625,0.0,0.0,1.0
2023-07-20,0.014324262373999419,2.283582832401327,0.0,0.0,1.0
2023-07-21,0.004042363717759789,2.2928139047895253,0.0,0.0,1.0
2023-07-24,0.0022327517367604077,2.2979331890175123,0.0,0.0,1.0
2023-07-25,0.00038596338883123416,2.2988201070984533,0.0,0.0,1.0
2023-07-26,-0.0027705689443686676,2.292451067501036,0.0,0.0,1.0
2023-07-27,-0.005644677008663446,2.279510921666827,0.0,0.0,1.0
2023-07-28,0.0028295786318894844,2.2859609770619342,0.0,0.0,1.0
2023-07-31,0.003791384296896627,2.2946279336136852,0.0,0.0,1.0
2023-08-01,-0.0007028373761939211,2.293015183337483,0.0,0.0,1.0
2023-08-02,-0.0027071946667770463,2.286807544862313,0.0,0.0,1.0
2023-08-03,-0.00017624130708882024,2.286404514911546,0.0,0.0,1.0
2023-08-04,-0.004055022900931737,2.277133092242786,0.0,0.0,1.0
2023-08-07,0.009205075773485394,2.298094274903192,0.0,0.0,1.0
2023-08-08,0.013857220016975091,2.3299394728902763,0.0,0.0,1.0
2023-08-09,0.003806276008960774,2.338807865608269,0.0,0.0,1.0
2023-08-10,-6.894260376599792e-05,2.3386466221043056,0.0,0.0,1.0
2023-08-11,0.008963021638484392,2.359607962382995,0.0,0.0,1.0
2023-08-14,0.004339364458987305,2.3698471613121033,0.0,0.0,1.0
2023-08-15,-0.010886272936519004,2.344048358296225,0.0,0.0,1.0
2023-08-16,-0.0030954812227643735,2.3367924006178673,0.0,0.0,1.0
2023-08-17,-0.003139627738237172,2.3294557423783857,0.0,0.0,1.0
2023-08-18,0.004603190885288155,2.340178671819384,0.0,0.0,1.0
2023-08-21,0.00032733605632917495,2.340944696676923,0.0,0.0,1.0
2023-08-22,-0.004838948485478833,2.329616985882349,0.0,0.0,1.0
2023-08-23,0.002560940138573997,2.335582995528999,0.0,0.0,1.0
2023-08-24,-0.006903644696270805,2.319458960369215,0.0,0.0,1.0
2023-08-25,0.0061522164940888135,2.3337287740425605,0.0,0.0,1.0
2023-08-28,0.0041800715186590676,2.343483927223211,0.0,0.0,1.0
2023-08-29,0.004885023281728573,2.354931900768053,0.0,0.0,1.0
2023-08-30,0.0010614609944039621,2.357431569125196,0.0,0.0,1.0
2023-08-31,-0.0036081092564768102,2.3489256984591247,0.0,0.0,1.0
2023-09-01,0.009404519553673163,2.371016216120409,0.0,0.0,1.0
2023-09-05,-0.003723648311142691,2.3621873855915605,0.0,0.0,1.0
2023-09-06,-0.002900827130080108,2.3553350883371036,0.0,0.0,1.0
2023-09-07,0.004911971838054807,2.366904427960198,0.0,0.0,1.0
2023-09-08,0.007680855304502243,2.385084278390946,0.0,0.0,1.0
2023-09-11,-0.0008113915728942267,2.383149041106817,0.0,0.0,1.0
2023-09-12,0.009303328428049484,2.405320259329225,0.0,0.0,1.0
2023-09-13,-0.004876931910235194,2.393589676202167,0.0,0.0,1.0
2023-09-14,0.009616231803128983,2.4166069893701034,0.0,0.0,1.0
2023-09-15,-0.01301093880507076,2.3851646637155026,0.0,0.0,1.0
2023-09-18,0.0016640962672620496,2.389133807329197,0.0,0.0,1.0
2023-09-19,-0.0013053414365749028,2.3860151719729683,0.0,0.0,1.0
2023-09-20,-0.009386617751140913,2.3636185596052353,0.0,0.0,1.0
2023-09-21,-0.01953388406384704,2.3174479086907493,0.0,0.0,1.0
2023-09-22,0.004194338904134121,2.3271680706124753,0.0,0.0,1.0
2023-09-25,0.0027845014508369736,2.333648073481437,0.0,0.0,1.0
2023-09-26,-0.01076025210300835,2.308537431891077,0.0,0.0,1.0
2023-09-27,0.0035088531426294978,2.316637750713846,0.0,0.0,1.0
2023-09-28,0.010314691892438388,2.3405331553388504,0.0,0.0,1.0
2023-09-29,-0.008790470387442517,2.3199587679460167,0.0,0.0,1.0
2023-10-02,-3.485328296537471e-05,2.3198779097666096,0.0,0.0,1.0
2023-10-03,-0.014490230888966393,2.2862623432198785,0.0,0.0,1.0
2023-10-04,0.00814888158323801,2.3048928243229936,0.0,0.0,1.0
2023-10-05,-0.0003514948583960287,2.30408266634609,0.0,0.0,1.0
2023-10-06,0.01810506660296496,2.3457982364790233,0.0,0.0,1.0
2023-10-09,0.0041435807019925,2.355518240782466,0.0,0.0,1.0
2023-10-10,0.009972666772302352,2.3790090392738694,0.0,0.0,1.0
2023-10-11,0.007830995149959996,2.397639047522134,0.0,0.0,1.0
2023-10-12,-0.004560705684006905,2.386704121489903,0.0,0.0,1.0
2023-10-13,-0.01159004524080054,2.35904211274543,0.0,0.0,1.0
2023-10-16,0.012876228426841996,2.38941767785768,0.0,0.0,1.0
2023-10-17,-0.003474911905198108,2.3811146619224015,0.0,0.0,1.0
2023-10-18,-0.01619259563364761,2.3425582350445424,0.0,0.0,1.0
2023-10-19,-0.008644601238684047,2.322307753224187,0.0,0.0,1.0
2023-10-20,-0.013603057905301252,2.2907172663831483,0.0,0.0,1.0
2023-10-23,0.006895395285400063,2.306512667421951,0.0,0.0,1.0
2023-10-24,0.0075503970845047785,2.3239277539414274,0.0,0.0,1.0
2023-10-25,-0.01742760321062964,2.2834272631555663,0.0,0.0,1.0
2023-10-26,-0.012238498727589642,2.2554815415008935,0.0,0.0,1.0
2023-10-27,-0.004938024514857697,2.244343918356153,0.0,0.0,1.0
2023-10-30,0.012541725749834587,2.2724918642684853,0.0,0.0,1.0
2023-10-31,0.0005346902957839017,2.2737069436155575,0.0,0.0,1.0
2023-11-01,0.015140861595459354,2.3081328257574754,0.0,0.0,1.0
2023-11-02,0.018248729463512747,2.350253317260577,0.0,0.0,1.0
2023-11-03,0.010684093569565345,2.3753636436143704,0.0,0.0,1.0
2023-11-06,0.007672546023464788,2.393588730492467,0.0,0.0,1.0
2023-11-07,0.0010153441489204607,2.396019046804894,0.0,0.0,1.0
2023-11-08,0.006423222909095916,2.4114092112369616,0.0,0.0,1.0
2023-11-09,-0.0065502127747189,2.3956139678164425,0.0,0.0,1.0
2023-11-10,0.02084535042920721,2.4455513804686797,0.0,0.0,1.0
2023-11-13,0.0045873658725914535,2.4567700194111106,0.0,0.0,1.0
2023-11-14,0.016320569013566155,2.49686590406337,0.0,0.0,1.0
2023-11-15,-0.004541758778679905,2.4855257414244036,0.0,0.0,1.0
2023-11-16,-0.0006518372787381876,2.48390558308888,0.0,0.0,1.0
2023-11-17,0.005869790927009788,2.498485589544044,0.0,0.0,1.0
2023-11-20,0.010536544941877946,2.524810995244909,0.0,0.0,1.0
2023-11-21,-0.0040101717287668315,2.5146860695712983,0.0,0.0,1.0
2023-11-22,0.0,2.5146860695712983,0.0,0.0,1.0
2023-11-24,-0.0010307579552797375,2.5120940369000566,0.0,0.0,1.0
2023-11-27,-0.003611406669187245,2.5030218437415703,0.0,0.0,1.0
2023-11-28,-0.0024594030985355397,2.49686590406337,0.0,0.0,1.0
2023-11-29,-0.0020276216099517352,2.4918032047991394,0.0,0.0,1.0
2023-11-30,0.0020317412123396217,2.4968659040633696,0.0,0.0,1.0
2023-12-01,0.003892881987624719,2.5065859083668123,0.0,0.0,1.0
2023-12-04,-0.006301496935651074,2.4907906649462928,0.0,0.0,1.0
2023-12-05,-0.0033334227696625307,2.482487806629298,0.0,0.0,1.0
2023-12-06,-0.003996952634727102,2.472565420449913,0.0,0.0,1.0
2023-12-07,0.0072071563245779124,2.490385585957841,0.0,0.0,1.0
2023-12-08,0.010196703743633018,2.5157793099852674,0.0,0.0,1.0
2023-12-11,0.008419659781539135,2.5369613158607787,0.0,0.0,1.0
2023-12-12,0.009083660922799774,2.560006212228318,0.0,0.0,1.0
2023-12-13,0.012514060932864002,2.5920422859566536,0.0,0.0,1.0
2023-12-14,0.0010780744443574797,2.5948367005038375,0.0,0.0,1.0
2023-12-15,0.002668988670814665,2.6017622902600963,0.0,0.0,1.0
2023-12-18,0.009270280017319,2.6258813552293088,0.0,0.0,1.0
2023-12-19,0.008195620690849559,2.647402082795942,0.0,0.0,1.0
2023-12-20,-0.015797776270566444,2.6055790169937003,0.0,0.0,1.0
2023-12-21,0.01168771728946627,2.6360322879196882,0.0,0.0,1.0
2023-12-22,0.0018485241076184877,2.6409050571523687,0.0,0.0,1.0
2023-12-26,0.00599627527623281,2.6567406508534495,0.0,0.0,1.0
2023-12-27,0.00305668119957736,2.664861460053066,0.0,0.0,1.0
2023-12-28,0.0001523624039143634,2.6652674847512183,0.0,0.0,1.0
2023-12-29,-0.0021936607261873187,2.6594207921451356,0.0,0.0,1.0
2024-01-02,-0.009252548816005124,2.6348143714435137,0.0,0.0,1.0
2024-01-03,-0.008475974469662306,2.612481752098859,0.0,0.0,1.0
2024-01-04,0.0009326844261430267,2.6149183731426247,0.0,0.0,1.0
2024-01-05,0.006521682653918948,2.631972040938163,0.0,0.0,1.0
2024-01-08,0.01487191012931599,2.6711144925938677,0.0,0.0,1.0
2024-01-09,0.0008817040219557537,2.673469624985092,0.0,0.0,1.0
2024-01-10,0.00938622088671437,2.6985634014191233,0.0,0.0,1.0
2024-01-11,0.005567004215554894,2.7135863152507658,0.0,0.0,1.0
2024-01-12,7.492947045784071e-05,2.713789642836409,0.0,0.0,1.0
2024-01-16,-0.00321696322574494,2.705059481352997,0.0,0.0,1.0
2024-01-17,-0.005703850090070461,2.6896302275866355,0.0,0.0,1.0
2024-01-18,0.015247592591789427,2.7306406135194385,0.0,0.0,1.0
2024-01-19,0.014869672178933868,2.7712443442809556,0.0,0.0,1.0
2024-01-22,0.0030768971763048825,2.7797711781787244,0.0,0.0,1.0
2024-01-23,-0.0008761576258146109,2.7773356604629433,0.0,0.0,1.0
2024-01-24,0.009619852713669275,2.804053220453018,0.0,0.0,1.0
2024-01-25,0.007124391067597324,2.824030392169881,0.0,0.0,1.0
2024-01-26,-0.0028756097038238337,2.815909582970264,0.0,0.0,1.0
2024-01-29,0.009372767678974991,2.8423024492964437,0.0,0.0,1.0
2024-01-30,0.0021428703727015552,2.8483931350052982,0.0,0.0,1.0
2024-01-31,-0.013684890167171893,2.8094131877998243,0.0,0.0,1.0
2024-02-01,0.019222226373891038,2.8634163640735073,0.0,0.0,1.0
2024-02-02,0.028360780321089463,2.9446250865428087,0.0,0.0,1.0
2024-02-05,0.005377796234043775,2.9604606802438895,0.0,0.0,1.0
2024-02-06,-0.0028803453432907355,2.9519335311095536,0.0,0.0,1.0
2024-02-07,0.014305569571724686,2.994162621609948,0.0,0.0,1.0
2024-02-08,0.0012206594024413153,2.9978174743664545,0.0,0.0,1.0
2024-02-09,0.005688589350349105,3.014870826925426,0.0,0.0,1.0
2024-02-12,-0.0005388005398669904,3.0132464128962493,0.0,0.0,1.0
2024-02-13,-0.010241159791573806,2.9823872748903923,0.0,0.0,1.0
2024-02-14,0.01620149943065008,3.0307064206265073,0.0,0.0,1.0
2024-02-15,0.006966768496588838,3.0518206506401375,0.0,0.0,1.0
2024-02-16,-0.003858362869560983,3.0400456191571483,0.0,0.0,1.0
2024-02-20,-0.012554937443071568,3.0018780365845465,0.0,0.0,1.0
2024-02-21,-0.004599259447504944,2.9880716206645275,0.0,0.0,1.0
2024-02-22,0.03872801507106938,3.103793703423058,0.0,0.0,1.0
2024-02-23,0.0014391749515711982,3.108260605575869,0.0,0.0,1.0
2024-02-26,0.00104532525010681,3.1115097488707897,0.0,0.0,1.0
2024-02-27,0.0010438284340363868,3.1147576312194425,0.0,0.0,1.0
2024-02-28,-0.00039126786475329745,3.1135389266518514,0.0,0.0,1.0
2024-02-29,0.005999088979230516,3.132217323713134,0.0,0.0,1.0
2024-03-01,0.020222955016991007,3.1955600137540245,0.0,0.0,1.0
2024-03-04,0.002668436548722175,3.204087162888361,0.0,0.0,1.0
2024-03-05,-0.007730464719258201,3.1793180801182244,0.0,0.0,1.0
2024-03-06,0.009195479569231058,3.208553434568038,0.0,0.0,1.0
2024-03-07,0.017843654698651346,3.2658057541366423,0.0,0.0,1.0
2024-03-08,-0.017779492516161288,3.2077413851717336,0.0,0.0,1.0
2024-03-11,-0.012278510768437334,3.1683550980315403,0.0,0.0,1.0
2024-03-12,0.020633045068801925,3.2337279115631934,0.0,0.0,1.0
2024-03-13,-0.002762402663495367,3.2247950529672718,0.0,0.0,1.0
2024-03-14,-0.007303004703335225,3.2012443595281597,0.0,0.0,1.0
2024-03-15,-0.003170933409118226,3.1910934268377806,0.0,0.0,1.0
2024-03-18,0.007226223674294152,3.21415298170568,0.0,0.0,1.0
2024-03-19,0.006959393793823043,3.2365215380189607,0.0,0.0,1.0
2024-03-20,0.01080680057126937,3.27149798082495,0.0,0.0,1.0
2024-03-21,0.00385395369435515,3.2841061825542255,0.0,0.0,1.0
2024-03-22,0.0009906017617737906,3.287359423924516,0.0,0.0,1.0
2024-03-25,-0.0030927587903220033,3.2771924141692255,0.0,0.0,1.0
2024-03-26,-0.005336486860591627,3.2597037199113807,0.0,0.0,1.0
2024-03-27,0.0018714762342246782,3.2658041779538087,0.0,0.0,1.0
2024-03-28,-0.0009961532268994988,3.2625509365835184,0.0,0.0,1.0
2024-04-01,-0.0013712697347089131,3.2580770992262353,0.0,0.0,1.0
2024-04-02,-0.0057420462219917034,3.239369069927666,0.0,0.0,1.0
2024-04-03,0.005398504514502411,3.2568568184758098,0.0,0.0,1.0
2024-04-04,-0.0133614106570904,3.2133406170728094,0.0,0.0,1.0
2024-04-05,0.018225275780684447,3.2719046359962363,0.0,0.0,1.0
2024-04-08,-0.00372899501734425,3.2597037199113807,0.0,0.0,1.0
2024-04-09,-0.004241961220443846,3.2458761831413803,0.0,0.0,1.0
2024-04-10,-0.0070167577061091,3.223100656420247,0.0,0.0,1.0
2024-04-11,0.01779177568298218,3.2804453403029488,0.0,0.0,1.0
2024-04-12,-0.016613018060122497,3.225947242619251,0.0,0.0,1.0
2024-04-15,-0.015128280221552548,3.177144208752962,0.0,0.0,1.0
2024-04-16,-0.0007682612362049923,3.174703332015544,0.0,0.0,1.0
2024-04-17,-0.0121701622304351,3.136066677431412,0.0,0.0,1.0
2024-04-18,-0.005965443730262976,3.117358648132842,0.0,0.0,1.0
2024-04-19,-0.024005076373123546,3.042526215701996,0.0,0.0,1.0
2024-04-22,0.011629305713632965,3.0779086832061373,0.0,0.0,1.0
2024-04-23,0.016120455486313467,3.1275259731246994,0.0,0.0,1.0
2024-04-24,-0.002340643569131662,3.120205549568413,0.0,0.0,1.0
2024-04-25,-0.007951116495374277,3.0953964317542813,0.0,0.0,1.0
2024-04-26,0.012481972967267163,3.1340330863384134,0.0,0.0,1.0
2024-04-29,-0.0003891631784643801,3.1328134360611215,0.0,0.0,1.0
2024-04-30,-0.015318813408283671,3.0848224515911373,0.0,0.0,1.0
2024-05-01,-0.004350719383658164,3.071401254755856,0.0,0.0,1.0
2024-05-02,0.01138778033375809,3.1063776975618445,0.0,0.0,1.0
2024-05-03,0.01885313710534775,3.1649426621949726,0.0,0.0,1.0
2024-05-06,0.017090812784234632,3.219034104707384,0.0,0.0,1.0
2024-05-07,0.001136856953350751,3.2226936860123936,0.0,0.0,1.0
2024-05-08,-0.00012598923065965106,3.2222876613142413,0.0,0.0,1.0
2024-05-09,0.0026506074072218944,3.2308286808575204,0.0,0.0,1.0
2024-05-10,0.001384538558374393,3.2353018877416697,0.0,0.0,1.0
2024-05-13,-0.002514252040223375,3.2271675233696766,0.0,0.0,1.0
2024-05-14,0.005923150740704042,3.2462825230760997,0.0,0.0,1.0
2024-05-15,0.018917597477161596,3.307694389144798,0.0,0.0,1.0
2024-05-16,-0.0057788544590414714,3.288579704674942,0.0,0.0,1.0
2024-05-17,-0.0013603204186769524,3.284106182554226,0.0,0.0,1.0
2024-05-20,0.005572614852691116,3.3024072414449424,0.0,0.0,1.0
2024-05-21,0.0028325791466465855,3.311761571330794,0.0,0.0,1.0
2024-05-22,-0.001350703179502033,3.3072883644466446,0.0,0.0,1.0
2024-05-23,0.001967507062179852,3.3137954776603586,0.0,0.0,1.0
2024-05-24,0.010309461742673331,3.347958925360342,0.0,0.0,1.0
2024-05-28,0.005101754019244842,3.3650393882640657,0.0,0.0,1.0
2024-05-29,-0.0027796701118387723,3.3556856888513478,0.0,0.0,1.0
2024-05-30,-0.015513421542707073,3.3036275221953675,0.0,0.0,1.0
2024-05-31,0.002339063321219914,3.3113549161595075,0.0,0.0,1.0
2024-06-03,0.006386688027977705,3.3325035069589286,0.0,0.0,1.0
2024-06-04,0.0010983369621366812,3.3361637187370716,0.0,0.0,1.0
2024-06-05,0.022796457126529113,3.4122164319183432,0.0,0.0,1.0
2024-06-06,-0.001191854922034663,3.4081495649689137,0.0,0.0,1.0
2024-06-07,0.0010739586712289473,3.411809776747057,0.0,0.0,1.0
2024-06-10,0.00619864300277162,3.4329583675464783,0.0,0.0,1.0
2024-06-11,0.007937574873036146,3.4602077316248945,0.0,0.0,1.0
2024-06-12,0.013046457340895046,3.505351184186174,0.0,0.0,1.0
2024-06-13,0.008933745620854028,3.5366670999774525,0.0,0.0,1.0
2024-06-14,0.005404806040846921,3.555782099683875,0.0,0.0,1.0
2024-06-17,0.010751502297130289,3.5940120990967213,0.0,0.0,1.0
2024-06-18,0.0029421103411981786,3.604586079259865,0.0,0.0,1.0
2024-06-20,-0.0074465590797988535,3.5777443160624363,0.0,0.0,1.0
2024-06-21,-0.00693437844043665,3.552934883011738,0.0,0.0,1.0
2024-06-24,-0.012612976627703665,3.508121798372558,0.0,0.0,1.0
2024-06-25,0.013458552548281988,3.5553360399417286,0.0,0.0,1.0
2024-06-26,0.004121450454771081,3.5699891812804103,0.0,0.0,1.0
2024-06-27,0.003078378291031081,3.5809789584752796,0.0,0.0,1.0
2024-06-28,-0.005910566305880938,3.559813344901247,0.0,0.0,1.0
2024-07-01,0.006174355860882663,3.581792899290986,0.0,0.0,1.0
2024-07-02,0.0060227571364022126,3.603365168036306,0.0,0.0,1.0
2024-07-03,0.008245710881339408,3.6330774754118225,0.0,0.0,1.0
2024-07-05,0.010194947923300779,3.670116511074963,0.0,0.0,1.0
2024-07-08,0.0029943087433712545,3.681105973033266,0.0,0.0,1.0
2024-07-09,0.002100745884251687,3.68883904125561,0.0,0.0,1.0
2024-07-10,0.011144256974902733,3.7299484114704162,0.0,0.0,1.0
2024-07-11,-0.020842411652251203,3.6522072912368895,0.0,0.0,1.0
2024-07-12,0.002897560490567219,3.662789782787339,0.0,0.0,1.0
2024-07-15,0.003667126882813898,3.6762216976658944,0.0,0.0,1.0
2024-07-16,-0.0017713408759738591,3.669709855903677,0.0,0.0,1.0
2024-07-17,-0.03371786072314287,3.545975090087972,0.0,0.0,1.0
2024-07-18,-0.0032139953928554954,3.534578342485249,0.0,0.0,1.0
2024-07-19,-0.005642471239370006,3.5146345858444756,0.0,0.0,1.0
2024-07-22,0.014939013096638254,3.567139757952304,0.0,0.0,1.0
2024-07-23,0.002966748573117739,3.5777225647393207,0.0,0.0,1.0
2024-07-24,-0.035381131883955086,3.4511386908320767,0.0,0.0,1.0
2024-07-25,-0.01214758360923418,3.409215695038131,0.0,0.0,1.0
2024-07-26,0.011461254199690574,3.448289582740538,0.0,0.0,1.0
2024-07-29,-0.002478897013329484,3.4397416279927873,0.0,0.0,1.0
2024-07-30,-0.014909243540372596,3.388457682345085,0.0,0.0,1.0
2024-07-31,0.03303294391184397,3.500388414913647,0.0,0.0,1.0
2024-08-01,-0.01790696239780143,3.4377070911900884,0.0,0.0,1.0
2024-08-02,-0.02675823550049583,3.3457201152622997,0.0,0.0,1.0
2024-08-05,-0.03187349758978375,3.239080313232396,0.0,0.0,1.0
2024-08-06,0.01608435478543324,3.291178830168938,0.0,0.0,1.0
2024-08-07,-0.009769886936697336,3.259024385109736,0.0,0.0,1.0
2024-08-08,0.03397033084115497,3.369734521691305,0.0,0.0,1.0
2024-08-09,0.010025406139944959,3.4035174788550537,0.0,0.0,1.0
2024-08-12,0.004903068147895873,3.4202051569964347,0.0,0.0,1.0
2024-08-13,0.023206102761325065,3.499574789334508,0.0,0.0,1.0
2024-08-14,0.006047872777402263,3.5207397724354075,0.0,0.0,1.0
2024-08-15,0.02335242023952233,3.602957567155319,0.0,0.0,1.0
2024-08-16,-0.0014685839831865,3.5976663213800943,0.0,0.0,1.0
2024-08-19,0.01131364373667254,3.638369036423614,0.0,0.0,1.0
2024-08-20,-0.00011194181798013236,3.637961750779194,0.0,0.0,1.0
2024-08-21,0.005034566338931512,3.6562773105519875,0.0,0.0,1.0
2024-08-22,-0.011911348336800631,3.612726117890062,0.0,0.0,1.0
2024-08-23,0.009576396563285794,3.6473230158695173,0.0,0.0,1.0
2024-08-26,-0.008369407596156786,3.6167970829148617,0.0,0.0,1.0
2024-08-27,0.004051152246886014,3.631449278543843,0.0,0.0,1.0
2024-08-28,-0.008294097124774913,3.6013296855239068,0.0,0.0,1.0
2024-08-29,-0.0051988701541191285,3.5826068401066933,0.0,0.0,1.0
2024-08-30,0.013974088458946099,3.6326705050039694,0.0,0.0,1.0
2024-09-03,-0.03137257147984496,3.518704289923008,0.0,0.0,1.0
2024-09-04,-0.0037015412950260895,3.5056796606888723,0.0,0.0,1.0
2024-09-05,-0.003134669389494804,3.4946905139671363,0.0,0.0,1.0
2024-09-06,-0.02259494692822339,3.415728167273483,0.0,0.0,1.0
2024-09-09,0.014180037292426562,3.464163320066213,0.0,0.0,1.0
2024-09-10,0.006462226948525496,3.4865495296272386,0.0,0.0,1.0
2024-09-11,0.024165322119455546,3.570803122096117,0.0,0.0,1.0
2024-09-12,0.012196469862040482,3.6143543147580424,0.0,0.0,1.0
2024-09-13,0.003153190476149037,3.6257510623607656,0.0,0.0,1.0
2024-09-16,-0.0032555235612040656,3.6139473443501893,0.0,0.0,1.0
2024-09-17,-0.0015767291662359684,3.6082491281671114,0.0,0.0,1.0
2024-09-18,-0.00338419084194419,3.5960381245121154,0.0,0.0,1.0
2024-09-19,0.025353745415158002,3.687211159624198,0.0,0.0,1.0
2024-09-20,-0.000662241011270881,3.684769337177079,0.0,0.0,1.0
2024-09-23,0.005295193680296073,3.704280904484648,0.0,0.0,1.0
2024-09-24,0.002419155058163369,3.71324213437159,0.0,0.0,1.0
2024-09-25,0.0009872466980846983,3.716908020407937,0.0,0.0,1.0
2024-09-26,-0.002082292095406446,3.709168332217689,0.0,0.0,1.0
2024-09-27,-0.007907072919518199,3.679839667744076,0.0,0.0,1.0
2024-09-30,0.0033210077318563958,3.692060443732646,0.0,0.0,1.0
2024-10-01,-0.007391800790144787,3.6647694684274006,0.0,0.0,1.0
2024-10-02,0.003890083298223601,3.6790257269283697,0.0,0.0,1.0
2024-10-03,-0.000110790440524422,3.6786181260473825,0.0,0.0,1.0
2024-10-04,0.015280920020748212,3.7348307954183873,0.0,0.0,1.0
2024-10-07,-0.007089134877395709,3.7083540761654152,0.0,0.0,1.0
2024-10-08,0.012082489566648924,3.7531602256001237,0.0,0.0,1.0
2024-10-09,0.008682452235887705,3.78574685999253,0.0,0.0,1.0
2024-10-10,-0.0025823481531905834,3.7759707435801815,0.0,0.0,1.0
2024-10-11,0.010463914775935335,3.8154821796374296,0.0,0.0,1.0
2024-10-14,0.005871664780718877,3.837885411973067,0.0,0.0,1.0
2024-10-15,-0.010719595354926836,3.7967448333381393,0.0,0.0,1.0
2024-10-16,0.004935108131250532,3.8154821796374296,0.0,0.0,1.0
2024-10-17,0.004056743012299302,3.8309606103082263,0.0,0.0,1.0
2024-10-18,0.00021262846886194176,3.8317751815970666,0.0,0.0,1.0
2024-10-21,0.0009567892423651969,3.8354413828699805,0.0,0.0,1.0
2024-10-22,-0.0029737318571823046,3.8240358086433845,0.0,0.0,1.0
2024-10-23,-0.00948000797316817,3.7877839186877647,0.0,0.0,1.0
2024-10-24,-0.0006453230680859567,3.7853395743481104,0.0,0.0,1.0
2024-10-25,-0.002582542724047565,3.7755637731723284,0.0,0.0,1.0
2024-10-28,0.0035601801531310873,3.789005460384457,0.0,0.0,1.0
2024-10-29,0.0038701909437299786,3.8036696350029806,0.0,0.0,1.0
2024-10-30,-0.006853758635778973,3.7776002013944288,0.0,0.0,1.0
2024-10-31,-0.02070308699163559,3.69939221580534,0.0,0.0,1.0
2024-11-01,0.006606569297100462,3.723832506836212,0.0,0.0,1.0
2024-11-04,-0.004703534355347316,3.7063173327067487,0.0,0.0,1.0
2024-11-05,0.01648522270117936,3.7674167993376604,0.0,0.0,1.0
2024-11-06,0.03200355649925468,3.8879875357315044,0.0,0.0,1.0
2024-11-07,0.0061812672826284665,3.9120202258813888,0.0,0.0,1.0
2024-11-08,0.008850430369824025,3.946643288495895,0.0,0.0,1.0
2024-11-11,-0.0015482094350437459,3.9405330581198936,0.0,0.0,1.0
2024-11-12,-0.001963802137894821,3.9327946308759127,0.0,0.0,1.0
2024-11-13,0.00020704260677151254,3.9336088869281864,0.0,0.0,1.0
2024-11-14,-0.01159783611133458,3.887987535731504,0.0,0.0,1.0
2024-11-15,-0.016238951381008948,3.824850695168791,0.0,0.0,1.0
2024-11-18,0.0005324203176537701,3.826887123390891,0.0,0.0,1.0
2024-11-19,0.007131541876834069,3.8541787291692704,0.0,0.0,1.0
2024-11-20,0.0015851885270987687,3.8602883290721377,0.0,0.0,1.0
2024-11-21,0.007913970036960816,3.890838535242444,0.0,0.0,1.0
2024-11-22,0.0006281497114182244,3.8932825643455318,0.0,0.0,1.0
2024-11-25,-0.0006277553870529529,3.8908385352424446,0.0,0.0,1.0
2024-11-26,0.012248797842334458,3.938496629897794,0.0,0.0,1.0
2024-11-27,-0.005998584415718544,3.914871225392329,0.0,0.0,1.0
2024-11-29,0.007491442837315843,3.9441992593928084,0.0,0.0,1.0
2024-12-02,-0.0006197314534333032,3.941754915053154,0.0,0.0,1.0
2024-12-03,0.0052702641857877985,3.962529004811112,0.0,0.0,1.0
2024-12-04,0.009559971159943448,4.000410667817546,0.0,0.0,1.0
2024-12-05,-0.000712676709387905,3.997559668306605,0.0,0.0,1.0
2024-12-06,0.005706031838457415,4.020369871050096,0.0,0.0,1.0
2024-12-09,-0.016311991507273138,3.95478963185743,0.0,0.0,1.0
2024-12-10,-0.0074157468522890735,3.9254619130935176,0.0,0.0,1.0
2024-12-11,0.011621826162150573,3.9710829490536335,0.0,0.0,1.0
2024-12-12,-0.00800069730046915,3.939311516423201,0.0,0.0,1.0
2024-12-13,0.010960466426799709,3.982488208043663,0.0,0.0,1.0
2024-12-16,0.007978021950187042,4.014260586383797,0.0,0.0,1.0
2024-12-17,-0.010857443556567481,3.9706759786457813,0.0,0.0,1.0
2024-12-18,-0.032519571309972406,3.8415512980094153,0.0,0.0,1.0
2024-12-19,0.0025448355765584907,3.851327414421764,0.0,0.0,1.0
2024-12-20,0.01089368558140813,3.893282564345532,0.0,0.0,1.0
2024-12-23,0.010724714566839877,3.9350369085761923,0.0,0.0,1.0
2024-12-24,0.011720842252935793,3.9811588554410937,0.0,0.0,1.0
2024-12-26,0.0007176274822107143,3.984015844446805,0.0,0.0,1.0
2024-12-27,-0.010449686655782164,3.9423841272406643,0.0,0.0,1.0
2024-12-30,-0.011284801280781687,3.8978951057922453,0.0,0.0,1.0
2024-12-31,-0.0051309407274606755,3.877895237042566,0.0,0.0,1.0
2025-01-02,0.005683597338219437,3.899935632089715,0.0,0.0,1.0
2025-01-03,0.014024055533636837,3.95462854597175,0.0,0.0,1.0
2025-01-06,0.007018279459750865,3.982383234266888,0.0,0.0,1.0
2025-01-07,-0.013528774917183184,3.9285064678565274,0.0,0.0,1.0
2025-01-08,0.004051888567647932,3.944424338301566,0.0,0.0,1.0
2025-01-10,-0.010968476937419425,3.9011600109155093,0.0,0.0,1.0
2025-01-13,-0.001569249687745966,3.8950381167865333,0.0,0.0,1.0
2025-01-14,0.0007334944922356978,3.8978951057922444,0.0,0.0,1.0
2025-01-15,0.01853395038764294,3.970138500299234,0.0,0.0,1.0
2025-01-16,0.003084208262943644,3.9823832342668877,0.0,0.0,1.0
2025-01-17,0.01106894728638852,4.026464024361185,0.0,0.0,1.0
2025-01-21,0.014292992008898997,4.084014242485498,0.0,0.0,1.0
2025-01-22,0.006795856089297114,4.11176861554407,0.0,0.0,1.0
2025-01-23,0.006948551447862217,4.140339451310883,0.0,0.0,1.0
2025-01-24,-0.00108427920025711,4.135850167361823,0.0,0.0,1.0
2025-01-27,-0.030987825299565785,4.007689164910435,0.0,0.0,1.0
2025-01-28,0.012424886585085337,4.057484248252722,0.0,0.0,1.0
2025-01-29,-0.0031185039261185654,4.044830967694382,0.0,0.0,1.0
2025-01-30,0.01594353156242212,4.109319857892479,0.0,0.0,1.0
2025-01-31,-0.00635678871895351,4.083197779777256,0.0,0.0,1.0
2025-02-03,-0.0004998145189399894,4.08115693824322,0.0,0.0,1.0
2025-02-04,0.006300704037305982,4.106871100240888,0.0,0.0,1.0
2025-02-05,0.012919808577006586,4.159931088706441,0.0,0.0,1.0
2025-02-06,0.00932100252951229,4.1987058169068705,0.0,0.0,1.0
2025-02-07,-0.008165567027863974,4.164421003128635,0.0,0.0,1.0
2025-02-10,0.007448868370472761,4.195441227020172,0.0,0.0,1.0
2025-02-11,0.0009728101552755053,4.199522594851679,0.0,0.0,1.0
2025-02-12,-0.004762414845487006,4.179522726101999,0.0,0.0,1.0
2025-02-13,0.008398468921780644,4.214624317825043,0.0,0.0,1.0
2025-02-14,-0.0019369891020147856,4.20646063645233,0.0,0.0,1.0
2025-02-18,9.704865667425899e-05,4.206868867806451,0.0,0.0,1.0
2025-02-19,0.0001940784782927807,4.207685330514692,0.0,0.0,1.0
2025-02-20,-0.011446310591025077,4.159522857352321,0.0,0.0,1.0
2025-02-21,-0.019624969448481133,4.077892348356523,0.0,0.0,1.0
2025-02-24,-0.007807219788226294,4.046055346520177,0.0,0.0,1.0
2025-02-25,-0.0019165591285252859,4.038300842211285,0.0,0.0,1.0
2025-02-26,0.010208048440710105,4.079524012826738,0.0,0.0,1.0
2025-02-27,-0.019509624762125144,3.999934030128409,0.0,0.0,1.0
2025-02-28,0.01836740387529856,4.073402433934328,0.0,0.0,1.0
2025-03-03,-0.02144286849471877,3.9860570012174072,0.0,0.0,1.0
2025-03-04,-0.01597378749737144,3.922384573727551,0.0,0.0,1.0
2025-03-05,0.011654411794253194,3.968097658765198,0.0,0.0,1.0
2025-03-06,-0.026023377457422225,3.864834355603238,0.0,0.0,1.0
2025-03-07,-0.0015842437929584063,3.8587115157645613,0.0,0.0,1.0
2025-03-10,-0.025703381796035152,3.759529580434107,0.0,0.0,1.0
2025-03-11,-0.0014112794017939745,3.7542238337768055,0.0,0.0,1.0
2025-03-12,0.010437033402755702,3.7934067933313553,0.0,0.0,1.0
2025-03-13,-0.012696363924649123,3.7452443201689842,0.0,0.0,1.0
2025-03-14,0.022885775989412105,3.8309571427059894,0.0,0.0,1.0
2025-03-17,0.007457884466604003,3.8595279784728023,0.0,0.0,1.0
2025-03-18,-0.013324866099960975,3.808100284950599,0.0,0.0,1.0
2025-03-19,0.012754410443260866,3.856670358993958,0.0,0.0,1.0
2025-03-20,-0.0011641127624913983,3.8521807598083306,0.0,0.0,1.0
2025-03-21,-0.0016950944552391878,3.8456509495618003,0.0,0.0,1.0
2025-03-24,0.029231869424146684,3.9580665159702364,0.0,0.0,1.0
2025-03-25,0.00495919793951205,3.977695351280688,0.0,0.0,1.0
2025-03-26,-0.020972524609038645,3.894273037638695,0.0,0.0,1.0
2025-03-27,-0.008610681318176105,3.8607406935456225,0.0,0.0,1.0
2025-03-28,-0.023514504060627495,3.7699572908302144,0.0,0.0,1.0
2025-03-31,0.003688058762099544,3.783861114849402,0.0,0.0,1.0
2025-04-01,0.007024768223054423,3.8104418621694474,0.0,0.0,1.0
2025-04-02,0.010302572983487135,3.8496992175537827,0.0,0.0,1.0
2025-04-03,-0.058317261836133616,3.62519530029334,0.0,0.0,1.0
2025-04-04,-0.07140440976980711,3.3663403695756156,0.0,0.0,1.0
2025-04-07,0.014091223010129994,3.413776222451309,0.0,0.0,1.0
2025-04-08,-0.009822654417867449,3.3802438783582365,0.0,0.0,1.0
2025-04-09,0.11202503431913824,3.758915814838375,0.0,0.0,1.0
2025-04-10,-0.03927328418864939,3.611290845801019,0.0,0.0,1.0
2025-04-11,0.017098831579987595,3.6730396997597214,0.0,0.0,1.0
2025-04-14,0.0044534300723508835,3.68939732521557,0.0,0.0,1.0
2025-04-15,0.003436041766013087,3.7020742485164275,0.0,0.0,1.0
2025-04-16,-0.025074513805032672,3.6092465366647466,0.0,0.0,1.0
2025-04-17,0.0,3.6092465366647466,0.0,0.0,1.0
2025-04-21,-0.02639928093590116,3.5139650233764055,0.0,0.0,1.0
2025-04-22,0.02862796359187736,3.614562686128756,0.0,0.0,1.0
2025-04-23,0.026021021278993084,3.7086172986987664,0.0,0.0,1.0
2025-04-24,0.02359690164173678,3.7961291763230047,0.0,0.0,1.0
2025-04-25,0.012819045752589187,3.844791929917028,0.0,0.0,1.0
2025-04-28,0.000957239555614553,3.848472316835452,0.0,0.0,1.0
2025-04-29,0.007225550949181425,3.876279649637261,0.0,0.0,1.0
2025-04-30,-0.002320839041297762,3.867283428491395,0.0,0.0,1.0
2025-05-01,0.012266099505236383,3.914719911840222,0.0,0.0,1.0
2025-05-02,0.021623313101991837,3.999369126200545,0.0,0.0,1.0
2025-05-05,-0.0032720411524281845,3.986283025835866,0.0,0.0,1.0
2025-05-06,-0.009437841676439684,3.9486611177605484,0.0,0.0,1.0
2025-05-07,0.009734931871842933,3.9871010647269425,0.0,0.0,1.0
2025-05-08,0.010256274428336987,4.027993867420297,0.0,0.0,1.0
2025-05-09,-0.00020293189236286757,4.027176459002355,0.0,0.0,1.0
2025-05-12,0.0345246801725827,4.166213438247966,0.0,0.0,1.0
2025-05-13,0.019140220044431944,4.245955680208101,0.0,0.0,1.0
2025-05-14,0.007993921498445022,4.279897516601562,0.0,0.0,1.0
2025-05-15,-0.00047780106917838516,4.277852576992156,0.0,0.0,1.0
2025-05-16,0.0056400403440073354,4.301979838112107,0.0,0.0,1.0
2025-05-19,0.0004752752104335567,4.304024462484946,0.0,0.0,1.0
2025-05-20,-0.003325492503066796,4.289711461401937,0.0,0.0,1.0
2025-05-21,-0.018017091821287523,4.2124233361150285,0.0,0.0,1.0
2025-05-22,0.0017473965101610922,4.219784109951877,0.0,0.0,1.0
2025-05-23,-0.00329498829643049,4.205879970696122,0.0,0.0,1.0
2025-05-27,0.023626703083050593,4.305251047966709,0.0,0.0,1.0
2025-05-28,-0.004084363662350543,4.287666837029097,0.0,0.0,1.0
2025-05-29,0.0036243258611265983,4.303206738830437,0.0,0.0,1.0
2025-05-30,0.0011403059852805875,4.308113711230625,0.0,0.0,1.0
2025-06-02,0.010251503553854624,4.352278354251716,0.0,0.0,1.0
2025-06-03,0.006952868483777186,4.382539173253618,0.0,0.0,1.0
2025-06-04,-0.00037310153037084515,4.380904041181167,0.0,0.0,1.0
2025-06-05,-0.012788192149566835,4.324880198513728,0.0,0.0,1.0
2025-06-06,0.010968131069155396,4.372316051389422,0.0,0.0,1.0
2025-06-09,-0.00018695089932529996,4.37149864297148,0.0,0.0,1.0
2025-06-10,0.0018707960181891803,4.379676825226271,0.0,0.0,1.0
2025-06-11,9.34263143492764e-05,4.380086002290093,0.0,0.0,1.0
2025-06-12,0.0010269457199199028,4.384584112863026,0.0,0.0,1.0
2025-06-13,-0.00988613811805994,4.341237508733011,0.0,0.0,1.0
2025-06-16,0.01356430633886374,4.400123384191231,0.0,0.0,1.0
2025-06-17,-0.007992527383438586,4.364955277552574,0.0,0.0,1.0
2025-06-18,0.004309504960133825,4.383766073971949,0.0,0.0,1.0
2025-06-20,-0.002705109938147321,4.371907504798735,0.0,0.0,1.0
2025-06-23,0.016129464888306355,4.442424033392308,0.0,0.0,1.0
2025-06-24,0.01392727259825377,4.504294883902397,0.0,0.0,1.0
2025-06-25,0.00018196301419770577,4.505114498976307,0.0,0.0,1.0
2025-06-26,0.011823554857255614,4.5583809673931714,0.0,0.0,1.0
2025-06-27,0.005303318607617236,4.582555513998156,0.0,0.0,1.0
2025-06-30,0.0056331214996783174,4.608369605987528,0.0,0.0,1.0
2025-07-01,-0.015381941266451649,4.537483935374127,0.0,0.0,1.0
2025-07-02,0.005598690723244593,4.562887904589978,0.0,0.0,1.0
2025-07-03,0.010326859229839336,4.610008205662215,0.0,0.0,1.0
2025-07-07,-0.003910704375366225,4.591979826401857,0.0,0.0,1.0
2025-07-08,-0.007406101035136503,4.5579711598562165,0.0,0.0,1.0
2025-07-09,0.007461360625790725,4.591979826401857,0.0,0.0,1.0
2025-07-10,0.0030338220391143977,4.605911076002364,0.0,0.0,1.0
2025-07-11,-0.002135108511298389,4.596076956061708,0.0,0.0,1.0
2025-07-14,0.00784539071292678,4.632134975528691,0.0,0.0,1.0
2025-07-15,-0.002830717383884851,4.619022710528961,0.0,0.0,1.0
2025-07-16,0.0013306889717563664,4.625169193110154,0.0,0.0,1.0
2025-07-17,0.007264216103834986,4.658767421645706,0.0,0.0,1.0
2025-07-18,0.0011434747137406553,4.664094604389557,0.0,0.0,1.0
2025-07-21,0.001844880530873505,4.672699301719347,0.0,0.0,1.0
2025-07-22,-0.010347279069575999,4.624349578036244,0.0,0.0,1.0
2025-07-23,0.013290811426025506,4.685810936245945,0.0,0.0,1.0
2025-07-24,-0.0001749815179555858,4.684991005935467,0.0,0.0,1.0
2025-07-25,0.00603472278574646,4.7132636279100035,0.0,0.0,1.0
2025-07-28,0.0024340011609527146,4.724735717052213,0.0,0.0,1.0
2025-07-29,-0.003468797006653035,4.708346567939675,0.0,0.0,1.0
2025-07-30,0.004438228257190868,4.729243284722153,0.0,0.0,1.0
2025-07-31,0.0023392562852764254,4.740306196800541,0.0,0.0,1.0
2025-08-01,-0.021263594031321165,4.639510250247618,0.0,0.0,1.0
2025-08-04,0.017839720752454102,4.722277817540184,0.0,0.0,1.0
2025-08-05,-0.004425201740868578,4.70138078552114,0.0,0.0,1.0
2025-08-06,0.014380355184701932,4.768988311075467,0.0,0.0,1.0
2025-08-07,-8.593175537952025e-05,4.768578503538512,0.0,0.0,1.0
2025-08-08,0.006959946543210416,4.801767555010242,0.0,0.0,1.0
2025-08-11,-0.0011946350467727518,4.796031195202571,0.0,0.0,1.0
2025-08-12,0.012558703883970512,4.856263130801405,0.0,0.0,1.0
2025-08-13,-0.005568531384234965,4.829220877147434,0.0,0.0,1.0
2025-08-14,0.0021210423023685365,4.839463858915345,0.0,0.0,1.0
2025-08-15,-0.006773321361701834,4.80668461498057,0.0,0.0,1.0
2025-08-18,0.00042622360573107976,4.808733337428779,0.0,0.0,1.0
2025-08-19,-0.014229764020315727,4.740306196800542,0.0,0.0,1.0
2025-08-20,-0.00146947942376352,4.733340414382005,0.0,0.0,1.0
2025-08-21,-0.006319196126645221,4.703429507969349,0.0,0.0,1.0
2025-08-22,0.014983863948735188,4.773905055809228,0.0,0.0,1.0
2025-08-25,-0.0023173716169586633,4.762842143730841,0.0,0.0,1.0
2025-08-26,0.009291149580704205,4.807094422517526,0.0,0.0,1.0
2025-08-27,-0.0003408711231073225,4.8054558228428395,0.0,0.0,1.0
2025-08-28,0.004433819621887158,4.826762347162272,0.0,0.0,1.0
2025-08-29,-0.011205458151999803,4.772676263671497,0.0,0.0,1.0
2025-09-02,-0.007898423664016052,4.734979644529826,0.0,0.0,1.0
2025-09-03,0.0002595802868379238,4.736208751904125,0.0,0.0,1.0
2025-09-04,0.015053280352495646,4.807504230054481,0.0,0.0,1.0
2025-09-05,-0.002386484608830064,4.796031195202571,0.0,0.0,1.0
2025-09-08,0.0057240435991157135,4.823483886866629,0.0,0.0,1.0
2025-09-09,0.0063711526109531125,4.85421503882633,0.0,0.0,1.0
2025-09-10,0.008694078347947887,4.896417964691673,0.0,0.0,1.0
2025-09-11,0.005271907280461008,4.922231426207911,0.0,0.0,1.0
2025-09-12,0.0029136556916513623,4.936573113818507,0.0,0.0,1.0
2025-09-15,0.005394925893524194,4.963205559935521,0.0,0.0,1.0
2025-09-16,-0.0004952242018488873,4.960747660423491,0.0,0.0,1.0
2025-09-17,-0.003221282988490448,4.944767688374775,0.0,0.0,1.0
2025-09-18,0.006380445616906094,4.976317509698684,0.0,0.0,1.0
2025-09-19,0.003952305013981361,4.99598543434343,0.0,0.0,1.0
2025-09-22,0.0031379254231145293,5.011662464051366,0.0,0.0,1.0
2025-09-23,-0.004176285216472397,4.990732332192798,0.0,0.0,1.0
2025-09-24,-0.005838284632008861,4.961595016315287,0.0,0.0,1.0
2025-09-25,-0.004880085010268931,4.9373820108491415,0.0,0.0,1.0
2025-09-26,0.002244218758399752,4.948462576175275,0.0,0.0,1.0
2025-09-29,0.0010780617897647726,4.953797324596731,0.0,0.0,1.0
2025-09-30,0.002899544173710744,4.968161078767009,0.0,0.0,1.0
2025-10-01,-0.004130175790718171,4.947641700155097,0.0,0.0,1.0
2025-10-02,0.0018248472826907225,4.956670390667353,0.0,0.0,1.0
2025-10-03,-0.005712921800042237,4.9283533203368854,0.0,0.0,1.0
2025-10-06,0.0026647349576958135,4.941486075713463,0.0,0.0,1.0
2025-10-07,0.0004982939921795992,4.9439483885374305,0.0,0.0,1.0
2025-10-08,0.007968733103041581,4.983345393720898,0.0,0.0,1.0
2025-10-09,0.0030470756069986837,4.9985300239113535,0.0,0.0,1.0
2025-10-10,-0.02709359559310931,4.863101872883484,0.0,0.0,1.0
2025-10-13,0.022531585063505943,4.9726752664048535,0.0,0.0,1.0
2025-10-14,-0.005116763692924686,4.947231262145008,0.0,0.0,1.0
2025-10-15,0.0053090059648102095,4.973496142425032,0.0,0.0,1.0
2025-10-16,-0.007921453901203801,4.934098822004997,0.0,0.0,1.0
2025-10-17,0.001580304076443495,4.941896198486987,0.0,0.0,1.0
2025-10-20,0.006809495262613208,4.97554801723891,0.0,0.0,1.0
2025-10-21,-0.004124043932611565,4.955028638626998,0.0,0.0,1.0
2025-10-22,-0.01051840687803407,4.902909631313608,0.0,0.0,1.0
2025-10-23,0.0072820796249650765,4.938613009642841,0.0,0.0,1.0
2025-10-24,0.011384448893748234,4.994836397057121,0.0,0.0,1.0
2025-10-27,0.010599048617066398,5.047776910863822,0.0,0.0,1.0
2025-10-28,0.003577168894393079,5.0658336614152,0.0,0.0,1.0
2025-10-29,0.005994794132126113,5.096202291322979,0.0,0.0,1.0
2025-10-30,-0.019165696694953716,4.998530023911354,0.0,0.0,1.0
2025-10-31,-0.0008210543589195485,4.994425959047032,0.0,0.0,1.0
2025-11-03,-0.0004108329627273699,4.992374084233154,0.0,0.0,1.0
2025-11-04,-0.018002498340427886,4.902498878066951,0.0,0.0,1.0
2025-11-05,0.0025950035780404335,4.915220880196874,0.0,0.0,1.0
2025-11-06,-0.013609398463305222,4.848327680703117,0.0,0.0,1.0
2025-11-07,0.003301242668546811,4.864333186913751,0.0,0.0,1.0
2025-11-10,0.018982499801208474,4.9566703906673535,0.0,0.0,1.0
2025-11-11,-0.004057008889728264,4.936561134828963,0.0,0.0,1.0
2025-11-12,0.0004156486181039476,4.9386130096428404,0.0,0.0,1.0
2025-11-13,-0.022103970345142554,4.82945005413156,0.0,0.0,1.0
2025-11-14,0.0012746668066137001,4.83560599380976,0.0,0.0,1.0
2025-11-17,-0.01145720132389283,4.780203482415659,0.0,0.0,1.0
2025-11-18,-0.0054945768759026015,4.753938286899069,0.0,0.0,1.0
2025-11-19,0.007510406456213481,4.7896422957014355,0.0,0.0,1.0
2025-11-20,-0.019621289021583332,4.695663339907478,0.0,0.0,1.0
2025-11-21,-0.0010486932420210593,4.690739029496111,0.0,0.0,1.0
2025-11-24,0.023097017081920468,4.799081108987214,0.0,0.0,1.0
2025-11-25,0.008380460918124832,4.839299620663993,0.0,0.0,1.0
2025-11-26,0.011533204914467632,4.895112254831616,0.0,0.0,1.0
2025-11-28,0.007042268486912695,4.929584949603718,0.0,0.0,1.0
2025-12-01,-0.009906807457756628,4.880748500661339,0.0,0.0,1.0
2025-12-02,0.0019339510161331397,4.890187629183683,0.0,0.0,1.0
2025-12-03,0.0025175412104425643,4.902498878066949,0.0,0.0,1.0
2025-12-04,0.00870586823693631,4.9451793873311285,0.0,0.0,1.0
2025-12-05,0.00290459719359748,4.959543141501406,0.0,0.0,1.0
2025-12-08,0.0012411676370194247,4.965698765943039,0.0,0.0,1.0
2025-12-09,-0.0023140123155402925,4.954208077843384,0.0,0.0,1.0
2025-12-10,0.006709726402187144,4.9874494585852185,0.0,0.0,1.0
2025-12-11,0.002057164614442719,4.997709463127742,0.0,0.0,1.0
2025-12-12,-0.022006973957977904,4.88772500112315,0.0,0.0,1.0
2025-12-15,-0.003526423799171674,4.870488811355383,0.0,0.0,1.0
2025-12-16,0.00016854078758266056,4.871309687375561,0.0,0.0,1.0
2025-12-17,-0.018281458395754457,4.782255041992969,0.0,0.0,1.0
2025-12-18,0.010040428153065939,4.830270930151737,0.0,0.0,1.0
2025-12-19,0.01554799204264845,4.905371944137572,0.0,0.0,1.0
2025-12-22,0.008311075120672529,4.946140858860139,0.0,0.0,1.0
2025-12-23,0.006238013655740726,4.976994953080926,0.0,0.0,1.0
2025-12-24,0.0038848813415295336,4.996329987911037,0.0,0.0,1.0
2025-12-26,-0.0005763602575280524,4.993450301872509,0.0,0.0,1.0
2025-12-29,-0.006178975976947942,4.962595892415155,0.0,0.0,1.0
2025-12-30,-0.0023210491378407028,4.951077463497613,0.0,0.0,1.0
2025-12-31,-0.008558370157579542,4.908704309886151,0.0,0.0,1.0
2026-01-02,0.0029332445557246345,4.923102740078786,0.0,0.0,1.0
2026-01-05,0.006267269054974101,4.95395714953614,0.0,0.0,1.0
2026-01-06,0.00523167415481951,4.979874639119451,0.0,0.0,1.0
2026-01-07,-0.007104458987893025,4.944495323980979,0.0,0.0,1.0
2026-01-08,-0.009734631700759833,4.896362483055895,0.0,0.0,1.0
2026-01-09,0.008485970210675875,4.937912869227778,0.0,0.0,1.0
2026-01-12,0.0036656952340217153,4.95601375289852,0.0,0.0,1.0
2026-01-13,-0.0028222372193107415,4.942026706425674,0.0,0.0,1.0
2026-01-14,-0.010155640037761926,4.891837262138209,0.0,0.0,1.0
2026-01-15,0.00681190113048169,4.9251599739143,0.0,0.0,1.0
2026-01-16,0.0023387553328453325,4.936678718068409,0.0,0.0,1.0
2026-01-20,-0.025166672147640234,4.812438943272548,0.0,0.0,1.0
2026-01-21,0.005727454371343477,4.840001967735018,0.0,0.0,1.0
2026-01-22,0.0024649665826579348,4.8519324108454835,0.0,0.0,1.0
2026-01-23,-0.00016964017765508377,4.851109328169337,0.0,0.0,1.0
2026-01-26,0.007717175944307542,4.888546192379891,0.0,0.0,1.0
2026-01-27,0.006563964851180826,4.920634437760047,0.0,0.0,1.0
2026-01-28,-0.003595027310253296,4.902944622572527,0.0,0.0,1.0
2026-01-29,0.011243457385006206,4.958070671497466,0.0,0.0,1.0
2026-01-30,-0.005393215135081508,4.931330729711142,0.0,0.0,1.0
2026-02-02,0.003336898231635743,4.947786078502726,0.0,0.0,1.0
2026-02-03,-0.006235939414365954,4.9169319842819394,0.0,0.0,1.0
2026-02-04,-0.02083334134738979,4.814495861871495,0.0,0.0,1.0
2026-02-05,-0.008630267293600391,4.772945475699611,0.0,0.0,1.0
2026-02-06,0.03292532638717405,4.930096263315207,0.0,0.0,1.0
2026-02-09,0.013768343628515645,4.997975522790192,0.0,0.0,1.0
2026-02-10,-0.005844078108914297,4.968766963448564,0.0,0.0,1.0
2026-02-11,-0.0015731480204383974,4.960950357535995,0.0,0.0,1.0
2026-02-12,-0.019238709734813453,4.865508073598541,0.0,0.0,1.0
2026-02-13,-0.00016910206028497576,4.864685306158962,0.0,0.0,1.0
2026-02-17,0.0051586147512003855,4.889780343539261,0.0,0.0,1.0
2026-02-18,0.0039542369407707945,4.909115693605939,0.0,0.0,1.0
2026-02-19,0.0005027997857032229,4.911583995924676,0.0,0.0,1.0
2026-02-20,0.0047742616809629546,4.93503318318925,0.0,0.0,1.0
2026-02-23,-0.01683894905242822,4.8519324108454835,0.0,0.0,1.0
2026-02-24,0.006867860826964334,4.8852548073850075,0.0,0.0,1.0
2026-02-25,0.014652605805715924,4.956836520338099,0.0,0.0,1.0
2026-02-26,-0.004398639547499417,4.93503318318925,0.0,0.0,1.0
2026-02-27,-0.004084697459568076,4.914875065682993,0.0,0.0,1.0
2026-03-02,0.005357041265098728,4.9412042542226615,0.0,0.0,1.0
2026-03-03,-0.007409890312289447,4.904590472688254,0.0,0.0,1.0
2026-03-04,0.008723365909855785,4.947375010019506,0.0,0.0,1.0
2026-03-05,-0.005072330699190997,4.922280287875774,0.0,0.0,1.0
2026-03-06,-0.011784449898043836,4.864273922439173,0.0,0.0,1.0
2026-03-09,0.00896487753418529,4.907881542446571,0.0,0.0,1.0
2026-03-10,-0.0018441270421180045,4.898830785374633,0.0,0.0,1.0
2026-03-11,-0.0031911485155280417,4.883197888786062,0.0,0.0,1.0
2026-03-12,-0.012889638362199696,4.8202552339485525,0.0,0.0,1.0
2026-03-13,-0.008449200616784669,4.779527930452815,0.0,0.0,1.0
2026-03-16,0.01007049464974874,4.827660140904765,0.0,0.0,1.0
2026-03-17,0.0,4.827660140904765,0.0,0.0,1.0
2026-03-18,-0.010992722929341503,4.774591010578773,0.0,0.0,1.0
2026-03-19,-0.0015508986926432433,4.767186103622561,0.0,0.0,1.0
2026-03-20,-0.01812225397976419,4.68079394628391,0.0,0.0,1.0
2026-03-23,0.009439531718733907,4.724978449208715,0.0,0.0,1.0
2026-03-24,0.002706710232892595,4.737767596727385,0.0,0.0,1.0
2026-03-25,0.004179784147507082,4.757570442622758,0.0,0.0,1.0
2026-03-26,-0.03451270813587859,4.593373802500636,0.0,0.0,1.0
2026-03-27,-0.009250922161777142,4.550880858993756,0.0,0.0,1.0
2026-03-30,-0.022391456484404437,4.448980008273889,0.0,0.0,1.0
2026-03-31,0.03959570462916595,4.625140506582566,0.0,0.0,1.0
2026-04-01,0.021318341296705512,4.7237408304471105,0.0,0.0,1.0
2026-04-02,0.002096064471950765,4.7336420957765135,0.0,0.0,1.0
2026-04-06,0.008105269004228699,4.772009538332523,0.0,0.0,1.0
2026-04-07,0.00847239518801457,4.812439888982251,0.0,0.0,1.0
2026-04-08,0.04037718288901404,5.0067526545220735,0.0,0.0,1.0
2026-04-09,0.011535949101292076,5.0645102983073995,0.0,0.0,1.0
2026-04-10,0.004724648623515515,5.088438329917078,0.0,0.0,1.0
2026-04-13,0.010134589710469433,5.140007564657814,0.0,0.0,1.0
2026-04-14,0.01653425625959848,5.224993766908141,0.0,0.0,1.0
2026-04-15,-0.0005527053845608698,5.222105884718874,0.0,0.0,1.0
2026-04-16,0.0012639993557761464,5.228706623192954,0.0,0.0,1.0
2026-04-17,0.012308722239357861,5.293065320688926,0.0,0.0,1.0
2026-04-20,-0.0051442542367914346,5.265836446987358,0.0,0.0,1.0
2026-04-21,-0.007756161910912551,5.22499376690814,0.0,0.0,1.0
2026-04-22,0.019423663609541952,5.326482288198517,0.0,0.0,1.0
2026-04-23,0.0009292895959218672,5.331432132771802,0.0,0.0,1.0
2026-04-24,0.017720523542378075,5.425907901395176,0.0,0.0,1.0
2026-04-27,0.0044858936504141855,5.450247947197776,0.0,0.0,1.0
2026-04-28,-0.0162742583746448,5.3615492038992025,0.0,0.0,1.0
2026-04-29,0.006232707420700034,5.394966171408793,0.0,0.0,1.0
2026-04-30,0.023093925776894952,5.519557119740167,0.0,0.0,1.0
2026-05-01,0.004708824259445965,5.545547744206997,0.0,0.0,1.0
2026-05-04,0.00014882016532569153,5.546373033539112,0.0,0.0,1.0
2026-05-05,0.02558768966348235,5.688291905479218,0.0,0.0,1.0
2026-05-06,0.02690734105505066,5.841348715800631,0.0,0.0,1.0
2026-05-07,-0.016173406566458937,5.746874208123525,0.0,0.0,1.0
2026-05-08,0.032376112937795964,5.932935656525038,0.0,0.0,1.0
2026-05-11,0.015715348228869885,6.026173806386808,0.0,0.0,1.0
2026-05-12,-0.01109071321863997,5.959339240894492,0.0,0.0,1.0
2026-05-13,0.012737921556637222,6.035248836674396,0.0,0.0,1.0
2026-05-14,0.008408085978155677,6.085993727792718,0.0,0.0,1.0
2026-05-15,-0.027386140226237088,5.919321850147387,0.0,0.0,1.0
2026-05-18,-0.01435747533896603,5.834335332660493,0.0,0.0,1.0
2026-05-19,-0.005586077221495733,5.8017442849561505,0.0,0.0,1.0
2026-05-20,0.01905705881208708,5.91230846700725,0.0,0.0,1.0
2026-05-21,0.009629462801360011,5.969240821460462,0.0,0.0,1.0
2026-05-22,0.0017278428369618126,5.979554731455923,0.0,0.0,1.0
2026-05-26,0.033531121227080574,6.180055906040335,0.0,0.0,1.0
2026-05-27,-0.0013351014986251464,6.171804904138593,0.0,0.0,1.0
2026-05-28,0.0035427948699193745,6.193670342891118,0.0,0.0,1.0
2026-05-29,0.003063973423847788,6.212647584217811,0.0,0.0,1.0
2026-06-01,0.011488190770295503,6.28401966485392,0.0,0.0,1.0
2026-06-02,0.013130234132147534,6.366530314344471,0.0,0.0,1.0
2026-06-03,0.004989592019029487,6.398296703189834,0.0,0.0,1.0
2026-06-04,-0.01457214212479696,6.3050598142743315,0.0,0.0,1.0
2026-06-05,-0.05594458528710655,5.952325857754353,0.0,0.0,1.0
2026-06-08,0.02495157845857343,6.100845783405106,0.0,0.0,1.0
2026-06-09,-0.0025021146340946654,6.085580767890093,0.0,0.0,1.0
2026-06-10,-0.025964311684872676,5.927572852049128,0.0,0.0,1.0
2026-06-11,0.04802343384793417,6.21223525478832,0.0,0.0,1.0
2026-06-12,0.012617814697647667,6.290620088091433,0.0,0.0,1.0
2026-06-15,0.03515217760391298,6.511749082666766,0.0,0.0,1.0
2026-06-16,-0.020400445259762146,6.3789065019605165,0.0,0.0,1.0
2026-06-17,0.0056268006898834155,6.41479933746645,0.0,0.0,1.0
2026-06-18,0.02836185867131613,6.596734969680526,0.0,0.0,1.0
2026-06-22,0.012558359576227085,6.679579139458845,0.0,0.0,1.0
2026-06-23,-0.04528026202151103,6.377126045830729,0.0,0.0,1.0
2026-06-24,-0.003563580826798196,6.354400641723731,0.0,0.0,1.0
2026-06-25,0.03803892554069788,6.596115214590023,0.0,0.0,1.0
2026-06-26,-0.03407668793663887,6.371341454828324,0.0,0.0,1.0
2026-06-29,0.02808042747567674,6.550251446473403,0.0,0.0,1.0
2026-06-30,0.01898690803010994,6.674620468261688,0.0,0.0,1.0
2026-07-01,-0.03850430989492937,6.4176188133207015,0.0,0.0,1.0
2026-07-02,-0.028908094781321614,6.232097680394834,0.0,0.0,1.0
2026-07-06,0.014254418022832116,6.320932605890305,0.0,0.0,1.0
2026-07-07,-0.023271000509989426,6.173838179995023,0.0,0.0,1.0
2026-07-08,0.007696487547625086,6.221355048668407,0.0,0.0,1.0
2026-07-09,0.01666995008794303,6.325064726809082,0.0,0.0,1.0
2026-07-10,0.004376784432526648,6.352748171640103,0.0,0.0,1.0
2026-07-13,-0.02614636925177849,6.18664687218084,0.0,0.0,1.0
2026-07-14,0.02090432760385652,6.315974565166282,0.0,0.0,1.0
2026-07-15,-0.018709934573674758,6.197803094283027,0.0,0.0,1.0
2026-07-16,-0.031466674804687456,6.002778839811738,0.0,0.0,1.0
2026-07-17,-0.00956772715671661,5.945345889690307,0.0,0.0,1.0
2026-07-20,0.0043783785216822135,5.9713768644376986,0.0,0.0,1.0
2026-07-21,0.03584273818602646,6.185407361999834,0.0,0.0,1.0
2026-07-22,0.0024716792486274564,6.200695705020797,0.0,0.0,1.0
2026-07-23,-0.0015992902075732118,6.190778993099616,0.0,0.0,1.0
2026-07-24,-0.02215849485180088,6.053600648652381,0.0,0.0,1.0
2026-07-27,-0.012012794845568164,5.980879985983122,0.0,0.0,1.0
2026-07-28,-0.02625217997760143,5.823868848166659,0.0,0.0,1.0
2026-07-29,-0.03249380581921191,5.634629184697774,0.0,0.0,1.0
2026-07-30,0.051697611675497246,5.925926056223703,0.0,0.0,1.0
2026-07-31,0.0028587621485423043,5.942866869328295,0.0,0.0,1.0
2026-08-03,0.01056806127449228,6.005671450549507,0.0,0.0,1.0
2026-08-04,0.04004122339895044,6.246145882761658,0.0,0.0,1.0
2026-08-05,-0.005953521911659654,6.208959316385213,0.0,0.0,1.0
2026-08-06,-0.007785972820124054,6.160616527906582,0.0,0.0,1.0
2026-08-07,0.0039570510646458334,6.184994402097209,0.0,0.0,1.0
2026-08-10,-0.006613704836778145,6.144088674704613,0.0,0.0,1.0
2026-08-11,-0.0009414888535416166,6.138304083702208,0.0,0.0,1.0
2026-08-12,0.017837972528427448,6.247798983318422,0.0,0.0,1.0
2026-08-13,0.009986075258189064,6.310189974163877,0.0,0.0,1.0
2026-08-14,0.00386325519365327,6.334567848354505,0.0,0.0,1.0
2026-08-17,0.012067093685841135,6.411007672039916,0.0,0.0,1.0
2026-08-18,-0.027455592066767287,6.234989660659473,0.0,0.0,1.0
2026-08-19,-0.016898528138563185,6.129627512435168,0.0,0.0,1.0
2026-08-20,-0.00026969021419476213,6.127974411878405,0.0,0.0,1.0
2026-08-21,0.0028318938430256235,6.1453281848856225,0.0,0.0,1.0
2026-08-24,-0.017414081976007578,6.038312936104554,0.0,0.0,1.0
2026-08-25,0.008690326247195124,6.0907878455019615,0.0,0.0,1.0
2026-08-26,0.0007462221533058866,6.095332926323361,0.0,0.0,1.0
2026-08-27,0.007321053414965917,6.139957184258975,0.0,0.0,1.0
2026-08-28,-0.012247693468807275,6.06475687075457,0.0,0.0,1.0
2026-08-31,0.0021119877447326463,6.077565562940387,0.0,0.0,1.0
2026-09-01,-0.010537787003523813,6.013521471538169,0.0,0.0,1.0
2026-09-02,0.00549679186933183,6.046576547468972,0.0,0.0,1.0
2026-09-03,0.007311790016368169,6.0907878455019615,0.0,0.0,1.0
2026-09-04,0.015670561706847774,6.186233912278219,0.0,0.0,1.0
2026-09-08,0.005009350747295471,6.217222927749634,0.0,0.0,1.0
2026-09-09,-0.001129781136214425,6.210198826566223,0.0,0.0,1.0
2026-09-10,-0.01842983510457452,6.095745886225985,0.0,0.0,1.0
2026-09-11,0.005287052028406292,6.127974411878405,0.0,0.0,1.0
2026-09-14,-0.027779618265854178,5.957741621973501,0.0,0.0,1.0
2026-09-15,-0.0034676467961305413,5.9370822783258905,0.0,0.0,1.0
2026-09-16,-0.00020877429735666198,5.935842768144885,0.0,0.0,1.0
2026-09-17,0.01953723761543147,6.051812738753972,0.0005100236306230273,1.0200472612460545,1.0
