date,return,nav,cost,turnover,gross
2011-01-03,0.009832946590602853,1.0098329465906029,0.0004997501249375312,0.9995002498750625,1.0
2011-01-04,-0.0005508470687782818,1.0092766830720177,0.0,0.0,1.0
2011-01-05,0.00519750198855129,1.014522400639283,0.0,0.0,1.0
2011-01-06,-0.001958071165248265,1.0125358935800928,0.0,0.0,1.0
2011-01-07,-0.0019628595229141954,1.0105484278590866,0.0,0.0,1.0
2011-01-10,-0.0012584699080310235,1.009276683072018,0.0,0.0,1.0
2011-01-11,0.003543654212044167,1.0128532106411041,0.0,0.0,1.0
2011-01-12,0.009024684465740007,1.0219938912772517,0.0,0.0,1.0
2011-01-13,-0.0016334244161305689,1.0203245415021032,0.0,0.0,1.0
2011-01-14,0.007245225049444581,1.0277170224287573,0.0,0.0,1.0
2011-01-18,0.001701284825287086,1.0294654618037045,0.0,0.0,1.0
2011-01-19,-0.009805389157663047,1.0193711523263458,0.0,0.0,1.0
2011-01-20,-0.0013256346470974512,1.0180198386085704,0.0,0.0,1.0
2011-01-21,0.0022639076431778538,1.020324541502103,0.0,0.0,1.0
2011-01-24,0.0056874253241110395,1.026127561138254,0.0,0.0,1.0
2011-01-25,0.0005418662105856065,1.0266835849913856,0.0,0.0,1.0
2011-01-26,0.003870922359865858,1.030657797437036,0.0,0.0,1.0
2011-01-27,0.002468218862639704,1.0332016864535967,0.0,0.0,1.0
2011-01-28,-0.017463322067364118,1.0151585526425138,0.0,0.0,1.0
2011-01-31,0.007516135543682134,1.022788621922503,0.0,0.0,1.0
2011-02-01,0.016009118073806894,1.0391625657354067,0.0,0.0,1.0
2011-02-02,-0.0019124878994414285,1.0371751799028852,0.0,0.0,1.0
2011-02-03,0.002222635247732141,1.0394804420158104,0.0,0.0,1.0
2011-02-04,0.0028291584698412198,1.0424212969125737,0.0,0.0,1.0
2011-02-07,0.006251927910239097,1.048938439712969,0.0,0.0,1.0
2011-02-08,0.004547056355456158,1.0537080219117483,0.0,0.0,1.0
2011-02-09,-0.002263123386245236,1.0513233506450856,0.0,0.0,1.0
2011-02-10,0.0003779668000163383,1.0517207159677113,0.0,0.0,1.0
2011-02-11,0.0059705154479425815,1.0580000307493178,0.0,0.0,1.0
2011-02-14,0.0024037523121787086,1.0605432007695166,0.0,0.0,1.0
2011-02-15,-0.0031475760049023416,1.057205060438612,0.0,0.0,1.0
2011-02-16,0.006315331306660177,1.0638816606543595,0.0,0.0,1.0
2011-02-17,0.0029886422583202954,1.0670612223432432,0.0,0.0,1.0
2011-02-18,0.002085366616944473,1.0692864361945538,0.0,0.0,1.0
2011-02-22,-0.02006987361276702,1.047825992564283,0.0,0.0,1.0
2011-02-23,-0.00614420070344035,1.0413879393636865,0.0,0.0,1.0
2011-02-24,-0.0006869691427729974,1.0406725379836876,0.0,0.0,1.0
2011-02-25,0.010692841896539962,1.0518002848984183,0.0,0.0,1.0
2011-02-28,0.006196406826870948,1.0583176673642676,0.0,0.0,1.0
2011-03-01,-0.016672809993359516,1.0406725379836876,0.0,0.0,1.0
2011-03-02,0.0021387833246906407,1.0428983110543906,0.0,0.0,1.0
2011-03-03,0.017223966798693313,1.0608611569384048,0.0,0.0,1.0
2011-03-04,-0.0074922011932127,1.0529129717125578,0.0,0.0,1.0
2011-03-07,-0.007851266758241104,1.0446462710984301,0.0,0.0,1.0
2011-03-08,0.008750559982307005,1.0537875109539703,0.0,0.0,1.0
2011-03-09,-0.0014333549823737357,1.0522770593747812,0.0,0.0,1.0
2011-03-10,-0.0185057893272792,1.0328038418000627,0.0,0.0,1.0
2011-03-11,0.006926479120741069,1.039957536046112,0.0,0.0,1.0
2011-03-14,-0.006038126031534974,1.033678141376021,0.0,0.0,1.0
2011-03-15,-0.011457288125454324,1.0218349930812918,0.0,0.0,1.0
2011-03-16,-0.01851265057052487,1.0029181189136431,0.0,0.0,1.0
2011-03-17,0.013235089823335544,1.0161918303029158,0.0,0.0,1.0
2011-03-18,0.003636991417304003,1.019887711268062,0.0,0.0,1.0
2011-03-21,0.015498035780195485,1.0356939675090762,0.0,0.0,1.0
2011-03-22,-0.0034685395510082317,1.0321016220200303,0.0,0.0,1.0
2011-03-23,0.0028616148006401776,1.0350550992973675,0.0,0.0,1.0
2011-03-24,0.009563570443883895,1.0449539216527992,0.0,0.0,1.0
2011-03-25,0.0030556208155605447,1.048146904607103,0.0,0.0,1.0
2011-03-28,-0.0024370194643724696,1.0455925501990537,0.0,0.0,1.0
2011-03-29,0.006718443269794205,1.0526173044308855,0.0,0.0,1.0
2011-03-30,0.0069012163933697135,1.0598816442281687,0.0,0.0,1.0
2011-03-31,-0.0013555424001210348,1.0584449297203073,0.0,0.0,1.0
2011-04-01,0.004223177092964603,1.0629149301016667,0.0,0.0,1.0
2011-04-04,0.0008266075950642549,1.063793543655796,0.0,0.0,1.0
2011-04-05,-0.00015027056587113563,1.0636336867980207,0.0,0.0,1.0
2011-04-06,0.0031524007096299655,1.0669866863870692,0.0,0.0,1.0
2011-04-07,-0.0025437349987283975,1.0642725550097292,0.0,0.0,1.0
2011-04-08,-0.0034503887823856827,1.0606004009245227,0.0,0.0,1.0
2011-04-11,-0.003010542850559683,1.0574074179702186,0.0,0.0,1.0
2011-04-12,-0.007474212647994527,1.0495041300727423,0.0,0.0,1.0
2011-04-13,-7.619633962208106e-05,1.0494241616996125,0.0,0.0,1.0
2011-04-14,0.0007611079472291671,1.0502228867690964,0.0,0.0,1.0
2011-04-15,0.0036481511528390076,1.054054258604201,0.0,0.0,1.0
2011-04-18,-0.011208671774516898,1.0422397103869747,0.0,0.0,1.0
2011-04-19,0.005744745857447109,1.0482271126456872,0.0,0.0,1.0
2011-04-20,0.013631906217826284,1.062516446340256,0.0,0.0,1.0
2011-04-21,0.005108648537085925,1.067944469429482,0.0,0.0,1.0
2011-04-25,-0.001046832945090892,1.0668265099753556,0.0,0.0,1.0
2011-04-26,0.008605845792696742,1.0760074544077642,0.0,0.0,1.0
2011-04-27,0.0065287595067380355,1.08303244830505,0.0,0.0,1.0
2011-04-28,0.0032426524159125947,1.0865443460900581,0.0,0.0,1.0
2011-04-29,0.0023511180953597055,1.0890989401635613,0.0,0.0,1.0
2011-05-02,-0.001539529104200521,1.0874222406478256,0.0,0.0,1.0
2011-05-03,-0.0035967449304100674,1.0835110602165603,0.0,0.0,1.0
2011-05-04,-0.006631008330584498,1.0763262893499839,0.0,0.0,1.0
2011-05-05,-0.009048265108392961,1.0665874037408123,0.0,0.0,1.0
2011-05-06,0.0044157896443797195,1.071297229353077,0.0,0.0,1.0
2011-05-09,0.003874821512571236,1.0754483149037322,0.0,0.0,1.0
2011-05-10,0.0085364818213578,1.0846288598937177,0.0,0.0,1.0
2011-05-11,-0.010524876800739214,1.0732132747688101,0.0,0.0,1.0
2011-05-12,0.004760869002073287,1.0783227025812705,0.0,0.0,1.0
2011-05-13,-0.007699374915218105,1.070020291814506,0.0,0.0,1.0
2011-05-16,-0.00634138285389696,1.0632348834826717,0.0,0.0,1.0
2011-05-17,-0.00015049979758041676,1.063074866847927,0.0,0.0,1.0
2011-05-18,0.008936058769135169,1.0725745663340707,0.0,0.0,1.0
2011-05-19,0.0023815168550749277,1.07512892074212,0.0,0.0,1.0
2011-05-20,-0.007944644438930948,1.0665874037408123,0.0,0.0,1.0
2011-05-23,-0.011600670004605629,1.054214275238946,0.0,0.0,1.0
2011-05-24,-0.0008332782032959285,1.053335821461786,0.0,0.0,1.0
2011-05-25,0.003334527359984296,1.0568481985777018,0.0,0.0,1.0
2011-05-26,0.004608043076131718,1.06171820060168,0.0,0.0,1.0
2011-05-27,0.0038343858914102746,1.0657892378907208,0.0,0.0,1.0
2011-05-31,0.010411393121425583,1.0768855886309856,0.0,0.0,1.0
2011-06-01,-0.0224612866899212,1.0526973526925005,0.0,0.0,1.0
2011-06-02,-0.0010617674546382627,1.0515796329038278,0.0,0.0,1.0
2011-06-03,-0.009944394532167,1.0411223101522409,0.0,0.0,1.0
2011-06-06,-0.010581333382442382,1.0301058478966214,0.0,0.0,1.0
2011-06-07,-0.0006197313432443341,1.0294674590158206,0.0,0.0,1.0
2011-06-08,-0.004187546066343639,1.0251565166073902,0.0,0.0,1.0
2011-06-09,0.007631185697640319,1.0329796763547672,0.0,0.0,1.0
2011-06-10,-0.013910459719711832,1.0186104541755532,0.0,0.0,1.0
2011-06-13,0.0007832692987610468,1.0194083004717058,0.0,0.0,1.0
2011-06-14,0.012686601844724033,1.0323411276969972,0.0,0.0,1.0
2011-06-15,-0.017785487805283884,1.0139804371594492,0.0,0.0,1.0
2011-06-16,0.0022045392661840246,1.0162157968483096,0.0,0.0,1.0
2011-06-17,0.0029837044017932968,1.0192478843945378,0.0,0.0,1.0
2011-06-20,0.005116400722568137,1.0244627650067302,0.0,0.0,1.0
2011-06-21,0.013703732007866787,1.0385017281904205,0.0,0.0,1.0
2011-06-22,-0.006025051017770511,1.0322447022960304,0.0,0.0,1.0
2011-06-23,-0.00287553584958522,1.0292764456490338,0.0,0.0,1.0
2011-06-24,-0.011613783543278577,1.0173226518030707,0.0,0.0,1.0
2011-06-27,0.008911455092410314,1.0263884769291056,0.0,0.0,1.0
2011-06-28,0.01305285393996547,1.039785775804125,0.0,0.0,1.0
2011-06-29,0.008563735525392246,1.0486902261911761,0.0,0.0,1.0
2011-06-30,0.009562482488284063,1.058718308114764,0.0,0.0,1.0
2011-07-01,0.014776284418913654,1.0743622309549787,0.0,0.0,1.0
2011-07-05,-0.0008213693444971693,1.0734797827535867,0.0,0.0,1.0
2011-07-06,0.001195782344394214,1.0747634309248675,0.0,0.0,1.0
2011-07-07,0.010375227007567434,1.085914345500145,0.0,0.0,1.0
2011-07-08,-0.007091876134831532,1.0782131754688213,0.0,0.0,1.0
2011-07-11,-0.018080717058183593,1.058718308114764,0.0,0.0,1.0
2011-07-12,-0.004318823414716011,1.0541458906960894,0.0,0.0,1.0
2011-07-13,0.0033484860461181487,1.057675683501658,0.0,0.0,1.0
2011-07-14,-0.006902427081104445,1.0503751542208306,0.0,0.0,1.0
2011-07-15,0.005804525503731783,1.0564720835919916,0.0,0.0,1.0
2011-07-18,-0.008200790436721506,1.0478081774322072,0.0,0.0,1.0
2011-07-19,0.016231234110393622,1.0648153972628942,0.0,0.0,1.0
2011-07-20,-0.0006025311258982535,1.0641738128427076,0.0,0.0,1.0
2011-07-21,0.013871150261085319,1.078935127704561,0.0,0.0,1.0
2011-07-22,0.0006691340537550161,1.0796570799403005,0.0,0.0,1.0
2011-07-25,-0.005572733746556979,1.073640438496208,0.0,0.0,1.0
2011-07-26,-0.0037360746393454436,1.0696292376821666,0.0,0.0,1.0
2011-07-27,-0.020475495273032718,1.0477280492821077,0.0,0.0,1.0
2011-07-28,-0.0029098241219402965,1.0446793449310732,0.0,0.0,1.0
2011-07-29,-0.006834435546528517,1.0375395512813521,0.0,0.0,1.0
2011-08-01,-0.004252908291977775,1.0331269907204528,0.0,0.0,1.0
2011-08-02,-0.025547408567539787,1.0067332733863645,0.0,0.0,1.0
2011-08-03,0.005418858296621476,1.0121886183373392,0.0,0.0,1.0
2011-08-04,-0.04684136622052426,0.9647763205815534,0.0,0.0,1.0
2011-08-05,-0.0014971177998197582,0.9633319367791662,0.0,0.0,1.0
2011-08-08,-0.06512300328947529,0.9005968678914399,0.0,0.0,1.0
2011-08-09,0.046498790269821955,0.9424735327691826,0.0,0.0,1.0
2011-08-10,-0.04417758068666866,0.9008373322302223,0.0,0.0,1.0
2011-08-11,0.04488353108786347,0.9412700926364855,0.0,0.0,1.0
2011-08-12,0.006733065700245344,0.947607726011883,0.0,0.0,1.0
2011-08-15,0.02116530180377385,0.9676641295245124,0.0,0.0,1.0
2011-08-16,-0.0085393941525439,0.9594008641152243,0.0,0.0,1.0
2011-08-17,0.0006689842688774039,0.9600426882008648,0.0,0.0,1.0
2011-08-18,-0.043118391550171276,0.918647191666141,0.0,0.0,1.0
2011-08-19,-0.016330468447191437,0.903645252688536,0.0,0.0,1.0
2011-08-22,0.0007986680261291568,0.9043669652588218,0.0,0.0,1.0
2011-08-23,0.03291077047237079,0.9341303788752494,0.0,0.0,1.0
2011-08-24,0.01408458051870487,0.9472872134114861,0.0,0.0,1.0
2011-08-25,-0.015243616783436886,0.9328471301463916,0.0,0.0,1.0
2011-08-26,0.014533437311004427,0.9464046054331247,0.0,0.0,1.0
2011-08-29,0.028735910163371292,0.9736004031530517,0.0,0.0,1.0
2011-08-30,0.002636991750138762,0.9761677793840982,0.0,0.0,1.0
2011-08-31,0.004437959167305605,0.9804999721294442,0.0,0.0,1.0
2011-09-01,-0.00922054782344639,0.9714592252455367,6.278999787363707e-05,0.12557999574727416,0.8733146342298794
2011-09-02,-0.022312857565457755,0.9497831939219832,0.0,0.0,0.8704233747625821
2011-09-06,-0.006351596427527695,0.9437505543805425,0.0,0.0,0.8695948812191276
2011-09-07,0.02452920448909901,0.9669000047156434,0.0,0.0,0.8727169789168053
2011-09-08,-0.00906895719259393,0.9581312299633584,0.0,0.0,0.8715520375717811
2011-09-09,-0.022842912364631318,0.936244722243489,0.0,0.0,0.8685492852472819
2011-09-12,0.005619537036011479,0.9415059841349065,0.0,0.0,0.8692837958140466
2011-09-13,0.007972390771657123,0.9490120377542837,0.0,0.0,0.8703176562406081
2011-09-14,0.012048531278664454,0.9604462389749951,0.0,0.0,0.871861518984578
2011-09-15,0.015045846683652941,0.9748969658345039,0.0,0.0,0.8737608759493215
2011-09-16,0.0051713473045942315,0.9799384966310292,0.0,0.0,0.8744103264877302
2011-09-19,-0.008706345566772522,0.9714068134451759,0.0,0.0,0.8733072439962882
2011-09-20,-0.0010162471478158963,0.9704196240416433,0.0,0.0,0.8731783445073199
2011-09-21,-0.02572232596916435,0.9454581741451702,0.0,0.0,0.8698300533471894
2011-09-22,-0.028116473222421723,0.9188752247088978,0.0,0.0,0.8660642341539606
2011-09-23,0.0052178896467154345,0.9236698142305297,0.0,0.0,0.8667594503039356
2011-09-26,0.02061163994243098,0.9427081638671415,0.0,0.0,0.8694502402280163
2011-09-27,0.009724061321214839,0.9518751158605954,0.0,0.0,0.8707074708386683
2011-09-28,-0.017778616900643862,0.9349520928384538,0.0,0.0,0.8683671860698866
2011-09-29,0.006863094704774975,0.9413687575960318,0.0,0.0,0.869264400829182
2011-09-30,-0.021722188905320627,0.9209201676139638,0.0,0.0,0.8663614430567712
2011-10-03,-0.02281143563088417,0.8999126564892548,3.296787950051873e-05,0.06593575900103746,0.7958004020565678
2011-10-04,0.01744678306629255,0.9156132373856338,0.0,0.0,0.7993018277165943
2011-10-05,0.014799087132920441,0.9291634774657592,0.0,0.0,0.8022286358923383
2011-10-06,0.01451359981698408,0.9426489843422545,0.0,0.0,0.8050579201533002
2011-10-07,-0.005390658818080762,0.937567485282455,0.0,0.0,0.8040013315165924
2011-10-10,0.026890189263900632,0.9627788524093797,0.0,0.0,0.8091336824279443
2011-10-11,0.0008120173654990737,0.9635606455566714,0.0,0.0,0.8092885173354936
2011-10-12,0.007099134558208098,0.9704010922344721,0.0,0.0,0.8106328342192988
2011-10-13,-0.0016110157435260675,0.9688377607973475,0.0,0.0,0.8103271905683308
2011-10-14,0.013851566250891345,0.9822576812273971,0.0,0.0,0.8129184846777581
2011-10-17,-0.015519044687224981,0.9670139803780591,0.0,0.0,0.8099691570433953
2011-10-18,0.0158315621530416,0.9823233223112744,0.0,0.0,0.8129306529824167
2011-10-19,-0.009616061502814355,0.9728772408282802,0.0,0.0,0.8111141873489638
2011-10-20,0.0035491670783343032,0.9763301447026886,0.0,0.0,0.8117821006925073
2011-10-21,0.015413806665591112,0.9913791087949245,0.0,0.0,0.8146391398572387
2011-10-24,0.009988450637371082,1.0012814500860436,0.0,0.0,0.816472071144526
2011-10-25,-0.01587553727251345,0.9853855691049264,0.0,0.0,0.8135114399347085
2011-10-26,0.008264329683304261,0.99352912031318,0.0,0.0,0.8150399343091475
2011-10-27,0.02839198386292896,1.0217373830644618,0.0,0.0,0.8201462627557171
2011-10-28,-0.00019096628572368157,1.021542265671433,0.0,0.0,0.8201118609446874
2011-10-31,-0.019769439293549573,1.0013469478644466,0.0,0.0,0.8164836988170121
2011-11-01,-0.020287232427485646,0.9810323895925672,4.533272136898359e-05,0.09066544273796717,0.7201869182474195
2011-11-02,0.011747285512216044,0.9925568571698427,0.0,0.0,0.7234357590440758
2011-11-03,0.013186312618337359,1.0056450221799587,0.0,0.0,0.7270351214074433
2011-11-04,-0.004434065827980116,1.0011859259520322,0.0,0.0,0.7258193489852308
2011-11-07,0.004511899726541868,1.0057031764575526,0.0,0.0,0.7270507560047187
2011-11-08,0.009328218478697359,1.0150845954122685,0.0,0.0,0.7295733178139056
2011-11-09,-0.02692791967268804,0.9877504789660239,0.0,0.0,0.7220897355162782
2011-11-10,0.006801136999635027,0.9944683052949268,0.0,0.0,0.7239670354805493
2011-11-11,0.013626599591569644,1.0080195266976877,0.0,0.0,0.7276778229601237
2011-11-14,-0.0068935482956643535,1.0010706954074244,0.0,0.0,0.7257874134145975
2011-11-15,0.003586534004904829,1.0046610694978169,0.0,0.0,0.7267673341243551
2011-11-16,-0.011528794416793775,0.9930785385690204,0.0,0.0,0.7235804754459584
2011-11-17,-0.011488013073944203,0.981670039334486,0.0,0.0,0.7203680217845566
2011-11-18,-0.0007668073306873469,0.9809172875520082,0.0,0.0,0.720153395076903
2011-11-21,-0.01369695455954334,0.9674817080377379,0.0,0.0,0.7162670021718736
2011-11-22,-0.0028132119815089673,0.9647599769047954,0.0,0.0,0.7154665103086034
2011-11-23,-0.01578717421367637,0.949529143075017,0.0,0.0,0.7109023586279671
2011-11-25,-0.0013415031858583504,0.9482553467045165,0.0,0.0,0.7105137744823169
2011-11-28,0.02058132694972925,0.9677717000268711,0.0,0.0,0.7163515177488121
2011-11-29,0.0020347456451477175,0.9697408692789979,0.0,0.0,0.7169274207879044
2011-11-30,0.029501139552654987,0.9983493299935107,0.0,0.0,0.7250389683039419
2011-12-01,-0.00013307940676254848,0.9982164702569334,2.5668455825385855e-05,0.051336911650771706,0.6736841651985652
2011-12-02,-0.0005928304565622211,0.997624697131123,0.0,0.0,0.6734904663920778
2011-12-05,0.007336190951634736,1.0049434624073437,0.0,0.0,0.6758679586703515
2011-12-06,0.00021428908151688297,1.0051588108188794,0.0,0.0,0.6759372686616324
2011-12-07,0.0025161163195781544,1.0076879073065486,0.0,0.0,0.6767505574974385
2011-12-08,-0.014845454777051348,0.9927283220492477,0.0,0.0,0.6718794139250065
2011-12-09,0.011383267916244,1.0040288145071776,0.0,0.0,0.6755724151257906
2011-12-12,-0.0098613959939845,0.9941276887779515,0.0,0.0,0.6723411078037481
2011-12-13,-0.006279172739083516,0.9878853892954089,0.0,0.0,0.6702706353116652
2011-12-14,-0.007135653441074585,0.9808361815178959,0.0,0.0,0.6679008457010247
2011-12-15,0.0024139866936454535,0.9832039070087262,0.0,0.0,0.668700552696532
2011-12-16,0.0009916434350745185,0.9841788947084511,0.0,0.0,0.6690287128482125
2011-12-19,-0.007152956936915866,0.97713910545638,0.0,0.0,0.6666440965033374
2011-12-20,0.020172674581289796,0.9968506146514042,0.0,0.0,0.6732357595566679
2011-12-21,0.0013037014204946296,0.9981502102137463,0.0,0.0,0.6736611632301418
2011-12-22,0.005968270645130724,1.0041074408127961,0.0,0.0,0.6755972420144752
2011-12-23,0.006040214681496847,1.0101724653185937,0.0,0.0,0.6775448956615079
2011-12-27,0.0005363045732802441,1.0107142254315458,0.0,0.0,0.6777175606408358
2011-12-28,-0.008894045360179015,1.0017248872643794,0.0,0.0,0.6748253988703502
2011-12-29,0.006973721914170561,1.008710638062665,0.0,0.0,0.677077327275734
2011-12-30,-0.003328407197433103,1.0053532383148098,0.0,0.0,0.6759988753949184
2012-01-03,0.010632691333999578,1.0160428489794482,4.27072780425975e-06,0.0085414556085195,0.6709600882444164
2012-01-04,0.001052376851193415,1.0171121089535349,0.0,0.0,0.671305953207278
2012-01-05,0.0017875304645131873,1.0189302278341146,0.0,0.0,0.6718923656078699
2012-01-06,-0.0017315723512653092,1.0171658764237286,0.0,0.0,0.6713231480275209
2012-01-09,0.0016301245973913137,1.018823983538514,0.0,0.0,0.6718576559932609
2012-01-10,0.005825414056381373,1.0247590550931978,0.0,0.0,0.6737581051928135
2012-01-11,0.00036529581205702044,1.0251333952843908,0.0,0.0,0.6738771471850022
2012-01-12,0.0016168790387931509,1.026790911983193,0.0,0.0,0.67440346346867
2012-01-13,-0.003488767332111342,1.0232086773925573,0.0,0.0,0.6732633771256387
2012-01-17,0.002613506522276099,1.0258828399445723,0.0,0.0,0.6741143657114876
2012-01-18,0.007453261097267738,1.0335290126058858,0.0,0.0,0.6765251299312705
2012-01-19,0.003570062007541841,1.0372187752674824,0.0,0.0,0.6776756265246345
2012-01-20,0.0025258350724886025,1.0398386188278967,0.0,0.0,0.6784873614329675
2012-01-23,-0.0017472169779924052,1.0380217951387085,0.0,0.0,0.67792356771794
2012-01-24,-0.0007718864835066785,1.0372205601454556,0.0,0.0,0.677674460361578
2012-01-25,0.005670695290473038,1.0431023218910542,0.0,0.0,0.6794916566470541
2012-01-26,-0.0034851983702893774,1.0394669033787545,0.0,0.0,0.6783704065858419
2012-01-27,-0.0003084473517565023,1.0391462825651687,0.0,0.0,0.6782707737997961
2012-01-30,-0.0023142768507132816,1.0367414103789234,0.0,0.0,0.6775231518252318
2012-01-31,-0.00025726818648386107,1.0364746897964225,0.0,0.0,0.6774397700377501
2012-02-01,0.005910788592782268,1.0426010725695787,1.1992879718505157e-06,0.0023985759437010314,0.6769513761756469
2012-02-02,0.0010734431741465933,1.0437202455742864,0.0,0.0,0.6772972927416239
2012-02-03,0.00949565545054587,1.053631053413019,0.0,0.0,0.6803320864731477
2012-02-06,-0.00045335750596775526,1.0531533818664336,0.0,0.0,0.680185258132993
2012-02-07,0.0017205778648821113,1.0549654142635987,0.0,0.0,0.6807340109834477
2012-02-08,0.0020210323383069717,1.0570975334816208,0.0,0.0,0.6813772585655109
2012-02-09,0.0008574498425009125,1.0580039415952127,0.0,0.0,0.6816495738321201
2012-02-10,-0.005035139903750152,1.0526767437305617,0.0,0.0,0.6800377784260025
2012-02-13,0.005063467864561133,1.0580069385942124,0.0,0.0,0.6816476429344894
2012-02-14,-0.0008552311103553478,1.0571020981453547,0.0,0.0,0.6813743163160664
2012-02-15,-0.0031743504441638093,1.0537464856305805,0.0,0.0,0.6803587032391889
2012-02-16,0.007534663142192866,1.0616861104370765,0.0,0.0,0.6827481700226565
2012-02-17,0.001807397316247572,1.0636049990637777,0.0,0.0,0.6833197119666031
2012-02-21,0.0003031203367049873,1.063927399369215,0.0,0.0,0.6834130748317254
2012-02-22,-0.0022029113592453298,1.0615836616157324,0.0,0.0,0.682713514090344
2012-02-23,0.0030119555855716573,1.0647811044548874,0.0,0.0,0.6836656042939706
2012-02-24,0.0015021161379134007,1.0663805293352344,0.0,0.0,0.6841393275424753
2012-02-27,0.0011512614927735587,1.0676082121753017,0.0,0.0,0.6845002153910262
2012-02-28,0.0019971243329672816,1.0697403585139127,0.0,0.0,0.6851281897536883
2012-02-29,-0.002688636307125125,1.0668642157468151,0.0,0.0,0.6842785105257263
2012-03-01,0.004469660781878382,1.0716327368915282,9.86788897914828e-05,0.1973577795829656,0.8822609796362841
2012-03-02,-0.0026901456204933005,1.0687498887776021,0.0,0.0,0.8819431639093959
2012-03-05,-0.0035960662133940335,1.0649065934120003,0.0,0.0,0.8815165076260351
2012-03-06,-0.012892387248587767,1.0511774052261584,0.0,0.0,0.8799688245967641
2012-03-07,0.006138910519133178,1.0576304892565764,0.0,0.0,0.8807009606849232
2012-03-08,0.008762414364521298,1.066897885847994,0.0,0.0,0.8817369852568638
2012-03-09,0.0034107046625850845,1.070536759441758,0.0,0.0,0.8821387323919573
2012-03-12,6.465750987727503e-05,1.0706059776828556,0.0,0.0,0.882145578117667
2012-03-13,0.015901614416125254,1.087630341131567,0.0,0.0,0.8839900811153409
2012-03-14,-0.0009461626466035211,1.0866012659294757,0.0,0.0,0.8838799585753504
2012-03-15,0.005117125491192143,1.0921615409661252,0.0,0.0,0.8844708812384683
2012-03-16,0.0012252517498458904,1.0934997138053084,0.0,0.0,0.8846120233326652
2012-03-19,0.003468662388183663,1.0972926951340745,0.0,0.0,0.8850101261868492
2012-03-20,-0.0025762279039126534,1.0944658190741106,0.0,0.0,0.8847128841832737
2012-03-21,-0.001448432416285561,1.0928805593032471,0.0,0.0,0.8845453560774346
2012-03-22,-0.006371576786808442,1.0859171869008364,0.0,0.0,0.8838047403755216
2012-03-23,0.002857207445005727,1.089019877571909,0.0,0.0,0.8841355664100872
2012-03-26,0.012410073462157056,1.1025346942543257,0.0,0.0,0.8855551690090318
2012-03-27,-0.0027516143479886512,1.0995009439704602,0.0,0.0,0.8852391721354824
2012-03-28,-0.004389164338238216,1.0946750536373258,0.0,0.0,0.8847329949491248
2012-03-29,-0.0015114338791989423,1.0930205246745444,0.0,0.0,0.8845582757280823
2012-03-30,0.0036585418289381,1.097019385983954,0.0,0.0,0.8849789113578719
2012-04-02,0.007204081188030509,1.1049224027054259,5.3596130152273e-05,0.107192260304546,0.9922803393442002
2012-04-03,-0.004057223311979774,1.1004394857752406,0.0,0.0,0.9922488786327279
2012-04-04,-0.009834231159030593,1.0896175094956022,0.0,0.0,0.9921718791668529
2012-04-05,-0.0004964454030630394,1.0890765738919161,0.0,0.0,0.9921679759919786
2012-04-09,-0.011143359615850223,1.0769406019798404,0.0,0.0,0.9920796567183534
2012-04-10,-0.016651935796386352,1.0590074562191505,0.0,0.0,0.9919455177332348
2012-04-11,0.008029041431262707,1.0675102709611501,0.0,0.0,0.992009653809672
2012-04-12,0.012961604970789464,1.081346917395609,0.0,0.0,0.9921118779368957
2012-04-13,-0.011795199696988168,1.0685922145632052,0.0,0.0,0.9920177068379836
2012-04-16,-0.0006503875022961791,1.0678972155418023,0.0,0.0,0.9920124593910122
2012-04-17,0.014693534870524383,1.0835884005165017,0.0,0.0,0.9921281088959257
2012-04-18,-0.0033525370982633307,1.0799556302045223,0.0,0.0,0.992101613096768
2012-04-19,-0.006370561592809687,1.0730757063448029,0.0,0.0,0.9920509591866704
2012-04-20,0.001656881305609259,1.074853665422149,0.0,0.0,0.9920640938950024
2012-04-23,-0.008341711701626897,1.0658875460237605,0.0,0.0,0.9919972952710343
2012-04-24,0.0037706816978679836,1.0699066686855376,0.0,0.0,0.9920273422884028
2012-04-25,0.013582637947368692,1.0844388236037688,0.0,0.0,0.992134163633564
2012-04-26,0.006914559695545774,1.0919372405857444,0.0,0.0,0.9921881607571769
2012-04-27,0.0016275716648406213,1.093714446698306,0.0,0.0,0.9922008362755614
2012-04-30,-0.0036752999337957837,1.0896947180647643,0.0,0.0,0.9921720116203737
2012-05-01,0.006217051328029299,1.0964694060588553,3.912038170727768e-06,0.007824076341455537,1.0
2012-05-02,-0.0029847447078028555,1.0931967248018535,0.0,0.0,1.0
2012-05-03,-0.007625229644348197,1.08486084872879,0.0,0.0,1.0
2012-05-04,-0.016158237544252052,1.0673314094325714,0.0,0.0,1.0
2012-05-07,0.0007302484325628633,1.0681108265213346,0.0,0.0,1.0
2012-05-08,-0.004011898502978561,1.0638256742953984,0.0,0.0,1.0
2012-05-09,-0.005931655005464109,1.0575154274095229,0.0,0.0,1.0
2012-05-10,0.0020622594391694893,1.0596962985817655,0.0,0.0,1.0
2012-05-11,-0.003014170905198288,1.056502192830234,0.0,0.0,1.0
2012-05-14,-0.01106108805106587,1.0448161290491946,0.0,0.0,1.0
2012-05-15,-0.005741460201005855,1.0388173588268896,0.0,0.0,1.0
2012-05-16,-0.00382453015372497,1.0348443705138433,0.0,0.0,1.0
2012-05-17,-0.014831026723371887,1.0194965660002215,0.0,0.0,1.0
2012-05-18,-0.00855875643818571,1.010770943202259,0.0,0.0,1.0
2012-05-21,0.01718777067188082,1.02814384237582,0.0,0.0,1.0
2012-05-22,0.0017429864440245968,1.0299358831555885,0.0,0.0,1.0
2012-05-23,0.0005298154654067577,1.0304815591148617,0.0,0.0,1.0
2012-05-24,0.00196563714142739,1.0325071119410139,0.0,0.0,1.0
2012-05-25,-0.0032448594215963578,1.0291567715109669,0.0,0.0,1.0
2012-05-29,0.012112176193944446,1.0416220996586987,0.0,0.0,1.0
2012-05-30,-0.014510121654565444,1.026508036274567,0.0,0.0,1.0
2012-05-31,-0.002201323010602274,1.0242483605137478,0.0,0.0,1.0
2012-06-01,-0.025176480569598647,0.9984613915668301,0.0,0.0,1.0
2012-06-04,-0.0004679732033908701,0.9979941383909565,0.0,0.0,1.0
2012-06-05,0.007571952717703612,1.0055509028193983,0.0,0.0,1.0
2012-06-06,0.02246822064708498,1.02814384237582,0.0,0.0,1.0
2012-06-07,0.0006063465710335336,1.028767253869174,0.0,0.0,1.0
2012-06-08,0.007951657650586919,1.036947658874076,0.0,0.0,1.0
2012-06-11,-0.01269711733218637,1.023781412782016,0.0,0.0,1.0
2012-06-12,0.011490612673059175,1.0355452884581715,0.0,0.0,1.0
2012-06-13,-0.006394874072111922,1.0289231067425126,0.0,0.0,1.0
2012-06-14,0.010600653740872046,1.0398303643230724,0.0,0.0,1.0
2012-06-15,0.01022736535683677,1.050465089368137,0.0,0.0,1.0
2012-06-18,0.0019380573295981751,1.052500950934074,0.0,0.0,1.0
2012-06-19,0.009672703475675393,1.0626814805403255,0.0,0.0,1.0
2012-06-20,-0.0016214517673608375,1.0609583937755618,0.0,0.0,1.0
2012-06-21,-0.022438573378851245,1.0371520010049207,0.0,0.0,1.0
2012-06-22,0.007701615679033269,1.0451397471174009,0.0,0.0,1.0
2012-06-25,-0.016034769215931832,1.028381172473976,0.0,0.0,1.0
2012-06-26,0.005025708463168854,1.033549516435842,0.0,0.0,1.0
2012-06-27,0.0090166721364211,1.0428686935623004,0.0,0.0,1.0
2012-06-28,-0.0028534652248846104,1.0398929040110996,0.0,0.0,1.0
2012-06-29,0.024926515127761117,1.0658138102141836,0.0,0.0,1.0
2012-07-02,0.003012560718882007,1.069024639032477,0.0,0.0,1.0
2012-07-03,0.006592898415948678,1.0760726098817643,0.0,0.0,1.0
2012-07-05,-0.004511951434252315,1.0712174225262487,0.0,0.0,1.0
2012-07-06,-0.009503771833059282,1.0610368165589614,0.0,0.0,1.0
2012-07-09,-0.0012549835361677086,1.0597052328229122,0.0,0.0,1.0
2012-07-10,-0.00871954121634444,1.0504650893681369,0.0,0.0,1.0
2012-07-11,0.00014858366834324954,1.0506211713245817,0.0,0.0,1.0
2012-07-12,-0.004844968635260294,1.0455309447019736,0.0,0.0,1.0
2012-07-13,0.01677826149290862,1.063073136291111,0.0,0.0,1.0
2012-07-16,-0.0023572602999496484,1.060567196190989,0.0,0.0,1.0
2012-07-17,0.006866657743443527,1.0678497481411562,0.0,0.0,1.0
2012-07-18,0.007406703969180084,1.0757589951092013,0.0,0.0,1.0
2012-07-19,0.0026204943284260374,1.0785780154546383,0.0,0.0,1.0
2012-07-20,-0.00914786469704143,1.0687113297040558,0.0,0.0,1.0
2012-07-23,-0.010112031676453803,1.0579044868851033,0.0,0.0,1.0
2012-07-24,-0.008586844664094095,1.0488204253867728,0.0,0.0,1.0
2012-07-25,0.00022380744812844355,1.0490551592097235,0.0,0.0,1.0
2012-07-26,0.016497774982630498,1.0663622351707331,0.0,0.0,1.0
2012-07-27,0.01843256263291071,1.0860180238598884,0.0,0.0,1.0
2012-07-30,0.0,1.0860180238598884,0.0,0.0,1.0
2012-07-31,-0.0069945125733108515,1.0784218571371582,0.0,0.0,1.0
2012-08-01,-0.0008713648522036266,1.0774821582350007,0.0,0.0,1.0
2012-08-02,-0.006904711047183376,1.0700424552738925,0.0,0.0,1.0
2012-08-03,0.01983324267901554,1.0912648669661893,0.0,0.0,1.0
2012-08-06,0.0019376020757322365,1.0933793040375968,0.0,0.0,1.0
2012-08-07,0.005013496478344592,1.098860957327884,0.0,0.0,1.0
2012-08-08,0.001211785464912074,1.1001925410639333,0.0,0.0,1.0
2012-08-09,0.0008539140050365379,1.1011320108829845,0.0,0.0,1.0
2012-08-10,0.0016357748991215892,1.1029332149870061,0.0,0.0,1.0
2012-08-13,-0.0004967575750336461,1.102385324557705,0.0,0.0,1.0
2012-08-14,0.00014186273810312677,1.1025417119582916,0.0,0.0,1.0
2012-08-15,0.0011361953682567094,1.1037944147447285,0.0,0.0,1.0
2012-08-16,0.007378929131716339,1.1119392355071143,0.0,0.0,1.0
2012-08-17,0.0013377646214136618,1.1134267484775375,0.0,0.0,1.0
2012-08-20,7.036513400748845e-05,1.1135050948999017,0.0,0.0,1.0
2012-08-21,-0.0030237734440508035,1.1101381077641281,0.0,0.0,1.0
2012-08-22,0.0004229599935836603,1.110607651771065,0.0,0.0,1.0
2012-08-23,-0.00817998033163403,1.1015229030234155,0.0,0.0,1.0
2012-08-24,0.006043592059338465,1.1081800580933072,0.0,0.0,1.0
2012-08-27,0.00021216374217436496,1.1084151737214354,0.0,0.0,1.0
2012-08-28,-0.0009895659488455832,1.1073183238083368,0.0,0.0,1.0
2012-08-29,0.0007782173079253774,1.1081800580933074,0.0,0.0,1.0
2012-08-30,-0.0072077790707737455,1.1001925410639337,0.0,0.0,1.0
2012-08-31,0.004768744984478435,1.105439078726093,0.0,0.0,1.0
2012-09-04,-0.0009205966560519308,1.1044214152067486,0.0,0.0,1.0
2012-09-05,-0.0008511974635683206,1.103481334499414,0.0,0.0,1.0
2012-09-06,0.020296878182124,1.1258785607219963,0.0,0.0,1.0
2012-09-07,0.0038951719834645626,1.130264051348504,0.0,0.0,1.0
2012-09-10,-0.005681622794213692,1.123842317350882,0.0,0.0,1.0
2012-09-11,0.0027870252823105623,1.1269744943026694,0.0,0.0,1.0
2012-09-12,0.00333583991112385,1.130733900799583,0.0,0.0,1.0
2012-09-13,0.015236497360095802,1.1479623248940867,0.0,0.0,1.0
2012-09-14,0.00443380824183448,1.1530521697115175,0.0,0.0,1.0
2012-09-17,-0.0033956275649409395,1.1491368339802301,0.0,0.0,1.0
2012-09-18,-0.0008175439088461411,1.148197364161179,0.0,0.0,1.0
2012-09-19,0.0005452757070660841,1.1488234482907733,0.0,0.0,1.0
2012-09-20,6.839650216705628e-05,1.148902023796244,0.0,0.0,1.0
2012-09-21,-0.00041832666939523033,1.1484214074391679,0.0,0.0,1.0
2012-09-24,-0.0015079760021765587,1.1466896155163637,0.0,0.0,1.0
2012-09-25,-0.010641762812498179,1.1344868166084838,0.0,0.0,1.0
2012-09-26,-0.005621166380749831,1.1281096774555603,0.0,0.0,1.0
2012-09-27,0.009420939084438862,1.1387375300074352,0.0,0.0,1.0
2012-09-28,-0.004631938460948448,1.1334629678452683,0.0,0.0,1.0
2012-10-01,0.0026395439935114062,1.136454793213912,0.0,0.0,1.0
2012-10-02,0.001039330823610518,1.137635945710139,0.0,0.0,1.0
2012-10-03,0.00408266250488909,1.1422805293299039,0.0,0.0,1.0
2012-10-04,0.007168353115811321,1.1504687995214564,0.0,0.0,1.0
2012-10-05,6.816593673142357e-05,1.150547222304856,0.0,0.0,1.0
2012-10-08,-0.0034212056477901376,1.1466109636498574,0.0,0.0,1.0
2012-10-09,-0.009887480765907397,1.135273869800791,0.0,0.0,1.0
2012-10-10,-0.006379821120174212,1.128031025589054,0.0,0.0,1.0
2012-10-11,0.0005581377842829305,1.1286606223262787,0.0,0.0,1.0
2012-10-12,-0.0032786934047188687,1.1249600901876917,0.0,0.0,1.0
2012-10-15,0.008328535427550854,1.1343293601534008,0.0,0.0,1.0
2012-10-16,0.010133142652226201,1.1458236813744438,0.0,0.0,1.0
2012-10-17,0.004534850748183494,1.151019820753211,0.0,0.0,1.0
2012-10-18,-0.0025994149160322166,1.1480278426624964,0.0,0.0,1.0
2012-10-19,-0.016664593616824708,1.128896425203726,0.0,0.0,1.0
2012-10-22,0.0001399517075291179,1.1290544161860567,0.0,0.0,1.0
2012-10-23,-0.013876207751522762,1.1133874225442848,0.0,0.0,1.0
2012-10-24,-0.0028288331663304245,1.1102378352764164,0.0,0.0,1.0
2012-10-25,0.0029076317440892563,1.113465998049755,0.0,0.0,1.0
2012-10-26,-0.0005660558900295598,1.1128357140632112,0.0,0.0,1.0
2012-10-31,0.0,1.1128357140632112,0.0,0.0,1.0
2012-11-01,0.010470828763060158,1.1244880262665848,0.0,0.0,1.0
2012-11-02,-0.008891588584497678,1.1144895413688285,0.0,0.0,1.0
2012-11-05,0.0020485778591481374,1.116772659967529,0.0,0.0,1.0
2012-11-06,0.007825419958369606,1.1255118750298003,0.0,0.0,1.0
2012-11-07,-0.022664231823551484,1.1000030129739649,0.0,0.0,1.0
2012-11-08,-0.01202405338260415,1.0867765180249405,0.0,0.0,1.0
2012-11-09,0.0008695846468562696,1.0877215621995788,0.0,0.0,1.0
2012-11-12,0.0007959586809129782,1.0885873436194278,0.0,0.0,1.0
2012-11-13,-0.0034712197060059458,1.0848086177805474,0.0,0.0,1.0
2012-11-14,-0.013498789376073628,1.0701650147357782,0.0,0.0,1.0
2012-11-15,-0.0016920994141587098,1.0683541891412907,0.0,0.0,1.0
2012-11-16,0.004937162765694669,1.073628827664493,0.0,0.0,1.0
2012-11-19,0.020239327380898287,1.0953583529931648,0.0,0.0,1.0
2012-11-20,0.000430967564009066,1.0958304169142712,0.0,0.0,1.0
2012-11-21,0.0018683475569640784,1.09787780899656,0.0,0.0,1.0
2012-11-23,0.013624380549528192,1.1128357140632112,0.0,0.0,1.0
2012-11-26,-0.0021220248336946135,1.1104742490421469,0.0,0.0,1.0
2012-11-27,-0.005104789986811076,1.104805511215025,0.0,0.0,1.0
2012-11-28,0.008052634663755942,1.1137021063713437,0.0,0.0,1.0
2012-11-29,0.004665645641721117,1.1188982457501109,0.0,0.0,1.0
2012-11-30,0.0002110868289599832,1.119134430432735,0.0,0.0,1.0
2012-12-03,-0.004923978722189082,1.113623836310015,0.0,0.0,1.0
2012-12-04,-0.0014142534531439432,1.1120488899540102,0.0,0.0,1.0
2012-12-05,0.001769341993887119,1.1140164847542613,0.0,0.0,1.0
2012-12-06,0.003392669229727252,1.117795974203496,0.0,0.0,1.0
2012-12-07,0.003028629753052625,1.121181364348811,0.0,0.0,1.0
2012-12-10,0.00042124585658553926,1.121653657353024,0.0,0.0,1.0
2012-12-11,0.006808306343422332,1.1292902190635035,0.0,0.0,1.0
2012-12-12,0.0004879358932297073,1.1298412402952578,0.0,0.0,1.0
2012-12-13,-0.006131301042359705,1.1229138435209345,0.0,0.0,1.0
2012-12-14,-0.003716204844163684,1.1187408656560636,0.0,0.0,1.0
2012-12-17,0.011752426184810538,1.1318887850996175,0.0,0.0,1.0
2012-12-18,0.011128690566960753,1.1444852251452042,0.0,0.0,1.0
2012-12-19,-0.007429300744731693,1.1359825002096986,0.0,0.0,1.0
2012-12-20,0.0057520373787649515,1.1425167140125276,0.0,0.0,1.0
2012-12-21,-0.009077038836554197,1.1321460454280237,0.0,0.0,1.0
2012-12-24,-0.0030816336482639706,1.1286571860796837,0.0,0.0,1.0
2012-12-26,-0.004214866874264089,1.1239000462936763,0.0,0.0,1.0
2012-12-27,-0.0013401058822249956,1.1223939012306052,0.0,0.0,1.0
2012-12-28,-0.010808370042254545,1.110262652612935,0.0,0.0,1.0
2012-12-31,0.016996833967587444,1.1291336025798104,0.0,0.0,1.0
2013-01-02,0.025630196492447244,1.1580735186801558,0.0,0.0,1.0
2013-01-03,-0.002259694779656707,1.1554566259955357,0.0,0.0,1.0
2013-01-04,0.004391106100223308,1.1605303586344882,0.0,0.0,1.0
2013-01-07,-0.0027322125717177403,1.1573595429987669,0.0,0.0,1.0
2013-01-08,-0.0028770655857601746,1.154029743687254,0.0,0.0,1.0
2013-01-09,0.0025420158489397604,1.1569633055858548,0.0,0.0,1.0
2013-01-10,0.007949587709931816,1.1661606868607821,0.0,0.0,1.0
2013-01-11,-6.803446276215652e-05,1.1660813477449572,0.0,0.0,1.0
2013-01-14,-0.0006799980066314326,1.1652884147529206,0.0,0.0,1.0
2013-01-15,0.0006804607185635358,1.1660813477449572,0.0,0.0,1.0
2013-01-16,-0.00013601269836027718,1.1659227458743429,0.0,0.0,1.0
2013-01-17,0.006460597845663996,1.1734553038545492,0.0,0.0,1.0
2013-01-18,0.0022294237076370127,1.1760714329288149,0.0,0.0,1.0
2013-01-22,0.005393514640819719,1.1824145914209663,0.0,0.0,1.0
2013-01-23,0.0016092192154646412,1.1843173557021267,0.0,0.0,1.0
2013-01-24,0.0002677078214141648,1.1846344067212846,0.0,0.0,1.0
2013-01-25,0.00562216450368247,1.191294616232594,0.0,0.0,1.0
2013-01-28,-0.0011982064017411753,1.1898671993970642,0.0,0.0,1.0
2013-01-29,0.003932069598979515,1.1945458400386364,0.0,0.0,1.0
2013-01-30,-0.003916668983938609,1.1898671993970642,0.0,0.0,1.0
2013-01-31,-0.002465132323094421,1.1869340193036406,0.0,0.0,1.0
2013-02-01,0.01028705303552635,1.1991440725098876,0.0,0.0,1.0
2013-02-04,-0.011240471300488108,1.1856651279776897,0.0,0.0,1.0
2013-02-05,0.010097509540740957,1.1976373929195683,0.0,0.0,1.0
2013-02-06,0.0007287099411172893,1.1985101231936426,0.0,0.0,1.0
2013-02-07,-0.0013231341082143855,1.1969243335706048,0.0,0.0,1.0
2013-02-08,0.0055640537653953714,1.2035840849157016,0.0,0.0,1.0
2013-02-11,-0.00019756680679705596,1.203346296651333,0.0,0.0,1.0
2013-02-12,0.0016472865081085253,1.2053285527703892,0.0,0.0,1.0
2013-02-13,0.0008552005302382426,1.2063593503878298,0.0,0.0,1.0
2013-02-14,0.0009198573929867226,1.2074690289548826,0.0,0.0,1.0
2013-02-15,-0.0011816501401126223,1.2060422230076364,0.0,0.0,1.0
2013-02-19,0.00749438962316451,1.2150807733288431,0.0,0.0,1.0
2013-02-20,-0.012463177888520804,1.1999370055019243,0.0,0.0,1.0
2013-02-21,-0.006079166623181087,1.1926423885081572,0.0,0.0,1.0
2013-02-22,0.009772469361271519,1.2042974497088068,0.0,0.0,1.0
2013-02-25,-0.019026638536731033,1.1813837174424904,0.0,0.0,1.0
2013-02-26,0.006845505030435017,1.1894708856231169,0.0,0.0,1.0
2013-02-27,0.012598306406234494,1.204456204301492,0.0,0.0,1.0
2013-02-28,-0.0019744911266454945,1.2020780162136655,0.0,0.0,1.0
2013-03-01,0.00329779493552107,1.2060422230076362,0.0,0.0,1.0
2013-03-04,0.00532545757400249,1.212464949698719,0.0,0.0,1.0
2013-03-05,0.008958400328302085,1.2233266961021547,0.0,0.0,1.0
2013-03-06,0.001361148043419913,1.2249918248410174,0.0,0.0,1.0
2013-03-07,0.0018123555597999719,1.2272119455854775,0.0,0.0,1.0
2013-03-08,0.004264465957073416,1.2324453491495406,0.0,0.0,1.0
2013-03-11,0.003795234302464534,1.2371227680145458,0.0,0.0,1.0
2013-03-12,-0.002243260881494069,1.234347578903453,0.0,0.0,1.0
2013-03-13,0.0014131474492511398,1.2360918940360697,0.0,0.0,1.0
2013-03-14,0.0053244271850034774,1.2426733753198378,0.0,0.0,1.0
2013-03-15,-0.0013204775472116514,1.2410324530292103,0.0,0.0,1.0
2013-03-18,-0.005519201775467608,1.2341829445110386,0.0,0.0,1.0
2013-03-19,-0.002322046073403472,1.2313171148508752,0.0,0.0,1.0
2013-03-20,0.006984832191623713,1.2399176582727829,0.0,0.0,1.0
2013-03-21,-0.008542719138393218,1.2293253899634242,0.0,0.0,1.0
2013-03-22,0.008033241117676893,1.2392008572330826,0.0,0.0,1.0
2013-03-25,-0.004177855278067799,1.2340236553911053,0.0,0.0,1.0
2013-03-26,0.008002965771110482,1.2438995044659409,0.0,0.0,1.0
2013-03-27,0.0,1.2438995044659409,0.0,0.0,1.0
2013-03-28,0.0030731661051159875,1.247722214261236,0.0,0.0,1.0
2013-04-01,-0.003957642993392296,1.2427841751822652,0.0,0.0,1.0
2013-04-02,0.004934652050563759,1.2489168826607366,0.0,0.0,1.0
2013-04-03,-0.010139023630146848,1.23625408487535,0.0,0.0,1.0
2013-04-04,0.004058286085388385,1.2412711576260043,0.0,0.0,1.0
2013-04-05,-0.004491028923190865,1.2356965729555833,0.0,0.0,1.0
2013-04-08,0.006766964778536888,1.2440584881417325,0.0,0.0,1.0
2013-04-09,0.003456770299801848,1.2483589125747572,0.0,0.0,1.0
2013-04-10,0.012249119378541229,1.2636502099221514,0.0,0.0,1.0
2013-04-11,0.003276758959375181,1.2677908870690302,0.0,0.0,1.0
2013-04-12,-0.0024495577165706273,1.2646853601186123,0.0,0.0,1.0
2013-04-15,-0.023173581323904346,1.2353780710767523,0.0,0.0,1.0
2013-04-16,0.014762715645407765,1.2536156062546309,0.0,0.0,1.0
2013-04-17,-0.014611845778455756,1.235297968350573,0.0,0.0,1.0
2013-04-18,-0.006253665681898446,1.2275728278389801,0.0,0.0,1.0
2013-04-19,0.008693382506715253,1.2382445879862345,0.0,0.0,1.0
2013-04-22,0.004438055558638965,1.2437399862629015,0.0,0.0,1.0
2013-04-23,0.010309114416060305,1.256561844085115,0.0,0.0,1.0
2013-04-24,0.000634133058070363,1.2573586714899592,0.0,0.0,1.0
2013-04-25,0.004053936202490727,1.2624559233278279,0.0,0.0,1.0
2013-04-26,-0.001766678013859102,1.2602255702046183,0.0,0.0,1.0
2013-04-29,0.0066985120019273925,1.2686672063117697,0.0,0.0,1.0
2013-04-30,0.002385629284585189,1.2716937759515399,0.0,0.0,1.0
2013-05-01,-0.008767421053579527,1.2605443011665562,0.0,0.0,1.0
2013-05-02,0.009287005026142436,1.2722509824271653,0.0,0.0,1.0
2013-05-03,0.010141229843568134,1.2851531720586644,0.0,0.0,1.0
2013-05-06,0.002540469496065345,1.2884180644900511,0.0,0.0,1.0
2013-05-07,0.0050685378690662475,1.294948460241108,0.0,0.0,1.0
2013-05-08,0.0045512988497151685,1.300842157678644,0.0,0.0,1.0
2013-05-09,-0.002816250238180218,1.2971786606422466,0.0,0.0,1.0
2013-05-10,0.003254168579354122,1.3013998986815174,0.0,0.0,1.0
2013-05-13,0.0007952954932903822,1.3024348961559074,0.0,0.0,1.0
2013-05-14,0.010334026020685894,1.315894292263032,0.0,0.0,1.0
2013-05-15,0.005386322709553637,1.3229821235728203,0.0,0.0,1.0
2013-05-16,-0.004695199336741007,1.316770458783701,0.0,0.0,1.0
2013-05-17,0.009676867503556341,1.329512672045948,0.0,0.0,1.0
2013-05-20,-5.973277166149149e-05,1.3294332565690876,0.0,0.0,1.0
2013-05-21,0.0014374631171181207,1.331344267842076,0.0,0.0,1.0
2013-05-22,-0.007417666120022592,1.3214688005724176,0.0,0.0,1.0
2013-05-23,-0.00289260004514158,1.3176463198602286,0.0,0.0,1.0
2013-05-24,-0.0008461080190177439,1.3165314487427657,0.0,0.0,1.0
2013-05-28,0.005988673431982505,1.3244157256522209,0.0,0.0,1.0
2013-05-29,-0.006494877517638664,1.3158138077316752,0.0,0.0,1.0
2013-05-30,0.0036927758158002977,1.320672813138963,0.0,0.0,1.0
2013-05-31,-0.01435203029017329,1.301718476921384,0.0,0.0,1.0
2013-06-03,0.005505753716776862,1.3088854182638912,0.0,0.0,1.0
2013-06-04,-0.004806090748654568,1.3025947961641242,0.0,0.0,1.0
2013-06-05,-0.014001455004200136,1.284356573736927,0.0,0.0,1.0
2013-06-06,0.009053048337622771,1.2959839158817108,0.0,0.0,1.0
2013-06-07,0.012720751533897845,1.31246980526757,0.0,0.0,1.0
2013-06-10,0.0,1.31246980526757,0.0,0.0,1.0
2013-06-11,-0.01031575505492599,1.2989306882394434,0.0,0.0,1.0
2013-06-12,-0.008276825699310986,1.2881796653373994,0.0,0.0,1.0
2013-06-13,0.015208190546850187,1.3077705471464283,0.0,0.0,1.0
2013-06-14,-0.006272279525754487,1.299567844719177,0.0,0.0,1.0
2013-06-17,0.007721492731831425,1.309602448386698,0.0,0.0,1.0
2013-06-18,0.007905708058359773,1.3199557830161563,0.0,0.0,1.0
2013-06-19,-0.013816603805544947,1.3017184769213843,0.0,0.0,1.0
2013-06-20,-0.024778238194007707,1.2694641864386853,0.0,0.0,1.0
2013-06-21,0.0032102615765572384,1.273539498539225,0.0,0.0,1.0
2013-06-24,-0.012636385063777067,1.2574465630417537,0.0,0.0,1.0
2013-06-25,0.009613944099403415,1.269535584006824,0.0,0.0,1.0
2013-06-26,0.009901273572538338,1.2821056031341478,0.0,0.0,1.0
2013-06-27,0.0058694286199267864,1.2896308304549517,0.0,0.0,1.0
2013-06-28,-0.004096728455494025,1.2843475631347445,0.0,0.0,1.0
2013-07-01,0.005859539662806279,1.2918732486217612,0.0,0.0,1.0
2013-07-02,-0.0009300173472410744,1.2906717840901063,0.0,0.0,1.0
2013-07-03,0.00043449887973356915,1.291232579534397,0.0,0.0,1.0
2013-07-05,0.010788799292046125,1.3051634286743448,0.0,0.0,1.0
2013-07-08,0.005704537465697435,1.3126087823520758,0.0,0.0,1.0
2013-07-09,0.007197529190767993,1.3220563223791133,0.0,0.0,1.0
2013-07-10,0.00036376801281234883,1.3225372441803311,0.0,0.0,1.0
2013-07-11,0.01361988460425878,1.3405500488309017,0.0,0.0,1.0
2013-07-12,0.0004183323440851705,1.3411108442751927,0.0,0.0,1.0
2013-07-15,0.003820810892864124,1.3462349751975375,0.0,0.0,1.0
2013-07-16,-0.0037464829572179115,1.3411913288065493,0.0,0.0,1.0
2013-07-17,0.002566640123462971,1.3446336842843047,0.0,0.0,1.0
2013-07-18,0.005478025938931541,1.3519996224851754,0.0,0.0,1.0
2013-07-19,0.001776298250925068,1.3544011770498472,0.0,0.0,1.0
2013-07-22,0.0019506326109373084,1.3570431161540926,0.0,0.0,1.0
2013-07-23,-0.0021236358987424264,1.3541612506764864,0.0,0.0,1.0
2013-07-24,-0.0036654571406209424,1.3491976306506421,0.0,0.0,1.0
2013-07-25,0.0024323285074265844,1.3524793225098262,0.0,0.0,1.0
2013-07-26,0.0010659655383729039,1.3539210188589836,0.0,0.0,1.0
2013-07-29,-0.003074923569650112,1.3497578152066494,0.0,0.0,1.0
2013-07-30,0.0,1.3497578152066494,0.0,0.0,1.0
2013-07-31,0.0007118125467513448,1.3507185897545892,0.0,0.0,1.0
2013-08-01,0.011558076101512604,1.3663302980067005,0.0,0.0,1.0
2013-08-02,0.0016990973580215396,1.3686518262062284,0.0,0.0,1.0
2013-08-05,-0.0014621083729945417,1.366650708911418,0.0,0.0,1.0
2013-08-06,-0.005682556615198342,1.358884638884828,0.0,0.0,1.0
2013-08-07,-0.0032407025496973274,1.3544808979708494,0.0,0.0,1.0
2013-08-08,0.0036649303799658473,1.3594449761629062,0.0,0.0,1.0
2013-08-09,-0.0028853787666275332,1.3555224624942872,0.0,0.0,1.0
2013-08-12,-0.0011814216876618877,1.3539210188589836,0.0,0.0,1.0
2013-08-13,0.0029567093399731625,1.35792416978103,0.0,0.0,1.0
2013-08-14,-0.005129746218652476,1.350958363405879,0.0,0.0,1.0
2013-08-15,-0.013985861411810352,1.3320640469621583,0.0,0.0,1.0
2013-08-16,-0.0033056088840532905,1.3276607642143923,0.0,0.0,1.0
2013-08-19,-0.006392269552471075,1.3191739987352942,0.0,0.0,1.0
2013-08-20,0.00491563594795541,1.3256585778650856,0.0,0.0,1.0
2013-08-21,-0.006159763775109739,1.3174928341789887,0.0,0.0,1.0
2013-08-22,0.009115035989861742,1.329501828778915,0.0,0.0,1.0
2013-08-23,0.0033722870762040724,1.3339852906138958,0.0,0.0,1.0
2013-08-26,-0.003721010106213951,1.3290215178659808,0.0,0.0,1.0
2013-08-27,-0.01608416608032237,1.3076453150483023,0.0,0.0,1.0
2013-08-28,0.0035512840951361646,1.3122891350577126,0.0,0.0,1.0
2013-08-29,0.0015857716735512284,1.3143701259955962,0.0,0.0,1.0
2013-08-30,-0.0031674515191683073,1.310206922343262,0.0,0.0,1.0
2013-09-03,0.004521957499147966,1.3161316223611876,0.0,0.0,1.0
2013-09-04,0.008272971987585809,1.3270199424049576,0.0,0.0,1.0
2013-09-05,0.0012672173708789813,1.328701565127476,0.0,0.0,1.0
2013-09-06,0.0004818319914374758,1.3293417760486275,0.0,0.0,1.0
2013-09-09,0.009575819822800646,1.342071313378991,0.0,0.0,1.0
2013-09-10,0.007397750780610668,1.3519996224851756,0.0,0.0,1.0
2013-09-11,0.0031378068562288863,1.3562419361702285,0.0,0.0,1.0
2013-09-12,-0.00265583148977222,1.352639986128398,0.0,0.0,1.0
2013-09-13,0.002249213689752505,1.3556823625025045,0.0,0.0,1.0
2013-09-16,0.00578756249159329,1.3635284588942387,0.0,0.0,1.0
2013-09-17,0.0044621691188864165,1.3696127534762392,0.0,0.0,1.0
2013-09-18,0.011574253725018968,1.385464998989995,0.0,0.0,1.0
2013-09-19,-0.0016758515338620716,1.3831431653463253,0.0,0.0,1.0
2013-09-20,-0.0069911422638266885,1.3734734147061496,0.0,0.0,1.0
2013-09-23,-0.0046280075349536265,1.367116969393831,0.0,0.0,1.0
2013-09-24,-0.002353416671265429,1.3638995735264896,0.0,0.0,1.0
2013-09-25,-0.0028903996249299846,1.3599573587107265,0.0,0.0,1.0
2013-09-26,0.003844898687065612,1.3651862569736986,0.0,0.0,1.0
2013-09-27,-0.004596363092883471,1.3589113652472329,0.0,0.0,1.0
2013-09-30,-0.005327976586033345,1.351671117310701,0.0,0.0,1.0
2013-10-01,0.007915911015036414,1.3623708255969273,0.0,0.0,1.0
2013-10-02,-0.0009450048645891496,1.361083378539364,0.0,0.0,1.0
2013-10-03,-0.009220661345920922,1.3485332896422906,0.0,0.0,1.0
2013-10-04,0.007576458527723151,1.3587503961845195,0.0,0.0,1.0
2013-10-07,-0.008644825384350852,1.3470042362685868,0.0,0.0,1.0
2013-10-08,-0.011646183417156286,1.3313167778693162,0.0,0.0,1.0
2013-10-09,0.0007248844016440881,1.3322818286352407,0.0,0.0,1.0
2013-10-10,0.021557570861749253,1.3610025885638657,0.0,0.0,1.0
2013-10-11,0.006443826774675365,1.369772653484456,0.0,0.0,1.0
2013-10-14,0.003993397297708645,1.3752426998973561,0.0,0.0,1.0
2013-10-15,-0.007253962077417686,1.3652667415050552,0.0,0.0,1.0
2013-10-16,0.013965913948027042,1.384333939333018,0.0,0.0,1.0
2013-10-17,0.006683067825779876,1.3935855369431096,0.0,0.0,1.0
2013-10-18,0.006754317654245279,1.4029982563379853,0.0,0.0,1.0
2013-10-21,5.758380321108092e-05,1.4030790463134837,0.0,0.0,1.0
2013-10-22,0.005791138482705183,1.411204471372867,0.0,0.0,1.0
2013-10-23,-0.00478834987095722,1.4044471306244746,0.0,0.0,1.0
2013-10-24,0.003322278644703358,1.409113095334163,0.0,0.0,1.0
2013-10-25,0.004568180217088491,1.415550177899909,0.0,0.0,1.0
2013-10-28,0.0015904973233318298,1.4178016066689005,0.0,0.0,1.0
2013-10-29,0.005334279236769657,1.4253645563412132,0.0,0.0,1.0
2013-10-30,-0.004966965825363601,1.4182848193011819,0.0,0.0,1.0
2013-10-31,-0.0028362050910414327,1.4142622726761331,0.0,0.0,1.0
2013-11-01,0.0023892144219785916,1.4176412484944712,0.0,0.0,1.0
2013-11-04,0.003518236645745132,1.4226288458854444,0.0,0.0,1.0
2013-11-05,-0.0031667770424284036,1.418123697516398,0.0,0.0,1.0
2013-11-06,0.005105943041144201,1.4253645563412136,0.0,0.0,1.0
2013-11-07,-0.012643867575293122,1.407342435644319,0.0,0.0,1.0
2013-11-08,0.013491616328755951,1.426329759829209,0.0,0.0,1.0
2013-11-11,0.0001693902230361921,1.4265713661453496,0.0,0.0,1.0
2013-11-12,-0.002030518477536214,1.4236746866268675,0.0,0.0,1.0
2013-11-13,0.00802478267263984,1.4350993665835867,0.0,0.0,1.0
2013-11-14,0.004988930278847947,1.4422589772666912,0.0,0.0,1.0
2013-11-15,0.00435116211004094,1.4485344798814404,0.0,0.0,1.0
2013-11-18,-0.003498975990468778,1.443466092514969,0.0,0.0,1.0
2013-11-19,-0.0021739204036401727,1.440328112124488,0.0,0.0,1.0
2013-11-20,-0.003127862555151628,1.4358229637554416,0.0,0.0,1.0
2013-11-21,0.008068570028193278,1.4474080018865905,0.0,0.0,1.0
2013-11-22,0.005002638382113123,1.454648860711406,0.0,0.0,1.0
2013-11-25,-0.000995610306598227,1.4532005973132005,0.0,0.0,1.0
2013-11-26,0.0002768165217215124,1.4536028672479124,0.0,0.0,1.0
2013-11-27,0.0024349750503311895,1.457142353962751,0.0,0.0,1.0
2013-11-29,-0.0006623947793229501,1.4561771504747558,0.0,0.0,1.0
2013-12-02,-0.0025965886291694495,1.4523960574437766,0.0,0.0,1.0
2013-12-03,-0.004320582625135905,1.4461208602731692,0.0,0.0,1.0
2013-12-04,-0.00011120532526709415,1.445960043932527,0.0,0.0,1.0
2013-12-05,-0.004395475330479237,1.439604362230563,0.0,0.0,1.0
2013-12-06,0.011177447953608866,1.4556954650631835,0.0,0.0,1.0
2013-12-09,0.0025419486041471373,1.4593957681186642,0.0,0.0,1.0
2013-12-10,-0.0035834432218946333,1.4541661062453377,0.0,0.0,1.0
2013-12-11,-0.011230826589929244,1.4378346188731437,0.0,0.0,1.0
2013-12-12,-0.0033012155228506757,1.4330880169100275,0.0,0.0,1.0
2013-12-13,-0.00011253635851526944,1.4329267424031726,0.0,0.0,1.0
2013-12-16,0.006231869322056216,1.441856554609909,0.0,0.0,1.0
2013-12-17,-0.0031805787683126807,1.4372706162653641,0.0,0.0,1.0
2013-12-18,0.017072961584083224,1.4618090822827943,0.0,0.0,1.0
2013-12-19,-0.0011556991734483768,1.4601196707346606,0.0,0.0,1.0
2013-12-20,0.005816665068097526,1.468612697818665,0.0,0.0,1.0
2013-12-23,0.005342834478825553,1.4764592523766116,0.0,0.0,1.0
2013-12-24,0.002191438597826778,1.479694822170388,0.0,0.0,1.0
2013-12-26,0.005083803910656437,1.487217300493916,0.0,0.0,1.0
2013-12-27,-5.452829227658995e-05,1.4871362050742758,0.0,0.0,1.0
2013-12-30,-0.00016277223399396856,1.4868941405919225,0.0,0.0,1.0
2013-12-31,0.004732769731309094,1.4939312681741768,0.0,0.0,1.0
2014-01-02,-0.009583801964950789,1.4796137267507476,0.0,0.0,1.0
2014-01-03,-0.00016380621652334337,1.4793713568242526,0.0,0.0,1.0
2014-01-06,-0.002897790679788348,1.4750844482945014,0.0,0.0,1.0
2014-01-07,0.0061414570611537656,1.4841436160952777,0.0,0.0,1.0
2014-01-08,0.00021784456743811909,1.484466928719342,0.0,0.0,1.0
2014-01-09,0.0006541115250890961,1.4854379356460308,0.0,0.0,1.0
2014-01-10,0.0027229976765330566,1.489482779693429,0.0,0.0,1.0
2014-01-13,-0.013305173498174616,1.4696649528870644,0.0,0.0,1.0
2014-01-14,0.010897281488546184,1.4856803055725258,0.0,0.0,1.0
2014-01-15,0.005390111019736743,1.4936882873593982,0.0,0.0,1.0
2014-01-16,-0.0012998399355448331,1.4917467316722328,0.0,0.0,1.0
2014-01-17,-0.004229133466329249,1.4854379356460305,0.0,0.0,1.0
2014-01-21,0.0029405496147449917,1.4898059395954222,0.0,0.0,1.0
2014-01-22,0.0006516648771595079,1.4907767938000402,0.0,0.0,1.0
2014-01-23,-0.00819352117648231,1.4785620825706312,0.0,0.0,1.0
2014-01-24,-0.021336190223078533,1.447015200720273,0.0,0.0,1.0
2014-01-27,-0.00491892886276446,1.439897435884591,0.0,0.0,1.0
2014-01-28,0.005955100119099832,1.448472169276519,0.0,0.0,1.0
2014-01-29,-0.009605069057323501,1.4345594940630069,0.0,0.0,1.0
2014-01-30,0.010600037111680782,1.4497658779389888,0.0,0.0,1.0
2014-01-31,-0.005858521972038289,1.4412723926887718,0.0,0.0,1.0
2014-02-03,-0.022505346911337543,1.4088360574975776,0.0,0.0,1.0
2014-02-04,0.007004568970115033,1.4187043468299043,0.0,0.0,1.0
2014-02-05,-0.00125357233128498,1.4169258983144446,0.0,0.0,1.0
2014-02-06,0.013186521340657231,1.4356102219106979,0.0,0.0,1.0
2014-02-07,0.01239586734210274,1.4534058557764695,0.0,0.0,1.0
2014-02-10,0.0018367765538205294,1.4560754375755451,0.0,0.0,1.0
2014-02-11,0.010943920340267255,1.4720106111737916,0.0,0.0,1.0
2014-02-12,0.0004941643885616465,1.4727380263974186,0.0,0.0,1.0
2014-02-13,0.005163193842411706,1.4803420583067992,0.0,0.0,1.0
2014-02-14,0.005518698662938304,1.4885116200446682,0.0,0.0,1.0
2014-02-18,0.001195501295382817,1.490291137614624,0.0,0.0,1.0
2014-02-19,-0.006621924084084907,1.4804225428381554,0.0,0.0,1.0
2014-02-20,0.005901229608525238,1.4891588561810802,0.0,0.0,1.0
2014-02-21,-0.0011405244935864811,1.4874604340307644,0.0,0.0,1.0
2014-02-24,0.005546294448181666,1.495710327577919,0.0,0.0,1.0
2014-02-25,-0.00037850959930785244,1.495144186861147,0.0,0.0,1.0
2014-02-26,5.42391966960043e-05,1.495225282280787,0.0,0.0,1.0
2014-02-27,0.005247434272757756,1.5030713786725212,0.0,0.0,1.0
2014-02-28,0.002529396332446421,1.5068732419051407,0.0,0.0,1.0
2014-03-03,-0.007032292641318771,1.496276468294691,0.0,0.0,1.0
2014-03-04,0.014055693653671986,1.5173076719542393,0.0,0.0,1.0
2014-03-05,0.000906181936330519,1.5186826287584199,0.0,0.0,1.0
2014-03-06,0.0022905052989241614,1.5221611793669751,0.0,0.0,1.0
2014-03-07,0.00042460667946842,1.522807499170962,0.0,0.0,1.0
2014-03-10,-0.0005305330814454612,1.5219995994159785,0.0,0.0,1.0
2014-03-11,-0.004942797943328858,1.5144766629262378,0.0,0.0,1.0
2014-03-12,0.0002674316098112417,1.5148816818582258,0.0,0.0,1.0
2014-03-13,-0.011213800782038486,1.4978941004695083,0.0,0.0,1.0
2014-03-14,-0.0028078173942956974,1.493688287359397,0.0,0.0,1.0
2014-03-17,0.009043871770529677,1.5071970126954175,0.0,0.0,1.0
2014-03-18,0.007137987582795491,1.517955366256864,0.0,0.0,1.0
2014-03-19,-0.005329030160175607,1.5098661363282806,0.0,0.0,1.0
2014-03-20,0.005839254366999391,1.51868262875842,0.0,0.0,1.0
2014-03-21,-0.0038781813607151605,1.5127929020947273,0.0,0.0,1.0
2014-03-24,-0.0041356700888968145,1.5065364897388387,0.0,0.0,1.0
2014-03-25,0.004745978103642301,1.5136864789314775,0.0,0.0,1.0
2014-03-26,-0.007192338503820839,1.5027995333863455,0.0,0.0,1.0
2014-03-27,-0.002108618068079382,1.4996307031375458,0.0,0.0,1.0
2014-03-28,0.00493006407250185,1.5070239785891049,0.0,0.0,1.0
2014-03-31,0.008194569078782354,1.5193733906850346,0.0,0.0,1.0
2014-04-01,0.0066306703735805606,1.5294478548130566,0.0,0.0,1.0
2014-04-02,0.00334641991583684,1.5345660295746368,0.0,0.0,1.0
2014-04-03,-0.0013235343292899993,1.5325349787539326,0.0,0.0,1.0
2014-04-04,-0.011821963114948875,1.5144174067627347,0.0,0.0,1.0
2014-04-07,-0.011051650406013858,1.497680595014411,0.0,0.0,1.0
2014-04-08,0.004123151648444789,1.5038557592285884,0.0,0.0,1.0
2014-04-09,0.010750979231259006,1.5200236812628642,0.0,0.0,1.0
2014-04-10,-0.021005990731321367,1.4880940779028675,0.0,0.0,1.0
2014-04-11,-0.009008595717997281,1.4746884399646947,0.0,0.0,1.0
2014-04-14,0.00787829197246448,1.4863064660631546,0.0,0.0,1.0
2014-04-15,0.006887516568880203,1.4965434264745985,0.0,0.0,1.0
2014-04-16,0.010477562804044771,1.5122235542144664,0.0,0.0,1.0
2014-04-17,0.0013969175910524267,1.5143360058989523,0.0,0.0,1.0
2014-04-21,0.003487220634325716,1.5196168296660255,0.0,0.0,1.0
2014-04-22,0.004544627244588151,1.5265229217114604,0.0,0.0,1.0
2014-04-23,-0.002342070091824966,1.5229476980320347,0.0,0.0,1.0
2014-04-24,0.0020276732269215447,1.526035738305336,0.0,0.0,1.0
2014-04-25,-0.008199061651935735,1.5135236772039133,0.0,0.0,1.0
2014-04-28,0.003167407208288342,1.518317623009004,0.0,0.0,1.0
2014-04-29,0.0046549364173384955,1.5253852950054354,0.0,0.0,1.0
2014-04-30,0.0029826845903406785,1.5299350382191803,0.0,0.0,1.0
2014-05-01,0.0001065106985354003,1.5300979926688147,0.0,0.0,1.0
2014-05-02,-0.0014337987232054816,1.5279041401205469,0.0,0.0,1.0
2014-05-05,0.001914243376089253,1.530828920500072,0.0,0.0,1.0
2014-05-06,-0.00870403584491286,1.5175045307036101,0.0,0.0,1.0
2014-05-07,0.00588946880050889,1.52644182629182,0.0,0.0,1.0
2014-05-08,-0.0010646429679135316,1.5248167107355293,0.0,0.0,1.0
2014-05-09,0.001492148791412573,1.527091964147579,0.0,0.0,1.0
2014-05-12,0.009735820729687594,1.5419594577482665,0.0,0.0,1.0
2014-05-13,0.0008963495989255943,1.5433415924897786,0.0,0.0,1.0
2014-05-14,-0.0047382840945827676,1.5360288015695762,0.0,0.0,1.0
2014-05-15,-0.008780260724298716,1.5225420682117632,0.0,0.0,1.0
2014-05-16,0.003468124599711242,1.5278224338126236,0.0,0.0,1.0
2014-05-19,0.003669754116877977,1.533429166478966,0.0,0.0,1.0
2014-05-20,-0.006304969039859221,1.5237609430594992,0.0,0.0,1.0
2014-05-21,0.008424284373820479,1.5365975385615533,0.0,0.0,1.0
2014-05-22,0.002432365760702382,1.54033510580233,0.0,0.0,1.0
2014-05-23,0.004008082197362928,1.5465088955178694,0.0,0.0,1.0
2014-05-27,0.006147065027528376,1.556015386264269,0.0,0.0,1.0
2014-05-28,-0.0007307227343497091,1.5548783704465277,0.0,0.0,1.0
2014-05-29,0.0051724283569414276,1.5629208674214201,0.0,0.0,1.0
2014-05-30,0.001611431342090519,1.5654394070923903,0.0,0.0,1.0
2014-06-02,0.0011421184849149668,1.567227324376245,0.0,0.0,1.0
2014-06-03,-0.0005182247401738227,1.5664151484032767,0.0,0.0,1.0
2014-06-04,0.002022494893307636,1.569583215041722,0.0,0.0,1.0
2014-06-05,0.006522088356539779,1.5798201754531658,0.0,0.0,1.0
2014-06-06,0.004782871681554113,1.5873762526322885,0.0,0.0,1.0
2014-06-09,0.001023678432586772,1.5890012154665085,0.0,0.0,1.0
2014-06-10,0.00010197482269491687,1.5891632535837177,0.0,0.0,1.0
2014-06-11,-0.00347640066541155,1.5836386853915116,0.0,0.0,1.0
2014-06-12,-0.00708014800447776,1.5724262891133232,0.0,0.0,1.0
2014-06-13,0.0030490484701872766,1.5772206930846264,0.0,0.0,1.0
2014-06-16,0.0008237316836623432,1.578519899741648,0.0,0.0,1.0
2014-06-17,0.002779535674642286,1.5829074521161128,0.0,0.0,1.0
2014-06-18,0.0073397713839802314,1.5945256309366438,0.0,0.0,1.0
2014-06-19,0.001121188977522669,1.5963133954984274,0.0,0.0,1.0
2014-06-20,0.002030154199874401,1.5995541578426142,0.0,0.0,1.0
2014-06-23,-0.00030619762321137944,1.599064378161285,0.0,0.0,1.0
2014-06-24,-0.006024399591955332,1.58943097537398,0.0,0.0,1.0
2014-06-25,0.004520173881076062,1.5966154797546386,0.0,0.0,1.0
2014-06-26,-0.0007162544026976247,1.5954718968878492,0.0,0.0,1.0
2014-06-27,0.0019443092102555681,1.5985739875916722,0.0,0.0,1.0
2014-06-30,-0.0005105467455034374,1.597757840844861,0.0,0.0,1.0
2014-07-01,0.006693261030106923,1.6084520511365357,0.0,0.0,1.0
2014-07-02,0.0010152973492887352,1.6100851082405125,0.0,0.0,1.0
2014-07-03,0.00491777015177397,1.6180031367276335,0.0,0.0,1.0
2014-07-07,-0.0034812635961787297,1.6123704413092406,0.0,0.0,1.0
2014-07-08,-0.006429902703724788,1.6020030562492604,0.0,0.0,1.0
2014-07-09,0.00448441479959838,1.6091871024637066,0.0,0.0,1.0
2014-07-10,-0.00395721507951774,1.6028192029960717,0.0,0.0,1.0
2014-07-11,0.0013748442473644484,1.605022829756876,0.0,0.0,1.0
2014-07-14,0.005035760244412657,1.6131053399143405,0.0,0.0,1.0
2014-07-15,-0.0018723090173322632,1.610085108240512,0.0,0.0,1.0
2014-07-16,0.003700895691312045,1.6160438652802451,0.0,0.0,1.0
2014-07-17,-0.011365672488092504,1.5976764399810788,0.0,0.0,1.0
2014-07-18,0.010219252173695237,1.614003498413217,0.0,0.0,1.0
2014-07-21,-0.0018715509867300861,1.6109828085731759,0.0,0.0,1.0
2014-07-22,0.004357792098771629,1.618003136727633,0.0,0.0,1.0
2014-07-23,0.0022200346993688225,1.621595159834856,0.0,0.0,1.0
2014-07-24,5.057473905734078e-05,1.6216771715869212,0.0,0.0,1.0
2014-07-25,-0.004682117582487821,1.614084288388715,0.0,0.0,1.0
2014-07-28,0.00040543983883090107,1.6147387024624589,0.0,0.0,1.0
2014-07-29,-0.0042975284151579585,1.607799317005571,0.0,0.0,1.0
2014-07-30,0.0001518862390117448,1.6080435195969167,0.0,0.0,1.0
2014-07-31,-0.01974800590547343,1.5762878666756586,0.0,0.0,1.0
2014-08-01,-0.003055046251997373,1.5714722343365022,0.0,0.0,1.0
2014-08-04,0.007220387818870577,1.5828188733149988,0.0,0.0,1.0
2014-08-05,-0.009696500826704035,1.567471068801377,0.0,0.0,1.0
2014-08-06,0.00031295205471248977,1.5679616120930608,0.0,0.0,1.0
2014-08-07,-0.005414655931055168,1.5594716394504744,0.0,0.0,1.0
2014-08-08,0.01156850328865211,1.577512392240017,0.0,0.0,1.0
2014-08-11,0.002897872479669994,1.5820838219878277,0.0,0.0,1.0
2014-08-12,-0.0013927669369407925,1.5798803479490942,0.0,0.0,1.0
2014-08-13,0.0067688068032589754,1.5905742527966271,0.0,0.0,1.0
2014-08-14,0.0047215369546633745,1.5980842079103426,0.0,0.0,1.0
2014-08-15,-0.00020422394756580697,1.5977578408448605,0.0,0.0,1.0
2014-08-18,0.00837948029538893,1.611146221189023,0.0,0.0,1.0
2014-08-19,0.005218999783023426,1.6195547929678276,0.0,0.0,1.0
2014-08-20,0.0026716735556653326,1.6238817146801507,0.0,0.0,1.0
2014-08-21,0.002915379508603433,1.628615946155525,0.0,0.0,1.0
2014-08-22,-0.0015540251614790668,1.6260850359968133,0.0,0.0,1.0
2014-08-25,0.005070464495008586,1.6343300424376999,0.0,0.0,1.0
2014-08-26,0.0006494516805612971,1.6353914608303528,0.0,0.0,1.0
2014-08-27,-0.00039903682055530965,1.6347388794214597,0.0,0.0,1.0
2014-08-28,-0.0005496070071669967,1.6338404154784414,0.0,0.0,1.0
2014-08-29,0.0028484420032699465,1.6384943151445301,0.0,0.0,1.0
2014-09-02,-0.0004982941859527079,1.637677862953577,0.0,0.0,1.0
2014-09-03,-0.0005484341696215811,1.6367797044547006,0.0,0.0,1.0
2014-09-04,-0.0014467161968299003,1.6344117487456236,0.0,0.0,1.0
2014-09-05,0.004495289141056569,1.641758902131775,0.0,0.0,1.0
2014-09-08,-0.002585493663335825,1.6375141448935882,0.0,0.0,1.0
2014-09-09,-0.006331452621965661,1.6271463016673957,0.0,0.0,1.0
2014-09-10,0.003762988773449827,1.6332692349333304,0.0,0.0,1.0
2014-09-11,0.0011495747910423848,1.635146800072795,0.0,0.0,1.0
2014-09-12,-0.005841118112864585,1.625595714481697,0.0,0.0,1.0
2014-09-15,-0.0007533719949673889,1.6243710361952675,0.0,0.0,1.0
2014-09-16,0.007538177672789637,1.6366158336726409,0.0,0.0,1.0
2014-09-17,0.0013469198609743493,1.6388202240437997,0.0,0.0,1.0
2014-09-18,0.005329830125352153,1.6475548574439447,0.0,0.0,1.0
2014-09-19,-0.0009006362574317528,1.646071009803223,0.0,0.0,1.0
2014-09-22,-0.007723265442982075,1.6333579664565152,0.0,0.0,1.0
2014-09-23,-0.005724186229601358,1.6240083212769152,0.0,0.0,1.0
2014-09-24,0.007827906429998865,1.6367209064574104,0.0,0.0,1.0
2014-09-25,-0.01613550073294845,1.610311595071635,0.0,0.0,1.0
2014-09-26,0.007945511721948684,1.6231063447262664,0.0,0.0,1.0
2014-09-29,-0.0018194659236624444,1.6201531580415567,0.0,0.0,1.0
2014-09-30,-0.002631944344288928,1.6158890051003674,0.0,0.0,1.0
2014-10-01,-0.01355236846049912,1.5939898819119778,0.0,0.0,1.0
2014-10-02,0.00015435183057821433,1.5942359171681741,0.0,0.0,1.0
2014-10-03,0.011009785123871962,1.6117881120529547,0.0,0.0,1.0
2014-10-06,-0.001170391446288166,1.609901689033379,0.0,0.0,1.0
2014-10-07,-0.015436590762008207,1.585050295492705,0.0,0.0,1.0
2014-10-08,0.01748944637259986,1.6127719476335982,0.0,0.0,1.0
2014-10-09,-0.019833286869461286,1.5807853789411612,0.0,0.0,1.0
2014-10-10,-0.011414167479733117,1.5627420298764134,0.0,0.0,1.0
2014-10-13,-0.016427027062948296,1.5370708242592268,0.0,0.0,1.0
2014-10-14,0.0015473202485927207,1.5394491650691242,0.0,0.0,1.0
2014-10-15,-0.006766024442290575,1.5290332143906027,0.0,0.0,1.0
2014-10-16,-0.0008579817472624818,1.5277213318016976,0.0,0.0,1.0
2014-10-17,0.011810828410447005,1.545764986310587,0.0,0.0,1.0
2014-10-20,0.009709897568771275,1.5607742059930558,0.0,0.0,1.0
2014-10-21,0.01981026258786578,1.591693552854146,0.0,0.0,1.0
2014-10-22,-0.007110619508934768,1.5803756256249757,0.0,0.0,1.0
2014-10-23,0.011624992148279167,1.5987474798641979,0.0,0.0,1.0
2014-10-24,0.0076950074061366,1.611049853562295,0.0,0.0,1.0
2014-10-27,-0.0013746456976556631,1.6088352308123868,0.0,0.0,1.0
2014-10-28,0.011470421805743314,1.6272892495257452,0.0,0.0,1.0
2014-10-29,-0.001512214702390824,1.6248284387975698,0.0,0.0,1.0
2014-10-30,0.006410586589868261,1.635244542198162,0.0,0.0,1.0
2014-10-31,0.011435351301160912,1.653944138001504,0.0,0.0,1.0
2014-11-03,0.0005456258746150411,1.6548465727183657,0.0,0.0,1.0
2014-11-04,-0.0034696503420090785,1.6491048337413607,0.0,0.0,1.0
2014-11-05,0.00631640186336857,1.6595212425860948,0.0,0.0,1.0
2014-11-06,0.004003484908316812,1.6661651108358193,0.0,0.0,1.0
2014-11-07,0.0009351237503649745,1.6677231814029914,0.0,0.0,1.0
2014-11-10,0.003147256205776161,1.6729719335351787,0.0,0.0,1.0
2014-11-11,0.0009805231818282856,1.674612321298558,0.0,0.0,1.0
2014-11-12,-0.001077145053983597,1.6728085209193313,0.0,0.0,1.0
2014-11-13,0.0011275155236520895,1.6746946384947654,0.0,0.0,1.0
2014-11-14,0.00024476464475009507,1.6751045445330215,0.0,0.0,1.0
2014-11-17,0.0006366517388260995,1.676171002754014,0.0,0.0,1.0
2014-11-18,0.0057737813707741115,1.6858488476639468,0.0,0.0,1.0
2014-11-19,-0.0016054467421444674,1.6831423071237168,0.0,0.0,1.0
2014-11-20,0.0017541137560737052,1.6860947301980722,0.0,0.0,1.0
2014-11-21,0.005350406810260777,1.6951160229252689,0.0,0.0,1.0
2014-11-24,0.0028065602388318567,1.6998734681554177,0.0,0.0,1.0
2014-11-25,-0.0007237768140396783,1.6986431391523655,0.0,0.0,1.0
2014-11-26,0.0025589692627889793,1.7029899147339038,0.0,0.0,1.0
2014-11-28,-0.0021191097515009805,1.6993810921988834,0.0,0.0,1.0
2014-12-01,-0.006949677454838654,1.6875709417352498,0.0,0.0,1.0
2014-12-02,0.00646365032668017,1.6984788102040929,0.0,0.0,1.0
2014-12-03,0.0038631028494597874,1.7050402085355394,0.0,0.0,1.0
2014-12-04,-0.0011062908006872485,1.7031539382380347,0.0,0.0,1.0
2014-12-05,0.00163710794752836,1.7059421850861884,0.0,0.0,1.0
2014-12-08,-0.006682398945770163,1.6945423988270236,0.0,0.0,1.0
2014-12-09,-0.0006772957486916864,1.6933946924643202,0.0,0.0,1.0
2014-12-10,-0.016031628917573593,1.6662468171437435,0.0,0.0,1.0
2014-12-11,0.0050699699853011815,1.6746946384947659,0.0,0.0,1.0
2014-12-12,-0.01616139729606203,1.647629233092467,0.0,0.0,1.0
2014-12-15,-0.006869405110073612,1.6363110004191548,0.0,0.0,1.0
2014-12-16,-0.008019744815949803,1.6231882037562617,0.0,0.0,1.0
2014-12-17,0.019604681052051154,1.655010290778355,0.0,0.0,1.0
2014-12-18,0.02472864086691695,1.6959364458900648,0.0,0.0,1.0
2014-12-19,0.00425494591310871,1.7031525637393967,0.0,0.0,1.0
2014-12-22,0.00459999279051404,1.7109870532537435,0.0,0.0,1.0
2014-12-23,0.001349873380752209,1.7132966691317424,0.0,0.0,1.0
2014-12-24,9.591389000718209e-05,1.713460998080015,0.0,0.0,1.0
2014-12-26,0.003225196337225178,1.7189872462150009,0.0,0.0,1.0
2014-12-29,0.001343235672515597,1.7212962512047163,0.0,0.0,1.0
2014-12-30,-0.0053661788682518585,1.7120594676355003,0.0,0.0,1.0
2014-12-31,-0.009922932447361976,1.6950708171922868,0.0,0.0,1.0
2015-01-02,-0.0005351806495975664,1.6941636480912279,0.0,0.0,1.0
2015-01-05,-0.018059849009061102,1.6635673084100602,0.0,0.0,1.0
2015-01-06,-0.009418902949991814,1.6478983293813667,0.0,0.0,1.0
2015-01-07,0.012461518243721326,1.6684336444767505,0.0,0.0,1.0
2015-01-08,0.017744749483735944,1.698039581528227,0.0,0.0,1.0
2015-01-09,-0.008013224811451503,1.6844328086226983,0.0,0.0,1.0
2015-01-12,-0.007834061689665828,1.671236858087851,0.0,0.0,1.0
2015-01-13,-0.002812484150819916,1.6665365309122129,0.0,0.0,1.0
2015-01-14,-0.0060370861359257955,1.656475506326429,0.0,0.0,1.0
2015-01-15,-0.009160601640737842,1.641301194085333,0.0,0.0,1.0
2015-01-16,0.013114473729878284,1.662825995477983,0.0,0.0,1.0
2015-01-20,0.002132179124721967,1.6663714383535861,0.0,0.0,1.0
2015-01-21,0.00504814484503302,1.674783522740021,0.0,0.0,1.0
2015-01-22,0.014870942744344529,1.6996891326158594,0.0,0.0,1.0
2015-01-23,-0.0054830062925813605,1.6903697264062945,0.0,0.0,1.0
2015-01-26,0.0023420995902341257,1.6943287406498548,0.0,0.0,1.0
2015-01-27,-0.013190589638889638,1.671979545518566,0.0,0.0,1.0
2015-01-28,-0.01282433513478165,1.650537519488336,0.0,0.0,1.0
2015-01-29,0.009243338327723505,1.6657939962035682,0.0,0.0,1.0
2015-01-30,-0.012574541437906817,1.64484740057129,0.0,0.0,1.0
2015-02-02,0.012383798593916584,1.6652168594976922,0.0,0.0,1.0
2015-02-03,0.014461309348299256,1.6892980756348916,0.0,0.0,1.0
2015-02-04,-0.0038078854871557155,1.6828654220092014,0.0,0.0,1.0
2015-02-05,0.010095164439828608,1.699854225174486,0.0,0.0,1.0
2015-02-06,-0.002765674513989902,1.6951529816664228,0.0,0.0,1.0
2015-02-09,-0.0044753889196307295,1.687566512795194,0.0,0.0,1.0
2015-02-10,0.010653381260079753,1.7055448022577444,0.0,0.0,1.0
2015-02-11,0.0005799794011946968,1.7065339831108686,0.0,0.0,1.0
2015-02-12,0.00961677949439399,1.7229453441261358,0.0,0.0,1.0
2015-02-13,0.004116269591459387,1.7300374516539088,0.0,0.0,1.0
2015-02-17,0.0015734446608990371,1.732759569845369,0.0,0.0,1.0
2015-02-18,9.518910726358243e-05,1.732924509681925,0.0,0.0,1.0
2015-02-19,-0.0007140266130460926,1.7316871554636122,0.0,0.0,1.0
2015-02-20,0.006000363000927544,1.7420779070004375,0.0,0.0,1.0
2015-02-23,-0.00014184458094523844,1.741830802689745,0.0,0.0,1.0
2015-02-24,0.0028407135566630437,1.746778845064359,0.0,0.0,1.0
2015-02-25,-0.0008495639656879161,1.7452948447015664,0.0,0.0,1.0
2015-02-26,-0.001181317851944086,1.7432330967446144,0.0,0.0,1.0
2015-02-27,-0.003406306849715879,1.7372951099065217,0.0,0.0,1.0
2015-03-02,0.0063133739479834805,1.7482633035933646,0.0,0.0,1.0
2015-03-03,-0.004104005887125672,1.7410884207031716,0.0,0.0,1.0
2015-03-04,-0.004215388760998362,1.733749056142635,0.0,0.0,1.0
2015-03-05,0.0010936976290738532,1.7356452533747473,0.0,0.0,1.0
2015-03-06,-0.014064125230944802,1.71123492117479,0.0,0.0,1.0
2015-03-09,0.004144616781806887,1.718327334146705,0.0,0.0,1.0
2015-03-10,-0.016222340173646987,1.690452043602501,0.0,0.0,1.0
2015-03-11,-0.0023415338211965064,1.686493792969295,0.0,0.0,1.0
2015-03-12,0.01271423843113606,1.7079362771657376,0.0,0.0,1.0
2015-03-13,-0.006132359714670854,1.6974625975444215,0.0,0.0,1.0
2015-03-16,0.01336048412208779,1.7201415196267518,0.0,0.0,1.0
2015-03-17,-0.002972863431977446,1.7150277738052273,0.0,0.0,1.0
2015-03-18,0.012021659289968678,1.7356452533747473,0.0,0.0,1.0
2015-03-19,-0.004561128635600764,1.727728752108335,0.0,0.0,1.0
2015-03-20,0.008826829914005296,1.742979119940732,0.0,0.0,1.0
2015-03-23,-0.0019485221443522605,1.739582886528384,0.0,0.0,1.0
2015-03-24,-0.005619061615656729,1.729808063103439,0.0,0.0,1.0
2015-03-25,-0.014653587027248505,1.7044601701103166,0.0,0.0,1.0
2015-03-26,-0.002381874849021637,1.7004003592999717,0.0,0.0,1.0
2015-03-27,0.00229020187169815,1.7042946193854767,0.0,0.0,1.0
2015-03-30,0.012199523775898724,1.725086202115806,0.0,0.0,1.0
2015-03-31,-0.008739249788767167,1.7100102428883603,0.0,0.0,1.0
2015-04-01,-0.003536611146125912,1.703962601603372,0.0,0.0,1.0
2015-04-02,0.0035976516852944673,1.710092865528709,0.0,0.0,1.0
2015-04-06,0.006733337989168531,1.7216074987851797,0.0,0.0,1.0
2015-04-07,-0.0026465441548134683,1.7170511885223867,0.0,0.0,1.0
2015-04-08,0.003376773773501318,1.7228492819435484,0.0,0.0,1.0
2015-04-09,0.004423476933891557,1.7304702660027973,0.0,0.0,1.0
2015-04-10,0.005457227112609209,1.7399138352559917,0.0,0.0,1.0
2015-04-13,-0.004522728232274731,1.7320446778315541,0.0,0.0,1.0
2015-04-14,0.0019129444928669415,1.7353579831594115,0.0,0.0,1.0
2015-04-15,0.004486814487562496,1.7431442124993584,0.0,0.0,1.0
2015-04-16,-0.0002850926590567404,1.7426472548806975,0.0,0.0,1.0
2015-04-17,-0.01150336017129372,1.7226009558562885,0.0,0.0,1.0
2015-04-20,0.009136987791550144,1.73834033975966,0.0,0.0,1.0
2015-04-21,-0.0011914030618206395,1.736269275756384,0.0,0.0,1.0
2015-04-22,0.0049140557016618125,1.744801399690535,0.0,0.0,1.0
2015-04-23,0.002516130861912602,1.7491915483402045,0.0,0.0,1.0
2015-04-24,0.0023207894927546047,1.7532510537064077,0.0,0.0,1.0
2015-04-27,-0.0041580970610568535,1.7459608656526961,0.0,0.0,1.0
2015-04-28,0.0031792444479121773,1.7515117020410944,0.0,0.0,1.0
2015-04-29,-0.004115228490397582,1.7443038311835901,0.0,0.0,1.0
2015-04-30,-0.010019939716809478,1.7268260119473307,0.0,0.0,1.0
2015-05-01,0.01084117568398435,1.7455468361185258,0.0,0.0,1.0
2015-05-04,0.0028474399506892567,1.750517175915489,0.0,0.0,1.0
2015-05-05,-0.011451992695934665,1.7304702660027966,0.0,0.0,1.0
2015-05-06,-0.004116727029914613,1.7233463922842793,0.0,0.0,1.0
2015-05-07,0.003989826483047132,1.730222245359679,0.0,0.0,1.0
2015-05-08,0.013166305682773327,1.753002880341219,0.0,0.0,1.0
2015-05-11,-0.004772796454135642,1.7446361544098368,0.0,0.0,1.0
2015-05-12,-0.0029915257902016767,1.7394170303594014,0.0,0.0,1.0
2015-05-13,0.00019043976571953003,1.7397482845311516,0.0,0.0,1.0
2015-05-14,0.01042777408646045,1.7578899866095496,0.0,0.0,1.0
2015-05-15,0.0010838906705648022,1.7597953471659151,0.0,0.0,1.0
2015-05-18,0.0031066066746265886,1.7652623391373976,0.0,0.0,1.0
2015-05-19,-0.00032841179932718845,1.764682606156317,0.0,0.0,1.0
2015-05-20,-0.0007045518410733198,1.7634392957772396,0.0,0.0,1.0
2015-05-21,0.0029129479344873754,1.7685761026314677,0.0,0.0,1.0
2015-05-22,-0.0023891318721867005,1.764350741096283,0.0,0.0,1.0
2015-05-26,-0.01075143537998513,1.7453814381157575,0.0,0.0,1.0
2015-05-27,0.009492161776165853,1.7619488810874693,0.0,0.0,1.0
2015-05-28,-0.0011280265005616519,1.7599613560569676,0.0,0.0,1.0
2015-05-29,-0.006213408268294196,1.749025997615365,0.0,0.0,1.0
2015-06-01,0.0020369625577152384,1.752588698084978,0.0,0.0,1.0
2015-06-02,-0.0009929699989734697,1.7508484300872398,0.0,0.0,1.0
2015-06-03,0.0026495342620325157,1.7554873629903818,0.0,0.0,1.0
2015-06-04,-0.008446187244957493,1.7406601880164083,0.0,0.0,1.0
2015-06-05,-0.0017132602323581825,1.7376779841382306,0.0,0.0,1.0
2015-06-08,-0.0061498284282857085,1.726991562672171,0.0,0.0,1.0
2015-06-09,-0.0001438795734161058,1.7267430838628406,0.0,0.0,1.0
2015-06-10,0.011993252341740535,1.747452349396963,0.0,0.0,1.0
2015-06-11,0.0032235504816360283,1.7530853502594974,0.0,0.0,1.0
2015-06-12,-0.007654984447151403,1.739665509168732,0.0,0.0,1.0
2015-06-15,-0.004285467851748548,1.7322102285563936,0.0,0.0,1.0
2015-06-16,0.00545174546224958,1.7416537978095883,0.0,0.0,1.0
2015-06-17,0.0016169660070601832,1.7444699927967136,0.0,0.0,1.0
2015-06-18,0.010399374428431418,1.7626113894309696,0.0,0.0,1.0
2015-06-19,-0.004439100929782502,1.7547869795733013,0.0,0.0,1.0
2015-06-22,0.005122859151051262,1.7637765061097541,0.0,0.0,1.0
2015-06-23,0.0007081175485521563,1.7650254672054544,0.0,0.0,1.0
2015-06-24,-0.007262716589652052,1.752206587463623,0.0,0.0,1.0
2015-06-25,-0.0030404843577696017,1.746879030742859,0.0,0.0,1.0
2015-06-26,-0.00019076281345598023,1.7465457911841873,0.0,0.0,1.0
2015-06-29,-0.02097024983853757,1.7099202895886085,0.0,0.0,1.0
2015-06-30,0.0020930151135805097,1.7134991785977354,0.0,0.0,1.0
2015-07-01,0.008015884885561375,1.7272343907648788,0.0,0.0,1.0
2015-07-02,-0.0009155891362939705,1.7256529537208611,0.0,0.0,1.0
2015-07-06,-0.002846193256345164,1.7207414119211888,0.0,0.0,1.0
2015-07-07,0.006288639453675193,1.731562534253769,0.0,0.0,1.0
2015-07-08,-0.01677694774685967,1.7025122000961737,0.0,0.0,1.0
2015-07-09,0.0018087904669099597,1.7055916879335056,0.0,0.0,1.0
2015-07-10,0.012591304846146789,1.7270673128193303,0.0,0.0,1.0
2015-07-13,0.011037740954554343,1.7461302344293084,0.0,0.0,1.0
2015-07-14,0.0043378229631907406,1.7537046382569375,0.0,0.0,1.0
2015-07-15,-0.0003321437177332687,1.7531221562785808,0.0,0.0,1.0
2015-07-16,0.008024275629059163,1.7671896916719707,0.0,0.0,1.0
2015-07-17,0.0008477887362321468,1.7686878951873557,0.0,0.0,1.0
2015-07-20,0.0005179132981363299,1.769603922168526,0.0,0.0,1.0
2015-07-21,-0.0039513813955137644,1.762611542153041,0.0,0.0,1.0
2015-07-22,-0.001794511572437818,1.759448515342935,0.0,0.0,1.0
2015-07-23,-0.005630006307836166,1.7495428091032412,0.0,0.0,1.0
2015-07-24,-0.010372189288679112,1.731396219918575,0.0,0.0,1.0
2015-07-27,-0.005817458709424184,1.7213238938995457,0.0,0.0,1.0
2015-07-28,0.012283428993651535,1.7424676537253365,0.0,0.0,1.0
2015-07-29,0.006878799881115505,1.75445374001463,0.0,0.0,1.0
2015-07-30,0.00023738048932586686,1.7548702131019343,0.0,0.0,1.0
2015-07-31,-0.0015178476552990539,1.7522065874636232,0.0,0.0,1.0
2015-08-03,-0.003372999201964322,1.7462963960424318,0.0,0.0,1.0
2015-08-04,-0.001953916022190083,1.7428842795347117,0.0,0.0,1.0
2015-08-05,0.0032950024846367665,1.7486270875662129,0.0,0.0,1.0
2015-08-06,-0.008187526452579585,1.7343101570310673,0.0,0.0,1.0
2015-08-07,-0.0019200441282568592,1.7309802049974836,0.0,0.0,1.0
2015-08-10,0.012599053218206757,1.7527889167199093,0.0,0.0,1.0
2015-08-11,-0.009022840057732906,1.7369737826693787,0.0,0.0,1.0
2015-08-12,0.0011978796194287433,1.7390544681631204,0.0,0.0,1.0
2015-08-13,-0.0012443077902326571,1.736890549140746,0.0,0.0,1.0
2015-08-14,0.003641907923978893,1.7432161445947458,0.0,0.0,1.0
2015-08-17,0.005587024841812616,1.7529555364992455,0.0,0.0,1.0
2015-08-18,-0.0028967398368854314,1.7478776803643792,0.0,0.0,1.0
2015-08-19,-0.007905230896019688,1.7340603037230995,0.0,0.0,1.0
2015-08-20,-0.020881506854683818,1.6978505116044704,0.0,0.0,1.0
2015-08-21,-0.03010247941556088,1.6467410015281974,0.0,0.0,1.0
2015-08-24,-0.04210682024743584,1.5774019741827672,0.0,0.0,1.0
2015-08-25,-0.011767833697161945,1.5588393700770093,0.0,0.0,1.0
2015-08-26,0.038393915411666146,1.618689316992121,0.0,0.0,1.0
2015-08-27,0.024734873980580385,1.6587273932616329,0.0,0.0,1.0
2015-08-28,5.036329243357507e-05,1.6588109322344073,0.0,0.0,1.0
2015-08-31,-0.008079172632620923,1.6454091123480068,0.0,0.0,1.0
2015-09-01,-0.029847560010651697,1.5962976651251266,0.0,0.0,1.0
2015-09-02,0.018981172095533072,1.6265972658225643,0.0,0.0,1.0
2015-09-03,0.0007159152514077949,1.6277617716130648,0.0,0.0,1.0
2015-09-04,-0.01513633424832983,1.6031234253612758,0.0,0.0,1.0
2015-09-08,0.025130706404754344,1.6434110494946141,0.0,0.0,1.0
2015-09-09,-0.013371501513456896,1.6214361761590652,0.0,0.0,1.0
2015-09-10,0.005441697337869034,1.6302595410823946,0.0,0.0,1.0
2015-09-11,0.004543929271148217,1.6376673251306875,0.0,0.0,1.0
2015-09-14,-0.0037099045274506803,1.631591735706727,0.0,0.0,1.0
2015-09-15,0.012499385729549672,1.6519856301644709,0.0,0.0,1.0
2015-09-16,0.00866640577960065,1.6663024079775455,0.0,0.0,1.0
2015-09-17,-0.002247888194004344,1.6625567464670117,0.0,0.0,1.0
2015-09-18,-0.016341300912470436,1.6353884063889363,0.0,0.0,1.0
2015-09-21,0.005167783950061011,1.6438397403475888,0.0,0.0,1.0
2015-09-22,-0.012980226045126386,1.6225023289359153,0.0,0.0,1.0
2015-09-23,-0.0015984730262148528,1.6199088027281405,0.0,0.0,1.0
2015-09-24,-0.003615568610151998,1.6140519113096878,0.0,0.0,1.0
2015-09-25,-0.0002591649929124529,1.6136336055575329,0.0,0.0,1.0
2015-09-28,-0.025097725514484637,1.5731350722443018,0.0,0.0,1.0
2015-09-29,0.0005851092747635178,1.5740555281655277,0.0,0.0,1.0
2015-09-30,0.018658602242606737,1.6034252041733446,0.0,0.0,1.0
2015-10-01,0.002609016594476987,1.6076085671390354,0.0,0.0,1.0
2015-10-02,0.014937917327032313,1.6316228910091872,0.0,0.0,1.0
2015-10-05,0.017794735842541654,1.6606571893493398,0.0,0.0,1.0
2015-10-06,-0.0034261500731902483,1.6549675285985066,0.0,0.0,1.0
2015-10-07,0.00819021625684968,1.6685220705557924,0.0,0.0,1.0
2015-10-08,0.009027095932813811,1.6835839793527168,0.0,0.0,1.0
2015-10-09,0.0005959809656197468,1.6845873633584334,0.0,0.0,1.0
2015-10-12,0.0009441170465800397,1.6861778110046335,0.0,0.0,1.0
2015-10-13,-0.006302427010442924,1.6755507984241484,0.0,0.0,1.0
2015-10-14,-0.00479380547799424,1.6675185338280052,0.0,0.0,1.0
2015-10-15,0.015354373545149569,1.6931222362898606,0.0,0.0,1.0
2015-10-16,0.004547054801075534,1.7008209558831902,0.0,0.0,1.0
2015-10-19,0.0004917970814892758,1.7016574146654293,0.0,0.0,1.0
2015-10-20,-0.0012787439159145375,1.699481430599455,0.0,0.0,1.0
2015-10-21,-0.006203306704855249,1.6889390260462405,0.0,0.0,1.0
2015-10-22,0.01689353359183987,1.7174711742173219,0.0,0.0,1.0
2015-10-23,0.010961582751853438,1.736297376617428,0.0,0.0,1.0
2015-10-26,-0.002457383898550103,1.7320306274010335,0.0,0.0,1.0
2015-10-27,-0.001932270370070266,1.7286838759396523,0.0,0.0,1.0
2015-10-28,0.011373911589996677,1.7483457735116428,0.0,0.0,1.0
2015-10-29,-0.0005737300806122336,1.7473426949500679,0.0,0.0,1.0
2015-10-30,-0.004309990696880872,1.7398116641905703,0.0,0.0,1.0
2015-11-02,0.011831360430448967,1.7603960030707082,0.0,0.0,1.0
2015-11-03,0.002899331514093939,1.7654999746796962,0.0,0.0,1.0
2015-11-04,-0.003033421091216737,1.7601444698199602,0.0,0.0,1.0
2015-11-05,-0.000998425356446564,1.7583870969502828,0.0,0.0,1.0
2015-11-06,-0.0005232923277701529,1.7574669464731987,0.0,0.0,1.0
2015-11-09,-0.009331819900837868,1.7410665814470354,0.0,0.0,1.0
2015-11-10,0.0023068834845334507,1.7450830191892488,0.0,0.0,1.0
2015-11-11,-0.003931552961669582,1.738222132876796,0.0,0.0,1.0
2015-11-12,-0.013959631700417585,1.7139571920883216,0.0,0.0,1.0
2015-11-13,-0.01122829303160966,1.6947123784919191,0.0,0.0,1.0
2015-11-16,0.015206670734539296,1.7204833116213938,0.0,0.0,1.0
2015-11-17,-0.0007295756326887171,1.7192280889207872,0.0,0.0,1.0
2015-11-18,0.01586633092996026,1.7465059307236874,0.0,0.0,1.0
2015-11-19,-0.0008623761514781059,1.7449997856606163,0.0,0.0,1.0
2015-11-20,0.0036439753148591603,1.7513585218039982,0.0,0.0,1.0
2015-11-23,-0.00114653268477094,1.7493505320159979,0.0,0.0,1.0
2015-11-24,0.001339302356258898,1.7516934413054497,0.0,0.0,1.0
2015-11-25,-0.0001435071472836169,1.7514420607767724,0.0,0.0,1.0
2015-11-27,0.0011470011857170892,1.7534509668971983,0.0,0.0,1.0
2015-11-30,-0.004151613229140927,1.746171316666378,0.0,0.0,1.0
2015-12-01,0.009535359387296438,1.7628216877225804,0.0,0.0,1.0
2015-12-02,-0.010204824218435271,1.744832402270926,0.0,0.0,1.0
2015-12-03,-0.014002939372616985,1.7203996199265486,0.0,0.0,1.0
2015-12-04,0.019502871972733038,1.7539523534559147,0.0,0.0,1.0
2015-12-07,-0.006058372239771792,1.743326257207855,0.0,0.0,1.0
2015-12-08,-0.00671965238797112,1.7316117107605955,0.0,0.0,1.0
2015-12-09,-0.007779547587296931,1.7181405550540128,0.0,0.0,1.0
2015-12-10,0.0025813962935306023,1.7225757567145938,0.0,0.0,1.0
2015-12-11,-0.01938141814536798,1.6891897956866346,0.0,0.0,1.0
2015-12-14,0.005052462138404046,1.6977243631739198,0.0,0.0,1.0
2015-12-15,0.010497613847465948,1.7155464179579547,0.0,0.0,1.0
2015-12-16,0.01463207885035045,1.7406484284169517,0.0,0.0,1.0
2015-12-17,-0.015238090558702844,1.7141242700338704,0.0,0.0,1.0
2015-12-18,-0.01781488736227388,1.683587339238277,0.0,0.0,1.0
2015-12-21,0.008249194656247516,1.6974755789204474,0.0,0.0,1.0
2015-12-22,0.009074115760226764,1.7128786688237294,0.0,0.0,1.0
2015-12-23,0.012383133260381651,1.7340894736386387,0.0,0.0,1.0
2015-12-24,-0.0016501763523044666,1.7312279201964602,0.0,0.0,1.0
2015-12-28,-0.0022850600755640604,1.7272719603943174,0.0,0.0,1.0
2015-12-29,0.010671797037357766,1.7457050561839647,0.0,0.0,1.0
2015-12-30,-0.0070874663545688055,1.7333324303332602,0.0,0.0,1.0
2015-12-31,-0.010003800138278174,1.7159925191270102,0.0,0.0,1.0
2016-01-04,-0.013979203364029802,1.69200431073098,0.0,0.0,1.0
2016-01-05,0.0016913113909344801,1.6948660168952294,0.0,0.0,1.0
2016-01-06,-0.012613948006413911,1.6734870650802751,0.0,0.0,1.0
2016-01-07,-0.023991558834864368,1.6333375016990173,0.0,0.0,1.0
2016-01-08,-0.010976605905878345,1.6154089996315752,0.0,0.0,1.0
2016-01-11,0.0009898422520451255,1.6170079997137445,0.0,0.0,1.0
2016-01-12,0.008068256699880427,1.6300544353411952,0.0,0.0,1.0
2016-01-13,-0.02494074253614542,1.5893996673494486,0.0,0.0,1.0
2016-01-14,0.016417097572839046,1.6154929967705625,0.0,0.0,1.0
2016-01-15,-0.021466264914336786,1.5808143961346297,0.0,0.0,1.0
2016-01-19,0.0013309924148794394,1.5829184481052172,0.0,0.0,1.0
2016-01-20,-0.012814842687197903,1.5626335972060854,0.0,0.0,1.0
2016-01-21,0.005601806432797618,1.57138716814302,0.0,0.0,1.0
2016-01-22,0.020515696320266175,1.6036252700862053,0.0,0.0,1.0
2016-01-25,-0.015116827781341158,1.5793835430525054,0.0,0.0,1.0
2016-01-26,0.013643113984610045,1.600931252755788,0.0,0.0,1.0
2016-01-27,-0.01088332190968988,1.5835078025767637,0.0,0.0,1.0
2016-01-28,0.005209306326944718,1.591756779791493,0.0,0.0,1.0
2016-01-29,0.024377476116260066,1.6305597926737552,0.0,0.0,1.0
2016-02-01,-0.0003616303543958477,1.629970132758067,0.0,0.0,1.0
2016-02-02,-0.018022377847510818,1.6005941951453437,0.0,0.0,1.0
2016-02-03,0.005995550949301931,1.6101906391914946,0.0,0.0,1.0
2016-02-04,0.0015680138825946432,1.612715440467371,0.0,0.0,1.0
2016-02-05,-0.019050444676729894,1.5819924941894392,0.0,0.0,1.0
2016-02-08,-0.013461037393240005,1.5606972340693301,0.0,0.0,1.0
2016-02-09,5.421168527974807e-05,1.5607818420966004,0.0,0.0,1.0
2016-02-10,-0.0008627410075371378,1.5594352915976044,0.0,0.0,1.0
2016-02-11,-0.013008210021098976,1.539149829810189,0.0,0.0,1.0
2016-02-12,0.0206170601432214,1.5708825744208148,0.0,0.0,1.0
2016-02-16,0.016878071136472217,1.597396042258934,0.0,0.0,1.0
2016-02-17,0.01633462871111302,1.623488913513835,0.0,0.0,1.0
2016-02-18,-0.00409591444269608,1.6168392418254167,0.0,0.0,1.0
2016-02-19,-0.00046831868491425954,1.6160820457979672,0.0,0.0,1.0
2016-02-22,0.014479320723691957,1.6394818160548763,0.0,0.0,1.0
2016-02-23,-0.012630008491795297,1.6187751467959592,0.0,0.0,1.0
2016-02-24,0.004575600095249932,1.626182014511827,0.0,0.0,1.0
2016-02-25,0.01211215307161928,1.6458785799939086,0.0,0.0,1.0
2016-02-26,-0.0023015781919063505,1.6420904617476688,0.0,0.0,1.0
2016-02-29,-0.007842153229089321,1.6292129367306176,0.0,0.0,1.0
2016-03-01,0.0235068447385125,1.6675105922803202,0.0,0.0,1.0
2016-03-02,0.004492427414660272,1.6750017625793168,0.0,0.0,1.0
2016-03-03,0.003919254512841253,1.6815665207963229,0.0,0.0,1.0
2016-03-04,0.0032536733586228106,1.68703778898579,0.0,0.0,1.0
2016-03-07,0.0007985365805525113,1.6883849503730695,0.0,0.0,1.0
2016-03-08,-0.010918042947450024,1.669951090973068,0.0,0.0,1.0
2016-03-09,0.004939834887059069,1.678200373631939,0.0,0.0,1.0
2016-03-10,0.0008022866625938541,1.679546771408864,0.0,0.0,1.0
2016-03-11,0.01613725853739889,1.7066500518847425,0.0,0.0,1.0
2016-03-14,-0.001282161992863462,1.7044618500530975,0.0,0.0,1.0
2016-03-15,-0.0016296692267859791,1.7016841410278352,0.0,0.0,1.0
2016-03-16,0.005787015119509187,1.7115318128805923,0.0,0.0,1.0
2016-03-17,0.006343982781943813,1.722389741232256,0.0,0.0,1.0
2016-03-18,0.003929619746024349,1.729158077969752,0.0,0.0,1.0
2016-03-21,0.001418975408960188,1.731611710760596,0.0,0.0,1.0
2016-03-22,-0.000537557592306448,1.7306808697385498,0.0,0.0,1.0
2016-03-23,-0.00659923360152137,1.719259702389461,0.0,0.0,1.0
2016-03-24,-0.00044308471170317887,1.7184979246998848,0.0,0.0,1.0
2016-03-28,0.0005907156421804949,1.7195130683050597,0.0,0.0,1.0
2016-03-29,0.009250117682585657,1.7354187665436254,0.0,0.0,1.0
2016-03-30,0.004387829958476752,1.7430334889979682,0.0,0.0,1.0
2016-03-31,-0.0024269462796636665,1.7388032403565155,0.0,0.0,1.0
2016-04-01,0.006811876499122738,1.7506477532860985,0.0,0.0,1.0
2016-04-04,-0.003237992962553893,1.7449791681810474,0.0,0.0,1.0
2016-04-05,-0.009988142674399292,1.7275500672854005,0.0,0.0,1.0
2016-04-06,0.010921676402140257,1.7464178100887873,0.0,0.0,1.0
2016-04-07,-0.011965963543661529,1.7255202382412635,0.0,0.0,1.0
2016-04-08,0.0026970994387363056,1.7301741379073523,0.0,0.0,1.0
2016-04-11,-0.0023475344973703516,1.7261124944321569,0.0,0.0,1.0
2016-04-12,0.009312873330695526,1.7421875614473343,0.0,0.0,1.0
2016-04-13,0.010101012757407046,1.7597854202313097,0.0,0.0,1.0
2016-04-14,4.807860452626933e-05,1.7598700282585802,0.0,0.0,1.0
2016-04-15,-0.001105841521272799,1.7579238909092882,0.0,0.0,1.0
2016-04-18,0.00702673568589951,1.7702763574466358,0.0,0.0,1.0
2016-04-19,0.003154296816026303,1.7758603345244164,0.0,0.0,1.0
2016-04-20,0.0009525240382031175,1.7775518841815423,0.0,0.0,1.0
2016-04-21,-0.00537797974401677,1.767992246154475,0.0,0.0,1.0
2016-04-22,0.0,1.767992246154475,0.0,0.0,1.0
2016-04-25,-0.001722622677910346,1.7649466626168797,0.0,0.0,1.0
2016-04-26,0.0014859051872730955,1.7675692060181225,0.0,0.0,1.0
2016-04-27,0.0020581895397211447,1.7712071984686821,0.0,0.0,1.0
2016-04-28,-0.009075768791519945,1.7551321314535047,0.0,0.0,1.0
2016-04-29,-0.005398993136986663,1.7456561851212824,0.0,0.0,1.0
2016-05-02,0.007948623485284356,1.7595317488715694,0.0,0.0,1.0
2016-05-03,-0.008703395220748922,1.7442178486576845,0.0,0.0,1.0
2016-05-04,-0.005578037316444462,1.7344885364098634,0.0,0.0,1.0
2016-05-05,-0.00019529535428630673,1.7341497988566397,0.0,0.0,1.0
2016-05-06,0.0036592006350717465,1.7404954009019253,0.0,0.0,1.0
2016-05-09,0.0008265703586429751,1.7419340428096652,0.0,0.0,1.0
2016-05-10,0.01243364294770366,1.7635926287364105,0.0,0.0,1.0
2016-05-11,-0.009354742223707024,1.7470946743069515,0.0,0.0,1.0
2016-05-12,0.00029065447520482124,1.7476024751926453,0.0,0.0,1.0
2016-05-13,-0.00871447890745669,1.73237303028396,0.0,0.0,1.0
2016-05-16,0.00986520242557165,1.7494632409043123,0.0,0.0,1.0
2016-05-17,-0.009333483134179366,1.733134655251465,0.0,0.0,1.0
2016-05-18,0.0002930837521628593,1.7336426088592296,0.0,0.0,1.0
2016-05-19,-0.003465232885743741,1.727635133478884,0.0,0.0,1.0
2016-05-20,0.006317735006959646,1.738549874440917,0.0,0.0,1.0
2016-05-23,-0.0013627319644229363,1.7361806969552729,0.0,0.0,1.0
2016-05-24,0.012962080224048877,1.7586852104326522,0.0,0.0,1.0
2016-05-25,0.00678358465777662,1.7706154004440018,0.0,0.0,1.0
2016-05-26,0.00028644842763880796,1.771122590441412,0.0,0.0,1.0
2016-05-27,0.004299376280015199,1.7787373128957549,0.0,0.0,1.0
2016-05-31,-0.0019027395379590528,1.775352839082865,0.0,0.0,1.0
2016-06-01,0.0020491658730998896,1.7789908315334246,0.0,0.0,1.0
2016-06-02,0.0030434686683347145,1.7844051343904512,0.0,0.0,1.0
2016-06-03,-0.0029870755767522628,1.7790749813944822,0.0,0.0,1.0
2016-06-06,0.005088546739482558,1.7881278875903521,0.0,0.0,1.0
2016-06-07,0.0015617020938594184,1.7909204106564904,0.0,0.0,1.0
2016-06-08,0.00325898311744921,1.796756990039515,0.0,0.0,1.0
2016-06-09,-0.0013649096833193708,1.7943045790252383,0.0,0.0,1.0
2016-06-10,-0.009477715342209203,1.7772986709880145,0.0,0.0,1.0
2016-06-13,-0.007711727058224205,1.7635926287364103,0.0,0.0,1.0
2016-06-14,-0.0019667075578343463,1.7601241577845335,0.0,0.0,1.0
2016-06-15,-0.001394271504201905,1.7576700668274772,0.0,0.0,1.0
2016-06-16,0.002984200290799821,1.762915306352034,0.0,0.0,1.0
2016-06-17,-0.00372415457602171,1.7563499372467444,0.0,0.0,1.0
2016-06-20,0.006440091747155874,1.7676609919827249,0.0,0.0,1.0
2016-06-21,0.0028387734445907142,1.7726789810658043,0.0,0.0,1.0
2016-06-22,-0.0016313981071439665,1.7697870359315198,0.0,0.0,1.0
2016-06-23,0.013022805961123263,1.7928346290929673,0.0,0.0,1.0
2016-06-24,-0.03590918221159567,1.7284554037216093,0.0,0.0,1.0
2016-06-27,-0.017909543612973478,1.6974995562855775,0.0,0.0,1.0
2016-06-28,0.018035604089947643,1.728114986225606,0.0,0.0,1.0
2016-06-29,0.017027996476314033,1.757541322121721,0.0,0.0,1.0
2016-06-30,0.013645341895184737,1.781523574356987,0.0,0.0,1.0
2016-07-01,0.0021002757362003077,1.7852652650936778,0.0,0.0,1.0
2016-07-05,-0.007193038961438969,1.7724237824853553,0.0,0.0,1.0
2016-07-06,0.005997733326061017,1.7830543076734708,0.0,0.0,1.0
2016-07-07,-0.0006198631316167713,1.7819490580464736,0.0,0.0,1.0
2016-07-08,0.014890227659237754,1.8084826851979499,0.0,0.0,1.0
2016-07-11,0.003526786238313484,1.814860817044334,0.0,0.0,1.0
2016-07-12,0.0072639009201220794,1.828043786203156,0.0,0.0,1.0
2016-07-13,-0.00013993618241725514,1.8277879767344232,0.0,0.0,1.0
2016-07-14,0.005583524891697111,1.8379934763992645,0.0,0.0,1.0
2016-07-15,-0.0013417653720336764,1.8355273203986082,0.0,0.0,1.0
2016-07-18,0.002687136250438149,1.840459632399921,0.0,0.0,1.0
2016-07-19,-0.001016592843156472,1.8385886343095048,0.0,0.0,1.0
2016-07-20,0.004163126720065247,1.846242911780207,0.0,0.0,1.0
2016-07-21,-0.003777181841170596,1.839269316579441,0.0,0.0,1.0
2016-07-22,0.004485086868198707,1.8475185992383123,0.0,0.0,1.0
2016-07-25,-0.0027160695893119202,1.842500610155233,0.0,0.0,1.0
2016-07-26,0.00046135726732599025,1.8433506612017807,0.0,0.0,1.0
2016-07-27,-0.0010606489544422448,1.8413955132503066,0.0,0.0,1.0
2016-07-28,0.0011545000579322728,1.8435214044770303,0.0,0.0,1.0
2016-07-29,0.0016144362144021596,1.8464976521944436,0.0,0.0,1.0
2016-08-01,-0.0008287447040360441,1.8449673770441726,0.0,0.0,1.0
2016-08-02,-0.006407487073234686,1.8331457724252223,0.0,0.0,1.0
2016-08-03,0.0029228163376127103,1.8385037208380923,0.0,0.0,1.0
2016-08-04,0.0010638605403185952,1.840459632399921,0.0,0.0,1.0
2016-08-05,0.008179045806755658,1.8555128360388047,0.0,0.0,1.0
2016-08-08,-0.0005959041466779835,1.854407128245595,0.0,0.0,1.0
2016-08-09,0.0005962594601627291,1.8555128360388047,0.0,0.0,1.0
2016-08-10,-0.002475059888778275,1.8509203306452118,0.0,0.0,1.0
2016-08-11,0.004640855003170907,1.8595101835221575,0.0,0.0,1.0
2016-08-12,-0.0008692667631370332,1.857893773123907,0.0,0.0,1.0
2016-08-15,0.002883883077912097,1.8632517215367772,0.0,0.0,1.0
2016-08-16,-0.005157505427335396,1.8536419906704593,0.0,0.0,1.0
2016-08-17,0.0018808875574620743,1.8571284828267005,0.0,0.0,1.0
2016-08-18,0.0022440449914244986,1.8612959626970196,0.0,0.0,1.0
2016-08-19,-0.0014622392568368614,1.858574302671772,0.0,0.0,1.0
2016-08-22,-4.585176682547765e-05,1.858489083756218,0.0,0.0,1.0
2016-08-23,0.0020137080060116386,1.8622315381032633,0.0,0.0,1.0
2016-08-24,-0.005114815167762576,1.8527065679862869,0.0,0.0,1.0
2016-08-25,-0.0006888007234221449,1.8514304223619689,0.0,0.0,1.0
2016-08-26,-0.0018831343128700162,1.8479439302057277,0.0,0.0,1.0
2016-08-29,0.004924444495867597,1.8570440275215012,0.0,0.0,1.0
2016-08-30,-0.0016488164813553974,1.8539821027223211,0.0,0.0,1.0
2016-08-31,-0.0028440023717455354,1.848709373225005,0.0,0.0,1.0
2016-09-01,4.568338670352112e-05,1.8487938285302046,0.0,0.0,1.0
2016-09-02,0.004508157788000844,1.857128482826701,0.0,0.0,1.0
2016-09-06,0.0030224049241360795,1.8627414770979498,0.0,0.0,1.0
2016-09-07,-9.117043074013953e-05,1.8625716501551253,0.0,0.0,1.0
2016-09-08,-0.0022833223664655566,1.8583187986471814,0.0,0.0,1.0
2016-09-09,-0.023934707968735647,1.8138404808887494,0.0,0.0,1.0
2016-09-12,0.014347707001440835,1.8398649326558938,0.0,0.0,1.0
2016-09-13,-0.0143757711889414,1.8134154553654755,0.0,0.0,1.0
2016-09-14,-0.0003753592525761462,1.8127347730955394,0.0,0.0,1.0
2016-09-15,0.009993090695219697,1.8308495960894617,0.0,0.0,1.0
2016-09-16,-0.0038657456877704277,1.8237719971584228,0.0,0.0,1.0
2016-09-19,0.00018757686778614335,1.8241140945972059,0.0,0.0,1.0
2016-09-20,4.688542232589299e-05,1.8241996189569016,0.0,0.0,1.0
2016-09-21,0.011245694801429007,1.844714011128574,0.0,0.0,1.0
2016-09-22,0.0063012381263982675,1.8563379933877984,0.0,0.0,1.0
2016-09-23,-0.005479387590695106,1.8461663980226934,0.0,0.0,1.0
2016-09-26,-0.008102143491871439,1.8312084929560422,0.0,0.0,1.0
2016-09-27,0.006208266836045695,1.8425771239127464,0.0,0.0,1.0
2016-09-28,0.004963570369063808,1.8517228851277145,0.0,0.0,1.0
2016-09-29,-0.00904741517563723,1.8349695793957352,0.0,0.0,1.0
2016-09-30,0.00754601026325985,1.8488162786746252,0.0,0.0,1.0
2016-10-03,-0.002403980188929955,1.8443717609677202,0.0,0.0,1.0
2016-10-04,-0.0050977692084438475,1.8349695793957355,0.0,0.0,1.0
2016-10-05,0.004425184961145856,1.8430896591826376,0.0,0.0,1.0
2016-10-06,0.0006956263786161987,1.8443717609677197,0.0,0.0,1.0
2016-10-07,-0.003429592051772623,1.838046318235791,0.0,0.0,1.0
2016-10-10,0.005208538892919279,1.8476198539713091,0.0,0.0,1.0
2016-10-11,-0.012629523266101117,1.8242852960386682,0.0,0.0,1.0
2016-10-12,0.0013115803157301986,1.8266779927232286,0.0,0.0,1.0
2016-10-13,-0.0032753664700828633,1.8206949528742247,0.0,0.0,1.0
2016-10-14,0.0005166242884881989,1.8216355681088074,0.0,0.0,1.0
2016-10-17,-0.0034723974666874824,1.8153101253768786,0.0,0.0,1.0
2016-10-18,0.006262217781652923,1.8266779927232284,0.0,0.0,1.0
2016-10-19,0.0026673803313641553,1.831550437672754,0.0,0.0,1.0
2016-10-20,-0.0018664683015997552,1.8281319068380566,0.0,0.0,1.0
2016-10-21,0.0004672390100881607,1.828986081380518,0.0,0.0,1.0
2016-10-24,0.004253037263466819,1.8367648273389916,0.0,0.0,1.0
2016-10-25,-0.0033508369525976356,1.8306101278823126,0.0,0.0,1.0
2016-10-26,-0.0020074173160474773,1.8269353294126698,0.0,0.0,1.0
2016-10-27,-0.0026669210174073976,1.8220630371852151,0.0,0.0,1.0
2016-10-28,-0.0029554302510499397,1.816678056965798,0.0,0.0,1.0
2016-10-31,4.690920068495252e-05,1.8167632758813523,0.0,0.0,1.0
2016-11-01,-0.007245114043274992,1.803600618757958,0.0,0.0,1.0
2016-11-02,-0.006018615896164037,1.7927454394035702,0.0,0.0,1.0
2016-11-03,-0.004577456929753421,1.7845392243686886,0.0,0.0,1.0
2016-11-04,-0.0011014232836431548,1.7825736913163945,0.0,0.0,1.0
2016-11-07,0.022056867492671106,1.8218916830216818,0.0,0.0,1.0
2016-11-08,0.004504060075146699,1.8300975926124217,0.0,0.0,1.0
2016-11-09,0.010602018327340312,1.84950032083012,0.0,0.0,1.0
2016-11-10,0.002495492243090869,1.8541157345343455,0.0,0.0,1.0
2016-11-11,-0.002304937944263563,1.8498421128247613,0.0,0.0,1.0
2016-11-14,0.0007854712422912247,1.8512951106071645,0.0,0.0,1.0
2016-11-15,0.007802845539856884,1.8657404804039244,0.0,0.0,1.0
2016-11-16,-0.0018782679988678108,1.8622361197653894,0.0,0.0,1.0
2016-11-17,0.005140471728348528,1.8718088918905529,0.0,0.0,1.0
2016-11-18,-0.002237378316750971,1.8676209472627352,0.0,0.0,1.0
2016-11-21,0.0075513004576786,1.8817239141765705,0.0,0.0,1.0
2016-11-22,0.001953295088777951,1.8853994762565676,0.0,0.0,1.0
2016-11-23,0.0005437697818229115,1.8864246995184206,0.0,0.0,1.0
2016-11-25,0.0037158321831156638,1.8934343371279154,0.0,0.0,1.0
2016-11-28,-0.004695065917970531,1.884544538103751,0.0,0.0,1.0
2016-11-29,0.0019503715649489273,1.8882201001837484,0.0,0.0,1.0
2016-11-30,-0.002399107003553169,1.8836900581171476,0.0,0.0,1.0
2016-12-01,-0.003675418686641674,1.8767667084777027,0.0,0.0,1.0
2016-12-02,0.0005007823401719236,1.877706560101931,0.0,0.0,1.0
2016-12-05,0.006008901558252511,1.8889895139768684,0.0,0.0,1.0
2016-12-06,0.0031673229548043746,1.8949725538258722,0.0,0.0,1.0
2016-12-07,0.01308077438223032,1.9197602622629872,0.0,0.0,1.0
2016-12-08,0.002448870101374734,1.9244615057710504,0.0,0.0,1.0
2016-12-09,0.006040518781341486,1.9360862516406292,0.0,0.0,1.0
2016-12-12,-0.001147888723263324,1.9338638400651058,0.0,0.0,1.0
2016-12-13,0.006673966358502703,1.9467703822756253,0.0,0.0,1.0
2016-12-14,-0.008254318908273328,1.9307011186991412,0.0,0.0,1.0
2016-12-15,0.004117252387017656,1.938650302488723,0.0,0.0,1.0
2016-12-16,-0.001955888367836889,1.9348585189127818,0.0,0.0,1.0
2016-12-19,0.0021774944929209283,1.9390716626822955,0.0,0.0,1.0
2016-12-20,0.0038576059120711825,1.9465518369921884,0.0,0.0,1.0
2016-12-21,-0.002782503985261253,1.94113554874824,0.0,0.0,1.0
2016-12-22,-0.0017278182355042748,1.9377816193495272,0.0,0.0,1.0
2016-12-23,0.0014645001752797704,1.9406195008707186,0.0,0.0,1.0
2016-12-27,0.0024811775047670626,1.9454345223215912,0.0,0.0,1.0
2016-12-28,-0.008264854026385438,1.9293557899767124,0.0,0.0,1.0
2016-12-29,-0.00022243124954834936,1.9289266409575245,0.0,0.0,1.0
2016-12-30,-0.003655334743644767,1.9218757683888905,0.0,0.0,1.0
2017-01-03,0.007650106217040431,1.9365783221530217,0.0,0.0,1.0
2017-01-04,0.0059491771913666724,1.9480993697364697,0.0,0.0,1.0
2017-01-05,-0.0007943808043480161,1.9465518369921886,0.0,0.0,1.0
2017-01-06,0.0035778301631435028,1.9535162688687016,0.0,0.0,1.0
2017-01-09,-0.0033011458711519337,1.9470674267034975,0.0,0.0,1.0
2017-01-10,0.0,1.9470674267034975,0.0,0.0,1.0
2017-01-11,0.0028262409317056925,1.952570308361638,0.0,0.0,1.0
2017-01-12,-0.0025098704572392716,1.9476696098289985,0.0,0.0,1.0
2017-01-13,0.002295375539293376,1.952140243010025,0.0,0.0,1.0
2017-01-17,-0.003523386155831476,1.945262099103562,0.0,0.0,1.0
2017-01-18,0.0022098143644448953,1.9495607672327713,0.0,0.0,1.0
2017-01-19,-0.0037043054452750024,1.9423389986668165,0.0,0.0,1.0
2017-01-20,0.0036738108254759094,1.9494747847068628,0.0,0.0,1.0
2017-01-23,-0.002602223464696407,1.9444018156782645,0.0,0.0,1.0
2017-01-24,0.006411901816860022,1.956869129212918,0.0,0.0,1.0
2017-01-25,0.008655401782683203,1.9738066177623852,0.0,0.0,1.0
2017-01-26,-0.001045250551408583,1.9717434953067952,0.0,0.0,1.0
2017-01-27,-0.0015697874586630967,1.968648277096162,0.0,0.0,1.0
2017-01-30,-0.0062019031530291535,1.956438911139234,0.0,0.0,1.0
2017-01-31,-8.766278600769173e-05,1.9562674042536297,0.0,0.0,1.0
2017-02-01,0.0003953368365090526,1.957040788820593,0.0,0.0,1.0
2017-02-02,0.0006591806058093841,1.9583308321533615,0.0,0.0,1.0
2017-02-03,0.006892778285249035,1.971829172388562,0.0,0.0,1.0
2017-02-06,-0.0017878240222888309,1.9683038888263158,0.0,0.0,1.0
2017-02-07,4.3838743874813346e-05,1.9683901767963659,0.0,0.0,1.0
2017-02-08,0.0013104494259625898,1.9709696525736191,0.0,0.0,1.0
2017-02-09,0.005932774289110876,1.9826629706530257,0.0,0.0,1.0
2017-02-10,0.003946106365625868,1.9904867696224102,0.0,0.0,1.0
2017-02-13,0.0054424047521624,2.0013198042765197,0.0,0.0,1.0
2017-02-14,0.00399524553952646,2.0093155682977213,0.0,0.0,1.0
2017-02-15,0.005220541563635939,2.0198052837364804,0.0,0.0,1.0
2017-02-16,-0.0008511673703396339,2.018086091384524,0.0,0.0,1.0
2017-02-17,0.0015761940513734363,2.021266986676924,0.0,0.0,1.0
2017-02-21,0.0059550717921814655,2.033303776693751,0.0,0.0,1.0
2017-02-22,-0.0008881042699308006,2.031497990927603,0.0,0.0,1.0
2017-02-23,0.0006771950652566527,2.032873711342138,0.0,0.0,1.0
2017-02-24,0.0012688063408914374,2.0354530343973205,0.0,0.0,1.0
2017-02-27,0.0015629707022712935,2.0386343878559328,0.0,0.0,1.0
2017-02-28,-0.0026992230528677386,2.033131658919863,0.0,0.0,1.0
2017-03-01,0.013997690162533605,2.0615908059410613,0.0,0.0,1.0
2017-03-02,-0.0062975170477808096,2.048607902695099,0.0,0.0,1.0
2017-03-03,0.0006295679553562916,2.0498976405837257,0.0,0.0,1.0
2017-03-06,-0.0029776330711499543,2.0437937975766514,0.0,0.0,1.0
2017-03-07,-0.0029871236476398666,2.0376887327930104,0.0,0.0,1.0
2017-03-08,-0.0018564786833975555,2.033905807097181,0.0,0.0,1.0
2017-03-09,0.0012684628434922463,2.036485741040647,0.0,0.0,1.0
2017-03-10,0.003503970539169954,2.0436215270806932,0.0,0.0,1.0
2017-03-13,0.0005049579970153317,2.044653470113665,0.0,0.0,1.0
2017-03-14,-0.0038267657439446934,2.0368290602559966,0.0,0.0,1.0
2017-03-15,0.008653177459269745,2.0544541035685895,0.0,0.0,1.0
2017-03-16,-0.0019666611682024326,2.050413688461247,0.0,0.0,1.0
2017-03-17,-0.001756321883599421,2.0468125020297707,0.0,0.0,1.0
2017-03-20,-0.0010967598242229704,2.044567640309827,0.0,0.0,1.0
2017-03-21,-0.012839583414565925,2.018316243545347,0.0,0.0,1.0
2017-03-22,0.0023533522765795123,2.0230660526719517,0.0,0.0,1.0
2017-03-23,-0.001067358802939511,2.020906715311704,0.0,0.0,1.0
2017-03-24,-0.0007262379258222706,2.019439056210496,0.0,0.0,1.0
2017-03-27,-0.0010261690113746447,2.017366770430653,0.0,0.0,1.0
2017-03-28,0.007276863996613425,2.0320468740503643,0.0,0.0,1.0
2017-03-29,0.0009346495387403397,2.033946125723894,0.0,0.0,1.0
2017-03-30,0.0031842719431913746,2.0404227633059997,0.0,0.0,1.0
2017-03-31,-0.0023276308448436644,2.0356734123456075,0.0,0.0,1.0
2017-04-03,-0.0017394053446896374,2.032132551132131,0.0,0.0,1.0
2017-04-04,0.0006372273493258085,2.0334274815711675,0.0,0.0,1.0
2017-04-05,-0.002972534883235345,2.0273830474496677,0.0,0.0,1.0
2017-04-06,0.0028113028234157955,2.0330826351351083,0.0,0.0,1.0
2017-04-07,-0.0010192826125364762,2.0310103493552654,0.0,0.0,1.0
2017-04-10,0.0005949438048054034,2.03221868638011,0.0,0.0,1.0
2017-04-11,-0.0011894807159159582,2.029801401442137,0.0,0.0,1.0
2017-04-12,-0.004382047487066054,2.020906715311704,0.0,0.0,1.0
2017-04-13,-0.006494879531411035,2.007781169651535,0.0,0.0,1.0
2017-04-17,0.008859986518222174,2.025570083746188,0.0,0.0,1.0
2017-04-18,-0.0029840656563809853,2.019525649624688,0.0,0.0,1.0
2017-04-19,-0.0018386913937915583,2.015812365193182,0.0,0.0,1.0
2017-04-20,0.008138813646653809,2.0322186863801095,0.0,0.0,1.0
2017-04-21,-0.0031867532068746707,2.025742506964217,0.0,0.0,1.0
2017-04-24,0.010998140715466453,2.0480219081091113,0.0,0.0,1.0
2017-04-25,0.00581866357089611,2.059938658578223,0.0,0.0,1.0
2017-04-26,-0.0006289964237504719,2.0586429645288318,0.0,0.0,1.0
2017-04-27,0.0008389671882893524,2.060370098428474,0.0,0.0,1.0
2017-04-28,-0.0021796047699432775,2.055879305934091,0.0,0.0,1.0
2017-05-01,0.002520359247764059,2.061060860355089,0.0,0.0,1.0
2017-05-02,0.00037723682877732756,2.061838368417966,0.0,0.0,1.0
2017-05-03,-0.0012147615452713367,2.059333726455447,0.0,0.0,1.0
2017-05-04,0.0011741155866069608,2.0617516222817036,0.0,0.0,1.0
2017-05-05,0.003936955963930178,2.0698686476271884,0.0,0.0,1.0
2017-05-08,-0.0001668244034072064,2.0695233430249167,0.0,0.0,1.0
2017-05-09,-0.000918019392347813,2.0676234804631033,0.0,0.0,1.0
2017-05-10,0.001796066793948281,2.071337070338751,0.0,0.0,1.0
2017-05-11,-0.002042869062024777,2.067105599920731,0.0,0.0,1.0
2017-05-12,-0.0016711388723863463,2.063651179399376,0.0,0.0,1.0
2017-05-15,0.005523715811374785,2.0750502020481867,0.0,0.0,1.0
2017-05-16,-0.0009155742641494546,2.0731503394863733,0.0,0.0,1.0
2017-05-17,-0.01774423685423898,2.036363868828081,0.0,0.0,1.0
2017-05-18,0.004028637321319639,2.044567640309829,0.0,0.0,1.0
2017-05-19,0.006504049372601628,2.0578656091880276,0.0,0.0,1.0
2017-05-22,0.005077635449686424,2.0683147005559315,0.0,0.0,1.0
2017-05-23,0.002212730150296105,2.072891322854152,0.0,0.0,1.0
2017-05-24,0.002332872736354963,2.0777271145066654,0.0,0.0,1.0
2017-05-25,0.0047794761621209325,2.0876575617218425,0.0,0.0,1.0
2017-05-26,-0.00020658901923764628,2.0872262745936623,0.0,0.0,1.0
2017-05-30,-0.0008691116914619768,2.0854122418356864,0.0,0.0,1.0
2017-05-31,-0.0002485545534769429,2.0848939031271017,0.0,0.0,1.0
2017-06-01,0.00795242681493602,2.1014738693086263,0.0,0.0,1.0
2017-06-02,0.0033284595867231204,2.1084685401551746,0.0,0.0,1.0
2017-06-05,-0.0007372200285977737,2.106914134917704,0.0,0.0,1.0
2017-06-06,-0.0031967112168893586,2.1001789388695897,0.0,0.0,1.0
2017-06-07,0.0018500338868672195,2.1040643410749835,0.0,0.0,1.0
2017-06-08,0.0004926297522676037,2.1051008657700825,0.0,0.0,1.0
2017-06-09,-0.0015176436686713535,2.101906072769232,0.0,0.0,1.0
2017-06-12,-0.00020562453584604956,2.101473869308627,0.0,0.0,1.0
2017-06-13,0.004890001314668879,2.111750079292288,0.0,0.0,1.0
2017-06-14,-0.0012676998129654837,2.1090730141117393,0.0,0.0,1.0
2017-06-15,-0.001924274922941005,2.1050145778000324,0.0,0.0,1.0
2017-06-16,0.00021852526930588034,2.105474576677539,0.0,0.0,1.0
2017-06-19,0.008324922214529407,2.1230024887530488,0.0,0.0,1.0
2017-06-20,-0.0067440778903228304,2.108684794607549,0.0,0.0,1.0
2017-06-21,-0.00024675290343867395,2.1081644705120426,0.0,0.0,1.0
2017-06-22,-0.00045284211856233547,2.107209804846938,0.0,0.0,1.0
2017-06-23,0.0011941865286453357,2.1097262064089155,0.0,0.0,1.0
2017-06-26,0.0006579483622377591,2.1111142973111923,0.0,0.0,1.0
2017-06-27,-0.008055996700629509,2.0941071674974014,0.0,0.0,1.0
2017-06-28,0.008950265984620787,2.112849983646804,0.0,0.0,1.0
2017-06-29,-0.008788828711301377,2.0942805070478565,0.0,0.0,1.0
2017-06-30,0.0018647244537999264,2.098185763122465,0.0,0.0,1.0
2017-07-03,0.001695152245983822,2.1017425074313136,0.0,0.0,1.0
2017-07-05,0.0023124750851590825,2.1066027346151683,0.0,0.0,1.0
2017-07-06,-0.009144535672874321,2.0873388307599052,0.0,0.0,1.0
2017-07-07,0.006485061530711489,2.1008753515128267,0.0,0.0,1.0
2017-07-10,0.0010736976781378083,2.103131056499803,0.0,0.0,1.0
2017-07-11,-0.000742576594096156,2.1015693206029296,0.0,0.0,1.0
2017-07-12,0.007514782630939187,2.117362157231111,0.0,0.0,1.0
2017-07-13,0.0016803045955999796,2.120919970594456,0.0,0.0,1.0
2017-07-14,0.0046640675332092485,2.130812084569841,0.0,0.0,1.0
2017-07-17,-0.000122274439317005,2.1305515407169104,0.0,0.0,1.0
2017-07-18,0.0005297295476187625,2.131680156820753,0.0,0.0,1.0
2017-07-19,0.00541370642657335,2.1432204473851324,0.0,0.0,1.0
2017-07-20,0.0004455776401401934,2.1441754184943784,0.0,0.0,1.0
2017-07-21,-0.000890331019374857,2.142266392608312,0.0,0.0,1.0
2017-07-24,-0.0002430987404347107,2.141745610346593,0.0,0.0,1.0
2017-07-25,0.0024309367524322223,2.146952058465145,0.0,0.0,1.0
2017-07-26,4.0190916098969964e-05,2.1470383464351954,0.0,0.0,1.0
2017-07-27,-0.0009295465195781061,2.145042574412866,0.0,0.0,1.0
2017-07-28,-0.00117276830848545,2.1425269364612425,0.0,0.0,1.0
2017-07-31,-0.0005671138949462362,2.141311879665279,0.0,0.0,1.0
2017-08-01,0.0022287327868566464,2.1460842916583744,0.0,0.0,1.0
2017-08-02,0.00048519020587556305,2.1471255507376705,0.0,0.0,1.0
2017-08-03,-0.0019399618992451684,2.1429602089763438,0.0,0.0,1.0
2017-08-04,0.001822151382951498,2.14686500688474,0.0,0.0,1.0
2017-08-07,0.0018592431437740586,2.1508565509293986,0.0,0.0,1.0
2017-08-08,-0.0024606863550451497,2.1455639675628673,0.0,0.0,1.0
2017-08-09,-4.050163949798069e-05,2.1454770687045333,0.0,0.0,1.0
2017-08-10,-0.014115428653187712,2.115192740214184,0.0,0.0,1.0
2017-08-11,0.0014770452567764991,2.1183169756182854,0.0,0.0,1.0
2017-08-14,0.009913192873603816,2.1393162603650184,0.0,0.0,1.0
2017-08-15,-0.00012178837592047298,2.1390557165120883,0.0,0.0,1.0
2017-08-16,0.0017442990778582246,2.142786869425888,0.0,0.0,1.0
2017-08-17,-0.015590889361347116,2.1093789164197214,0.0,0.0,1.0
2017-08-18,-0.0015630746864292444,2.106081799631378,0.0,0.0,1.0
2017-08-21,0.0007828696290745896,2.1077305871086565,0.0,0.0,1.0
2017-08-22,0.010456929950517724,2.129770978212615,0.0,0.0,1.0
2017-08-23,-0.003585554064980956,2.1221345692242064,0.0,0.0,1.0
2017-08-24,-0.002330555100169107,2.1171888176806557,0.0,0.0,1.0
2017-08-25,0.0023359992751939007,2.1221345692242064,0.0,0.0,1.0
2017-08-28,4.0948797307205353e-05,2.12222146808254,0.0,0.0,1.0
2017-08-29,0.0011449361833009153,2.124651276230326,0.0,0.0,1.0
2017-08-30,0.004737677097726767,2.1347171879223783,0.0,0.0,1.0
2017-08-31,0.0060159720516639315,2.147559586863126,0.0,0.0,1.0
2017-09-01,0.0014141778045198006,2.1505966179647515,0.0,0.0,1.0
2017-09-05,-0.0071820532181792185,2.1351509186036925,0.0,0.0,1.0
2017-09-06,0.003413794413142046,2.142439884880837,0.0,0.0,1.0
2017-09-07,-0.0001216108114718839,2.142179341027907,0.0,0.0,1.0
2017-09-08,-0.0011747635857793925,2.1396627867438585,0.0,0.0,1.0
2017-09-11,0.010665963177902027,2.1624843512403955,0.0,0.0,1.0
2017-09-12,0.0033707152586024414,2.1697734702396105,0.0,0.0,1.0
2017-09-13,0.000479822604297242,2.170814576596836,0.0,0.0,1.0
2017-09-14,-0.0003197517741299061,2.170120454784662,0.0,0.0,1.0
2017-09-15,0.001346061248988839,2.173041569834486,0.0,0.0,1.0
2017-09-18,0.0021270340795627174,2.1776637033098303,0.0,0.0,1.0
2017-09-19,0.0010011923698987069,2.1798439635937896,0.0,0.0,1.0
2017-09-20,0.00035997347209892894,2.180628649593998,0.0,0.0,1.0
2017-09-21,-0.0026793595814436078,2.174785961328138,0.0,0.0,1.0
2017-09-22,0.0002005596146952282,2.1752221355625867,0.0,0.0,1.0
2017-09-25,-0.0020447221447766895,2.1707744106921933,0.0,0.0,1.0
2017-09-26,0.0006027203816436622,2.172082780673468,0.0,0.0,1.0
2017-09-27,0.003894334698193891,2.1805415980135945,0.0,0.0,1.0
2017-09-28,0.0011997611403740116,2.18315772708786,0.0,0.0,1.0
2017-09-29,0.0035150820862048793,2.1908317057057065,0.0,0.0,1.0
2017-10-02,0.004338727464618941,2.20033712739761,0.0,0.0,1.0
2017-10-03,0.0021400024709421483,2.2050458542871465,0.0,0.0,1.0
2017-10-04,0.001186428422420116,2.2076619833614126,0.0,0.0,1.0
2017-10-05,0.005925250746743993,2.220742934176883,0.0,0.0,1.0
2017-10-06,-0.0011388429767980046,2.218213856683022,0.0,0.0,1.0
2017-10-09,-0.0016512772819800015,2.214550970534908,0.0,0.0,1.0
2017-10-10,0.002638248395058662,2.2203935060786972,0.0,0.0,1.0
2017-10-11,0.001570970230939439,2.223881678177718,0.0,0.0,1.0
2017-10-12,-0.0014901495203899495,2.2205677619615773,0.0,0.0,1.0
2017-10-13,0.0012174751633897696,2.2232712480603896,0.0,0.0,1.0
2017-10-16,0.0013338023657560871,2.22623665251077,0.0,0.0,1.0
2017-10-17,0.0007050125244854044,2.2278061772332585,0.0,0.0,1.0
2017-10-18,0.0009786579758328529,2.2299864375172174,0.0,0.0,1.0
2017-10-19,0.00027366865779554495,2.230596714912475,0.0,0.0,1.0
2017-10-20,0.005160419688482465,2.2421075301171736,0.0,0.0,1.0
2017-10-23,-0.00388938983987841,2.233387099869621,0.0,0.0,1.0
2017-10-24,0.0017570593165994186,2.23731129348102,0.0,0.0,1.0
2017-10-25,-0.004949977681925066,2.22623665251077,0.0,0.0,1.0
2017-10-26,0.001292511528055762,2.2291140890483203,0.0,0.0,1.0
2017-10-27,0.008176138935578114,2.247339635543634,0.0,0.0,1.0
2017-10-30,-0.0037250534735281393,2.2389681752280546,0.0,0.0,1.0
2017-10-31,0.0015580737510070275,2.2424566527712173,0.0,0.0,1.0
2017-11-01,0.0013220504558526525,2.245421293611243,0.0,0.0,1.0
2017-11-02,0.00038856903755668526,2.246293794802211,0.0,0.0,1.0
2017-11-03,0.0033384376807856775,2.2537929066488935,0.0,0.0,1.0
2017-11-06,0.0015478252384553137,2.2572813841920563,0.0,0.0,1.0
2017-11-07,-0.0006952487232686488,2.2557120121916387,0.0,0.0,1.0
2017-11-08,0.0017006717514624903,2.2595482378902076,0.0,0.0,1.0
2017-11-09,-0.003627536428285838,2.251351644345792,0.0,0.0,1.0
2017-11-10,-0.00031021277014320336,2.250653246315633,0.0,0.0,1.0
2017-11-13,0.0009299771010526925,2.2527463022971164,0.0,0.0,1.0
2017-11-14,-0.0023223419587521388,2.247514655036868,0.0,0.0,1.0
2017-11-15,-0.005005310072707436,2.2362651472954544,0.0,0.0,1.0
2017-11-16,0.008500953136342027,2.255275532513048,0.0,0.0,1.0
2017-11-17,-0.0029388127245350004,2.2486477000807663,0.0,0.0,1.0
2017-11-20,0.0017064899730301342,2.2524849948338312,0.0,0.0,1.0
2017-11-21,0.006542785924063876,2.267222521952195,0.0,0.0,1.0
2017-11-22,-0.000884515522132534,2.2652171284394,0.0,0.0,1.0
2017-11-24,0.0023094892195969496,2.270448622977577,0.0,0.0,1.0
2017-11-27,-0.000499107425070533,2.269315425211608,0.0,0.0,1.0
2017-11-28,0.010144746804975346,2.2923370556210045,0.0,0.0,1.0
2017-11-29,-0.0006084666606839262,2.2909422449476087,0.0,0.0,1.0
2017-11-30,0.008754775101581735,2.310998929072838,0.0,0.0,1.0
2017-12-01,-0.0020755936932826957,2.3062022342704713,0.0,0.0,1.0
2017-12-04,-0.0012098818540767775,2.303412002035396,0.0,0.0,1.0
2017-12-05,-0.00359644878281129,2.295127898744363,0.0,0.0,1.0
2017-12-06,0.00018984391609477846,2.295563614812599,0.0,0.0,1.0
2017-12-07,0.003153219202889357,2.30280203008428,0.0,0.0,1.0
2017-12-08,0.005452772657865701,2.315358686030401,0.0,0.0,1.0
2017-12-11,0.0030137323693524287,2.322336557449152,0.0,0.0,1.0
2017-12-12,0.0017647299049150522,2.32643485422136,0.0,0.0,1.0
2017-12-13,-0.00011284616002715797,2.326172324981508,0.0,0.0,1.0
2017-12-14,-0.004086227347713023,2.3166670560116756,0.0,0.0,1.0
2017-12-15,0.008327218957925764,2.335958449839698,0.0,0.0,1.0
2017-12-18,0.006341347614495785,2.3507715743831503,0.0,0.0,1.0
2017-12-19,-0.0038401216801893234,2.341744325495189,0.0,0.0,1.0
2017-12-20,-0.0005240204176875096,2.3405172036556254,0.0,0.0,1.0
2017-12-21,0.002059661069769625,2.345337875823121,0.0,0.0,1.0
2017-12-22,-0.00026157619551137046,2.3447243912643745,0.0,0.0,1.0
2017-12-26,-0.0011965177880248756,2.341918886822211,0.0,0.0,1.0
2017-12-27,0.0004868755223101928,2.343059109803441,0.0,0.0,1.0
2017-12-28,0.002057100709484727,2.347879018360582,0.0,0.0,1.0
2017-12-29,-0.003770374047202263,2.339026636243785,0.0,0.0,1.0
2018-01-02,0.007157288295439379,2.3557677242100934,0.0,0.0,1.0
2018-01-03,0.006325365740919242,2.370668816666375,0.0,0.0,1.0
2018-01-04,0.004214584192957949,2.3806601999878354,0.0,0.0,1.0
2018-01-05,0.006664020645890334,2.396524968711404,0.0,0.0,1.0
2018-01-08,0.0018290770744224805,2.400908397589955,0.0,0.0,1.0
2018-01-09,0.0022634388941151773,2.406342707038268,0.0,0.0,1.0
2018-01-10,-0.0015300495952362825,2.4026608833533643,0.0,0.0,1.0
2018-01-11,0.007295780563789878,2.420190169927512,0.0,0.0,1.0
2018-01-12,0.006519268634872288,2.435968039792747,0.0,0.0,1.0
2018-01-16,-0.003418172936065278,2.4276414797660073,0.0,0.0,1.0
2018-01-17,0.009531503673325892,2.4507805534479155,0.0,0.0,1.0
2018-01-18,-0.001680591729811165,2.446661791918209,0.0,0.0,1.0
2018-01-19,0.004549337389839314,2.4577924818884735,0.0,0.0,1.0
2018-01-22,0.008130868886104148,2.4777764703079614,0.0,0.0,1.0
2018-01-23,0.0021223995997556866,2.483035302096827,0.0,0.0,1.0
2018-01-24,-0.00038816564087640337,2.48207147310747,0.0,0.0,1.0
2018-01-25,0.00042381923149914513,2.4831234227317283,0.0,0.0,1.0
2018-01-26,0.0115780086228634,2.51187304713175,0.0,0.0,1.0
2018-01-29,-0.006630126631965272,2.495219010745846,0.0,0.0,1.0
2018-01-30,-0.010256942276736236,2.469625693384811,0.0,0.0,1.0
2018-01-31,0.0004968857599962906,2.470852815224375,0.0,0.0,1.0
2018-02-01,-0.0011353779160001576,2.4680474635042824,0.0,0.0,1.0
2018-02-02,-0.02176996402004039,2.414318159024042,0.0,0.0,1.0
2018-02-05,-0.0418225578094521,2.3133451982478492,0.0,0.0,1.0
2018-02-06,0.019702300438114273,2.358923420360797,0.0,0.0,1.0
2018-02-07,-0.005424820039132694,2.3461266853192444,0.0,0.0,1.0
2018-02-08,-0.037509014900143356,2.258125784521981,0.0,0.0,1.0
2018-02-09,0.015021658205537136,2.2920465782421804,0.0,0.0,1.0
2018-02-12,0.014684408452874997,2.325703926390103,0.0,0.0,1.0
2018-02-13,0.002487467118876152,2.33148903843524,0.0,0.0,1.0
2018-02-14,0.01349606995103314,2.362954977588029,0.0,0.0,1.0
2018-02-15,0.012760194764098953,2.3931067433208493,0.0,0.0,1.0
2018-02-16,0.00029285847162840994,2.393807584904142,0.0,0.0,1.0
2018-02-20,-0.006261087435373347,2.378819746311597,0.0,0.0,1.0
2018-02-21,-0.00497434023431742,2.3669866875373304,0.0,0.0,1.0
2018-02-22,0.001296435077753566,2.3700553321076296,0.0,0.0,1.0
2018-02-23,0.015938979098056194,2.40783159450733,0.0,0.0,1.0
2018-02-26,0.011612763358550104,2.435793173021584,0.0,0.0,1.0
2018-02-27,-0.012486841807442528,2.405377808994415,0.0,0.0,1.0
2018-02-28,-0.010129946386147615,2.3810114607508726,0.0,0.0,1.0
2018-03-01,-0.014540854304294526,2.3463895200032385,0.0,0.0,1.0
2018-03-02,0.005155369235763985,2.3584860243497823,0.0,0.0,1.0
2018-03-05,0.011557538648269805,2.385744317727609,0.0,0.0,1.0
2018-03-06,0.0025347155073749406,2.391791500846385,0.0,0.0,1.0
2018-03-07,-0.0003665776923458264,2.390914723437432,0.0,0.0,1.0
2018-03-08,0.004839565203727414,2.4024857111380595,0.0,0.0,1.0
2018-03-09,0.017402219311215328,2.444294294375345,0.0,0.0,1.0
2018-03-12,-0.0012549318634790252,2.4412268715816134,0.0,0.0,1.0
2018-03-13,-0.006462715004684427,2.425449918048804,0.0,0.0,1.0
2018-03-14,-0.005131517165641641,2.4130036801599326,0.0,0.0,1.0
2018-03-15,-0.0010896858202299464,2.4103742642654997,0.0,0.0,1.0
2018-03-16,0.0010842216977395847,2.4129876443424894,0.0,0.0,1.0
2018-03-19,-0.01353024475783382,2.3803393309169065,0.0,0.0,1.0
2018-03-20,0.0017007477053572195,2.384387687571935,0.0,0.0,1.0
2018-03-21,-0.001919347931548132,2.379811217995785,0.0,0.0,1.0
2018-03-22,-0.02499713142096438,2.320322764222459,0.0,0.0,1.0
2018-03-23,-0.021314468462573344,2.2708663178414485,0.0,0.0,1.0
2018-03-26,0.02735876681000038,2.332994419887957,0.0,0.0,1.0
2018-03-27,-0.017011826136798636,2.2933059244387017,0.0,0.0,1.0
2018-03-28,-0.002954541443726977,2.286530257041803,0.0,0.0,1.0
2018-03-29,0.012777588644921956,2.3157466000904505,0.0,0.0,1.0
2018-04-02,-0.021584773024959314,2.265761735344177,0.0,0.0,1.0
2018-04-03,0.012816926566391551,2.2948018371230234,0.0,0.0,1.0
2018-04-04,0.010699254625316179,2.319354506293046,0.0,0.0,1.0
2018-04-05,0.007892002293839129,2.337658857376937,0.0,0.0,1.0
2018-04-06,-0.022285846105420615,2.285562151834461,0.0,0.0,1.0
2018-04-09,0.004928468811600029,2.2968264736167505,0.0,0.0,1.0
2018-04-10,0.015900453060945674,2.333347055149631,0.0,0.0,1.0
2018-04-11,-0.005242306976364408,2.321114933604141,0.0,0.0,1.0
2018-04-12,0.008226976001385333,2.3402106904593594,0.0,0.0,1.0
2018-04-13,-0.0029329134072031415,2.333347055149631,0.0,0.0,1.0
2018-04-16,0.00822174433585543,2.3525312380838925,0.0,0.0,1.0
2018-04-17,0.010698387945003551,2.3776995299216535,0.0,0.0,1.0
2018-04-18,0.0007404552219532068,2.37946010995482,0.0,0.0,1.0
2018-04-19,-0.005548021482730037,2.3662588141474914,0.0,0.0,1.0
2018-04-20,-0.008479213966228749,2.34619479936286,0.0,0.0,1.0
2018-04-23,-0.00014997546299877484,2.3458429277115402,0.0,0.0,1.0
2018-04-24,-0.013467394877244243,2.3142505346840583,0.0,0.0,1.0
2018-04-25,0.0024716651707374915,2.3199705871269973,0.0,0.0,1.0
2018-04-26,0.010166020870130632,2.3435554565338195,0.0,0.0,1.0
2018-04-27,0.0009385326294533147,2.3457549597987097,0.0,0.0,1.0
2018-04-30,-0.0076906134410892335,2.32771466517538,0.0,0.0,1.0
2018-05-01,0.0017766614694556537,2.3318502261328837,0.0,0.0,1.0
2018-05-02,-0.006717255499804842,2.3161865923766713,0.0,0.0,1.0
2018-05-03,-0.002203609858457134,2.311082620767684,0.0,0.0,1.0
2018-05-04,0.012946350806510187,2.341002707118971,0.0,0.0,1.0
2018-05-07,0.003383367313574359,2.348923179159226,0.0,0.0,1.0
2018-05-08,0.0,2.348923179159226,0.0,0.0,1.0
2018-05-09,0.009665822257424406,2.3716274531053236,0.0,0.0,1.0
2018-05-10,0.009350351425413184,2.393803003242016,0.0,0.0,1.0
2018-05-11,0.00305124763912068,2.4011070890041784,0.0,0.0,1.0
2018-05-14,0.0004765275819278436,2.4022512827592513,0.0,0.0,1.0
2018-05-15,-0.006886650753530232,2.385707817152668,0.0,0.0,1.0
2018-05-16,0.004204916409314086,2.395739519100842,0.0,0.0,1.0
2018-05-17,-0.00084471627452265,2.3937157989395406,0.0,0.0,1.0
2018-05-18,-0.0025000521575255785,2.387731384591899,0.0,0.0,1.0
2018-05-21,0.007518506522247392,2.405683558580328,0.0,0.0,1.0
2018-05-22,-0.002780148547146699,2.3989954009300463,0.0,0.0,1.0
2018-05-23,0.0027511670146687095,2.405595437945427,0.0,0.0,1.0
2018-05-24,-0.0020485721354447373,2.400667402162099,0.0,0.0,1.0
2018-05-25,-0.00238269259531243,2.3949473497191596,0.0,0.0,1.0
2018-05-29,-0.01150114939435587,2.3674027024584228,0.0,0.0,1.0
2018-05-30,0.013344877252533527,2.3989954009300467,0.0,0.0,1.0
2018-05-31,-0.00612608297439754,2.384298956048751,0.0,0.0,1.0
2018-06-01,0.009817632101638551,2.4077071260195586,0.0,0.0,1.0
2018-06-04,0.004751832602339023,2.419148147237862,0.0,0.0,1.0
2018-06-05,0.0007272004141360977,2.42090735277239,0.0,0.0,1.0
2018-06-06,0.0083608597906637,2.441148219715107,0.0,0.0,1.0
2018-06-07,-0.00010823152010919213,2.4408840105324754,0.0,0.0,1.0
2018-06-08,0.0029564168310598493,2.4481002811038786,0.0,0.0,1.0
2018-06-11,0.0013300873736585839,2.4513564683772247,0.0,0.0,1.0
2018-06-12,0.001291936780636993,2.4545234659611737,0.0,0.0,1.0
2018-06-13,-0.003190737683171352,2.446691725444103,0.0,0.0,1.0
2018-06-14,0.0025177036669963293,2.4528517701732633,0.0,0.0,1.0
2018-06-15,-0.0012758324789803321,2.449722342218752,0.0,0.0,1.0
2018-06-18,-0.00205662017674757,2.4446841938223156,0.0,0.0,1.0
2018-06-19,-0.0038328508691538588,2.435314083885217,0.0,0.0,1.0
2018-06-20,0.001706002212961577,2.4394687351015816,0.0,0.0,1.0
2018-06-21,-0.00626854036522051,2.424176826865904,0.0,0.0,1.0
2018-06-22,0.0018227662388135002,2.428595534542829,0.0,0.0,1.0
2018-06-25,-0.013612638865656557,2.3955359405803516,0.0,0.0,1.0
2018-06-26,0.0022140702253425903,2.4008398253801286,0.0,0.0,1.0
2018-06-27,-0.008284246122216232,2.380950677366661,0.0,0.0,1.0
2018-06-28,0.005717350298641621,2.394563406432954,0.0,0.0,1.0
2018-06-29,0.0014398034902622925,2.3980111071831907,0.0,0.0,1.0
2018-07-02,0.0021380354020603676,2.403138139824882,0.0,0.0,1.0
2018-07-03,-0.0035312803913273294,2.3946519852340677,0.0,0.0,1.0
2018-07-05,0.008157883106056918,2.4141872762092946,0.0,0.0,1.0
2018-07-06,0.008458337152670525,2.4346072861411603,0.0,0.0,1.0
2018-07-09,0.009004590806944268,2.4565299285284663,0.0,0.0,1.0
2018-07-10,0.003598079449324443,2.465368718380955,0.0,0.0,1.0
2018-07-11,-0.00731457187379303,2.4473356016949563,0.0,0.0,1.0
2018-07-12,0.009066278467574573,2.469523827763532,0.0,0.0,1.0
2018-07-13,0.0007872578270002872,2.4714679797259027,0.0,0.0,1.0
2018-07-16,-0.0008942838135002074,2.46925778591605,0.0,0.0,1.0
2018-07-17,0.004045691850292243,2.479247642016801,0.0,0.0,1.0
2018-07-18,0.0021034609315102593,2.484462642571322,0.0,0.0,1.0
2018-07-19,-0.0037716064716282194,2.4750922271900815,0.0,0.0,1.0
2018-07-20,-0.0011428738557146545,2.4722635089931435,0.0,0.0,1.0
2018-07-23,0.0018594030599596856,2.476860443326792,0.0,0.0,1.0
2018-07-24,0.0050322198833390175,2.489324549697957,0.0,0.0,1.0
2018-07-25,0.00852242470170017,2.510539630730851,0.0,0.0,1.0
2018-07-26,-0.002359383395817316,2.5046163052115635,0.0,0.0,1.0
2018-07-27,-0.00677567916549382,2.4876458286947853,0.0,0.0,1.0
2018-07-30,-0.005224047180648839,2.4746502495169396,0.0,0.0,1.0
2018-07-31,0.00492951605440739,2.4868490776509766,0.0,0.0,1.0
2018-08-01,-0.00167071012703357,2.482694273712541,0.0,0.0,1.0
2018-08-02,0.005447306857837786,2.4962182712556498,0.0,0.0,1.0
2018-08-03,0.004285449545156306,2.506915688710813,0.0,0.0,1.0
2018-08-06,0.0036666713778370497,2.5161077247132595,0.0,0.0,1.0
2018-08-07,0.003302867920002228,2.5244180962004847,0.0,0.0,1.0
2018-08-08,-0.0004204606179343262,2.523356677807832,0.0,0.0,1.0
2018-08-09,-0.001366315265914686,2.5199089770575953,0.0,0.0,1.0
2018-08-10,-0.0066997713813471416,2.503026163009505,0.0,0.0,1.0
2018-08-13,-0.003743451568145928,2.493656205794477,0.0,0.0,1.0
2018-08-14,0.006380547066594078,2.5095670965834533,0.0,0.0,1.0
2018-08-15,-0.007467632702011784,2.490826571265114,0.0,0.0,1.0
2018-08-16,0.008091277135423569,2.510980539349497,0.0,0.0,1.0
2018-08-17,0.00352066331644596,2.5198208564226947,0.0,0.0,1.0
2018-08-20,0.0021397762062582704,2.5252127091353014,0.0,0.0,1.0
2018-08-21,0.0023456738903060437,2.531136034654589,0.0,0.0,1.0
2018-08-22,-0.0005938403156031669,2.5296329440329353,0.0,0.0,1.0
2018-08-23,-0.0013278484670968815,2.5262739748058833,0.0,0.0,1.0
2018-08-24,0.006018507351416069,2.5414783732949435,0.0,0.0,1.0
2018-08-27,0.00789516428473691,2.561543762578213,0.0,0.0,1.0
2018-08-28,0.00048316943888915276,2.562781422240668,0.0,0.0,1.0
2018-08-29,0.005381066616577446,2.576571919797472,0.0,0.0,1.0
2018-08-30,-0.004048370379775124,2.5661410023560034,0.0,0.0,1.0
2018-08-31,3.428023352936016e-05,2.5662289702688335,0.0,0.0,1.0
2018-09-04,-0.0017221656128435514,2.5618094989815536,0.0,0.0,1.0
2018-09-05,-0.0026914348381490427,2.5549145556472936,0.0,0.0,1.0
2018-09-06,-0.0030101301456729734,2.547223930323721,0.0,0.0,1.0
2018-09-07,-0.0019435427686130824,2.542273291673902,0.0,0.0,1.0
2018-09-10,0.0017389341265536817,2.54669413745982,0.0,0.0,1.0
2018-09-11,0.0032973218974521323,2.5550914078053792,0.0,0.0,1.0
2018-09-12,0.00024225456334248108,2.5557103903586773,0.0,0.0,1.0
2018-09-13,0.005914408103839808,2.5708259046024824,0.0,0.0,1.0
2018-09-14,0.00017144525258827592,2.5712666604990573,0.0,0.0,1.0
2018-09-17,-0.00529393484819185,2.5576545423210475,0.0,0.0,1.0
2018-09-18,0.00542588880068795,2.571532091458256,0.0,0.0,1.0
2018-09-19,0.0010656856467274878,2.5742725362982224,0.0,0.0,1.0
2018-09-20,0.008103972904491163,2.595134371181159,0.0,0.0,1.0
2018-09-21,-0.00091357790746871,2.592763513752735,0.0,0.0,1.0
2018-09-24,-0.003322258353445795,2.5841496835106605,0.0,0.0,1.0
2018-09-25,-0.0009275082615253227,2.5817528633301863,0.0,0.0,1.0
2018-09-26,-0.002992385052626667,2.574027264652381,0.0,0.0,1.0
2018-09-27,0.002794535099716944,2.5812204741910802,0.0,0.0,1.0
2018-09-28,0.00010306823851058411,2.5814865160385625,0.0,0.0,1.0
2018-10-01,0.003474023742061183,2.5904546614850914,0.0,0.0,1.0
2018-10-02,-0.0005827181502437995,2.5889451565364605,0.0,0.0,1.0
2018-10-03,0.0005491976051916758,2.590366999016403,0.0,0.0,1.0
2018-10-04,-0.007816021801141049,2.5701206340791343,0.0,0.0,1.0
2018-10-05,-0.005596971467389356,2.5557357422224447,0.0,0.0,1.0
2018-10-08,0.0,2.5557357422224447,0.0,0.0,1.0
2018-10-09,-0.0014590768298935464,2.5520067274176372,0.0,0.0,1.0
2018-10-10,-0.031663355004210914,2.471201632434278,0.0,0.0,1.0
2018-10-11,-0.022026708051733235,2.4167691955396817,0.0,0.0,1.0
2018-10-12,0.013888229754351888,2.450333841390577,0.0,0.0,1.0
2018-10-15,-0.005616975743373276,2.4365703756403194,0.0,0.0,1.0
2018-10-16,0.02186611014299733,2.489848691845235,0.0,0.0,1.0
2018-10-17,0.0001785546044639208,2.4902932657935826,0.0,0.0,1.0
2018-10-18,-0.014441329649055978,2.454330119819433,0.0,0.0,1.0
2018-10-19,-0.0005426069000930012,2.452998383361313,0.0,0.0,1.0
2018-10-22,-0.004488774204409629,2.441987427494622,0.0,0.0,1.0
2018-10-23,-0.005090886985836152,2.4295555454804143,0.0,0.0,1.0
2018-10-24,-0.030298750102619065,2.355943049147471,0.0,0.0,1.0
2018-10-25,0.01794060977381351,2.398210104041554,0.0,0.0,1.0
2018-10-26,-0.01758709951620374,2.35603254428101,0.0,0.0,1.0
2018-10-29,-0.005540247187239777,2.3429795416045116,0.0,0.0,1.0
2018-10-30,0.01481860266232804,2.3776992244775124,0.0,0.0,1.0
2018-10-31,0.010680849563283523,2.4030950722008924,0.0,0.0,1.0
2018-11-01,0.010641631660504913,2.4286679248044285,0.0,0.0,1.0
2018-11-02,-0.005923206955570692,2.4142824220594554,0.0,0.0,1.0
2018-11-05,0.00551727758891829,2.4276026883600035,0.0,0.0,1.0
2018-11-06,0.006327805143562459,2.442964085137934,0.0,0.0,1.0
2018-11-07,0.0214089734006504,2.4952654382553963,0.0,0.0,1.0
2018-11-08,-0.0018147817279861034,2.490737076131575,0.0,0.0,1.0
2018-11-09,-0.009768560863471776,2.466406159408478,0.0,0.0,1.0
2018-11-12,-0.01868493894414236,2.420321510908474,0.0,0.0,1.0
2018-11-13,-0.0018711647479981997,2.4157926906184404,0.0,0.0,1.0
2018-11-14,-0.006836669263038275,2.399276714984617,0.0,0.0,1.0
2018-11-15,0.01043648077015491,2.4243167202828344,0.0,0.0,1.0
2018-11-16,0.00260078670569297,2.4306218509793354,0.0,0.0,1.0
2018-11-19,-0.016914637260381782,2.389508764052862,0.0,0.0,1.0
2018-11-20,-0.018506050635154092,2.3452883938721554,0.0,0.0,1.0
2018-11-21,0.0034078555782415254,2.353280798007798,0.0,0.0,1.0
2018-11-23,-0.006679122229987566,2.337562947916421,0.0,0.0,1.0
2018-11-26,0.01614446053908436,2.3753016406866836,0.0,0.0,1.0
2018-11-27,0.003364409667526047,2.3832931284899,0.0,0.0,1.0
2018-11-28,0.023025515418450215,2.438169681166631,0.0,0.0,1.0
2018-11-29,-0.0021853145210541935,2.4328415135575834,0.0,0.0,1.0
2018-11-30,0.006095156379885669,2.4476700630301944,0.0,0.0,1.0
2018-12-03,0.013241690234771397,2.4800813518017635,0.0,0.0,1.0
2018-12-04,-0.032402434580906525,2.3997206780446807,0.0,0.0,1.0
2018-12-06,-0.0015171521757282314,2.3960799365968453,0.0,0.0,1.0
2018-12-07,-0.023236053597029738,2.3404044947673133,0.0,0.0,1.0
2018-12-10,0.0018970806348668212,2.3448444308120915,0.0,0.0,1.0
2018-12-11,0.0002271769402899526,2.3453771253953395,0.0,0.0,1.0
2018-12-12,0.005035241218769748,2.3571866649706896,0.0,0.0,1.0
2018-12-13,-0.00033891637207750236,2.3563877758178884,0.0,0.0,1.0
2018-12-14,-0.018464793018198367,2.3128775632667984,0.0,0.0,1.0
2018-12-17,-0.019618264413602926,2.2675029196743406,0.0,0.0,1.0
2018-12-18,-0.0010966339829506788,2.2650162989161857,0.0,0.0,1.0
2018-12-19,-0.014975690394875674,2.2310961160842697,0.0,0.0,1.0
2018-12-20,-0.016277924397275267,2.1947785021835955,0.0,0.0,1.0
2018-12-21,-0.020489576867069537,2.149808419356913,0.0,0.0,1.0
2018-12-24,-0.026422704450206225,2.0930046668676803,0.0,0.0,1.0
2018-12-26,0.05052462431767757,2.198752941356316,0.0,0.0,1.0
2018-12-27,0.007677386404624675,2.2156336172954134,0.0,0.0,1.0
2018-12-28,-0.0012900118206853328,2.2127754237387944,0.0,0.0,1.0
2018-12-31,0.00875884055826437,2.2321567708665686,0.0,0.0,1.0
2019-01-02,0.0010404486648363243,2.234479215398522,0.0,0.0,1.0
2019-01-03,-0.02386272943295742,2.1811584424579,0.0,0.0,1.0
2019-01-04,0.03349558787109341,2.254217626728026,0.0,0.0,1.0
2019-01-07,0.007884548924981694,2.271991115893519,0.0,0.0,1.0
2019-01-08,0.00939546896311727,2.293337537907375,0.0,0.0,1.0
2019-01-09,0.004673353394938795,2.304055114675895,0.0,0.0,1.0
2019-01-10,0.003527636366311926,2.3121829832884124,0.0,0.0,1.0
2019-01-11,0.00038633248279418275,2.313076254681021,0.0,0.0,1.0
2019-01-14,-0.006100956458940376,2.298964277165003,0.0,0.0,1.0
2019-01-15,0.011460644226115813,2.3253118888341406,0.0,0.0,1.0
2019-01-16,0.0024201066940763294,2.3309393917021235,0.0,0.0,1.0
2019-01-17,0.007586769325298892,2.34862369117822,0.0,0.0,1.0
2019-01-18,0.013310017539516661,2.3798839137015264,0.0,0.0,1.0
2019-01-22,-0.0135105945516375,2.347730267063541,0.0,0.0,1.0
2019-01-23,0.0020924937259989562,2.352642877917709,0.0,0.0,1.0
2019-01-24,0.0005313950893277575,2.3538930607899764,0.0,0.0,1.0
2019-01-25,0.008461342821477036,2.373810156942416,0.0,0.0,1.0
2019-01-28,-0.007600235573654968,2.355768640542519,0.0,0.0,1.0
2019-01-29,-0.0013268546711320273,2.3526428779177087,0.0,0.0,1.0
2019-01-30,0.01583078292685869,2.389887056622444,0.0,0.0,1.0
2019-01-31,0.008782381404908834,2.4108759562683573,0.0,0.0,1.0
2019-02-01,0.00048143818254553494,2.412036644007086,0.0,0.0,1.0
2019-02-04,0.007035619095920653,2.4290068150797226,0.0,0.0,1.0
2019-02-05,0.004191702945653963,2.4391884901015057,0.0,0.0,1.0
2019-02-06,-0.0013181669934064777,2.435973232343157,0.0,0.0,1.0
2019-02-07,-0.009532758115674778,2.412751688742971,0.0,0.0,1.0
2019-02-08,0.0012215858182869077,2.4156990719889873,0.0,0.0,1.0
2019-02-11,0.0005547612231830978,2.417039208161006,0.0,0.0,1.0
2019-02-12,0.012859217240367649,2.4481204404172345,0.0,0.0,1.0
2019-02-13,0.0032465567795594286,2.4560684024302493,0.0,0.0,1.0
2019-02-14,-0.0022177661561895157,2.450621417050053,0.0,0.0,1.0
2019-02-15,0.010897228404685988,2.477326398365063,0.0,0.0,1.0
2019-02-19,0.0017307659349754534,2.4816140705051684,0.0,0.0,1.0
2019-02-20,0.0020151124820353417,2.486614801994238,0.0,0.0,1.0
2019-02-21,-0.0035559598748579058,2.477772499534119,0.0,0.0,1.0
2019-02-22,0.00620035807306718,2.493135576254829,0.0,0.0,1.0
2019-02-25,0.001360824833206209,2.4965282970595464,0.0,0.0,1.0
2019-02-26,-0.0007153050005344053,2.494742517884684,0.0,0.0,1.0
2019-02-27,-0.0004294412427655603,2.4936711725574234,0.0,0.0,1.0
2019-02-28,-0.0018627322788568046,2.489026130771446,0.0,0.0,1.0
2019-03-01,0.006243990734917437,2.5045675868709503,0.0,0.0,1.0
2019-03-04,-0.003637608019213756,2.4954569517322858,0.0,0.0,1.0
2019-03-05,-0.0013601709390620442,2.4920627037068592,0.0,0.0,1.0
2019-03-06,-0.006056883372729471,2.476968570552978,0.0,0.0,1.0
2019-03-07,-0.008365354302744654,2.4562478508635395,0.0,0.0,1.0
2019-03-08,-0.0019999847044631647,2.451335392731442,0.0,0.0,1.0
2019-03-11,0.014501316027449418,2.4868829819507123,0.0,0.0,1.0
2019-03-12,0.0037711291592699148,2.4962613388796386,0.0,0.0,1.0
2019-03-13,0.006618793065210626,2.5127835761183688,0.0,0.0,1.0
2019-03-14,-0.0006396889136592865,2.5111761763223006,0.0,0.0,1.0
2019-03-15,0.004940829670885938,2.523583470083096,0.0,0.0,1.0
2019-03-18,0.0036259323242411323,2.5327338129601906,0.0,0.0,1.0
2019-03-19,0.0002475889174955448,2.533360889783246,0.0,0.0,1.0
2019-03-20,-0.003009817852577812,2.525735934950154,0.0,0.0,1.0
2019-03-21,0.011294572780944812,2.554263043292896,0.0,0.0,1.0
2019-03-22,-0.019246141279914863,2.505103335895616,0.0,0.0,1.0
2019-03-25,-0.0007518736944860382,2.503219814595387,0.0,0.0,1.0
2019-03-26,0.007453805477842135,2.521878328161661,0.0,0.0,1.0
2019-03-27,-0.005228772894049105,2.5086919991172794,0.0,0.0,1.0
2019-03-28,0.0037904561520307745,2.518201086138884,0.0,0.0,1.0
2019-03-29,0.006305377419303815,2.5340792944046906,0.0,0.0,1.0
2019-04-01,0.01185897383743062,2.5641308744590106,0.0,0.0,1.0
2019-04-02,0.0004897101311507335,2.5653865553258295,0.0,0.0,1.0
2019-04-03,0.0015735444505471374,2.5694233051034705,0.0,0.0,1.0
2019-04-04,0.002653799787424971,2.5762420401243586,0.0,0.0,1.0
2019-04-05,0.004839933733384871,2.588710880879721,0.0,0.0,1.0
2019-04-08,0.0007623387434094742,2.590684355479701,0.0,0.0,1.0
2019-04-09,-0.005124918412543922,2.577407309525214,0.0,0.0,1.0
2019-04-10,0.0034114982434700902,2.586200130034366,0.0,0.0,1.0
2019-04-11,-0.00027825626859057095,2.5854805036363544,0.0,0.0,1.0
2019-04-12,0.006766486399511162,2.602975122300411,0.0,0.0,1.0
2019-04-15,-0.0006547808684295164,2.6012707439893306,0.0,0.0,1.0
2019-04-16,0.0006552098873284784,2.6029751223004105,0.0,0.0,1.0
2019-04-17,-0.002446979471211641,2.596605695612067,0.0,0.0,1.0
2019-04-18,0.001969278734165858,2.6017191359894496,0.0,0.0,1.0
2019-04-22,0.0008617225316844834,2.6039610959900465,0.0,0.0,1.0
2019-04-23,0.008991851534099649,2.6273755275657606,0.0,0.0,1.0
2019-04-24,-0.002219414030984246,2.6215442934552167,0.0,0.0,1.0
2019-04-25,-0.0006162375626680427,2.6199287993893914,0.0,0.0,1.0
2019-04-26,0.004657100486858523,2.6321300710765625,0.0,0.0,1.0
2019-04-29,0.001567876848037164,2.6362569268760256,0.0,0.0,1.0
2019-04-30,0.0005101439630204041,2.637601797432242,0.0,0.0,1.0
2019-05-01,-0.007516241473949914,2.617776945410617,0.0,0.0,1.0
2019-05-02,-0.00215882698522063,2.612125617899576,0.0,0.0,1.0
2019-05-03,0.009788008339206344,2.6376931252306317,0.0,0.0,1.0
2019-05-06,-0.004115753869534777,2.6268370295438186,0.0,0.0,1.0
2019-05-07,-0.01669954047978983,2.5829700582351407,0.0,0.0,1.0
2019-05-08,-0.0013893553315579288,2.579381395013477,0.0,0.0,1.0
2019-05-09,-0.0030255695560679197,2.5715772971912365,0.0,0.0,1.0
2019-05-10,0.005023196547011111,2.58449483539086,0.0,0.0,1.0
2019-05-13,-0.02513037982223343,2.519545498528887,0.0,0.0,1.0
2019-05-14,0.009043989829784715,2.542332242393262,0.0,0.0,1.0
2019-05-15,0.005857765971697848,2.5572246296915035,0.0,0.0,1.0
2019-05-16,0.009260881148650979,2.5809067830574794,0.0,0.0,1.0
2019-05-17,-0.006464974729827211,2.5642212859249733,0.0,0.0,1.0
2019-05-20,-0.00661210440714044,2.5472663870594254,0.0,0.0,1.0
2019-05-21,0.009015835268789685,2.570232121190878,0.0,0.0,1.0
2019-05-22,-0.0030713972403415557,2.5623379173468153,0.0,0.0,1.0
2019-05-23,-0.012218955733367398,2.531028823760826,0.0,0.0,1.0
2019-05-24,0.002268418865468247,2.5367702572936888,0.0,0.0,1.0
2019-05-28,-0.00930039431388996,2.5131772936171095,0.0,0.0,1.0
2019-05-29,-0.0067107894754753206,2.4963118898851,0.0,0.0,1.0
2019-05-30,0.0027311565978949126,2.5031297085735633,0.0,0.0,1.0
2019-05-31,-0.013475575313826704,2.469398595665403,0.0,0.0,1.0
2019-06-03,-0.002542545001518959,2.4631200386092362,0.0,0.0,1.0
2019-06-04,0.021706620380638197,2.51658605023927,0.0,0.0,1.0
2019-06-05,0.008661803516498923,2.5383842241388046,0.0,0.0,1.0
2019-06-06,0.006503242686830113,2.5548919527808,0.0,0.0,1.0
2019-06-07,0.010006856943101772,2.5804583910573595,0.0,0.0,1.0
2019-06-10,0.004588897278561932,2.5922998495455247,0.0,0.0,1.0
2019-06-11,-0.00024213545799833813,2.591672161834186,0.0,0.0,1.0
2019-06-12,-0.0017654830387522358,2.5870966085904614,0.0,0.0,1.0
2019-06-13,0.004126352575871239,2.5977718813453463,0.0,0.0,1.0
2019-06-14,-0.001105127632306191,2.5949010118568436,0.0,0.0,1.0
2019-06-17,0.00038020123827897656,2.595887596434763,0.0,0.0,1.0
2019-06-18,0.010470975019682305,2.6230690706109345,0.0,0.0,1.0
2019-06-19,0.0022574091543030583,2.628990410743301,0.0,0.0,1.0
2019-06-20,0.009554429845010537,2.6541089151859536,0.0,0.0,1.0
2019-06-21,-0.001453734764527037,2.6502505447871068,0.0,0.0,1.0
2019-06-24,-0.0012244270899424148,2.647005506224935,0.0,0.0,1.0
2019-06-25,-0.00980811755063149,2.621043365062712,0.0,0.0,1.0
2019-06-26,-0.0009973093158688329,2.6184293740974387,0.0,0.0,1.0
2019-06-27,0.003545860609894591,2.627713959674842,0.0,0.0,1.0
2019-06-28,0.0051460386510266964,2.641236277275171,0.0,0.0,1.0
2019-07-01,0.00907877799504786,2.665215475069019,0.0,0.0,1.0
2019-07-02,0.002604259483904192,2.672156387746616,0.0,0.0,1.0
2019-07-03,0.007994578226559357,2.6935191510220564,0.0,0.0,1.0
2019-07-05,-0.0011375119367311726,2.6904552408359548,0.0,0.0,1.0
2019-07-08,-0.0054951342693707605,2.675670828041829,0.0,0.0,1.0
2019-07-09,0.0012466987483354952,2.6790065835141066,0.0,0.0,1.0
2019-07-10,0.00477752684572641,2.691805609386723,0.0,0.0,1.0
2019-07-11,0.002345122566043134,2.698118223464697,0.0,0.0,1.0
2019-07-12,0.004476745489236045,2.710197012051018,0.0,0.0,1.0
2019-07-15,0.00033269577912520276,2.711098683157525,0.0,0.0,1.0
2019-07-16,-0.0032254673682950985,2.7023541228227725,0.0,0.0,1.0
2019-07-17,-0.0068050185740407,2.683964552823328,0.0,0.0,1.0
2019-07-18,0.003661053582256102,2.6937906908640903,0.0,0.0,1.0
2019-07-19,-0.005555115861220927,2.678826371470462,0.0,0.0,1.0
2019-07-22,0.0024565959572948604,2.685407165504911,0.0,0.0,1.0
2019-07-23,0.007149721485141036,2.704607078812473,0.0,0.0,1.0
2019-07-24,0.004699779890159572,2.7173181367722594,0.0,0.0,1.0
2019-07-25,-0.0047771626021423375,2.704337066191148,0.0,0.0,1.0
2019-07-26,0.00670018453122756,2.722456623569267,0.0,0.0,1.0
2019-07-29,-0.0018212502305593459,2.7174983488159037,0.0,0.0,1.0
2019-07-30,-0.0024546821215314374,2.710827754203774,0.0,0.0,1.0
2019-07-31,-0.010940575339638103,2.6811697389261258,0.0,0.0,1.0
2019-08-01,-0.008707625868398683,2.657823115949885,0.0,0.0,1.0
2019-08-02,-0.0075295038110082535,2.6378110266693544,0.0,0.0,1.0
2019-08-05,-0.0300734658524765,2.5584829068335275,0.0,0.0,1.0
2019-08-06,0.01402294648776281,2.59436037572591,0.0,0.0,1.0
2019-08-07,0.0005907886651932426,2.5958930944293153,0.0,0.0,1.0
2019-08-08,0.01962006408237249,2.6468246832930067,0.0,0.0,1.0
2019-08-09,-0.006811382384964593,2.628796148269135,0.0,0.0,1.0
2019-08-12,-0.012173165981736345,2.596795376424106,0.0,0.0,1.0
2019-08-13,0.015551472452048687,2.6371793681841726,0.0,0.0,1.0
2019-08-14,-0.02956769216104349,2.559204060452248,0.0,0.0,1.0
2019-08-15,0.0026416006813523296,2.565964455642058,0.0,0.0,1.0
2019-08-16,0.014755084804776608,2.603825478791099,0.0,0.0,1.0
2019-08-19,0.012048256370679189,2.6351970357040804,0.0,0.0,1.0
2019-08-20,-0.007662655389608086,2.6150044289357632,0.0,0.0,1.0
2019-08-21,0.008135079201590178,2.6362776970776647,0.0,0.0,1.0
2019-08-22,-0.00030761334335149826,2.6354667428812637,0.0,0.0,1.0
2019-08-23,-0.025687417350558794,2.5677684087433548,0.0,0.0,1.0
2019-08-26,0.01105812276940532,2.5961631070506392,0.0,0.0,1.0
2019-08-27,-0.003923228214677055,2.5859777666991546,0.0,0.0,1.0
2019-08-28,0.007041693720045261,2.604187430099097,0.0,0.0,1.0
2019-08-29,0.012772487234198326,2.637449380805497,0.0,0.0,1.0
2019-08-30,-0.00044424880202798,2.6362776970776647,0.0,0.0,1.0
2019-09-03,-0.00584685489977077,2.6208637639073498,0.0,0.0,1.0
2019-09-04,0.011350269640432398,2.650611274318537,0.0,0.0,1.0
2019-09-05,0.012855310944178688,2.6846857064420475,0.0,0.0,1.0
2019-09-06,0.0007721758212602126,2.686758755832245,0.0,0.0,1.0
2019-09-09,0.0005033971348653576,2.688111262492005,0.0,0.0,1.0
2019-09-10,-0.0002348686417297241,2.6874799094509654,0.0,0.0,1.0
2019-09-11,0.007110906432014064,2.7065903276249887,0.0,0.0,1.0
2019-09-12,0.0034636536987300293,2.715965019224214,0.0,0.0,1.0
2019-09-13,-0.0006636410512766977,2.7141625933436253,0.0,0.0,1.0
2019-09-16,-0.003088582272651852,2.7057796788727293,0.0,0.0,1.0
2019-09-17,0.0025320288098142907,2.712630790972645,0.0,0.0,1.0
2019-09-18,0.0005982475501746798,2.714253615697873,0.0,0.0,1.0
2019-09-19,-6.650722936962783e-05,2.7140730982100862,0.0,0.0,1.0
2019-09-20,-0.0047249157941091635,2.7012493313619865,0.0,0.0,1.0
2019-09-23,-0.00023440476172986724,2.7006161456560958,0.0,0.0,1.0
2019-09-24,-0.007846992468787173,2.6794244311000472,0.0,0.0,1.0
2019-09-25,0.005914805641078047,2.69527270583996,0.0,0.0,1.0
2019-09-26,-0.0020834962392807244,2.6896571152935063,0.0,0.0,1.0
2019-09-27,-0.005387404217142788,2.675166845207906,0.0,0.0,1.0
2019-09-30,0.004637894290948408,2.68757398624663,0.0,0.0,1.0
2019-10-01,-0.01189477554309315,2.6556058969247704,0.0,0.0,1.0
2019-10-02,-0.017664330561691255,2.608696396519915,0.0,0.0,1.0
2019-10-03,0.008192920786271207,2.6300692394520335,0.0,0.0,1.0
2019-10-04,0.013531748340628313,2.6656586745187263,0.0,0.0,1.0
2019-10-07,-0.00431457854082129,2.6541574808044937,0.0,0.0,1.0
2019-10-08,-0.015524825243149576,2.6129521497472057,0.0,0.0,1.0
2019-10-09,0.009496412397588694,2.6377658209363712,0.0,0.0,1.0
2019-10-10,0.006763328210108721,2.655605896924771,0.0,0.0,1.0
2019-10-11,0.010367088846367833,2.6831367991991284,0.0,0.0,1.0
2019-10-14,-0.0011134539064688864,2.6801492500484696,0.0,0.0,1.0
2019-10-15,0.00990005580883091,2.706682877199946,0.0,0.0,1.0
2019-10-16,-0.0016059419513656525,2.7023361016184073,0.0,0.0,1.0
2019-10-17,0.0029492830245834156,2.7103060556096294,0.0,0.0,1.0
2019-10-18,-0.004377275358242172,2.698442299699115,0.0,0.0,1.0
2019-10-21,0.006779114622048832,2.71673534934976,0.0,0.0,1.0
2019-10-22,-0.003266783047311761,2.707860364366472,0.0,0.0,1.0
2019-10-23,0.002909426517099689,2.715738685115163,0.0,0.0,1.0
2019-10-24,0.0016339909712101974,2.7201761776068074,0.0,0.0,1.0
2019-10-25,0.004095381332418269,2.731316336345467,0.0,0.0,1.0
2019-10-28,0.005636139284290076,2.746710415646567,0.0,0.0,1.0
2019-10-29,-0.00029658005498578444,2.7458957961204646,0.0,0.0,1.0
2019-10-30,0.003067127067582609,2.754317807441507,0.0,0.0,1.0
2019-10-31,-0.002662957105575292,2.746983177265168,0.0,0.0,1.0
2019-11-01,0.009263676075560223,2.772430339604366,0.0,0.0,1.0
2019-11-04,0.0040176416189199315,2.7835689711223166,0.0,0.0,1.0
2019-11-05,-0.001105870230879602,2.780490705061552,0.0,0.0,1.0
2019-11-06,0.00022783429877293315,2.7811241962115845,0.0,0.0,1.0
2019-11-07,0.003516569302685957,2.7909042121869394,0.0,0.0,1.0
2019-11-08,0.0024664010856718654,2.7977877013658836,0.0,0.0,1.0
2019-11-11,-0.001909771198645882,2.7924445669938893,0.0,0.0,1.0
2019-11-12,0.002107907217080207,2.7983307810499523,0.0,0.0,1.0
2019-11-13,0.0003238547689825566,2.799237033818586,0.0,0.0,1.0
2019-11-14,0.0014556197999646692,2.8033116586698066,0.0,0.0,1.0
2019-11-15,0.007236249214274348,2.823597120457222,0.0,0.0,1.0
2019-11-18,0.0007378653547713832,2.8256805549482396,0.0,0.0,1.0
2019-11-19,-0.0002886157308544801,2.824865019089712,0.0,0.0,1.0
2019-11-20,-0.003718811446539183,2.814359878721793,0.0,0.0,1.0
2019-11-21,-0.0016089660160329977,2.809831669320043,0.0,0.0,1.0
2019-11-22,0.0022238970115446843,2.8160804455723873,0.0,0.0,1.0
2019-11-25,0.007750315224317683,2.83790595672261,0.0,0.0,1.0
2019-11-26,0.002265398640416416,2.8443349450185993,0.0,0.0,1.0
2019-11-27,0.004457520343362997,2.857013625899358,0.0,0.0,1.0
2019-11-29,-0.00370871779608295,2.8464177686213334,0.0,0.0,1.0
2019-12-02,-0.008494521966913249,2.8222388103587672,0.0,0.0,1.0
2019-12-03,-0.006706431652591105,2.803311658669806,0.0,0.0,1.0
2019-12-04,0.006170200966002737,2.820608654974137,0.0,0.0,1.0
2019-12-05,0.0017981579845036677,2.825680554948239,0.0,0.0,1.0
2019-12-06,0.009133769067419806,2.851489668595435,0.0,0.0,1.0
2019-12-09,-0.0031440026256616127,2.842524577590324,0.0,0.0,1.0
2019-12-10,-0.001115277866876041,2.8393543728428865,0.0,0.0,1.0
2019-12-11,0.0028388022059802065,2.8474147383000723,0.0,0.0,1.0
2019-12-12,0.008618985345858476,2.871956564203062,0.0,0.0,1.0
2019-12-13,0.0005996239959780159,2.8736786582743648,0.0,0.0,1.0
2019-12-16,0.0068692226576463344,2.893418596824578,0.0,0.0,1.0
2019-12-17,0.00021936436272862458,2.8940533097511776,0.0,0.0,1.0
2019-12-18,6.237531533304086e-05,2.894233827238964,0.0,0.0,1.0
2019-12-19,0.004099311771957437,2.906098194037762,0.0,0.0,1.0
2019-12-20,0.004384541391012409,2.9188401018558667,0.0,0.0,1.0
2019-12-23,0.0015271997264141302,2.9232977536608677,0.0,0.0,1.0
2019-12-24,3.113687414613153e-05,2.9233887760151154,0.0,0.0,1.0
2019-12-26,0.005323403835609142,2.938951155038331,0.0,0.0,1.0
2019-12-27,-0.00024776826682981756,2.9382229762043495,0.0,0.0,1.0
2019-12-30,-0.005512962718475234,2.9220246624779675,0.0,0.0,1.0
2019-12-31,0.0024290026068110038,2.9291222680002926,0.0,0.0,1.0
2020-01-02,0.009351894190807508,2.9565151095225697,0.0,0.0,1.0
2020-01-03,-0.007571855974085939,2.934128802928056,0.0,0.0,1.0
2020-01-06,0.0038146570525039447,2.9453214980591005,0.0,0.0,1.0
2020-01-07,-0.0028119571698944634,2.9370393801549888,0.0,0.0,1.0
2020-01-08,0.005329861210414011,2.9526933924207355,0.0,0.0,1.0
2020-01-09,0.006780674436491108,2.972714645025519,0.0,0.0,1.0
2020-01-10,-0.0028780059415769443,2.964159154614523,0.0,0.0,1.0
2020-01-13,0.006877585612251158,2.9845454129687226,0.0,0.0,1.0
2020-01-14,-0.0015248947771432375,2.97999429525634,0.0,0.0,1.0
2020-01-15,0.0022599834813852304,2.9867290331382415,0.0,0.0,1.0
2020-01-16,0.008318611130854414,3.011574470518151,0.0,0.0,1.0
2020-01-17,0.0031122786522899126,3.020947329452526,0.0,0.0,1.0
2020-01-21,-0.001958172734757513,3.0150317927588537,0.0,0.0,1.0
2020-01-22,0.00012096068311784336,3.0153964930641277,0.0,0.0,1.0
2020-01-23,0.0011468603154118906,3.018854731637255,0.0,0.0,1.0
2020-01-24,-0.00889331422537698,2.9920071079080386,0.0,0.0,1.0
2020-01-27,-0.016029347885452627,2.9440471850996337,0.0,0.0,1.0
2020-01-28,0.010479346642212173,2.974898876083322,0.0,0.0,1.0
2020-01-29,-0.0008260106386472899,2.972441577962777,0.0,0.0,1.0
2020-01-30,0.0032449132660312685,2.9820868930716116,0.0,0.0,1.0
2020-01-31,-0.018157418373660916,2.9279398937275,0.0,0.0,1.0
2020-02-03,0.0074283495537794675,2.9496896547305638,0.0,0.0,1.0
2020-02-04,0.015241298818863047,2.994646756181221,0.0,0.0,1.0
2020-02-05,0.011547966455727199,3.029228836468354,0.0,0.0,1.0
2020-02-06,0.0033646733597809675,3.0394212020350992,0.0,0.0,1.0
2020-02-07,-0.005329206372335915,3.023223499197001,0.0,0.0,1.0
2020-02-10,0.007465198056738842,3.0457924613882934,0.0,0.0,1.0
2020-02-11,0.001733107467103867,3.051071147046374,0.0,0.0,1.0
2020-02-12,0.006442808995445581,3.0707286156783087,0.0,0.0,1.0
2020-02-13,-0.0010670103805477948,3.0674521163695347,0.0,0.0,1.0
2020-02-14,0.001601677494544207,3.072365185389916,0.0,0.0,1.0
2020-02-18,-0.0025763815355114295,3.064449600455929,0.0,0.0,1.0
2020-02-19,0.004781333482710481,3.079101755936668,0.0,0.0,1.0
2020-02-20,-0.004108826974538404,3.066450259584527,0.0,0.0,1.0
2020-02-21,-0.01029831115984392,3.034871000655141,0.0,0.0,1.0
2020-02-24,-0.03316509539924217,2.93421921439402,0.0,0.0,1.0
2020-02-25,-0.030302292158916555,2.8453056465011457,0.0,0.0,1.0
2020-02-26,-0.003678569442592705,2.83483899209509,0.0,0.0,1.0
2020-02-27,-0.04491113548817105,2.7075231540339573,0.0,0.0,1.0
2020-02-28,-0.004201837567830324,2.696146581529567,0.0,0.0,1.0
2020-03-02,0.04330624854211029,2.8129065754952474,0.0,0.0,1.0
2020-03-03,-0.028632131619198753,2.732367064193158,0.0,0.0,1.0
2020-03-04,0.04203305910399746,2.847216810496205,0.0,0.0,1.0
2020-03-05,-0.033241528271600096,2.7525709723947203,0.0,0.0,1.0
2020-03-06,-0.01653117613768762,2.707067736818577,0.0,0.0,1.0
2020-03-09,-0.07809476452278918,2.4956599193644906,0.0,0.0,1.0
2020-03-10,0.0517451394442765,2.624798189897498,0.0,0.0,1.0
2020-03-11,-0.0487481529390873,2.4968441263021353,0.0,0.0,1.0
2020-03-12,-0.09567745091256985,2.2579524449715245,0.0,0.0,1.0
2020-03-13,0.08548652540907775,2.4509769540310717,0.0,0.0,1.0
2020-03-16,-0.10942386910766722,2.182781572627267,0.0,0.0,1.0
2020-03-17,0.053992129723339666,2.3006345984542738,0.0,0.0,1.0
2020-03-18,-0.05063291811469206,2.184146755218911,0.0,0.0,1.0
2020-03-19,0.002124889731445423,2.1887878262310454,0.0,0.0,1.0
2020-03-20,-0.04309433605754809,2.0944634680887746,0.0,0.0,1.0
2020-03-23,-0.025567994553972295,2.040912237543187,0.0,0.0,1.0
2020-03-24,0.09060302818760047,2.225825066529731,0.0,0.0,1.0
2020-03-25,0.014970340703335694,2.259146426121706,0.0,0.0,1.0
2020-03-26,0.05838986072298358,2.3910576712957785,0.0,0.0,1.0
2020-03-27,-0.029785770146499635,2.3198381770915377,0.0,0.0,1.0
2020-03-30,0.03247584880882304,2.395176890991698,0.0,0.0,1.0
2020-03-31,-0.014905465962390396,2.359475663369117,0.0,0.0,1.0
2020-04-01,-0.023296668927681452,2.3045077399966853,0.0002438817155661656,0.48776343113233117,0.5008515540658137
2020-04-02,0.01155819741141717,2.331143695391706,0.0,0.0,0.5065540389413836
2020-04-03,-0.00732086174112323,2.314077714699052,0.0,0.0,0.502914063388105
2020-04-06,0.033781205323501595,2.39225004911384,0.0,0.0,0.519155211857168
2020-04-07,0.000529995994347443,2.393517932057348,0.0,0.0,0.5194091332027393
2020-04-08,0.017437474211557502,2.435254839272498,0.0,0.0,0.5276441420875005
2020-04-09,0.008031627327445223,2.4548138985888923,0.0,0.0,0.5314053273719084
2020-04-13,-0.0048409239298856654,2.4429303312437973,0.0,0.0,0.5291150323488554
2020-04-14,0.0156075528475359,2.481058495491533,0.0,0.0,0.5363489127700174
2020-04-15,-0.011394281957871844,2.452788615439929,0.0,0.0,0.5310029334336979
2020-04-16,0.002563445293638056,2.459076204872468,0.0,0.0,0.5322006348640098
2020-04-17,0.014378867880819657,2.4944349367311967,0.0,0.0,0.5388303238664363
2020-04-20,-0.009489235668771467,2.4707646557561374,0.0,0.0,0.5344083131479509
2020-04-21,-0.0162254754677863,2.430675324447493,0.0,0.0,0.5267283635161832
2020-04-22,0.011691963871331534,2.4590946925238697,0.0,0.0,0.5321966337412214
2020-04-23,-3.7079257100613994e-05,2.4590035111195307,0.0,0.0,0.5321780961310347
2020-04-24,0.007418920928863093,2.4772466637323234,0.0,0.0,0.5356220879727392
2020-04-27,0.00772679589727665,2.4963878430901927,0.0,0.0,0.5391789440250724
2020-04-28,-0.002478101347355044,2.49020154101271,0.0,0.0,0.5380329695613403
2020-04-29,0.014085954174492876,2.5252784058046664,0.0,0.0,0.5444487682584954
2020-04-30,-0.005068169187900762,2.512479867597496,0.0,0.0,0.5421270682656927
2020-05-01,-0.012608633469612274,2.480800929847179,3.353237139780059e-05,0.06706474279560119,0.46839171036978616
2020-05-04,0.001295798701863582,2.484015548471657,0.0,0.0,0.4690756207460689
2020-05-05,0.00433525317746386,2.4947843847710383,0.0,0.0,0.4713660744190501
2020-05-06,-0.0031935773482111296,2.4868170978711626,0.0,0.0,0.4696708351582342
2020-05-07,0.005668917988961963,2.5009146600525427,0.0,0.0,0.47265872149911825
2020-05-08,0.007822079980547736,2.520477014547998,0.0,0.0,0.4767502512906935
2020-05-11,0.00010183295301113837,2.5207336821653863,0.0,0.0,0.4767994474957744
2020-05-12,-0.009501699236478811,2.496782428862189,0.0,0.0,0.4717789458415351
2020-05-13,-0.008342119928252067,2.475953970405868,0.0,0.0,0.46733360003701696
2020-05-14,0.005594439720647326,2.4898055456444013,0.0,0.0,0.470295323802428
2020-05-15,0.002163483515771114,2.4951921988998786,0.0,0.0,0.4714373376445508
2020-05-18,0.01436428432548742,2.5310338490916147,0.0,0.0,0.4789178383529665
2020-05-19,-0.004917569930182997,2.5185873131430463,0.0,0.0,0.4763412116643511
2020-05-20,0.008093710111061636,2.5389720287450235,0.0,0.0,0.48054384741322703
2020-05-21,-0.0033160293541953934,2.530552722968224,0.0,0.0,0.4788139008210863
2020-05-22,0.000910975661255975,2.5328579949083734,0.0,0.0,0.47928668835174926
2020-05-26,0.0059113012828571065,2.54783048162297,0.0,0.0,0.48234045707641
2020-05-27,0.007178292562428412,2.5661195542195325,0.0,0.0,0.48602822446600097
2020-05-28,-0.0008945278323750916,2.563824088857081,0.0,0.0,0.4855661493782877
2020-05-29,0.0021653388421203346,2.5693756367410474,0.0,0.0,0.48667572671437526
2020-06-01,0.0018770755099477565,2.57419854882463,1.053465981700767e-05,0.02106931963401534,0.4666125321386113
2020-06-02,0.003865399636968414,2.5841488549607416,0.0,0.0,0.4686644870083664
2020-06-03,0.0062392817229768305,2.60027208768095,0.0,0.0,0.47195698678953585
2020-06-04,-0.001237529734227305,2.5970541736553634,0.0,0.0,0.4713005658789046
2020-06-05,0.012081139494424686,2.628429547401872,0.0,0.0,0.47760961054423157
2020-06-08,0.005779458115823255,2.6436204458814734,0.0,0.0,0.4806052094945293
2020-06-09,-0.0035815240345875576,2.634152255716222,0.0,0.0,0.4787361146619521
2020-06-10,-0.0026691250309369696,2.6271213739951906,0.0,0.0,0.4773387115486322
2020-06-11,-0.02751568931564463,2.5548343184738496,0.0,0.0,0.4625479878622655
2020-06-12,0.00554153514783029,2.5689920226465555,0.0,0.0,0.4655076446964447
2020-06-15,0.00435243267494223,2.580173387467588,0.0,0.0,0.4678173487351649
2020-06-16,0.00900675959658237,2.6034123888860083,0.0,0.0,0.4725655654829317
2020-06-17,-0.0019606299749946876,2.598308060519086,0.0,0.0,0.4715271152453106
2020-06-18,0.00018382130879879277,2.598785684907433,0.0,0.0,0.4716218550555192
2020-06-19,-0.0026930406898411086,2.5917870493138007,0.0,0.0,0.4701930380805724
2020-06-22,0.003022395612795936,2.599620455120948,0.0,0.0,0.4717832951476041
2020-06-23,0.002173995517215088,2.6052720183368416,0.0,0.0,0.47292712456610503
2020-06-24,-0.01206184919255815,2.573847620146071,0.0,0.0,0.46648998698069616
2020-06-25,0.0050030470941284655,2.5867247010027725,0.0,0.0,0.4691439130781006
2020-06-26,-0.011140851325603718,2.557906385688634,0.0,0.0,0.46316118219703195
2020-06-29,0.006813106733754237,2.575333674909282,0.0,0.0,0.46678814702253874
2020-06-30,0.005981183859785633,2.5907372191192115,0.0,0.0,0.4699566091785914
2020-07-01,0.0031453837523145456,2.5988860818747455,9.904199128881953e-06,0.019808398257763905,0.4518801301829186
2020-07-02,0.002490404668605839,2.605358359906221,0.0,0.0,0.45323983338299867
2020-07-06,0.0070048515048311,2.623608508334234,0.0,0.0,0.4570352570178256
2020-07-07,-0.004711986966756121,2.6112460992370927,0.0,0.0,0.45446279000208967
2020-07-08,0.003478116000702025,2.6203283160766198,0.0,0.0,0.4563515712615607
2020-07-09,-0.0025959732578338945,2.61352601384134,0.0,0.0,0.4549345866464688
2020-07-10,0.004647042520763867,2.625671180356783,0.0,0.0,0.4574539855066813
2020-07-13,-0.0039557838200755535,2.615284592784689,0.0,0.0,0.4552938984474645
2020-07-14,0.0059019431700158,2.630719853824722,0.0,0.0,0.45848800729923045
2020-07-15,0.0042142111850169695,2.6418062628573566,0.0,0.0,0.4607585129751393
2020-07-16,-0.001515555323836959,2.6378024593111373,0.0,0.0,0.4599381739460501
2020-07-17,0.0013349910425424216,2.641323901966314,0.0,0.0,0.460656669494172
2020-07-20,0.0037274478256614785,2.651169299001566,0.0,0.0,0.462654943735002
2020-07-21,0.0009858931536896876,2.653783068662724,0.0,0.0,0.46318264356242933
2020-07-22,0.0026380058193928857,2.6607837638412626,0.0,0.0,0.46459343250482743
2020-07-23,-0.00554193549469828,2.6460378718567137,0.0,0.0,0.46160823420459857
2020-07-24,-0.002971356098028455,2.638175551090558,0.0,0.0,0.4600021901620032
2020-07-27,0.0033588808541018533,2.6470368684388754,0.0,0.0,0.46180557451936766
2020-07-28,-0.002927616520741805,2.639287359571821,0.0,0.0,0.46022394687740337
2020-07-29,0.005661621892688151,2.654230006667868,0.0,0.0,0.46326123664956026
2020-07-30,-0.0016515513053499964,2.6498464096356567,0.0,0.0,0.4623719938545843
2020-07-31,0.0036550823607330862,2.659531816506168,0.0,0.0,0.46432866554681057
2020-08-03,0.003120091548940218,2.6678297992509865,7.489842455914985e-06,0.01497968491182997,0.45106544267705034
2020-08-04,0.0017435596166577305,2.6724813195530768,0.0,0.0,0.45201970672439606
2020-08-05,0.002808858257655533,2.6799879407759337,0.0,0.0,0.45355324793679475
2020-08-06,0.003033216046671061,2.6881169232027804,0.0,0.0,0.45520430968165665
2020-08-07,0.0003280182207368032,2.688998674533062,0.0,0.0,0.45538164184549385
2020-08-10,0.001365223284788497,2.6926697581363,0.0,0.0,0.45612022272034947
2020-08-11,-0.003763878820707389,2.6825348754624914,0.0,0.0,0.45406407568308166
2020-08-12,0.00633214081104394,2.699521064024456,0.0,0.0,0.4574977814302467
2020-08-13,-0.0008255431303769711,2.6972924929547424,0.0,0.0,0.4570480659007779
2020-08-14,1.4951252540029714e-05,2.697332820855979,0.0,0.0,0.4570548457415994
2020-08-17,0.0014558015373018485,2.701259602123196,0.0,0.0,0.4578401984467456
2020-08-18,0.0009902033593054416,2.7039343984555746,0.0,0.0,0.45837525538858603
2020-08-19,-0.0019069488447085448,2.698778133878272,0.0,0.0,0.4573389456301319
2020-08-20,0.0014254344445829847,2.7026250651885895,0.0,0.0,0.45810996291544104
2020-08-21,0.0016261996928377265,2.7070200732394545,0.0,0.0,0.458988450151257
2020-08-24,0.004655129177303374,2.7196216013659376,0.0,0.0,0.46149136700945254
2020-08-25,0.0016159923836394086,2.7240164891601264,0.0,0.0,0.4623589376684571
2020-08-26,0.00463698659182854,2.7366477170962815,0.0,0.0,0.46483907332796776
2020-08-27,0.0010177689283743518,2.7394329921106486,0.0,0.0,0.4653818284640583
2020-08-28,0.0030075191887515285,2.7476718894007206,0.0,0.0,0.46698349531030847
2020-08-31,-0.0016876420997056218,2.74303480264399,0.0,0.0,0.46607826745554864
2020-09-01,0.004393458894738522,2.7550862132962437,1.2740877739228244e-07,0.00025481755478456487,0.46866621750686477
2020-09-02,0.00678023388755622,2.773766342202774,0.0,0.0,0.4722430781600798
2020-09-03,-0.016250487472271535,2.7286912870077993,0.0,0.0,0.4635236307222364
2020-09-04,-0.0037831449390984817,2.7183682523749937,0.0,0.0,0.46148488118358655
2020-09-08,-0.0126029121608775,2.6841088960693935,0.0,0.0,0.45460524456679874
2020-09-09,0.008978631867763598,2.70820852174019,0.0,0.0,0.4594569687864908
2020-09-10,-0.007976152903564016,2.6866074364760553,0.0,0.0,0.4551092831910669
2020-09-11,0.00023328705048886178,2.6872341872007324,0.0,0.0,0.45523483326565956
2020-09-14,0.006000556970592985,2.7033590890343557,0.0,0.0,0.4584796482958521
2020-09-15,0.0023179018522936357,2.7096252100742433,0.0,0.0,0.45973045746728336
2020-09-16,-0.0018229020178066602,2.704685828811299,0.0,0.0,0.4587423185702375
2020-09-17,-0.004033250086488582,2.6937771544583216,0.0,0.0,0.45654896274443296
2020-09-18,-0.005254970839046247,2.679621434064754,0.0,0.0,0.4536767854787437
2020-09-21,-0.005045517570422375,2.6661013570370997,0.0,0.0,0.45090258037922243
2020-09-22,0.004593424253863665,2.6783478916737726,0.0,0.0,0.45341208787423454
2020-09-23,-0.010513620213979613,2.6501887591398017,0.0,0.0,0.44760307954621076
2020-09-24,0.0011941386686133981,2.653353452016215,0.0,0.0,0.4482606020016629
2020-09-25,0.007248565755928027,2.6725864589868733,0.0,0.0,0.45222974586830944
2020-09-28,0.00751532272150901,2.6926718087272947,0.0,0.0,0.4563116897538624
2020-09-29,-0.0024838771471558108,2.6859835427568064,0.0,0.0,0.45495655889332537
2020-09-30,0.003450750049844409,2.695252200600856,0.0,0.0,0.45682963564471296
2020-10-01,0.005145240110579596,2.7091199203315153,0.00018680124688471428,0.37360249376942856,0.8314855836163303
2020-10-02,-0.00789431535084495,2.6877332733571624,0.0,0.0,0.83014430627103
2020-10-05,0.014722025386619375,2.727302150839988,0.0,0.0,0.8326074773876082
2020-10-06,-0.011835767649218565,2.695022436273432,0.0,0.0,0.8306021340546138
2020-10-07,0.014458321429852372,2.7339879369177367,0.0,0.0,0.8330160337801039
2020-10-08,0.007383105260539313,2.754173257637045,0.0,0.0,0.8342394589865311
2020-10-09,0.007450479365167295,2.774693168661165,0.0,0.0,0.8354649248008384
2020-10-12,0.013441740537137203,2.8119898743044756,0.0,0.0,0.8376459884805825
2020-10-13,-0.005466082385925941,2.7966193059831377,0.0,0.0,0.8367532683451556
2020-10-14,-0.005257303718985473,2.781916628905206,0.0,0.0,0.8358900769774879
2020-10-15,-0.001032486118922371,2.779044338601862,0.0,0.0,0.8357200108605961
2020-10-16,-0.0005046379120432487,2.7776419274693542,0.0,0.0,0.8356366395921961
2020-10-19,-0.012703444060927938,2.742356308622459,0.0,0.0,0.8335205623624644
2020-10-20,0.0033392289370075545,2.7515136641637965,0.0,0.0,0.8340742163244198
2020-10-21,-0.0015783886281430792,2.7471707062861,0.0,0.0,0.8338114746798965
2020-10-22,0.004574264159327601,2.7597369907874194,0.0,0.0,0.8345677957829823
2020-10-23,0.0028336970989508714,2.7675572494920813,0.0,0.0,0.8350348719982379
2020-10-26,-0.01543002613766753,2.7248537687949272,0.0,0.0,0.8324484221646085
2020-10-27,-0.0028693791320523188,2.717035130252853,0.0,0.0,0.8319659016443464
2020-10-28,-0.028435423230456336,2.639775086392095,0.0,0.0,0.8270475103554669
2020-10-29,0.0084061077701445,2.6619653202572495,0.0,0.0,0.8284888256049003
2020-10-30,-0.008636369848511127,2.6389756032275975,0.0,0.0,0.826994294602436
2020-11-02,0.010945801293774648,2.667861305799646,7.828571798007138e-05,0.15657143596014275,0.9838209969304885
2020-11-03,0.017370367718003044,2.7142030377020174,0.0,0.0,0.9840971976889517
2020-11-04,0.021993897439088306,2.7738989409420975,0.0,0.0,0.9844393968139643
2020-11-05,0.019199366413339858,2.8271560431028204,0.0,0.0,0.9847324880107022
2020-11-06,-0.0002248192719526143,2.8265204439395135,0.0,0.0,0.9847290192697878
2020-11-09,0.01237371429937606,2.8614950003741666,0.0,0.0,0.9849155656448008
2020-11-10,-0.0014443023758977658,2.8573621363465067,0.0,0.0,0.9848937112530138
2020-11-11,0.007316399290404396,2.878267738653301,0.0,0.0,0.9850033951789952
2020-11-12,-0.009555414590572853,2.850764697107798,0.0,0.0,0.9848586766038742
2020-11-13,0.013634786479790773,2.889634265056988,0.0,0.0,0.9850623135328735
2020-11-16,0.012296232759337,2.9251658805694842,0.0,0.0,0.9852436591013236
2020-11-17,-0.00529902052548481,2.9096653665278986,0.0,0.0,0.9851650179263242
2020-11-18,-0.011856114991123823,2.8751680393566534,0.0,0.0,0.9849869894541564
2020-11-19,0.0041470505853442585,2.8870915066572307,0.0,0.0,0.9850489613402436
2020-11-20,-0.006745509661826743,2.8676166030044965,0.0,0.0,0.9849473993166714
2020-11-23,0.005904046113387462,2.8845471436641503,0.0,0.0,0.9850356776573522
2020-11-24,0.015872845978673222,2.9303331161937534,0.0,0.0,0.9852694644994782
2020-11-25,-0.0015189801385719903,2.9258819983908553,0.0,0.0,0.9852470227560539
2020-11-27,0.0027438220086264398,2.9339100978126837,0.0,0.0,0.9852873270854833
2020-11-30,-0.0043617032386539245,2.921113252637135,0.0,0.0,0.9852227850435348
2020-12-01,0.010930024174113262,2.953041091103781,7.384915020722225e-06,0.014769830041444451,1.0
2020-12-02,0.00210333545050001,2.959252327117483,0.0,0.0,1.0
2020-12-03,-0.00027234459285929713,2.9584463907472864,0.0,0.0,1.0
2020-12-04,0.00861742097824969,2.983940568737939,0.0,0.0,1.0
2020-12-07,-0.002054715718848077,2.9778094191472446,0.0,0.0,1.0
2020-12-08,0.002926201294786379,2.98652308892518,0.0,0.0,1.0
2020-12-09,-0.008969037958498904,2.959736849976677,0.0,0.0,1.0
2020-12-10,-0.00032704863590238276,2.958768872077262,0.0,0.0,1.0
2020-12-11,-0.0011726535425469198,2.955299261277843,0.0,0.0,1.0
2020-12-14,-0.0044771590725657395,2.942067916378066,0.0,0.0,1.0
2020-12-15,0.01351964807792938,2.9818436392288645,0.0,0.0,1.0
2020-12-16,0.001569314243964115,2.98652308892518,0.0,0.0,1.0
2020-12-17,0.0055917491286607834,3.003222976805403,0.0,0.0,1.0
2020-12-18,-0.0039927348900654636,2.9912319036432655,0.0,0.0,1.0
2020-12-21,-0.0035757203359388923,2.980536094895899,0.0,0.0,1.0
2020-12-22,-0.0016850950237211615,2.9755136083543685,0.0,0.0,1.0
2020-12-23,0.0008985177373144193,2.9781871601090955,0.0,0.0,1.0
2020-12-24,0.0038905894954801568,2.9897740637897896,0.0,0.0,1.0
2020-12-28,0.008590699236773247,3.015458313557713,0.0,0.0,1.0
2020-12-29,-0.0019078830067832397,3.009705171883613,0.0,0.0,1.0
2020-12-30,0.001426884266443329,3.013999672840007,0.0,0.0,1.0
2020-12-31,0.0050808206901817865,3.0293132647379735,0.0,0.0,1.0
2021-01-04,-0.013613988991216353,2.988072227300885,0.0,0.0,1.0
2021-01-05,0.006887408840687614,3.0086523023758103,0.0,0.0,1.0
2021-01-06,0.005978383305955903,3.0266391790737597,0.0,0.0,1.0
2021-01-07,0.014857665817666454,3.0716079725470937,0.0,0.0,1.0
2021-01-08,0.0056974126767541655,3.0891081907479028,0.0,0.0,1.0
2021-01-11,-0.006740608841172668,3.0682857207660086,0.0,0.0,1.0
2021-01-12,0.0002110729789610577,3.0689333529733944,0.0,0.0,1.0
2021-01-13,0.0026930046856836753,3.0771980048730025,0.0,0.0,1.0
2021-01-14,-0.0035020265393370664,3.066421575793142,0.0,0.0,1.0
2021-01-15,-0.007292712806633683,3.0440590438968176,0.0,0.0,1.0
2021-01-19,0.007852298664646984,3.067961904662315,0.0,0.0,1.0
2021-01-20,0.013838399184437966,3.110417586181681,0.0,0.0,1.0
2021-01-21,0.0009116439209133631,3.1132531794656253,0.0,0.0,1.0
2021-01-22,-0.003539327947854498,3.102234355478796,0.0,0.0,1.0
2021-01-25,0.003943781960402903,3.1144688913668754,0.0,0.0,1.0
2021-01-26,-0.0015607729893444278,3.1096079124450764,0.0,0.0,1.0
2021-01-27,-0.024440427504235473,3.0336077656943656,0.0,0.0,1.0
2021-01-28,0.008599887730752265,3.0596964518984753,0.0,0.0,1.0
2021-01-29,-0.020019229628285395,2.9984436860350696,0.0,0.0,1.0
2021-02-01,0.016645343717921035,3.0483538118079534,0.0,0.0,1.0
2021-02-02,0.014140128492964088,3.0914579263989346,0.0,0.0,1.0
2021-02-03,0.0007864974586062612,3.0938893502014357,0.0,0.0,1.0
2021-02-04,0.011365568940680637,3.1290531629059877,0.0,0.0,1.0
2021-02-05,0.003936001225804064,3.1413691199907916,0.0,0.0,1.0
2021-02-08,0.007221802702410018,3.1640554679908086,0.0,0.0,1.0
2021-02-09,-0.0006655189951337848,3.1619497289752037,0.0,0.0,1.0
2021-02-10,-0.0004358979294721843,3.1605714416352484,0.0,0.0,1.0
2021-02-11,0.001614953114414286,3.165675616328246,0.0,0.0,1.0
2021-02-12,0.004939759107264408,3.1813132912846482,0.0,0.0,1.0
2021-02-16,-0.0008658182296946704,3.178558852242684,0.0,0.0,1.0
2021-02-17,0.0002295339955973308,3.179288439556281,0.0,0.0,1.0
2021-02-18,-0.0042561941904027956,3.1657567705702268,0.0,0.0,1.0
2021-02-19,-0.0017658650634884143,3.1601664712895747,0.0,0.0,1.0
2021-02-22,-0.00769169297496608,3.1358594410426335,0.0,0.0,1.0
2021-02-23,0.001214375033572912,3.1396675504566294,0.0,0.0,1.0
2021-02-24,0.011019341133545302,3.1742646182410335,0.0,0.0,1.0
2021-02-25,-0.02409582926816345,3.0977780799479255,0.0,0.0,1.0
2021-02-26,-0.005152561173899062,3.0818165888878304,0.0,0.0,1.0
2021-03-01,0.02424018833123509,3.156520403404796,0.0,0.0,1.0
2021-03-02,-0.007803333136561341,3.131889023144675,0.0,0.0,1.0
2021-03-03,-0.013245669289996265,3.0904050568911314,0.0,0.0,1.0
2021-03-04,-0.012374797143146599,3.0521619212219493,0.0,0.0,1.0
2021-03-05,0.01839677166329512,3.108311847166074,0.0,0.0,1.0
2021-03-08,-0.004978962246269258,3.0928356798294026,0.0,0.0,1.0
2021-03-09,0.014277529260847466,3.13699373174716,0.0,0.0,1.0
2021-03-10,0.006224644780135069,3.1565204034047967,0.0,0.0,1.0
2021-03-11,0.01013897118260565,3.1885242728122245,0.0,0.0,1.0
2021-03-12,0.0013468616165202008,3.1928187737686184,0.0,0.0,1.0
2021-03-15,0.005963637579796233,3.211859587793344,0.0,0.0,1.0
2021-03-16,-0.001261441239628458,3.2078080156534052,0.0,0.0,1.0
2021-03-17,0.00341003498664616,3.218746753217227,0.0,0.0,1.0
2021-03-18,-0.014549556180811996,3.1719154164994867,0.0,0.0,1.0
2021-03-19,-0.0018503857186513706,3.166046149512026,0.0,0.0,1.0
2021-03-22,0.007984747881952359,3.1913262297985057,0.0,0.0,1.0
2021-03-23,-0.007870637469771902,3.1662084579959875,0.0,0.0,1.0
2021-03-24,-0.005083525786374943,3.1501129556547265,0.0,0.0,1.0
2021-03-25,0.005625678803434786,3.1678344793377784,0.0,0.0,1.0
2021-03-26,0.016114526872151647,3.2188826331815954,0.0,0.0,1.0
2021-03-29,-0.0005049020616060274,3.217257412704034,0.0,0.0,1.0
2021-03-30,-0.0026527386684828125,3.208722869558891,0.0,0.0,1.0
2021-03-31,0.004053253792973388,3.221728637700531,0.0,0.0,1.0
2021-04-01,0.010799237184243804,3.25652084940233,0.0,0.0,1.0
2021-04-05,0.014353080534725837,3.3032619554168154,0.0,0.0,1.0
2021-04-06,-0.0005908420691513872,3.301310249288128,0.0,0.0,1.0
2021-04-07,0.0011573959892141605,3.3051311725298054,0.0,0.0,1.0
2021-04-08,0.004746921197037235,3.320820369751676,0.0,0.0,1.0
2021-04-09,0.007270147250265646,3.3449632228314523,0.0,0.0,1.0
2021-04-12,0.0003644032167082756,3.346182138189623,0.0,0.0,1.0
2021-04-13,0.002963866060155418,3.3560997738601017,0.0,0.0,1.0
2021-04-14,-0.0034151850893505697,3.344638071954042,0.0,0.0,1.0
2021-04-15,0.010742319850699955,3.3805672439078007,0.0,0.0,1.0
2021-04-16,0.003342533829848948,3.3918669042846417,0.0,0.0,1.0
2021-04-19,-0.00491296280628295,3.375202788340029,0.0,0.0,1.0
2021-04-20,-0.007321713419036313,3.350490520792671,0.0,0.0,1.0
2021-04-21,0.009462120325420376,3.3821932652495916,0.0,0.0,1.0
2021-04-22,-0.009133245426944492,3.3513028640767084,0.0,0.0,1.0
2021-04-23,0.010842433349392167,3.3876391420140872,0.0,0.0,1.0
2021-04-26,0.002087717055827998,3.3947115740298606,0.0,0.0,1.0
2021-04-27,-0.00021546926177640202,3.3939801180330607,0.0,0.0,1.0
2021-04-28,-0.00028732804659159505,3.3930049323555753,0.0,0.0,1.0
2021-04-29,0.006372679609612408,3.414627465703312,0.0,0.0,1.0
2021-04-30,-0.006570539444227919,3.3921915212525646,0.0,0.0,1.0
2021-05-03,0.0021568442127644083,3.3995079499037666,0.0,0.0,1.0
2021-05-04,-0.006169431801958725,3.378534917446619,0.0,0.0,1.0
2021-05-05,0.00031297818855713366,3.379592325185058,0.0,0.0,1.0
2021-05-06,0.007985516353147926,3.4065801149647967,0.0,0.0,1.0
2021-05-07,0.007278019009645975,3.4313732697993924,0.0,0.0,1.0
2021-05-10,-0.009902391237306185,3.3973944692006044,0.0,0.0,1.0
2021-05-11,-0.008924698037108603,3.367073749450046,0.0,0.0,1.0
2021-05-12,-0.021245231370641826,3.2955394886009652,0.0,0.0,1.0
2021-05-13,0.012012535989450512,3.3351272753124395,0.0,0.0,1.0
2021-05-14,0.015355355231965184,3.386339339368678,0.0,0.0,1.0
2021-05-17,-0.0025444875388537236,3.377722841117324,0.0,0.0,1.0
2021-05-18,-0.008615805902760454,3.3486210367249365,0.0,0.0,1.0
2021-05-19,-0.0026218576253501658,3.339841429125391,0.0,0.0,1.0
2021-05-20,0.010757827780437657,3.375770868033893,0.0,0.0,1.0
2021-05-21,-0.0008185533487063967,3.3730076194853984,0.0,0.0,1.0
2021-05-24,0.010194276607702335,3.40739299215832,0.0,0.0,1.0
2021-05-25,-0.0022188298514524973,3.399832566871689,0.0,0.0,1.0
2021-05-26,0.001984670703744529,3.406580114964796,0.0,0.0,1.0
2021-05-27,0.0005248066553351638,3.408367910881062,0.0,0.0,1.0
2021-05-28,0.0017890616292648431,3.4144656911288367,0.0,0.0,1.0
2021-06-01,-0.0008808930490133982,3.4114579120354267,0.0,0.0,1.0
2021-06-02,0.001572481826273009,3.4168223676031975,0.0,0.0,1.0
2021-06-03,-0.0037113091799000353,3.404141483384224,0.0,0.0,1.0
2021-06-04,0.009145721510490201,3.435274813373563,0.0,0.0,1.0
2021-06-07,-0.000970052249782194,3.43194241731223,0.0,0.0,1.0
2021-06-08,0.0002128984241938081,3.4326730724448,0.0,0.0,1.0
2021-06-09,-0.0014917604382985727,3.427552346557714,0.0,0.0,1.0
2021-06-10,0.004648563244643356,3.443485540415013,0.0,0.0,1.0
2021-06-11,0.0016524362561958217,3.449175680769681,0.0,0.0,1.0
2021-06-14,0.0022388537366071493,3.4568978806307866,0.0,0.0,1.0
2021-06-15,-0.0018342193733166257,3.4505571715665564,0.0,0.0,1.0
2021-06-16,-0.005583172528742519,3.4312921155574103,0.0,0.0,1.0
2021-06-17,-0.0003318950694988221,3.4301532866222466,0.0,0.0,1.0
2021-06-18,-0.013490262502068195,3.3838796183633804,0.0,0.0,1.0
2021-06-21,0.01431603627526501,3.4323233617310005,0.0,0.0,1.0
2021-06-22,0.0053462139824906885,3.4506732968799163,0.0,0.0,1.0
2021-06-23,-0.0012053942805934081,3.446513875023661,0.0,0.0,1.0
2021-06-24,0.005915814129296537,3.4669028105023427,0.0,0.0,1.0
2021-06-25,0.0035518219344234936,3.4792166319491993,0.0,0.0,1.0
2021-06-28,0.002016038845443102,3.4862308678309204,0.0,0.0,1.0
2021-06-29,0.0005380857013468354,3.4881067588124943,0.0,0.0,1.0
2021-06-30,0.0008417847919282018,3.4910429940346845,0.0,0.0,1.0
2021-07-01,0.0055364707228198196,3.5103710513632627,0.0,0.0,1.0
2021-07-02,0.007643832712051157,3.5372037404371106,0.0,0.0,1.0
2021-07-06,-0.0018218592926899646,3.5307594529324575,0.0,0.0,1.0
2021-07-07,0.003534234685159454,3.543237985455966,0.0,0.0,1.0
2021-07-08,-0.008148014541614512,3.51436763082607,0.0,0.0,1.0
2021-07-09,0.01067479388183079,3.5518827809101166,0.0,0.0,1.0
2021-07-12,0.0035819113252597568,3.564605310069054,0.0,0.0,1.0
2021-07-13,-0.0034090113380331744,3.552453530151415,0.0,0.0,1.0
2021-07-14,0.0014921856947207601,3.5577544504902674,0.0,0.0,1.0
2021-07-15,-0.003415425706649655,3.5456032044821155,0.0,0.0,1.0
2021-07-16,-0.007843595501286549,3.5177929271380926,0.0,0.0,1.0
2021-07-19,-0.01476783739055576,3.46584273321647,0.0,0.0,1.0
2021-07-20,0.014330327966395773,3.5155093962634116,0.0,0.0,1.0
2021-07-21,0.008096327310927354,3.5439721110002007,0.0,0.0,1.0
2021-07-22,0.0020940745674342676,3.5513934528655424,0.0,0.0,1.0
2021-07-23,0.010288082238509189,3.587930480769926,0.0,0.0,1.0
2021-07-26,0.002454796126849068,3.596738118617524,0.0,0.0,1.0
2021-07-27,-0.004557635955135586,3.580345495646906,0.0,0.0,1.0
2021-07-28,-0.0004101609872554368,3.578876977603696,0.0,0.0,1.0
2021-07-29,0.00414760039044304,3.5937207291533526,0.0,0.0,1.0
2021-07-30,-0.004856443105027419,3.5762680288968616,0.0,0.0,1.0
2021-08-02,-0.0020981547987080074,3.5687644649705654,0.0,0.0,1.0
2021-08-03,0.008135438542685502,3.5977979289486535,0.0,0.0,1.0
2021-08-04,-0.0049187578739563476,3.5801012320567334,0.0,0.0,1.0
2021-08-05,0.006332912083700348,3.602773698410096,0.0,0.0,1.0
2021-08-06,0.0016523632276714828,3.6087267891869708,0.0,0.0,1.0
2021-08-09,-0.0008135005735263601,3.6057910878742674,0.0,0.0,1.0
2021-08-10,0.0012437880007774016,3.6102759275626757,0.0,0.0,1.0
2021-08-11,0.0024848555430467822,3.6192469417132083,0.0,0.0,1.0
2021-08-12,0.0029970798515659425,3.6300941138000584,0.0,0.0,1.0
2021-08-13,0.0018198781703087086,3.6367004428339293,0.0,0.0,1.0
2021-08-16,0.002354709823378487,3.6452638170913554,0.0,0.0,1.0
2021-08-17,-0.006555333479604686,3.621367897149185,0.0,0.0,1.0
2021-08-18,-0.010944917151813671,3.5817323255386495,0.0,0.0,1.0
2021-08-19,0.0015482594397764338,3.5872777764224173,0.0,0.0,1.0
2021-08-20,0.00795726971168964,3.615822713220161,0.0,0.0,1.0
2021-08-23,0.008796279992259626,3.647628502208017,0.0,0.0,1.0
2021-08-24,0.0015873276089324317,3.6534184836367007,0.0,0.0,1.0
2021-08-25,0.0020984930439329474,3.6610851569111884,0.0,0.0,1.0
2021-08-26,-0.005903346984823199,3.6394725008889557,0.0,0.0,1.0
2021-08-27,0.00894112604041264,3.6720134832400197,0.0,0.0,1.0
2021-08-30,0.004397612508615811,3.688161575665722,0.0,0.0,1.0
2021-08-31,-0.0014817221098257782,3.682696745114448,0.0,0.0,1.0
2021-09-01,0.0005316338062268944,3.6846545912022326,0.0,0.0,1.0
2021-09-02,0.0030764618464538263,3.6959902904694273,0.0,0.0,1.0
2021-09-03,-0.00024261453966767377,3.695093589486489,0.0,0.0,1.0
2021-09-07,-0.00357551355156549,3.681881732282977,0.0,0.0,1.0
2021-09-08,-0.0012184461067257235,3.6773955578208524,0.0,0.0,1.0
2021-09-09,-0.004280253600779105,3.6616553722430005,0.0,0.0,1.0
2021-09-10,-0.007884436065174638,3.632785284567847,0.0,0.0,1.0
2021-09-13,0.0025592574618737984,3.642082517414763,0.0,0.0,1.0
2021-09-14,-0.0053966588607505805,3.6224274405255716,0.0,0.0,1.0
2021-09-15,0.00835295830838767,3.652685425911441,0.0,0.0,1.0
2021-09-16,-0.0015852762181745028,3.646894910573271,0.0,0.0,1.0
2021-09-17,-0.009741310691131821,3.6113693741914696,0.0,0.0,1.0
2021-09-20,-0.01667405749887585,3.5511531935965217,0.0,0.0,1.0
2021-09-21,-0.000944412211461132,3.54779944115572,0.0,0.0,1.0
2021-09-22,0.009754632299091126,3.582406920175115,0.0,0.0,1.0
2021-09-23,0.012150053850623177,3.6259333571700876,0.0,0.0,1.0
2021-09-24,0.001647257365078758,3.6319062025979707,0.0,0.0,1.0
2021-09-27,-0.00286094378436208,3.621515523122262,0.0,0.0,1.0
2021-09-28,-0.02015173490722566,3.5485357023378996,0.0,0.0,1.0
2021-09-29,0.001682809799611773,3.5545072129920663,0.0,0.0,1.0
2021-09-30,-0.012222289147487575,3.5110629980580472,0.0,0.0,1.0
2021-10-01,0.011884253054869953,3.5527893592185595,0.0,0.0,1.0
2021-10-04,-0.012896038594041204,3.506972450525578,0.0,0.0,1.0
2021-10-05,0.010405074844208606,3.543462761349874,0.0,0.0,1.0
2021-10-06,0.004155979449806058,3.558189319767197,0.0,0.0,1.0
2021-10-07,0.008645557356916633,3.5889518496180126,0.0,0.0,1.0
2021-10-08,-0.001823632558234367,3.5824069201751136,0.0,0.0,1.0
2021-10-11,-0.0072396728678033595,3.556471465993691,0.0,0.0,1.0
2021-10-12,-0.0024615729206262094,3.547716952140021,0.0,0.0,1.0
2021-10-13,0.0035975548365629884,3.560480058419949,0.0,0.0,1.0
2021-10-14,0.01682060480789649,3.620369486409027,0.0,0.0,1.0
2021-10-15,0.007616134661236229,3.647942707940949,0.0,0.0,1.0
2021-10-18,0.0029602584642558494,3.6587415612192515,0.0,0.0,1.0
2021-10-19,0.007714946034340198,3.6869685549176556,0.0,0.0,1.0
2021-10-20,0.003927606063826916,3.7014495149710895,0.0,0.0,1.0
2021-10-21,0.0026082082977862964,3.711103666309874,0.0,0.0,1.0
2021-10-22,-0.0010360662256581055,3.7072587171412943,0.0,0.0,1.0
2021-10-25,0.005362773163062551,3.7271399046981095,0.0,0.0,1.0
2021-10-26,0.0009000341792384514,3.7304944580031414,0.0,0.0,1.0
2021-10-27,-0.004430145772319372,3.713967823751358,0.0,0.0,1.0
2021-10-28,0.009648837184228487,3.7498032945901985,0.0,0.0,1.0
2021-10-29,0.002029033669955993,3.757411771730634,0.0,0.0,1.0
2021-11-01,0.0017202022665718797,3.763875279976809,0.0,0.0,1.0
2021-11-02,0.004043179161860477,3.779093302076653,0.0,0.0,1.0
2021-11-03,0.006105193960543431,3.802165399680822,0.0,0.0,1.0
2021-11-04,0.004712437935020075,3.8200828681454984,0.0,0.0,1.0
2021-11-05,0.003469637561590355,3.833337171153204,0.0,0.0,1.0
2021-11-08,0.0008537900548362121,3.8366100363067686,0.0,0.0,1.0
2021-11-09,-0.003305509790657579,3.8239280842688212,0.0,0.0,1.0
2021-11-10,-0.0080446761074362,3.7931658213727495,0.0,0.0,1.0
2021-11-11,0.0003235972187247693,3.7943932792827075,0.0,0.0,1.0
2021-11-12,0.007546564492367125,3.823027912874219,0.0,0.0,1.0
2021-11-15,0.00034250678938541057,3.8243373258903883,0.0,0.0,1.0
2021-11-16,0.003957897188071158,3.8394736598387653,0.0,0.0,1.0
2021-11-17,-0.002429343071286172,3.8301462611058503,0.0,0.0,1.0
2021-11-18,0.0033965383216325584,3.843155499659154,0.0,0.0,1.0
2021-11-19,-0.001788309077879191,3.8362827497914123,0.0,0.0,1.0
2021-11-22,-0.002814995905511153,3.8254836295583665,0.0,0.0,1.0
2021-11-23,0.001325951845498663,3.8305560366369042,0.0,0.0,1.0
2021-11-24,0.0026698568354606156,3.840783072854934,0.0,0.0,1.0
2021-11-26,-0.02230327465835713,3.7551210330778817,0.0,0.0,1.0
2021-11-29,0.012266726041743947,3.8011840740442384,0.0,0.0,1.0
2021-11-30,-0.01945767760760575,3.7272218598043203,0.0,0.0,1.0
2021-12-01,-0.0111072920145604,3.6858225182044206,0.0,0.0,1.0
2021-12-02,0.01531637869389968,3.7422759716917424,0.0,0.0,1.0
2021-12-03,-0.008701426575988602,3.7097128320969803,0.0,0.0,1.0
2021-12-06,0.011843417699721082,3.75364851071352,0.0,0.0,1.0
2021-12-07,0.020684813703044647,3.8312920308643403,0.0,0.0,1.0
2021-12-08,0.002647883292463904,3.8414368450214162,0.0,0.0,1.0
2021-12-09,-0.006751498261655775,3.8155013908399935,0.0,0.0,1.0
2021-12-10,0.009413553361893312,3.851418816785044,0.0,0.0,1.0
2021-12-13,-0.008858454166719931,3.8173011997197106,0.0,0.0,1.0
2021-12-14,-0.00688006348783643,3.7910379251134447,0.0,0.0,1.0
2021-12-15,0.015625181544661748,3.85027358093604,0.0,0.0,1.0
2021-12-16,-0.008818517993377961,3.816319874083128,0.0,0.0,1.0
2021-12-17,-0.010642878907558329,3.775703243790753,0.0,0.0,1.0
2021-12-20,-0.01063356676740479,3.735554051253997,0.0,0.0,1.0
2021-12-21,0.017759111900763846,3.8018941736615686,0.0,0.0,1.0
2021-12-22,0.00999872346861519,3.8399082621609497,0.0,0.0,1.0
2021-12-23,0.006222140712565105,3.8638007116914563,0.0,0.0,1.0
2021-12-27,0.014152094808091098,3.918481585682884,0.0,0.0,1.0
2021-12-28,-0.0008172525584957402,3.915279196581566,0.0,0.0,1.0
2021-12-29,0.0012793822746373085,3.9202883353859286,0.0,0.0,1.0
2021-12-30,-0.0027647531527794644,3.9094497058508657,0.0,0.0,1.0
2021-12-31,-0.0025199704792531197,3.8995980080019965,0.0,0.0,1.0
2022-01-03,0.005789886876192529,3.9221762393309536,0.0,0.0,1.0
2022-01-04,-0.0003350056618134367,3.9208622880841477,0.0,0.0,1.0
2022-01-05,-0.019202080263943877,3.8455735757244853,0.0,0.0,1.0
2022-01-06,-0.000939512773701523,3.841960610227883,0.0,0.0,1.0
2022-01-07,-0.003953430441838268,3.8267716861950647,0.0,0.0,1.0
2022-01-10,-0.0012442354007433654,3.8220102813925383,0.0,0.0,1.0
2022-01-11,0.009108077405771242,3.856821446881115,0.0,0.0,1.0
2022-01-12,0.0027035869871498974,3.8672486991566632,0.0,0.0,1.0
2022-01-13,-0.013778659117402392,3.8139631976087656,0.0,0.0,1.0
2022-01-14,0.0004089752534623958,3.815523014174204,0.0,0.0,1.0
2022-01-18,-0.01770958199778061,3.747951696490267,0.0,0.0,1.0
2022-01-19,-0.010383377023874929,3.7090353009583366,0.0,0.0,1.0
2022-01-20,-0.011068188114286115,3.667983000524802,0.0,0.0,1.0
2022-01-21,-0.019630653154967703,3.5959780984631817,0.0,0.0,1.0
2022-01-24,0.00424687792447509,3.611249778466441,0.0,0.0,1.0
2022-01-25,-0.012209211511924556,3.5671592660987534,0.0,0.0,1.0
2022-01-26,-0.0025086039855678477,3.558210676146663,0.0,0.0,1.0
2022-01-27,-0.004937920191559808,3.5406405158030947,0.0,0.0,1.0
2022-01-28,0.024835268204037808,3.6285732726271474,0.0,0.0,1.0
2022-01-31,0.018011006979895994,3.693927531167499,0.0,0.0,1.0
2022-02-01,0.006757108333429684,3.7188877996714362,0.0,0.0,1.0
2022-02-02,0.009714028934489027,3.7550131833615628,0.0,0.0,1.0
2022-02-03,-0.02350522930869836,3.6667507374294637,0.0,0.0,1.0
2022-02-04,0.004702566936699792,3.683993878212419,0.0,0.0,1.0
2022-02-07,-0.0032093317794280596,3.6721707195838533,0.0,0.0,1.0
2022-02-08,0.008227741356724216,3.702384390482325,0.0,0.0,1.0
2022-02-09,0.014636138155718736,3.756572999927001,0.0,0.0,1.0
2022-02-10,-0.017965602059189067,3.6890839043040184,0.0,0.0,1.0
2022-02-11,-0.019718743632018643,3.616339804558041,0.0,0.0,1.0
2022-02-14,-0.0032694454122941252,3.6045163789747323,0.0,0.0,1.0
2022-02-15,0.01612682236795826,3.662645774340854,0.0,0.0,1.0
2022-02-16,0.0011207644259152438,3.666750737429464,0.0,0.0,1.0
2022-02-17,-0.02136125305295189,3.5884243470451356,0.0,0.0,1.0
2022-02-18,-0.006475118787508172,3.5651888731380317,0.0,0.0,1.0
2022-02-22,-0.010731611180835099,3.5269286523652745,0.0,0.0,1.0
2022-02-23,-0.017738581909533258,3.464365939576213,0.0,0.0,1.0
2022-02-24,0.015049139836143866,3.5165016670444698,0.0,0.0,1.0
2022-02-25,0.022063895870314987,3.594089393653928,0.0,0.0,1.0
2022-02-28,-0.002558438349137715,3.5848941375189747,0.0,0.0,1.0
2022-03-01,-0.015230273695893137,3.530295218633758,0.0,0.0,1.0
2022-03-02,0.018396180794461925,3.595239167733569,0.0,0.0,1.0
2022-03-03,-0.004978393325966501,3.577340653055671,0.0,0.0,1.0
2022-03-04,-0.008124815166182353,3.5482754214631234,0.0,0.0,1.0
2022-03-07,-0.02947905583600685,3.443675612192281,0.0,0.0,1.0
2022-03-08,-0.007581717241939567,3.4175666374276763,0.0,0.0,1.0
2022-03-09,0.026810794681630945,3.5091943148545415,0.0,0.0,1.0
2022-03-10,-0.004515385676894801,3.4933489491078067,0.0,0.0,1.0
2022-03-11,-0.012715114762261281,3.448930616315276,0.0,0.0,1.0
2022-03-14,-0.007308391100514289,3.4237244824927062,0.0,0.0,1.0
2022-03-15,0.02199052920551492,3.4990139957165987,0.0,0.0,1.0
2022-03-16,0.022174092401372247,3.5766014553713132,0.0,0.0,1.0
2022-03-17,0.012511026078794174,3.621348409452917,0.0,0.0,1.0
2022-03-18,0.010952716329379664,3.661012011311505,0.0,0.0,1.0
2022-03-21,-0.00029232943317691884,3.6599417897453845,0.0,0.0,1.0
2022-03-22,0.011701264721858173,3.7027677374937866,0.0,0.0,1.0
2022-03-23,-0.012878292218786891,3.655082412552045,0.0,0.0,1.0
2022-03-24,0.015074240229603575,3.7101800028978538,0.0,0.0,1.0
2022-03-25,0.004883667702511252,3.728299289148509,0.0,0.0,1.0
2022-03-28,0.007113114065659953,3.7548191072631414,0.0,0.0,1.0
2022-03-29,0.012370731335534124,3.801268965652624,0.0,0.0,1.0
2022-03-30,-0.006174849234966362,3.7777967028881623,0.0,0.0,1.0
2022-03-31,-0.015391143663723517,3.7196520911016697,0.0,0.0,1.0
2022-04-01,0.0028340040002459155,3.7301936000073748,0.0,0.0,1.0
2022-04-04,0.008566512401551263,3.762148349742025,0.0,0.0,1.0
2022-04-05,-0.012631244025331445,3.7146277358769355,0.0,0.0,1.0
2022-04-06,-0.00999940926301468,3.6774836528861563,0.0,0.0,1.0
2022-04-07,0.0050389519734848065,3.696014316396325,0.0,0.0,1.0
2022-04-08,-0.002674087440485251,3.686130850932996,0.0,0.0,1.0
2022-04-11,-0.01709210133143846,3.6231271289079077,0.0,0.0,1.0
2022-04-12,-0.0037050367795909978,3.60970330963817,0.0,0.0,1.0
2022-04-13,0.011453373742214445,3.6510465907419642,0.0,0.0,1.0
2022-04-14,-0.012451879663514132,3.6055841979481618,0.0,0.0,1.0
2022-04-18,0.0004112880237814309,3.6070671315475136,0.0,0.0,1.0
2022-04-19,0.01614265346004129,3.66529476625919,0.0,0.0,1.0
2022-04-20,-0.0007414408555616037,3.6625771669718095,0.0,0.0,1.0
2022-04-21,-0.01495374254647086,3.6078079309603304,0.0,0.0,1.0
2022-04-22,-0.027439125454690627,3.508812836526282,0.0,0.0,1.0
2022-04-25,0.0057976928980241205,3.529155855789106,0.0,0.0,1.0
2022-04-26,-0.02896085212366395,3.426948494928235,0.0,0.0,1.0
2022-04-27,0.0028118305339275285,3.4365844933444714,0.0,0.0,1.0
2022-04-28,0.02525944232571553,3.523390701151554,0.0,0.0,1.0
2022-04-29,-0.03695560776536222,3.3931816563956727,0.0,0.0,1.0
2022-05-02,0.005985267457492949,3.41349075614106,2.6459637245693013e-06,0.005291927449138602,0.9947418389887339
2022-05-03,0.004559728596203794,3.4290553475547134,0.0,0.0,0.9947655963190233
2022-05-04,0.0302937343937697,3.5329342394750713,0.0,0.0,0.9949193790383969
2022-05-05,-0.03536182778602914,3.408003227319388,0.0,0.0,0.9947330128766378
2022-05-06,-0.005937485824803579,3.3877682564662943,0.0,0.0,0.9947014369391707
2022-05-09,-0.031847352393506556,3.2798768069750768,0.0,0.0,0.9945267745100597
2022-05-10,0.0022981972759756886,3.287414610918403,0.0,0.0,0.994539204616136
2022-05-11,-0.015799283225256144,3.235475816401658,0.0,0.0,0.9944514095964451
2022-05-12,-0.0010380769236230103,3.232117143619711,0.0,0.0,0.9944455094695932
2022-05-13,0.02377506540084129,3.3089609400924496,0.0,0.0,0.994574366631119
2022-05-16,-0.004035079946129283,3.2956090181605573,0.0,0.0,0.9945519631308792
2022-05-17,0.02045849435549041,3.3630322166564985,0.0,0.0,0.9946610439570083
2022-05-18,-0.04009615401273714,3.228187558947643,0.0,0.0,0.9944378723009393
2022-05-19,-0.006090261058566471,3.2085270539676354,0.0,0.0,0.9944036362450847
2022-05-20,0.00043407099076375744,3.2099197824848433,0.0,0.0,0.9944059112566388
2022-05-23,0.018606063454991384,3.269643753643188,0.0,0.0,0.9945076528512196
2022-05-24,-0.007591850648997034,3.244821106590103,0.0,0.0,0.9944654863303655
2022-05-25,0.008786278729240538,3.2733310092591266,0.0,0.0,0.9945135339083129
2022-05-26,0.0198716931310452,3.3383776385914588,0.0,0.0,0.9946202810614361
2022-05-27,0.024417153548516257,3.4198913179958796,0.0,0.0,0.9947483597549219
2022-05-31,-0.005580784583133491,3.400805641252416,0.0,0.0,0.994718294186054
2022-06-01,-0.00701347559609955,3.3769541738804145,6.775367362469644e-05,0.1355073472493929,0.8582807880545389
2022-06-02,0.016348862062304903,3.4321635318599104,0.0,0.0,0.8605562549016321
2022-06-03,-0.014118658060284006,3.3837059885466036,0.0,0.0,0.8585549920309057
2022-06-06,0.0026272196895131827,3.392595727543237,0.0,0.0,0.8589124739136312
2022-06-07,0.008243244450080622,3.420561723445675,0.0,0.0,0.8600615400386946
2022-06-08,-0.009346086645268481,3.388592857202863,0.0,0.0,0.8587365865869093
2022-06-09,-0.020418279718086407,3.319403620393785,0.0,0.0,0.855787241415091
2022-06-10,-0.02480931985806234,3.2370514742374255,0.0,0.0,0.852113387100071
2022-06-13,-0.03233756525547682,3.1323731109539352,0.0,0.0,0.8471551105054564
2022-06-14,-0.0025465019871455663,3.1243965166024097,0.0,0.0,0.846758612379074
2022-06-15,0.01207902913082548,3.1621361931427,0.0,0.0,0.8485803025234496
2022-06-16,-0.02807760207136656,3.073350991416173,0.0,0.0,0.8441987501590588
2022-06-17,0.001826060095908133,3.0789631150223182,0.0,0.0,0.8444764196695821
2022-06-21,0.02128442355609672,3.1444970700760524,0.0,0.0,0.8476924791135192
2022-06-22,-0.0015306976278020024,3.1396837958702566,0.0,0.0,0.8474527705415549
2022-06-23,0.008313627866471718,3.165785958567513,0.0,0.0,0.8487041353417566
2022-06-24,0.02699011556235953,3.251230887434945,0.0,0.0,0.8526740186851851
2022-06-27,-0.0032376560697088275,3.2407045200182165,0.0,0.0,0.8521760787555254
2022-06-28,-0.01740572130784168,3.1842977203017164,0.0,0.0,0.8495507927073652
2022-06-29,-0.0006847706279492494,3.182117206752208,0.0,0.0,0.8494405350558535
2022-06-30,-0.006894015381251006,3.1601796417839148,0.0,0.0,0.8483882934493278
2022-07-01,0.00843754612741221,3.1868438032823754,2.4564812518638743e-05,0.04912962503727748,0.8009539013424162
2022-07-05,0.0015476833344694185,3.1917760283262724,0.0,0.0,0.8012265968846098
2022-07-06,0.0027148005610511117,3.2004410636787224,0.0,0.0,0.8017559193716842
2022-07-07,0.012018027391242914,3.238904052046072,0.0,0.0,0.8041002609672319
2022-07-08,-0.0006514135723696413,3.2367941859869664,0.0,0.0,0.8039626210986436
2022-07-11,-0.009154509924693688,3.207162921487158,0.0,0.0,0.8021214647739738
2022-07-12,-0.007087269420420705,3.184432893787395,0.0,0.0,0.8006983798866038
2022-07-13,-0.004193558000566866,3.1710787897483845,0.0,0.0,0.7998474990095997
2022-07-14,-0.0019297429144473632,3.1649594229227134,0.0,0.0,0.7994477549821891
2022-07-15,0.015286065375402558,3.2133391995720064,0.0,0.0,0.8024549607304096
2022-07-18,-0.006589443620577784,3.192165082082634,0.0,0.0,0.8011080282537147
2022-07-19,0.02165737820989766,3.261299008573727,0.0,0.0,0.8053121501255341
2022-07-20,0.005145497668351373,3.2780800150181393,0.0,0.0,0.806295795513879
2022-07-21,0.008223397040190594,3.305036968511147,0.0,0.0,0.8078632013712199
2022-07-22,-0.007483021222078334,3.280305306736025,0.0,0.0,0.8064020895105344
2022-07-25,0.0010171196689445772,3.2836417697836495,0.0,0.0,0.806561392242077
2022-07-26,-0.00952981974309719,3.2523492556167066,0.0,0.0,0.804687425138033
2022-07-27,0.020908228092430425,3.320350115689387,0.0,0.0,0.8086744682630068
2022-07-28,0.010155196377521047,3.3540689231563374,0.0,0.0,0.8105855267871127
2022-07-29,0.011829168904484044,3.3937447709656348,0.0,0.0,0.8127881187270907
2022-08-01,-0.0022804415016788315,3.3860055345438194,1.7185069575267096e-05,0.03437013915053419,0.7778868287566139
2022-08-02,-0.005118173144048721,3.368675371951317,0.0,0.0,0.776730322133716
2022-08-03,0.012178183740954474,3.409699719594568,0.0,0.0,0.7794017523231668
2022-08-04,-0.0005119160067561523,3.4079542397298757,0.0,0.0,0.7792740949271263
2022-08-05,-0.0013026936284242785,3.403514719455818,0.0,0.0,0.7789717922880911
2022-08-08,-0.0008605282108058443,3.400585899023833,0.0,0.0,0.7787376379971869
2022-08-09,-0.00307758490673693,3.390120307186935,0.0,0.0,0.7780396338542451
2022-08-10,0.01635763999360118,3.445574674706896,0.0,0.0,0.7815965806171536
2022-08-11,1.5158184445862588e-05,3.445626903363337,0.0,0.0,0.7815847332116076
2022-08-12,0.013246279489134372,3.491268640340568,0.0,0.0,0.7844254046410213
2022-08-15,0.0032768159491711746,3.5027088851040773,0.0,0.0,0.7850853744829565
2022-08-16,0.0015524616275495173,3.508146706240678,0.0,0.0,0.785403740344461
2022-08-17,-0.005559532541725365,3.488643050466186,0.0,0.0,0.7841886661152161
2022-08-18,0.002294444007797436,3.4966475466086724,0.0,0.0,0.7846675610738971
2022-08-19,-0.010529280306381117,3.45983036445781,0.0,0.0,0.7823608556081753
2022-08-22,-0.016244534863159132,3.4036270294817585,0.0,0.0,0.7787201474959061
2022-08-23,-0.0018680958298457062,3.3972687280216336,0.0,0.0,0.7782899294269603
2022-08-24,0.002507871289728625,3.405788640728132,0.0,0.0,0.7788281923971919
2022-08-25,0.011011722917954714,3.443292241556948,0.0,0.0,0.7812208990610068
2022-08-26,-0.02642728668950045,3.35229537033359,0.0,0.0,0.7752654216520776
2022-08-29,-0.005075225639201375,3.335281714919897,0.0,0.0,0.7740679116251318
2022-08-30,-0.008480493335552008,3.30699688056433,0.0,0.0,0.7721180527472394
2022-08-31,-0.005857100286350336,3.287627468188217,0.0,0.0,0.7707574311909438
2022-09-01,0.0025157722131525784,3.2958983900198824,1.546882351297743e-05,0.030937647025954855,0.8021926586874755
2022-09-02,-0.008443234225310015,3.2680703479301223,0.0,0.0,0.8004926664785577
2022-09-06,-0.002958737471973616,3.2584009857306557,0.0,0.0,0.7998388283572612
2022-09-07,0.014384420288283462,3.3052711949771627,0.0,0.0,0.8026618325713804
2022-09-08,0.005262485793460447,3.3226651376842637,0.0,0.0,0.8036791219183063
2022-09-09,0.012501240157263505,3.364202572532622,0.0,0.0,0.8060874135611558
2022-09-12,0.008710752336343441,3.393507307951243,0.0,0.0,0.8077150881395316
2022-09-13,-0.03510553175713382,3.274376429383895,0.0,0.0,0.800702890016971
2022-09-14,0.003072496859812146,3.28443694068102,0.0,0.0,0.8012962025994025
2022-09-15,-0.00908041381538316,3.2546128941091053,0.0,0.0,0.799458182925191
2022-09-16,-0.006081954466013451,3.2348184866826335,0.0,0.0,0.7982139360642556
2022-09-19,0.006240850003642162,3.255006503647029,0.0,0.0,0.7994148761578833
2022-09-20,-0.009159381506305686,3.2251926572746195,0.0,0.0,0.7975438355343428
2022-09-21,-0.013894256853066778,3.180381002093821,0.0,0.0,0.7946729935888596
2022-09-22,-0.006657074427044218,3.159208969056525,0.0,0.0,0.7932789031258813
2022-09-23,-0.013273640171523438,3.117274765974619,0.0,0.0,0.7904800964076698
2022-09-26,-0.007766401112227372,3.0930647597650354,0.0,0.0,0.788786239970286
2022-09-27,-0.001995362372814502,3.0868929747267218,0.0,0.0,0.7883456104644091
2022-09-28,0.015530540672411997,3.134834091622098,0.0,0.0,0.7915639027114949
2022-09-29,-0.016516339277330427,3.0830581081867257,0.0,0.0,0.7880447452707274
2022-09-30,-0.012167389773838577,3.0455453384890245,0.0,0.0,0.7854151334462909
2022-10-03,0.021075244742696952,3.1097309518726606,5.5220636375299565e-06,0.011044127275059913,0.8006137355457628
2022-10-04,0.0248253875954918,3.186931228070597,0.0,0.0,0.805426892816732
2022-10-05,-0.001857396749446516,3.181011832366869,0.0,0.0,0.8050471285794916
2022-10-06,-0.00828717780000321,3.1546502217281307,0.0,0.0,0.8034002954231664
2022-10-07,-0.02239223250178446,3.0840105605013886,0.0,0.0,0.7988790503466061
2022-10-10,-0.006045502562363803,3.0653661667555205,0.0,0.0,0.7976010493303366
2022-10-11,-0.0050328614436616625,3.0499386035641516,0.0,0.0,0.7965589553024922
2022-10-12,-0.0026088432647262128,3.041981791780415,0.0,0.0,0.796008169081927
2022-10-13,0.021027122206801918,3.105945914667048,0.0,0.0,0.8001898693409407
2022-10-14,-0.018215516764217177,3.0493695047896785,0.0,0.0,0.7964627320109547
2022-10-17,0.02052716510141228,3.111964416069708,0.0,0.0,0.8004973051673949
2022-10-18,0.009425856728031645,3.141297346798314,0.0,0.0,0.8023402732592135
2022-10-19,-0.005665157693128808,3.1235014019676943,0.0,0.0,0.8011932589494067
2022-10-20,-0.006697140113461009,3.1025828754341247,0.0,0.0,0.7998315128218044
2022-10-21,0.019458584298166715,3.162954745857808,0.0,0.0,0.8036312522298288
2022-10-24,0.009896166578159615,3.1942558729019974,0.0,0.0,0.8054934607608968
2022-10-25,0.012883314048362404,3.2354084744634197,0.0,0.0,0.8079469032257657
2022-10-26,-0.0060659746635389755,3.215782568631125,0.0,0.0,0.8067538283708543
2022-10-27,-0.004287504269673281,3.2019948871377784,0.0,0.0,0.8059008345580327
2022-10-28,0.01919376359878444,3.2634532200460176,0.0,0.0,0.8095356771524872
2022-10-31,-0.005785193511334219,3.2445735116528645,0.0,0.0,0.8083649249282497
2022-11-01,-0.003386251149679942,3.233586570868809,1.636096562609531e-05,0.03272193125219062,0.7748726018357167
2022-11-02,-0.019421192626951078,3.1707864632000438,0.0,0.0,0.770388306106451
2022-11-03,-0.007907350436021976,3.1457139434777264,0.0,0.0,0.7685327102685551
2022-11-04,0.011087055494579001,3.180590648539135,0.0,0.0,0.7710456326971825
2022-11-07,0.007451127918802536,3.204289636318747,0.0,0.0,0.7726640761301632
2022-11-08,0.004193454774727101,3.2177266799937767,0.0,0.0,0.7735887308839288
2022-11-09,-0.015912095633955237,3.1665259053377866,0.0,0.0,0.7699020369872468
2022-11-10,0.04233511814191537,3.3005811536396976,0.0,0.0,0.7792228777114887
2022-11-11,0.0075660828035708505,3.325553623948041,0.0,0.0,0.7808564255001909
2022-11-14,-0.006569252909418233,3.303707221128494,0.0,0.0,0.77933368078131
2022-11-15,0.0066713258716122326,3.3257473285850403,0.0,0.0,0.7807716476796829
2022-11-16,-0.005931452205197751,3.306020817258974,0.0,0.0,0.779438609473224
2022-11-17,-0.0023600067228213284,3.2982185859044555,0.0,0.0,0.7788918834343713
2022-11-18,0.00356129845246711,3.3099645266503352,0.0,0.0,0.7796517109564496
2022-11-21,-0.0027598602385936477,3.3008294871620776,0.0,0.0,0.7789668533841756
2022-11-22,0.010507141746099125,3.3355117704633934,0.0,0.0,0.7812405902270165
2022-11-23,0.0049482764041628435,3.3520168046529846,0.0,0.0,0.7822927229020474
2022-11-25,-0.00012494802431284313,3.3515979767757798,0.0,0.0,0.7822154429508348
2022-11-28,-0.012407202995061817,3.310014020320084,0.0,0.0,0.7794037790865836
2022-11-29,-0.001313221430636724,3.305667238972892,0.0,0.0,0.7790884096238604
2022-11-30,0.02456735767263507,3.386878748379451,0.0,0.0,0.7843603821249208
2022-12-01,-0.0005638656712181334,3.384969003720662,4.393061027643462e-06,0.008786122055286923,0.7930100970681561
2022-12-02,-0.0008912369972879919,3.381952194109873,0.0,0.0,0.7928016722093995
2022-12-05,-0.014190217864424537,3.3339615556683855,0.0,0.0,0.7897465162775533
2022-12-06,-0.01136016450505506,3.2960872039424634,0.0,0.0,0.7873063461587309
2022-12-07,-0.0013147038172354186,3.2917538255134993,0.0,0.0,0.7870017424865591
2022-12-08,0.006189655957045792,3.312128649188717,0.0,0.0,0.7882877748456458
2022-12-09,-0.005864641267363746,3.292704202829867,0.0,0.0,0.787014637182957
2022-12-12,0.011419706764862259,3.330305919289614,0.0,0.0,0.7893472289983587
2022-12-13,0.005999262047464038,3.3502852971976527,0.0,0.0,0.790579558751794
2022-12-14,-0.005030146185688311,3.333432872388986,0.0,0.0,0.7894963381448509
2022-12-15,-0.01928835481990676,3.269136436378006,0.0,0.0,0.7853314132507445
2022-12-16,-0.009246914569690623,3.238907011034156,0.0,0.0,0.7833028723363357
2022-12-19,-0.006567949247658134,3.2176340341677996,0.0,0.0,0.7817956217636528
2022-12-20,0.0010947445455955496,3.2211565214764275,0.0,0.0,0.7820093955670835
2022-12-21,0.011718136523021894,3.258902473357111,0.0,0.0,0.7845092992882144
2022-12-22,-0.011167023817435173,3.2225102318184335,0.0,0.0,0.7820506449324092
2022-12-23,0.004523559953533596,3.2370874500529396,0.0,0.0,0.7830071155783035
2022-12-27,-0.0029880387159026967,3.227414907425419,0.0,0.0,0.7822568491481802
2022-12-28,-0.009696869173611233,3.196119087299152,0.0,0.0,0.7800994942927233
2022-12-29,0.014068132936673194,3.241082515500715,0.0,0.0,0.7831244117637917
2022-12-30,-0.002037274916479981,3.2344795393896435,0.0,0.0,0.782656119977971
2023-01-03,-0.0035873377864623635,3.2228763687184516,3.804393429733736e-05,0.07608786859467472,0.8582074924969231
2023-01-04,0.0066419934119610335,3.2442826923270442,0.0,0.0,0.8591266541353446
2023-01-05,-0.009788624587097172,3.212525626997438,0.0,0.0,0.8577169281911025
2023-01-06,0.01968694585729236,3.2757704450813008,0.0,0.0,0.8604467828694871
2023-01-09,-0.00043649314576399423,3.2743405937349266,0.0,0.0,0.8603343197484202
2023-01-10,0.006050559653686172,3.2941521868238057,0.0,0.0,0.8611572538021078
2023-01-11,0.01090915883283583,3.3300886162494,0.0,0.0,0.8626384003426273
2023-01-12,0.0031579676450246286,3.3406049283545807,0.0,0.0,0.8630537419533628
2023-01-13,0.0033648338121807786,3.351845508770646,0.0,0.0,0.8634962758060645
2023-01-17,-0.0015147991051162046,3.3467681361934725,0.0,0.0,0.8632219931646715
2023-01-18,-0.013611669090945133,3.3012130357994875,0.0,0.0,0.8613174671320939
2023-01-19,-0.006252969500777916,3.280570651371063,0.0,0.0,0.8604275246484717
2023-01-20,0.01604614609579591,3.3332111673205436,0.0,0.0,0.8626147373247333
2023-01-23,0.010401471912043103,3.367881469654337,0.0,0.0,0.8639783548973051
2023-01-24,-0.0009106007842849539,3.364814674146691,0.0,0.0,0.8638374765412177
2023-01-25,0.00034081164285981735,3.3659614421637056,0.0,0.0,0.8638668245036851
2023-01-26,0.009511144839752017,3.3979755889651453,0.0,0.0,0.8651326278391586
2023-01-27,0.0020047535402782923,3.4047876925569027,0.0,0.0,0.8653857214104709
2023-01-30,-0.01080763199645629,3.367990000149684,0.0,0.0,0.8638641295409482
2023-01-31,0.012718586289961253,3.4108260715903143,0.0,0.0,0.8655571496957801
2023-02-01,0.009278220102516332,3.44247246661393,3.1158962408616015e-06,0.006231792481723203,0.8729547703274061
2023-02-02,0.012723246644163133,3.4862718928724,0.0,0.0,0.8745353658569252
2023-02-03,-0.009280107943838156,3.453918913384975,0.0,0.0,0.8733444971121836
2023-02-06,-0.005290321185000391,3.435646572986221,0.0,0.0,0.8726235825657358
2023-02-07,0.011428514393516886,3.474910909296631,0.0,0.0,0.8740472273642047
2023-02-08,-0.009541665992147563,3.441754470047653,0.0,0.0,0.8728179394382141
2023-02-09,-0.007550690640174107,3.4157668467848867,0.0,0.0,0.8718342341672303
2023-02-10,0.0020508756628141445,3.4227721598808056,0.0,0.0,0.8720803944144085
2023-02-13,0.010285908601365135,3.457978481480637,0.0,0.0,0.8733345647445487
2023-02-14,-0.0003856722771106158,3.4566448350454846,0.0,0.0,0.8732695798900998
2023-02-15,0.0028519960139024025,3.4665031723365107,0.0,0.0,0.8736138638925313
2023-02-16,-0.012012508188584126,3.4248617745930656,0.0,0.0,0.8720609287460915
2023-02-17,-0.0021622677088417586,3.4174563065706165,0.0,0.0,0.8717673148792148
2023-02-21,-0.017422826609816866,3.3579145578946115,0.0,0.0,0.8694266352451231
2023-02-22,-0.0011812860195621333,3.3539479003724866,0.0,0.0,0.869255429361513
2023-02-23,0.004640750634490098,3.369512736219187,0.0,0.0,0.8698426509799979
2023-02-24,-0.009275354709265216,3.338259310393367,0.0,0.0,0.8686072234907538
2023-02-27,0.003009095067969536,3.348304450019875,0.0,0.0,0.8689508081227694
2023-02-28,-0.003194931484192698,3.337606846713844,0.0,0.0,0.8685139816033388
2023-03-01,-0.0034320132329968,3.3261521358493815,1.316274976500471e-05,0.02632549953000942,0.8944769282613623
2023-03-02,0.006970189560951301,3.3493360467448148,0.0,0.0,0.8951937965383471
2023-03-03,0.014370461572907667,3.3974675516993154,0.0,0.0,0.8966652127740262
2023-03-06,0.000661181933601096,3.399713895864495,0.0,0.0,0.8966934733621643
2023-03-07,-0.013731727644103908,3.353029950578608,0.0,0.0,0.8952415867892649
2023-03-08,0.0014748745928176987,3.3579752492616732,0.0,0.0,0.8953819891508171
2023-03-09,-0.01650557327229374,3.3025499427384357,0.0,0.0,0.8936120080508853
2023-03-10,-0.012880247148944535,3.260012283254232,0.0,0.0,0.8922095190303331
2023-03-13,-0.0012290533675368698,3.256005554179287,0.0,0.0,0.8920343004111724
2023-03-14,0.014759172413436605,3.3040615015325265,0.0,0.0,0.8935910398332471
2023-03-15,-0.00557524450937763,3.2856405507874613,0.0,0.0,0.892980747000232
2023-03-16,0.01568073981632545,3.3371618253943276,0.0,0.0,0.8946198309475217
2023-03-17,-0.010447181570516051,3.302297889874238,0.0,0.0,0.8934940744669375
2023-03-20,0.008628979516821289,3.330793350724405,0.0,0.0,0.8943680158719686
2023-03-21,0.011756398199130436,3.3699514836745372,0.0,0.0,0.8955826745426162
2023-03-22,-0.015253230086443303,3.3185488383138986,0.0,0.0,0.8939519342651246
2023-03-23,0.002429864183665753,3.3266124612778634,0.0,0.0,0.8941957757727752
2023-03-24,0.005880749015687581,3.3461754342350973,0.0,0.0,0.8948013783458281
2023-03-27,0.0017120904554761562,3.3519043892584,0.0,0.0,0.8949423381986913
2023-03-28,-0.0019954924886151915,3.3452156892270786,0.0,0.0,0.8947190687067542
2023-03-29,0.013017688135276373,3.38876266381467,0.0,0.0,0.8960588028875158
2023-03-30,0.005259907978191425,3.406587243586266,0.0,0.0,0.8965895564590897
2023-03-31,0.012650121087975252,3.449680984714384,0.0,0.0,0.8978683268333808
2023-04-03,0.003574082175792359,3.4620104280340214,1.9437917135117654e-05,0.03887583427023531,0.9369650767330105
2023-04-04,-0.005190616020442573,3.4440404612433286,0.0,0.0,0.9366282514034127
2023-04-05,-0.002443971332404926,3.4356233250884074,0.0,0.0,0.936464769929154
2023-04-06,0.003661186118785631,3.448201781515597,0.0,0.0,0.9366883812026424
2023-04-10,0.0009940146682607676,3.4516293446655464,0.0,0.0,0.9367186269803934
2023-04-11,0.000259853762775375,3.4525262635384633,0.0,0.0,0.9367266867144282
2023-04-12,-0.0038095708125406302,3.439373620255357,0.0,0.0,0.9364762346668536
2023-04-13,0.012447403914170874,3.4821848929184194,0.0,0.0,0.9372488708734117
2023-04-14,-0.002281068301151934,3.474241791340433,0.0,0.0,0.9370970438874091
2023-04-17,0.0033877481589843494,3.4860116475729126,0.0,0.0,0.9372841776206807
2023-04-18,0.0006200338266844074,3.4881730927146237,0.0,0.0,0.9373145915804533
2023-04-19,-0.00014990185817809198,3.487650209086379,0.0,0.0,0.9372965595661304
2023-04-20,-0.0051063361122613005,3.4698410948767853,0.0,0.0,0.9369661122997125
2023-04-21,0.0007364394886275605,3.472396422878315,0.0,0.0,0.9370039711113223
2023-04-24,0.0010031673158426013,3.475879817477395,0.0,0.0,0.9370415166565533
2023-04-25,-0.014866061091327265,3.4242071757646646,0.0,0.0,0.9360829218319037
2023-04-26,-0.003956213937207909,3.410660279612017,0.0,0.0,0.9358203458663247
2023-04-27,0.018638929504056545,3.474231336125991,0.0,0.0,0.9369860981811846
2023-04-28,0.008006120722102938,3.502046451619529,0.0,0.0,0.9374780304838796
2023-05-01,-0.0010409193550946494,3.4984011036855978,3.1245362077021716e-05,0.06249072415404344,1.0
2023-05-02,-0.011239418194281425,3.4590811106699397,0.0,0.0,1.0
2023-05-03,-0.006863799447215602,3.4353386716546495,0.0,0.0,1.0
2023-05-04,-0.0070831740381475106,3.4110055699633413,0.0,0.0,1.0
2023-05-05,0.018512791265872908,3.4741528040868026,0.0,0.0,1.0
2023-05-08,0.0002664953680788784,3.47507864971709,0.0,0.0,1.0
2023-05-09,-0.004385267859969844,3.459839499003618,0.0,0.0,1.0
2023-05-10,0.004672413686117816,3.4760053004305336,0.0,0.0,1.0
2023-05-11,-0.0017440353643123352,3.4699430242600457,0.0,0.0,1.0
2023-05-12,-0.0013104277613935622,3.4653959145906015,0.0,0.0,1.0
2023-05-15,0.003450039630036983,3.477351667829707,0.0,0.0,1.0
2023-05-16,-0.006682494534539063,3.4541142843147647,0.0,0.0,1.0
2023-05-17,0.01213885694405148,3.4960432834804664,0.0,0.0,1.0
2023-05-18,0.009633320941490497,3.529721790455576,0.0,0.0,1.0
2023-05-19,-0.0014551941612197528,3.524585359915375,0.0,0.0,1.0
2023-05-22,0.0004062055724551872,3.5260170661291665,0.0,0.0,1.0
2023-05-23,-0.011222932748939263,3.4864448137243866,0.0,0.0,1.0
2023-05-24,-0.007244900943839339,3.4611858664027912,0.0,0.0,1.0
2023-05-25,0.008659974877295973,3.4911596490514913,0.0,0.0,1.0
2023-05-26,0.012950845744496453,3.5363731191357677,0.0,0.0,1.0
2023-05-30,0.00038094749534223205,3.537720291618098,0.0,0.0,1.0
2023-05-31,-0.005545226774294698,3.5181028303370514,0.0,0.0,1.0
2023-06-01,0.009500908800490038,3.5515280044788295,0.0,0.0,1.0
2023-06-02,0.014461082135969416,3.6028869426597936,0.0,0.0,1.0
2023-06-05,-0.0019160522708950856,3.595983622951532,0.0,0.0,1.0
2023-06-06,0.0021773464180092628,3.6038133250121858,0.0,0.0,1.0
2023-06-07,-0.0034576731966026175,3.5913525162727318,0.0,0.0,1.0
2023-06-08,0.006048552815833164,3.6130750016476827,0.0,0.0,1.0
2023-06-09,0.001794409099872718,3.619558336309162,0.0,0.0,1.0
2023-06-12,0.009071858658191045,3.6523944579412357,0.0,0.0,1.0
2023-06-13,0.00659279844338001,3.6764739584381605,0.0,0.0,1.0
2023-06-14,0.001190826388549171,3.6808520006446823,0.0,0.0,1.0
2023-06-15,0.012397525117300523,3.7264854557757405,0.0,0.0,1.0
2023-06-16,-0.003406070636591818,3.7137927830871362,0.0,0.0,1.0
2023-06-20,-0.0051882418638852235,3.6945247278961286,0.0,0.0,1.0
2023-06-21,-0.005123704210498237,3.6755950759920175,0.0,0.0,1.0
2023-06-22,0.0036096931651292685,3.6888628464156086,0.0,0.0,1.0
2023-06-23,-0.007560002458915971,3.660975034226103,0.0,0.0,1.0
2023-06-26,-0.004085551829148493,3.6460179309785534,0.0,0.0,1.0
2023-06-27,0.01096307654192219,3.685989504629092,0.0,0.0,1.0
2023-06-28,0.0005045435126187492,3.6878492467212336,0.0,0.0,1.0
2023-06-29,0.003941241080887226,3.70238394967253,0.0,0.0,1.0
2023-06-30,0.0118007906334745,3.746075007507352,0.0,0.0,1.0
2023-07-03,0.0011505051261953003,3.7503848860066014,0.0,0.0,1.0
2023-07-05,-0.0014872116541752023,3.74480726989649,0.0,0.0,1.0
2023-07-06,-0.007830669721768713,3.715482920994252,0.0,0.0,1.0
2023-07-07,-0.0025246495327946317,3.7061026287736576,0.0,0.0,1.0
2023-07-10,0.00253103952053757,3.7154829209942517,0.0,0.0,1.0
2023-07-11,0.006368611543875913,3.7391453884159693,0.0,0.0,1.0
2023-07-12,0.008045781663219786,3.7692297358181994,0.0,0.0,1.0
2023-07-13,0.007936993890085287,3.799146089201716,0.0,0.0,1.0
2023-07-14,-0.0006227375786951317,3.7967802181650177,0.0,0.0,1.0
2023-07-17,0.0034721441783767126,3.8099631864960952,0.0,0.0,1.0
2023-07-18,0.007430573761473713,3.838273398981854,0.0,0.0,1.0
2023-07-19,0.0022238540879879753,3.846809158970995,0.0,0.0,1.0
2023-07-20,-0.006634574292121664,3.821287217818188,0.0,0.0,1.0
2023-07-21,0.0,3.821287217818188,0.0,0.0,1.0
2023-07-24,0.0044673384341744615,3.8383582010743664,0.0,0.0,1.0
2023-07-25,0.0027299937782121475,3.848836895081849,0.0,0.0,1.0
2023-07-26,0.00015374414046576135,3.8494286312020765,0.0,0.0,1.0
2023-07-27,-0.006629989860023722,3.823906958410322,0.0,0.0,1.0
2023-07-28,0.00979029361336381,3.861344130283344,0.0,0.0,1.0
2023-07-31,0.0019040052219059245,3.868696149670979,0.0,0.0,1.0
2023-08-01,-0.002861470981017522,3.8576259879043215,0.0,0.0,1.0
2023-08-02,-0.013910909544861294,3.8039629017286782,0.0,0.0,1.0
2023-08-03,-0.002865932099899826,3.793061002341786,0.0,0.0,1.0
2023-08-04,-0.004522585725048822,3.7759065587983556,0.0,0.0,1.0
2023-08-07,0.008728488652083533,3.8088645163481547,0.0,0.0,1.0
2023-08-08,-0.004348604176971027,3.792301272202846,0.0,0.0,1.0
2023-08-09,-0.006685353264446303,3.766948398512961,0.0,0.0,1.0
2023-08-10,0.00035891199937987395,3.768300401494232,0.0,0.0,1.0
2023-08-11,-0.0005830405489853918,3.766103329559403,0.0,0.0,1.0
2023-08-14,0.0055199912097421144,3.7868921868335517,0.0,0.0,1.0
2023-08-15,-0.011648987072948813,3.742778728702477,0.0,0.0,1.0
2023-08-16,-0.007338025782682944,3.715314121892381,0.0,0.0,1.0
2023-08-17,-0.0076198705027230584,3.6870039094066227,0.0,0.0,1.0
2023-08-18,0.00048125885437677596,3.6887783126841462,0.0,0.0,1.0
2023-08-21,0.006506382415292666,3.7127789150317074,0.0,0.0,1.0
2023-08-22,-0.0027086347726138493,3.702722352959425,0.0,0.0,1.0
2023-08-23,0.011137782532248508,3.7439624693039826,0.0,0.0,1.0
2023-08-24,-0.013859080650615807,3.69207459148902,0.0,0.0,1.0
2023-08-25,0.007049714043525501,3.7181026615863835,0.0,0.0,1.0
2023-08-28,0.00634131638504698,3.741680326915588,0.0,0.0,1.0
2023-08-29,0.014454865660979754,3.795765813387484,0.0,0.0,1.0
2023-08-30,0.004118776181133654,3.8113997232088255,0.0,0.0,1.0
2023-08-31,-0.0014634740190587747,3.8058218387376614,0.0,0.0,1.0
2023-09-01,0.0018651472649089396,3.8129202569309135,0.0,0.0,1.0
2023-09-05,-0.0043216675360019385,3.796442083239171,0.0,0.0,1.0
2023-09-06,-0.006722523940093761,3.7709204104474163,0.0,0.0,1.0
2023-09-07,-0.003070240486752196,3.7593427779309403,0.0,0.0,1.0
2023-09-08,0.0015060827955775125,3.765004659411461,0.0,0.0,1.0
2023-09-11,0.0065766552261130595,3.7897657969811194,0.0,0.0,1.0
2023-09-12,-0.0054854547818380395,3.768977208068023,0.0,0.0,1.0
2023-09-13,0.0011657292960403076,3.773370815215576,0.0,0.0,1.0
2023-09-14,0.008622340736113232,3.80590610410807,0.0,0.0,1.0
2023-09-15,-0.012048270079133894,3.7600515194699518,0.0,0.0,1.0
2023-09-18,0.0005865321568145898,3.7622569105974004,0.0,0.0,1.0
2023-09-19,-0.002073842754157895,3.7544545813640777,0.0,0.0,1.0
2023-09-20,-0.009193219507414807,3.7199390562669787,0.0,0.0,1.0
2023-09-21,-0.016528425996965024,3.6584543188622503,0.0,0.0,1.0
2023-09-22,-0.0022485834122557558,3.650227979166361,0.0,0.0,1.0
2023-09-25,0.004205285882612708,3.6655782313554672,0.0,0.0,1.0
2023-09-26,-0.014691419928752447,3.6117256822769304,0.0,0.0,1.0
2023-09-27,0.000399302832412296,3.61316785457176,0.0,0.0,1.0
2023-09-28,0.005797235571361581,3.6341142397835835,0.0,0.0,1.0
2023-09-29,-0.002426767206099245,3.6252950905232586,0.0,0.0,1.0
2023-10-02,-0.000397660200542993,3.6238534549505337,0.0,0.0,1.0
2023-10-03,-0.013386159548430254,3.575343974422436,0.0,0.0,1.0
2023-10-04,0.007282055308282631,3.601379826990315,0.0,0.0,1.0
2023-10-05,-0.00037690281712132734,3.6000224567879986,0.0,0.0,1.0
2023-10-06,0.011872889791437746,3.6427651266641434,0.0,0.0,1.0
2023-10-09,0.006402256647208171,3.666087043910547,0.0,0.0,1.0
2023-10-10,0.005204733905398662,3.6851680514481306,0.0,0.0,1.0
2023-10-11,0.00409645206456366,3.7002641657207493,0.0,0.0,1.0
2023-10-12,-0.006096655299607345,3.6777049305848606,0.0,0.0,1.0
2023-10-13,-0.004980766279705895,3.6593871418798956,0.0,0.0,1.0
2023-10-16,0.010521368380703056,3.697888902047222,0.0,0.0,1.0
2023-10-17,-4.593770948191356e-05,3.6977190295011435,0.0,0.0,1.0
2023-10-18,-0.013325015298758291,3.648446866862531,0.0,0.0,1.0
2023-10-19,-0.00878627689644329,3.6163906024483157,0.0,0.0,1.0
2023-10-20,-0.01228806515957448,3.571952159082958,0.0,0.0,1.0
2023-10-23,-0.0017331758206158288,3.5657613379684387,0.0,0.0,1.0
2023-10-24,0.007539297844937565,3.5926446747393457,0.0,0.0,1.0
2023-10-25,-0.014352274963949196,3.541082050519719,0.0,0.0,1.0
2023-10-26,-0.011974491361111395,3.4986793940967837,0.0,0.0,1.0
2023-10-27,-0.004532794976839338,3.4828205977136504,0.0,0.0,1.0
2023-10-30,0.01195581946993074,3.524460572026071,0.0,0.0,1.0
2023-10-31,0.00628030516979039,3.5465952599772885,0.0,0.0,1.0
2023-11-01,0.010664539912952353,3.584418066682404,0.0,0.0,1.0
2023-11-02,0.01916453914514804,3.653111787033915,0.0,0.0,1.0
2023-11-03,0.009123261959901319,3.6864400828358286,0.0,0.0,1.0
2023-11-06,0.0023005245664822205,3.694920828809257,0.0,0.0,1.0
2023-11-07,0.0028461407001751926,3.705437093364056,0.0,0.0,1.0
2023-11-08,0.0007322749060376665,3.7081504919634276,0.0,0.0,1.0
2023-11-09,-0.007798872277988145,3.679231099889046,0.0,0.0,1.0
2023-11-10,0.01560480945155085,3.7366448001310344,0.0,0.0,1.0
2023-11-13,-0.0009531062530693246,3.7330833806065304,0.0,0.0,1.0
2023-11-14,0.019400855817564677,3.805508393028625,0.0,0.0,1.0
2023-11-15,0.00211691306277606,3.813564323456331,0.0,0.0,1.0
2023-11-16,0.0012231737594254888,3.818228975266664,0.0,0.0,1.0
2023-11-17,0.0012438892307433669,3.82297842916951,0.0,0.0,1.0
2023-11-20,0.007697576236062931,3.8524060970768668,0.0,0.0,1.0
2023-11-21,-0.002179472264966731,3.844009884834899,0.0,0.0,1.0
2023-11-22,0.0038609963136753134,3.858851592829978,0.0,0.0,1.0
2023-11-24,0.0006151191488226182,3.8612252463371926,0.0,0.0,1.0
2023-11-27,-0.0018008540764695713,3.854271743112159,0.0,0.0,1.0
2023-11-28,0.0009900947357734946,3.858087837275255,0.0,0.0,1.0
2023-11-29,-0.0007035796379114556,3.8553733652316744,0.0,0.0,1.0
2023-11-30,0.003937599533688552,3.8705542815968057,0.0,0.0,1.0
2023-12-01,0.005915993803203401,3.8934524567416946,0.0,0.0,1.0
2023-12-04,-0.005249491634490622,3.873013810640742,0.0,0.0,1.0
2023-12-05,-0.0001969221251985065,3.8722511285302272,0.0,0.0,1.0
2023-12-06,-0.004029936672423684,3.8566462017025294,0.0,0.0,1.0
2023-12-07,0.0076303083060389465,3.886073601248834,0.0,0.0,1.0
2023-12-08,0.004299427254055521,3.902781492001309,0.0,0.0,1.0
2023-12-11,0.003889424655461937,3.9179610665611797,0.0,0.0,1.0
2023-12-12,0.0045671148687815855,3.9358548448035786,0.0,0.0,1.0
2023-12-13,0.013790284876171954,3.9901314043446816,0.0,0.0,1.0
2023-12-14,0.003209398326760038,4.002937325397338,0.0,0.0,1.0
2023-12-15,-0.0016466618459695104,3.9963458412317987,0.0,0.0,1.0
2023-12-18,0.0056250888080024986,4.018825641496219,0.0,0.0,1.0
2023-12-19,0.006080955334677007,4.043263940720013,0.0,0.0,1.0
2023-12-20,-0.013857424693233478,3.9872347151466188,0.0,0.0,1.0
2023-12-21,0.009481936164520421,4.0250414201885985,0.0,0.0,1.0
2023-12-22,0.0020097869101827204,4.033130895747837,0.0,0.0,1.0
2023-12-26,0.004222507142810139,4.05016081976302,0.0,0.0,1.0
2023-12-27,0.0018080190784541816,4.057483587795959,0.0,0.0,1.0
2023-12-28,0.00037779039577712226,4.059016466126452,0.0,0.0,1.0
2023-12-29,-0.002894836414470303,4.0472662774533745,0.0,0.0,1.0
2024-01-02,-0.005596421875868063,4.024616067920771,0.0,0.0,1.0
2024-01-03,-0.008166689115570946,3.9917482796845305,0.0,0.0,1.0
2024-01-04,-0.0032212079913171987,3.978890028226684,0.0,0.0,1.0
2024-01-05,0.001369697631896205,3.9843399044759216,0.0,0.0,1.0
2024-01-08,0.014276007618540643,4.041220371307075,0.0,0.0,1.0
2024-01-09,-0.0015171101886439775,4.035089394707209,0.0,0.0,1.0
2024-01-10,0.005655342790561901,4.05790920842484,0.0,0.0,1.0
2024-01-11,-0.0004405108338483288,4.0561216554557555,0.0,0.0,1.0
2024-01-12,0.0006927821246200949,4.05893166403394,0.0,0.0,1.0
2024-01-16,-0.0036712330687208583,4.04403037988526,0.0,0.0,1.0
2024-01-17,-0.005558761471287088,4.02155057962084,0.0,0.0,1.0
2024-01-18,0.00889273880780328,4.057313178527778,0.0,0.0,1.0
2024-01-19,0.012466283833569403,4.107892796212987,0.0,0.0,1.0
2024-01-22,0.0021142803685763045,4.116578033308236,0.0,0.0,1.0
2024-01-23,0.0029164846770144415,4.128583970064113,0.0,0.0,1.0
2024-01-24,0.001093182604395393,4.1330972662409735,0.0,0.0,1.0
2024-01-25,0.005438907060566933,4.155576798144342,0.0,0.0,1.0
2024-01-26,-0.0012704534743314122,4.150297331163288,0.0,0.0,1.0
2024-01-29,0.007919446240754136,4.183165387760581,0.0,0.0,1.0
2024-01-30,-0.0007735523863301452,4.179929490192465,0.0,0.0,1.0
2024-01-31,-0.0163172692351351,4.1117244553171135,0.0,0.0,1.0
2024-02-01,0.01308817726383138,4.165539433848334,0.0,0.0,1.0
2024-02-02,0.010527410320712027,4.209391776675562,0.0,0.0,1.0
2024-02-05,-0.00364131225457498,4.194064066814846,0.0,0.0,1.0
2024-02-06,0.0029034251535566824,4.206241217922065,0.0,0.0,1.0
2024-02-07,0.008340343964780894,4.241322716478374,0.0,0.0,1.0
2024-02-08,0.0004417085496768447,4.243196144984181,0.0,0.0,1.0
2024-02-09,0.005779457003501243,4.26771951466154,0.0,0.0,1.0
2024-02-12,-0.00043903936526801246,4.2658458177946805,0.0,0.0,1.0
2024-02-13,-0.01377303106709138,4.207092190818773,0.0,0.0,1.0
2024-02-14,0.009087653014913322,4.245324784850685,0.0,0.0,1.0
2024-02-15,0.006899859742297121,4.274616930426652,0.0,0.0,1.0
2024-02-16,-0.004980034659660015,4.253329189956358,0.0,0.0,1.0
2024-02-20,-0.005505423937581022,4.22991280961956,0.0,0.0,1.0
2024-02-21,0.0009057848034978999,4.233744200362635,0.0,0.0,1.0
2024-02-22,0.020695538288162618,4.321363815563526,0.0,0.0,1.0
2024-02-23,0.0006896317025153476,4.3243439650488416,0.0,0.0,1.0
2024-02-26,-0.0036624894663944696,4.308506100827784,0.0,0.0,1.0
2024-02-27,0.0018576899269169278,4.316509969211352,0.0,0.0,1.0
2024-02-28,-0.001321565553773385,4.310805418323523,0.0,0.0,1.0
2024-02-29,0.003594930455181,4.326302464008213,0.0,0.0,1.0
2024-03-01,0.0093881963260678,4.366918640906273,0.0,0.0,1.0
2024-03-04,-0.0010724195040113793,4.362235472183334,0.0,0.0,1.0
2024-03-05,-0.009993971737729646,4.318639414161012,0.0,0.0,1.0
2024-03-06,0.005067221387955678,4.340522916167317,0.0,0.0,1.0
2024-03-07,0.009926369733113782,4.383608551468247,0.0,0.0,1.0
2024-03-08,-0.006002176220475275,4.357297360460752,0.0,0.0,1.0
2024-03-11,-0.0008597807263521773,4.353551040171243,0.0,0.0,1.0
2024-03-12,0.01075724701958447,4.400383264122734,0.0,0.0,1.0
2024-03-13,-0.0015674579578891512,4.3934858483576225,0.0,0.0,1.0
2024-03-14,-0.001976966380943246,4.384800074540269,0.0,0.0,1.0
2024-03-15,-0.006866500415993793,4.354691843004389,0.0,0.0,1.0
2024-03-18,0.005943185146671359,4.380572582884064,0.0,0.0,1.0
2024-03-19,0.005557288238886571,4.404916687378514,0.0,0.0,1.0
2024-03-20,0.009249096952548719,4.445658188887978,0.0,0.0,1.0
2024-03-21,0.0033047286909257956,4.460349883054845,0.0,0.0,1.0
2024-03-22,-0.0018956476274623046,4.45189463138138,0.0,0.0,1.0
2024-03-25,-0.0027628219278592603,4.439594839273281,0.0,0.0,1.0
2024-03-26,-0.0018470849189388128,4.43139453059946,0.0,0.0,1.0
2024-03-27,0.00840390077811115,4.468635530543283,0.0,0.0,1.0
2024-03-28,-0.00019103292300193253,4.467781874036053,0.0,0.0,1.0
2024-04-01,-0.0017398669986224968,4.460008527796374,0.0,0.0,1.0
2024-04-02,-0.006358279491243679,4.431650547043314,0.0,0.0,1.0
2024-04-03,0.0010987199645968726,4.4365196899754675,0.0,0.0,1.0
2024-04-04,-0.012206275549836776,4.3823663081573505,0.0,0.0,1.0
2024-04-05,0.010447018952042697,4.428148972033464,0.0,0.0,1.0
2024-04-08,0.0005591879236255259,4.43062513946264,0.0,0.0,1.0
2024-04-09,0.0011566970469487625,4.435750030477593,0.0,0.0,1.0
2024-04-10,-0.010012984421719051,4.3913349345237815,0.0,0.0,1.0
2024-04-11,0.00754684211533041,4.424475645950167,0.0,0.0,1.0
2024-04-12,-0.013803095840329238,4.363404184565915,0.0,0.0,1.0
2024-04-15,-0.012528095961894081,4.308739038221143,0.0,0.0,1.0
2024-04-16,-0.0018237075630330724,4.300881158250003,0.0,0.0,1.0
2024-04-17,-0.005918207955050492,4.275427649165521,0.0,0.0,1.0
2024-04-18,-0.0020577310851842556,4.266629968789377,0.0,0.0,1.0
2024-04-19,-0.008728434435665289,4.229388968845554,0.0,0.0,1.0
2024-04-22,0.009209159603986494,4.268338086886993,0.0,0.0,1.0
2024-04-23,0.011866554141672037,4.318988551889998,0.0,0.0,1.0
2024-04-24,-0.00047465050058881353,4.316938541811806,0.0,0.0,1.0
2024-04-25,-0.0037989450407139858,4.3005387295473225,0.0,0.0,1.0
2024-04-26,0.009474080100232207,4.3412823779452046,0.0,0.0,1.0
2024-04-29,0.0035415049532296905,4.356657050990067,0.0,0.0,1.0
2024-04-30,-0.015841324227352516,4.287641834097951,0.0,0.0,1.0
2024-05-01,-0.0032472021430118847,4.273718994345801,0.0,0.0,1.0
2024-05-02,0.009353443441858289,4.31369298324581,0.0,0.0,1.0
2024-05-03,0.012395442788057931,4.36716311782488,0.0,0.0,1.0
2024-05-06,0.010326567900952321,4.412260924295634,0.0,0.0,1.0
2024-05-07,0.0011034874534030514,4.417129798866735,0.0,0.0,1.0
2024-05-08,9.678211320740537e-05,4.41755729802298,0.0,0.0,1.0
2024-05-09,0.005761957509170301,4.4430110754685135,0.0,0.0,1.0
2024-05-10,0.0012881056795095436,4.448734143268949,0.0,0.0,1.0
2024-05-13,0.00013403773723297263,4.449330441527064,0.0,0.0,1.0
2024-05-14,0.004588337637909223,4.4697454718554175,0.0,0.0,1.0
2024-05-15,0.012383016136922498,4.525094402161339,0.0,0.0,1.0
2024-05-16,-0.002057411580288049,4.515784420536436,0.0,0.0,1.0
2024-05-17,0.0014375473338756883,4.522276074390535,0.0,0.0,1.0
2024-05-20,0.001151947528351016,4.52748549913695,0.0,0.0,1.0
2024-05-21,0.0024526293065789684,4.538589742757244,0.0,0.0,1.0
2024-05-22,-0.0028794509447943595,4.525521096234428,0.0,0.0,1.0
2024-05-23,-0.0073041542725811315,4.492465991983711,0.0,0.0,1.0
2024-05-24,0.006616456735151877,4.522190198853813,0.0,0.0,1.0
2024-05-28,0.0006988250410566721,4.525350418605193,0.0,0.0,1.0
2024-05-29,-0.007002524711322233,4.493661540471518,0.0,0.0,1.0
2024-05-30,-0.00663374706290043,4.463851726425746,0.0,0.0,1.0
2024-05-31,0.009108226561484578,4.504509499286906,0.0,0.0,1.0
2024-06-03,0.0008152391819058469,4.508181751925991,0.0,0.0,1.0
2024-06-04,0.0011179275456751903,4.51322157248738,0.0,0.0,1.0
2024-06-05,0.011885081701314748,4.566861579612529,0.0,0.0,1.0
2024-06-06,-1.8569008724100833e-05,4.566776777520015,0.0,0.0,1.0
2024-06-07,-0.0012157050190024776,4.56122492407092,0.0,0.0,1.0
2024-06-10,0.0030896771224453445,4.5753176363691495,0.0,0.0,1.0
2024-06-11,0.0024084538831112834,4.58633707789693,0.0,0.0,1.0
2024-06-12,0.008213023460147406,4.6240047719138415,0.0,0.0,1.0
2024-06-13,0.0020135183258374045,4.63331529026085,0.0,0.0,1.0
2024-06-14,0.0006083903892388776,4.636134154753758,0.0,0.0,1.0
2024-06-17,0.007958793530856711,4.673032189272796,0.0,0.0,1.0
2024-06-18,0.0025407121528528975,4.684905018946754,0.0,0.0,1.0
2024-06-20,-0.002716544837253143,4.672178264404513,0.0,0.0,1.0
2024-06-21,-0.0013407201796019619,4.665914180722728,0.0,0.0,1.0
2024-06-24,-0.0032506448605784666,4.6507469507712615,0.0,0.0,1.0
2024-06-25,0.0038509684777763287,4.668656830676796,0.0,0.0,1.0
2024-06-26,0.0012481516847460128,4.674484022565506,0.0,0.0,1.0
2024-06-27,0.0015763574626213028,4.681852680338381,0.0,0.0,1.0
2024-06-28,-0.003935092412651997,4.663429157378827,0.0,0.0,1.0
2024-07-01,0.002058185311948124,4.6730273587738544,0.0,0.0,1.0
2024-07-02,0.006729603559596509,4.70447498032155,0.0,0.0,1.0
2024-07-03,0.004462535183179517,4.725468865439623,0.0,0.0,1.0
2024-07-05,0.005766606181152989,4.752718783407913,0.0,0.0,1.0
2024-07-08,0.00115391352062999,4.75820300987184,0.0,0.0,1.0
2024-07-09,0.0009724430112412197,4.762830091134857,0.0,0.0,1.0
2024-07-10,0.009895173746174546,4.809959122410145,0.0,0.0,1.0
2024-07-11,-0.008622552942059825,4.76848499522802,0.0,0.0,1.0
2024-07-12,0.006307644202944163,4.7985629019649965,0.0,0.0,1.0
2024-07-15,0.002750070521798653,4.811759288348687,0.0,0.0,1.0
2024-07-16,0.005930116669278673,4.8402935823130795,0.0,0.0,1.0
2024-07-17,-0.014021125386979194,4.772427219085677,0.0,0.0,1.0
2024-07-18,-0.007684943087470586,4.735751387517908,0.0,0.0,1.0
2024-07-19,-0.006640584713270448,4.704303229248107,0.0,0.0,1.0
2024-07-22,0.010309899385924082,4.752804122222533,0.0,0.0,1.0
2024-07-23,-0.0015684495127292752,4.745349588912935,0.0,0.0,1.0
2024-07-24,-0.022662481636011922,4.637808190997739,0.0,0.0,1.0
2024-07-25,-0.0052105164850398955,4.613642814964092,0.0,0.0,1.0
2024-07-26,0.011199560910110984,4.665313588687779,0.0,0.0,1.0
2024-07-29,0.0005878811578106102,4.668056238641846,0.0,0.0,1.0
2024-07-30,-0.005066489846381805,4.644405579106428,0.0,0.0,1.0
2024-07-31,0.01625464939413712,4.719898763438977,0.0,0.0,1.0
2024-08-01,-0.014161125157409638,4.653059686319614,0.0,0.0,1.0
2024-08-02,-0.01861812383368533,4.5664284448741865,0.0,0.0,1.0
2024-08-05,-0.02912361010127651,4.433437563290292,0.0,0.0,1.0
2024-08-06,0.009219256579478197,4.474310561715362,0.0,0.0,1.0
2024-08-07,-0.006683729662220195,4.44440547949604,0.0,0.0,1.0
2024-08-08,0.023117098781731515,4.547147239991618,0.0,0.0,1.0
2024-08-09,0.0044097841495645,4.56719917781627,0.0,0.0,1.0
2024-08-12,0.0005254170960922178,4.569598862345552,0.0,0.0,1.0
2024-08-13,0.01644569275588248,4.644749081253317,0.0,0.0,1.0
2024-08-14,0.0031547560307365607,4.659402131428659,0.0,0.0,1.0
2024-08-15,0.017140104402388667,4.739264770414058,0.0,0.0,1.0
2024-08-16,0.0022418985424261795,4.7498897211950215,0.0,0.0,1.0
2024-08-19,0.0095616720445586,4.795306608956908,0.0,0.0,1.0
2024-08-20,-0.0016261807830850739,4.787508573500421,0.0,0.0,1.0
2024-08-21,0.0034364727325479905,4.803960716170095,0.0,0.0,1.0
2024-08-22,-0.00784845185577876,4.766257061772182,0.0,0.0,1.0
2024-08-23,0.010625195728030556,4.816899475943619,0.0,0.0,1.0
2024-08-26,-0.002383710940868866,4.805417379961747,0.0,0.0,1.0
2024-08-27,0.0013730180563098493,4.812015304792539,0.0,0.0,1.0
2024-08-28,-0.005805101788376343,4.784081066140994,0.0,0.0,1.0
2024-08-29,8.94147719037175e-05,4.7845088336582915,0.0,0.0,1.0
2024-08-30,0.009546220779997228,4.830182811308241,0.0,0.0,1.0
2024-09-03,-0.020579013448769,4.730782414274316,0.0,0.0,1.0
2024-09-04,-0.0020470349476504612,4.721098337342566,0.0,0.0,1.0
2024-09-05,-0.0024321951977047673,4.70961570463859,0.0,0.0,1.0
2024-09-06,-0.01683006116965957,4.630352584243933,0.0,0.0,1.0
2024-09-09,0.011196236972005114,4.682195109041064,0.0,0.0,1.0
2024-09-10,0.004355612982860579,4.70258893884629,0.0,0.0,1.0
2024-09-11,0.01025910204694691,4.750833278654758,0.0,0.0,1.0
2024-09-12,0.008423138494075166,4.790850205323128,0.0,0.0,1.0
2024-09-13,0.005222869311307221,4.81587218983558,0.0,0.0,1.0
2024-09-16,0.0014769165477510615,4.822984831164602,0.0,0.0,1.0
2024-09-17,0.00040852437124416774,4.8249551380102735,0.0,0.0,1.0
2024-09-18,-0.002965737010842684,4.810645589981821,0.0,0.0,1.0
2024-09-19,0.017064356728375918,4.892736162423059,0.0,0.0,1.0
2024-09-20,-0.0017287267010226426,4.88427795877802,0.0,0.0,1.0
2024-09-23,0.0024988464537973876,4.8964830194346725,0.0,0.0,1.0
2024-09-24,0.0028613586038446215,4.910493613250911,0.0,0.0,1.0
2024-09-25,-0.0022055858738450063,4.899663097903919,0.0,0.0,1.0
2024-09-26,0.003964677313628595,4.919088681032602,0.0,0.0,1.0
2024-09-27,-0.0014501819246733882,4.9119551075415036,0.0,0.0,1.0
2024-09-30,0.004007204729666425,4.931638317280353,0.0,0.0,1.0
2024-10-01,-0.008958322518112127,4.887459110691475,0.0,0.0,1.0
2024-10-02,0.00042180395922475356,4.889520660294914,0.0,0.0,1.0
2024-10-03,-0.0018281076100494786,4.880582090366334,0.0,0.0,1.0
2024-10-04,0.009087337035467602,4.92493358475076,0.0,0.0,1.0
2024-10-07,-0.00904048377785971,4.880409802570784,0.0,0.0,1.0
2024-10-08,0.009457723046495614,4.926567366836901,0.0,0.0,1.0
2024-10-09,0.006926360424582612,4.9606905480756,0.0,0.0,1.0
2024-10-10,-0.0017501629417279174,4.952008531312978,0.0,0.0,1.0
2024-10-11,0.005988473067261912,4.981663501031597,0.0,0.0,1.0
2024-10-14,0.008178292552483146,5.022405002541061,0.0,0.0,1.0
2024-10-15,-0.007769660270121936,4.983382621932356,0.0,0.0,1.0
2024-10-16,0.004346436726420988,5.005042579182131,0.0,0.0,1.0
2024-10-17,8.568178086854061e-05,5.005471420143638,0.0,0.0,1.0
2024-10-18,0.003846664412038514,5.02472578892098,0.0,0.0,1.0
2024-10-21,-0.0016422990434823426,5.016473686564074,0.0,0.0,1.0
2024-10-22,-0.0005312148364398084,5.0138088613151615,0.0,0.0,1.0
2024-10-23,-0.009137362420912232,4.967995872640143,0.0,0.0,1.0
2024-10-24,0.002162771484864434,4.978740512450414,0.0,0.0,1.0
2024-10-25,-0.00034540013052752894,4.9770208548275505,0.0,0.0,1.0
2024-10-28,0.003091450291027975,4.992407067397659,0.0,0.0,1.0
2024-10-29,0.0016186356393765866,5.000487955403225,0.0,0.0,1.0
2024-10-30,-0.003025636605684223,4.985358295999074,0.0,0.0,1.0
2024-10-31,-0.019602890791737937,4.88763086176492,0.0,0.0,1.0
2024-11-01,0.004220417054029646,4.908258702407714,0.0,0.0,1.0
2024-11-04,-0.0021538830639530326,4.897686887115098,0.0,0.0,1.0
2024-11-05,0.012091704033957873,4.95690826740509,0.0,0.0,1.0
2024-11-06,0.02486562479799459,5.080164888540462,0.0,0.0,1.0
2024-11-07,0.007732245217411782,5.119445969203543,0.0,0.0,1.0
2024-11-08,0.004331459669932647,5.141620642951548,0.0,0.0,1.0
2024-11-11,0.0009529555819771662,5.146520379043658,0.0,0.0,1.0
2024-11-12,-0.0031063327117399897,5.130533574438598,0.0,0.0,1.0
2024-11-13,0.00048582421637055617,5.1330261118919625,0.0,0.0,1.0
2024-11-14,-0.006430176239068275,5.1000198493527575,0.0,0.0,1.0
2024-11-15,-0.012808560073861108,5.034695938734439,0.0,0.0,1.0
2024-11-18,0.004097350532788813,5.055324852821442,0.0,0.0,1.0
2024-11-19,0.00365552745244746,5.07380473160197,0.0,0.0,1.0
2024-11-20,0.000338928617444223,5.075524389224834,0.0,0.0,1.0
2024-11-21,0.005368146978349975,5.102770550138393,0.0,0.0,1.0
2024-11-22,0.0030993072050216064,5.1185856036700095,0.0,0.0,1.0
2024-11-25,0.0033922450746333155,5.135949100473148,0.0,0.0,1.0
2024-11-26,0.005221492547420548,5.1627664204252,0.0,0.0,1.0
2024-11-27,-0.003030127243096703,5.147122581244925,0.0,0.0,1.0
2024-11-29,0.006211938555072516,5.179096190455044,0.0,0.0,1.0
2024-12-02,0.0017924257782249153,5.188379335974722,0.0,0.0,1.0
2024-12-03,0.00046385619878530626,5.190785997891363,0.0,0.0,1.0
2024-12-04,0.006209627212467206,5.223018843877964,0.0,0.0,1.0
2024-12-05,-0.0016456130139688163,5.2144237760962735,0.0,0.0,1.0
2024-12-06,0.0018956669851328822,5.224308587095111,0.0,0.0,1.0
2024-12-09,-0.005149721108997141,5.197404854884232,0.0,0.0,1.0
2024-12-10,-0.0031090694013231612,5.1812457624836235,0.0,0.0,1.0
2024-12-11,0.007730462056344756,5.2212991862551,0.0,0.0,1.0
2024-12-12,-0.005152278075402861,5.194397600932639,0.0,0.0,1.0
2024-12-13,-0.00019880136416583483,5.193364947603554,0.0,0.0,1.0
2024-12-16,0.004269911838246765,5.215540158073662,0.0,0.0,1.0
2024-12-17,-0.004119931743016725,5.194052488619436,0.0,0.0,1.0
2024-12-18,-0.029803585875030514,5.03925109923545,0.0,0.0,1.0
2024-12-19,-0.00030695694156712694,5.03770426613024,0.0,0.0,1.0
2024-12-20,0.012011113932080208,5.098212706026857,0.0,0.0,1.0
2024-12-23,0.005988233874742344,5.128741996053728,0.0,0.0,1.0
2024-12-24,0.011115070363945989,5.18574832421839,0.0,0.0,1.0
2024-12-26,6.655014698475625e-05,5.186093436531593,0.0,0.0,1.0
2024-12-27,-0.010526642608095438,5.131501284393035,0.0,0.0,1.0
2024-12-30,-0.011411578258592181,5.072942755902118,0.0,0.0,1.0
2024-12-31,-0.0036379652702070997,5.0544875663383975,0.0,0.0,1.0
2025-01-02,-0.002457066638973049,5.042068353562043,0.0,0.0,1.0
2025-01-03,0.012503369104386763,5.105111195236177,0.0,0.0,1.0
2025-01-06,0.005760621688336354,5.134519809508824,0.0,0.0,1.0
2025-01-07,-0.011303996052868026,5.076479217848763,0.0,0.0,1.0
2025-01-08,0.0014608331876939662,5.0838951071668355,0.0,0.0,1.0
2025-01-10,-0.015267440713893188,5.006277040022514,0.0,0.0,1.0
2025-01-13,0.0015505757543041732,5.014039651820102,0.0,0.0,1.0
2025-01-14,0.0013759416379806044,5.020938677751527,0.0,0.0,1.0
2025-01-15,0.018189981207548556,5.112269457944081,0.0,0.0,1.0
2025-01-16,-0.001923047849739068,5.102438319155695,0.0,0.0,1.0
2025-01-17,0.010039796281914537,5.1536657604210525,0.0,0.0,1.0
2025-01-21,0.009153507061779642,5.200839876353118,0.0,0.0,1.0
2025-01-22,0.005621462527625187,5.230076202830216,0.0,0.0,1.0
2025-01-23,0.005457963521285025,5.258621767958805,0.0,0.0,1.0
2025-01-24,-0.0029192678824805363,5.24327044232549,0.0,0.0,1.0
2025-01-27,-0.014145168521843443,5.169103498313195,0.0,0.0,1.0
2025-01-28,0.0085922618661336,5.213517789183849,0.0,0.0,1.0
2025-01-29,-0.004482877969565591,5.190146225142779,0.0,0.0,1.0
2025-01-30,0.005367069831162752,5.218002102367065,0.0,0.0,1.0
2025-01-31,-0.005321960616874288,5.1902321006795,0.0,0.0,1.0
2025-02-03,-0.006729615115073195,5.1553038362840296,0.0,0.0,1.0
2025-02-04,0.006708370622302784,5.189887525088402,0.0,0.0,1.0
2025-02-05,0.004054459755776785,5.21092971519588,0.0,0.0,1.0
2025-02-06,0.003475711323454478,5.2290414026127126,0.0,0.0,1.0
2025-02-07,-0.009153559299522107,5.181177062054241,0.0,0.0,1.0
2025-02-10,0.006791203486450792,5.216363489781982,0.0,0.0,1.0
2025-02-11,0.0007606806018112255,5.220331476300656,0.0,0.0,1.0
2025-02-12,-0.0032216703520272505,5.203513289155703,0.0,0.0,1.0
2025-02-13,0.010557519113488123,5.258449480163254,0.0,0.0,1.0
2025-02-14,-4.9094953416317644e-05,5.258191316830983,0.0,0.0,1.0
2025-02-18,0.002935838625845344,5.273628518001019,0.0,0.0,1.0
2025-02-19,0.0023548636412025203,5.286047194055269,0.0,0.0,1.0
2025-02-20,-0.004160320690117292,5.264055542544904,0.0,0.0,1.0
2025-02-21,-0.017103962097052228,5.174019336068438,0.0,0.0,1.0
2025-02-24,-0.004550398888634621,5.150475484231818,0.0,0.0,1.0
2025-02-25,-0.004973235149697164,5.124860958515983,0.0,0.0,1.0
2025-02-26,0.000504689559890581,5.127447422337637,0.0,0.0,1.0
2025-02-27,-0.01596187606266053,5.0456037420644755,0.0,0.0,1.0
2025-02-28,0.01560552188516362,5.124343021685126,0.0,0.0,1.0
2025-03-03,-0.017519912848197983,5.034564978540931,0.0,0.0,1.0
2025-03-04,-0.011836731125791644,4.9749721865546155,0.0,0.0,1.0
2025-03-05,0.010747556120678237,5.028440979328424,0.0,0.0,1.0
2025-03-06,-0.017751049814501152,4.939180873015086,0.0,0.0,1.0
2025-03-07,0.0056048948480476035,4.966864462443824,0.0,0.0,1.0
2025-03-10,-0.02663562879515413,4.834568904346328,0.0,0.0,1.0
2025-03-11,-0.008312773804027174,4.794380226604513,0.0,0.0,1.0
2025-03-12,0.005306567271615936,4.819821927802695,0.0,0.0,1.0
2025-03-13,-0.013330464770631378,4.755571461393405,0.0,0.0,1.0
2025-03-14,0.020655618404500586,4.85380073079528,0.0,0.0,1.0
2025-03-17,0.007711467404735828,4.891230656919891,0.0,0.0,1.0
2025-03-18,-0.010808443576004967,4.838364066347347,0.0,0.0,1.0
2025-03-19,0.010890933806222636,4.891058369124342,0.0,0.0,1.0
2025-03-20,-0.00289196596623309,4.876913594781975,0.0,0.0,1.0
2025-03-21,0.0003299408197543485,4.878522687651309,0.0,0.0,1.0
2025-03-24,0.017908733132691035,4.965890848546234,0.0,0.0,1.0
2025-03-25,0.002403737812298079,4.977827548150629,0.0,0.0,1.0
2025-03-26,-0.011938329377862766,4.918400603294608,0.0,0.0,1.0
2025-03-27,-0.002655674108105077,4.9053389341591505,0.0,0.0,1.0
2025-03-28,-0.020138325776888455,4.806553620656999,0.0,0.0,1.0
2025-03-31,0.006712720144056217,4.83881866996987,0.0,0.0,1.0
2025-04-01,0.0028244686568168476,4.85248576163922,0.0,0.0,1.0
2025-04-02,0.0063283067681381144,4.883193780126895,0.0,0.0,1.0
2025-04-03,-0.04928074068448196,4.642546373736386,0.0,0.0,1.0
2025-04-04,-0.05854287733817176,4.370758350841963,0.0,0.0,1.0
2025-04-07,-0.0017811906998882465,4.362973196715984,0.0,0.0,1.0
2025-04-08,-0.015662712555806868,4.294637201647132,0.0,0.0,1.0
2025-04-09,0.10501933175140032,4.745657130678818,0.0,0.0,1.0
2025-04-10,-0.04381907290334708,4.537706834895314,0.0,0.0,1.0
2025-04-11,0.017842845705135613,4.61867243780549,0.0,0.0,1.0
2025-04-14,0.009701542055374324,4.663480682700858,0.0,0.0,1.0
2025-04-15,-0.00280107144608166,4.650417940121192,0.0,0.0,1.0
2025-04-16,-0.022227877495244908,4.547049019846488,0.0,0.0,1.0
2025-04-17,0.0014267187463665731,4.553536379923751,0.0,0.0,1.0
2025-04-21,-0.0238028192919969,4.445149376332893,0.0,0.0,1.0
2025-04-22,0.026017831494603794,4.560802523774665,0.0,0.0,1.0
2025-04-23,0.01549547679367791,4.631474333442363,0.0,0.0,1.0
2025-04-24,0.021048917134121048,4.7289618528958,0.0,0.0,1.0
2025-04-25,0.007225320685248393,4.7631301187912785,0.0,0.0,1.0
2025-04-28,0.00038131807369912174,4.764946386392954,0.0,0.0,1.0
2025-04-29,0.006299487545710525,4.794963106810015,0.0,0.0,1.0
2025-04-30,0.00039669609463666156,4.7968652499484135,0.0,0.0,1.0
2025-05-01,0.00553307510569212,4.823406665648262,0.00010397314952312296,0.20794629904624592,0.7932776416085118
2025-05-02,0.01179927651531143,4.880319374642042,0.0,0.0,0.795664961181064
2025-05-05,-0.004491896391861427,4.858397485651956,0.0,0.0,0.7946720256307447
2025-05-06,-0.006618602998870848,4.8262416814837135,0.0,0.0,0.793280173585129
2025-05-07,0.0033599054228972136,4.842457397081543,0.0,0.0,0.7939486593473059
2025-05-08,0.00555595487831928,4.869361871879912,0.0,0.0,0.7950634988901997
2025-05-09,-0.0009893336946787956,4.864544448108477,0.0,0.0,0.7948368743398315
2025-05-12,0.02633820132583775,4.992667799141245,0.0,0.0,0.8000326275252282
2025-05-13,0.005306914083415881,5.019163458198324,0.0,0.0,0.8010649266868863
2025-05-14,0.001047082263863519,5.024418935234836,0.0,0.0,0.801249696158466
2025-05-15,0.003936836807338695,5.044199252634558,0.0,0.0,0.8020058500457152
2025-05-16,0.005103079276499667,5.069940201307212,0.0,0.0,0.8029881355092355
2025-05-19,0.000946886867483121,5.074740861102754,0.0,0.0,0.8031060100957373
2025-05-20,-0.0026773127146818565,5.061154192871608,0.0,0.0,0.8025545304169138
2025-05-21,-0.013500853733229401,4.992824290392328,0.0,0.0,0.7998290885404338
2025-05-22,0.0003390112567693837,4.994516914029842,0.0,0.0,0.7998737241869723
2025-05-23,-0.005436570669315466,4.9673638698676275,0.0,0.0,0.79875646166967
2025-05-27,0.01669981984167701,5.050317951582472,0.0,0.0,0.8019702970982635
2025-05-28,-0.004616878358642551,5.027001247927547,0.0,0.0,0.8010288840105365
2025-05-29,0.0031850182330817045,5.043012338559921,0.0,0.0,0.8016376558700461
2025-05-30,-0.000873782973216275,5.0386058402447675,0.0,0.0,0.8014411860001368
2025-06-02,0.0044655433235782915,5.061105952914815,1.0198111357654122e-05,0.020396222715308242,0.7819527561261513
2025-06-03,0.004484498590928476,5.083802475429201,0.0,0.0,0.782901071736563
2025-06-04,-0.0001851610146554883,5.082861153404543,0.0,0.0,0.782835689189259
2025-06-05,-0.0037579843755816134,5.063759840606798,0.0,0.0,0.7819912060577235
2025-06-06,0.008055611019691655,5.104551520179862,0.0,0.0,0.78370830802264
2025-06-09,0.0007813700213379349,5.108540063710105,0.0,0.0,0.7838020561576953
2025-06-10,0.004469121279899735,5.131370748818052,0.0,0.0,0.7847389864246178
2025-06-11,-0.002213156444535236,5.120014222576006,0.0,0.0,0.7842364203851403
2025-06-12,0.0031420112037923165,5.136101364626916,0.0,0.0,0.7848872012482305
2025-06-13,-0.008750099842120163,5.091159964887181,0.0,0.0,0.7829630287283604
2025-06-16,0.007524908510905481,5.129470477837342,0.0,0.0,0.7845089947042314
2025-06-17,-0.0066786294572741545,5.095212645203839,0.0,0.0,0.7830349027691693
2025-06-18,-9.300704030401619e-05,5.094738754555989,0.0,0.0,0.7829896635985855
2025-06-20,-0.0017886622001997976,5.085625987925821,0.0,0.0,0.7825505387395946
2025-06-23,0.0078044432349615445,5.1253164672628335,0.0,0.0,0.7841601247260593
2025-06-24,0.008687425926785952,5.169842274423516,0.0,0.0,0.7859947086665589
2025-06-25,0.0004650141243889294,5.172246324101986,0.0,0.0,0.7860696863364048
2025-06-26,0.006174561804218381,5.204182678696794,0.0,0.0,0.78735812721634
2025-06-27,0.0039362615658478095,5.2246677029566,0.0,0.0,0.7881675442916085
2025-06-30,0.0038413945656272652,5.244737713077946,0.0,0.0,0.7889054183940616
2025-07-01,-0.00023110672436787993,5.243525618924908,1.583859841913257e-07,0.0003167719683826514,0.7885156771265478
2025-07-02,0.0035991239353703186,5.262397717485708,0.0,0.0,0.7892497301886003
2025-07-03,0.006244623740704114,5.295259411205347,0.0,0.0,0.790533403442154
2025-07-07,-0.0057937731796615655,5.2645798792493546,0.0,0.0,0.789214898767863
2025-07-08,-0.00040775521448044305,5.262433219351542,0.0,0.0,0.7891044071741442
2025-07-09,0.004756552193569963,5.287464257624564,0.0,0.0,0.7900783708315882
2025-07-10,0.002252673015706641,5.299375185679229,0.0,0.0,0.79052585013469
2025-07-11,-0.002754806369083984,5.284776433165554,0.0,0.0,0.789922811378627
2025-07-14,0.0015804867460824656,5.293128952274182,0.0,0.0,0.7901813184369951
2025-07-15,-0.0033523377353693595,5.275384596349297,0.0,0.0,0.7894511999075544
2025-07-16,0.0026637064235697228,5.289436672185394,0.0,0.0,0.7899862195496019
2025-07-17,0.0048587484096476174,5.315136714204306,0.0,0.0,0.7909775140462074
2025-07-18,-0.0005551382761103119,5.312186078371492,0.0,0.0,0.7908371640140524
2025-07-21,0.0015722705656160407,5.320538272181591,0.0,0.0,0.7910929522887912
2025-07-22,0.00013740457139821416,5.321269338462487,0.0,0.0,0.7910975027310032
2025-07-23,0.006754338907731805,5.357210994993785,0.0,0.0,0.7924750036624275
2025-07-24,0.00028653357397789847,5.358746015806735,0.0,0.0,0.792510365897229
2025-07-25,0.003371913569397922,5.37681524421239,0.0,0.0,0.7931836180508629
2025-07-28,-0.00012698950122180808,5.376132445126366,0.0,0.0,0.7930852323542782
2025-07-29,-0.0020679326501202855,5.365014965311718,0.0,0.0,0.7926324188122937
2025-07-30,-0.0009742104207008939,5.359788311825295,0.0,0.0,0.7924061632679132
2025-07-31,-0.002948433580184484,5.34398533198403,0.0,0.0,0.791768152461508
2025-08-01,-0.013189397789658885,5.27350138365839,6.942741258677701e-06,0.013885482517355403,0.803040264151145
2025-08-04,0.012273702472967107,5.338226770632193,0.0,0.0,0.8053615447883118
2025-08-05,-0.0040609490618027655,5.316548503636304,0.0,0.0,0.8045456838017562
2025-08-06,0.006184839189072422,5.349430501172199,0.0,0.0,0.8057250355376401
2025-08-07,-0.0006529429947635945,5.345937628000484,0.0,0.0,0.8055761045615722
2025-08-08,0.00630346217180211,5.379635543611398,0.0,0.0,0.8067720827051201
2025-08-11,-0.001529765382714765,5.371405963385159,0.0,0.0,0.8064103416177248
2025-08-12,0.008606968034746698,5.417637482813664,0.0,0.0,0.8080405715695574
2025-08-13,0.002787837215346256,5.432740974207507,0.0,0.0,0.808552590308433
2025-08-14,9.670316673782153e-05,5.433266337463779,0.0,0.0,0.8085495614238786
2025-08-15,-0.001871390654748284,5.423098573615091,0.0,0.0,0.80816901714371
2025-08-18,-0.00011112999794449241,5.422495904681752,0.0,0.0,0.8080829001566091
2025-08-19,-0.004362273800825767,5.398841492861674,0.0,0.0,0.807220278319645
2025-08-20,-0.0021230972460597464,5.387379227356266,0.0,0.0,0.8067883785907859
2025-08-21,-0.0032149725141250585,5.370058951217148,0.0,0.0,0.8061433671297694
2025-08-22,0.012401620609811204,5.436656384982464,0.0,0.0,0.8084964125853771
2025-08-25,-0.0034938302111494624,5.417661630656974,0.0,0.0,0.8077604591089761
2025-08-26,0.003403530375912789,5.436100806583331,0.0,0.0,0.8083910635371753
2025-08-27,0.0018634817838008022,5.446230881411305,0.0,0.0,0.8087260535408812
2025-08-28,0.002885293280046053,5.46194485477502,0.0,0.0,0.8092551469950495
2025-08-29,-0.004805020308421337,5.4357000988243485,0.0,0.0,0.808312820962653
2025-09-02,-0.005903218020837819,5.403611976045099,1.1570027222506097e-07,0.00023140054445012194,0.8068563924665575
2025-09-03,0.004394138627982658,5.427356196159668,0.0,0.0,0.8076801513913161
2025-09-04,0.006771350301131074,5.464106726172879,0.0,0.0,0.8089526434661446
2025-09-05,-0.0023221614362071152,5.451418188250041,0.0,0.0,0.8084870074758256
2025-09-08,0.002047756541729173,5.462581365506731,0.0,0.0,0.8088169993368644
2025-09-09,0.0018904680048057454,5.47290820080187,0.0,0.0,0.8091572211531889
2025-09-10,0.0023596764515125823,5.4858224934045925,0.0,0.0,0.8095859346013068
2025-09-11,0.006748271393659078,5.522842312407526,0.0,0.0,0.8108419364657429
2025-09-12,-0.0002508245354818639,5.521457048049977,0.0,0.0,0.8107741313914789
2025-09-15,0.004377465228980748,5.545627034291127,0.0,0.0,0.8115380673219185
2025-09-16,-0.001097311265539358,5.5395417552719195,0.0,0.0,0.8113108933936843
2025-09-17,-0.0009878407021227664,5.534069570454953,0.0,0.0,0.8111041985901687
2025-09-18,0.003809859879339239,5.555153600080901,0.0,0.0,0.811801205548035
2025-09-19,0.00404078688623466,5.577600791899128,0.0,0.0,0.8125387045951536
2025-09-22,0.003903824746279483,5.599374767895411,0.0,0.0,0.8132081965950055
2025-09-23,-0.004407079342307441,5.574697879025982,0.0,0.0,0.8123615802079144
2025-09-24,-0.002564828742204539,5.56039973367675,0.0,0.0,0.8118592787137131
2025-09-25,-0.0037255959921832504,5.539683930714027,0.0,0.0,0.811135774306055
2025-09-26,0.004667007349736796,5.5655376763338875,0.0,0.0,0.8119931254750583
2025-09-29,0.0023418113201176816,5.578571115466867,0.0,0.0,0.812372906442036
2025-09-30,0.003079814584583618,5.59575208014942,0.0,0.0,0.812929205765599
2025-10-01,0.002910022526385392,5.612035844754723,2.1444361027301594e-05,0.04288872205460319,0.8562425338044948
2025-10-02,0.0010013739807277489,5.617655591428572,0.0,0.0,0.8563712265204119
2025-10-03,2.5001891237330653e-06,5.617669636629983,0.0,0.0,0.856356454006136
2025-10-06,0.003116533924248266,5.635177294627759,0.0,0.0,0.856757356960416
2025-10-07,-0.003161162092562453,5.617363585779113,0.0,0.0,0.8562879217552933
2025-10-08,0.005121101718890353,5.646130676093879,0.0,0.0,0.8570050924689322
2025-10-09,-0.0024677151074000703,5.632197634126127,0.0,0.0,0.8566362663219205
2025-10-10,-0.023137857265596917,5.501880649176084,0.0,0.0,0.8532250859580061
2025-10-13,0.013138380064226185,5.574166448212971,0.0,0.0,0.8550826160384891
2025-10-14,-0.0010292896944720242,5.568429016132553,0.0,0.0,0.8549179973820817
2025-10-15,0.003810765365682034,5.58964899256849,0.0,0.0,0.8554535254691744
2025-10-16,-0.005810591058442838,5.557169828112437,0.0,0.0,0.854593359034304
2025-10-17,0.00486626124462175,5.584212468276762,0.0,0.0,0.8552822545327983
2025-10-20,0.008940922596621936,5.634140479718716,0.0,0.0,0.8565195531573329
2025-10-21,2.088960068036272e-06,5.634152249213195,0.0,0.0,0.8565049333029118
2025-10-22,-0.004438064568228817,5.609147517743955,0.0,0.0,0.855850317647929
2025-10-23,0.005090141619716881,5.637698872975156,0.0,0.0,0.8565654699854683
2025-10-24,0.007015201964203799,5.67724846918244,0.0,0.0,0.8575499105675629
2025-10-27,0.010161161240495264,5.734935906280158,0.0,0.0,0.8589392239571783
2025-10-28,0.002295657811022478,5.748101356689123,0.0,0.0,0.8592479833829898
2025-10-29,0.00042703762814544355,5.750556012258823,0.0,0.0,0.8592937349342537
2025-10-30,-0.009436173699406192,5.696292766858984,0.0,0.0,0.857938852084619
2025-10-31,0.002828901447246901,5.712407017711094,0.0,0.0,0.8583250240697681
2025-11-03,0.0018056710758667105,5.7227217458365525,7.080208692165514e-05,0.14160417384331028,1.0
2025-11-04,-0.011853640515318009,5.654886659492213,0.0,0.0,1.0
2025-11-05,0.0034654938502332033,5.674483634434449,0.0,0.0,1.0
2025-11-06,-0.010729238396977703,5.613600746740854,0.0,0.0,1.0
2025-11-07,0.000984432782274336,5.6191269593425455,0.0,0.0,1.0
2025-11-10,0.015604317681877422,5.706809601510929,0.0,0.0,1.0
2025-11-11,0.002289339069340812,5.719874423692957,0.0,0.0,1.0
2025-11-12,0.0005563267009809358,5.723056542561116,0.0,0.0,1.0
2025-11-13,-0.016593945359895668,5.628088455002263,0.0,0.0,1.0
2025-11-14,-0.0001638639805948694,5.627166214024887,0.0,0.0,1.0
2025-11-17,-0.009316344755070816,5.574741593580944,0.0,0.0,1.0
2025-11-18,-0.008397553718616058,5.527927401581445,0.0,0.0,1.0
2025-11-19,0.0038632365293529425,5.549283092650845,0.0,0.0,1.0
2025-11-20,-0.015242276237766972,5.464699386831091,0.0,0.0,1.0
2025-11-21,0.00996119766575232,5.519134337607231,0.0,0.0,1.0
2025-11-24,0.014718553120582678,5.600368009534935,0.0,0.0,1.0
2025-11-25,0.009405944613086525,5.653044760845522,0.0,0.0,1.0
2025-11-26,0.006903542517632921,5.692070795706101,0.0,0.0,1.0
2025-11-28,0.005458373086222323,5.723140241742255,0.0,0.0,1.0
2025-12-01,-0.0045654326011898005,5.697011630701424,0.0,0.0,1.0
2025-12-02,0.0018521605335179991,5.707563410802803,0.0,0.0,1.0
2025-12-03,0.0034628390228845785,5.727327784107319,0.0,0.0,1.0
2025-12-04,0.000731151162097321,5.7315153264723815,0.0,0.0,1.0
2025-12-05,0.0018994238357272764,5.742401903298319,0.0,0.0,1.0
2025-12-08,-0.0030042012931831286,5.725150572074453,0.0,0.0,1.0
2025-12-09,-0.0008630954932498103,5.720209220417519,0.0,0.0,1.0
2025-12-10,0.006632084722901999,5.758146132600053,0.0,0.0,1.0
2025-12-11,0.002327071699470329,5.771545751506641,0.0,0.0,1.0
2025-12-12,-0.010752008599530072,5.70949004195386,0.0,0.0,1.0
2025-12-15,-0.0015108498675291404,5.7008638596803145,0.0,0.0,1.0
2025-12-16,-0.002732363256316539,5.685287028740861,0.0,0.0,1.0
2025-12-17,-0.01100356428531779,5.622728607439628,0.0,0.0,1.0
2025-12-18,0.007551268712199022,5.6651873420501735,0.0,0.0,1.0
2025-12-19,0.009063486264369258,5.716533689709924,0.0,0.0,1.0
2025-12-22,0.006229818660208997,5.752146657961792,0.0,0.0,1.0
2025-12-23,0.0045704344876844605,5.77843646742556,0.0,0.0,1.0
2025-12-24,0.003517736660175297,5.798763485225517,0.0,0.0,1.0
2025-12-26,-0.00010139418790344745,5.798175524311088,0.0,0.0,1.0
2025-12-29,-0.0035636809822511273,5.777512676463347,0.0,0.0,1.0
2025-12-30,-0.0012212056239844227,5.770457145490209,0.0,0.0,1.0
2025-12-31,-0.0074088956888227475,5.72770443042245,0.0,0.0,1.0
2026-01-02,0.0018330346379591411,5.738203511039406,0.0,0.0,1.0
2026-01-05,0.006660178462529753,5.776420970477243,0.0,0.0,1.0
2026-01-06,0.0059471682236194034,5.8107743177191145,0.0,0.0,1.0
2026-01-07,-0.0032234143669693793,5.792043784300162,0.0,0.0,1.0
2026-01-08,-0.00010151182144413351,5.791455823385734,0.0,0.0,1.0
2026-01-09,0.006613390447410161,5.829756982004711,0.0,0.0,1.0
2026-01-12,0.0015704331745678424,5.83891222576892,0.0,0.0,1.0
2026-01-13,-0.0019995166898191252,5.827237223323106,0.0,0.0,1.0
2026-01-14,-0.004915222889580462,5.798595053540013,0.0,0.0,1.0
2026-01-15,0.0027232882038870088,5.8143862990484365,0.0,0.0,1.0
2026-01-16,-0.0008379420888713351,5.809514180047507,0.0,0.0,1.0
2026-01-20,-0.020356835813531315,5.691250853727897,0.0,0.0,1.0
2026-01-21,0.011541172420654888,5.75693456111997,0.0,0.0,1.0
2026-01-22,0.005223214802554832,5.787004266936951,0.0,0.0,1.0
2026-01-23,0.00036274314526618667,5.789103463066409,0.0,0.0,1.0
2026-01-26,0.005078258243367717,5.818502025449435,0.0,0.0,1.0
2026-01-27,0.003984113626622321,5.841683598655558,0.0,0.0,1.0
2026-01-28,-0.00010064922286512346,5.841095637741129,0.0,0.0,1.0
2026-01-29,-0.0019843514508082194,5.8295048511380685,0.0,0.0,1.0
2026-01-30,-0.002982445396060962,5.812118671233477,0.0,0.0,1.0
2026-02-02,0.0049712108373694,5.84101193855999,0.0,0.0,1.0
2026-02-03,-0.008455418456572827,5.791623738409627,0.0,0.0,1.0
2026-02-04,-0.00484383887388995,5.763570046202575,0.0,0.0,1.0
2026-02-05,-0.012489280981794804,5.6915872004372945,0.0,0.0,1.0
2026-02-06,0.0191847683064843,5.800778982173836,0.0,0.0,1.0
2026-02-09,0.00482176499257525,5.828748975199748,0.0,0.0,1.0
2026-02-10,-0.002637135289800363,5.813377775581861,0.0,0.0,1.0
2026-02-11,-0.00023107395441934742,5.812034455390724,0.0,0.0,1.0
2026-02-12,-0.015448819557001725,5.722245383830316,0.0,0.0,1.0
2026-02-13,0.0007044426839897255,5.72627637772695,0.0,0.0,1.0
2026-02-17,0.00161351967622414,5.735515837333909,0.0,0.0,1.0
2026-02-18,0.005037695790158558,5.764409621322034,0.0,0.0,1.0
2026-02-19,-0.002637350384703585,5.749206853389651,0.0,0.0,1.0
2026-02-20,0.007231834053074815,5.790784163290166,0.0,0.0,1.0
2026-02-23,-0.01021138412746736,5.731652241799555,0.0,0.0,1.0
2026-02-24,0.007268496179203332,5.773312734219597,0.0,0.0,1.0
2026-02-25,0.00843831937730477,5.822029790936003,0.0,0.0,1.0
2026-02-26,-0.005554483250070796,5.789691423980836,0.0,0.0,1.0
2026-02-27,-0.004801907270093109,5.761889862640427,0.0,0.0,1.0
2026-03-02,0.0005685000404405116,5.765165497260352,0.0,0.0,1.0
2026-03-03,-0.008814271890095537,5.714349761076101,0.0,0.0,1.0
2026-03-04,0.007055426061514547,5.754666933305007,0.0,0.0,1.0
2026-03-05,-0.0055756895160731235,5.722580697216485,0.0,0.0,1.0
2026-03-06,-0.013107174917892928,5.647573831036311,0.0,0.0,1.0
2026-03-09,0.008760032915877458,5.697046763691038,0.0,0.0,1.0
2026-03-10,-0.0016070157300722698,5.687891519926829,0.0,0.0,1.0
2026-03-11,-0.0012551628541557225,5.68075228977255,0.0,0.0,1.0
2026-03-12,-0.015184929448649576,5.594490467037099,0.0,0.0,1.0
2026-03-13,-0.005660153274538393,5.562824793500726,0.0,0.0,1.0
2026-03-16,0.010176873245252516,5.61943695630973,0.0,0.0,1.0
2026-03-17,0.0026305491982852036,5.634219161689965,0.0,0.0,1.0
2026-03-18,-0.01395372252866034,5.555600830842082,0.0,0.0,1.0
2026-03-19,-0.002464362806581799,5.54190981478634,0.0,0.0,1.0
2026-03-20,-0.014335681872974404,5.4624627587128485,0.0,0.0,1.0
2026-03-23,0.010499959707213291,5.519818397581487,0.0,0.0,1.0
2026-03-24,-0.0033568197458090365,5.501289362191205,0.0,0.0,1.0
2026-03-25,0.005572720875308912,5.531946512261003,0.0,0.0,1.0
2026-03-26,-0.01785871391108962,5.433153062127084,0.0,0.0,1.0
2026-03-27,-0.017051920414101196,5.3405073685140625,0.0,0.0,1.0
2026-03-30,-0.0033433730947614038,5.322652059865797,0.0,0.0,1.0
2026-03-31,0.029067828330166412,5.477369996203183,0.0,0.0,1.0
2026-04-01,0.007534524709556623,5.518639375782961,0.0,0.0,1.0
2026-04-02,0.0009004486514896382,5.523608627166942,0.0,0.0,1.0
2026-04-06,0.004726890756302504,5.54971812172813,0.0,0.0,1.0
2026-04-07,0.00043997599961653755,5.5521598645063275,0.0,0.0,1.0
2026-04-08,0.0254696046172882,5.69357118102728,0.0,0.0,1.0
2026-04-09,0.005769005826991691,5.726417426347018,0.0,0.0,1.0
2026-04-10,-0.0006617045143784139,5.722628230084789,0.0,0.0,1.0
2026-04-13,0.009772427509418202,5.778552199626643,0.0,0.0,1.0
2026-04-14,0.01218482451098879,5.848962844106682,0.0,0.0,1.0
2026-04-15,0.00789104262604634,5.895117259227689,0.0,0.0,1.0
2026-04-16,0.0024573146961406334,5.909603417504261,0.0,0.0,1.0
2026-04-17,0.012085709684531931,5.9810251687589355,0.0,0.0,1.0
2026-04-20,-0.0019997769579218616,5.9690644524417005,0.0,0.0,1.0
2026-04-21,-0.006546877598048728,5.929985718096701,0.0,0.0,1.0
2026-04-22,0.010126679110719516,5.990036780595015,0.0,0.0,1.0
2026-04-23,-0.0038807172806204493,5.966791141349008,0.0,0.0,1.0
2026-04-24,0.007749329558953688,6.013029772312767,0.0,0.0,1.0
2026-04-27,0.0017227696705925943,6.0233888376328775,0.0,0.0,1.0
2026-04-28,-0.0048659811570929135,5.994079141047112,0.0,0.0,1.0
2026-04-29,-0.00015454822141547364,5.99315276677684,0.0,0.0,1.0
2026-04-30,0.009949685183250345,6.052782750061395,0.0,0.0,1.0
2026-05-01,0.00276905737155686,6.069543252753885,0.0,0.0,1.0
2026-05-04,-0.0036633809509297732,6.047308203620902,0.0,0.0,1.0
2026-05-05,0.008022242913074518,6.095821179000577,0.0,0.0,1.0
2026-05-06,0.013899418730159985,6.180549550071683,0.0,0.0,1.0
2026-05-07,-0.0030660889376450395,6.161599435467641,0.0,0.0,1.0
2026-05-08,0.008256054754597786,6.212469937782761,0.0,0.0,1.0
2026-05-11,0.0022775635209937306,6.226619232688326,0.0,0.0,1.0
2026-05-12,-0.0015148976832113359,6.217186541638487,0.0,0.0,1.0
2026-05-13,0.005594852718878274,6.2519707846647465,0.0,0.0,1.0
2026-05-14,0.007894249484761584,6.301325401810331,0.0,0.0,1.0
2026-05-15,-0.012029288059682064,6.225524943394163,0.0,0.0,1.0
2026-05-18,-0.0007035134425674716,6.221145202909446,0.0,0.0,1.0
2026-05-19,-0.006660801173054343,6.179707391644165,0.0,0.0,1.0
2026-05-20,0.0102489448693448,6.243042872009808,0.0,0.0,1.0
2026-05-21,0.0019831294549137457,6.25542363421758,0.0,0.0,1.0
2026-05-22,0.003931565762728351,6.280017243609231,0.0,0.0,1.0
2026-05-26,0.006638589859918387,6.321707702402768,0.0,0.0,1.0
2026-05-27,-0.00017318199564353431,6.320612896446991,0.0,0.0,1.0
2026-05-28,0.005516544483684438,6.35548083865439,0.0,0.0,1.0
2026-05-29,0.002491413132097442,6.371314967076608,0.0,0.0,1.0
2026-06-01,0.002723144858072235,6.388664980668361,0.0,0.0,1.0
2026-06-02,0.0013579151752256546,6.397340245795044,0.0,0.0,1.0
2026-06-03,-0.00701716271996522,6.352449068315318,0.0,0.0,1.0
2026-06-04,0.003778634283035931,6.376452650146094,0.0,0.0,1.0
2026-06-05,-0.02580936961224456,6.211880426883497,0.0,0.0,1.0
2026-06-08,0.002264222440912178,6.22594550594631,0.0,0.0,1.0
2026-06-09,-0.0029355200498574208,6.207669118084285,0.0,0.0,1.0
2026-06-10,-0.0157655110158077,6.109802042220638,0.0,0.0,1.0
2026-06-11,0.016996857394830034,6.213649476242903,0.0,0.0,1.0
2026-06-12,0.005408207317551872,6.247254180809023,0.0,0.0,1.0
2026-06-15,0.017634009390668393,6.357418319699302,0.0,0.0,1.0
2026-06-16,-0.005961575485861181,6.319518090491218,0.0,0.0,1.0
2026-06-17,-0.012487894929830379,6.240600612570001,0.0,0.0,1.0
2026-06-18,0.010396979807429707,6.305484011125125,0.0,0.0,1.0
2026-06-22,-0.0031469282666525267,6.285641105255589,0.0,0.0,1.0
2026-06-23,-0.014522012225013592,6.19436094828302,0.0,0.0,1.0
2026-06-24,-0.00046350036778919357,6.191489859705271,0.0,0.0,1.0
2026-06-25,0.0014456368287247834,6.200440505471137,0.0,0.0,1.0
2026-06-26,-0.007231332133985857,6.155603060799057,0.0,0.0,1.0
2026-06-29,0.01647481275894025,6.257015468644081,0.0,0.0,1.0
2026-06-30,0.007786815227913024,6.305737691976606,0.0,0.0,1.0
2026-07-01,-0.0013525036475483532,6.297209158747725,0.0,0.0,1.0
2026-07-02,-0.0013140507435593918,6.288934306370323,0.0,0.0,1.0
2026-07-06,0.008727392224116226,6.343820302733717,0.0,0.0,1.0
2026-07-07,-0.004751890339538711,6.3136751643213875,0.0,0.0,1.0
2026-07-08,-0.0030894091522385425,6.294169638484472,0.0,0.0,1.0
2026-07-09,0.008465256756416295,6.347451400542683,0.0,0.0,1.0
2026-07-10,0.004310118179872147,6.374809666220017,0.0,0.0,1.0
2026-07-13,-0.007656140611366324,6.3260032270447395,0.0,0.0,1.0
2026-07-14,0.0035506379166867497,6.348464573963767,0.0,0.0,1.0
2026-07-15,0.003963630921285599,6.373627544451816,0.0,0.0,1.0
2026-07-16,-0.005418616825605738,6.339091298999305,0.0,0.0,1.0
2026-07-17,-0.009897199757215702,6.276352046133881,0.0,0.0,1.0
2026-07-20,-0.0016143534967409945,6.266219795261427,0.0,0.0,1.0
2026-07-21,0.008341327043244195,6.318488383898553,0.0,0.0,1.0
2026-07-22,-0.001162766737217713,6.3111414557762595,0.0,0.0,1.0
2026-07-23,-0.01234925378412799,6.233203568271348,0.0,0.0,1.0
2026-07-24,0.0010159657563921787,6.239536289649333,0.0,0.0,1.0
2026-07-27,0.00021661654234961247,6.240887876426262,0.0,0.0,1.0
2026-07-28,0.0023947666975516757,6.255833346875882,0.0,0.0,1.0
2026-07-29,-0.015387445003102407,6.159572055302255,0.0,0.0,1.0
2026-07-30,0.01676574369337569,6.262841861642332,0.0,0.0,1.0
2026-07-31,0.007199869193782904,6.307933503827504,0.0,0.0,1.0
2026-08-03,0.014242990614400597,6.397777341518783,0.0,0.0,1.0
2026-08-04,0.01802895214665101,6.513122563053953,0.0,0.0,1.0
2026-08-05,-0.0019965624761277834,6.500118706942138,0.0,0.0,1.0
2026-08-06,-0.0015978064697251826,6.489732775218204,0.0,0.0,1.0
2026-08-07,0.0061153280785064545,6.5294196202805,0.0,0.0,1.0
2026-08-10,-0.0002974431285415191,6.527477489281083,0.0,0.0,1.0
2026-08-11,-0.003195199981383401,6.506620893328852,0.0,0.0,1.0
2026-08-12,0.0025046088948632583,6.522917433893786,0.0,0.0,1.0
2026-08-13,0.006977515074108265,6.568431188615944,0.0,0.0,1.0
2026-08-14,-0.0019797506799420495,6.555427332504129,0.0,0.0,1.0
2026-08-17,-0.004727362317670902,6.524437452356219,0.0,0.0,1.0
2026-08-18,-0.00675574496080833,6.480360016915355,0.0,0.0,1.0
2026-08-19,0.0020977847370853286,6.4939544172496575,0.0,0.0,1.0
2026-08-20,-0.008399827926766523,6.439406317580495,0.0,0.0,1.0
2026-08-21,0.004091229991858514,6.465751409836744,0.0,0.0,1.0
2026-08-24,-0.0029384361156037375,6.446752212379564,0.0,0.0,1.0
2026-08-25,0.003195939766817757,6.467355644141928,0.0,0.0,1.0
2026-08-26,0.00022200767959623668,6.468791446761608,0.0,0.0,1.0
2026-08-27,0.006552844629756693,6.511180432054536,0.0,0.0,1.0
2026-08-28,-0.0022694869107554583,6.496403393290421,0.0,0.0,1.0
2026-08-31,-0.002989548034258882,6.476982083296257,0.0,0.0,1.0
2026-09-01,-0.006870413937474118,6.432482535318408,0.0,0.0,1.0
2026-09-02,0.004436916429827686,6.4610229227639415,0.0,0.0,1.0
2026-09-03,0.010468417941536634,6.528659611049283,0.0,0.0,1.0
2026-09-04,-0.0038542322600894074,6.503496640561234,0.0,0.0,1.0
2026-09-08,-0.005492178930014524,6.467778273340524,0.0,0.0,1.0
2026-09-09,-0.004647717444469568,6.437717867432558,0.0,0.0,1.0
2026-09-10,-0.005994275703456786,6.399128411634098,0.0,0.0,1.0
2026-09-11,0.008524301461116268,6.453676511303261,0.0,0.0,1.0
2026-09-14,-0.004461653484890804,6.424882443006247,0.0,0.0,1.0
2026-09-15,-0.004586752409134642,6.395413097982381,0.0,0.0,1.0
2026-09-16,-0.0044098804847823025,6.3672100905694675,0.0,0.0,1.0
2026-09-17,0.010833084329100018,6.436186614421703,0.0005056693768529765,1.011338753705953,1.0
