date,return,nav,cost,turnover,gross
2011-01-03,0.009832946590602853,1.0098329465906029,0.0004997501249375312,0.9995002498750625,1.0
2011-01-04,-0.0005508470687782818,1.0092766830720177,0.0,0.0,1.0
2011-01-05,0.00519750198855129,1.014522400639283,0.0,0.0,1.0
2011-01-06,-0.001958071165248265,1.0125358935800928,0.0,0.0,1.0
2011-01-07,-0.0019628595229141954,1.0105484278590866,0.0,0.0,1.0
2011-01-10,-0.0012584699080310235,1.009276683072018,0.0,0.0,1.0
2011-01-11,0.003543654212044167,1.0128532106411041,0.0,0.0,1.0
2011-01-12,0.009024684465740007,1.0219938912772517,0.0,0.0,1.0
2011-01-13,-0.0016334244161305689,1.0203245415021032,0.0,0.0,1.0
2011-01-14,0.007245225049444581,1.0277170224287573,0.0,0.0,1.0
2011-01-18,0.001701284825287086,1.0294654618037045,0.0,0.0,1.0
2011-01-19,-0.009805389157663047,1.0193711523263458,0.0,0.0,1.0
2011-01-20,-0.0013256346470974512,1.0180198386085704,0.0,0.0,1.0
2011-01-21,0.0022639076431778538,1.020324541502103,0.0,0.0,1.0
2011-01-24,0.0056874253241110395,1.026127561138254,0.0,0.0,1.0
2011-01-25,0.0005418662105856065,1.0266835849913856,0.0,0.0,1.0
2011-01-26,0.003870922359865858,1.030657797437036,0.0,0.0,1.0
2011-01-27,0.002468218862639704,1.0332016864535967,0.0,0.0,1.0
2011-01-28,-0.017463322067364118,1.0151585526425138,0.0,0.0,1.0
2011-01-31,0.007516135543682134,1.022788621922503,0.0,0.0,1.0
2011-02-01,0.016009118073806894,1.0391625657354067,0.0,0.0,1.0
2011-02-02,-0.0019124878994414285,1.0371751799028852,0.0,0.0,1.0
2011-02-03,0.002222635247732141,1.0394804420158104,0.0,0.0,1.0
2011-02-04,0.0028291584698412198,1.0424212969125737,0.0,0.0,1.0
2011-02-07,0.006251927910239097,1.048938439712969,0.0,0.0,1.0
2011-02-08,0.004547056355456158,1.0537080219117483,0.0,0.0,1.0
2011-02-09,-0.002263123386245236,1.0513233506450856,0.0,0.0,1.0
2011-02-10,0.0003779668000163383,1.0517207159677113,0.0,0.0,1.0
2011-02-11,0.0059705154479425815,1.0580000307493178,0.0,0.0,1.0
2011-02-14,0.0024037523121787086,1.0605432007695166,0.0,0.0,1.0
2011-02-15,-0.0031475760049023416,1.057205060438612,0.0,0.0,1.0
2011-02-16,0.006315331306660177,1.0638816606543595,0.0,0.0,1.0
2011-02-17,0.0029886422583202954,1.0670612223432432,0.0,0.0,1.0
2011-02-18,0.002085366616944473,1.0692864361945538,0.0,0.0,1.0
2011-02-22,-0.02006987361276702,1.047825992564283,0.0,0.0,1.0
2011-02-23,-0.00614420070344035,1.0413879393636865,0.0,0.0,1.0
2011-02-24,-0.0006869691427729974,1.0406725379836876,0.0,0.0,1.0
2011-02-25,0.010692841896539962,1.0518002848984183,0.0,0.0,1.0
2011-02-28,0.006196406826870948,1.0583176673642676,0.0,0.0,1.0
2011-03-01,-0.016672809993359516,1.0406725379836876,0.0,0.0,1.0
2011-03-02,0.0021387833246906407,1.0428983110543906,0.0,0.0,1.0
2011-03-03,0.017223966798693313,1.0608611569384048,0.0,0.0,1.0
2011-03-04,-0.0074922011932127,1.0529129717125578,0.0,0.0,1.0
2011-03-07,-0.007851266758241104,1.0446462710984301,0.0,0.0,1.0
2011-03-08,0.008750559982307005,1.0537875109539703,0.0,0.0,1.0
2011-03-09,-0.0014333549823737357,1.0522770593747812,0.0,0.0,1.0
2011-03-10,-0.0185057893272792,1.0328038418000627,0.0,0.0,1.0
2011-03-11,0.006926479120741069,1.039957536046112,0.0,0.0,1.0
2011-03-14,-0.006038126031534974,1.033678141376021,0.0,0.0,1.0
2011-03-15,-0.011457288125454324,1.0218349930812918,0.0,0.0,1.0
2011-03-16,-0.01851265057052487,1.0029181189136431,0.0,0.0,1.0
2011-03-17,0.013235089823335544,1.0161918303029158,0.0,0.0,1.0
2011-03-18,0.003636991417304003,1.019887711268062,0.0,0.0,1.0
2011-03-21,0.015498035780195485,1.0356939675090762,0.0,0.0,1.0
2011-03-22,-0.0034685395510082317,1.0321016220200303,0.0,0.0,1.0
2011-03-23,0.0028616148006401776,1.0350550992973675,0.0,0.0,1.0
2011-03-24,0.009563570443883895,1.0449539216527992,0.0,0.0,1.0
2011-03-25,0.0030556208155605447,1.048146904607103,0.0,0.0,1.0
2011-03-28,-0.0024370194643724696,1.0455925501990537,0.0,0.0,1.0
2011-03-29,0.006718443269794205,1.0526173044308855,0.0,0.0,1.0
2011-03-30,0.0069012163933697135,1.0598816442281687,0.0,0.0,1.0
2011-03-31,-0.0013555424001210348,1.0584449297203073,0.0,0.0,1.0
2011-04-01,0.004223177092964603,1.0629149301016667,0.0,0.0,1.0
2011-04-04,0.0008266075950642549,1.063793543655796,0.0,0.0,1.0
2011-04-05,-0.00015027056587113563,1.0636336867980207,0.0,0.0,1.0
2011-04-06,0.0031524007096299655,1.0669866863870692,0.0,0.0,1.0
2011-04-07,-0.0025437349987283975,1.0642725550097292,0.0,0.0,1.0
2011-04-08,-0.0034503887823856827,1.0606004009245227,0.0,0.0,1.0
2011-04-11,-0.003010542850559683,1.0574074179702186,0.0,0.0,1.0
2011-04-12,-0.007474212647994527,1.0495041300727423,0.0,0.0,1.0
2011-04-13,-7.619633962208106e-05,1.0494241616996125,0.0,0.0,1.0
2011-04-14,0.0007611079472291671,1.0502228867690964,0.0,0.0,1.0
2011-04-15,0.0036481511528390076,1.054054258604201,0.0,0.0,1.0
2011-04-18,-0.011208671774516898,1.0422397103869747,0.0,0.0,1.0
2011-04-19,0.005744745857447109,1.0482271126456872,0.0,0.0,1.0
2011-04-20,0.013631906217826284,1.062516446340256,0.0,0.0,1.0
2011-04-21,0.005108648537085925,1.067944469429482,0.0,0.0,1.0
2011-04-25,-0.001046832945090892,1.0668265099753556,0.0,0.0,1.0
2011-04-26,0.008605845792696742,1.0760074544077642,0.0,0.0,1.0
2011-04-27,0.0065287595067380355,1.08303244830505,0.0,0.0,1.0
2011-04-28,0.0032426524159125947,1.0865443460900581,0.0,0.0,1.0
2011-04-29,0.0023511180953597055,1.0890989401635613,0.0,0.0,1.0
2011-05-02,-0.001539529104200521,1.0874222406478256,0.0,0.0,1.0
2011-05-03,-0.0035967449304100674,1.0835110602165603,0.0,0.0,1.0
2011-05-04,-0.006631008330584498,1.0763262893499839,0.0,0.0,1.0
2011-05-05,-0.009048265108392961,1.0665874037408123,0.0,0.0,1.0
2011-05-06,0.0044157896443797195,1.071297229353077,0.0,0.0,1.0
2011-05-09,0.003874821512571236,1.0754483149037322,0.0,0.0,1.0
2011-05-10,0.0085364818213578,1.0846288598937177,0.0,0.0,1.0
2011-05-11,-0.010524876800739214,1.0732132747688101,0.0,0.0,1.0
2011-05-12,0.004760869002073287,1.0783227025812705,0.0,0.0,1.0
2011-05-13,-0.007699374915218105,1.070020291814506,0.0,0.0,1.0
2011-05-16,-0.00634138285389696,1.0632348834826717,0.0,0.0,1.0
2011-05-17,-0.00015049979758041676,1.063074866847927,0.0,0.0,1.0
2011-05-18,0.008936058769135169,1.0725745663340707,0.0,0.0,1.0
2011-05-19,0.0023815168550749277,1.07512892074212,0.0,0.0,1.0
2011-05-20,-0.007944644438930948,1.0665874037408123,0.0,0.0,1.0
2011-05-23,-0.011600670004605629,1.054214275238946,0.0,0.0,1.0
2011-05-24,-0.0008332782032959285,1.053335821461786,0.0,0.0,1.0
2011-05-25,0.003334527359984296,1.0568481985777018,0.0,0.0,1.0
2011-05-26,0.004608043076131718,1.06171820060168,0.0,0.0,1.0
2011-05-27,0.0038343858914102746,1.0657892378907208,0.0,0.0,1.0
2011-05-31,0.010411393121425583,1.0768855886309856,0.0,0.0,1.0
2011-06-01,-0.0224612866899212,1.0526973526925005,0.0,0.0,1.0
2011-06-02,-0.0010617674546382627,1.0515796329038278,0.0,0.0,1.0
2011-06-03,-0.009944394532167,1.0411223101522409,0.0,0.0,1.0
2011-06-06,-0.010581333382442382,1.0301058478966214,0.0,0.0,1.0
2011-06-07,-0.0006197313432443341,1.0294674590158206,0.0,0.0,1.0
2011-06-08,-0.004187546066343639,1.0251565166073902,0.0,0.0,1.0
2011-06-09,0.007631185697640319,1.0329796763547672,0.0,0.0,1.0
2011-06-10,-0.013910459719711832,1.0186104541755532,0.0,0.0,1.0
2011-06-13,0.0007832692987610468,1.0194083004717058,0.0,0.0,1.0
2011-06-14,0.012686601844724033,1.0323411276969972,0.0,0.0,1.0
2011-06-15,-0.017785487805283884,1.0139804371594492,0.0,0.0,1.0
2011-06-16,0.0022045392661840246,1.0162157968483096,0.0,0.0,1.0
2011-06-17,0.0029837044017932968,1.0192478843945378,0.0,0.0,1.0
2011-06-20,0.005116400722568137,1.0244627650067302,0.0,0.0,1.0
2011-06-21,0.013703732007866787,1.0385017281904205,0.0,0.0,1.0
2011-06-22,-0.006025051017770511,1.0322447022960304,0.0,0.0,1.0
2011-06-23,-0.00287553584958522,1.0292764456490338,0.0,0.0,1.0
2011-06-24,-0.011613783543278577,1.0173226518030707,0.0,0.0,1.0
2011-06-27,0.008911455092410314,1.0263884769291056,0.0,0.0,1.0
2011-06-28,0.01305285393996547,1.039785775804125,0.0,0.0,1.0
2011-06-29,0.008563735525392246,1.0486902261911761,0.0,0.0,1.0
2011-06-30,0.009562482488284063,1.058718308114764,0.0,0.0,1.0
2011-07-01,0.014776284418913654,1.0743622309549787,0.0,0.0,1.0
2011-07-05,-0.0008213693444971693,1.0734797827535867,0.0,0.0,1.0
2011-07-06,0.001195782344394214,1.0747634309248675,0.0,0.0,1.0
2011-07-07,0.010375227007567434,1.085914345500145,0.0,0.0,1.0
2011-07-08,-0.007091876134831532,1.0782131754688213,0.0,0.0,1.0
2011-07-11,-0.018080717058183593,1.058718308114764,0.0,0.0,1.0
2011-07-12,-0.004318823414716011,1.0541458906960894,0.0,0.0,1.0
2011-07-13,0.0033484860461181487,1.057675683501658,0.0,0.0,1.0
2011-07-14,-0.006902427081104445,1.0503751542208306,0.0,0.0,1.0
2011-07-15,0.005804525503731783,1.0564720835919916,0.0,0.0,1.0
2011-07-18,-0.008200790436721506,1.0478081774322072,0.0,0.0,1.0
2011-07-19,0.016231234110393622,1.0648153972628942,0.0,0.0,1.0
2011-07-20,-0.0006025311258982535,1.0641738128427076,0.0,0.0,1.0
2011-07-21,0.013871150261085319,1.078935127704561,0.0,0.0,1.0
2011-07-22,0.0006691340537550161,1.0796570799403005,0.0,0.0,1.0
2011-07-25,-0.005572733746556979,1.073640438496208,0.0,0.0,1.0
2011-07-26,-0.0037360746393454436,1.0696292376821666,0.0,0.0,1.0
2011-07-27,-0.020475495273032718,1.0477280492821077,0.0,0.0,1.0
2011-07-28,-0.0029098241219402965,1.0446793449310732,0.0,0.0,1.0
2011-07-29,-0.006834435546528517,1.0375395512813521,0.0,0.0,1.0
2011-08-01,-0.004252908291977775,1.0331269907204528,0.0,0.0,1.0
2011-08-02,-0.025547408567539787,1.0067332733863645,0.0,0.0,1.0
2011-08-03,0.005418858296621476,1.0121886183373392,0.0,0.0,1.0
2011-08-04,-0.04684136622052426,0.9647763205815534,0.0,0.0,1.0
2011-08-05,-0.0014971177998197582,0.9633319367791662,0.0,0.0,1.0
2011-08-08,-0.06512300328947529,0.9005968678914399,0.0,0.0,1.0
2011-08-09,0.046498790269821955,0.9424735327691826,0.0,0.0,1.0
2011-08-10,-0.04417758068666866,0.9008373322302223,0.0,0.0,1.0
2011-08-11,0.04488353108786347,0.9412700926364855,0.0,0.0,1.0
2011-08-12,0.006733065700245344,0.947607726011883,0.0,0.0,1.0
2011-08-15,0.02116530180377385,0.9676641295245124,0.0,0.0,1.0
2011-08-16,-0.0085393941525439,0.9594008641152243,0.0,0.0,1.0
2011-08-17,0.0006689842688774039,0.9600426882008648,0.0,0.0,1.0
2011-08-18,-0.043118391550171276,0.918647191666141,0.0,0.0,1.0
2011-08-19,-0.016330468447191437,0.903645252688536,0.0,0.0,1.0
2011-08-22,0.0007986680261291568,0.9043669652588218,0.0,0.0,1.0
2011-08-23,0.03291077047237079,0.9341303788752494,0.0,0.0,1.0
2011-08-24,0.01408458051870487,0.9472872134114861,0.0,0.0,1.0
2011-08-25,-0.015243616783436886,0.9328471301463916,0.0,0.0,1.0
2011-08-26,0.014533437311004427,0.9464046054331247,0.0,0.0,1.0
2011-08-29,0.028735910163371292,0.9736004031530517,0.0,0.0,1.0
2011-08-30,0.002636991750138762,0.9761677793840982,0.0,0.0,1.0
2011-08-31,0.004437959167305605,0.9804999721294442,0.0,0.0,1.0
2011-09-01,-0.0004995895277299933,0.9800101246114288,0.0005,1.0,0.0
2011-09-02,2.737850726131086e-07,0.980010392923572,0.0,0.0,0.0
2011-09-06,1.6427104354566069e-06,0.9800120027968713,0.0,0.0,0.0
2011-09-07,4.1067760880864057e-07,0.9800124052658572,0.0,0.0,0.0
2011-09-08,4.1067760880864057e-07,0.9800128077350084,0.0,0.0,0.0
2011-09-09,2.737850726131086e-07,0.9800130760478861,0.0,0.0,0.0
2011-09-12,4.1067760880864057e-07,0.9800134785173128,0.0,0.0,0.0
2011-09-13,1.36892536195532e-07,0.9800136126738433,0.0,0.0,0.0
2011-09-14,1.36892536195532e-07,0.9800137468303923,0.0,0.0,0.0
2011-09-15,1.36892536195532e-07,0.9800138809869596,0.0,0.0,0.0
2011-09-16,1.36892536195532e-07,0.9800140151435454,0.0,0.0,0.0
2011-09-19,4.1067760880864057e-07,0.9800144176133577,0.0,0.0,0.0
2011-09-20,1.36892536195532e-07,0.9800145517700168,0.0,0.0,0.0
2011-09-21,1.36892536195532e-07,0.9800146859266944,0.0,0.0,0.0
2011-09-22,1.36892536195532e-07,0.9800148200833902,0.0,0.0,0.0
2011-09-23,1.36892536195532e-07,0.9800149542401044,0.0,0.0,0.0
2011-09-26,4.1067760880864057e-07,0.9800153567103025,0.0,0.0,0.0
2011-09-27,1.36892536195532e-07,0.9800154908670902,0.0,0.0,0.0
2011-09-28,2.737850726131086e-07,0.9800157591807025,0.0,0.0,0.0
2011-09-29,2.737850726131086e-07,0.9800160274943883,0.0,0.0,0.0
2011-09-30,2.737850726131086e-07,0.9800162958081475,0.0,0.0,0.0
2011-10-03,8.213552178393257e-07,0.9800171007496457,0.0,0.0,0.0
2011-10-04,5.475701452262172e-07,0.9800176373777518,0.0,0.0,0.0
2011-10-05,1.36892536195532e-07,0.9800177715348517,0.0,0.0,0.0
2011-10-06,1.36892536195532e-07,0.98001790569197,0.0,0.0,0.0
2011-10-07,1.36892536195532e-07,0.9800180398491066,0.0,0.0,0.0
2011-10-10,4.1067760880864057e-07,0.9800184423205718,0.0,0.0,0.0
2011-10-11,1.36892536195532e-07,0.9800185764777819,0.0,0.0,0.0
2011-10-12,1.36892536195532e-07,0.9800187106350103,0.0,0.0,0.0
2011-10-13,4.1067760880864057e-07,0.980019113106751,0.0,0.0,0.0
2011-10-14,4.1067760880864057e-07,0.980019515578657,0.0,0.0,0.0
2011-10-17,1.2320328266479663e-06,0.9800207229948709,0.0,0.0,0.0
2011-10-18,5.475701452262172e-07,0.9800212596249605,0.0,0.0,0.0
2011-10-19,6.844627069568787e-07,0.9800219304129647,0.0,0.0,0.0
2011-10-20,5.475701452262172e-07,0.9800224670437154,0.0,0.0,0.0
2011-10-21,4.1067760880864057e-07,0.9800228695169988,0.0,0.0,0.0
2011-10-24,1.2320328266479663e-06,0.980024076937345,0.0,0.0,0.0
2011-10-25,1.36892536195532e-07,0.9800242110953263,0.0,0.0,0.0
2011-10-26,4.1067760880864057e-07,0.9800246135693259,0.0,0.0,0.0
2011-10-27,4.1067760880864057e-07,0.9800250160434908,0.0,0.0,0.0
2011-10-28,2.737850726131086e-07,0.9800252843597109,0.0,0.0,0.0
2011-10-31,8.213552178393257e-07,0.9800260893085918,0.0,0.0,0.0
2011-11-01,1.36892536195532e-07,0.9800262234668488,0.0,0.0,0.0
2011-11-02,1.36892536195532e-07,0.980026357625124,0.0,0.0,0.0
2011-11-03,1.36892536195532e-07,0.9800264917834176,0.0,0.0,0.0
2011-11-04,1.36892536195532e-07,0.9800266259417296,0.0,0.0,0.0
2011-11-07,4.1067760880864057e-07,0.980027028416721,0.0,0.0,0.0
2011-11-08,1.36892536195532e-07,0.9800271625751065,0.0,0.0,0.0
2011-11-09,1.36892536195532e-07,0.9800272967335103,0.0,0.0,0.0
2011-11-10,1.36892536195532e-07,0.9800274308919324,0.0,0.0,0.0
2011-11-11,1.36892536195532e-07,0.980027565050373,0.0,0.0,0.0
2011-11-14,4.1067760880864057e-07,0.98002796752575,0.0,0.0,0.0
2011-11-15,1.36892536195532e-07,0.980028101684264,0.0,0.0,0.0
2011-11-16,2.737850726131086e-07,0.980028370001329,0.0,0.0,0.0
2011-11-17,1.36892536195532e-07,0.9800285041598982,0.0,0.0,0.0
2011-11-18,1.36892536195532e-07,0.9800286383184856,0.0,0.0,0.0
2011-11-21,4.1067760880864057e-07,0.9800290407943034,0.0,0.0,0.0
2011-11-22,1.36892536195532e-07,0.9800291749529644,0.0,0.0,0.0
2011-11-23,4.1067760880864057e-07,0.9800295774290025,0.0,0.0,0.0
2011-11-25,8.213552178393257e-07,0.9800303823814096,0.0,0.0,0.0
2011-11-28,4.1067760880864057e-07,0.9800307848579436,0.0,0.0,0.0
2011-11-29,2.737850726131086e-07,0.9800310531757432,0.0,0.0,0.0
2011-11-30,4.1067760880864057e-07,0.9800314556525527,0.0,0.0,0.0
2011-12-01,4.1067760880864057e-07,0.9800318581295274,0.0,0.0,0.0
2011-12-02,4.1067760880864057e-07,0.9800322606066675,0.0,0.0,0.0
2011-12-05,1.2320328266479663e-06,0.9800334680385837,0.0,0.0,0.0
2011-12-06,4.1067760880864057e-07,0.9800338705163849,0.0,0.0,0.0
2011-12-07,1.36892536195532e-07,0.980034004675707,0.0,0.0,0.0
2011-12-08,1.36892536195532e-07,0.9800341388350474,0.0,0.0,0.0
2011-12-09,1.36892536195532e-07,0.9800342729944063,0.0,0.0,0.0
2011-12-12,4.1067760880864057e-07,0.9800346754725381,0.0,0.0,0.0
2011-12-13,1.36892536195532e-07,0.9800348096319703,0.0,0.0,0.0
2011-12-14,1.36892536195532e-07,0.980034943791421,0.0,0.0,0.0
2011-12-15,1.36892536195532e-07,0.98003507795089,0.0,0.0,0.0
2011-12-16,1.36892536195532e-07,0.9800352121103774,0.0,0.0,0.0
2011-12-19,4.1067760880864057e-07,0.9800356145888948,0.0,0.0,0.0
2011-12-20,1.36892536195532e-07,0.9800357487484556,0.0,0.0,0.0
2011-12-21,1.36892536195532e-07,0.9800358829080348,0.0,0.0,0.0
2011-12-22,1.36892536195532e-07,0.9800360170676323,0.0,0.0,0.0
2011-12-23,1.36892536195532e-07,0.9800361512272483,0.0,0.0,0.0
2011-12-27,5.475701452262172e-07,0.9800366878657859,0.0,0.0,0.0
2011-12-28,1.36892536195532e-07,0.9800368220254937,0.0,0.0,0.0
2011-12-29,1.36892536195532e-07,0.9800369561852198,0.0,0.0,0.0
2011-12-30,1.36892536195532e-07,0.9800370903449643,0.0,0.0,0.0
2012-01-03,0.010299839987412795,0.990131315557247,0.0003336187965177118,0.6672375930354236,0.6709600882444164
2012-01-04,0.001052376851193415,0.991173306833381,0.0,0.0,0.6713059532072781
2012-01-05,0.0017875304645131873,0.992945059314958,0.0,0.0,0.6718923656078699
2012-01-06,-0.0017315723512653092,0.9912257031039228,0.0,0.0,0.671323148027521
2012-01-09,0.0016301245973913137,0.9928415245041189,0.0,0.0,0.6718576559932611
2012-01-10,0.005825414056381373,0.9986252374767244,0.0,0.0,0.6737581051928136
2012-01-11,0.0003652958120572425,0.9989900310937894,0.0,0.0,0.6738771471850021
2012-01-12,0.0016168790387931509,1.0006052771350282,0.0,0.0,0.67440346346867
2012-01-13,-0.003488767332111564,0.9971143981318211,0.0,0.0,0.6732633771256388
2012-01-17,0.002613506522276321,0.9997203631147942,0.0,0.0,0.6741143657114879
2012-01-18,0.007453261097267738,1.007171540005344,0.0,0.0,0.6765251299312708
2012-01-19,0.003570062007542063,1.0107672048553948,0.0,0.0,0.6776756265246346
2012-01-20,0.0025258350724886025,1.0133202361115399,0.0,0.0,0.6784873614329677
2012-01-23,-0.0017472169779922941,1.0115497457908627,0.0,0.0,0.6779235677179403
2012-01-24,-0.0007718864835069006,1.0107689442146919,0.0,0.0,0.6776744603615782
2012-01-25,0.005670695290473038,1.0165007069064065,0.0,0.0,0.6794916566470544
2012-01-26,-0.0034851983702892664,1.0129580002992984,0.0,0.0,0.6783704065858421
2012-01-27,-0.0003084473517566133,1.0126455560866654,0.0,0.0,0.6782707737997963
2012-01-30,-0.0023142768507130596,1.0103020139182366,0.0,0.0,0.6775231518252318
2012-01-31,-0.0002572681864839721,1.0100420953513147,0.0,0.0,0.6774397700377504
2012-02-01,0.005910788592782046,1.016012240646747,1.1992879718506316e-06,0.002398575943701263,0.6769513761756469
2012-02-02,0.0010734431741468153,1.0171028720513187,0.0,0.0,0.6772972927416239
2012-02-03,0.009495655450546092,1.0267609304820788,0.0,0.0,0.6803320864731477
2012-02-06,-0.0004533575059679773,1.02629544070741,0.0,0.0,0.6801852581329931
2012-02-07,0.0017205778648821113,1.0280612619255207,0.0,0.0,0.6807340109834478
2012-02-08,0.0020210323383069717,1.030139006981633,0.0,0.0,0.6813772585655111
2012-02-09,0.0008574498425006905,1.0310222995109233,0.0,0.0,0.6816495738321203
2012-02-10,-0.005035139903749819,1.025830957989,0.0,0.0,0.6800377784260027
2012-02-13,0.005063467864561133,1.0310252200792491,0.0,0.0,0.6816476429344897
2012-02-14,-0.0008552311103552368,1.0301434552354765,0.0,0.0,0.6813743163160665
2012-02-15,-0.0031743504441638093,1.0268734189007973,0.0,0.0,0.6803587032391891
2012-02-16,0.007534663142192866,1.0346105642018868,0.0,0.0,0.6827481700226566
2012-02-17,0.001807397316247572,1.0364805165589868,0.0,0.0,0.6833197119666032
2012-02-21,0.0003031203367049873,1.0367946948821543,0.0,0.0,0.6834130748317256
2012-02-22,-0.0022029113592451077,1.0345107280715933,0.0,0.0,0.6827135140903441
2012-02-23,0.0030119555855716573,1.0376266284373423,0.0,0.0,0.6836656042939707
2012-02-24,0.0015021161379134007,1.0391852641410466,0.0,0.0,0.6841393275424755
2012-02-27,0.0011512614927735587,1.04038163811951,0.0,0.0,0.6845002153910265
2012-02-28,0.0019971243329675037,1.042459409604571,0.0,0.0,0.6851281897536884
2012-02-29,-0.002688636307125236,1.0396566153872038,0.0,0.0,0.6842785105257265
2012-03-01,0.004469660781878382,1.0443035277876205,9.867888979148265e-05,0.1973577795829653,0.8822609796362839
2012-03-02,-0.0026901456204936336,1.0414941992258766,0.0,0.0,0.8819431639093959
2012-03-05,-0.0035960662133940335,1.0377489171245946,0.0,0.0,0.8815165076260351
2012-03-06,-0.012892387248587767,1.0243698562182217,0.0,0.0,0.8799688245967641
2012-03-07,0.006138910519132956,1.0306583711040425,0.0,0.0,0.8807009606849233
2012-03-08,0.008762414364521742,1.039689426819919,0.0,0.0,0.8817369852568637
2012-03-09,0.0034107046625850845,1.0432355003956142,0.0,0.0,0.8821387323919572
2012-03-12,6.465750987683094e-05,1.043302953405285,0.0,0.0,0.8821455781176671
2012-03-13,0.015901614416125254,1.0598931546895405,0.0,0.0,0.8839900811153409
2012-03-14,-0.0009461626466037432,1.0588903233771823,0.0,0.0,0.8838799585753505
2012-03-15,0.005117125491192143,1.0643087980433124,0.0,0.0,0.8844708812384683
2012-03-16,0.0012252517498461124,1.0656128442604915,0.0,0.0,0.8846120233326651
2012-03-19,0.003468662388183663,1.0693090954537432,0.0,0.0,0.885010126186849
2012-03-20,-0.0025762279039126534,1.0665543115241276,0.0,0.0,0.8847128841832737
2012-03-21,-0.001448432416285561,1.065009479685587,0.0,0.0,0.8845453560774346
2012-03-22,-0.006371576786808331,1.0582236900070914,0.0,0.0,0.8838047403755216
2012-03-23,0.0028572074450059493,1.0612472546126612,0.0,0.0,0.884135566410087
2012-03-26,0.012410073462156834,1.0744174110039166,0.0,0.0,0.8855551690090316
2012-03-27,-0.0027516143479886512,1.0714610286400694,0.0,0.0,0.8852391721354823
2012-03-28,-0.004389164338238216,1.0667582101033504,0.0,0.0,0.8847329949491247
2012-03-29,-0.0015114338791990534,1.0651458756036865,0.0,0.0,0.8845582757280823
2012-03-30,0.0036585418289381,1.0690427563435034,0.0,0.0,0.8849789113578719
2012-04-02,0.007204081188030287,1.0767442271536778,5.359613015227305e-05,0.10719226030454611,0.9922803393442003
2012-04-03,-0.004057223311979774,1.0723756353742302,0.0,0.0,0.992248878632728
2012-04-04,-0.009834231159030482,1.0618296454866478,0.0,0.0,0.9921718791668529
2012-04-05,-0.0004964454030631504,1.0613025050403098,0.0,0.0,0.9921679759919787
2012-04-09,-0.011143359615850335,1.0494760295654428,0.0,0.0,0.9920796567183535
2012-04-10,-0.01665193579638624,1.0320002221012727,0.0,0.0,0.9919455177332349
2012-04-11,0.008029041431262707,1.0402861946415962,0.0,0.0,0.9920096538096719
2012-04-12,0.012961604970789242,1.053769973353106,0.0,0.0,0.9921118779368958
2012-04-13,-0.011795199696988168,1.0413405460827163,0.0,0.0,0.9920177068379837
2012-04-16,-0.0006503875022961791,1.0406632712059098,0.0,0.0,0.9920124593910125
2012-04-17,0.014693534870524605,1.055954293269848,0.0,0.0,0.9921281088959257
2012-04-18,-0.0033525370982633307,1.0524141673275904,0.0,0.0,0.9921016130967681
2012-04-19,-0.006370561592809354,1.0457096980534848,0.0,0.0,0.9920509591866703
2012-04-20,0.001656881305609259,1.0474423149032839,0.0,0.0,0.9920640938950025
2012-04-23,-0.00834171170162723,1.0387048530882756,0.0,0.0,0.9919972952710345
2012-04-24,0.0037706816978682056,1.0426214784673025,0.0,0.0,0.9920273422884028
2012-04-25,0.013582637947368914,1.0567830285254742,0.0,0.0,0.992134163633564
2012-04-26,0.006914559695545552,1.064090217861453,0.0,0.0,0.992188160757177
2012-04-27,0.0016275716648406213,1.0658221009488784,0.0,0.0,0.9922008362755615
2012-04-30,-0.0036752999337957837,1.061904885051823,0.0,0.0,0.9921720116203738
2012-05-01,0.006217051328029521,1.0685068022276754,3.912038170727693e-06,0.007824076341455386,1.0
2012-05-02,-0.0029847447078026335,1.0653175822044751,0.0,0.0,1.0
2012-05-03,-0.007625229644348086,1.0571942909960044,0.0,0.0,1.0
2012-05-04,-0.016158237544252052,1.0401118945116639,0.0,0.0,1.0
2012-05-07,0.0007302484325628633,1.040871434592321,0.0,0.0,1.0
2012-05-08,-0.0040118985029786725,1.0366955640420867,0.0,0.0,1.0
2012-05-09,-0.00593165500546422,1.030546243610494,0.0,0.0,1.0
2012-05-10,0.0020622594391694893,1.0326714973288804,0.0,0.0,1.0
2012-05-11,-0.003014170905198177,1.0295588489470042,0.0,0.0,1.0
2012-05-14,-0.011061088051065981,1.0181708078650473,0.0,0.0,1.0
2012-05-15,-0.005741460201005966,1.012325020693864,0.0,0.0,1.0
2012-05-16,-0.003824530153725081,1.00845335312685,0.0,0.0,1.0
2012-05-17,-0.014831026723371776,0.9934969544973519,0.0,0.0,1.0
2012-05-18,-0.00855875643818571,0.9849938560417297,0.0,0.0,1.0
2012-05-21,0.01718777067188082,1.0019237045525866,0.0,0.0,1.0
2012-05-22,0.0017429864440245968,1.0036700439875688,0.0,0.0,1.0
2012-05-23,0.0005298154654067577,1.0042018038990388,0.0,0.0,1.0
2012-05-24,0.00196563714142739,1.006175700262271,0.0,0.0,1.0
2012-05-25,-0.0032448594215962467,1.0029108015614938,0.0,0.0,1.0
2012-05-29,0.012112176193944446,1.0150582338968166,0.0,0.0,1.0
2012-05-30,-0.014510121654565555,1.0003296154365053,0.0,0.0,1.0
2012-05-31,-0.002201323010602274,0.998127566835858,0.0,0.0,1.0
2012-06-01,-0.025176480569598647,0.9729982275434342,0.0,0.0,1.0
2012-06-04,-0.0004679732033908701,0.9725428904459971,0.0,0.0,1.0
2012-06-05,0.007571952717703612,0.979906939228393,0.0,0.0,1.0
2012-06-06,0.02246822064708498,1.0019237045525862,0.0,0.0,1.0
2012-06-07,0.0006063465710335336,1.0025312175552787,0.0,0.0,1.0
2012-06-08,0.007951657650586919,1.0105030025813044,0.0,0.0,1.0
2012-06-11,-0.012697117332186258,0.997672527393003,0.0,0.0,1.0
2012-06-12,0.011490612673059175,1.009136395979828,0.0,0.0,1.0
2012-06-13,-0.006394874072112033,1.002683095805952,0.0,0.0,1.0
2012-06-14,0.010600653740872046,1.0133121921164165,0.0,0.0,1.0
2012-06-15,0.01022736535683677,1.0236757061257282,0.0,0.0,1.0
2012-06-18,0.0019380573295981751,1.0256596483311167,0.0,0.0,1.0
2012-06-19,0.009672703475675393,1.035580549976389,0.0,0.0,1.0
2012-06-20,-0.0016214517673608375,1.0339014060633853,0.0,0.0,1.0
2012-06-21,-0.022438573378851467,1.0107021334969344,0.0,0.0,1.0
2012-06-22,0.007701615679033269,1.0184861728951067,0.0,0.0,1.0
2012-06-25,-0.016034769215931943,1.002154982163116,0.0,0.0,1.0
2012-06-26,0.005025708463168854,1.00719152093838,0.0,0.0,1.0
2012-06-27,0.0090166721364211,1.0162730366612647,0.0,0.0,1.0
2012-06-28,-0.0028534652248846104,1.013373136892164,0.0,0.0,1.0
2012-06-29,0.024926515127761117,1.0386329977189732,0.0,0.0,1.0
2012-07-02,0.003012560718882007,1.0417619426892362,0.0,0.0,1.0
2012-07-03,0.006592898415948678,1.0486301733509877,0.0,0.0,1.0
2012-07-05,-0.004511951434252315,1.0438988049363365,0.0,0.0,1.0
2012-07-06,-0.009503771833059171,1.0339778288774184,0.0,0.0,1.0
2012-07-09,-0.0012549835361674866,1.032680203725415,0.0,0.0,1.0
2012-07-10,-0.00871954121634455,1.0236757061257282,0.0,0.0,1.0
2012-07-11,0.00014858366834324954,1.0238278076173382,0.0,0.0,1.0
2012-07-12,-0.004844968635260405,1.0188673940015247,0.0,0.0,1.0
2012-07-13,0.01677826149290862,1.0359622175646805,0.0,0.0,1.0
2012-07-16,-0.0023572602999496484,1.0335201849569675,0.0,0.0,1.0
2012-07-17,0.006866657743443527,1.0406170143380074,0.0,0.0,1.0
2012-07-18,0.007406703969180084,1.048324556508501,0.0,0.0,1.0
2012-07-19,0.0026204943284260374,1.0510716850631814,0.0,0.0,1.0
2012-07-20,-0.009147864697041208,1.0414566235013323,0.0,0.0,1.0
2012-07-23,-0.010112031676453803,1.0309253811348342,0.0,0.0,1.0
2012-07-24,-0.008586844664094095,1.0220729850267574,0.0,0.0,1.0
2012-07-25,0.00022380744812844355,1.0223017325733372,0.0,0.0,1.0
2012-07-26,0.016497774982630498,1.0391674365216854,0.0,0.0,1.0
2012-07-27,0.01843256263291071,1.0583219553814527,0.0,0.0,1.0
2012-07-30,0.0,1.0583219553814527,0.0,0.0,1.0
2012-07-31,-0.0069945125733108515,1.0509195091579262,0.0,0.0,1.0
2012-08-01,-0.0008713648522036266,1.050003774835151,0.0,0.0,1.0
2012-08-02,-0.006904711047183376,1.0427538021714624,0.0,0.0,1.0
2012-08-03,0.01983324267901554,1.0634349913843952,0.0,0.0,1.0
2012-08-06,0.0019376020757322365,1.065495505231108,0.0,0.0,1.0
2012-08-07,0.005013496478344592,1.070837363194276,0.0,0.0,1.0
2012-08-08,0.001211785464912074,1.0721349883462796,0.0,0.0,1.0
2012-08-09,0.0008539140050365379,1.0730504994281183,0.0,0.0,1.0
2012-08-10,0.0016357748991215892,1.0748057685005727,0.0,0.0,1.0
2012-08-13,-0.0004967575750337572,1.0742718505933802,0.0,0.0,1.0
2012-08-14,0.00014186273810312677,1.0744242497395724,0.0,0.0,1.0
2012-08-15,0.0011361953682567094,1.0756450055956692,0.0,0.0,1.0
2012-08-16,0.007378929131716339,1.0835821138628443,0.0,0.0,1.0
2012-08-17,0.0013377646214136618,1.0850316916791667,0.0,0.0,1.0
2012-08-20,7.036513400748845e-05,1.085108040079554,0.0,0.0,1.0
2012-08-21,-0.0030237734440505815,1.0818269192040357,0.0,0.0,1.0
2012-08-22,0.0004229599935836603,1.082284488710841,0.0,0.0,1.0
2012-08-23,-0.008179980331633918,1.0734314228799537,0.0,0.0,1.0
2012-08-24,0.006043592059338465,1.0799188045035155,0.0,0.0,1.0
2012-08-27,0.00021216374217436496,1.0801479241183234,0.0,0.0,1.0
2012-08-28,-0.0009895659488455832,1.0790790465128997,0.0,0.0,1.0
2012-08-29,0.0007782173079253774,1.0799188045035155,0.0,0.0,1.0
2012-08-30,-0.0072077790707737455,1.07213498834628,0.0,0.0,1.0
2012-08-31,0.004768744984478435,1.0772477266946403,0.0,0.0,1.0
2012-09-04,-0.0009205966560519308,1.0762560160397057,0.0,0.0,1.0
2012-09-05,-0.0008511974635684316,1.0753399096487024,0.0,0.0,1.0
2012-09-06,0.020296878182124,1.0971659527992184,0.0,0.0,1.0
2012-09-07,0.0038951719834645626,1.101439602879773,0.0,0.0,1.0
2012-09-10,-0.005681622794213692,1.0951816385256017,0.0,0.0,1.0
2012-09-11,0.0027870252823105623,1.098233937440895,0.0,0.0,1.0
2012-09-12,0.00333583991112385,1.101897470041161,0.0,0.0,1.0
2012-09-13,0.015236497360095802,1.1186865279345395,0.0,0.0,1.0
2012-09-14,0.00443380824183448,1.123646569482125,0.0,0.0,1.0
2012-09-17,-0.0033956275649407175,1.1198310842175403,0.0,0.0,1.0
2012-09-18,-0.0008175439088459191,1.118915573135702,0.0,0.0,1.0
2012-09-19,0.0005452757070660841,1.1195256906159907,0.0,0.0,1.0
2012-09-20,6.839650216705628e-05,1.119602262257315,0.0,0.0,1.0
2012-09-21,-0.00041832666939534136,1.1191339027718974,0.0,0.0,1.0
2012-09-24,-0.0015079760021766697,1.117446275703295,0.0,0.0,1.0
2012-09-25,-0.01064176281249829,1.105554677481551,0.0,0.0,1.0
2012-09-26,-0.005621166380749609,1.0993401706964112,0.0,0.0,1.0
2012-09-27,0.009420939084438862,1.1096969874776188,0.0,0.0,1.0
2012-09-28,-0.004631938460948226,1.1045569393213228,0.0,0.0,1.0
2012-10-01,0.0026395439935114062,1.1074724659559998,0.0,0.0,1.0
2012-10-02,0.001039330823610518,1.1086234962261678,0.0,0.0,1.0
2012-10-03,0.00408266250488909,1.1131496318062495,0.0,0.0,1.0
2012-10-04,0.007168353115811321,1.1211290814377721,0.0,0.0,1.0
2012-10-05,6.816593673142357e-05,1.1212055042518052,0.0,0.0,1.0
2012-10-08,-0.0034212056477901376,1.1173696296483255,0.0,0.0,1.0
2012-10-09,-0.009887480765907286,1.1063216589267688,0.0,0.0,1.0
2012-10-10,-0.006379821120174101,1.0992635246414417,0.0,0.0,1.0
2012-10-11,0.0005581377842829305,1.099877065149428,0.0,0.0,1.0
2012-10-12,-0.0032786934047188687,1.0962709054699211,0.0,0.0,1.0
2012-10-15,0.008328535427550854,1.1054012365443207,0.0,0.0,1.0
2012-10-16,0.010133142652226201,1.1166024249621715,0.0,0.0,1.0
2012-10-17,0.004534850748183494,1.1216660503044347,0.0,0.0,1.0
2012-10-18,-0.0025994149160323277,1.1187503748424663,0.0,0.0,1.0
2012-10-19,-0.016664593616824597,1.1001068544870465,0.0,0.0,1.0
2012-10-22,0.0001399517075291179,1.1002608163197964,0.0,0.0,1.0
2012-10-23,-0.013876207751522873,1.0849933686516828,0.0,0.0,1.0
2012-10-24,-0.0028288331663303135,1.0819241034251925,0.0,0.0,1.0
2012-10-25,0.0029076317440892563,1.0850699402930069,0.0,0.0,1.0
2012-10-26,-0.0005660558900297818,1.0844557300622097,0.0,0.0,1.0
2012-10-31,0.0,1.0844557300622097,0.0,0.0,1.0
2012-11-01,0.010470828763060158,1.0958108803128106,0.0,0.0,1.0
2012-11-02,-0.00889158858449779,1.0860673807986527,0.0,0.0,1.0
2012-11-05,0.0020485778591481374,1.0882922743885,0.0,0.0,1.0
2012-11-06,0.007825419958369606,1.0968086184730392,0.0,0.0,1.0
2012-11-07,-0.022664231823551484,1.071950293677897,0.0,0.0,1.0
2012-11-08,-0.01202405338260415,1.0590611061232158,0.0,0.0,1.0
2012-11-09,0.0008695846468562696,1.0599820494011831,0.0,0.0,1.0
2012-11-12,0.0007959586809129782,1.0608257513150159,0.0,0.0,1.0
2012-11-13,-0.0034712197060058347,1.0571433920624127,0.0,0.0,1.0
2012-11-14,-0.013498789376073739,1.042873236072654,0.0,0.0,1.0
2012-11-15,-0.0016920994141587098,1.0411085908808537,0.0,0.0,1.0
2012-11-16,0.004937162765694669,1.0462487134507956,0.0,0.0,1.0
2012-11-19,0.020239327380898287,1.06742408368417,0.0,0.0,1.0
2012-11-20,0.000430967564009066,1.06788410884128,0.0,0.0,1.0
2012-11-21,0.0018683475569640784,1.0698792875071543,0.0,0.0,1.0
2012-11-23,0.013624380549528192,1.08445573006221,0.0,0.0,1.0
2012-11-26,-0.0021220248336946135,1.0821544880719756,0.0,0.0,1.0
2012-11-27,-0.005104789986810965,1.0766303166770832,0.0,0.0,1.0
2012-11-28,0.008052634663755942,1.0853000272852076,0.0,0.0,1.0
2012-11-29,0.004665645641721117,1.0903636526274707,0.0,0.0,1.0
2012-11-30,0.0002110868289599832,1.0905938140333171,0.0,0.0,1.0
2012-12-03,-0.004923978722189193,1.0852237532984659,0.0,0.0,1.0
2012-12-04,-0.0014142534531439432,1.0836889718579297,0.0,0.0,1.0
2012-12-05,0.001769341993887119,1.0856063882641502,0.0,0.0,1.0
2012-12-06,0.003392669229727252,1.0892894916532094,0.0,0.0,1.0
2012-12-07,0.003028629753052625,1.092588546217318,0.0,0.0,1.0
2012-12-10,0.00042124585658553926,1.0930487946153649,0.0,0.0,1.0
2012-12-11,0.006808306343422332,1.1004906056574149,0.0,0.0,1.0
2012-12-12,0.0004879358932297073,1.1010275745240772,0.0,0.0,1.0
2012-12-13,-0.006131301042359816,1.0942768430087308,0.0,0.0,1.0
2012-12-14,-0.003716204844163573,1.0902102861038858,0.0,0.0,1.0
2012-12-17,0.011752426184810538,1.1030229020172428,0.0,0.0,1.0
2012-12-18,0.011128690566960753,1.1152981025820639,0.0,0.0,1.0
2012-12-19,-0.007429300744731471,1.1070122175579533,0.0,0.0,1.0
2012-12-20,0.0057520373787649515,1.1133797932120961,0.0,0.0,1.0
2012-12-21,-0.009077038836554197,1.1032736015892752,0.0,0.0,1.0
2012-12-24,-0.0030816336482640816,1.0998737165353762,0.0,0.0,1.0
2012-12-26,-0.004214866874263978,1.0952378952416777,0.0,0.0,1.0
2012-12-27,-0.0013401058822251066,1.0937701604958285,0.0,0.0,1.0
2012-12-28,-0.010808370042254767,1.0819482878600133,0.0,0.0,1.0
2012-12-31,0.016996833967587444,1.1003379832702855,0.0,0.0,1.0
2013-01-02,0.025630196492447244,1.128539861989606,0.0,0.0,1.0
2013-01-03,-0.002259694779656707,1.1259897063548336,0.0,0.0,1.0
2013-01-04,0.004391106100223308,1.130934046623197,0.0,0.0,1.0
2013-01-07,-0.0027322125717176293,1.1278440944032295,0.0,0.0,1.0
2013-01-08,-0.0028770655857602856,1.124599212973119,0.0,0.0,1.0
2013-01-09,0.0025420158489397604,1.127457961996202,0.0,0.0,1.0
2013-01-10,0.007949587709931816,1.1364207879543518,0.0,0.0,1.0
2013-01-11,-6.803446276215652e-05,1.1363434721765715,0.0,0.0,1.0
2013-01-14,-0.0006799980066315436,1.1355707608806427,0.0,0.0,1.0
2013-01-15,0.0006804607185635358,1.1363434721765713,0.0,0.0,1.0
2013-01-16,-0.00013601269836027718,1.1361889150346565,0.0,0.0,1.0
2013-01-17,0.006460597845663996,1.1435293746913966,0.0,0.0,1.0
2013-01-18,0.0022294237076370127,1.1460787861897128,0.0,0.0,1.0
2013-01-22,0.005393514640819719,1.15226017890256,0.0,0.0,1.0
2013-01-23,0.0016092192154646412,1.1541144181236647,0.0,0.0,1.0
2013-01-24,0.0002677078214141648,1.1544233835802031,0.0,0.0,1.0
2013-01-25,0.00562216450368247,1.1609137417495887,0.0,0.0,1.0
2013-01-28,-0.0011982064017412863,1.159522727472355,0.0,0.0,1.0
2013-01-29,0.003932069598979515,1.1640820515383747,0.0,0.0,1.0
2013-01-30,-0.003916668983938609,1.1595227274723547,0.0,0.0,1.0
2013-01-31,-0.002465132323094643,1.1566643505174998,0.0,0.0,1.0
2013-02-01,0.01028705303552635,1.168563018035576,0.0,0.0,1.0
2013-02-04,-0.01124047130048822,1.1554278189685352,0.0,0.0,1.0
2013-02-05,0.010097509540740957,1.1670947623942074,0.0,0.0,1.0
2013-02-06,0.0007287099411172893,1.16794523594979,0.0,0.0,1.0
2013-02-07,-0.0013231341082143855,1.1663998877715782,0.0,0.0,1.0
2013-02-08,0.0055640537653953714,1.1728897994590903,0.0,0.0,1.0
2013-02-11,-0.00019756680679694494,1.1726580753666864,0.0,0.0,1.0
2013-02-12,0.0016472865081085253,1.1745897791928626,0.0,0.0,1.0
2013-02-13,0.0008552005302382426,1.1755942889948408,0.0,0.0,1.0
2013-02-14,0.0009198573929867226,1.1766756680927257,0.0,0.0,1.0
2013-02-15,-0.0011816501401126223,1.1752852491246568,0.0,0.0,1.0
2013-02-19,0.00749438962316451,1.184093294699955,0.0,0.0,1.0
2013-02-20,-0.012463177888520804,1.1693357293315048,0.0,0.0,1.0
2013-02-21,-0.006079166623180976,1.1622271425944597,0.0,0.0,1.0
2013-02-22,0.009772469361271519,1.1735849717363023,0.0,0.0,1.0
2013-02-25,-0.019026638536731144,1.1512555946869358,0.0,0.0,1.0
2013-02-26,0.006845505030435017,1.1591365206516817,0.0,0.0,1.0
2013-02-27,0.012598306406234494,1.1737396777055082,0.0,0.0,1.0
2013-02-28,-0.0019744911266453835,1.171422139126887,0.0,0.0,1.0
2013-03-01,0.00329779493552107,1.175285249124657,0.0,0.0,1.0
2013-03-04,0.00532545757400249,1.1815441808562213,0.0,0.0,1.0
2013-03-05,0.008958400328302085,1.192128926633907,0.0,0.0,1.0
2013-03-06,0.001361148043419913,1.193751590589899,0.0,0.0,1.0
2013-03-07,0.0018123555597999719,1.1959150929221247,0.0,0.0,1.0
2013-03-08,0.004264465957073416,1.2010150321234414,0.0,0.0,1.0
2013-03-11,0.003795234302464534,1.205573165571132,0.0,0.0,1.0
2013-03-12,-0.002243260881494069,1.2028687504490272,0.0,0.0,1.0
2013-03-13,0.0014131474492511398,1.204568581355508,0.0,0.0,1.0
2013-03-14,0.0053244271850034774,1.2109822190562785,0.0,0.0,1.0
2013-03-15,-0.0013204775472115404,1.2093831442259422,0.0,0.0,1.0
2013-03-18,-0.005519201775467608,1.2027083146291098,0.0,0.0,1.0
2013-03-19,-0.002322046073403472,1.1999155705096756,0.0,0.0,1.0
2013-03-20,0.006984832191623713,1.208296779413802,0.0,0.0,1.0
2013-03-21,-0.008542719138393218,1.1979746393914448,0.0,0.0,1.0
2013-03-22,0.008033241117676893,1.2075982585225382,0.0,0.0,1.0
2013-03-25,-0.004177855278067799,1.2025530877643844,0.0,0.0,1.0
2013-03-26,0.008002965771110482,1.212177078963706,0.0,0.0,1.0
2013-03-27,0.0,1.212177078963706,0.0,0.0,1.0
2013-03-28,0.0030731661051159875,1.2159023004761758,0.0,0.0,1.0
2013-04-01,-0.003957642993392185,1.2110901932560467,0.0,0.0,1.0
2013-04-02,0.004934652050563759,1.2170665019616154,0.0,0.0,1.0
2013-04-03,-0.01013902363014696,1.2047266359387663,0.0,0.0,1.0
2013-04-04,0.004058286085388385,1.2096157612820932,0.0,0.0,1.0
2013-04-05,-0.004491028923190865,1.2041833419122279,0.0,0.0,1.0
2013-04-08,0.006766964778536888,1.2123320081738487,0.0,0.0,1.0
2013-04-09,0.003456770299801848,1.2165227614532033,0.0,0.0,1.0
2013-04-10,0.012249119378541229,1.2314240939849561,0.0,0.0,1.0
2013-04-11,0.003276758959375181,1.2354591739177119,0.0,0.0,1.0
2013-04-12,-0.0024495577165706273,1.2324328453647337,0.0,0.0,1.0
2013-04-15,-0.023173581323904457,1.203872962596423,0.0,0.0,1.0
2013-04-16,0.014762715645407765,1.2216453968164287,0.0,0.0,1.0
2013-04-17,-0.014611845778455645,1.2037949026821868,0.0,0.0,1.0
2013-04-18,-0.006253665681898446,1.196266771811239,0.0,0.0,1.0
2013-04-19,0.008693382506715253,1.2066663764386676,0.0,0.0,1.0
2013-04-22,0.004438055558638965,1.2120216288580439,0.0,0.0,1.0
2013-04-23,0.010309114416060305,1.2245164985046813,0.0,0.0,1.0
2013-04-24,0.000634133058070363,1.2252930048965356,0.0,0.0,1.0
2013-04-25,0.004053936202490727,1.2302602645677443,0.0,0.0,1.0
2013-04-26,-0.001766678013859213,1.2280867908070079,0.0,0.0,1.0
2013-04-29,0.0066985120019273925,1.2363131449146372,0.0,0.0,1.0
2013-04-30,0.002385629284585189,1.239262529758063,0.0,0.0,1.0
2013-05-01,-0.00876742105357975,1.2283973933637498,0.0,0.0,1.0
2013-05-02,0.009287005026142436,1.2398055261300192,0.0,0.0,1.0
2013-05-03,0.010141229843568134,1.2523786789318296,0.0,0.0,1.0
2013-05-06,0.002540469496065345,1.2555603087631786,0.0,0.0,1.0
2013-05-07,0.0050685378690662475,1.2619241637350413,0.0,0.0,1.0
2013-05-08,0.0045512988497151685,1.2676675577298764,0.0,0.0,1.0
2013-05-09,-0.002816250238180107,1.2640974886684864,0.0,0.0,1.0
2013-05-10,0.003254168579354122,1.2682110749973519,0.0,0.0,1.0
2013-05-13,0.0007952954932903822,1.269219677549838,0.0,0.0,1.0
2013-05-14,0.010334026020685894,1.2823358267236047,0.0,0.0,1.0
2013-05-15,0.005386322709553637,1.2892429013083602,0.0,0.0,1.0
2013-05-16,-0.004695199336740896,1.2831896488932393,0.0,0.0,1.0
2013-05-17,0.009676867503556341,1.295606905107514,0.0,0.0,1.0
2013-05-20,-5.973277166160251e-05,1.2955295149160881,0.0,0.0,1.0
2013-05-21,0.0014374631171181207,1.297391790810918,0.0,0.0,1.0
2013-05-22,-0.007417666120022481,1.2877681716798246,0.0,0.0,1.0
2013-05-23,-0.002892600045141691,1.2840431734082915,0.0,0.0,1.0
2013-05-24,-0.0008461080190176329,1.2829567341825059,0.0,0.0,1.0
2013-05-28,0.005988673431982505,1.2906399430908877,0.0,0.0,1.0
2013-05-29,-0.006494877517638553,1.2822573947411404,0.0,0.0,1.0
2013-05-30,0.0036927758158002977,1.2869924838380715,0.0,0.0,1.0
2013-05-31,-0.01435203029017329,1.2685215287268021,0.0,0.0,1.0
2013-06-03,0.005505753716776862,1.2755056958484012,0.0,0.0,1.0
2013-06-04,-0.004806090748654457,1.269375499723728,0.0,0.0,1.0
2013-06-05,-0.014001455004200247,1.2516023957809121,0.0,0.0,1.0
2013-06-06,0.009053048337622771,1.2629332127694013,0.0,0.0,1.0
2013-06-07,0.012720751533897845,1.2789986723729483,0.0,0.0,1.0
2013-06-10,0.0,1.2789986723729483,0.0,0.0,1.0
2013-06-11,-0.01031575505492599,1.2658048353531735,0.0,0.0,1.0
2013-06-12,-0.008276825699310875,1.2553279893616103,0.0,0.0,1.0
2013-06-13,0.015208190546850187,1.274419256622616,0.0,0.0,1.0
2013-06-14,-0.006272279525754598,1.2664257428120747,0.0,0.0,1.0
2013-06-17,0.007721492731831425,1.2762044399806023,0.0,0.0,1.0
2013-06-18,0.007905708058359773,1.2862937397058714,0.0,0.0,1.0
2013-06-19,-0.013816603805544947,1.2685215287268026,0.0,0.0,1.0
2013-06-20,-0.024778238194007707,1.2370898001337831,0.0,0.0,1.0
2013-06-21,0.0032102615765572384,1.2410611819859034,0.0,0.0,1.0
2013-06-24,-0.012636385063776956,1.2253786550026233,0.0,0.0,1.0
2013-06-25,0.009613944099403415,1.2371593768924207,0.0,0.0,1.0
2013-06-26,0.009901273572538338,1.2494088303358637,0.0,0.0,1.0
2013-06-27,0.0058694286199267864,1.2567421462826263,0.0,0.0,1.0
2013-06-28,-0.004096728455494025,1.2515936149707316,0.0,0.0,1.0
2013-07-01,0.005859539662806279,1.2589273773993677,0.0,0.0,1.0
2013-07-02,-0.0009300173472411855,1.2577565530994694,0.0,0.0,1.0
2013-07-03,0.00043449887973356915,1.2583030469127687,0.0,0.0,1.0
2013-07-05,0.010788799292046125,1.2718786259344808,0.0,0.0,1.0
2013-07-08,0.005704537465697435,1.2791341052079437,0.0,0.0,1.0
2013-07-09,0.007197529190767993,1.2883407102690847,0.0,0.0,1.0
2013-07-10,0.00036376801281234883,1.2888093674090846,0.0,0.0,1.0
2013-07-11,0.01361988460425878,1.3063628022700842,0.0,0.0,1.0
2013-07-12,0.0004183323440851705,1.3069092960833835,0.0,0.0,1.0
2013-07-15,0.003820810892864124,1.3119027493578443,0.0,0.0,1.0
2013-07-16,-0.0037464829572178004,1.306987728065848,0.0,0.0,1.0
2013-07-17,0.002566640123462971,1.3103422952095756,0.0,0.0,1.0
2013-07-18,0.005478025938931541,1.3175203842916128,0.0,0.0,1.0
2013-07-19,0.001776298250925068,1.3198606934457882,0.0,0.0,1.0
2013-07-22,0.0019506326109373084,1.3224352567563178,0.0,0.0,1.0
2013-07-23,-0.0021236358987424264,1.3196268857713074,0.0,0.0,1.0
2013-07-24,-0.0036654571406208314,1.3147898499799018,0.0,0.0,1.0
2013-07-25,0.0024323285074265844,1.317987850813283,0.0,0.0,1.0
2013-07-26,0.0010659655383729039,1.319392780442244,0.0,0.0,1.0
2013-07-29,-0.003074923569650112,1.315335748484036,0.0,0.0,1.0
2013-07-30,0.0,1.315335748484036,0.0,0.0,1.0
2013-07-31,0.0007118125467513448,1.3162720209729974,0.0,0.0,1.0
2013-08-01,0.011558076101512604,1.3314855931616951,0.0,0.0,1.0
2013-08-02,0.0016990973580215396,1.33374791681528,0.0,0.0,1.0
2013-08-05,-0.0014621083729946527,1.3317978328186402,0.0,0.0,1.0
2013-08-06,-0.005682556615198231,1.3242298162336499,0.0,0.0,1.0
2013-08-07,-0.0032407025496974384,1.3199383812917962,0.0,0.0,1.0
2013-08-08,0.0036649303799658473,1.3247758635650755,0.0,0.0,1.0
2013-08-09,-0.0028853787666275332,1.3209533834178042,0.0,0.0,1.0
2013-08-12,-0.0011814216876618877,1.319392780442244,0.0,0.0,1.0
2013-08-13,0.0029567093399731625,1.3232938413992708,0.0,0.0,1.0
2013-08-14,-0.005129746218652365,1.3165056798201868,0.0,0.0,1.0
2013-08-15,-0.013985861411810352,1.2980932138343606,0.0,0.0,1.0
2013-08-16,-0.0033056088840531794,1.2938022253743806,0.0,0.0,1.0
2013-08-19,-0.006392269552470964,1.2855318928022008,0.0,0.0,1.0
2013-08-20,0.00491563594795541,1.2918510995867025,0.0,0.0,1.0
2013-08-21,-0.006159763775109739,1.2838936019806326,0.0,0.0,1.0
2013-08-22,0.009115035989861742,1.2955963383698392,0.0,0.0,1.0
2013-08-23,0.0033722870762040724,1.2999654611577012,0.0,0.0,1.0
2013-08-26,-0.003721010106214062,1.2951282765390042,0.0,0.0,1.0
2013-08-27,-0.01608416608032237,1.2742972182438292,0.0,0.0,1.0
2013-08-28,0.0035512840951361646,1.2788226096874549,0.0,0.0,1.0
2013-08-29,0.0015857716735512284,1.280850530357394,0.0,0.0,1.0
2013-08-30,-0.0031674515191683073,1.276793498399186,0.0,0.0,1.0
2013-09-03,0.004521957499147966,1.2825671043341356,0.0,0.0,1.0
2013-09-04,0.008272971987585809,1.293177746060491,0.0,0.0,1.0
2013-09-05,0.0012672173708789813,1.2948164833639328,0.0,0.0,1.0
2013-09-06,0.0004818319914374758,1.295440367368658,0.0,0.0,1.0
2013-09-09,0.009575819822800646,1.307845270917763,0.0,0.0,1.0
2013-09-10,0.007397750780610668,1.3175203842916128,0.0,0.0,1.0
2013-09-11,0.0031378068562288863,1.3216545087866642,0.0,0.0,1.0
2013-09-12,-0.00265583148977222,1.3181444171236292,0.0,0.0,1.0
2013-09-13,0.002249213689752505,1.3211092055916944,0.0,0.0,1.0
2013-09-16,0.00578756249159329,1.3287552076772755,0.0,0.0,1.0
2013-09-17,0.0044621691188864165,1.3346843381315325,0.0,0.0,1.0
2013-09-18,0.011574253725018968,1.3501323133038758,0.0,0.0,1.0
2013-09-19,-0.0016758515338621827,1.3478696919957087,0.0,0.0,1.0
2013-09-20,-0.0069911422638265774,1.3384465432258665,0.0,0.0,1.0
2013-09-23,-0.0046280075349537375,1.3322522025386845,0.0,0.0,1.0
2013-09-24,-0.00235341667126554,1.3291168579948998,0.0,0.0,1.0
2013-09-25,-0.0028903996249299846,1.3252751791270632,0.0,0.0,1.0
2013-09-26,0.003844898687065612,1.3303707279232895,0.0,0.0,1.0
2013-09-27,-0.00459636309288336,1.3242558610096105,0.0,0.0,1.0
2013-09-30,-0.005327976586033234,1.317200256788234,0.0,0.0,1.0
2013-10-01,0.007915911015036414,1.3276270968099526,0.0,0.0,1.0
2013-10-02,-0.0009450048645891496,1.3263724827451069,0.0,0.0,1.0
2013-10-03,-0.009220661345920811,1.314142451263166,0.0,0.0,1.0
2013-10-04,0.007576458527723151,1.324098997044682,0.0,0.0,1.0
2013-10-07,-0.008644825384350852,1.3126523924236366,0.0,0.0,1.0
2013-10-08,-0.011646183417156286,1.297365001898502,0.0,0.0,1.0
2013-10-09,0.0007248844016440881,1.298305441551617,0.0,0.0,1.0
2013-10-10,0.021557570861749253,1.3262937531080607,0.0,0.0,1.0
2013-10-11,0.006443826774675365,1.3348401603054232,0.0,0.0,1.0
2013-10-14,0.003993397297708645,1.3401707073944598,0.0,0.0,1.0
2013-10-15,-0.007253962077417575,1.3304491599057544,0.0,0.0,1.0
2013-10-16,0.013965913948027042,1.349030098385223,0.0,0.0,1.0
2013-10-17,0.006683067825779876,1.35804575803175,0.0,0.0,1.0
2013-10-18,0.006754317654245279,1.3672184304704968,0.0,0.0,1.0
2013-10-21,5.758380321108092e-05,1.3672971601075437,0.0,0.0,1.0
2013-10-22,0.005791138482705183,1.375215367308736,0.0,0.0,1.0
2013-10-23,-0.00478834987095722,1.3686303549821448,0.0,0.0,1.0
2013-10-24,0.003322278644703358,1.3731773263829947,0.0,0.0,1.0
2013-10-25,0.004568180217088491,1.379450247879932,0.0,0.0,1.0
2013-10-28,0.0015904973233318298,1.3816442598068543,0.0,0.0,1.0
2013-10-29,0.005334279236769657,1.389014336094544,0.0,0.0,1.0
2013-10-30,-0.004966965825363601,1.3821151493562223,0.0,0.0,1.0
2013-10-31,-0.0028362050910415437,1.3781951873332126,0.0,0.0,1.0
2013-11-01,0.0023892144219785916,1.3814879911510904,0.0,0.0,1.0
2013-11-04,0.003518236645745132,1.3863483928272151,0.0,0.0,1.0
2013-11-05,-0.0031667770424284036,1.3819581365640023,0.0,0.0,1.0
2013-11-06,0.005105943041144201,1.389014336094544,0.0,0.0,1.0
2013-11-07,-0.012643867575293122,1.3714518227687809,0.0,0.0,1.0
2013-11-08,0.013491616328755951,1.3899549245749503,0.0,0.0,1.0
2013-11-11,0.0001693902230361921,1.3901903693496342,0.0,0.0,1.0
2013-11-12,-0.002030518477536103,1.387367562117377,0.0,0.0,1.0
2013-11-13,0.00802478267263984,1.3985008852904393,0.0,0.0,1.0
2013-11-14,0.004988930278847947,1.4054779087020604,0.0,0.0,1.0
2013-11-15,0.00435116211004094,1.4115933709249044,0.0,0.0,1.0
2013-11-18,-0.003498975990468889,1.4066542396117332,0.0,0.0,1.0
2013-11-19,-0.0021739204036400617,1.4035962852593744,0.0,0.0,1.0
2013-11-20,-0.003127862555151628,1.3992060289961616,0.0,0.0,1.0
2013-11-21,0.008068570028193278,1.4104956208249875,0.0,0.0,1.0
2013-11-22,0.005002638382113123,1.417551820355529,0.0,0.0,1.0
2013-11-25,-0.000995610306598227,1.416140491153046,0.0,0.0,1.0
2013-11-26,0.0002768165217215124,1.416532502238076,0.0,0.0,1.0
2013-11-27,0.0024349750503311895,1.4199817235390089,0.0,0.0,1.0
2013-11-29,-0.0006623947793230611,1.4190411350586025,0.0,0.0,1.0
2013-12-02,-0.0025965886291694495,1.4153564689829856,0.0,0.0,1.0
2013-12-03,-0.004320582625135905,1.409241304414724,0.0,0.0,1.0
2013-12-04,-0.00011120532526698312,1.409084589277087,0.0,0.0,1.0
2013-12-05,-0.004395475330479126,1.402890992726361,0.0,0.0,1.0
2013-12-06,0.011177447953608866,1.4185717337821466,0.0,0.0,1.0
2013-12-09,0.0025419486041471373,1.4221776702207167,0.0,0.0,1.0
2013-12-10,-0.0035834432218946333,1.4170813772880344,0.0,0.0,1.0
2013-12-11,-0.011230826589929244,1.4011663820758944,0.0,0.0,1.0
2013-12-12,-0.0033012155228507867,1.3965408298652888,0.0,0.0,1.0
2013-12-13,-0.00011253635851515842,1.396383668245778,0.0,0.0,1.0
2013-12-16,0.006231869322056216,1.4050857487897392,0.0,0.0,1.0
2013-12-17,-0.0031805787683126807,1.40061676288948,0.0,0.0,1.0
2013-12-18,0.017072961584083224,1.424529439076315,0.0,0.0,1.0
2013-12-19,-0.0011556991734483768,1.4228831115810217,0.0,0.0,1.0
2013-12-20,0.005816665068097526,1.431159546072141,0.0,0.0,1.0
2013-12-23,0.005342834478825553,1.4388059946395955,0.0,0.0,1.0
2013-12-24,0.002191438597826778,1.4419590496310333,0.0,0.0,1.0
2013-12-26,0.005083803910656437,1.449289686686554,0.0,0.0,1.0
2013-12-27,-5.452829227658995e-05,1.4492106593949248,0.0,0.0,1.0
2013-12-30,-0.00016277223399396856,1.4489747681383671,0.0,0.0,1.0
2013-12-31,0.004732769731309094,1.455832432062443,0.0,0.0,1.0
2014-01-02,-0.009583801964950678,1.441880022339404,0.0,0.0,1.0
2014-01-03,-0.00016380621652334337,1.441643833428264,0.0,0.0,1.0
2014-01-06,-0.00289779067978857,1.437466251364181,0.0,0.0,1.0
2014-01-07,0.0061414570611537656,1.4462943886237918,0.0,0.0,1.0
2014-01-08,0.00021784456743811909,1.4466094559992697,0.0,0.0,1.0
2014-01-09,0.0006541115250890961,1.4475556999167416,0.0,0.0,1.0
2014-01-10,0.0027229976765330566,1.451497390724267,0.0,0.0,1.0
2014-01-13,-0.013305173498174616,1.4321849661085329,0.0,0.0,1.0
2014-01-14,0.010897281488546184,1.4477918888278816,0.0,0.0,1.0
2014-01-15,0.005390111019736743,1.4555956478421381,0.0,0.0,1.0
2014-01-16,-0.0012998399355448331,1.4537036064890676,0.0,0.0,1.0
2014-01-17,-0.004229133466329249,1.4475556999167412,0.0,0.0,1.0
2014-01-21,0.0029405496147449917,1.4518123092724533,0.0,0.0,1.0
2014-01-22,0.0006516648771595079,1.452758404362634,0.0,0.0,1.0
2014-01-23,-0.00819352117648231,1.4408551976121762,0.0,0.0,1.0
2014-01-24,-0.021336190223078644,1.4101128370320113,0.0,0.0,1.0
2014-01-27,-0.00491892886276446,1.4031765922981798,0.0,0.0,1.0
2014-01-28,0.005955100119099832,1.4115326493900928,0.0,0.0,1.0
2014-01-29,-0.009605069057323501,1.397974780816034,0.0,0.0,1.0
2014-01-30,0.010600037111680782,1.4127933653738778,0.0,0.0,1.0
2014-01-31,-0.005858521972038289,1.404516484400885,0.0,0.0,1.0
2014-02-03,-0.02250534691133743,1.372907353676751,0.0,0.0,1.0
2014-02-04,0.007004568970115033,1.382523977925158,0.0,0.0,1.0
2014-02-05,-0.001253572331285091,1.3807908841190928,0.0,0.0,1.0
2014-02-06,0.013186521340657231,1.3989987125795142,0.0,0.0,1.0
2014-02-07,0.01239586734210274,1.4163405150324224,0.0,0.0,1.0
2014-02-10,0.0018367765538205294,1.41894201608266,0.0,0.0,1.0
2014-02-11,0.010943920340267255,1.4344708044741268,0.0,0.0,1.0
2014-02-12,0.0004941643885616465,1.4351796688621292,0.0,0.0,1.0
2014-02-13,0.005163193842411706,1.4425897796911527,0.0,0.0,1.0
2014-02-14,0.005518698662938304,1.4505509979795026,0.0,0.0,1.0
2014-02-18,0.001195501295382817,1.4522851335766058,0.0,0.0,1.0
2014-02-19,-0.006621924084084685,1.4426682116736167,0.0,0.0,1.0
2014-02-20,0.005901229608525238,1.4511817280396233,0.0,0.0,1.0
2014-02-21,-0.0011405244935864811,1.449526619734149,0.0,0.0,1.0
2014-02-24,0.005546294448181666,1.457566121177672,0.0,0.0,1.0
2014-02-25,-0.00037850959930785244,1.4570144184091804,0.0,0.0,1.0
2014-02-26,5.42391966960043e-05,1.4570934457008096,0.0,0.0,1.0
2014-02-27,0.005247434272757756,1.4647394477863906,0.0,0.0,1.0
2014-02-28,0.002529396332446421,1.4684443543736112,0.0,0.0,1.0
2014-03-03,-0.007032292641318771,1.4581178239461636,0.0,0.0,1.0
2014-03-04,0.014055693653671986,1.4786126813905098,0.0,0.0,1.0
2014-03-05,0.000906181936330519,1.479952573493215,0.0,0.0,1.0
2014-03-06,0.0022905052989241614,1.4833424127049577,0.0,0.0,1.0
2014-03-07,0.00042460667946842,1.483972249801331,0.0,0.0,1.0
2014-03-10,-0.0005305330814454612,1.4831849534308643,0.0,0.0,1.0
2014-03-11,-0.004942797943328858,1.47585386989347,0.0,0.0,1.0
2014-03-12,0.0002674316098112417,1.4762485598697417,0.0,0.0,1.0
2014-03-13,-0.011213800782038374,1.4596942026145914,0.0,0.0,1.0
2014-03-14,-0.0028078173942956974,1.4555956478421375,0.0,0.0,1.0
2014-03-17,0.009043871770529677,1.4687598682309628,0.0,0.0,1.0
2014-03-18,0.007137987582795491,1.4792438579325038,0.0,0.0,1.0
2014-03-19,-0.005329030160175718,1.4713609227993267,0.0,0.0,1.0
2014-03-20,0.005839254366999391,1.4799525734932149,0.0,0.0,1.0
2014-03-21,-0.0038781813607151605,1.474213049007951,0.0,0.0,1.0
2014-03-24,-0.0041356700888968145,1.4681161901965074,0.0,0.0,1.0
2014-03-25,0.004745978103642301,1.4750838374887827,0.0,0.0,1.0
2014-03-26,-0.007192338503820839,1.4644745352080484,0.0,0.0,1.0
2014-03-27,-0.002108618068079493,1.4613865177428664,0.0,0.0,1.0
2014-03-28,0.00493006407250185,1.468591246910029,0.0,0.0,1.0
2014-03-31,0.008194569078782354,1.4806257193313284,0.0,0.0,1.0
2014-04-01,0.0066306703735805606,1.49044326042286,0.0,0.0,1.0
2014-04-02,0.00334641991583684,1.4954309094329639,0.0,0.0,1.0
2014-04-03,-0.0013235343292898882,1.493451655287248,0.0,0.0,1.0
2014-04-04,-0.011821963114948875,1.4757961249044829,0.0,0.0,1.0
2014-04-07,-0.011051650406013858,1.4594861420614886,0.0,0.0,1.0
2014-04-08,0.004123151648444789,1.4655038247540118,0.0,0.0,1.0
2014-04-09,0.010750979231259006,1.4812594259372727,0.0,0.0,1.0
2014-04-10,-0.021005990731321256,1.450144104165352,0.0,0.0,1.0
2014-04-11,-0.00900859571799717,1.4370803421980891,0.0,0.0,1.0
2014-04-14,0.00787829197246448,1.4484020807218148,0.0,0.0,1.0
2014-04-15,0.006887516568880203,1.4583779740511869,0.0,0.0,1.0
2014-04-16,0.010477562804044771,1.4736582208663438,0.0,0.0,1.0
2014-04-17,0.0013969175910524267,1.475716799958271,0.0,0.0,1.0
2014-04-21,0.003487220634325716,1.4808629500335067,0.0,0.0,1.0
2014-04-22,0.004544627244588151,1.4875929201417302,0.0,0.0,1.0
2014-04-23,-0.002342070091824966,1.4841088732546557,0.0,0.0,1.0
2014-04-24,0.0020276732269215447,1.4871181610827908,0.0,0.0,1.0
2014-04-25,-0.008199061651935624,1.4749251875963598,0.0,0.0,1.0
2014-04-28,0.003167407208288342,1.4795968762672385,0.0,0.0,1.0
2014-04-29,0.0046549364173384955,1.4864843056495551,0.0,0.0,1.0
2014-04-30,0.0029826845903406785,1.4909180194817993,0.0,0.0,1.0
2014-05-01,0.0001065106985354003,1.4910768182015133,0.0,0.0,1.0
2014-05-02,-0.0014337987232054816,1.4889389141633746,0.0,0.0,1.0
2014-05-05,0.001914243376089253,1.4917891056172135,0.0,0.0,1.0
2014-05-06,-0.008704035844912972,1.4788045197688706,0.0,0.0,1.0
2014-05-07,0.00588946880050889,1.4875138928501008,0.0,0.0,1.0
2014-05-08,-0.0010646429679136427,1.4859302216444041,0.0,0.0,1.0
2014-05-09,0.001492148791412573,1.4881474506287542,0.0,0.0,1.0
2014-05-12,0.009735820729687594,1.5026357874274174,0.0,0.0,1.0
2014-05-13,0.0008963495989255943,1.5039826744128093,0.0,0.0,1.0
2014-05-14,-0.004738284094582879,1.496856377228111,0.0,0.0,1.0
2014-05-15,-0.008780260724298716,1.483713587969219,0.0,0.0,1.0
2014-05-16,0.003468124599711242,1.488859291562581,0.0,0.0,1.0
2014-05-19,0.003669754116877977,1.4943230390772446,0.0,0.0,1.0
2014-05-20,-0.00630496903985911,1.4849013785803145,0.0,0.0,1.0
2014-05-21,0.008424284373820479,1.497410610060553,0.0,0.0,1.0
2014-05-22,0.002432365760702382,1.5010528603581768,0.0,0.0,1.0
2014-05-23,0.004008082197362928,1.507069203605079,0.0,0.0,1.0
2014-05-27,0.006147065027528376,1.5163332560006249,0.0,0.0,1.0
2014-05-28,-0.0007307227343497091,1.5152252368176147,0.0,0.0,1.0
2014-05-29,0.0051724283569414276,1.5230626307996833,0.0,0.0,1.0
2014-05-30,0.001611431342090519,1.5255169416589207,0.0,0.0,1.0
2014-06-02,0.0011421184849149668,1.5272592627570403,0.0,0.0,1.0
2014-06-03,-0.0005182247401737117,1.52646779922242,0.0,0.0,1.0
2014-06-04,0.002022494893307636,1.529555072551146,0.0,0.0,1.0
2014-06-05,0.006522088356539779,1.539530965880518,0.0,0.0,1.0
2014-06-06,0.004782871681554113,1.5468943449401036,0.0,0.0,1.0
2014-06-09,0.001023678432586772,1.5484778673185091,0.0,0.0,1.0
2014-06-10,0.00010197482269491687,1.548635773074476,0.0,0.0,1.0
2014-06-11,-0.00347640066541155,1.5432520946424797,0.0,0.0,1.0
2014-06-12,-0.00708014800447776,1.5323256414041906,0.0,0.0,1.0
2014-06-13,0.0030490484701872766,1.5369977765569427,0.0,0.0,1.0
2014-06-16,0.0008237316836623432,1.5382638503232113,0.0,0.0,1.0
2014-06-17,0.002779535674642286,1.5425395095721972,0.0,0.0,1.0
2014-06-18,0.0073397713839802314,1.5538613969232142,0.0,0.0,1.0
2014-06-19,0.001121188977522669,1.5556035691940424,0.0,0.0,1.0
2014-06-20,0.002030154199874401,1.5587616843133814,0.0,0.0,1.0
2014-06-23,-0.00030619762321137944,1.5582843951904917,0.0,0.0,1.0
2014-06-24,-0.006024399591955332,1.5488966673159557,0.0,0.0,1.0
2014-06-25,0.004520173881076062,1.555897949576043,0.0,0.0,1.0
2014-06-26,-0.0007162544026975137,1.554783530819511,0.0,0.0,1.0
2014-06-27,0.0019443092102555681,1.5578065107584371,0.0,0.0,1.0
2014-06-30,-0.0005105467455033263,1.5570111777142455,0.0,0.0,1.0
2014-07-01,0.006693261030106923,1.5674326599534811,0.0,0.0,1.0
2014-07-02,0.0010152973492887352,1.5690240701783205,0.0,0.0,1.0
2014-07-03,0.00491777015177397,1.5767401699180583,0.0,0.0,1.0
2014-07-07,-0.0034812635961788407,1.5712511217638898,0.0,0.0,1.0
2014-07-08,-0.006429902703724677,1.5611481299278298,0.0,0.0,1.0
2014-07-09,0.00448441479959838,1.5681489657060435,0.0,0.0,1.0
2014-07-10,-0.003957215079517851,1.5619434629720212,0.0,0.0,1.0
2014-07-11,0.0013748442473644484,1.5640908919567968,0.0,0.0,1.0
2014-07-14,0.005035760244412657,1.5719672786891608,0.0,0.0,1.0
2014-07-15,-0.0018723090173322632,1.5690240701783198,0.0,0.0,1.0
2014-07-16,0.003700895691312045,1.5748308645992077,0.0,0.0,1.0
2014-07-17,-0.011365672488092504,1.5569318527680336,0.0,0.0,1.0
2014-07-18,0.010219252173695237,1.5728425319887287,0.0,0.0,1.0
2014-07-21,-0.0018715509867301972,1.569898876996014,0.0,0.0,1.0
2014-07-22,0.004357792098771629,1.5767401699180577,0.0,0.0,1.0
2014-07-23,0.0022200346993688225,1.5802405878071644,0.0,0.0,1.0
2014-07-24,5.057473905734078e-05,1.5803205080625404,0.0,0.0,1.0
2014-07-25,-0.00468211758248771,1.5729212616257748,0.0,0.0,1.0
2014-07-28,0.00040543983883090107,1.5735589865685822,0.0,0.0,1.0
2014-07-29,-0.0042975284151579585,1.5667965721108765,0.0,0.0,1.0
2014-07-30,0.0001518862390117448,1.567034546949511,0.0,0.0,1.0
2014-07-31,-0.01974800590547343,1.5360887394622713,0.0,0.0,1.0
2014-08-01,-0.003055046251997484,1.5313959173160416,0.0,0.0,1.0
2014-08-04,0.007220387818870577,1.5424531897432985,0.0,0.0,1.0
2014-08-05,-0.009696500826704146,1.5274967911138002,0.0,0.0,1.0
2014-08-06,0.00031295205471248977,1.527974824373146,0.0,0.0,1.0
2014-08-07,-0.005414655931055168,1.519701366427851,0.0,0.0,1.0
2014-08-08,0.01156850328865211,1.5372820366831406,0.0,0.0,1.0
2014-08-11,0.002897872479669994,1.5417368839907357,0.0,0.0,1.0
2014-08-12,-0.0013927669369407925,1.5395896038332513,0.0,0.0,1.0
2014-08-13,0.0067688068032589754,1.5500107884179046,0.0,0.0,1.0
2014-08-14,0.0047215369546633745,1.5573292216355468,0.0,0.0,1.0
2014-08-15,-0.00020422394756580697,1.5570111777142448,0.0,0.0,1.0
2014-08-18,0.00837948029538893,1.5700581221976015,0.0,0.0,1.0
2014-08-19,0.005218999783023426,1.578252255196685,0.0,0.0,1.0
2014-08-20,0.0026716735556653326,1.5824688300110632,0.0,0.0,1.0
2014-08-21,0.002915379508603433,1.587082327211081,0.0,0.0,1.0
2014-08-22,-0.0015540251614790668,1.5846159613412563,0.0,0.0,1.0
2014-08-25,0.005070464495008586,1.592650700311461,0.0,0.0,1.0
2014-08-26,0.0006494516805612971,1.5936850499853255,0.0,0.0,1.0
2014-08-27,-0.00039903682055542067,1.5930491109700127,0.0,0.0,1.0
2014-08-28,-0.0005496070071669967,1.5921735600158624,0.0,0.0,1.0
2014-08-29,0.0028484420032699465,1.5967087740607073,0.0,0.0,1.0
2014-09-02,-0.0004982941859527079,1.5959131433619331,0.0,0.0,1.0
2014-09-03,-0.0005484341696215811,1.5950378900623652,0.0,0.0,1.0
2014-09-04,-0.0014467161968300113,1.5927303229122545,0.0,0.0,1.0
2014-09-05,0.004495289141056569,1.5998901062374735,0.0,0.0,1.0
2014-09-08,-0.002585493663335825,1.5957536005057629,0.0,0.0,1.0
2014-09-09,-0.006331452621965772,1.5856501621878294,0.0,0.0,1.0
2014-09-10,0.003762988773449827,1.591616945946761,0.0,0.0,1.0
2014-09-11,0.0011495747910423848,1.5934466286648172,0.0,0.0,1.0
2014-09-12,-0.005841118112864696,1.58413911870024,0.0,0.0,1.0
2014-09-15,-0.0007533719949673889,1.582945672652079,0.0,0.0,1.0
2014-09-16,0.007538177672789637,1.5948781983789038,0.0,0.0,1.0
2014-09-17,0.0013469198609743493,1.5970263715001354,0.0,0.0,1.0
2014-09-18,0.005329830125352153,1.6055382507659386,0.0,0.0,1.0
2014-09-19,-0.0009006362574316418,1.6040922448046053,0.0,0.0,1.0
2014-09-22,-0.007723265442982186,1.5917034146029503,0.0,0.0,1.0
2014-09-23,-0.005724186229601358,1.5825922078354706,0.0,0.0,1.0
2014-09-24,0.007827906429998865,1.594980591555252,0.0,0.0,1.0
2014-09-25,-0.016135500732948338,1.5692447810511738,0.0,0.0,1.0
2014-09-26,0.007945511721948684,1.5817132338536226,0.0,0.0,1.0
2014-09-29,-0.0018194659236624444,1.57883536052362,0.0,0.0,1.0
2014-09-30,-0.002631944344288928,1.5746799537259266,0.0,0.0,1.0
2014-10-01,-0.013552368460499231,1.553339310785671,0.0,0.0,1.0
2014-10-02,0.00015435183057821433,1.5535790715517999,0.0,0.0,1.0
2014-10-03,0.011009785123871962,1.5706836433025297,0.0,0.0,1.0
2014-10-06,-0.001170391446288055,1.568845328601584,0.0,0.0,1.0
2014-10-07,-0.015436590762008207,1.544627705295073,0.0,0.0,1.0
2014-10-08,0.01748944637259986,1.571642388712463,0.0,0.0,1.0
2014-10-09,-0.019833286869461175,1.5404715543609235,0.0,0.0,1.0
2014-10-10,-0.011414167479733117,1.522888354041683,0.0,0.0,1.0
2014-10-13,-0.016427027062948296,1.4978718258359915,0.0,0.0,1.0
2014-10-14,0.0015473202485927207,1.500189513241904,0.0,0.0,1.0
2014-10-15,-0.006766024442290575,1.4900391943272413,0.0,0.0,1.0
2014-10-16,-0.0008579817472623708,1.488760767895803,0.0,0.0,1.0
2014-10-17,0.011810828410447005,1.5063442658696258,0.0,0.0,1.0
2014-10-20,0.009709897568771275,1.520970714394526,0.0,0.0,1.0
2014-10-21,0.01981026258786578,1.5511015436351352,0.0,0.0,1.0
2014-10-22,-0.007110619508934768,1.5400722507386244,0.0,0.0,1.0
2014-10-23,0.011624992148279167,1.5579755785612435,0.0,0.0,1.0
2014-10-24,0.0076950074061366,1.5699642121768522,0.0,0.0,1.0
2014-10-27,-0.0013746456976556631,1.56780606762711,0.0,0.0,1.0
2014-10-28,0.011470421805743314,1.5857894645323967,0.0,0.0,1.0
2014-10-29,-0.001512214702390824,1.5833914103892344,0.0,0.0,1.0
2014-10-30,0.006410586589868261,1.593541878131188,0.0,0.0,1.0
2014-10-31,0.011435351301160912,1.61176458932073,0.0,0.0,1.0
2014-11-03,0.0005456258746150411,1.6126440097844517,0.0,0.0,1.0
2014-11-04,-0.0034696503420091895,1.607048698944364,0.0,0.0,1.0
2014-11-05,0.00631640186336857,1.6171994643409002,0.0,0.0,1.0
2014-11-06,0.004003484908316812,1.623673897990127,0.0,0.0,1.0
2014-11-07,0.0009351237503649745,1.6251922340149854,0.0,0.0,1.0
2014-11-10,0.003147256205776161,1.6303071303590682,0.0,0.0,1.0
2014-11-11,0.0009805231818282856,1.6319056842938853,0.0,0.0,1.0
2014-11-12,-0.001077145053983597,1.6301478851574804,0.0,0.0,1.0
2014-11-13,0.0011275155236520895,1.631985902203844,0.0,0.0,1.0
2014-11-14,0.00024476464475009507,1.6323853546534342,0.0,0.0,1.0
2014-11-17,0.0006366517388260995,1.6334246156279084,0.0,0.0,1.0
2014-11-18,0.0057737813707741115,1.6428556522441846,0.0,0.0,1.0
2014-11-19,-0.0016054467421443563,1.6402181349894758,0.0,0.0,1.0
2014-11-20,0.0017541137560737052,1.6430952641830223,0.0,0.0,1.0
2014-11-21,0.005350406810260777,1.6518864922744143,0.0,0.0,1.0
2014-11-24,0.0028065602388318567,1.6565226112226952,0.0,0.0,1.0
2014-11-25,-0.0007237768140397893,1.6553236585647595,0.0,0.0,1.0
2014-11-26,0.0025589692627889793,1.659559580926994,0.0,0.0,1.0
2014-11-28,-0.0021191097515010915,1.6560427920358547,0.0,0.0,1.0
2014-12-01,-0.006949677454838654,1.644533828779795,0.0,0.0,1.0
2014-12-02,0.00646365032668017,1.6551635203994242,0.0,0.0,1.0
2014-12-03,0.0038631028494597874,1.661557587311401,0.0,0.0,1.0
2014-12-04,-0.0011062908006871375,1.6597194214377464,0.0,0.0,1.0
2014-12-05,0.00163710794752836,1.6624365612932492,0.0,0.0,1.0
2014-12-08,-0.006682398945770052,1.6513274969686536,0.0,0.0,1.0
2014-12-09,-0.0006772957486916864,1.650209059875259,0.0,0.0,1.0
2014-12-10,-0.016031628917573815,1.6237535205909206,0.0,0.0,1.0
2014-12-11,0.0050699699853011815,1.6319859022038437,0.0,0.0,1.0
2014-12-12,-0.01616139729606214,1.605610729656755,0.0,0.0,1.0
2014-12-15,-0.006869405110073612,1.594581139105662,0.0,0.0,1.0
2014-12-16,-0.008019744815949803,1.581793005281708,0.0,0.0,1.0
2014-12-17,0.019604681052051154,1.6128035526406213,0.0,0.0,1.0
2014-12-18,0.02472864086691695,1.652685992482759,0.0,0.0,1.0
2014-12-19,0.00425494591310871,1.6597180819921256,0.0,0.0,1.0
2014-12-22,0.00459999279051404,1.6673527732035751,0.0,0.0,1.0
2014-12-23,0.001349873380752209,1.669603488328446,0.0,0.0,1.0
2014-12-24,9.591389000718209e-05,1.6697636264937812,0.0,0.0,1.0
2014-12-26,0.003225196337225178,1.6751489420259809,0.0,0.0,1.0
2014-12-29,0.001343235672515597,1.677399061841687,0.0,0.0,1.0
2014-12-30,-0.0053661788682518585,1.6683978384424065,0.0,0.0,1.0
2014-12-31,-0.009922932447361865,1.6518424393962179,0.0,0.0,1.0
2015-01-02,-0.0005351806495975664,1.650958405286469,0.0,0.0,1.0
2015-01-05,-0.018059849009061102,1.621142345766755,0.0,0.0,1.0
2015-01-06,-0.009418902949991814,1.605872963343856,0.0,0.0,1.0
2015-01-07,0.012461518243721326,1.6258845785736642,0.0,0.0,1.0
2015-01-08,0.017744749483735944,1.6547354931099234,0.0,0.0,1.0
2015-01-09,-0.008013224811451503,1.6414757256001455,0.0,0.0,1.0
2015-01-12,-0.007834061689665717,1.6286163035037051,0.0,0.0,1.0
2015-01-13,-0.002812484150819805,1.6240358459623343,0.0,0.0,1.0
2015-01-14,-0.0060370861359257955,1.6142314016724286,0.0,0.0,1.0
2015-01-15,-0.009160601640737842,1.5994440708457376,0.0,0.0,1.0
2015-01-16,0.013114473729878284,1.6204199380952535,0.0,0.0,1.0
2015-01-20,0.002132179124721967,1.6238749636605434,0.0,0.0,1.0
2015-01-21,0.00504814484503302,1.6320725196873245,0.0,0.0,1.0
2015-01-22,0.014870942744344529,1.6563429766822129,0.0,0.0,1.0
2015-01-23,-0.0054830062925813605,1.6472612377183913,0.0,0.0,1.0
2015-01-26,0.0023420995902341257,1.65111928758826,0.0,0.0,1.0
2015-01-27,-0.013190589638889638,1.6293400506208275,0.0,0.0,1.0
2015-01-28,-0.01282433513478165,1.608444847763144,0.0,0.0,1.0
2015-01-29,0.009243338327723505,1.6233122476725024,0.0,0.0,1.0
2015-01-30,-0.012574541437906706,1.602899840547483,0.0,0.0,1.0
2015-02-02,0.012383798593916584,1.622749829339044,0.0,0.0,1.0
2015-02-03,0.014461309348299256,1.6462169166160159,0.0,0.0,1.0
2015-02-04,-0.0038078854871557155,1.6399483111105235,0.0,0.0,1.0
2015-02-05,0.010095164439828608,1.6565038589840035,0.0,0.0,1.0
2015-02-06,-0.002765674513989902,1.6519225084788856,0.0,0.0,1.0
2015-02-09,-0.0044753889196307295,1.6445295127883506,0.0,0.0,1.0
2015-02-10,0.010653381260079753,1.662049312681538,0.0,0.0,1.0
2015-02-11,0.0005799794011946968,1.6630132670466633,0.0,0.0,1.0
2015-02-12,0.00961677949439399,1.6790060989321027,0.0,0.0,1.0
2015-02-13,0.004116269591459387,1.6859173406810117,0.0,0.0,1.0
2015-02-17,0.0015734446608990371,1.6885700383194233,0.0,0.0,1.0
2015-02-18,9.518910726358243e-05,1.688730771793923,0.0,0.0,1.0
2015-02-19,-0.0007140266130462036,1.6875249730805921,0.0,0.0,1.0
2015-02-20,0.006000363000927544,1.6976507354922061,0.0,0.0,1.0
2015-02-23,-0.00014184458094523844,1.697409932935039,0.0,0.0,1.0
2015-02-24,0.0028407135566630437,1.702231788342742,0.0,0.0,1.0
2015-02-25,-0.0008495639656880272,1.7007856335541174,0.0,0.0,1.0
2015-02-26,-0.001181317851944086,1.6987764651228698,0.0,0.0,1.0
2015-02-27,-0.003406306849715768,1.6929899112135858,0.0,0.0,1.0
2015-03-02,0.0063133739479834805,1.7036783896132406,0.0,0.0,1.0
2015-03-03,-0.004104005887125672,1.696686483472499,0.0,0.0,1.0
2015-03-04,-0.004215388760998362,1.6895342903391313,0.0,0.0,1.0
2015-03-05,0.0010936976290738532,1.6913821299867142,0.0,0.0,1.0
2015-03-06,-0.014064125230944802,1.667594319897199,0.0,0.0,1.0
2015-03-09,0.004144616781806887,1.6745058593006907,0.0,0.0,1.0
2015-03-10,-0.016222340173646987,1.6473414556283499,0.0,0.0,1.0
2015-03-11,-0.0023415338211965064,1.643484149894937,0.0,0.0,1.0
2015-03-12,0.01271423843113606,1.6643797992344942,0.0,0.0,1.0
2015-03-13,-0.006132359714670965,1.6541732236037565,0.0,0.0,1.0
2015-03-16,0.01336048412208779,1.6762737786928972,0.0,0.0,1.0
2015-03-17,-0.002972863431977446,1.6712904456742383,0.0,0.0,1.0
2015-03-18,0.012021659289968678,1.691382129986714,0.0,0.0,1.0
2015-03-19,-0.004561128635600764,1.6836675185198882,0.0,0.0,1.0
2015-03-20,0.008826829914005296,1.6985289653375986,0.0,0.0,1.0
2015-03-23,-0.0019485221443522605,1.6952193440358145,0.0,0.0,1.0
2015-03-24,-0.005619061615656729,1.6856938020896242,0.0,0.0,1.0
2015-03-25,-0.014653587027248394,1.6609923412594105,0.0,0.0,1.0
2015-03-26,-0.002381874849021637,1.6570360653773473,0.0,0.0,1.0
2015-03-27,0.00229020187169815,1.6608310124757457,0.0,0.0,1.0
2015-03-30,0.012199523775898724,1.6810923599001935,0.0,0.0,1.0
2015-03-31,-0.008739249788767167,1.6664008738490377,0.0,0.0,1.0
2015-04-01,-0.003536611146125801,1.6605074619446694,0.0,0.0,1.0
2015-04-02,0.0035976516852944673,1.6664813894135786,0.0,0.0,1.0
2015-04-06,0.006733337989168531,1.6777023718611594,0.0,0.0,1.0
2015-04-07,-0.0026465441548134683,1.6732622584553936,0.0,0.0,1.0
2015-04-08,0.003376773773501318,1.6789124865659353,0.0,0.0,1.0
2015-04-09,0.004423476933891557,1.6863391172242823,0.0,0.0,1.0
2015-04-10,0.005457227112609209,1.6955418527758521,0.0,0.0,1.0
2015-04-13,-0.004522728232274731,1.6878733777692994,0.0,0.0,1.0
2015-04-14,0.0019129444928669415,1.69110218585196,0.0,0.0,1.0
2015-04-15,0.004486814487562496,1.698689847639389,0.0,0.0,1.0
2015-04-16,-0.0002850926590566294,1.698205563633813,0.0,0.0,1.0
2015-04-17,-0.01150336017129372,1.6786704933904384,0.0,0.0,1.0
2015-04-20,0.009136987791550144,1.6940084851945822,0.0,0.0,1.0
2015-04-21,-0.0011914030618206395,1.6919902382985712,0.0,0.0,1.0
2015-04-22,0.0049140557016618125,1.7003047725762384,0.0,0.0,1.0
2015-04-23,0.002516130861912602,1.7045829618891748,0.0,0.0,1.0
2015-04-24,0.0023207894927546047,1.7085389401166557,0.0,0.0,1.0
2015-04-27,-0.0041580970610567425,1.7014346693710556,0.0,0.0,1.0
2015-04-28,0.0031792444479121773,1.7068439460971387,0.0,0.0,1.0
2015-04-29,-0.004115228490397582,1.6998198932614972,0.0,0.0,1.0
2015-04-30,-0.010019939716809478,1.6827878004015835,0.0,0.0,1.0
2015-05-01,0.01084117568398435,1.7010311985846027,0.0,0.0,1.0
2015-05-04,0.0028474399506892567,1.7058747827768213,0.0,0.0,1.0
2015-05-05,-0.011451992695934665,1.6863391172242819,0.0,0.0,1.0
2015-05-06,-0.004116727029914613,1.6793969193988023,0.0,0.0,1.0
2015-05-07,0.003989826483047132,1.6860974217033675,0.0,0.0,1.0
2015-05-08,0.013166305682773327,1.70829709576845,0.0,0.0,1.0
2015-05-11,-0.004772796454135642,1.700143741447156,0.0,0.0,1.0
2015-05-12,-0.0029915257902016767,1.695057717597567,0.0,0.0,1.0
2015-05-13,0.00019043976571953003,1.6953805239921873,0.0,0.0,1.0
2015-05-14,0.01042777408646045,1.7130595690869628,0.0,0.0,1.0
2015-05-15,0.0010838906705648022,1.7149163383720178,0.0,0.0,1.0
2015-05-18,0.0031066066746265886,1.7202439089152306,0.0,0.0,1.0
2015-05-19,-0.00032841179932718845,1.7196789605178222,0.0,0.0,1.0
2015-05-20,-0.0007045518410733198,1.7184673575401344,0.0,0.0,1.0
2015-05-21,0.0029129479344873754,1.7234731634797649,0.0,0.0,1.0
2015-05-22,-0.0023891318721867005,1.719355558814037,0.0,0.0,1.0
2015-05-26,-0.01075143537998513,1.7008700186282297,0.0,0.0,1.0
2015-05-27,0.009492161776165853,1.717014952005279,0.0,0.0,1.0
2015-05-28,-0.001128026500561763,1.7150781136375564,0.0,0.0,1.0
2015-05-29,-0.006213408268294196,1.7044216331055104,0.0,0.0,1.0
2015-06-01,0.0020369625577152384,1.7078934761547062,0.0,0.0,1.0
2015-06-02,-0.0009929699989734697,1.706197589171442,0.0,0.0,1.0
2015-06-03,0.0026495342620325157,1.710718218141749,0.0,0.0,1.0
2015-06-04,-0.008446187244957493,1.6962691717479639,0.0,0.0,1.0
2015-06-05,-0.0017132602323582935,1.6933630212326327,0.0,0.0,1.0
2015-06-08,-0.0061498284282857085,1.6829491291852485,0.0,0.0,1.0
2015-06-09,-0.0001438795734161058,1.6827069871824603,0.0,0.0,1.0
2015-06-10,0.011993252341740535,1.7028881166969494,0.0,0.0,1.0
2015-06-11,0.0032235504816360283,1.7083774625057002,0.0,0.0,1.0
2015-06-12,-0.007654984447151292,1.6952998596003552,0.0,0.0,1.0
2015-06-15,-0.004285467851748548,1.6880347065529642,0.0,0.0,1.0
2015-06-16,0.00545174546224958,1.6972374421045342,0.0,0.0,1.0
2015-06-17,0.0016169660070601832,1.699981817354327,0.0,0.0,1.0
2015-06-18,0.010399374428431418,1.71766056479452,0.0,0.0,1.0
2015-06-19,-0.004439100929782502,1.71003569618429,0.0,0.0,1.0
2015-06-22,0.005122859151051262,1.718795968199112,0.0,0.0,1.0
2015-06-23,0.0007081175485521563,1.7200130777865745,0.0,0.0,1.0
2015-06-24,-0.007262716589652052,1.7075211102721155,0.0,0.0,1.0
2015-06-25,-0.0030404843577696017,1.7023294190457718,0.0,0.0,1.0
2015-06-26,-0.00019076281345598023,1.7020046778963658,0.0,0.0,1.0
2015-06-29,-0.02097024983853768,1.6663132145745192,0.0,0.0,1.0
2015-06-30,0.0020930151135805097,1.6698008333165826,0.0,0.0,1.0
2015-07-01,0.008015884885561375,1.6831857645782629,0.0,0.0,1.0
2015-07-02,-0.0009155891362939705,1.6816446579778503,0.0,0.0,1.0
2015-07-06,-0.002846193256345053,1.676858372292745,0.0,0.0,1.0
2015-07-07,0.006288639453675193,1.6874035300109707,0.0,0.0,1.0
2015-07-08,-0.01677694774685967,1.65909404916011,0.0,0.0,1.0
2015-07-09,0.0018087904669099597,1.662095002659938,0.0,0.0,1.0
2015-07-10,0.012591304846146789,1.6830229475216865,0.0,0.0,1.0
2015-07-13,0.011037740954554343,1.7015997188370013,0.0,0.0,1.0
2015-07-14,0.0043378229631907406,1.7089809571715313,0.0,0.0,1.0
2015-07-15,-0.0003321437177332687,1.708413329882881,0.0,0.0,1.0
2015-07-16,0.008024275629059163,1.72212210933022,0.0,0.0,1.0
2015-07-17,0.0008477887362321468,1.7235821050569264,0.0,0.0,1.0
2015-07-20,0.0005179132981363299,1.7244747711495652,0.0,0.0,1.0
2015-07-21,-0.0039513813955137644,1.7176607136218118,0.0,0.0,1.0
2015-07-22,-0.001794511572437818,1.7145783515936956,0.0,0.0,1.0
2015-07-23,-0.005630006307836166,1.704925264658944,0.0,0.0,1.0
2015-07-24,-0.010372189288679112,1.68724145709085,0.0,0.0,1.0
2015-07-27,-0.005817458709424184,1.6774259995813954,0.0,0.0,1.0
2015-07-28,0.012283428993651535,1.6980305427393585,0.0,0.0,1.0
2015-07-29,0.006878799881115505,1.7097109550348846,0.0,0.0,1.0
2015-07-30,0.00023738048932586686,1.7101168070579966,0.0,0.0,1.0
2015-07-31,-0.0015178476552991649,1.707521110272116,0.0,0.0,1.0
2015-08-03,-0.003372999201964322,1.7017616429298308,0.0,0.0,1.0
2015-08-04,-0.001953916022190083,1.6984365435897617,0.0,0.0,1.0
2015-08-05,0.0032950024846367665,1.704032896220888,0.0,0.0,1.0
2015-08-06,-0.008187526452579585,1.6900810818070136,0.0,0.0,1.0
2015-08-07,-0.0019200441282568592,1.686836051549612,0.0,0.0,1.0
2015-08-10,0.012599053218206757,1.7080885887334751,0.0,0.0,1.0
2015-08-11,-0.009022840057732906,1.6926767785928942,0.0,0.0,1.0
2015-08-12,0.0011978796194287433,1.6947044016082509,0.0,0.0,1.0
2015-08-13,-0.0012443077902326571,1.6925956677191882,0.0,0.0,1.0
2015-08-14,0.003641907923978893,1.6987599452935471,0.0,0.0,1.0
2015-08-17,0.005587024841812616,1.7082509593081785,0.0,0.0,1.0
2015-08-18,-0.0028967398368855424,1.7033026007029526,0.0,0.0,1.0
2015-08-19,-0.007905230896019688,1.6898376003586049,0.0,0.0,1.0
2015-08-20,-0.02088150685468393,1.654551244923414,0.0,0.0,1.0
2015-08-21,-0.03010247941556099,1.6047451501311163,0.0,0.0,1.0
2015-08-24,-0.04210682024743573,1.5371744345516012,0.0,0.0,1.0
2015-08-25,-0.011767833697162056,1.5190852214422688,0.0,0.0,1.0
2015-08-26,0.038393915411666146,1.5774088509374353,0.0,0.0,1.0
2015-08-27,0.024734873980580385,1.616425860081225,0.0,0.0,1.0
2015-08-28,5.036329243357507e-05,1.6165072686095134,0.0,0.0,1.0
2015-08-31,-0.008079172632620923,1.6034472273245306,0.0,0.0,1.0
2015-09-01,-0.0004999179055433789,1.6026456353449972,0.0005,1.0,0.0
2015-09-02,1.0403832657601697e-06,1.602647302710697,0.0,0.0,0.0
2015-09-03,6.844627069568787e-07,1.6026483996630083,0.0,0.0,0.0
2015-09-04,4.1067760880864057e-07,1.602649057834821,0.0,0.0,0.0
2015-09-08,2.737850827827515e-06,1.6026534456488706,0.0,0.0,0.0
2015-09-09,6.844627069568787e-07,1.6026545426053862,0.0,0.0,0.0
2015-09-10,9.582477795699873e-07,1.602656078345543,0.0,0.0,0.0
2015-09-11,4.1067760880864057e-07,1.602656736520509,0.0,0.0,0.0
2015-09-14,1.8891170467938423e-06,1.6026597641266702,0.0,0.0,0.0
2015-09-15,6.844627069568787e-07,1.6026608610875106,0.0,0.0,0.0
2015-09-16,1.5879534107643423e-06,1.6026634060382912,0.0,0.0,0.0
2015-09-17,1.4510609001039398e-06,1.6026657316004957,0.0,0.0,0.0
2015-09-18,8.213552438185445e-08,1.602665863236286,0.0,0.0,0.0
2015-09-21,8.213552178393257e-07,1.6026671795942553,0.0,0.0,0.0
2015-09-22,3.559206096515055e-07,1.602667750016535,0.0,0.0,0.0
2015-09-23,8.213552438185445e-08,1.602667881652491,0.0,0.0,0.0
2015-09-24,8.213552438185445e-08,1.6026680132884579,0.0,0.0,0.0
2015-09-25,1.36892536195532e-07,1.602668232681747,0.0,0.0,0.0
2015-09-28,1.6427104354566069e-06,1.6026708654015773,0.0,0.0,0.0
2015-09-29,3.559206096515055e-07,1.6026714358251688,0.0,0.0,0.0
2015-09-30,8.213552438185445e-08,1.6026715674614276,0.0,0.0,0.0
2015-10-01,1.36892536195532e-07,1.6026717868552032,0.0,0.0,0.0
2015-10-02,4.928131205339525e-07,1.6026725766728875,0.0,0.0,0.0
2015-10-05,6.57084220145876e-07,1.6026736297637478,0.0,0.0,0.0
2015-10-06,2.1902807345597353e-07,1.6026739807942654,0.0,0.0,0.0
2015-10-07,1.36892536195532e-07,1.6026742001883714,0.0,0.0,0.0
2015-10-08,1.36892536195532e-07,1.6026744195825073,0.0,0.0,0.0
2015-10-09,8.213552438185445e-08,1.6026745512190113,0.0,0.0,0.0
2015-10-12,2.4640657292351875e-07,1.602674946128555,0.0,0.0,0.0
2015-10-13,2.737850726131086e-07,1.6026753849170314,0.0,0.0,0.0
2015-10-14,1.36892536195532e-07,1.6026756043113295,0.0,0.0,0.0
2015-10-15,2.737850726131086e-07,1.6026760430999862,0.0,0.0,0.0
2015-10-16,1.36892536195532e-07,1.6026762624943744,0.0,0.0,0.0
2015-10-19,4.1067760880864057e-07,1.6026769206776297,0.0,0.0,0.0
2015-10-20,1.36892536195532e-07,1.602677140072138,0.0,0.0,0.0
2015-10-21,2.737850726131086e-07,1.602677578861215,0.0,0.0,0.0
2015-10-22,1.36892536195532e-07,1.6026777982558136,0.0,0.0,0.0
2015-10-23,1.36892536195532e-07,1.602678017650442,0.0,0.0,0.0
2015-10-26,2.4640657292351875e-07,1.60267841256084,0.0,0.0,0.0
2015-10-27,2.1902807345597353e-07,1.6026787635924051,0.0,0.0,0.0
2015-10-28,2.737850726131086e-07,1.6026792023819267,0.0,0.0,0.0
2015-10-29,9.582477795699873e-07,1.6026807381457138,0.0,0.0,0.0
2015-10-30,1.4510609001039398e-06,1.6026830637330682,0.0,0.0,0.0
2015-11-02,0.011325697581658023,1.6208345674321543,0.0004997501249375312,0.9995002498750625,1.0
2015-11-03,0.002899331514093939,1.625533904172643,0.0,0.0,1.0
2015-11-04,-0.003033421091216737,1.6206029753432378,0.0,0.0,1.0
2015-11-05,-0.000998425356446564,1.6189849242399224,0.0,0.0,1.0
2015-11-06,-0.0005232923277701529,1.6181377218502921,0.0,0.0,1.0
2015-11-09,-0.009331819900837868,1.6030375520552331,0.0,0.0,1.0
2015-11-10,0.0023068834845334507,1.6067355729091564,0.0,0.0,1.0
2015-11-11,-0.003931552961669582,1.6004186069088655,0.0,0.0,1.0
2015-11-12,-0.013959631700417585,1.5780773525899223,0.0,0.0,1.0
2015-11-13,-0.01122829303160966,1.560358237648496,0.0,0.0,1.0
2015-11-16,0.015206670734539296,1.5840860915963426,0.0,0.0,1.0
2015-11-17,-0.0007295756326887171,1.5829303809838329,0.0,0.0,1.0
2015-11-18,0.01586633092996026,1.6080456782476105,0.0,0.0,1.0
2015-11-19,-0.0008623761514781059,1.6066589380042022,0.0,0.0,1.0
2015-11-20,0.0036439753148591603,1.6125135635136874,0.0,0.0,1.0
2015-11-23,-0.001146532684771051,1.6106647640084824,0.0,0.0,1.0
2015-11-24,0.001339302356258898,1.6128219311220622,0.0,0.0,1.0
2015-11-25,-0.0001435071472836169,1.6125904796476505,0.0,0.0,1.0
2015-11-27,0.0011470011857170892,1.6144401228398824,0.0,0.0,1.0
2015-11-30,-0.004151613229140927,1.6077375918682444,0.0,0.0,1.0
2015-12-01,0.009535359387296438,1.6230679476071745,0.0,0.0,1.0
2015-12-02,-0.010204824218435271,1.6065048245072668,0.0,0.0,1.0
2015-12-03,-0.014002939372616985,1.5840090348478748,0.0,0.0,1.0
2015-12-04,0.019502871972733038,1.6149017602581652,0.0,0.0,1.0
2015-12-07,-0.006058372239771792,1.6051180842638586,0.0,0.0,1.0
2015-12-08,-0.006719652387971231,1.5943322486959592,0.0,0.0,1.0
2015-12-09,-0.007779547587296931,1.5819290650972668,0.0,0.0,1.0
2015-12-10,0.0025813962935306023,1.5860126509225372,0.0,0.0,1.0
2015-12-11,-0.01938141814536798,1.555273476551164,0.0,0.0,1.0
2015-12-14,0.005052462138404046,1.5631314369063027,0.0,0.0,1.0
2015-12-15,0.010497613847465948,1.5795405871237798,0.0,0.0,1.0
2015-12-16,0.01463207885035045,1.6026525495419037,0.0,0.0,1.0
2015-12-17,-0.015238090558702733,1.5782311848578483,0.0,0.0,1.0
2015-12-18,-0.01781488736227388,1.5501151740679777,0.0,0.0,1.0
2015-12-21,0.008249194656247516,1.5629023758784675,0.0,0.0,1.0
2015-12-22,0.009074115760226764,1.5770843329591222,0.0,0.0,1.0
2015-12-23,0.012383133260381651,1.596613578417015,0.0,0.0,1.0
2015-12-24,-0.0016501763523044666,1.593978884446143,0.0,0.0,1.0
2015-12-28,-0.0022850600755640604,1.5903365469360031,0.0,0.0,1.0
2015-12-29,0.010671797037357766,1.6073082957859965,0.0,0.0,1.0
2015-12-30,-0.0070874663545688055,1.595916552318194,0.0,0.0,1.0
2015-12-31,-0.010003800138278174,1.5799513220914327,0.0,0.0,1.0
2016-01-04,-0.00048380002716974513,1.579186941598878,0.0005,1.0,0.0
2016-01-05,4.243668752623719e-06,1.5791936431451565,0.0,0.0,0.0
2016-01-06,5.612594064619003e-06,1.5792025065180249,0.0,0.0,0.0
2016-01-07,5.612594064619003e-06,1.5792113699406398,0.0,0.0,0.0
2016-01-08,5.201916430275233e-06,1.579219584866212,0.0,0.0,0.0
2016-01-11,1.56057492908257e-05,1.5792442297711287,0.0,0.0,0.0
2016-01-12,4.791238795931463e-06,1.5792517963073507,0.0,0.0,0.0
2016-01-13,5.749486473360932e-06,1.5792608761941915,0.0,0.0,0.0
2016-01-14,5.8863792902208445e-06,1.579270172322707,0.0,0.0,0.0
2016-01-15,6.570841742270517e-06,1.5792805494570776,0.0,0.0,0.0
2016-01-19,2.44216295564037e-05,1.5793191180616222,0.0,0.0,0.0
2016-01-20,6.297056924564615e-06,1.5793290631240107,0.0,0.0,0.0
2016-01-21,6.926762250003549e-06,1.5793400027609454,0.0,0.0,0.0
2016-01-22,7.474332700985187e-06,1.579351807273574,0.0,0.0,0.0
2016-01-25,2.3655029782521098e-05,1.579389166887612,0.0,0.0,0.0
2016-01-26,7.52908982781797e-06,1.5794010582505227,0.0,0.0,0.0
2016-01-27,8.213552687763581e-06,1.5794140307443296,0.0,0.0,0.0
2016-01-28,8.213552687763581e-06,1.5794270033446869,0.0,0.0,0.0
2016-01-29,8.706365196342603e-06,1.579440754412979,0.0,0.0,0.0
2016-02-01,2.4640658063290743e-05,1.5794796728725395,0.0,0.0,0.0
2016-02-02,8.07665946300773e-06,1.5794924297919861,0.0,0.0,0.0
2016-02-03,9.034907956451121e-06,1.5795067003607073,0.0,0.0,0.0
2016-02-04,9.117043238582312e-06,1.5795211007915901,0.0,0.0,0.0
2016-02-05,7.748117518691089e-06,1.5795333391067023,0.0,0.0,0.0
2016-02-08,2.2833675329625436e-05,1.5795694056581397,0.0,0.0,0.0
2016-02-09,7.118411785356216e-06,1.5795806496836127,0.0,0.0,0.0
2016-02-10,8.213552687763581e-06,1.5795936236525034,0.0,0.0,0.0
2016-02-11,8.158795561152843e-06,1.5796065112339486,0.0,0.0,0.0
2016-02-12,7.474332700985187e-06,1.57961831773855,0.0,0.0,0.0
2016-02-16,2.956878967608212e-05,1.579665025140356,0.0,0.0,0.0
2016-02-17,7.474332700985187e-06,1.5796768320823098,0.0,0.0,0.0
2016-02-18,8.02190315218887e-06,1.5796895040968686,0.0,0.0,0.0
2016-02-19,7.885009927433018e-06,1.5797019599642907,0.0,0.0,0.0
2016-02-22,2.3244352556073267e-05,1.5797386791135817,0.0,0.0,0.0
2016-02-23,8.02190315218887e-06,1.5797513516242714,0.0,0.0,0.0
2016-02-24,8.706365196342603e-06,1.579765105516458,0.0,0.0,0.0
2016-02-25,8.624229914211412e-06,1.5797787297739385,0.0,0.0,0.0
2016-02-26,8.487337505469483e-06,1.5797921378892021,0.0,0.0,0.0
2016-02-29,2.4887063909684315e-05,1.5798314542771017,0.0,0.0,0.0
2016-03-01,8.4325803786367e-06,1.5798447763328245,0.0,0.0,0.0
2016-03-02,8.76112232295334e-06,1.5798586175461613,0.0,0.0,0.0
2016-03-03,8.295687969894772e-06,1.579871723560289,0.0,0.0,0.0
2016-03-04,7.200547883501329e-06,1.5798830995022843,0.0,0.0,0.0
2016-03-07,2.1765912582738522e-05,1.579917487099719,0.0,0.0,0.0
2016-03-08,7.255304194320189e-06,1.5799289498816897,0.0,0.0,0.0
2016-03-09,8.35044509650551e-06,1.579942142991642,0.0,0.0,0.0
2016-03-10,7.885009927433018e-06,1.5799546008511243,0.0,0.0,0.0
2016-03-11,8.295687969894772e-06,1.5799677076614995,0.0,0.0,0.0
2016-03-14,2.5297741136132146e-05,1.5800076772755713,0.0,0.0,0.0
2016-03-15,8.4325803786367e-06,1.5800210008173088,0.0,0.0,0.0
2016-03-16,8.89801473169527e-06,1.5800350598674504,0.0,0.0,0.0
2016-03-17,8.213552687763581e-06,1.5800480375686632,0.0,0.0,0.0
2016-03-18,7.52908982781797e-06,1.5800599338922703,0.0,0.0,0.0
2016-03-21,2.299794670990174e-05,1.5800962720264284,0.0,0.0,0.0
2016-03-22,7.885009927433018e-06,1.5801087311012196,0.0,0.0,0.0
2016-03-23,8.07665946300773e-06,1.5801214931013552,0.0,0.0,0.0
2016-03-24,8.02190315218887e-06,1.5801341686829415,0.0,0.0,0.0
2016-03-28,3.011635931127188e-05,1.5801817565713256,0.0,0.0,0.0
2016-03-29,6.981519376614287e-06,1.5801927886408778,0.0,0.0,0.0
2016-03-30,6.160164107926747e-06,1.5802025228877778,0.0,0.0,0.0
2016-03-31,5.065024021533304e-06,1.5802105266515152,0.0,0.0,0.0
2016-04-01,0.0063087221380537795,1.5901796357837872,0.0004997501249375313,0.9995002498750626,1.0
2016-04-04,-0.0032379929625537818,1.585030645313923,0.0,0.0,1.0
2016-04-05,-0.009988142674399292,1.5691991330852322,0.0,0.0,1.0
2016-04-06,0.010921676402140257,1.586337418227308,0.0,0.0,1.0
2016-04-07,-0.01196596354366164,1.5673553625128538,0.0,0.0,1.0
2016-04-08,0.0026970994387363056,1.5715826757813876,0.0,0.0,1.0
2016-04-11,-0.0023475344973703516,1.5678933312345211,0.0,0.0,1.0
2016-04-12,0.009312873330695526,1.5824949232243504,0.0,0.0,1.0
2016-04-13,0.010101012757407046,1.5984797246323714,0.0,0.0,1.0
2016-04-14,4.807860452626933e-05,1.5985565773068953,0.0,0.0,1.0
2016-04-15,-0.001105841521272799,1.5967888270696056,0.0,0.0,1.0
2016-04-18,0.00702673568589951,1.6080090401036211,0.0,0.0,1.0
2016-04-19,0.003154296816026303,1.6130811778989615,0.0,0.0,1.0
2016-04-20,0.0009525240382031175,1.6146176764964832,0.0,0.0,1.0
2016-04-21,-0.005377979744016881,1.6059342953379536,0.0,0.0,1.0
2016-04-22,0.0,1.6059342953379536,0.0,0.0,1.0
2016-04-25,-0.001722622677910346,1.6031678765015704,0.0,0.0,1.0
2016-04-26,0.0014859051872730955,1.6055500319653337,0.0,0.0,1.0
2016-04-27,0.0020581895397211447,1.6088545582466238,0.0,0.0,1.0
2016-04-28,-0.009075768791519945,1.5942529662567946,0.0,0.0,1.0
2016-04-29,-0.005398993136986774,1.5856456054333534,0.0,0.0,1.0
2016-05-02,0.007948623485284356,1.598249305332039,0.0,0.0,1.0
2016-05-03,-0.008703395220748922,1.5843391099664468,0.0,0.0,1.0
2016-05-04,-0.005578037316444462,1.5755016072891515,0.0,0.0,1.0
2016-05-05,-0.00019529535428641775,1.5751939191445772,0.0,0.0,1.0
2016-05-06,0.0036592006350717465,1.5809578697338722,0.0,0.0,1.0
2016-05-09,0.0008265703586429751,1.5822646426472575,0.0,0.0,1.0
2016-05-10,0.01243364294770366,1.6019379562627094,0.0,0.0,1.0
2016-05-11,-0.009354742223707024,1.5869522396234996,0.0,0.0,1.0
2016-05-12,0.00029065447520482124,1.5874134943938825,0.0,0.0,1.0
2016-05-13,-0.00871447890745658,1.573580012979575,0.0,0.0,1.0
2016-05-16,0.00986520242557165,1.589103698340452,0.0,0.0,1.0
2016-05-17,-0.009333483134179477,1.5742718257735293,0.0,0.0,1.0
2016-05-18,0.0002930837521628593,1.5747332192671513,0.0,0.0,1.0
2016-05-19,-0.003465232885743741,1.5692764019294736,0.0,0.0,1.0
2016-05-20,0.006317735006959646,1.5791906743895392,0.0,0.0,1.0
2016-05-23,-0.0013627319644228253,1.57703866077963,0.0,0.0,1.0
2016-05-24,0.012962080224048877,1.5974803624170821,0.0,0.0,1.0
2016-05-25,0.00678358465777662,1.608317005694674,0.0,0.0,1.0
2016-05-26,0.00028644842763880796,1.6087777055721,0.0,0.0,1.0
2016-05-27,0.004299376280015199,1.615694446279254,0.0,0.0,1.0
2016-05-31,-0.0019027395379590528,1.6126202005750576,0.0,0.0,1.0
2016-06-01,0.0020491658730998896,1.6159247268563475,0.0,0.0,1.0
2016-06-02,0.0030434686683347145,1.6208427431329222,0.0,0.0,1.0
2016-06-03,-0.0029870755767522628,1.6160011633611537,0.0,0.0,1.0
2016-06-06,0.005088546739482558,1.6242242608119752,0.0,0.0,1.0
2016-06-07,0.0015617020938594184,1.6267608152409825,0.0,0.0,1.0
2016-06-08,0.00325898311744921,1.6320624012739808,0.0,0.0,1.0
2016-06-09,-0.0013649096833193708,1.6298347834987006,0.0,0.0,1.0
2016-06-10,-0.009477715342209314,1.6143876733658686,0.0,0.0,1.0
2016-06-13,-0.007711727058224205,1.6019379562627094,0.0,0.0,1.0
2016-06-14,-0.0019667075578343463,1.598787412776946,0.0,0.0,1.0
2016-06-15,-0.001394271504201905,1.5965582690460343,0.0,0.0,1.0
2016-06-16,0.002984200290799821,1.6013227186968002,0.0,0.0,1.0
2016-06-17,-0.003724154576021599,1.595359145366278,0.0,0.0,1.0
2016-06-20,0.006440091747155874,1.605633404632101,0.0,0.0,1.0
2016-06-21,0.0028387734445907142,1.6101914341029184,0.0,0.0,1.0
2016-06-22,-0.0016313981071439665,1.6075645708451836,0.0,0.0,1.0
2016-06-23,0.013022805961123263,1.6284995723212767,0.0,0.0,1.0
2016-06-24,-0.03590918221159567,1.5700214844472864,0.0,0.0,1.0
2016-06-27,-0.017909543612973478,1.5419031161982724,0.0,0.0,1.0
2016-06-28,0.018035604089947643,1.569712270347081,0.0,0.0,1.0
2016-06-29,0.017027996476314033,1.596441325355378,0.0,0.0,1.0
2016-06-30,0.013645341895184737,1.618225313055454,0.0,0.0,1.0
2016-07-01,0.0021002757362003077,1.6216240324161695,0.0,0.0,1.0
2016-07-05,-0.007193038961438969,1.6099596275701942,0.0,0.0,1.0
2016-07-06,0.005997733326061017,1.6196157360820846,0.0,0.0,1.0
2016-07-07,-0.0006198631316168823,1.618611795999901,0.0,0.0,1.0
2016-07-08,0.014890227659237754,1.642713294134267,0.0,0.0,1.0
2016-07-11,0.003526786238313484,1.6485067927735144,0.0,0.0,1.0
2016-07-12,0.0072639009201220794,1.6604813827823695,0.0,0.0,1.0
2016-07-13,-0.00013993618241714412,1.660249021356688,0.0,0.0,1.0
2016-07-14,0.005583524891697111,1.6695190630938488,0.0,0.0,1.0
2016-07-15,-0.0013417653720337874,1.6672789602270393,0.0,0.0,1.0
2016-07-18,0.002687136250438149,1.671759165960658,0.0,0.0,1.0
2016-07-19,-0.001016592843156361,1.6700596675570614,0.0,0.0,1.0
2016-07-20,0.004163126720065247,1.6770123375831714,0.0,0.0,1.0
2016-07-21,-0.003777181841170596,1.6706779570342332,0.0,0.0,1.0
2016-07-22,0.004485086868198707,1.6781710928003164,0.0,0.0,1.0
2016-07-25,-0.002716069589311809,1.6736130633294992,0.0,0.0,1.0
2016-07-26,0.00046135726732599025,1.674385196878958,0.0,0.0,1.0
2016-07-27,-0.0010606489544422448,1.6726092619705548,0.0,0.0,1.0
2016-07-28,0.0011545000579322728,1.6745402894603978,0.0,0.0,1.0
2016-07-29,0.0016144362144021596,1.677243727946178,0.0,0.0,1.0
2016-08-01,-0.0008287447040360441,1.675853721089265,0.0,0.0,1.0
2016-08-02,-0.006407487073234686,1.6651157100347533,0.0,0.0,1.0
2016-08-03,0.0029228163376127103,1.6699825374360584,0.0,0.0,1.0
2016-08-04,0.0010638605403185952,1.6717591659606577,0.0,0.0,1.0
2016-08-05,0.008179045806755658,1.6854325607569136,0.0,0.0,1.0
2016-08-08,-0.0005959041466779835,1.6844282045050125,0.0,0.0,1.0
2016-08-09,0.0005962594601627291,1.6854325607569136,0.0,0.0,1.0
2016-08-10,-0.002475059888778275,1.6812610142305433,0.0,0.0,1.0
2016-08-11,0.004640855003170907,1.6890635028200713,0.0,0.0,1.0
2016-08-12,-0.0008692667631369222,1.6875952560562422,0.0,0.0,1.0
2016-08-15,0.002883883077912097,1.6924620834575475,0.0,0.0,1.0
2016-08-16,-0.005157505427335396,1.6837332010765558,0.0,0.0,1.0
2016-08-17,0.0018808875574620743,1.6869001139045465,0.0,0.0,1.0
2016-08-18,0.0022440449914244986,1.6906855936561875,0.0,0.0,1.0
2016-08-19,-0.0014622392568368614,1.6882134068101748,0.0,0.0,1.0
2016-08-22,-4.585176682547765e-05,1.688135999242694,0.0,0.0,1.0
2016-08-23,0.0020137080060116386,1.6915354122196056,0.0,0.0,1.0
2016-08-24,-0.005114815167762576,1.6828835212363773,0.0,0.0,1.0
2016-08-25,-0.0006888007234221449,1.6817243498495145,0.0,0.0,1.0
2016-08-26,-0.0018831343128699052,1.678557437021524,0.0,0.0,1.0
2016-08-29,0.004924444495867597,1.6868233999532622,0.0,0.0,1.0
2016-08-30,-0.0016488164813553974,1.6840421377302834,0.0,0.0,1.0
2016-08-31,-0.0028440023717455354,1.6792527178964591,0.0,0.0,1.0
2016-09-01,4.568338670352112e-05,1.6793294318477436,0.0,0.0,1.0
2016-09-02,0.004508157788000844,1.686900113904547,0.0,0.0,1.0
2016-09-06,0.0030224049241360795,1.6919986091153378,0.0,0.0,1.0
2016-09-07,-9.117043074013953e-05,1.691844348873333,0.0,0.0,1.0
2016-09-08,-0.0022833223664655566,1.6879813228309721,0.0,0.0,1.0
2016-09-09,-0.023934707968735647,1.6475799828123328,0.0,0.0,1.0
2016-09-12,0.014347707001440835,1.671218977667163,0.0,0.0,1.0
2016-09-13,-0.0143757711889414,1.6471939160376035,0.0,0.0,1.0
2016-09-14,-0.0003753592525761462,1.6465756265604317,0.0,0.0,1.0
2016-09-15,0.009993090695219697,1.6630300061331882,0.0,0.0,1.0
2016-09-16,-0.0038657456877704277,1.656601155058346,0.0,0.0,1.0
2016-09-19,0.00018757686778614335,1.6569118951141826,0.0,0.0,1.0
2016-09-20,4.688542232589299e-05,1.6569895801281418,0.0,0.0,1.0
2016-09-21,0.011245694801429007,1.6756235792354108,0.0,0.0,1.0
2016-09-22,0.0063012381263982675,1.6861820824183809,0.0,0.0,1.0
2016-09-23,-0.005479387590695106,1.6769428372403252,0.0,0.0,1.0
2016-09-26,-0.008102143491871439,1.663356005745338,0.0,0.0,1.0
2016-09-27,0.006208266836045695,1.6736825636723442,0.0,0.0,1.0
2016-09-28,0.004963570369063808,1.681990004852607,0.0,0.0,1.0
2016-09-29,-0.00904741517563723,1.6667723429574335,0.0,0.0,1.0
2016-09-30,0.00754601026325985,1.679349824163908,0.0,0.0,1.0
2016-10-03,-0.002403980188930066,1.6753127004563348,0.0,0.0,1.0
2016-10-04,-0.0050977692084438475,1.6667723429574337,0.0,0.0,1.0
2016-10-05,0.004425184961145856,1.6741481188631429,0.0,0.0,1.0
2016-10-06,0.0006956263786161987,1.6753127004563348,0.0,0.0,1.0
2016-10-07,-0.003429592051772623,1.669567061334616,0.0,0.0,1.0
2016-10-10,0.005208538892919279,1.6782630663079143,0.0,0.0,1.0
2016-10-11,-0.012629523266101117,1.6570674038653403,0.0,0.0,1.0
2016-10-12,0.0013115803157301986,1.6592407808540883,0.0,0.0,1.0
2016-10-13,-0.0032753664700828633,1.6538061592346847,0.0,0.0,1.0
2016-10-14,0.0005166242884881989,1.6546605556649967,0.0,0.0,1.0
2016-10-17,-0.0034723974666874824,1.648914916543278,0.0,0.0,1.0
2016-10-18,0.006262217781652923,1.6592407808540879,0.0,0.0,1.0
2016-10-19,0.0026673803313641553,1.6636666070779353,0.0,0.0,1.0
2016-10-20,-0.0018664683015997552,1.6605614260913943,0.0,0.0,1.0
2016-10-21,0.0004672390100881607,1.6613373051683118,0.0,0.0,1.0
2016-10-24,0.004253037263466819,1.66840303463438,0.0,0.0,1.0
2016-10-25,-0.0033508369525975246,1.6628124880941013,0.0,0.0,1.0
2016-10-26,-0.0020074173160475883,1.6594745295121611,0.0,0.0,1.0
2016-10-27,-0.0026669210174075086,1.6550488420115528,0.0,0.0,1.0
2016-10-28,-0.0029554302510498287,1.650157460596907,0.0,0.0,1.0
2016-10-31,4.690920068495252e-05,1.650234868164388,0.0,0.0,1.0
2016-11-01,-0.007245114043274992,1.638278728346348,0.0,0.0,1.0
2016-11-02,-0.006018615896163815,1.6284185579495756,0.0,0.0,1.0
2016-11-03,-0.004577456929753421,1.6209645421369503,0.0,0.0,1.0
2016-11-04,-0.0011014232836431548,1.6191791740482806,0.0,0.0,1.0
2016-11-07,0.022056867492671106,1.654893194537156,0.0,0.0,1.0
2016-11-08,0.004504060075146699,1.662346932903303,0.0,0.0,1.0
2016-11-09,0.010602018327340312,1.6799711655523417,0.0,0.0,1.0
2016-11-10,0.002495492243090869,1.684163520564594,0.0,0.0,1.0
2016-11-11,-0.002304937944263563,1.6802816281617001,0.0,0.0,1.0
2016-11-14,0.0007854712422912247,1.6816014410595714,0.0,0.0,1.0
2016-11-15,0.007802845539856884,1.69472271736376,0.0,0.0,1.0
2016-11-16,-0.0018782679988678108,1.6915395739167813,0.0,0.0,1.0
2016-11-17,0.005140471728348528,1.7002348852738833,0.0,0.0,1.0
2016-11-18,-0.002237378316750971,1.696430816608188,0.0,0.0,1.0
2016-11-21,0.0075513004576786,1.7092410754100615,0.0,0.0,1.0
2016-11-22,0.001953295088777951,1.7125797276081975,0.0,0.0,1.0
2016-11-23,0.0005437697818229115,1.7135109767130334,0.0,0.0,1.0
2016-11-25,0.0037158321831156638,1.7198780959464257,0.0,0.0,1.0
2016-11-28,-0.004695065917970531,1.7118031549150836,0.0,0.0,1.0
2016-11-29,0.0019503715649489273,1.7151418071132198,0.0,0.0,1.0
2016-11-30,-0.002399107003553169,1.7110269983916877,0.0,0.0,1.0
2016-12-01,-0.003675418686641674,1.7047382577884505,0.0,0.0,1.0
2016-12-02,0.0005007823401719236,1.7055919606025665,0.0,0.0,1.0
2016-12-05,0.006008901558252511,1.715840694792374,0.0,0.0,1.0
2016-12-06,0.0031673229548043746,1.7212753164117776,0.0,0.0,1.0
2016-12-07,0.01308077438223032,1.7437909304754622,0.0,0.0,1.0
2016-12-08,0.002448870101374734,1.7480612479481519,0.0,0.0,1.0
2016-12-09,0.006040518781341486,1.758620444747318,0.0,0.0,1.0
2016-12-12,-0.001147888723263324,1.7566017441702921,0.0,0.0,1.0
2016-12-13,0.006673966358502703,1.7683252451161717,0.0,0.0,1.0
2016-12-14,-0.008254318908273217,1.7537289246094325,0.0,0.0,1.0
2016-12-15,0.004117252387017656,1.7609494692104626,0.0,0.0,1.0
2016-12-16,-0.001955888367836889,1.7575052486272853,0.0,0.0,1.0
2016-12-19,0.0021774944929209283,1.7613322066274508,0.0,0.0,1.0
2016-12-20,0.0038576059120711825,1.7681267321608582,0.0,0.0,1.0
2016-12-21,-0.002782503985261253,1.7632069124821736,0.0,0.0,1.0
2016-12-22,-0.0017278182355042748,1.7601604114258198,0.0,0.0,1.0
2016-12-23,0.0014645001752797704,1.7627381666568733,0.0,0.0,1.0
2016-12-27,0.0024811775047670626,1.7671118329427766,0.0,0.0,1.0
2016-12-28,-0.008264854026385438,1.752506911595206,0.0,0.0,1.0
2016-12-29,-0.00022243124954834936,1.752117099293018,0.0,0.0,1.0
2016-12-30,-0.003655334743644767,1.745712524785038,0.0,0.0,1.0
2017-01-03,0.007650106217040431,1.7590674110240614,0.0,0.0,1.0
2017-01-04,0.0059491771913666724,1.769532414743802,0.0,0.0,1.0
2017-01-05,-0.0007943808043480161,1.768126732160858,0.0,0.0,1.0
2017-01-06,0.0035778301631435028,1.7744527893154436,0.0,0.0,1.0
2017-01-09,-0.0033011458711520447,1.7685950618164408,0.0,0.0,1.0
2017-01-10,0.0,1.7685950618164408,0.0,0.0,1.0
2017-01-11,0.0028262409317056925,1.7735935375717589,0.0,0.0,1.0
2017-01-12,-0.0025098704572392716,1.769142047548657,0.0,0.0,1.0
2017-01-13,0.002295375539293376,1.7732028929301356,0.0,0.0,1.0
2017-01-17,-0.003523386155831365,1.7669552144057055,0.0,0.0,1.0
2017-01-18,0.0022098143644448953,1.77085985741983,0.0,0.0,1.0
2017-01-19,-0.0037043054452750024,1.7643000516071707,0.0,0.0,1.0
2017-01-20,0.0036738108254759094,1.770781756236153,0.0,0.0,1.0
2017-01-23,-0.002602223464696407,1.7661737863992188,0.0,0.0,1.0
2017-01-24,0.006411901816860022,1.7774983193091225,0.0,0.0,1.0
2017-01-25,0.008655401782683203,1.7928832814307871,0.0,0.0,1.0
2017-01-26,-0.001045250551408583,1.7910092691922603,0.0,0.0,1.0
2017-01-27,-0.0015697874586630967,1.788197765303133,0.0,0.0,1.0
2017-01-30,-0.0062019031530291535,1.7771075359442596,0.0,0.0,1.0
2017-01-31,-8.766278600769173e-05,1.7769517497466234,0.0,0.0,1.0
2017-02-01,0.0003953368365090526,1.7776542442299974,0.0,0.0,1.0
2017-02-02,0.0006591806058093841,1.7788260394316286,0.0,0.0,1.0
2017-02-03,0.006892778285249035,1.7910870929294584,0.0,0.0,1.0
2017-02-06,-0.0017878240222888309,1.7878849443987077,0.0,0.0,1.0
2017-02-07,4.3838743874813346e-05,1.7879633230288627,0.0,0.0,1.0
2017-02-08,0.0013104494259625898,1.790306358539168,0.0,0.0,1.0
2017-02-09,0.005932774289110876,1.800927842072741,0.0,0.0,1.0
2017-02-10,0.003946106365625868,1.8080344948943772,0.0,0.0,1.0
2017-02-13,0.0054424047521624,1.817874550421464,0.0,0.0,1.0
2017-02-14,0.00399524553952646,1.825137405610454,0.0,0.0,1.0
2017-02-15,0.005220541563635939,1.83466561129579,0.0,0.0,1.0
2017-02-16,-0.0008511673703397449,1.8331040037919706,0.0,0.0,1.0
2017-02-17,0.0015761940513734363,1.8359933314182963,0.0,0.0,1.0
2017-02-21,0.0059550717921814655,1.8469268035168587,0.0,0.0,1.0
2017-02-22,-0.0008881042699308006,1.8452865399364058,0.0,0.0,1.0
2017-02-23,0.0006771950652566527,1.8465361588752351,0.0,0.0,1.0
2017-02-24,0.0012688063408914374,1.8488790556623014,0.0,0.0,1.0
2017-02-27,0.0015629707022712935,1.8517687994583445,0.0,0.0,1.0
2017-02-28,-0.0026992230528676275,1.8467704624262655,0.0,0.0,1.0
2017-03-01,0.013997690162533605,1.8726209831606273,0.0,0.0,1.0
2017-03-02,-0.006297517047780921,1.860828120595141,0.0,0.0,1.0
2017-03-03,0.0006295679553562916,1.8619996383502935,0.0,0.0,1.0
2017-03-06,-0.0029776330711498433,1.8564552866486725,0.0,0.0,1.0
2017-03-07,-0.0029871236476399776,1.850909825161138,0.0,0.0,1.0
2017-03-08,-0.0018564786833975555,1.8474736505258353,0.0,0.0,1.0
2017-03-09,0.0012684628434922463,1.8498171022058583,0.0,0.0,1.0
2017-03-10,0.003503970539169954,1.8562988068348403,0.0,0.0,1.0
2017-03-13,0.0005049579970153317,1.8572361597622016,0.0,0.0,1.0
2017-03-14,-0.0038267657439445824,1.8501289520476083,0.0,0.0,1.0
2017-03-15,0.008653177459269745,1.866138446192209,0.0,0.0,1.0
2017-03-16,-0.0019666611682024326,1.8624683841755931,0.0,0.0,1.0
2017-03-17,-0.00175632188359931,1.8591972901949536,0.0,0.0,1.0
2017-03-20,-0.0010967598242228593,1.8571581973017637,0.0,0.0,1.0
2017-03-21,-0.012839583414565814,1.833313059713463,0.0,0.0,1.0
2017-03-22,0.0023533522765795123,1.8376274911762227,0.0,0.0,1.0
2017-03-23,-0.001067358802939622,1.835666083296992,0.0,0.0,1.0
2017-03-24,-0.0007262379258221596,1.8343329529681562,0.0,0.0,1.0
2017-03-27,-0.0010261690113747557,1.8324506173352768,0.0,0.0,1.0
2017-03-28,0.007276863996613425,1.8457851112581358,0.0,0.0,1.0
2017-03-29,0.0009346495387403397,1.847510273460987,0.0,0.0,1.0
2017-03-30,0.0031842719431913746,1.8533932485895266,0.0,0.0,1.0
2017-03-31,-0.0023276308448435534,1.8490792332964847,0.0,0.0,1.0
2017-04-03,-0.0017394053446896374,1.8458629349953342,0.0,0.0,1.0
2017-04-04,0.0006372273493258085,1.84703916934062,0.0,0.0,1.0
2017-04-05,-0.002972534883235345,1.841548780979053,0.0,0.0,1.0
2017-04-06,0.0028113028234157955,1.8467259322664773,0.0,0.0,1.0
2017-04-07,-0.0010192826125364762,1.8448435966335979,0.0,0.0,1.0
2017-04-10,0.0005949438048054034,1.8459411749022498,0.0,0.0,1.0
2017-04-11,-0.0011894807159158471,1.8437454634719885,0.0,0.0,1.0
2017-04-12,-0.004382047487066054,1.8356660832969918,0.0,0.0,1.0
2017-04-13,-0.006494879531411035,1.8237436532260807,0.0,0.0,1.0
2017-04-17,0.008859986518222174,1.839901997406357,0.0,0.0,1.0
2017-04-18,-0.0029840656563809853,1.83441160904479,0.0,0.0,1.0
2017-04-19,-0.0018386913937914473,1.8310386922065682,0.0,0.0,1.0
2017-04-20,0.008138813646653809,1.8459411749022503,0.0,0.0,1.0
2017-04-21,-0.0031867532068746707,1.8400586159434285,0.0,0.0,1.0
2017-04-24,0.010998140715466453,1.8602958395262807,0.0,0.0,1.0
2017-04-25,0.00581866357089611,1.8711202751588218,0.0,0.0,1.0
2017-04-26,-0.000628996423750583,1.8699433471973397,0.0,0.0,1.0
2017-04-27,0.0008389671882893524,1.871512168309598,0.0,0.0,1.0
2017-04-28,-0.0021796047699432775,1.8674330114605435,0.0,0.0,1.0
2017-05-01,0.002520359247764059,1.872139613520558,0.0,0.0,1.0
2017-05-02,0.00037723682877732756,1.8728458535313908,0.0,0.0,1.0
2017-05-03,-0.0012147615452714478,1.8705707924082997,0.0,0.0,1.0
2017-05-04,0.0011741155866069608,1.872767058731518,0.0,0.0,1.0
2017-05-05,0.003936955963930178,1.880140060172443,0.0,0.0,1.0
2017-05-08,-0.0001668244034072064,1.8798264069285826,0.0,0.0,1.0
2017-05-09,-0.0009180193923480351,1.8781006898327743,0.0,0.0,1.0
2017-05-10,0.001796066793948281,1.8814738841174743,0.0,0.0,1.0
2017-05-11,-0.002042869062024666,1.8776302793286033,0.0,0.0,1.0
2017-05-12,-0.0016711388723864573,1.8744924983808473,0.0,0.0,1.0
2017-05-15,0.005523715811374785,1.8848466622324571,0.0,0.0,1.0
2017-05-16,-0.0009155742641494546,1.883120945136649,0.0,0.0,1.0
2017-05-17,-0.01774423685423898,1.849706401060966,0.0,0.0,1.0
2017-05-18,0.004028637321319639,1.8571581973017641,0.0,0.0,1.0
2017-05-19,0.006504049372601628,1.8692372459097466,0.0,0.0,1.0
2017-05-22,0.005077635449686424,1.8787285512134522,0.0,0.0,1.0
2017-05-23,0.002212730150296105,1.8828856705229442,0.0,0.0,1.0
2017-05-24,0.002332872736354963,1.8872782031693807,0.0,0.0,1.0
2017-05-25,0.0047794761621209325,1.8962984043527191,0.0,0.0,1.0
2017-05-26,-0.00020658901923764628,1.895906649925182,0.0,0.0,1.0
2017-05-30,-0.0008691116914620878,1.8942588952898114,0.0,0.0,1.0
2017-05-31,-0.0002485545534769429,1.893788068615923,0.0,0.0,1.0
2017-06-01,0.00795242681493602,1.90884827963459,0.0,0.0,1.0
2017-06-02,0.0033284595867231204,1.9152018039905396,0.0,0.0,1.0
2017-06-05,-0.0007372200285978847,1.913789878861831,0.0,0.0,1.0
2017-06-06,-0.0031967112168893586,1.9076720452893041,0.0,0.0,1.0
2017-06-07,0.0018500338868672195,1.9112013032181185,0.0,0.0,1.0
2017-06-08,0.0004926297522676037,1.9121428178426565,0.0,0.0,1.0
2017-06-09,-0.0015176436686712425,1.9092408664015623,0.0,0.0,1.0
2017-06-12,-0.00020562453584616058,1.90884827963459,0.0,0.0,1.0
2017-06-13,0.004890001314668879,1.9181825502315066,0.0,0.0,1.0
2017-06-14,-0.0012676998129655948,1.9157508705713442,0.0,0.0,1.0
2017-06-15,-0.001924274922941116,1.9120644392125012,0.0,0.0,1.0
2017-06-16,0.00021852526930588034,1.9124822736090104,0.0,0.0,1.0
2017-06-19,0.008324922214529407,1.9284035397734718,0.0,0.0,1.0
2017-06-20,-0.0067440778903229415,1.915398236097265,0.0,0.0,1.0
2017-06-21,-0.00024675290343867395,1.9149256060212667,0.0,0.0,1.0
2017-06-22,-0.00045284211856222445,1.914058447052947,0.0,0.0,1.0
2017-06-23,0.0011941865286453357,1.9163441898654574,0.0,0.0,1.0
2017-06-26,0.0006579483622377591,1.9176050453866633,0.0,0.0,1.0
2017-06-27,-0.008055996700629509,1.9021568254679178,0.0,0.0,1.0
2017-06-28,0.008950265984620787,1.9191816350003175,0.0,0.0,1.0
2017-06-29,-0.008788828711301377,1.9023142763444243,0.0,0.0,1.0
2017-06-30,0.0018647244537999264,1.9058615682943365,0.0,0.0,1.0
2017-07-03,0.001695152245983822,1.909092293812365,0.0,0.0,1.0
2017-07-05,0.0023124750851590825,1.9135070221770751,0.0,0.0,1.0
2017-07-06,-0.009144535672874432,1.896008888952481,0.0,0.0,1.0
2017-07-07,0.006485061530711489,1.908304623260114,0.0,0.0,1.0
2017-07-10,0.0010736976781378083,1.910353565503288,0.0,0.0,1.0
2017-07-11,-0.000742576594096156,1.908934981659097,0.0,0.0,1.0
2017-07-12,0.007514782630939187,1.923280213102861,0.0,0.0,1.0
2017-07-13,0.0016803045955999796,1.9265119096835643,0.0,0.0,1.0
2017-07-14,0.0046640675332092485,1.9354972913338604,0.0,0.0,1.0
2017-07-17,-0.00012227443931689397,1.9352606294877632,0.0,0.0,1.0
2017-07-18,0.0005297295476187625,1.9362857942255463,0.0,0.0,1.0
2017-07-19,0.00541370642657335,1.9467682770734278,0.0,0.0,1.0
2017-07-20,0.0004455776401401934,1.947635713488226,0.0,0.0,1.0
2017-07-21,-0.000890331019374857,1.9459016729980652,0.0,0.0,1.0
2017-07-24,-0.00024309874043482171,1.9454286267523493,0.0,0.0,1.0
2017-07-25,0.0024309367524322223,1.9501578407003552,0.0,0.0,1.0
2017-07-26,4.0190916098969964e-05,1.9502362193305105,0.0,0.0,1.0
2017-07-27,-0.0009295465195781061,1.9484233840404768,0.0,0.0,1.0
2017-07-28,-0.001172768308485339,1.9461383348441623,0.0,0.0,1.0
2017-07-31,-0.0005671138949462362,1.9450346527529847,0.0,0.0,1.0
2017-08-01,0.0022287327868566464,1.9493696152551476,0.0,0.0,1.0
2017-08-02,0.00048519020587556305,1.950315430300101,0.0,0.0,1.0
2017-08-03,-0.0019399618992450574,1.9465318926738089,0.0,0.0,1.0
2017-08-04,0.001822151382951498,1.9500787684540037,0.0,0.0,1.0
2017-08-07,0.0018592431437740586,1.9537044390340712,0.0,0.0,1.0
2017-08-08,-0.0024606863550450386,1.948896985179149,0.0,0.0,1.0
2017-08-09,-4.050163949786967e-05,1.948818051656037,0.0,0.0,1.0
2017-08-10,-0.0141154286531876,1.921309649489842,0.0,0.0,1.0
2017-08-11,0.0014770452567764991,1.92414751079442,0.0,0.0,1.0
2017-08-14,0.009913192873603816,1.9432219561861896,0.0,0.0,1.0
2017-08-15,-0.000121788375920584,1.9429852943400925,0.0,0.0,1.0
2017-08-16,0.0017442990778582246,1.946374441797302,0.0,0.0,1.0
2017-08-17,-0.015590889361347227,1.9160287332194863,0.0,0.0,1.0
2017-08-18,-0.0015630746864293554,1.9130338372081197,0.0,0.0,1.0
2017-08-21,0.0007828696290745896,1.914531493298662,0.0,0.0,1.0
2017-08-22,0.010456929950517724,1.934551615012146,0.0,0.0,1.0
2017-08-23,-0.003585554064980845,1.927615175605024,0.0,0.0,1.0
2017-08-24,-0.002330555100169107,1.9231227622263543,0.0,0.0,1.0
2017-08-25,0.0023359992751939007,1.927615175605024,0.0,0.0,1.0
2017-08-28,4.0948797307205353e-05,1.927694109128136,0.0,0.0,1.0
2017-08-29,0.0011449361833009153,1.9299011958640129,0.0,0.0,1.0
2017-08-30,0.004737677097726767,1.9390444445605333,0.0,0.0,1.0
2017-08-31,0.0060159720516639315,1.9507096817459437,0.0,0.0,1.0
2017-09-01,0.0014141778045198006,1.9534683320809307,0.0,0.0,1.0
2017-09-05,-0.0071820532181792185,1.9394384185598976,0.0,0.0,1.0
2017-09-06,0.003413794413142046,1.9460592625978104,0.0,0.0,1.0
2017-09-07,-0.00012161081147199493,1.9458226007517132,0.0,0.0,1.0
2017-09-08,-0.0011747635857793925,1.9435367192159636,0.0,0.0,1.0
2017-09-11,0.010665963177902027,1.9642664102980216,0.0,0.0,1.0
2017-09-12,0.0033707152586024414,1.9708873930591735,0.0,0.0,1.0
2017-09-13,0.000479822604297242,1.9718330693808876,0.0,0.0,1.0
2017-09-14,-0.0003197517741299061,1.971202572258665,0.0,0.0,1.0
2017-09-15,0.001346061248988839,1.9738559316550894,0.0,0.0,1.0
2017-09-18,0.0021270340795627174,1.9780543904898669,0.0,0.0,1.0
2017-09-19,0.0010011923698987069,1.9800348034528699,0.0,0.0,1.0
2017-09-20,0.00035997347209892894,1.9807475634559455,0.0,0.0,1.0
2017-09-21,-0.0026793595814436078,1.9754404284933786,0.0,0.0,1.0
2017-09-22,0.0002005596146952282,1.9758366220645707,0.0,0.0,1.0
2017-09-25,-0.0020447221447768005,1.9717965851689743,0.0,0.0,1.0
2017-09-26,0.0006027203816436622,1.972985027159311,0.0,0.0,1.0
2017-09-27,0.003894334698193891,1.9806684912095944,0.0,0.0,1.0
2017-09-28,0.0011997611403740116,1.983044820297311,0.0,0.0,1.0
2017-09-29,0.0035150820862048793,1.9900153856212794,0.0,0.0,1.0
2017-10-02,0.004338727464618941,1.9986495200298888,0.0,0.0,1.0
2017-10-03,0.0021400024709421483,2.0029266349413,0.0,0.0,1.0
2017-10-04,0.001186428422420116,2.0053029640290165,0.0,0.0,1.0
2017-10-05,0.005925250746743993,2.0171848869140776,0.0,0.0,1.0
2017-10-06,-0.0011388429767978936,2.0148876300727125,0.0,0.0,1.0
2017-10-09,-0.0016512772819798904,2.011560491903431,0.0,0.0,1.0
2017-10-10,0.002638248395058662,2.0168674881427586,0.0,0.0,1.0
2017-10-11,0.001570970230939439,2.0200359269263806,0.0,0.0,1.0
2017-10-12,-0.0014901495203901716,2.0170257713587003,0.0,0.0,1.0
2017-10-13,0.0012174751633897696,2.0194814501392466,0.0,0.0,1.0
2017-10-16,0.0013338023657560871,2.022175039275043,0.0,0.0,1.0
2017-10-17,0.0007050125244854044,2.023600698004434,0.0,0.0,1.0
2017-10-18,0.0009786579758328529,2.025581110967437,0.0,0.0,1.0
2017-10-19,0.00027366865779554495,2.0261354490313312,0.0,0.0,1.0
2017-10-20,0.005160419688482465,2.0365911582940446,0.0,0.0,1.0
2017-10-23,-0.00388938983987841,2.0286700613349895,0.0,0.0,1.0
2017-10-24,0.0017570593165994186,2.0322345549665646,0.0,0.0,1.0
2017-10-25,-0.004949977681925066,2.022175039275043,0.0,0.0,1.0
2017-10-26,0.001292511528055762,2.024788723825053,0.0,0.0,1.0
2017-10-27,0.008176138935578114,2.041343677746238,0.0,0.0,1.0
2017-10-30,-0.0037250534735282503,2.0337395633887847,0.0,0.0,1.0
2017-10-31,0.0015580737510070275,2.0369082796188853,0.0,0.0,1.0
2017-11-01,0.0013220504558526525,2.0396011751384857,0.0,0.0,1.0
2017-11-02,0.00038856903755668526,2.040393701004109,0.0,0.0,1.0
2017-11-03,0.0033384376807856775,2.0472054282191787,0.0,0.0,1.0
2017-11-06,0.0015478252384553137,2.050374144449279,0.0,0.0,1.0
2017-11-07,-0.0006952487232685378,2.0489486244431276,0.0,0.0,1.0
2017-11-08,0.0017006717514624903,2.052433213488916,0.0,0.0,1.0
2017-11-09,-0.003627536428285838,2.044987937240361,0.0,0.0,1.0
2017-11-10,-0.00031021277014309234,2.0443535558674406,0.0,0.0,1.0
2017-11-13,0.0009299771010526925,2.046254757860853,0.0,0.0,1.0
2017-11-14,-0.0023223419587520278,2.0415026545783768,0.0,0.0,1.0
2017-11-15,-0.005005310072707436,2.0312843007779566,0.0,0.0,1.0
2017-11-16,0.008500953136342027,2.048552153425457,0.0,0.0,1.0
2017-11-17,-0.0029388127245351114,2.0425318422900967,0.0,0.0,1.0
2017-11-20,0.0017064899730301342,2.0460174023985593,0.0,0.0,1.0
2017-11-21,0.006542785924063876,2.0594040562593623,0.0,0.0,1.0
2017-11-22,-0.0008845155221326451,2.057582481405258,0.0,0.0,1.0
2017-11-24,0.0023094892195969496,2.062334445964495,0.0,0.0,1.0
2017-11-27,-0.0004991074250704219,2.0613051195295355,0.0,0.0,1.0
2017-11-28,0.010144746804975346,2.082216538054962,0.0,0.0,1.0
2017-11-29,-0.0006084666606840372,2.080949578711231,0.0,0.0,1.0
2017-11-30,0.008754775101581735,2.099167824270579,0.0,0.0,1.0
2017-12-01,-0.0020755936932825847,2.094810804773381,0.0,0.0,1.0
2017-12-04,-0.0012098818540766665,2.092276331192962,0.0,0.0,1.0
2017-12-05,-0.00359644878281129,2.0847515665283383,0.0,0.0,1.0
2017-12-06,0.00018984391609477846,2.0851473439298127,0.0,0.0,1.0
2017-12-07,0.003153219202889357,2.091722270575546,0.0,0.0,1.0
2017-12-08,0.005452772657865701,2.103127956580389,0.0,0.0,1.0
2017-12-11,0.0030137323693524287,2.1094662213800253,0.0,0.0,1.0
2017-12-12,0.0017647299049150522,2.113188859504303,0.0,0.0,1.0
2017-12-13,-0.00011284616002704695,2.112950394256096,0.0,0.0,1.0
2017-12-14,-0.004086227347712801,2.104316398570726,0.0,0.0,1.0
2017-12-15,0.008327218957925764,2.1218395019783785,0.0,0.0,1.0
2017-12-18,0.006341347614495785,2.135294823842592,0.0,0.0,1.0
2017-12-19,-0.0038401216801893234,2.127095031895958,0.0,0.0,1.0
2017-12-20,-0.0005240204176876206,2.125980390668883,0.0,0.0,1.0
2017-12-21,0.002059661069769625,2.1303591897146372,0.0,0.0,1.0
2017-12-22,-0.00026157619551125944,2.129801938462719,0.0,0.0,1.0
2017-12-26,-0.0011965177880249867,2.1272535925583784,0.0,0.0,1.0
2017-12-27,0.0004868755223101928,2.1282893002623413,0.0,0.0,1.0
2017-12-28,0.002057100709484727,2.1326674056918997,0.0,0.0,1.0
2017-12-29,-0.003770374047202263,2.124626451854165,0.0,0.0,1.0
2018-01-02,0.007157288295439379,2.1398330158902015,0.0,0.0,1.0
2018-01-03,0.006325365740919242,2.153368242340201,0.0,0.0,1.0
2018-01-04,0.004214584192957949,2.162443794095986,0.0,0.0,1.0
2018-01-05,0.006664020645890334,2.176854364185419,0.0,0.0,1.0
2018-01-08,0.0018290770744224805,2.180835998597307,0.0,0.0,1.0
2018-01-09,0.0022634388941151773,2.185772187618219,0.0,0.0,1.0
2018-01-10,-0.0015300495952362825,2.1824278477672747,0.0,0.0,1.0
2018-01-11,0.007295780563789878,2.198350362440889,0.0,0.0,1.0
2018-01-12,0.006519268634872288,2.2126819990072097,0.0,0.0,1.0
2018-01-16,-0.003418172936065278,2.2051186692820846,0.0,0.0,1.0
2018-01-17,0.009531503673325892,2.2261367659784663,0.0,0.0,1.0
2018-01-18,-0.001680591729811165,2.2223955389401344,0.0,0.0,1.0
2018-01-19,0.004549337389839314,2.232505966060447,0.0,0.0,1.0
2018-01-22,0.008130868886104148,2.25065817935793,0.0,0.0,1.0
2018-01-23,0.0021223995997556866,2.255434975376986,0.0,0.0,1.0
2018-01-24,-0.0003881656408766254,2.2545594930143134,0.0,0.0,1.0
2018-01-25,0.00042381923149914513,2.255515018686012,0.0,0.0,1.0
2018-01-26,0.0115780086228634,2.2816293910213563,0.0,0.0,1.0
2018-01-29,-0.006630126631965383,2.266501899231671,0.0,0.0,1.0
2018-01-30,-0.010256942276736236,2.2432545200811385,0.0,0.0,1.0
2018-01-31,0.0004968857599962906,2.244369161308214,0.0,0.0,1.0
2018-02-01,-0.0011353779160001576,2.241820954127113,0.0,0.0,1.0
2018-02-02,-0.021769964020040278,2.1930165926163934,0.0,0.0,1.0
2018-02-05,-0.04182255780945199,2.1012990293946068,0.0,0.0,1.0
2018-02-06,0.019702300438114273,2.142699454182057,0.0,0.0,1.0
2018-02-07,-0.005424820039132916,2.1310756952451713,0.0,0.0,1.0
2018-02-08,-0.03750901490014347,2.0511411452388866,0.0,0.0,1.0
2018-02-09,0.015021658205537136,2.0819526864539792,0.0,0.0,1.0
2018-02-12,0.014684408452874997,2.1125249300814297,0.0,0.0,1.0
2018-02-13,0.002487467118876152,2.1177797663828133,0.0,0.0,1.0
2018-02-14,0.01349606995103314,2.1463614702507985,0.0,0.0,1.0
2018-02-15,0.012760194764098953,2.1737494606453565,0.0,0.0,1.0
2018-02-16,0.00029285847162840994,2.1743860615901043,0.0,0.0,1.0
2018-02-20,-0.006261087435373236,2.1607720403402317,0.0,0.0,1.0
2018-02-21,-0.004974340234317309,2.1500236250427793,0.0,0.0,1.0
2018-02-22,0.001296435077753566,2.1528109910882836,0.0,0.0,1.0
2018-02-23,0.015938979098056194,2.1871246004773055,0.0,0.0,1.0
2018-02-26,0.011612763358550104,2.212523160898312,0.0,0.0,1.0
2018-02-27,-0.012486841807442417,2.1848957341928723,0.0,0.0,1.0
2018-02-28,-0.010129946386147504,2.162762857546176,0.0,0.0,1.0
2018-03-01,-0.014540854304294526,2.1313144379398574,0.0,0.0,1.0
2018-03-02,0.005155369235763985,2.142302150824952,0.0,0.0,1.0
2018-03-05,0.011557538648269805,2.167061890729383,0.0,0.0,1.0
2018-03-06,0.0025347155073749406,2.1725547761092563,0.0,0.0,1.0
2018-03-07,-0.0003665776923458264,2.171758365992935,0.0,0.0,1.0
2018-03-08,0.004839565203727414,2.1822687322118983,0.0,0.0,1.0
2018-03-09,0.017402219311215328,2.2202450512858576,0.0,0.0,1.0
2018-03-12,-0.0012549318634791362,2.217458795026267,0.0,0.0,1.0
2018-03-13,-0.006462715004684427,2.2031279907993815,0.0,0.0,1.0
2018-03-14,-0.00513151716564153,2.1918226016964892,0.0,0.0,1.0
2018-03-15,-0.0010896858202298354,2.1894342036869614,0.0,0.0,1.0
2018-03-16,0.0010842216977395847,2.191808035756372,0.0,0.0,1.0
2018-03-19,-0.013530244757833931,2.162152336570401,0.0,0.0,1.0
2018-03-20,0.0017007477053572195,2.165829612195456,0.0,0.0,1.0
2018-03-21,-0.001919347931548132,2.161672631609203,0.0,0.0,1.0
2018-03-22,-0.02499713142096438,2.107637016747766,0.0,0.0,1.0
2018-03-23,-0.021314468462573233,2.0627138540237437,0.0,0.0,1.0
2018-03-26,0.02735876681000038,2.1191471613517363,0.0,0.0,1.0
2018-03-27,-0.017011826136798636,2.08309659828453,0.0,0.0,1.0
2018-03-28,-0.002954541443726977,2.076942003053612,0.0,0.0,1.0
2018-03-29,0.012777588644921956,2.1034803136079914,0.0,0.0,1.0
2018-04-02,-0.021584773024959203,2.058077168476293,0.0,0.0,1.0
2018-04-03,0.012816926566391551,2.0844553924126203,0.0,0.0,1.0
2018-04-04,0.010699254625316179,2.1067575114111565,0.0,0.0,1.0
2018-04-05,0.007892002293839129,2.123384046523776,0.0,0.0,1.0
2018-04-06,-0.022285846105420504,2.076062636440242,0.0,0.0,1.0
2018-04-09,0.004928468811600029,2.086294446394866,0.0,0.0,1.0
2018-04-10,0.015900453060945674,2.1194674733110794,0.0,0.0,1.0
2018-04-11,-0.005242306976364297,2.1083565741895636,0.0,0.0,1.0
2018-04-12,0.008226976001385333,2.125701973127784,0.0,0.0,1.0
2018-04-13,-0.0029329134072032526,2.119467473311079,0.0,0.0,1.0
2018-04-16,0.00822174433585543,2.1368931930048043,0.0,0.0,1.0
2018-04-17,0.010698387945003551,2.159754505380607,0.0,0.0,1.0
2018-04-18,0.0007404552219532068,2.1613537068822533,0.0,0.0,1.0
2018-04-19,-0.005548021482729926,2.1493624700846925,0.0,0.0,1.0
2018-04-20,-0.008479213966228749,2.1311375658098624,0.0,0.0,1.0
2018-04-23,-0.00014997546299866382,2.130817947466716,0.0,0.0,1.0
2018-04-24,-0.013467394877244132,2.102121380756663,0.0,0.0,1.0
2018-04-25,0.0024716651707374915,2.107317120958142,0.0,0.0,1.0
2018-04-26,0.010166020870130632,2.128740150789786,0.0,0.0,1.0
2018-04-27,0.0009385326294533147,2.1307380428809295,0.0,0.0,1.0
2018-04-30,-0.0076906134410893445,2.114351360248909,0.0,0.0,1.0
2018-05-01,0.0017766614694556537,2.1181078468435546,0.0,0.0,1.0
2018-05-02,-0.006717255499804953,2.1038799752601647,0.0,0.0,1.0
2018-05-03,-0.002203609858457245,2.0992438446056707,0.0,0.0,1.0
2018-05-04,0.012946350806510187,2.126421391846343,0.0,0.0,1.0
2018-05-07,0.003383367313574359,2.1336158564784014,0.0,0.0,1.0
2018-05-08,0.0,2.1336158564784014,0.0,0.0,1.0
2018-05-09,0.009665822257424406,2.154239008112744,0.0,0.0,1.0
2018-05-10,0.009350351425413184,2.1743818998929316,0.0,0.0,1.0
2018-05-11,0.00305124763912068,2.181016477531527,0.0,0.0,1.0
2018-05-14,0.0004765275819278436,2.18205579203971,0.0,0.0,1.0
2018-05-15,-0.006886650753530232,2.1670287358752147,0.0,0.0,1.0
2018-05-16,0.004204916409314086,2.1761409105661516,0.0,0.0,1.0
2018-05-17,-0.00084471627452265,2.174302688923342,0.0,0.0,1.0
2018-05-18,-0.0025000521575256895,2.1688668187947853,0.0,0.0,1.0
2018-05-21,0.007518506522247392,2.18517345811778,0.0,0.0,1.0
2018-05-22,-0.002780148547146588,2.1790983513029305,0.0,0.0,1.0
2018-05-23,0.0027511670146687095,2.185093414808754,0.0,0.0,1.0
2018-05-24,-0.0020485721354447373,2.180617093325833,0.0,0.0,1.0
2018-05-25,-0.002382692595312319,2.1754213531243543,0.0,0.0,1.0
2018-05-29,-0.01150114939435598,2.150401507146399,0.0,0.0,1.0
2018-05-30,0.013344877252533527,2.179098351302931,0.0,0.0,1.0
2018-05-31,-0.006126082974397429,2.1657490139934765,0.0,0.0,1.0
2018-06-01,0.009817632101638551,2.187011541037351,0.0,0.0,1.0
2018-06-04,0.004751832602339023,2.197403853779744,0.0,0.0,1.0
2018-06-05,0.0007272004141360977,2.1990018067722366,0.0,0.0,1.0
2018-06-06,0.0083608597906637,2.217387352558075,0.0,0.0,1.0
2018-06-07,-0.00010823152010919213,2.217147361354237,0.0,0.0,1.0
2018-06-08,0.0029564168310598493,2.2237021731302846,0.0,0.0,1.0
2018-06-11,0.0013300873736585839,2.2266598913135422,0.0,0.0,1.0
2018-06-12,0.001291936780636993,2.2295365951250994,0.0,0.0,1.0
2018-06-13,-0.003190737683171352,2.222422728695024,0.0,0.0,1.0
2018-06-14,0.0025177036669963293,2.2280181305486755,0.0,0.0,1.0
2018-06-15,-0.0012758324789803321,2.2251755526539645,0.0,0.0,1.0
2018-06-18,-0.00205662017674757,2.220599211715571,0.0,0.0,1.0
2018-06-19,-0.003832850869154081,2.212087986096904,0.0,0.0,1.0
2018-06-20,0.001706002212961577,2.215861813096451,0.0,0.0,1.0
2018-06-21,-0.00626854036522051,2.201971593877305,0.0,0.0,1.0
2018-06-22,0.0018227662388135002,2.205985273357451,0.0,0.0,1.0
2018-06-25,-0.013612638865656446,2.1759559924882796,0.0,0.0,1.0
2018-06-26,0.0022140702253425903,2.1807737118629036,0.0,0.0,1.0
2018-06-27,-0.008284246122216343,2.162707645696972,0.0,0.0,1.0
2018-06-28,0.005717350298641621,2.175072602900972,0.0,0.0,1.0
2018-06-29,0.0014398034902622925,2.1782042800262027,0.0,0.0,1.0
2018-07-02,0.0021380354020603676,2.182861357889818,0.0,0.0,1.0
2018-07-03,-0.0035312803913274404,2.1751530623797155,0.0,0.0,1.0
2018-07-05,0.008157883106056918,2.192897706800391,0.0,0.0,1.0
2018-07-06,0.008458337152670525,2.2114459749458266,0.0,0.0,1.0
2018-07-09,0.009004590806944268,2.2313591410418776,0.0,0.0,1.0
2018-07-10,0.003598079449324443,2.2393877485113225,0.0,0.0,1.0
2018-07-11,-0.007314571873792919,2.223007585871545,0.0,0.0,1.0
2018-07-12,0.009066278467574573,2.243161991680587,0.0,0.0,1.0
2018-07-13,0.0007872578270002872,2.2449279385157674,0.0,0.0,1.0
2018-07-16,-0.0008942838135000963,2.2429203357978786,0.0,0.0,1.0
2018-07-17,0.004045691850292243,2.251994500321271,0.0,0.0,1.0
2018-07-18,0.0021034609315102593,2.2567314827706726,0.0,0.0,1.0
2018-07-19,-0.0037716064716282194,2.2482199797055276,0.0,0.0,1.0
2018-07-20,-0.0011428738557146545,2.2456505478688267,0.0,0.0,1.0
2018-07-23,0.0018594030599596856,2.249826117369134,0.0,0.0,1.0
2018-07-24,0.0050322198833390175,2.2611477370910142,0.0,0.0,1.0
2018-07-25,0.00852242470170017,2.280418198419792,0.0,0.0,1.0
2018-07-26,-0.002359383395817316,2.275037817586921,0.0,0.0,1.0
2018-07-27,-0.006775679165493931,2.2596228912455865,0.0,0.0,1.0
2018-07-30,-0.005224047180648728,2.2478185146512457,0.0,0.0,1.0
2018-07-31,0.00492951605440739,2.2588991721066134,0.0,0.0,1.0
2018-08-01,-0.001670710127033681,2.255125206383827,0.0,0.0,1.0
2018-08-02,0.005447306857837786,2.2674095653858446,0.0,0.0,1.0
2018-08-03,0.004285449545156306,2.2771264346765103,0.0,0.0,1.0
2018-08-06,0.0036666713778370497,2.285475908998255,0.0,0.0,1.0
2018-08-07,0.003302867920002228,2.2930245340600233,0.0,0.0,1.0
2018-08-08,-0.0004204606179343262,2.2920604075474937,0.0,0.0,1.0
2018-08-09,-0.001366315265914464,2.2889287304222634,0.0,0.0,1.0
2018-08-10,-0.0066997713813470305,2.2735934312202373,0.0,0.0,1.0
2018-08-13,-0.003743451568145706,2.26508234432481,0.0,0.0,1.0
2018-08-14,0.006380547066594078,2.279534808832486,0.0,0.0,1.0
2018-08-15,-0.007467632702011895,2.262512080148674,0.0,0.0,1.0
2018-08-16,0.008091277135423569,2.2808186924114007,0.0,0.0,1.0
2018-08-17,0.00352066331644596,2.2888486871132376,0.0,0.0,1.0
2018-08-20,0.0021397762062582704,2.2937463110736482,0.0,0.0,1.0
2018-08-21,0.0023456738903060437,2.2991266919065194,0.0,0.0,1.0
2018-08-22,-0.0005938403156030558,2.2977613777861863,0.0,0.0,1.0
2018-08-23,-0.0013278484670967705,2.2947102988629386,0.0,0.0,1.0
2018-08-24,0.006018507351416069,2.3085210296660152,0.0,0.0,1.0
2018-08-27,0.00789516428473691,2.3267471824499983,0.0,0.0,1.0
2018-08-28,0.00048316943888915276,2.3278713955805794,0.0,0.0,1.0
2018-08-29,0.005381066616577446,2.340397826635024,0.0,0.0,1.0
2018-08-30,-0.004048370379775124,2.3309230293967844,0.0,0.0,1.0
2018-08-31,3.428023352936016e-05,2.331002933982571,0.0,0.0,1.0
2018-09-04,-0.0017221656128434404,2.326988560886229,0.0,0.0,1.0
2018-09-05,-0.0026914348381489317,2.3207256228054858,0.0,0.0,1.0
2018-09-06,-0.0030101301456729734,2.3137399366484432,0.0,0.0,1.0
2018-09-07,-0.0019435427686130824,2.309243084126119,0.0,0.0,1.0
2018-09-10,0.0017389341265536817,2.313258705731614,0.0,0.0,1.0
2018-09-11,0.0032973218974521323,2.3208862643164947,0.0,0.0,1.0
2018-09-12,0.00024225456334248108,2.321448509605024,0.0,0.0,1.0
2018-09-13,0.005914408103839808,2.335178503482879,0.0,0.0,1.0
2018-09-14,0.00017144525258827592,2.3355788587512474,0.0,0.0,1.0
2018-09-17,-0.00529393484819185,2.323214456440204,0.0,0.0,1.0
2018-09-18,0.00542588880068795,2.3358199597409994,0.0,0.0,1.0
2018-09-19,0.0010656856467274878,2.338309209545435,0.0,0.0,1.0
2018-09-20,0.008103972904491163,2.3572588040219133,0.0,0.0,1.0
2018-09-21,-0.00091357790746871,2.355105264456373,0.0,0.0,1.0
2018-09-24,-0.003322258353445795,2.3472809963182883,0.0,0.0,1.0
2018-09-25,-0.0009275082615255448,2.3451038738020813,0.0,0.0,1.0
2018-09-26,-0.002992385052626667,2.338086420023259,0.0,0.0,1.0
2018-09-27,0.002794535099716944,2.3446202845901856,0.0,0.0,1.0
2018-09-28,0.00010306823851058411,2.3448619404728945,0.0,0.0,1.0
2018-10-01,0.003474023742061183,2.353008046525953,0.0,0.0,1.0
2018-10-02,-0.0005827181502436884,2.3516369060295728,0.0,0.0,1.0
2018-10-03,0.0005491976051916758,2.3529284193866444,0.0,0.0,1.0
2018-10-04,-0.007816021801141049,2.334537879564194,0.0,0.0,1.0
2018-10-05,-0.0055969714673892446,2.3214715376627337,0.0,0.0,1.0
2018-10-08,0.0,2.3214715376627337,0.0,0.0,1.0
2018-10-09,-0.0014590768298934353,2.318084332330873,0.0,0.0,1.0
2018-10-10,-0.031663355004210914,2.244686005186581,0.0,0.0,1.0
2018-10-11,-0.022026708051733124,2.195242961882525,0.0,0.0,1.0
2018-10-12,0.013888229754351888,2.2257310005037736,0.0,0.0,1.0
2018-10-15,-0.005616975743373054,2.2132291234626704,0.0,0.0,1.0
2018-10-16,0.02186611014299733,2.2616238352479945,0.0,0.0,1.0
2018-10-17,0.0001785546044639208,2.2620276585973436,0.0,0.0,1.0
2018-10-18,-0.014441329649055867,2.2293609715042573,0.0,0.0,1.0
2018-10-19,-0.0005426069000928901,2.2281513048583212,0.0,0.0,1.0
2018-10-22,-0.004488774204409629,2.2181496367575515,0.0,0.0,1.0
2018-10-23,-0.005090886985836152,2.2068572876391452,0.0,0.0,1.0
2018-10-24,-0.030298750102618954,2.139992270168823,0.0,0.0,1.0
2018-10-25,0.01794060977381351,2.1783850364068993,0.0,0.0,1.0
2018-10-26,-0.01758709951620374,2.140073561987002,0.0,0.0,1.0
2018-10-29,-0.005540247187239999,2.128217025454717,0.0,0.0,1.0
2018-10-30,0.01481860266232804,2.159754227934132,0.0,0.0,1.0
2018-10-31,0.010680849563283523,2.182822237936362,0.0,0.0,1.0
2018-11-01,-0.00043766294000591177,2.1818668975381965,0.0005,1.0,0.0
2018-11-02,6.21492123455969e-05,2.1820024988473214,0.0,0.0,0.0
2018-11-05,0.00018669404533122602,2.182409865720754,0.0,0.0,0.0
2018-11-06,6.209445277116643e-05,2.1825453812670883,0.0,0.0,0.0
2018-11-07,6.324435161619846e-05,2.1826834149345995,0.0,0.0,0.0
2018-11-08,6.324435161619846e-05,2.1828214573319604,0.0,0.0,0.0
2018-11-09,6.305270289663767e-05,2.182959090124786,0.0,0.0,0.0
2018-11-12,0.00018891170039547767,2.1833714766383956,0.0,0.0,0.0
2018-11-13,6.297056679849256e-05,2.183508964777811,0.0,0.0,0.0
2018-11-14,6.283367765358427e-05,2.1836461626762578,0.0,0.0,0.0
2018-11-15,6.365503210625789e-05,2.1837851627428515,0.0,0.0,0.0
2018-11-16,6.324435161619846e-05,2.1839232748195383,0.0,0.0,0.0
2018-11-19,0.00018891170039547767,2.1843358434789177,0.0,0.0,0.0
2018-11-20,6.297056679849256e-05,2.1844733923450597,0.0,0.0,0.0
2018-11-21,6.39288169239638e-05,2.1846130431446342,0.0,0.0,0.0
2018-11-23,0.00012867898177315595,2.1848941569265943,0.0,0.0,0.0
2018-11-26,0.0001928542135187783,2.1853155229708503,0.0,0.0,0.0
2018-11-27,6.414784216701719e-05,2.185455706246103,0.0,0.0,0.0
2018-11-28,6.442162698472309e-05,2.1855964968584023,0.0,0.0,0.0
2018-11-29,6.39288169239638e-05,2.18573621945672,0.0,0.0,0.0
2018-11-30,6.324435161619846e-05,2.1858744549267235,0.0,0.0,0.0
2018-12-03,0.012735322573484531,2.213712271215355,0.0004997501249375312,0.9995002498750624,1.0
2018-12-04,-0.032402434580906636,2.1419826041663494,0.0,0.0,1.0
2018-12-06,-0.0015171521757282314,2.1387328905980665,0.0,0.0,1.0
2018-12-07,-0.02323605359702985,2.0890371785223993,0.0,0.0,1.0
2018-12-10,0.0018970806348668212,2.093000250499291,0.0,0.0,1.0
2018-12-11,0.0002271769402899526,2.0934757318922257,0.0,0.0,1.0
2018-12-12,0.005035241218769748,2.1040168871879437,0.0,0.0,1.0
2018-12-13,-0.0003389163720772803,2.1033038014177485,0.0,0.0,1.0
2018-12-14,-0.018464793018198145,2.0644667320701804,0.0,0.0,1.0
2018-12-17,-0.019618264413602926,2.023965477847341,0.0,0.0,1.0
2018-12-18,-0.0010966339829507898,2.0217459285240142,0.0,0.0,1.0
2018-12-19,-0.014975690394875785,1.991468887441338,0.0,0.0,1.0
2018-12-20,-0.016277924397275267,1.959051907452042,0.0,0.0,1.0
2018-12-21,-0.020489576867069648,1.9189117628077241,0.0,0.0,1.0
2018-12-24,-0.026422704450206225,1.8682089244330313,0.0,0.0,1.0
2018-12-26,0.05052462431767757,1.9625994784869427,0.0,0.0,1.0
2018-12-27,0.007677386404624675,1.977667113040802,0.0,0.0,1.0
2018-12-28,-0.0012900118206854438,1.9751158990875983,0.0,0.0,1.0
2018-12-31,0.00875884055826437,1.9924156243317996,0.0,0.0,1.0
2019-01-02,-0.0003741218369698318,1.9916702181384172,0.0005,1.0,0.0
2019-01-03,6.475017137685946e-05,1.9917991791263678,0.0,0.0,0.0
2019-01-04,6.447638655915355e-05,1.9919276031401894,0.0,0.0,0.0
2019-01-07,0.00019367556797167396,1.992313390850086,0.0,0.0,0.0
2019-01-08,6.442162698472309e-05,1.992441738920188,0.0,0.0,0.0
2019-01-09,6.570842150210865e-05,1.9925726591217874,0.0,0.0,0.0
2019-01-10,6.543463668462479e-05,1.9927030423898047,0.0,0.0,0.0
2019-01-11,6.502395619434331e-05,1.9928326158251413,0.0,0.0,0.0
2019-01-14,0.00019466118156552525,1.9932205429768002,0.0,0.0,0.0
2019-01-15,6.461327570428388e-05,1.993349331485283,0.0,0.0,0.0
2019-01-16,6.524298143739671e-05,1.9934793835387155,0.0,0.0,0.0
2019-01-17,6.469541180220695e-05,1.9936083525083528,0.0,0.0,0.0
2019-01-18,6.447638655915355e-05,1.9937368931711366,0.0,0.0,0.0
2019-01-22,0.00025713895135837106,1.9942495605851311,0.0,0.0,0.0
2019-01-23,6.420260174144765e-05,1.9943775965954424,0.0,0.0,0.0
2019-01-24,6.442162698472309e-05,1.994506077645037,0.0,0.0,0.0
2019-01-25,6.310746247106813e-05,1.9946319458624802,0.0,0.0,0.0
2019-01-28,0.00019121150461320902,1.995013342437998,0.0,0.0,0.0
2019-01-29,6.387405734931129e-05,1.9951407720346457,0.0,0.0,0.0
2019-01-30,6.475017137685946e-05,1.9952699577415558,0.0,0.0,0.0
2019-01-31,6.475017137685946e-05,1.9953991518132628,0.0,0.0,0.0
2019-02-01,6.406570606887207e-05,1.995526988468813,0.0,0.0,0.0
2019-02-04,0.00019219711820683827,1.9959105230053007,0.0,0.0,0.0
2019-02-05,6.39288169239638e-05,1.9960381192037224,0.0,0.0,0.0
2019-02-06,6.475017137685946e-05,1.9961673630140155,0.0,0.0,0.0
2019-02-07,6.475017137685946e-05,1.9962966151928676,0.0,0.0,0.0
2019-02-08,6.447638655915355e-05,1.9964253291851155,0.0,0.0,0.0
2019-02-11,0.00019425051413035632,1.9968131358317325,0.0,0.0,0.0
2019-02-12,6.502395619434331e-05,1.9969429765216051,0.0,0.0,0.0
2019-02-13,6.510609229248843e-05,1.9970729896753374,0.0,0.0,0.0
2019-02-14,6.496919661991285e-05,1.997202737903068,0.0,0.0,0.0
2019-02-15,6.496919661991285e-05,1.9973324945604365,0.0,0.0,0.0
2019-02-19,0.000259548242087293,1.9978508986982635,0.0,0.0,0.0
2019-02-20,6.496919661991285e-05,1.9979806974661183,0.0,0.0,0.0
2019-02-21,6.524298143739671e-05,1.9981110516836753,0.0,0.0,0.0
2019-02-22,6.557152582953307e-05,1.998242070874111,0.0,0.0,0.0
2019-02-25,0.00019655029876530783,1.9986348259501467,0.0,0.0,0.0
2019-02-26,6.551676625510261e-05,1.9987657700408679,0.0,0.0,0.0
2019-02-27,6.570842150210865e-05,1.9988971057845697,0.0,0.0,0.0
2019-02-28,6.551676625510261e-05,1.9990280670590175,0.0,0.0,0.0
2019-03-01,0.005741120174829861,2.0105047274248613,0.0004997501249375313,0.9995002498750625,1.0
2019-03-04,-0.003637608019213867,2.0031912993057133,0.0,0.0,1.0
2019-03-05,-0.0013601709390620442,2.000466616715016,0.0,0.0,1.0
2019-03-06,-0.00605688337272936,1.9883500237265344,0.0,0.0,1.0
2019-03-07,-0.008365354302744654,1.971716771300191,0.0,0.0,1.0
2019-03-08,-0.0019999847044631647,1.9677733679160572,0.0,0.0,1.0
2019-03-11,0.014501316027449418,1.9963086713946063,0.0,0.0,1.0
2019-03-12,0.0037711291592699148,2.003837009236206,0.0,0.0,1.0
2019-03-13,0.006618793065210626,2.017099991736751,0.0,0.0,1.0
2019-03-14,-0.0006396889136592865,2.0158096752342947,0.0,0.0,1.0
2019-03-15,0.004940829670885938,2.025769447488551,0.0,0.0,1.0
2019-03-18,0.0036259323242411323,2.03311475040966,0.0,0.0,1.0
2019-03-19,0.0002475889174955448,2.0336181270898583,0.0,0.0,1.0
2019-03-20,-0.003009817852577923,2.0274973069456173,0.0,0.0,1.0
2019-03-21,0.011294572780944812,2.050397022842084,0.0,0.0,1.0
2019-03-22,-0.019246141279914863,2.0109347920605485,0.0,0.0,1.0
2019-03-25,-0.0007518736944858162,2.009422823089072,0.0,0.0,1.0
2019-03-26,0.007453805477842135,2.024400669935114,0.0,0.0,1.0
2019-03-27,-0.005228772894048994,2.0138155385854626,0.0,0.0,1.0
2019-03-28,0.0037904561520307745,2.021448818082749,0.0,0.0,1.0
2019-03-29,0.006305377419303815,2.0341948158145664,0.0,0.0,1.0
2019-04-01,0.01185897383743062,2.0583182789155483,0.0,0.0,1.0
2019-04-02,0.0004897101311507335,2.059326258229866,0.0,0.0,1.0
2019-04-03,0.0015735444505471374,2.0625666996353695,0.0,0.0,1.0
2019-04-04,0.002653799787424971,2.0680403387044115,0.0,0.0,1.0
2019-04-05,0.004839933733384871,2.0780495169017077,0.0,0.0,1.0
2019-04-08,0.0007623387434094742,2.079633694559165,0.0,0.0,1.0
2019-04-09,-0.005124918412543922,2.068975741546572,0.0,0.0,1.0
2019-04-10,0.0034114982434700902,2.0760340486546407,0.0,0.0,1.0
2019-04-11,-0.00027825626859045993,2.0754563791667953,0.0,0.0,1.0
2019-04-12,0.006766486399511162,2.0894999265292062,0.0,0.0,1.0
2019-04-15,-0.0006547808684295164,2.08813176195273,0.0,0.0,1.0
2019-04-16,0.0006552098873284784,2.0894999265292062,0.0,0.0,1.0
2019-04-17,-0.002446979471211641,2.084386963103891,0.0,0.0,1.0
2019-04-18,0.001969278734165858,2.088491702024104,0.0,0.0,1.0
2019-04-22,0.0008617225316844834,2.0902914023809744,0.0,0.0,1.0
2019-04-23,0.008991851534099649,2.109086992334189,0.0,0.0,1.0
2019-04-24,-0.002219414030984135,2.1044060550708363,0.0,0.0,1.0
2019-04-25,-0.0006162375626680427,2.1031092410125956,0.0,0.0,1.0
2019-04-26,0.004657100486858523,2.112903632082832,0.0,0.0,1.0
2019-04-29,0.001567876848037164,2.1162164047697085,0.0,0.0,1.0
2019-04-30,0.0005101439630204041,2.1172959797930466,0.0,0.0,1.0
2019-05-01,-0.007516241473949803,2.101381871937099,0.0,0.0,1.0
2019-05-02,-0.00215882698522063,2.0968453520457078,0.0,0.0,1.0
2019-05-03,0.009788008339206344,2.1173692918375573,0.0,0.0,1.0
2019-05-06,-0.004115753869534666,2.108654720981443,0.0,0.0,1.0
2019-05-07,-0.016699540479789943,2.0734411561105133,0.0,0.0,1.0
2019-05-08,-0.0013893553315578178,2.0705604095855996,0.0,0.0,1.0
2019-05-09,-0.0030255695560678086,2.064295785046358,0.0,0.0,1.0
2019-05-10,0.005023196547011111,2.0746651485058125,0.0,0.0,1.0
2019-05-13,-0.02513037982223354,2.022528025319911,0.0,0.0,1.0
2019-05-14,0.009043989829784715,2.0408197482113586,0.0,0.0,1.0
2019-05-15,0.005857765971697848,2.0527743926868,0.0,0.0,1.0
2019-05-16,0.009260881148650979,2.0717848923624667,0.0,0.0,1.0
2019-05-17,-0.0064649747298271,2.0583908553877057,0.0,0.0,1.0
2019-05-20,-0.00661210440714044,2.044780560141179,0.0,0.0,1.0
2019-05-21,0.009015835268789685,2.0632159648322355,0.0,0.0,1.0
2019-05-22,-0.0030713972403415557,2.056879009011621,0.0,0.0,1.0
2019-05-23,-0.012218955733367398,2.0317460954516156,0.0,0.0,1.0
2019-05-24,0.002268418865468247,2.0363549466243795,0.0,0.0,1.0
2019-05-28,-0.009300394313889848,2.0174160426577328,0.0,0.0,1.0
2019-05-29,-0.0067107894754753206,2.0038775883110103,0.0,0.0,1.0
2019-05-30,0.0027311565978949126,2.0093504918076994,0.0,0.0,1.0
2019-05-31,-0.013475575313826704,1.98227333792347,0.0,0.0,1.0
2019-06-03,-0.0003117574141402457,1.9816553495135198,0.0005,1.0,0.0
2019-06-04,6.24229971633028e-05,1.9817790503797812,0.0,0.0,0.0
2019-06-05,6.283367765358427e-05,1.9819035728458134,0.0,0.0,0.0
2019-06-06,6.255989283587837e-05,1.9820275605209416,0.0,0.0,0.0
2019-06-07,6.173853838298271e-05,1.982149928005563,0.0,0.0,0.0
2019-06-10,0.00018193017775525178,1.9825105408943027,0.0,0.0,0.0
2019-06-11,6.078028825773352e-05,1.9826310384564523,0.0,0.0,0.0
2019-06-12,6.058863953817273e-05,1.9827511633737784,0.0,0.0,0.0
2019-06-13,5.927446849707252e-05,1.9828686898951493,0.0,0.0,0.0
2019-06-14,5.8590009716752434e-05,1.9829848661909573,0.0,0.0,0.0
2019-06-17,0.0001745379876796349,1.9833309723791015,0.0,0.0,0.0
2019-06-18,5.8535250142099926e-05,1.9834470671536844,0.0,0.0,0.0
2019-06-19,5.935660459499559e-05,1.9835647978369846,0.0,0.0,0.0
2019-06-20,5.8179329226470955e-05,1.9836802003064,0.0,0.0,0.0
2019-06-21,5.689254123653065e-05,1.983793056913996,0.0,0.0,0.0
2019-06-24,0.00016878850650980937,1.984127898381297,0.0,0.0,0.0
2019-06-25,5.634497160134089e-05,1.984239694011385,0.0,0.0,0.0
2019-06-26,5.702943038166097e-05,1.984352854070875,0.0,0.0,0.0
2019-06-27,5.730321519914483e-05,1.984466563869503,0.0,0.0,0.0
2019-06-28,5.7084189956091436e-05,1.9845798455357964,0.0,0.0,0.0
2019-07-01,0.00857449074967298,2.0015966070633304,0.0004997501249375312,0.9995002498750625,1.0
2019-07-02,0.002604259483904192,2.0068092840102256,0.0,0.0,1.0
2019-07-03,0.007994578226559357,2.022852877817031,0.0,0.0,1.0
2019-07-05,-0.0011375119367310615,2.0205518585222633,0.0,0.0,1.0
2019-07-08,-0.0054951342693706495,2.009448654761457,0.0,0.0,1.0
2019-07-09,0.0012466987483354952,2.0119538318841923,0.0,0.0,1.0
2019-07-10,0.00477752684572641,2.0215659953283813,0.0,0.0,1.0
2019-07-11,0.002345122566043134,2.0263068153627715,0.0,0.0,1.0
2019-07-12,0.004476745489236045,2.035378075258255,0.0,0.0,1.0
2019-07-15,0.00033269577912520276,2.036055236952817,0.0,0.0,1.0
2019-07-16,-0.0032254673682949875,2.0294880072259796,0.0,0.0,1.0
2019-07-17,-0.0068050185740407,2.015677303641014,0.0,0.0,1.0
2019-07-18,0.003661053582256102,2.023056806254181,0.0,0.0,1.0
2019-07-19,-0.005555115861220816,2.0118184913016077,0.0,0.0,1.0
2019-07-22,0.0024565959572948604,2.0167607164741503,0.0,0.0,1.0
2019-07-23,0.007149721485141036,2.031179993899114,0.0,0.0,1.0
2019-07-24,0.004699779890159572,2.0407260927877355,0.0,0.0,1.0
2019-07-25,-0.004777162602142226,2.030977212416054,0.0,0.0,1.0
2019-07-26,0.00670018453122756,2.04458513451796,0.0,0.0,1.0
2019-07-29,-0.0018212502305593459,2.040861433370321,0.0,0.0,1.0
2019-07-30,-0.0024546821215313264,2.035851767297304,0.0,0.0,1.0
2019-07-31,-0.010940575339638214,2.0135783776568523,0.0,0.0,1.0
2019-08-01,-0.008707625868398683,1.9960448904875192,0.0,0.0,1.0
2019-08-02,-0.0075295038110082535,1.9810156628776499,0.0,0.0,1.0
2019-08-05,-0.03007346585247661,1.9214396559868776,0.0,0.0,1.0
2019-08-06,0.01402294648776281,1.948383901462247,0.0,0.0,1.0
2019-08-07,0.0005907886651932426,1.9495349845866758,0.0,0.0,1.0
2019-08-08,0.01962006408237249,1.9877849859150936,0.0,0.0,1.0
2019-08-09,-0.006811382384964704,1.9742454222769341,0.0,0.0,1.0
2019-08-12,-0.012173165981736345,1.9502126050628739,0.0,0.0,1.0
2019-08-13,0.015551472452048687,1.9805412826661473,0.0,0.0,1.0
2019-08-14,-0.02956769216104349,1.9219812477080365,0.0,0.0,1.0
2019-08-15,0.0026416006813523296,1.9270583546815283,0.0,0.0,1.0
2019-08-16,0.014755084804776608,1.9554922641286074,0.0,0.0,1.0
2019-08-19,0.012048256370679189,1.9790525362577087,0.0,0.0,1.0
2019-08-20,-0.007662655389608086,1.963887738674436,0.0,0.0,1.0
2019-08-21,0.008135079201590178,1.9798641209715844,0.0,0.0,1.0
2019-08-22,-0.00030761334335149826,1.9792550883499507,0.0,0.0,1.0
2019-08-23,-0.025687417350558794,1.9284131368522883,0.0,0.0,1.0
2019-08-26,0.01105812276940532,1.949737766069735,0.0,0.0,1.0
2019-08-27,-0.003923228214677055,1.9420884998546688,0.0,0.0,1.0
2019-08-28,0.007041693720045261,1.9557640922478676,0.0,0.0,1.0
2019-08-29,0.012772487234198326,1.980744064149207,0.0,0.0,1.0
2019-08-30,-0.00044424880202798,1.9798641209715846,0.0,0.0,1.0
2019-09-03,-0.00584685489977077,1.9682881427350016,0.0,0.0,1.0
2019-09-04,0.011350269640432398,1.9906287438851098,0.0,0.0,1.0
2019-09-05,0.012855310944178688,2.0162188953621727,0.0,0.0,1.0
2019-09-06,0.0007721758212602126,2.0177757708435395,0.0,0.0,1.0
2019-09-09,0.0005033971348653576,2.018791513385383,0.0,0.0,1.0
2019-09-10,-0.00023486864172983513,2.0183173625646984,0.0,0.0,1.0
2019-09-11,0.007110906432014064,2.0326694284800055,0.0,0.0,1.0
2019-09-12,0.0034636536987300293,2.039709891464256,0.0,0.0,1.0
2019-09-13,-0.0006636410512766977,2.038356256247585,0.0,0.0,1.0
2019-09-16,-0.003088582272651963,2.0320606252491897,0.0,0.0,1.0
2019-09-17,0.0025320288098142907,2.03720586129561,0.0,0.0,1.0
2019-09-18,0.0005982475501746798,2.0384246147113316,0.0,0.0,1.0
2019-09-19,-6.650722936962783e-05,2.0382890447379283,0.0,0.0,1.0
2019-09-20,-0.0047249157941090525,2.0286583006374865,0.0,0.0,1.0
2019-09-23,-0.0002344047617296452,2.0281827734718947,0.0,0.0,1.0
2019-09-24,-0.007846992468787284,2.0122676385231366,0.0,0.0,1.0
2019-09-25,0.005914805641078047,2.024169810502832,0.0,0.0,1.0
2019-09-26,-0.0020834962392809464,2.0199524603149834,0.0,0.0,1.0
2019-09-27,-0.005387404217142899,2.0090701599118543,0.0,0.0,1.0
2019-09-30,0.004637894290948408,2.0183880149366242,0.0,0.0,1.0
2019-10-01,-0.01189477554309315,1.9943797425400838,0.0,0.0,1.0
2019-10-02,-0.017664330561691144,1.9591503595023152,0.0,0.0,1.0
2019-10-03,0.008192920786271207,1.9752015232061124,0.0,0.0,1.0
2019-10-04,0.013531748340628313,2.0019294531401632,0.0,0.0,1.0
2019-10-07,-0.00431457854082129,1.9932919712814066,0.0,0.0,1.0
2019-10-08,-0.015524825243149687,1.9623464617686894,0.0,0.0,1.0
2019-10-09,0.009496412397588694,1.9809817130365939,0.0,0.0,1.0
2019-10-10,0.006763328210108721,1.9943797425400838,0.0,0.0,1.0
2019-10-11,0.010367088846367833,2.015055654524393,0.0,0.0,1.0
2019-10-14,-0.0011134539064688864,2.0128119829341107,0.0,0.0,1.0
2019-10-15,0.00990005580883091,2.032738933897842,0.0,0.0,1.0
2019-10-16,-0.0016059419513656525,2.029474473167721,0.0,0.0,1.0
2019-10-17,0.0029492830245834156,2.03545996778026,0.0,0.0,1.0
2019-10-18,-0.004377275358242172,2.026550199020607,0.0,0.0,1.0
2019-10-21,0.006779114622048832,2.0402884151071037,0.0,0.0,1.0
2019-10-22,-0.003266783047311761,2.0336232355010053,0.0,0.0,1.0
2019-10-23,0.002909426517099689,2.039539912868162,0.0,0.0,1.0
2019-10-24,0.0016339909712101974,2.0428725026712113,0.0,0.0,1.0
2019-10-25,0.004095381332418269,2.0512388445831617,0.0,0.0,1.0
2019-10-28,0.005636139284290076,2.062799912416579,0.0,0.0,1.0
2019-10-29,-0.00029658005498589546,2.0621881271051294,0.0,0.0,1.0
2019-10-30,0.003067127067582609,2.068513120128221,0.0,0.0,1.0
2019-10-31,-0.002662957105575292,2.0630047584169997,0.0,0.0,1.0
2019-11-01,0.009263676075560223,2.0821157662413143,0.0,0.0,1.0
2019-11-04,0.0040176416189199315,2.090480961199175,0.0,0.0,1.0
2019-11-05,-0.001105870230879713,2.088169160535964,0.0,0.0,1.0
2019-11-06,0.00022783429877293315,2.088644917092374,0.0,0.0,1.0
2019-11-07,0.003516569302685957,2.095989781692032,0.0,0.0,1.0
2019-11-08,0.0024664010856718654,2.101159333165154,0.0,0.0,1.0
2019-11-11,-0.001909771198645882,2.0971465995869094,0.0,0.0,1.0
2019-11-12,0.002107907217080207,2.1015671900394537,0.0,0.0,1.0
2019-11-13,0.0003238547689825566,2.1022477925962852,0.0,0.0,1.0
2019-11-14,0.0014556197999646692,2.1053078661076206,0.0,0.0,1.0
2019-11-15,0.007236249214274348,2.1205423984995475,0.0,0.0,1.0
2019-11-18,0.0007378653547713832,2.122107073268724,0.0,0.0,1.0
2019-11-19,-0.0002886157308544801,2.121494599784821,0.0,0.0,1.0
2019-11-20,-0.003718811446539072,2.1136051613833704,0.0,0.0,1.0
2019-11-21,-0.0016089660160331087,2.1102044425073925,0.0,0.0,1.0
2019-11-22,0.0022238970115446843,2.114897319860833,0.0,0.0,1.0
2019-11-25,0.007750315224317683,2.131288440756819,0.0,0.0,1.0
2019-11-26,0.002265398640416416,2.1361166586928446,0.0,0.0,1.0
2019-11-27,0.004457520343362997,2.1456384421547647,0.0,0.0,1.0
2019-11-29,-0.003708717796083061,2.1376808746803855,0.0,0.0,1.0
2019-12-02,-0.008494521966913138,2.119522297532163,0.0,0.0,1.0
2019-12-03,-0.006706431652591105,2.1053078661076206,0.0,0.0,1.0
2019-12-04,0.006170200966002737,2.118298038736811,0.0,0.0,1.0
2019-12-05,0.0017981579845036677,2.1221070732687237,0.0,0.0,1.0
2019-12-06,0.009133769067419806,2.1414899092122983,0.0,0.0,1.0
2019-12-09,-0.0031440026256615017,2.1347570593149072,0.0,0.0,1.0
2019-12-10,-0.00111527786687593,2.132376212015496,0.0,0.0,1.0
2019-12-11,0.0028388022059802065,2.1384296063101456,0.0,0.0,1.0
2019-12-12,0.008618985345858476,2.1568606997500828,0.0,0.0,1.0
2019-12-13,0.0005996239959780159,2.158154005181635,0.0,0.0,1.0
2019-12-16,0.0068692226576463344,2.1729788455727186,0.0,0.0,1.0
2019-12-17,0.00021936436272862458,2.1734555196924004,0.0,0.0,1.0
2019-12-18,6.237531533304086e-05,2.1735910896658037,0.0,0.0,1.0
2019-12-19,0.004099311771957437,2.1825013172070924,0.0,0.0,1.0
2019-12-20,0.004384541391012409,2.192070584568326,0.0,0.0,1.0
2019-12-23,0.0015271997264141302,2.195418314165359,0.0,0.0,1.0
2019-12-24,3.113687414613153e-05,2.1954866726291056,0.0,0.0,1.0
2019-12-26,0.005323403835609142,2.207174134803208,0.0,0.0,1.0
2019-12-27,-0.00024776826682981756,2.206627267093236,0.0,0.0,1.0
2019-12-30,-0.005512962718475123,2.1944622132361804,0.0,0.0,1.0
2019-12-31,0.0024290026068110038,2.1997925676726795,0.0,0.0,1.0
2020-01-02,0.009351894190807508,2.220364795007279,0.0,0.0,1.0
2020-01-03,-0.007571855974085939,2.203552512569553,0.0,0.0,1.0
2020-01-06,0.0038146570525039447,2.2119583097021893,0.0,0.0,1.0
2020-01-07,-0.0028119571698944634,2.2057383776737147,0.0,0.0,1.0
2020-01-08,0.005329861210414011,2.2174946570931993,0.0,0.0,1.0
2020-01-09,0.006780674436491108,2.232530766427607,0.0,0.0,1.0
2020-01-10,-0.0028780059415770554,2.2261055296170746,0.0,0.0,1.0
2020-01-13,0.006877585612251158,2.2414157609789216,0.0,0.0,1.0
2020-01-14,-0.0015248947771432375,2.2379978377915983,0.0,0.0,1.0
2020-01-15,0.0022599834813852304,2.2430556759363833,0.0,0.0,1.0
2020-01-16,0.008318611130854414,2.261714783849354,0.0,0.0,1.0
2020-01-17,0.0031122786522899126,2.268753870488697,0.0,0.0,1.0
2020-01-21,-0.001958172734757402,2.2643112585176306,0.0,0.0,1.0
2020-01-22,0.00012096068311784336,2.2645851511542525,0.0,0.0,1.0
2020-01-23,0.0011468603154118906,2.2671823139949825,0.0,0.0,1.0
2020-01-24,-0.00889331422537698,2.2470195492704077,0.0,0.0,1.0
2020-01-27,-0.016029347885452627,2.2110012912097394,0.0,0.0,1.0
2020-01-28,0.010479346642212173,2.234171140166705,0.0,0.0,1.0
2020-01-29,-0.0008260106386474009,2.232325691036368,0.0,0.0,1.0
2020-01-30,0.0032449132660312685,2.2395693942853145,0.0,0.0,1.0
2020-01-31,-0.018157418373660694,2.19890459581643,0.0,0.0,1.0
2020-02-03,0.0074283495537794675,2.215238827789567,0.0,0.0,1.0
2020-02-04,0.015241298818863047,2.2490019447190557,0.0,0.0,1.0
2020-02-05,0.011547966455727199,2.2749733437355366,0.0,0.0,1.0
2020-02-06,0.0033646733597809675,2.2826278859394153,0.0,0.0,1.0
2020-02-07,-0.005329206372335915,2.2704632908639955,0.0,0.0,1.0
2020-02-10,0.007465198056738842,2.28741274901085,0.0,0.0,1.0
2020-02-11,0.001733107467103867,2.2913770811265093,0.0,0.0,1.0
2020-02-12,0.006442808995445581,2.306139985996749,0.0,0.0,1.0
2020-02-13,-0.0010670103805479059,2.303679310692694,0.0,0.0,1.0
2020-02-14,0.001601677494544207,2.3073690619992777,0.0,0.0,1.0
2020-02-18,-0.0025763815355114295,2.3014243989523324,0.0,0.0,1.0
2020-02-19,0.004781333482710481,2.31242827648897,0.0,0.0,1.0
2020-02-20,-0.004108826974538404,2.3029269088098467,0.0,0.0,1.0
2020-02-21,-0.01029831115984392,2.2792106509245453,0.0,0.0,1.0
2020-02-24,-0.03316509539924206,2.2036204122516643,0.0,0.0,1.0
2020-02-25,-0.030302292158916666,2.136845662712262,0.0,0.0,1.0
2020-02-26,-0.003678569442592705,2.128985127553872,0.0,0.0,1.0
2020-02-27,-0.04491113548817105,2.033369988037999,0.0,0.0,1.0
2020-02-28,-0.004201837567830324,2.024826097632962,0.0,0.0,1.0
2020-03-02,-0.00039902381773582185,2.0240181437932336,0.0005,1.0,0.0
2020-03-03,3.107460617290947e-05,2.0240810393599387,0.0,0.0,0.0
2020-03-04,2.5133469755855842e-05,2.024131911539525,0.0,0.0,0.0
2020-03-05,1.848049313957212e-05,2.0241693184954297,0.0,0.0,0.0
2020-03-06,1.6290212966785234e-05,2.0242022926447087,0.0,0.0,0.0
2020-03-09,3.4086241614383894e-05,2.0242712900931323,0.0,0.0,0.0
2020-03-10,9.034907956451121e-06,2.024289579197917,0.0,0.0,0.0
2020-03-11,1.0677617678256368e-05,2.024311193788114,0.0,0.0,0.0
2020-03-12,1.0075290916233826e-05,2.0243315893122964,0.0,0.0,0.0
2020-03-13,7.474332700985187e-06,2.024346719840092,0.0,0.0,0.0
2020-03-16,1.995893229689294e-05,2.024387123639219,0.0,0.0,0.0
2020-03-17,5.065024021533304e-06,2.024397377208629,0.0,0.0,0.0
2020-03-18,4.517453978225561e-06,2.024406522330614,0.0,0.0,0.0
2020-03-19,8.213552438185445e-08,2.0244066886063052,0.0,0.0,0.0
2020-03-20,-7.665982442173203e-07,2.0244051366996922,0.0,0.0,0.0
2020-03-23,-2.7104722645221457e-06,2.024399649605717,0.0,0.0,0.0
2020-03-24,-1.095140290341412e-06,2.024397432604097,0.0,0.0,0.0
2020-03-25,-9.034907547667004e-07,2.0243956035797326,0.0,0.0,0.0
2020-03-26,-1.9164955591399746e-06,2.0243917238345484,0.0,0.0,0.0
2020-03-27,-2.8747432365694436e-06,2.024385904228132,0.0,0.0,0.0
2020-03-30,-4.763860232515071e-06,2.0243762603366275,0.0,0.0,0.0
2020-03-31,3.559206096515055e-07,2.02437698085386,0.0,0.0,0.0
2020-04-01,8.213552178393257e-07,2.024378643586456,0.0,0.0,0.0
2020-04-02,1.724846023565263e-06,2.02438213532791,0.0,0.0,0.0
2020-04-03,1.779602946339054e-06,2.0243857379243226,0.0,0.0,0.0
2020-04-06,4.763860232515071e-06,2.024395381815035,0.0,0.0,0.0
2020-04-07,1.6427104354566069e-06,2.024398707310454,0.0,0.0,0.0
2020-04-08,3.504449173963309e-06,2.0244058017128315,0.0,0.0,0.0
2020-04-09,5.065024021533304e-06,2.0244160553768467,0.0,0.0,0.0
2020-04-13,2.2997945893887817e-05,2.024462612787755,0.0,0.0,0.0
2020-04-14,5.475701655877074e-06,2.024473698141036,0.0,0.0,0.0
2020-04-15,4.517453978225561e-06,2.0244828436077977,0.0,0.0,0.0
2020-04-16,3.1485284623933296e-06,2.0244892177496525,0.0,0.0,0.0
2020-04-17,3.011635849592409e-06,2.024495314773958,0.0,0.0,0.0
2020-04-20,8.459958942053092e-06,2.0245124419211993,0.0,0.0,0.0
2020-04-21,1.9164955591399746e-06,2.0245163218903035,0.0,0.0,0.0
2020-04-22,2.6830937012167766e-06,2.024521753857295,0.0,0.0,0.0
2020-04-23,2.546201292474848e-06,2.0245269086972013,0.0,0.0,0.0
2020-04-24,2.546201292474848e-06,2.024532063550233,0.0,0.0,0.0
2020-04-27,8.21355248370459e-06,2.0245486921505917,0.0,0.0,0.0
2020-04-28,2.546201292474848e-06,2.0245538470590883,0.0,0.0,0.0
2020-04-29,2.3271731934837447e-06,2.0245585585465298,0.0,0.0,0.0
2020-04-30,2.4640658062846654e-06,2.024563547192047,0.0,0.0,0.0
2020-05-01,2.4640658062846654e-06,2.024568535849856,0.0,0.0,0.0
2020-05-04,7.638603877202499e-06,2.0245840007269233,0.0,0.0,0.0
2020-05-05,2.4640658062846654e-06,2.0245889894351317,0.0,0.0,0.0
2020-05-06,3.011635849592409e-06,2.0245950867599127,0.0,0.0,0.0
2020-05-07,2.956878926818618e-06,2.02460107324246,0.0,0.0,0.0
2020-05-08,2.600958215248639e-06,2.0246063391452545,0.0,0.0,0.0
2020-05-11,7.802874645523872e-06,2.0246221368947253,0.0,0.0,0.0
2020-05-12,2.8747432367914882e-06,2.02462795716352,0.0,0.0,0.0
2020-05-13,3.367556561162388e-06,2.0246347752126814,0.0,0.0,0.0
2020-05-14,3.1485284623933296e-06,2.024641149832897,0.0,0.0,0.0
2020-05-15,2.8747432367914882e-06,2.0246469701563496,0.0,0.0,0.0
2020-05-18,8.459958942053092e-06,2.024664098586589,0.0,0.0,0.0
2020-05-19,2.8747432367914882e-06,2.0246699189760133,0.0,0.0,0.0
2020-05-20,3.2306639483614674e-06,2.024676460004128,0.0,0.0,0.0
2020-05-21,3.2306639483614674e-06,2.0246830010533743,0.0,0.0,0.0
2020-05-22,3.011635849592409e-06,2.0246890986612844,0.0,0.0,0.0
2020-05-26,1.2046543398147591e-05,2.024713489166379,0.0,0.0,0.0
2020-05-27,3.2306639483614674e-06,2.024720030335254,0.0,0.0,0.0
2020-05-28,3.6960987095380204e-06,2.0247275139003453,0.0,0.0,0.0
2020-05-29,3.778233991669211e-06,2.024735163794662,0.0,0.0,0.0
2020-06-01,0.0016544392364248317,2.028084965093013,0.00023275147020984698,0.4655029404196939,0.4666125321386113
2020-06-02,0.003865399636968192,2.035924323980824,0.0,0.0,0.46866448700836644
2020-06-03,0.006239281722977275,2.0486270294048023,0.0,0.0,0.47195698678953585
2020-06-04,-0.001237529734227416,2.046091792541572,0.0,0.0,0.4713005658789047
2020-06-05,0.012081139494424908,2.0708109129056647,0.0,0.0,0.47760961054423157
2020-06-08,0.005779458115823255,2.0827790778425928,0.0,0.0,0.4806052094945293
2020-06-09,-0.0035815240345876687,2.0753195545165632,0.0,0.0,0.47873611466195215
2020-06-10,-0.0026691250309367476,2.0697802671464105,0.0,0.0,0.4773387115486322
2020-06-11,-0.02751568931564463,2.012828836363958,0.0,0.0,0.46254798786226553
2020-06-12,0.00554153514783029,2.0239829981072353,0.0,0.0,0.4655076446964448
2020-06-15,0.00435243267494223,2.0327922478417246,0.0,0.0,0.46781734873516495
2020-06-16,0.00900675959658237,2.051101118927831,0.0,0.0,0.47256556548293177
2020-06-17,-0.0019606299749945766,2.0470796685923163,0.0,0.0,0.47152711524531066
2020-06-18,0.00018382130879857073,2.0474559654562117,0.0,0.0,0.47162185505551935
2020-06-19,-0.0026930406898409975,2.0419420832305804,0.0,0.0,0.4701930380805725
2020-06-22,0.003022395612795714,2.0481136400245195,0.0,0.0,0.47178329514760425
2020-06-23,0.0021739955172155323,2.052566229896681,0.0,0.0,0.4729271245661051
2020-06-24,-0.012061849192558483,2.027808485573929,0.0,0.0,0.46648998698069627
2020-06-25,0.0050030470941286875,2.037953706925129,0.0,0.0,0.46914391307810066
2020-06-26,-0.01114085132560394,2.015249167667813,0.0,0.0,0.46316118219703206
2020-06-29,0.006813106733754237,2.028979275342243,0.0,0.0,0.46678814702253885
2020-06-30,0.0059811838597854106,2.041114973435759,0.0,0.0,0.46995660917859156
2020-07-01,0.0031453837523145456,2.0475350633098097,9.904199128882024e-06,0.019808398257764048,0.4518801301829186
2020-07-02,0.002490404668605839,2.0526342541906106,0.0,0.0,0.45323983338299867
2020-07-06,0.007004851504830878,2.0670126523349452,0.0,0.0,0.45703525701782555
2020-07-07,-0.004711986966756343,2.0572729156570224,0.0,0.0,0.4544627900020898
2020-07-08,0.003478116000702025,2.06442834950278,0.0,0.0,0.4563515712615607
2020-07-09,-0.0025959732578338945,2.0590691487147565,0.0,0.0,0.45493458664646885
2020-07-10,0.004647042520763867,2.068637730602027,0.0,0.0,0.45745398550668126
2020-07-13,-0.003955783820075887,2.060454646937713,0.0,0.0,0.4552938984474646
2020-07-14,0.005901943170016022,2.072615333168335,0.0,0.0,0.45848800729923045
2020-07-15,0.0042142111850171915,2.081349771887611,0.0,0.0,0.46075851297513926
2020-07-16,-0.001515555323836959,2.07819537116006,0.0,0.0,0.45993817394604997
2020-07-17,0.0013349910425421996,2.0809697433652112,0.0,0.0,0.46065666949417206
2020-07-20,0.0037274478256617005,2.0887264495103857,0.0,0.0,0.46265494373500193
2020-07-21,0.0009858931536896876,2.0907857106168883,0.0,0.0,0.46318264356242933
2020-07-22,0.0026380058193928857,2.0963012154885994,0.0,0.0,0.4645934325048274
2020-07-23,-0.005541935494698391,2.0846836493749037,0.0,0.0,0.46160823420459857
2020-07-24,-0.002971356098028455,2.0784893119008734,0.0,0.0,0.46000219016200317
2020-07-27,0.0033588808541016313,2.085470709856072,0.0,0.0,0.46180557451936766
2020-07-28,-0.0029276165207416938,2.0793652513523746,0.0,0.0,0.46022394687740337
2020-07-29,0.005661621892688151,2.0911378311823263,0.0,0.0,0.46326123664956026
2020-07-30,-0.0016515513053499964,2.0876842097675703,0.0,0.0,0.4623719938545843
2020-07-31,0.0036550823607330862,2.0953148674974726,0.0,0.0,0.4643286655468105
2020-08-03,0.003120091548940218,2.1018524417079205,7.489842455914971e-06,0.014979684911829941,0.4510654426770504
2020-08-04,0.0017435596166577305,2.105517146745456,0.0,0.0,0.4520197067243961
2020-08-05,0.0028088582576557553,2.1114312459697278,0.0,0.0,0.4535532479367948
2020-08-06,0.003033216046671283,2.117835673106446,0.0,0.0,0.4552043096816567
2020-08-07,0.0003280182207368032,2.1185303617957514,0.0,0.0,0.45538164184549385
2020-08-10,0.001365223284788275,2.121422628775206,0.0,0.0,0.4561202227203496
2020-08-11,-0.003763878820707167,2.11343785107299,0.0,0.0,0.4540640756830816
2020-08-12,0.006332140811043718,2.126820437141374,0.0,0.0,0.45749778143024666
2020-08-13,-0.0008255431303771932,2.1250646551399464,0.0,0.0,0.4570480659007779
2020-08-14,1.4951252540251758e-05,2.1250964275182698,0.0,0.0,0.4570548457415993
2020-08-17,0.0014558015373016264,2.128190146164365,0.0,0.0,0.4578401984467456
2020-08-18,0.0009902033593054416,2.1302974871963376,0.0,0.0,0.4583752553885861
2020-08-19,-0.0019069488447084337,2.126235118864243,0.0,0.0,0.45733894563013183
2020-08-20,0.0014254344445829847,2.1292659276399544,0.0,0.0,0.45810996291544104
2020-08-21,0.0016261996928377265,2.132728539237452,0.0,0.0,0.45898845015125694
2020-08-24,0.004655129177303152,2.1426566660877238,0.0,0.0,0.4614913670094526
2020-08-25,0.0016159923836396306,2.1461191829408763,0.0,0.0,0.4623589376684571
2020-08-26,0.004636986591828096,2.1560707088166384,0.0,0.0,0.46483907332796776
2020-08-27,0.0010177689283745739,2.1582650905914504,0.0,0.0,0.46538182846405823
2020-08-28,0.0030075191887513064,2.1647561142658165,0.0,0.0,0.4669834953103084
2020-08-31,-0.0016876420997056218,2.1611027807117864,0.0,0.0,0.46607826745554853
2020-09-01,0.004393458894738744,2.170597496946149,1.2740877739232622e-07,0.00025481755478465247,0.4686662175068647
2020-09-02,0.0067802338875559975,2.1853146556511875,0.0,0.0,0.4722430781600798
2020-09-03,-0.016250487472271535,2.1498022272165564,0.0,0.0,0.4635236307222365
2020-09-04,-0.0037831449390981486,2.1416692138006,0.0,0.0,0.4614848811835865
2020-09-08,-0.012602912160877722,2.1146779448214152,0.0,0.0,0.45460524456679874
2020-09-09,0.008978631867763598,2.1336648596068457,0.0,0.0,0.45945696878649084
2020-09-10,-0.007976152903564016,2.11664642244166,0.0,0.0,0.45510928319106697
2020-09-11,0.00023328705048908382,2.1171402086424798,0.0,0.0,0.4552348332656595
2020-09-14,0.006000556970592985,2.129844229079172,0.0,0.0,0.4584796482958521
2020-09-15,0.0023179018522936357,2.1347809989628512,0.0,0.0,0.4597304574672834
2020-09-16,-0.001822902017806327,2.130889502372267,0.0,0.0,0.45874231857023745
2020-09-17,-0.004033250086488693,2.1222950921025263,0.0,0.0,0.45654896274443296
2020-09-18,-0.005254970839046469,2.111142493281676,0.0,0.0,0.45367678547874374
2020-09-21,-0.005045517570422597,2.1004906867381576,0.0,0.0,0.4509025803792225
2020-09-22,0.004593424253863665,2.1101391316036353,0.0,0.0,0.4534120878742346
2020-09-23,-0.010513620213979502,2.0879539301752983,0.0,0.0,0.44760307954621076
2020-09-24,0.0011941386686136202,2.0904472367016043,0.0,0.0,0.4482606020016629
2020-09-25,0.007248565755927805,2.1055999809561334,0.0,0.0,0.4522297458683095
2020-09-28,0.007515322721509232,2.1214242443354223,0.0,0.0,0.4563116897538623
2020-09-29,-0.0024838771471559218,2.116154887135495,0.0,0.0,0.4549565588933254
2020-09-30,0.0034507500498441868,2.123457208717756,0.0,0.0,0.45682963564471313
2020-10-01,0.005145240110579374,2.1343829059211497,0.00018680124688471417,0.37360249376942833,0.8314855836163304
2020-10-02,-0.007894315350844838,2.1175334141823554,0.0,0.0,0.83014430627103
2020-10-05,0.014722025386619153,2.1487077948629625,0.0,0.0,0.8326074773876082
2020-10-06,-0.011835767649218343,2.1232761886569,0.0,0.0,0.8306021340546137
2020-10-07,0.01445832142985215,2.153975198276853,0.0,0.0,0.8330160337801038
2020-10-08,0.007383105260539313,2.169878223894322,0.0,0.0,0.834239458986531
2020-10-09,0.007450479365167295,2.1860448568263724,0.0,0.0,0.8354649248008383
2020-10-12,0.013441740537136981,2.2154291045943753,0.0,0.0,0.8376459884805825
2020-10-13,-0.005466082385925941,2.2033193865884844,0.0,0.0,0.8367532683451557
2020-10-14,-0.005257303718985251,2.1917358673832603,0.0,0.0,0.8358900769774879
2020-10-15,-0.001032486118922371,2.1894729305238427,0.0,0.0,0.835720010860596
2020-10-16,-0.0005046379120431377,2.188368039475708,0.0,0.0,0.8356366395921961
2020-10-19,-0.012703444060928049,2.1605682285015058,0.0,0.0,0.8335205623624644
2020-10-20,0.0033392289370077766,2.1677828604504974,0.0,0.0,0.8340742163244197
2020-10-21,-0.0015783886281433013,2.1643612566352783,0.0,0.0,0.8338114746798965
2020-10-22,0.004574264159327823,2.1742616167593427,0.0,0.0,0.8345677957829823
2020-10-23,0.0028336970989508714,2.1804228155951138,0.0,0.0,0.835034871998238
2020-10-26,-0.01543002613766753,2.1467788345593144,0.0,0.0,0.8324484221646085
2020-10-27,-0.0028693791320523188,2.1406189121702983,0.0,0.0,0.8319659016443464
2020-10-28,-0.028435423230456336,2.079749507427617,0.0,0.0,0.8270475103554669
2020-10-29,0.0084061077701445,2.0972321059219583,0.0,0.0,0.8284888256049002
2020-10-30,-0.008636369848511238,2.079119633797044,0.0,0.0,0.826994294602436
2020-11-02,0.01094580129377487,2.1018772641745724,7.828571798007149e-05,0.15657143596014297,0.9838209969304886
2020-11-03,0.017370367718003266,2.1383876451513952,0.0,0.0,0.9840971976889517
2020-11-04,0.021993897439088306,2.1854191237038685,0.0,0.0,0.9844393968139643
2020-11-05,0.019199366413339858,2.227377786226579,0.0,0.0,0.9847324880107022
2020-11-06,-0.00022481927195283635,2.226877028774316,0.0,0.0,0.9847290192697878
2020-11-09,0.012373714299376282,2.254431768908213,0.0,0.0,0.9849155656448008
2020-11-10,-0.0014443023758977658,2.2511756877480793,0.0,0.0,0.984893711253014
2020-11-11,0.007316399290404618,2.2676461879524954,0.0,0.0,0.9850033951789953
2020-11-12,-0.009555414590572853,2.2459778884818773,0.0,0.0,0.9848586766038742
2020-11-13,0.01363478647979055,2.2766013174296584,0.0,0.0,0.9850623135328735
2020-11-16,0.012296232759337,2.3045949371289867,0.0,0.0,0.9852436591013236
2020-11-17,-0.005299020525484921,2.2923828412542115,0.0,0.0,0.9851650179263243
2020-11-18,-0.011856114991123823,2.2652040866846224,0.0,0.0,0.9849869894541565
2020-11-19,0.0041470505853442585,2.274598002618232,0.0,0.0,0.9850489613402438
2020-11-20,-0.006745509661826521,2.2592546798147994,0.0,0.0,0.9849473993166714
2020-11-23,0.005904046113387462,2.2725934236263123,0.0,0.0,0.9850356776573522
2020-11-24,0.015872845978673222,2.3086659490116785,0.0,0.0,0.9852694644994782
2020-11-25,-0.0015189801385718793,2.3051591312885327,0.0,0.0,0.9852470227560539
2020-11-27,0.0027438220086262177,2.3114840776463477,0.0,0.0,0.9852873270854834
2020-11-30,-0.0043617032386539245,2.3014020700587805,0.0,0.0,0.985222785043535
2020-12-01,0.01093002417411304,2.326556450318877,7.384915020722153e-06,0.014769830041444304,1.0
2020-12-02,0.00210333545050001,2.331449978978422,0.0,0.0,1.0
2020-12-03,-0.00027234459285929713,2.3308150211831253,0.0,0.0,1.0
2020-12-04,0.00861742097824969,2.350900635443088,0.0,0.0,1.0
2020-12-07,-0.002054715718848077,2.3460702029539933,0.0,0.0,1.0
2020-12-08,0.002926201294786379,2.352935276619537,0.0,0.0,1.0
2020-12-09,-0.008969037958499015,2.331831710809645,0.0,0.0,1.0
2020-12-10,-0.00032704863590227173,2.331069088429471,0.0,0.0,1.0
2020-12-11,-0.0011726535425469198,2.3283355520050026,0.0,0.0,1.0
2020-12-14,-0.0044771590725657395,2.317911223364366,0.0,0.0,1.0
2020-12-15,0.01351964807792938,2.349248567380135,0.0,0.0,1.0
2020-12-16,0.001569314243964115,2.352935276619537,0.0,0.0,1.0
2020-12-17,0.0055917491286607834,2.3660923004023697,0.0,0.0,1.0
2020-12-18,-0.003992734890065575,2.3566451211214376,0.0,0.0,1.0
2020-12-21,-0.0035757203359388923,2.3482184172372524,0.0,0.0,1.0
2020-12-22,-0.0016850950237211615,2.3442614460677555,0.0,0.0,1.0
2020-12-23,0.0008985177373144193,2.3463678065579496,0.0,0.0,1.0
2020-12-24,0.0038905894954801568,2.355496560498677,0.0,0.0,1.0
2020-12-28,0.008590699236773247,2.375731923003175,0.0,0.0,1.0
2020-12-29,-0.0019078830067833508,2.3711993044386044,0.0,0.0,1.0
2020-12-30,0.001426884266443329,2.3745827314187093,0.0,0.0,1.0
2020-12-31,0.0050808206901817865,2.38664756049105,0.0,0.0,1.0
2021-01-04,-0.013613988991216353,2.3541557668766115,0.0,0.0,1.0
2021-01-05,0.006887408840687614,2.370369800117753,0.0,0.0,1.0
2021-01-06,0.005978383305955903,2.3845407793597193,0.0,0.0,1.0
2021-01-07,0.014857665817666454,2.419969489388044,0.0,0.0,1.0
2021-01-08,0.0056974126767541655,2.4337570542342415,0.0,0.0,1.0
2021-01-11,-0.006740608841172668,2.417352049917204,0.0,0.0,1.0
2021-01-12,0.0002110729789610577,2.4178622876155775,0.0,0.0,1.0
2021-01-13,0.0026930046856836753,2.4243736020854643,0.0,0.0,1.0
2021-01-14,-0.0035020265393370664,2.4158833813896927,0.0,0.0,1.0
2021-01-15,-0.007292712806633683,2.3982650377148986,0.0,0.0,1.0
2021-01-19,0.007852298664646984,2.417096931068017,0.0,0.0,1.0
2021-01-20,0.013838399184437966,2.450545683267616,0.0,0.0,1.0
2021-01-21,0.0009116439209133631,2.452779708342687,0.0,0.0,1.0
2021-01-22,-0.003539327947854498,2.4440985165710196,0.0,0.0,1.0
2021-01-25,0.003943781960402903,2.45373750821012,0.0,0.0,1.0
2021-01-26,-0.0015607729893444278,2.4499077809843643,0.0,0.0,1.0
2021-01-27,-0.02444042750423525,2.390030987471154,0.0,0.0,1.0
2021-01-28,0.008599887730752265,2.410584985636425,0.0,0.0,1.0
2021-01-29,-0.020019229628285395,2.362326931270472,0.0,0.0,1.0
2021-02-01,0.016645343717921035,2.4016486750155708,0.0,0.0,1.0
2021-02-02,0.014140128492964088,2.435608295875248,0.0,0.0,1.0
2021-02-03,0.0007864974586062612,2.437523895610114,0.0,0.0,1.0
2021-02-04,0.011365568940680637,2.4652277414902275,0.0,0.0,1.0
2021-02-05,0.003936001225804064,2.4749308809026194,0.0,0.0,1.0
2021-02-08,0.007221802702410018,2.4928043434266,0.0,0.0,1.0
2021-02-09,-0.0006655189951337848,2.4911453347848975,0.0,0.0,1.0
2021-02-10,-0.00043589792947229533,2.4900594496914503,0.0,0.0,1.0
2021-02-11,0.001614953114414286,2.4940807789548063,0.0,0.0,1.0
2021-02-12,0.004939759107264408,2.5064009371969016,0.0,0.0,1.0
2021-02-16,-0.0008658182296945593,2.504230849574553,0.0,0.0,1.0
2021-02-17,0.0002295339955973308,2.504805655687354,0.0,0.0,1.0
2021-02-18,-0.0042561941904027956,2.494144716407529,0.0,0.0,1.0
2021-02-19,-0.0017658650634885253,2.489740393389541,0.0,0.0,1.0
2021-02-22,-0.00769169297496608,2.4705900746962173,0.0,0.0,1.0
2021-02-23,0.001214375033572912,2.4735902976011213,0.0,0.0,1.0
2021-02-24,0.011019341133545302,2.5008476329150158,0.0,0.0,1.0
2021-02-25,-0.02409582926816345,2.440587635326605,0.0,0.0,1.0
2021-02-26,-0.005152561173899062,2.428012358235323,0.0,0.0,1.0
2021-03-01,0.02424018833123509,2.4868678350695137,0.0,0.0,1.0
2021-03-02,-0.007803333136561452,2.467461976885867,0.0,0.0,1.0
2021-03-03,-0.013245669289996265,2.4347787915543964,0.0,0.0,1.0
2021-03-04,-0.012374797143146599,2.404648897920475,0.0,0.0,1.0
2021-03-05,0.01839677166329512,2.4488866746259124,0.0,0.0,1.0
2021-03-08,-0.004978962246269147,2.4366937603275582,0.0,0.0,1.0
2021-03-09,0.014277529260847466,2.4714837267903595,0.0,0.0,1.0
2021-03-10,0.006224644780135069,2.486867835069514,0.0,0.0,1.0
2021-03-11,0.01013897118260565,2.512082116384233,0.0,0.0,1.0
2021-03-12,0.0013468616165202008,2.515465543364338,0.0,0.0,1.0
2021-03-15,0.005963637579796233,2.530466868209428,0.0,0.0,1.0
2021-03-16,-0.001261441239628458,2.5272748329463552,0.0,0.0,1.0
2021-03-17,0.00341003498664616,2.5358929285475726,0.0,0.0,1.0
2021-03-18,-0.014549556180811996,2.4989968119151458,0.0,0.0,1.0
2021-03-19,-0.0018503857186514816,2.4943727039034225,0.0,0.0,1.0
2021-03-22,0.007984747881952359,2.514289641067715,0.0,0.0,1.0
2021-03-23,-0.007870637469772013,2.494500578808868,0.0,0.0,1.0
2021-03-24,-0.005083525786375054,2.4818197207923656,0.0,0.0,1.0
2021-03-25,0.005625678803434786,2.4957816413895735,0.0,0.0,1.0
2021-03-26,0.016114526872151647,2.5359999817167687,0.0,0.0,1.0
2021-03-29,-0.0005049020616061384,2.534719550097767,0.0,0.0,1.0
2021-03-30,-0.0026527386684828125,2.5279956015334633,0.0,0.0,1.0
2021-03-31,0.004053253792973388,2.538242209293999,0.0,0.0,1.0
2021-04-01,0.010799237184243804,2.5656532889432238,0.0,0.0,1.0
2021-04-05,0.014353080534725837,2.60247831722361,0.0,0.0,1.0
2021-04-06,-0.0005908420691513872,2.60094066354974,0.0,0.0,1.0
2021-04-07,0.0011573959892141605,2.6039509818419164,0.0,0.0,1.0
2021-04-08,0.004746921197037235,2.616311731953668,0.0,0.0,1.0
2021-04-09,0.007270147250265646,2.6353327034975687,0.0,0.0,1.0
2021-04-12,0.0003644032167082756,2.6362930272118197,0.0,0.0,1.0
2021-04-13,0.002963866060155418,2.644106646639797,0.0,0.0,1.0
2021-04-14,-0.0034151850893504587,2.6350765330455403,0.0,0.0,1.0
2021-04-15,0.010742319850699955,2.663383367994589,0.0,0.0,1.0
2021-04-16,0.003342533829848948,2.672285817003968,0.0,0.0,1.0
2021-04-19,-0.00491296280628295,2.65915697617727,0.0,0.0,1.0
2021-04-20,-0.007321713419036313,2.639687390861469,0.0,0.0,1.0
2021-04-21,0.009462120325420376,2.664664430575295,0.0,0.0,1.0
2021-04-22,-0.009133245426944603,2.6403273963504015,0.0,0.0,1.0
2021-04-23,0.010842433349392167,2.6689549701659048,0.0,0.0,1.0
2021-04-26,0.002087717055827998,2.674526992978357,0.0,0.0,1.0
2021-04-27,-0.00021546926177640202,2.673950714621579,0.0,0.0,1.0
2021-04-28,-0.0002873280465917061,2.6731824135860642,0.0,0.0,1.0
2021-04-29,0.006372679609612408,2.6902177486458987,0.0,0.0,1.0
2021-04-30,-0.006570539444227919,2.672541566814859,0.0,0.0,1.0
2021-05-03,0.0021568442127644083,2.6783058226266157,0.0,0.0,1.0
2021-05-04,-0.006169431801958725,2.661782197509132,0.0,0.0,1.0
2021-05-05,0.00031297818855713366,2.6626152772796416,0.0,0.0,1.0
2021-05-06,0.007985516353147926,2.6838776351185,0.0,0.0,1.0
2021-05-07,0.007278019009645975,2.703410947566456,0.0,0.0,1.0
2021-05-10,-0.009902391237306074,2.6766407146884363,0.0,0.0,1.0
2021-05-11,-0.008924698037108492,2.6527525045560116,0.0,0.0,1.0
2021-05-12,-0.021245231370641715,2.5963941638276697,0.0,0.0,1.0
2021-05-13,0.012012535989450512,2.627583442163449,0.0,0.0,1.0
2021-05-14,0.015355355231965184,2.6679309193194984,0.0,0.0,1.0
2021-05-17,-0.0025444875388538346,2.6611424023407673,0.0,0.0,1.0
2021-05-18,-0.008615805902760454,2.6382145159225936,0.0,0.0,1.0
2021-05-19,-0.0026218576253501658,2.6312974930767123,0.0,0.0,1.0
2021-05-20,0.010757827780437657,2.659604538346329,0.0,0.0,1.0
2021-05-21,-0.0008185533487063967,2.657427510145231,0.0,0.0,1.0
2021-05-24,0.010194276607702335,2.6845180612485695,0.0,0.0,1.0
2021-05-25,-0.0022188298514524973,2.678561572437508,0.0,0.0,1.0
2021-05-26,0.001984670703744529,2.6838776351185003,0.0,0.0,1.0
2021-05-27,0.0005248066553351638,2.6852861519635156,0.0,0.0,1.0
2021-05-28,0.0017890616292648431,2.69009029438159,0.0,0.0,1.0
2021-06-01,-0.0008808930490133982,2.687720612540051,0.0,0.0,1.0
2021-06-02,0.001572481826273009,2.6919470043573694,0.0,0.0,1.0
2021-06-03,-0.0037113091799000353,2.6819563567282936,0.0,0.0,1.0
2021-06-04,0.009145721510490201,2.7064847826702194,0.0,0.0,1.0
2021-06-07,-0.0009700522497820829,2.703859351017789,0.0,0.0,1.0
2021-06-08,0.0002128984241938081,2.7044349984128626,0.0,0.0,1.0
2021-06-09,-0.0014917604382985727,2.7004006292742804,0.0,0.0,1.0
2021-06-10,0.004648563244643356,2.7129536123853364,0.0,0.0,1.0
2021-06-11,0.0016524362561958217,2.7174365952958195,0.0,0.0,1.0
2021-06-14,0.0022388537366071493,2.7235205383711905,0.0,0.0,1.0
2021-06-15,-0.0018342193733165146,2.7185250042360845,0.0,0.0,1.0
2021-06-16,-0.005583172528742519,2.703347010113734,0.0,0.0,1.0
2021-06-17,-0.0003318950694989331,2.7024497825699325,0.0,0.0,1.0
2021-06-18,-0.013490262502068195,2.665993025604407,0.0,0.0,1.0
2021-06-21,0.01431603627526501,2.704159478468563,0.0,0.0,1.0
2021-06-22,0.0053462139824906885,2.7186164936832364,0.0,0.0,1.0
2021-06-23,-0.0012053942805932971,2.715339488910624,0.0,0.0,1.0
2021-06-24,0.005915814129296537,2.7314029326249583,0.0,0.0,1.0
2021-06-25,0.0035518219344234936,2.741104389472804,0.0,0.0,1.0
2021-06-28,0.002016038845443102,2.746630562401396,0.0,0.0,1.0
2021-06-29,0.0005380857013468354,2.748108485033906,0.0,0.0,1.0
2021-06-30,0.0008417847919282018,2.7504218009631765,0.0,0.0,1.0
2021-07-01,0.0055364707228198196,2.7656494307396144,0.0,0.0,1.0
2021-07-02,0.007643832712051157,2.7867895923283674,0.0,0.0,1.0
2021-07-06,-0.0018218592926899646,2.7817124538128124,0.0,0.0,1.0
2021-07-07,0.003534234685159454,2.7915436784512178,0.0,0.0,1.0
2021-07-08,-0.008148014541614512,2.768798139965645,0.0,0.0,1.0
2021-07-09,0.01067479388183079,2.798354489410175,0.0,0.0,1.0
2021-07-12,0.0035819113252597568,2.8083779470478847,0.0,0.0,1.0
2021-07-13,-0.0034090113380331744,2.798804154784916,0.0,0.0,1.0
2021-07-14,0.0014921856947207601,2.8029804903070112,0.0,0.0,1.0
2021-07-15,-0.003415425706649766,2.7934071186851788,0.0,0.0,1.0
2021-07-16,-0.007843595501286438,2.771496763175798,0.0,0.0,1.0
2021-07-19,-0.01476783739055576,2.7305677496487664,0.0,0.0,1.0
2021-07-20,0.014330327966395773,2.7696976810356966,0.0,0.0,1.0
2021-07-21,0.008096327310927354,2.792122060013678,0.0,0.0,1.0
2021-07-22,0.0020940745674342676,2.797968971808725,0.0,0.0,1.0
2021-07-23,0.010288082238509189,2.8267547066914904,0.0,0.0,1.0
2021-07-26,0.002454796126849068,2.833693813197029,0.0,0.0,1.0
2021-07-27,-0.004557635955135586,2.820778868388157,0.0,0.0,1.0
2021-07-28,-0.0004101609872554368,2.81962189494267,0.0,0.0,1.0
2021-07-29,0.00414760039044304,2.831316559815036,0.0,0.0,1.0
2021-07-30,-0.004856443105027419,2.817566432029972,0.0,0.0,1.0
2021-08-02,-0.0020981547987080074,2.8116547414999298,0.0,0.0,1.0
2021-08-03,0.008135438542685502,2.834528785852653,0.0,0.0,1.0
2021-08-04,-0.0049187578739563476,2.820586425068284,0.0,0.0,1.0
2021-08-05,0.006332912083700348,2.83844895092272,0.0,0.0,1.0
2021-08-06,0.0016523632276714828,2.8431390995928476,0.0,0.0,1.0
2021-08-09,-0.0008135005735264711,2.8408262043047134,0.0,0.0,1.0
2021-08-10,0.0012437880007774016,2.8443595898499217,0.0,0.0,1.0
2021-08-11,0.0024848555430467822,2.8514274125431784,0.0,0.0,1.0
2021-08-12,0.0029970798515659425,2.8599733681895145,0.0,0.0,1.0
2021-08-13,0.0018198781703087086,2.865178171289947,0.0,0.0,1.0
2021-08-16,0.002354709823378487,2.871924834475613,0.0,0.0,1.0
2021-08-17,-0.006555333479604686,2.853098409457267,0.0,0.0,1.0
2021-08-18,-0.010944917151813671,2.821871483739786,0.0,0.0,1.0
2021-08-19,0.0015482594397764338,2.826240472902322,0.0,0.0,1.0
2021-08-20,0.00795726971168964,2.848729630615299,0.0,0.0,1.0
2021-08-23,0.008796279992259626,2.873787854068438,0.0,0.0,1.0
2021-08-24,0.0015873276089324317,2.878349496871415,0.0,0.0,1.0
2021-08-25,0.0020984930439329474,2.884389693268608,0.0,0.0,1.0
2021-08-26,-0.005903346984823199,2.8673621400697957,0.0,0.0,1.0
2021-08-27,0.00894112604041264,2.892999586367667,0.0,0.0,1.0
2021-08-30,0.004397612508615811,2.905721877536098,0.0,0.0,1.0
2021-08-31,-0.0014817221098258893,2.901416405185148,0.0,0.0,1.0
2021-09-01,0.0005316338062268944,2.902958896232086,0.0,0.0,1.0
2021-09-02,0.0030764618464538263,2.9118897385181675,0.0,0.0,1.0
2021-09-03,-0.00024261453966767377,2.9111832717296937,0.0,0.0,1.0
2021-09-07,-0.003575513551565379,2.9007742964905336,0.0,0.0,1.0
2021-09-08,-0.0012184461067257235,2.8972398593424846,0.0,0.0,1.0
2021-09-09,-0.004280253600779216,2.884838938002213,0.0,0.0,1.0
2021-09-10,-0.00788443606517475,2.862093609837208,0.0,0.0,1.0
2021-09-13,0.0025592574618737984,2.8694184442647654,0.0,0.0,1.0
2021-09-14,-0.005396658860750692,2.8539331717923226,0.0,0.0,1.0
2021-09-15,0.00835295830838767,2.8777719565912285,0.0,0.0,1.0
2021-09-16,-0.0015852762181745028,2.873209893147115,0.0,0.0,1.0
2021-09-17,-0.009741310691131821,2.8452210628971355,0.0,0.0,1.0
2021-09-20,-0.01667405749887596,2.797779683297376,0.0,0.0,1.0
2021-09-21,-0.0009444122114610209,2.795137425999492,0.0,0.0,1.0
2021-09-22,0.009754632299091126,2.822402963815545,0.0,0.0,1.0
2021-09-23,0.012150053850623177,2.8566953118140623,0.0,0.0,1.0
2021-09-24,0.001647257365078758,2.861401024206234,0.0,0.0,1.0
2021-09-27,-0.002860943784361969,2.8532147167314643,0.0,0.0,1.0
2021-09-28,-0.02015173490722566,2.795717490126497,0.0,0.0,1.0
2021-09-29,0.001682809799611773,2.800422150915828,0.0,0.0,1.0
2021-09-30,-0.012222289147487464,2.766194581652306,0.0,0.0,1.0
2021-10-01,0.011884253054869953,2.799068738059672,0.0,0.0,1.0
2021-10-04,-0.012896038594041204,2.7629718395862803,0.0,0.0,1.0
2021-10-05,0.010405074844208606,2.791720768369616,0.0,0.0,1.0
2021-10-06,0.004155979449806058,2.803323102512557,0.0,0.0,1.0
2021-10-07,0.008645557356916633,2.8275593931852985,0.0,0.0,1.0
2021-10-08,-0.001823632558234256,2.8224029638155446,0.0,0.0,1.0
2021-10-11,-0.0072396728678033595,2.8019696896564015,0.0,0.0,1.0
2021-10-12,-0.0024615729206262094,2.795072436943928,0.0,0.0,1.0
2021-10-13,0.0035975548365629884,2.8051278633079995,0.0,0.0,1.0
2021-10-14,0.01682060480789649,2.8523118105323224,0.0,0.0,1.0
2021-10-15,0.007616134661236229,2.874035401377171,0.0,0.0,1.0
2021-10-18,0.0029602584642558494,2.882543289000669,0.0,0.0,1.0
2021-10-19,0.007714946034340198,2.9047819549169587,0.0,0.0,1.0
2021-10-20,0.003927606063826916,2.9161907941371856,0.0,0.0,1.0
2021-10-21,0.0026082082977862964,2.923796827164382,0.0,0.0,1.0
2021-10-22,-0.0010360662256581055,2.920767580021071,0.0,0.0,1.0
2021-10-25,0.005362773163062551,2.936430994014751,0.0,0.0,1.0
2021-10-26,0.0009000341792384514,2.9390738822743394,0.0,0.0,1.0
2021-10-27,-0.004430145772319372,2.9260533565402476,0.0,0.0,1.0
2021-10-28,0.009648837184228487,2.9542863689698695,0.0,0.0,1.0
2021-10-29,0.002029033669955993,2.9602807154832016,0.0,0.0,1.0
2021-11-01,0.0017202022665718797,2.965372997079665,0.0,0.0,1.0
2021-11-02,0.004043179161860477,2.9773625313886014,0.0,0.0,1.0
2021-11-03,0.006105193960543431,2.9955399071335833,0.0,0.0,1.0
2021-11-04,0.004712437935020075,3.009656203027826,0.0,0.0,1.0
2021-11-05,0.003469637561590355,3.020098619237325,0.0,0.0,1.0
2021-11-08,0.0008537900548362121,3.022677149403054,0.0,0.0,1.0
2021-11-09,-0.003305509790657579,3.0126856604917056,0.0,0.0,1.0
2021-11-10,-0.008044676107436088,2.9884495801395325,0.0,0.0,1.0
2021-11-11,0.0003235972187247693,2.989416634111965,0.0,0.0,1.0
2021-11-12,0.007546564492367125,3.011976459535846,0.0,0.0,1.0
2021-11-15,0.00034250678938541057,3.013008081922706,0.0,0.0,1.0
2021-11-16,0.003957897188071158,3.0249332581377835,0.0,0.0,1.0
2021-11-17,-0.002429343071286172,3.0175846574860232,0.0,0.0,1.0
2021-11-18,0.0033965383216325584,3.027833999413945,0.0,0.0,1.0
2021-11-19,-0.001788309077879302,3.0224192963864818,0.0,0.0,1.0
2021-11-22,-0.002814995905511153,3.013911198442416,0.0,0.0,1.0
2021-11-23,0.001325951845498663,3.01790749955816,0.0,0.0,1.0
2021-11-24,0.0026698568354606156,3.025964880524643,0.0,0.0,1.0
2021-11-26,-0.02230327465835713,2.958475954687759,0.0,0.0,1.0
2021-11-29,0.012266726041743947,2.994766768725001,0.0,0.0,1.0
2021-11-30,-0.01945767760760575,2.9364955624291786,0.0,0.0,1.0
2021-12-01,-0.01110729201456051,2.9038790487178168,0.0,0.0,1.0
2021-12-02,0.01531637869389968,2.94835595990926,0.0,0.0,1.0
2021-12-03,-0.008701426575988602,2.922701057004231,0.0,0.0,1.0
2021-12-06,0.011843417699721082,2.9573158264337485,0.0,0.0,1.0
2021-12-07,0.020684813703044647,3.018487353364596,0.0,0.0,1.0
2021-12-08,0.002647883292463904,3.0264799555960837,0.0,0.0,1.0
2021-12-09,-0.006751498261655775,3.0060466814369406,0.0,0.0,1.0
2021-12-10,0.009413553361893312,3.0343442622809897,0.0,0.0,1.0
2021-12-13,-0.008858454166720042,3.0074646627075237,0.0,0.0,1.0
2021-12-14,-0.006880063487836319,2.9867731148906715,0.0,0.0,1.0
2021-12-15,0.015625181544661748,3.033441987043553,0.0,0.0,1.0
2021-12-16,-0.008818517993377961,3.006691524298941,0.0,0.0,1.0
2021-12-17,-0.010642878907558329,2.9746916704934456,0.0,0.0,1.0
2021-12-20,-0.01063356676740479,2.943060088002811,0.0,0.0,1.0
2021-12-21,0.017759111900763846,2.9953262214363248,0.0,0.0,1.0
2021-12-22,0.00999872346861519,3.0252756600227584,0.0,0.0,1.0
2021-12-23,0.006222140712565105,3.044099350873718,0.0,0.0,1.0
2021-12-27,0.014152094808091098,3.0871797334925315,0.0,0.0,1.0
2021-12-28,-0.0008172525584957402,3.0846567279567987,0.0,0.0,1.0
2021-12-29,0.0012793822746373085,3.0886031830978875,0.0,0.0,1.0
2021-12-30,-0.0027647531527794644,3.080063957709733,0.0,0.0,1.0
2021-12-31,-0.0025199704792532307,3.0723022874620924,0.0,0.0,1.0
2022-01-03,0.005789886876192529,3.0900905701559656,0.0,0.0,1.0
2022-01-04,-0.0003350056618134367,3.089055372319447,0.0,0.0,1.0
2022-01-05,-0.019202080263943877,3.029739083120402,0.0,0.0,1.0
2022-01-06,-0.000939512773701634,3.0268926045508273,0.0,0.0,1.0
2022-01-07,-0.003953430441838268,3.014925995183821,0.0,0.0,1.0
2022-01-10,-0.0012442354007433654,3.011174717529992,0.0,0.0,1.0
2022-01-11,0.009108077405771242,3.0386007299395565,0.0,0.0,1.0
2022-01-12,0.0027035869871498974,3.0468158513321653,0.0,0.0,1.0
2022-01-13,-0.013778659117402392,3.004834814323161,0.0,0.0,1.0
2022-01-14,0.0004089752534623958,3.0060637174029616,0.0,0.0,1.0
2022-01-18,-0.0177095819977805,2.952827585509061,0.0,0.0,1.0
2022-01-19,-0.010383377023874818,2.922167263402222,0.0,0.0,1.0
2022-01-20,-0.011068188114286115,2.8898241664294777,0.0,0.0,1.0
2022-01-21,-0.019630653154967703,2.833095030539457,0.0,0.0,1.0
2022-01-24,0.00424687792447509,2.845126839282595,0.0,0.0,1.0
2022-01-25,-0.012209211511924556,2.8103900839235405,0.0,0.0,1.0
2022-01-26,-0.0025086039855679587,2.8033399281580094,0.0,0.0,1.0
2022-01-27,-0.004937920191559919,2.789497259322952,0.0,0.0,1.0
2022-01-28,0.024835268204037808,2.858775171912666,0.0,0.0,1.0
2022-01-31,0.018011006979895994,2.9102645914879384,0.0,0.0,1.0
2022-02-01,0.006757108333429684,2.929929564611567,0.0,0.0,1.0
2022-02-02,0.009714028934489027,2.9583909851782186,0.0,0.0,1.0
2022-02-03,-0.02350522930869836,2.8888533266868186,0.0,0.0,1.0
2022-02-04,0.004702566936699792,2.9024383528258713,0.0,0.0,1.0
2022-02-07,-0.0032093317794280596,2.8931234651823163,0.0,0.0,1.0
2022-02-08,0.008227741356724216,2.916927336766906,0.0,0.0,1.0
2022-02-09,0.014636138155718736,2.959619888258019,0.0,0.0,1.0
2022-02-10,-0.017965602059189067,2.906448535099114,0.0,0.0,1.0
2022-02-11,-0.01971874363201853,2.8491370215558387,0.0,0.0,1.0
2022-02-14,-0.0032694454122941252,2.8398219235917157,0.0,0.0,1.0
2022-02-15,0.01612682236795826,2.8856192273101127,0.0,0.0,1.0
2022-02-16,0.0011207644259152438,2.888853326686819,0.0,0.0,1.0
2022-02-17,-0.02136125305295189,2.8271437997426,0.0,0.0,1.0
2022-02-18,-0.006475118787508172,2.8088377078098996,0.0,0.0,1.0
2022-02-22,-0.010731611180835099,2.7786943536596156,0.0,0.0,1.0
2022-02-23,-0.017738581909533258,2.729404256265667,0.0,0.0,1.0
2022-02-24,0.015049139836143866,2.7704794425875754,0.0,0.0,1.0
2022-02-25,0.022063895870314987,2.831607012519676,0.0,0.0,1.0
2022-02-28,-0.002558438349137715,2.8243625205491583,0.0,0.0,1.0
2022-03-01,-0.0004921189325775011,2.8229725982803338,0.0005,1.0,0.0
2022-03-02,8.56947278737863e-06,2.822996789667194,0.0,0.0,0.0
2022-03-03,8.89801473169527e-06,2.823021908734216,0.0,0.0,0.0
2022-03-04,9.171800365415095e-06,2.8230478009275903,0.0,0.0,0.0
2022-03-07,2.5051335289738574e-05,2.8231185220445902,0.0,0.0,0.0
2022-03-08,8.35044509650551e-06,2.8231420963408094,0.0,0.0,0.0
2022-03-09,9.856263225360706e-06,2.8231699219724335,0.0,0.0,0.0
2022-03-10,1.0130048042844564e-05,2.823198520819376,0.0,0.0,0.0
2022-03-11,9.856263225360706e-06,2.8232263470071346,0.0,0.0,0.0
2022-03-14,2.9979466902307905e-05,2.8233109858279626,0.0,0.0,0.0
2022-03-15,1.0349075733939728e-05,2.8233402044871756,0.0,0.0,0.0
2022-03-16,1.2265571905034633e-05,2.8233748343694662,0.0,0.0,0.0
2022-03-17,1.185489386257288e-05,2.8234083051784618,0.0,0.0,0.0
2022-03-18,9.856263225360706e-06,2.82343613343391,0.0,0.0,0.0
2022-03-21,3.145790442804497e-05,2.8235249528179542,0.0,0.0,0.0
2022-03-22,1.24572214403873e-05,2.823560126093534,0.0,0.0,0.0
2022-03-23,1.4236823570934476e-05,2.823600324620891,0.0,0.0,0.0
2022-03-24,1.3141683484541034e-05,2.823637431482644,0.0,0.0,0.0
2022-03-25,1.3223819582464102e-05,2.823674770754604,0.0,0.0,0.0
2022-03-28,4.271047071258138e-05,2.8237953712332025,0.0,0.0,0.0
2022-03-29,1.3908282442409714e-05,2.823834645376785,0.0,0.0,0.0
2022-03-30,1.5195072064377868e-05,2.8238775537477196,0.0,0.0,0.0
2022-03-31,1.4373715979676405e-05,2.8239181433616385,0.0,0.0,0.0
2022-04-01,0.002332837581455305,2.8305058857334258,0.0004997501249375312,0.9995002498750625,1.0
2022-04-04,0.008566512401551263,2.854753449506225,0.0,0.0,1.0
2022-04-05,-0.012631244025331334,2.818694362053355,0.0,0.0,1.0
2022-04-06,-0.00999940926301468,2.7905090835398316,0.0,0.0,1.0
2022-04-07,0.0050389519734848065,2.804570324793362,0.0,0.0,1.0
2022-04-08,-0.002674087440485251,2.7970706585118745,0.0,0.0,1.0
2022-04-11,-0.01709210133143857,2.749262843385396,0.0,0.0,1.0
2022-04-12,-0.0037050367795908867,2.7390767234338904,0.0,0.0,1.0
2022-04-13,0.011453373742214445,2.770448392855979,0.0,0.0,1.0
2022-04-14,-0.01245187966351402,2.7359511028541603,0.0,0.0,1.0
2022-04-18,0.0004112880237814309,2.737076366776416,0.0,0.0,1.0
2022-04-19,0.01614265346004129,2.7812600420589564,0.0,0.0,1.0
2022-04-20,-0.0007414408555616037,2.779197902233833,0.0,0.0,1.0
2022-04-21,-0.014953742546470972,2.737638492318136,0.0,0.0,1.0
2022-04-22,-0.027439125454690738,2.662520086277828,0.0,0.0,1.0
2022-04-25,0.0057976928980241205,2.6779565600728876,0.0,0.0,1.0
2022-04-26,-0.02896085212366395,2.600400656143021,0.0,0.0,1.0
2022-04-27,0.0028118305339275285,2.607712542108409,0.0,0.0,1.0
2022-04-28,0.02525944232571553,2.6735819066678417,0.0,0.0,1.0
2022-04-29,-0.03695560776536222,2.574778062396456,0.0,0.0,1.0
2022-05-02,-0.0004336676773620818,2.5736614643744136,0.0005,1.0,0.0
2022-05-03,2.094455812984286e-05,2.573715368576561,0.0,0.0,0.0
2022-05-04,2.450376402252097e-05,2.5737784342906136,0.0,0.0,0.0
2022-05-05,2.2806297174327028e-05,2.573837132646447,0.0,0.0,0.0
2022-05-06,2.1984941089625565e-05,2.5738937183041823,0.0,0.0,0.0
2022-05-09,6.694045154964634e-05,2.5740660159119266,0.0,0.0,0.0
2022-05-10,2.1902806623508297e-05,2.5741223951821093,0.0,0.0,0.0
2022-05-11,2.4038330485476322e-05,2.5741842727869546,0.0,0.0,0.0
2022-05-12,2.417522289421825e-05,2.57424650426552,0.0,0.0,0.0
2022-05-13,2.477754884022687e-05,2.574310287784006,0.0,0.0,0.0
2022-05-16,7.745380029544613e-05,2.5745096778989347,0.0,0.0,0.0
2022-05-17,2.6830938236077628e-05,2.5745787544090906,0.0,0.0,0.0
2022-05-18,2.8418890831050092e-05,2.574651921081648,0.0,0.0,0.0
2022-05-19,2.74606439694125e-05,2.574722622681398,0.0,0.0,0.0
2022-05-20,2.7378507871267388e-05,2.574793114744989,0.0,0.0,0.0
2022-05-23,8.03285408803589e-05,2.5749999441189653,0.0,0.0,0.0
2022-05-24,2.7186857519900798e-05,2.5750699502755596,0.0,0.0,0.0
2022-05-25,2.855578323979202e-05,2.575143483414887,0.0,0.0,0.0
2022-05-26,2.861053955061088e-05,2.575217159659368,0.0,0.0,0.0
2022-05-27,2.814510601334419e-05,2.5752896394193336,0.0,0.0,0.0
2022-05-31,0.00011225187966146244,2.575578720522031,0.0,0.0,0.0
2022-06-01,2.819986232416305e-05,2.575651351487355,0.0,0.0,0.0
2022-06-02,3.0198495409194948e-05,2.5757291322828686,0.0,0.0,0.0
2022-06-03,3.047228022690085e-05,2.575807620622776,0.0,0.0,0.0
2022-06-06,9.322381851850636e-05,2.5760477472449397,0.0,0.0,0.0
2022-06-07,3.175906821684116e-05,2.5761295601210743,0.0,0.0,0.0
2022-06-08,3.353867279520806e-05,2.5762159600874694,0.0,0.0,0.0
2022-06-09,3.3757701301873055e-05,2.5763029272163394,0.0,0.0,0.0
2022-06-10,3.389459371083703e-05,2.5763902499573335,0.0,0.0,0.0
2022-06-13,0.0001057905533965453,2.576662807707642,0.0,0.0,0.0
2022-06-14,4.1013005496193244e-05,2.5767684843935363,0.0,0.0,0.0
2022-06-15,4.7720740055323674e-05,2.576891449692563,0.0,0.0,0.0
2022-06-16,4.640657227805711e-05,2.5770110343918757,0.0,0.0,0.0
2022-06-17,4.0602328269745414e-05,2.5771156670398487,0.0,0.0,0.0
2022-06-21,0.00016536618649842794,2.5775418348298724,0.0,0.0,0.0
2022-06-22,4.073922067870939e-05,2.5776468418754903,0.0,0.0,0.0
2022-06-23,4.229979348613355e-05,2.577755875804582,0.0,0.0,0.0
2022-06-24,4.271047071258138e-05,2.5778659729714195,0.0,0.0,0.0
2022-06-27,0.00013125257080837116,2.5782043245075714,0.0,0.0,0.0
2022-06-28,4.4709103797835326e-05,2.5783195937123278,0.0,0.0,0.0
2022-06-29,4.75838476463597e-05,2.5784422800790585,0.0,0.0,0.0
2022-06-30,4.668035709554097e-05,2.578562642685443,0.0,0.0,0.0
2022-07-01,4.380561324679455e-05,2.578675598203301,0.0,0.0,0.0
2022-07-05,0.0001755509973795366,2.5791282872764842,0.0,0.0,0.0
2022-07-06,4.462696769969021e-05,2.579243385951254,0.0,0.0,0.0
2022-07-07,5.037645539718305e-05,2.579373319090645,0.0,0.0,0.0
2022-07-08,5.073237631281202e-05,2.5795041768285203,0.0,0.0,0.0
2022-07-11,0.00015137577448531836,2.5798946512710756,0.0,0.0,0.0
2022-07-12,5.347022448876082e-05,2.5800325988172363,0.0,0.0,0.0
2022-07-13,5.785078483433459e-05,2.580181855727976,0.0,0.0,0.0
2022-07-14,6.360027253182743e-05,2.580345955997182,0.0,0.0,0.0
2022-07-15,6.223134844374201e-05,2.580506534405475,0.0,0.0,0.0
2022-07-18,0.00018398357367854778,2.580981305219576,0.0,0.0,0.0
2022-07-19,6.187542752811304e-05,2.581141004541278,0.0,0.0,0.0
2022-07-20,6.707734559019407e-05,2.5813141406284568,0.0,0.0,0.0
2022-07-21,6.510609229248843e-05,2.5814821999051323,0.0,0.0,0.0
2022-07-22,6.461327570428388e-05,2.5816489979262403,0.0,0.0,0.0
2022-07-25,0.00019342915967746066,2.5821483641224914,0.0,0.0,0.0
2022-07-26,6.551676625510261e-05,2.5823175381332995,0.0,0.0,0.0
2022-07-27,6.776180437051416e-05,2.582492520629141,0.0,0.0,0.0
2022-07-28,6.524298143739671e-05,2.5826610101407264,0.0,0.0,0.0
2022-07-29,6.318959856921325e-05,2.5828242074531973,0.0,0.0,0.0
2022-08-01,0.00018874744125452203,2.5833117089135644,0.0,0.0,0.0
2022-08-02,6.201232320068861e-05,2.5834719060741858,0.0,0.0,0.0
2022-08-03,6.743326650582304e-05,2.5836461180237382,0.0,0.0,0.0
2022-08-04,6.647501638057385e-05,2.5838178659417554,0.0,0.0,0.0
2022-08-05,6.510609229248843e-05,2.5839860882262022,0.0,0.0,0.0
2022-08-08,0.00019794661895944365,2.584497579535805,0.0,0.0,0.0
2022-08-09,6.735113040789997e-05,2.5846716483693233,0.0,0.0,0.0
2022-08-10,7.036276340155467e-05,2.584853513008988,0.0,0.0,0.0
2022-08-11,6.940451980375073e-05,2.5850329135258217,0.0,0.0,0.0
2022-08-12,6.817248486079563e-05,2.5852091416429834,0.0,0.0,0.0
2022-08-15,0.00020533880903483848,2.5857399854092344,0.0,0.0,0.0
2022-08-16,6.880219059390846e-05,2.585917889984537,0.0,0.0,0.0
2022-08-17,7.112936480746512e-05,2.5861018246814957,0.0,0.0,0.0
2022-08-18,7.030801035456946e-05,2.5862836483553635,0.0,0.0,0.0
2022-08-19,7.022587425664639e-05,2.5864652723856447,0.0,0.0,0.0
2022-08-22,0.00021190964465755968,2.587013369322435,0.0,0.0,0.0
2022-08-23,7.249828889555054e-05,2.587200923365061,0.0,0.0,0.0
2022-08-24,7.400410865621154e-05,2.5873923868633093,0.0,0.0,0.0
2022-08-25,7.42778934736954e-05,2.5875845729193956,0.0,0.0,0.0
2022-08-26,7.474332701096209e-05,2.587777977599298,0.0,0.0,0.0
2022-08-29,0.00022628337695618228,2.588363548738882,0.0,0.0,0.0
2022-08-30,7.660506768725206e-05,2.5885618305037323,0.0,0.0,0.0
2022-08-31,7.865845055543552e-05,2.5887654427664866,0.0,0.0,0.0
2022-09-01,7.830252963980655e-05,2.588968149649299,0.0,0.0,0.0
2022-09-02,7.838466573795166e-05,2.5891710850523157,0.0,0.0,0.0
2022-09-06,0.0003088295614777081,2.5899706976231034,0.0,0.0,0.0
2022-09-07,7.789185567719237e-05,2.590172435246891,0.0,0.0,0.0
2022-09-08,8.03011659886721e-05,2.590380429113553,0.0,0.0,0.0
2022-09-09,8.076659952593879e-05,2.5905896453322907,0.0,0.0,0.0
2022-09-12,0.0002437782287598722,2.5912211746874734,0.0,0.0,0.0
2022-09-13,8.199862794144863e-05,2.5914336512684906,0.0,0.0,0.0
2022-09-14,8.632443850364879e-05,2.5916573553233557,0.0,0.0,0.0
2022-09-15,8.563997319588346e-05,2.5918793047897983,0.0,0.0,0.0
2022-09-16,8.473648264506473e-05,2.592098931525527,0.0,0.0,0.0
2022-09-19,0.0002521560520116761,2.592752544958524,0.0,0.0,0.0
2022-09-20,8.30937737392734e-05,2.592967986551857,0.0,0.0,0.0
2022-09-21,8.878850186211373e-05,2.593198212294759,0.0,0.0,0.0
2022-09-22,8.733744167610524e-05,2.5934246955923803,0.0,0.0,0.0
2022-09-23,8.569473277053596e-05,2.5936469384286296,0.0,0.0,0.0
2022-09-26,0.0002552772106820811,2.5943090373845656,0.0,0.0,0.0
2022-09-27,8.665297636833991e-05,2.5945338419842745,0.0,0.0,0.0
2022-09-28,8.898015058189657e-05,2.594764703996224,0.0,0.0,0.0
2022-09-29,8.843258094648476e-05,2.5949941657359474,0.0,0.0,0.0
2022-09-30,8.81040365543484e-05,2.5952227951967837,0.0,0.0,0.0
2022-10-03,0.0002611909705756421,2.595900643957521,0.0,0.0,0.0
2022-10-04,8.624230240572572e-05,2.5961245204058723,0.0,0.0,0.0
2022-10-05,9.075975516004142e-05,2.5963601440317094,0.0,0.0,0.0
2022-10-06,9.015742595019915e-05,2.596594225179135,0.0,0.0,0.0
2022-10-07,9.002053680529087e-05,2.5968279719851513,0.0,0.0,0.0
2022-10-10,0.0002704722778508195,2.597530341961921,0.0,0.0,0.0
2022-10-11,8.993840070714576e-05,2.5977639596866653,0.0,0.0,0.0
2022-10-12,9.144421394036151e-05,2.5980015101699614,0.0,0.0,0.0
2022-10-13,9.672826810058766e-05,2.5982528103565627,0.0,0.0,0.0
2022-10-14,9.809719218845103e-05,2.5985076916618546,0.0,0.0,0.0
2022-10-17,0.0002979876813946625,2.599282014943979,0.0,0.0,0.0
2022-10-18,0.00010097193603719745,2.5995444694813346,0.0,0.0,0.0
2022-10-19,0.00010494181915632339,2.5998172704069398,0.0,0.0,0.0
2022-10-20,0.00010658452806211471,2.600094370703754,0.0,0.0,0.0
2022-10-21,0.0001065023984916369,2.6003712869905384,0.0,0.0,0.0
2022-10-24,0.0003190965084569619,2.6012010563889087,0.0,0.0,0.0
2022-10-25,0.00010713210422474972,2.6014797285315914,0.0,0.0,0.0
2022-10-26,0.00010855578135982036,2.601762134196214,0.0,0.0,0.0
2022-10-27,0.00010759753776201642,2.602042077395696,0.0,0.0,0.0
2022-10-28,0.00010759753776201642,2.602322050716377,0.0,0.0,0.0
2022-10-31,0.00032607803109740985,2.6031706107669557,0.0,0.0,0.0
2022-11-01,0.00010882956617752626,2.6034539126952114,0.0,0.0,0.0
2022-11-02,0.00011088296210082227,2.603742591376744,0.0,0.0,0.0
2022-11-03,0.00011019849679305693,2.6040295198963497,0.0,0.0,0.0
2022-11-04,0.00011019849679305693,2.604316480035047,0.0,0.0,0.0
2022-11-07,0.0003296098572027617,2.6051748884181425,0.0,0.0,0.0
2022-11-08,0.0001090485979480249,2.605458979087134,0.0,0.0,0.0
2022-11-09,0.00011197810137142383,2.6057507334368135,0.0,0.0,0.0
2022-11-10,0.00011206023094190165,2.6060427344657793,0.0,0.0,0.0
2022-11-11,0.0001110198447182853,2.606332056925489,0.0,0.0,0.0
2022-11-14,0.00033371664904957576,2.6072018333258367,0.0,0.0,0.0
2022-11-15,0.00011137576563391427,2.6074922124261857,0.0,0.0,0.0
2022-11-16,0.00011307324064180335,2.607787050020593,0.0,0.0,0.0
2022-11-17,0.00011293634496922778,2.6080815639584807,0.0,0.0,0.0
2022-11-18,0.00011260780057709141,2.608375254287124,0.0,0.0,0.0
2022-11-21,0.0003396304089431368,2.609261137841415,0.0,0.0,0.0
2022-11-22,0.00011219712661447723,2.6095538894436676,0.0,0.0,0.0
2022-11-23,0.00011493497479042603,2.609853818454165,0.0,0.0,0.0
2022-11-25,0.00022997945567504452,2.6104540312147244,0.0,0.0,0.0
2022-11-28,0.0003429158267544974,2.611349197217043,0.0,0.0,0.0
2022-11-29,0.00011452430082781184,2.6116482601580713,0.0,0.0,0.0
2022-11-30,0.00011644078802364177,2.6119523625395247,0.0,0.0,0.0
2022-12-01,-0.0009556710670187707,2.6094561952382143,0.00039641778488748615,0.7928355697749723,0.7930100970681561
2022-12-02,-0.0008912369972878809,2.607130551334216,0.0,0.0,0.7928016722093995
2022-12-05,-0.014190217864424537,2.570134800809786,0.0,0.0,0.7897465162775533
2022-12-06,-0.01136016450505517,2.5409376466724196,0.0,0.0,0.7873063461587309
2022-12-07,-0.0013147038172354186,2.537597066248982,0.0,0.0,0.7870017424865591
2022-12-08,0.006189655957045792,2.553303919046672,0.0,0.0,0.7882877748456458
2022-12-09,-0.005864641267363635,2.53832970751491,0.0,0.0,0.787014637182957
2022-12-12,0.011419706764862259,2.567316688447269,0.0,0.0,0.7893472289983586
2022-12-13,0.005999262047464038,2.5827186940200915,0.0,0.0,0.7905795587517941
2022-12-14,-0.005030146185688311,2.5697272414326604,0.0,0.0,0.7894963381448509
2022-12-15,-0.01928835481990665,2.5201614306095275,0.0,0.0,0.7853314132507444
2022-12-16,-0.009246914569690845,2.4968577131588514,0.0,0.0,0.7833028723363357
2022-12-19,-0.006567949247658134,2.4804584784202004,0.0,0.0,0.7817956217636528
2022-12-20,0.0010947445455955496,2.483173946810027,0.0,0.0,0.7820093955670835
2022-12-21,0.011718136523022116,2.5122721181291587,0.0,0.0,0.7845092992882143
2022-12-22,-0.011167023817435395,2.4842175155501316,0.0,0.0,0.7820506449324092
2022-12-23,0.004523559953533818,2.4954550224193413,0.0,0.0,0.7830071155783035
2022-12-27,-0.0029880387159025856,2.487998506198559,0.0,0.0,0.7822568491481802
2022-12-28,-0.009696869173611344,2.463872710179811,0.0,0.0,0.7800994942927233
2022-12-29,0.014068132936673194,2.498534799005662,0.0,0.0,0.7831244117637917
2022-12-30,-0.002037274916479981,2.4934445967316954,0.0,0.0,0.7826561199779709
2023-01-03,7.501917300278826e-05,2.4936316528832703,0.00039132805998898544,0.7826561199779709,0.0
2023-01-04,0.00011649555412573953,2.4939221498844586,0.0,0.0,0.0
2023-01-05,0.00012046543724486547,2.494222581306699,0.0,0.0,0.0
2023-01-06,0.0001231485323740511,2.494529741157001,0.0,0.0,0.0
2023-01-09,0.00036903491010420453,2.4954503097157814,0.0,0.0,0.0
2023-01-10,0.00012273784535632437,2.49575659590999,0.0,0.0,0.0
2023-01-11,0.00012498288999918117,2.4960685227820814,0.0,0.0,0.0
2023-01-12,0.00012470909865403002,2.496379805237736,0.0,0.0,0.0
2023-01-13,0.00012251882011304893,2.4966856587460278,0.0,0.0,0.0
2023-01-17,0.0004914989641151557,2.4979127771610226,0.0,0.0,0.0
2023-01-18,0.00012301163670147552,2.4982200495000786,0.0,0.0,0.0
2023-01-19,0.00012402464640137723,2.4985298903583506,0.0,0.0,0.0
2023-01-20,0.00012388775072880165,2.4988394276065957,0.0,0.0,0.0
2023-01-23,0.00037273101493329186,2.4997708225626027,0.0,0.0,0.0
2023-01-24,0.00012416152901884026,2.500081197930129,0.0,0.0,0.0
2023-01-25,0.00012520191524223456,2.500394212884371,0.0,0.0,0.0
2023-01-26,0.0001244353203639914,2.5007053502392877,0.0,0.0,0.0
2023-01-27,0.0001243805673170062,2.5010163893894433,0.0,0.0,0.0
2023-01-30,0.0003735523498034077,2.5019506499385966,0.0,0.0,0.0
2023-01-31,0.00012416152901884026,2.5022612959568225,0.0,0.0,0.0
2023-02-01,0.008841615066100816,2.5243853271304753,0.0004357059069073075,0.8714118138146151,0.8729547703274061
2023-02-02,0.012723246644162911,2.5565037042724623,0.0,0.0,0.8745353658569253
2023-02-03,-0.009280107943838267,2.5327790739379914,0.0,0.0,0.8733444971121838
2023-02-06,-0.00529032118500028,2.5193798591462118,0.0,0.0,0.8726235825657358
2023-02-07,0.011428514393516886,2.5481726281292008,0.0,0.0,0.8740472273642047
2023-02-08,-0.009541665992147563,2.523858816021259,0.0,0.0,0.8728179394382142
2023-02-09,-0.007550690640174107,2.5048019388820064,0.0,0.0,0.8718342341672305
2023-02-10,0.0020508756628143665,2.5099389762186295,0.0,0.0,0.8720803944144087
2023-02-13,0.010285908601365135,2.535755979123018,0.0,0.0,0.8733345647445488
2023-02-14,-0.0003856722771106158,2.534778008340353,0.0,0.0,0.8732695798900998
2023-02-15,0.0028519960139026246,2.5420071851162676,0.0,0.0,0.8736138638925314
2023-02-16,-0.012012508188584237,2.5114713029896185,0.0,0.0,0.8720609287460915
2023-02-17,-0.0021622677088418696,2.506040829689481,0.0,0.0,0.8717673148792149
2023-02-21,-0.017422826609816866,2.4623785148366797,0.0,0.0,0.8694266352451231
2023-02-22,-0.0011812860195621333,2.459469741522233,0.0,0.0,0.869255429361513
2023-02-23,0.004640750634490098,2.4708835272857113,0.0,0.0,0.869842650979998
2023-02-24,-0.009275354709265105,2.4479652061248562,0.0,0.0,0.8686072234907538
2023-02-27,0.003009095067969314,2.455331366153167,0.0,0.0,0.8689508081227694
2023-02-28,-0.003194931484192587,2.4474867506673186,0.0,0.0,0.8685139816033388
2023-03-01,-0.003432013232996689,2.439086943751444,1.316274976500472e-05,0.02632549953000944,0.8944769282613624
2023-03-02,0.006970189560951301,2.456087842105033,0.0,0.0,0.8951937965383471
2023-03-03,0.014370461572907445,2.4913829580596887,0.0,0.0,0.8966652127740262
2023-03-06,0.000661181933601096,2.493030215461239,0.0,0.0,0.8966934733621643
2023-03-07,-0.013731727644103797,2.458796603534004,0.0,0.0,0.8952415867892648
2023-03-08,0.0014748745928176987,2.4624230201734627,0.0,0.0,0.8953819891508171
2023-03-09,-0.016505573272293628,2.421779316586607,0.0,0.0,0.8936120080508851
2023-03-10,-0.012880247148944535,2.3905862004487695,0.0,0.0,0.892209519030333
2023-03-13,-0.0012290533675369808,2.3876480424287205,0.0,0.0,0.8920343004111724
2023-03-14,0.014759172413436827,2.422887751549531,0.0,0.0,0.893591039833247
2023-03-15,-0.00557524450937763,2.409379559915866,0.0,0.0,0.892980747000232
2023-03-16,0.01568073981632545,2.4471604139136796,0.0,0.0,0.8946198309475216
2023-03-17,-0.010447181570516162,2.421594484737344,0.0,0.0,0.8934940744669375
2023-03-20,0.008628979516821289,2.4424903739441897,0.0,0.0,0.8943680158719686
2023-03-21,0.011756398199130436,2.4712052633778203,0.0,0.0,0.8955826745426162
2023-03-22,-0.015253230086443414,2.4335114009046883,0.0,0.0,0.8939519342651246
2023-03-23,0.002429864183665753,2.439424503098289,0.0,0.0,0.8941957757727752
2023-03-24,0.005880749015687581,2.4537701463437287,0.0,0.0,0.894801378345828
2023-03-27,0.0017120904554761562,2.4579712227912163,0.0,0.0,0.8949423381986912
2023-03-28,-0.0019954924886153025,2.4530663596789037,0.0,0.0,0.8947190687067541
2023-03-29,0.013017688135276373,2.484999612524341,0.0,0.0,0.8960588028875157
2023-03-30,0.005259907978191203,2.4980704818120603,0.0,0.0,0.8965895564590897
2023-03-31,0.012650121087975252,2.5296713758932796,0.0,0.0,0.8978683268333807
2023-04-03,0.003574082175792359,2.538712629268472,1.943791713511769e-05,0.038875834270235374,0.9369650767330105
2023-04-04,-0.005190616020442684,2.5255351468236906,0.0,0.0,0.9366282514034127
2023-04-05,-0.002443971332404926,2.5193628113258724,0.0,0.0,0.9364647699291541
2023-04-06,0.003661186118785853,2.528586667478884,0.0,0.0,0.9366883812026424
2023-04-10,0.0009940146682607676,2.5311001197163265,0.0,0.0,0.9367186269803934
2023-04-11,0.00025985376277515293,2.5317578356063954,0.0,0.0,0.9367266867144282
2023-04-12,-0.0038095708125408523,2.522112924851448,0.0,0.0,0.9364762346668537
2023-04-13,0.012447403914170874,2.553506683144225,0.0,0.0,0.9372488708734118
2023-04-14,-0.002281068301152156,2.5476819599925244,0.0,0.0,0.9370970438874092
2023-04-17,0.0033877481589843494,2.556312864862167,0.0,0.0,0.9372841776206807
2023-04-18,0.0006200338266844074,2.55789786530997,0.0,0.0,0.9373145915804534
2023-04-19,-0.000149901858178203,2.55751443166693,0.0,0.0,0.9372965595661306
2023-04-20,-0.0051063361122611894,2.54445490336688,0.0,0.0,0.9369661122997126
2023-04-21,0.0007364394886275605,2.546328740434751,0.0,0.0,0.9370039711113224
2023-04-24,0.0010031673158423793,2.5488831342025455,0.0,0.0,0.9370415166565536
2023-04-25,-0.014866061091327376,2.5109912818148366,0.0,0.0,0.9360829218319038
2023-04-26,-0.0039562139372076865,2.5010572631095136,0.0,0.0,0.9358203458663247
2023-04-27,0.018638929504056323,2.54767429312222,0.0,0.0,0.9369860981811847
2023-04-28,0.008006120722102938,2.568071281073555,0.0,0.0,0.9374780304838796
2023-05-01,-0.0010409193550946494,2.565398125971823,3.1245362077021736e-05,0.06249072415404347,1.0
2023-05-02,-0.011239418194281425,2.5365645435991997,0.0,0.0,1.0
2023-05-03,-0.006863799447215602,2.519154073287017,0.0,0.0,1.0
2023-05-04,-0.0070831740381475106,2.5013104665570167,0.0,0.0,1.0
2023-05-05,0.018512791265872908,2.54761670511553,0.0,0.0,1.0
2023-05-08,0.0002664953680788784,2.5482956331670836,0.0,0.0,1.0
2023-05-09,-0.004385267859969844,2.5371206742292545,0.0,0.0,1.0
2023-05-10,0.004672413686117816,2.548975151590856,0.0,0.0,1.0
2023-05-11,-0.0017440353643123352,2.544529648783728,0.0,0.0,1.0
2023-05-12,-0.0013104277613935622,2.5411952264922726,0.0,0.0,1.0
2023-05-15,0.003450039630036983,2.5499624507313317,0.0,0.0,1.0
2023-05-16,-0.006682494534539174,2.5329223405910395,0.0,0.0,1.0
2023-05-17,0.01213885694405148,2.563669122533866,0.0,0.0,1.0
2023-05-18,0.009633320941490497,2.588365769979024,0.0,0.0,1.0
2023-05-19,-0.0014551941612197528,2.5845991952234497,0.0,0.0,1.0
2023-05-22,0.0004062055724551872,2.5856490738191127,0.0,0.0,1.0
2023-05-23,-0.011222932748939152,2.556630508151284,0.0,0.0,1.0
2023-05-24,-0.0072449009438391165,2.5381079733697307,0.0,0.0,1.0
2023-05-25,0.008659974877295973,2.5600879246549773,0.0,0.0,1.0
2023-05-26,0.012950845744496453,2.593243228459532,0.0,0.0,1.0
2023-05-30,0.00038094749534223205,2.594231117972227,0.0,0.0,1.0
2023-05-31,-0.005545226774294698,2.579845518118139,0.0,0.0,1.0
2023-06-01,0.009500908800490038,2.6043563951051323,0.0,0.0,1.0
2023-06-02,0.014461082135969416,2.642018206846085,0.0,0.0,1.0
2023-06-05,-0.0019160522708951966,2.636955961861111,0.0,0.0,1.0
2023-06-06,0.0021773464180092628,2.6426975284791174,0.0,0.0,1.0
2023-06-07,-0.0034576731966026175,2.633559944068167,0.0,0.0,1.0
2023-06-08,0.006048552815833164,2.649489170483526,0.0,0.0,1.0
2023-06-09,0.001794409099872718,2.654243437961056,0.0,0.0,1.0
2023-06-12,0.009071858658191045,2.6783223592746697,0.0,0.0,1.0
2023-06-13,0.00659279844338001,2.6959799987557655,0.0,0.0,1.0
2023-06-14,0.001190826388549171,2.6991904428812847,0.0,0.0,1.0
2023-06-15,0.012397525117300523,2.732653724193283,0.0,0.0,1.0
2023-06-16,-0.003406070636591929,2.723346112583335,0.0,0.0,1.0
2023-06-20,-0.0051882418638852235,2.709216734272181,0.0,0.0,1.0
2023-06-21,-0.005123704210498237,2.6953355090836384,0.0,0.0,1.0
2023-06-22,0.0036096931651292685,2.7050648432485076,0.0,0.0,1.0
2023-06-23,-0.007560002458915971,2.6846145463820217,0.0,0.0,1.0
2023-06-26,-0.004085551829148493,2.673646414511492,0.0,0.0,1.0
2023-06-27,0.01096307654192219,2.7029578047998175,0.0,0.0,1.0
2023-06-28,0.0005045435126187492,2.7043215646251113,0.0,0.0,1.0
2023-06-29,0.003941241080887226,2.714979947871541,0.0,0.0,1.0
2023-06-30,0.0118007906334745,2.7470188578104544,0.0,0.0,1.0
2023-07-03,0.0011505051261953003,2.7501793170881204,0.0,0.0,1.0
2023-07-05,-0.0014872116541752023,2.7460892183566754,0.0,0.0,1.0
2023-07-06,-0.007830669721768824,2.724585500661214,0.0,0.0,1.0
2023-07-07,-0.0025246495327946317,2.7177068771499107,0.0,0.0,1.0
2023-07-10,0.00253103952053757,2.7245855006612136,0.0,0.0,1.0
2023-07-11,0.006368611543875913,2.7419373273330017,0.0,0.0,1.0
2023-07-12,0.008045781663219786,2.7639983564029555,0.0,0.0,1.0
2023-07-13,0.007936993890085287,2.7859361944699317,0.0,0.0,1.0
2023-07-14,-0.0006227375786951317,2.7842012873097883,0.0,0.0,1.0
2023-07-17,0.0034721441783767126,2.7938684356009498,0.0,0.0,1.0
2023-07-18,0.007430573761473713,2.814628481091536,0.0,0.0,1.0
2023-07-19,0.0022238540879879753,2.8208878041453787,0.0,0.0,1.0
2023-07-20,-0.006634574292121664,2.802172414439036,0.0,0.0,1.0
2023-07-21,0.0,2.802172414439036,0.0,0.0,1.0
2023-07-24,0.0044673384341744615,2.814690666965243,0.0,0.0,1.0
2023-07-25,0.0027299937782121475,2.82237475497365,0.0,0.0,1.0
2023-07-26,0.00015374414046576135,2.8228086785544257,0.0,0.0,1.0
2023-07-27,-0.006629989860023722,2.804093485638823,0.0,0.0,1.0
2023-07-28,0.00979029361336381,2.831546384182548,0.0,0.0,1.0
2023-07-31,0.0019040052219059245,2.8369376632841004,0.0,0.0,1.0
2023-08-01,-0.002861470981017633,2.828819848485657,0.0,0.0,1.0
2023-08-02,-0.013910909544861294,2.789468391454665,0.0,0.0,1.0
2023-08-03,-0.002865932099899826,2.781473964449939,0.0,0.0,1.0
2023-08-04,-0.004522585725049044,2.7688945100037223,0.0,0.0,1.0
2023-08-07,0.008728488652083533,2.793062774313106,0.0,0.0,1.0
2023-08-08,-0.004348604176971027,2.780916849866186,0.0,0.0,1.0
2023-08-09,-0.006685353264446192,2.7623254383257794,0.0,0.0,1.0
2023-08-10,0.00035891199937987395,2.7633168700717867,0.0,0.0,1.0
2023-08-11,-0.0005830405489853918,2.7617057442868393,0.0,0.0,1.0
2023-08-14,0.0055199912097421144,2.776950335719197,0.0,0.0,1.0
2023-08-15,-0.011648987072948591,2.744601677156184,0.0,0.0,1.0
2023-08-16,-0.007338025782683055,2.7244617192860168,0.0,0.0,1.0
2023-08-17,-0.0076198705027230584,2.703701673795431,0.0,0.0,1.0
2023-08-18,0.00048125885437677596,2.7050028541655387,0.0,0.0,1.0
2023-08-21,0.006506382415292666,2.7226026371691976,0.0,0.0,1.0
2023-08-22,-0.0027086347726138493,2.715228100994151,0.0,0.0,1.0
2023-08-23,0.011137782532248508,2.7454697211084738,0.0,0.0,1.0
2023-08-24,-0.013859080650615807,2.707420034819808,0.0,0.0,1.0
2023-08-25,0.007049714043525501,2.7265065718609995,0.0,0.0,1.0
2023-08-28,0.00634131638504698,2.74379621265908,0.0,0.0,1.0
2023-08-29,0.014454865660979754,2.783457418314172,0.0,0.0,1.0
2023-08-30,0.004118776181133654,2.7949218564299243,0.0,0.0,1.0
2023-08-31,-0.0014634740190587747,2.7908315609077397,0.0,0.0,1.0
2023-09-01,0.0018651472649089396,2.7960368727603884,0.0,0.0,1.0
2023-09-05,-0.0043216675360020496,2.783953330977915,0.0,0.0,1.0
2023-09-06,-0.006722523940093761,2.7652381380623123,0.0,0.0,1.0
2023-09-07,-0.003070240486752196,2.7567481919753223,0.0,0.0,1.0
2023-09-08,0.0015060827955775125,2.7609000829989956,0.0,0.0,1.0
2023-09-11,0.0065766552261130595,2.779057570958627,0.0,0.0,1.0
2023-09-12,-0.0054854547818380395,2.763813176317009,0.0,0.0,1.0
2023-09-13,0.0011657292960403076,2.7670350343054237,0.0,0.0,1.0
2023-09-14,0.008622340736113232,2.790893353199968,0.0,0.0,1.0
2023-09-15,-0.012048270079133783,2.7572679163185554,0.0,0.0,1.0
2023-09-18,0.0005865321568145898,2.7588851426164296,0.0,0.0,1.0
2023-09-19,-0.002073842754157895,2.7531636486538607,0.0,0.0,1.0
2023-09-20,-0.009193219507414807,2.7278532108919507,0.0,0.0,1.0
2023-09-21,-0.016528425996965135,2.6827660909651394,0.0,0.0,1.0
2023-09-22,-0.0022485834122557558,2.676733667634033,0.0,0.0,1.0
2023-09-25,0.004205285882612708,2.6879900979380484,0.0,0.0,1.0
2023-09-26,-0.014691419928752447,2.648499706644912,0.0,0.0,1.0
2023-09-27,0.000399302832412296,2.6495572600794186,0.0,0.0,1.0
2023-09-28,0.005797235571361581,2.66491736767591,0.0,0.0,1.0
2023-09-29,-0.002426767206099245,2.65845023360107,0.0,0.0,1.0
2023-10-02,-0.000397660200543104,2.6573930737480422,0.0,0.0,1.0
2023-10-03,-0.013386159548430143,2.6218207860799576,0.0,0.0,1.0
2023-10-04,0.007282055308282631,2.6409130300525967,0.0,0.0,1.0
2023-10-05,-0.00037690281712132734,2.6399176624917975,0.0,0.0,1.0
2023-10-06,0.011872889791437746,2.6712611139570326,0.0,0.0,1.0
2023-10-09,0.006402256647208171,2.688363213180293,0.0,0.0,1.0
2023-10-10,0.005204733905398662,2.702355428345959,0.0,0.0,1.0
2023-10-11,0.00409645206456366,2.7134254978195917,0.0,0.0,1.0
2023-10-12,-0.006096655299607345,2.6968826778782202,0.0,0.0,1.0
2023-10-13,-0.004980766279706006,2.6834501355759213,0.0,0.0,1.0
2023-10-16,0.010521368380703056,2.711683702983563,0.0,0.0,1.0
2023-10-17,-4.5937709481802536e-05,2.711559134445409,0.0,0.0,1.0
2023-10-18,-0.013325015298758291,2.675427567495436,0.0,0.0,1.0
2023-10-19,-0.008786276896443401,2.651920520071043,0.0,0.0,1.0
2023-10-20,-0.01228806515957459,2.6193335479223974,0.0,0.0,1.0
2023-10-23,-0.0017331758206158288,2.6147937823510103,0.0,0.0,1.0
2023-10-24,0.007539297844937565,2.6345074914792455,0.0,0.0,1.0
2023-10-25,-0.014352274963949196,2.5966963155669514,0.0,0.0,1.0
2023-10-26,-0.011974491361111617,2.5656021979687647,0.0,0.0,1.0
2023-10-27,-0.004532794976839227,2.553972849213244,0.0,0.0,1.0
2023-10-30,0.01195581946993074,2.584507687529542,0.0,0.0,1.0
2023-10-31,0.00628030516979039,2.6007391845208967,0.0,0.0,1.0
2023-11-01,-0.0003544191602581348,2.5998174327230683,0.0005,1.0,0.0
2023-11-02,0.00014510609693996201,2.600194682083487,0.0,0.0,0.0
2023-11-03,0.0001442847359596211,2.600569850486635,0.0,0.0,0.0
2023-11-06,0.0004314578876847275,2.6016918868611025,0.0,0.0,0.0
2023-11-07,0.0001440109576695825,2.602066559001291,0.0,0.0,0.0
2023-11-08,0.00014436686553009892,2.6024422111943144,0.0,0.0,0.0
2023-11-09,0.0001442299829126359,2.602817561389966,0.0,0.0,0.0
2023-11-10,0.0001440930872400603,2.6031926094079094,0.0,0.0,0.0
2023-11-13,0.00043121149897329403,2.604315135995128,0.0,0.0,0.0
2023-11-14,0.0001440109576695825,2.6046901859119362,0.0,0.0,0.0
2023-11-15,0.00014381929589490916,2.6050647906204984,0.0,0.0,0.0
2023-11-16,0.00014387406199700692,2.6054395918736906,0.0,0.0,0.0
2023-11-17,0.00014354551760487055,2.605813591048494,0.0,0.0,0.0
2023-11-20,0.0004298151787791582,2.606933609282996,0.0,0.0,0.0
2023-11-21,0.00014340862193229498,2.607307466039372,0.0,0.0,0.0
2023-11-22,0.00014387406199700692,2.6076825899553864,0.0,0.0,0.0
2023-11-24,0.00028829568057409105,2.6084343735823787,0.0,0.0,0.0
2023-11-27,0.0004314578876847275,2.609559803167369,0.0,0.0,0.0
2023-11-28,0.00014395619156748474,2.6099354654583005,0.0,0.0,0.0
2023-11-29,0.0001440109576695825,2.6103113247641367,0.0,0.0,0.0
2023-11-30,0.0001434633749792802,2.610685808836534,0.0,0.0,0.0
2023-12-01,0.0054132871596237475,2.6248182008033205,0.0004997501249375312,0.9995002498750626,1.0
2023-12-04,-0.005249491634490733,2.6110392396161446,0.0,0.0,1.0
2023-12-05,-0.00019692212519839547,2.610525068220103,0.0,0.0,1.0
2023-12-06,-0.004029936672423795,2.600004817513401,0.0,0.0,1.0
2023-12-07,0.0076303083060389465,2.6198436558682148,0.0,0.0,1.0
2023-12-08,0.004299427254055521,2.631107483083619,0.0,0.0,1.0
2023-12-11,0.003889424655461937,2.6413409773994947,0.0,0.0,1.0
2023-12-12,0.0045671148687815855,2.653404285050898,0.0,0.0,1.0
2023-12-13,0.013790284876171954,2.689995486033405,0.0,0.0,1.0
2023-12-14,0.003209398326760038,2.698628753045273,0.0,0.0,1.0
2023-12-15,-0.0016466618459695104,2.694185024041197,0.0,0.0,1.0
2023-12-18,0.0056250888080024986,2.7093400540666193,0.0,0.0,1.0
2023-12-19,0.006080955334677007,2.7258154299218496,0.0,0.0,1.0
2023-12-20,-0.013857424693233478,2.688042647874054,0.0,0.0,1.0
2023-12-21,0.009481936164520421,2.713530496668704,0.0,0.0,1.0
2023-12-22,0.0020097869101827204,2.7189841147412905,0.0,0.0,1.0
2023-12-26,0.004222507142810139,2.730465044586973,0.0,0.0,1.0
2023-12-27,0.0018080190784541816,2.7354017774806385,0.0,0.0,1.0
2023-12-28,0.00037779039577712226,2.7364351860007625,0.0,0.0,1.0
2023-12-29,-0.002894836414470192,2.72851365377849,0.0,0.0,1.0
2024-01-02,-0.005596421875868285,2.713243740277879,0.0,0.0,1.0
2024-01-03,-0.008166689115570946,2.6910855221562606,0.0,0.0,1.0
2024-01-04,-0.0032212079913171987,2.682416975966973,0.0,0.0,1.0
2024-01-05,0.001369697631896205,2.686091076146713,0.0,0.0,1.0
2024-01-08,0.014276007618540643,2.7244377328138776,0.0,0.0,1.0
2024-01-09,-0.0015171101886439775,2.7203044605710995,0.0,0.0,1.0
2024-01-10,0.005655342790561901,2.7356887147903235,0.0,0.0,1.0
2024-01-11,-0.0004405108338484398,2.7344836142734215,0.0,0.0,1.0
2024-01-12,0.0006927821246200949,2.7363780156414568,0.0,0.0,1.0
2024-01-16,-0.0036712330687209693,2.726332134181913,0.0,0.0,1.0
2024-01-17,-0.005558761471287088,2.7111771041564907,0.0,0.0,1.0
2024-01-18,0.00889273880780328,2.735286894005451,0.0,0.0,1.0
2024-01-19,0.012466283833569403,2.7693857567923654,0.0,0.0,1.0
2024-01-22,0.0021142803685763045,2.7752410147309665,0.0,0.0,1.0
2024-01-23,0.0029164846770144415,2.7833349626254513,0.0,0.0,1.0
2024-01-24,0.001093182604395393,2.786377655988799,0.0,0.0,1.0
2024-01-25,0.005438907060566933,2.801532505095363,0.0,0.0,1.0
2024-01-26,-0.0012704534743316342,2.7979732883908115,0.0,0.0,1.0
2024-01-29,0.007919446240754136,2.8201316874312887,0.0,0.0,1.0
2024-01-30,-0.0007735523863302562,2.8179501678347108,0.0,0.0,1.0
2024-01-31,-0.01631726923513499,2.771968916254958,0.0,0.0,1.0
2024-02-01,0.01308817726383138,2.8082489368007333,0.0,0.0,1.0
2024-02-02,0.010527410320712027,2.8378125256411377,0.0,0.0,1.0
2024-02-05,-0.003641312254575091,2.827479164115334,0.0,0.0,1.0
2024-02-06,0.0029034251535566824,2.835688538241584,0.0,0.0,1.0
2024-02-07,0.008340343964780894,2.8593391560275054,0.0,0.0,1.0
2024-02-08,0.0004417085496768447,2.8606021505791484,0.0,0.0,1.0
2024-02-09,0.005779457003501243,2.877134877712544,0.0,0.0,1.0
2024-02-12,-0.00043903936526801246,2.8758717022420424,0.0,0.0,1.0
2024-02-13,-0.01377303106709138,2.8362622319420936,0.0,0.0,1.0
2024-02-14,0.009087653014913322,2.862037198965287,0.0,0.0,1.0
2024-02-15,0.006899859742297121,2.8817848542153843,0.0,0.0,1.0
2024-02-16,-0.004980034659660126,2.8674334657597083,0.0,0.0,1.0
2024-02-20,-0.005505423937581133,2.8516470289178937,0.0,0.0,1.0
2024-02-21,0.0009057848034978999,2.8542300074616276,0.0,0.0,1.0
2024-02-22,0.020695538288162618,2.913299833864272,0.0,0.0,1.0
2024-02-23,0.0006896317025153476,2.915308937788638,0.0,0.0,1.0
2024-02-26,-0.0036624894663943586,2.9046316495127016,0.0,0.0,1.0
2024-02-27,0.0018576899269169278,2.9100275544694054,0.0,0.0,1.0
2024-02-28,-0.001321565553773385,2.906181762292887,0.0,0.0,1.0
2024-02-29,0.003594930455181,2.9166292836184455,0.0,0.0,1.0
2024-03-01,0.0093881963260678,2.944011171943414,0.0,0.0,1.0
2024-03-04,-0.0010724195040113793,2.940853956942594,0.0,0.0,1.0
2024-03-05,-0.009993971737729757,2.911463145612119,0.0,0.0,1.0
2024-03-06,0.005067221387955678,2.9262161739338097,0.0,0.0,1.0
2024-03-07,0.009926369733113782,2.9552628775952945,0.0,0.0,1.0
2024-03-08,-0.006002176220475386,2.9375248690261384,0.0,0.0,1.0
2024-03-11,-0.0008597807263520663,2.9349992417605697,0.0,0.0,1.0
2024-03-12,0.01075724701958447,2.9665717536064813,0.0,0.0,1.0
2024-03-13,-0.0015674579578892622,2.9619217771036412,0.0,0.0,1.0
2024-03-14,-0.001976966380943357,2.9560661573273235,0.0,0.0,1.0
2024-03-15,-0.006866500415993904,2.9357683278283297,0.0,0.0,1.0
2024-03-18,0.005943185146671359,2.953216142548347,0.0,0.0,1.0
2024-03-19,0.005557288238886571,2.969628015884221,0.0,0.0,1.0
2024-03-20,0.009249096952548719,2.9970943933161394,0.0,0.0,1.0
2024-03-21,0.0033047286909257956,3.006998977147144,0.0,0.0,1.0
2024-03-22,-0.0018956476274623046,3.0012987666703332,0.0,0.0,1.0
2024-03-25,-0.0027628219278593713,2.993006712625719,0.0,0.0,1.0
2024-03-26,-0.0018470849189388128,2.9874783750645455,0.0,0.0,1.0
2024-03-27,0.00840390077811115,3.0125848469053405,0.0,0.0,1.0
2024-03-28,-0.00019103292300193253,3.0120093440162448,0.0,0.0,1.0
2024-04-01,-0.0017398669986224968,3.0067688483590485,0.0,0.0,1.0
2024-04-02,-0.00635827949124379,2.9876509716556163,0.0,0.0,1.0
2024-04-03,0.0010987199645968726,2.9909335634254215,0.0,0.0,1.0
2024-04-04,-0.012206275549836776,2.9544254041989957,0.0,0.0,1.0
2024-04-05,0.010447018952042697,2.985290342389059,0.0,0.0,1.0
2024-04-08,0.0005591879236255259,2.986959680697039,0.0,0.0,1.0
2024-04-09,0.0011566970469487625,2.9904146881390563,0.0,0.0,1.0
2024-04-10,-0.01001298442171894,2.9604717124522404,0.0,0.0,1.0
2024-04-11,0.00754684211533041,2.9828139250530192,0.0,0.0,1.0
2024-04-12,-0.013803095840329238,2.9416418585716437,0.0,0.0,1.0
2024-04-15,-0.01252809596189397,2.904788687081934,0.0,0.0,1.0
2024-04-16,-0.0018237075630330724,2.8994912019842896,0.0,0.0,1.0
2024-04-17,-0.005918207955050381,2.8823314100871076,0.0,0.0,1.0
2024-04-18,-0.0020577310851843666,2.876400347146768,0.0,0.0,1.0
2024-04-19,-0.008728434435665067,2.851293875305973,0.0,0.0,1.0
2024-04-22,0.009209159603986494,2.877551895681535,0.0,0.0,1.0
2024-04-23,0.011866554141672037,2.911698521047111,0.0,0.0,1.0
2024-04-24,-0.00047465050058881353,2.9103164818865324,0.0,0.0,1.0
2024-04-25,-0.0037989450407140968,2.899260349520761,0.0,0.0,1.0
2024-04-26,0.009474080100232207,2.9267281743035483,0.0,0.0,1.0
2024-04-29,0.0035415049532296905,2.937093196629601,0.0,0.0,1.0
2024-04-30,-0.015841324227352516,2.8905657510158402,0.0,0.0,1.0
2024-05-01,-0.0032472021430118847,2.8811794997146247,0.0,0.0,1.0
2024-05-02,0.009353443441858289,2.908128449211047,0.0,0.0,1.0
2024-05-03,0.012395442788057931,2.944175989023566,0.0,0.0,1.0
2024-05-06,0.010326567900952321,2.9745792222865712,0.0,0.0,1.0
2024-05-07,0.0011034874534030514,2.977861633137518,0.0,0.0,1.0
2024-05-08,9.678211320740537e-05,2.9781498368792123,0.0,0.0,1.0
2024-05-09,0.005761957509170301,2.995309809695253,0.0,0.0,1.0
2024-05-10,0.0012881056795095436,2.999168085273012,0.0,0.0,1.0
2024-05-13,0.00013403773723297263,2.999570086976743,0.0,0.0,1.0
2024-05-14,0.004588337637909223,3.013333127304365,0.0,0.0,1.0
2024-05-15,0.012383016136922498,3.0506472800456983,0.0,0.0,1.0
2024-05-16,-0.002057411580288049,3.044370843004358,0.0,0.0,1.0
2024-05-17,0.0014375473338756883,3.048747270193048,0.0,0.0,1.0
2024-05-20,0.001151947528351016,3.052259267075514,0.0,0.0,1.0
2024-05-21,0.0024526293065789684,3.0597453276052207,0.0,0.0,1.0
2024-05-22,-0.0028794509447943595,3.0509349410308175,0.0,0.0,1.0
2024-05-23,-0.0073041542725810205,3.0286504415459206,0.0,0.0,1.0
2024-05-24,0.006616456735151877,3.0486893761583076,0.0,0.0,1.0
2024-05-28,0.0006988250410566721,3.0508198766367705,0.0,0.0,1.0
2024-05-29,-0.007002524711322233,3.0294564350608284,0.0,0.0,1.0
2024-05-30,-0.006633747062900319,3.009359787332559,0.0,0.0,1.0
2024-05-31,0.009108226561484578,3.0367697180806053,0.0,0.0,1.0
2024-06-03,0.0008152391819058469,3.0392454117412098,0.0,0.0,1.0
2024-06-04,0.0011179275456751903,3.042643067905062,0.0,0.0,1.0
2024-06-05,0.011885081701314748,3.0788051293550525,0.0,0.0,1.0
2024-06-06,-1.8569008724100833e-05,3.078747958995746,0.0,0.0,1.0
2024-06-07,-0.0012157050190024776,3.075005109649751,0.0,0.0,1.0
2024-06-10,0.0030896771224453445,3.0845058825884384,0.0,0.0,1.0
2024-06-11,0.0024084538831112834,3.091934772758838,0.0,0.0,1.0
2024-06-12,0.008213023460147406,3.1173289055847517,0.0,0.0,1.0
2024-06-13,0.0020135183258374045,3.1236057044638095,0.0,0.0,1.0
2024-06-14,0.0006083903892388776,3.125506076154177,0.0,0.0,1.0
2024-06-17,0.007958793530856711,3.150381333693726,0.0,0.0,1.0
2024-06-18,0.0025407121528528975,3.1583855458343626,0.0,0.0,1.0
2024-06-20,-0.002716544837253032,3.1498056498857716,0.0,0.0,1.0
2024-06-21,-0.001340720179602073,3.145582641889145,0.0,0.0,1.0
2024-06-24,-0.0032506448605784666,3.135357469840763,0.0,0.0,1.0
2024-06-25,0.0038509684777763287,3.1474316326236806,0.0,0.0,1.0
2024-06-26,0.0012481516847460128,3.1513601047185626,0.0,0.0,1.0
2024-06-27,0.0015763574626213028,3.1563277747370426,0.0,0.0,1.0
2024-06-28,-0.003935092412652108,3.1439073332588316,0.0,0.0,1.0
2024-07-01,0.002058185311948124,3.150378077154271,0.0,0.0,1.0
2024-07-02,0.006729603559596509,3.171578872676363,0.0,0.0,1.0
2024-07-03,0.004462535183179517,3.18573215498191,0.0,0.0,1.0
2024-07-05,0.005766606181152989,3.2041030177183267,0.0,0.0,1.0
2024-07-08,0.00115391352062999,3.2078002755119632,0.0,0.0,1.0
2024-07-09,0.0009724430112412197,3.2109196784713423,0.0,0.0,1.0
2024-07-10,0.009895173746174546,3.2426922865748273,0.0,0.0,1.0
2024-07-11,-0.008622552942060047,3.2147320006590263,0.0,0.0,1.0
2024-07-12,0.006307644202944163,3.235009386327002,0.0,0.0,1.0
2024-07-15,0.002750070521798653,3.243905890278082,0.0,0.0,1.0
2024-07-16,0.005930116669278673,3.2631426306715916,0.0,0.0,1.0
2024-07-17,-0.014021125386979194,3.217389698691348,0.0,0.0,1.0
2024-07-18,-0.007684943087470586,3.192664241966691,0.0,0.0,1.0
2024-07-19,-0.006640584713270448,3.1714630846068816,0.0,0.0,1.0
2024-07-22,0.010309899385924082,3.204160549915351,0.0,0.0,1.0
2024-07-23,-0.0015684495127293863,3.1991349858621296,0.0,0.0,1.0
2024-07-24,-0.022662481636012033,3.1266346479939053,0.0,0.0,1.0
2024-07-25,-0.0052105164850400065,3.1103432666178357,0.0,0.0,1.0
2024-07-26,0.011199560910110984,3.1451777454836756,0.0,0.0,1.0
2024-07-29,0.0005878811578106102,3.1470267362182107,0.0,0.0,1.0
2024-07-30,-0.005066489846381805,3.131082357212869,0.0,0.0,1.0
2024-07-31,0.01625464939413712,3.181977003153533,0.0,0.0,1.0
2024-08-01,-0.014161125157409638,3.1369166285638763,0.0,0.0,1.0
2024-08-02,-0.01861812383368544,3.078513126317327,0.0,0.0,1.0
2024-08-05,-0.029123610101276398,2.9888557103347995,0.0,0.0,1.0
2024-08-06,0.009219256579478197,3.0164107380074143,0.0,0.0,1.0
2024-08-07,-0.006683729662220306,2.9962498640843545,0.0,0.0,1.0
2024-08-08,0.023117098781731515,3.0655144681671422,0.0,0.0,1.0
2024-08-09,0.0044097841495645,3.0790327252791263,0.0,0.0,1.0
2024-08-12,0.0005254170960922178,3.0806505017124155,0.0,0.0,1.0
2024-08-13,0.01644569275588248,3.131313933351833,0.0,0.0,1.0
2024-08-14,0.0031547560307365607,3.1411924648672045,0.0,0.0,1.0
2024-08-15,0.017140104402388667,3.195032831663025,0.0,0.0,1.0
2024-08-16,0.0022418985424261795,3.202195771111334,0.0,0.0,1.0
2024-08-19,0.0095616720445586,3.232814116897173,0.0,0.0,1.0
2024-08-20,-0.0016261807830850739,3.2275569767049888,0.0,0.0,1.0
2024-08-21,0.0034364727325479905,3.2386483882481807,0.0,0.0,1.0
2024-08-22,-0.00784845185577876,3.2132300122952193,0.0,0.0,1.0
2024-08-23,0.010625195728030556,3.247371210095038,0.0,0.0,1.0
2024-08-26,-0.002383710940868866,3.239630415812472,0.0,0.0,1.0
2024-08-27,0.0013730180563098493,3.244078486869153,0.0,0.0,1.0
2024-08-28,-0.005805101788376343,3.2252462810433955,0.0,0.0,1.0
2024-08-29,8.94147719037175e-05,3.225534665703948,0.0,0.0,1.0
2024-08-30,0.009546220779997228,3.2563263317562927,0.0,0.0,1.0
2024-09-03,-0.020579013448769,3.189314348381499,0.0,0.0,1.0
2024-09-04,-0.0020470349476504612,3.182785710451319,0.0,0.0,1.0
2024-09-05,-0.0024321951977047673,3.175044554331036,0.0,0.0,1.0
2024-09-06,-0.01683006116965957,3.1216083602652502,0.0,0.0,1.0
2024-09-09,0.011196236972005114,3.1565586272005723,0.0,0.0,1.0
2024-09-10,0.004355612982860579,3.1703073749383677,0.0,0.0,1.0
2024-09-11,0.01025910204694691,3.2028318818180486,0.0,0.0,1.0
2024-09-12,0.008423138494075166,3.2298097783318416,0.0,0.0,1.0
2024-09-13,0.005222869311307221,3.246678652704451,0.0,0.0,1.0
2024-09-16,0.0014769165477510615,3.2514737261318603,0.0,0.0,1.0
2024-09-17,0.00040852437124416774,3.252802032391445,0.0,0.0,1.0
2024-09-18,-0.002965737010842795,3.2431550770150372,0.0,0.0,1.0
2024-09-19,0.017064356728375918,3.298497432174665,0.0,0.0,1.0
2024-09-20,-0.0017287267010224205,3.2927952315904108,0.0,0.0,1.0
2024-09-23,0.0024988464537973876,3.3010234212779515,0.0,0.0,1.0
2024-09-24,0.0028613586038446215,3.3104688330459178,0.0,0.0,1.0
2024-09-25,-0.0022055858738448952,3.303167309751948,0.0,0.0,1.0
2024-09-26,0.003964677313628595,3.316263302248041,0.0,0.0,1.0
2024-09-27,-0.0014501819246732772,3.3114541171496636,0.0,0.0,1.0
2024-09-30,0.004007204729666425,3.324723791749979,0.0,0.0,1.0
2024-10-01,-0.008958322518112238,3.294939843739842,0.0,0.0,1.0
2024-10-02,0.00042180395922475356,3.2963296624113387,0.0,0.0,1.0
2024-10-03,-0.0018281076100494786,3.290303617070253,0.0,0.0,1.0
2024-10-04,0.009087337035467602,3.3202037149875885,0.0,0.0,1.0
2024-10-07,-0.00904048377785971,3.2901874671630535,0.0,0.0,1.0
2024-10-08,0.009457723046495614,3.321305148998533,0.0,0.0,1.0
2024-10-09,0.006926360424582612,3.344309705540519,0.0,0.0,1.0
2024-10-10,-0.0017501629417279174,3.338456618628221,0.0,0.0,1.0
2024-10-11,0.005988473067261912,3.3584488761750984,0.0,0.0,1.0
2024-10-14,0.008178292552483146,3.3859152536070165,0.0,0.0,1.0
2024-10-15,-0.007769660270121825,3.3596078423830664,0.0,0.0,1.0
2024-10-16,0.004346436726420988,3.374210165295572,0.0,0.0,1.0
2024-10-17,8.568178086854061e-05,3.3744992736315593,0.0,0.0,1.0
2024-10-18,0.003846664412038514,3.387479839895888,0.0,0.0,1.0
2024-10-21,-0.0016422990434823426,3.381916584995011,0.0,0.0,1.0
2024-10-22,-0.0005312148364398084,3.38012006072946,0.0,0.0,1.0
2024-10-23,-0.009137362420912343,3.3492346787083784,0.0,0.0,1.0
2024-10-24,0.002162771484864434,3.356478307967608,0.0,0.0,1.0
2024-10-25,-0.00034540013052763996,3.3553189799219227,0.0,0.0,1.0
2024-10-28,0.003091450291027975,3.365691781758894,0.0,0.0,1.0
2024-10-29,0.0016186356393765866,3.371139610428006,0.0,0.0,1.0
2024-10-30,-0.003025636605684223,3.360939767019823,0.0,0.0,1.0
2024-10-31,-0.019602890791737937,3.295055631809324,0.0,0.0,1.0
2024-11-01,0.004220417054029646,3.3089621407917886,0.0,0.0,1.0
2024-11-04,-0.0021538830639530326,3.3018350232774756,0.0,0.0,1.0
2024-11-05,0.012091704033957873,3.3417598351479034,0.0,0.0,1.0
2024-11-06,0.02486562479799459,3.4248547813736994,0.0,0.0,1.0
2024-11-07,0.007732245217411782,3.451336598377306,0.0,0.0,1.0
2024-11-08,0.004331459669932647,3.4662859236605397,0.0,0.0,1.0
2024-11-11,0.0009529555819771662,3.469589140180221,0.0,0.0,1.0
2024-11-12,-0.0031063327117399897,3.4588114419377813,0.0,0.0,1.0
2024-11-13,0.00048582421637055617,3.4604918162961344,0.0,0.0,1.0
2024-11-14,-0.006430176239068386,3.4382402440434965,0.0,0.0,1.0
2024-11-15,-0.012808560073861108,3.3942013373292985,0.0,0.0,1.0
2024-11-18,0.004097350532788813,3.4081085699871974,0.0,0.0,1.0
2024-11-19,0.00365552745244746,3.420567004425707,0.0,0.0,1.0
2024-11-20,0.000338928617444223,3.4217263324713922,0.0,0.0,1.0
2024-11-21,0.005368146978349975,3.440094662343789,0.0,0.0,1.0
2024-11-22,0.0030993072050216064,3.4507565725167475,0.0,0.0,1.0
2024-11-25,0.0033922450746333155,3.4624623845036258,0.0,0.0,1.0
2024-11-26,0.005221492547420548,3.4805416060400356,0.0,0.0,1.0
2024-11-27,-0.003030127243096703,3.469995122098842,0.0,0.0,1.0
2024-11-29,0.006211938555072516,3.4915505185837215,0.0,0.0,1.0
2024-12-02,0.0017924257782249153,3.4978088637392055,0.0,0.0,1.0
2024-12-03,0.00046385619878530626,3.4994313440628173,0.0,0.0,1.0
2024-12-04,0.006209627212467206,3.5211615081650707,0.0,0.0,1.0
2024-12-05,-0.0016456130139689273,3.515367038962948,0.0,0.0,1.0
2024-12-06,0.0018956669851328822,3.5220310041993343,0.0,0.0,1.0
2024-12-09,-0.005149721108997141,3.5038935267904665,0.0,0.0,1.0
2024-12-10,-0.00310906940132305,3.492999678640828,0.0,0.0,1.0
2024-12-11,0.007730462056344756,3.5200021801193855,0.0,0.0,1.0
2024-12-12,-0.005152278075402861,3.501866150061386,0.0,0.0,1.0
2024-12-13,-0.0001988013641657238,3.501169974293628,0.0,0.0,1.0
2024-12-16,0.004269911838246765,3.5161196614145784,0.0,0.0,1.0
2024-12-17,-0.004119931743016725,3.5016334884092712,0.0,0.0,1.0
2024-12-18,-0.029803585875030625,3.3972722540345823,0.0,0.0,1.0
2024-12-19,-0.00030695694156712694,3.396229437733813,0.0,0.0,1.0
2024-12-20,0.012011113932080208,3.4370219364499186,0.0,0.0,1.0
2024-12-23,0.005988233874742344,3.4576036276380004,0.0,0.0,1.0
2024-12-24,0.011115070363945989,3.496035135249832,0.0,0.0,1.0
2024-12-26,6.655014698475625e-05,3.4962677969019467,0.0,0.0,1.0
2024-12-27,-0.010526642608095438,3.459463835341767,0.0,0.0,1.0
2024-12-30,-0.011411578258592181,3.4199858930519946,0.0,0.0,1.0
2024-12-31,-0.0036379652702070997,3.4075441031484734,0.0,0.0,1.0
2025-01-02,-0.002457066638973049,3.399171540211798,0.0,0.0,1.0
2025-01-03,0.012503369104386763,3.441672636628193,0.0,0.0,1.0
2025-01-06,0.005760621688336354,3.461498810662907,0.0,0.0,1.0
2025-01-07,-0.011303996052868137,3.422370041770166,0.0,0.0,1.0
2025-01-08,0.0014608331876939662,3.4273695535077535,0.0,0.0,1.0
2025-01-10,-0.015267440713893188,3.3750423920449713,0.0,0.0,1.0
2025-01-13,0.0015505757543041732,3.380275650947825,0.0,0.0,1.0
2025-01-14,0.0013759416379806044,3.384926712963816,0.0,0.0,1.0
2025-01-15,0.018189981207548556,3.446498466261557,0.0,0.0,1.0
2025-01-16,-0.001923047849739179,3.439870684796883,0.0,0.0,1.0
2025-01-17,0.010039796281914537,3.474406285708374,0.0,0.0,1.0
2025-01-21,0.009153507061779642,3.5062092881800972,0.0,0.0,1.0
2025-01-22,0.005621462527625187,3.525919312307613,0.0,0.0,1.0
2025-01-23,0.005457963521285025,3.5451636512931826,0.0,0.0,1.0
2025-01-24,-0.0029192678824805363,3.534814368907825,0.0,0.0,1.0
2025-01-27,-0.014145168521843443,3.4848138239661903,0.0,0.0,1.0
2025-01-28,0.0085922618661336,3.51475625689643,0.0,0.0,1.0
2025-01-29,-0.004482877969565591,3.499000033503996,0.0,0.0,1.0
2025-01-30,0.005367069831162752,3.517779411023053,0.0,0.0,1.0
2025-01-31,-0.005321960616874288,3.499057927538737,0.0,0.0,1.0
2025-02-03,-0.006729615115073195,3.4755106144210557,0.0,0.0,1.0
2025-02-04,0.006708370622302784,3.4988256277243392,0.0,0.0,1.0
2025-02-05,0.004054459755776785,3.513011475424428,0.0,0.0,1.0
2025-02-06,0.003475711323454478,3.525221689188986,0.0,0.0,1.0
2025-02-07,-0.009153559299522107,3.492953363413033,0.0,0.0,1.0
2025-02-10,0.006791203486450792,3.5166747204726536,0.0,0.0,1.0
2025-02-11,0.0007606806018112255,3.519349786715397,0.0,0.0,1.0
2025-02-12,-0.0032216703520272505,3.5080116018491223,0.0,0.0,1.0
2025-02-13,0.010557519113488123,3.5450475013859823,0.0,0.0,1.0
2025-02-14,-4.9094953416428666e-05,3.5448734574440426,0.0,0.0,1.0
2025-02-18,0.002935838625845344,3.555280633864141,0.0,0.0,1.0
2025-02-19,0.0023548636412025203,3.563652834963099,0.0,0.0,1.0
2025-02-20,-0.004160320690117292,3.548826896341407,0.0,0.0,1.0
2025-02-21,-0.01710396209705234,3.488127895617384,0.0,0.0,1.0
2025-02-24,-0.004550398888634621,3.472255522317751,0.0,0.0,1.0
2025-02-25,-0.004973235149697275,3.4549871791054296,0.0,0.0,1.0
2025-02-26,0.000504689559890581,3.45673087506428,0.0,0.0,1.0
2025-02-27,-0.01596187606266053,3.401554965254532,0.0,0.0,1.0
2025-02-28,0.01560552188516362,3.4546380057083983,0.0,0.0,1.0
2025-03-03,-0.017519912848197983,3.3941130489263145,0.0,0.0,1.0
2025-03-04,-0.011836731125791644,3.3539378453556328,0.0,0.0,1.0
2025-03-05,0.010747556120678237,3.389984480573859,0.0,0.0,1.0
2025-03-06,-0.017751049814501263,3.329808697188806,0.0,0.0,1.0
2025-03-07,0.0056048948480476035,3.3484719248006636,0.0,0.0,1.0
2025-03-10,-0.02663562879515402,3.259283269580678,0.0,0.0,1.0
2025-03-11,-0.008312773804027063,3.2321895849974043,0.0,0.0,1.0
2025-03-12,0.005306567271615936,3.2493414164648096,0.0,0.0,1.0
2025-03-13,-0.013330464770631378,3.206026185184872,0.0,0.0,1.0
2025-03-14,0.020655618404500586,3.2722486386608876,0.0,0.0,1.0
2025-03-17,0.007711467404735828,3.297482477378112,0.0,0.0,1.0
2025-03-18,-0.010808443576004967,3.261841824078506,0.0,0.0,1.0
2025-03-19,0.010890933806222636,3.2973663274709133,0.0,0.0,1.0
2025-03-20,-0.002891965966233201,3.287830456273664,0.0,0.0,1.0
2025-03-21,0.0003299408197543485,3.2889152457496205,0.0,0.0,1.0
2025-03-24,0.017908733132691035,3.3478155511817893,0.0,0.0,1.0
2025-03-25,0.002403737812298079,3.3558628220107645,0.0,0.0,1.0
2025-03-26,-0.011938329377862877,3.3157994262946757,0.0,0.0,1.0
2025-03-27,-0.002655674108104966,3.3069937436105956,0.0,0.0,1.0
2025-03-28,-0.020138325776888455,3.2403964262596334,0.0,0.0,1.0
2025-03-31,0.006712720144056217,3.262148300624914,0.0,0.0,1.0
2025-04-01,-0.0003852593199216159,3.260891527589132,0.0005,1.0,0.0
2025-04-02,0.00011498972783741124,3.2612664966183966,0.0,0.0,0.0
2025-04-03,0.0001150718704630016,3.261641776654241,0.0,0.0,0.0
2025-04-04,0.00011457905387479705,3.2620154924830884,0.0,0.0,0.0
2025-04-07,0.00034127311784870606,3.263128730680679,0.0,0.0,0.0
2025-04-08,0.00011362081027699311,3.263499490011097,0.0,0.0,0.0
2025-04-09,0.00011438740515523627,3.263872793249485,0.0,0.0,0.0
2025-04-10,0.00011575633577098898,3.264250607204454,0.0,0.0,0.0
2025-04-11,0.00011490759826693342,3.264625694401869,0.0,0.0,0.0
2025-04-14,0.0003460369462595647,3.2657553755078403,0.0,0.0,0.0
2025-04-15,0.00011485284521994821,3.2661304568045098,0.0,0.0,0.0
2025-04-16,0.00011498972783741124,3.2665060282568192,0.0,0.0,0.0
2025-04-17,0.00011520876613557718,3.2668823583859092,0.0,0.0,0.0
2025-04-21,0.00046050649404039135,3.268386778927212,0.0,0.0,0.0
2025-04-22,0.00011526351918256239,3.268763504689401,0.0,0.0,0.0
2025-04-23,0.00011534564875326225,3.26914054233647,0.0,0.0,0.0
2025-04-24,0.00011520876613557718,3.2695171759846766,0.0,0.0,0.0
2025-04-25,0.00011490759826693342,3.2698928683508615,0.0,0.0,0.0
2025-04-28,0.0003443942373537734,3.271019000611486,0.0,0.0,0.0
2025-04-29,0.00011479807911785045,3.271394507309514,0.0,0.0,0.0
2025-04-30,0.00011471594954737263,3.271769788436764,0.0,0.0,0.0
2025-05-01,0.00011471594954737263,3.2721451126147447,0.0,0.0,0.0
2025-05-02,0.00011457905387479705,3.272520031905889,0.0,0.0,0.0
2025-05-05,0.0003456262984069536,3.273651100890979,0.0,0.0,0.0
2025-05-06,0.00011520876613557718,3.274028254195071,0.0,0.0,0.0
2025-05-07,0.00011526351918256239,3.2744056302135527,0.0,0.0,0.0
2025-05-08,0.00011540041485513797,3.2747834979816832,0.0,0.0,0.0
2025-05-09,0.00011540041485513797,3.275161409355911,0.0,0.0,0.0
2025-05-12,0.00034620124456563595,3.2762952743119835,0.0,0.0,0.0
2025-05-13,0.00011718001943350487,3.2766791906558974,0.0,0.0,0.0
2025-05-14,0.0001173169020509679,3.27706360050756,0.0,0.0,0.0
2025-05-15,0.0001173169020509679,3.2774480554569956,0.0,0.0,0.0
2025-05-16,0.00011657768369621735,3.2778301327597354,0.0,0.0,0.0
2025-05-19,0.0003480082126123829,3.2789708445654844,0.0,0.0,0.0
2025-05-20,0.0001160848671080128,3.2793514834602266,0.0,0.0,0.0
2025-05-21,0.00011630390540617874,3.2797328848449525,0.0,0.0,0.0
2025-05-22,0.00011594798449054977,3.2801131632626177,0.0,0.0,0.0
2025-05-23,0.00011586584186495941,3.2804932163356915,0.0,0.0,0.0
2025-05-27,0.00046324435527167473,3.282012886300666,0.0,0.0,0.0
2025-05-28,0.0001150718704630016,3.2823905536623763,0.0,0.0,0.0
2025-05-29,0.00011567419314539862,3.282770241541259,0.0,0.0,0.0
2025-05-30,0.0001158110888179742,3.2831504227372714,0.0,0.0,0.0
2025-06-02,0.004083665835656225,3.2965577119519236,0.0003903740128917856,0.7807480257835713,0.7819527561261512
2025-06-03,0.004484498590928476,3.3113411203660865,0.0,0.0,0.7829010717365629
2025-06-04,-0.00018516101465582135,3.310727989084368,0.0,0.0,0.782835689189259
2025-06-05,-0.0037579843755813913,3.298286325029589,0.0,0.0,0.7819912060577235
2025-06-06,0.008055611019691655,3.324856036695596,0.0,0.0,0.78370830802264
2025-06-09,0.0007813700213379349,3.327453979527934,0.0,0.0,0.7838020561576953
2025-06-10,0.004469121279899735,3.3423247749157294,0.0,0.0,0.7847389864246179
2025-06-11,-0.002213156444535236,3.334927687300395,0.0,0.0,0.7842364203851403
2025-06-12,0.0031420112037923165,3.34540606745773,0.0,0.0,0.7848872012482305
2025-06-13,-0.008750099842120163,3.3161334303550403,0.0,0.0,0.7829630287283604
2025-06-16,0.0075249085109057035,3.3410870310284175,0.0,0.0,0.7845089947042313
2025-06-17,-0.0066786294572742655,3.318773148763674,0.0,0.0,0.7830349027691694
2025-06-18,-9.300704030401619e-05,3.3184644794956673,0.0,0.0,0.7829896635985855
2025-06-20,-0.0017886622001997976,3.3125288675184876,0.0,0.0,0.7825505387395947
2025-06-23,0.0078044432349615445,3.338381311029207,0.0,0.0,0.7841601247260593
2025-06-24,0.008687425926785952,3.3673832513841395,0.0,0.0,0.785994708666559
2025-06-25,0.00046501412438870737,3.368949132158263,0.0,0.0,0.786069686336405
2025-06-26,0.006174561804218381,3.3897509167900424,0.0,0.0,0.78735812721634
2025-06-27,0.0039362615658480316,3.403093863041601,0.0,0.0,0.7881675442916085
2025-06-30,0.0038413945656272652,3.4161664893134085,0.0,0.0,0.7889054183940616
2025-07-01,-0.0002311067243677689,3.4153769902661684,1.5838598419133095e-07,0.0003167719683826619,0.7885156771265477
2025-07-02,0.0035991239353703186,3.4276693553401483,0.0,0.0,0.7892497301886005
2025-07-03,0.006244623740704336,3.44907386077179,0.0,0.0,0.7905334034421538
2025-07-07,-0.0057937731796616765,3.4290907091425784,0.0,0.0,0.7892148987678629
2025-07-08,-0.000407755214480221,3.4276924795249997,0.0,0.0,0.7891044071741441
2025-07-09,0.004756552193569963,3.4439964777073677,0.0,0.0,0.790078370831588
2025-07-10,0.002252673015706641,3.451754675638888,0.0,0.0,0.79052585013469
2025-07-11,-0.002754806369083984,3.4422457598739227,0.0,0.0,0.789922811378627
2025-07-14,0.0015804867460826877,3.4476861836741626,0.0,0.0,0.7901813184369951
2025-07-15,-0.0033523377353693595,3.43612837518092,0.0,0.0,0.7894511999075543
2025-07-16,0.0026637064235697228,3.4452812124061,0.0,0.0,0.7899862195496019
2025-07-17,0.0048587484096476174,3.4620209670176667,0.0,0.0,0.7909775140462074
2025-07-18,-0.0005551382761103119,3.460099066666179,0.0,0.0,0.7908371640140524
2025-07-21,0.0015722705656160407,3.4655392785828134,0.0,0.0,0.7910929522887911
2025-07-22,0.00013740457139799211,3.4660154595220503,0.0,0.0,0.7910975027310033
2025-07-23,0.006754338907731805,3.4894261025951003,0.0,0.0,0.7924750036624276
2025-07-24,0.00028653357397789847,3.490425940327409,0.0,0.0,0.7925103658972291
2025-07-25,0.003371913569397922,3.5021953549185776,0.0,0.0,0.793183618050863
2025-07-28,-0.00012698950122169705,3.5017506128772755,0.0,0.0,0.7930852323542782
2025-07-29,-0.0020679326501202855,3.494509228452328,0.0,0.0,0.7926324188122938
2025-07-30,-0.0009742104207008939,3.4911048411467345,0.0,0.0,0.7924061632679132
2025-07-31,-0.002948433580184373,3.480811550401153,0.0,0.0,0.791768152461508
2025-08-01,-0.013189397789658885,3.434901742232073,6.942741258677719e-06,0.013885482517355437,0.8030402641511449
2025-08-04,0.012273702472967107,3.477060704240106,0.0,0.0,0.8053615447883117
2025-08-05,-0.0040609490618028765,3.4629405378353906,0.0,0.0,0.8045456838017562
2025-08-06,0.006184839189072422,3.4843582681832226,0.0,0.0,0.8057250355376402
2025-08-07,-0.0006529429947634835,3.482083180860766,0.0,0.0,0.8055761045615722
2025-08-08,0.00630346217180211,3.50403236047039,0.0,0.0,0.8067720827051202
2025-08-11,-0.001529765382714765,3.49867201306543,0.0,0.0,0.8064103416177248
2025-08-12,0.00860696803474692,3.5287849712459476,0.0,0.0,0.8080405715695574
2025-08-13,0.002787837215346478,3.5386226493137425,0.0,0.0,0.8085525903084329
2025-08-14,9.670316673782153e-05,3.5389648453298217,0.0,0.0,0.8085495614238786
2025-08-15,-0.001871390654748284,3.5323420595907886,0.0,0.0,0.8081690171437099
2025-08-18,-0.00011112999794449241,3.531949510424967,0.0,0.0,0.8080829001566091
2025-08-19,-0.004362273800825767,3.516542179609801,0.0,0.0,0.807220278319645
2025-08-20,-0.0021230972460597464,3.5090762185926185,0.0,0.0,0.8067883785907859
2025-08-21,-0.0032149725141249474,3.497794634999874,0.0,0.0,0.8061433671297694
2025-08-22,0.012401620609811204,3.5411729570341755,0.0,0.0,0.808496412585377
2025-08-25,-0.0034938302111494624,3.528800699973984,0.0,0.0,0.8077604591089761
2025-08-26,0.003403530375912789,3.540811080346888,0.0,0.0,0.8083910635371752
2025-08-27,0.0018634817838008022,3.5474093172949948,0.0,0.0,0.8087260535408811
2025-08-28,0.002885293280045831,3.557644633559758,0.0,0.0,0.8092551469950495
2025-08-29,-0.004805020308421226,3.5405500788453574,0.0,0.0,0.808312820962653
2025-09-02,-0.005903218020837819,3.519649439816239,1.1570027222508578e-07,0.00023140054445017157,0.8068563924665574
2025-09-03,0.004394138627982658,3.535115267376693,0.0,0.0,0.807680151391316
2025-09-04,0.006771350301131074,3.5590527712069773,0.0,0.0,0.8089526434661445
2025-09-05,-0.0023221614362071152,3.5507880761122546,0.0,0.0,0.8084870074758255
2025-09-08,0.002047756541729173,3.5580592256234076,0.0,0.0,0.8088169993368641
2025-09-09,0.0018904680048057454,3.5647856227486523,0.0,0.0,0.8091572211531888
2025-09-10,0.0023596764515125823,3.573197363437343,0.0,0.0,0.8095859346013067
2025-09-11,0.0067482713936593,3.5973102689889256,0.0,0.0,0.8108419364657427
2025-09-12,-0.0002508245354819749,3.5964079753117217,0.0,0.0,0.8107741313914788
2025-09-15,0.00437746522898097,3.6121511261728783,0.0,0.0,0.8115380673219184
2025-09-16,-0.001097311265539358,3.608187472049298,0.0,0.0,0.8113108933936842
2025-09-17,-0.0009878407021229885,3.6046231576035175,0.0,0.0,0.8111041985901687
2025-09-18,0.003809859879339239,3.6183562667518085,0.0,0.0,0.8118012055480348
2025-09-19,0.00404078688623466,3.632977273304224,0.0,0.0,0.8125387045951535
2025-09-22,0.003903824746279483,3.6471597798864197,0.0,0.0,0.8132081965950053
2025-09-23,-0.004407079342307441,3.6310864573623878,0.0,0.0,0.8123615802079143
2025-09-24,-0.002564828742204428,3.6217733424511156,0.0,0.0,0.8118592787137129
2025-09-25,-0.0037255959921833615,3.6082800782018833,0.0,0.0,0.8111357743060549
2025-09-26,0.004667007349737018,3.625119947846761,0.0,0.0,0.811993125475058
2025-09-29,0.0023418113201174595,3.633609294777412,0.0,0.0,0.8123729064420357
2025-09-30,0.00307981458458384,3.6448001376781467,0.0,0.0,0.8129292057655988
2025-10-01,0.002910022526385614,3.655406588182964,2.144436102730175e-05,0.04288872205460349,0.8562425338044947
2025-10-02,0.001001373980727971,3.6590670172293516,0.0,0.0,0.8563712265204119
2025-10-03,2.5001891237330653e-06,3.6590761655889112,0.0,0.0,0.8563564540061359
2025-10-06,0.003116533924248044,3.670479800590377,0.0,0.0,0.856757356960416
2025-10-07,-0.003161162092562342,3.658876818983235,0.0,0.0,0.8562879217552932
2025-10-08,0.005121101718890131,3.6776142993501373,0.0,0.0,0.8570050924689323
2025-10-09,-0.0024677151074000703,3.6685389949844405,0.0,0.0,0.8566362663219205
2025-10-10,-0.023137857265596806,3.5836568633452144,0.0,0.0,0.8532250859580061
2025-10-13,0.013138380064226185,3.6307403092356165,0.0,0.0,0.8550826160384891
2025-10-14,-0.0010292896944720242,3.627003225652016,0.0,0.0,0.8549179973820817
2025-10-15,0.003810765365682034,3.6408248839255473,0.0,0.0,0.8554535254691745
2025-10-16,-0.005810591058442727,3.619669539409654,0.0,0.0,0.8545933590343039
2025-10-17,0.004866261244621528,3.63728379700762,0.0,0.0,0.8552822545327983
2025-10-20,0.008940922596621936,3.669804469898612,0.0,0.0,0.8565195531573329
2025-10-21,2.088960068036272e-06,3.669812135973607,0.0,0.0,0.8565049333029118
2025-10-22,-0.004438064568228817,3.6535252727608865,0.0,0.0,0.855850317647929
2025-10-23,0.005090141619716881,3.672122233810454,0.0,0.0,0.8565654699854683
2025-10-24,0.007015201964203799,3.697882912917877,0.0,0.0,0.8575499105675629
2025-10-27,0.010161161240495264,3.735457697444508,0.0,0.0,0.8589392239571783
2025-10-28,0.002295657811022256,3.74403303008539,0.0,0.0,0.8592479833829897
2025-10-29,0.00042703762814544355,3.745631873070256,0.0,0.0,0.8592937349342534
2025-10-30,-0.009436173699406414,3.710287440101932,0.0,0.0,0.857938852084619
2025-10-31,0.002828901447246901,3.7207834776109383,0.0,0.0,0.8583250240697681
2025-11-03,0.0018056710758667105,3.727501988716023,7.080208692165517e-05,0.1416041738433103,1.0
2025-11-04,-0.011853640515318009,3.6833175201216504,0.0,0.0,1.0
2025-11-05,0.0034654938502332033,3.6960820343360883,0.0,0.0,1.0
2025-11-06,-0.010729238396977703,3.65642588905491,0.0,0.0,1.0
2025-11-07,0.000984432782274336,3.6600253945660524,0.0,0.0,1.0
2025-11-10,0.015604317681877422,3.7171375935466,0.0,0.0,1.0
2025-11-11,0.002289339069340812,3.7256473818656217,0.0,0.0,1.0
2025-11-12,0.0005563267009809358,3.727720058982593,0.0,0.0,1.0
2025-11-13,-0.016593945359895557,3.6658624760068492,0.0,0.0,1.0
2025-11-14,-0.0001638639805948694,3.665261773189217,0.0,0.0,1.0
2025-11-17,-0.009316344755070927,3.631114930892604,0.0,0.0,1.0
2025-11-18,-0.008397553718616058,3.6006224482019644,0.0,0.0,1.0
2025-11-19,0.0038632365293529425,3.6145325043722663,0.0,0.0,1.0
2025-11-20,-0.015242276237766972,3.5594388014702365,0.0,0.0,1.0
2025-11-21,0.00996119766575232,3.59489507495083,0.0,0.0,1.0
2025-11-24,0.014718553120582678,3.647806729074415,0.0,0.0,1.0
2025-11-25,0.009405944613086525,3.6821177971273333,0.0,0.0,1.0
2025-11-26,0.006903542517632921,3.7075374538947345,0.0,0.0,1.0
2025-11-28,0.005458373086222323,3.7277745765492347,0.0,0.0,1.0
2025-12-01,-0.0045654326011898005,3.7107556729675704,0.0,0.0,1.0
2025-12-02,0.0018521605335179991,3.717628588174569,0.0,0.0,1.0
2025-12-03,0.0034628390228845785,3.7305021375222913,0.0,0.0,1.0
2025-12-04,0.000731151162097321,3.7332296984953475,0.0,0.0,1.0
2025-12-05,0.0018994238357272764,3.7403206839689145,0.0,0.0,1.0
2025-12-08,-0.0030042012931830175,3.7290840077332157,0.0,0.0,1.0
2025-12-09,-0.0008630954932499213,3.725865452132191,0.0,0.0,1.0
2025-12-10,0.006632084722901999,3.750575707476865,0.0,0.0,1.0
2025-12-11,0.002327071699470329,3.759303566062455,0.0,0.0,1.0
2025-12-12,-0.010752008599530072,3.7188835017919075,0.0,0.0,1.0
2025-12-15,-0.0015108498675291404,3.713264827145869,0.0,0.0,1.0
2025-12-16,-0.002732363256316428,3.703118838771203,0.0,0.0,1.0
2025-12-17,-0.01100356428531768,3.6623713325726133,0.0,0.0,1.0
2025-12-18,0.007551268712199022,3.6900268826287235,0.0,0.0,1.0
2025-12-19,0.009063486264369258,3.7234713905945824,0.0,0.0,1.0
2025-12-22,0.006229818660208997,3.746667942144463,0.0,0.0,1.0
2025-12-23,0.0045704344876844605,3.7637918425211416,0.0,0.0,1.0
2025-12-24,0.003517736660175297,3.777031871066847,0.0,0.0,1.0
2025-12-26,-0.00010139418790344745,3.776648901987595,0.0,0.0,1.0
2025-12-29,-0.0035636809822511273,3.763190130118942,0.0,0.0,1.0
2025-12-30,-0.0012212056239845337,3.758594501167918,0.0,0.0,1.0
2025-12-31,-0.0074088956888227475,3.730747466572182,0.0,0.0,1.0
2026-01-02,0.0018330346379591411,3.737586055903887,0.0,0.0,1.0
2026-01-05,0.006660178462529753,3.7624790460552697,0.0,0.0,1.0
2026-01-06,0.0059471682236194034,3.7848551418800036,0.0,0.0,1.0
2026-01-07,-0.0032234143669693793,3.77265498543877,0.0,0.0,1.0
2026-01-08,-0.00010151182144413351,3.772272016359518,0.0,0.0,1.0
2026-01-09,0.006613390447410161,3.7972195240775424,0.0,0.0,1.0
2026-01-12,0.0015704331745678424,3.8031828035892703,0.0,0.0,1.0
2026-01-13,-0.001999516689819014,3.795578276099061,0.0,0.0,1.0
2026-01-14,-0.004915222889580462,3.7769221628771845,0.0,0.0,1.0
2026-01-15,0.0027232882038870088,3.7872078104503473,0.0,0.0,1.0
2026-01-16,-0.0008379420888714462,3.784034349626668,0.0,0.0,1.0
2026-01-20,-0.020356835813531315,3.7070033836585554,0.0,0.0,1.0
2026-01-21,0.011541172420654888,3.7497865488733098,0.0,0.0,1.0
2026-01-22,0.005223214802554832,3.769372489481806,0.0,0.0,1.0
2026-01-23,0.00036274314526618667,3.7707398035143203,0.0,0.0,1.0
2026-01-26,0.005078258243367717,3.7898885940051117,0.0,0.0,1.0
2026-01-27,0.003984113626622321,3.804987940795868,0.0,0.0,1.0
2026-01-28,-0.00010064922286512346,3.804604971716616,0.0,0.0,1.0
2026-01-29,-0.0019843514508082194,3.797055298321238,0.0,0.0,1.0
2026-01-30,-0.002982445396060962,3.7857307882281708,0.0,0.0,1.0
2026-02-02,0.0049712108373694,3.8045504541499735,0.0,0.0,1.0
2026-02-03,-0.008455418456572827,3.772381388020991,0.0,0.0,1.0
2026-02-04,-0.00484383887388995,3.754108580406556,0.0,0.0,1.0
2026-02-05,-0.012489280981794804,3.7072224635096918,0.0,0.0,1.0
2026-02-06,0.0191847683064843,3.778344667532719,0.0,0.0,1.0
2026-02-09,0.00482176499257525,3.7965629575805115,0.0,0.0,1.0
2026-02-10,-0.002637135289800363,3.786550907425127,0.0,0.0,1.0
2026-02-11,-0.0002310739544192364,3.7856759341333386,0.0,0.0,1.0
2026-02-12,-0.015448819557001725,3.727191709725629,0.0,0.0,1.0
2026-02-13,0.0007044426839897255,3.729817302657372,0.0,0.0,1.0
2026-02-17,0.00161351967622414,3.735835436263931,0.0,0.0,1.0
2026-02-18,0.005037695790158558,3.754655438713923,0.0,0.0,1.0
2026-02-19,-0.002637350384703585,3.7447530967482017,0.0,0.0,1.0
2026-02-20,0.007231834053074815,3.771834529713623,0.0,0.0,1.0
2026-02-23,-0.01021138412746736,3.733318878465472,0.0,0.0,1.0
2026-02-24,0.007268496179203332,3.760454492469346,0.0,0.0,1.0
2026-02-25,0.00843831937730477,3.7921864084806227,0.0,0.0,1.0
2026-02-26,-0.005554483250070685,3.7711227725935714,0.0,0.0,1.0
2026-02-27,-0.004801907270092998,3.753014190735441,0.0,0.0,1.0
2026-03-02,0.0005685000404405116,3.755147779454648,0.0,0.0,1.0
2026-03-03,-0.008814271890095537,3.722048885939046,0.0,0.0,1.0
2026-03-04,0.007055426061514547,3.7483095266511315,0.0,0.0,1.0
2026-03-05,-0.0055756895160732345,3.7274101165203852,0.0,0.0,1.0
2026-03-06,-0.013107174917892817,3.6785543001324292,0.0,0.0,1.0
2026-03-09,0.008760032915877458,3.710778556884432,0.0,0.0,1.0
2026-03-10,-0.0016070157300721588,3.704815277372704,0.0,0.0,1.0
2026-03-11,-0.0012551628541557225,3.700165130855037,0.0,0.0,1.0
2026-03-12,-0.015184929448649576,3.64397838439465,0.0,0.0,1.0
2026-03-13,-0.005660153274538393,3.6233529082098714,0.0,0.0,1.0
2026-03-16,0.010176873245252516,3.6602273114795403,0.0,0.0,1.0
2026-03-17,0.0026305491982852036,3.6698557194992945,0.0,0.0,1.0
2026-03-18,-0.01395372252866034,3.618647571069184,0.0,0.0,1.0
2026-03-19,-0.00246436280658191,3.6097299105849134,0.0,0.0,1.0
2026-03-20,-0.014335681872974515,3.5579819709394074,0.0,0.0,1.0
2026-03-23,0.010499959707213291,3.5953406382732624,0.0,0.0,1.0
2026-03-24,-0.0033568197458091475,3.583271727825797,0.0,0.0,1.0
2026-03-25,0.005572720875308912,3.6032403009853557,0.0,0.0,1.0
2026-03-26,-0.01785871391108962,3.5388910632971498,0.0,0.0,1.0
2026-03-27,-0.017051920414101196,3.478546174531633,0.0,0.0,1.0
2026-03-30,-0.003343373094761515,3.466916096842818,0.0,0.0,1.0
2026-03-31,0.029067828330166412,3.567691818780936,0.0,0.0,1.0
2026-04-01,-0.0004014866555871466,3.566259438124448,0.0005,1.0,0.0
2026-04-02,9.86995213982933e-05,3.566611426224173,0.0,0.0,0.0
2026-04-06,0.00039501712389133914,3.5680202988117977,0.0,0.0,0.0
2026-04-07,9.91923314590526e-05,3.56837421906393,0.0,0.0,0.0
2026-04-08,9.89733062159992e-05,3.568727392858207,0.0,0.0,0.0
2026-04-09,9.856262572571772e-05,3.5690791360005463,0.0,0.0,0.0
2026-04-10,9.823408786102661e-05,3.569429741233975,0.0,0.0,0.0
2026-04-13,0.0002951129310184708,3.570483126106975,0.0,0.0,0.0
2026-04-14,9.864476182386284e-05,3.5708353355645457,0.0,0.0,0.0
2026-04-15,9.889117011785409e-05,3.5711884596491776,0.0,0.0,0.0
2026-04-16,9.889117011785409e-05,3.571541618654664,0.0,0.0,0.0
2026-04-17,9.883641054342363e-05,3.571894617008358,0.0,0.0,0.0
2026-04-20,0.00029568787717715317,3.5729507829451617,0.0,0.0,0.0
2026-04-21,9.850787267873251e-05,3.5733027467259753,0.0,0.0,0.0
2026-04-22,9.850787267873251e-05,3.573654745177992,0.0,0.0,0.0
2026-04-23,9.842573658080944e-05,3.5740064847785717,0.0,0.0,0.0
2026-04-24,9.842573658080944e-05,3.5743582589993808,0.0,0.0,0.0
2026-04-27,0.0002951129310184708,3.5754130983417043,0.0,0.0,0.0
2026-04-28,9.828884090823387e-05,3.5757645215509086,0.0,0.0,0.0
2026-04-29,9.828884090823387e-05,3.576115979301093,0.0,0.0,0.0
2026-04-30,9.828884090823387e-05,3.576467471595652,0.0,0.0,0.0
2026-05-01,0.002267923409851935,3.5845786258990575,0.0004997501249375312,0.9995002498750625,1.0
2026-05-04,-0.0036633809509297732,3.5714469488438287,0.0,0.0,1.0
2026-05-05,0.008022242913074518,3.600097963818613,0.0,0.0,1.0
2026-05-06,0.013899418730159985,3.650137232887324,0.0,0.0,1.0
2026-05-07,-0.0030660889376450395,3.638945587496682,0.0,0.0,1.0
2026-05-08,0.008256054754597786,3.6689889215160565,0.0,0.0,1.0
2026-05-11,0.0022775635209937306,3.677345276842632,0.0,0.0,1.0
2026-05-12,-0.0015148976832113359,3.671774475002375,0.0,0.0,1.0
2026-05-13,0.005594852718878274,3.69231751240695,0.0,0.0,1.0
2026-05-14,0.007894249484761584,3.7214655880268444,0.0,0.0,1.0
2026-05-15,-0.012029288059682064,3.6766990064642755,0.0,0.0,1.0
2026-05-18,-0.0007035134425675826,3.674112399288953,0.0,0.0,1.0
2026-05-19,-0.006660801173054454,3.649639867109835,0.0,0.0,1.0
2026-05-20,0.0102489448693448,3.6870448249008065,0.0,0.0,1.0
2026-05-21,0.0019831294549137457,3.6943567120946548,0.0,0.0,1.0
2026-05-22,0.003931565762728351,3.7088813184592317,0.0,0.0,1.0
2026-05-26,0.006638589859918387,3.733503060371596,0.0,0.0,1.0
2026-05-27,-0.0001731819956434233,3.73285648486086,0.0,0.0,1.0
2026-05-28,0.005516544483684438,3.7534489537108047,0.0,0.0,1.0
2026-05-29,0.002491413132097442,3.762800345724737,0.0,0.0,1.0
2026-06-01,0.002723144858072235,3.77304699613815,0.0,0.0,1.0
2026-06-02,0.0013579151752256546,3.7781704739110458,0.0,0.0,1.0
2026-06-03,-0.00701716271996522,3.751658436911844,0.0,0.0,1.0
2026-06-04,0.003778634283035931,3.7658345820998003,0.0,0.0,1.0
2026-06-05,-0.025809369612244448,3.6686407654718143,0.0,0.0,1.0
2026-06-08,0.002264222440912178,3.676947384220641,0.0,0.0,1.0
2026-06-09,-0.002935520049857532,3.66615363145199,0.0,0.0,1.0
2026-06-10,-0.0157655110158077,3.60835484598969,0.0,0.0,1.0
2026-06-11,0.016996857394830034,3.6696855387369207,0.0,0.0,1.0
2026-06-12,0.005408207317551872,3.689531958920632,0.0,0.0,1.0
2026-06-15,0.017634009390668393,3.7545932001314095,0.0,0.0,1.0
2026-06-16,-0.005961575485861181,3.732209909350125,0.0,0.0,1.0
2026-06-17,-0.01248789492983049,3.6856024641460885,0.0,0.0,1.0
2026-06-18,0.010396979807429707,3.7239215985440284,0.0,0.0,1.0
2026-06-22,-0.0031469282666526377,3.712202684402772,0.0,0.0,1.0
2026-06-23,-0.014522012225013592,3.6582940316381465,0.0,0.0,1.0
2026-06-24,-0.0004635003677893046,3.656598411009001,0.0,0.0,1.0
2026-06-25,0.0014456368287247834,3.661884524339812,0.0,0.0,1.0
2026-06-26,-0.007231332133985857,3.635404221108008,0.0,0.0,1.0
2026-06-29,0.01647481275894025,3.695296824953824,0.0,0.0,1.0
2026-06-30,0.007786815227913024,3.724071418542033,0.0,0.0,1.0
2026-07-01,-0.0013525036475483532,3.719034598364724,0.0,0.0,1.0
2026-07-02,-0.0013140507435593918,3.71414759818542,0.0,0.0,1.0
2026-07-06,0.008727392224116226,3.7465624210530435,0.0,0.0,1.0
2026-07-07,-0.004751890339538711,3.7287591672779627,0.0,0.0,1.0
2026-07-08,-0.0030894091522385425,3.717239504580081,0.0,0.0,1.0
2026-07-09,0.008465256756416295,3.748706891411445,0.0,0.0,1.0
2026-07-10,0.004310118179872147,3.7648642611351293,0.0,0.0,1.0
2026-07-13,-0.007656140611366324,3.736039930969171,0.0,0.0,1.0
2026-07-14,0.0035506379166867497,3.749305256006326,0.0,0.0,1.0
2026-07-15,0.003963630921285599,3.7641661182523714,0.0,0.0,1.0
2026-07-16,-0.005418616825605738,3.743769544389634,0.0,0.0,1.0
2026-07-17,-0.009897199757215702,3.7067167093638296,0.0,0.0,1.0
2026-07-20,-0.0016143534967409945,3.7007327582826397,0.0,0.0,1.0
2026-07-21,0.008341327043244195,3.731601780519122,0.0,0.0,1.0
2026-07-22,-0.001162766737217713,3.727262798092192,0.0,0.0,1.0
2026-07-23,-0.012349253784127878,3.681233883878413,0.0,0.0,1.0
2026-07-24,0.0010159657563921787,3.6849738914457038,0.0,0.0,1.0
2026-07-27,0.00021661654234961247,3.6857721177487175,0.0,0.0,1.0
2026-07-28,0.0023947666975516757,3.694598682071067,0.0,0.0,1.0
2026-07-29,-0.015387445003102407,3.6377482480421635,0.0,0.0,1.0
2026-07-30,0.01676574369337569,3.6987378027898647,0.0,0.0,1.0
2026-07-31,0.007199869193782904,3.7253682311520517,0.0,0.0,1.0
2026-08-03,0.014242990614400597,3.7784286159035365,0.0,0.0,1.0
2026-08-04,0.01802895214665101,3.846549724609198,0.0,0.0,1.0
2026-08-05,-0.0019965624761277834,3.8388698477664835,0.0,0.0,1.0
2026-08-06,-0.0015978064697250716,3.8327360766872896,0.0,0.0,1.0
2026-08-07,0.0061153280785064545,3.85617451523456,0.0,0.0,1.0
2026-08-10,-0.0002974431285415191,3.8550275226225468,0.0,0.0,1.0
2026-08-11,-0.003195199981383512,3.84270993875403,0.0,0.0,1.0
2026-08-12,0.0025046088948632583,3.852334424247013,0.0,0.0,1.0
2026-08-13,0.006977515074108265,3.8792141457627025,0.0,0.0,1.0
2026-08-14,-0.0019797506799419384,3.8715342689199885,0.0,0.0,1.0
2026-08-17,-0.004727362317670902,3.8532321237055247,0.0,0.0,1.0
2026-08-18,-0.00675574496080833,3.827200670202976,0.0,0.0,1.0
2026-08-19,0.0020977847370853286,3.8352293133546906,0.0,0.0,1.0
2026-08-20,-0.008399827926766523,3.8030140470628204,0.0,0.0,1.0
2026-08-21,0.004091229991858514,3.8185730521916232,0.0,0.0,1.0
2026-08-24,-0.0029384361156037375,3.8073524192249923,0.0,0.0,1.0
2026-08-25,0.003195939766817757,3.8195204882278833,0.0,0.0,1.0
2026-08-26,0.00022200767959623668,3.820368451108645,0.0,0.0,1.0
2026-08-27,0.006552844629756693,3.845402731997184,0.0,0.0,1.0
2026-08-28,-0.0022694869107554583,3.8366756408303333,0.0,0.0,1.0
2026-08-31,-0.002989548034258882,3.8252057147102,0.0,0.0,1.0
2026-09-01,-0.006870413937474118,3.7989249680541493,0.0,0.0,1.0
2026-09-02,0.004436916429827686,3.8157804806605915,0.0,0.0,1.0
2026-09-03,0.010468417941536634,3.8557256655053043,0.0,0.0,1.0
2026-09-04,-0.0038542322600894074,3.840864803259259,0.0,0.0,1.0
2026-09-08,-0.005492178930014524,3.8197700865137643,0.0,0.0,1.0
2026-09-09,-0.004647717444469568,3.802016874448811,0.0,0.0,1.0
2026-09-10,-0.005994275703456675,3.7792265370741704,0.0,0.0,1.0
2026-09-11,0.008524301461116268,3.811441803366041,0.0,0.0,1.0
2026-09-14,-0.004461653484890693,3.7944364707615947,0.0,0.0,1.0
2026-09-15,-0.004586752409134642,3.7770323301380206,0.0,0.0,1.0
2026-09-16,-0.0044098804847823025,3.7603760689749532,0.0,0.0,1.0
2026-09-17,0.010833084329100018,3.8011125400392887,0.0005056693768529765,1.011338753705953,1.0
