date,GLD,SLV,USO,UNG,FXE,FXB,FXY,FXA,FXC,FXF,IEF,TLT,SPY,QQQ
2014-01-02,0.0,0.0,0.0,0.0,0.0,0.0,0.0,0.0,0.0,0.0,0.0,0.0,0.0,0.0
2014-01-03,,,,,,,,,,,,,,
2014-01-06,0.0,0.0,0.0,0.0,0.0,0.0,0.0,0.0,0.0,0.0,0.0,0.0,0.0,0.0
2014-01-07,,,,,,,,,,,,,,
2014-01-08,,,,,,,,,,,,,,
2014-01-09,,,,,,,,,,,,,,
2014-01-10,,,,,,,,,,,,,,
2014-01-13,0.0,0.0,0.0,0.0,0.0,0.0,0.0,0.0,0.0,0.0,0.0,0.0,0.0,0.0
2014-01-14,,,,,,,,,,,,,,
2014-01-15,,,,,,,,,,,,,,
2014-01-16,,,,,,,,,,,,,,
2014-01-17,,,,,,,,,,,,,,
2014-01-21,0.0,0.0,0.0,0.0,0.0,0.0,0.0,0.0,0.0,0.0,0.0,0.0,0.0,0.0
2014-01-22,,,,,,,,,,,,,,
2014-01-23,,,,,,,,,,,,,,
2014-01-24,,,,,,,,,,,,,,
2014-01-27,0.0,0.0,0.0,0.0,0.0,0.0,0.0,0.0,0.0,0.0,0.0,0.0,0.0,0.0
2014-01-28,,,,,,,,,,,,,,
2014-01-29,,,,,,,,,,,,,,
2014-01-30,,,,,,,,,,,,,,
2014-01-31,,,,,,,,,,,,,,
2014-02-03,0.0,0.0,0.0,0.0,0.0,0.0,0.0,0.0,0.0,0.0,0.0,0.0,0.0,0.0
2014-02-04,,,,,,,,,,,,,,
2014-02-05,,,,,,,,,,,,,,
2014-02-06,,,,,,,,,,,,,,
2014-02-07,,,,,,,,,,,,,,
2014-02-10,0.0,0.0,0.0,0.0,0.0,0.0,0.0,0.0,0.0,0.0,0.0,0.0,0.0,0.0
2014-02-11,,,,,,,,,,,,,,
2014-02-12,,,,,,,,,,,,,,
2014-02-13,,,,,,,,,,,,,,
2014-02-14,,,,,,,,,,,,,,
2014-02-18,0.0,0.0,0.0,0.0,0.0,0.0,0.0,0.0,0.0,0.0,0.0,0.0,0.0,0.0
2014-02-19,,,,,,,,,,,,,,
2014-02-20,,,,,,,,,,,,,,
2014-02-21,,,,,,,,,,,,,,
2014-02-24,0.0,0.0,0.0,0.0,0.0,0.0,0.0,0.0,0.0,0.0,0.0,0.0,0.0,0.0
2014-02-25,,,,,,,,,,,,,,
2014-02-26,,,,,,,,,,,,,,
2014-02-27,,,,,,,,,,,,,,
2014-02-28,,,,,,,,,,,,,,
2014-03-03,0.0,0.0,0.0,0.0,0.0,0.0,0.0,0.0,0.0,0.0,0.0,0.0,0.0,0.0
2014-03-04,,,,,,,,,,,,,,
2014-03-05,,,,,,,,,,,,,,
2014-03-06,,,,,,,,,,,,,,
2014-03-07,,,,,,,,,,,,,,
2014-03-10,0.0,0.0,0.0,0.0,0.0,0.0,0.0,0.0,0.0,0.0,0.0,0.0,0.0,0.0
2014-03-11,,,,,,,,,,,,,,
2014-03-12,,,,,,,,,,,,,,
2014-03-13,,,,,,,,,,,,,,
2014-03-14,,,,,,,,,,,,,,
2014-03-17,0.0,0.0,0.0,0.0,0.0,0.0,0.0,0.0,0.0,0.0,0.0,0.0,0.0,0.0
2014-03-18,,,,,,,,,,,,,,
2014-03-19,,,,,,,,,,,,,,
2014-03-20,,,,,,,,,,,,,,
2014-03-21,,,,,,,,,,,,,,
2014-03-24,0.0,0.0,0.0,0.0,0.0,0.0,0.0,0.0,0.0,0.0,0.0,0.0,0.0,0.0
2014-03-25,,,,,,,,,,,,,,
2014-03-26,,,,,,,,,,,,,,
2014-03-27,,,,,,,,,,,,,,
2014-03-28,,,,,,,,,,,,,,
2014-03-31,0.0,0.0,0.0,0.0,0.0,0.0,0.0,0.0,0.0,0.0,0.0,0.0,0.0,0.0
2014-04-01,,,,,,,,,,,,,,
2014-04-02,,,,,,,,,,,,,,
2014-04-03,,,,,,,,,,,,,,
2014-04-04,,,,,,,,,,,,,,
2014-04-07,-0.09086508259551837,-0.060415952112914666,-0.08839182882514811,-0.024195916511367634,-0.23203706608718458,-0.26046137047921814,0.16081498969792898,0.14322976153815195,0.18665933415824168,-0.18901079551861408,0.23616143216043908,0.12948897748656546,-0.11089321664482878,-0.0873742761838785
2014-04-08,,,,,,,,,,,,,,
2014-04-09,,,,,,,,,,,,,,
2014-04-10,,,,,,,,,,,,,,
2014-04-11,,,,,,,,,,,,,,
2014-04-14,-0.092261306475831,-0.06404621585777387,0.08883208488383289,0.02498897794129708,-0.22757534895056244,0.2525358932073861,-0.15892869732608925,0.1464761233039531,0.1940093647831463,-0.18934874201454774,0.24898277509834124,0.1292383387215149,-0.10358364953932149,-0.0791924818964026
2014-04-15,,,,,,,,,,,,,,
2014-04-16,,,,,,,,,,,,,,
2014-04-17,,,,,,,,,,,,,,
2014-04-21,-0.0878473561815872,-0.06203680294632349,0.09037659251096744,0.024197214962384347,-0.2345442317923501,0.24980835645824354,-0.1623179262608052,0.15255369753579617,0.19741072638413062,-0.19449711285720192,0.24096547591158904,0.12385818590510038,0.10107982241681837,-0.07850649787670225
2014-04-22,,,,,,,,,,,,,,
2014-04-23,,,,,,,,,,,,,,
2014-04-24,,,,,,,,,,,,,,
2014-04-25,,,,,,,,,,,,,,
2014-04-28,0.08712423515807996,-0.059362341843825044,0.0836359424097354,0.024442270106742926,0.23885165426902674,0.2605163272877933,0.16433225813409394,0.1476611213215972,0.1966353038603981,0.20613441472730334,0.23656968372574866,0.12055669491735205,0.10056492048754492,-0.07361283175075868
2014-04-29,,,,,,,,,,,,,,
2014-04-30,,,,,,,,,,,,,,
2014-05-01,,,,,,,,,,,,,,
2014-05-02,,,,,,,,,,,,,,
2014-05-05,0.08734488565274011,-0.05666753864342325,-0.0796600215806997,0.02826156899868252,0.23997866709562302,0.27153618197390056,0.17047859264870646,-0.1424675851994661,0.18434894785211953,0.20883570822097647,0.232570141377686,0.11498053583947641,0.1080117476405458,0.07485787727595354
2014-05-06,,,,,,,,,,,,,,
2014-05-07,,,,,,,,,,,,,,
2014-05-08,,,,,,,,,,,,,,
2014-05-09,,,,,,,,,,,,,,
2014-05-12,-0.0861792017827908,-0.05651093587362687,-0.0828524612826569,-0.03198668695651226,-0.22927687435105942,0.25793296246122965,-0.17408203319913743,-0.1612541780554479,0.17449239667987104,-0.20010977184973525,0.23874475787807437,0.11976677710057146,0.1110085164800212,0.07580244604926535
2014-05-13,,,,,,,,,,,,,,
2014-05-14,,,,,,,,,,,,,,
2014-05-15,,,,,,,,,,,,,,
2014-05-16,,,,,,,,,,,,,,
2014-05-19,0.08469122389574346,-0.06374462295734196,-0.08142961724579308,-0.03721483970964733,-0.230952294375185,0.28116873536367826,0.17067831734971736,0.16153666989505713,0.16867809824846497,-0.20078461449805843,0.22933655986400928,0.11028916653606868,0.10662689677856514,0.07286834328267013
2014-05-20,,,,,,,,,,,,,,
2014-05-21,,,,,,,,,,,,,,
2014-05-22,,,,,,,,,,,,,,
2014-05-23,,,,,,,,,,,,,,
2014-05-27,-0.08291357543052232,-0.0668993781070434,0.08027411215475491,-0.04076114594749033,-0.22831008984517845,-0.27177828900699463,0.16914899809154219,0.16145908353633864,0.18454665005910573,-0.19969628796104258,0.22838710584118338,0.1101298036746758,0.10484149533410463,0.07085398501002298
2014-05-28,,,,,,,,,,,,,,
2014-05-29,,,,,,,,,,,,,,
2014-05-30,,,,,,,,,,,,,,
2014-06-02,-0.0863622819722773,-0.07014767930046666,0.08041128118812556,-0.04162826931501404,-0.24046455046335852,-0.2670448714678693,-0.16561921324299408,-0.15470638672043882,0.1810861714373558,-0.2156852394127092,0.21916152601419192,0.1042616853315336,0.10378445372640074,0.06963639040726449
2014-06-03,,,,,,,,,,,,,,
2014-06-04,,,,,,,,,,,,,,
2014-06-05,,,,,,,,,,,,,,
2014-06-06,,,,,,,,,,,,,,
2014-06-09,-0.08450520206628917,-0.07225459316344711,0.08358450951163947,0.04045890296985365,-0.24184840523094153,-0.2607693411980053,-0.16759055032269005,0.15632622676554506,-0.18594470956455447,-0.2127773780806746,0.22221148735755372,0.10396964584255407,0.1011253592173502,0.0666336887089016
2014-06-10,,,,,,,,,,,,,,
2014-06-11,,,,,,,,,,,,,,
2014-06-12,,,,,,,,,,,,,,
2014-06-13,,,,,,,,,,,,,,
2014-06-16,-0.08639386794418141,0.07425249836481441,0.08402944976285762,0.037885141386025556,-0.2413391799153932,0.2344105453544292,-0.17692615775730736,0.15912553421273065,0.1893931032118123,-0.21208901700421795,-0.22765224079451962,-0.10631827030035254,0.10305951154189032,0.06712548244946742
2014-06-17,,,,,,,,,,,,,,
2014-06-18,,,,,,,,,,,,,,
2014-06-19,,,,,,,,,,,,,,
2014-06-20,,,,,,,,,,,,,,
2014-06-23,0.07713569628693295,0.06231336748216702,0.08214568182112823,0.03617432435160981,-0.250057084338535,0.23092003971271732,0.18547189211642787,0.15746565294839582,0.20211166795682273,0.21766574831638189,-0.23036619875473235,-0.09940353836723793,0.10157743614862716,0.06719167139828378
2014-06-24,,,,,,,,,,,,,,
2014-06-25,,,,,,,,,,,,,,
2014-06-26,,,,,,,,,,,,,,
2014-06-27,,,,,,,,,,,,,,
2014-06-30,0.07675374598105834,0.061951192086896985,0.08167369252741455,-0.036609977409694204,0.24558960590205522,0.22429386356493075,0.19217452224047707,0.1592399894602839,0.21026922419258826,0.21229221222649083,0.23034001259320488,0.09851195898039565,0.10239151627955245,0.06790848655495707
2014-07-01,,,,,,,,,,,,,,
2014-07-02,,,,,,,,,,,,,,
2014-07-03,,,,,,,,,,,,,,
2014-07-07,0.07850221602145661,0.06186542670580566,0.08665875432654911,-0.03630601670806703,-0.24609961437575992,0.2254085801654308,0.1942583150001688,0.14796476036294048,0.19812266623073893,-0.2129670062212738,0.23461321984126568,0.09599186557136133,0.10533856978093101,0.07590298868825059
2014-07-08,,,,,,,,,,,,,,
2014-07-09,,,,,,,,,,,,,,
2014-07-10,,,,,,,,,,,,,,
2014-07-11,,,,,,,,,,,,,,
2014-07-14,0.06872814801766874,0.05518115914662766,-0.0776658539388693,-0.034152799433787066,0.24430929066743845,0.22789309198928057,0.22236580797876462,0.1456286272563332,0.1868513553391229,0.21654939640308618,0.2175650661838387,0.09006911329135629,0.12414584870665134,0.08889444164717503
2014-07-15,,,,,,,,,,,,,,
2014-07-16,,,,,,,,,,,,,,
2014-07-17,,,,,,,,,,,,,,
2014-07-18,,,,,,,,,,,,,,
2014-07-21,-0.0690318461183644,0.05451437822720358,-0.07228099730694752,-0.034889843397719215,-0.24580631154483698,0.2286858629102657,0.2239444145066666,0.15184059950971077,0.18817980990323335,-0.21626708338824666,0.21982677056445912,0.0899346577183535,0.12009948574983523,0.08469793915415744
2014-07-22,,,,,,,,,,,,,,
2014-07-23,,,,,,,,,,,,,,
2014-07-24,,,,,,,,,,,,,,
2014-07-25,,,,,,,,,,,,,,
2014-07-28,-0.06801478988413243,-0.051862702464989155,-0.07600215509656055,-0.034950837032167476,-0.2430920454649349,-0.22913899789025202,-0.2287368014304772,0.15500305095970818,-0.18121873514774414,-0.21397364284223452,0.21383160518888517,0.08769536113697284,0.12357646754876532,0.09290280791217607
2014-07-29,,,,,,,,,,,,,,
2014-07-30,,,,,,,,,,,,,,
2014-07-31,,,,,,,,,,,,,,
2014-08-01,,,,,,,,,,,,,,
2014-08-04,-0.07036805358051998,-0.055761575902713224,-0.07443476961850391,-0.03558921093736343,-0.2592175218049679,-0.22954460805721563,-0.2190322527243869,-0.15473583794904158,-0.18634968072441713,-0.22548036649553954,0.20441498046980344,0.08891637700805222,-0.10894825551900043,-0.08720650920847488
2014-08-05,,,,,,,,,,,,,,
2014-08-06,,,,,,,,,,,,,,
2014-08-07,,,,,,,,,,,,,,
2014-08-08,,,,,,,,,,,,,,
2014-08-11,0.06747761690339041,-0.053945166333029856,-0.07136164815806044,-0.035368736784271444,-0.2701263303814354,-0.23972371327631944,-0.22133565014409723,-0.1508379601203646,-0.18659056431257334,-0.23366593807600336,0.19378048676241136,0.08502638701041962,-0.10232516647418644,-0.08843463526343699
2014-08-12,,,,,,,,,,,,,,
2014-08-13,,,,,,,,,,,,,,
2014-08-14,,,,,,,,,,,,,,
2014-08-15,,,,,,,,,,,,,,
2014-08-18,-0.06887065174167795,-0.05498801543915686,-0.06668639901735496,-0.03382941209797381,-0.2736210844730566,-0.229464267671592,-0.22991070379513517,-0.15267300906959613,-0.1889977587521326,-0.22598564618705033,0.19705098865436765,0.08464586692518168,0.10346576203489198,0.08981043414083226
2014-08-19,,,,,,,,,,,,,,
2014-08-20,,,,,,,,,,,,,,
2014-08-21,,,,,,,,,,,,,,
2014-08-22,,,,,,,,,,,,,,
2014-08-25,-0.07310484048730716,-0.05690058123893244,-0.06848366615968651,0.03431085374358557,-0.2609540674203173,-0.2274264107268235,-0.21706558915058458,-0.16221884792447935,-0.18793063671293592,-0.21950948068903878,0.2007154707525489,0.08667496021014139,0.10848889932338336,0.09621569546023519
2014-08-26,,,,,,,,,,,,,,
2014-08-27,,,,,,,,,,,,,,
2014-08-28,,,,,,,,,,,,,,
2014-08-29,,,,,,,,,,,,,,
2014-09-02,-0.07175521236931018,-0.057493292258572304,-0.06412662241366561,0.033905631183688785,-0.2674749648849748,-0.2218451406804973,-0.2018285374251904,-0.1701045412380349,-0.179119691823925,-0.2238817965222245,0.210728587002797,0.08802550042819048,0.11087449155880723,0.09883599021012185
2014-09-03,,,,,,,,,,,,,,
2014-09-04,,,,,,,,,,,,,,
2014-09-05,,,,,,,,,,,,,,
2014-09-08,-0.07743967665361016,-0.06297796942649658,-0.06769855527142517,-0.03718474125039081,-0.22765001234761134,-0.20193080640306837,-0.2041954380502878,0.17364245403871792,-0.18551916242880412,-0.20911129070353676,-0.22839126365539594,0.0932433542636964,0.12246587553296881,0.10854939997398981
2014-09-09,,,,,,,,,,,,,,
2014-09-10,,,,,,,,,,,,,,
2014-09-11,,,,,,,,,,,,,,
2014-09-12,,,,,,,,,,,,,,
2014-09-15,-0.07878293472131583,-0.06478078298561993,-0.0700217334744117,0.03932789052703079,-0.23100534488357646,-0.21338367848628653,-0.2064002727575004,-0.16355216648642112,-0.17328537228632895,-0.20808242130219592,-0.2292082183386245,-0.0931477653431191,0.12353913700364216,0.10548228140392639
2014-09-16,,,,,,,,,,,,,,
2014-09-17,,,,,,,,,,,,,,
2014-09-18,,,,,,,,,,,,,,
2014-09-19,,,,,,,,,,,,,,
2014-09-22,-0.09637686399663083,-0.07580321830376316,-0.0687881760589294,-0.04007936003939126,-0.22384361855978882,-0.20749466104487133,-0.20009385689551445,-0.14822532139012384,-0.1707995987967253,-0.19466617778292183,-0.24459661441765213,-0.09943025610170088,0.12474819161672773,0.10505408499525934
2014-09-23,,,,,,,,,,,,,,
2014-09-24,,,,,,,,,,,,,,
2014-09-25,,,,,,,,,,,,,,
2014-09-26,,,,,,,,,,,,,,
2014-09-29,-0.09948276493903552,-0.07767665852241631,-0.06687689687838386,-0.04061386810433276,-0.22715933617687664,-0.21420728192608027,-0.2022540943127005,-0.14525455614874402,-0.17355859469362603,-0.19957706145673446,-0.24276560267338487,-0.099115746386296,-0.11593187628354008,-0.09552566149784869
2014-09-30,,,,,,,,,,,,,,
2014-10-01,,,,,,,,,,,,,,
2014-10-02,,,,,,,,,,,,,,
2014-10-03,,,,,,,,,,,,,,
2014-10-06,-0.10080339031150906,-0.072748405654683,-0.06760734061318813,-0.04394492243331713,-0.20274871633051936,-0.21376867454211,-0.18933795007814685,-0.1484208207789006,-0.17754788315987277,-0.1871657365847378,0.261857115049204,0.10733668637076775,-0.12238012310159795,-0.10433223499144567
2014-10-07,,,,,,,,,,,,,,
2014-10-08,,,,,,,,,,,,,,
2014-10-09,,,,,,,,,,,,,,
2014-10-10,,,,,,,,,,,,,,
2014-10-13,-0.11439877952020322,-0.07928971708499699,-0.0694045402181655,-0.04611129378195468,-0.19970353184343345,-0.22137159461929404,0.18753703066042762,-0.14342619410342428,-0.1862768395429678,-0.19005067218770405,0.25921899621231925,0.1091549425399228,-0.10410937076613479,-0.08994649691905149
2014-10-14,,,,,,,,,,,,,,
2014-10-15,,,,,,,,,,,,,,
2014-10-16,,,,,,,,,,,,,,
2014-10-17,,,,,,,,,,,,,,
2014-10-20,0.12560595781073408,-0.08578105638482826,-0.06869372072244223,-0.049186296813210746,-0.19149812003606062,-0.20212404566232556,0.18693121594174858,-0.14053314657209917,-0.18572361361369583,-0.1842452485602911,0.26540641772035795,0.1132890253988841,-0.10762442378392109,-0.0933577109794006
2014-10-21,,,,,,,,,,,,,,
2014-10-22,,,,,,,,,,,,,,
2014-10-23,,,,,,,,,,,,,,
2014-10-24,,,,,,,,,,,,,,
2014-10-27,0.13188673338855125,-0.09011938669498713,-0.06671507497769444,-0.05043319906258514,0.1882546386551373,-0.20074035264776433,0.18252686077786118,0.14381726725611044,-0.19046008081928487,0.1820406501274406,0.2700671446789069,0.11552445959696273,-0.10089659854969488,0.08651755276701838
2014-10-28,,,,,,,,,,,,,,
2014-10-29,,,,,,,,,,,,,,
2014-10-30,,,,,,,,,,,,,,
2014-10-31,,,,,,,,,,,,,,
2014-11-03,-0.12438519167402891,-0.08521903658680349,-0.0666049746255643,0.0487332002495179,-0.18937034193986155,-0.204425975810847,-0.14860249065661668,-0.142305231148427,-0.18867813259323937,-0.18342166683220554,0.29492987449477515,0.12411429656431176,0.10821018141272112,0.09099940541108027
2014-11-04,,,,,,,,,,,,,,
2014-11-05,,,,,,,,,,,,,,
2014-11-06,,,,,,,,,,,,,,
2014-11-07,,,,,,,,,,,,,,
2014-11-10,-0.0921795164383037,-0.0655268161442722,-0.05746553436760711,0.04028772868658395,-0.16276482722529448,-0.1791639269420063,-0.13201381288163896,-0.12072250085904458,-0.1670535220954415,-0.15621419066243977,-0.25506296914462817,-0.1092175535431965,0.09872536356024428,0.08231327753446305
2014-11-11,,,,,,,,,,,,,,
2014-11-12,,,,,,,,,,,,,,
2014-11-13,,,,,,,,,,,,,,
2014-11-14,,,,,,,,,,,,,,
2014-11-17,-0.08379201242148045,-0.05825736875284499,-0.05644134196242478,0.03817850207508461,-0.15752156532123426,-0.17821405968767612,-0.13221736425755853,-0.11797768709861269,-0.16138216634952346,-0.1534714413374332,-0.26340576765294055,-0.11500353904103205,0.10071349227910345,0.0837669906219782
2014-11-18,,,,,,,,,,,,,,
2014-11-19,,,,,,,,,,,,,,
2014-11-20,,,,,,,,,,,,,,
2014-11-21,,,,,,,,,,,,,,
2014-11-24,-0.09497076453302292,-0.06644560594159456,-0.06335070145084917,0.041384841368512136,-0.17228743245383174,-0.20382524586815173,-0.15163119629192998,-0.13197726188590975,-0.18243601857672334,-0.16926051200968398,-0.3043960834466543,0.13253614259353869,0.11615919264585325,0.09582460329785505
2014-11-25,,,,,,,,,,,,,,
2014-11-26,,,,,,,,,,,,,,
2014-11-28,,,,,,,,,,,,,,
2014-12-01,0.08751688552792544,0.05410606464678061,-0.05467251170442056,0.04282144430344874,-0.18218378520066572,-0.20600788462246253,-0.16274490558321117,-0.1411484441698922,-0.1796598696556868,-0.18014443973775202,0.3348522862016097,0.14899488780882955,0.12381352723611226,0.10133306360120298
2014-12-02,,,,,,,,,,,,,,
2014-12-03,,,,,,,,,,,,,,
2014-12-04,,,,,,,,,,,,,,
2014-12-05,,,,,,,,,,,,,,
2014-12-08,0.08602501182034203,0.054492023102437274,-0.0533342857636232,-0.03974459780185768,-0.18825650276843672,-0.21416530644016651,-0.15783002668854026,-0.1458849075583773,-0.18177819176194882,-0.18370090538945796,0.3216365304718672,0.14604161670432234,0.124345318396111,0.10276477533251181
2014-12-09,,,,,,,,,,,,,,
2014-12-10,,,,,,,,,,,,,,
2014-12-11,,,,,,,,,,,,,,
2014-12-12,,,,,,,,,,,,,,
2014-12-15,-0.08020318213827193,-0.0491728082160667,-0.05003492803705324,-0.03913106312261432,-0.180250966018032,-0.21371071385468268,-0.14207235044630226,-0.14543662280966793,-0.18554250684853912,-0.17811914350011382,0.29852307622500873,0.14525381203666624,-0.11518314007348729,-0.09894951005592938
2014-12-16,,,,,,,,,,,,,,
2014-12-17,,,,,,,,,,,,,,
2014-12-18,,,,,,,,,,,,,,
2014-12-19,,,,,,,,,,,,,,
2014-12-22,-0.0811717938504234,-0.050200420605815886,-0.045342032459378734,-0.036465155476144595,-0.17740871714723158,-0.2121617172690517,-0.13826441695290598,-0.15501151143914496,-0.19473013648446247,-0.17782556699280633,0.28593687200933765,0.13551854360833177,0.10747219430938894,0.09414391542038457
2014-12-23,,,,,,,,,,,,,,
2014-12-24,,,,,,,,,,,,,,
2014-12-26,,,,,,,,,,,,,,
2014-12-29,0.08398033334556396,0.052588203839147085,-0.04737323949599913,-0.03800611171760979,-0.18920870883822963,-0.22380709606624954,-0.14634044165199167,-0.16710813569985095,-0.20758713834228298,-0.18997808648836864,-0.2941983262388923,0.13722079751309169,0.11816117437410943,-0.10444220638861314
2014-12-30,,,,,,,,,,,,,,
2014-12-31,,,,,,,,,,,,,,
2015-01-02,,,,,,,,,,,,,,
2015-01-05,-0.08161027006122065,-0.04986741806217805,-0.045263429587310985,-0.036331722261840095,-0.19009497935590772,-0.20698665694027987,0.14360748223465455,-0.1706121720281827,-0.20155381940581724,-0.19252595969058497,0.29371617440424463,0.13852621540711144,-0.11399932784506811,-0.10210774358247476
2015-01-06,,,,,,,,,,,,,,
2015-01-07,,,,,,,,,,,,,,
2015-01-08,,,,,,,,,,,,,,
2015-01-09,,,,,,,,,,,,,,
2015-01-12,0.08128664743112757,-0.05048074177905664,-0.04370486944670741,-0.035599165398801993,-0.20007118936154733,-0.2097883856874347,0.14297593439706033,-0.17593724220201934,-0.2111336517671498,-0.19893523365024995,0.2889347227379674,0.13246012896962334,-0.11999098406249674,-0.10870110310875741
2015-01-13,,,,,,,,,,,,,,
2015-01-14,,,,,,,,,,,,,,
2015-01-15,,,,,,,,,,,,,,
2015-01-16,,,,,,,,,,,,,,
2015-01-20,0.07788459361991026,0.04750924465675332,-0.039698150561280954,-0.02980147000471821,-0.20136593828894883,-0.2217390156000706,0.14024697665214597,0.18457572376028467,-0.21023971694537769,0.04571109183970774,0.27634358154749605,0.12627508535057821,-0.12229366118259258,-0.11012990532755776
2015-01-21,,,,,,,,,,,,,,
2015-01-22,,,,,,,,,,,,,,
2015-01-23,,,,,,,,,,,,,,
2015-01-26,0.08296090003788156,0.050622997429937956,-0.04255653212414708,-0.03138944915696879,-0.1901853730342567,-0.23165855770882146,0.14735954852159788,-0.18632346021002644,-0.20767631667772737,0.04791569233677534,0.28810730555434905,0.13259189525502488,-0.1364687112552797,-0.1265922964015705
2015-01-27,,,,,,,,,,,,,,
2015-01-28,,,,,,,,,,,,,,
2015-01-29,,,,,,,,,,,,,,
2015-01-30,,,,,,,,,,,,,,
2015-02-02,0.08116219714637468,0.049323282246988655,-0.03885783025679445,-0.03180630421805234,-0.1867628214892483,-0.23612680769548355,0.14731111090750668,-0.18360507855904,-0.1971645368502702,0.04834731217070454,0.27661026364304375,0.12775070759605764,-0.13009966937744621,-0.12025333685368912
2015-02-03,,,,,,,,,,,,,,
2015-02-04,,,,,,,,,,,,,,
2015-02-05,,,,,,,,,,,,,,
2015-02-06,,,,,,,,,,,,,,
2015-02-09,0.090943790102184,0.05600666537904633,0.039643817003021914,-0.0366414667912734,-0.1905256335536471,0.24777792217758834,-0.18590824057269387,-0.22016513729232992,-0.19510955040153538,0.05389969488734117,0.2783320926181751,-0.1291402800120314,0.14222841888847507,0.1336772903206568
2015-02-10,,,,,,,,,,,,,,
2015-02-11,,,,,,,,,,,,,,
2015-02-12,,,,,,,,,,,,,,
2015-02-13,,,,,,,,,,,,,,
2015-02-17,-0.0779287186726247,-0.04462236119041662,0.031678396069008484,-0.02914401540797232,-0.15585959995548995,0.20149075753484197,-0.147701274919398,-0.18251017934152697,-0.1543267827946846,-0.04430017371601405,-0.22670473124059837,-0.10349708170585586,0.11457507595517626,0.1060681820517806
2015-02-18,,,,,,,,,,,,,,
2015-02-19,,,,,,,,,,,,,,
2015-02-20,,,,,,,,,,,,,,
2015-02-23,-0.0835636963409334,-0.04738934149422039,0.03258133682012631,-0.030747847497406333,0.16443280479824235,0.2047665998191013,-0.15426855239634538,-0.19293724530802672,-0.161518314718589,-0.045580410189153,-0.23119662888371764,-0.10595002412036239,0.11829164510784618,0.10989750750915754
2015-02-24,,,,,,,,,,,,,,
2015-02-25,,,,,,,,,,,,,,
2015-02-26,,,,,,,,,,,,,,
2015-02-27,,,,,,,,,,,,,,
2015-03-02,-0.08226347601240507,-0.04636035008060343,0.03156287099552532,0.0,-0.16052492259758655,0.19739401402440485,-0.15121693828793023,-0.18291438663567086,0.1571208277085211,-0.04472537513890128,-0.2153686012007253,-0.09824889121570393,0.11562612987194276,0.10741853737337378
2015-03-03,,,,,,,,,,,,,,
2015-03-04,,,,,,,,,,,,,,
2015-03-05,,,,,,,,,,,,,,
2015-03-06,,,,,,,,,,,,,,
2015-03-09,-0.07952550379280018,-0.046822038148076575,-0.028836680239291566,0.026552953759121648,-0.13704940292172832,-0.17312505382085186,-0.1343317426234836,-0.15703624669492974,-0.14426421109688686,-0.03898388289332732,-0.18291962385228908,-0.08371677566265007,0.09944382894882575,0.09359088311938199
2015-03-10,,,,,,,,,,,,,,
2015-03-11,,,,,,,,,,,,,,
2015-03-12,,,,,,,,,,,,,,
2015-03-13,,,,,,,,,,,,,,
2015-03-16,-0.09448658411760807,-0.05491810784708124,-0.03305073364398046,-0.030439079456005432,-0.14321784726583245,-0.18990371260633873,-0.17128385912301605,-0.16299437100340383,-0.1616438335445598,-0.044070711039832074,-0.21059831998198764,-0.09466711463329466,-0.10960383225929037,-0.10376729127614151
2015-03-17,,,,,,,,,,,,,,
2015-03-18,,,,,,,,,,,,,,
2015-03-19,,,,,,,,,,,,,,
2015-03-20,,,,,,,,,,,,,,
2015-03-23,-0.1230856703014021,0.07189392295329919,-0.041597655437940376,-0.03901812848831176,-0.15644875113229628,-0.21581210280611837,-0.2337758209958409,0.16782487465135856,0.18793446666072686,-0.05594008944739361,0.2734349568653313,0.12454570757508199,-0.1583844348019301,0.1503034178829686
2015-03-24,,,,,,,,,,,,,,
2015-03-25,,,,,,,,,,,,,,
2015-03-26,,,,,,,,,,,,,,
2015-03-27,,,,,,,,,,,,,,
2015-03-30,-0.106675765901678,0.06108454475833366,-0.03475437659426191,-0.03459843823786815,-0.12934265273174284,-0.17800969955086546,-0.19624728116965615,-0.13579135855819666,-0.15358055689833058,-0.04657127521516567,0.22880324830422036,0.1039730144179107,-0.12686323369591665,-0.11784478536430423
2015-03-31,,,,,,,,,,,,,,
2015-04-01,,,,,,,,,,,,,,
2015-04-02,,,,,,,,,,,,,,
2015-04-06,0.1283295084505761,0.07627995428467613,0.04029357954542766,-0.04269229995236002,0.15167191450658168,-0.22401776231030598,0.24376296908860415,-0.16432293039036297,0.18375118374762117,0.05578622188742518,0.2736710382082905,0.12307783732327528,0.1517008275882349,-0.14064197271625797
2015-04-07,,,,,,,,,,,,,,
2015-04-08,,,,,,,,,,,,,,
2015-04-09,,,,,,,,,,,,,,
2015-04-10,,,,,,,,,,,,,,
2015-04-13,0.12742262362576517,0.07429340722766171,0.03950939604747194,-0.04159614511153495,0.14559578506769447,-0.21331803452162343,0.25091850037034474,-0.15978242116363292,0.17958610318838086,0.05421134129462827,0.2755224488744622,0.12536226455285987,0.1636219645202887,0.14925956443365052
2015-04-14,,,,,,,,,,,,,,
2015-04-15,,,,,,,,,,,,,,
2015-04-16,,,,,,,,,,,,,,
2015-04-17,,,,,,,,,,,,,,
2015-04-20,0.1282006306611797,-0.07638098869120427,0.03892478746817699,-0.0469221036256675,-0.13632190164349645,-0.19648138232622867,0.2502471176097429,-0.14551113375402566,0.1595319754882667,0.13056187559548688,0.2741800693877504,-0.11996865334770256,-0.15687549252197916,-0.1398918878790925
2015-04-21,,,,,,,,,,,,,,
2015-04-22,,,,,,,,,,,,,,
2015-04-23,,,,,,,,,,,,,,
2015-04-24,,,,,,,,,,,,,,
2015-04-27,0.11925223650562847,-0.07175680492562987,0.038556531985602126,-0.04883138272605093,-0.13823938561574722,0.18971511818325518,0.2622145607813212,0.14464084057723953,0.16372922311608695,0.14290587083416104,0.2675536775507127,-0.11826331851798073,0.1564306766790302,0.13791037200155387
2015-04-28,,,,,,,,,,,,,,
2015-04-29,,,,,,,,,,,,,,
2015-04-30,,,,,,,,,,,,,,
2015-05-01,,,,,,,,,,,,,,
2015-05-04,-0.1232114441005632,-0.07625503025882677,0.039978355358471905,0.04647803439134236,0.13166867093308582,0.1763889237327375,-0.2651132601212485,0.13513725792455233,0.16462578362543906,0.1396416584298001,-0.27074518331157726,-0.116523457259142,0.16424843272780398,0.14168264661629248
2015-05-05,,,,,,,,,,,,,,
2015-05-06,,,,,,,,,,,,,,
2015-05-07,,,,,,,,,,,,,,
2015-05-08,,,,,,,,,,,,,,
2015-05-11,-0.13036442410550775,-0.0783617911501319,0.04318885341915126,0.04625787824934779,0.13304879294021368,0.17263539125930735,-0.27427826205215444,0.1297599371532157,0.17841471291233177,0.1321616031651148,-0.2731876881452773,-0.11265344712122584,0.1613680662721313,0.1343191520548893
2015-05-12,,,,,,,,,,,,,,
2015-05-13,,,,,,,,,,,,,,
2015-05-14,,,,,,,,,,,,,,
2015-05-15,,,,,,,,,,,,,,
2015-05-18,0.12336210509658593,0.07625181964639788,0.04273723700535031,0.04607040553044479,0.12227277464499263,0.16425279108820723,-0.2853599402561457,0.11952540506206241,0.17195655351267397,0.12078745825410127,-0.2522671843256766,-0.10283734317692397,0.15444818948363714,0.12936497780461187
2015-05-19,,,,,,,,,,,,,,
2015-05-20,,,,,,,,,,,,,,
2015-05-21,,,,,,,,,,,,,,
2015-05-22,,,,,,,,,,,,,,
2015-05-26,-0.12833614227191298,0.0786828610555193,0.045399046394646425,0.05035858835797917,-0.12673244335159328,0.16878221099442434,-0.278532325412365,-0.12656708137229974,-0.18248241423683634,0.1301576454434441,-0.27166915716660206,-0.10973709027953858,-0.1644126815014537,-0.1381503121613853
2015-05-27,,,,,,,,,,,,,,
2015-05-28,,,,,,,,,,,,,,
2015-05-29,,,,,,,,,,,,,,
2015-06-01,0.1277346838462892,0.07937674532782345,-0.045502440122598284,-0.050866278959645024,-0.12741657328888162,0.16902288974996793,-0.27452959436080676,-0.12701851191668104,-0.1826532799307707,-0.12805937073663531,-0.279982232164315,-0.11281957251637022,0.16083720685331113,0.1341806202259043
2015-06-02,,,,,,,,,,,,,,
2015-06-03,,,,,,,,,,,,,,
2015-06-04,,,,,,,,,,,,,,
2015-06-05,,,,,,,,,,,,,,
2015-06-08,-0.13259745096821418,-0.07652185189787943,-0.04419423199638359,-0.050102831255770704,0.11735479964420979,-0.16616709139635025,-0.24426825065982877,-0.11574066009106122,-0.1774346545487018,0.12331682764200287,-0.26368920199912205,-0.10823601510458793,-0.15975104370082668,-0.13025459692056482
2015-06-09,,,,,,,,,,,,,,
2015-06-10,,,,,,,,,,,,,,
2015-06-11,,,,,,,,,,,,,,
2015-06-12,,,,,,,,,,,,,,
2015-06-15,-0.09181790927459803,-0.05349783536332887,-0.03177141781372611,-0.03302885853602596,-0.0876547152805063,-0.11900691879414001,-0.1553455290806423,-0.08338711586018914,-0.12602056206839984,-0.08920431955029487,-0.17903366602749524,-0.07408969659446704,-0.11989842998591982,-0.09415722352403581
2015-06-16,,,,,,,,,,,,,,
2015-06-17,,,,,,,,,,,,,,
2015-06-18,,,,,,,,,,,,,,
2015-06-19,,,,,,,,,,,,,,
2015-06-22,-0.13098582900922182,-0.08337344696687035,-0.04770024782471641,-0.04698358073015071,0.1406867166353792,0.18491114536133002,-0.23205042654144625,-0.13505544770316028,-0.19816154313308268,0.14235022877181006,-0.25755429927244305,-0.10229392596679415,-0.1694353139892634,0.1284578480943316
2015-06-23,,,,,,,,,,,,,,
2015-06-24,,,,,,,,,,,,,,
2015-06-25,,,,,,,,,,,,,,
2015-06-26,,,,,,,,,,,,,,
2015-06-29,-0.13382761825148812,-0.08279404712055587,-0.05303056766777036,0.0469713731089998,0.13938902717135837,0.1896191314797477,0.22694055928594492,0.13821108556711187,0.20441848083664216,0.140864813533114,-0.24662102082448834,-0.0998909243104308,-0.16728711892810832,-0.13013423191423928
2015-06-30,,,,,,,,,,,,,,
2015-07-01,,,,,,,,,,,,,,
2015-07-02,,,,,,,,,,,,,,
2015-07-06,-0.1423975302204769,-0.08651519874103426,-0.052075079767923076,0.04787655980666509,-0.14080515808283617,0.18946138903427412,0.22524277393984807,-0.13335877540335558,-0.1985046883459979,-0.13769123900763985,0.2429605571022938,0.09887589341001228,-0.17095395253642284,-0.13328120460122003
2015-07-07,,,,,,,,,,,,,,
2015-07-08,,,,,,,,,,,,,,
2015-07-09,,,,,,,,,,,,,,
2015-07-10,,,,,,,,,,,,,,
2015-07-13,-0.12199379545201693,-0.07044909386261569,-0.047051723439062804,0.040296652885027186,-0.1186896541105368,-0.16057226476698722,-0.17077707114577273,-0.11446212487042329,-0.1666723742163916,-0.11678580989365864,-0.19739530586061688,-0.0807261133294906,0.13139088891498363,0.10376603997252319
2015-07-14,,,,,,,,,,,,,,
2015-07-15,,,,,,,,,,,,,,
2015-07-16,,,,,,,,,,,,,,
2015-07-17,,,,,,,,,,,,,,
2015-07-20,-0.1067805138811322,-0.06619252149773389,-0.04631844625803228,-0.039367181169980336,-0.11382283583748189,-0.1518753731280683,-0.16401242639300448,-0.11175869134190329,-0.17097632566308058,-0.11157963174162731,-0.1860901575957949,-0.07651772304815661,0.12784610996509788,0.09926043959398623
2015-07-21,,,,,,,,,,,,,,
2015-07-22,,,,,,,,,,,,,,
2015-07-23,,,,,,,,,,,,,,
2015-07-24,,,,,,,,,,,,,,
2015-07-27,-0.14497383455190171,-0.08950048115723673,-0.05600184033513442,0.048563456472479456,-0.13728997624142453,-0.18957985439060934,0.20304711417074262,-0.1376159642538742,-0.2165903688861331,-0.14763704317388987,0.23012132710931643,0.09396790363242032,-0.15360038998714406,0.12069142901388098
2015-07-28,,,,,,,,,,,,,,
2015-07-29,,,,,,,,,,,,,,
2015-07-30,,,,,,,,,,,,,,
2015-07-31,,,,,,,,,,,,,,
2015-08-03,-0.12286932306865218,-0.07469975424798656,-0.043942530076036115,-0.04045859314937867,-0.1140529890694268,-0.1651756266683386,-0.16483101895490354,-0.11993278186741296,-0.17328837650138015,-0.1251674980254046,0.18566787244131658,0.07693216880560888,0.12423666957193166,0.10074386921823748
2015-08-04,,,,,,,,,,,,,,
2015-08-05,,,,,,,,,,,,,,
2015-08-06,,,,,,,,,,,,,,
2015-08-07,,,,,,,,,,,,,,
2015-08-10,-0.14662562159409967,-0.08643061210887909,-0.05371306195311906,-0.050372138093581306,0.14282867379616157,0.21164022647032554,-0.19864121876442653,0.14450721428359517,-0.20116634026341892,-0.16015175828231057,0.23088448718639976,0.09671845141654492,0.15337999971061342,0.12294019607652432
2015-08-11,,,,,,,,,,,,,,
2015-08-12,,,,,,,,,,,,,,
2015-08-13,,,,,,,,,,,,,,
2015-08-14,,,,,,,,,,,,,,
2015-08-17,0.1487579609721394,0.09435256074835861,-0.05251614029377117,-0.04847244868369171,0.14466883417997706,0.21138885459622772,-0.19479344232919113,0.14428127865387758,-0.19759781692387005,-0.1608915667693049,0.23231484092314642,0.09834042300122975,-0.15082126886637096,-0.12080256305884354
2015-08-18,,,,,,,,,,,,,,
2015-08-19,,,,,,,,,,,,,,
2015-08-20,,,,,,,,,,,,,,
2015-08-21,,,,,,,,,,,,,,
2015-08-24,0.13198939285220856,0.07904680252146166,-0.04778444698794113,-0.045224387134257804,0.12923257112356687,0.21819882382774833,0.14902945755460437,-0.12981495112395297,-0.1860840504219231,0.14012411443834294,0.21836960997548094,0.09290716466618767,-0.09810646413089276,-0.0813702200629246
2015-08-25,,,,,,,,,,,,,,
2015-08-26,,,,,,,,,,,,,,
2015-08-27,,,,,,,,,,,,,,
2015-08-28,,,,,,,,,,,,,,
2015-08-31,0.1475565578353908,0.08699744627890157,0.04267333977174421,-0.055548692671250295,0.15375590404283396,-0.24507529988869353,0.1728779479358521,-0.16643566466801918,-0.22247011730932287,0.16157126019034956,-0.2579495634729929,-0.10668700410575643,-0.09834817514669254,-0.0820530266821997
2015-09-01,,,,,,,,,,,,,,
2015-09-02,,,,,,,,,,,,,,
2015-09-03,,,,,,,,,,,,,,
2015-09-04,,,,,,,,,,,,,,
2015-09-08,0.14945393703107115,-0.08885727295567933,0.04148285359463631,-0.05961753744749587,0.1631488231604021,-0.2325205611573997,0.17148030070955375,-0.1611197608484654,-0.22346350403207751,0.1633755673755591,0.27295293877296556,-0.10923555446354663,-0.08857444472316256,-0.07471694372798514
2015-09-09,,,,,,,,,,,,,,
2015-09-10,,,,,,,,,,,,,,
2015-09-11,,,,,,,,,,,,,,
2015-09-14,-0.14655394690826767,-0.08694537390180788,0.0401270723689979,-0.06303991078384773,0.1602599129397825,-0.23560736036782767,0.17555910499051414,-0.15902225759898156,-0.22386012031122335,0.15960549327776177,0.27767084191182106,-0.11096921525714609,-0.087224724783613,-0.07355466459840745
2015-09-15,,,,,,,,,,,,,,
2015-09-16,,,,,,,,,,,,,,
2015-09-17,,,,,,,,,,,,,,
2015-09-18,,,,,,,,,,,,,,
2015-09-21,-0.1479323701235089,-0.08332725529747492,0.03857414859762892,-0.06468757182641084,-0.1540889910713443,-0.24004747438191357,0.1784149390898867,-0.1602596993933862,-0.2280247302219851,-0.15978498006219383,-0.2726568165506089,-0.11018087758958355,-0.08731182618149062,0.07470831961258338
2015-09-22,,,,,,,,,,,,,,
2015-09-23,,,,,,,,,,,,,,
2015-09-24,,,,,,,,,,,,,,
2015-09-25,,,,,,,,,,,,,,
2015-09-28,-0.12560656470347656,0.07206843840146343,-0.03529730563601663,-0.061421396896556436,0.14623805278730248,-0.21417768925270694,0.1668473217878423,-0.14554443360065092,-0.21193537210034216,-0.15180709238561613,0.26622182559202545,0.10439894748118649,-0.07930151500190848,-0.06768086045960359
2015-09-29,,,,,,,,,,,,,,
2015-09-30,,,,,,,,,,,,,,
2015-10-01,,,,,,,,,,,,,,
2015-10-02,,,,,,,,,,,,,,
2015-10-05,0.12888528345665984,0.07360752906895014,-0.03954939898155548,-0.06326066802249211,0.16001097259140243,-0.2361327425597672,-0.18065853556652647,0.1632618887789871,0.22587969603322244,-0.1691087141591133,0.2916358719229204,0.11587820665339858,0.08192879605117911,0.07020169615382557
2015-10-06,,,,,,,,,,,,,,
2015-10-07,,,,,,,,,,,,,,
2015-10-08,,,,,,,,,,,,,,
2015-10-09,,,,,,,,,,,,,,
2015-10-12,0.12121824312423904,0.07126421653509458,0.03700891792960991,-0.06417557395341951,0.16178791198742865,-0.24309441941847723,0.1950871639318928,0.15160467852769524,0.21341009644856057,0.1660023122737814,0.303772779961587,0.11977170299406024,0.08147284974740077,0.07032913316675336
2015-10-13,,,,,,,,,,,,,,
2015-10-14,,,,,,,,,,,,,,
2015-10-15,,,,,,,,,,,,,,
2015-10-16,,,,,,,,,,,,,,
2015-10-19,0.1296735197284522,0.07253597861397876,-0.03752081466311267,-0.06559784869347593,0.16311076702339633,-0.22564617136480392,0.19276001322164643,0.14977717671831547,0.21695788692957857,0.16833552014199835,0.30329763821202793,0.12205982617967252,0.08145515280903128,0.07127168570050979
2015-10-20,,,,,,,,,,,,,,
2015-10-21,,,,,,,,,,,,,,
2015-10-22,,,,,,,,,,,,,,
2015-10-23,,,,,,,,,,,,,,
2015-10-26,0.13231618349752292,0.07354867960680442,-0.03844151386415992,-0.06135740475454401,-0.1567478294050313,0.2318926956693778,-0.19237875792869044,0.15483581181908354,0.21665952706292912,-0.16332960017087228,0.301976548805953,0.12401853898610112,0.08221423771797734,0.07028267071095308
2015-10-27,,,,,,,,,,,,,,
2015-10-28,,,,,,,,,,,,,,
2015-10-29,,,,,,,,,,,,,,
2015-10-30,,,,,,,,,,,,,,
2015-11-02,-0.12367284898756677,-0.06818763528745449,-0.03561514276248858,-0.05650681473120534,-0.14737687521235768,0.2124286973848887,-0.17896184374177337,0.14477173279795785,-0.20056204532373795,-0.15454252042064803,-0.28171371394533057,-0.11601698911421603,0.07668679757069574,0.06586149545384563
2015-11-03,,,,,,,,,,,,,,
2015-11-04,,,,,,,,,,,,,,
2015-11-05,,,,,,,,,,,,,,
2015-11-06,,,,,,,,,,,,,,
2015-11-09,-0.09814044732029256,-0.05703126146555117,-0.029165181865532765,-0.04437877491951975,-0.11825727008743775,-0.1665771356121767,-0.14416470155342864,-0.12045881156340141,-0.16839123703334077,-0.12579231411768227,-0.23965986070722406,-0.10026808238881917,0.06406448045361211,0.05536829594415776
2015-11-10,,,,,,,,,,,,,,
2015-11-11,,,,,,,,,,,,,,
2015-11-12,,,,,,,,,,,,,,
2015-11-13,,,,,,,,,,,,,,
2015-11-16,-0.10255892308636208,-0.06002283416598867,-0.029217471158417132,-0.0457124420237746,-0.12152260077980144,-0.17037841973178813,-0.14763836968345212,-0.12271527035634933,-0.17956616339017517,-0.13146266311694724,-0.2426279479221505,-0.10238785028357403,0.06374121098278202,0.055238108469175075
2015-11-17,,,,,,,,,,,,,,
2015-11-18,,,,,,,,,,,,,,
2015-11-19,,,,,,,,,,,,,,
2015-11-20,,,,,,,,,,,,,,
2015-11-23,-0.10377641834072303,-0.0629759866227258,-0.029592865453936714,-0.042820269268260026,-0.13412814727978423,-0.16476237874382407,-0.19489574174180774,-0.12342103242448062,-0.18220157097117065,-0.14544007581619184,-0.24864275120214058,-0.10384844558546143,0.07256853212149518,0.06244188259838759
2015-11-24,,,,,,,,,,,,,,
2015-11-25,,,,,,,,,,,,,,
2015-11-27,,,,,,,,,,,,,,
2015-11-30,-0.11629938860639842,-0.07481058675064814,-0.04015775696918926,-0.0478070841601696,-0.1569824561124778,-0.19458367379730365,-0.2312160027157225,0.13666329829058865,-0.20529939769507902,-0.17398155856649353,-0.2855261059461915,-0.1222087325430339,0.09223459459332604,0.0811986524370273
2015-12-01,,,,,,,,,,,,,,
2015-12-02,,,,,,,,,,,,,,
2015-12-03,,,,,,,,,,,,,,
2015-12-04,,,,,,,,,,,,,,
2015-12-07,-0.10946034155077534,-0.07399506451577902,-0.04178130070700274,-0.049467747048019844,0.1380603512713555,-0.19979014113803426,-0.27231226288999083,0.14926563368731957,-0.21415857218549578,0.15507713448899962,0.2769713642685701,0.11794530788840359,-0.10708521008798841,-0.09462956827226526
2015-12-08,,,,,,,,,,,,,,
2015-12-09,,,,,,,,,,,,,,
2015-12-10,,,,,,,,,,,,,,
2015-12-11,,,,,,,,,,,,,,
2015-12-14,-0.11272876896115383,-0.07582773765573723,-0.04426500219016514,-0.050883496464161966,0.14028521973357705,-0.19822742999498338,0.25384602519918426,0.14858209474268025,-0.21448829382107149,0.15747094277199392,0.2774497755305868,0.12273508768854362,0.10892612531002029,0.09428399993614069
2015-12-15,,,,,,,,,,,,,,
2015-12-16,,,,,,,,,,,,,,
2015-12-17,,,,,,,,,,,,,,
2015-12-18,,,,,,,,,,,,,,
2015-12-21,0.1068575543756281,0.0731669499631323,-0.046921198803978256,-0.044018386467645436,0.146641577769839,-0.20571215265980944,0.2361854454601645,-0.14504041642161153,-0.20877811997577145,0.16255441488632594,0.2950563320804998,0.13262481010358346,-0.10515812654244411,-0.09128451448956675
2015-12-22,,,,,,,,,,,,,,
2015-12-23,,,,,,,,,,,,,,
2015-12-24,,,,,,,,,,,,,,
2015-12-28,0.11032991800140976,-0.0739135581043866,-0.04463864046238046,-0.03725786744404889,0.14483814688491933,-0.20300794549134685,0.23553071094545935,0.14857375311808246,-0.20513891431957434,0.16182849160622703,-0.2956760670031775,0.13521459008526823,-0.1082151373362265,-0.09583625919749272
2015-12-29,,,,,,,,,,,,,,
2015-12-30,,,,,,,,,,,,,,
2015-12-31,,,,,,,,,,,,,,
2016-01-04,0.1143398572847217,-0.08301522555980118,-0.0440724632428168,-0.03712234465220383,-0.1455898095482346,-0.20314812071842162,0.23354429449995046,-0.14354448427185246,-0.20933983710318427,-0.1566942217452311,0.2953498669259502,0.13088179499413102,-0.1086816214973679,-0.0946760579561327
2016-01-05,,,,,,,,,,,,,,
2016-01-06,,,,,,,,,,,,,,
2016-01-07,,,,,,,,,,,,,,
2016-01-08,,,,,,,,,,,,,,
2016-01-11,0.11360354645378123,-0.08557692604591069,-0.04418096387345139,0.035266765795244404,-0.14341159638564852,-0.20778068289412271,0.2280598577235043,-0.14644582000243558,-0.21981759636743475,-0.15473013517994136,0.2946721744528127,0.13083879968115153,-0.10577221007984071,-0.08984292506471968
2016-01-12,,,,,,,,,,,,,,
2016-01-13,,,,,,,,,,,,,,
2016-01-14,,,,,,,,,,,,,,
2016-01-15,,,,,,,,,,,,,,
2016-01-19,0.11308363283686132,0.08109399878995006,-0.0431195586331098,0.03371130793853824,0.14517977245330155,-0.2133712348057445,0.22723445334153364,-0.1426472894207914,-0.22180624272987076,-0.1560797689715576,0.2905152401493047,0.12228143241428852,-0.09655625554519014,-0.078388906145335
2016-01-20,,,,,,,,,,,,,,
2016-01-21,,,,,,,,,,,,,,
2016-01-22,,,,,,,,,,,,,,
2016-01-25,0.11255631196394876,-0.08228120482998015,-0.036501676744429355,0.03439101831409968,-0.1552193026934439,-0.21425115966041486,0.217579020031543,-0.14012282885923685,-0.20529516955819044,-0.16254995767983452,0.2915423847201705,0.12365780442352578,-0.09490521373170127,-0.07772477374633728
2016-01-26,,,,,,,,,,,,,,
2016-01-27,,,,,,,,,,,,,,
2016-01-28,,,,,,,,,,,,,,
2016-01-29,,,,,,,,,,,,,,
2016-02-01,0.11525484794520621,0.08615313210004502,-0.03596116837516999,-0.03471372092154677,0.16419513862293963,-0.19684407723178024,-0.21159835798496937,-0.14838820425507743,-0.20371688511485295,-0.170491853790035,0.32281806307807437,0.13497316246169122,-0.09505297021757268,-0.07983841790103938
2016-02-02,,,,,,,,,,,,,,
2016-02-03,,,,,,,,,,,,,,
2016-02-04,,,,,,,,,,,,,,
2016-02-05,,,,,,,,,,,,,,
2016-02-08,0.11521849944112095,0.08363163582549925,-0.033987297458203364,-0.03487808514998712,0.15883912759197671,-0.20016134925475362,0.1847642517205795,0.14007359162075014,0.18694645752525738,0.16268966593340056,0.3141077330261861,0.12773038376155668,-0.09358871534566489,-0.07672836722259727
2016-02-09,,,,,,,,,,,,,,
2016-02-10,,,,,,,,,,,,,,
2016-02-11,,,,,,,,,,,,,,
2016-02-12,,,,,,,,,,,,,,
2016-02-16,0.10122692418481358,0.08274304217590896,-0.03433183310470313,-0.03613995471665138,0.164633857495786,0.20403802667046386,0.18257979763471313,0.1506989406225437,0.19590479929779253,0.1618770347464466,0.31935852516173696,0.1300432989348699,0.09369944418519077,-0.07755677810039353
2016-02-17,,,,,,,,,,,,,,
2016-02-18,,,,,,,,,,,,,,
2016-02-19,,,,,,,,,,,,,,
2016-02-22,0.102139946229796,0.08552750376781051,-0.03504084660735765,-0.037633295867274145,0.17235289625273406,-0.20522549686745065,0.19307104836257413,0.15347846707561505,0.19633098383343361,0.17044814963688262,0.33295476487016673,0.13485193188248432,0.09924746850086222,-0.08169720024555835
2016-02-23,,,,,,,,,,,,,,
2016-02-24,,,,,,,,,,,,,,
2016-02-25,,,,,,,,,,,,,,
2016-02-26,,,,,,,,,,,,,,
2016-02-29,0.09177486209244054,0.07457496293815742,-0.031010400959845495,-0.03379910943011749,0.15630125426368893,-0.18175192919010458,0.16544564955948934,0.1395492876125689,0.17227533154394173,0.15416557447009246,0.29459094181942524,0.12044339234024384,-0.08784984551687498,-0.07251660769279238
2016-03-01,,,,,,,,,,,,,,
2016-03-02,,,,,,,,,,,,,,
2016-03-03,,,,,,,,,,,,,,
2016-03-04,,,,,,,,,,,,,,
2016-03-07,0.10117973587119478,0.0797849996749636,0.032948543274171654,-0.03580140954361363,-0.20514172946209774,-0.20107713903648722,0.1756771124590604,0.14845905728692246,0.1837045449390743,-0.195534926652202,-0.3313635916195805,0.1383359002223547,0.09418119959333303,0.07681011036494405
2016-03-08,,,,,,,,,,,,,,
2016-03-09,,,,,,,,,,,,,,
2016-03-10,,,,,,,,,,,,,,
2016-03-11,,,,,,,,,,,,,,
2016-03-14,-0.0664688092696002,-0.05405059371352693,0.021784714116105473,-0.024145237893047275,-0.13561054895548555,-0.13639226105685284,-0.1189481814793791,0.09779418502926017,0.11798802586736368,-0.13056713694500902,-0.21509634041965234,-0.09090863850770715,0.06340478964157337,0.05206993225385678
2016-03-15,,,,,,,,,,,,,,
2016-03-16,,,,,,,,,,,,,,
2016-03-17,,,,,,,,,,,,,,
2016-03-18,,,,,,,,,,,,,,
2016-03-21,0.08518686908448134,0.0717068183824746,0.027054084464094304,-0.03059679366677699,0.16784701653950634,0.15821366245247728,0.1487254459570588,0.12430037079525094,0.14129677642255994,0.16067809276986725,-0.2895950780755563,-0.120132875000994,0.0831590718270525,0.06739714808861652
2016-03-22,,,,,,,,,,,,,,
2016-03-23,,,,,,,,,,,,,,
2016-03-24,,,,,,,,,,,,,,
2016-03-28,-0.08037061975457661,0.06601249389008121,0.026102131514103278,0.0302452963417703,0.1622029176257994,0.1463036980156865,0.1432953471019885,0.11726627086811281,0.1319723735717726,0.15514921130286108,-0.27877569256621265,-0.11624715892161115,0.08266382999531917,0.0660920640600342
2016-03-29,,,,,,,,,,,,,,
2016-03-30,,,,,,,,,,,,,,
2016-03-31,,,,,,,,,,,,,,
2016-04-01,,,,,,,,,,,,,,
2016-04-04,-0.09798277359200346,-0.08246164235162987,-0.03272279442030566,0.041430630532135485,0.20180350018461338,0.178452928696567,0.17716910319776985,0.1426357709865219,0.1629406439074876,0.20338017123492497,0.3451964170338324,0.1470353822166961,0.10402351585348181,0.08276472579203058
2016-04-05,,,,,,,,,,,,,,
2016-04-06,,,,,,,,,,,,,,
2016-04-07,,,,,,,,,,,,,,
2016-04-08,,,,,,,,,,,,,,
2016-04-11,0.09691173100228545,0.08001149628001078,0.031868902861203925,0.0404580342756045,0.21174506862377868,-0.17262444948091393,0.17176526524474364,0.14311094244722222,0.1597672731725563,0.2133340432228207,0.34203604701906526,0.14312870747334977,0.10789078861580997,0.08534725028063507
2016-04-12,,,,,,,,,,,,,,
2016-04-13,,,,,,,,,,,,,,
2016-04-14,,,,,,,,,,,,,,
2016-04-15,,,,,,,,,,,,,,
2016-04-18,-0.09528616019564577,0.08063089532678966,-0.03194030587117142,-0.04024543160289549,0.20483431484622647,-0.17219406940785695,0.16575499419408768,0.14425553737304367,0.16005953612469076,0.2044030881843296,0.34046423033758866,0.1495064101340097,0.1160957657722857,0.09432926062937869
2016-04-19,,,,,,,,,,,,,,
2016-04-20,,,,,,,,,,,,,,
2016-04-21,,,,,,,,,,,,,,
2016-04-22,,,,,,,,,,,,,,
2016-04-25,0.09061376821182426,0.0732031931356086,0.03399936616039523,0.03655444360357826,0.19694947894878953,0.1628950335109998,0.15391779755877028,0.1408820030695016,0.15845139188604668,-0.19291206099376462,0.3287849150516212,-0.14351636482052138,0.11962242836998979,0.09437327634457184
2016-04-26,,,,,,,,,,,,,,
2016-04-27,,,,,,,,,,,,,,
2016-04-28,,,,,,,,,,,,,,
2016-04-29,,,,,,,,,,,,,,
2016-05-02,0.08287714617951251,0.06703893775716105,0.03378856683356387,-0.035064480732286574,0.18583988838628399,0.16165076860555969,0.12787138831761322,0.12391353986664476,0.15098455510942,0.18230060354496405,-0.30136993794184713,-0.13049989949696542,0.11841614693913576,-0.0928158074032715
2016-05-03,,,,,,,,,,,,,,
2016-05-04,,,,,,,,,,,,,,
2016-05-05,,,,,,,,,,,,,,
2016-05-06,,,,,,,,,,,,,,
2016-05-09,0.0875230426809049,0.07059893478572234,0.039815176454290654,0.03881675125178538,-0.2164523998003888,0.17428349740392438,-0.14124230579406907,-0.13002227439656341,-0.16260900135739773,-0.20129548789176785,-0.3331090783839547,-0.15134010913750376,0.1393710476752018,-0.11352089298652518
2016-05-10,,,,,,,,,,,,,,
2016-05-11,,,,,,,,,,,,,,
2016-05-12,,,,,,,,,,,,,,
2016-05-13,,,,,,,,,,,,,,
2016-05-16,0.09662673356499896,0.06990799245809269,0.039510066810304084,-0.036930872213787186,0.21807884388929136,0.17442209650611573,-0.13903959649522946,-0.12220300229194644,-0.15404618276769994,-0.21306905641767263,0.3333235656158492,0.15158151286592786,-0.14062640857353864,-0.11063406952954587
2016-05-17,,,,,,,,,,,,,,
2016-05-18,,,,,,,,,,,,,,
2016-05-19,,,,,,,,,,,,,,
2016-05-20,,,,,,,,,,,,,,
2016-05-23,0.1007922383303951,-0.06697688466691844,0.042151857039207534,-0.03722377589333963,-0.2171976550374935,0.17838038318909344,0.1343309685566572,-0.12136347762833401,-0.15276609787970188,-0.21643295236397558,0.31798057337026825,0.14821632791414813,-0.14834168168288409,-0.11784512644758308
2016-05-24,,,,,,,,,,,,,,
2016-05-25,,,,,,,,,,,,,,
2016-05-26,,,,,,,,,,,,,,
2016-05-27,,,,,,,,,,,,,,
2016-05-31,-0.09684986206292734,-0.0662222292553584,0.04112979717480778,0.03648972387905302,-0.21048848254992653,-0.16803503946694143,-0.13526249305087823,-0.11975286617024468,-0.149027360679478,-0.2098591012784852,0.32898498627979905,0.15371380546696822,0.15877053622688883,0.125413716458243
2016-06-01,,,,,,,,,,,,,,
2016-06-02,,,,,,,,,,,,,,
2016-06-03,,,,,,,,,,,,,,
2016-06-06,-0.09786346231920273,-0.06892578732601849,0.0449004921629383,0.038532295029380825,-0.1983626981769961,0.17715316107529766,-0.13025145076071037,0.12496031079389323,0.14933079183261758,0.20012126852932038,0.3211991300011904,0.1529816805453687,0.1647255877560752,0.13069188369099027
2016-06-07,,,,,,,,,,,,,,
2016-06-08,,,,,,,,,,,,,,
2016-06-09,,,,,,,,,,,,,,
2016-06-10,,,,,,,,,,,,,,
2016-06-13,0.09865108152672078,0.06530907317694426,0.046642970186862455,0.03657830417329735,-0.20310787370506336,-0.16455448673688278,0.1282945718946798,0.12308773826118215,0.15367776905026673,0.2020210735786508,0.3271161657134847,0.15437555453015483,0.16700088024560564,0.1295824572202043
2016-06-14,,,,,,,,,,,,,,
2016-06-15,,,,,,,,,,,,,,
2016-06-16,,,,,,,,,,,,,,
2016-06-17,,,,,,,,,,,,,,
2016-06-20,0.09486218751836367,0.061711973112542375,0.044166005040755914,0.035622297414734126,0.19843747833454772,0.14755946051994795,0.12065633817847786,0.12049590350135544,0.15755435426392492,0.202928482386365,0.30743431666716914,0.14285491701746328,0.15853381681820478,0.12106671000297625
2016-06-21,,,,,,,,,,,,,,
2016-06-22,,,,,,,,,,,,,,
2016-06-23,,,,,,,,,,,,,,
2016-06-24,,,,,,,,,,,,,,
2016-06-27,0.07870623932048029,0.06079037947872477,-0.04117440056074702,0.034246665746815924,-0.15227161886921697,-0.07019696881995623,0.0981957238313505,0.10866168486710821,-0.14685692700587413,0.18245799562708745,0.24981535231814073,0.11266285309193298,-0.11393123265382081,-0.09375265055115102
2016-06-28,,,,,,,,,,,,,,
2016-06-29,,,,,,,,,,,,,,
2016-06-30,,,,,,,,,,,,,,
2016-07-01,,,,,,,,,,,,,,
2016-07-05,0.07666402797185284,0.05479671609517937,-0.0386165554725438,0.03071390138085786,-0.14522680388712586,-0.06659834128331178,0.09428886297596843,0.10564831872395568,-0.14294598934787858,-0.17633814700605632,0.23806668867494357,0.1077269252371758,-0.10196316637240976,-0.08513884907728007
2016-07-06,,,,,,,,,,,,,,
2016-07-07,,,,,,,,,,,,,,
2016-07-08,,,,,,,,,,,,,,
2016-07-11,0.10543687666944086,0.07445026107694293,-0.055274276166639574,0.043358849884026336,-0.1967179310189631,-0.0907361805423133,0.12283206531010682,0.14605319937882172,-0.20037855552315723,-0.2374326370934056,0.3225698276894599,0.14858050317984028,0.13910416821759922,0.11707466824928343
2016-07-12,,,,,,,,,,,,,,
2016-07-13,,,,,,,,,,,,,,
2016-07-14,,,,,,,,,,,,,,
2016-07-15,,,,,,,,,,,,,,
2016-07-18,0.10565295261790976,0.07428597796891123,-0.05326254770630998,0.045874410869882774,-0.20117472386768023,-0.08834837330748321,-0.11937471922513608,0.14719360150200012,-0.20435216328156602,-0.24360440499719496,0.31592138628323546,0.13975701902896193,0.14206660237591925,0.11913111696780908
2016-07-19,,,,,,,,,,,,,,
2016-07-20,,,,,,,,,,,,,,
2016-07-21,,,,,,,,,,,,,,
2016-07-22,,,,,,,,,,,,,,
2016-07-25,-0.10315163773841943,0.07324274655801238,-0.05284044253317304,0.04746660596520644,-0.20078575038623175,-0.08655516545211205,-0.11938031384353823,0.14442479108363068,-0.20543249421038434,-0.2530184839304303,-0.3152286336701148,0.14048970752027823,0.13958808030453873,0.11839514680392935
2016-07-26,,,,,,,,,,,,,,
2016-07-27,,,,,,,,,,,,,,
2016-07-28,,,,,,,,,,,,,,
2016-07-29,,,,,,,,,,,,,,
2016-08-01,0.10530730508178987,0.07239046706573792,-0.052928002853401816,-0.04679252112491916,0.20097168712641283,-0.0865552509559792,0.11988617299982918,0.1483755238984344,-0.20349585030722722,0.24344673299010358,-0.3168868480836889,-0.13899220788378983,0.14232360416951462,0.121647825459171
2016-08-02,,,,,,,,,,,,,,
2016-08-03,,,,,,,,,,,,,,
2016-08-04,,,,,,,,,,,,,,
2016-08-05,,,,,,,,,,,,,,
2016-08-08,-0.1053398585000964,-0.07108798794994874,-0.05150452431295027,0.04589871686828449,0.19756605494792553,0.08463195773341882,0.11760151723832395,0.16014012717287476,-0.21257252348887257,-0.24263491071842305,-0.31246543605754856,-0.13615285963337256,0.14149511498990308,0.1209084103880573
2016-08-09,,,,,,,,,,,,,,
2016-08-10,,,,,,,,,,,,,,
2016-08-11,,,,,,,,,,,,,,
2016-08-12,,,,,,,,,,,,,,
2016-08-15,0.10521705370843273,-0.0711495400150978,-0.050350073658343285,-0.04541234945307891,0.1966227103551687,-0.08434985883447499,0.11779665702416965,0.16187579324395676,0.21244824343566057,0.2426425995229555,0.3062822894807131,0.13355709854484674,0.14752751237251496,0.12476822035058592
2016-08-16,,,,,,,,,,,,,,
2016-08-17,,,,,,,,,,,,,,
2016-08-18,,,,,,,,,,,,,,
2016-08-19,,,,,,,,,,,,,,
2016-08-22,0.10699433659782717,-0.07143557857759389,0.04924881930992638,-0.04459551007383716,0.19425346567134724,-0.08361923219311931,0.11895256407780952,0.1626901831068001,0.2095123574788933,0.22973180614409477,0.3153471530857736,0.13533826811529298,0.14988724002218756,0.12839348554549754
2016-08-23,,,,,,,,,,,,,,
2016-08-24,,,,,,,,,,,,,,
2016-08-25,,,,,,,,,,,,,,
2016-08-26,,,,,,,,,,,,,,
2016-08-29,-0.10893446594777612,-0.07132330392892308,0.048875270784873345,0.045723822850313484,0.194371083699414,-0.08393861950191835,0.1177253586356588,0.16290605629039945,0.2154221946724714,-0.22315776446027633,-0.3106642320508448,0.1325805430196559,0.15207362716737172,0.13230365699010313
2016-08-30,,,,,,,,,,,,,,
2016-08-31,,,,,,,,,,,,,,
2016-09-01,,,,,,,,,,,,,,
2016-09-02,,,,,,,,,,,,,,
2016-09-06,0.0986543226982332,0.061083527887714,0.04236720488249313,-0.040785324913267945,0.18599154212735652,0.07411428225933352,0.10457562259000608,0.1498847455965019,0.1955804131515402,0.2095353793757112,0.2877016859168125,0.11970951080144472,0.1352524759267486,0.11760533719152609
2016-09-07,,,,,,,,,,,,,,
2016-09-08,,,,,,,,,,,,,,
2016-09-09,,,,,,,,,,,,,,
2016-09-12,-0.11104463880931838,-0.0684962445060088,0.04608092186770535,0.04536946809832223,0.21247034185542743,0.08304066394862371,-0.11525915844606395,-0.16511766172108158,-0.2161295324465289,0.23431019162579578,-0.31404172378903117,-0.1281628773347746,-0.1390425703429082,-0.12143400520840994
2016-09-13,,,,,,,,,,,,,,
2016-09-14,,,,,,,,,,,,,,
2016-09-15,,,,,,,,,,,,,,
2016-09-16,,,,,,,,,,,,,,
2016-09-19,-0.09354391082957393,-0.05704053221991046,-0.03948929923765038,0.03801306533299103,-0.17651929333030328,-0.06996181225996619,-0.09617198500013449,-0.13395560451741703,-0.17984632389003763,-0.1865670122348793,-0.26236479830427467,-0.10555888657624492,-0.11144400458510276,-0.09913111015589429
2016-09-20,,,,,,,,,,,,,,
2016-09-21,,,,,,,,,,,,,,
2016-09-22,,,,,,,,,,,,,,
2016-09-23,,,,,,,,,,,,,,
2016-09-26,0.12283201342040964,0.056488672140914055,-0.039678410900042226,0.03812930684279297,0.24417595063261582,-0.1263834706090604,0.10937217012754108,0.15438558718927303,-0.1914723976432614,0.2000190411459147,0.32528787732468795,-0.12370991968936101,-0.14000512721904804,0.12806005511507748
2016-09-27,,,,,,,,,,,,,,
2016-09-28,,,,,,,,,,,,,,
2016-09-29,,,,,,,,,,,,,,
2016-09-30,,,,,,,,,,,,,,
2016-10-03,-0.12403419783077536,-0.060239427730999946,0.038313153626049326,0.04147055191060018,0.24360193172573044,-0.130020003280444,0.10595385326517176,0.1493439444954802,-0.18440974795674284,0.189152109322047,0.3252604431192511,-0.12305914999585826,-0.1498341004030585,0.13530738533779124
2016-10-04,,,,,,,,,,,,,,
2016-10-05,,,,,,,,,,,,,,
2016-10-06,,,,,,,,,,,,,,
2016-10-07,,,,,,,,,,,,,,
2016-10-10,-0.10984357179688382,-0.055879466280839826,0.03981570753212448,0.040222658959741864,-0.23462622177505701,-0.13136036898771983,-0.11268944283802788,0.15796556281601026,-0.1810786544195013,-0.1833276720586008,-0.33212367172547996,-0.1254657276582767,0.15585904564863118,0.13974222750310483
2016-10-11,,,,,,,,,,,,,,
2016-10-12,,,,,,,,,,,,,,
2016-10-13,,,,,,,,,,,,,,
2016-10-14,,,,,,,,,,,,,,
2016-10-17,-0.11098614095311157,-0.05635261112956459,0.04098921997668584,0.0390994614170461,-0.2229804086849495,-0.13351891255078532,-0.11203570154028296,0.16130924222923457,0.1835991902140768,-0.18270072895009842,-0.3413489887027197,-0.12934265494243377,-0.1504401414082723,0.1352965973007387
2016-10-18,,,,,,,,,,,,,,
2016-10-19,,,,,,,,,,,,,,
2016-10-20,,,,,,,,,,,,,,
2016-10-21,,,,,,,,,,,,,,
2016-10-24,-0.11580314653391527,-0.05785396800919293,0.040865511966567104,0.039156766536391475,-0.2178754046458018,-0.13316677453254946,-0.11493736885952503,-0.15188107919697075,-0.1773034268223508,-0.1815113948365681,-0.3367920438426441,-0.12734050329758786,0.14768432680288146,0.131573794437386
2016-10-25,,,,,,,,,,,,,,
2016-10-26,,,,,,,,,,,,,,
2016-10-27,,,,,,,,,,,,,,
2016-10-28,,,,,,,,,,,,,,
2016-10-31,-0.10312131623748065,-0.051668782425016276,-0.034224540649731156,-0.03377129503568827,-0.19330140116420497,-0.1174623672221941,-0.12053646655716888,-0.13808541161197788,-0.15390430154544948,-0.16226821669188632,-0.297715407876602,-0.11240920986036143,-0.12523623421258212,-0.11106167345459009
2016-11-01,,,,,,,,,,,,,,
2016-11-02,,,,,,,,,,,,,,
2016-11-03,,,,,,,,,,,,,,
2016-11-04,,,,,,,,,,,,,,
2016-11-07,0.11772367615413261,0.06048379389136569,-0.04013232546916154,-0.03995511416164492,-0.21405634742093751,0.13211442089498912,-0.13400643113401828,0.16037420831808857,-0.18714437879561488,0.17925464151928186,-0.35588178001727006,-0.13208555984204415,-0.1310297668157966,-0.11575755556565423
2016-11-08,,,,,,,,,,,,,,
2016-11-09,,,,,,,,,,,,,,
2016-11-10,,,,,,,,,,,,,,
2016-11-11,,,,,,,,,,,,,,
2016-11-14,-0.11778188775539244,-0.057150425778924444,-0.0458050783782503,-0.038359638494841225,-0.2243859390847374,0.14224724825105484,-0.14208518146534796,-0.16177187541347504,-0.2028825400374961,-0.1960965804948157,-0.3003339348048781,-0.11222722869406337,0.1395205219598316,-0.11935191938689195
2016-11-15,,,,,,,,,,,,,,
2016-11-16,,,,,,,,,,,,,,
2016-11-17,,,,,,,,,,,,,,
2016-11-18,,,,,,,,,,,,,,
2016-11-21,-0.1168317212723928,-0.05814430653618539,-0.04371341960720586,-0.038656859234331147,-0.227468493898141,0.14402755044656063,-0.14047318123275865,-0.15768855879326138,-0.2051000960967193,-0.20515933462232983,-0.3007738305725132,-0.11092090935149426,0.13690314265252063,-0.11413859568358616
2016-11-22,,,,,,,,,,,,,,
2016-11-23,,,,,,,,,,,,,,
2016-11-25,,,,,,,,,,,,,,
2016-11-28,-0.11149753761769854,-0.05803519668379445,-0.04334791593206791,0.03736143027976012,-0.22762965449871117,0.1433560038245638,-0.1362186846958287,-0.155462056620167,-0.20204766659441462,-0.21142708173414612,-0.2994644862573937,-0.11279108770766078,0.13728492139354218,0.1142724377134254
2016-11-29,,,,,,,,,,,,,,
2016-11-30,,,,,,,,,,,,,,
2016-12-01,,,,,,,,,,,,,,
2016-12-02,,,,,,,,,,,,,,
2016-12-05,-0.11699798669230783,-0.06260550228155681,0.03865121085875299,0.036336958617438804,-0.21983059881861186,0.14383080965284892,-0.1432465898801689,-0.15905374599199312,0.2126995589781255,-0.21995470295521546,-0.2914771168208046,-0.1097959877546384,0.13692738349863748,0.108591847198899
2016-12-06,,,,,,,,,,,,,,
2016-12-07,,,,,,,,,,,,,,
2016-12-08,,,,,,,,,,,,,,
2016-12-09,,,,,,,,,,,,,,
2016-12-12,-0.11405367117284361,-0.06158516628602813,0.03954845698696717,0.034780637859224424,-0.1933919852276474,0.1433298298642189,-0.1435086467981164,-0.1666717481989567,0.2188379711048773,-0.21126253743396875,-0.2865467668713598,-0.10908322715169538,0.1592843828545003,0.11811497218959545
2016-12-13,,,,,,,,,,,,,,
2016-12-14,,,,,,,,,,,,,,
2016-12-15,,,,,,,,,,,,,,
2016-12-16,,,,,,,,,,,,,,
2016-12-19,-0.11295724861484964,-0.0602336578628423,0.04047564243253027,0.035526913265968726,-0.19265858256176627,0.15154302769735958,-0.1410920642379788,-0.16311284870117138,0.21244312865447385,-0.21352218072662035,-0.27988189319214457,-0.11031652840319459,0.16307591682725817,0.12316036682184152
2016-12-20,,,,,,,,,,,,,,
2016-12-21,,,,,,,,,,,,,,
2016-12-22,,,,,,,,,,,,,,
2016-12-23,,,,,,,,,,,,,,
2016-12-27,-0.10145607212034471,-0.05476167475067384,0.037088936390307185,0.02866941027142193,-0.16930824879164552,-0.13502659401610367,-0.13009332665914258,-0.14700095638964378,-0.19367738097404819,-0.19123005445569058,-0.2514761550633908,-0.09997854132579477,0.1522483123725789,0.11273936138769934
2016-12-28,,,,,,,,,,,,,,
2016-12-29,,,,,,,,,,,,,,
2016-12-30,,,,,,,,,,,,,,
2017-01-03,-0.11005767976094168,-0.06082946683917457,-0.04347752144768135,-0.029193323677989772,-0.17785461998173088,-0.1514986337729361,-0.1441437230449204,-0.16717165192872632,-0.22118307266209372,-0.20957086507088254,-0.27513965655370637,0.11170639493999794,0.17316876800410375,0.12500462231511453
2017-01-04,,,,,,,,,,,,,,
2017-01-05,,,,,,,,,,,,,,
2017-01-06,,,,,,,,,,,,,,
2017-01-09,0.1252569224344423,-0.07057322540625603,0.0,-0.03054942700331503,-0.1734397752838371,-0.15895995205978442,-0.1426239598655774,-0.1666215561545971,-0.22604212596930837,0.20899082981173342,0.274692346173626,0.11229294684669433,0.18142959672731912,0.12852733626350965
2017-01-10,,,,,,,,,,,,,,
2017-01-11,,,,,,,,,,,,,,
2017-01-12,,,,,,,,,,,,,,
2017-01-13,,,,,,,,,,,,,,
2017-01-17,0.11232274794376963,0.06381165708259925,0.04137434476391044,-0.02801797503967165,0.1621015864161169,-0.15175373617054685,0.12560182662290728,0.14971948017603642,0.21543081789366,0.19223099030253157,0.2499632324331007,0.10401233601854735,0.17619055769115108,0.12260173210675099
2017-01-18,,,,,,,,,,,,,,
2017-01-19,,,,,,,,,,,,,,
2017-01-20,,,,,,,,,,,,,,
2017-01-23,0.1017626618084534,0.05811987988838009,-0.037463920799953636,-0.0252402424824993,0.14536929345185431,0.1323984793898804,0.10894086806500967,0.140204633945356,0.1788805790068756,0.17236427783470218,0.21776662548251108,0.09246204417129776,0.1607139639390905,0.11261532467518995
2017-01-24,,,,,,,,,,,,,,
2017-01-25,,,,,,,,,,,,,,
2017-01-26,,,,,,,,,,,,,,
2017-01-27,,,,,,,,,,,,,,
2017-01-30,0.10199286838007078,0.0579995175591553,-0.03784162611285531,-0.025952131746397315,0.14546583914287745,0.13115825176097431,0.10530967308170579,0.144061900932106,0.17834549441222255,0.17285857050939143,0.2174619057583245,0.09298514241759968,0.15788717331148508,0.11457240371348454
2017-01-31,,,,,,,,,,,,,,
2017-02-01,,,,,,,,,,,,,,
2017-02-02,,,,,,,,,,,,,,
2017-02-03,,,,,,,,,,,,,,
2017-02-06,0.11542177149441832,0.06794661056619807,-0.04675732165465545,-0.03082954042850647,0.1710718431625908,0.15368085449814736,0.12329807396592303,0.1649674757827544,0.20171041369439505,0.22018329200856807,0.24943684193203247,-0.10844361625018836,0.19230209924709768,0.1403769324743204
2017-02-07,,,,,,,,,,,,,,
2017-02-08,,,,,,,,,,,,,,
2017-02-09,,,,,,,,,,,,,,
2017-02-10,,,,,,,,,,,,,,
2017-02-13,0.11213472995082782,0.06276873704191019,-0.043869523165284086,-0.029787197689133748,-0.1643857370998243,0.14853237541904937,0.11727627721623543,0.1636838875255601,0.19178668109252653,0.20847734479386174,-0.26586707649785335,-0.12400460109309934,0.21383222464815618,0.15359360676667752
2017-02-14,,,,,,,,,,,,,,
2017-02-15,,,,,,,,,,,,,,
2017-02-16,,,,,,,,,,,,,,
2017-02-17,,,,,,,,,,,,,,
2017-02-21,0.11754921778932848,0.07752465971483595,0.04515773899275488,-0.027646070188140793,-0.16030278632518163,-0.14441880896310583,-0.11596816815308393,0.16546394733708072,0.19177443504476532,-0.2002244888501323,-0.25968090721032494,-0.12464915497338114,0.20978315536095243,0.159856461096932
2017-02-22,,,,,,,,,,,,,,
2017-02-23,,,,,,,,,,,,,,
2017-02-24,,,,,,,,,,,,,,
2017-02-27,0.12238395576652072,0.07747974388112572,0.046080174167927666,-0.02771012432035995,-0.15956074688283972,-0.1453004343272551,0.11580511338026475,0.16913555291279353,-0.1917788818762956,-0.19892312262476652,0.2534536488909794,0.11983740721067793,0.21074396852185362,0.16180712523633986
2017-02-28,,,,,,,,,,,,,,
2017-03-01,,,,,,,,,,,,,,
2017-03-02,,,,,,,,,,,,,,
2017-03-03,,,,,,,,,,,,,,
2017-03-06,0.12334016543185745,0.06984430602130541,-0.0633089953702553,-0.028326049179065945,-0.15430570194551158,-0.1422041266988918,-0.11891091541695091,-0.16914698756098503,-0.1883386074678798,-0.19421921272718096,-0.2538493015519574,0.12010232178489914,0.19230258179447646,0.18180072704878283
2017-03-07,,,,,,,,,,,,,,
2017-03-08,,,,,,,,,,,,,,
2017-03-09,,,,,,,,,,,,,,
2017-03-10,,,,,,,,,,,,,,
2017-03-13,-0.11956569696612405,-0.06810198951519864,-0.05652023129020234,-0.02832239745312577,0.15985349667867144,-0.14366015197165097,-0.11675752004768289,-0.16222216982388069,-0.1847856050472025,-0.19932180592688337,-0.2520721020278363,-0.12019582379575774,0.20069808933873778,0.1879229201170452
2017-03-14,,,,,,,,,,,,,,
2017-03-15,,,,,,,,,,,,,,
2017-03-16,,,,,,,,,,,,,,
2017-03-17,,,,,,,,,,,,,,
2017-03-20,-0.12155313582092332,-0.07474785709290178,-0.057876971724453524,0.028295011642856024,0.16279198319672636,-0.14047022856089625,0.1200144560465348,0.15088825778898726,-0.17773412496608681,0.20108519328758298,-0.24772313354015163,-0.11869829048680258,0.20114939781875907,0.19697195802633718
2017-03-21,,,,,,,,,,,,,,
2017-03-22,,,,,,,,,,,,,,
2017-03-23,,,,,,,,,,,,,,
2017-03-24,,,,,,,,,,,,,,
2017-03-27,0.12433558259325472,-0.07517942306193953,-0.05935160629340311,0.030799550646013026,0.1632600870020872,0.14075626664319255,0.12181957373565033,-0.15526295217057534,-0.18651976467116843,0.20023481518132066,0.25262297720364923,0.12143205973509799,-0.1895243680364256,0.17890097302622227
2017-03-28,,,,,,,,,,,,,,
2017-03-29,,,,,,,,,,,,,,
2017-03-30,,,,,,,,,,,,,,
2017-03-31,,,,,,,,,,,,,,
2017-04-03,0.12619934186818588,0.0771257974653359,-0.057172946948909446,0.0315671515610326,0.1608959606312626,0.13840811011473322,0.11976725539375421,0.15413029875603254,0.18664632185312027,0.19587163389302464,0.24747626953434904,0.1175233183052361,-0.19249253053546145,0.19472306313956209
2017-04-04,,,,,,,,,,,,,,
2017-04-05,,,,,,,,,,,,,,
2017-04-06,,,,,,,,,,,,,,
2017-04-07,,,,,,,,,,,,,,
2017-04-10,0.12649472594485997,0.07392773374375998,0.055129403684772454,0.03449618757384197,-0.17200110745108008,0.13855062414835442,0.12394166562040634,-0.1485127782297914,0.18097517844078476,-0.21093087045314637,0.24135570750948723,0.11629172742634017,-0.18631698506228944,0.1910753047110851
2017-04-11,,,,,,,,,,,,,,
2017-04-12,,,,,,,,,,,,,,
2017-04-13,,,,,,,,,,,,,,
2017-04-17,0.12276443826932219,0.07384133573620537,0.059743292482252804,0.03629377036050015,-0.17311642999475496,0.13891508258707072,0.12393898565239185,-0.15437845334091613,0.18270259581650847,-0.21649375961344536,0.23923531518650903,0.11620500230310774,-0.17871750936347539,-0.18365402929353974
2017-04-18,,,,,,,,,,,,,,
2017-04-19,,,,,,,,,,,,,,
2017-04-20,,,,,,,,,,,,,,
2017-04-21,,,,,,,,,,,,,,
2017-04-24,0.12452339429090387,0.0744944552354882,0.056745142453523544,-0.03645680223362557,0.1588198020876768,0.13794758427662623,0.13931263572228555,-0.15438413723598257,-0.1998864923347244,-0.2117640080001824,0.2495840252962085,0.11877695130916524,0.16722289884543537,0.17008167067817181
2017-04-25,,,,,,,,,,,,,,
2017-04-26,,,,,,,,,,,,,,
2017-04-27,,,,,,,,,,,,,,
2017-04-28,,,,,,,,,,,,,,
2017-05-01,0.1213331553429664,-0.07106105856004874,-0.05668385435509308,-0.03633541476848145,0.15633914483533196,0.13897302969044503,-0.14455154512695667,-0.14774702211623267,-0.21116120198345545,0.21012082482758127,0.24599309651008433,0.11638550584770399,0.17157784555785213,0.17173730047776703
2017-05-02,,,,,,,,,,,,,,
2017-05-03,,,,,,,,,,,,,,
2017-05-04,,,,,,,,,,,,,,
2017-05-05,,,,,,,,,,,,,,
2017-05-08,-0.12342723235953593,-0.07283016919903808,-0.05115813576968865,-0.036895352964269525,0.15541339492691003,0.1443355142288708,-0.14734831734167708,-0.14589481989577266,-0.21527499960090551,0.19374475476264527,0.24913543138382616,0.11730187410156195,0.17386940862100503,0.173370594844293
2017-05-09,,,,,,,,,,,,,,
2017-05-10,,,,,,,,,,,,,,
2017-05-11,,,,,,,,,,,,,,
2017-05-12,,,,,,,,,,,,,,
2017-05-15,-0.1249647471269672,-0.07246276172600738,-0.049096958213197914,0.037314531946083716,0.15400938338449158,0.143542617098476,-0.14907852985903375,-0.1447575771665965,-0.21262069109537182,0.18532333488245303,-0.25461550132696414,-0.1243314184136394,0.17431605731486527,0.17356589044585186
2017-05-16,,,,,,,,,,,,,,
2017-05-17,,,,,,,,,,,,,,
2017-05-18,,,,,,,,,,,,,,
2017-05-19,,,,,,,,,,,,,,
2017-05-22,-0.1215599604720953,-0.07152734021311959,0.05093593685185,0.0452764413062208,0.15924348088484458,0.15218503639419373,-0.1444162024871033,-0.1551058777802262,0.21428241716730156,0.19055455549850095,0.26278278002717004,0.12867483549871903,0.16184559050309463,0.14160954491556013
2017-05-23,,,,,,,,,,,,,,
2017-05-24,,,,,,,,,,,,,,
2017-05-25,,,,,,,,,,,,,,
2017-05-26,,,,,,,,,,,,,,
2017-05-30,0.1212197075092157,0.0716053278574328,0.04657655634103334,-0.04406075921473386,0.15648039432598143,-0.15076021182610289,0.14559747423376643,-0.15457145293303592,0.21596145527027122,0.19278263735232262,0.26840259536230077,0.1305027149095281,0.16080264233901753,0.14067607052525788
2017-05-31,,,,,,,,,,,,,,
2017-06-01,,,,,,,,,,,,,,
2017-06-02,,,,,,,,,,,,,,
2017-06-05,0.12157496809780223,0.07660608155439474,0.04506853964883199,-0.04207368042735771,0.15780433749091355,-0.15371541808159678,0.145553416058634,0.15143385388932024,0.21279178452298497,0.1844126090263967,0.27250534238828505,0.132183600434221,0.16627236077899477,0.1380040076002666
2017-06-06,,,,,,,,,,,,,,
2017-06-07,,,,,,,,,,,,,,
2017-06-08,,,,,,,,,,,,,,
2017-06-09,,,,,,,,,,,,,,
2017-06-12,0.12029219099326238,0.07916065804395248,-0.04626299601714814,-0.04413014515438016,0.1651597357005869,-0.14236316968571058,0.14482208317353418,0.15720316234616274,0.20397885723028117,0.18598510045444525,0.2834229692377294,0.13849640292416193,0.16950976564381073,0.11921276339483454
2017-06-13,,,,,,,,,,,,,,
2017-06-14,,,,,,,,,,,,,,
2017-06-15,,,,,,,,,,,,,,
2017-06-16,,,,,,,,,,,,,,
2017-06-19,-0.1228468808201164,-0.0808530411847977,-0.04327285165781462,-0.042412727504027206,-0.1619538577824482,-0.14256716903481886,-0.1393541105672408,0.1725868134545486,0.21134033509397887,-0.18703355364962454,0.289195330540282,0.1335840670441531,0.16444803557131868,0.10855122609483098
2017-06-20,,,,,,,,,,,,,,
2017-06-21,,,,,,,,,,,,,,
2017-06-22,,,,,,,,,,,,,,
2017-06-23,,,,,,,,,,,,,,
2017-06-26,-0.1213341577336052,-0.08317241685629477,-0.04187106901165418,-0.04128330630012027,0.1624997642491494,-0.14334172089747968,-0.14089324623334992,0.1736433229883976,0.20119613980774767,0.18741773858756625,0.28994957864306886,0.1324387381233189,0.1716156210081247,-0.10934317956012224
2017-06-27,,,,,,,,,,,,,,
2017-06-28,,,,,,,,,,,,,,
2017-06-29,,,,,,,,,,,,,,
2017-06-30,,,,,,,,,,,,,,
2017-07-03,-0.12106766461252816,-0.0804961497111115,-0.0427916031787393,-0.04330079396753953,0.16005629656068812,0.14617562637125955,-0.14765235240941926,0.17773114073277999,0.19843457789213387,0.18285669316219635,-0.2970204093112939,-0.13740361541732043,-0.16654519386159575,-0.0984678828113941
2017-07-05,,,,,,,,,,,,,,
2017-07-06,,,,,,,,,,,,,,
2017-07-07,,,,,,,,,,,,,,
2017-07-10,-0.11999838346718407,-0.07736101024781604,-0.042073600258172486,-0.04394808467210987,0.16208265829859103,0.14932247575316454,-0.1480115607332123,0.18054601075475046,0.19712926978258222,0.1834511728639275,-0.30208578011717135,-0.13676426783326687,0.1614113472473627,-0.09581437797068795
2017-07-11,,,,,,,,,,,,,,
2017-07-12,,,,,,,,,,,,,,
2017-07-13,,,,,,,,,,,,,,
2017-07-14,,,,,,,,,,,,,,
2017-07-17,-0.12526445761021998,-0.07710661207940356,0.04167829734516841,-0.04279209885335055,0.1613490141801838,0.14478769210088038,-0.15318021641095866,0.16902182489934717,0.18328245616747907,0.1839073628271219,-0.31531918349901167,-0.13934540905502465,0.1670039562314636,0.09596141874038677
2017-07-18,,,,,,,,,,,,,,
2017-07-19,,,,,,,,,,,,,,
2017-07-20,,,,,,,,,,,,,,
2017-07-21,,,,,,,,,,,,,,
2017-07-24,-0.12194884221773498,-0.07347885585868534,0.04067999901753104,-0.04062493592144203,0.16413747378380442,0.16402101853569648,0.1487787328164038,0.15631458227274878,0.18549533609441252,0.17701623713535633,-0.31997544474601225,-0.13996092797754398,0.17311194608381955,0.09445566753880855
2017-07-25,,,,,,,,,,,,,,
2017-07-26,,,,,,,,,,,,,,
2017-07-27,,,,,,,,,,,,,,
2017-07-28,,,,,,,,,,,,,,
2017-07-31,0.12582885431297036,0.07749505469620914,0.0398830395233193,-0.04004754041798718,0.1621739760641104,0.16420728553517505,0.15274719254026844,0.1618537512317734,0.17792838863215066,-0.16219374717092064,0.3203680150461268,-0.14227376246728846,0.17714561521691954,0.0958537771447804
2017-08-01,,,,,,,,,,,,,,
2017-08-02,,,,,,,,,,,,,,
2017-08-03,,,,,,,,,,,,,,
2017-08-04,,,,,,,,,,,,,,
2017-08-07,0.13159123946633308,0.07696411445336351,0.041891582662908274,-0.04072756474787669,0.1612201908160473,0.16146288665226405,0.1505742744828197,0.17202514219446965,0.1736796433417373,-0.16795941436116846,0.3155772900149484,0.1361054394282458,0.1756723735857013,0.09454884379211681
2017-08-08,,,,,,,,,,,,,,
2017-08-09,,,,,,,,,,,,,,
2017-08-10,,,,,,,,,,,,,,
2017-08-11,,,,,,,,,,,,,,
2017-08-14,0.12846321291464488,0.07390583131717819,0.04287988347552026,-0.0413190308229111,0.16568072281677781,-0.16367742670214938,0.15388259324589712,0.17600687492272973,-0.17675591388234235,-0.16546106733916555,0.32437871158444487,0.13645651899508676,0.16171596778731698,0.08941624419383516
2017-08-15,,,,,,,,,,,,,,
2017-08-16,,,,,,,,,,,,,,
2017-08-17,,,,,,,,,,,,,,
2017-08-18,,,,,,,,,,,,,,
2017-08-21,0.13364224436298877,0.07068021377970211,0.040163700559434995,0.04150542376278329,0.1693592540480239,-0.1597165994941874,0.1653204439407253,0.1575903455588528,-0.1650259455336056,-0.1680779076503479,0.334856128062803,0.1374844002652547,-0.16573626202295982,-0.09084113095833014
2017-08-22,,,,,,,,,,,,,,
2017-08-23,,,,,,,,,,,,,,
2017-08-24,,,,,,,,,,,,,,
2017-08-25,,,,,,,,,,,,,,
2017-08-28,0.13036388591555576,0.0692579927440094,-0.04304266527662188,0.04403252339267207,0.1643164222416439,-0.1639688077386754,0.16563612238298955,-0.1595190912261117,-0.17107887612098807,0.1613543078169151,0.3364901094647094,0.1393574799231721,-0.16151578343959513,-0.09006593231634086
2017-08-29,,,,,,,,,,,,,,
2017-08-30,,,,,,,,,,,,,,
2017-08-31,,,,,,,,,,,,,,
2017-09-01,,,,,,,,,,,,,,
2017-09-05,0.13132055172008228,0.07073775507370476,-0.04360439947164977,0.044293723897136615,0.16600968655483922,0.1658455480417022,0.16690855679753414,0.1692616258830709,0.16308075301888122,0.15744966526245172,0.3286454631028482,0.1386453024372484,-0.16377596866524757,0.0904210000736029
2017-09-06,,,,,,,,,,,,,,
2017-09-07,,,,,,,,,,,,,,
2017-09-08,,,,,,,,,,,,,,
2017-09-11,0.13016343482997933,0.0730812348406119,-0.04653039730080144,-0.04444940725222322,0.16627666076620276,0.18897013693356565,-0.15356104489034417,0.1714736630987607,0.16390593240017504,0.15287562344790123,0.31531726486640926,0.13382143282901307,0.16174861401387863,0.0978251525301336
2017-09-12,,,,,,,,,,,,,,
2017-09-13,,,,,,,,,,,,,,
2017-09-14,,,,,,,,,,,,,,
2017-09-15,,,,,,,,,,,,,,
2017-09-18,0.1286822594337363,0.0715725209787598,0.0487554680549876,0.0465595782784748,0.16966820896070012,0.15987926993312251,-0.15880361835663714,0.17435827396694578,0.16007411044929337,0.15206924286433726,-0.3211612878494519,-0.13893687809035246,0.16698417191053191,0.10249511087266877
2017-09-19,,,,,,,,,,,,,,
2017-09-20,,,,,,,,,,,,,,
2017-09-21,,,,,,,,,,,,,,
2017-09-22,,,,,,,,,,,,,,
2017-09-25,0.12719337399680988,0.07188148096354897,0.050058825391991,0.04680627307630362,-0.1629776178682998,0.1617638379870592,-0.15837780015845015,-0.16559014510239783,0.16399071910176088,-0.15196578476928108,-0.32123824931056966,-0.14251872940402693,0.17149845543480413,0.10413870743469669
2017-09-26,,,,,,,,,,,,,,
2017-09-27,,,,,,,,,,,,,,
2017-09-28,,,,,,,,,,,,,,
2017-09-29,,,,,,,,,,,,,,
2017-10-02,-0.12372584353677511,-0.07150687348706819,0.04959589470662151,-0.044447468198514875,-0.1671418964972863,0.15887439936965905,-0.15528275874339895,-0.16094355172915023,-0.15837639828057395,-0.15489630310439512,-0.3234820016131187,-0.13723896668230898,0.1795909196877757,-0.11489672436335305
2017-10-03,,,,,,,,,,,,,,
2017-10-04,,,,,,,,,,,,,,
2017-10-05,,,,,,,,,,,,,,
2017-10-06,,,,,,,,,,,,,,
2017-10-09,-0.11936882460911134,-0.07271897082346537,0.049482377510400445,-0.04681907290190465,-0.16316440344022962,-0.1475583882127764,-0.15122661904778487,-0.153513927226668,-0.15137421087756409,-0.14991235300218883,-0.3126970050108049,-0.13444085844116346,0.17985894462811855,0.11475798166663535
2017-10-10,,,,,,,,,,,,,,
2017-10-11,,,,,,,,,,,,,,
2017-10-12,,,,,,,,,,,,,,
2017-10-13,,,,,,,,,,,,,,
2017-10-16,-0.11776344434775533,-0.07292831326788682,0.04797715861011287,-0.045272464075555026,-0.16229355348069102,-0.15246624989540986,-0.1524183889787544,-0.17295597971997156,-0.16010244401260867,-0.1503208243222204,-0.31189413500104285,-0.135653047147357,0.18138501176426597,0.11684012912573442
2017-10-17,,,,,,,,,,,,,,
2017-10-18,,,,,,,,,,,,,,
2017-10-19,,,,,,,,,,,,,,
2017-10-20,,,,,,,,,,,,,,
2017-10-23,-0.11341302581175258,-0.06958072113310072,-0.05042674767942532,-0.04586391445969871,-0.1621110848945822,-0.14776155037940186,-0.14763274962369624,-0.1680745892398094,-0.14955579216186451,-0.14580414622095375,-0.3083176434087569,-0.1339577650350935,0.17601590103901466,0.11357459767780005
2017-10-24,,,,,,,,,,,,,,
2017-10-25,,,,,,,,,,,,,,
2017-10-26,,,,,,,,,,,,,,
2017-10-27,,,,,,,,,,,,,,
2017-10-30,0.11938743215053431,0.07365544012653594,0.05315827749783238,-0.049841452238594,-0.16659332967974594,-0.1493905690317989,-0.15694477276498295,-0.1721234590775649,-0.1631133156892059,-0.15751321407187738,-0.318009530271204,0.1374991218405709,0.17746777427746235,0.10530231128209035
2017-10-31,,,,,,,,,,,,,,
2017-11-01,,,,,,,,,,,,,,
2017-11-02,,,,,,,,,,,,,,
2017-11-03,,,,,,,,,,,,,,
2017-11-06,-0.11906990966624834,0.07112585930467528,0.05199492195141344,0.046290254559979385,-0.17178264759768613,0.14251836579317786,-0.16177404015152047,-0.16374515221710476,-0.16094465978809816,-0.1569249595160666,0.32600174065321225,0.143255881922489,0.17925174787297038,0.10531985900535791
2017-11-07,,,,,,,,,,,,,,
2017-11-08,,,,,,,,,,,,,,
2017-11-09,,,,,,,,,,,,,,
2017-11-10,,,,,,,,,,,,,,
2017-11-13,-0.11996225485126695,-0.07403496639231412,0.05299193796163681,0.04589098161736405,-0.16756686076550953,-0.13859219390514171,-0.16429426144758055,-0.15680206649211795,-0.15490108091299878,-0.1629303900025588,-0.3167722275361471,-0.1340768109008567,0.19837453726693519,0.11280942994757166
2017-11-14,,,,,,,,,,,,,,
2017-11-15,,,,,,,,,,,,,,
2017-11-16,,,,,,,,,,,,,,
2017-11-17,,,,,,,,,,,,,,
2017-11-20,-0.11257245852420791,-0.07261001360579239,0.054194089588461676,-0.04412821236604596,-0.15862808194179318,0.1361007314710999,0.15809742105838487,-0.1668252654472592,-0.15988929706029556,-0.15867575378516435,0.30652516113511336,0.12439912388357897,0.22731242078990055,0.1200419693429019
2017-11-21,,,,,,,,,,,,,,
2017-11-22,,,,,,,,,,,,,,
2017-11-24,,,,,,,,,,,,,,
2017-11-27,0.11654139011623867,0.07598673244738591,0.054800234971708155,-0.04123196317139422,0.16084003457399415,0.1361749709791288,0.15181700164256942,-0.1660432629282569,0.15730640682830357,0.1586893233454575,0.3093947819846309,0.12563966482239583,0.22657286702358528,0.1189613651649505
2017-11-28,,,,,,,,,,,,,,
2017-11-29,,,,,,,,,,,,,,
2017-11-30,,,,,,,,,,,,,,
2017-12-01,,,,,,,,,,,,,,
2017-12-04,0.11992421549948917,-0.07460366389975787,0.0558661345895057,-0.03912717293809094,0.1615685098745021,0.13270560446230514,0.15164724153339207,-0.16868205534320416,0.15296545354110827,0.16535183652808016,-0.323915549179307,0.12568036734935806,0.21625716031460093,-0.11170503494729843
2017-12-05,,,,,,,,,,,,,,
2017-12-06,,,,,,,,,,,,,,
2017-12-07,,,,,,,,,,,,,,
2017-12-08,,,,,,,,,,,,,,
2017-12-11,-0.1172351073674566,-0.0710001981571134,0.052834316708656764,-0.03632237919265873,0.15976783102647268,0.1268149211856157,-0.16354163240125383,-0.15937643429009618,-0.15770954204517743,0.17058758510740504,0.3357356828646568,0.12589813906078176,0.2142961124762142,0.10888011811644131
2017-12-12,,,,,,,,,,,,,,
2017-12-13,,,,,,,,,,,,,,
2017-12-14,,,,,,,,,,,,,,
2017-12-15,,,,,,,,,,,,,,
2017-12-18,-0.11960174269362102,-0.07118431840018209,0.05343864164968134,-0.03584704959411842,-0.16246862000447576,0.14364036924598692,-0.16160882536927984,0.15422364544637432,-0.15507875090802475,0.17095704642474538,-0.3382381406046938,0.12431785632533694,0.20137385133856198,0.10802114199491765
2017-12-19,,,,,,,,,,,,,,
2017-12-20,,,,,,,,,,,,,,
2017-12-21,,,,,,,,,,,,,,
2017-12-22,,,,,,,,,,,,,,
2017-12-26,-0.1257911090746295,-0.07165403247268502,0.053553833815245554,-0.03530184235730086,-0.1706771938513311,0.14524830984931772,-0.16489341946210165,0.1628193979010513,0.14912900756472838,-0.17449426281511718,-0.3268975213870116,-0.11420687384145682,0.19678298552905496,0.10855021007896802
2017-12-27,,,,,,,,,,,,,,
2017-12-28,,,,,,,,,,,,,,
2017-12-29,,,,,,,,,,,,,,
2018-01-02,0.12541733042930692,0.07118394279328598,0.055826745362767674,-0.0317541505323663,0.17424758660033796,0.1491480174663837,-0.16655673574260607,0.161631475257514,0.15314931116702485,0.17211802389473782,-0.3258725413583941,-0.11425665057557255,0.1938535291960072,0.10498395962369497
2018-01-03,,,,,,,,,,,,,,
2018-01-04,,,,,,,,,,,,,,
2018-01-05,,,,,,,,,,,,,,
2018-01-08,0.126144831020242,0.07151531828959254,0.05852129551218412,0.030696731614500778,0.1694917823938624,0.15482913281415564,-0.16538877897304452,0.16586406406609944,0.15290936368819058,0.17091339081245763,-0.3266644454919362,-0.11412172784832453,0.18943237507141103,0.10350676240399871
2018-01-09,,,,,,,,,,,,,,
2018-01-10,,,,,,,,,,,,,,
2018-01-11,,,,,,,,,,,,,,
2018-01-12,,,,,,,,,,,,,,
2018-01-16,0.1289001170095978,0.07394944608578143,0.06267865039267843,0.028915154398961515,0.1623595876428009,0.15042408615196814,0.15964994348203065,0.17134900303020656,0.1548839437829234,0.16259689473070194,-0.3355344456136641,-0.11481953652788941,0.18802596318352613,0.10591322796726983
2018-01-17,,,,,,,,,,,,,,
2018-01-18,,,,,,,,,,,,,,
2018-01-19,,,,,,,,,,,,,,
2018-01-22,0.1319962019369495,0.07573551433601143,0.06412018158540214,0.028501767141292038,0.1635893339885638,0.1507219407773421,0.16048252301082158,0.1739072931062261,0.15513237467668886,0.16498328764396253,-0.3337282403123159,-0.11431704345448995,0.17806380826831486,0.10472048976161913
2018-01-23,,,,,,,,,,,,,,
2018-01-24,,,,,,,,,,,,,,
2018-01-25,,,,,,,,,,,,,,
2018-01-26,,,,,,,,,,,,,,
2018-01-29,0.12957836212539106,0.07021713697817819,0.06178091792047118,0.027937676715843764,0.17744782408228307,0.14669518458674993,0.158025056812642,0.17723553240031764,0.16737592932715017,0.1622944704646752,-0.33257275699775257,-0.11504686014634542,0.17194061700644145,0.10185167443575824
2018-01-30,,,,,,,,,,,,,,
2018-01-31,,,,,,,,,,,,,,
2018-02-01,,,,,,,,,,,,,,
2018-02-02,,,,,,,,,,,,,,
2018-02-05,0.13589076272705947,-0.07303044653850686,0.06474876425543097,0.029117506621237747,0.19146318186230651,0.1605740455285577,0.1708645215906309,0.1769522572155103,-0.17263024534027627,0.17838674684603048,-0.32631592783934327,-0.12086104357499278,-0.1068728641833182,-0.09229168587679859
2018-02-06,,,,,,,,,,,,,,
2018-02-07,,,,,,,,,,,,,,
2018-02-08,,,,,,,,,,,,,,
2018-02-09,,,,,,,,,,,,,,
2018-02-12,-0.13912734111011174,-0.07844231747342804,-0.06467205766257599,-0.030537130715718192,0.1920273720722593,0.1658191135994024,0.17415215098118209,-0.18291679614360343,-0.18135085801658127,0.17682195495905495,-0.3305698329222296,-0.12269616151054469,-0.08665678094545333,-0.074210131887855
2018-02-13,,,,,,,,,,,,,,
2018-02-14,,,,,,,,,,,,,,
2018-02-15,,,,,,,,,,,,,,
2018-02-16,,,,,,,,,,,,,,
2018-02-20,-0.13118325639102438,-0.0782269571187307,-0.06608030472096066,-0.03134208839469086,0.19002419508032217,0.16579868664162548,0.1665673354591573,-0.18517885576192428,-0.17929995396100198,0.1722681153021719,-0.3403215898552801,-0.13240175675294277,-0.08721861698020199,-0.07408828757996509
2018-02-21,,,,,,,,,,,,,,
2018-02-22,,,,,,,,,,,,,,
2018-02-23,,,,,,,,,,,,,,
2018-02-26,-0.1392895893959577,-0.08073318407626151,-0.0662035306590039,-0.031468749919515725,-0.1927607263143719,-0.16483539399415806,0.17093361918889818,-0.1801509530319392,-0.18000809511071536,-0.1753162774318127,-0.3333801146149945,-0.12838072568672534,-0.0845568326411677,-0.07198220793447808
2018-02-27,,,,,,,,,,,,,,
2018-02-28,,,,,,,,,,,,,,
2018-03-01,,,,,,,,,,,,,,
2018-03-02,,,,,,,,,,,,,,
2018-03-05,-0.14054407093018007,-0.08367811222500819,-0.0656600419335134,-0.03406968919034274,-0.19703054631008987,-0.16354942284179913,0.17829227057508049,-0.17871339845914175,-0.17639314383019328,-0.17442180035622667,-0.3250511122743785,-0.1284390679541485,-0.0824354971953378,0.07172182592455957
2018-03-06,,,,,,,,,,,,,,
2018-03-07,,,,,,,,,,,,,,
2018-03-08,,,,,,,,,,,,,,
2018-03-09,,,,,,,,,,,,,,
2018-03-12,0.1418748912024429,0.08176646508156157,0.06512095370472706,0.03458678375086554,0.18917239967904909,0.16126779385138199,0.18271992033402618,0.1763254508109049,-0.18907076235001552,-0.17567158447958997,0.32263740682828873,0.13043230031719624,0.0794220007583739,0.0699312868515768
2018-03-13,,,,,,,,,,,,,,
2018-03-14,,,,,,,,,,,,,,
2018-03-15,,,,,,,,,,,,,,
2018-03-16,,,,,,,,,,,,,,
2018-03-19,-0.14323611977494888,-0.08460142804875663,0.06610893833755824,0.03491249489488424,-0.1895482217085963,0.16554049264801998,0.18866261139125082,-0.16963872790296375,-0.1805373362355547,-0.1737232770889124,0.32759434033747614,0.1298985480758211,-0.07842438643426039,0.06757307712099618
2018-03-20,,,,,,,,,,,,,,
2018-03-21,,,,,,,,,,,,,,
2018-03-22,,,,,,,,,,,,,,
2018-03-23,,,,,,,,,,,,,,
2018-03-26,0.13463647718807137,0.08214107321217273,0.06269535321399454,-0.037407080197627736,0.1865314869483459,0.16825387498381067,0.18898097438408634,-0.1656348716846436,-0.18262132820872629,-0.17707927074471796,0.33722349055760487,0.14123578840609569,-0.07311381433193385,-0.06244511593816817
2018-03-27,,,,,,,,,,,,,,
2018-03-28,,,,,,,,,,,,,,
2018-03-29,,,,,,,,,,,,,,
2018-04-02,0.13097425383597858,0.08374584296665072,0.06327623248698049,-0.04164772645299292,-0.18666484142428363,0.1684414907396236,-0.17786410141337736,-0.16718964554499652,-0.1896320353405697,-0.17677955072198534,0.3379262790228737,0.1456495065278726,-0.07148681719132421,-0.05872167633049033
2018-04-03,,,,,,,,,,,,,,
2018-04-04,,,,,,,,,,,,,,
2018-04-05,,,,,,,,,,,,,,
2018-04-06,,,,,,,,,,,,,,
2018-04-09,0.13390143169728197,-0.08442410609128746,0.06237841910351657,-0.04465616346361968,0.19087618769753317,0.1711382837152291,0.1736347369791817,-0.16720838569212446,0.19016712677008415,-0.176917008927193,0.3329839837898924,0.14393749663002983,-0.06966138501896015,-0.05811528442406599
2018-04-10,,,,,,,,,,,,,,
2018-04-11,,,,,,,,,,,,,,
2018-04-12,,,,,,,,,,,,,,
2018-04-13,,,,,,,,,,,,,,
2018-04-16,0.12988197119497635,0.08316021939375398,0.05839057390041115,0.051085140980169176,0.20356374689965756,0.17600825387123406,-0.17305294006448216,0.16349781566127936,0.1852657896728978,-0.17996560482983998,0.3283255706075964,0.14465978753185957,-0.06729286833459748,-0.055849717057244674
2018-04-17,,,,,,,,,,,,,,
2018-04-18,,,,,,,,,,,,,,
2018-04-19,,,,,,,,,,,,,,
2018-04-20,,,,,,,,,,,,,,
2018-04-23,-0.13081980280536024,0.07741039073826893,0.056765673249456694,0.05427514311528778,-0.20623149073639907,-0.17462354578240075,-0.1737673797205974,-0.16142426711135371,0.18342057937878445,-0.184344035054635,-0.3281843052467719,-0.14501248901190572,0.068123009614764,0.05559788843401428
2018-04-24,,,,,,,,,,,,,,
2018-04-25,,,,,,,,,,,,,,
2018-04-26,,,,,,,,,,,,,,
2018-04-27,,,,,,,,,,,,,,
2018-04-30,-0.1289780572948803,-0.08011065924153651,0.05600235382561092,0.05694089988056291,-0.201700422003438,-0.1790302590653877,-0.17584459891476614,-0.16319212457798485,0.18156081286491083,-0.19630737324475955,-0.3216822186968125,-0.14017518296587206,0.06553069036621528,0.052944347057262274
2018-05-01,,,,,,,,,,,,,,
2018-05-02,,,,,,,,,,,,,,
2018-05-03,,,,,,,,,,,,,,
2018-05-04,,,,,,,,,,,,,,
2018-05-07,-0.1243816645087639,-0.08216592261338952,0.053757597756388574,0.0672175414982152,-0.19146562438745354,-0.17757640796461416,-0.16701227262920237,-0.15912986940410578,-0.18305858611875192,-0.18963260835449694,-0.34114726824356273,-0.14372320015459247,0.06780899947840154,0.051922436888061516
2018-05-08,,,,,,,,,,,,,,
2018-05-09,,,,,,,,,,,,,,
2018-05-10,,,,,,,,,,,,,,
2018-05-11,,,,,,,,,,,,,,
2018-05-14,-0.12404221719011009,-0.08168933495263345,0.05530037350934691,0.06989388281889862,-0.1894919660537691,-0.1767060229281272,-0.16465874322510818,-0.1543618460181252,-0.17202658011077038,-0.1951319698570443,-0.34120062240569676,-0.1429051764197805,0.07575640457717099,0.05683485993341847
2018-05-15,,,,,,,,,,,,,,
2018-05-16,,,,,,,,,,,,,,
2018-05-17,,,,,,,,,,,,,,
2018-05-18,,,,,,,,,,,,,,
2018-05-21,-0.12628221767013098,-0.08126621839894717,0.05423471320194967,0.06978529623976965,-0.19569455662963536,-0.18162157526795214,-0.1729088943320443,-0.14636147521490633,0.1651874794393967,-0.21258328004114377,-0.3272729456694799,-0.1365211030759529,0.07444230142987544,0.05583794338881563
2018-05-22,,,,,,,,,,,,,,
2018-05-23,,,,,,,,,,,,,,
2018-05-24,,,,,,,,,,,,,,
2018-05-25,,,,,,,,,,,,,,
2018-05-29,-0.13285594961723776,0.08390151726766314,-0.053191906557157484,0.06799935732480607,-0.19318891040061298,-0.1857790104899795,0.17543975887624574,-0.1545700280534917,-0.17169508228453978,-0.2190722651955861,0.29301046287783533,0.1301710054322727,0.07961733037357073,0.059507415249000814
2018-05-30,,,,,,,,,,,,,,
2018-05-31,,,,,,,,,,,,,,
2018-06-01,,,,,,,,,,,,,,
2018-06-04,-0.13371250039967625,-0.08400706188603779,-0.052003951311947696,0.06599053530667418,-0.18586902820407095,-0.19417966760077418,-0.1804917522022985,0.14599667767834798,-0.16830751249365422,0.22585907774556993,0.29150656766156674,0.13100087517149267,0.08086898143592161,0.06020581090196756
2018-06-05,,,,,,,,,,,,,,
2018-06-06,,,,,,,,,,,,,,
2018-06-07,,,,,,,,,,,,,,
2018-06-08,,,,,,,,,,,,,,
2018-06-11,-0.13713409444999852,0.0862324822385856,-0.05353150422471094,0.0674558507280446,-0.1881583888284184,-0.19524098636448872,-0.1778066190412958,0.1469103149098429,-0.17058991485424266,0.22479517023547235,0.281178501502831,0.12830819039250324,0.08199809387913884,0.06065988835042634
2018-06-12,,,,,,,,,,,,,,
2018-06-13,,,,,,,,,,,,,,
2018-06-14,,,,,,,,,,,,,,
2018-06-15,,,,,,,,,,,,,,
2018-06-18,-0.1322446969244918,0.0781682590151593,-0.05219281985837097,0.06886028215038702,-0.17359983418930094,-0.20025502337890252,0.18118855924324714,-0.151079074780502,-0.17781061555868205,0.2196833467351465,0.28471574876591826,0.13186582851259254,0.08504770449202927,0.06328820639526957
2018-06-19,,,,,,,,,,,,,,
2018-06-20,,,,,,,,,,,,,,
2018-06-21,,,,,,,,,,,,,,
2018-06-22,,,,,,,,,,,,,,
2018-06-25,-0.14319510875209357,-0.07872129565376479,0.04781562132516729,-0.06532608874418214,0.1744966039144851,-0.20508871819292085,-0.1805521454809471,-0.1491530439029336,-0.18163265573638745,0.2146607319295994,0.2719711066838454,0.12513345103946302,0.09508420543309064,0.06716922321111954
2018-06-26,,,,,,,,,,,,,,
2018-06-27,,,,,,,,,,,,,,
2018-06-28,,,,,,,,,,,,,,
2018-06-29,,,,,,,,,,,,,,
2018-07-02,-0.15087062857556277,-0.07838816798083764,0.045196901666595006,-0.06402143163600875,-0.1622359647212006,-0.18657934515864497,-0.20381564568705773,-0.1424878285825991,-0.17212739310835617,-0.21045916020940966,0.274667672959013,0.12523014016863054,-0.10684709470729763,-0.07707262483878642
2018-07-03,,,,,,,,,,,,,,
2018-07-05,,,,,,,,,,,,,,
2018-07-06,,,,,,,,,,,,,,
2018-07-09,-0.14522520419233542,-0.07731041873109587,0.04571163349282469,-0.06153680833717817,-0.15945827941475113,-0.18707265150252195,-0.20701522885051868,-0.13835256599493576,-0.170934780595866,-0.21237472531455562,0.2747817820841744,0.12625260236214284,0.11508168505115104,0.07889163407594897
2018-07-10,,,,,,,,,,,,,,
2018-07-11,,,,,,,,,,,,,,
2018-07-12,,,,,,,,,,,,,,
2018-07-13,,,,,,,,,,,,,,
2018-07-16,-0.1507161617309034,-0.07592573756903884,0.04240145160054709,-0.060765186659418324,0.1581062032196162,-0.19332654992111212,-0.20414388267637204,-0.1338268700157545,0.17324508419417584,-0.20374756360743462,0.27584972702500943,0.12679206944265642,0.12006699727185478,0.08108651506610642
2018-07-17,,,,,,,,,,,,,,
2018-07-18,,,,,,,,,,,,,,
2018-07-19,,,,,,,,,,,,,,
2018-07-20,,,,,,,,,,,,,,
2018-07-23,-0.14760782745010032,-0.08339142493339723,0.04407566387880153,-0.06298088325372399,0.15666662977621584,-0.18408668482456453,-0.20204392994151585,-0.1331172022779945,0.1688732217859241,-0.20655458204999383,-0.27450508930358547,-0.1225401990828821,0.12560037489585316,0.0879562865454473
2018-07-24,,,,,,,,,,,,,,
2018-07-25,,,,,,,,,,,,,,
2018-07-26,,,,,,,,,,,,,,
2018-07-27,,,,,,,,,,,,,,
2018-07-30,-0.14867783382381797,-0.08224674109780014,-0.04354205121654749,-0.06331700010026291,0.15483182319798833,-0.18470132830073557,-0.20249571216861875,0.12921064548277192,0.16293069801684557,0.20764181887903174,-0.2762700185065208,-0.12568220070355868,0.13043439745273103,0.08801773105276889
2018-07-31,,,,,,,,,,,,,,
2018-08-01,,,,,,,,,,,,,,
2018-08-02,,,,,,,,,,,,,,
2018-08-03,,,,,,,,,,,,,,
2018-08-06,-0.14635165912191161,-0.0825746475656709,-0.04285401765550463,0.06273958017918735,-0.15558210887044915,-0.18851488620362794,-0.20186444354378472,-0.12819306521272344,0.1613596844392189,-0.21085258036485086,-0.27201115411645665,-0.12225863173985435,0.13459877091181166,0.09024477007494751
2018-08-07,,,,,,,,,,,,,,
2018-08-08,,,,,,,,,,,,,,
2018-08-09,,,,,,,,,,,,,,
2018-08-10,,,,,,,,,,,,,,
2018-08-13,-0.14071878926506506,-0.0810880816893765,0.04233895368934695,0.06386764096645195,-0.15062519996640586,-0.18635617216652078,0.2060985508792862,-0.1276173866425963,0.16664089715671102,0.21372669424367466,0.2697491785727113,-0.12225059308437476,0.1373775873257313,0.09154427435174738
2018-08-14,,,,,,,,,,,,,,
2018-08-15,,,,,,,,,,,,,,
2018-08-16,,,,,,,,,,,,,,
2018-08-17,,,,,,,,,,,,,,
2018-08-20,-0.13478139925923677,-0.06987654429360897,-0.04142419082533722,0.06356747514837696,-0.15050861285414585,-0.18530084071956907,0.20402719347844803,-0.1306847059755039,0.16847491790059052,0.21245600907877032,0.28248932075147687,0.12772803381932005,0.13638656197956509,0.09229419391605075
2018-08-21,,,,,,,,,,,,,,
2018-08-22,,,,,,,,,,,,,,
2018-08-23,,,,,,,,,,,,,,
2018-08-24,,,,,,,,,,,,,,
2018-08-27,-0.1196000538134152,-0.06578037724432484,-0.0413268647575594,0.06365516066795224,-0.14532768578985103,-0.17015641831332584,-0.21227066620495508,-0.11952835557166121,0.1596302964063633,0.20212220310514487,0.3322562412304625,0.14332100810767517,0.13637554451914002,0.08864912426816962
2018-08-28,,,,,,,,,,,,,,
2018-08-29,,,,,,,,,,,,,,
2018-08-30,,,,,,,,,,,,,,
2018-08-31,,,,,,,,,,,,,,
2018-09-04,-0.11641465032690433,-0.06245793763288919,0.04221136031573372,-0.060521292284949624,0.14830827333414168,-0.1567830185905884,-0.20856860232790864,-0.12120901019127805,-0.15906779743175947,0.1952074670549792,0.35154763656155824,0.14378006164259594,0.1447051158894667,0.08921777641524685
2018-09-05,,,,,,,,,,,,,,
2018-09-06,,,,,,,,,,,,,,
2018-09-07,,,,,,,,,,,,,,
2018-09-10,-0.11548001779712515,-0.06365012576492715,0.0419786577183926,-0.061176930981890844,0.14649477030246666,0.15069666546356028,-0.21309906405671417,-0.1188750283531322,-0.1593686959796134,0.1922135344296974,-0.3586747738350838,-0.14627253373818713,0.1454346718457919,0.08658452973341699
2018-09-11,,,,,,,,,,,,,,
2018-09-12,,,,,,,,,,,,,,
2018-09-13,,,,,,,,,,,,,,
2018-09-14,,,,,,,,,,,,,,
2018-09-17,0.11703036342023018,-0.06855556496336865,0.04208804749124996,-0.062382197036388524,0.1586564163615021,0.14731912748063278,-0.2043611713797414,-0.11848166267838788,0.15976199045727427,0.2005347690452296,-0.35097334485725645,-0.14422992367021156,0.14237318075241387,0.08325224040611237
2018-09-18,,,,,,,,,,,,,,
2018-09-19,,,,,,,,,,,,,,
2018-09-20,,,,,,,,,,,,,,
2018-09-21,,,,,,,,,,,,,,
2018-09-24,-0.11624946290037066,-0.06933781338878246,0.045408816501001946,0.05597700775251014,0.15661959634555023,0.13597839503429385,-0.20858154253635652,-0.1189373061091315,0.16173000300022347,0.1897514456670143,-0.35616735735665667,-0.14366553709147367,0.15305485044704145,0.0885408658695933
2018-09-25,,,,,,,,,,,,,,
2018-09-26,,,,,,,,,,,,,,
2018-09-27,,,,,,,,,,,,,,
2018-09-28,,,,,,,,,,,,,,
2018-10-01,-0.11599112114068738,-0.06607335558355275,0.04690551923015013,0.051487981309367166,-0.16345868662105545,0.1406640306057807,-0.20232364185166457,0.121962656732292,0.15952950490652784,-0.18665616447439118,-0.3535562830269961,-0.14302526004532182,0.15721883805949646,-0.09114695641271614
2018-10-02,,,,,,,,,,,,,,
2018-10-03,,,,,,,,,,,,,,
2018-10-04,,,,,,,,,,,,,,
2018-10-05,,,,,,,,,,,,,,
2018-10-08,-0.11672008194790696,0.06724797944745496,0.04784445205811171,0.04972632546630236,-0.1712675582544322,0.14319205247179717,-0.1998402982897358,-0.12362626310384305,0.1628070906781496,-0.19081095525966418,-0.33031688611668747,-0.13425964176777944,0.1685027305192118,-0.0938376846189234
2018-10-09,,,,,,,,,,,,,,
2018-10-10,,,,,,,,,,,,,,
2018-10-11,,,,,,,,,,,,,,
2018-10-12,,,,,,,,,,,,,,
2018-10-15,0.11086095903750146,0.07089554113138201,0.054521932406519764,0.05004732917649325,-0.17906962919165476,-0.15002756295623074,0.21447646455679098,-0.13366259253818857,0.1702515439263701,-0.20815630549793773,-0.3371311374011891,-0.13131086554888144,-0.11449544858127246,-0.0750926880495877
2018-10-16,,,,,,,,,,,,,,
2018-10-17,,,,,,,,,,,,,,
2018-10-18,,,,,,,,,,,,,,
2018-10-19,,,,,,,,,,,,,,
2018-10-22,0.11060045802844204,0.07209046614450508,-0.0518280527880653,0.04591545537149377,-0.17515936407954413,-0.14781317039249392,-0.21813545713621055,-0.13826637228566382,-0.17558462614547354,-0.20671939760448851,-0.3494145328492447,-0.14008737794969,-0.1012729862877849,-0.06711228293689989
2018-10-23,,,,,,,,,,,,,,
2018-10-24,,,,,,,,,,,,,,
2018-10-25,,,,,,,,,,,,,,
2018-10-26,,,,,,,,,,,,,,
2018-10-29,0.11463619577397069,-0.07345368765206135,-0.04993444205042563,0.04624254047978229,-0.183189625295297,-0.15122932970364275,0.21607340011689008,-0.14801380749278822,-0.18698564591251934,-0.21440464658078082,0.3295022015328177,-0.1409046651793229,-0.08795847980358572,-0.05747133242611535
2018-10-30,,,,,,,,,,,,,,
2018-10-31,,,,,,,,,,,,,,
2018-11-01,,,,,,,,,,,,,,
2018-11-02,,,,,,,,,,,,,,
2018-11-05,0.1172273958659207,0.07068711796677848,-0.051292669519265276,0.04098037998074854,-0.18891650747726893,-0.14155890797468976,-0.22155335018843228,0.1390563323256994,-0.19182916014733367,-0.21833171770041954,0.3310206197493274,0.1431206064954196,-0.08721637683917333,-0.05720885776952324
2018-11-06,,,,,,,,,,,,,,
2018-11-07,,,,,,,,,,,,,,
2018-11-08,,,,,,,,,,,,,,
2018-11-09,,,,,,,,,,,,,,
2018-11-12,-0.11828305326531022,-0.07097272295510224,-0.052223922533812354,0.03854895279775729,-0.19370039064177738,-0.13776872851827085,-0.22523955417167976,0.14208708732006206,-0.19594876931788757,-0.21496592379390145,0.3320320532172647,-0.14441646650162696,-0.08101017335491752,-0.052802201610629484
2018-11-13,,,,,,,,,,,,,,
2018-11-14,,,,,,,,,,,,,,
2018-11-15,,,,,,,,,,,,,,
2018-11-16,,,,,,,,,,,,,,
2018-11-19,-0.1255221466447611,-0.0812665146947157,-0.04765369986313965,0.018856256493178222,-0.19731253747669464,-0.1291774029109138,0.22738677180928382,0.14043730527480644,-0.20477909165125846,0.2146999829610713,0.33440090716403886,0.14757006047970211,-0.07982908502281987,-0.05110823755361627
2018-11-20,,,,,,,,,,,,,,
2018-11-21,,,,,,,,,,,,,,
2018-11-23,,,,,,,,,,,,,,
2018-11-26,-0.13489166789012386,-0.0826459893340099,-0.03969007078770084,0.01839203095917227,-0.2011633894624704,-0.12924730554543126,-0.22452172260860892,0.14489189893767992,-0.20132365870949454,-0.2165769043505296,0.3336946790571524,0.14782381934656325,0.07577429861860847,-0.049362564392454296
2018-11-27,,,,,,,,,,,,,,
2018-11-28,,,,,,,,,,,,,,
2018-11-29,,,,,,,,,,,,,,
2018-11-30,,,,,,,,,,,,,,
2018-12-03,-0.13507301521018064,-0.08584292564018625,-0.036909043741627734,0.017356803135858922,-0.19486517170373202,-0.13187167645586315,-0.23230076249905984,0.1419751998135848,-0.2108102529140185,0.2191910932207876,0.3302941251813802,0.14499803705750958,0.07141255100128814,0.04709934242492209
2018-12-04,,,,,,,,,,,,,,
2018-12-06,,,,,,,,,,,,,,
2018-12-07,,,,,,,,,,,,,,
2018-12-10,0.13574758373912935,0.08633558040300708,-0.03689208162137193,0.01763114557329631,-0.20082020372353465,-0.13111415905497054,0.2297909647485008,-0.1431335369853065,-0.20088489015700503,0.23062009724147714,0.3343226339068968,0.1405190625214179,-0.06690902443793371,-0.04527903588615269
2018-12-11,,,,,,,,,,,,,,
2018-12-12,,,,,,,,,,,,,,
2018-12-13,,,,,,,,,,,,,,
2018-12-14,,,,,,,,,,,,,,
2018-12-17,0.13751705498917166,0.08522115974010247,-0.035318424884264794,-0.016472122793363974,0.20258924925386587,-0.12575252452940736,0.23017627012400882,-0.14538196735117168,-0.20817646945344756,0.23309284946059258,0.33070716171807807,0.14059072551315702,-0.06466645901869499,-0.04433756117067322
2018-12-18,,,,,,,,,,,,,,
2018-12-19,,,,,,,,,,,,,,
2018-12-20,,,,,,,,,,,,,,
2018-12-21,,,,,,,,,,,,,,
2018-12-24,0.13204125221568655,0.08574442597411369,-0.034572785246665044,-0.01669272092966713,0.20111331107612718,-0.13473068334003513,0.2129526963592602,-0.14590497665785104,-0.21242333502437152,0.2306513440892384,0.34298305523624323,0.14311047890217712,-0.0631674139336465,-0.043911521014917354
2018-12-26,,,,,,,,,,,,,,
2018-12-27,,,,,,,,,,,,,,
2018-12-28,,,,,,,,,,,,,,
2018-12-31,0.13737509639864737,0.0895486525875048,-0.03293538357391055,-0.01632603435028875,0.20401628693014442,-0.13763240142404615,0.20543908288728532,-0.14905105811554248,-0.228015940452263,0.23488073869080517,0.3258096576323119,0.1411041318957007,-0.056887005396325255,-0.040978529665223716
2019-01-02,,,,,,,,,,,,,,
2019-01-03,,,,,,,,,,,,,,
2019-01-04,,,,,,,,,,,,,,
2019-01-07,0.14238168202546198,0.09365179973474146,-0.03405403811573443,-0.016973449702530244,0.1998869562363792,-0.13838767079566022,0.1963998330322726,-0.14803157109874485,0.22626910169372264,0.2355461732439413,0.31892277195823887,0.1534287110312158,-0.05563154968857561,-0.0404346916427813
2019-01-08,,,,,,,,,,,,,,
2019-01-09,,,,,,,,,,,,,,
2019-01-10,,,,,,,,,,,,,,
2019-01-11,,,,,,,,,,,,,,
2019-01-14,0.16676996929675342,0.0963590656228683,-0.032570431447025115,-0.015914396309655587,0.19141544845468092,0.1374751646381963,0.1930262800633571,-0.14931116094733665,0.2266682333670331,0.21183463815814663,0.3181579218643032,0.1615621854892186,-0.05747244462081739,-0.041462659720607344
2019-01-15,,,,,,,,,,,,,,
2019-01-16,,,,,,,,,,,,,,
2019-01-17,,,,,,,,,,,,,,
2019-01-18,,,,,,,,,,,,,,
2019-01-22,0.16536746177872302,0.09495022682025618,0.032249351038506534,-0.015872245523601503,-0.19541084729088803,0.13584806859512047,0.1925157614156356,0.14748248169154024,0.23208292409558395,-0.21094923512159386,0.3146765084694194,-0.1613907366430755,0.05846756670546998,0.04273658481058561
2019-01-23,,,,,,,,,,,,,,
2019-01-24,,,,,,,,,,,,,,
2019-01-25,,,,,,,,,,,,,,
2019-01-28,0.16064371376700076,0.09205149510879558,0.03327469616526242,-0.016004263825460333,-0.1939464246044531,0.13553220472006744,0.19842063930678996,0.14490011060703265,0.21755035624759708,-0.21291759778980357,0.3246647785569806,0.16384947963144025,0.06125248542439204,0.044991754244924444
2019-01-29,,,,,,,,,,,,,,
2019-01-30,,,,,,,,,,,,,,
2019-01-31,,,,,,,,,,,,,,
2019-02-01,,,,,,,,,,,,,,
2019-02-04,0.1624248022174587,0.09523975924269844,0.03290774364969934,-0.01599422521652198,0.1946625416662255,0.13721989849448935,-0.20472987219729075,0.14175665743225266,0.20771458779300622,-0.21722868346545254,-0.31687196290090147,-0.16331303085051205,0.0628974859275342,0.04703874894595679
2019-02-05,,,,,,,,,,,,,,
2019-02-06,,,,,,,,,,,,,,
2019-02-07,,,,,,,,,,,,,,
2019-02-08,,,,,,,,,,,,,,
2019-02-11,0.16160567890288574,0.10028076686575903,0.03220676877362068,-0.015875795416080408,-0.1921270351921048,0.1434776019660239,-0.20035404327048825,-0.1438528841767927,-0.19999812859323923,-0.21412540874444203,0.3203110930191216,0.16539865693086145,0.06304102035774958,0.04734511779083061
2019-02-12,,,,,,,,,,,,,,
2019-02-13,,,,,,,,,,,,,,
2019-02-14,,,,,,,,,,,,,,
2019-02-15,,,,,,,,,,,,,,
2019-02-19,0.16209796182341157,0.10354138363555943,0.033470829702656454,-0.01799043221540483,-0.19813534501439342,0.14157929503972788,-0.19713405022770303,0.14349516623995634,0.19703379841308427,-0.2143544705768122,0.31443022282940336,0.1650686742536949,0.06329522038094039,0.04837314964725214
2019-02-20,,,,,,,,,,,,,,
2019-02-21,,,,,,,,,,,,,,
2019-02-22,,,,,,,,,,,,,,
2019-02-25,0.1538271382440348,0.10008860695639855,0.03471077317450766,-0.021852727282213023,-0.2049961707619342,-0.15137092780716344,-0.1965648283834238,0.14467041439552775,0.19776369341908645,-0.21778384734643808,0.30491232624851744,0.15711912308597173,0.0644663188981409,0.049873103996641806
2019-02-26,,,,,,,,,,,,,,
2019-02-27,,,,,,,,,,,,,,
2019-02-28,,,,,,,,,,,,,,
2019-03-01,,,,,,,,,,,,,,
2019-03-04,-0.1428357051021798,-0.09421093622450182,0.03717470817613576,0.023966298983263506,-0.21385196748281138,0.1510502567148787,-0.19883492508283773,-0.15084113235926302,-0.19716659687553836,-0.225456756750043,-0.29527793469187896,-0.1485876463151949,0.0678393610789973,0.052905774162475876
2019-03-05,,,,,,,,,,,,,,
2019-03-06,,,,,,,,,,,,,,
2019-03-07,,,,,,,,,,,,,,
2019-03-08,,,,,,,,,,,,,,
2019-03-11,-0.14024400290183245,-0.0915921024949575,0.038831610194822064,0.024394523931881094,-0.20332834890566262,0.1459606802332104,-0.2006236688614866,-0.15642895629672668,-0.20051225936874423,-0.21817651692384207,0.2973495235639085,-0.15714208876411281,0.07075076161326833,0.05466495594554504
2019-03-12,,,,,,,,,,,,,,
2019-03-13,,,,,,,,,,,,,,
2019-03-14,,,,,,,,,,,,,,
2019-03-15,,,,,,,,,,,,,,
2019-03-18,-0.13550380332524867,-0.08941503830941379,0.04021929437258024,0.02494440302851524,0.20311082357690577,0.15372053105412686,-0.20028893364851702,-0.1552643270165334,-0.20313254102636263,0.21529417275470183,0.2974195813094908,-0.1525705863057893,0.07253345464479602,0.056582509627018385
2019-03-19,,,,,,,,,,,,,,
2019-03-20,,,,,,,,,,,,,,
2019-03-21,,,,,,,,,,,,,,
2019-03-22,,,,,,,,,,,,,,
2019-03-25,-0.1410245399603383,-0.09030138731141327,0.04703134613885728,-0.02785492186771443,-0.2015392972822541,0.14970492355606352,0.20423307613275032,-0.15715550835678757,-0.1987965973434452,0.22024930032787154,0.27773319223201015,0.14860430318449475,0.07622887429644838,0.05954273200955095
2019-03-26,,,,,,,,,,,,,,
2019-03-27,,,,,,,,,,,,,,
2019-03-28,,,,,,,,,,,,,,
2019-03-29,,,,,,,,,,,,,,
2019-04-01,-0.1372029203831298,0.0,0.05442417133520317,-0.02866672043865223,-0.2153683334207099,-0.14216417433261028,0.21613194477675335,0.1597835089195917,0.20114884586010467,-0.25048488075006514,0.2734736525858293,0.14382377414252684,0.10105020322786744,0.07627686982695649
2019-04-02,,,,,,,,,,,,,,
2019-04-03,,,,,,,,,,,,,,
2019-04-04,,,,,,,,,,,,,,
2019-04-05,,,,,,,,,,,,,,
2019-04-08,0.12212145763592802,-0.07950408943290074,0.04736759490141326,-0.02787369176451659,0.1997650497960032,-0.12718492400856757,-0.2309698932616236,0.14928688808648782,0.18517303037059274,0.2345880259204423,0.2691423393683066,0.13097554532954103,0.1120714068420788,0.08397606328159808
2019-04-09,,,,,,,,,,,,,,
2019-04-10,,,,,,,,,,,,,,
2019-04-11,,,,,,,,,,,,,,
2019-04-12,,,,,,,,,,,,,,
2019-04-15,-0.1146674828546748,-0.0755962342923303,0.0514465011769963,-0.03908783683087909,-0.2087322068381871,-0.12570995685624634,-0.22701714673030576,0.1400982672763128,-0.1791902152943013,-0.2692192714217738,0.2530661838565555,0.12527421322686427,0.10870002250731517,0.0821944608372573
2019-04-16,,,,,,,,,,,,,,
2019-04-17,,,,,,,,,,,,,,
2019-04-18,,,,,,,,,,,,,,
2019-04-22,-0.11356269211096785,-0.07611435247911523,0.05198452902902466,-0.03919277755258567,-0.2036042789473167,-0.1280956789638338,-0.23175416898380374,0.13965006349904122,0.17664047245620065,-0.26981433736316296,-0.24962776061389944,-0.12241420734267384,0.1127221162816907,0.08482256437668398
2019-04-23,,,,,,,,,,,,,,
2019-04-24,,,,,,,,,,,,,,
2019-04-25,,,,,,,,,,,,,,
2019-04-26,,,,,,,,,,,,,,
2019-04-29,-0.11388210253800617,-0.07707189497610796,0.049725048872734046,-0.04665726609849406,-0.20811499072044412,-0.13341141368920598,-0.218544251909204,-0.13619844223497565,-0.1868726849976886,-0.26575115979704333,-0.2406924055084842,-0.11789056298895341,0.11578379807293987,0.0894039775957189
2019-04-30,,,,,,,,,,,,,,
2019-05-01,,,,,,,,,,,,,,
2019-05-02,,,,,,,,,,,,,,
2019-05-03,,,,,,,,,,,,,,
2019-05-06,-0.11084085564594127,-0.07191792312047904,-0.04863001743198771,-0.04809786982928592,-0.20437334468387458,0.12501759902648688,0.21886230999812184,-0.14200127062868126,-0.19508257622512135,-0.2598411936284902,0.24722814725894038,0.11746657968226838,0.11575844669918814,0.0948818661411327
2019-05-07,,,,,,,,,,,,,,
2019-05-08,,,,,,,,,,,,,,
2019-05-09,,,,,,,,,,,,,,
2019-05-10,,,,,,,,,,,,,,
2019-05-13,0.11228068986435585,-0.07505834688652638,-0.04950817310770773,-0.051437249263164724,-0.2137653745728565,-0.12878191254644228,0.21479231458325218,-0.15580979389617955,-0.20484652106627438,-0.2517035567626957,0.24561804490187789,0.11844189822997783,-0.0985639824595074,-0.07939214185918195
2019-05-14,,,,,,,,,,,,,,
2019-05-15,,,,,,,,,,,,,,
2019-05-16,,,,,,,,,,,,,,
2019-05-17,,,,,,,,,,,,,,
2019-05-20,0.11589546985627361,-0.07475335744896983,-0.04905794779488813,0.05138394669666152,-0.22072056370880047,-0.133546959940962,0.21641687120330466,-0.15240619301440606,-0.20640120427156838,0.252822979533562,0.2428097796071004,0.11511055768665192,-0.09595823024433736,-0.072715938992514
2019-05-21,,,,,,,,,,,,,,
2019-05-22,,,,,,,,,,,,,,
2019-05-23,,,,,,,,,,,,,,
2019-05-24,,,,,,,,,,,,,,
2019-05-28,0.0,-0.08117314290018036,-0.04793025225242278,-0.05619406274096696,-0.23572166037019462,-0.15022785443555506,0.22687439909998858,-0.17196668512156713,-0.22857233275211383,0.2471337466610701,0.2549408574073496,0.12395920459949758,-0.09905052707348833,-0.07625527458560517
2019-05-29,,,,,,,,,,,,,,
2019-05-30,,,,,,,,,,,,,,
2019-05-31,,,,,,,,,,,,,,
2019-06-03,0.11980261256821645,-0.08343467692360802,-0.04107732627004813,-0.049239610140980855,0.2154340066785267,-0.14556717125456914,0.20614177381135837,-0.16742523053630265,-0.2303464840372187,0.21551933413311405,0.2421001083868549,0.12292773040458706,-0.09248696442712717,-0.06849697042748781
2019-06-04,,,,,,,,,,,,,,
2019-06-05,,,,,,,,,,,,,,
2019-06-06,,,,,,,,,,,,,,
2019-06-07,,,,,,,,,,,,,,
2019-06-10,0.11917858053626595,-0.0838755288241731,-0.03842535181489442,-0.049970644810032404,0.23485303882994446,-0.15258359711781386,0.20457582254381598,-0.1693280044985508,0.22563163705874287,0.2268250697133773,0.22968012399489127,0.11305620475228015,0.0876290281994234,-0.06438736730579413
2019-06-11,,,,,,,,,,,,,,
2019-06-12,,,,,,,,,,,,,,
2019-06-13,,,,,,,,,,,,,,
2019-06-14,,,,,,,,,,,,,,
2019-06-17,0.12307653479024662,0.08667827007780493,-0.0365140894706116,-0.04850897190190724,0.22994938210959262,-0.16314953173541877,0.20835338128409953,-0.16602450838417068,0.22215966647862578,0.22016089307359452,0.22933105147504335,0.11523505360820488,0.0871556064767549,0.06370305913392471
2019-06-18,,,,,,,,,,,,,,
2019-06-19,,,,,,,,,,,,,,
2019-06-20,,,,,,,,,,,,,,
2019-06-21,,,,,,,,,,,,,,
2019-06-24,0.10510088139335629,0.08243264223406005,-0.03427897014334788,-0.04262745580035863,0.23732722042381207,0.16883288638863156,0.22311713853578238,0.16617486585631785,0.21761488474264976,0.19819121147915322,0.24508866296576215,0.11963030220458583,0.09265749362158689,0.06692538421059538
2019-06-25,,,,,,,,,,,,,,
2019-06-26,,,,,,,,,,,,,,
2019-06-27,,,,,,,,,,,,,,
2019-06-28,,,,,,,,,,,,,,
2019-07-01,0.10041357082074535,0.0850833223093299,0.03385274699822146,-0.041688976196510644,0.2269962178915453,-0.19144111319981147,-0.21942836187833678,-0.16391327748923626,0.21850087068693458,0.18399201019426914,0.25250057999937936,0.12486953243423321,0.09221727154553493,0.06510214835591159
2019-07-02,,,,,,,,,,,,,,
2019-07-03,,,,,,,,,,,,,,
2019-07-05,,,,,,,,,,,,,,
2019-07-08,0.0938834659266405,-0.08368782267117492,0.033612744250609485,0.03885448687787485,-0.23063472158848616,-0.201094763126442,-0.21434784149713984,-0.16389605792062967,0.22403978087802465,-0.18575575627630878,0.2473233555645003,0.12237615974135732,0.0938329408159914,0.06666010286482019
2019-07-09,,,,,,,,,,,,,,
2019-07-10,,,,,,,,,,,,,,
2019-07-11,,,,,,,,,,,,,,
2019-07-12,,,,,,,,,,,,,,
2019-07-15,0.09243638970354091,0.08492463559199136,0.032644797066219235,0.037917041888573526,0.2324610985050059,-0.19633585287336047,0.21732475562195902,0.16578486985143262,0.22927813957313317,0.18197027673670615,0.24985915901656372,-0.11844862270519743,0.09436611708275285,0.06624824378356377
2019-07-16,,,,,,,,,,,,,,
2019-07-17,,,,,,,,,,,,,,
2019-07-18,,,,,,,,,,,,,,
2019-07-19,,,,,,,,,,,,,,
2019-07-22,0.08825355747025815,0.07559047015839467,-0.03357664530055364,0.03848728120773781,-0.23643460855727197,-0.1850204975345266,-0.21063308944186312,0.16494412176721265,0.23491310554646885,-0.1903172784365503,0.25601458622309214,0.12207853822872886,0.09603811744610101,0.06769810268124024
2019-07-23,,,,,,,,,,,,,,
2019-07-24,,,,,,,,,,,,,,
2019-07-25,,,,,,,,,,,,,,
2019-07-26,,,,,,,,,,,,,,
2019-07-29,0.08697107661611497,0.07554787659487708,-0.03377476454073343,-0.0381011463569367,-0.23991835439751039,-0.16890612512741984,-0.20936242731517504,-0.17617397438151022,-0.24360191332927644,-0.18478158367506733,-0.2584594657229987,-0.12231850483185938,0.09518580790927578,0.0668969792012443
2019-07-30,,,,,,,,,,,,,,
2019-07-31,,,,,,,,,,,,,,
2019-08-01,,,,,,,,,,,,,,
2019-08-02,,,,,,,,,,,,,,
2019-08-05,0.08489081478044894,0.08062569065184871,-0.03397230556583826,-0.037384988808596205,-0.23281173401368283,-0.1985198168521312,0.19479428847452518,-0.18306589696994283,-0.2632312552966942,0.18369902066821653,0.23823878003370164,0.11423192316924634,-0.08922003858828874,-0.06531344612683893
2019-08-06,,,,,,,,,,,,,,
2019-08-07,,,,,,,,,,,,,,
2019-08-08,,,,,,,,,,,,,,
2019-08-09,,,,,,,,,,,,,,
2019-08-12,0.08385516819482663,0.07327003835188615,-0.03359378845051435,-0.038074305389892274,-0.23539349683155752,-0.19353215943840163,0.19889789724573143,-0.18427979394500305,-0.2607853814609751,0.1883010948290106,0.23990561772728305,0.10960817877938182,-0.09176706244794045,-0.06873601690759616
2019-08-13,,,,,,,,,,,,,,
2019-08-14,,,,,,,,,,,,,,
2019-08-15,,,,,,,,,,,,,,
2019-08-16,,,,,,,,,,,,,,
2019-08-19,0.08679695826706264,0.07632156342832401,-0.033616224750532615,-0.03949745039282879,-0.24418506356046007,-0.20434759706318154,0.18657445743600323,-0.19015613173346466,-0.25668221244452494,0.19196105597885654,0.2340855608439118,0.10246095522395801,-0.0854868243877449,-0.06782794448914597
2019-08-20,,,,,,,,,,,,,,
2019-08-21,,,,,,,,,,,,,,
2019-08-22,,,,,,,,,,,,,,
2019-08-23,,,,,,,,,,,,,,
2019-08-26,0.0861035684219843,0.07565775638185701,-0.03549402762617679,0.039872521473518795,-0.24454971492612626,-0.1951893648061188,0.18113970343382815,-0.19520931518188114,-0.27138608571329614,0.19321406800603622,0.23417533830001486,0.09999139114506199,-0.08270719567138024,-0.06530994891271938
2019-08-27,,,,,,,,,,,,,,
2019-08-28,,,,,,,,,,,,,,
2019-08-29,,,,,,,,,,,,,,
2019-08-30,,,,,,,,,,,,,,
2019-09-03,0.08429673741155222,0.06505469495270712,-0.036454508875496824,0.03983492488454378,-0.24563879008896264,-0.18557913159447265,0.18454110015124767,-0.19579377074027227,-0.27515279968177536,-0.1950645139306727,0.2391829629312705,0.09995813338558712,0.08452645387968874,0.06892147749175054
2019-09-04,,,,,,,,,,,,,,
2019-09-05,,,,,,,,,,,,,,
2019-09-06,,,,,,,,,,,,,,
2019-09-09,0.08243092078633456,0.05647598429252703,0.03763944936369174,0.039160128749643384,-0.25659659143892066,0.17436840885646063,-0.1875312771836355,0.1998045518541894,0.2787260725432348,-0.19725713616621549,0.2344990352301843,0.09685358326620903,0.08707221472815714,0.07158464554059671
2019-09-10,,,,,,,,,,,,,,
2019-09-11,,,,,,,,,,,,,,
2019-09-12,,,,,,,,,,,,,,
2019-09-13,,,,,,,,,,,,,,
2019-09-16,-0.08287731574779189,0.05389658569133389,0.03229396534364927,0.040215280216205726,-0.25819060594756155,0.17155485577773597,-0.1900857193557536,0.20939135684764185,0.2875463015364857,-0.2051139556978157,-0.2176557848652903,-0.08934850338615791,0.08871322229881855,0.07311654728775846
2019-09-17,,,,,,,,,,,,,,
2019-09-18,,,,,,,,,,,,,,
2019-09-19,,,,,,,,,,,,,,
2019-09-20,,,,,,,,,,,,,,
2019-09-23,-0.08373248449259017,0.04940600626904806,0.031559399447525734,0.041051818817321846,-0.26025697281437743,0.16583667391678972,-0.18463894422796157,0.2022627486189384,0.3070451833424565,-0.22048348101500262,-0.20996957322258525,-0.08618017134303997,0.08658950742243846,0.07098703504992432
2019-09-24,,,,,,,,,,,,,,
2019-09-25,,,,,,,,,,,,,,
2019-09-26,,,,,,,,,,,,,,
2019-09-27,,,,,,,,,,,,,,
2019-09-30,-0.08294035404079664,-0.04581090190511074,-0.03168162264837149,0.04007767426801822,-0.2602408551359142,0.16103510440271193,-0.1858531042018196,0.20680669095270027,0.313935622750669,-0.22158226624085484,-0.2066624408211727,-0.08458934864195213,0.08758758877352457,0.07119642521638378
2019-10-01,,,,,,,,,,,,,,
2019-10-02,,,,,,,,,,,,,,
2019-10-03,,,,,,,,,,,,,,
2019-10-04,,,,,,,,,,,,,,
2019-10-07,-0.08593882297457908,-0.0459566718378334,-0.03254441005853354,-0.04157863497429338,-0.26035592103889127,-0.1620555175258093,-0.1870433704632699,-0.2145503921835351,-0.3037872215627164,-0.21969647023349909,0.20840870459194305,0.08557966877828267,-0.08333657495956172,-0.06916761881725197
2019-10-08,,,,,,,,,,,,,,
2019-10-09,,,,,,,,,,,,,,
2019-10-10,,,,,,,,,,,,,,
2019-10-11,,,,,,,,,,,,,,
2019-10-14,-0.08935265986980145,-0.046488281099335345,-0.033541656915999224,-0.04306899630434758,0.26675530600551206,0.1399523577890972,-0.19178132000135747,-0.2217333778488066,0.29488114995300446,-0.2310148201640999,0.20457803381346004,0.08555200653154785,-0.08219424908607723,-0.06910578461755368
2019-10-15,,,,,,,,,,,,,,
2019-10-16,,,,,,,,,,,,,,
2019-10-17,,,,,,,,,,,,,,
2019-10-18,,,,,,,,,,,,,,
2019-10-21,-0.09473821649028452,-0.04787832858386062,-0.03398932344714497,-0.04212047672434859,0.2739524122860892,0.13370898111604143,-0.19805346894148945,0.21779365096053707,0.2934728353574479,0.22459977385014895,-0.2036505312684879,-0.0850128204860018,0.08229251742975785,0.06873666305836039
2019-10-22,,,,,,,,,,,,,,
2019-10-23,,,,,,,,,,,,,,
2019-10-24,,,,,,,,,,,,,,
2019-10-25,,,,,,,,,,,,,,
2019-10-28,0.09410042159155797,0.047297047356623094,0.0337323045301873,0.04196061118375141,0.27109302083407455,0.13904240965825845,-0.1979546279175027,0.22142088099254828,0.29142534645652474,0.22725287874297714,-0.20063184744884754,-0.083781655777862,0.08206187788171031,0.0682450696275749
2019-10-29,,,,,,,,,,,,,,
2019-10-30,,,,,,,,,,,,,,
2019-10-31,,,,,,,,,,,,,,
2019-11-01,,,,,,,,,,,,,,
2019-11-04,0.09804565499439678,0.04542932065505365,0.033236281580781846,0.04035876290769762,0.2825402837284491,0.13065875745053132,-0.20585299527946405,0.21309709401177787,0.2752388067861291,0.23407551317780126,-0.20122116284143166,-0.0813529153891034,0.08700529448917178,0.07188715670821018
2019-11-05,,,,,,,,,,,,,,
2019-11-06,,,,,,,,,,,,,,
2019-11-07,,,,,,,,,,,,,,
2019-11-08,,,,,,,,,,,,,,
2019-11-11,-0.10830735130701932,-0.05070462198447573,0.0392649738121322,0.042496150555097825,0.0,0.1492045378906331,-0.25603932014833625,0.24715942479831726,0.31952717014966864,0.2673837515921441,-0.221494700087923,-0.09147314352515994,0.10605265181622489,0.08748628276508008
2019-11-12,,,,,,,,,,,,,,
2019-11-13,,,,,,,,,,,,,,
2019-11-14,,,,,,,,,,,,,,
2019-11-15,,,,,,,,,,,,,,
2019-11-18,-0.09326452008770025,-0.04296054953002164,0.03349136297578816,0.03448244564277586,-0.2610525330327459,-0.12502347058969787,-0.21998083795684525,-0.20753984846230555,-0.2926888746412888,-0.2259649193968301,-0.1941742507768867,-0.08215662781607155,0.10467647355985092,0.08254328553119154
2019-11-19,,,,,,,,,,,,,,
2019-11-20,,,,,,,,,,,,,,
2019-11-21,,,,,,,,,,,,,,
2019-11-22,,,,,,,,,,,,,,
2019-11-25,-0.09472329824663647,-0.042779977311897775,0.03152330106734281,-0.03203540632142741,-0.25704054910046514,0.12199720190507882,-0.24302288803561653,-0.19753042857578396,-0.27177331399477833,-0.22990614854551272,0.1907456444377102,0.0813878954201253,0.1157434053092426,0.0897905417283822
2019-11-26,,,,,,,,,,,,,,
2019-11-27,,,,,,,,,,,,,,
2019-11-29,,,,,,,,,,,,,,
2019-12-02,-0.09750449066948018,-0.045392633155225945,-0.03157378092200066,-0.0303502000280496,-0.2581309743175112,0.12586095984372897,-0.24315439185490048,-0.18987595075033545,-0.2729732791748751,-0.2239786578389918,-0.19059418969720543,-0.08029151686283084,0.11852601546837108,0.09179295941649347
2019-12-03,,,,,,,,,,,,,,
2019-12-04,,,,,,,,,,,,,,
2019-12-05,,,,,,,,,,,,,,
2019-12-06,,,,,,,,,,,,,,
2019-12-09,0.10323080251263492,-0.04881286841230399,0.031235612492544074,-0.029666520983481465,0.2555561522224792,0.12652601034402491,0.24644064354349196,-0.18932953860531676,-0.26271576442467287,0.22639720700473304,0.18954260538713802,0.08092227116054417,0.11709833251245794,0.09252567039417668
2019-12-10,,,,,,,,,,,,,,
2019-12-11,,,,,,,,,,,,,,
2019-12-12,,,,,,,,,,,,,,
2019-12-13,,,,,,,,,,,,,,
2019-12-16,0.10385787284064156,0.05213073711538593,0.04604990744869455,-0.028887608551571815,0.2753045005427063,0.12742219040729408,-0.23539081938492443,0.17156887442898128,0.2651384154300533,0.22131546514163616,-0.18510415015308812,0.08133710090738537,0.1149243153078561,0.09156804233978122
2019-12-17,,,,,,,,,,,,,,
2019-12-18,,,,,,,,,,,,,,
2019-12-19,,,,,,,,,,,,,,
2019-12-20,,,,,,,,,,,,,,
2019-12-23,0.10720662815959678,0.056836170128860296,0.0465596082825769,-0.028143054599826477,0.2701014344387927,0.1159101446165312,-0.24243523395673336,0.17080412615556012,0.2569877645421897,0.22289116504179354,-0.18844800202702408,-0.08290180672401061,0.11580776360043638,0.09496709772606755
2019-12-24,,,,,,,,,,,,,,
2019-12-26,,,,,,,,,,,,,,
2019-12-27,,,,,,,,,,,,,,
2019-12-30,0.11506423039708381,0.06364451823687058,0.04713966529730241,-0.02740396966138128,0.2718549332179796,0.11647255105876866,0.23951079737850994,0.16908995427628173,0.246895617625082,0.22287676942722864,-0.1878617000443276,-0.08289228745297048,0.11313592428563814,0.09615708164057513
2019-12-31,,,,,,,,,,,,,,
2020-01-02,,,,,,,,,,,,,,
2020-01-03,,,,,,,,,,,,,,
2020-01-06,0.10980693023824514,0.06463178185358551,0.04655936441446931,-0.02741458988241828,0.26331627475637637,0.10844301203081971,0.2400841891396668,0.16770742008051484,0.2518669888948811,0.22696333522475565,0.18234160847174427,-0.07867405651600892,0.13101670617302458,0.10117374232348926
2020-01-07,,,,,,,,,,,,,,
2020-01-08,,,,,,,,,,,,,,
2020-01-09,,,,,,,,,,,,,,
2020-01-10,,,,,,,,,,,,,,
2020-01-13,0.10792159384574569,0.06215865017885538,-0.043013835939504516,-0.026668022628246142,-0.2520291570379271,-0.12288724632413182,-0.23569339414212695,-0.16001415064284627,0.2545347682533531,0.21752548006808894,0.18729193057119028,0.07879422303118036,0.14634831273177057,0.10511923460503289
2020-01-14,,,,,,,,,,,,,,
2020-01-15,,,,,,,,,,,,,,
2020-01-16,,,,,,,,,,,,,,
2020-01-17,,,,,,,,,,,,,,
2020-01-21,0.10598316768692208,0.05990084146315714,-0.04256368856833914,-0.025436960803162684,-0.25160057981364525,0.13629739086781384,-0.22981756534637854,-0.1622471212549035,0.25421241025160285,0.22359772656478488,0.18183601611599917,0.07568726345168632,0.14505074070853807,0.10576852710306661
2020-01-22,,,,,,,,,,,,,,
2020-01-23,,,,,,,,,,,,,,
2020-01-24,,,,,,,,,,,,,,
2020-01-27,0.10941007854324948,0.061270850475561106,-0.04135530125401428,-0.026439286162132914,-0.25674050244138835,0.13958340389326487,0.23125310528305884,-0.16087698991206295,-0.2556441504124742,0.23126691594346913,0.18189040253342093,0.0756599503446299,0.12949454813663341,0.09911451466463975
2020-01-28,,,,,,,,,,,,,,
2020-01-29,,,,,,,,,,,,,,
2020-01-30,,,,,,,,,,,,,,
2020-01-31,,,,,,,,,,,,,,
2020-02-03,0.11297800176494975,-0.05741429375249788,-0.040973128787386515,-0.028364362160811535,-0.2554831716277979,-0.12769443849676712,-0.24483597577324215,-0.16620415795339838,-0.26051523758793,0.2254029643310005,0.1899538008901851,0.08022369593108847,0.11634454204490352,0.09361222889804101
2020-02-04,,,,,,,,,,,,,,
2020-02-05,,,,,,,,,,,,,,
2020-02-06,,,,,,,,,,,,,,
2020-02-07,,,,,,,,,,,,,,
2020-02-10,0.12380743601447862,-0.0622646415905636,-0.041502690807862244,-0.028871229308205813,-0.25780602478544296,-0.1259195655168409,-0.24315677469314048,-0.15957009864845303,-0.2593844206794437,-0.2248603992361754,0.19736056014985928,0.08226498201995008,0.10745427292064173,0.08577690362894198
2020-02-11,,,,,,,,,,,,,,
2020-02-12,,,,,,,,,,,,,,
2020-02-13,,,,,,,,,,,,,,
2020-02-14,,,,,,,,,,,,,,
2020-02-18,0.12118077525697735,0.060501899230881534,-0.040523725583537853,-0.02814604903261823,-0.25166667866256953,-0.1253993035342495,0.24625791209676073,-0.1612971725583641,-0.2601719650925594,-0.22857452758847718,0.19987298251636657,0.08315717545471545,0.10740917145796461,0.08584066193395773
2020-02-19,,,,,,,,,,,,,,
2020-02-20,,,,,,,,,,,,,,
2020-02-21,,,,,,,,,,,,,,
2020-02-24,0.12209035764208627,0.06394498239272865,-0.043445737820226225,-0.0306623697914691,-0.2630867620979721,-0.13160924047972183,-0.20784549370220892,-0.16778267857714008,-0.2746887877034346,-0.23758520490898433,0.20542244571087925,0.0872722240411015,-0.09213147072816062,-0.07243224440388668
2020-02-25,,,,,,,,,,,,,,
2020-02-26,,,,,,,,,,,,,,
2020-02-27,,,,,,,,,,,,,,
2020-02-28,,,,,,,,,,,,,,
2020-03-02,-0.10308043110203598,-0.05710493171685107,-0.04294287868918401,-0.03460601431581982,0.25303147045797514,-0.1484713083327113,-0.1897877274794695,-0.18200745023195128,-0.28889884218222234,0.2609436637620306,0.21849274416775055,0.09332888686179423,-0.06888432996832519,-0.0584193207318791
2020-03-03,,,,,,,,,,,,,,
2020-03-04,,,,,,,,,,,,,,
2020-03-05,,,,,,,,,,,,,,
2020-03-06,,,,,,,,,,,,,,
2020-03-09,0.0867486576908768,-0.05349305275162736,-0.0206305152726873,-0.03327111751568314,0.2058700049022565,0.1419170033702746,0.1264473398568273,-0.16656170744224177,-0.22293411224066614,0.2004016577836658,0.1895070753332058,0.0695957369617396,-0.04525544337429928,-0.042735594098185344
2020-03-10,,,,,,,,,,,,,,
2020-03-11,,,,,,,,,,,,,,
2020-03-12,,,,,,,,,,,,,,
2020-03-13,,,,,,,,,,,,,,
2020-03-16,-0.06647075487886772,-0.032130439356957544,-0.017020787210536972,-0.030192112658256425,0.17609115618700438,-0.11462252148249392,0.08934375923699985,-0.11911405805011202,-0.19987124687317023,0.15835330625838268,0.13007682523690486,0.04707552039762701,-0.02660862755324784,-0.02566580440305316
2020-03-17,,,,,,,,,,,,,,
2020-03-18,,,,,,,,,,,,,,
2020-03-19,,,,,,,,,,,,,,
2020-03-20,,,,,,,,,,,,,,
2020-03-23,-0.07761226179453085,-0.03979282332513359,-0.019420628373882212,-0.03912247227519724,-0.18861724442217467,-0.12707095362991266,-0.1116640098685882,-0.1323237307963325,-0.22269395187082053,-0.18093968121441062,0.1353891715119165,0.04624292074450629,-0.03409281311503708,-0.03281603002198122
2020-03-24,,,,,,,,,,,,,,
2020-03-25,,,,,,,,,,,,,,
2020-03-26,,,,,,,,,,,,,,
2020-03-27,,,,,,,,,,,,,,
2020-03-30,0.06477897781558266,-0.03427406739026914,-0.017625270180772503,-0.03601128911827717,-0.15867480060211167,-0.09596461476988521,0.09874073986916719,-0.1025549048100725,-0.16709549906258378,0.15493630928867494,0.12363310287265906,0.042018919723753226,-0.02812036358735065,-0.02787399975807823
2020-03-31,,,,,,,,,,,,,,
2020-04-01,,,,,,,,,,,,,,
2020-04-02,,,,,,,,,,,,,,
2020-04-03,,,,,,,,,,,,,,
2020-04-06,-0.0683818693138273,-0.03722706688968449,-0.017049344019462568,-0.036707946241220694,-0.1745859498566765,-0.10797478956889266,-0.11005636213581567,-0.1108997029164905,-0.18423814676667002,-0.17186425994500043,0.1395116979481014,-0.0473944080663997,-0.03012069900212434,0.02991546982974969
2020-04-07,,,,,,,,,,,,,,
2020-04-08,,,,,,,,,,,,,,
2020-04-09,,,,,,,,,,,,,,
2020-04-13,0.1008278444694864,0.05618893133974158,-0.02527341487992303,-0.05122599103665685,-0.2556728167240281,0.1612423244586026,0.1662224153965469,0.15694321309859494,-0.2649604371137751,-0.2527078444523066,0.21040963037460195,0.07149707351864323,0.04519743133099113,0.0451802554520509
2020-04-14,,,,,,,,,,,,,,
2020-04-15,,,,,,,,,,,,,,
2020-04-16,,,,,,,,,,,,,,
2020-04-17,,,,,,,,,,,,,,
2020-04-20,0.055419780561158,0.03106771018718774,-0.013794460253962873,0.02593044312909201,0.13973347446102768,0.08885991473280283,0.0922511679826982,0.08383504935790692,0.14086279905617818,0.13915581353620493,0.11647362821267625,0.03942005738178352,0.024836302125157812,0.024816463751989825
2020-04-21,,,,,,,,,,,,,,
2020-04-22,,,,,,,,,,,,,,
2020-04-23,,,,,,,,,,,,,,
2020-04-24,,,,,,,,,,,,,,
2020-04-27,0.10845453338790285,0.06143073612751163,-0.02401276466447619,0.049959899441261106,-0.27653263995422506,-0.17579106529173036,0.18370473571840903,0.1639759514432822,-0.27454997543535836,-0.27558326777762177,0.2306494923599737,0.07774665107854747,0.048882423032432766,0.04872586428726717
2020-04-28,,,,,,,,,,,,,,
2020-04-29,,,,,,,,,,,,,,
2020-04-30,,,,,,,,,,,,,,
2020-05-01,,,,,,,,,,,,,,
2020-05-04,0.05776008216004038,0.033298585918134053,-0.012609828668946282,0.025936115417396082,0.14588682689943452,0.0954695603388739,0.0981507525115108,0.08625159140769854,0.14302772599599384,0.1464550309281628,-0.1241487091627705,-0.04157592014013632,0.02607629928142929,0.025865537302387918
2020-05-05,,,,,,,,,,,,,,
2020-05-06,,,,,,,,,,,,,,
2020-05-07,,,,,,,,,,,,,,
2020-05-08,,,,,,,,,,,,,,
2020-05-11,-0.09378099583722532,0.054053059767058556,-0.02024290253595079,-0.040879437536918285,-0.23779856690390488,-0.15576343902084466,-0.16017674837208726,0.13934164843542346,-0.22511491067228306,-0.23863152992313935,0.20338400875291757,-0.0676351265783326,0.04266622600866376,0.042386103970836204
2020-05-12,,,,,,,,,,,,,,
2020-05-13,,,,,,,,,,,,,,
2020-05-14,,,,,,,,,,,,,,
2020-05-15,,,,,,,,,,,,,,
2020-05-18,0.08622209777855455,0.04879454140288339,-0.018312130374540832,-0.03600013719980486,0.2162312711378787,-0.14266842264493235,0.1473653090010857,0.1260329709280582,0.20268725548440772,-0.21945204999852608,-0.18638805376682988,-0.06170782461617765,0.03888200618177764,0.038793010738338365
2020-05-19,,,,,,,,,,,,,,
2020-05-20,,,,,,,,,,,,,,
2020-05-21,,,,,,,,,,,,,,
2020-05-22,,,,,,,,,,,,,,
2020-05-26,-0.09524227989417935,0.05403577824679279,0.020046035199807324,-0.03945088212853087,0.23616574486412895,-0.15619167473514994,-0.16657044934780169,0.13653421618582656,0.21747617102046007,0.23816258589305514,0.20671643875278886,-0.06805562967457436,0.04322738056262169,0.043363183947465474
2020-05-27,,,,,,,,,,,,,,
2020-05-28,,,,,,,,,,,,,,
2020-05-29,,,,,,,,,,,,,,
2020-06-01,0.082678047900087,0.045858203614475665,0.016741637602214986,-0.03317795014266984,0.20117103778537374,-0.12876399765560478,-0.143335224409153,0.11204471631960712,0.1773481862764163,-0.2003595986556203,0.17503020523022156,-0.05714775845363004,0.03681498475493791,0.03723239922771805
2020-06-02,,,,,,,,,,,,,,
2020-06-03,,,,,,,,,,,,,,
2020-06-04,,,,,,,,,,,,,,
2020-06-05,,,,,,,,,,,,,,
2020-06-08,-0.06722139487052814,0.03682583981430758,0.0146200512564297,-0.027560465370045653,0.1678996725202426,0.1041879644961821,-0.12899991452955392,0.09010543794397372,0.14889224759845593,0.17480856046718302,-0.14703264704838154,-0.048940454695100555,0.031564926745716475,0.03183912363550981
2020-06-09,,,,,,,,,,,,,,
2020-06-10,,,,,,,,,,,,,,
2020-06-11,,,,,,,,,,,,,,
2020-06-12,,,,,,,,,,,,,,
2020-06-15,-0.07506214060574253,0.04876513023408156,0.015449028810327168,-0.02870775426552454,0.17428179656167034,0.11083812739818064,-0.17745604619144884,0.09521912880469867,0.14840213161930763,0.1862184623136836,-0.17950569594436105,-0.057060714159192436,0.04141612993617029,0.043414087952639915
2020-06-16,,,,,,,,,,,,,,
2020-06-17,,,,,,,,,,,,,,
2020-06-18,,,,,,,,,,,,,,
2020-06-19,,,,,,,,,,,,,,
2020-06-22,0.06744544360821972,0.044092773004901366,0.01354310159922123,-0.023339911787860466,0.16531472650782214,0.10699913730739942,0.1798180221151305,0.08570761863650038,0.1305191618939232,0.17483075680237914,-0.2605202984481653,-0.07961447142586309,0.03661749831703905,0.038677188190929905
2020-06-23,,,,,,,,,,,,,,
2020-06-24,,,,,,,,,,,,,,
2020-06-25,,,,,,,,,,,,,,
2020-06-26,,,,,,,,,,,,,,
2020-06-29,0.09714187513492303,-0.06211713138439022,0.017137509229462625,-0.0271193919610651,0.23267076779217613,-0.17448446034309287,-0.27030102192685723,0.11671357381538713,-0.182917004715834,0.24954373658838525,0.3522425088187735,0.10582634803015915,0.05494334693188866,0.05684132332760498
2020-06-30,,,,,,,,,,,,,,
2020-07-01,,,,,,,,,,,,,,
2020-07-02,,,,,,,,,,,,,,
2020-07-06,0.10321170255035325,0.06094677036833038,0.01876717359610117,-0.026108237710097907,0.23629545277117028,-0.1746134503192049,0.27121254662318856,0.11675409839801142,-0.1799012431233682,0.25005015005811404,0.34286353711577383,0.10440974363094777,-0.056872972991707446,0.057992920743630744
2020-07-07,,,,,,,,,,,,,,
2020-07-08,,,,,,,,,,,,,,
2020-07-09,,,,,,,,,,,,,,
2020-07-10,,,,,,,,,,,,,,
2020-07-13,0.11419108535017936,0.06026723113251069,0.01864395844680882,-0.0262839973975142,0.2345512683572017,0.1694605529538678,0.273696744328797,0.12053721255603518,-0.17401986842930295,0.2529238055988788,0.33445720010778535,0.09759512926224118,0.06179601941965098,0.06157592665922627
2020-07-14,,,,,,,,,,,,,,
2020-07-15,,,,,,,,,,,,,,
2020-07-16,,,,,,,,,,,,,,
2020-07-17,,,,,,,,,,,,,,
2020-07-20,0.1133184406800274,0.05712674898660275,0.018757960450602445,-0.02713181718729032,0.23485301027561228,0.16722606356737396,-0.26309419437625675,0.12401010253991446,0.1757170589981403,0.24229345242257877,0.35001194825384313,0.10141596579486792,0.06321992858406945,0.06182330788282021
2020-07-21,,,,,,,,,,,,,,
2020-07-22,,,,,,,,,,,,,,
2020-07-23,,,,,,,,,,,,,,
2020-07-24,,,,,,,,,,,,,,
2020-07-27,0.11125035215467285,0.04210705110062367,0.03163758349199454,0.027128493826243407,0.22768366843511562,0.16921075559912546,0.24485604379636125,0.12325395033412898,0.17758966725506214,0.24090540759199602,0.36724715874881464,0.10622322623528228,0.066700954334339,0.06420568709623985
2020-07-28,,,,,,,,,,,,,,
2020-07-29,,,,,,,,,,,,,,
2020-07-30,,,,,,,,,,,,,,
2020-07-31,,,,,,,,,,,,,,
2020-08-03,0.11272118836630511,0.040217527706819155,0.03318797257966175,0.022893658743045903,0.22550135934628227,0.17106591038938374,0.2352583801728278,0.1262243922391008,0.1803898967770487,0.23933145014216037,0.3685638361230902,0.10731075508616215,0.06919886393537719,0.068134808392735
2020-08-04,,,,,,,,,,,,,,
2020-08-05,,,,,,,,,,,,,,
2020-08-06,,,,,,,,,,,,,,
2020-08-07,,,,,,,,,,,,,,
2020-08-10,0.1062182409765813,0.03486248990927003,0.036963497837471646,0.022781041800537954,0.2170353904590268,0.17050874511013175,0.23988515081167314,0.12463300605587352,0.18438233523482217,0.23478677472477527,0.38068017984876146,0.11195608142488957,0.06887640896026655,0.06643065684591945
2020-08-11,,,,,,,,,,,,,,
2020-08-12,,,,,,,,,,,,,,
2020-08-13,,,,,,,,,,,,,,
2020-08-14,,,,,,,,,,,,,,
2020-08-17,0.0694189838373054,0.023961421054612842,0.037644163856979974,0.021117719905188154,0.1997876655276215,0.159181007411145,0.20720211601432684,0.11603604001275201,0.16926440752769742,0.20772328109742866,-0.3506985295888107,-0.10376595496290762,0.06581976839978507,0.05911179579692708
2020-08-18,,,,,,,,,,,,,,
2020-08-19,,,,,,,,,,,,,,
2020-08-20,,,,,,,,,,,,,,
2020-08-21,,,,,,,,,,,,,,
2020-08-24,-0.0747017841340577,0.026386129257022786,0.04618402600818389,0.023770492070577798,0.21826834296376613,0.16769542596744058,-0.2259211566674171,0.13564453441132387,0.20093279353966007,0.22147687556093917,-0.3957337039990125,-0.11713700263473226,0.0757488794705704,0.06717008918246792
2020-08-25,,,,,,,,,,,,,,
2020-08-26,,,,,,,,,,,,,,
2020-08-27,,,,,,,,,,,,,,
2020-08-28,,,,,,,,,,,,,,
2020-08-31,-0.0727737639681517,0.026231928472704464,0.048404101655207955,0.023411838530547374,0.21691870423056853,0.16862738966589078,-0.216597007609196,0.1448833942749505,0.21525601804973674,0.22089596134505055,-0.38917662071755127,-0.11238637325660868,0.07586236107710694,0.06617461744192309
2020-09-01,,,,,,,,,,,,,,
2020-09-02,,,,,,,,,,,,,,
2020-09-03,,,,,,,,,,,,,,
2020-09-04,,,,,,,,,,,,,,
2020-09-08,-0.07628690768525746,-0.026234739318718225,-0.045445972489141576,0.02239520565052993,0.22013931259335814,-0.14915470030016686,-0.2382403437576212,0.14430047095921114,0.19979709130760948,-0.2212911688814836,-0.4187978322433867,-0.11262240504563031,-0.07050101177741949,-0.054792837990465956
2020-09-09,,,,,,,,,,,,,,
2020-09-10,,,,,,,,,,,,,,
2020-09-11,,,,,,,,,,,,,,
2020-09-14,0.07072910813456637,0.024461865786636446,-0.04619589321443835,-0.020714829122765153,0.2166524909531463,-0.13687843955625834,0.22442334458643634,0.15556717941602177,0.20569633863706732,0.21861765880352746,0.43867701832359374,0.11254528125713482,0.07628069046150025,0.05255986174690756
2020-09-15,,,,,,,,,,,,,,
2020-09-16,,,,,,,,,,,,,,
2020-09-17,,,,,,,,,,,,,,
2020-09-18,,,,,,,,,,,,,,
2020-09-21,-0.06915899605794072,-0.023383843775567938,-0.04488504942884579,-0.02031368556024608,-0.21554789342628086,-0.13978871764666134,0.22265214270464773,0.1552867282247729,-0.20034970521840992,-0.21621593301283865,-0.4466775103060987,-0.11800092496595373,-0.07617886172951824,-0.051560007942217295
2020-09-22,,,,,,,,,,,,,,
2020-09-23,,,,,,,,,,,,,,
2020-09-24,,,,,,,,,,,,,,
2020-09-25,,,,,,,,,,,,,,
2020-09-28,-0.060991189737894205,-0.020509950605789612,-0.04567919797242821,-0.019161807272924648,-0.1930887630017609,-0.12935711517753412,-0.20541742311844124,-0.13411041448885477,-0.1821330156987782,-0.19023829598844558,0.4161210815844745,0.112093371414504,-0.07159638724483144,-0.04574523191352942
2020-09-29,,,,,,,,,,,,,,
2020-09-30,,,,,,,,,,,,,,
2020-10-01,,,,,,,,,,,,,,
2020-10-02,,,,,,,,,,,,,,
2020-10-05,-0.0679605384033795,-0.022729164684345236,-0.042855902594988844,-0.020560412820081107,-0.21288234810859916,-0.14761387178733434,0.2317571859938756,-0.14953672260455936,-0.20718977723578913,-0.2091424525038231,-0.43644464978103736,-0.12064124771657884,-0.08022595585134572,-0.050459769914262834
2020-10-06,,,,,,,,,,,,,,
2020-10-07,,,,,,,,,,,,,,
2020-10-08,,,,,,,,,,,,,,
2020-10-09,,,,,,,,,,,,,,
2020-10-12,-0.06686621904579665,-0.02234740412203845,0.04321487184028112,0.020542763208979412,-0.21667178403287168,0.1468158534578129,0.22973673926230723,-0.14421423959242266,0.21189537591679855,-0.20739129211593263,-0.4375374036581955,-0.12508944814380493,0.07827750630857278,0.049399099294185664
2020-10-13,,,,,,,,,,,,,,
2020-10-14,,,,,,,,,,,,,,
2020-10-15,,,,,,,,,,,,,,
2020-10-16,,,,,,,,,,,,,,
2020-10-19,-0.06645473227326573,-0.02258285101402065,0.04299623193042317,0.020062326331945376,-0.2154536215325768,0.1414134305053312,-0.23466359915282917,-0.14834383977417875,0.21774795813175354,0.2114055376086556,-0.4290789442199131,-0.12376763984798318,0.0764249282929677,0.04960435938415618
2020-10-20,,,,,,,,,,,,,,
2020-10-21,,,,,,,,,,,,,,
2020-10-22,,,,,,,,,,,,,,
2020-10-23,,,,,,,,,,,,,,
2020-10-26,0.0690386469976606,0.024565031862230625,-0.0412689545140764,-0.020654159915902266,0.22196244633038947,0.135982016498246,0.24018094926276148,0.1486403682065157,0.21759594019509745,0.21255481561151585,-0.4172006077570317,-0.12257440521567921,0.07639601973475775,0.0513856378981357
2020-10-27,,,,,,,,,,,,,,
2020-10-28,,,,,,,,,,,,,,
2020-10-29,,,,,,,,,,,,,,
2020-10-30,,,,,,,,,,,,,,
2020-11-02,-0.0700865199936831,-0.025435736856802615,-0.03817776955967726,0.024311059642917354,-0.2265868670594091,-0.13652326716543767,0.25924617736776695,-0.14559448069520842,0.2092213479891776,-0.21986560891738136,-0.40512033599353126,-0.12048847799941953,-0.07073464057469606,-0.048607710184891746
2020-11-03,,,,,,,,,,,,,,
2020-11-04,,,,,,,,,,,,,,
2020-11-05,,,,,,,,,,,,,,
2020-11-06,,,,,,,,,,,,,,
2020-11-09,-0.08286387853243324,-0.03376668991406795,0.0,-0.02745331015564694,-0.24333583808818432,0.14823038157202736,-0.2289504495841236,0.15632504835923178,0.23524103421777592,-0.21171899541477937,-0.38414126984668046,-0.12117759398045533,0.07530051103129837,-0.05149499930329497
2020-11-10,,,,,,,,,,,,,,
2020-11-11,,,,,,,,,,,,,,
2020-11-12,,,,,,,,,,,,,,
2020-11-13,,,,,,,,,,,,,,
2020-11-16,-0.08671418467285191,0.037021960856879844,0.038449734643351094,-0.026112061915134852,0.24379468830807532,0.143713630182333,0.22864493072910974,0.15124899469927583,0.23151423466577284,-0.21080253180324263,-0.36254555163970603,-0.11673080911944358,0.07261026679128726,0.05009641997353619
2020-11-17,,,,,,,,,,,,,,
2020-11-18,,,,,,,,,,,,,,
2020-11-19,,,,,,,,,,,,,,
2020-11-20,,,,,,,,,,,,,,
2020-11-23,-0.08857918385173597,-0.03717163330230307,0.03760327641984169,-0.02544082549016374,0.24932618856713315,0.14871507624543054,0.22144686647392808,0.15008174770005028,0.2300088384751547,-0.22531070005130008,-0.35341190272458467,0.11391885088256867,0.07005895014076571,0.04892595967503963
2020-11-24,,,,,,,,,,,,,,
2020-11-25,,,,,,,,,,,,,,
2020-11-27,,,,,,,,,,,,,,
2020-11-30,-0.08945677280231625,-0.03739943107971443,0.035989166648267054,-0.02526987017733841,0.2468143315851312,0.14989987137319205,0.23781552606761605,0.15000116867573235,0.22596047739175568,0.220256735519307,0.34983419588006237,0.11423918061263433,0.0686014670425218,0.048461805144411285
2020-12-01,,,,,,,,,,,,,,
2020-12-02,,,,,,,,,,,,,,
2020-12-03,,,,,,,,,,,,,,
2020-12-04,,,,,,,,,,,,,,
2020-12-07,-0.08369804865490876,-0.03561551519599664,0.03847275570403327,-0.02451561542734239,0.23004289453689358,0.1634642897461333,-0.22945106442206095,0.15389182386395003,0.24537327452412533,0.21141643736149943,-0.34017707987023943,-0.11263883687292314,0.07595459767639413,0.05528776614349967
2020-12-08,,,,,,,,,,,,,,
2020-12-09,,,,,,,,,,,,,,
2020-12-10,,,,,,,,,,,,,,
2020-12-11,,,,,,,,,,,,,,
2020-12-14,-0.08294052681143417,-0.035660577590532,0.03902665906977926,-0.02410018867609243,0.22553400513112298,0.16984626551556883,0.23090726762699482,0.15142710051913721,0.24413034542446693,0.21217867081294486,0.33676950335631484,0.11118045834765568,0.07913973882703655,0.05715869229091975
2020-12-15,,,,,,,,,,,,,,
2020-12-16,,,,,,,,,,,,,,
2020-12-17,,,,,,,,,,,,,,
2020-12-18,,,,,,,,,,,,,,
2020-12-21,0.07437064618451439,0.03315497248448851,0.035886494579961466,-0.022443002053253676,0.20943434810971473,0.15245681413996137,0.20654241529173534,0.13930538207344856,0.21786162202848308,0.1958966182482562,-0.3017305967710906,-0.09948358308887015,0.07219955766199582,0.052765609167210396
2020-12-22,,,,,,,,,,,,,,
2020-12-23,,,,,,,,,,,,,,
2020-12-24,,,,,,,,,,,,,,
2020-12-28,0.07815492828654713,0.03611689235931589,0.0362239081051194,-0.022685794623260005,0.21212548416049945,0.14672298119162622,0.2108332404359168,0.14635671155100372,0.21945557571196875,0.201208026686458,-0.30394339242194846,-0.10032879047047805,0.07876296830340268,0.05732485703662036
2020-12-29,,,,,,,,,,,,,,
2020-12-30,,,,,,,,,,,,,,
2020-12-31,,,,,,,,,,,,,,
2021-01-04,0.08160081354727819,0.03955866866864385,0.041843618636348695,0.024859347248737448,0.2256948967440437,0.151949997165212,0.2255244263977692,0.15605012799099405,0.23453423947014834,0.21408946948781624,0.3288170227996988,0.10892765922092945,0.08440591654609228,0.06393368019021292
2021-01-05,,,,,,,,,,,,,,
2021-01-06,,,,,,,,,,,,,,
2021-01-07,,,,,,,,,,,,,,
2021-01-08,,,,,,,,,,,,,,
2021-01-11,0.08790500114953408,0.0451543447755492,0.049465807448380986,0.030091771878939452,-0.2552371164536324,0.17704927106254553,0.0,0.17637514203862642,-0.260025791035811,-0.24338362861504192,-0.3766036080881815,-0.12420368723245845,0.10113714999798668,0.0733676802233128
2021-01-12,,,,,,,,,,,,,,
2021-01-13,,,,,,,,,,,,,,
2021-01-14,,,,,,,,,,,,,,
2021-01-15,,,,,,,,,,,,,,
2021-01-19,-0.07883122876189509,-0.040053284698120965,0.044306193464924155,-0.02736826167575505,-0.22274167320052882,0.1597536548004635,-0.2277254442067315,0.1550240437595263,-0.2254622635951916,-0.21829240359724505,-0.3308184847814152,-0.1092282185106798,0.09233687351030423,0.06805797143721833
2021-01-20,,,,,,,,,,,,,,
2021-01-21,,,,,,,,,,,,,,
2021-01-22,,,,,,,,,,,,,,
2021-01-25,-0.07780249896123059,-0.03962918006145634,0.045293718061353655,0.026694576465026994,-0.22364504754229173,0.16863248438557252,-0.23418750686748385,0.15453340510897795,0.21468639093698225,-0.21824252033280825,-0.3276761334600906,-0.10866744901843427,0.09312221894693101,0.06718686985135991
2021-01-26,,,,,,,,,,,,,,
2021-01-27,,,,,,,,,,,,,,
2021-01-28,,,,,,,,,,,,,,
2021-01-29,,,,,,,,,,,,,,
2021-02-01,-0.07799951364188015,0.03630010323002203,0.05094198073732548,0.024670267460912006,-0.22488780792739618,-0.16816334493293736,-0.22756843226836776,-0.15177633515262348,-0.21483769124064359,-0.21565648851920446,-0.3330449626417012,-0.11076372448802196,0.09573581436454896,0.06765353339441527
2021-02-02,,,,,,,,,,,,,,
2021-02-03,,,,,,,,,,,,,,
2021-02-04,,,,,,,,,,,,,,
2021-02-05,,,,,,,,,,,,,,
2021-02-08,-0.07345565280695415,0.03246424232285609,0.0507955495566168,0.023251467987336433,-0.21874533898011037,0.16951465887343334,-0.22334156586395612,-0.15207921585228598,-0.2087986777036983,-0.21173618233387131,-0.34800491490764074,-0.11235493527281512,0.09985856608755644,0.07559903145086878
2021-02-09,,,,,,,,,,,,,,
2021-02-10,,,,,,,,,,,,,,
2021-02-11,,,,,,,,,,,,,,
2021-02-12,,,,,,,,,,,,,,
2021-02-16,-0.07698400691812882,0.0314266855500018,0.0548484252706391,0.021177536621291588,0.208253686853421,0.16243354565648394,-0.24788401261707613,0.14379308535039292,0.19801656484089036,-0.22475509790804096,-0.3439988691519204,-0.11293226414476545,0.09607145870382672,0.07742476041312035
2021-02-17,,,,,,,,,,,,,,
2021-02-18,,,,,,,,,,,,,,
2021-02-19,,,,,,,,,,,,,,
2021-02-22,-0.0762028329127564,0.03132141204517716,0.05316170821064493,0.022302796383422217,-0.20429049521154802,0.1619134695028504,-0.25664111926562405,0.14202276028782002,0.1996438677309318,-0.21983939763018373,-0.34514782044910736,-0.11135877937198357,0.10193726617054999,-0.07421627482740038
2021-02-23,,,,,,,,,,,,,,
2021-02-24,,,,,,,,,,,,,,
2021-02-25,,,,,,,,,,,,,,
2021-02-26,,,,,,,,,,,,,,
2021-03-01,-0.08236027807611591,-0.03412492463432882,0.058397349109700895,0.02489489281473669,-0.2212069039199692,0.17108287626870977,-0.2831845464317997,0.13423500649306436,0.20148107616181307,-0.22560037285649384,-0.2877969315263638,-0.10285773287176311,0.10014885740392596,0.0726282514312149
2021-03-02,,,,,,,,,,,,,,
2021-03-03,,,,,,,,,,,,,,
2021-03-04,,,,,,,,,,,,,,
2021-03-05,,,,,,,,,,,,,,
2021-03-08,-0.08527029061829902,-0.0353972736110961,0.05240476061138533,-0.02691986147021111,-0.22831665224757364,0.17672064405757903,-0.2779406554211063,-0.13100421181677138,0.20269039023876487,-0.23252392714674644,-0.2855714604366831,-0.10641212079993212,-0.09389558883094486,-0.06493216269290665
2021-03-09,,,,,,,,,,,,,,
2021-03-10,,,,,,,,,,,,,,
2021-03-11,,,,,,,,,,,,,,
2021-03-12,,,,,,,,,,,,,,
2021-03-15,-0.08695435525781783,-0.036050437253910265,0.053454462550553666,-0.02855184726968478,-0.22929367045921376,0.18233519193460146,-0.27677666745942664,-0.13410743886885448,0.20902495501683444,-0.22025723692190366,-0.28091718682095873,-0.1053906280561445,0.09482698365244008,-0.06205893847765608
2021-03-16,,,,,,,,,,,,,,
2021-03-17,,,,,,,,,,,,,,
2021-03-18,,,,,,,,,,,,,,
2021-03-19,,,,,,,,,,,,,,
2021-03-22,-0.08988031340075599,-0.03722737420486045,0.04518322831939994,-0.028646656294349787,-0.22910963951153995,-0.19349404042869875,-0.2878769833644889,-0.13398672434051426,0.20762925213336816,-0.21448698747717143,-0.2748968559758849,-0.1028171915493684,0.09477051137152724,-0.05999424162807186
2021-03-23,,,,,,,,,,,,,,
2021-03-24,,,,,,,,,,,,,,
2021-03-25,,,,,,,,,,,,,,
2021-03-26,,,,,,,,,,,,,,
2021-03-29,-0.09058926076223725,-0.038257716198754926,0.04002556564435899,-0.029654385997884263,-0.22842961832953373,-0.20312101923268072,-0.28665472686635696,-0.1318559739356925,0.21562997971487263,-0.2085950253408951,-0.27106227324684967,-0.1029594117574941,0.09343579672129289,-0.05972924625109658
2021-03-30,,,,,,,,,,,,,,
2021-03-31,,,,,,,,,,,,,,
2021-04-01,,,,,,,,,,,,,,
2021-04-05,0.08703622762825465,-0.03793237397200062,-0.038358983935673975,-0.03204943212524356,-0.23143915879479682,0.21314423331112364,-0.2839107695411612,-0.13452765668331887,0.2155484009326533,-0.20863982456260569,-0.26726632496237385,-0.099522868873957,0.09222633499259762,0.05839740968423944
2021-04-06,,,,,,,,,,,,,,
2021-04-07,,,,,,,,,,,,,,
2021-04-08,,,,,,,,,,,,,,
2021-04-09,,,,,,,,,,,,,,
2021-04-12,0.09759999026612454,-0.04051369694853757,-0.039438034608423815,-0.03185554014846938,-0.22970557362663319,-0.21016816281612338,-0.2836495726493589,-0.13268529768526938,-0.21653188103040774,0.20341013274637257,-0.26083196589975793,0.10006824373980105,0.09402137032743592,0.059520537507284525
2021-04-13,,,,,,,,,,,,,,
2021-04-14,,,,,,,,,,,,,,
2021-04-15,,,,,,,,,,,,,,
2021-04-16,,,,,,,,,,,,,,
2021-04-19,0.09474925617045907,-0.0408975955939554,0.03886602931666234,0.03208506338124503,0.23598733180077558,0.21828507201024455,0.27250853968823663,0.13552635014110598,-0.2296358624194613,0.2018682781982985,0.2507546886312732,0.09711167789483231,0.09318279887334435,0.058541455880105696
2021-04-20,,,,,,,,,,,,,,
2021-04-21,,,,,,,,,,,,,,
2021-04-22,,,,,,,,,,,,,,
2021-04-23,,,,,,,,,,,,,,
2021-04-26,0.08710926898784992,0.03685453042337435,0.03464717397578149,0.031536207349835615,0.21189202685142722,0.195748837183623,0.24817397327649754,0.12064738837455884,0.20018789833811704,0.18353581504755945,0.2272964067754757,0.08879877397911193,0.08292904319617103,0.053251207558251544
2021-04-27,,,,,,,,,,,,,,
2021-04-28,,,,,,,,,,,,,,
2021-04-29,,,,,,,,,,,,,,
2021-04-30,,,,,,,,,,,,,,
2021-05-03,0.09460554608992613,0.045848597071696424,0.03761332923928095,0.04024578753984884,0.2295351665759942,-0.2059040302169738,0.2728815914382051,0.13329922501205949,0.23024011294254335,0.20009607199114438,0.24693357415359832,0.09702597927737092,0.1034382224821652,0.06233276596919316
2021-05-04,,,,,,,,,,,,,,
2021-05-05,,,,,,,,,,,,,,
2021-05-06,,,,,,,,,,,,,,
2021-05-07,,,,,,,,,,,,,,
2021-05-10,0.09834129111194112,0.05491148069884243,0.03800704349572539,0.045289429411759084,0.22474303111362243,0.19830270766678793,0.2726722964496346,0.13329402373550067,0.22660981509270212,0.196990508040709,0.24814053361847188,0.09741457925377649,0.10427573268447472,-0.061007527626051675
2021-05-11,,,,,,,,,,,,,,
2021-05-12,,,,,,,,,,,,,,
2021-05-13,,,,,,,,,,,,,,
2021-05-14,,,,,,,,,,,,,,
2021-05-17,0.0988552730548231,0.052836105781833384,0.03764982901947744,0.05052374336532021,0.22190457012196427,0.19833905298085358,-0.2841930740074293,0.12846626836336222,0.22260960904973034,0.19779665877223304,-0.2529815827616202,-0.09974297988973235,0.09541570570565128,-0.058685547125969344
2021-05-18,,,,,,,,,,,,,,
2021-05-19,,,,,,,,,,,,,,
2021-05-20,,,,,,,,,,,,,,
2021-05-21,,,,,,,,,,,,,,
2021-05-24,0.1023714511435494,0.055795738621455426,0.036929568846796476,0.05160053031575521,0.21851681623647948,0.20149949874090467,-0.28361002735462537,-0.12857995080068152,0.21827967176321705,0.19849815606092308,0.25067441851131395,-0.1012400629636281,0.09376969217911277,-0.05863441646155761
2021-05-25,,,,,,,,,,,,,,
2021-05-26,,,,,,,,,,,,,,
2021-05-27,,,,,,,,,,,,,,
2021-05-28,,,,,,,,,,,,,,
2021-06-01,0.10642786033926041,0.05361654129791043,0.03481971885997073,0.046701360351100646,0.2073707031246805,0.1929352600792263,-0.2595452626064931,-0.13749555800290836,0.22258620685781502,0.18607032449603192,0.2802676813918163,-0.11263664167553517,0.09997720819314028,-0.05954967272411059
2021-06-02,,,,,,,,,,,,,,
2021-06-03,,,,,,,,,,,,,,
2021-06-04,,,,,,,,,,,,,,
2021-06-07,0.10282809762433202,0.053568663902968404,0.03627892570823323,0.047012084282824614,0.2116473227615562,0.1894454672179173,-0.25717923090296957,-0.13052362981029605,0.21352478603520234,0.1935904547901877,0.28325844720813464,0.11056796685258848,0.1067003393407724,0.06387458356201711
2021-06-08,,,,,,,,,,,,,,
2021-06-09,,,,,,,,,,,,,,
2021-06-10,,,,,,,,,,,,,,
2021-06-11,,,,,,,,,,,,,,
2021-06-14,0.1016805348443201,0.05381277299500143,0.03538791584472589,0.045980013624735826,-0.20861887978201096,0.18606009524450265,-0.2513865625567522,-0.12963465371151847,-0.2090207358620165,0.1989956435542512,0.28597812965914865,0.11690568419704009,0.10743341797243394,0.06910496015154212
2021-06-15,,,,,,,,,,,,,,
2021-06-16,,,,,,,,,,,,,,
2021-06-17,,,,,,,,,,,,,,
2021-06-18,,,,,,,,,,,,,,
2021-06-21,-0.09098927000321796,-0.052749396964208765,0.04213832058861964,0.04701705436613482,-0.205949153448515,-0.18333957668528544,-0.256864616114834,-0.1321095983639072,-0.20849541921358944,-0.19051817437038243,0.2871279040558,0.11343946754539812,0.11105019196398544,0.07821185631612183
2021-06-22,,,,,,,,,,,,,,
2021-06-23,,,,,,,,,,,,,,
2021-06-24,,,,,,,,,,,,,,
2021-06-25,,,,,,,,,,,,,,
2021-06-28,-0.08958400511757696,-0.05261984723400688,0.05140368324809767,0.04405446323862935,-0.207615593690078,-0.18391344800825443,-0.2510899176678653,-0.13530557163526047,-0.20254544590843238,-0.19656845697769892,0.28546079955130943,0.10997991196385692,0.11238371627228338,0.07747513948665004
2021-06-29,,,,,,,,,,,,,,
2021-06-30,,,,,,,,,,,,,,
2021-07-01,,,,,,,,,,,,,,
2021-07-02,,,,,,,,,,,,,,
2021-07-06,-0.09405441140504092,-0.05370311716216679,0.05622255379341518,0.04653263708017966,-0.20999630236141517,-0.1840300566820713,-0.24396834211193255,-0.13276701049331419,-0.18358664548307818,-0.1980600149432696,0.28728575818099056,0.1128518341289383,0.11566056671811153,0.08128074945607587
2021-07-07,,,,,,,,,,,,,,
2021-07-08,,,,,,,,,,,,,,
2021-07-09,,,,,,,,,,,,,,
2021-07-12,-0.09808640251135488,-0.05540116689568056,0.054648773586675345,0.04595470267116899,-0.21101606173173829,-0.18639073058056618,-0.24108982427569173,-0.135557175518166,-0.18445536181663028,-0.19174492731377096,0.28591706868742867,0.11183661261012427,0.11496825234346181,0.0829329394575418
2021-07-13,,,,,,,,,,,,,,
2021-07-14,,,,,,,,,,,,,,
2021-07-15,,,,,,,,,,,,,,
2021-07-16,,,,,,,,,,,,,,
2021-07-19,0.10199197824736118,-0.05560371263661897,-0.047935640767613724,0.046385394361484165,-0.21172158855976736,-0.1931239445708916,0.24296859532370002,-0.13934874468332495,-0.17570974289347832,0.19514545654399953,0.27984178033476415,0.10887004509495019,0.11388251918764042,0.08747085679440562
2021-07-20,,,,,,,,,,,,,,
2021-07-21,,,,,,,,,,,,,,
2021-07-22,,,,,,,,,,,,,,
2021-07-23,,,,,,,,,,,,,,
2021-07-26,0.10420501794613564,-0.05834402850940512,-0.04707274539337397,0.04655707908501596,-0.21759305478525384,-0.19135795798179658,0.2381064343526619,-0.14417651248193114,-0.18119641556121324,-0.19337779420859547,0.27109004234354345,0.10326381461027266,0.11446791378477524,0.08919118895602592
2021-07-27,,,,,,,,,,,,,,
2021-07-28,,,,,,,,,,,,,,
2021-07-29,,,,,,,,,,,,,,
2021-07-30,,,,,,,,,,,,,,
2021-08-02,0.11688886904734658,-0.06765331191636872,-0.05285439446900886,0.049068291575301584,0.0,0.22381147136950763,0.2634221906043513,-0.16470826263751245,-0.20026129891015781,0.21970270424898725,0.29879410455365263,0.1145457126704368,0.12857247040618427,0.09971691759118408
2021-08-03,,,,,,,,,,,,,,
2021-08-04,,,,,,,,,,,,,,
2021-08-05,,,,,,,,,,,,,,
2021-08-06,,,,,,,,,,,,,,
2021-08-09,-0.09699753779274409,-0.05738863104401814,-0.04434331929020184,0.04182996873226243,-0.23664107087254269,-0.20823129616488656,-0.22968835948953745,-0.14805650436401133,-0.1822299074764798,-0.1911080045452085,0.2505137019897868,0.0983283463620137,0.1155624637261812,0.0990808881501254
2021-08-10,,,,,,,,,,,,,,
2021-08-11,,,,,,,,,,,,,,
2021-08-12,,,,,,,,,,,,,,
2021-08-13,,,,,,,,,,,,,,
2021-08-16,-0.09326345072893932,-0.057940940963782925,0.04404256744265086,0.040086103328813516,-0.23450838687416026,0.20406280641259864,0.223646111710819,0.14963134080810137,0.17822418210724142,0.18255921149698556,-0.24536061147832108,-0.09588667769104986,0.13550030204346677,0.11528730691306924
2021-08-17,,,,,,,,,,,,,,
2021-08-18,,,,,,,,,,,,,,
2021-08-19,,,,,,,,,,,,,,
2021-08-20,,,,,,,,,,,,,,
2021-08-23,0.09285347286649732,-0.057243090642108814,-0.04279127416037051,-0.040726025887840196,-0.24493572665421934,-0.1937020446552886,0.2280843408697246,-0.14301700761454614,-0.15984452090997442,0.19182043550982525,0.2516722541154009,0.09733330753133751,0.13615045449739627,0.11982604408546989
2021-08-24,,,,,,,,,,,,,,
2021-08-25,,,,,,,,,,,,,,
2021-08-26,,,,,,,,,,,,,,
2021-08-27,,,,,,,,,,,,,,
2021-08-30,-0.09216349799448625,-0.05687646445750103,-0.04243877812228866,0.037770785018230675,-0.24899472145159451,-0.19547153574063972,-0.23886450421451383,-0.1401126787774549,-0.1577805994340625,-0.18878836782119948,-0.2506103545221662,-0.09742025500255853,0.1345817282430471,0.1181257292002566
2021-08-31,,,,,,,,,,,,,,
2021-09-01,,,,,,,,,,,,,,
2021-09-02,,,,,,,,,,,,,,
2021-09-03,,,,,,,,,,,,,,
2021-09-07,0.09165039430328906,0.055014245141648176,0.041603251652014166,0.035727698604631986,0.24999220320816234,-0.1911356161446531,-0.24664944829427243,0.14114271175634024,-0.15188847443717624,-0.18901382047568072,-0.2502268742563922,-0.09600048854400522,0.13487338827573592,0.12508138490599835
2021-09-08,,,,,,,,,,,,,,
2021-09-09,,,,,,,,,,,,,,
2021-09-10,,,,,,,,,,,,,,
2021-09-13,0.09272226616387094,0.05474375668657125,0.040769649197685345,0.03315592861707645,-0.25428624300391783,-0.19267287610217282,-0.24631157537910667,-0.1427191462456445,-0.15267802666444846,-0.1858296355037073,-0.2521021956334798,0.09482587832435631,0.1321770609747153,0.12500576150324694
2021-09-14,,,,,,,,,,,,,,
2021-09-15,,,,,,,,,,,,,,
2021-09-16,,,,,,,,,,,,,,
2021-09-17,,,,,,,,,,,,,,
2021-09-20,-0.09728759533710525,-0.053746252895930324,0.038879042676463,0.030547909550522764,0.2867008265080278,0.19723399977320652,0.22987374615867687,0.14311691579592056,0.14933751722240488,-0.19100614675170022,-0.24999871806774573,0.09645675260460851,-0.12436965740459915,-0.11144491925308837
2021-09-21,,,,,,,,,,,,,,
2021-09-22,,,,,,,,,,,,,,
2021-09-23,,,,,,,,,,,,,,
2021-09-24,,,,,,,,,,,,,,
2021-09-27,-0.09856285296329033,-0.05492286378190654,0.03961395180393534,0.02646433600794862,-0.2868445473071564,-0.1968165836587599,-0.2296902534378193,-0.14329205850597274,-0.15135672162722366,-0.19651364225647544,-0.24178792025489332,-0.09424601434573625,-0.1243034366551462,-0.11558481739373616
2021-09-28,,,,,,,,,,,,,,
2021-09-29,,,,,,,,,,,,,,
2021-09-30,,,,,,,,,,,,,,
2021-10-01,,,,,,,,,,,,,,
2021-10-04,-0.09942163014269291,-0.05335338503825899,0.04117553387894826,0.024723433757812302,-0.2849809186209204,-0.18534713170327471,-0.2396605867347421,-0.14547106460817777,-0.16179417125230214,-0.20019022126960573,-0.253359222416317,-0.09653993603273348,-0.11252287780327004,-0.10145988674094446
2021-10-05,,,,,,,,,,,,,,
2021-10-06,,,,,,,,,,,,,,
2021-10-07,,,,,,,,,,,,,,
2021-10-08,,,,,,,,,,,,,,
2021-10-11,-0.09747075287838847,-0.052770624193042535,0.040269408960862896,0.021998543935586815,-0.3023824596155704,-0.18790246035427982,-0.2249257259379445,-0.1465152429766985,0.16135258826284476,-0.21046175182400756,-0.2522190183647953,-0.09560534791425696,-0.10993142967667704,-0.09619464510504408
2021-10-12,,,,,,,,,,,,,,
2021-10-13,,,,,,,,,,,,,,
2021-10-14,,,,,,,,,,,,,,
2021-10-15,,,,,,,,,,,,,,
2021-10-18,-0.09132733898609471,0.05168347185153612,0.04540751607546754,0.020623723818305413,-0.2952942578939303,0.18724220961505553,-0.22660293991146502,0.1483492630008928,0.16742201376446564,0.20527198681883055,-0.2604675364515555,-0.0979263081925358,0.11034653965566418,0.09203489396420111
2021-10-19,,,,,,,,,,,,,,
2021-10-20,,,,,,,,,,,,,,
2021-10-21,,,,,,,,,,,,,,
2021-10-22,,,,,,,,,,,,,,
2021-10-25,0.089152826292241,0.04966560980566704,0.04637973894933005,0.019464251885656408,-0.2901979121815699,0.1916285715847111,-0.22974439420260165,0.14213865301772496,0.17002192397922897,0.20440692532189886,-0.26611665439032817,-0.09789917298785854,0.11102930605369238,0.092154059347491
2021-10-26,,,,,,,,,,,,,,
2021-10-27,,,,,,,,,,,,,,
2021-10-28,,,,,,,,,,,,,,
2021-10-29,,,,,,,,,,,,,,
2021-11-01,0.09185922099359074,0.05154129932996778,0.047998502550828735,-0.019074507412039705,-0.2552688964558839,0.19288293030484527,-0.23632799539481494,0.14914630147258498,0.1793171509518425,0.20078739579951407,-0.272161323562083,0.09615628292533666,0.11372611413925553,0.09375207870741184
2021-11-02,,,,,,,,,,,,,,
2021-11-03,,,,,,,,,,,,,,
2021-11-04,,,,,,,,,,,,,,
2021-11-05,,,,,,,,,,,,,,
2021-11-08,0.09893811128982809,0.054729242386092024,0.0484793336768607,-0.018575942871259864,0.26192845159291517,-0.1788024067922148,0.2376597612734335,0.14575961657911946,0.17997496565619683,0.21144186366777726,0.2614292871107864,0.0952356120626632,0.11436016842648837,0.09268523661436491
2021-11-09,,,,,,,,,,,,,,
2021-11-10,,,,,,,,,,,,,,
2021-11-11,,,,,,,,,,,,,,
2021-11-12,,,,,,,,,,,,,,
2021-11-15,0.10423497816351636,0.05646166470902685,-0.04893316421171826,-0.01813206751121992,-0.24896247423035167,-0.1792430182444014,0.2416034187151504,-0.15355988814715085,-0.18079506391084074,-0.2151879456129507,-0.2520689298681415,-0.09310361245578896,0.1156371891863732,0.09207658503336934
2021-11-16,,,,,,,,,,,,,,
2021-11-17,,,,,,,,,,,,,,
2021-11-18,,,,,,,,,,,,,,
2021-11-19,,,,,,,,,,,,,,
2021-11-22,-0.09705457114830358,-0.056692363451053454,-0.05549576997079365,-0.017723611191141547,-0.23808822893531978,-0.1853376394688548,-0.22242069475161053,-0.16245818380086108,-0.2094880448869145,-0.2110756220533462,0.24072019375458661,0.09103732193711557,0.11947482342915247,0.09293293122094637
2021-11-23,,,,,,,,,,,,,,
2021-11-24,,,,,,,,,,,,,,
2021-11-26,,,,,,,,,,,,,,
2021-11-29,-0.10593411056122902,-0.05980698455661231,-0.041717265636631654,-0.018444837812495816,-0.24113685473993812,-0.20014308395757502,0.1891336351802296,-0.17502988509426815,-0.22279405748264935,-0.21790102721644253,0.22990988515810482,0.0881793224939754,0.1168387211346657,0.09303032897518258
2021-11-30,,,,,,,,,,,,,,
2021-12-01,,,,,,,,,,,,,,
2021-12-02,,,,,,,,,,,,,,
2021-12-03,,,,,,,,,,,,,,
2021-12-06,-0.11200087055828084,-0.06303068018966042,-0.038828230086183836,-0.0177904949625378,-0.2428109356027985,-0.20561473311495101,-0.1866878780598905,-0.17932477442611233,-0.23796183006163474,-0.21357051269090954,0.2232039581949525,0.08694941834566282,-0.10514434580885104,-0.08708133789757361
2021-12-07,,,,,,,,,,,,,,
2021-12-08,,,,,,,,,,,,,,
2021-12-09,,,,,,,,,,,,,,
2021-12-10,,,,,,,,,,,,,,
2021-12-13,-0.11117271144507494,-0.06170829301757112,-0.0378987563853153,-0.018042120736131102,-0.2283889485901768,-0.20274685095121012,0.18765522863001843,-0.16668400967019556,-0.21872670755920906,-0.2112585923317134,0.2193714149494881,0.08471059167000003,-0.09862884553035092,-0.07829576181432178
2021-12-14,,,,,,,,,,,,,,
2021-12-15,,,,,,,,,,,,,,
2021-12-16,,,,,,,,,,,,,,
2021-12-17,,,,,,,,,,,,,,
2021-12-20,-0.12066469901429615,-0.06774182764098645,-0.039073660478813305,-0.0187481923316477,-0.2236396674593666,-0.2067530973004404,0.1973643248264889,-0.16587377664566957,-0.22181203646632988,0.22426904805624265,0.22950492560371924,0.0869399148244075,-0.10024575404264104,-0.0769782518109276
2021-12-21,,,,,,,,,,,,,,
2021-12-22,,,,,,,,,,,,,,
2021-12-23,,,,,,,,,,,,,,
2021-12-27,0.12246238595620235,-0.06762290536418586,0.03861213416248623,-0.019677129352199146,0.22544869747655097,0.206219351175108,-0.2001641759907058,0.16620398235576567,-0.22831622372120497,0.2218767182286422,0.24033022014820218,-0.09109506831280663,0.09741523923215542,0.0745557685237846
2021-12-28,,,,,,,,,,,,,,
2021-12-29,,,,,,,,,,,,,,
2021-12-30,,,,,,,,,,,,,,
2021-12-31,,,,,,,,,,,,,,
2022-01-03,0.12125775594832185,0.0738967332023498,0.03795380809268981,-0.01977408410248428,-0.21731090866071137,0.2279553522200618,-0.20178101162168688,0.16694475242684675,0.22062644648788654,-0.22095736409858435,-0.223699679047092,-0.08497058476655463,0.10438050181264634,0.07849101751208322
2022-01-04,,,,,,,,,,,,,,
2022-01-05,,,,,,,,,,,,,,
2022-01-06,,,,,,,,,,,,,,
2022-01-07,,,,,,,,,,,,,,
2022-01-10,0.12008416507163919,0.07174826038321681,0.03903884686487668,0.02086344255668191,0.21556169842836592,0.228005401436169,-0.2126666267356866,0.16625695310559635,0.21959395559417133,-0.21298702384588264,-0.2275136406365083,-0.08754835053599196,-0.10323969668794168,-0.07489193811727186
2022-01-11,,,,,,,,,,,,,,
2022-01-12,,,,,,,,,,,,,,
2022-01-13,,,,,,,,,,,,,,
2022-01-14,,,,,,,,,,,,,,
2022-01-18,0.131520863829774,0.072949824978739,0.03868380610402606,0.019518677660543212,0.21009593473650962,0.22945673072892167,-0.21715655229675077,0.16247398654650286,0.21763631607078235,0.2091258181241987,-0.226731984308566,-0.08919140867988146,-0.10269843850689239,-0.07275965742791196
2022-01-19,,,,,,,,,,,,,,
2022-01-20,,,,,,,,,,,,,,
2022-01-21,,,,,,,,,,,,,,
2022-01-24,0.12896818073022404,0.0734469956760241,0.03913531152616506,0.019341640782620503,-0.20985980411548763,0.23243207537231136,0.21849192540510926,-0.16753873108780581,0.2183319618659096,0.20762527682555332,-0.22594563384112987,-0.09024765531702486,-0.0982750484725766,-0.07035975898205807
2022-01-25,,,,,,,,,,,,,,
2022-01-26,,,,,,,,,,,,,,
2022-01-27,,,,,,,,,,,,,,
2022-01-28,,,,,,,,,,,,,,
2022-01-31,-0.12630165134766577,-0.07174535151522363,0.04048849717893722,0.019926173945867532,-0.21592663244803778,-0.24060735457391935,-0.21966368131367664,-0.16173789820239287,-0.21717098445322258,-0.20792455548812938,-0.22827945411302653,-0.09197766393498365,-0.09290554347244881,-0.06534455801246838
2022-02-01,,,,,,,,,,,,,,
2022-02-02,,,,,,,,,,,,,,
2022-02-03,,,,,,,,,,,,,,
2022-02-04,,,,,,,,,,,,,,
2022-02-07,0.1322383013101451,0.0716618976415779,0.041535672669538164,0.01867130630113199,0.20560137376810955,-0.2567507033177005,0.2170471346701501,-0.16020148440936813,-0.21299975668040685,-0.21054904983897713,-0.22874549366044342,-0.09362626208636492,-0.08865292991639265,-0.0617186337296936
2022-02-08,,,,,,,,,,,,,,
2022-02-09,,,,,,,,,,,,,,
2022-02-10,,,,,,,,,,,,,,
2022-02-11,,,,,,,,,,,,,,
2022-02-14,0.1260251595466863,0.07182607200930591,0.04109857344216681,0.01900636821211882,-0.20483808383514826,-0.28552974832319783,-0.21564857067035992,-0.16129562632639471,-0.2151543583684157,-0.21385373206849975,-0.21368645539484704,-0.09148997859988775,-0.08278201056593402,-0.05776526263703728
2022-02-15,,,,,,,,,,,,,,
2022-02-16,,,,,,,,,,,,,,
2022-02-17,,,,,,,,,,,,,,
2022-02-18,,,,,,,,,,,,,,
2022-02-22,0.1223808911568075,0.07048704729519163,0.04105789785336763,0.01898048539070772,-0.2111999635836176,0.28804651645185125,-0.21906385850739016,0.1600918098460562,-0.2153776222627757,-0.21794270652403025,-0.21060457832647303,-0.09095614383295665,-0.07854761398625981,-0.05526286498251482
2022-02-23,,,,,,,,,,,,,,
2022-02-24,,,,,,,,,,,,,,
2022-02-25,,,,,,,,,,,,,,
2022-02-28,0.1264959966982864,0.06913576976706699,0.052384880636504684,-0.018602975663751586,0.20183646633607807,0.259867348296052,0.2732674811364508,0.15427819186584243,0.2078387610702628,0.20945837778765092,-0.21049683683445716,-0.09201694657096904,-0.07341991840878506,-0.05090004892784174
2022-03-01,,,,,,,,,,,,,,
2022-03-02,,,,,,,,,,,,,,
2022-03-03,,,,,,,,,,,,,,
2022-03-04,,,,,,,,,,,,,,
2022-03-07,0.12226922839701417,0.07022723681684773,0.04829665801650928,0.020564612532996598,-0.2000114412749917,-0.24373314157187048,-0.29158903773529493,0.16505538670002118,-0.20742850649306163,-0.21858027557137014,0.19432237149842133,0.0890789518793647,-0.0758609340742197,-0.052982217438016656
2022-03-08,,,,,,,,,,,,,,
2022-03-09,,,,,,,,,,,,,,
2022-03-10,,,,,,,,,,,,,,
2022-03-11,,,,,,,,,,,,,,
2022-03-14,0.10509742722691784,0.06813202802211903,0.03917518712692067,0.022177502357582753,-0.19249150435733167,-0.24646497501417142,-0.28498467474483014,0.1675497561132467,-0.21837672261768346,-0.235889323966735,-0.1935904695020007,-0.0918597135341579,-0.07918580520347643,-0.05502491021282635
2022-03-15,,,,,,,,,,,,,,
2022-03-16,,,,,,,,,,,,,,
2022-03-17,,,,,,,,,,,,,,
2022-03-18,,,,,,,,,,,,,,
2022-03-21,0.10294920002300109,0.06903485394544615,0.03484811749914899,0.022272450046303054,-0.19245973462466848,-0.25007746897298144,-0.28759460029247563,0.1655968393252805,0.22716149499207608,-0.2384640610140881,-0.18935444898646506,-0.09076301988567034,0.07649395242550862,0.052929757966886315
2022-03-22,,,,,,,,,,,,,,
2022-03-23,,,,,,,,,,,,,,
2022-03-24,,,,,,,,,,,,,,
2022-03-25,,,,,,,,,,,,,,
2022-03-28,0.101826413096906,0.06868776830109229,0.03358892236818159,0.023520659576579454,-0.20086356051829227,-0.2563357909925053,-0.2501617672284333,0.17177564991833785,0.23403296837342175,-0.24917052845285592,-0.18668165268709444,-0.08918175602663096,0.0797258991864625,0.05444666327320662
2022-03-29,,,,,,,,,,,,,,
2022-03-30,,,,,,,,,,,,,,
2022-03-31,,,,,,,,,,,,,,
2022-04-01,,,,,,,,,,,,,,
2022-04-04,-0.1031293802416647,-0.06917738131601653,-0.03230397202723402,0.023839914458055576,0.19126933709609137,-0.2572123745408893,-0.2284962314611011,0.17447985076661557,0.24655775175854933,-0.2451835278696192,-0.18554781733467568,-0.09158726898303755,0.07755421926845105,0.053083650672149554
2022-04-05,,,,,,,,,,,,,,
2022-04-06,,,,,,,,,,,,,,
2022-04-07,,,,,,,,,,,,,,
2022-04-08,,,,,,,,,,,,,,
2022-04-11,0.10484548732579438,-0.07080476043968033,-0.03198107403343135,0.023714431432980736,-0.19311667691607504,0.26372729641431014,-0.2278169454985294,0.1741941033310918,0.2525330407424869,0.2585314486585193,-0.18030574091069976,-0.08826658655371453,0.07729888492068489,0.05286352282200157
2022-04-12,,,,,,,,,,,,,,
2022-04-13,,,,,,,,,,,,,,
2022-04-14,,,,,,,,,,,,,,
2022-04-18,0.09721652212588172,0.06573947560165287,0.029213625628606677,0.024569999727189623,-0.17770265769992427,-0.23814500259443155,-0.2122534314820395,-0.1630674561977151,-0.23830490888202466,-0.24794178702566133,-0.1643652873009542,-0.0814640841914551,-0.07116109336828066,-0.04866999539435359
2022-04-19,,,,,,,,,,,,,,
2022-04-20,,,,,,,,,,,,,,
2022-04-21,,,,,,,,,,,,,,
2022-04-22,,,,,,,,,,,,,,
2022-04-25,-0.08842172406763218,-0.06121157537449382,-0.02694368683306066,0.022047438237113304,-0.16848509630657751,-0.20364756977585416,-0.18224621449968773,-0.13740665934062107,-0.20569278005896463,-0.2309314990336576,-0.15260448686784164,-0.07613373916024666,-0.06620415114164192,-0.04560802003279205
2022-04-26,,,,,,,,,,,,,,
2022-04-27,,,,,,,,,,,,,,
2022-04-28,,,,,,,,,,,,,,
2022-04-29,,,,,,,,,,,,,,
2022-05-02,-0.09686203068743982,-0.06924358054947707,0.02919779749605435,0.02433037609182642,-0.18553126192487798,-0.2041675659287496,-0.174651676075059,-0.15718965265491625,-0.22744088313991698,-0.26045470919051616,-0.16447949736860787,-0.08280469603049723,-0.06756626259100074,-0.04771559053755333
2022-05-03,,,,,,,,,,,,,,
2022-05-04,,,,,,,,,,,,,,
2022-05-05,,,,,,,,,,,,,,
2022-05-06,,,,,,,,,,,,,,
2022-05-09,-0.08828155130484021,-0.06150632950027994,0.02588792284191484,0.022680094311801156,-0.17603436463706826,-0.1683695481528196,-0.1590465735092843,-0.12135075602910199,-0.20118195516283474,-0.2310382743578114,-0.14735164747719803,-0.07370918746895948,-0.05780615217465683,-0.04198534358158769
2022-05-10,,,,,,,,,,,,,,
2022-05-11,,,,,,,,,,,,,,
2022-05-12,,,,,,,,,,,,,,
2022-05-13,,,,,,,,,,,,,,
2022-05-16,-0.09941057116065326,-0.06424213569384103,0.028861774780486394,0.02583899152349325,-0.19279992642889043,-0.1864287716015352,-0.17372014615733394,-0.13377481884177975,-0.21956054733584476,-0.25394552119619934,0.17071787858550708,-0.0829556202902908,-0.06575628440071776,-0.04718574904903339
2022-05-17,,,,,,,,,,,,,,
2022-05-18,,,,,,,,,,,,,,
2022-05-19,,,,,,,,,,,,,,
2022-05-20,,,,,,,,,,,,,,
2022-05-23,-0.09591299009242464,-0.061045239870924126,0.02760530001567888,0.024242924428170297,-0.16468990205381517,-0.1590169452406944,0.16300584785891153,-0.12332683903867443,-0.20531335122568697,-0.19898607030976526,-0.15955596289079443,-0.077016908901986,-0.059990603572143315,-0.043958161029403524
2022-05-24,,,,,,,,,,,,,,
2022-05-25,,,,,,,,,,,,,,
2022-05-26,,,,,,,,,,,,,,
2022-05-27,,,,,,,,,,,,,,
2022-05-31,-0.12409869280844722,-0.08153100193525467,0.035596690712996794,0.03023109643609073,0.21132049907224143,0.20349144685627363,0.1987416376139969,0.15616081589554776,0.26440133592048853,0.2609546873634986,0.20556244653880354,-0.09718950475730624,-0.07564567321310299,-0.055074470875950736
2022-06-01,,,,,,,,,,,,,,
2022-06-02,,,,,,,,,,,,,,
2022-06-03,,,,,,,,,,,,,,
2022-06-06,-0.12562390085060404,-0.07798272430998315,0.03661935528814178,0.028824888318880693,0.21025969635059538,0.2011160528425449,-0.19265791857998157,0.1528761040175681,0.27177351900554575,0.2534462990248298,0.21616714677641638,0.10230090306343671,0.07573894809931639,-0.05461254347215509
2022-06-07,,,,,,,,,,,,,,
2022-06-08,,,,,,,,,,,,,,
2022-06-09,,,,,,,,,,,,,,
2022-06-10,,,,,,,,,,,,,,
2022-06-13,0.1390923177747243,0.08202214472946545,0.043062596918612764,0.028901044678421518,-0.22004236763266413,-0.19060251758540617,-0.19473006566528936,-0.1509847488866384,0.26223015358052054,0.24904532138807742,-0.21041622666031223,-0.10184563312712928,-0.07297328618252705,-0.05405157519021105
2022-06-14,,,,,,,,,,,,,,
2022-06-15,,,,,,,,,,,,,,
2022-06-16,,,,,,,,,,,,,,
2022-06-17,,,,,,,,,,,,,,
2022-06-21,-0.10722535055387335,-0.060788887532214925,0.036473847470086945,-0.01962306882569299,-0.16680986307590423,-0.13067266241458214,-0.12840609942163553,-0.10934797811941867,-0.19575613674017095,0.1514610351514706,-0.15421988126278494,-0.07756186096270369,-0.05515449780764715,-0.041509299289846265
2022-06-22,,,,,,,,,,,,,,
2022-06-23,,,,,,,,,,,,,,
2022-06-24,,,,,,,,,,,,,,
2022-06-27,-0.09884667555149522,-0.05523733843681893,-0.03253665057919865,-0.017327332731049742,-0.14839136438602607,-0.11830588339898798,-0.11521354685398719,-0.09875151537210222,-0.17437042778808798,0.13449612581548054,-0.1362784500842141,-0.06842279128860046,-0.04860757454567413,-0.036953448052920834
2022-06-28,,,,,,,,,,,,,,
2022-06-29,,,,,,,,,,,,,,
2022-06-30,,,,,,,,,,,,,,
2022-07-01,,,,,,,,,,,,,,
2022-07-05,-0.09594070916674605,-0.051676149981807605,-0.03163760065306331,-0.015977424843945542,-0.14084354561205922,-0.11259159219855001,-0.11622830498425073,-0.09524546234187702,-0.16529340767405357,-0.13130644787025253,0.12778159223598326,0.06535732294955962,-0.04723156925262045,-0.03570549238970458
2022-07-06,,,,,,,,,,,,,,
2022-07-07,,,,,,,,,,,,,,
2022-07-08,,,,,,,,,,,,,,
2022-07-11,-0.09275859715911054,-0.05086411505675415,-0.031062255792370857,-0.015007308509490062,-0.13440191983255498,-0.1070817351045978,-0.11316924679271202,-0.09087489734766352,-0.1607505226002167,-0.1279493991742885,0.12392483734676908,0.06343033469807306,-0.046146273163057534,-0.035084792599819815
2022-07-12,,,,,,,,,,,,,,
2022-07-13,,,,,,,,,,,,,,
2022-07-14,,,,,,,,,,,,,,
2022-07-15,,,,,,,,,,,,,,
2022-07-18,-0.12281405665959427,-0.06541116272515161,-0.03989852256330399,0.01955343922042669,-0.17528050293540212,-0.14051910030973605,-0.14633587305958035,-0.11882887484439111,-0.2068843963428701,-0.1683650785363041,0.1655299392591081,0.0847249890044175,0.06072280253739445,0.04685318887820642
2022-07-19,,,,,,,,,,,,,,
2022-07-20,,,,,,,,,,,,,,
2022-07-21,,,,,,,,,,,,,,
2022-07-22,,,,,,,,,,,,,,
2022-07-25,-0.15524098975355594,-0.08504234815909158,-0.051258300918636486,0.02528316937782288,-0.2205265647820409,-0.18278436835039386,-0.18992566788608015,0.1562743400152933,0.27332049001202685,-0.2120606031510335,0.20473449322321907,0.10683461214613175,0.07732986822235716,0.05938418400231642
2022-07-26,,,,,,,,,,,,,,
2022-07-27,,,,,,,,,,,,,,
2022-07-28,,,,,,,,,,,,,,
2022-07-29,,,,,,,,,,,,,,
2022-08-01,-0.1276497428080652,0.06402806541099375,-0.04159067792665964,0.021371257031366064,-0.17904706713481264,0.15248720753825604,0.1573402008658206,0.12875434481455292,0.22521998098948903,0.17587598075551314,0.169469176269152,0.08744282220488075,0.06652176277742278,0.05063819784524464
2022-08-02,,,,,,,,,,,,,,
2022-08-03,,,,,,,,,,,,,,
2022-08-04,,,,,,,,,,,,,,
2022-08-05,,,,,,,,,,,,,,
2022-08-08,0.08814858466706,0.04328758828481939,-0.02919346574517175,0.014959864684011457,0.12346890850800304,0.11359781309096043,0.10434327634064842,0.095389804338663,0.16046146631909608,0.12311956407945764,0.11320294437828299,0.06047835375969437,0.04907122078635852,0.037254507647474976
2022-08-09,,,,,,,,,,,,,,
2022-08-10,,,,,,,,,,,,,,
2022-08-11,,,,,,,,,,,,,,
2022-08-12,,,,,,,,,,,,,,
2022-08-15,0.08928729457449645,0.04423094110494882,-0.030862401812809245,0.015203535136740571,0.12028127477160205,0.10818840466233087,0.10058657228339059,0.09367454473176864,0.1549963832087166,0.12003977739205818,0.11159005981103363,0.05916188671510527,0.049837093439487015,0.038318632278847055
2022-08-16,,,,,,,,,,,,,,
2022-08-17,,,,,,,,,,,,,,
2022-08-18,,,,,,,,,,,,,,
2022-08-19,,,,,,,,,,,,,,
2022-08-22,0.1576525327352805,0.07733330454176031,-0.05327112380950279,0.025939508743160488,-0.21458323257497097,-0.19507997545269595,-0.17231041416842904,-0.16365250545282997,-0.2682577365452488,-0.2179485255705106,-0.19210012493960163,-0.10339538000808472,0.08991768093568318,0.06855795452224125
2022-08-23,,,,,,,,,,,,,,
2022-08-24,,,,,,,,,,,,,,
2022-08-25,,,,,,,,,,,,,,
2022-08-26,,,,,,,,,,,,,,
2022-08-29,-0.08845662052765739,-0.04360575666198691,0.029392363953434277,0.014887082636000191,-0.12764516453148259,-0.11102784343747271,-0.09675355907566138,-0.09101577778597883,-0.14721908829572525,-0.1262082651070737,-0.10946038242451822,-0.059483440460025884,-0.05098136235406938,-0.039277315769945274
2022-08-30,,,,,,,,,,,,,,
2022-08-31,,,,,,,,,,,,,,
2022-09-01,,,,,,,,,,,,,,
2022-09-02,,,,,,,,,,,,,,
2022-09-06,-0.08841934172209459,-0.04396046684086739,-0.02832021841924319,0.015010355006500149,-0.12625298088583417,-0.11173451818403764,-0.09527725197835324,-0.08970222738699052,-0.14702110788139136,-0.12638704221981623,-0.10715976679700767,-0.05779168985601057,-0.05105951606028129,-0.03965801917095566
2022-09-07,,,,,,,,,,,,,,
2022-09-08,,,,,,,,,,,,,,
2022-09-09,,,,,,,,,,,,,,
2022-09-12,-0.08411189727221255,-0.03816252309565291,-0.025611850460316225,-0.014391111914559305,-0.11698529788711184,-0.1067500092125279,-0.09034658248818267,-0.08457073403238502,-0.14427982084649013,-0.11588680810149432,-0.10248277916569679,-0.054222503786327016,-0.05012815822757628,-0.03854657041574659
2022-09-13,,,,,,,,,,,,,,
2022-09-14,,,,,,,,,,,,,,
2022-09-15,,,,,,,,,,,,,,
2022-09-16,,,,,,,,,,,,,,
2022-09-19,-0.10781064967677796,0.04684995854129388,-0.030919473124646303,-0.017956699012907907,-0.14103678715940002,-0.1489039885740716,-0.11693313766821029,-0.10924497490185102,-0.16960858817360538,-0.17993539637495198,-0.1359238719997211,-0.06962598645888304,-0.06129548463352326,-0.04718512079692165
2022-09-20,,,,,,,,,,,,,,
2022-09-21,,,,,,,,,,,,,,
2022-09-22,,,,,,,,,,,,,,
2022-09-23,,,,,,,,,,,,,,
2022-09-26,-0.08455346307877362,-0.03648312881502335,-0.025291769123784613,-0.014761453252035676,-0.10804002015455343,-0.0951901414454418,-0.09579342412647093,-0.08539772689859104,-0.1346250532560424,-0.1372321824900461,-0.10569478259113846,-0.057069200419606364,-0.052140883005130714,-0.0399314342321195
2022-09-27,,,,,,,,,,,,,,
2022-09-28,,,,,,,,,,,,,,
2022-09-29,,,,,,,,,,,,,,
2022-09-30,,,,,,,,,,,,,,
2022-10-03,-0.08767391699518794,0.03550361007742122,-0.0297978749888363,-0.01774024987415679,-0.12128226193118366,-0.09591146735600532,-0.1088480137271125,-0.08911790501417521,-0.1429905494196678,-0.1403957668521213,-0.10980643128275927,-0.059030355880947544,-0.05561638188752262,-0.04409916418445639
2022-10-04,,,,,,,,,,,,,,
2022-10-05,,,,,,,,,,,,,,
2022-10-06,,,,,,,,,,,,,,
2022-10-07,,,,,,,,,,,,,,
2022-10-10,-0.07563731960119326,-0.03068826344973131,0.027859826923852044,-0.01703561016535615,-0.10235701743341279,-0.08175291479101886,-0.09746325845374258,-0.08068962174041829,-0.12143300334996017,-0.1166564175630964,-0.09857474321796522,-0.05365637564460186,-0.0467190418143293,-0.03774014793677482
2022-10-11,,,,,,,,,,,,,,
2022-10-12,,,,,,,,,,,,,,
2022-10-13,,,,,,,,,,,,,,
2022-10-14,,,,,,,,,,,,,,
2022-10-17,-0.07608060048368896,-0.03074774676559752,0.027991561239625314,-0.01737544099912549,-0.10304691261833747,-0.07582946618551863,-0.09870219674215171,-0.07997967031225224,-0.12124463001228221,-0.1176777184202319,-0.09951885754704627,-0.05446351346670569,-0.045830213299651125,-0.0368479858040867
2022-10-18,,,,,,,,,,,,,,
2022-10-19,,,,,,,,,,,,,,
2022-10-20,,,,,,,,,,,,,,
2022-10-21,,,,,,,,,,,,,,
2022-10-24,0.15144449777446928,0.06161423780395065,0.05740720322319422,-0.03613115578682851,0.20952607474770432,0.1522090820151266,-0.19301471429740744,-0.15655147483384588,0.24184488174917282,-0.23433419735696873,-0.2087141948649418,-0.11157143271003238,0.09095146918123428,0.07537459382059786
2022-10-25,,,,,,,,,,,,,,
2022-10-26,,,,,,,,,,,,,,
2022-10-27,,,,,,,,,,,,,,
2022-10-28,,,,,,,,,,,,,,
2022-10-31,-0.15601090023161088,-0.06570208512639322,0.05929841667712595,-0.03467569645727318,0.2053291280909389,0.14785406000350151,-0.2080649516514966,-0.15548327597210104,0.24214428179184808,-0.2332233166587534,-0.21209768265816478,-0.11093818827697542,0.09267489455845587,0.07650312184536127
2022-11-01,,,,,,,,,,,,,,
2022-11-02,,,,,,,,,,,,,,
2022-11-03,,,,,,,,,,,,,,
2022-11-04,,,,,,,,,,,,,,
2022-11-07,0.0942790315905708,0.039134819761292614,0.03773261739529696,-0.021169488754009296,0.1220417109576594,0.08885072410236068,-0.1373079526529131,0.09309649315680736,0.14295935841872617,0.1383802621675507,-0.14352548550233393,-0.07399806233696611,0.05797631655309218,0.04809123771055174
2022-11-08,,,,,,,,,,,,,,
2022-11-09,,,,,,,,,,,,,,
2022-11-10,,,,,,,,,,,,,,
2022-11-11,,,,,,,,,,,,,,
2022-11-14,0.06491468245599943,0.029638905094775094,0.028110104228071562,-0.016300048508784352,0.08773222021168425,0.06215474537050781,0.08306990033730699,0.06692392559463746,0.10674319552305558,0.09106276688102648,0.09884075289649041,-0.052966652947091915,0.04062933055489687,0.033034242093427965
2022-11-15,,,,,,,,,,,,,,
2022-11-16,,,,,,,,,,,,,,
2022-11-17,,,,,,,,,,,,,,
2022-11-18,,,,,,,,,,,,,,
2022-11-21,0.06279178834691268,0.02871307778376402,-0.027273205477270787,0.015707955153930444,0.08562541482792971,0.060308103930010605,0.0799376760126224,0.06430224178369696,0.10462649620794279,0.0875735654817782,0.0942824380822755,0.04938927151472554,0.039654277369588126,0.032180171931211976
2022-11-22,,,,,,,,,,,,,,
2022-11-23,,,,,,,,,,,,,,
2022-11-25,,,,,,,,,,,,,,
2022-11-28,0.06250843961265133,0.028240308260365617,-0.02729594261964724,0.015262813051916896,0.08308817135783103,0.05867619148498914,0.07850155236449015,0.06298661511805716,0.1032376214376027,0.08475374758027125,0.0934949069442905,0.0484842461022623,0.04033891143365577,0.03278095634945913
2022-11-29,,,,,,,,,,,,,,
2022-11-30,,,,,,,,,,,,,,
2022-12-01,,,,,,,,,,,,,,
2022-12-02,,,,,,,,,,,,,,
2022-12-05,0.07653699438950841,0.034289604078069684,-0.03503701593556593,-0.018669881880251104,0.10469919667714266,0.07311130430846141,0.09491488957460015,0.07800399631573732,-0.12660444025678422,0.10551857918387347,0.11640122835400112,0.05992199070007492,0.049642041803382525,0.03991364696012604
2022-12-06,,,,,,,,,,,,,,
2022-12-07,,,,,,,,,,,,,,
2022-12-08,,,,,,,,,,,,,,
2022-12-09,,,,,,,,,,,,,,
2022-12-12,0.09031424911043684,0.04137351893606964,-0.042297280639583254,0.020788782248985414,0.12751340962519878,0.08675742628943943,0.11268878967810375,0.09496466389709239,-0.15251550121008295,0.12722775064266717,0.1332858457301716,0.06713953922582118,0.061441397010581225,-0.0494810614705862
2022-12-13,,,,,,,,,,,,,,
2022-12-14,,,,,,,,,,,,,,
2022-12-15,,,,,,,,,,,,,,
2022-12-16,,,,,,,,,,,,,,
2022-12-19,0.11204159194719975,0.051472690586642784,-0.05288925310236633,-0.02510001971850934,0.1579011622632074,0.10622285475416933,0.13420441393690588,0.1141450539099262,-0.19143471568745923,0.15627534847394597,0.1647430853952982,0.08317820747584212,-0.0758599154611151,-0.06081386076800393
2022-12-20,,,,,,,,,,,,,,
2022-12-21,,,,,,,,,,,,,,
2022-12-22,,,,,,,,,,,,,,
2022-12-23,,,,,,,,,,,,,,
2022-12-27,0.13626365908619043,0.06235887796785599,0.0671377818292461,-0.030120253588503062,0.20706176702889253,0.1427185928581118,0.14455389986926748,0.14219596812895685,-0.23925440205474813,0.1961595377544854,-0.2131112093795918,-0.104967037955244,-0.09283437754226868,-0.0732235075787549
2022-12-28,,,,,,,,,,,,,,
2022-12-29,,,,,,,,,,,,,,
2022-12-30,,,,,,,,,,,,,,
2023-01-03,0.14998048216874452,0.07339281672978484,-0.07204097386392039,-0.030366492779266094,0.21265030607807847,-0.15529526986822279,0.14758384522689255,-0.15405832937594885,-0.2566136312803043,0.210291585906745,-0.2455006758446914,-0.11349121279895688,-0.10059607584016457,-0.07813830223827929
2023-01-04,,,,,,,,,,,,,,
2023-01-05,,,,,,,,,,,,,,
2023-01-06,,,,,,,,,,,,,,
2023-01-09,0.12421307728299737,0.06181982651087515,0.06078213570339932,-0.024887477848264335,0.18687149913046375,-0.1329168466301169,0.1218409253289743,0.1239352168575645,0.20982045244319875,0.17969456603164183,0.20377376045844703,-0.09407558952753885,-0.08803745021038627,-0.06757649200766382
2023-01-10,,,,,,,,,,,,,,
2023-01-11,,,,,,,,,,,,,,
2023-01-12,,,,,,,,,,,,,,
2023-01-13,,,,,,,,,,,,,,
2023-01-17,0.07580082758642726,0.03827684835002371,0.036703136424134274,-0.014439836582219421,0.11126899396485036,0.08328261712724394,0.07027260483097746,0.07584187294758185,0.12774708399238882,0.10665030585011383,-0.11933029800127443,-0.0547350911066524,0.054857159628142346,0.041491038760512244
2023-01-18,,,,,,,,,,,,,,
2023-01-19,,,,,,,,,,,,,,
2023-01-20,,,,,,,,,,,,,,
2023-01-23,0.07673230024802224,-0.038033630094884724,0.0370761732936665,-0.014347365935083577,0.1152671004203955,0.08632931564488887,0.07003568816192231,0.0766397421646848,0.12912477259742183,0.10976642009111798,0.11964586360655904,0.054959095115009085,0.05556451843892198,0.04158375083526741
2023-01-24,,,,,,,,,,,,,,
2023-01-25,,,,,,,,,,,,,,
2023-01-26,,,,,,,,,,,,,,
2023-01-27,,,,,,,,,,,,,,
2023-01-30,0.10277890032388573,-0.051154126835026716,-0.04930991995635524,-0.01924757294775243,0.16181506501406007,0.12030446619978268,0.09542061171531029,0.10691795809974682,0.1763868727356666,-0.14811895184900936,0.1628620124358188,0.07677280855624428,0.07590684209663288,0.05648601841764415
2023-01-31,,,,,,,,,,,,,,
2023-02-01,,,,,,,,,,,,,,
2023-02-02,,,,,,,,,,,,,,
2023-02-03,,,,,,,,,,,,,,
2023-02-06,0.13937605375519194,-0.0716468178166388,0.0699432830805037,-0.028773327421966966,0.22869223371188277,-0.17886960367810492,-0.13487960090940132,-0.14888375350404665,0.2540546744365469,-0.2085536644117351,-0.22821917051519527,0.110440995891477,0.11422250035890935,0.08344432050839937
2023-02-07,,,,,,,,,,,,,,
2023-02-08,,,,,,,,,,,,,,
2023-02-09,,,,,,,,,,,,,,
2023-02-10,,,,,,,,,,,,,,
2023-02-13,-0.14402981327082828,-0.0723280631387511,-0.06337255860120461,-0.025687177995881137,-0.23275408398405603,-0.19450049279275491,-0.1290419325753267,-0.15034389157202813,0.26045447677390654,0.20305095569097664,-0.21920922243063506,-0.10332601371413064,0.11811278316019043,0.08378853429932988
2023-02-14,,,,,,,,,,,,,,
2023-02-15,,,,,,,,,,,,,,
2023-02-16,,,,,,,,,,,,,,
2023-02-17,,,,,,,,,,,,,,
2023-02-21,-0.08485075014322982,-0.04367023679272555,-0.03949630334706533,-0.014821816043562102,-0.14566775818209346,-0.11723693931988886,-0.07772688512139292,-0.09026452664359433,-0.1527094510005082,-0.13960093613743307,-0.12927648292599156,-0.061204224105362415,-0.06826853359644136,0.04891294250465561
2023-02-22,,,,,,,,,,,,,,
2023-02-23,,,,,,,,,,,,,,
2023-02-24,,,,,,,,,,,,,,
2023-02-27,-0.07429818467610781,-0.03762009678636232,-0.03473692863606325,-0.012656822054761959,-0.1328749379300705,-0.10372739541150904,-0.06888426381228946,-0.07988687853103052,-0.13564665171043827,-0.12489964124435998,-0.11333152639709819,-0.05409353865964824,-0.06003872839932322,-0.042757206317496084
2023-02-28,,,,,,,,,,,,,,
2023-03-01,,,,,,,,,,,,,,
2023-03-02,,,,,,,,,,,,,,
2023-03-03,,,,,,,,,,,,,,
2023-03-06,-0.08718148144664763,-0.045928636224342866,0.03950572274478516,0.013521648088319332,-0.15464477517706757,-0.12555958250227037,-0.08067496775089456,-0.09456846128005499,-0.16244829903357813,-0.14628146797298058,-0.1303593487751231,-0.06235166048712557,-0.07202549333692271,-0.051390346989901664
2023-03-07,,,,,,,,,,,,,,
2023-03-08,,,,,,,,,,,,,,
2023-03-09,,,,,,,,,,,,,,
2023-03-10,,,,,,,,,,,,,,
2023-03-13,0.131786884116335,-0.06885503759701347,-0.06595154417797985,-0.023268754237741676,0.24088989403775077,0.1911550011542619,-0.13373052614656483,-0.15139545085897468,-0.26832308515674025,0.21761613299485005,0.20231868449542467,0.10202372997200113,-0.11736995935419699,-0.0853153157001648
2023-03-14,,,,,,,,,,,,,,
2023-03-15,,,,,,,,,,,,,,
2023-03-16,,,,,,,,,,,,,,
2023-03-17,,,,,,,,,,,,,,
2023-03-20,0.13083852255088413,0.07015968533063167,-0.06349481287291858,-0.02476460541928282,0.23260556884896616,0.20185326448814736,0.14019626708832847,-0.16212187503019243,-0.27156657031938464,-0.20416856634899913,0.1897119566261522,0.10188730853405391,-0.11932965362459184,0.0873013429174668
2023-03-21,,,,,,,,,,,,,,
2023-03-22,,,,,,,,,,,,,,
2023-03-23,,,,,,,,,,,,,,
2023-03-24,,,,,,,,,,,,,,
2023-03-27,0.10946847327375503,0.06533304559712196,-0.053448473173490024,-0.02242970400847216,0.19603562541534794,0.17529112713801193,0.14487422237767375,-0.1421439362793916,-0.23558176554275861,0.1781703768168485,0.15793056742570327,0.08879367178226803,0.10559747583990427,0.0784859848129746
2023-03-28,,,,,,,,,,,,,,
2023-03-29,,,,,,,,,,,,,,
2023-03-30,,,,,,,,,,,,,,
2023-03-31,,,,,,,,,,,,,,
2023-04-03,0.07833923228199666,0.04753938010966376,-0.03676246860629792,-0.016206422364538363,0.13919560223836075,0.12342814220632382,0.10605386847901721,0.09934421297324653,0.17019971442129347,0.1292899351696377,0.11589546781864453,0.0665102518276326,0.07692177481192754,0.05765555245462919
2023-04-04,,,,,,,,,,,,,,
2023-04-05,,,,,,,,,,,,,,
2023-04-06,,,,,,,,,,,,,,
2023-04-10,0.07699236410385207,0.04555973632912434,0.03818235020514243,-0.016109458674051523,0.14703852390776376,0.12914928698692377,0.10368369213397363,0.10924961889972207,0.1985603766775253,0.1321047981266426,0.1145386797161083,0.06608802120178243,0.07841557985222827,0.0579576105889083
2023-04-11,,,,,,,,,,,,,,
2023-04-12,,,,,,,,,,,,,,
2023-04-13,,,,,,,,,,,,,,
2023-04-14,,,,,,,,,,,,,,
2023-04-17,0.09563747944379176,0.05766923430706618,0.04919125262415156,-0.02048879736151712,0.18673331934514434,0.16157124171666512,-0.14776902329750585,0.13301394621176063,0.24667146803463758,0.1660258081625733,-0.1485247069968165,-0.08793668223241931,0.09983137635124593,0.07309323671042524
2023-04-18,,,,,,,,,,,,,,
2023-04-19,,,,,,,,,,,,,,
2023-04-20,,,,,,,,,,,,,,
2023-04-21,,,,,,,,,,,,,,
2023-04-24,0.09820457647782153,0.06066550437221829,0.049572337802778345,-0.021592745901028196,0.18935823261873486,0.16493529546215366,-0.15334522162016043,0.13721384803337658,0.2608990554467105,0.17047941128560842,-0.1559947794402765,-0.09371701922428637,0.10812749628350013,0.07880272475975249
2023-04-25,,,,,,,,,,,,,,
2023-04-26,,,,,,,,,,,,,,
2023-04-27,,,,,,,,,,,,,,
2023-04-28,,,,,,,,,,,,,,
2023-05-01,0.11558492074597143,0.07158905104914619,0.05663650165336305,-0.026007401070968404,0.21721444217385993,0.1896614746380346,-0.17037898161554205,-0.1609339531028576,-0.3034365294844279,0.20017716780374029,-0.17359025652865015,-0.10147741157695152,0.12193488467083315,0.09137702388565383
2023-05-02,,,,,,,,,,,,,,
2023-05-03,,,,,,,,,,,,,,
2023-05-04,,,,,,,,,,,,,,
2023-05-05,,,,,,,,,,,,,,
2023-05-08,0.11425870859361908,0.07198012050160305,-0.050036656739867985,-0.024879356767328303,0.22407172112002935,0.1932442624738532,-0.1688146750306349,0.16486460425408378,0.2719776995565652,0.20393913185810364,-0.16383665118702492,-0.09332686389661038,0.11614139344250181,0.09395314430785369
2023-05-09,,,,,,,,,,,,,,
2023-05-10,,,,,,,,,,,,,,
2023-05-11,,,,,,,,,,,,,,
2023-05-12,,,,,,,,,,,,,,
2023-05-15,0.1169761499256044,-0.0687945359662606,-0.05252557162638798,-0.026293496443367707,-0.2261475877177655,0.19494150973943053,-0.1752376530010991,0.16630939625972344,-0.2760298307947949,0.20845125477752388,0.16696679285927482,-0.09557744224925076,-0.12397040114046047,0.10177837749905588
2023-05-16,,,,,,,,,,,,,,
2023-05-17,,,,,,,,,,,,,,
2023-05-18,,,,,,,,,,,,,,
2023-05-19,,,,,,,,,,,,,,
2023-05-22,-0.09179753744186551,-0.05489380539268064,-0.04185071506871833,-0.021577885592384723,-0.18242341801314743,-0.16176150290878674,-0.13894694686083858,-0.13645512572465987,0.22737697282302688,-0.16516132285432825,-0.13679850260192988,-0.07978562063040547,0.1036091447373131,0.086556401591995
2023-05-23,,,,,,,,,,,,,,
2023-05-24,,,,,,,,,,,,,,
2023-05-25,,,,,,,,,,,,,,
2023-05-26,,,,,,,,,,,,,,
2023-05-30,-0.0829271909276303,-0.05035653387752838,-0.03759838264955629,-0.020464311030483462,-0.16896720377426444,-0.15159885171075058,-0.127911095425726,-0.1251458577827286,-0.2063196061368792,-0.1551152713386016,-0.12347602527213539,-0.07337223771315654,0.09220040973334677,0.07452273741071325
2023-05-31,,,,,,,,,,,,,,
2023-06-01,,,,,,,,,,,,,,
2023-06-02,,,,,,,,,,,,,,
2023-06-05,-0.07601465130487677,-0.04655215480903984,0.034072793311982034,0.02090176439753408,-0.15853279177902205,-0.14212548090805652,-0.11792699686926343,-0.11484526527950085,-0.18487509846473948,-0.14264811188093238,-0.1159644347271561,-0.07084451240937334,0.08551461861101745,0.07048135350229658
2023-06-06,,,,,,,,,,,,,,
2023-06-07,,,,,,,,,,,,,,
2023-06-08,,,,,,,,,,,,,,
2023-06-09,,,,,,,,,,,,,,
2023-06-12,-0.1112729516862977,0.07312939578319223,-0.04602058884088485,-0.02930037329479087,-0.22683335080013414,0.2166371050340278,-0.16658269646105223,0.16713544427550162,0.26491257538465107,-0.20618789050780803,-0.1683414926396618,-0.10119056364605192,0.12568362974064257,0.09677194190530317
2023-06-13,,,,,,,,,,,,,,
2023-06-14,,,,,,,,,,,,,,
2023-06-15,,,,,,,,,,,,,,
2023-06-16,,,,,,,,,,,,,,
2023-06-20,-0.11448923905096467,-0.06769139091896322,0.04589838594872575,-0.02768093344313806,0.23010953174464205,0.21384061957768943,-0.1648596693682239,0.15628203535771196,0.25617192977954667,0.216956372166298,-0.1763806338798773,0.10242794306774264,0.12911068204190793,0.09810063365456859
2023-06-21,,,,,,,,,,,,,,
2023-06-22,,,,,,,,,,,,,,
2023-06-23,,,,,,,,,,,,,,
2023-06-26,-0.12283859150179949,0.06626987649853104,-0.04408516508493188,0.027038735942357076,0.2298579923224631,0.21631961098552974,-0.16534753347114484,0.15116779503305752,0.25048911736594326,0.2165262219101912,0.18312688698308122,0.10045523413587891,0.13236715750000963,0.09411008126508122
2023-06-27,,,,,,,,,,,,,,
2023-06-28,,,,,,,,,,,,,,
2023-06-29,,,,,,,,,,,,,,
2023-06-30,,,,,,,,,,,,,,
2023-07-03,-0.12482270365803128,-0.06689313461029044,-0.0453469975413878,0.026706593141874582,0.23020865811288996,0.20986833378635536,-0.17294846955788062,0.14712429829975074,0.24941342975547334,0.21315808749822812,-0.18284602009002854,0.10182867874763298,0.13406239073430412,0.09477220446587202
2023-07-05,,,,,,,,,,,,,,
2023-07-06,,,,,,,,,,,,,,
2023-07-07,,,,,,,,,,,,,,
2023-07-10,-0.13123032014060804,-0.06947788639427711,0.04724374192201095,0.027118565862690923,0.22710088106989726,0.2136438443694906,-0.16393782465287815,-0.15352941649399088,0.24491670041032731,0.21090169866249855,-0.18186634651050304,-0.10086847209177134,0.13306432011373062,0.09509998130532535
2023-07-11,,,,,,,,,,,,,,
2023-07-12,,,,,,,,,,,,,,
2023-07-13,,,,,,,,,,,,,,
2023-07-14,,,,,,,,,,,,,,
2023-07-17,-0.14071853210355878,0.0650203195900659,0.04702193039317757,-0.029041752407790337,0.22389712277057802,0.21652614242215698,0.16277112610201078,-0.15280248010140185,0.24229988850670708,0.20497179980748792,-0.17957324585067477,-0.10217699482656656,0.13581699638118397,0.09736166873663925
2023-07-18,,,,,,,,,,,,,,
2023-07-19,,,,,,,,,,,,,,
2023-07-20,,,,,,,,,,,,,,
2023-07-21,,,,,,,,,,,,,,
2023-07-24,0.1317383930647242,0.060465086704177815,0.04423840692784639,-0.028255674277642685,0.2077582073273225,0.1945329167874451,0.1495920720126959,0.1431975710759454,0.23177399588411457,0.18852148499600896,-0.16891714900670957,-0.09552910866362206,0.12651789450275314,0.08742344949940446
2023-07-25,,,,,,,,,,,,,,
2023-07-26,,,,,,,,,,,,,,
2023-07-27,,,,,,,,,,,,,,
2023-07-28,,,,,,,,,,,,,,
2023-07-31,0.13024747310599918,0.05915719298911353,0.04777386826733455,-0.029654542252402768,0.20798900076833526,0.1929247790442881,0.15393031121387676,0.1448943054908793,0.24563341019222798,0.187324970915217,-0.1799594189268074,-0.1025489736578327,0.1441516622135747,0.0961343747670375
2023-08-01,,,,,,,,,,,,,,
2023-08-02,,,,,,,,,,,,,,
2023-08-03,,,,,,,,,,,,,,
2023-08-04,,,,,,,,,,,,,,
2023-08-07,0.14528192128388992,-0.05947259824408612,0.05451713083167808,0.029455816932190796,0.21021895399205093,-0.19646157473475656,-0.1627538036617649,-0.14020390807163852,-0.26290681878662403,0.19355909984486155,-0.1910042796320748,-0.10652428288406784,0.15174115048291278,0.09589866061740314
2023-08-08,,,,,,,,,,,,,,
2023-08-09,,,,,,,,,,,,,,
2023-08-10,,,,,,,,,,,,,,
2023-08-11,,,,,,,,,,,,,,
2023-08-14,-0.115605648146041,-0.04982906804896706,0.043783435992039016,0.022857647168575072,-0.1680265795455254,-0.15834649933605974,-0.1290070617607209,-0.11346019398913122,-0.2147130970939332,-0.15397509111570792,-0.15179694817902115,-0.08394106491267747,-0.11780296294245757,-0.07378239744400354
2023-08-15,,,,,,,,,,,,,,
2023-08-16,,,,,,,,,,,,,,
2023-08-17,,,,,,,,,,,,,,
2023-08-18,,,,,,,,,,,,,,
2023-08-21,-0.12252942479950232,-0.048636652347060036,0.04360760378182027,-0.023485870239384553,-0.1683987176686027,-0.16119116910574988,-0.12906180076645368,-0.11416360589283696,-0.21685660849158916,-0.15489607805484948,-0.14938962798227984,-0.08197347080680015,-0.1143513178100179,-0.07126823058898052
2023-08-22,,,,,,,,,,,,,,
2023-08-23,,,,,,,,,,,,,,
2023-08-24,,,,,,,,,,,,,,
2023-08-25,,,,,,,,,,,,,,
2023-08-28,-0.11676253663468755,-0.04541337036664641,-0.04189927308922565,-0.02308718432684089,-0.1576958451819689,-0.1483600474968326,-0.12033711362804064,-0.1083056036821895,-0.20994579221408247,-0.14455108812986683,-0.13683995469001475,-0.07293866429257233,-0.10837204838961224,-0.07022756012683615
2023-08-29,,,,,,,,,,,,,,
2023-08-30,,,,,,,,,,,,,,
2023-08-31,,,,,,,,,,,,,,
2023-09-01,,,,,,,,,,,,,,
2023-09-05,-0.16129677307812185,0.058651148971311566,0.060820083318362715,-0.030501636477738948,-0.20267468119737378,-0.19689366523221952,-0.15749035926795918,-0.1418688521897586,-0.28533834943141767,-0.1899973580485682,-0.1826165113836433,-0.09495990986630204,-0.14568525768225477,0.09120541385496765
2023-09-06,,,,,,,,,,,,,,
2023-09-07,,,,,,,,,,,,,,
2023-09-08,,,,,,,,,,,,,,
2023-09-11,0.17057657419145303,0.05936432849034063,0.06093567288737922,-0.029982792535746386,-0.20203654280459188,-0.19588928407520342,-0.15577451139695536,-0.14202515713706265,-0.27495450712034625,-0.1975241172983434,-0.1837623610255533,-0.09546238448930032,0.14113426419032954,0.09057750235739412
2023-09-12,,,,,,,,,,,,,,
2023-09-13,,,,,,,,,,,,,,
2023-09-14,,,,,,,,,,,,,,
2023-09-15,,,,,,,,,,,,,,
2023-09-18,0.1634063526101249,0.05684795471067783,0.06642064232382351,0.030246853146125043,-0.19915671727093662,-0.20066847341917027,-0.15387427382022686,0.14303911558630492,0.2826928060666486,-0.2048428480605797,-0.18329453760257314,0.09278593469643806,0.13569154736099917,0.08703194332537123
2023-09-19,,,,,,,,,,,,,,
2023-09-20,,,,,,,,,,,,,,
2023-09-21,,,,,,,,,,,,,,
2023-09-22,,,,,,,,,,,,,,
2023-09-25,0.16753091965027356,-0.0608077470674021,0.07129757821779638,-0.0315433798649283,-0.20479231281933272,-0.1970597713115529,-0.15419159373342062,0.14770267228607228,0.2847499702106831,-0.20187337990094378,-0.17845789255475686,-0.08525809966327001,-0.12840250831995875,-0.08633217439960862
2023-09-26,,,,,,,,,,,,,,
2023-09-27,,,,,,,,,,,,,,
2023-09-28,,,,,,,,,,,,,,
2023-09-29,,,,,,,,,,,,,,
2023-10-02,-0.12611129540111993,-0.04604764559820908,0.05753024771778438,-0.02701533964155821,-0.16541227803828626,-0.16697499150904457,-0.12814376730891022,-0.12082652141320059,-0.22175932351570105,-0.1648227534825623,-0.15041421853349507,-0.07175224942598359,-0.10669732404729874,-0.07229971491133899
2023-10-03,,,,,,,,,,,,,,
2023-10-04,,,,,,,,,,,,,,
2023-10-05,,,,,,,,,,,,,,
2023-10-06,,,,,,,,,,,,,,
2023-10-09,-0.1377002555116136,-0.05334774145205834,-0.056456495384146946,0.030144983924782664,-0.19807993847967906,-0.20025706003413507,-0.15778115383241437,-0.13842091610095486,0.2633171882247714,-0.19686348837795078,-0.16458496190336366,-0.07732380401554702,-0.11855229094657552,-0.0800566626342756
2023-10-10,,,,,,,,,,,,,,
2023-10-11,,,,,,,,,,,,,,
2023-10-12,,,,,,,,,,,,,,
2023-10-13,,,,,,,,,,,,,,
2023-10-16,-0.10981325884946214,-0.05109159823455298,-0.05059605582138464,0.028088898466018256,-0.1958096436677236,-0.18612747958311604,-0.1580231079932889,-0.1366737292202885,-0.2590198547547272,-0.2032079601231781,-0.1530671104685169,-0.06574676623645148,-0.10941548283548948,-0.07530246255605312
2023-10-17,,,,,,,,,,,,,,
2023-10-18,,,,,,,,,,,,,,
2023-10-19,,,,,,,,,,,,,,
2023-10-20,,,,,,,,,,,,,,
2023-10-23,0.11733858330461215,-0.057069777714232765,-0.05545943694730973,0.031400493748654626,0.2128951351980317,0.2148177801724145,-0.18808168615977003,-0.15611715290679348,-0.29192931394862,0.2342924404744628,-0.1657967474314591,-0.07195236383214168,-0.11775708780681472,-0.08509200035468288
2023-10-24,,,,,,,,,,,,,,
2023-10-25,,,,,,,,,,,,,,
2023-10-26,,,,,,,,,,,,,,
2023-10-27,,,,,,,,,,,,,,
2023-10-30,0.1167900205744429,0.05792681619403363,-0.04942055337509252,0.02961362521621909,0.2166502009591368,0.22165822478814454,0.20470333646134012,0.16245397176854062,-0.28697812176428655,0.24396669638266222,-0.15894694945735413,-0.06734118583852106,-0.10672091376811883,-0.07682938345210691
2023-10-31,,,,,,,,,,,,,,
2023-11-01,,,,,,,,,,,,,,
2023-11-02,,,,,,,,,,,,,,
2023-11-03,,,,,,,,,,,,,,
2023-11-06,0.12315748790812786,0.06300116082139633,-0.052668836082237346,-0.030248483390930937,0.2198357912424739,0.21248012830030158,-0.19555081564983867,0.1652730738369438,-0.2758730807392933,0.2384329437848696,0.164778483073317,0.07092049897069128,0.107710756061273,0.08006846013830524
2023-11-07,,,,,,,,,,,,,,
2023-11-08,,,,,,,,,,,,,,
2023-11-09,,,,,,,,,,,,,,
2023-11-10,,,,,,,,,,,,,,
2023-11-13,0.12047641605452274,-0.06253666987789945,-0.05024561292215933,-0.03180789024049444,0.22270752102302735,0.212619227871251,-0.20111184621489228,0.16404453057814483,-0.27398076726505327,-0.23938882239171438,0.16406810369763,0.06914554812800558,0.10787773981515512,0.07998930392005006
2023-11-14,,,,,,,,,,,,,,
2023-11-15,,,,,,,,,,,,,,
2023-11-16,,,,,,,,,,,,,,
2023-11-17,,,,,,,,,,,,,,
2023-11-20,0.11104711887952241,0.05652214066408696,-0.04317476410954538,-0.029215510641206106,0.18298082218747824,0.17207500427513267,0.17408851377170453,0.1368549287833438,-0.24135630180719608,0.20327215911250912,0.1438502713471276,0.06318970693041885,0.09872928990246747,0.07512003179529282
2023-11-21,,,,,,,,,,,,,,
2023-11-22,,,,,,,,,,,,,,
2023-11-24,,,,,,,,,,,,,,
2023-11-27,0.09660091612025239,0.0505564822357675,-0.03794183831230938,-0.025829803529810534,0.16053780093939193,0.1518130343578859,0.1539137500683133,0.1224486700841598,0.20735272323342746,0.18408473184532673,0.12815084384478875,0.05622575025466949,0.09060352391814079,0.06940279717118737
2023-11-28,,,,,,,,,,,,,,
2023-11-29,,,,,,,,,,,,,,
2023-11-30,,,,,,,,,,,,,,
2023-12-01,,,,,,,,,,,,,,
2023-12-04,0.08750958648069436,0.049599397605008456,-0.03740832572257191,-0.026610596341695762,0.16519473123246173,0.14713787048698895,0.1535590065556399,0.12213067296264951,0.20716549617994467,0.18451371513117695,0.12640859656583442,0.055784324572985516,0.09212768992406857,0.07098146243428434
2023-12-05,,,,,,,,,,,,,,
2023-12-06,,,,,,,,,,,,,,
2023-12-07,,,,,,,,,,,,,,
2023-12-08,,,,,,,,,,,,,,
2023-12-11,0.08631719079657117,0.04872368146735319,-0.03682176754361245,-0.02734311872250428,0.1675980569952065,0.1509062165363021,0.12761978617501907,0.1217833687714356,0.21398255800405136,0.18603652965194628,0.12629915950001006,0.055298010447703966,0.09434385563354074,0.0729576261656746
2023-12-12,,,,,,,,,,,,,,
2023-12-13,,,,,,,,,,,,,,
2023-12-14,,,,,,,,,,,,,,
2023-12-15,,,,,,,,,,,,,,
2023-12-18,0.07967343014677877,0.04472159879133805,-0.034352682571154626,-0.0254134377212283,0.1533360370616229,0.1395774180740788,0.11351251164182916,0.11268710775363565,0.1983174223986435,0.1759583137419478,0.11684784947519156,0.05162953558211469,0.09213627611097949,0.07207952194927537
2023-12-19,,,,,,,,,,,,,,
2023-12-20,,,,,,,,,,,,,,
2023-12-21,,,,,,,,,,,,,,
2023-12-22,,,,,,,,,,,,,,
2023-12-26,0.09029678147114069,-0.0508704398828406,0.038310589301578844,-0.02759276784720019,0.1709115758990834,0.1583552068717331,0.12598556383916554,0.12438150045973052,0.21662741568372448,0.19926234948017627,0.13542056304256847,0.06173120753200065,0.10965356760285416,0.08534521268905114
2023-12-27,,,,,,,,,,,,,,
2023-12-28,,,,,,,,,,,,,,
2023-12-29,,,,,,,,,,,,,,
2024-01-02,-0.11855969062052793,-0.06929619191508708,-0.04842581487843529,-0.034356258569729264,0.21531319208899924,-0.1955542279510789,0.15661580269513564,0.1610503681685447,0.2813193041854697,0.2297953325026342,0.17077789045287084,0.07728050508719615,0.13719113970017208,0.10446428118411909
2024-01-03,,,,,,,,,,,,,,
2024-01-04,,,,,,,,,,,,,,
2024-01-05,,,,,,,,,,,,,,
2024-01-08,-0.11462038047677985,-0.06743482301693465,0.04732782812445349,0.03381594336136947,0.21275464513248274,0.19357887768832804,-0.1501827672320066,0.162023989736936,0.2806413881290456,0.22964220394553367,0.17066354686985016,0.07740107459893164,0.13625686181731397,0.10420065994371593
2024-01-09,,,,,,,,,,,,,,
2024-01-10,,,,,,,,,,,,,,
2024-01-11,,,,,,,,,,,,,,
2024-01-12,,,,,,,,,,,,,,
2024-01-16,-0.1292991582373461,-0.07118111429915744,0.05016425631185328,0.02619103879635222,-0.21237750835963023,-0.19526392815908902,-0.14167432130015342,-0.16061744174709336,-0.28689056175906474,0.22269881597573143,-0.1777908424839389,-0.08250929093231053,0.13732315444583035,0.1060185671924489
2024-01-17,,,,,,,,,,,,,,
2024-01-18,,,,,,,,,,,,,,
2024-01-19,,,,,,,,,,,,,,
2024-01-22,-0.1302794504796925,-0.0689248352841253,0.0498424856936395,0.025120025807266112,-0.2147505378138066,0.195152055725565,-0.1393926032237132,-0.15883386960718787,-0.2813170127503622,-0.2207216287500495,-0.18506753286237576,-0.08598236227973065,0.1400274458660532,0.10458815385643297
2024-01-23,,,,,,,,,,,,,,
2024-01-24,,,,,,,,,,,,,,
2024-01-25,,,,,,,,,,,,,,
2024-01-26,,,,,,,,,,,,,,
2024-01-29,-0.1255566397566971,-0.06676149545684468,0.04938448819792136,-0.024069289186201104,-0.21449201614602006,0.19596634323973705,-0.1356400768062645,-0.15715360807126735,-0.27468273952330874,-0.20982681063284525,-0.1861395030185699,-0.08773195616169989,0.1543840841746735,0.1182109496279495
2024-01-30,,,,,,,,,,,,,,
2024-01-31,,,,,,,,,,,,,,
2024-02-01,,,,,,,,,,,,,,
2024-02-02,,,,,,,,,,,,,,
2024-02-05,-0.10593421883749073,-0.05558920165839639,-0.041613034285173496,-0.020983192326566782,-0.17679516605740594,-0.15848247420920608,-0.11646396711718061,-0.13274750758587903,-0.23487512181749612,-0.17304873562819484,-0.14825325235733428,-0.07182955150293187,0.12842533956402558,0.09570762649019583
2024-02-06,,,,,,,,,,,,,,
2024-02-07,,,,,,,,,,,,,,
2024-02-08,,,,,,,,,,,,,,
2024-02-09,,,,,,,,,,,,,,
2024-02-12,-0.11236513763157548,-0.05825674484749722,0.044326526360658855,-0.021662928055354615,-0.19219904091601012,-0.17617121547221637,-0.12063318313364715,-0.14343841315979136,-0.25401888680912416,-0.18381989351271388,-0.16172989542801627,-0.07935885012450568,0.1356386034395446,0.10002905073305199
2024-02-13,,,,,,,,,,,,,,
2024-02-14,,,,,,,,,,,,,,
2024-02-15,,,,,,,,,,,,,,
2024-02-16,,,,,,,,,,,,,,
2024-02-20,0.12254301365361935,0.06262045600782043,0.05050368824327573,-0.023895748596348826,-0.23061159139456364,-0.21586984382657237,-0.13174844469742786,-0.16411308075247186,-0.26943855329170735,-0.19843911261823466,-0.18276442659333314,-0.08840780939921841,0.14854032136320644,0.11050390956219984
2024-02-21,,,,,,,,,,,,,,
2024-02-22,,,,,,,,,,,,,,
2024-02-23,,,,,,,,,,,,,,
2024-02-26,0.12421378576346756,-0.06244259977285496,-0.0521335945334971,-0.021690001468739194,0.23617767228035344,0.2189488536100977,-0.1359986005481435,-0.1680589890366458,-0.27046470835230235,-0.19894223590958762,-0.18099409894150248,0.0871634811314597,0.13942921148333837,0.10334216716801028
2024-02-27,,,,,,,,,,,,,,
2024-02-28,,,,,,,,,,,,,,
2024-02-29,,,,,,,,,,,,,,
2024-03-01,,,,,,,,,,,,,,
2024-03-04,0.11627930379101135,0.06076863305810003,0.0527956930444637,-0.02093343386612537,0.24127798119975716,0.2283513538566894,-0.1361740574970667,-0.16687648736879906,-0.2740504761078011,-0.19490348191707121,-0.18375679280894405,-0.08889064937656811,0.13575730852436965,0.09918434758323318
2024-03-05,,,,,,,,,,,,,,
2024-03-06,,,,,,,,,,,,,,
2024-03-07,,,,,,,,,,,,,,
2024-03-08,,,,,,,,,,,,,,
2024-03-11,0.11394280393406492,0.05697493941304295,0.05012143119667548,-0.018526831078228796,0.21775496807120556,0.21222479027236674,0.13789382877457004,0.1564875328590453,0.2452432530246412,-0.17719131340583452,0.17151310891451751,0.08467672965276217,0.11866346814176587,0.08457162450021073
2024-03-12,,,,,,,,,,,,,,
2024-03-13,,,,,,,,,,,,,,
2024-03-14,,,,,,,,,,,,,,
2024-03-15,,,,,,,,,,,,,,
2024-03-18,0.12762948471087554,0.06260992294200272,0.05356553834659225,0.018897867363554182,0.2411550911574016,0.23334041676329956,0.16073403149390667,0.17142725393741895,-0.2620195793874086,-0.18104632617109576,0.19104496021809794,0.09388620508383776,0.11925634405993375,0.08338697836457493
2024-03-19,,,,,,,,,,,,,,
2024-03-20,,,,,,,,,,,,,,
2024-03-21,,,,,,,,,,,,,,
2024-03-22,,,,,,,,,,,,,,
2024-03-25,0.12643449390774966,0.05967235930527821,0.05291491677855478,-0.01909757617135325,0.252865321009053,-0.22668872374260893,-0.16200739581035828,0.1733629477148771,-0.258095081087207,-0.18104658371853546,0.18777763848535514,0.09308071807198613,0.12271326802487055,0.08424297617221276
2024-03-26,,,,,,,,,,,,,,
2024-03-27,,,,,,,,,,,,,,
2024-03-28,,,,,,,,,,,,,,
2024-04-01,0.12153403719202513,0.05876074047090871,0.05467443085726116,-0.01862866393641849,-0.25716925985232475,-0.2273127380681199,-0.16259281521461907,-0.17228332828514772,0.2569509356201639,-0.1912396204763231,-0.1841540247100709,-0.09166088039282426,0.1198840307405042,-0.08315449418328896
2024-04-02,,,,,,,,,,,,,,
2024-04-03,,,,,,,,,,,,,,
2024-04-04,,,,,,,,,,,,,,
2024-04-05,,,,,,,,,,,,,,
2024-04-08,0.11212502936714878,0.05254077419228966,0.05771740815122444,-0.018803086219514493,-0.2594396812745535,-0.23639861948227814,-0.17140074070953254,-0.16903297335301862,-0.25814256097764005,-0.19282826912195217,-0.1819390163471116,-0.09171964421685852,0.11540540353774517,0.08250679304913215
2024-04-09,,,,,,,,,,,,,,
2024-04-10,,,,,,,,,,,,,,
2024-04-11,,,,,,,,,,,,,,
2024-04-12,,,,,,,,,,,,,,
2024-04-15,0.1077055286996866,0.054003751585745066,0.06700768467735319,-0.0215559362811162,-0.24958349172195401,-0.22916080131151456,-0.18630464047368797,-0.158238422192313,-0.2555534113979374,-0.19620486089312067,-0.18148585980022083,-0.0924593552440385,-0.11616444456237746,-0.0845718111589347
2024-04-16,,,,,,,,,,,,,,
2024-04-17,,,,,,,,,,,,,,
2024-04-18,,,,,,,,,,,,,,
2024-04-19,,,,,,,,,,,,,,
2024-04-22,0.09955082519659313,0.04925973711881644,0.06364370289283167,-0.02436010842168586,-0.24677949734393784,-0.23142791707736554,-0.20236753624155226,-0.16273129268874814,-0.2567906842029414,-0.1985960746937881,-0.1773532330473644,-0.09174629108458501,-0.11385205627731323,-0.08154104371247663
2024-04-23,,,,,,,,,,,,,,
2024-04-24,,,,,,,,,,,,,,
2024-04-25,,,,,,,,,,,,,,
2024-04-26,,,,,,,,,,,,,,
2024-04-29,0.11616929901008363,0.057470477702828954,-0.07547484053246944,-0.027699662442276063,0.0,0.2529165374385531,-0.20664174592519116,0.18567137053661736,-0.30236157997707114,-0.2405240060874802,-0.20703360194576942,-0.10699946241222774,-0.12890874646806824,-0.09212866952136366
2024-04-30,,,,,,,,,,,,,,
2024-05-01,,,,,,,,,,,,,,
2024-05-02,,,,,,,,,,,,,,
2024-05-03,,,,,,,,,,,,,,
2024-05-06,-0.09730183443692542,-0.048746079418631745,-0.06843721499936328,0.02331577404970618,-0.2612801588813734,-0.23709109391055438,-0.14629770552389232,0.1531556766588315,-0.2630218752050524,-0.20206792370503152,-0.20184892374668537,-0.10633186312245661,-0.11199888310890116,-0.07910499323259462
2024-05-07,,,,,,,,,,,,,,
2024-05-08,,,,,,,,,,,,,,
2024-05-09,,,,,,,,,,,,,,
2024-05-10,,,,,,,,,,,,,,
2024-05-13,-0.09372050946606528,-0.0476697829685272,-0.07049348742176013,0.0233947412522555,0.2594900656405767,0.23770952562908718,-0.14807132261266553,0.1540801461157187,0.2596102361021158,0.2021213616983745,0.203243656237876,0.10678912244594527,0.11320866245579113,0.08039737995324064
2024-05-14,,,,,,,,,,,,,,
2024-05-15,,,,,,,,,,,,,,
2024-05-16,,,,,,,,,,,,,,
2024-05-17,,,,,,,,,,,,,,
2024-05-20,0.09065662151607272,0.04354893424787397,-0.07066696731119183,0.02270242841951975,0.25657898451077965,0.22542301607229487,-0.14341169589154124,0.15325114950401791,0.2747793267656215,0.21413991124082882,0.20574219017771508,0.10526267498496629,0.11420064821099146,0.07963545114658492
2024-05-21,,,,,,,,,,,,,,
2024-05-22,,,,,,,,,,,,,,
2024-05-23,,,,,,,,,,,,,,
2024-05-24,,,,,,,,,,,,,,
2024-05-28,0.08403017717437777,0.040483742450792386,-0.06962388019430711,0.025260473988767265,0.2555343302398188,0.22656891469636561,-0.14473420653942787,0.15214367687783104,0.26779112937282135,-0.2140974658947335,0.20644872656020133,0.10688200139505744,0.12107727247438459,0.08532400214111362
2024-05-29,,,,,,,,,,,,,,
2024-05-30,,,,,,,,,,,,,,
2024-05-31,,,,,,,,,,,,,,
2024-06-03,0.08692158475625242,0.040458068868102215,-0.06541013198330516,0.0244012456124582,0.2518563532026879,0.22660313745011137,-0.1439633623345654,0.15545959084638752,0.263745894641768,0.20153388440597647,0.20215136800222883,0.10287938522806173,0.12075438128378213,0.087204953840615
2024-06-04,,,,,,,,,,,,,,
2024-06-05,,,,,,,,,,,,,,
2024-06-06,,,,,,,,,,,,,,
2024-06-07,,,,,,,,,,,,,,
2024-06-10,-0.07972641641985435,0.037060949974070403,0.06338520436825215,0.025177370056348583,0.2528700957681692,0.23666198622257564,-0.14759607698957428,0.15857140303727707,-0.27765228129769504,0.19948140446358553,0.19883853403221935,0.10230554221745955,0.12720135441852523,0.09347138073439355
2024-06-11,,,,,,,,,,,,,,
2024-06-12,,,,,,,,,,,,,,
2024-06-13,,,,,,,,,,,,,,
2024-06-14,,,,,,,,,,,,,,
2024-06-17,-0.07999431138432044,-0.03718820553601382,0.06582864704561878,0.02467333745963496,-0.2443929638071061,0.2314715886950742,-0.14960039767120845,-0.15860238292016218,-0.2828256042003691,0.2029233290400526,0.1961621774400479,0.10048748616252405,0.13007733920419756,0.09577222943366977
2024-06-18,,,,,,,,,,,,,,
2024-06-20,,,,,,,,,,,,,,
2024-06-21,,,,,,,,,,,,,,
2024-06-24,-0.07665415636672696,-0.03541347280985086,0.06350262154729094,-0.023387907547443174,-0.24626172473969796,0.2449539112448302,-0.14876746549971526,0.1592089168617271,0.2933738001777491,0.2002306987566991,0.19128212278754078,0.09717449669092812,0.12793903055168063,0.09184967441811924
2024-06-25,,,,,,,,,,,,,,
2024-06-26,,,,,,,,,,,,,,
2024-06-27,,,,,,,,,,,,,,
2024-06-28,,,,,,,,,,,,,,
2024-07-01,0.07683470412638371,-0.03520041477003617,0.06262167103789425,-0.023059069199434474,-0.24809049108104186,-0.24876013348678058,-0.14724354678236912,0.1603914691959729,-0.2935563409130255,-0.20082693183484454,0.1898009041283259,0.09349825186770704,0.12918202049341695,0.09093405108276731
2024-07-02,,,,,,,,,,,,,,
2024-07-03,,,,,,,,,,,,,,
2024-07-05,,,,,,,,,,,,,,
2024-07-08,-0.07750087414512632,-0.036112767233847945,0.06323170733454526,-0.02289254745036011,-0.24866222507825647,0.243442466153977,-0.14672284553676357,0.15966884434167075,0.29018843158540386,-0.20123390344500103,0.18812835922003232,-0.09325315785141122,0.13549375026673216,0.09346812035687206
2024-07-09,,,,,,,,,,,,,,
2024-07-10,,,,,,,,,,,,,,
2024-07-11,,,,,,,,,,,,,,
2024-07-12,,,,,,,,,,,,,,
2024-07-15,0.0738080578896272,0.0336689839609724,0.058895026950778875,-0.02118104814905615,0.26276689774494655,0.2515955551616933,-0.12576055709143152,0.17429245678554853,0.3016465666906152,-0.20161217440498222,0.18753952942734978,-0.08958679039856345,0.13112704198766673,0.08651931335676818
2024-07-16,,,,,,,,,,,,,,
2024-07-17,,,,,,,,,,,,,,
2024-07-18,,,,,,,,,,,,,,
2024-07-19,,,,,,,,,,,,,,
2024-07-22,0.07255682367679245,-0.0336198435163353,-0.05853871767511999,-0.020917953501200057,0.26507147828750977,0.2533302064504342,0.12072963816450814,0.17419447010945768,-0.30789886173184244,0.19012039872648603,0.19600222724306907,-0.09187555526486943,0.1293873500151832,0.0857564756371919
2024-07-23,,,,,,,,,,,,,,
2024-07-24,,,,,,,,,,,,,,
2024-07-25,,,,,,,,,,,,,,
2024-07-26,,,,,,,,,,,,,,
2024-07-29,0.07413609580392093,-0.03411042654248344,-0.0579380846056168,-0.021426524350289196,0.2676980369788471,0.2623814975363747,0.12164921807349596,-0.17270447447899734,-0.3182177099367098,0.18544435884032853,0.19743100087785947,0.09099458206587813,0.11831126301966387,-0.07755672688953569
2024-07-30,,,,,,,,,,,,,,
2024-07-31,,,,,,,,,,,,,,
2024-08-01,,,,,,,,,,,,,,
2024-08-02,,,,,,,,,,,,,,
2024-08-05,0.07638467352186613,-0.03443732932304749,-0.05457803746511977,-0.023268836261547455,0.2539369248594685,-0.25714920400889557,0.11927625479603055,-0.20612182355009223,-0.34967429099100933,0.17752056275927922,0.18852022412087852,0.08751923947842652,-0.10207208433374143,-0.06954051453059747
2024-08-06,,,,,,,,,,,,,,
2024-08-07,,,,,,,,,,,,,,
2024-08-08,,,,,,,,,,,,,,
2024-08-09,,,,,,,,,,,,,,
2024-08-12,0.07714205550820045,-0.03574037548661301,-0.05243329449186787,-0.024016183528932183,0.2597012238732272,-0.2550684572410617,0.11783962540158084,-0.20304858345694735,-0.37009432907063206,0.17086675592402392,0.18426657118228898,0.0846543504689881,-0.09798876485331706,-0.06713942951231862
2024-08-13,,,,,,,,,,,,,,
2024-08-14,,,,,,,,,,,,,,
2024-08-15,,,,,,,,,,,,,,
2024-08-16,,,,,,,,,,,,,,
2024-08-19,0.07981003536620976,0.03919403373805597,-0.05264102398005755,-0.025287436704293707,0.25640828546761846,0.25144653853233934,0.11891368635642784,0.19708319100940944,0.36727460366044834,0.17143261091581402,0.19046082404646295,0.0878461294068128,0.09646942034790083,-0.0657321804681489
2024-08-20,,,,,,,,,,,,,,
2024-08-21,,,,,,,,,,,,,,
2024-08-22,,,,,,,,,,,,,,
2024-08-23,,,,,,,,,,,,,,
2024-08-26,0.07890130901021722,0.037706387333464784,0.04795313736971812,-0.025020064553935767,0.23308229375436035,0.22423304486844065,0.10820744906602248,0.17511517327635048,0.3442232958861214,0.1609125476719471,0.1796419129825165,0.08290073132655477,0.0912148450412574,0.06157779703937276
2024-08-27,,,,,,,,,,,,,,
2024-08-28,,,,,,,,,,,,,,
2024-08-29,,,,,,,,,,,,,,
2024-08-30,,,,,,,,,,,,,,
2024-09-03,0.08602622470810786,0.04251789497913236,-0.05086346073372606,0.028804106308306765,0.250058179664664,0.23855592512348658,-0.11614215880051414,0.18601201918759458,0.374457479695295,-0.17586341147468934,-0.19989852721451012,-0.0921133316130526,0.09496033584524287,0.06372694465167772
2024-09-04,,,,,,,,,,,,,,
2024-09-05,,,,,,,,,,,,,,
2024-09-06,,,,,,,,,,,,,,
2024-09-09,0.09373121582103025,0.04576714152195543,-0.04891172321097948,-0.027933729040498147,0.24597573002615047,0.22900700047351963,0.11244645758294064,0.18381149705154917,0.37183165661677964,0.17150373500961483,0.20374716975252646,0.09164470121413759,0.08897896675333779,0.06014722156783961
2024-09-10,,,,,,,,,,,,,,
2024-09-11,,,,,,,,,,,,,,
2024-09-12,,,,,,,,,,,,,,
2024-09-13,,,,,,,,,,,,,,
2024-09-16,0.09426761555835227,0.04519342646400597,-0.04801200894299835,0.028444328753256944,0.25999458831396094,0.23072975871945137,0.11361572326930353,0.18491725522157523,0.36855888018549743,0.17037533421598722,0.21180226004575345,0.0950910531766722,0.08908805473030308,-0.05990971240288209
2024-09-17,,,,,,,,,,,,,,
2024-09-18,,,,,,,,,,,,,,
2024-09-19,,,,,,,,,,,,,,
2024-09-20,,,,,,,,,,,,,,
2024-09-23,0.09556617476136572,0.046558937363198265,-0.04827188940325142,0.02890608363177077,-0.25914040088815116,0.22679877872572912,0.1122658618610836,0.18254846219649362,0.3616868366184904,0.1777781745981584,0.2157880258209884,0.09609822380054246,0.08866919420159362,0.059922956129183046
2024-09-24,,,,,,,,,,,,,,
2024-09-25,,,,,,,,,,,,,,
2024-09-26,,,,,,,,,,,,,,
2024-09-27,,,,,,,,,,,,,,
2024-09-30,0.09660535389426218,0.04513879694136503,-0.047851482680623884,0.029884684307017365,0.25495859531073284,0.22012100257475703,0.10886606908304006,0.17151307496586088,-0.35949956994704296,0.17434660900162213,0.23254922216201843,0.10693297115160466,0.09042308331805543,0.06130948466199713
2024-10-01,,,,,,,,,,,,,,
2024-10-02,,,,,,,,,,,,,,
2024-10-03,,,,,,,,,,,,,,
2024-10-04,,,,,,,,,,,,,,
2024-10-07,0.10256395798863063,0.04766562142526951,0.04514249012716394,0.030569291780682663,-0.25653630435066543,0.21139958346157198,-0.10442124180793652,0.17315362563139985,-0.3637998973530335,-0.1756472721859676,-0.22669747538734777,-0.10766527677971144,0.09187303935893226,0.06286492236168689
2024-10-08,,,,,,,,,,,,,,
2024-10-09,,,,,,,,,,,,,,
2024-10-10,,,,,,,,,,,,,,
2024-10-11,,,,,,,,,,,,,,
2024-10-14,0.10617255828822045,0.04703656471563316,0.04264176429519018,-0.030722911093098614,-0.2563668972914138,-0.21677569559086443,-0.10658906623050575,-0.17120686226510826,-0.352274132354776,-0.17146855328436492,-0.2315053934461341,-0.11196898407180389,0.0918932450486196,0.06337737202426648
2024-10-15,,,,,,,,,,,,,,
2024-10-16,,,,,,,,,,,,,,
2024-10-17,,,,,,,,,,,,,,
2024-10-18,,,,,,,,,,,,,,
2024-10-21,0.1111188220975531,0.045722206787957374,0.042170172106881926,-0.03224016324012024,-0.2559556038714177,-0.21557365845983306,-0.10950271807265785,-0.17094585833166942,-0.3487789594288932,-0.17935773372646358,-0.2222565877066215,-0.10518026691685542,0.09496830464782005,0.06622894460525564
2024-10-22,,,,,,,,,,,,,,
2024-10-23,,,,,,,,,,,,,,
2024-10-24,,,,,,,,,,,,,,
2024-10-25,,,,,,,,,,,,,,
2024-10-28,0.1128949258050857,0.045558828693140166,0.04008104971137059,-0.030871641773528174,-0.25225161494111037,-0.2136045315131852,-0.1082795014562881,-0.1681222691227937,-0.3456600709826862,-0.18314837876685752,-0.22258806477007542,-0.1068632705983912,0.099878792991535,0.07019705887395276
2024-10-29,,,,,,,,,,,,,,
2024-10-30,,,,,,,,,,,,,,
2024-10-31,,,,,,,,,,,,,,
2024-11-01,,,,,,,,,,,,,,
2024-11-04,0.10600344668142903,0.04256619634956427,-0.03755678856272302,-0.02806594041037613,-0.25040295079951397,-0.20615666728696252,-0.11769867040486867,-0.15475138530518165,-0.32968420939933585,-0.18860136725915647,-0.24553945895409446,-0.11444655530932879,0.10629350887373448,0.07223285440373062
2024-11-05,,,,,,,,,,,,,,
2024-11-06,,,,,,,,,,,,,,
2024-11-07,,,,,,,,,,,,,,
2024-11-08,,,,,,,,,,,,,,
2024-11-11,-0.08420926906359043,-0.03774253440777268,-0.035474208104165246,-0.023933223033565657,-0.18531513305610106,-0.1788608120193514,-0.10340980977665613,-0.12824719167104395,-0.2713638450486998,-0.16654678208401746,-0.21275366167914983,-0.09507330431134342,0.0995671940940868,0.06943586831210517
2024-11-12,,,,,,,,,,,,,,
2024-11-13,,,,,,,,,,,,,,
2024-11-14,,,,,,,,,,,,,,
2024-11-15,,,,,,,,,,,,,,
2024-11-18,-0.0848256489289238,-0.038204728103581276,-0.035400292587850754,0.02360633946917557,-0.18693572419844837,-0.17562891086122848,-0.10547233592843036,-0.13008892125190596,-0.2659677557578391,-0.1762054893139908,-0.2172023045050619,-0.09468993001383114,0.10083602685246645,0.06983644607482534
2024-11-19,,,,,,,,,,,,,,
2024-11-20,,,,,,,,,,,,,,
2024-11-21,,,,,,,,,,,,,,
2024-11-22,,,,,,,,,,,,,,
2024-11-25,-0.09131084306082207,-0.044448401317038186,0.04189672955500825,0.026578818075162533,-0.21475169267719238,-0.2154621285896447,-0.1275038101391659,-0.15972151433766782,-0.3301086983759472,-0.20118019915367344,0.24064464990712753,0.10307822801928432,0.11964592216795206,0.08366836462431394
2024-11-26,,,,,,,,,,,,,,
2024-11-27,,,,,,,,,,,,,,
2024-11-29,,,,,,,,,,,,,,
2024-12-02,-0.09199305301751587,-0.04593614947902545,-0.0446121429146669,0.025221964958199145,-0.20983420796533545,-0.20622728613445968,0.12328613721400687,-0.1597281846672345,-0.32257628362672924,-0.19931923300663748,0.2444909226262145,0.10589051292705336,0.13021170436445992,0.09067221709846193
2024-12-03,,,,,,,,,,,,,,
2024-12-04,,,,,,,,,,,,,,
2024-12-05,,,,,,,,,,,,,,
2024-12-06,,,,,,,,,,,,,,
2024-12-09,-0.0915054940762725,0.04611890133722277,-0.04466366110486001,0.026040205645684367,-0.2072698127579,-0.205527680651336,0.126002036735813,-0.15513555632004367,-0.308536647007703,-0.20189395348417208,0.24733580005571906,0.10575485359590422,0.13835551839932392,0.09585987882804538
2024-12-10,,,,,,,,,,,,,,
2024-12-11,,,,,,,,,,,,,,
2024-12-12,,,,,,,,,,,,,,
2024-12-13,,,,,,,,,,,,,,
2024-12-16,0.08967990240028596,0.04733886321067671,0.04486790936284579,0.025308528559651867,-0.2098893401670903,0.20689820236114162,0.12819246905348225,-0.15669537514163098,-0.30786413371747506,-0.20108487975528505,0.24446870816976932,0.10384611689770333,0.13862685987058695,0.09523871133237448
2024-12-17,,,,,,,,,,,,,,
2024-12-18,,,,,,,,,,,,,,
2024-12-19,,,,,,,,,,,,,,
2024-12-20,,,,,,,,,,,,,,
2024-12-23,-0.09331441214046007,-0.052189406373082725,-0.047350349643563446,0.02599300004975617,0.20915171519294262,0.20935902344460205,-0.12636698565146415,-0.15925609669345936,-0.3158201984133163,-0.20029069948453132,-0.24124829845490212,-0.10383233118821679,0.1251444270203996,0.09068305624930334
2024-12-24,,,,,,,,,,,,,,
2024-12-26,,,,,,,,,,,,,,
2024-12-27,,,,,,,,,,,,,,
2024-12-30,-0.0844270578379988,-0.047288544677470554,0.044384300095367424,0.021008702364940148,-0.19024153083572912,-0.19522484659285158,-0.12193023293036923,-0.15235781208736351,-0.28060045000687533,-0.19150533907348224,-0.2159568699082981,-0.09314770013316956,-0.10781154719094188,0.0790212405581949
2024-12-31,,,,,,,,,,,,,,
2025-01-02,,,,,,,,,,,,,,
2025-01-03,,,,,,,,,,,,,,
2025-01-06,0.0917400897947836,-0.05170535399032698,0.051173872195092084,0.021213149517614348,-0.19845181955807922,-0.210997589067577,-0.14598807288104898,-0.16692003676960976,-0.2907263384137231,-0.20723988383718805,-0.2538798755340382,-0.10520285117649647,-0.11831385389411207,0.0864472133703099
2025-01-07,,,,,,,,,,,,,,
2025-01-08,,,,,,,,,,,,,,
2025-01-10,,,,,,,,,,,,,,
2025-01-13,-0.0770040596689669,-0.044735219832948606,0.045432875372088746,0.017091714170853693,-0.1651759449154246,-0.1658492575530899,-0.12541418014577302,-0.13968173581199464,-0.2482393894437868,-0.17814957584931979,-0.20918125619909678,-0.08841356347172356,-0.09796299199445774,-0.0718639697521381
2025-01-14,,,,,,,,,,,,,,
2025-01-15,,,,,,,,,,,,,,
2025-01-16,,,,,,,,,,,,,,
2025-01-17,,,,,,,,,,,,,,
2025-01-21,0.09539241537915968,0.05490211560562384,0.058105472766396264,0.021135474423410662,0.18934353656711903,-0.1937525572612969,-0.15233562935638686,0.16827737088050396,0.28654992889987374,-0.2122570587980137,0.2512602122407997,-0.11084972782018954,0.11871304295523852,0.08712545704598768
2025-01-22,,,,,,,,,,,,,,
2025-01-23,,,,,,,,,,,,,,
2025-01-24,,,,,,,,,,,,,,
2025-01-27,0.0969682481250707,0.06388466685731942,0.05842164426927229,0.020863222792830233,0.18796877382291996,0.1883222083035515,0.154854394471579,0.1704619109930399,0.28408615119766945,-0.2105822705523522,0.25187060530387867,0.1115134796362047,-0.11680067757557411,-0.0834017460987378
2025-01-28,,,,,,,,,,,,,,
2025-01-29,,,,,,,,,,,,,,
2025-01-30,,,,,,,,,,,,,,
2025-01-31,,,,,,,,,,,,,,
2025-02-03,0.09598029206751096,0.063367611601951,0.06458035193023898,0.02054761806352002,0.18668414159260485,0.18909684964237333,0.1537416433471146,-0.17106349969290982,-0.2823713081833644,0.21093518199839853,0.25282440868981665,0.11110403950134656,0.1146167798449565,0.08308627384389321
2025-02-04,,,,,,,,,,,,,,
2025-02-05,,,,,,,,,,,,,,
2025-02-06,,,,,,,,,,,,,,
2025-02-07,,,,,,,,,,,,,,
2025-02-10,0.0791971189100438,0.053245919984609716,-0.0511922705631463,-0.015927540209823995,0.15371474411210856,0.14981870154681368,0.1284402003313062,0.1311611178467784,0.1916059230757614,0.17511161786331994,0.20753101708979277,0.09396626187506628,0.09867038049131022,0.06821721801129575
2025-02-11,,,,,,,,,,,,,,
2025-02-12,,,,,,,,,,,,,,
2025-02-13,,,,,,,,,,,,,,
2025-02-14,,,,,,,,,,,,,,
2025-02-18,0.08540971774244596,0.05701401213214914,-0.053244926339304804,0.016703319811410114,0.15988673257092537,0.15472547115643548,0.13138394413795965,0.15317571616580924,0.1970190519223834,0.17366154863793623,0.20798739237214425,0.09621888682750218,0.10062896922246378,0.07006887154282508
2025-02-19,,,,,,,,,,,,,,
2025-02-20,,,,,,,,,,,,,,
2025-02-21,,,,,,,,,,,,,,
2025-02-24,0.10640910491633046,0.07079547069789009,-0.06528359109546318,0.01989432643833448,-0.19188375865929003,0.18678918162875274,0.15968979400835814,0.1834275225784835,0.23980007278586504,0.21104388387981743,0.24594376853015867,0.11456756145889042,-0.11955903635161319,-0.08491292697075277
2025-02-25,,,,,,,,,,,,,,
2025-02-26,,,,,,,,,,,,,,
2025-02-27,,,,,,,,,,,,,,
2025-02-28,,,,,,,,,,,,,,
2025-03-03,0.10774157274856265,0.06931297286420506,-0.06242385016359426,0.019227804274868324,0.1824100554076189,0.17599690560195194,0.15414068875767228,0.1724322596384652,0.22777593171838648,0.206218735198295,0.23959764964647765,0.1125862447315914,-0.10597046062856749,-0.07467346500005644
2025-03-04,,,,,,,,,,,,,,
2025-03-05,,,,,,,,,,,,,,
2025-03-06,,,,,,,,,,,,,,
2025-03-07,,,,,,,,,,,,,,
2025-03-10,0.11588221540166237,0.07417440642760133,-0.06734123209154184,0.02160352370599639,0.17860995785174327,0.18955381161409468,0.17591515453012338,0.17936846584980232,-0.23223706176271253,0.21405511529184804,0.253199934723085,0.12172176546799178,-0.102775575681692,-0.07356177960010486
2025-03-11,,,,,,,,,,,,,,
2025-03-12,,,,,,,,,,,,,,
2025-03-13,,,,,,,,,,,,,,
2025-03-14,,,,,,,,,,,,,,
2025-03-17,0.11591775717790814,0.07328256796942755,-0.06878636928868134,0.021215915376092465,0.17759536412150115,0.18864915776092459,0.17731327098820182,0.18239110908345482,-0.23280721241075136,0.21802886168048077,0.2522732408230097,0.12202136268169968,-0.09773787437294673,-0.07197993626491993
2025-03-18,,,,,,,,,,,,,,
2025-03-19,,,,,,,,,,,,,,
2025-03-20,,,,,,,,,,,,,,
2025-03-21,,,,,,,,,,,,,,
2025-03-24,0.1208578797797311,0.07771132038374613,-0.06535231762311204,-0.02039945161951876,0.17583540514981033,0.1912403476344492,-0.17181128965516004,-0.1871284295022534,-0.23339483445023862,0.21842680453103872,0.249739593540022,0.12097283911331443,-0.09630838112667986,-0.07082110589092525
2025-03-25,,,,,,,,,,,,,,
2025-03-26,,,,,,,,,,,,,,
2025-03-27,,,,,,,,,,,,,,
2025-03-28,,,,,,,,,,,,,,
2025-03-31,0.11802406479625226,0.07472253144731167,0.06261901602227908,-0.020706028262712336,0.1757622172619724,0.19288175548906025,-0.18497667399521453,0.1851013404786846,0.2301446805444248,0.22368456958128222,-0.24692954633425354,-0.12130622673283528,-0.09419024989200728,-0.06895109916170959
2025-04-01,,,,,,,,,,,,,,
2025-04-02,,,,,,,,,,,,,,
2025-04-03,,,,,,,,,,,,,,
2025-04-04,,,,,,,,,,,,,,
2025-04-07,0.125031018318448,-0.0673988153000674,-0.05882236518664609,-0.026560545380410052,0.2011572115962825,-0.20741938111345756,-0.1829882786380066,-0.1472417806173704,0.23297359918687394,0.21156533860754992,0.2617466073997039,-0.12793614043936183,-0.08247893531185346,-0.06667998290396823
2025-04-08,,,,,,,,,,,,,,
2025-04-09,,,,,,,,,,,,,,
2025-04-10,,,,,,,,,,,,,,
2025-04-11,,,,,,,,,,,,,,
2025-04-14,0.0975283828004935,-0.0587918301467731,-0.04859940074413217,-0.025290898926116273,0.162770036012454,0.19312751940363812,0.14463850548151067,-0.1172166816424833,0.20425677637053324,0.13679561639622823,0.22886777928487922,-0.10525026221915715,-0.05093803040747714,-0.04348775862910757
2025-04-15,,,,,,,,,,,,,,
2025-04-16,,,,,,,,,,,,,,
2025-04-17,,,,,,,,,,,,,,
2025-04-21,0.08384618105420703,-0.0572392112424926,-0.04636175751356255,-0.024809773748750742,0.14957328435357048,0.18349100238591343,0.1379971463453351,0.11195702416068168,0.19164361920695636,0.12318489123023707,-0.22113761854871403,-0.09910031450296973,-0.04813090387045747,-0.04122648548660242
2025-04-22,,,,,,,,,,,,,,
2025-04-23,,,,,,,,,,,,,,
2025-04-24,,,,,,,,,,,,,,
2025-04-25,,,,,,,,,,,,,,
2025-04-28,0.08759068169245408,-0.062028014045467046,-0.05153756525674185,-0.02793796326962449,0.16547960650827767,0.21085299716015904,0.1458513490317191,0.12473968086917882,0.21745164597007255,0.1300862870447709,0.24805330120930355,-0.11039639098909913,-0.052293236465934784,0.044991004043466946
2025-04-29,,,,,,,,,,,,,,
2025-04-30,,,,,,,,,,,,,,
2025-05-01,,,,,,,,,,,,,,
2025-05-02,,,,,,,,,,,,,,
2025-05-05,0.07237912685433137,0.05516243559382165,-0.04375145603134128,-0.025695341594515062,0.14790243681623266,0.1838288058726435,0.12167748594355653,0.1090046267394209,0.19292406181677443,0.11432192176188344,-0.2116775209386457,-0.09581964549024569,0.04594591147346135,0.0395621567246872
2025-05-06,,,,,,,,,,,,,,
2025-05-07,,,,,,,,,,,,,,
2025-05-08,,,,,,,,,,,,,,
2025-05-09,,,,,,,,,,,,,,
2025-05-12,0.08589626465403602,0.06991545417252866,0.05427004490874719,-0.032938652278138664,-0.1819063506988166,0.22833441133110474,-0.1436577538872557,0.14031114232763964,-0.2666600162314655,-0.14231664104831684,0.26678755809609495,-0.12506419898607468,0.05838341739561164,0.05028863671957059
2025-05-13,,,,,,,,,,,,,,
2025-05-14,,,,,,,,,,,,,,
2025-05-15,,,,,,,,,,,,,,
2025-05-16,,,,,,,,,,,,,,
2025-05-19,-0.09101238512136889,-0.07486168202376843,-0.058114507749846854,-0.035438739757079,-0.1940960910018991,0.24523518868236302,-0.15671520950296763,0.14621426302452734,-0.288648890233742,-0.15267399483138086,0.29908215464084476,0.14080277394089472,0.06294417620850186,0.05415994328081555
2025-05-20,,,,,,,,,,,,,,
2025-05-21,,,,,,,,,,,,,,
2025-05-22,,,,,,,,,,,,,,
2025-05-23,,,,,,,,,,,,,,
2025-05-27,-0.08705325691579527,0.07303673676786367,-0.058424266493401995,0.0354258803662929,-0.1917760253333915,0.24201383790916556,-0.15231407464656796,0.1422027053567605,0.27463192606829895,-0.14819424745021278,-0.29722270251143357,-0.13850408230352632,0.061804356163725795,0.05351053669597393
2025-05-28,,,,,,,,,,,,,,
2025-05-29,,,,,,,,,,,,,,
2025-05-30,,,,,,,,,,,,,,
2025-06-02,0.05833267139478512,0.046665039141740174,0.039101718215394446,-0.02379423854427687,0.13159243703886112,0.1667566476181199,0.10281456086520607,0.09702045175110562,0.18925363670483206,0.10082471266952779,-0.20111010931294768,-0.0942817419384527,0.0422505231679214,0.03682650081791611
2025-06-03,,,,,,,,,,,,,,
2025-06-04,,,,,,,,,,,,,,
2025-06-05,,,,,,,,,,,,,,
2025-06-06,,,,,,,,,,,,,,
2025-06-09,-0.07284109700719564,0.05802184989693183,0.04956793369733106,-0.030700340609130676,0.1754660099005414,0.2163489403317646,0.127219933820683,0.12435596256500799,0.249324361544017,0.12669480987733192,-0.24921868960301205,-0.11738675050501701,0.054411430574701915,0.0480050170219848
2025-06-10,,,,,,,,,,,,,,
2025-06-11,,,,,,,,,,,,,,
2025-06-12,,,,,,,,,,,,,,
2025-06-13,,,,,,,,,,,,,,
2025-06-16,0.05835082720763299,0.04762299138673659,0.03648548168208165,0.025120740664367047,0.14213323715521256,0.1739920248211769,0.10233648390144477,0.10094239006496418,0.2043468944097849,0.10085833039473543,0.19987891103306313,-0.09320229203691008,0.044212954284671174,0.039010879675225124
2025-06-17,,,,,,,,,,,,,,
2025-06-18,,,,,,,,,,,,,,
2025-06-20,,,,,,,,,,,,,,
2025-06-23,0.06614476676610925,0.05303062969110039,0.03720097361558235,0.028376452343188092,0.16008548283385116,0.18793308188612629,-0.11498464130419073,0.11358507510347446,0.2247671709274429,0.11359459491288193,0.2235204333890709,0.10408135024068275,0.04993969896188341,0.044185455556037485
2025-06-24,,,,,,,,,,,,,,
2025-06-25,,,,,,,,,,,,,,
2025-06-26,,,,,,,,,,,,,,
2025-06-27,,,,,,,,,,,,,,
