date,return,nav,gross,turnover,trading_cost,borrow,funding,interest
2015-01-02,0.0,1.0,0.0,0.0,0.0,0.0,0.0,0.0
2015-01-05,0.0,1.0,0.0,0.0,0.0,0.0,0.0,0.0
2015-01-06,0.0,1.0,0.0,0.0,0.0,0.0,0.0,0.0
2015-01-07,0.0,1.0,0.0,0.0,0.0,0.0,0.0,0.0
2015-01-08,0.0,1.0,0.0,0.0,0.0,0.0,0.0,0.0
2015-01-09,0.0,1.0,0.0,0.0,0.0,0.0,0.0,0.0
2015-01-12,0.0,1.0,0.0,0.0,0.0,0.0,0.0,0.0
2015-01-13,0.0,1.0,0.0,0.0,0.0,0.0,0.0,0.0
2015-01-14,0.0,1.0,0.0,0.0,0.0,0.0,0.0,0.0
2015-01-15,0.0,1.0,0.0,0.0,0.0,0.0,0.0,0.0
2015-01-16,-0.004503123747938154,0.9954968762520618,2.0347670023137687,1.9950124688279303,0.0024937655860349127,0.00040222446991986356,0.0,0.0
2015-01-20,0.0009253883701716425,0.9964180974838877,2.02948878826196,0.0,0.0,0.0004036108866993666,6.586142257078539e-07,0.0
2015-01-21,-0.001924292932324545,0.9945006971812591,2.0765804868371402,0.0,0.0,0.0004111358346496451,5.788100143584392e-07,0.0
2015-01-22,0.000484661406155773,0.9949826932875779,2.1420499762430256,0.0,0.0,0.0004261163978899116,1.4862538415485782e-06,0.0
2015-01-23,-0.0023150828306306437,0.9926792259375732,2.1674812918911845,0.0,0.0,0.00043002039755187156,2.803495870214157e-06,0.0
2015-01-26,-0.0013493505871184919,0.991339753641234,2.150411781928053,0.0,0.0,0.00042599541483986746,3.261562670743411e-06,0.0
2015-01-27,0.0018908644197159763,0.9932142427092442,2.0820517654329014,0.0,0.0,0.0004142034843727935,2.91119193237164e-06,0.0
2015-01-28,-0.0005592913276651901,0.9926587465967833,2.048377736475065,0.0,0.0,0.00040680076635504455,1.6015767473690777e-06,0.0
2015-01-29,-0.00013698257181338214,0.9925227696487414,2.0515830832337807,0.0,0.0,0.00040769391907651123,9.302490909793275e-07,0.0
2015-01-30,0.0001921580819048696,0.9927134909204041,2.147706958519794,0.0,0.0,0.000425887095209715,9.971581935932223e-07,0.0
2015-02-02,0.0010294589396186993,0.9937354486981123,2.1226995296975204,0.0,0.0,0.0004218022621872203,2.9202134376823273e-06,0.0
2015-02-03,0.000244944865633423,0.9939788590940688,2.1258989825869277,0.0,0.0,0.0004231181233361109,2.459114935003688e-06,0.0
2015-02-04,-0.0017740197105919897,0.9922155210061242,2.1022621005325655,0.0,0.0,0.0004164870332466087,2.52795341142677e-06,0.0
2015-02-05,-0.0026611123319110197,0.9895751240472613,2.1250609129732934,0.0,0.0,0.00042027294672353736,2.0280584590839828e-06,0.0
2015-02-06,0.0007917503609957688,0.9903586205089583,2.1383763791662815,0.0,0.0,0.0004238480561841485,2.4336549440525695e-06,0.0
2015-02-09,-0.003247485186154697,0.9871424455598748,2.1296986959772286,0.0,0.0,0.0004217610032384219,2.7264263430325026e-06,0.0
2015-02-10,0.00300664570625897,0.9901104331552835,2.1634554341226164,0.0,0.0,0.00042940995130464395,2.4921232815499195e-06,0.0
2015-02-11,-0.0028021970739972035,0.9873359485965616,2.163237995360453,0.0,0.0,0.0004274986223094302,3.229240931136659e-06,0.0
2015-02-12,0.0015820989669887986,0.9888980117809072,2.1899200779260264,0.0,0.0,0.0004350032362646625,3.1832589746869193e-06,0.0
2015-02-13,-0.0023843182544702746,0.9865401641996087,2.2177985154840414,0.0,0.0,0.0004385608947105882,3.747065985316753e-06,0.0
2015-02-17,-0.00032171102449918276,0.9862227833526744,2.1936681875436777,0.0,0.0,0.00043369552144324357,4.250929684687954e-06,0.0
2015-02-18,0.0011706853637825088,0.9873773399305743,2.180020113181596,0.0,0.0,0.00043300137947805014,3.7912440489317967e-06,0.0
2015-02-19,0.000785919872609897,0.9881533394037904,2.1923322094105684,0.0,0.0,0.00043396337180367714,3.543736846311613e-06,0.0
2015-02-20,-0.0018506151591179965,0.9863246478543566,2.17912143265397,0.0,0.0,0.0004310286534525603,3.816276141557689e-06,0.0
2015-02-23,0.0001407618701760871,0.9864634847563892,2.1509112544477498,0.0,0.0,0.00042682811612454794,3.531850442181112e-06,0.0
2015-02-24,-0.0015511026603348688,0.9849333786208604,2.1700662073497563,0.0,0.0,0.0004315490079154219,2.9934882561328503e-06,0.0
2015-02-25,0.0012726597934156203,0.9861868637310243,2.2004959229561427,0.0,0.0,0.0004371622543062558,3.342252674617984e-06,0.0
2015-02-26,0.00010722995535350499,0.9862926125043924,2.2477836319656985,0.0,0.0,0.0004467416214511867,3.98730486539766e-06,0.0
2015-02-27,0.00035403762587771226,0.9866417971993442,2.259603656758091,0.0,0.0,0.00044810960545702596,4.928126351421778e-06,0.0
2015-03-02,-0.0017319967172509942,0.9849329368454923,2.3146731082029555,0.0,0.0,0.00045638883551897617,5.15665270276893e-06,0.0
2015-03-03,0.0015791206507398403,0.986488264785659,0.0,2.305234802506922,0.0028815435031336522,0.0,6.219362998897483e-06,0.0
2015-03-04,0.0,0.986488264785659,0.0,0.0,0.0,0.0,0.0,0.0
2015-03-05,0.0,0.986488264785659,0.0,0.0,0.0,0.0,0.0,0.0
2015-03-06,0.0,0.986488264785659,0.0,0.0,0.0,0.0,0.0,0.0
2015-03-09,0.0,0.986488264785659,0.0,0.0,0.0,0.0,0.0,0.0
2015-03-10,0.0,0.986488264785659,0.0,0.0,0.0,0.0,0.0,0.0
2015-03-11,0.0,0.986488264785659,0.0,0.0,0.0,0.0,0.0,0.0
2015-03-12,0.0,0.986488264785659,0.0,0.0,0.0,0.0,0.0,0.0
2015-03-13,0.0,0.986488264785659,0.0,0.0,0.0,0.0,0.0,0.0
2015-03-16,0.0,0.986488264785659,0.0,0.0,0.0,0.0,0.0,0.0
2015-03-17,0.0,0.986488264785659,0.0,0.0,0.0,0.0,0.0,0.0
2015-03-18,0.0,0.986488264785659,0.0,0.0,0.0,0.0,0.0,0.0
2015-03-19,0.0,0.986488264785659,0.0,0.0,0.0,0.0,0.0,0.0
2015-03-20,0.0,0.986488264785659,0.0,0.0,0.0,0.0,0.0,0.0
2015-03-23,0.0,0.986488264785659,0.0,0.0,0.0,0.0,0.0,0.0
2015-03-24,0.0,0.986488264785659,0.0,0.0,0.0,0.0,0.0,0.0
2015-03-25,0.0,0.986488264785659,0.0,0.0,0.0,0.0,0.0,0.0
2015-03-26,0.0,0.986488264785659,0.0,0.0,0.0,0.0,0.0,0.0
2015-03-27,0.0,0.986488264785659,0.0,0.0,0.0,0.0,0.0,0.0
2015-03-30,0.0,0.986488264785659,0.0,0.0,0.0,0.0,0.0,0.0
2015-03-31,0.0,0.986488264785659,0.0,0.0,0.0,0.0,0.0,0.0
2015-04-01,0.0,0.986488264785659,0.0,0.0,0.0,0.0,0.0,0.0
2015-04-02,0.0,0.986488264785659,0.0,0.0,0.0,0.0,0.0,0.0
2015-04-06,0.0,0.986488264785659,0.0,0.0,0.0,0.0,0.0,0.0
2015-04-07,0.0,0.986488264785659,0.0,0.0,0.0,0.0,0.0,0.0
2015-04-08,0.0,0.986488264785659,0.0,0.0,0.0,0.0,0.0,0.0
2015-04-09,0.0,0.986488264785659,0.0,0.0,0.0,0.0,0.0,0.0
2015-04-10,0.0,0.986488264785659,0.0,0.0,0.0,0.0,0.0,0.0
2015-04-13,0.0,0.986488264785659,0.0,0.0,0.0,0.0,0.0,0.0
2015-04-14,0.0,0.986488264785659,0.0,0.0,0.0,0.0,0.0,0.0
2015-04-15,0.0,0.986488264785659,0.0,0.0,0.0,0.0,0.0,0.0
2015-04-16,0.0,0.986488264785659,0.0,0.0,0.0,0.0,0.0,0.0
2015-04-17,0.0,0.986488264785659,0.0,0.0,0.0,0.0,0.0,0.0
2015-04-20,0.0,0.986488264785659,0.0,0.0,0.0,0.0,0.0,0.0
2015-04-21,0.0,0.986488264785659,0.0,0.0,0.0,0.0,0.0,0.0
2015-04-22,0.0,0.986488264785659,0.0,0.0,0.0,0.0,0.0,0.0
2015-04-23,0.0,0.986488264785659,0.0,0.0,0.0,0.0,0.0,0.0
2015-04-24,0.0,0.986488264785659,0.0,0.0,0.0,0.0,0.0,0.0
2015-04-27,0.0,0.986488264785659,0.0,0.0,0.0,0.0,0.0,0.0
2015-04-28,0.0,0.986488264785659,0.0,0.0,0.0,0.0,0.0,0.0
2015-04-29,0.0,0.986488264785659,0.0,0.0,0.0,0.0,0.0,0.0
2015-04-30,0.0,0.986488264785659,0.0,0.0,0.0,0.0,0.0,0.0
2015-05-01,0.0,0.986488264785659,0.0,0.0,0.0,0.0,0.0,0.0
2015-05-04,-0.00207258217298556,0.9844436867942048,2.006688332716586,1.99501246882793,0.0024937655860349127,0.00039716487261226146,0.0,0.0
2015-05-05,-0.001136711598441087,0.9833246582374138,1.9726277705645814,0.0,0.0,0.0003908990267866271,1.4896220010831965e-07,0.0
2015-05-06,0.001844271621586957,0.9851381759994078,1.9423612846109382,0.0,0.0,0.00038504811426692587,0.0,0.0
2015-05-07,-0.0009883926096396767,0.9841644727067761,1.9689441545673914,0.0,0.0,0.0003906872474293699,0.0,0.0
2015-05-08,0.0010274056387853392,0.9851756088355272,1.9933974787122837,0.0,0.0,0.00039583466652894854,0.0,0.0
2015-05-11,0.0006800884377589078,0.9858456153762584,1.9816292482960194,0.0,0.0,0.00039217915240118904,0.0,0.0
2015-05-12,3.996501469361036e-05,0.9858850147107625,1.956435385134279,0.0,0.0,0.0003881417485265141,0.0,0.0
2015-05-13,-0.0006893282385592725,0.9852054163301499,1.9602382910353053,0.0,0.0,0.00038794106675599975,0.0,0.0
2015-05-14,-0.0017129806851893248,0.9835177784810325,1.99754601564052,0.0,0.0,0.0003952314452309859,0.0,0.0
2015-05-15,-0.0039260684272650614,0.9796564203832843,1.9919922749860925,0.0,0.0,0.0003940692205413453,1.101048287293762e-08,0.0
2015-05-18,-0.0036145760898858015,0.9761153777098638,1.9966466105929073,0.0,0.0,0.0003949042105101894,0.0,0.0
2015-05-19,0.0042980119598114985,0.9803107332774168,2.002288127958782,0.0,0.0,0.00039851717343859555,0.0,0.0
2015-05-20,-0.002723713230508129,0.97764064796318,2.017226731525697,0.0,0.0,0.0003997814307046215,6.39933014032995e-08,0.0
2015-05-21,-0.0022035530380578594,0.9754863649432318,2.0356233478978676,0.0,0.0,0.0004029311009650111,3.1359747010314964e-07,0.0
2015-05-22,-0.0007065498255688363,0.9747971352222364,2.028368369138703,0.0,0.0,0.000402912733879679,6.433894021146487e-07,0.0
2015-05-26,-0.0015713066707710999,0.9732654299810132,2.003484898967755,0.0,0.0,0.00039789075965034683,4.93390033662309e-07,0.0
2015-05-27,0.000666112067589264,0.973913733828891,2.02911280898291,0.0,0.0,0.00040432854365514176,0.0,0.0
2015-05-28,-0.000294388226299902,0.97362702509222,2.0295631889084644,0.0,0.0,0.00040427738690789735,5.071922351287953e-07,0.0
2015-05-29,0.0014598217644432587,0.9750483470138998,1.9960026973762326,0.0,0.0,0.0003980224465207962,5.184249529603453e-07,0.0
2015-06-01,-0.004001009685873025,0.9711471691333027,2.0147117211161962,0.0,0.0,0.0003981810033965957,0.0,0.0
2015-06-02,0.0006439947728018591,0.9717725828338458,2.031885229224682,0.0,0.0,0.0004037325636259217,1.871159078295712e-07,0.0
2015-06-03,-0.0007434143338744814,0.9710501531665009,2.0379878294156577,0.0,0.0,0.00040526641156523615,5.493627616796084e-07,0.0
2015-06-04,-0.0005753282343049504,0.9704914805964581,2.025739134864949,0.0,0.0,0.00040226944183053084,6.626570658060749e-07,0.0
2015-06-05,-0.00277185380575129,0.9678014200925176,2.0210213686689746,0.0,0.0,0.0004017885000810261,4.172835758833665e-07,0.0
2015-06-08,-0.0015061352347256474,0.9663437802734988,2.000597867294552,0.0,0.0,0.0003980532975959979,2.757966248632674e-07,0.0
2015-06-09,0.00177710021536992,0.9680610700135441,1.9943491959680968,0.0,0.0,0.0003970196237027805,0.0,0.0
2015-06-10,-0.0007894201296022585,0.9672968631181912,2.0340907419645755,0.0,0.0,0.0004051533910119218,0.0,0.0
2015-06-11,0.00039390831950814054,0.9676778894000077,2.024637474902373,0.0,0.0,0.0004030789426701783,5.485722285485749e-07,0.0
2015-06-12,3.6463081668713926e-05,0.9677131739179179,2.015515485944366,0.0,0.0,0.00040109296214695773,3.7688947398262845e-07,0.0
2015-06-15,-0.001834866012658365,0.9659375499050942,2.001251605075808,0.0,0.0,0.00039743699940224107,2.043388661580546e-07,0.0
2015-06-16,-0.0029743526451794233,0.9630645109984558,0.0,2.007194502697997,0.0025089931283724964,0.0,0.0,0.0
2015-06-17,-0.005255839385237326,0.9580027986110258,2.0075144119894257,1.9950124688279303,0.0024937655860349127,0.0003966921865652971,0.0,0.0
2015-06-18,-0.0038688341527618464,0.954296444665318,2.0471981934897787,0.0,0.0,0.00040548479510015565,1.0184180607967397e-07,0.0
2015-06-19,-0.0029584391488275408,0.9514732167038332,2.055676902925371,0.0,0.0,0.00040821882943776957,8.198992182346741e-07,0.0
2015-06-22,-0.0015498127185300525,0.949998611411245,2.0657377569200324,0.0,0.0,0.0004102998620011254,9.353844641945561e-07,0.0
2015-06-23,-0.0029193973051349076,0.947225188025209,2.0830719564694693,0.0,0.0,0.0004134404649217525,1.1111852099095597e-06,0.0
2015-06-24,0.0034912415439303235,0.9505321799530999,2.0618532049707965,0.0,0.0,0.00041184045894079684,1.4065026399863264e-06,0.0
2015-06-25,-0.004245497272375109,0.9464966981758043,2.0644860638321876,0.0,0.0,0.0004107776799135518,1.0659463912734062e-06,0.0
2015-06-26,0.001902822329573839,0.9482977132279611,2.044708408630965,0.0,0.0,0.0004081551114043409,1.0391312547774534e-06,0.0
2015-06-29,0.0020738972314582327,0.9502643852300228,1.9991650845806208,0.0,0.0,0.0003993511550069349,6.943425378986504e-07,0.0
2015-06-30,-8.343621348683161e-05,0.9501850987679078,1.9951598901140493,0.0,0.0,0.00039662521314529905,0.0,0.0
2015-07-01,-0.0039022252091905907,0.9464772625220984,2.011592702296301,0.0,0.0,0.0003991031336919907,0.0,0.0
2015-07-02,-0.004931287575516863,0.941809910956914,2.032122928028564,0.0,0.0,0.0004058698128666534,2.191945759334352e-08,0.0
2015-07-06,0.0017711365338954899,0.9434779848981946,2.0242804008175437,0.0,0.0,0.00040410737420344943,3.3719891848712105e-07,0.0
2015-07-07,-0.0044862013980131454,0.9392453526433496,2.0458459994062212,0.0,0.0,0.00040863731025583003,2.2655258767293995e-07,0.0
2015-07-08,-0.0006066560895680029,0.9386755537305701,2.0156238261231563,0.0,0.0,0.0004028495346255793,5.709896644697184e-07,0.0
2015-07-09,0.0015022429579671925,0.9400856724709779,2.0255595342157724,0.0,0.0,0.0004059046441135778,0.0,0.0
2015-07-10,-0.003642782237218478,0.936661145081837,2.072823841245932,0.0,0.0,0.0004160158021503485,2.0417337473986413e-07,0.0
2015-07-13,0.002012759112329121,0.938546418336765,2.129722312731405,0.0,0.0,0.0004270820961990651,1.0764343356596973e-06,0.0
2015-07-14,0.004331780930551865,0.9426119958141539,2.1718119776737,0.0,0.0,0.0004371369000301494,2.264146352774959e-06,0.0
2015-07-15,-0.001719479257968004,0.9409911940390396,2.173443825452468,0.0,0.0,0.000433456167383944,3.1873450177988784e-06,0.0
2015-07-16,0.004051824620799005,0.9448039253270021,2.2355976988593076,0.0,0.0,0.00044739650824108883,3.1934344310634113e-06,0.0
2015-07-17,-0.004134922936386065,0.9408972339057798,2.6075583906941793,0.0,0.0,0.000524378445643466,4.573148531607207e-06,0.0
2015-07-20,-0.006947977049977405,0.9343599015182152,2.5937748820446704,0.0,0.0,0.0005180378891724785,1.1898517871292089e-05,0.0
2015-07-21,-0.006661683178986744,0.9281354918791517,2.6145246346813344,0.0,0.0,0.0005202411802724255,1.141978131662107e-05,0.0
2015-07-22,-0.0004514908015361696,0.927716447241989,2.6148397046375442,0.0,0.0,0.0005235779977513944,1.1707461155535379e-05,0.0
2015-07-23,0.003295262105242669,0.9307735160949959,2.532961138031575,0.0,0.0,0.000506045046358958,1.165941902673376e-05,0.0
2015-07-24,-0.0031287458954646352,0.9278613622769065,2.4624970271097446,0.0,0.0,0.0004909784180746261,1.0150227139730782e-05,0.0
2015-07-27,8.783192260075623e-05,0.9279428581242624,2.4761601594992673,0.0,0.0,0.0004953371046592283,8.703885108127593e-06,0.0
2015-07-28,-0.0016971180038654055,0.9263680295931813,2.4844622531577936,0.0,0.0,0.0004947575234200341,8.95783105587444e-06,0.0
2015-07-29,0.003825833762160835,0.9299121596769853,2.4860149816824695,0.0,0.0,0.000500739827406462,9.167297043346889e-06,0.0
2015-07-30,0.0006880742619581603,0.930552008299941,0.0,2.465368706897775,0.003081710883622219,0.0,9.219691068460567e-06,0.0
2015-07-31,-0.0011962705279963126,0.929438816357644,1.9774571656767947,1.99501246882793,0.0024937655860349127,0.0003915481247552236,0.0,0.0
2015-08-03,-0.002386396909661359,0.9272208064385689,2.001940390510526,0.0,0.0,0.00039658654446220805,0.0,0.0
2015-08-04,0.0016778870240987676,0.9287765781981666,1.9903123648820902,0.0,0.0,0.000396742039198417,3.2678765698614146e-08,0.0
2015-08-05,0.004540156521881444,0.9329933692370437,2.0221886615798836,0.0,0.0,0.000401188034936453,0.0,0.0
2015-08-06,0.002568008349609352,0.9353893039993746,2.0105923342234373,0.0,0.0,0.00039768942660969777,5.723297646111739e-07,0.0
2015-08-07,-0.0033940881143684765,0.932214510280363,1.9971722872403221,0.0,0.0,0.00039372832004718914,4.01240888681555e-07,0.0
2015-08-10,-0.0009980265081497297,0.9312841354878213,1.994814983669801,0.0,0.0,0.000393201108252831,7.557423360113887e-08,0.0
2015-08-11,0.001565123282559977,0.9327417099709521,2.0749960071857956,0.0,0.0,0.0004102029503858179,1.711234458835582e-08,0.0
2015-08-12,-0.004087237943998456,0.9289293726620088,2.0833397244240395,0.0,0.0,0.00041190240364015577,1.6513599235898913e-06,0.0
2015-08-13,0.0021231120771125767,0.9309015938318922,2.0665737123592667,0.0,0.0,0.00040829922485394616,1.7347117684709768e-06,0.0
2015-08-14,-0.00364360738410896,0.9275097539107275,2.0794989978699,0.0,0.0,0.0004097867975395371,1.4552309769197532e-06,0.0
2015-08-17,-0.001609215923612184,0.9260171904454287,2.0959527272308414,0.0,0.0,0.0004140872370057289,1.6474476608833308e-06,0.0
2015-08-18,0.0001739367428763572,0.9261782588593823,2.07995207452972,0.0,0.0,0.00040960753741784843,1.9407145999871517e-06,0.0
2015-08-19,-0.0008518479397172651,0.9253892958177621,2.097316933706245,0.0,0.0,0.00041581573012204224,1.6491696464140268e-06,0.0
2015-08-20,-0.0007898352769007966,0.9246583907070588,2.054614518932806,0.0,0.0,0.00040737959302126375,1.9852828365323457e-06,0.0
2015-08-21,-0.0014634863709106494,0.9233051657545108,1.949314190113145,0.0,0.0,0.00038537909693450555,1.1263966890850865e-06,0.0
2015-08-24,0.0024167096706486646,0.9255365262775497,1.869178368831772,0.0,0.0,0.00036993568542448415,0.0,0.0
2015-08-25,-0.003849775381257081,0.9219734185442322,1.855820387176693,0.0,0.0,0.00036766567439056573,0.0,0.0
2015-08-26,0.002249502032750428,0.9240473996233893,1.9971691996220053,0.0,0.0,0.00039704728192759936,0.0,0.0
2015-08-27,0.0014802920032515043,0.9254152595996772,2.0209028926818067,0.0,0.0,0.0004011233980412361,5.434948066163962e-09,0.0
2015-08-28,0.0005980151389484156,0.9259686719347318,1.9957437904115658,0.0,0.0,0.00039673499544353184,5.157194519758048e-07,0.0
2015-08-31,-0.0017453407005409982,0.9243525411241782,1.9620081289476592,0.0,0.0,0.00038631817273835766,3.384062287245764e-08,0.0
2015-09-01,-0.0053321533400259025,0.9194237516346615,1.9120763560690097,0.0,0.0,0.0003789805083847627,0.0,0.0
2015-09-02,0.0027605633322598244,0.921961879130233,1.956453157173869,0.0,0.0,0.00038883386653432427,0.0,0.0
2015-09-03,-0.0013781431893012952,0.9206912836457142,1.934313320308399,0.0,0.0,0.00038303214064755957,0.0,0.0
2015-09-04,0.003029781326730374,0.9234807769045874,1.907401550652933,0.0,0.0,0.00037812211462648896,0.0,0.0
2015-09-08,-0.0007240355745508076,0.9228121439696947,1.9536017229585287,0.0,0.0,0.0003861560189670351,0.0,0.0
2015-09-09,-0.0027659209424170106,0.9202597185347722,1.9552078369435877,0.0,0.0,0.000387011744207241,0.0,0.0
2015-09-10,0.0017558522043485958,0.9218755585901347,1.9771621162376705,0.0,0.0,0.00039211487442965455,0.0,0.0
2015-09-11,0.0002625412282615258,0.9221175889315912,1.9900808557188208,0.0,0.0,0.00039439742003282905,0.0,0.0
2015-09-14,-0.0030995774809173815,0.919259414018181,0.0,1.991687005312488,0.00248960875664061,0.0,0.0,0.0
2015-09-15,0.0,0.919259414018181,0.0,0.0,0.0,0.0,0.0,0.0
2015-09-16,0.0,0.919259414018181,0.0,0.0,0.0,0.0,0.0,0.0
2015-09-17,0.0,0.919259414018181,0.0,0.0,0.0,0.0,0.0,0.0
2015-09-18,0.0,0.919259414018181,0.0,0.0,0.0,0.0,0.0,0.0
2015-09-21,0.0,0.919259414018181,0.0,0.0,0.0,0.0,0.0,0.0
2015-09-22,0.0,0.919259414018181,0.0,0.0,0.0,0.0,0.0,0.0
2015-09-23,0.0,0.919259414018181,0.0,0.0,0.0,0.0,0.0,0.0
2015-09-24,0.0,0.919259414018181,0.0,0.0,0.0,0.0,0.0,0.0
2015-09-25,0.0,0.919259414018181,0.0,0.0,0.0,0.0,0.0,0.0
2015-09-28,0.0,0.919259414018181,0.0,0.0,0.0,0.0,0.0,0.0
2015-09-29,0.0,0.919259414018181,0.0,0.0,0.0,0.0,0.0,0.0
2015-09-30,0.0,0.919259414018181,0.0,0.0,0.0,0.0,0.0,0.0
2015-10-01,0.0,0.919259414018181,0.0,0.0,0.0,0.0,0.0,0.0
2015-10-02,0.0,0.919259414018181,0.0,0.0,0.0,0.0,0.0,0.0
2015-10-05,0.0,0.919259414018181,0.0,0.0,0.0,0.0,0.0,0.0
2015-10-06,0.0,0.919259414018181,0.0,0.0,0.0,0.0,0.0,0.0
2015-10-07,0.0,0.919259414018181,0.0,0.0,0.0,0.0,0.0,0.0
2015-10-08,0.0,0.919259414018181,0.0,0.0,0.0,0.0,0.0,0.0
2015-10-09,0.0,0.919259414018181,0.0,0.0,0.0,0.0,0.0,0.0
2015-10-12,0.0,0.919259414018181,0.0,0.0,0.0,0.0,0.0,0.0
2015-10-13,0.0,0.919259414018181,0.0,0.0,0.0,0.0,0.0,0.0
2015-10-14,0.0,0.919259414018181,0.0,0.0,0.0,0.0,0.0,0.0
2015-10-15,0.0,0.919259414018181,0.0,0.0,0.0,0.0,0.0,0.0
2015-10-16,0.0,0.919259414018181,0.0,0.0,0.0,0.0,0.0,0.0
2015-10-19,0.0,0.919259414018181,0.0,0.0,0.0,0.0,0.0,0.0
2015-10-20,0.0,0.919259414018181,0.0,0.0,0.0,0.0,0.0,0.0
2015-10-21,0.0,0.919259414018181,0.0,0.0,0.0,0.0,0.0,0.0
2015-10-22,0.0,0.919259414018181,0.0,0.0,0.0,0.0,0.0,0.0
2015-10-23,0.0,0.919259414018181,0.0,0.0,0.0,0.0,0.0,0.0
2015-10-26,0.0,0.919259414018181,0.0,0.0,0.0,0.0,0.0,0.0
2015-10-27,0.0,0.919259414018181,0.0,0.0,0.0,0.0,0.0,0.0
2015-10-28,0.0,0.919259414018181,0.0,0.0,0.0,0.0,0.0,0.0
2015-10-29,0.0,0.919259414018181,0.0,0.0,0.0,0.0,0.0,0.0
2015-10-30,0.0,0.919259414018181,0.0,0.0,0.0,0.0,0.0,0.0
2015-11-02,0.0,0.919259414018181,0.0,0.0,0.0,0.0,0.0,0.0
2015-11-03,0.0,0.919259414018181,0.0,0.0,0.0,0.0,0.0,0.0
2015-11-04,0.0,0.919259414018181,0.0,0.0,0.0,0.0,0.0,0.0
2015-11-05,0.0,0.919259414018181,0.0,0.0,0.0,0.0,0.0,0.0
2015-11-06,0.0,0.919259414018181,0.0,0.0,0.0,0.0,0.0,0.0
2015-11-09,0.0,0.919259414018181,0.0,0.0,0.0,0.0,0.0,0.0
2015-11-10,0.0,0.919259414018181,0.0,0.0,0.0,0.0,0.0,0.0
2015-11-11,0.0,0.919259414018181,0.0,0.0,0.0,0.0,0.0,0.0
2015-11-12,0.0,0.919259414018181,0.0,0.0,0.0,0.0,0.0,0.0
2015-11-13,0.0,0.919259414018181,0.0,0.0,0.0,0.0,0.0,0.0
2015-11-16,0.0,0.919259414018181,0.0,0.0,0.0,0.0,0.0,0.0
2015-11-17,0.0,0.919259414018181,0.0,0.0,0.0,0.0,0.0,0.0
2015-11-18,0.0,0.919259414018181,0.0,0.0,0.0,0.0,0.0,0.0
2015-11-19,0.0,0.919259414018181,0.0,0.0,0.0,0.0,0.0,0.0
2015-11-20,0.0,0.919259414018181,0.0,0.0,0.0,0.0,0.0,0.0
2015-11-23,0.0,0.919259414018181,0.0,0.0,0.0,0.0,0.0,0.0
2015-11-24,0.0,0.919259414018181,0.0,0.0,0.0,0.0,0.0,0.0
2015-11-25,0.0,0.919259414018181,0.0,0.0,0.0,0.0,0.0,0.0
2015-11-27,0.0,0.919259414018181,0.0,0.0,0.0,0.0,0.0,0.0
2015-11-30,0.0,0.919259414018181,0.0,0.0,0.0,0.0,0.0,0.0
2015-12-01,0.0,0.919259414018181,0.0,0.0,0.0,0.0,0.0,0.0
2015-12-02,-0.0038279616899747904,0.9157405241981708,1.9847512926784199,1.9950124688279303,0.002493765586034913,0.000392479257462777,0.0,0.0
2015-12-03,0.00012015609670079641,0.9158505560051491,1.9593957705673106,0.0,0.0,0.0003893974544100471,0.0,0.0
2015-12-04,-0.004939949265596266,0.9113263007236155,2.0019046119479245,0.0,0.0,0.0003957559127260741,0.0,0.0
2015-12-07,-0.003707521398342517,0.9079475389628104,1.9966786303503858,0.0,0.0,0.00039641376594513856,0.0,0.0
2015-12-08,0.0035235802153581464,0.9111467649476829,1.9912716708765812,0.0,0.0,0.00039891131441375453,0.0,0.0
2015-12-09,-0.0024426974844699023,0.9089211090369623,1.9658547608512107,0.0,0.0,0.0003907666876421491,0.0,0.0
2015-12-10,-0.0007937001378632846,0.9081996982274129,1.9613657130476259,0.0,0.0,0.0003903298604274802,0.0,0.0
2015-12-11,0.0011515219255371356,0.909245510092688,1.9328647192113675,0.0,0.0,0.0003862814704359364,0.0,0.0
2015-12-14,0.003503041394905093,0.9124306347526742,1.9532614483149218,0.0,0.0,0.0003902713852784288,0.0,0.0
2015-12-15,0.002190781951299181,0.9144295713191027,1.940163730181935,0.0,0.0,0.00038561746289613504,0.0,0.0
2015-12-16,0.0015199513635477668,0.9158194597928977,1.9773871133425176,0.0,0.0,0.0003924626824375189,0.0,0.0
2015-12-17,0.002270494447709881,0.9178988227914621,1.9530566175596227,0.0,0.0,0.0003871885790544624,0.0,0.0
2015-12-18,-0.003745702043128296,0.914460647295547,1.930626692553737,0.0,0.0,0.00038098154212462044,0.0,0.0
2015-12-21,-0.00637602875019827,0.9086300199174656,1.9591956110958086,0.0,0.0,0.0003873565810280633,0.0,0.0
2015-12-22,0.004817540939823894,0.913007382237571,1.9608110405920536,0.0,0.0,0.0003908701389373375,0.0,0.0
2015-12-23,0.0009709574697158718,0.9138938735752604,1.9610770109642268,0.0,0.0,0.00038890269395785326,0.0,0.0
2015-12-24,-0.0013065980743480754,0.9126997815998885,1.9577308516641263,0.0,0.0,0.00038715539128927103,0.0,0.0
2015-12-28,0.0021506986771704373,0.9146627238128291,1.9928641842251225,0.0,0.0,0.00039559831761814185,0.0,0.0
2015-12-29,-0.003810050579700408,0.9111778125717357,2.033947553377742,0.0,0.0,0.00040156244410785894,0.0,0.0
2015-12-30,0.0022375793536979494,0.9132166452326939,2.0174134555933976,0.0,0.0,0.00040043773768507065,6.950785411973135e-07,0.0
2015-12-31,-0.00028147801794509153,0.9129595948214393,1.986430115388021,0.0,0.0,0.00039374020873456095,4.19719945754933e-07,0.0
2016-01-04,-0.0018780174697009544,0.9112450407532335,1.944069629659232,0.0,0.0,0.00038434007963545334,0.0,0.0
2016-01-05,0.0013240314718352408,0.9124515578657446,1.9451407315272817,0.0,0.0,0.00038567205746599436,0.0,0.0
2016-01-06,-0.004560412734777919,0.9082904021613857,1.9525892431581238,0.0,0.0,0.0003848466206449589,0.0,0.0
2016-01-07,-0.001321209678157409,0.9070903600914726,1.9089225957922922,0.0,0.0,0.000378101081586272,0.0,0.0
2016-01-08,0.0023093106714455747,0.9091851135399973,1.8759300011742837,0.0,0.0,0.00037196762242400265,0.0,0.0
2016-01-11,0.00035529210509066544,0.909508139832904,1.8800822147195815,0.0,0.0,0.0003732515794421291,0.0,0.0
2016-01-12,0.0022112572073771375,0.9115192962622777,1.904788983651611,0.0,0.0,0.0003768700169321634,0.0,0.0
2016-01-13,-1.9417964548518185e-06,0.9115175262773396,1.838403502575198,0.0,0.0,0.0003641276999095821,0.0,0.0
2016-01-14,-0.003754687587784966,0.9080950627353777,1.8791273529339634,0.0,0.0,0.0003710936841163582,0.0,0.0
2016-01-15,-0.0003397342591748842,0.9077865517319789,0.0,1.818627722322583,0.002273284652903229,0.0,0.0,0.0
2016-01-19,0.0,0.9077865517319789,0.0,0.0,0.0,0.0,0.0,0.0
2016-01-20,0.0,0.9077865517319789,0.0,0.0,0.0,0.0,0.0,0.0
2016-01-21,0.0,0.9077865517319789,0.0,0.0,0.0,0.0,0.0,0.0
2016-01-22,0.0,0.9077865517319789,0.0,0.0,0.0,0.0,0.0,0.0
2016-01-25,0.0,0.9077865517319789,0.0,0.0,0.0,0.0,0.0,0.0
2016-01-26,0.0,0.9077865517319789,0.0,0.0,0.0,0.0,0.0,0.0
2016-01-27,0.0,0.9077865517319789,0.0,0.0,0.0,0.0,0.0,0.0
2016-01-28,0.0,0.9077865517319789,0.0,0.0,0.0,0.0,0.0,0.0
2016-01-29,0.0,0.9077865517319789,0.0,0.0,0.0,0.0,0.0,0.0
2016-02-01,0.0,0.9077865517319789,0.0,0.0,0.0,0.0,0.0,0.0
2016-02-02,0.0,0.9077865517319789,0.0,0.0,0.0,0.0,0.0,0.0
2016-02-03,0.0,0.9077865517319789,0.0,0.0,0.0,0.0,0.0,0.0
2016-02-04,0.0,0.9077865517319789,0.0,0.0,0.0,0.0,0.0,0.0
2016-02-05,0.0,0.9077865517319789,0.0,0.0,0.0,0.0,0.0,0.0
2016-02-08,0.0,0.9077865517319789,0.0,0.0,0.0,0.0,0.0,0.0
2016-02-09,0.0,0.9077865517319789,0.0,0.0,0.0,0.0,0.0,0.0
2016-02-10,0.0,0.9077865517319789,0.0,0.0,0.0,0.0,0.0,0.0
2016-02-11,0.0,0.9077865517319789,0.0,0.0,0.0,0.0,0.0,0.0
2016-02-12,0.0,0.9077865517319789,0.0,0.0,0.0,0.0,0.0,0.0
2016-02-16,0.0,0.9077865517319789,0.0,0.0,0.0,0.0,0.0,0.0
2016-02-17,0.0,0.9077865517319789,0.0,0.0,0.0,0.0,0.0,0.0
2016-02-18,0.0,0.9077865517319789,0.0,0.0,0.0,0.0,0.0,0.0
2016-02-19,0.0,0.9077865517319789,0.0,0.0,0.0,0.0,0.0,0.0
2016-02-22,0.0,0.9077865517319789,0.0,0.0,0.0,0.0,0.0,0.0
2016-02-23,0.0,0.9077865517319789,0.0,0.0,0.0,0.0,0.0,0.0
2016-02-24,0.0,0.9077865517319789,0.0,0.0,0.0,0.0,0.0,0.0
2016-02-25,0.0,0.9077865517319789,0.0,0.0,0.0,0.0,0.0,0.0
2016-02-26,0.0,0.9077865517319789,0.0,0.0,0.0,0.0,0.0,0.0
2016-02-29,0.0,0.9077865517319789,0.0,0.0,0.0,0.0,0.0,0.0
2016-03-01,0.0,0.9077865517319789,0.0,0.0,0.0,0.0,0.0,0.0
2016-03-02,0.0,0.9077865517319789,0.0,0.0,0.0,0.0,0.0,0.0
2016-03-03,0.0,0.9077865517319789,0.0,0.0,0.0,0.0,0.0,0.0
2016-03-04,0.0,0.9077865517319789,0.0,0.0,0.0,0.0,0.0,0.0
2016-03-07,0.0,0.9077865517319789,0.0,0.0,0.0,0.0,0.0,0.0
2016-03-08,0.0,0.9077865517319789,0.0,0.0,0.0,0.0,0.0,0.0
2016-03-09,0.0,0.9077865517319789,0.0,0.0,0.0,0.0,0.0,0.0
2016-03-10,0.0,0.9077865517319789,0.0,0.0,0.0,0.0,0.0,0.0
2016-03-11,0.0,0.9077865517319789,0.0,0.0,0.0,0.0,0.0,0.0
2016-03-14,0.0,0.9077865517319789,0.0,0.0,0.0,0.0,0.0,0.0
2016-03-15,0.0,0.9077865517319789,0.0,0.0,0.0,0.0,0.0,0.0
2016-03-16,0.0,0.9077865517319789,0.0,0.0,0.0,0.0,0.0,0.0
2016-03-17,0.0,0.9077865517319789,0.0,0.0,0.0,0.0,0.0,0.0
2016-03-18,0.0,0.9077865517319789,0.0,0.0,0.0,0.0,0.0,0.0
2016-03-21,0.0,0.9077865517319789,0.0,0.0,0.0,0.0,0.0,0.0
2016-03-22,0.0,0.9077865517319789,0.0,0.0,0.0,0.0,0.0,0.0
2016-03-23,0.0,0.9077865517319789,0.0,0.0,0.0,0.0,0.0,0.0
2016-03-24,0.0,0.9077865517319789,0.0,0.0,0.0,0.0,0.0,0.0
2016-03-28,0.0,0.9077865517319789,0.0,0.0,0.0,0.0,0.0,0.0
2016-03-29,0.0,0.9077865517319789,0.0,0.0,0.0,0.0,0.0,0.0
2016-03-30,0.0,0.9077865517319789,0.0,0.0,0.0,0.0,0.0,0.0
2016-03-31,0.0,0.9077865517319789,0.0,0.0,0.0,0.0,0.0,0.0
2016-04-01,0.0,0.9077865517319789,0.0,0.0,0.0,0.0,0.0,0.0
2016-04-04,0.0,0.9077865517319789,0.0,0.0,0.0,0.0,0.0,0.0
2016-04-05,0.0,0.9077865517319789,0.0,0.0,0.0,0.0,0.0,0.0
2016-04-06,0.0,0.9077865517319789,0.0,0.0,0.0,0.0,0.0,0.0
2016-04-07,0.0,0.9077865517319789,0.0,0.0,0.0,0.0,0.0,0.0
2016-04-08,0.0,0.9077865517319789,0.0,0.0,0.0,0.0,0.0,0.0
2016-04-11,0.0,0.9077865517319789,0.0,0.0,0.0,0.0,0.0,0.0
2016-04-12,0.0,0.9077865517319789,0.0,0.0,0.0,0.0,0.0,0.0
2016-04-13,0.0,0.9077865517319789,0.0,0.0,0.0,0.0,0.0,0.0
2016-04-14,0.0,0.9077865517319789,0.0,0.0,0.0,0.0,0.0,0.0
2016-04-15,0.0,0.9077865517319789,0.0,0.0,0.0,0.0,0.0,0.0
2016-04-18,0.0,0.9077865517319789,0.0,0.0,0.0,0.0,0.0,0.0
2016-04-19,0.0,0.9077865517319789,0.0,0.0,0.0,0.0,0.0,0.0
2016-04-20,0.0,0.9077865517319789,0.0,0.0,0.0,0.0,0.0,0.0
2016-04-21,0.0,0.9077865517319789,0.0,0.0,0.0,0.0,0.0,0.0
2016-04-22,0.0,0.9077865517319789,0.0,0.0,0.0,0.0,0.0,0.0
2016-04-25,0.0,0.9077865517319789,0.0,0.0,0.0,0.0,0.0,0.0
2016-04-26,0.0,0.9077865517319789,0.0,0.0,0.0,0.0,0.0,0.0
2016-04-27,0.0,0.9077865517319789,0.0,0.0,0.0,0.0,0.0,0.0
2016-04-28,0.0,0.9077865517319789,0.0,0.0,0.0,0.0,0.0,0.0
2016-04-29,0.0,0.9077865517319789,0.0,0.0,0.0,0.0,0.0,0.0
2016-05-02,0.0,0.9077865517319789,0.0,0.0,0.0,0.0,0.0,0.0
2016-05-03,0.0,0.9077865517319789,0.0,0.0,0.0,0.0,0.0,0.0
2016-05-04,0.0,0.9077865517319789,0.0,0.0,0.0,0.0,0.0,0.0
2016-05-05,0.0,0.9077865517319789,0.0,0.0,0.0,0.0,0.0,0.0
2016-05-06,0.0,0.9077865517319789,0.0,0.0,0.0,0.0,0.0,0.0
2016-05-09,0.0,0.9077865517319789,0.0,0.0,0.0,0.0,0.0,0.0
2016-05-10,0.0,0.9077865517319789,0.0,0.0,0.0,0.0,0.0,0.0
2016-05-11,0.0,0.9077865517319789,0.0,0.0,0.0,0.0,0.0,0.0
2016-05-12,0.0,0.9077865517319789,0.0,0.0,0.0,0.0,0.0,0.0
2016-05-13,0.0,0.9077865517319789,0.0,0.0,0.0,0.0,0.0,0.0
2016-05-16,0.0,0.9077865517319789,0.0,0.0,0.0,0.0,0.0,0.0
2016-05-17,0.0,0.9077865517319789,0.0,0.0,0.0,0.0,0.0,0.0
2016-05-18,0.0,0.9077865517319789,0.0,0.0,0.0,0.0,0.0,0.0
2016-05-19,0.0,0.9077865517319789,0.0,0.0,0.0,0.0,0.0,0.0
2016-05-20,0.0,0.9077865517319789,0.0,0.0,0.0,0.0,0.0,0.0
2016-05-23,0.0,0.9077865517319789,0.0,0.0,0.0,0.0,0.0,0.0
2016-05-24,0.0,0.9077865517319789,0.0,0.0,0.0,0.0,0.0,0.0
2016-05-25,0.0,0.9077865517319789,0.0,0.0,0.0,0.0,0.0,0.0
2016-05-26,0.0,0.9077865517319789,0.0,0.0,0.0,0.0,0.0,0.0
2016-05-27,0.0,0.9077865517319789,0.0,0.0,0.0,0.0,0.0,0.0
2016-05-31,0.0,0.9077865517319789,0.0,0.0,0.0,0.0,0.0,0.0
2016-06-01,0.0,0.9077865517319789,0.0,0.0,0.0,0.0,0.0,0.0
2016-06-02,0.0,0.9077865517319789,0.0,0.0,0.0,0.0,0.0,0.0
2016-06-03,0.0,0.9077865517319789,0.0,0.0,0.0,0.0,0.0,0.0
2016-06-06,0.0,0.9077865517319789,0.0,0.0,0.0,0.0,0.0,0.0
2016-06-07,0.0,0.9077865517319789,0.0,0.0,0.0,0.0,0.0,0.0
2016-06-08,0.0,0.9077865517319789,0.0,0.0,0.0,0.0,0.0,0.0
2016-06-09,0.0,0.9077865517319789,0.0,0.0,0.0,0.0,0.0,0.0
2016-06-10,0.0,0.9077865517319789,0.0,0.0,0.0,0.0,0.0,0.0
2016-06-13,0.0,0.9077865517319789,0.0,0.0,0.0,0.0,0.0,0.0
2016-06-14,0.0,0.9077865517319789,0.0,0.0,0.0,0.0,0.0,0.0
2016-06-15,0.0,0.9077865517319789,0.0,0.0,0.0,0.0,0.0,0.0
2016-06-16,0.0,0.9077865517319789,0.0,0.0,0.0,0.0,0.0,0.0
2016-06-17,0.0,0.9077865517319789,0.0,0.0,0.0,0.0,0.0,0.0
2016-06-20,0.0,0.9077865517319789,0.0,0.0,0.0,0.0,0.0,0.0
2016-06-21,0.0,0.9077865517319789,0.0,0.0,0.0,0.0,0.0,0.0
2016-06-22,0.0,0.9077865517319789,0.0,0.0,0.0,0.0,0.0,0.0
2016-06-23,0.0,0.9077865517319789,0.0,0.0,0.0,0.0,0.0,0.0
2016-06-24,0.0,0.9077865517319789,0.0,0.0,0.0,0.0,0.0,0.0
2016-06-27,-0.0007878290913605479,0.9070713710777786,1.9905342149355238,1.99501246882793,0.0024937655860349127,0.0003942194163219549,0.0,0.0
2016-06-28,-0.003124481393702583,0.9042372434560858,2.029202770969261,0.0,0.0,0.0004018747866613344,0.0,0.0
2016-06-29,-0.0007135187236009255,0.9035920532523026,2.0425010117274787,0.0,0.0,0.00040516028301491506,5.670655674583587e-07,0.0
2016-06-30,-9.817750099772038e-05,0.9035033408425929,2.066883096144216,0.0,0.0,0.0004095312871963065,8.23488883441838e-07,0.0
2016-07-01,-0.0011668341077728517,0.902449102328011,2.089809673906112,0.0,0.0,0.00041354148583487745,1.311939661041294e-06,0.0
2016-07-05,-0.001924516689375877,0.9007123239692685,2.0795609161643904,0.0,0.0,0.0004136280704715952,1.7599975413332358e-06,0.0
2016-07-06,0.0013687768230619124,0.9019451981225638,2.086939661083941,0.0,0.0,0.00041485823888518344,1.5212895619965341e-06,0.0
2016-07-07,0.0006757587836609957,0.902554695512576,2.0794132263120413,0.0,0.0,0.00041236330752016944,1.7010915827680241e-06,0.0
2016-07-08,-0.0003113911136080061,0.9022736480008483,2.1108913401264875,0.0,0.0,0.0004192397565157545,1.5775669062318382e-06,0.0
2016-07-11,-0.0007236835859487645,0.9016206873717559,2.1404413775876683,0.0,0.0,0.00042493704104144776,2.2048463876508646e-06,0.0
2016-07-12,-0.0009238112209492,0.900787760063722,2.158556445162939,0.0,0.0,0.00042763698588204507,2.780058720080058e-06,0.0
2016-07-13,0.0005911301877075115,0.9013202429014131,2.147340986573875,0.0,0.0,0.0004262608892949973,3.13232903383391e-06,0.0
2016-07-14,0.002927589826899668,0.9039589388753101,2.1562760372634995,0.0,0.0,0.0004284929742107818,2.9308921161191995e-06,0.0
2016-07-15,0.0009631045175706454,0.9048295458130393,2.152311193255084,0.0,0.0,0.0004262412433873143,3.1720876528333116e-06,0.0
2016-07-18,-0.003625114602033963,0.9015494350141607,0.0,2.161920356897702,0.0027024004461221273,0.0,3.12541294979505e-06,0.0
2016-07-19,0.0,0.9015494350141607,0.0,0.0,0.0,0.0,0.0,0.0
2016-07-20,0.0,0.9015494350141607,0.0,0.0,0.0,0.0,0.0,0.0
2016-07-21,0.0,0.9015494350141607,0.0,0.0,0.0,0.0,0.0,0.0
2016-07-22,0.0,0.9015494350141607,0.0,0.0,0.0,0.0,0.0,0.0
2016-07-25,0.0,0.9015494350141607,0.0,0.0,0.0,0.0,0.0,0.0
2016-07-26,0.0,0.9015494350141607,0.0,0.0,0.0,0.0,0.0,0.0
2016-07-27,0.0,0.9015494350141607,0.0,0.0,0.0,0.0,0.0,0.0
2016-07-28,0.0,0.9015494350141607,0.0,0.0,0.0,0.0,0.0,0.0
2016-07-29,0.0,0.9015494350141607,0.0,0.0,0.0,0.0,0.0,0.0
2016-08-01,0.0,0.9015494350141607,0.0,0.0,0.0,0.0,0.0,0.0
2016-08-02,-0.003292988516750084,0.8985806430773766,2.008204348466248,1.9950124688279303,0.002493765586034913,0.000397220904094064,0.0,0.0
2016-08-03,0.0038551626842173725,0.9020448176413286,2.0017282279310544,0.0,0.0,0.0003981280566779872,1.5485697727132378e-07,0.0
2016-08-04,-0.0003436452199252482,0.9017348342515878,1.998290484696674,0.0,0.0,0.00039573493310533564,1.104278388532426e-07,0.0
2016-08-05,0.001257055456816758,0.9028683649455855,2.0216223651159257,0.0,0.0,0.0004008248102523986,4.326715152328017e-08,0.0
2016-08-08,0.0011277807564713527,0.9038866025131979,2.0166283925032586,0.0,0.0,0.0003988244423315479,5.384477178264956e-07,0.0
2016-08-09,2.794265690053699e-05,0.903911859506409,2.0226152893063114,0.0,0.0,0.0003998107735416991,4.6994979445183336e-07,0.0
2016-08-10,-0.0011173879787242935,0.9029018392607702,2.0266836642249024,0.0,0.0,0.000400376783235706,5.973366970648283e-07,0.0
2016-08-11,0.0001811816975421099,0.9030654285487214,2.0261743658677673,0.0,0.0,0.00040145796112143274,6.6528920919668e-07,0.0
2016-08-12,-0.0010760883901268503,0.9020936503255352,2.024805621257911,0.0,0.0,0.000400171349670501,6.656483527993279e-07,0.0
2016-08-15,-4.929352729332592e-05,0.9020491829475618,2.022530902527647,0.0,0.0,0.00039968433448538636,6.246243923341861e-07,0.0
2016-08-16,-0.0013078853208949859,0.9008694060624594,2.012324546839811,0.0,0.0,0.00039741264001216456,5.865945279665942e-07,0.0
2016-08-17,-0.00209908121907032,0.8989784080113586,2.0254691951211643,0.0,0.0,0.00039946540505561307,3.657413753840722e-07,0.0
2016-08-18,-0.0001867411918966555,0.8988105317119572,2.0193605093085925,0.0,0.0,0.00039958455234712065,5.935404883486716e-07,0.0
2016-08-19,0.0007842249614957719,0.899515401366581,2.0111856650293567,0.0,0.0,0.0003980141564102368,4.76492498000893e-07,0.0
2016-08-22,-0.0012645054044945203,0.898377959280127,2.0060839190995337,0.0,0.0,0.00039708472649127797,3.383543155301334e-07,0.0
2016-08-23,-3.609538978333049e-05,0.898345531977514,2.005613188207843,0.0,0.0,0.0003969023671101513,2.1959776051736543e-07,0.0
2016-08-24,0.00018043407943180156,0.898507624126588,1.9983210641134856,0.0,0.0,0.00039629790613867656,2.179028480170326e-07,0.0
2016-08-25,0.0021938294794430213,0.9004787966399013,1.99076670087955,0.0,0.0,0.00039473601987102217,8.424676263973841e-08,0.0
2016-08-26,-0.002630282122827343,0.8981102833591142,1.9985976008429394,0.0,0.0,0.00039506288553297286,0.0,0.0
2016-08-29,-0.00026195022006259006,0.8978750231727478,2.0057878875026782,0.0,0.0,0.00039692787608554584,9.663644062634284e-08,0.0
2016-08-30,0.0005164280907268282,0.8983387110566763,1.9958710324338698,0.0,0.0,0.00039475183967559234,2.419232433435176e-07,0.0
2016-08-31,-0.00045109087194949993,0.8979334786641997,1.9915136340285442,0.0,0.0,0.00039344345357324737,6.316067803880265e-08,0.0
2016-09-01,-8.721126831590098e-05,0.897855168746662,1.9958891179613314,0.0,0.0,0.0003943986330814255,0.0,0.0
2016-09-02,-0.003776504572256645,0.894464414596666,2.013857651284406,0.0,0.0,0.0003969769617062689,6.852144939533149e-08,0.0
2016-09-06,-0.003190165707072423,0.8916109248950231,2.0457183681604554,0.0,0.0,0.00040404330034377067,3.5810632099780154e-07,0.0
2016-09-07,-1.4334894515188878e-05,0.8915981437464662,2.046063902156133,0.0,0.0,0.00040559600040360476,9.353239405265144e-07,0.0
2016-09-08,-0.0004892663209893344,0.8911619148028744,2.033943792611956,0.0,0.0,0.0004025392064980677,9.488368070513192e-07,0.0
2016-09-09,-0.0027804398502115912,0.8886840927019657,2.000773748741916,0.0,0.0,0.0003966800952639451,7.090224435373621e-07,0.0
2016-09-12,-0.0012036299738126255,0.8876144458907391,2.0286608234106445,0.0,0.0,0.00040269426289614777,2.3495568621057644e-09,0.0
2016-09-13,0.00013856315364724203,0.8877374365475846,2.0032521119946876,0.0,0.0,0.00039765784372204117,5.396595755570272e-07,0.0
2016-09-14,-0.001095760784875166,0.8867646886773501,0.0,1.9988235959580531,0.002498529494947566,0.0,4.617598726583784e-08,0.0
2016-09-15,0.0,0.8867646886773501,0.0,0.0,0.0,0.0,0.0,0.0
2016-09-16,-0.002705599065709108,0.8843654589641609,1.9979799344028843,1.9950124688279303,0.0024937655860349122,0.0003953156189721747,0.0,0.0
2016-09-19,-0.001297652612116229,0.8832178598162707,1.9932047519431177,0.0,0.0,0.00039484232314218734,0.0,0.0
2016-09-20,0.0015290958281972689,0.884568384561105,2.003073403914044,0.0,0.0,0.0003983947613721635,0.0,0.0
2016-09-21,-0.0007215371774050849,0.883930135585687,2.017348379278952,0.0,0.0,0.0003998946793144254,8.491939116286342e-08,0.0
2016-09-22,0.00020486648298922994,0.8841112232437726,2.044893048893847,0.0,0.0,0.0004060515241489258,3.622392769575649e-07,0.0
2016-09-23,0.0004309717725272666,0.8844922502247652,2.042370371160676,0.0,0.0,0.00040486016819272634,9.202065366290285e-07,0.0
2016-09-26,-0.0014792225636178769,0.8831838893308875,2.013454120312464,0.0,0.0,0.000398246432233095,8.860178639355685e-07,0.0
2016-09-27,0.0009185661859709704,0.8839951521876213,2.0331647984362085,0.0,0.0,0.0004021769607547963,2.9102021897944534e-07,0.0
2016-09-28,-0.0014491329420647237,0.8827141256919606,2.0333870950538326,0.0,0.0,0.00040191127941045535,7.079318140807061e-07,0.0
2016-09-29,0.0003787870477385269,0.8830484863696286,2.014791538738466,0.0,0.0,0.0003981031490511185,6.904394666518507e-07,0.0
2016-09-30,0.0007861718216852775,0.8837427142067943,2.017952053929447,0.0,0.0,0.000399803537135797,3.390858384564513e-07,0.0
2016-10-03,-0.0019388594094708056,0.8820292613298032,2.0110911382358814,0.0,0.0,0.000398687334185888,4.263352003424482e-07,0.0
2016-10-04,0.0016171400338940156,0.8834556261593657,2.015898115054777,0.0,0.0,0.000400350272150402,2.5916652082695e-07,0.0
2016-10-05,0.0016081435635639796,0.8848763496382682,2.010761551943496,0.0,0.0,0.0003985275292960957,3.9421820285285247e-07,0.0
2016-10-06,-0.0022071500841625014,0.8829232947286907,2.0180367612565084,0.0,0.0,0.00039880791821817504,3.319165743332226e-07,0.0
2016-10-07,0.0002560276680001472,0.883149347520863,2.0122332716315516,0.0,0.0,0.00039837084028389807,4.404488416415212e-07,0.0
2016-10-10,-0.0031469039556705214,0.8803701613457018,2.049686703249042,0.0,0.0,0.00040524132142348454,3.385081579992282e-07,0.0
2016-10-11,0.0016332952195023953,0.8818080657216202,2.0368294041869013,0.0,0.0,0.00040359642247433296,1.0261939695562271e-06,0.0
2016-10-12,0.0008332094711844817,0.8825427965537462,2.0418907850945867,0.0,0.0,0.0004052647388660312,8.140729398842065e-07,0.0
2016-10-13,-0.001106112614261412,0.8815666048338526,2.0241318225019302,0.0,0.0,0.00039995082991677483,9.365733271257389e-07,0.0
2016-10-14,-0.0006111433527111743,0.8810278412633362,2.02646637610332,0.0,0.0,0.0004008389670833445,5.708657283990605e-07,0.0
2016-10-17,-0.0013525942916954303,0.8798361680344187,2.0338975570056435,0.0,0.0,0.0004023491350605968,6.132952940971901e-07,0.0
2016-10-18,0.0011388746231586477,0.8808381911187302,2.069956541191357,0.0,0.0,0.0004097497997990863,7.411706269207946e-07,0.0
2016-10-19,0.0010028148177401164,0.8817215087088155,2.082732403398217,0.0,0.0,0.00041149366357696516,1.4848505432937839e-06,0.0
2016-10-20,0.0002263292315516363,0.8819210680603241,2.069818322101247,0.0,0.0,0.00040877616744813036,1.7669515500084343e-06,0.0
2016-10-21,-0.00033489451798152103,0.8816257175293383,2.0766914603852897,0.0,0.0,0.0004106971280125904,1.5266779687529586e-06,0.0
2016-10-24,0.002824568198907196,0.8841159294944104,2.103326221560533,0.0,0.0,0.00041659258315488904,1.6644388735711325e-06,0.0
2016-10-25,-0.0014574675345594423,0.8828273592303855,0.0,2.1089297785874446,0.0026361622232343057,0.0,2.253391789606123e-06,0.0
2016-10-26,0.0,0.8828273592303855,0.0,0.0,0.0,0.0,0.0,0.0
2016-10-27,0.0,0.8828273592303855,0.0,0.0,0.0,0.0,0.0,0.0
2016-10-28,0.0,0.8828273592303855,0.0,0.0,0.0,0.0,0.0,0.0
2016-10-31,0.0,0.8828273592303855,0.0,0.0,0.0,0.0,0.0,0.0
2016-11-01,0.0,0.8828273592303855,0.0,0.0,0.0,0.0,0.0,0.0
2016-11-02,0.0,0.8828273592303855,0.0,0.0,0.0,0.0,0.0,0.0
2016-11-03,0.0,0.8828273592303855,0.0,0.0,0.0,0.0,0.0,0.0
2016-11-04,0.0,0.8828273592303855,0.0,0.0,0.0,0.0,0.0,0.0
2016-11-07,0.0,0.8828273592303855,0.0,0.0,0.0,0.0,0.0,0.0
2016-11-08,0.0,0.8828273592303855,0.0,0.0,0.0,0.0,0.0,0.0
2016-11-09,0.0,0.8828273592303855,0.0,0.0,0.0,0.0,0.0,0.0
2016-11-10,0.0,0.8828273592303855,0.0,0.0,0.0,0.0,0.0,0.0
2016-11-11,0.0,0.8828273592303855,0.0,0.0,0.0,0.0,0.0,0.0
2016-11-14,0.0,0.8828273592303855,0.0,0.0,0.0,0.0,0.0,0.0
2016-11-15,0.0,0.8828273592303855,0.0,0.0,0.0,0.0,0.0,0.0
2016-11-16,0.0,0.8828273592303855,0.0,0.0,0.0,0.0,0.0,0.0
2016-11-17,0.0,0.8828273592303855,0.0,0.0,0.0,0.0,0.0,0.0
2016-11-18,0.0,0.8828273592303855,0.0,0.0,0.0,0.0,0.0,0.0
2016-11-21,0.0,0.8828273592303855,0.0,0.0,0.0,0.0,0.0,0.0
2016-11-22,0.0,0.8828273592303855,0.0,0.0,0.0,0.0,0.0,0.0
2016-11-23,0.0,0.8828273592303855,0.0,0.0,0.0,0.0,0.0,0.0
2016-11-25,0.0,0.8828273592303855,0.0,0.0,0.0,0.0,0.0,0.0
2016-11-28,0.0,0.8828273592303855,0.0,0.0,0.0,0.0,0.0,0.0
2016-11-29,0.0,0.8828273592303855,0.0,0.0,0.0,0.0,0.0,0.0
2016-11-30,0.0,0.8828273592303855,0.0,0.0,0.0,0.0,0.0,0.0
2016-12-01,0.0,0.8828273592303855,0.0,0.0,0.0,0.0,0.0,0.0
2016-12-02,0.0,0.8828273592303855,0.0,0.0,0.0,0.0,0.0,0.0
2016-12-05,0.0,0.8828273592303855,0.0,0.0,0.0,0.0,0.0,0.0
2016-12-06,0.0,0.8828273592303855,0.0,0.0,0.0,0.0,0.0,0.0
2016-12-07,0.0,0.8828273592303855,0.0,0.0,0.0,0.0,0.0,0.0
2016-12-08,0.0,0.8828273592303855,0.0,0.0,0.0,0.0,0.0,0.0
2016-12-09,0.0,0.8828273592303855,0.0,0.0,0.0,0.0,0.0,0.0
2016-12-12,0.0,0.8828273592303855,0.0,0.0,0.0,0.0,0.0,0.0
2016-12-13,0.0,0.8828273592303855,0.0,0.0,0.0,0.0,0.0,0.0
2016-12-14,0.0,0.8828273592303855,0.0,0.0,0.0,0.0,0.0,0.0
2016-12-15,0.0,0.8828273592303855,0.0,0.0,0.0,0.0,0.0,0.0
2016-12-16,0.0,0.8828273592303855,0.0,0.0,0.0,0.0,0.0,0.0
2016-12-19,0.0,0.8828273592303855,0.0,0.0,0.0,0.0,0.0,0.0
2016-12-20,0.0,0.8828273592303855,0.0,0.0,0.0,0.0,0.0,0.0
2016-12-21,0.0,0.8828273592303855,0.0,0.0,0.0,0.0,0.0,0.0
2016-12-22,0.0,0.8828273592303855,0.0,0.0,0.0,0.0,0.0,0.0
2016-12-23,0.0,0.8828273592303855,0.0,0.0,0.0,0.0,0.0,0.0
2016-12-27,0.0,0.8828273592303855,0.0,0.0,0.0,0.0,0.0,0.0
2016-12-28,0.0,0.8828273592303855,0.0,0.0,0.0,0.0,0.0,0.0
2016-12-29,0.0,0.8828273592303855,0.0,0.0,0.0,0.0,0.0,0.0
2016-12-30,0.0,0.8828273592303855,0.0,0.0,0.0,0.0,0.0,0.0
2017-01-03,0.0,0.8828273592303855,0.0,0.0,0.0,0.0,0.0,0.0
2017-01-04,0.0,0.8828273592303855,0.0,0.0,0.0,0.0,0.0,0.0
2017-01-05,0.0,0.8828273592303855,0.0,0.0,0.0,0.0,0.0,0.0
2017-01-06,0.0,0.8828273592303855,0.0,0.0,0.0,0.0,0.0,0.0
2017-01-09,0.0,0.8828273592303855,0.0,0.0,0.0,0.0,0.0,0.0
2017-01-10,0.0,0.8828273592303855,0.0,0.0,0.0,0.0,0.0,0.0
2017-01-11,0.0,0.8828273592303855,0.0,0.0,0.0,0.0,0.0,0.0
2017-01-12,0.0,0.8828273592303855,0.0,0.0,0.0,0.0,0.0,0.0
2017-01-13,0.0,0.8828273592303855,0.0,0.0,0.0,0.0,0.0,0.0
2017-01-17,0.0,0.8828273592303855,0.0,0.0,0.0,0.0,0.0,0.0
2017-01-18,0.0,0.8828273592303855,0.0,0.0,0.0,0.0,0.0,0.0
2017-01-19,0.0,0.8828273592303855,0.0,0.0,0.0,0.0,0.0,0.0
2017-01-20,0.0,0.8828273592303855,0.0,0.0,0.0,0.0,0.0,0.0
2017-01-23,0.0,0.8828273592303855,0.0,0.0,0.0,0.0,0.0,0.0
2017-01-24,0.0,0.8828273592303855,0.0,0.0,0.0,0.0,0.0,0.0
2017-01-25,0.0,0.8828273592303855,0.0,0.0,0.0,0.0,0.0,0.0
2017-01-26,0.0,0.8828273592303855,0.0,0.0,0.0,0.0,0.0,0.0
2017-01-27,0.0,0.8828273592303855,0.0,0.0,0.0,0.0,0.0,0.0
2017-01-30,0.0,0.8828273592303855,0.0,0.0,0.0,0.0,0.0,0.0
2017-01-31,0.0,0.8828273592303855,0.0,0.0,0.0,0.0,0.0,0.0
2017-02-01,0.0,0.8828273592303855,0.0,0.0,0.0,0.0,0.0,0.0
2017-02-02,0.0,0.8828273592303855,0.0,0.0,0.0,0.0,0.0,0.0
2017-02-03,0.0,0.8828273592303855,0.0,0.0,0.0,0.0,0.0,0.0
2017-02-06,0.0,0.8828273592303855,0.0,0.0,0.0,0.0,0.0,0.0
2017-02-07,0.0,0.8828273592303855,0.0,0.0,0.0,0.0,0.0,0.0
2017-02-08,0.0,0.8828273592303855,0.0,0.0,0.0,0.0,0.0,0.0
2017-02-09,0.0,0.8828273592303855,0.0,0.0,0.0,0.0,0.0,0.0
2017-02-10,0.0,0.8828273592303855,0.0,0.0,0.0,0.0,0.0,0.0
2017-02-13,0.0,0.8828273592303855,0.0,0.0,0.0,0.0,0.0,0.0
2017-02-14,0.0,0.8828273592303855,0.0,0.0,0.0,0.0,0.0,0.0
2017-02-15,0.0,0.8828273592303855,0.0,0.0,0.0,0.0,0.0,0.0
2017-02-16,0.0,0.8828273592303855,0.0,0.0,0.0,0.0,0.0,0.0
2017-02-17,0.0,0.8828273592303855,0.0,0.0,0.0,0.0,0.0,0.0
2017-02-21,0.0,0.8828273592303855,0.0,0.0,0.0,0.0,0.0,0.0
2017-02-22,0.0,0.8828273592303855,0.0,0.0,0.0,0.0,0.0,0.0
2017-02-23,0.0,0.8828273592303855,0.0,0.0,0.0,0.0,0.0,0.0
2017-02-24,0.0,0.8828273592303855,0.0,0.0,0.0,0.0,0.0,0.0
2017-02-27,0.0,0.8828273592303855,0.0,0.0,0.0,0.0,0.0,0.0
2017-02-28,0.0,0.8828273592303855,0.0,0.0,0.0,0.0,0.0,0.0
2017-03-01,0.0,0.8828273592303855,0.0,0.0,0.0,0.0,0.0,0.0
2017-03-02,0.0,0.8828273592303855,0.0,0.0,0.0,0.0,0.0,0.0
2017-03-03,0.0,0.8828273592303855,0.0,0.0,0.0,0.0,0.0,0.0
2017-03-06,0.0,0.8828273592303855,0.0,0.0,0.0,0.0,0.0,0.0
2017-03-07,0.0,0.8828273592303855,0.0,0.0,0.0,0.0,0.0,0.0
2017-03-08,0.0,0.8828273592303855,0.0,0.0,0.0,0.0,0.0,0.0
2017-03-09,0.0,0.8828273592303855,0.0,0.0,0.0,0.0,0.0,0.0
2017-03-10,0.0,0.8828273592303855,0.0,0.0,0.0,0.0,0.0,0.0
2017-03-13,0.0,0.8828273592303855,0.0,0.0,0.0,0.0,0.0,0.0
2017-03-14,0.0,0.8828273592303855,0.0,0.0,0.0,0.0,0.0,0.0
2017-03-15,0.0,0.8828273592303855,0.0,0.0,0.0,0.0,0.0,0.0
2017-03-16,0.0,0.8828273592303855,0.0,0.0,0.0,0.0,0.0,0.0
2017-03-17,0.0,0.8828273592303855,0.0,0.0,0.0,0.0,0.0,0.0
2017-03-20,0.0,0.8828273592303855,0.0,0.0,0.0,0.0,0.0,0.0
2017-03-21,0.0,0.8828273592303855,0.0,0.0,0.0,0.0,0.0,0.0
2017-03-22,0.0,0.8828273592303855,0.0,0.0,0.0,0.0,0.0,0.0
2017-03-23,0.0,0.8828273592303855,0.0,0.0,0.0,0.0,0.0,0.0
2017-03-24,0.0,0.8828273592303855,0.0,0.0,0.0,0.0,0.0,0.0
2017-03-27,0.0,0.8828273592303855,0.0,0.0,0.0,0.0,0.0,0.0
2017-03-28,0.0,0.8828273592303855,0.0,0.0,0.0,0.0,0.0,0.0
2017-03-29,0.0,0.8828273592303855,0.0,0.0,0.0,0.0,0.0,0.0
2017-03-30,0.0,0.8828273592303855,0.0,0.0,0.0,0.0,0.0,0.0
2017-03-31,0.0,0.8828273592303855,0.0,0.0,0.0,0.0,0.0,0.0
2017-04-03,0.0,0.8828273592303855,0.0,0.0,0.0,0.0,0.0,0.0
2017-04-04,0.0,0.8828273592303855,0.0,0.0,0.0,0.0,0.0,0.0
2017-04-05,0.0,0.8828273592303855,0.0,0.0,0.0,0.0,0.0,0.0
2017-04-06,0.0,0.8828273592303855,0.0,0.0,0.0,0.0,0.0,0.0
2017-04-07,0.0,0.8828273592303855,0.0,0.0,0.0,0.0,0.0,0.0
2017-04-10,0.0,0.8828273592303855,0.0,0.0,0.0,0.0,0.0,0.0
2017-04-11,0.0,0.8828273592303855,0.0,0.0,0.0,0.0,0.0,0.0
2017-04-12,0.0,0.8828273592303855,0.0,0.0,0.0,0.0,0.0,0.0
2017-04-13,0.0,0.8828273592303855,0.0,0.0,0.0,0.0,0.0,0.0
2017-04-17,0.0,0.8828273592303855,0.0,0.0,0.0,0.0,0.0,0.0
2017-04-18,0.0,0.8828273592303855,0.0,0.0,0.0,0.0,0.0,0.0
2017-04-19,0.0,0.8828273592303855,0.0,0.0,0.0,0.0,0.0,0.0
2017-04-20,0.0,0.8828273592303855,0.0,0.0,0.0,0.0,0.0,0.0
2017-04-21,0.0,0.8828273592303855,0.0,0.0,0.0,0.0,0.0,0.0
2017-04-24,-0.00439295429197939,0.8789491389935775,2.0295239747316676,1.9950124688279303,0.0024937655860349122,0.00040121157654872836,0.0,0.0
2017-04-25,-0.0002041849258782591,0.8787696708287813,2.0526051680705053,0.0,0.0,0.00040694770841289476,5.552714316410688e-07,0.0
2017-04-26,0.0006094910391591934,0.8793052730686363,2.0510301894507053,0.0,0.0,0.00040698206854389795,1.0172576001309495e-06,0.0
2017-04-27,-0.0007223111241869695,0.8786701410883425,2.0581341283743444,0.0,0.0,0.00040867775296569563,1.0081062866933154e-06,0.0
2017-04-28,0.0004157283186172478,0.8790354291487164,2.1327599495561147,0.0,0.0,0.0004230931949753469,1.1410741709263043e-06,0.0
2017-05-01,0.0013662023393268274,0.8802363694083705,2.147180503409477,0.0,0.0,0.0004243798448728895,2.6276516594284423e-06,0.0
2017-05-02,-6.000055781663072e-05,0.8801835547351955,2.1567775629072523,0.0,0.0,0.0004257334661451945,2.948894117577216e-06,0.0
2017-05-03,0.00019262407084452704,0.8803530992745989,2.181904218493953,0.0,0.0,0.0004321154412413529,3.1563380434005684e-06,0.0
2017-05-04,0.0005270678247297766,0.8808171050676277,0.0,2.1757998748157954,0.002719749843519744,0.0,3.6574975114456957e-06,0.0
2017-05-05,0.0,0.8808171050676277,0.0,0.0,0.0,0.0,0.0,0.0
2017-05-08,0.0,0.8808171050676277,0.0,0.0,0.0,0.0,0.0,0.0
2017-05-09,0.0,0.8808171050676277,0.0,0.0,0.0,0.0,0.0,0.0
2017-05-10,0.0,0.8808171050676277,0.0,0.0,0.0,0.0,0.0,0.0
2017-05-11,0.0,0.8808171050676277,0.0,0.0,0.0,0.0,0.0,0.0
2017-05-12,0.0,0.8808171050676277,0.0,0.0,0.0,0.0,0.0,0.0
2017-05-15,0.0,0.8808171050676277,0.0,0.0,0.0,0.0,0.0,0.0
2017-05-16,0.0,0.8808171050676277,0.0,0.0,0.0,0.0,0.0,0.0
2017-05-17,0.0,0.8808171050676277,0.0,0.0,0.0,0.0,0.0,0.0
2017-05-18,0.0,0.8808171050676277,0.0,0.0,0.0,0.0,0.0,0.0
2017-05-19,0.0,0.8808171050676277,0.0,0.0,0.0,0.0,0.0,0.0
2017-05-22,0.0,0.8808171050676277,0.0,0.0,0.0,0.0,0.0,0.0
2017-05-23,0.0,0.8808171050676277,0.0,0.0,0.0,0.0,0.0,0.0
2017-05-24,0.0,0.8808171050676277,0.0,0.0,0.0,0.0,0.0,0.0
2017-05-25,0.0,0.8808171050676277,0.0,0.0,0.0,0.0,0.0,0.0
2017-05-26,0.0,0.8808171050676277,0.0,0.0,0.0,0.0,0.0,0.0
2017-05-30,0.0,0.8808171050676277,0.0,0.0,0.0,0.0,0.0,0.0
2017-05-31,0.0,0.8808171050676277,0.0,0.0,0.0,0.0,0.0,0.0
2017-06-01,0.0,0.8808171050676277,0.0,0.0,0.0,0.0,0.0,0.0
2017-06-02,0.0,0.8808171050676277,0.0,0.0,0.0,0.0,0.0,0.0
2017-06-05,0.0,0.8808171050676277,0.0,0.0,0.0,0.0,0.0,0.0
2017-06-06,0.0,0.8808171050676277,0.0,0.0,0.0,0.0,0.0,0.0
2017-06-07,0.0,0.8808171050676277,0.0,0.0,0.0,0.0,0.0,0.0
2017-06-08,0.0,0.8808171050676277,0.0,0.0,0.0,0.0,0.0,0.0
2017-06-09,0.0,0.8808171050676277,0.0,0.0,0.0,0.0,0.0,0.0
2017-06-12,0.0,0.8808171050676277,0.0,0.0,0.0,0.0,0.0,0.0
2017-06-13,0.0,0.8808171050676277,0.0,0.0,0.0,0.0,0.0,0.0
2017-06-14,-0.0011079643479585677,0.8798411911181406,1.979946700308228,1.99501246882793,0.0024937655860349127,0.0003920585575709883,0.0,0.0
2017-06-15,0.0004679500549422677,0.8802529128518648,1.9623042890574802,0.0,0.0,0.0003901423545658454,0.0,0.0
2017-06-16,0.0006467111382375546,0.8808221822150721,1.9568116413151555,0.0,0.0,0.0003877484656878642,0.0,0.0
2017-06-19,-0.0016987446190002142,0.8793258902727382,1.9954545061357154,0.0,0.0,0.0003945056319725689,0.0,0.0
2017-06-20,0.00024149333923073613,0.8795382416182522,1.9815789799536483,0.0,0.0,0.0003926949855953008,0.0,0.0
2017-06-21,0.0002559222954354734,0.8797633350639705,2.0000766448120797,0.0,0.0,0.000396728731643836,0.0,0.0
2017-06-22,4.3277331777114014e-05,0.8798014088737074,1.995518208609647,0.0,0.0,0.0003955295328232176,7.40611208788314e-08,0.0
2017-06-23,0.00045337436787717955,0.880200288281313,2.013142931062892,0.0,0.0,0.0003989829761056905,0.0,0.0
2017-06-26,-0.0008682916065377855,0.8794360177589262,1.9866910834746443,0.0,0.0,0.0003931458134180239,3.5897030566985715e-07,0.0
2017-06-27,0.0009945485892286499,0.8803106596097052,1.934230045383685,0.0,0.0,0.0003832016510996336,0.0,0.0
2017-06-28,-0.00153028001292288,0.8789635378021415,0.0,1.9368666177461775,0.0024210832721827218,0.0,0.0,0.0
2017-06-29,0.0,0.8789635378021415,0.0,0.0,0.0,0.0,0.0,0.0
2017-06-30,0.0,0.8789635378021415,0.0,0.0,0.0,0.0,0.0,0.0
2017-07-03,0.0,0.8789635378021415,0.0,0.0,0.0,0.0,0.0,0.0
2017-07-05,0.0,0.8789635378021415,0.0,0.0,0.0,0.0,0.0,0.0
2017-07-06,0.0,0.8789635378021415,0.0,0.0,0.0,0.0,0.0,0.0
2017-07-07,0.0,0.8789635378021415,0.0,0.0,0.0,0.0,0.0,0.0
2017-07-10,0.0,0.8789635378021415,0.0,0.0,0.0,0.0,0.0,0.0
2017-07-11,0.0,0.8789635378021415,0.0,0.0,0.0,0.0,0.0,0.0
2017-07-12,0.0,0.8789635378021415,0.0,0.0,0.0,0.0,0.0,0.0
2017-07-13,0.0,0.8789635378021415,0.0,0.0,0.0,0.0,0.0,0.0
2017-07-14,0.0,0.8789635378021415,0.0,0.0,0.0,0.0,0.0,0.0
2017-07-17,0.0,0.8789635378021415,0.0,0.0,0.0,0.0,0.0,0.0
2017-07-18,0.0,0.8789635378021415,0.0,0.0,0.0,0.0,0.0,0.0
2017-07-19,0.0,0.8789635378021415,0.0,0.0,0.0,0.0,0.0,0.0
2017-07-20,0.0,0.8789635378021415,0.0,0.0,0.0,0.0,0.0,0.0
2017-07-21,0.0,0.8789635378021415,0.0,0.0,0.0,0.0,0.0,0.0
2017-07-24,0.0,0.8789635378021415,0.0,0.0,0.0,0.0,0.0,0.0
2017-07-25,0.0,0.8789635378021415,0.0,0.0,0.0,0.0,0.0,0.0
2017-07-26,0.0,0.8789635378021415,0.0,0.0,0.0,0.0,0.0,0.0
2017-07-27,0.0,0.8789635378021415,0.0,0.0,0.0,0.0,0.0,0.0
2017-07-28,0.0,0.8789635378021415,0.0,0.0,0.0,0.0,0.0,0.0
2017-07-31,-0.0058887335631477855,0.873787555716303,1.9795404365204803,1.9950124688279303,0.002493765586034913,0.00039104908119211404,0.0,0.0
2017-08-01,0.00036272494946043565,0.8741045002632893,1.9802815148289266,0.0,0.0,0.00039334314816767127,0.0,0.0
2017-08-02,0.0012040396665418118,0.875156956754309,1.978559006048079,0.0,0.0,0.00039151024849422717,0.0,0.0
2017-08-03,-0.0008809847747077715,0.8743859567999289,1.965461635278417,0.0,0.0,0.0003892449913213225,0.0,0.0
2017-08-04,0.0007542438683636465,0.8750454570464286,1.9742950942211206,0.0,0.0,0.00039182238474186055,0.0,0.0
2017-08-07,-0.0019234329744746148,0.8733623657601812,1.9795501376582552,0.0,0.0,0.0003920695694979828,0.0,0.0
2017-08-08,0.0007157175244960623,0.8739874465105911,1.973767005205517,0.0,0.0,0.00039163824843100367,0.0,0.0
2017-08-09,-0.0005416251643882708,0.8735140729162015,1.9663942917747435,0.0,0.0,0.0003898356443419346,0.0,0.0
2017-08-10,-0.0009368414011303727,0.8726957287682237,1.9342768965954407,0.0,0.0,0.00038350303241951737,0.0,0.0
2017-08-11,-0.0012111234526724912,0.8716387865040653,1.951069081952658,0.0,0.0,0.00038729156661293696,0.0,0.0
2017-08-14,2.89290898003447e-05,0.8716640022207937,1.9691170477024895,0.0,0.0,0.00039073709148582873,0.0,0.0
2017-08-15,-0.0008008422545360272,0.8709659368560573,1.9693231608127095,0.0,0.0,0.0003906061950425947,0.0,0.0
2017-08-16,0.0010318104392279537,0.8718646086019174,1.97883825080834,0.0,0.0,0.00039312157740116336,0.0,0.0
2017-08-17,-0.0007241610228577722,0.8712332382351587,1.9457865015993205,0.0,0.0,0.00038601038057958765,0.0,0.0
2017-08-18,-0.0016062202910204215,0.869833845729694,1.94703100630298,0.0,0.0,0.00038610984854315305,0.0,0.0
2017-08-21,-0.0016690856544840926,0.8683820185360018,1.9404030590510262,0.0,0.0,0.00038491907800397644,0.0,0.0
2017-08-22,0.000819792821392662,0.8690939118810241,1.9786486353395611,0.0,0.0,0.00039337839450302866,0.0,0.0
2017-08-23,-0.000577435775867996,0.868592065963715,1.9845594303825587,0.0,0.0,0.00039424551238725127,0.0,0.0
2017-08-24,-0.0002445940672283209,0.8683796134975387,1.9729293176761324,0.0,0.0,0.00039202899185016005,0.0,0.0
2017-08-25,-0.0013321234163992113,0.8672228246800749,1.9630457959667584,0.0,0.0,0.00038957265406162363,0.0,0.0
2017-08-28,-0.0006526848652542716,0.8666568014676032,1.959596421629745,0.0,0.0,0.00038871519214691506,0.0,0.0
2017-08-29,-0.0003969047639795775,0.8663128212543654,1.9764451557916993,0.0,0.0,0.0003923882284539903,0.0,0.0
2017-08-30,-0.0009856378904072871,0.8654589505127914,1.9956163796758029,0.0,0.0,0.0003958687537281644,0.0,0.0
2017-08-31,0.0013533034291537405,0.8666301790783122,2.0156378522944807,0.0,0.0,0.0004007345458141844,0.0,0.0
2017-09-01,-0.001687473564764952,0.86516776356069,2.013473126041656,0.0,0.0,0.0003993634150378284,2.6519410353379917e-07,0.0
2017-09-05,-0.0019260977713589922,0.8635013658594441,1.9966593919127562,0.0,0.0,0.0003967394614554446,1.9684899069518512e-07,0.0
2017-09-06,0.0008640023278683184,0.8642474330496641,1.9948168975378282,0.0,0.0,0.00039662493930499635,0.0,0.0
2017-09-07,-0.0008507398745503103,0.8635121832968911,2.0136140379584,0.0,0.0,0.0004007847447150569,0.0,0.0
2017-09-08,0.0008214648541855496,0.8642215282066305,1.9928208134769902,0.0,0.0,0.0003966459359899546,1.8515293052801848e-07,0.0
2017-09-11,-0.0011891271729035369,0.8631938589040318,1.9999648665111855,0.0,0.0,0.00039799968153739174,0.0,0.0
2017-09-12,-0.002454128489998708,0.8610754702625034,0.0,2.007479499676305,0.0025093493745953805,0.0,0.0,0.0
2017-09-13,0.0,0.8610754702625034,0.0,0.0,0.0,0.0,0.0,0.0
2017-09-14,0.0,0.8610754702625034,0.0,0.0,0.0,0.0,0.0,0.0
2017-09-15,0.0,0.8610754702625034,0.0,0.0,0.0,0.0,0.0,0.0
2017-09-18,0.0,0.8610754702625034,0.0,0.0,0.0,0.0,0.0,0.0
2017-09-19,0.0,0.8610754702625034,0.0,0.0,0.0,0.0,0.0,0.0
2017-09-20,0.0,0.8610754702625034,0.0,0.0,0.0,0.0,0.0,0.0
2017-09-21,0.0,0.8610754702625034,0.0,0.0,0.0,0.0,0.0,0.0
2017-09-22,0.0,0.8610754702625034,0.0,0.0,0.0,0.0,0.0,0.0
2017-09-25,0.0,0.8610754702625034,0.0,0.0,0.0,0.0,0.0,0.0
2017-09-26,0.0,0.8610754702625034,0.0,0.0,0.0,0.0,0.0,0.0
2017-09-27,-0.0027494774263510102,0.8587079626946321,2.036778924606972,1.9950124688279303,0.0024937655860349127,0.00040298245561825317,0.0,0.0
2017-09-28,-0.0005991628227183243,0.8581934568078133,2.048617406820833,0.0,0.0,0.0004064398063045409,7.330364364257838e-07,0.0
2017-09-29,-0.00131942060780188,0.8570611386754203,2.071176988466478,0.0,0.0,0.00041118435573105305,9.651316353243725e-07,0.0
2017-10-02,-0.000745502685942312,0.8564221972945211,2.0597600490757375,0.0,0.0,0.00040818036551871947,1.3917743441871132e-06,0.0
2017-10-03,-0.0003942819428166544,0.8560845254867004,2.0703667896302136,0.0,0.0,0.0004111632536737803,1.1609247144566628e-06,0.0
2017-10-04,0.0005574631228530968,0.8565617610397044,2.0569719049608,0.0,0.0,0.000408208280405445,1.3702092857780793e-06,0.0
2017-10-05,-0.0005929638409806204,0.8560538508878411,2.0975559143155893,0.0,0.0,0.0004150866426425439,1.121784290245201e-06,0.0
2017-10-06,-0.0010867961731259035,0.8551234948387065,2.1185094175498826,0.0,0.0,0.0004209517375828091,1.9299393580193066e-06,0.0
2017-10-09,0.00020730182645212203,0.8553007635010288,2.114607924127292,0.0,0.0,0.0004196520228693824,2.3280385057867113e-06,0.0
2017-10-10,-0.00046154265580045095,0.8549060057151344,2.106012887015374,0.0,0.0,0.0004178048775055998,2.263834675373104e-06,0.0
2017-10-11,0.0005647633913086203,0.8553888253301721,2.1418577349567003,0.0,0.0,0.0004250807664194636,2.0921004944281766e-06,0.0
2017-10-12,0.0011099525513311725,0.8563382663392275,2.137947662606208,0.0,0.0,0.0004242686685472855,2.823158263042909e-06,0.0
2017-10-13,-0.0035125941503874047,0.8533302975541315,0.0,2.147919981353391,0.0026848999766917385,0.0,2.7783866943762564e-06,0.0
2017-10-16,0.0,0.8533302975541315,0.0,0.0,0.0,0.0,0.0,0.0
2017-10-17,0.0,0.8533302975541315,0.0,0.0,0.0,0.0,0.0,0.0
2017-10-18,0.0,0.8533302975541315,0.0,0.0,0.0,0.0,0.0,0.0
2017-10-19,0.0,0.8533302975541315,0.0,0.0,0.0,0.0,0.0,0.0
2017-10-20,0.0,0.8533302975541315,0.0,0.0,0.0,0.0,0.0,0.0
2017-10-23,0.0,0.8533302975541315,0.0,0.0,0.0,0.0,0.0,0.0
2017-10-24,0.0,0.8533302975541315,0.0,0.0,0.0,0.0,0.0,0.0
2017-10-25,0.0,0.8533302975541315,0.0,0.0,0.0,0.0,0.0,0.0
2017-10-26,0.0,0.8533302975541315,0.0,0.0,0.0,0.0,0.0,0.0
2017-10-27,0.0,0.8533302975541315,0.0,0.0,0.0,0.0,0.0,0.0
2017-10-30,0.0,0.8533302975541315,0.0,0.0,0.0,0.0,0.0,0.0
2017-10-31,0.0,0.8533302975541315,0.0,0.0,0.0,0.0,0.0,0.0
2017-11-01,0.0,0.8533302975541315,0.0,0.0,0.0,0.0,0.0,0.0
2017-11-02,0.0,0.8533302975541315,0.0,0.0,0.0,0.0,0.0,0.0
2017-11-03,0.0,0.8533302975541315,0.0,0.0,0.0,0.0,0.0,0.0
2017-11-06,0.0,0.8533302975541315,0.0,0.0,0.0,0.0,0.0,0.0
2017-11-07,0.0,0.8533302975541315,0.0,0.0,0.0,0.0,0.0,0.0
2017-11-08,0.0,0.8533302975541315,0.0,0.0,0.0,0.0,0.0,0.0
2017-11-09,0.0,0.8533302975541315,0.0,0.0,0.0,0.0,0.0,0.0
2017-11-10,0.0,0.8533302975541315,0.0,0.0,0.0,0.0,0.0,0.0
2017-11-13,0.0,0.8533302975541315,0.0,0.0,0.0,0.0,0.0,0.0
2017-11-14,0.0,0.8533302975541315,0.0,0.0,0.0,0.0,0.0,0.0
2017-11-15,0.0,0.8533302975541315,0.0,0.0,0.0,0.0,0.0,0.0
2017-11-16,0.0,0.8533302975541315,0.0,0.0,0.0,0.0,0.0,0.0
2017-11-17,0.0,0.8533302975541315,0.0,0.0,0.0,0.0,0.0,0.0
2017-11-20,0.0,0.8533302975541315,0.0,0.0,0.0,0.0,0.0,0.0
2017-11-21,0.0,0.8533302975541315,0.0,0.0,0.0,0.0,0.0,0.0
2017-11-22,0.0,0.8533302975541315,0.0,0.0,0.0,0.0,0.0,0.0
2017-11-24,0.0,0.8533302975541315,0.0,0.0,0.0,0.0,0.0,0.0
2017-11-27,0.0,0.8533302975541315,0.0,0.0,0.0,0.0,0.0,0.0
2017-11-28,0.0,0.8533302975541315,0.0,0.0,0.0,0.0,0.0,0.0
2017-11-29,0.0,0.8533302975541315,0.0,0.0,0.0,0.0,0.0,0.0
2017-11-30,0.0,0.8533302975541315,0.0,0.0,0.0,0.0,0.0,0.0
2017-12-01,0.0,0.8533302975541315,0.0,0.0,0.0,0.0,0.0,0.0
2017-12-04,0.0,0.8533302975541315,0.0,0.0,0.0,0.0,0.0,0.0
2017-12-05,0.0,0.8533302975541315,0.0,0.0,0.0,0.0,0.0,0.0
2017-12-06,0.0,0.8533302975541315,0.0,0.0,0.0,0.0,0.0,0.0
2017-12-07,0.0,0.8533302975541315,0.0,0.0,0.0,0.0,0.0,0.0
2017-12-08,0.0,0.8533302975541315,0.0,0.0,0.0,0.0,0.0,0.0
2017-12-11,-0.007470119096126049,0.8469558186030695,2.0162849917246013,1.9950124688279303,0.0024937655860349127,0.0003979764840735525,0.0,0.0
2017-12-12,-0.0028588485642033756,0.8445345001771124,2.0183939293940516,0.0,0.0,0.00040091626002211904,2.3169630592386623e-07,0.0
2017-12-13,0.0019835008400663767,0.8462096350676788,2.017032028436936,0.0,0.0,0.0004028652361960674,2.2478525932057846e-07,0.0
2017-12-14,-0.002882020252083839,0.8437708417619052,2.037017137746534,0.0,0.0,0.0004045664968524353,2.4484557856456236e-07,0.0
2017-12-15,-0.0011190644003236105,0.8428266078508584,2.067928740224788,0.0,0.0,0.00041110918403070495,5.912916076553311e-07,0.0
2017-12-18,-0.0004708612070956075,0.8424297534969134,2.0941223835749216,0.0,0.0,0.00041587362788053216,1.1879594556788174e-06,0.0
2017-12-19,0.0007825864518213876,0.8430890276086113,2.08108564441822,0.0,0.0,0.0004146206683486064,1.7096098642244372e-06,0.0
2017-12-20,-0.0008012258944104511,0.8424135228483979,2.0711841849791215,0.0,0.0,0.00041202999237263926,1.4746369270848033e-06,0.0
2017-12-21,-0.0017301654703331115,0.8409560080594239,2.0708735845511854,0.0,0.0,0.00041113508639924965,1.2681745407940688e-06,0.0
2017-12-22,0.0011022767755524132,0.841882974336369,2.0632523422085867,0.0,0.0,0.00041053546919283347,1.2357870647124445e-06,0.0
2017-12-26,-5.935628306974472e-06,0.8418779772319555,2.057068918031579,0.0,0.0,0.0004087168125667469,1.1148154076407141e-06,0.0
2017-12-27,0.001353982810436749,0.8430178655416127,2.0416734319660397,0.0,0.0,0.00040655962570173356,1.00206380126584e-06,0.0
2017-12-28,-0.003289691153429697,0.8402445971271573,2.0431127619886897,0.0,0.0,0.000405652549060692,7.319156075247588e-07,0.0
2017-12-29,-0.0011621117995708197,0.8392681389663101,2.041325241134668,0.0,0.0,0.0004058483079304918,7.019464181540943e-07,0.0
2018-01-02,0.000480705013061522,0.8396715793680141,2.0776587272656077,0.0,0.0,0.0004148752789653824,2.3001343280584904e-06,0.0
2018-01-03,0.00012096101753078514,0.8397731468966461,2.11217484389986,0.0,0.0,0.00041995247452576365,4.888715702451412e-06,0.0
2018-01-04,-0.00017800777545595725,0.8396236607468793,2.1204780344716907,0.0,0.0,0.00042201428226529877,7.3445487589198335e-06,0.0
2018-01-05,-0.001919966140275009,0.8380116117476716,2.1541261388583504,0.0,0.0,0.00042823615845507173,7.94188198547229e-06,0.0
2018-01-08,-0.0012731153760485725,0.8369447262794484,2.165291052250277,0.0,0.0,0.00043058880071044384,1.0180038515344159e-05,0.0
2018-01-09,-0.0011482004156353476,0.8359837459968705,2.1657359142789683,0.0,0.0,0.0004304470470915778,1.088962979133892e-05,0.0
2018-01-10,0.0005808911782239079,0.8364693615800587,2.1583261666731492,0.0,0.0,0.00042878304893092324,1.0851974348873616e-05,0.0
2018-01-11,-0.0014520682249293815,0.8352547509989813,2.166180560582713,0.0,0.0,0.00043178363424437407,1.0459025957032625e-05,0.0
2018-01-12,0.0011094654371635038,0.8361814372764413,2.1982499040980046,0.0,0.0,0.00043777760953954295,1.0907309630970209e-05,0.0
2018-01-16,8.891226142382358e-05,0.8362557840589901,2.197611095528797,0.0,0.0,0.0004379259168280841,1.3278969384973848e-05,0.0
2018-01-17,-0.002366304758236515,0.8342769480180685,2.2210472311679177,0.0,0.0,0.0004410738420850762,1.3247990593671407e-05,0.0
2018-01-18,-0.0013370188094965485,0.833161504046239,2.218817885473416,0.0,0.0,0.00044139453878572937,1.4752416862509952e-05,0.0
2018-01-19,-0.0007576751757615297,0.832530238257223,2.2354475214971483,0.0,0.0,0.0004453680276669683,1.4546243324541208e-05,0.0
2018-01-22,0.001558933797557449,0.8338280977831307,2.2700737482013844,0.0,0.0,0.00045272190252837984,1.5680995515515406e-05,0.0
2018-01-23,-0.002771494428616128,0.8315171478557012,2.3020774375190785,0.0,0.0,0.0004566615037200972,1.8205468933163238e-05,0.0
2018-01-24,0.00043479094141307684,0.8318786839792185,2.2906644326882684,0.0,0.0,0.00045613806987267837,2.029349247481051e-05,0.0
2018-01-25,-0.0019262846353359508,0.8302762488518058,0.0,2.3058153167303876,0.002882269145912984,0.0,1.956767858944727e-05,0.0
2018-01-26,9.999999999998899e-05,0.830359276476691,0.0,0.0,0.0,0.0,0.0,9.999000099990002e-05
2018-01-29,9.999999999998899e-05,0.8304423124043387,0.0,0.0,0.0,0.0,0.0,9.999000099990002e-05
2018-01-30,9.999999999998899e-05,0.8305253566355791,0.0,0.0,0.0,0.0,0.0,9.999000099990002e-05
2018-01-31,9.999999999998899e-05,0.8306084091712427,0.0,0.0,0.0,0.0,0.0,9.999000099990002e-05
2018-02-01,9.999999999998899e-05,0.8306914700121598,0.0,0.0,0.0,0.0,0.0,9.999000099990002e-05
2018-02-02,9.999999999998899e-05,0.830774539159161,0.0,0.0,0.0,0.0,0.0,9.999000099990002e-05
2018-02-05,9.999999999998899e-05,0.8308576166130769,0.0,0.0,0.0,0.0,0.0,9.999000099990002e-05
2018-02-06,9.999999999998899e-05,0.8309407023747382,0.0,0.0,0.0,0.0,0.0,9.999000099990002e-05
2018-02-07,0.00044447837501260246,0.8313100375478616,1.9367692548125217,1.9950124688279303,0.0024937655860349127,0.00038377269464604213,0.0,9.999000099990003e-05
2018-02-08,-0.0008144674156669307,0.830632962609962,1.851048716358437,0.0,0.0,0.00036722899442280835,0.0,3.007094649005554e-06
2018-02-09,0.0016371281659210979,0.8319928152285933,1.9168372594503387,0.0,0.0,0.0003791623507797372,0.0,7.292873359540864e-06
2018-02-12,-0.005812309192795073,0.8271570157403006,1.9488218304769092,0.0,0.0,0.00038450038738858505,0.0,3.918886009987808e-06
2018-02-13,-0.0009203596876925513,0.8263957337676212,1.9503770940523906,0.0,0.0,0.0003860035641108678,0.0,2.5862350310865837e-06
2018-02-14,0.00044448529861584873,0.8267630545221198,1.9829787029423795,0.0,0.0,0.00039248219532820336,0.0,2.533248220575737e-06
2018-02-15,-0.0015300664490932592,0.8254980521110457,2.021690183629991,0.0,0.0,0.00040031160211576104,0.0,8.681220627988515e-07
2018-02-16,-0.0014751563736021822,0.8242803133980778,2.033424032717111,0.0,0.0,0.00040220505439173085,1.4063637278151869e-06,0.0
2018-02-20,-3.2940711378270926e-05,0.8242531610181794,2.0481128931423607,0.0,0.0,0.0004062282101342928,2.151932505385684e-06,0.0
2018-02-21,0.0007471543700241501,0.8248690053694403,2.064245392443334,0.0,0.0,0.0004095201780378354,3.2026657738871926e-06,0.0
2018-02-22,0.00039783686992445055,0.8251971686726342,2.0554851231723803,0.0,0.0,0.0004078329762937128,4.412639249645697e-06,0.0
2018-02-23,-0.002302400651181591,0.823297234174129,2.0958773903353767,0.0,0.0,0.0004142630676302318,3.8499362463013935e-06,0.0
2018-02-26,-0.0017317778746346324,0.8218714662397384,2.1298411359578524,0.0,0.0,0.00042145734035089664,6.532167669011649e-06,0.0
2018-02-27,-0.0010261195167892145,0.8210281278879377,2.0838893007564705,0.0,0.0,0.00041288097233402766,8.80896876705333e-06,0.0
2018-02-28,-0.00040280580392015874,0.8206974129928427,2.059413516409826,0.0,0.0,0.0004093489456023156,5.579151374776578e-06,0.0
2018-03-01,0.002217243017948567,0.8225170986016496,1.9918489193640236,0.0,0.0,0.00039545402010126294,3.86018862267145e-06,0.0
2018-03-02,0.0026672421324165363,0.8247109508616729,2.0070796421028674,0.0,0.0,0.0003978289730966496,0.0,4.759592233715893e-07
2018-03-05,-0.001726020677172646,0.823287482707795,2.031586609239653,0.0,0.0,0.00040315743557288263,6.120714904835494e-07,0.0
2018-03-06,0.0014461954039206582,0.8244781172813923,2.0381818015091415,0.0,0.0,0.00040491800436367076,2.2320745738050474e-06,0.0
2018-03-07,-0.0008626075983534376,0.8237669161927492,2.066621895609689,0.0,0.0,0.0004101785553776142,2.8256017328032537e-06,0.0
2018-03-08,-0.002342065965143969,0.8218375997351226,2.100062129555209,0.0,0.0,0.0004171089240027702,4.790536418660084e-06,0.0
2018-03-09,-0.0029353869960407897,0.8194251883320027,2.167417711908087,0.0,0.0,0.0004292797865494458,6.975547428046619e-06,0.0
2018-03-12,0.00013061823477822365,0.8195322202036355,2.1760511270295595,0.0,0.0,0.0004320799211750535,1.1501150472977825e-05,0.0
2018-03-13,-6.768587299099682e-05,0.8194767494498667,2.1273124594271255,0.0,0.0,0.0004222575812444667,1.2144095918216684e-05,0.0
2018-03-14,-0.002650468894915936,0.817304751815343,2.1519762298859395,0.0,0.0,0.000427103620199345,8.779596501796754e-06,0.0
2018-03-15,0.0010853283265754854,0.818191795813933,2.1513336539603056,0.0,0.0,0.00042772140500007833,1.0335127475932115e-05,0.0
2018-03-16,-0.0025767532689712214,0.816083517429424,2.128726171333451,0.0,0.0,0.00042212721091296993,1.039724454114244e-05,0.0
2018-03-19,0.0011485676355829089,0.8170208445454761,2.0604745082554152,0.0,0.0,0.00041024078160326657,8.676534395932104e-06,0.0
2018-03-20,-0.0024264126733029023,0.8150384148139183,2.0594992228729003,0.0,0.0,0.0004089654134201972,4.015337681281532e-06,0.0
2018-03-21,0.0043246565624806,0.818563176043217,2.04255570495357,0.0,0.0,0.00040641745150749725,3.7962900126357835e-06,0.0
2018-03-22,-0.007160174452787049,0.8127021209021201,0.0,2.030479456024232,0.00253809932003029,0.0,2.963732654715522e-06,0.0
2018-03-23,9.999999999998899e-05,0.8127833911142104,0.0,0.0,0.0,0.0,0.0,9.99900009999e-05
2018-03-26,9.999999999998899e-05,0.8128646694533218,0.0,0.0,0.0,0.0,0.0,9.999000099990003e-05
2018-03-27,9.999999999998899e-05,0.8129459559202672,0.0,0.0,0.0,0.0,0.0,9.99900009999e-05
2018-03-28,9.999999999998899e-05,0.8130272505158592,0.0,0.0,0.0,0.0,0.0,9.99900009999e-05
2018-03-29,9.999999999998899e-05,0.8131085532409108,0.0,0.0,0.0,0.0,0.0,9.999000099990002e-05
2018-04-02,9.999999999998899e-05,0.813189864096235,0.0,0.0,0.0,0.0,0.0,9.999000099990002e-05
2018-04-03,9.999999999998899e-05,0.8132711830826446,0.0,0.0,0.0,0.0,0.0,9.999000099990002e-05
2018-04-04,9.999999999998899e-05,0.8133525102009528,0.0,0.0,0.0,0.0,0.0,9.999000099990002e-05
2018-04-05,9.999999999998899e-05,0.8134338454519728,0.0,0.0,0.0,0.0,0.0,9.999000099990003e-05
2018-04-06,9.999999999998899e-05,0.8135151888365181,0.0,0.0,0.0,0.0,0.0,9.999000099990002e-05
2018-04-09,9.999999999998899e-05,0.8135965403554017,0.0,0.0,0.0,0.0,0.0,9.999000099990002e-05
2018-04-10,9.999999999998899e-05,0.8136779000094373,0.0,0.0,0.0,0.0,0.0,9.999000099990002e-05
2018-04-11,9.999999999998899e-05,0.8137592677994382,0.0,0.0,0.0,0.0,0.0,9.999000099990002e-05
2018-04-12,9.999999999998899e-05,0.8138406437262181,0.0,0.0,0.0,0.0,0.0,9.999000099990002e-05
2018-04-13,9.999999999998899e-05,0.8139220277905908,0.0,0.0,0.0,0.0,0.0,9.999000099990002e-05
2018-04-16,9.999999999998899e-05,0.8140034199933698,0.0,0.0,0.0,0.0,0.0,9.999000099990003e-05
2018-04-17,9.999999999998899e-05,0.8140848203353691,0.0,0.0,0.0,0.0,0.0,9.999000099990002e-05
2018-04-18,9.999999999998899e-05,0.8141662288174026,0.0,0.0,0.0,0.0,0.0,9.999000099990002e-05
2018-04-19,9.999999999998899e-05,0.8142476454402844,0.0,0.0,0.0,0.0,0.0,9.999000099990002e-05
2018-04-20,9.999999999998899e-05,0.8143290702048284,0.0,0.0,0.0,0.0,0.0,9.999000099990002e-05
2018-04-23,9.999999999998899e-05,0.8144105031118488,0.0,0.0,0.0,0.0,0.0,9.999000099990002e-05
2018-04-24,9.999999999998899e-05,0.81449194416216,0.0,0.0,0.0,0.0,0.0,9.999000099990002e-05
2018-04-25,9.999999999998899e-05,0.8145733933565762,0.0,0.0,0.0,0.0,0.0,9.999000099990003e-05
2018-04-26,9.999999999998899e-05,0.8146548506959118,0.0,0.0,0.0,0.0,0.0,9.999000099990003e-05
2018-04-27,9.999999999998899e-05,0.8147363161809814,0.0,0.0,0.0,0.0,0.0,9.999000099990002e-05
2018-04-30,9.999999999998899e-05,0.8148177898125996,0.0,0.0,0.0,0.0,0.0,9.99900009999e-05
2018-05-01,9.999999999998899e-05,0.8148992715915808,0.0,0.0,0.0,0.0,0.0,9.999000099990002e-05
2018-05-02,9.999999999998899e-05,0.81498076151874,0.0,0.0,0.0,0.0,0.0,9.999000099990002e-05
2018-05-03,9.999999999998899e-05,0.8150622595948919,0.0,0.0,0.0,0.0,0.0,9.999000099990002e-05
2018-05-04,9.999999999998899e-05,0.8151437658208514,0.0,0.0,0.0,0.0,0.0,9.999000099990002e-05
2018-05-07,9.999999999998899e-05,0.8152252801974335,0.0,0.0,0.0,0.0,0.0,9.999000099990002e-05
2018-05-08,9.999999999998899e-05,0.8153068027254532,0.0,0.0,0.0,0.0,0.0,9.999000099990002e-05
2018-05-09,9.999999999998899e-05,0.8153883334057257,0.0,0.0,0.0,0.0,0.0,9.999000099990003e-05
2018-05-10,9.999999999998899e-05,0.8154698722390663,0.0,0.0,0.0,0.0,0.0,9.999000099990002e-05
2018-05-11,9.999999999998899e-05,0.8155514192262903,0.0,0.0,0.0,0.0,0.0,9.999000099990002e-05
2018-05-14,9.999999999998899e-05,0.8156329743682129,0.0,0.0,0.0,0.0,0.0,9.999000099990002e-05
2018-05-15,9.999999999998899e-05,0.8157145376656497,0.0,0.0,0.0,0.0,0.0,9.999000099990002e-05
2018-05-16,9.999999999998899e-05,0.8157961091194162,0.0,0.0,0.0,0.0,0.0,9.999000099990003e-05
2018-05-17,9.999999999998899e-05,0.8158776887303282,0.0,0.0,0.0,0.0,0.0,9.999000099990002e-05
2018-05-18,9.999999999998899e-05,0.8159592764992012,0.0,0.0,0.0,0.0,0.0,9.999000099990002e-05
2018-05-21,9.999999999998899e-05,0.8160408724268511,0.0,0.0,0.0,0.0,0.0,9.999000099990002e-05
2018-05-22,9.999999999998899e-05,0.8161224765140938,0.0,0.0,0.0,0.0,0.0,9.999000099990002e-05
2018-05-23,9.999999999998899e-05,0.8162040887617452,0.0,0.0,0.0,0.0,0.0,9.999000099990002e-05
2018-05-24,9.999999999998899e-05,0.8162857091706214,0.0,0.0,0.0,0.0,0.0,9.999000099990003e-05
2018-05-25,9.999999999998899e-05,0.8163673377415385,0.0,0.0,0.0,0.0,0.0,9.999000099990002e-05
2018-05-29,9.999999999998899e-05,0.8164489744753126,0.0,0.0,0.0,0.0,0.0,9.999000099990002e-05
2018-05-30,9.999999999998899e-05,0.8165306193727602,0.0,0.0,0.0,0.0,0.0,9.999000099990002e-05
2018-05-31,9.999999999998899e-05,0.8166122724346975,0.0,0.0,0.0,0.0,0.0,9.999000099990002e-05
2018-06-01,-0.004350526545220057,0.8130595790663179,2.0422197202622887,1.99501246882793,0.0024937655860349127,0.00040370719935361,0.0,9.99900009999e-05
2018-06-04,0.0013800298324846416,0.8141816255410168,2.0736371017235014,0.0,0.0,0.0004121938942244704,2.841390685440353e-06,0.0
2018-06-05,0.0017372479999488988,0.8155960609415831,2.0685640530645863,0.0,0.0,0.00041063342674369256,5.1588765329887245e-06,0.0
2018-06-06,0.0007137285619784883,0.8161781751453143,2.060914233936685,0.0,0.0,0.000408219002823596,4.951603823788596e-06,0.0
2018-06-07,-0.0009913967826555847,0.8153690187284015,2.039877188494208,0.0,0.0,0.0004049410857768752,4.5125788748418195e-06,0.0
2018-06-08,-0.0015889502644601539,0.8140734379104604,2.0388642592394337,0.0,0.0,0.00040447094227521015,2.9964343491153957e-06,0.0
2018-06-11,0.0005273963444067942,0.8145027772656931,2.053447587262664,0.0,0.0,0.0004080406293781097,2.842930680005291e-06,0.0
2018-06-12,0.0015228802579163592,0.8157431674652091,2.065342801121088,0.0,0.0,0.0004091412519896443,3.916935266801244e-06,0.0
2018-06-13,-0.0009736971470273303,0.8149488806703412,2.059679319149511,0.0,0.0,0.0004082973981055205,4.895851724560956e-06,0.0
2018-06-14,0.0010760045071909197,0.8158257693390727,2.0874557420549213,0.0,0.0,0.00041308181072169413,4.446651375471706e-06,0.0
2018-06-15,0.00046154286459443306,0.8162023079016634,2.0858665690312015,0.0,0.0,0.000413936402044508,6.513475309914055e-06,0.0
2018-06-18,-0.004512233092281437,0.812519412837953,0.0,2.0761384858168963,0.002595173107271121,0.0,6.457989211773264e-06,0.0
2018-06-19,9.999999999998899e-05,0.8126006647792369,0.0,0.0,0.0,0.0,0.0,9.99900009999e-05
2018-06-20,9.999999999998899e-05,0.8126819248457148,0.0,0.0,0.0,0.0,0.0,9.999000099990002e-05
2018-06-21,-0.003858251274236668,0.8095463937736297,1.9747113464849504,1.9950124688279303,0.002493765586034913,0.0003904701079639643,0.0,9.999000099990002e-05
2018-06-22,-0.0021224156902542868,0.8078281998054958,1.976922208393728,0.0,0.0,0.0003921553551653146,0.0,1.3189455719499045e-06
2018-06-25,-0.001175503384850618,0.8068785950222467,1.927583414223074,0.0,0.0,0.00038197861971399555,0.0,1.2921505019753754e-06
2018-06-26,-0.00016331178506356903,0.806746822238564,1.9168210310790061,0.0,0.0,0.0003814632966323877,0.0,3.806807247636369e-06
2018-06-27,0.0005344512511060717,0.8071779890870353,1.89013321192818,0.0,0.0,0.00037587122833029576,0.0,4.330703377425362e-06
2018-06-28,4.445026251986839e-05,0.8072138683605505,1.9071395851424997,0.0,0.0,0.0003779809003372401,0.0,5.605431374942009e-06
2018-06-29,-0.0011941285139404068,0.8062499512634931,1.9126877520016121,0.0,0.0,0.00037952373967037507,0.0,4.745570009479622e-06
2018-07-02,-0.0012305929453175768,0.8052577857613056,1.9361376449867405,0.0,0.0,0.00038539169310222916,0.0,4.521872919050473e-06
2018-07-03,0.0005078246655265684,0.8056667155270224,1.8921848258541156,0.0,0.0,0.0003758336455748183,0.0,3.3775654518867543e-06
2018-07-05,-0.0032953683566463443,0.8030117469266714,1.9381133100004462,0.0,0.0,0.00038462472308882034,0.0,5.537181119396817e-06
2018-07-06,0.0015327358692325266,0.804242551834601,1.9605162968346348,0.0,0.0,0.0003907490225392807,0.0,3.3880811071573008e-06
2018-07-09,0.0011439077630177596,0.8051625311329939,1.9805343402941222,0.0,0.0,0.00039272007794505714,0.0,2.161890969598361e-06
2018-07-10,-0.001310218722116674,0.8041075921103565,1.98197524417366,0.0,0.0,0.00039329801093473905,0.0,1.0902192586036606e-06
2018-07-11,-0.003158643784200943,0.8015677026627084,1.9928537701826043,0.0,0.0,0.0003942830824926035,0.0,1.0616280857030594e-06
2018-07-12,-0.00036477297456194435,0.8012753124274953,2.0444896061386264,0.0,0.0,0.000405781013771557,0.0,6.582753104321702e-07
2018-07-13,0.0014912426759909891,0.8024702083686052,2.048730500882161,0.0,0.0,0.0004079187207378718,2.6874922173995113e-06,0.0
2018-07-16,0.0020679780004555504,0.8041296991055324,2.0335188561468556,0.0,0.0,0.0004042259460216621,3.1137788708896806e-06,0.0
2018-07-17,-0.0016827045304191879,0.8027765864178029,2.063904580240019,0.0,0.0,0.0004086873562866112,2.2238329113971046e-06,0.0
2018-07-18,-0.002779418735397776,0.8005453341331746,2.0669947463730063,0.0,0.0,0.0004092260270907493,4.252441781908337e-06,0.0
2018-07-19,0.0036974494237413946,0.8035053100175442,2.039965905075579,0.0,0.0,0.00040602234717767,4.3054366892898935e-06,0.0
2018-07-20,-0.0011296959577489218,0.8025975933167876,2.039470774163498,0.0,0.0,0.0004046238352563626,2.7101593931267533e-06,0.0
2018-07-23,0.006112105617362307,0.8075031545753806,2.0557880957712396,0.0,0.0,0.000410068662616027,2.628493706193592e-06,0.0
2018-07-24,-0.0047242144999594116,0.8036883364637726,0.0,2.1597743505980835,0.002699717938247605,0.0,4.226539400223905e-06,0.0
2018-07-25,9.999999999998899e-05,0.803768705297419,0.0,0.0,0.0,0.0,0.0,9.999000099990002e-05
2018-07-26,9.999999999998899e-05,0.8038490821679487,0.0,0.0,0.0,0.0,0.0,9.999000099990002e-05
2018-07-27,9.999999999998899e-05,0.8039294670761655,0.0,0.0,0.0,0.0,0.0,9.99900009999e-05
2018-07-30,9.999999999998899e-05,0.8040098600228731,0.0,0.0,0.0,0.0,0.0,9.999000099990002e-05
2018-07-31,9.999999999998899e-05,0.8040902610088754,0.0,0.0,0.0,0.0,0.0,9.999000099990003e-05
2018-08-01,9.999999999998899e-05,0.8041706700349762,0.0,0.0,0.0,0.0,0.0,9.999000099990003e-05
2018-08-02,9.999999999998899e-05,0.8042510871019797,0.0,0.0,0.0,0.0,0.0,9.999000099990002e-05
2018-08-03,9.999999999998899e-05,0.8043315122106899,0.0,0.0,0.0,0.0,0.0,9.99900009999e-05
2018-08-06,9.999999999998899e-05,0.804411945361911,0.0,0.0,0.0,0.0,0.0,9.99900009999e-05
2018-08-07,9.999999999998899e-05,0.8044923865564472,0.0,0.0,0.0,0.0,0.0,9.99900009999e-05
2018-08-08,9.999999999998899e-05,0.8045728357951029,0.0,0.0,0.0,0.0,0.0,9.999000099990002e-05
2018-08-09,9.999999999998899e-05,0.8046532930786824,0.0,0.0,0.0,0.0,0.0,9.999000099990002e-05
2018-08-10,9.999999999998899e-05,0.8047337584079902,0.0,0.0,0.0,0.0,0.0,9.999000099990002e-05
2018-08-13,9.999999999998899e-05,0.804814231783831,0.0,0.0,0.0,0.0,0.0,9.99900009999e-05
2018-08-14,9.999999999998899e-05,0.8048947132070094,0.0,0.0,0.0,0.0,0.0,9.999000099990002e-05
2018-08-15,9.999999999998899e-05,0.8049752026783301,0.0,0.0,0.0,0.0,0.0,9.999000099990003e-05
2018-08-16,9.999999999998899e-05,0.805055700198598,0.0,0.0,0.0,0.0,0.0,9.999000099990002e-05
2018-08-17,9.999999999998899e-05,0.8051362057686178,0.0,0.0,0.0,0.0,0.0,9.999000099990002e-05
2018-08-20,9.999999999998899e-05,0.8052167193891946,0.0,0.0,0.0,0.0,0.0,9.999000099990002e-05
2018-08-21,9.999999999998899e-05,0.8052972410611335,0.0,0.0,0.0,0.0,0.0,9.99900009999e-05
2018-08-22,9.999999999998899e-05,0.8053777707852396,0.0,0.0,0.0,0.0,0.0,9.999000099990002e-05
2018-08-23,9.999999999998899e-05,0.8054583085623181,0.0,0.0,0.0,0.0,0.0,9.999000099990002e-05
2018-08-24,9.999999999998899e-05,0.8055388543931744,0.0,0.0,0.0,0.0,0.0,9.999000099990002e-05
2018-08-27,9.999999999998899e-05,0.8056194082786138,0.0,0.0,0.0,0.0,0.0,9.999000099990002e-05
2018-08-28,9.999999999998899e-05,0.8056999702194416,0.0,0.0,0.0,0.0,0.0,9.999000099990002e-05
2018-08-29,9.999999999998899e-05,0.8057805402164636,0.0,0.0,0.0,0.0,0.0,9.99900009999e-05
2018-08-30,9.999999999998899e-05,0.8058611182704852,0.0,0.0,0.0,0.0,0.0,9.999000099990003e-05
2018-08-31,9.999999999998899e-05,0.8059417043823123,0.0,0.0,0.0,0.0,0.0,9.99900009999e-05
2018-09-04,9.999999999998899e-05,0.8060222985527505,0.0,0.0,0.0,0.0,0.0,9.999000099990002e-05
2018-09-05,9.999999999998899e-05,0.8061029007826058,0.0,0.0,0.0,0.0,0.0,9.999000099990002e-05
2018-09-06,9.999999999998899e-05,0.806183511072684,0.0,0.0,0.0,0.0,0.0,9.999000099990002e-05
2018-09-07,9.999999999998899e-05,0.8062641294237913,0.0,0.0,0.0,0.0,0.0,9.999000099990002e-05
2018-09-10,9.999999999998899e-05,0.8063447558367337,0.0,0.0,0.0,0.0,0.0,9.999000099990002e-05
2018-09-11,9.999999999998899e-05,0.8064253903123174,0.0,0.0,0.0,0.0,0.0,9.99900009999e-05
2018-09-12,9.999999999998899e-05,0.8065060328513487,0.0,0.0,0.0,0.0,0.0,9.999000099990002e-05
2018-09-13,9.999999999998899e-05,0.8065866834546338,0.0,0.0,0.0,0.0,0.0,9.999000099990002e-05
2018-09-14,9.999999999998899e-05,0.8066673421229793,0.0,0.0,0.0,0.0,0.0,9.999000099990002e-05
2018-09-17,9.999999999998899e-05,0.8067480088571916,0.0,0.0,0.0,0.0,0.0,9.999000099990003e-05
2018-09-18,9.999999999998899e-05,0.8068286836580773,0.0,0.0,0.0,0.0,0.0,9.999000099990002e-05
2018-09-19,9.999999999998899e-05,0.8069093665264431,0.0,0.0,0.0,0.0,0.0,9.99900009999e-05
2018-09-20,9.999999999998899e-05,0.8069900574630957,0.0,0.0,0.0,0.0,0.0,9.999000099990002e-05
2018-09-21,9.999999999998899e-05,0.807070756468842,0.0,0.0,0.0,0.0,0.0,9.999000099990003e-05
2018-09-24,9.999999999998899e-05,0.8071514635444889,0.0,0.0,0.0,0.0,0.0,9.99900009999e-05
2018-09-25,9.999999999998899e-05,0.8072321786908433,0.0,0.0,0.0,0.0,0.0,9.999000099990002e-05
2018-09-26,9.999999999998899e-05,0.8073129019087124,0.0,0.0,0.0,0.0,0.0,9.999000099990002e-05
2018-09-27,9.999999999998899e-05,0.8073936331989032,0.0,0.0,0.0,0.0,0.0,9.999000099990003e-05
2018-09-28,9.999999999998899e-05,0.8074743725622231,0.0,0.0,0.0,0.0,0.0,9.999000099990002e-05
2018-10-01,9.999999999998899e-05,0.8075551199994793,0.0,0.0,0.0,0.0,0.0,9.999000099990002e-05
2018-10-02,9.999999999998899e-05,0.8076358755114792,0.0,0.0,0.0,0.0,0.0,9.999000099990002e-05
2018-10-03,9.999999999998899e-05,0.8077166390990304,0.0,0.0,0.0,0.0,0.0,9.999000099990002e-05
2018-10-04,9.999999999998899e-05,0.8077974107629402,0.0,0.0,0.0,0.0,0.0,9.999000099990002e-05
2018-10-05,9.999999999998899e-05,0.8078781905040165,0.0,0.0,0.0,0.0,0.0,9.99900009999e-05
2018-10-08,9.999999999998899e-05,0.807958978323067,0.0,0.0,0.0,0.0,0.0,9.999000099990002e-05
2018-10-09,9.999999999998899e-05,0.8080397742208992,0.0,0.0,0.0,0.0,0.0,9.999000099990002e-05
2018-10-10,9.999999999998899e-05,0.8081205781983213,0.0,0.0,0.0,0.0,0.0,9.999000099990002e-05
2018-10-11,9.999999999998899e-05,0.8082013902561411,0.0,0.0,0.0,0.0,0.0,9.999000099990002e-05
2018-10-12,9.999999999998899e-05,0.8082822103951668,0.0,0.0,0.0,0.0,0.0,9.99900009999e-05
2018-10-15,9.999999999998899e-05,0.8083630386162063,0.0,0.0,0.0,0.0,0.0,9.999000099990002e-05
2018-10-16,9.999999999998899e-05,0.8084438749200679,0.0,0.0,0.0,0.0,0.0,9.999000099990003e-05
2018-10-17,9.999999999998899e-05,0.8085247193075599,0.0,0.0,0.0,0.0,0.0,9.99900009999e-05
2018-10-18,9.999999999998899e-05,0.8086055717794907,0.0,0.0,0.0,0.0,0.0,9.999000099990002e-05
2018-10-19,9.999999999998899e-05,0.8086864323366686,0.0,0.0,0.0,0.0,0.0,9.999000099990002e-05
2018-10-22,9.999999999998899e-05,0.8087673009799022,0.0,0.0,0.0,0.0,0.0,9.999000099990002e-05
2018-10-23,9.999999999998899e-05,0.8088481777100003,0.0,0.0,0.0,0.0,0.0,9.999000099990002e-05
2018-10-24,9.999999999998899e-05,0.8089290625277713,0.0,0.0,0.0,0.0,0.0,9.99900009999e-05
2018-10-25,9.999999999998899e-05,0.8090099554340241,0.0,0.0,0.0,0.0,0.0,9.999000099990002e-05
2018-10-26,9.999999999998899e-05,0.8090908564295675,0.0,0.0,0.0,0.0,0.0,9.999000099990002e-05
2018-10-29,9.999999999998899e-05,0.8091717655152104,0.0,0.0,0.0,0.0,0.0,9.999000099990002e-05
2018-10-30,9.999999999998899e-05,0.809252682691762,0.0,0.0,0.0,0.0,0.0,9.99900009999e-05
2018-10-31,9.999999999998899e-05,0.8093336079600312,0.0,0.0,0.0,0.0,0.0,9.999000099990002e-05
2018-11-01,9.999999999998899e-05,0.8094145413208271,0.0,0.0,0.0,0.0,0.0,9.999000099990002e-05
2018-11-02,9.999999999998899e-05,0.8094954827749592,0.0,0.0,0.0,0.0,0.0,9.999000099990002e-05
2018-11-05,9.999999999998899e-05,0.8095764323232367,0.0,0.0,0.0,0.0,0.0,9.999000099990002e-05
2018-11-06,9.999999999998899e-05,0.8096573899664691,0.0,0.0,0.0,0.0,0.0,9.999000099990002e-05
2018-11-07,9.999999999998899e-05,0.8097383557054657,0.0,0.0,0.0,0.0,0.0,9.999000099990002e-05
2018-11-08,9.999999999998899e-05,0.8098193295410363,0.0,0.0,0.0,0.0,0.0,9.999000099990002e-05
2018-11-09,9.999999999998899e-05,0.8099003114739904,0.0,0.0,0.0,0.0,0.0,9.999000099990002e-05
2018-11-12,9.999999999998899e-05,0.8099813015051378,0.0,0.0,0.0,0.0,0.0,9.999000099990003e-05
2018-11-13,9.999999999998899e-05,0.8100622996352883,0.0,0.0,0.0,0.0,0.0,9.999000099990002e-05
2018-11-14,9.999999999998899e-05,0.8101433058652519,0.0,0.0,0.0,0.0,0.0,9.999000099990002e-05
2018-11-15,9.999999999998899e-05,0.8102243201958383,0.0,0.0,0.0,0.0,0.0,9.999000099990002e-05
2018-11-16,9.999999999998899e-05,0.8103053426278579,0.0,0.0,0.0,0.0,0.0,9.999000099990002e-05
2018-11-19,9.999999999998899e-05,0.8103863731621207,0.0,0.0,0.0,0.0,0.0,9.999000099990003e-05
2018-11-20,9.999999999998899e-05,0.8104674117994369,0.0,0.0,0.0,0.0,0.0,9.999000099990002e-05
2018-11-21,-0.005402270077023652,0.80608904795227,2.0050676122480176,1.9950124688279303,0.002493765586034913,0.00039616033449192103,0.0,9.999000099990002e-05
2018-11-23,9.912402579237423e-05,0.8061689507438501,1.9787974173939242,0.0,0.0,0.0003939341892241805,1.7087850092728166e-07,0.0
2018-11-26,0.00045842061095013875,0.8065385152067791,2.0265933058424306,0.0,0.0,0.0004028048058253209,0.0,1.1675826080625249e-06
2018-11-27,0.00015806899995518542,0.8066660039433031,2.018693244239655,0.0,0.0,0.0003995585484660667,1.7631732685183396e-06,0.0
2018-11-28,-0.0029633470330523437,0.8042755726338535,2.1032408930577935,0.0,0.0,0.0004164028080278086,1.2548373723651481e-06,0.0
2018-11-29,0.0002499757818832382,0.8044766220489722,2.1074045225631663,0.0,0.0,0.0004179643189477927,6.969081293563522e-06,0.0
2018-11-30,0.008118736315540165,0.8110079556154043,2.1107000240498004,0.0,0.0,0.000420900274857504,7.3184160508181005e-06,0.0
2018-12-03,-0.008846646194467067,0.8038332551711768,0.0,2.173134008499588,0.002716417510624485,0.0,8.194410036407705e-06,0.0
2018-12-04,9.999999999998899e-05,0.8039136384966938,0.0,0.0,0.0,0.0,0.0,9.999000099990002e-05
2018-12-06,9.999999999998899e-05,0.8039940298605435,0.0,0.0,0.0,0.0,0.0,9.999000099990002e-05
2018-12-07,9.999999999998899e-05,0.8040744292635296,0.0,0.0,0.0,0.0,0.0,9.99900009999e-05
2018-12-10,9.999999999998899e-05,0.8041548367064559,0.0,0.0,0.0,0.0,0.0,9.999000099990002e-05
2018-12-11,9.999999999998899e-05,0.8042352521901266,0.0,0.0,0.0,0.0,0.0,9.999000099990002e-05
2018-12-12,9.999999999998899e-05,0.8043156757153456,0.0,0.0,0.0,0.0,0.0,9.999000099990002e-05
2018-12-13,9.999999999998899e-05,0.8043961072829171,0.0,0.0,0.0,0.0,0.0,9.999000099990002e-05
2018-12-14,9.999999999998899e-05,0.8044765468936454,0.0,0.0,0.0,0.0,0.0,9.999000099990002e-05
2018-12-17,9.999999999998899e-05,0.8045569945483348,0.0,0.0,0.0,0.0,0.0,9.999000099990002e-05
2018-12-18,9.999999999998899e-05,0.8046374502477897,0.0,0.0,0.0,0.0,0.0,9.999000099990002e-05
2018-12-19,9.999999999998899e-05,0.8047179139928144,0.0,0.0,0.0,0.0,0.0,9.99900009999e-05
2018-12-20,9.999999999998899e-05,0.8047983857842137,0.0,0.0,0.0,0.0,0.0,9.999000099990002e-05
2018-12-21,9.999999999998899e-05,0.8048788656227921,0.0,0.0,0.0,0.0,0.0,9.999000099990002e-05
2018-12-24,9.999999999998899e-05,0.8049593535093543,0.0,0.0,0.0,0.0,0.0,9.999000099990002e-05
2018-12-26,9.999999999998899e-05,0.8050398494447053,0.0,0.0,0.0,0.0,0.0,9.999000099990002e-05
2018-12-27,9.999999999998899e-05,0.8051203534296498,0.0,0.0,0.0,0.0,0.0,9.99900009999e-05
2018-12-28,9.999999999998899e-05,0.8052008654649928,0.0,0.0,0.0,0.0,0.0,9.99900009999e-05
2018-12-31,9.999999999998899e-05,0.8052813855515393,0.0,0.0,0.0,0.0,0.0,9.999000099990003e-05
2019-01-02,9.999999999998899e-05,0.8053619136900945,0.0,0.0,0.0,0.0,0.0,9.999000099990002e-05
2019-01-03,9.999999999998899e-05,0.8054424498814635,0.0,0.0,0.0,0.0,0.0,9.999000099990002e-05
2019-01-04,9.999999999998899e-05,0.8055229941264517,0.0,0.0,0.0,0.0,0.0,9.999000099990002e-05
2019-01-07,9.999999999998899e-05,0.8056035464258643,0.0,0.0,0.0,0.0,0.0,9.999000099990002e-05
2019-01-08,9.999999999998899e-05,0.8056841067805068,0.0,0.0,0.0,0.0,0.0,9.999000099990002e-05
2019-01-09,9.999999999998899e-05,0.8057646751911849,0.0,0.0,0.0,0.0,0.0,9.999000099990003e-05
2019-01-10,9.999999999998899e-05,0.805845251658704,0.0,0.0,0.0,0.0,0.0,9.999000099990002e-05
2019-01-11,9.999999999998899e-05,0.8059258361838699,0.0,0.0,0.0,0.0,0.0,9.999000099990002e-05
2019-01-14,9.999999999998899e-05,0.8060064287674883,0.0,0.0,0.0,0.0,0.0,9.999000099990002e-05
2019-01-15,9.999999999998899e-05,0.806087029410365,0.0,0.0,0.0,0.0,0.0,9.999000099990002e-05
2019-01-16,9.999999999998899e-05,0.806167638113306,0.0,0.0,0.0,0.0,0.0,9.999000099990003e-05
2019-01-17,9.999999999998899e-05,0.8062482548771174,0.0,0.0,0.0,0.0,0.0,9.999000099990002e-05
2019-01-18,9.999999999998899e-05,0.8063288797026051,0.0,0.0,0.0,0.0,0.0,9.999000099990002e-05
2019-01-22,9.999999999998899e-05,0.8064095125905754,0.0,0.0,0.0,0.0,0.0,9.999000099990003e-05
2019-01-23,9.999999999998899e-05,0.8064901535418344,0.0,0.0,0.0,0.0,0.0,9.999000099990002e-05
2019-01-24,9.999999999998899e-05,0.8065708025571886,0.0,0.0,0.0,0.0,0.0,9.99900009999e-05
2019-01-25,9.999999999998899e-05,0.8066514596374443,0.0,0.0,0.0,0.0,0.0,9.999000099990002e-05
2019-01-28,9.999999999998899e-05,0.8067321247834081,0.0,0.0,0.0,0.0,0.0,9.999000099990003e-05
2019-01-29,9.999999999998899e-05,0.8068127979958863,0.0,0.0,0.0,0.0,0.0,9.999000099990002e-05
2019-01-30,9.999999999998899e-05,0.8068934792756859,0.0,0.0,0.0,0.0,0.0,9.999000099990002e-05
2019-01-31,9.999999999998899e-05,0.8069741686236135,0.0,0.0,0.0,0.0,0.0,9.999000099990002e-05
2019-02-01,9.999999999998899e-05,0.8070548660404758,0.0,0.0,0.0,0.0,0.0,9.999000099990002e-05
2019-02-04,9.999999999998899e-05,0.8071355715270798,0.0,0.0,0.0,0.0,0.0,9.999000099990003e-05
2019-02-05,9.999999999998899e-05,0.8072162850842325,0.0,0.0,0.0,0.0,0.0,9.999000099990002e-05
2019-02-06,9.999999999998899e-05,0.807297006712741,0.0,0.0,0.0,0.0,0.0,9.999000099990002e-05
2019-02-07,9.999999999998899e-05,0.8073777364134123,0.0,0.0,0.0,0.0,0.0,9.999000099990002e-05
2019-02-08,9.999999999998899e-05,0.8074584741870536,0.0,0.0,0.0,0.0,0.0,9.99900009999e-05
2019-02-11,9.999999999998899e-05,0.8075392200344723,0.0,0.0,0.0,0.0,0.0,9.999000099990003e-05
2019-02-12,9.999999999998899e-05,0.8076199739564758,0.0,0.0,0.0,0.0,0.0,9.999000099990002e-05
2019-02-13,9.999999999998899e-05,0.8077007359538714,0.0,0.0,0.0,0.0,0.0,9.999000099990002e-05
2019-02-14,9.999999999998899e-05,0.8077815060274668,0.0,0.0,0.0,0.0,0.0,9.99900009999e-05
2019-02-15,9.999999999998899e-05,0.8078622841780695,0.0,0.0,0.0,0.0,0.0,9.999000099990002e-05
2019-02-19,9.999999999998899e-05,0.8079430704064873,0.0,0.0,0.0,0.0,0.0,9.999000099990002e-05
2019-02-20,9.999999999998899e-05,0.8080238647135279,0.0,0.0,0.0,0.0,0.0,9.999000099990002e-05
2019-02-21,9.999999999998899e-05,0.8081046670999993,0.0,0.0,0.0,0.0,0.0,9.999000099990002e-05
2019-02-22,9.999999999998899e-05,0.8081854775667093,0.0,0.0,0.0,0.0,0.0,9.99900009999e-05
2019-02-25,9.999999999998899e-05,0.808266296114466,0.0,0.0,0.0,0.0,0.0,9.999000099990002e-05
2019-02-26,9.999999999998899e-05,0.8083471227440774,0.0,0.0,0.0,0.0,0.0,9.999000099990002e-05
2019-02-27,9.999999999998899e-05,0.8084279574563518,0.0,0.0,0.0,0.0,0.0,9.999000099990002e-05
2019-02-28,9.999999999998899e-05,0.8085088002520974,0.0,0.0,0.0,0.0,0.0,9.999000099990002e-05
2019-03-01,9.999999999998899e-05,0.8085896511321226,0.0,0.0,0.0,0.0,0.0,9.999000099990002e-05
2019-03-04,9.999999999998899e-05,0.8086705100972358,0.0,0.0,0.0,0.0,0.0,9.999000099990002e-05
2019-03-05,9.999999999998899e-05,0.8087513771482455,0.0,0.0,0.0,0.0,0.0,9.999000099990002e-05
2019-03-06,9.999999999998899e-05,0.8088322522859603,0.0,0.0,0.0,0.0,0.0,9.999000099990002e-05
2019-03-07,9.999999999998899e-05,0.8089131355111889,0.0,0.0,0.0,0.0,0.0,9.99900009999e-05
2019-03-08,9.999999999998899e-05,0.8089940268247401,0.0,0.0,0.0,0.0,0.0,9.999000099990002e-05
2019-03-11,9.999999999998899e-05,0.8090749262274226,0.0,0.0,0.0,0.0,0.0,9.99900009999e-05
2019-03-12,-0.0028297656852466213,0.8067854337643908,2.026209586743928,1.9950124688279303,0.0024937655860349127,0.00040085490342195597,0.0,9.999000099990002e-05
2019-03-13,0.0010259687096560999,0.8076131703748395,2.025764719889286,0.0,0.0,0.0004016626203078977,1.8262034757888754e-06,0.0
2019-03-14,0.000669755153078988,0.8081540734573924,2.0123066643842247,0.0,0.0,0.0003994631349552088,1.8987478126853328e-06,0.0
2019-03-15,-0.001359508371376661,0.807055381229165,2.0122344935845295,0.0,0.0,0.0003992173893201375,1.0335847856636775e-06,0.0
2019-03-18,-0.0017102382954935491,0.8056751242096027,2.014028770575615,0.0,0.0,0.0003987004258256823,9.591010852495148e-07,0.0
2019-03-19,-0.0010239290719158411,0.8048501700274051,2.040309662126646,0.0,0.0,0.00040497220654628336,9.945450921371826e-07,0.0
2019-03-20,-0.0014648477012702,0.8036711871059735,2.08507598132819,0.0,0.0,0.0004132369940838059,2.784592532567569e-06,0.0
2019-03-21,0.0013650378573368815,0.8047682287012241,2.096905613954424,0.0,0.0,0.000416007190444399,5.831050810255122e-06,0.0
2019-03-22,-0.0024081384342042877,0.8028302353990622,2.055530671305301,0.0,0.0,0.00040790445072785045,6.801613459929956e-06,0.0
2019-03-25,0.0015248416174498125,0.8040544243537457,2.0330318177837583,0.0,0.0,0.0004037722681594637,3.7589346322582726e-06,0.0
2019-03-26,0.0003349082909667178,0.8043237088468502,2.018814480959835,0.0,0.0,0.0003997309577249751,2.3196970391114733e-06,0.0
2019-03-27,-0.0005594364381905637,0.8038737408560207,2.0000127946667,0.0,0.0,0.0003960411922093151,1.3812880657509227e-06,0.0
2019-03-28,-0.001409411877456579,0.8027407516576828,1.994088473113581,0.0,0.0,0.0003954771477682783,5.835139770157659e-08,0.0
2019-03-29,-0.0005811963061486125,0.8022742016980243,2.003294984045975,0.0,0.0,0.000396823995742005,0.0,3.0481950569670906e-07
2019-04-01,0.0003589284082397004,0.8025621607002116,2.0393935512241126,0.0,0.0,0.00040477109666349687,2.0383166107570353e-07,0.0
2019-04-02,-1.8461757012033786e-06,0.8025606790294518,2.0501501038239316,0.0,0.0,0.0004065574231247035,2.7778984996078214e-06,0.0
2019-04-03,-0.0005637923177216342,0.8021082014841096,2.060429358877101,0.0,0.0,0.00040840803586315546,3.5575941248995743e-06,0.0
2019-04-04,-0.0008172179049749095,0.8014527043001295,2.0772351017042734,0.0,0.0,0.00041160576999293465,4.263715254888606e-06,0.0
2019-04-05,-0.0005196877134705513,0.8010361991767769,2.0647838030519323,0.0,0.0,0.0004094902569344043,5.4117684004872855e-06,0.0
2019-04-08,-0.0002840487209210263,0.8008086658689894,2.059836891157647,0.0,0.0,0.00040890799881634064,4.538370001445563e-06,0.0
2019-04-09,0.0004610598992869086,0.801177886631823,2.0484896831791373,0.0,0.0,0.00040589866620862686,4.192418984540447e-06,0.0
2019-04-10,-0.0014054838589089291,0.8000518440440472,2.058785266641778,0.0,0.0,0.0004082503205070964,3.4691085877208406e-06,0.0
2019-04-11,0.0001596684409259641,0.8001795870746455,2.063241522546553,0.0,0.0,0.0004090734656255104,4.113414289491831e-06,0.0
2019-04-12,-0.0005507608147091725,0.7997388795133547,2.0869447562383527,0.0,0.0,0.00041351147033203876,4.464518678145261e-06,0.0
2019-04-15,5.58245926407519e-05,0.7997835246105225,2.0928383033200695,0.0,0.0,0.0004146257423897685,6.1067612998857974e-06,0.0
2019-04-16,-0.0009960706546285891,0.7989868837116025,2.104692003880301,0.0,0.0,0.0004172453395530775,6.560581035367338e-06,0.0
2019-04-17,-0.0012924962310802979,0.7979541961757227,2.122363654641491,0.0,0.0,0.00042092504633612276,7.351068834107341e-06,0.0
2019-04-18,0.0006826927549135053,0.7984989537242048,2.122078238373447,0.0,0.0,0.0004204688860679937,8.505227641498954e-06,0.0
2019-04-22,-0.0006242297209140268,0.7980005069451713,2.144622386981647,0.0,0.0,0.00042676234131875637,8.610109330599606e-06,0.0
2019-04-23,0.0004709853690261223,0.798376353508418,2.1714834456480294,0.0,0.0,0.0004303910843400295,1.012997150668194e-05,0.0
2019-04-24,-0.002356942413812013,0.7964946264186494,0.0,2.1703398164148155,0.0027129247705185195,0.0,1.207407857719856e-05,0.0
2019-04-25,9.999999999998899e-05,0.7965742758812913,0.0,0.0,0.0,0.0,0.0,9.999000099990002e-05
2019-04-26,9.999999999998899e-05,0.7966539333088793,0.0,0.0,0.0,0.0,0.0,9.999000099990002e-05
2019-04-29,9.999999999998899e-05,0.7967335987022103,0.0,0.0,0.0,0.0,0.0,9.99900009999e-05
2019-04-30,9.999999999998899e-05,0.7968132720620805,0.0,0.0,0.0,0.0,0.0,9.999000099990002e-05
2019-05-01,9.999999999998899e-05,0.7968929533892868,0.0,0.0,0.0,0.0,0.0,9.99900009999e-05
2019-05-02,9.999999999998899e-05,0.7969726426846258,0.0,0.0,0.0,0.0,0.0,9.99900009999e-05
2019-05-03,9.999999999998899e-05,0.7970523399488942,0.0,0.0,0.0,0.0,0.0,9.99900009999e-05
2019-05-06,9.999999999998899e-05,0.7971320451828892,0.0,0.0,0.0,0.0,0.0,9.999000099990002e-05
2019-05-07,9.999999999998899e-05,0.7972117583874074,0.0,0.0,0.0,0.0,0.0,9.999000099990002e-05
2019-05-08,9.999999999998899e-05,0.7972914795632462,0.0,0.0,0.0,0.0,0.0,9.999000099990002e-05
2019-05-09,9.999999999998899e-05,0.7973712087112025,0.0,0.0,0.0,0.0,0.0,9.999000099990002e-05
2019-05-10,9.999999999998899e-05,0.7974509458320737,0.0,0.0,0.0,0.0,0.0,9.999000099990002e-05
2019-05-13,9.999999999998899e-05,0.7975306909266568,0.0,0.0,0.0,0.0,0.0,9.999000099990002e-05
2019-05-14,9.999999999998899e-05,0.7976104439957495,0.0,0.0,0.0,0.0,0.0,9.999000099990002e-05
2019-05-15,9.999999999998899e-05,0.7976902050401491,0.0,0.0,0.0,0.0,0.0,9.999000099990002e-05
2019-05-16,9.999999999998899e-05,0.7977699740606531,0.0,0.0,0.0,0.0,0.0,9.999000099990002e-05
2019-05-17,9.999999999998899e-05,0.7978497510580591,0.0,0.0,0.0,0.0,0.0,9.999000099990002e-05
2019-05-20,9.999999999998899e-05,0.797929536033165,0.0,0.0,0.0,0.0,0.0,9.99900009999e-05
2019-05-21,9.999999999998899e-05,0.7980093289867682,0.0,0.0,0.0,0.0,0.0,9.999000099990002e-05
2019-05-22,9.999999999998899e-05,0.798089129919667,0.0,0.0,0.0,0.0,0.0,9.99900009999e-05
2019-05-23,9.999999999998899e-05,0.7981689388326589,0.0,0.0,0.0,0.0,0.0,9.999000099990002e-05
2019-05-24,9.999999999998899e-05,0.7982487557265422,0.0,0.0,0.0,0.0,0.0,9.999000099990002e-05
2019-05-28,9.999999999998899e-05,0.7983285806021149,0.0,0.0,0.0,0.0,0.0,9.999000099990002e-05
2019-05-29,9.999999999998899e-05,0.7984084134601751,0.0,0.0,0.0,0.0,0.0,9.99900009999e-05
2019-05-30,9.999999999998899e-05,0.7984882543015211,0.0,0.0,0.0,0.0,0.0,9.99900009999e-05
2019-05-31,9.999999999998899e-05,0.7985681031269513,0.0,0.0,0.0,0.0,0.0,9.999000099990003e-05
2019-06-03,9.999999999998899e-05,0.798647959937264,0.0,0.0,0.0,0.0,0.0,9.999000099990002e-05
2019-06-04,9.999999999998899e-05,0.7987278247332578,0.0,0.0,0.0,0.0,0.0,9.999000099990002e-05
2019-06-05,9.999999999998899e-05,0.7988076975157311,0.0,0.0,0.0,0.0,0.0,9.999000099990002e-05
2019-06-06,9.999999999998899e-05,0.7988875782854827,0.0,0.0,0.0,0.0,0.0,9.99900009999e-05
2019-06-07,9.999999999998899e-05,0.7989674670433112,0.0,0.0,0.0,0.0,0.0,9.999000099990003e-05
2019-06-10,9.999999999998899e-05,0.7990473637900155,0.0,0.0,0.0,0.0,0.0,9.999000099990002e-05
2019-06-11,9.999999999998899e-05,0.7991272685263945,0.0,0.0,0.0,0.0,0.0,9.999000099990002e-05
2019-06-12,9.999999999998899e-05,0.7992071812532471,0.0,0.0,0.0,0.0,0.0,9.999000099990003e-05
2019-06-13,9.999999999998899e-05,0.7992871019713724,0.0,0.0,0.0,0.0,0.0,9.999000099990002e-05
2019-06-14,9.999999999998899e-05,0.7993670306815696,0.0,0.0,0.0,0.0,0.0,9.999000099990002e-05
2019-06-17,9.999999999998899e-05,0.7994469673846377,0.0,0.0,0.0,0.0,0.0,9.999000099990002e-05
2019-06-18,9.999999999998899e-05,0.7995269120813762,0.0,0.0,0.0,0.0,0.0,9.999000099990002e-05
2019-06-19,9.999999999998899e-05,0.7996068647725842,0.0,0.0,0.0,0.0,0.0,9.999000099990003e-05
2019-06-20,9.999999999998899e-05,0.7996868254590616,0.0,0.0,0.0,0.0,0.0,9.999000099990002e-05
2019-06-21,9.999999999998899e-05,0.7997667941416075,0.0,0.0,0.0,0.0,0.0,9.999000099990003e-05
2019-06-24,9.999999999998899e-05,0.7998467708210216,0.0,0.0,0.0,0.0,0.0,9.999000099990002e-05
2019-06-25,9.999999999998899e-05,0.7999267554981038,0.0,0.0,0.0,0.0,0.0,9.99900009999e-05
2019-06-26,9.999999999998899e-05,0.8000067481736536,0.0,0.0,0.0,0.0,0.0,9.99900009999e-05
2019-06-27,9.999999999998899e-05,0.800086748848471,0.0,0.0,0.0,0.0,0.0,9.999000099990002e-05
2019-06-28,9.999999999998899e-05,0.8001667575233559,0.0,0.0,0.0,0.0,0.0,9.999000099990002e-05
2019-07-01,9.999999999998899e-05,0.8002467741991082,0.0,0.0,0.0,0.0,0.0,9.999000099990002e-05
2019-07-02,9.999999999998899e-05,0.8003267988765281,0.0,0.0,0.0,0.0,0.0,9.99900009999e-05
2019-07-03,9.999999999998899e-05,0.8004068315564158,0.0,0.0,0.0,0.0,0.0,9.999000099990002e-05
2019-07-05,9.999999999998899e-05,0.8004868722395714,0.0,0.0,0.0,0.0,0.0,9.999000099990002e-05
2019-07-08,9.999999999998899e-05,0.8005669209267954,0.0,0.0,0.0,0.0,0.0,9.999000099990002e-05
2019-07-09,9.999999999998899e-05,0.800646977618888,0.0,0.0,0.0,0.0,0.0,9.999000099990003e-05
2019-07-10,-0.00339129765181434,0.7979317454037569,2.017789147045197,1.99501246882793,0.002493765586034913,0.00039907604282979505,0.0,9.999000099990002e-05
2019-07-11,-0.0009013843701245472,0.7972125022000237,2.025717928161047,0.0,0.0,0.0004009063926082831,1.197875977343061e-06,0.0
2019-07-12,9.97642563536072e-05,0.7972920355124615,2.027241783552996,0.0,0.0,0.00040272080756271724,1.7207942356571524e-06,0.0
2019-07-15,-0.0006495663273243801,0.7967741414531487,2.037957390566736,0.0,0.0,0.0004049641121941572,1.8642382488592289e-06,0.0
2019-07-16,-0.0006678459025641903,0.7962420191075101,2.0448058244789684,0.0,0.0,0.0004054611373213657,2.5910626481827072e-06,0.0
2019-07-17,5.154438577137377e-05,0.7962830609133105,2.0323365740755674,0.0,0.0,0.00040336487452482465,3.0522851596030096e-06,0.0
2019-07-18,5.512083661174394e-05,0.7963269527018078,2.0326497170290874,0.0,0.0,0.0004034074537164998,2.213843277365729e-06,0.0
2019-07-19,9.246215198754903e-05,0.7964005828055403,2.0041754650308157,0.0,0.0,0.0003975529407190136,2.267205644350985e-06,0.0
2019-07-22,-0.0006825275933528552,0.7958570174324132,2.0194043893482294,0.0,0.0,0.0004001955924820713,3.1318888642327565e-07,0.0
2019-07-23,0.00020880052066019061,0.7960231927920242,2.0340367990241517,0.0,0.0,0.0004041432856532616,1.3593166707307785e-06,0.0
2019-07-24,-0.0003247494229688952,0.7957646847194951,2.019868976887715,0.0,0.0,0.0004008883459308526,2.424452140933288e-06,0.0
2019-07-25,0.0012891949266409242,0.7967905805138356,2.0088708709168266,0.0,0.0,0.0003989009592490331,1.4390566336726283e-06,0.0
2019-07-26,-0.0026709028820491865,0.7946624302559515,0.0,2.171730752362999,0.0027146634404537494,0.0,7.876535648463756e-07,0.0
2019-07-29,-0.002000988053246777,0.7930723202266453,1.9973604239708886,1.99501246882793,0.0024937655860349127,0.000395312720803926,0.0,9.999000099990003e-05
2019-07-30,-3.220343139331838e-05,0.793046780576591,1.974795806466844,0.0,0.0,0.0003918435788359861,0.0,9.254213197798225e-08
2019-07-31,-0.0014576754734867414,0.7918907757352168,1.9629583027644324,0.0,0.0,0.0003892010919074359,0.0,1.2037001680113862e-06
2019-08-01,0.0006291473761950162,0.7923889917390037,1.9503715858110307,0.0,0.0,0.0003863558047662795,0.0,1.8450141845051466e-06
2019-08-02,-0.0007198578069886885,0.7918185843371285,1.9272020455735448,0.0,0.0,0.00038210981979915727,0.0,2.427741660487717e-06
2019-08-05,-0.000245355082373222,0.7916243076231438,1.8605456199318908,0.0,0.0,0.0003687040975550366,0.0,3.600400050348999e-06
2019-08-06,-0.001431971530284737,0.7904907241519461,1.8906407808248256,0.0,0.0,0.00037469551604710325,0.0,6.930300983289182e-06
2019-08-07,0.0002628598391598569,0.790698512416554,1.8973052987675096,0.0,0.0,0.0003762501003880663,0.0,5.474456027018384e-06
2019-08-08,-0.0008380444374833651,0.7900358719264969,1.9482622185000844,0.0,0.0,0.00038571727931435734,0.0,5.105702264617108e-06
2019-08-09,-0.000766528019306989,0.7894302872944077,1.9221966684364613,0.0,0.0,0.0003809845745640384,0.0,2.5863093646006296e-06
2019-08-12,-0.0012496816872571426,0.7884437507210097,1.9021734066770393,0.0,0.0,0.000377223303785499,0.0,3.910564490283618e-06
2019-08-13,-0.000668382937356049,0.7879167683709628,1.939736821513253,0.0,0.0,0.00038395623497872037,0.0,4.9429203686878745e-06
2019-08-14,6.458096760364462e-05,0.7879676527982554,1.886575743132874,0.0,0.0,0.0003744702061428922,0.0,3.0908404216943558e-06
2019-08-15,0.0013279629442717322,0.7890140446424563,1.890578099853991,0.0,0.0,0.0003739934263813409,0.0,5.704913210241949e-06
2019-08-16,-0.0007466993849100101,0.7884248883406364,1.9083718304551562,0.0,0.0,0.0003785783342486266,0.0,5.446587991622229e-06
2019-08-19,-9.280994790250574e-05,0.7883517146678245,1.942625266398388,0.0,0.0,0.0003852732566734188,0.0,4.5714910754692665e-06
2019-08-20,-0.0012933063664085642,0.7873321343762755,1.918651090806156,0.0,0.0,0.0003808597549520389,0.0,2.8492105642504155e-06
2019-08-21,-0.000800741261643978,0.7867016850496622,1.9336680385817961,0.0,0.0,0.0003829620471468646,0.0,4.083367458941523e-06
2019-08-22,0.0009679609226289632,0.7874631815385567,1.9303542031732905,0.0,0.0,0.0003834672850272443,0.0,3.3612854312433145e-06
2019-08-23,-8.779246187873291e-05,0.7873940482072105,1.8687578011505679,0.0,0.0,0.00037023988030307893,0.0,3.454605482961593e-06
2019-08-26,-0.002428188533820319,0.7854821070077553,0.0,1.87850815860433,0.0023481351982554124,0.0,0.0,6.524345912185219e-06
2019-08-27,9.999999999998899e-05,0.7855606552184561,0.0,0.0,0.0,0.0,0.0,9.999000099990002e-05
2019-08-28,9.999999999998899e-05,0.785639211283978,0.0,0.0,0.0,0.0,0.0,9.999000099990002e-05
2019-08-29,9.999999999998899e-05,0.7857177752051063,0.0,0.0,0.0,0.0,0.0,9.999000099990002e-05
2019-08-30,9.999999999998899e-05,0.7857963469826268,0.0,0.0,0.0,0.0,0.0,9.999000099990003e-05
2019-09-03,9.999999999998899e-05,0.785874926617325,0.0,0.0,0.0,0.0,0.0,9.99900009999e-05
2019-09-04,9.999999999998899e-05,0.7859535141099868,0.0,0.0,0.0,0.0,0.0,9.99900009999e-05
2019-09-05,9.999999999998899e-05,0.7860321094613978,0.0,0.0,0.0,0.0,0.0,9.999000099990003e-05
2019-09-06,9.999999999998899e-05,0.7861107126723439,0.0,0.0,0.0,0.0,0.0,9.999000099990002e-05
2019-09-09,9.999999999998899e-05,0.7861893237436112,0.0,0.0,0.0,0.0,0.0,9.999000099990002e-05
2019-09-10,9.999999999998899e-05,0.7862679426759855,0.0,0.0,0.0,0.0,0.0,9.999000099990002e-05
2019-09-11,9.999999999998899e-05,0.7863465694702532,0.0,0.0,0.0,0.0,0.0,9.99900009999e-05
2019-09-12,9.999999999998899e-05,0.7864252041272002,0.0,0.0,0.0,0.0,0.0,9.999000099990002e-05
2019-09-13,9.999999999998899e-05,0.7865038466476129,0.0,0.0,0.0,0.0,0.0,9.999000099990002e-05
2019-09-16,9.999999999998899e-05,0.7865824970322777,0.0,0.0,0.0,0.0,0.0,9.999000099990002e-05
2019-09-17,9.999999999998899e-05,0.7866611552819809,0.0,0.0,0.0,0.0,0.0,9.999000099990002e-05
2019-09-18,9.999999999998899e-05,0.7867398213975091,0.0,0.0,0.0,0.0,0.0,9.99900009999e-05
2019-09-19,9.999999999998899e-05,0.7868184953796489,0.0,0.0,0.0,0.0,0.0,9.999000099990002e-05
2019-09-20,9.999999999998899e-05,0.7868971772291868,0.0,0.0,0.0,0.0,0.0,9.999000099990002e-05
2019-09-23,9.999999999998899e-05,0.7869758669469098,0.0,0.0,0.0,0.0,0.0,9.99900009999e-05
2019-09-24,9.999999999998899e-05,0.7870545645336045,0.0,0.0,0.0,0.0,0.0,9.999000099990002e-05
2019-09-25,9.999999999998899e-05,0.7871332699900578,0.0,0.0,0.0,0.0,0.0,9.99900009999e-05
2019-09-26,9.999999999998899e-05,0.7872119833170569,0.0,0.0,0.0,0.0,0.0,9.99900009999e-05
2019-09-27,9.999999999998899e-05,0.7872907045153886,0.0,0.0,0.0,0.0,0.0,9.999000099990002e-05
2019-09-30,9.999999999998899e-05,0.7873694335858402,0.0,0.0,0.0,0.0,0.0,9.99900009999e-05
2019-10-01,9.999999999998899e-05,0.7874481705291988,0.0,0.0,0.0,0.0,0.0,9.999000099990002e-05
2019-10-02,9.999999999998899e-05,0.7875269153462517,0.0,0.0,0.0,0.0,0.0,9.999000099990002e-05
2019-10-03,9.999999999998899e-05,0.7876056680377864,0.0,0.0,0.0,0.0,0.0,9.999000099990002e-05
2019-10-04,9.999999999998899e-05,0.7876844286045902,0.0,0.0,0.0,0.0,0.0,9.999000099990002e-05
2019-10-07,9.999999999998899e-05,0.7877631970474507,0.0,0.0,0.0,0.0,0.0,9.999000099990002e-05
2019-10-08,9.999999999998899e-05,0.7878419733671554,0.0,0.0,0.0,0.0,0.0,9.999000099990002e-05
2019-10-09,9.999999999998899e-05,0.7879207575644922,0.0,0.0,0.0,0.0,0.0,9.999000099990002e-05
2019-10-10,9.999999999998899e-05,0.7879995496402487,0.0,0.0,0.0,0.0,0.0,9.999000099990002e-05
2019-10-11,9.999999999998899e-05,0.7880783495952127,0.0,0.0,0.0,0.0,0.0,9.99900009999e-05
2019-10-14,9.999999999998899e-05,0.7881571574301722,0.0,0.0,0.0,0.0,0.0,9.999000099990002e-05
2019-10-15,9.999999999998899e-05,0.7882359731459152,0.0,0.0,0.0,0.0,0.0,9.999000099990003e-05
2019-10-16,9.999999999998899e-05,0.7883147967432298,0.0,0.0,0.0,0.0,0.0,9.999000099990002e-05
2019-10-17,9.999999999998899e-05,0.7883936282229042,0.0,0.0,0.0,0.0,0.0,9.999000099990002e-05
2019-10-18,9.999999999998899e-05,0.7884724675857264,0.0,0.0,0.0,0.0,0.0,9.999000099990002e-05
2019-10-21,9.999999999998899e-05,0.788551314832485,0.0,0.0,0.0,0.0,0.0,9.999000099990002e-05
2019-10-22,9.999999999998899e-05,0.7886301699639682,0.0,0.0,0.0,0.0,0.0,9.999000099990002e-05
2019-10-23,9.999999999998899e-05,0.7887090329809646,0.0,0.0,0.0,0.0,0.0,9.999000099990002e-05
2019-10-24,9.999999999998899e-05,0.7887879038842627,0.0,0.0,0.0,0.0,0.0,9.999000099990002e-05
2019-10-25,9.999999999998899e-05,0.7888667826746512,0.0,0.0,0.0,0.0,0.0,9.99900009999e-05
2019-10-28,9.999999999998899e-05,0.7889456693529187,0.0,0.0,0.0,0.0,0.0,9.999000099990002e-05
2019-10-29,9.999999999998899e-05,0.789024563919854,0.0,0.0,0.0,0.0,0.0,9.99900009999e-05
2019-10-30,9.999999999998899e-05,0.789103466376246,0.0,0.0,0.0,0.0,0.0,9.999000099990002e-05
2019-10-31,9.999999999998899e-05,0.7891823767228836,0.0,0.0,0.0,0.0,0.0,9.999000099990002e-05
2019-11-01,9.999999999998899e-05,0.7892612949605559,0.0,0.0,0.0,0.0,0.0,9.999000099990002e-05
2019-11-04,9.999999999998899e-05,0.7893402210900519,0.0,0.0,0.0,0.0,0.0,9.999000099990002e-05
2019-11-05,9.999999999998899e-05,0.7894191551121609,0.0,0.0,0.0,0.0,0.0,9.999000099990002e-05
2019-11-06,9.999999999998899e-05,0.789498097027672,0.0,0.0,0.0,0.0,0.0,9.999000099990002e-05
2019-11-07,9.999999999998899e-05,0.7895770468373748,0.0,0.0,0.0,0.0,0.0,9.99900009999e-05
2019-11-08,9.999999999998899e-05,0.7896560045420585,0.0,0.0,0.0,0.0,0.0,9.999000099990003e-05
2019-11-11,9.999999999998899e-05,0.7897349701425127,0.0,0.0,0.0,0.0,0.0,9.999000099990003e-05
2019-11-12,9.999999999998899e-05,0.789813943639527,0.0,0.0,0.0,0.0,0.0,9.999000099990002e-05
2019-11-13,9.999999999998899e-05,0.7898929250338909,0.0,0.0,0.0,0.0,0.0,9.999000099990003e-05
2019-11-14,9.999999999998899e-05,0.7899719143263942,0.0,0.0,0.0,0.0,0.0,9.999000099990002e-05
2019-11-15,9.999999999998899e-05,0.7900509115178269,0.0,0.0,0.0,0.0,0.0,9.99900009999e-05
2019-11-18,9.999999999998899e-05,0.7901299166089787,0.0,0.0,0.0,0.0,0.0,9.99900009999e-05
2019-11-19,9.999999999998899e-05,0.7902089296006396,0.0,0.0,0.0,0.0,0.0,9.999000099990002e-05
2019-11-20,-0.003405334908085922,0.7875180035479893,1.9881462991639436,1.99501246882793,0.0024937655860349122,0.00039321346879684407,0.0,9.999000099990002e-05
2019-11-21,-0.0004091763276399263,0.7871957698233472,1.9863491128843866,0.0,0.0,0.0003943948301143886,0.0,6.241894219652465e-07
2019-11-22,-0.0007443714779354904,0.7866098037447392,1.9782924775751163,0.0,0.0,0.00039284473332918464,0.0,7.151211026352386e-07
2019-11-25,8.110552715900887e-05,0.7866736021475405,1.9959499123267996,0.0,0.0,0.000396533835240979,0.0,1.1359369525407797e-06
2019-11-26,-1.4138601473367984e-05,0.7866624796829901,2.0068431623542975,0.0,0.0,0.00039786834636917353,0.0,2.2798196313715595e-07
2019-11-27,-0.0006356064192976074,0.786162471961083,2.007026020091245,0.0,0.0,0.0003977443329949677,4.685396514452729e-07,0.0
2019-11-29,-0.00040555174839573827,0.7858436423960561,1.995549164418232,0.0,0.0,0.00039575406660499713,4.649621763531455e-07,0.0
2019-12-02,-0.0005402169748256469,0.7854191163208749,1.9734630118956775,0.0,0.0,0.0003907269020000382,0.0,2.4090768189516767e-07
2019-12-03,7.337400352414036e-06,0.7854248792553759,1.9820500858803303,0.0,0.0,0.0003932470420103558,0.0,1.35297319635397e-06
2019-12-04,-0.001205698508357389,0.7844778936500308,2.022337938346421,0.0,0.0,0.0004010707883861421,0.0,9.040626004082056e-07
2019-12-05,-7.40923655079273e-05,0.7844197698272016,2.0344495639751825,0.0,0.0,0.0004035645497951947,1.494257357524754e-06,0.0
2019-12-06,-0.00045338244666892624,0.7840641276727419,2.054475510034223,0.0,0.0,0.0004074279694125945,2.3630949359473786e-06,0.0
2019-12-09,9.44058699980932e-05,0.7841381479288492,2.0592946447776055,0.0,0.0,0.0004080167188738791,3.7536596545424265e-06,0.0
2019-12-10,-0.0013328557927292373,0.7830930048560822,2.06281032617901,0.0,0.0,0.00040926476784292027,4.134673346230848e-06,0.0
2019-12-11,0.0003540829972703552,0.7833702847743831,2.063400228114321,0.0,0.0,0.00040985107228042034,4.315281674527806e-06,0.0
2019-12-12,-0.0011895678715375668,0.7824384126520982,2.0731478008537088,0.0,0.0,0.0004116820643929641,4.414223224246997e-06,0.0
2019-12-13,0.00021338406724469294,0.7826053725429585,2.0695873839492607,0.0,0.0,0.0004102640163362401,5.027541101577827e-06,0.0
2019-12-16,-3.9933372839584536e-05,0.7825741204708304,2.0905377452074854,0.0,0.0,0.00041495741485012396,4.831499272801729e-06,0.0
2019-12-17,-0.002630481067934176,0.7805155740626767,0.0,2.093201525910321,0.0026165019073879016,0.0,6.319288494614427e-06,0.0
2019-12-18,9.999999999998899e-05,0.7805936256200829,0.0,0.0,0.0,0.0,0.0,9.999000099990002e-05
2019-12-19,9.999999999998899e-05,0.7806716849826449,0.0,0.0,0.0,0.0,0.0,9.999000099990002e-05
2019-12-20,9.999999999998899e-05,0.7807497521511432,0.0,0.0,0.0,0.0,0.0,9.999000099990002e-05
2019-12-23,9.999999999998899e-05,0.7808278271263582,0.0,0.0,0.0,0.0,0.0,9.999000099990003e-05
2019-12-24,9.999999999998899e-05,0.7809059099090708,0.0,0.0,0.0,0.0,0.0,9.999000099990002e-05
2019-12-26,9.999999999998899e-05,0.7809840005000618,0.0,0.0,0.0,0.0,0.0,9.99900009999e-05
2019-12-27,9.999999999998899e-05,0.7810620989001118,0.0,0.0,0.0,0.0,0.0,9.999000099990002e-05
2019-12-30,9.999999999998899e-05,0.7811402051100018,0.0,0.0,0.0,0.0,0.0,9.999000099990002e-05
2019-12-31,9.999999999998899e-05,0.7812183191305129,0.0,0.0,0.0,0.0,0.0,9.99900009999e-05
2020-01-02,9.999999999998899e-05,0.7812964409624259,0.0,0.0,0.0,0.0,0.0,9.999000099990003e-05
2020-01-03,9.999999999998899e-05,0.7813745706065222,0.0,0.0,0.0,0.0,0.0,9.999000099990002e-05
2020-01-06,9.999999999998899e-05,0.7814527080635828,0.0,0.0,0.0,0.0,0.0,9.999000099990003e-05
2020-01-07,9.999999999998899e-05,0.7815308533343892,0.0,0.0,0.0,0.0,0.0,9.999000099990002e-05
2020-01-08,9.999999999998899e-05,0.7816090064197226,0.0,0.0,0.0,0.0,0.0,9.99900009999e-05
2020-01-09,9.999999999998899e-05,0.7816871673203646,0.0,0.0,0.0,0.0,0.0,9.999000099990002e-05
2020-01-10,9.999999999998899e-05,0.7817653360370966,0.0,0.0,0.0,0.0,0.0,9.999000099990002e-05
2020-01-13,9.999999999998899e-05,0.7818435125707004,0.0,0.0,0.0,0.0,0.0,9.999000099990002e-05
2020-01-14,9.999999999998899e-05,0.7819216969219575,0.0,0.0,0.0,0.0,0.0,9.999000099990002e-05
2020-01-15,9.999999999998899e-05,0.7819998890916496,0.0,0.0,0.0,0.0,0.0,9.999000099990002e-05
2020-01-16,9.999999999998899e-05,0.7820780890805588,0.0,0.0,0.0,0.0,0.0,9.999000099990002e-05
2020-01-17,9.999999999998899e-05,0.7821562968894669,0.0,0.0,0.0,0.0,0.0,9.999000099990002e-05
2020-01-21,9.999999999998899e-05,0.7822345125191558,0.0,0.0,0.0,0.0,0.0,9.999000099990003e-05
2020-01-22,9.999999999998899e-05,0.7823127359704077,0.0,0.0,0.0,0.0,0.0,9.999000099990002e-05
2020-01-23,9.999999999998899e-05,0.7823909672440048,0.0,0.0,0.0,0.0,0.0,9.999000099990002e-05
2020-01-24,9.999999999998899e-05,0.7824692063407293,0.0,0.0,0.0,0.0,0.0,9.99900009999e-05
2020-01-27,9.999999999998899e-05,0.7825474532613633,0.0,0.0,0.0,0.0,0.0,9.999000099990002e-05
2020-01-28,9.999999999998899e-05,0.7826257080066895,0.0,0.0,0.0,0.0,0.0,9.999000099990002e-05
2020-01-29,9.999999999998899e-05,0.7827039705774902,0.0,0.0,0.0,0.0,0.0,9.999000099990002e-05
2020-01-30,9.999999999998899e-05,0.782782240974548,0.0,0.0,0.0,0.0,0.0,9.99900009999e-05
2020-01-31,9.999999999998899e-05,0.7828605191986454,0.0,0.0,0.0,0.0,0.0,9.999000099990002e-05
2020-02-03,9.999999999998899e-05,0.7829388052505653,0.0,0.0,0.0,0.0,0.0,9.999000099990002e-05
2020-02-04,9.999999999998899e-05,0.7830170991310903,0.0,0.0,0.0,0.0,0.0,9.999000099990002e-05
2020-02-05,9.999999999998899e-05,0.7830954008410034,0.0,0.0,0.0,0.0,0.0,9.999000099990002e-05
2020-02-06,9.999999999998899e-05,0.7831737103810875,0.0,0.0,0.0,0.0,0.0,9.99900009999e-05
2020-02-07,9.999999999998899e-05,0.7832520277521257,0.0,0.0,0.0,0.0,0.0,9.999000099990002e-05
2020-02-10,9.999999999998899e-05,0.7833303529549008,0.0,0.0,0.0,0.0,0.0,9.999000099990003e-05
2020-02-11,9.999999999998899e-05,0.7834086859901963,0.0,0.0,0.0,0.0,0.0,9.999000099990003e-05
2020-02-12,9.999999999998899e-05,0.7834870268587953,0.0,0.0,0.0,0.0,0.0,9.999000099990002e-05
2020-02-13,9.999999999998899e-05,0.7835653755614812,0.0,0.0,0.0,0.0,0.0,9.999000099990002e-05
2020-02-14,9.999999999998899e-05,0.7836437320990374,0.0,0.0,0.0,0.0,0.0,9.99900009999e-05
2020-02-18,9.999999999998899e-05,0.7837220964722472,0.0,0.0,0.0,0.0,0.0,9.999000099990003e-05
2020-02-19,9.999999999998899e-05,0.7838004686818945,0.0,0.0,0.0,0.0,0.0,9.999000099990002e-05
2020-02-20,9.999999999998899e-05,0.7838788487287627,0.0,0.0,0.0,0.0,0.0,9.999000099990002e-05
2020-02-21,9.999999999998899e-05,0.7839572366136356,0.0,0.0,0.0,0.0,0.0,9.999000099990002e-05
2020-02-24,9.999999999998899e-05,0.784035632337297,0.0,0.0,0.0,0.0,0.0,9.999000099990002e-05
2020-02-25,9.999999999998899e-05,0.7841140359005307,0.0,0.0,0.0,0.0,0.0,9.999000099990002e-05
2020-02-26,9.999999999998899e-05,0.7841924473041209,0.0,0.0,0.0,0.0,0.0,9.999000099990002e-05
2020-02-27,9.999999999998899e-05,0.7842708665488513,0.0,0.0,0.0,0.0,0.0,9.999000099990002e-05
2020-02-28,9.999999999998899e-05,0.7843492936355061,0.0,0.0,0.0,0.0,0.0,9.999000099990003e-05
2020-03-02,9.999999999998899e-05,0.7844277285648696,0.0,0.0,0.0,0.0,0.0,9.999000099990002e-05
2020-03-03,9.999999999998899e-05,0.7845061713377262,0.0,0.0,0.0,0.0,0.0,9.999000099990002e-05
2020-03-04,-0.00620726165627461,0.7796365362612707,2.044552406762059,1.99501246882793,0.0024937655860349127,0.0004037831848033214,0.0,9.999000099990002e-05
2020-03-05,7.353002498722283e-05,0.7796938629552629,1.9451997474619775,0.0,0.0,0.0003864955931587057,2.8714414796440893e-06,0.0
2020-03-06,0.0008083595812620192,0.780324135959834,1.914369063732905,0.0,0.0,0.0003812940053586492,0.0,2.8944494039897325e-06
2020-03-09,0.0017767101920804773,0.7817105458053202,1.791047465702304,0.0,0.0,0.0003553211041181113,0.0,4.363090056492731e-06
2020-03-10,-0.006600757329030538,0.7765506641909152,0.0,1.860190182790036,0.002325237728487545,0.0,0.0,1.0475141361967581e-05
2020-03-11,-0.0052719436426503785,0.772456732853638,1.948244281716447,1.9950124688279303,0.0024937655860349127,0.00038497463015872165,0.0,9.999000099990002e-05
2020-03-12,0.00047926252347085807,0.7728269424166976,1.7869154142933004,0.0,0.0,0.00035475498229968337,0.0,2.7108465070914336e-06
2020-03-13,-0.0019674448000241984,0.7713064480675212,1.9573334530258388,0.0,0.0,0.00038841895044102663,0.0,1.0742774052112457e-05
2020-03-16,-0.0051913840284889545,0.767302300091953,1.7438956972998112,0.0,0.0,0.0003461231470908203,0.0,2.2988093515548583e-06
2020-03-17,0.00744352613214283,0.7730137348139408,1.795631566029904,0.0,0.0,0.00035643976943026723,0.0,1.3118939209835122e-05
2020-03-18,-0.003466838057417987,0.7703338213791809,1.7617222777088235,0.0,0.0,0.00034760376837606507,0.0,1.0195005647769873e-05
2020-03-19,0.0012761497201057015,0.771316882669722,1.7908157351287588,0.0,0.0,0.0003559219742303035,0.0,1.2081614273056278e-05
2020-03-20,-0.0007652209433466339,0.7707266548371463,1.7226308682979115,0.0,0.0,0.00034231098395064814,0.0,1.0563394679171066e-05
2020-03-23,0.0009667858550344022,0.7714717824651408,1.6970249911527604,0.0,0.0,0.00033746842912324253,0.0,1.3993938673632554e-05
2020-03-24,-0.0018515424513054768,0.7700433697099223,1.8239908041365365,0.0,0.0,0.00036093077766232367,0.0,1.5166437318872359e-05
2020-03-25,0.0025124943629404317,0.7719780993355382,1.7709240634778047,0.0,0.0,0.00035146833598517866,0.0,8.90906958193253e-06
2020-03-26,0.0008306685670815828,0.7726193572771316,0.0,1.7834618152652557,0.0022293272690815697,0.0,0.0,1.1403081351603806e-05
2020-03-27,9.999999999998899e-05,0.7726966192128594,0.0,0.0,0.0,0.0,0.0,9.99900009999e-05
2020-03-30,9.999999999998899e-05,0.7727738888747806,0.0,0.0,0.0,0.0,0.0,9.999000099990002e-05
2020-03-31,9.999999999998899e-05,0.7728511662636681,0.0,0.0,0.0,0.0,0.0,9.99900009999e-05
2020-04-01,0.0,0.7728511662636681,0.0,0.0,0.0,0.0,0.0,0.0
2020-04-02,0.0,0.7728511662636681,0.0,0.0,0.0,0.0,0.0,0.0
2020-04-03,0.0,0.7728511662636681,0.0,0.0,0.0,0.0,0.0,0.0
2020-04-06,-0.0015992703072807979,0.7716151683415153,2.0854159204258833,1.99501246882793,0.0024937655860349127,0.000412851870935779,0.0,0.0
2020-04-07,-0.0006108723316259335,0.7711438099845126,2.085774435873731,0.0,0.0,0.00041341134575867633,1.7209118998419001e-06,0.0
2020-04-08,0.0002597263600390143,0.7713440963593464,2.1276683306025306,0.0,0.0,0.0004216727771717183,1.7230168973390284e-06,0.0
2020-04-09,-0.0018316183754892856,0.7699312883386294,2.132221816243197,0.0,0.0,0.0004231639815874413,2.5745802943184206e-06,0.0
2020-04-13,-0.002410111931411607,0.7680756677542374,2.146163984744032,0.0,0.0,0.00042617506736848296,2.6377661269833236e-06,0.0
2020-04-14,0.0025446739641932226,0.7700301699085019,2.2346144866532835,0.0,0.0,0.0004433834005653129,2.8629828620402377e-06,0.0
2020-04-15,-0.0015055865108801747,0.7688708228717169,2.225010165410036,0.0,0.0,0.00043888157830475875,4.662950568897021e-06,0.0
2020-04-16,-0.0012123046760235123,0.7679387171778915,2.228708091232613,0.0,0.0,0.00044243660136895847,4.478015133567004e-06,0.0
2020-04-17,0.0012093077294326182,0.7688673914043053,2.2625329378624786,0.0,0.0,0.00044803160701229166,4.517342036942722e-06,0.0
2020-04-20,-0.001583550159734326,0.7676498513238325,2.2356150935403614,0.0,0.0,0.0004416495970810158,5.219132673221537e-06,0.0
2020-04-21,0.0005081263885480247,0.768039914470455,2.146738205698471,0.0,0.0,0.00042554498264494976,4.67228312766089e-06,0.0
2020-04-22,-0.0008119507427246653,0.7674163038914585,2.2308646614599503,0.0,0.0,0.00044218965737549145,2.9322603712881032e-06,0.0
2020-04-23,-0.0007019839888304791,0.7668775899333593,2.255325466731701,0.0,0.0,0.00044747699093867317,4.597831088068222e-06,0.0
2020-04-24,0.001713987077786694,0.7681920082127492,2.25892176549375,0.0,0.0,0.0004488936891214242,5.0791839800973515e-06,0.0
2020-04-27,-0.003942029651874179,0.7651637725380418,0.0,2.2897601447978637,0.00286220018099733,0.0,5.194113958311382e-06,0.0
2020-04-28,0.0,0.7651637725380418,0.0,0.0,0.0,0.0,0.0,0.0
2020-04-29,0.0,0.7651637725380418,0.0,0.0,0.0,0.0,0.0,0.0
2020-04-30,0.0,0.7651637725380418,0.0,0.0,0.0,0.0,0.0,0.0
2020-05-01,0.0,0.7651637725380418,0.0,0.0,0.0,0.0,0.0,0.0
2020-05-04,0.0,0.7651637725380418,0.0,0.0,0.0,0.0,0.0,0.0
2020-05-05,0.0,0.7651637725380418,0.0,0.0,0.0,0.0,0.0,0.0
2020-05-06,0.0,0.7651637725380418,0.0,0.0,0.0,0.0,0.0,0.0
2020-05-07,0.0,0.7651637725380418,0.0,0.0,0.0,0.0,0.0,0.0
2020-05-08,0.0,0.7651637725380418,0.0,0.0,0.0,0.0,0.0,0.0
2020-05-11,0.0,0.7651637725380418,0.0,0.0,0.0,0.0,0.0,0.0
2020-05-12,0.0,0.7651637725380418,0.0,0.0,0.0,0.0,0.0,0.0
2020-05-13,0.0,0.7651637725380418,0.0,0.0,0.0,0.0,0.0,0.0
2020-05-14,0.0,0.7651637725380418,0.0,0.0,0.0,0.0,0.0,0.0
2020-05-15,0.0,0.7651637725380418,0.0,0.0,0.0,0.0,0.0,0.0
2020-05-18,0.0,0.7651637725380418,0.0,0.0,0.0,0.0,0.0,0.0
2020-05-19,0.0,0.7651637725380418,0.0,0.0,0.0,0.0,0.0,0.0
2020-05-20,0.0,0.7651637725380418,0.0,0.0,0.0,0.0,0.0,0.0
2020-05-21,0.0,0.7651637725380418,0.0,0.0,0.0,0.0,0.0,0.0
2020-05-22,0.00026288087407011496,0.7653649194593735,2.01091164542949,1.9950124688279303,0.002493765586034913,0.00039846927775846335,0.0,0.0
2020-05-26,-0.0014639899679153023,0.7642444328954906,2.0243626601234537,0.0,0.0,0.0004011500341522347,2.7942986898947626e-07,0.0
2020-05-27,0.0009605398100711593,0.764978520097912,2.0222314385582454,0.0,0.0,0.0004004799380517952,5.243424952276528e-07,0.0
2020-05-28,0.0002565024929199744,0.7651747389953473,2.019470634491876,0.0,0.0,0.00040020588880787967,5.09904517550314e-07,0.0
2020-05-29,-0.0025555231894548447,0.7632193172058596,2.044257445316706,0.0,0.0,0.00040475085350920943,4.685071506585955e-07,0.0
2020-06-01,0.0007082199312715698,0.7637598443382363,2.0458459271106553,0.0,0.0,0.0004063992456141759,9.188837445343606e-07,0.0
2020-06-02,-0.00040967658640833626,0.763446949812372,2.0572799019162975,0.0,0.0,0.00040782193880876873,9.716392611657349e-07,0.0
2020-06-03,-0.00026170121745805464,0.7632471548161415,2.0536051293598083,0.0,0.0,0.0004070971081888342,1.1986532082900094e-06,0.0
2020-06-04,4.47076329559426e-05,0.7632812777897936,2.018416265293209,0.0,0.0,0.0004007807553873098,1.130387303784937e-06,0.0
2020-06-05,3.7613002336733814e-05,0.7633099870902786,2.0554238598427945,0.0,0.0,0.0004071216452390771,4.3828933055339097e-07,0.0
2020-06-08,-0.00023805252294795132,0.7631282792220604,2.0675128441356354,0.0,0.0,0.000409972104748458,1.1833050552024282e-06,0.0
2020-06-09,0.003548779698171689,0.7658364533664643,2.0698841407186688,0.0,0.0,0.00041006199472227425,1.423025487669148e-06,0.0
2020-06-10,-0.006883106658010507,0.7605651193753504,0.0,2.087936012797975,0.0026099200159974694,0.0,1.556312920273602e-06,0.0
2020-06-11,0.0,0.7605651193753504,0.0,0.0,0.0,0.0,0.0,0.0
2020-06-12,0.0,0.7605651193753504,0.0,0.0,0.0,0.0,0.0,0.0
2020-06-15,0.0,0.7605651193753504,0.0,0.0,0.0,0.0,0.0,0.0
2020-06-16,0.0,0.7605651193753504,0.0,0.0,0.0,0.0,0.0,0.0
2020-06-17,0.0,0.7605651193753504,0.0,0.0,0.0,0.0,0.0,0.0
2020-06-18,0.0,0.7605651193753504,0.0,0.0,0.0,0.0,0.0,0.0
2020-06-19,0.0,0.7605651193753504,0.0,0.0,0.0,0.0,0.0,0.0
2020-06-22,0.0,0.7605651193753504,0.0,0.0,0.0,0.0,0.0,0.0
2020-06-23,0.0,0.7605651193753504,0.0,0.0,0.0,0.0,0.0,0.0
2020-06-24,0.0,0.7605651193753504,0.0,0.0,0.0,0.0,0.0,0.0
2020-06-25,0.0,0.7605651193753504,0.0,0.0,0.0,0.0,0.0,0.0
2020-06-26,0.0,0.7605651193753504,0.0,0.0,0.0,0.0,0.0,0.0
2020-06-29,0.0,0.7605651193753504,0.0,0.0,0.0,0.0,0.0,0.0
2020-06-30,0.0,0.7605651193753504,0.0,0.0,0.0,0.0,0.0,0.0
2020-07-01,0.0,0.7605651193753504,0.0,0.0,0.0,0.0,0.0,0.0
2020-07-02,0.0,0.7605651193753504,0.0,0.0,0.0,0.0,0.0,0.0
2020-07-06,-6.020474164392109e-05,0.7605193297488351,2.013382946511011,1.9950124688279303,0.002493765586034913,0.00039889469757319886,0.0,0.0
2020-07-07,-0.000964609314239806,0.7597857257196999,2.0017011293757565,0.0,0.0,0.0003969188849830275,3.2221521628101064e-07,0.0
2020-07-08,-0.0022801292349309277,0.7580533160742032,2.02279266347282,0.0,0.0,0.000400810500669347,7.881927594161272e-08,0.0
2020-07-09,-0.0003973926261230387,0.7577520712761873,2.0438687530534496,0.0,0.0,0.000404154393996393,4.586463173347431e-07,0.0
2020-07-10,0.006698141260277568,0.7628276016898631,2.0645330798198134,0.0,0.0,0.00041073415257749236,8.779598115683017e-07,0.0
2020-07-13,-0.004352371018873646,0.7595074929438712,0.0,2.081041685674224,0.0026013021070927797,0.0,1.4308771550888236e-06,0.0
2020-07-14,0.0,0.7595074929438712,0.0,0.0,0.0,0.0,0.0,0.0
2020-07-15,0.0,0.7595074929438712,0.0,0.0,0.0,0.0,0.0,0.0
2020-07-16,0.0,0.7595074929438712,0.0,0.0,0.0,0.0,0.0,0.0
2020-07-17,0.0,0.7595074929438712,0.0,0.0,0.0,0.0,0.0,0.0
2020-07-20,0.0,0.7595074929438712,0.0,0.0,0.0,0.0,0.0,0.0
2020-07-21,0.0,0.7595074929438712,0.0,0.0,0.0,0.0,0.0,0.0
2020-07-22,0.0,0.7595074929438712,0.0,0.0,0.0,0.0,0.0,0.0
2020-07-23,0.0,0.7595074929438712,0.0,0.0,0.0,0.0,0.0,0.0
2020-07-24,0.0,0.7595074929438712,0.0,0.0,0.0,0.0,0.0,0.0
2020-07-27,0.0,0.7595074929438712,0.0,0.0,0.0,0.0,0.0,0.0
2020-07-28,0.0,0.7595074929438712,0.0,0.0,0.0,0.0,0.0,0.0
2020-07-29,0.0,0.7595074929438712,0.0,0.0,0.0,0.0,0.0,0.0
2020-07-30,0.0,0.7595074929438712,0.0,0.0,0.0,0.0,0.0,0.0
2020-07-31,-0.011438248855930144,0.7508200572316356,1.9971786679151726,1.9950124688279303,0.002493765586034913,0.0003934296616884942,0.0,0.0
2020-08-03,-0.0026042998169905074,0.7488646966939945,1.9931659255143657,0.0,0.0,0.0003964308187885366,0.0,0.0
2020-08-04,-0.0003747737687479491,0.7485840418493321,1.981143025405004,0.0,0.0,0.0003955847463765912,0.0,0.0
2020-08-05,0.001499316078778623,0.7497064059395939,1.9878868328124295,0.0,0.0,0.0003965827337922599,0.0,0.0
2020-08-06,-7.216286951539086e-05,0.7496523049740472,2.0232757901719047,0.0,0.0,0.0004028303498071152,0.0,0.0
2020-08-07,0.0002727035203953232,0.749856737796686,2.0145175020266515,0.0,0.0,0.0004025320986285164,2.914170714721719e-07,0.0
2020-08-10,0.001725738924441611,0.7511507947568565,2.0110815470696064,0.0,0.0,0.00040078812071984077,1.302146162166728e-07,0.0
2020-08-11,-0.003060950649418248,0.7488515592438345,0.0,2.0078381723134746,0.0025097977153918432,0.0,1.045212196428736e-07,0.0
2020-08-12,0.0,0.7488515592438345,0.0,0.0,0.0,0.0,0.0,0.0
2020-08-13,0.0,0.7488515592438345,0.0,0.0,0.0,0.0,0.0,0.0
2020-08-14,0.0,0.7488515592438345,0.0,0.0,0.0,0.0,0.0,0.0
2020-08-17,0.0,0.7488515592438345,0.0,0.0,0.0,0.0,0.0,0.0
2020-08-18,0.0,0.7488515592438345,0.0,0.0,0.0,0.0,0.0,0.0
2020-08-19,0.0,0.7488515592438345,0.0,0.0,0.0,0.0,0.0,0.0
2020-08-20,0.0,0.7488515592438345,0.0,0.0,0.0,0.0,0.0,0.0
2020-08-21,0.0,0.7488515592438345,0.0,0.0,0.0,0.0,0.0,0.0
2020-08-24,0.0,0.7488515592438345,0.0,0.0,0.0,0.0,0.0,0.0
2020-08-25,0.0,0.7488515592438345,0.0,0.0,0.0,0.0,0.0,0.0
2020-08-26,0.0,0.7488515592438345,0.0,0.0,0.0,0.0,0.0,0.0
2020-08-27,0.0,0.7488515592438345,0.0,0.0,0.0,0.0,0.0,0.0
2020-08-28,0.0,0.7488515592438345,0.0,0.0,0.0,0.0,0.0,0.0
2020-08-31,0.0,0.7488515592438345,0.0,0.0,0.0,0.0,0.0,0.0
2020-09-01,0.0,0.7488515592438345,0.0,0.0,0.0,0.0,0.0,0.0
2020-09-02,0.0,0.7488515592438345,0.0,0.0,0.0,0.0,0.0,0.0
2020-09-03,0.0,0.7488515592438345,0.0,0.0,0.0,0.0,0.0,0.0
2020-09-04,0.0002913515580531545,0.7490697383123707,1.9568125409746895,1.9950124688279303,0.0024937655860349127,0.0003877400405104607,0.0,0.0
2020-09-08,-7.066161649005309e-05,0.7490168078337978,1.8852320292736442,0.0,0.0,0.0003731580002689025,0.0,0.0
2020-09-09,-0.0008188798394158647,0.7484034530704791,1.9165339456636197,0.0,0.0,0.00037925792600794933,0.0,0.0
2020-09-10,0.0018135610462752805,0.7497607284198656,1.8846518705011501,0.0,0.0,0.0003737415082555568,0.0,0.0
2020-09-11,0.0001895119996158101,0.7499028170747418,1.8709946150807835,0.0,0.0,0.00037057638649134664,0.0,0.0
2020-09-14,-0.003777007502256957,0.7470704285086869,1.8728949961932273,0.0,0.0,0.0003702426359519554,0.0,0.0
2020-09-15,0.002319533808647689,0.7488032836250538,1.8984702303676693,0.0,0.0,0.00037596452606110495,0.0,0.0
2020-09-16,-0.002033920017565749,0.7472802776372698,1.875391284662658,0.0,0.0,0.000372195327477709,0.0,0.0
2020-09-17,-0.000314745465148647,0.7470450745586884,1.8447962882766873,0.0,0.0,0.00036559712313255196,0.0,0.0
2020-09-18,-0.000818994753405522,0.7464332485620674,1.8020520310649815,0.0,0.0,0.00035692876607733325,0.0,0.0
2020-09-21,0.004382817934037497,0.7497047295904271,1.7635297955147011,0.0,0.0,0.00034984752601833097,0.0,0.0
2020-09-22,-0.0013505180533575079,0.7486922398184277,0.0,1.786059669099817,0.0022325745863747714,0.0,0.0,0.0
2020-09-23,0.0,0.7486922398184277,0.0,0.0,0.0,0.0,0.0,0.0
2020-09-24,0.0,0.7486922398184277,0.0,0.0,0.0,0.0,0.0,0.0
2020-09-25,0.0,0.7486922398184277,0.0,0.0,0.0,0.0,0.0,0.0
2020-09-28,0.0,0.7486922398184277,0.0,0.0,0.0,0.0,0.0,0.0
2020-09-29,0.0,0.7486922398184277,0.0,0.0,0.0,0.0,0.0,0.0
2020-09-30,0.0,0.7486922398184277,0.0,0.0,0.0,0.0,0.0,0.0
2020-10-01,0.0,0.7486922398184277,0.0,0.0,0.0,0.0,0.0,0.0
2020-10-02,0.0,0.7486922398184277,0.0,0.0,0.0,0.0,0.0,0.0
2020-10-05,0.0,0.7486922398184277,0.0,0.0,0.0,0.0,0.0,0.0
2020-10-06,0.0,0.7486922398184277,0.0,0.0,0.0,0.0,0.0,0.0
2020-10-07,0.0,0.7486922398184277,0.0,0.0,0.0,0.0,0.0,0.0
2020-10-08,0.0,0.7486922398184277,0.0,0.0,0.0,0.0,0.0,0.0
2020-10-09,0.0,0.7486922398184277,0.0,0.0,0.0,0.0,0.0,0.0
2020-10-12,0.0,0.7486922398184277,0.0,0.0,0.0,0.0,0.0,0.0
2020-10-13,0.0,0.7486922398184277,0.0,0.0,0.0,0.0,0.0,0.0
2020-10-14,0.0,0.7486922398184277,0.0,0.0,0.0,0.0,0.0,0.0
2020-10-15,0.0,0.7486922398184277,0.0,0.0,0.0,0.0,0.0,0.0
2020-10-16,0.0,0.7486922398184277,0.0,0.0,0.0,0.0,0.0,0.0
2020-10-19,0.0,0.7486922398184277,0.0,0.0,0.0,0.0,0.0,0.0
2020-10-20,0.0,0.7486922398184277,0.0,0.0,0.0,0.0,0.0,0.0
2020-10-21,0.0,0.7486922398184277,0.0,0.0,0.0,0.0,0.0,0.0
2020-10-22,0.0,0.7486922398184277,0.0,0.0,0.0,0.0,0.0,0.0
2020-10-23,0.0,0.7486922398184277,0.0,0.0,0.0,0.0,0.0,0.0
2020-10-26,0.0,0.7486922398184277,0.0,0.0,0.0,0.0,0.0,0.0
2020-10-27,0.0,0.7486922398184277,0.0,0.0,0.0,0.0,0.0,0.0
2020-10-28,0.0,0.7486922398184277,0.0,0.0,0.0,0.0,0.0,0.0
2020-10-29,0.0,0.7486922398184277,0.0,0.0,0.0,0.0,0.0,0.0
2020-10-30,0.0,0.7486922398184277,0.0,0.0,0.0,0.0,0.0,0.0
2020-11-02,0.0,0.7486922398184277,0.0,0.0,0.0,0.0,0.0,0.0
2020-11-03,0.0,0.7486922398184277,0.0,0.0,0.0,0.0,0.0,0.0
2020-11-04,0.0,0.7486922398184277,0.0,0.0,0.0,0.0,0.0,0.0
2020-11-05,0.0,0.7486922398184277,0.0,0.0,0.0,0.0,0.0,0.0
2020-11-06,0.0,0.7486922398184277,0.0,0.0,0.0,0.0,0.0,0.0
2020-11-09,0.0,0.7486922398184277,0.0,0.0,0.0,0.0,0.0,0.0
2020-11-10,0.0,0.7486922398184277,0.0,0.0,0.0,0.0,0.0,0.0
2020-11-11,0.0,0.7486922398184277,0.0,0.0,0.0,0.0,0.0,0.0
2020-11-12,0.0,0.7486922398184277,0.0,0.0,0.0,0.0,0.0,0.0
2020-11-13,0.0,0.7486922398184277,0.0,0.0,0.0,0.0,0.0,0.0
2020-11-16,0.0,0.7486922398184277,0.0,0.0,0.0,0.0,0.0,0.0
2020-11-17,0.0,0.7486922398184277,0.0,0.0,0.0,0.0,0.0,0.0
2020-11-18,0.0,0.7486922398184277,0.0,0.0,0.0,0.0,0.0,0.0
2020-11-19,0.0,0.7486922398184277,0.0,0.0,0.0,0.0,0.0,0.0
2020-11-20,0.0,0.7486922398184277,0.0,0.0,0.0,0.0,0.0,0.0
2020-11-23,0.0,0.7486922398184277,0.0,0.0,0.0,0.0,0.0,0.0
2020-11-24,0.0,0.7486922398184277,0.0,0.0,0.0,0.0,0.0,0.0
2020-11-25,0.0,0.7486922398184277,0.0,0.0,0.0,0.0,0.0,0.0
2020-11-27,0.0,0.7486922398184277,0.0,0.0,0.0,0.0,0.0,0.0
2020-11-30,0.0,0.7486922398184277,0.0,0.0,0.0,0.0,0.0,0.0
2020-12-01,0.0,0.7486922398184277,0.0,0.0,0.0,0.0,0.0,0.0
2020-12-02,0.0,0.7486922398184277,0.0,0.0,0.0,0.0,0.0,0.0
2020-12-03,0.0,0.7486922398184277,0.0,0.0,0.0,0.0,0.0,0.0
2020-12-04,0.0,0.7486922398184277,0.0,0.0,0.0,0.0,0.0,0.0
2020-12-07,0.0,0.7486922398184277,0.0,0.0,0.0,0.0,0.0,0.0
2020-12-08,0.0,0.7486922398184277,0.0,0.0,0.0,0.0,0.0,0.0
2020-12-09,0.0,0.7486922398184277,0.0,0.0,0.0,0.0,0.0,0.0
2020-12-10,0.0,0.7486922398184277,0.0,0.0,0.0,0.0,0.0,0.0
2020-12-11,0.0,0.7486922398184277,0.0,0.0,0.0,0.0,0.0,0.0
2020-12-14,0.0,0.7486922398184277,0.0,0.0,0.0,0.0,0.0,0.0
2020-12-15,0.0,0.7486922398184277,0.0,0.0,0.0,0.0,0.0,0.0
2020-12-16,0.0,0.7486922398184277,0.0,0.0,0.0,0.0,0.0,0.0
2020-12-17,0.0,0.7486922398184277,0.0,0.0,0.0,0.0,0.0,0.0
2020-12-18,0.0,0.7486922398184277,0.0,0.0,0.0,0.0,0.0,0.0
2020-12-21,0.0,0.7486922398184277,0.0,0.0,0.0,0.0,0.0,0.0
2020-12-22,0.0,0.7486922398184277,0.0,0.0,0.0,0.0,0.0,0.0
2020-12-23,0.0,0.7486922398184277,0.0,0.0,0.0,0.0,0.0,0.0
2020-12-24,0.0,0.7486922398184277,0.0,0.0,0.0,0.0,0.0,0.0
2020-12-28,0.0,0.7486922398184277,0.0,0.0,0.0,0.0,0.0,0.0
2020-12-29,0.0,0.7486922398184277,0.0,0.0,0.0,0.0,0.0,0.0
2020-12-30,0.0,0.7486922398184277,0.0,0.0,0.0,0.0,0.0,0.0
2020-12-31,0.0,0.7486922398184277,0.0,0.0,0.0,0.0,0.0,0.0
2021-01-04,0.0,0.7486922398184277,0.0,0.0,0.0,0.0,0.0,0.0
2021-01-05,0.0,0.7486922398184277,0.0,0.0,0.0,0.0,0.0,0.0
2021-01-06,0.0,0.7486922398184277,0.0,0.0,0.0,0.0,0.0,0.0
2021-01-07,0.0,0.7486922398184277,0.0,0.0,0.0,0.0,0.0,0.0
2021-01-08,0.0,0.7486922398184277,0.0,0.0,0.0,0.0,0.0,0.0
2021-01-11,0.0,0.7486922398184277,0.0,0.0,0.0,0.0,0.0,0.0
2021-01-12,0.0,0.7486922398184277,0.0,0.0,0.0,0.0,0.0,0.0
2021-01-13,0.0,0.7486922398184277,0.0,0.0,0.0,0.0,0.0,0.0
2021-01-14,0.0,0.7486922398184277,0.0,0.0,0.0,0.0,0.0,0.0
2021-01-15,0.0,0.7486922398184277,0.0,0.0,0.0,0.0,0.0,0.0
2021-01-19,0.0,0.7486922398184277,0.0,0.0,0.0,0.0,0.0,0.0
2021-01-20,0.0,0.7486922398184277,0.0,0.0,0.0,0.0,0.0,0.0
2021-01-21,0.0,0.7486922398184277,0.0,0.0,0.0,0.0,0.0,0.0
2021-01-22,0.0,0.7486922398184277,0.0,0.0,0.0,0.0,0.0,0.0
2021-01-25,0.0,0.7486922398184277,0.0,0.0,0.0,0.0,0.0,0.0
2021-01-26,0.0,0.7486922398184277,0.0,0.0,0.0,0.0,0.0,0.0
2021-01-27,0.0,0.7486922398184277,0.0,0.0,0.0,0.0,0.0,0.0
2021-01-28,0.0,0.7486922398184277,0.0,0.0,0.0,0.0,0.0,0.0
2021-01-29,0.0,0.7486922398184277,0.0,0.0,0.0,0.0,0.0,0.0
2021-02-01,0.0,0.7486922398184277,0.0,0.0,0.0,0.0,0.0,0.0
2021-02-02,0.0,0.7486922398184277,0.0,0.0,0.0,0.0,0.0,0.0
2021-02-03,0.0,0.7486922398184277,0.0,0.0,0.0,0.0,0.0,0.0
2021-02-04,0.0,0.7486922398184277,0.0,0.0,0.0,0.0,0.0,0.0
2021-02-05,0.0,0.7486922398184277,0.0,0.0,0.0,0.0,0.0,0.0
2021-02-08,0.0,0.7486922398184277,0.0,0.0,0.0,0.0,0.0,0.0
2021-02-09,0.0,0.7486922398184277,0.0,0.0,0.0,0.0,0.0,0.0
2021-02-10,0.0,0.7486922398184277,0.0,0.0,0.0,0.0,0.0,0.0
2021-02-11,0.0,0.7486922398184277,0.0,0.0,0.0,0.0,0.0,0.0
2021-02-12,0.0,0.7486922398184277,0.0,0.0,0.0,0.0,0.0,0.0
2021-02-16,0.0,0.7486922398184277,0.0,0.0,0.0,0.0,0.0,0.0
2021-02-17,0.0,0.7486922398184277,0.0,0.0,0.0,0.0,0.0,0.0
2021-02-18,0.0,0.7486922398184277,0.0,0.0,0.0,0.0,0.0,0.0
2021-02-19,0.0,0.7486922398184277,0.0,0.0,0.0,0.0,0.0,0.0
2021-02-22,0.0,0.7486922398184277,0.0,0.0,0.0,0.0,0.0,0.0
2021-02-23,0.0,0.7486922398184277,0.0,0.0,0.0,0.0,0.0,0.0
2021-02-24,0.0,0.7486922398184277,0.0,0.0,0.0,0.0,0.0,0.0
2021-02-25,0.0,0.7486922398184277,0.0,0.0,0.0,0.0,0.0,0.0
2021-02-26,-0.00019268147794648804,0.7485479806911324,1.98479898795552,1.99501246882793,0.0024937655860349122,0.0003931988632900229,0.0,0.0
2021-03-01,0.0013422441803907503,0.7495527148619583,2.027271479683091,0.0,0.0,0.00040059058917090833,0.0,0.0
2021-03-02,-0.00018865108396082242,0.7494113109298138,2.0223552490067713,0.0,0.0,0.0004001762703664172,6.289197408421305e-07,0.0
2021-03-03,-0.002567526376256457,0.7474871776223366,1.9775022742411792,0.0,0.0,0.00039163070799514815,5.367920220264129e-07,0.0
2021-03-04,-0.0002167545128819448,0.7473251564032656,1.9999242757173874,0.0,0.0,0.0003948823272054637,0.0,0.0
2021-03-05,0.0017024056015502165,0.7485974069357059,2.056480212796255,0.0,0.0,0.0004070930192996897,5.1116745760001875e-08,0.0
2021-03-08,-0.0033637288418075784,0.7460793282470939,1.9780658597615053,0.0,0.0,0.00039189209227933155,1.2184533139655288e-06,0.0
2021-03-09,0.001878713727701431,0.7474809977230259,2.0044312394083357,0.0,0.0,0.00039825714072599456,0.0,0.0
2021-03-10,-0.0035852891056638025,0.7448010622451988,2.010723150071833,0.0,0.0,0.00039692517202852485,1.6832766874100034e-07,0.0
2021-03-11,0.0021627890272559736,0.7464119098101114,2.0672517680480174,0.0,0.0,0.0004097257282006583,2.2979776896866316e-07,0.0
2021-03-12,0.00047675594230645046,0.7467677661235217,2.015591639604735,0.0,0.0,0.00039820456303760383,1.3989896703842547e-06,0.0
2021-03-15,-0.0004420100802320359,0.7464376872433027,2.0209012881964923,0.0,0.0,0.0004010130413368021,3.960899107073828e-07,0.0
2021-03-16,0.0014087111065039792,0.7474892023036355,2.0452364361113315,0.0,0.0,0.0004053285992295012,4.99801023911603e-07,0.0
2021-03-17,-0.0020927378079660386,0.7459249033889283,0.0,2.0287107334220633,0.002535888416777579,0.0,1.0178151015545839e-06,0.0
2021-03-18,0.0,0.7459249033889283,0.0,0.0,0.0,0.0,0.0,0.0
2021-03-19,0.0,0.7459249033889283,0.0,0.0,0.0,0.0,0.0,0.0
2021-03-22,0.00020420694949829787,0.7460772264380041,1.9945227679593673,1.99501246882793,0.0024937655860349127,0.00039520573117119296,0.0,0.0
2021-03-23,-0.004355545469611033,0.7428276531544121,0.0,2.0091950210783214,0.002511493776347902,0.0,0.0,0.0
2021-03-24,0.0,0.7428276531544121,0.0,0.0,0.0,0.0,0.0,0.0
2021-03-25,0.0,0.7428276531544121,0.0,0.0,0.0,0.0,0.0,0.0
2021-03-26,0.0,0.7428276531544121,0.0,0.0,0.0,0.0,0.0,0.0
2021-03-29,0.0,0.7428276531544121,0.0,0.0,0.0,0.0,0.0,0.0
2021-03-30,0.0,0.7428276531544121,0.0,0.0,0.0,0.0,0.0,0.0
2021-03-31,0.0,0.7428276531544121,0.0,0.0,0.0,0.0,0.0,0.0
2021-04-01,0.0,0.7428276531544121,0.0,0.0,0.0,0.0,0.0,0.0
2021-04-05,0.0,0.7428276531544121,0.0,0.0,0.0,0.0,0.0,0.0
2021-04-06,0.0,0.7428276531544121,0.0,0.0,0.0,0.0,0.0,0.0
2021-04-07,0.0,0.7428276531544121,0.0,0.0,0.0,0.0,0.0,0.0
2021-04-08,0.0,0.7428276531544121,0.0,0.0,0.0,0.0,0.0,0.0
2021-04-09,0.0,0.7428276531544121,0.0,0.0,0.0,0.0,0.0,0.0
2021-04-12,0.0,0.7428276531544121,0.0,0.0,0.0,0.0,0.0,0.0
2021-04-13,0.0,0.7428276531544121,0.0,0.0,0.0,0.0,0.0,0.0
2021-04-14,0.0,0.7428276531544121,0.0,0.0,0.0,0.0,0.0,0.0
2021-04-15,0.0,0.7428276531544121,0.0,0.0,0.0,0.0,0.0,0.0
2021-04-16,0.0,0.7428276531544121,0.0,0.0,0.0,0.0,0.0,0.0
2021-04-19,0.0,0.7428276531544121,0.0,0.0,0.0,0.0,0.0,0.0
2021-04-20,0.0,0.7428276531544121,0.0,0.0,0.0,0.0,0.0,0.0
2021-04-21,0.0,0.7428276531544121,0.0,0.0,0.0,0.0,0.0,0.0
2021-04-22,0.0,0.7428276531544121,0.0,0.0,0.0,0.0,0.0,0.0
2021-04-23,0.0,0.7428276531544121,0.0,0.0,0.0,0.0,0.0,0.0
2021-04-26,0.0,0.7428276531544121,0.0,0.0,0.0,0.0,0.0,0.0
2021-04-27,0.0,0.7428276531544121,0.0,0.0,0.0,0.0,0.0,0.0
2021-04-28,0.0,0.7428276531544121,0.0,0.0,0.0,0.0,0.0,0.0
2021-04-29,-0.009513855757099399,0.7357604980099164,2.023835521648786,1.9950124688279303,0.0024937655860349122,0.0003990480326504245,0.0,0.0
2021-04-30,-0.008688207725402797,0.7293680579670604,2.0165467743481837,0.0,0.0,0.00039952955903114806,3.402326887106541e-07,0.0
2021-05-03,0.0014699526086383585,0.7304401944465266,2.002870886227837,0.0,0.0,0.0003974370722477911,2.839753123538242e-08,0.0
2021-05-04,0.001437560822480366,0.7314902466532279,1.9674297742866182,0.0,0.0,0.00039390574643426575,0.0,0.0
2021-05-05,0.0019268063421775672,0.7328996866997204,1.9680504144099709,0.0,0.0,0.00039174581525225507,0.0,0.0
2021-05-06,-0.001164194804044505,0.7320464486925787,1.9902450977129922,0.0,0.0,0.0003967759915236884,0.0,0.0
2021-05-07,-0.0015047992389465303,0.7309448657537126,2.0067234103258174,0.0,0.0,0.00039836663545961715,0.0,0.0
2021-05-10,-0.0019390681302375867,0.7295275138595688,1.9610068593400902,0.0,0.0,0.0003908430221979766,0.0,0.0
2021-05-11,0.0042567709192862235,0.7326329453653854,1.9297082678840847,0.0,0.0,0.0003859558546318241,0.0,0.0
2021-05-12,-0.0006859262457999948,0.7321304131996215,1.872202961143797,0.0,0.0,0.0003723926927997502,0.0,0.0
2021-05-13,0.0022073403747320253,0.7337464742202462,1.8898383416162978,0.0,0.0,0.0003762530787571487,0.0,0.0
2021-05-14,-0.0022345997452641875,0.7321068445358652,1.9377267266499378,0.0,0.0,0.0003850945075351681,0.0,0.0
2021-05-17,0.001873688371447857,0.7334785846171294,1.9407597970447554,0.0,0.0,0.00038813588483410866,0.0,0.0
2021-05-18,-0.004031047069489424,0.7305218979180753,1.9298194579398331,0.0,0.0,0.0003834147931340891,0.0,0.0
2021-05-19,0.0012260997382840255,0.7314175906259235,1.9335040841283015,0.0,0.0,0.0003847747461066218,0.0,0.0
2021-05-20,-0.005275462940267928,0.7275590242327163,1.9788891024767543,0.0,0.0,0.00039290776937744035,0.0,0.0
2021-05-21,-0.0012144126974311664,0.7266754673155575,1.97117425089088,0.0,0.0,0.00039309732880324973,0.0,0.0
2021-05-24,0.002105156255296947,0.7282052327211478,2.021521694140424,0.0,0.0,0.0004041833264380145,0.0,0.0
2021-05-25,-0.0006376634853889618,0.7277408828343723,2.0246051828072082,0.0,0.0,0.0004039609153592359,2.1967865067033197e-07,0.0
2021-05-26,-0.0033085390425620087,0.7253331237106463,2.0491496127641247,0.0,0.0,0.0004079452236737393,2.7588213206957604e-07,0.0
2021-05-27,0.00520407984499216,0.729107815200654,2.0179630842822474,0.0,0.0,0.0004031444492568414,7.028129454584366e-07,0.0
2021-05-28,-0.006699247929352836,0.7242233411793961,2.0329177805671126,0.0,0.0,0.0004047884165529068,1.9839129994371696e-07,0.0
2021-06-01,0.0022623669957708703,0.7258618001640473,2.046453532528658,0.0,0.0,0.0004080205030428038,3.6651436245959056e-07,0.0
2021-06-02,-0.001319497211925258,0.7249040275424878,2.0410092178763817,0.0,0.0,0.00040649100026549534,6.890173693196451e-07,0.0
2021-06-03,-0.0031800962934211974,0.7225987629314139,2.030552837200565,0.0,0.0,0.0004044582012868221,5.630314608897533e-07,0.0
2021-06-04,-0.0007349969835918069,0.7220676550203121,2.0718732317094823,0.0,0.0,0.00041321336630700155,2.9930814864169464e-07,0.0
2021-06-07,-0.0027689463133387937,0.7200682884489624,2.0875039450130903,0.0,0.0,0.0004172992856348892,1.1148378346591364e-06,0.0
2021-06-08,-0.009239848119433347,0.7134149668280737,2.1125159225432455,0.0,0.0,0.0004213557518207151,1.3779152862987582e-06,0.0
2021-06-09,1.7884914855992307e-05,0.7134277261940124,2.120292191890542,0.0,0.0,0.0004266704092890603,1.6944605363796406e-06,0.0
2021-06-10,-0.0016267740277982057,0.7122671404983288,2.1486206089134727,0.0,0.0,0.0004318523884620232,1.8579280551729701e-06,0.0
2021-06-11,-0.002005130411799727,0.71083895199359,0.0,2.15070030360434,0.0026883753795054247,0.0,2.390854326941633e-06,0.0
2021-06-14,-0.0014806315506015189,0.7097864614138718,2.010234664791011,1.99501246882793,0.0024937655860349127,0.00039798554133838027,0.0,0.0
2021-06-15,-0.006290033156828856,0.7053218810373103,2.0119259362316857,0.0,0.0,0.00039809281753794225,2.3141292008655547e-07,0.0
2021-06-16,-0.003055671109453706,0.703166649342559,2.01002753010023,0.0,0.0,0.0003991995288293449,1.4726079123225288e-07,0.0
2021-06-17,0.0022365596944695643,0.7047393235289738,2.0189755993321596,0.0,0.0,0.0004020788009492156,5.633942868987637e-08,0.0
2021-06-18,-0.007472306564270226,0.6994732952556689,2.0140861412975384,0.0,0.0,0.000398056809333079,2.858538086898672e-07,0.0
2021-06-21,0.006619135088103301,0.7041032034874869,2.022044113413632,0.0,0.0,0.0004040324605005527,4.731240896636703e-08,0.0
2021-06-22,-0.0004780487700523084,0.7037666078170698,2.031668034730327,0.0,0.0,0.0004040448498463851,3.454355767857978e-07,0.0
2021-06-23,0.0022244140405174306,0.7053320761407453,2.021172909258158,0.0,0.0,0.00040167474894495356,5.33835979980078e-07,0.0
2021-06-24,-0.003884709286137711,0.7025920660747506,2.038739664439158,0.0,0.0,0.00040404479104935465,3.786952064845858e-07,0.0
2021-06-25,0.001969967599557476,0.7039761496806239,2.032501496478969,0.0,0.0,0.0004053303013973689,6.587725523669344e-07,0.0
2021-06-28,0.0012303975953500412,0.7048423202423748,2.0288264897179618,0.0,0.0,0.0004028015328022667,5.80446215713904e-07,0.0
2021-06-29,0.0038316574710342,0.7075430345846325,2.012523409047604,0.0,0.0,0.0003997171220170753,5.399848319182841e-07,0.0
2021-06-30,0.003697027579233847,0.7101588406969868,1.9980264910696597,0.0,0.0,0.00039631576062297764,3.0090530928757705e-07,0.0
2021-07-01,-0.005845859199081982,0.7060073521052889,2.0211184787434706,0.0,0.0,0.00039813517495520964,9.412226514880902e-08,0.0
2021-07-02,0.004037381725322309,0.7088577732866219,2.054838067719778,0.0,0.0,0.00040737590369406773,4.43515572036177e-07,0.0
2021-07-06,-0.0011149847715109518,0.7080674076642401,2.073193505643171,0.0,0.0,0.0004109657375586301,1.204358936953135e-06,0.0
2021-07-07,-0.0005167389712836812,0.7077015216404042,2.0790488911301646,0.0,0.0,0.0004099056695636968,1.5462174250737528e-06,0.0
2021-07-08,-0.005011936867344691,0.7041545662930188,2.0704648406350934,0.0,0.0,0.00041098885754122113,1.675115048117355e-06,0.0
2021-07-09,0.00033051346044965513,0.7043872988554157,2.076892291264264,0.0,0.0,0.0004113090646457182,1.4017568167621741e-06,0.0
2021-07-12,0.0037175823388480023,0.7070059166373495,2.089112395436012,0.0,0.0,0.00041362004420479907,1.5412145585840485e-06,0.0
2021-07-13,-0.0008342252137075734,0.7064161144754502,2.097316151856725,0.0,0.0,0.00041568365718983014,1.8743157301818083e-06,0.0
2021-07-14,-0.0017194569491331135,0.7052014623784357,2.1170376969474645,0.0,0.0,0.00041954565925825433,2.029483587939194e-06,0.0
2021-07-15,-0.00407635144133256,0.7023268133808396,2.1089192450371557,0.0,0.0,0.00041674403879454297,2.3906009330914693e-06,0.0
2021-07-16,-0.005364888545847046,0.6985589083042915,2.1246792372579577,0.0,0.0,0.0004192945058963044,2.1518179150578047e-06,0.0
2021-07-19,0.0005504542934731127,0.6989434330546114,2.082635997040212,0.0,0.0,0.0004150211459329684,2.37540078599246e-06,0.0
2021-07-20,-0.0017260173368711662,0.6977370445716669,2.1148103852220834,0.0,0.0,0.0004191920761888309,1.5533241324060908e-06,0.0
2021-07-21,-0.0013560904032546839,0.696790850061528,2.1410288043759973,0.0,0.0,0.00042470051342385695,2.1644040753865893e-06,0.0
2021-07-22,0.0009747144684100206,0.6974700221845387,2.1521270734691798,0.0,0.0,0.0004275441546348238,2.6646386075573822e-06,0.0
2021-07-23,0.0016515926512588042,0.698621958547652,2.22315703420418,0.0,0.0,0.00044190036678961973,2.9149370444377334e-06,0.0
2021-07-26,-0.006706781482842317,0.6939364537325575,2.2616053896004056,0.0,0.0,0.0004479463140448423,4.373267997471889e-06,0.0
2021-07-27,-0.004007535187836586,0.6911554789761017,0.0,2.2690610904305264,0.0028363263630381583,0.0,5.012778062742819e-06,0.0
2021-07-28,0.0,0.6911554789761017,0.0,0.0,0.0,0.0,0.0,0.0
2021-07-29,0.0,0.6911554789761017,0.0,0.0,0.0,0.0,0.0,0.0
2021-07-30,0.0,0.6911554789761017,0.0,0.0,0.0,0.0,0.0,0.0
2021-08-02,0.0,0.6911554789761017,0.0,0.0,0.0,0.0,0.0,0.0
2021-08-03,0.0,0.6911554789761017,0.0,0.0,0.0,0.0,0.0,0.0
2021-08-04,0.0,0.6911554789761017,0.0,0.0,0.0,0.0,0.0,0.0
2021-08-05,0.0,0.6911554789761017,0.0,0.0,0.0,0.0,0.0,0.0
2021-08-06,0.0,0.6911554789761017,0.0,0.0,0.0,0.0,0.0,0.0
2021-08-09,0.0,0.6911554789761017,0.0,0.0,0.0,0.0,0.0,0.0
2021-08-10,0.0,0.6911554789761017,0.0,0.0,0.0,0.0,0.0,0.0
2021-08-11,0.0,0.6911554789761017,0.0,0.0,0.0,0.0,0.0,0.0
2021-08-12,0.0,0.6911554789761017,0.0,0.0,0.0,0.0,0.0,0.0
2021-08-13,0.0,0.6911554789761017,0.0,0.0,0.0,0.0,0.0,0.0
2021-08-16,0.0,0.6911554789761017,0.0,0.0,0.0,0.0,0.0,0.0
2021-08-17,0.0,0.6911554789761017,0.0,0.0,0.0,0.0,0.0,0.0
2021-08-18,0.0,0.6911554789761017,0.0,0.0,0.0,0.0,0.0,0.0
2021-08-19,0.0,0.6911554789761017,0.0,0.0,0.0,0.0,0.0,0.0
2021-08-20,0.0,0.6911554789761017,0.0,0.0,0.0,0.0,0.0,0.0
2021-08-23,0.0,0.6911554789761017,0.0,0.0,0.0,0.0,0.0,0.0
2021-08-24,0.0,0.6911554789761017,0.0,0.0,0.0,0.0,0.0,0.0
2021-08-25,0.0,0.6911554789761017,0.0,0.0,0.0,0.0,0.0,0.0
2021-08-26,0.0,0.6911554789761017,0.0,0.0,0.0,0.0,0.0,0.0
2021-08-27,0.0,0.6911554789761017,0.0,0.0,0.0,0.0,0.0,0.0
2021-08-30,0.0,0.6911554789761017,0.0,0.0,0.0,0.0,0.0,0.0
2021-08-31,0.0,0.6911554789761017,0.0,0.0,0.0,0.0,0.0,0.0
2021-09-01,0.0,0.6911554789761017,0.0,0.0,0.0,0.0,0.0,0.0
2021-09-02,0.0,0.6911554789761017,0.0,0.0,0.0,0.0,0.0,0.0
2021-09-03,0.0,0.6911554789761017,0.0,0.0,0.0,0.0,0.0,0.0
2021-09-07,0.0,0.6911554789761017,0.0,0.0,0.0,0.0,0.0,0.0
2021-09-08,0.0,0.6911554789761017,0.0,0.0,0.0,0.0,0.0,0.0
2021-09-09,0.0,0.6911554789761017,0.0,0.0,0.0,0.0,0.0,0.0
2021-09-10,0.0,0.6911554789761017,0.0,0.0,0.0,0.0,0.0,0.0
2021-09-13,0.0,0.6911554789761017,0.0,0.0,0.0,0.0,0.0,0.0
2021-09-14,0.0,0.6911554789761017,0.0,0.0,0.0,0.0,0.0,0.0
2021-09-15,0.0,0.6911554789761017,0.0,0.0,0.0,0.0,0.0,0.0
2021-09-16,0.0,0.6911554789761017,0.0,0.0,0.0,0.0,0.0,0.0
2021-09-17,0.0,0.6911554789761017,0.0,0.0,0.0,0.0,0.0,0.0
2021-09-20,0.0,0.6911554789761017,0.0,0.0,0.0,0.0,0.0,0.0
2021-09-21,0.0,0.6911554789761017,0.0,0.0,0.0,0.0,0.0,0.0
2021-09-22,0.0,0.6911554789761017,0.0,0.0,0.0,0.0,0.0,0.0
2021-09-23,0.0,0.6911554789761017,0.0,0.0,0.0,0.0,0.0,0.0
2021-09-24,0.0,0.6911554789761017,0.0,0.0,0.0,0.0,0.0,0.0
2021-09-27,0.0,0.6911554789761017,0.0,0.0,0.0,0.0,0.0,0.0
2021-09-28,0.0,0.6911554789761017,0.0,0.0,0.0,0.0,0.0,0.0
2021-09-29,0.0,0.6911554789761017,0.0,0.0,0.0,0.0,0.0,0.0
2021-09-30,0.0,0.6911554789761017,0.0,0.0,0.0,0.0,0.0,0.0
2021-10-01,0.0,0.6911554789761017,0.0,0.0,0.0,0.0,0.0,0.0
2021-10-04,0.0,0.6911554789761017,0.0,0.0,0.0,0.0,0.0,0.0
2021-10-05,0.0,0.6911554789761017,0.0,0.0,0.0,0.0,0.0,0.0
2021-10-06,0.0,0.6911554789761017,0.0,0.0,0.0,0.0,0.0,0.0
2021-10-07,0.0,0.6911554789761017,0.0,0.0,0.0,0.0,0.0,0.0
2021-10-08,0.0,0.6911554789761017,0.0,0.0,0.0,0.0,0.0,0.0
2021-10-11,0.0,0.6911554789761017,0.0,0.0,0.0,0.0,0.0,0.0
2021-10-12,0.0,0.6911554789761017,0.0,0.0,0.0,0.0,0.0,0.0
2021-10-13,0.0,0.6911554789761017,0.0,0.0,0.0,0.0,0.0,0.0
2021-10-14,0.0,0.6911554789761017,0.0,0.0,0.0,0.0,0.0,0.0
2021-10-15,0.0,0.6911554789761017,0.0,0.0,0.0,0.0,0.0,0.0
2021-10-18,0.0,0.6911554789761017,0.0,0.0,0.0,0.0,0.0,0.0
2021-10-19,0.0,0.6911554789761017,0.0,0.0,0.0,0.0,0.0,0.0
2021-10-20,0.0,0.6911554789761017,0.0,0.0,0.0,0.0,0.0,0.0
2021-10-21,0.0,0.6911554789761017,0.0,0.0,0.0,0.0,0.0,0.0
2021-10-22,0.0,0.6911554789761017,0.0,0.0,0.0,0.0,0.0,0.0
2021-10-25,0.0,0.6911554789761017,0.0,0.0,0.0,0.0,0.0,0.0
2021-10-26,0.0,0.6911554789761017,0.0,0.0,0.0,0.0,0.0,0.0
2021-10-27,0.0,0.6911554789761017,0.0,0.0,0.0,0.0,0.0,0.0
2021-10-28,0.0,0.6911554789761017,0.0,0.0,0.0,0.0,0.0,0.0
2021-10-29,0.0,0.6911554789761017,0.0,0.0,0.0,0.0,0.0,0.0
2021-11-01,0.0,0.6911554789761017,0.0,0.0,0.0,0.0,0.0,0.0
2021-11-02,0.0,0.6911554789761017,0.0,0.0,0.0,0.0,0.0,0.0
2021-11-03,0.0,0.6911554789761017,0.0,0.0,0.0,0.0,0.0,0.0
2021-11-04,0.0,0.6911554789761017,0.0,0.0,0.0,0.0,0.0,0.0
2021-11-05,0.0,0.6911554789761017,0.0,0.0,0.0,0.0,0.0,0.0
2021-11-08,0.0,0.6911554789761017,0.0,0.0,0.0,0.0,0.0,0.0
2021-11-09,0.0,0.6911554789761017,0.0,0.0,0.0,0.0,0.0,0.0
2021-11-10,0.0,0.6911554789761017,0.0,0.0,0.0,0.0,0.0,0.0
2021-11-11,0.0,0.6911554789761017,0.0,0.0,0.0,0.0,0.0,0.0
2021-11-12,0.0,0.6911554789761017,0.0,0.0,0.0,0.0,0.0,0.0
2021-11-15,0.0,0.6911554789761017,0.0,0.0,0.0,0.0,0.0,0.0
2021-11-16,0.0,0.6911554789761017,0.0,0.0,0.0,0.0,0.0,0.0
2021-11-17,0.0,0.6911554789761017,0.0,0.0,0.0,0.0,0.0,0.0
2021-11-18,0.0,0.6911554789761017,0.0,0.0,0.0,0.0,0.0,0.0
2021-11-19,0.0,0.6911554789761017,0.0,0.0,0.0,0.0,0.0,0.0
2021-11-22,0.0,0.6911554789761017,0.0,0.0,0.0,0.0,0.0,0.0
2021-11-23,0.0,0.6911554789761017,0.0,0.0,0.0,0.0,0.0,0.0
2021-11-24,0.0,0.6911554789761017,0.0,0.0,0.0,0.0,0.0,0.0
2021-11-26,0.0,0.6911554789761017,0.0,0.0,0.0,0.0,0.0,0.0
2021-11-29,0.0,0.6911554789761017,0.0,0.0,0.0,0.0,0.0,0.0
2021-11-30,0.0,0.6911554789761017,0.0,0.0,0.0,0.0,0.0,0.0
2021-12-01,0.0,0.6911554789761017,0.0,0.0,0.0,0.0,0.0,0.0
2021-12-02,0.0,0.6911554789761017,0.0,0.0,0.0,0.0,0.0,0.0
2021-12-03,0.0,0.6911554789761017,0.0,0.0,0.0,0.0,0.0,0.0
2021-12-06,0.0,0.6911554789761017,0.0,0.0,0.0,0.0,0.0,0.0
2021-12-07,0.0,0.6911554789761017,0.0,0.0,0.0,0.0,0.0,0.0
2021-12-08,0.0,0.6911554789761017,0.0,0.0,0.0,0.0,0.0,0.0
2021-12-09,0.0,0.6911554789761017,0.0,0.0,0.0,0.0,0.0,0.0
2021-12-10,0.0,0.6911554789761017,0.0,0.0,0.0,0.0,0.0,0.0
2021-12-13,0.0,0.6911554789761017,0.0,0.0,0.0,0.0,0.0,0.0
2021-12-14,0.0,0.6911554789761017,0.0,0.0,0.0,0.0,0.0,0.0
2021-12-15,0.0,0.6911554789761017,0.0,0.0,0.0,0.0,0.0,0.0
2021-12-16,0.0,0.6911554789761017,0.0,0.0,0.0,0.0,0.0,0.0
2021-12-17,0.0,0.6911554789761017,0.0,0.0,0.0,0.0,0.0,0.0
2021-12-20,0.0,0.6911554789761017,0.0,0.0,0.0,0.0,0.0,0.0
2021-12-21,0.0,0.6911554789761017,0.0,0.0,0.0,0.0,0.0,0.0
2021-12-22,0.0,0.6911554789761017,0.0,0.0,0.0,0.0,0.0,0.0
2021-12-23,0.0,0.6911554789761017,0.0,0.0,0.0,0.0,0.0,0.0
2021-12-27,0.0,0.6911554789761017,0.0,0.0,0.0,0.0,0.0,0.0
2021-12-28,0.0,0.6911554789761017,0.0,0.0,0.0,0.0,0.0,0.0
2021-12-29,0.0,0.6911554789761017,0.0,0.0,0.0,0.0,0.0,0.0
2021-12-30,0.0,0.6911554789761017,0.0,0.0,0.0,0.0,0.0,0.0
2021-12-31,0.0,0.6911554789761017,0.0,0.0,0.0,0.0,0.0,0.0
2022-01-03,0.0,0.6911554789761017,0.0,0.0,0.0,0.0,0.0,0.0
2022-01-04,0.0,0.6911554789761017,0.0,0.0,0.0,0.0,0.0,0.0
2022-01-05,0.0,0.6911554789761017,0.0,0.0,0.0,0.0,0.0,0.0
2022-01-06,0.0,0.6911554789761017,0.0,0.0,0.0,0.0,0.0,0.0
2022-01-07,0.0,0.6911554789761017,0.0,0.0,0.0,0.0,0.0,0.0
2022-01-10,0.0,0.6911554789761017,0.0,0.0,0.0,0.0,0.0,0.0
2022-01-11,0.0,0.6911554789761017,0.0,0.0,0.0,0.0,0.0,0.0
2022-01-12,0.0,0.6911554789761017,0.0,0.0,0.0,0.0,0.0,0.0
2022-01-13,0.0,0.6911554789761017,0.0,0.0,0.0,0.0,0.0,0.0
2022-01-14,0.0,0.6911554789761017,0.0,0.0,0.0,0.0,0.0,0.0
2022-01-18,0.0,0.6911554789761017,0.0,0.0,0.0,0.0,0.0,0.0
2022-01-19,0.0,0.6911554789761017,0.0,0.0,0.0,0.0,0.0,0.0
2022-01-20,0.0,0.6911554789761017,0.0,0.0,0.0,0.0,0.0,0.0
2022-01-21,0.0,0.6911554789761017,0.0,0.0,0.0,0.0,0.0,0.0
2022-01-24,0.0,0.6911554789761017,0.0,0.0,0.0,0.0,0.0,0.0
2022-01-25,0.0,0.6911554789761017,0.0,0.0,0.0,0.0,0.0,0.0
2022-01-26,0.0,0.6911554789761017,0.0,0.0,0.0,0.0,0.0,0.0
2022-01-27,0.0,0.6911554789761017,0.0,0.0,0.0,0.0,0.0,0.0
2022-01-28,0.0,0.6911554789761017,0.0,0.0,0.0,0.0,0.0,0.0
2022-01-31,0.0,0.6911554789761017,0.0,0.0,0.0,0.0,0.0,0.0
2022-02-01,0.0,0.6911554789761017,0.0,0.0,0.0,0.0,0.0,0.0
2022-02-02,0.0,0.6911554789761017,0.0,0.0,0.0,0.0,0.0,0.0
2022-02-03,0.0,0.6911554789761017,0.0,0.0,0.0,0.0,0.0,0.0
2022-02-04,-0.0018425458315697307,0.6898819933293477,1.9976327258063171,1.9950124688279303,0.0024937655860349127,0.0003954177298551697,0.0,0.0
2022-02-07,-0.00037203976139732475,0.6896253297971572,1.9413514762785102,0.0,0.0,0.0003855383470228937,0.0,0.0
2022-02-08,0.0001564703763989872,0.6897332357320848,1.9443491541959415,0.0,0.0,0.000384914453793696,0.0,0.0
2022-02-09,-1.720164771457089e-05,0.6897213711839467,1.975320442692708,0.0,0.0,0.000391319106048306,0.0,0.0
2022-02-10,0.0004037015243689712,0.6899998127528836,1.9339065181062245,0.0,0.0,0.0003835060153694729,0.0,0.0
2022-02-11,-0.0014045826544675233,0.689030650984305,1.8750806589927858,0.0,0.0,0.0003707402327714926,0.0,0.0
2022-02-14,-0.0008633085126997786,0.6884358049577992,1.8935746408839889,0.0,0.0,0.00037446085438982827,0.0,0.0
2022-02-15,-5.484496740271183e-05,0.6883980477185174,1.9091179572315358,0.0,0.0,0.0003781087459636914,0.0,0.0
2022-02-16,-0.0008308305722805054,0.6878261055745747,1.9260408159094018,0.0,0.0,0.0003816991393680352,0.0,0.0
2022-02-17,-0.00033589991131921515,0.6875950648467092,1.854037796381081,0.0,0.0,0.000367118581861938,0.0,0.0
2022-02-18,0.0016617894623796037,0.6887377030798557,1.8231705470681931,0.0,0.0,0.00036220935740496234,0.0,0.0
2022-02-22,-0.0036998356541004807,0.6861894867696776,1.8183300738903632,0.0,0.0,0.00035927520091567997,0.0,0.0
2022-02-23,0.0024651737970220466,0.6878810631122542,1.7855721048492161,0.0,0.0,0.00035501057328407587,0.0,0.0
2022-02-24,-0.00036289986546889086,0.6876314311669921,1.8575610118842203,0.0,0.0,0.0003677970433558386,0.0,0.0
2022-02-25,0.00020738310994938836,0.6877740343116865,1.882472924621003,0.0,0.0,0.0003729599351619784,0.0,0.0
2022-02-28,-0.0019461387967631971,0.6864355305801062,1.8929365587877476,0.0,0.0,0.00037407633330243534,0.0,0.0
2022-03-01,0.0015203431811963153,0.6874791481583545,1.8780332101542743,0.0,0.0,0.0003730976530436162,0.0,0.0
2022-03-02,0.00015258260248640632,0.6875840455159357,1.8854027749071929,0.0,0.0,0.00037366297311451505,0.0,0.0
2022-03-03,-0.003832811385650392,0.6849486655576906,0.0,1.9068302400459822,0.0023835378000574775,0.0,0.0,0.0
2022-03-04,0.0,0.6849486655576906,0.0,0.0,0.0,0.0,0.0,0.0
2022-03-07,0.0,0.6849486655576906,0.0,0.0,0.0,0.0,0.0,0.0
2022-03-08,0.0,0.6849486655576906,0.0,0.0,0.0,0.0,0.0,0.0
2022-03-09,0.0,0.6849486655576906,0.0,0.0,0.0,0.0,0.0,0.0
2022-03-10,0.0,0.6849486655576906,0.0,0.0,0.0,0.0,0.0,0.0
2022-03-11,0.0,0.6849486655576906,0.0,0.0,0.0,0.0,0.0,0.0
2022-03-14,0.0,0.6849486655576906,0.0,0.0,0.0,0.0,0.0,0.0
2022-03-15,0.0,0.6849486655576906,0.0,0.0,0.0,0.0,0.0,0.0
2022-03-16,0.0,0.6849486655576906,0.0,0.0,0.0,0.0,0.0,0.0
2022-03-17,0.0,0.6849486655576906,0.0,0.0,0.0,0.0,0.0,0.0
2022-03-18,0.0,0.6849486655576906,0.0,0.0,0.0,0.0,0.0,0.0
2022-03-21,0.0,0.6849486655576906,0.0,0.0,0.0,0.0,0.0,0.0
2022-03-22,0.0,0.6849486655576906,0.0,0.0,0.0,0.0,0.0,0.0
2022-03-23,0.0,0.6849486655576906,0.0,0.0,0.0,0.0,0.0,0.0
2022-03-24,0.0,0.6849486655576906,0.0,0.0,0.0,0.0,0.0,0.0
2022-03-25,0.0,0.6849486655576906,0.0,0.0,0.0,0.0,0.0,0.0
2022-03-28,0.0,0.6849486655576906,0.0,0.0,0.0,0.0,0.0,0.0
2022-03-29,0.0,0.6849486655576906,0.0,0.0,0.0,0.0,0.0,0.0
2022-03-30,0.0,0.6849486655576906,0.0,0.0,0.0,0.0,0.0,0.0
2022-03-31,0.0,0.6849486655576906,0.0,0.0,0.0,0.0,0.0,0.0
2022-04-01,0.0,0.6849486655576906,0.0,0.0,0.0,0.0,0.0,0.0
2022-04-04,0.0,0.6849486655576906,0.0,0.0,0.0,0.0,0.0,0.0
2022-04-05,0.0,0.6849486655576906,0.0,0.0,0.0,0.0,0.0,0.0
2022-04-06,0.0,0.6849486655576906,0.0,0.0,0.0,0.0,0.0,0.0
2022-04-07,0.0,0.6849486655576906,0.0,0.0,0.0,0.0,0.0,0.0
2022-04-08,0.0,0.6849486655576906,0.0,0.0,0.0,0.0,0.0,0.0
2022-04-11,0.0,0.6849486655576906,0.0,0.0,0.0,0.0,0.0,0.0
2022-04-12,0.0,0.6849486655576906,0.0,0.0,0.0,0.0,0.0,0.0
2022-04-13,0.0,0.6849486655576906,0.0,0.0,0.0,0.0,0.0,0.0
2022-04-14,0.0,0.6849486655576906,0.0,0.0,0.0,0.0,0.0,0.0
2022-04-18,0.0,0.6849486655576906,0.0,0.0,0.0,0.0,0.0,0.0
2022-04-19,0.0,0.6849486655576906,0.0,0.0,0.0,0.0,0.0,0.0
2022-04-20,0.0,0.6849486655576906,0.0,0.0,0.0,0.0,0.0,0.0
2022-04-21,0.0,0.6849486655576906,0.0,0.0,0.0,0.0,0.0,0.0
2022-04-22,0.0,0.6849486655576906,0.0,0.0,0.0,0.0,0.0,0.0
2022-04-25,0.0,0.6849486655576906,0.0,0.0,0.0,0.0,0.0,0.0
2022-04-26,0.0,0.6849486655576906,0.0,0.0,0.0,0.0,0.0,0.0
2022-04-27,0.0,0.6849486655576906,0.0,0.0,0.0,0.0,0.0,0.0
2022-04-28,0.0,0.6849486655576906,0.0,0.0,0.0,0.0,0.0,0.0
2022-04-29,0.0,0.6849486655576906,0.0,0.0,0.0,0.0,0.0,0.0
2022-05-02,0.0,0.6849486655576906,0.0,0.0,0.0,0.0,0.0,0.0
2022-05-03,0.0,0.6849486655576906,0.0,0.0,0.0,0.0,0.0,0.0
2022-05-04,0.0,0.6849486655576906,0.0,0.0,0.0,0.0,0.0,0.0
2022-05-05,0.0,0.6849486655576906,0.0,0.0,0.0,0.0,0.0,0.0
2022-05-06,0.0,0.6849486655576906,0.0,0.0,0.0,0.0,0.0,0.0
2022-05-09,0.0,0.6849486655576906,0.0,0.0,0.0,0.0,0.0,0.0
2022-05-10,0.0,0.6849486655576906,0.0,0.0,0.0,0.0,0.0,0.0
2022-05-11,0.0,0.6849486655576906,0.0,0.0,0.0,0.0,0.0,0.0
2022-05-12,0.0,0.6849486655576906,0.0,0.0,0.0,0.0,0.0,0.0
2022-05-13,0.0,0.6849486655576906,0.0,0.0,0.0,0.0,0.0,0.0
2022-05-16,0.0,0.6849486655576906,0.0,0.0,0.0,0.0,0.0,0.0
2022-05-17,0.0,0.6849486655576906,0.0,0.0,0.0,0.0,0.0,0.0
2022-05-18,0.0,0.6849486655576906,0.0,0.0,0.0,0.0,0.0,0.0
2022-05-19,0.0,0.6849486655576906,0.0,0.0,0.0,0.0,0.0,0.0
2022-05-20,0.0,0.6849486655576906,0.0,0.0,0.0,0.0,0.0,0.0
2022-05-23,0.0,0.6849486655576906,0.0,0.0,0.0,0.0,0.0,0.0
2022-05-24,0.0,0.6849486655576906,0.0,0.0,0.0,0.0,0.0,0.0
2022-05-25,0.0,0.6849486655576906,0.0,0.0,0.0,0.0,0.0,0.0
2022-05-26,0.0,0.6849486655576906,0.0,0.0,0.0,0.0,0.0,0.0
2022-05-27,0.0,0.6849486655576906,0.0,0.0,0.0,0.0,0.0,0.0
2022-05-31,0.0,0.6849486655576906,0.0,0.0,0.0,0.0,0.0,0.0
2022-06-01,0.0,0.6849486655576906,0.0,0.0,0.0,0.0,0.0,0.0
2022-06-02,0.0,0.6849486655576906,0.0,0.0,0.0,0.0,0.0,0.0
2022-06-03,0.0,0.6849486655576906,0.0,0.0,0.0,0.0,0.0,0.0
2022-06-06,0.0,0.6849486655576906,0.0,0.0,0.0,0.0,0.0,0.0
2022-06-07,0.0,0.6849486655576906,0.0,0.0,0.0,0.0,0.0,0.0
2022-06-08,0.0,0.6849486655576906,0.0,0.0,0.0,0.0,0.0,0.0
2022-06-09,0.0,0.6849486655576906,0.0,0.0,0.0,0.0,0.0,0.0
2022-06-10,0.0,0.6849486655576906,0.0,0.0,0.0,0.0,0.0,0.0
2022-06-13,0.0,0.6849486655576906,0.0,0.0,0.0,0.0,0.0,0.0
2022-06-14,0.0,0.6849486655576906,0.0,0.0,0.0,0.0,0.0,0.0
2022-06-15,0.0,0.6849486655576906,0.0,0.0,0.0,0.0,0.0,0.0
2022-06-16,0.0,0.6849486655576906,0.0,0.0,0.0,0.0,0.0,0.0
2022-06-17,0.0,0.6849486655576906,0.0,0.0,0.0,0.0,0.0,0.0
2022-06-21,0.0,0.6849486655576906,0.0,0.0,0.0,0.0,0.0,0.0
2022-06-22,0.0,0.6849486655576906,0.0,0.0,0.0,0.0,0.0,0.0
2022-06-23,0.0,0.6849486655576906,0.0,0.0,0.0,0.0,0.0,0.0
2022-06-24,0.0,0.6849486655576906,0.0,0.0,0.0,0.0,0.0,0.0
2022-06-27,0.0,0.6849486655576906,0.0,0.0,0.0,0.0,0.0,0.0
2022-06-28,0.0,0.6849486655576906,0.0,0.0,0.0,0.0,0.0,0.0
2022-06-29,0.0,0.6849486655576906,0.0,0.0,0.0,0.0,0.0,0.0
2022-06-30,0.0,0.6849486655576906,0.0,0.0,0.0,0.0,0.0,0.0
2022-07-01,0.0,0.6849486655576906,0.0,0.0,0.0,0.0,0.0,0.0
2022-07-05,0.0,0.6849486655576906,0.0,0.0,0.0,0.0,0.0,0.0
2022-07-06,0.0,0.6849486655576906,0.0,0.0,0.0,0.0,0.0,0.0
2022-07-07,0.0,0.6849486655576906,0.0,0.0,0.0,0.0,0.0,0.0
2022-07-08,0.0,0.6849486655576906,0.0,0.0,0.0,0.0,0.0,0.0
2022-07-11,0.0,0.6849486655576906,0.0,0.0,0.0,0.0,0.0,0.0
2022-07-12,0.0,0.6849486655576906,0.0,0.0,0.0,0.0,0.0,0.0
2022-07-13,0.0,0.6849486655576906,0.0,0.0,0.0,0.0,0.0,0.0
2022-07-14,0.0,0.6849486655576906,0.0,0.0,0.0,0.0,0.0,0.0
2022-07-15,-0.0031443289612652636,0.6827949616315976,1.99757659839464,1.9950124688279303,0.002493765586034913,0.0003951490029397327,0.0,0.0
2022-07-18,0.0003745209659242743,0.6830506826601561,1.9469922146045324,0.0,0.0,0.00038567976523987233,0.0,0.0
2022-07-19,0.0005806282123927975,0.6834472811570028,2.0302104411825797,0.0,0.0,0.0004027025166572987,0.0,0.0
2022-07-20,-0.0003079491363339182,0.6832368141570407,2.032347563284978,0.0,0.0,0.00040311062893093894,6.293937998544376e-07,0.0
2022-07-21,0.0005140139353265738,0.6835880074006456,2.0382383481545485,0.0,0.0,0.0004041481665266218,6.732651633199607e-07,0.0
2022-07-22,0.001252593589577078,0.6844442653566275,1.9192594240649603,0.0,0.0,0.0003809299103824372,8.09304026967097e-07,0.0
2022-07-25,-0.002460184770967211,0.6827604059984212,0.0,1.9284956577686563,0.0024106195722108205,0.0,0.0,0.0
2022-07-26,0.0,0.6827604059984212,0.0,0.0,0.0,0.0,0.0,0.0
2022-07-27,0.0,0.6827604059984212,0.0,0.0,0.0,0.0,0.0,0.0
2022-07-28,0.0,0.6827604059984212,0.0,0.0,0.0,0.0,0.0,0.0
2022-07-29,0.0,0.6827604059984212,0.0,0.0,0.0,0.0,0.0,0.0
2022-08-01,9.999999999998899e-05,0.6828286820390211,0.0,0.0,0.0,0.0,0.0,9.99900009999e-05
2022-08-02,9.999999999998899e-05,0.6828969649072251,0.0,0.0,0.0,0.0,0.0,9.999000099990002e-05
2022-08-03,9.999999999998899e-05,0.6829652546037158,0.0,0.0,0.0,0.0,0.0,9.999000099990002e-05
2022-08-04,9.999999999998899e-05,0.6830335511291762,0.0,0.0,0.0,0.0,0.0,9.999000099990002e-05
2022-08-05,9.999999999998899e-05,0.6831018544842891,0.0,0.0,0.0,0.0,0.0,9.999000099990003e-05
2022-08-08,9.999999999998899e-05,0.6831701646697375,0.0,0.0,0.0,0.0,0.0,9.999000099990003e-05
2022-08-09,9.999999999998899e-05,0.6832384816862044,0.0,0.0,0.0,0.0,0.0,9.999000099990002e-05
2022-08-10,9.999999999998899e-05,0.683306805534373,0.0,0.0,0.0,0.0,0.0,9.999000099990002e-05
2022-08-11,9.999999999998899e-05,0.6833751362149264,0.0,0.0,0.0,0.0,0.0,9.999000099990002e-05
2022-08-12,9.999999999998899e-05,0.6834434737285479,0.0,0.0,0.0,0.0,0.0,9.999000099990003e-05
2022-08-15,9.999999999998899e-05,0.6835118180759208,0.0,0.0,0.0,0.0,0.0,9.99900009999e-05
2022-08-16,9.999999999998899e-05,0.6835801692577284,0.0,0.0,0.0,0.0,0.0,9.999000099990002e-05
2022-08-17,9.999999999998899e-05,0.6836485272746541,0.0,0.0,0.0,0.0,0.0,9.999000099990002e-05
2022-08-18,9.999999999998899e-05,0.6837168921273815,0.0,0.0,0.0,0.0,0.0,9.999000099990002e-05
2022-08-19,9.999999999998899e-05,0.6837852638165942,0.0,0.0,0.0,0.0,0.0,9.999000099990002e-05
2022-08-22,9.999999999998899e-05,0.6838536423429759,0.0,0.0,0.0,0.0,0.0,9.999000099990002e-05
2022-08-23,9.999999999998899e-05,0.6839220277072101,0.0,0.0,0.0,0.0,0.0,9.999000099990003e-05
2022-08-24,9.999999999998899e-05,0.6839904199099809,0.0,0.0,0.0,0.0,0.0,9.99900009999e-05
2022-08-25,9.999999999998899e-05,0.6840588189519718,0.0,0.0,0.0,0.0,0.0,9.999000099990002e-05
2022-08-26,9.999999999998899e-05,0.684127224833867,0.0,0.0,0.0,0.0,0.0,9.999000099990002e-05
2022-08-29,9.999999999998899e-05,0.6841956375563504,0.0,0.0,0.0,0.0,0.0,9.999000099990003e-05
2022-08-30,9.999999999998899e-05,0.684264057120106,0.0,0.0,0.0,0.0,0.0,9.999000099990002e-05
2022-08-31,9.999999999998899e-05,0.684332483525818,0.0,0.0,0.0,0.0,0.0,9.999000099990002e-05
2022-09-01,9.999999999998899e-05,0.6844009167741706,0.0,0.0,0.0,0.0,0.0,9.999000099990002e-05
2022-09-02,9.999999999998899e-05,0.684469356865848,0.0,0.0,0.0,0.0,0.0,9.999000099990002e-05
2022-09-06,9.999999999998899e-05,0.6845378038015346,0.0,0.0,0.0,0.0,0.0,9.99900009999e-05
2022-09-07,9.999999999998899e-05,0.6846062575819147,0.0,0.0,0.0,0.0,0.0,9.999000099990002e-05
2022-09-08,9.999999999998899e-05,0.6846747182076729,0.0,0.0,0.0,0.0,0.0,9.999000099990002e-05
2022-09-09,9.999999999998899e-05,0.6847431856794937,0.0,0.0,0.0,0.0,0.0,9.999000099990002e-05
2022-09-12,-0.0028889986313423988,0.6827649635532446,1.9987489896746893,1.99501246882793,0.0024937655860349127,0.0003954116768937808,0.0,9.999000099990002e-05
2022-09-13,-0.000720942336551067,0.6822727293851053,1.8825470104380024,0.0,0.0,0.0003736998038835909,0.0,6.76065179559397e-08
2022-09-14,0.0007578185566805562,0.6827897683201505,1.892253674664206,0.0,0.0,0.00037518457101865123,0.0,5.888569883274867e-06
2022-09-15,-0.001603131799571833,0.6816951663301342,1.858795388079505,0.0,0.0,0.00036871779587210315,0.0,5.359012366334982e-06
2022-09-16,0.0010620231394307122,0.6824191423708148,1.853418003552929,0.0,0.0,0.0003676875539537975,0.0,7.083048935953641e-06
2022-09-19,0.00010755540254647755,0.682492540236378,1.8576197910570535,0.0,0.0,0.00036824817592242236,0.0,7.284052918138366e-06
2022-09-20,0.00029480523243652357,0.6826937426083386,1.821624867481311,0.0,0.0,0.0003612385132961937,0.0,7.054354116270869e-06
2022-09-21,-0.0008529494934964577,0.6821114393263676,1.79012197020365,0.0,0.0,0.0003541903864654884,0.0,8.810011789767252e-06
2022-09-22,0.002405417352856931,0.6837522020191055,1.7985631846661077,0.0,0.0,0.0003565689731772709,0.0,1.0411320298275323e-05
2022-09-23,-0.0022676969828611115,0.6822016592135621,0.0,1.7894782714141597,0.0022368478392676993,0.0,0.0,9.861509209264955e-06
2022-09-26,9.999999999998899e-05,0.6822698793794835,0.0,0.0,0.0,0.0,0.0,9.999000099990002e-05
2022-09-27,9.999999999998899e-05,0.6823381063674214,0.0,0.0,0.0,0.0,0.0,9.999000099990002e-05
2022-09-28,9.999999999998899e-05,0.6824063401780581,0.0,0.0,0.0,0.0,0.0,9.999000099990003e-05
2022-09-29,9.999999999998899e-05,0.6824745808120759,0.0,0.0,0.0,0.0,0.0,9.999000099990002e-05
2022-09-30,9.999999999998899e-05,0.6825428282701571,0.0,0.0,0.0,0.0,0.0,9.999000099990002e-05
2022-10-03,9.999999999998899e-05,0.6826110825529841,0.0,0.0,0.0,0.0,0.0,9.999000099990002e-05
2022-10-04,9.999999999998899e-05,0.6826793436612394,0.0,0.0,0.0,0.0,0.0,9.99900009999e-05
2022-10-05,9.999999999998899e-05,0.6827476115956055,0.0,0.0,0.0,0.0,0.0,9.999000099990002e-05
2022-10-06,9.999999999998899e-05,0.682815886356765,0.0,0.0,0.0,0.0,0.0,9.999000099990002e-05
2022-10-07,9.999999999998899e-05,0.6828841679454007,0.0,0.0,0.0,0.0,0.0,9.99900009999e-05
2022-10-10,9.999999999998899e-05,0.6829524563621953,0.0,0.0,0.0,0.0,0.0,9.999000099990002e-05
2022-10-11,9.999999999998899e-05,0.6830207516078315,0.0,0.0,0.0,0.0,0.0,9.999000099990002e-05
2022-10-12,9.999999999998899e-05,0.6830890536829922,0.0,0.0,0.0,0.0,0.0,9.999000099990003e-05
2022-10-13,9.999999999998899e-05,0.6831573625883606,0.0,0.0,0.0,0.0,0.0,9.99900009999e-05
2022-10-14,9.999999999998899e-05,0.6832256783246194,0.0,0.0,0.0,0.0,0.0,9.99900009999e-05
2022-10-17,9.999999999998899e-05,0.683294000892452,0.0,0.0,0.0,0.0,0.0,9.99900009999e-05
2022-10-18,9.999999999998899e-05,0.6833623302925412,0.0,0.0,0.0,0.0,0.0,9.99900009999e-05
2022-10-19,9.999999999998899e-05,0.6834306665255705,0.0,0.0,0.0,0.0,0.0,9.999000099990002e-05
2022-10-20,9.999999999998899e-05,0.6834990095922231,0.0,0.0,0.0,0.0,0.0,9.999000099990002e-05
2022-10-21,9.999999999998899e-05,0.6835673594931824,0.0,0.0,0.0,0.0,0.0,9.99900009999e-05
2022-10-24,9.999999999998899e-05,0.6836357162291317,0.0,0.0,0.0,0.0,0.0,9.999000099990003e-05
2022-10-25,9.999999999998899e-05,0.6837040798007545,0.0,0.0,0.0,0.0,0.0,9.999000099990002e-05
2022-10-26,9.999999999998899e-05,0.6837724502087346,0.0,0.0,0.0,0.0,0.0,9.999000099990003e-05
2022-10-27,0.0034066383038862114,0.6861018156287577,1.9462184588917426,1.9950124688279303,0.0024937655860349127,0.000386203765653003,0.0,9.999000099990003e-05
2022-10-28,-0.0012529314217928356,0.6852421771054074,2.0335343255813014,0.0,0.0,0.0004024270623405415,0.0,2.383789471876539e-06
2022-10-31,-0.0019172607343270753,0.6839283891857384,1.998353062747579,0.0,0.0,0.0003947020718311381,2.7116363394091167e-06,0.0
2022-11-01,-0.0017428925387410477,0.6827363754991934,1.9150662108274206,0.0,0.0,0.0003788582076722012,1.5086708173825954e-07,0.0
2022-11-02,0.00029858543331751086,0.6829402306357134,1.8411824819905276,0.0,0.0,0.0003650331383247285,0.0,4.126887139408425e-06
2022-11-03,-0.0008489407100508162,0.6823604548713953,1.7673593604508246,0.0,0.0,0.000350133934585181,0.0,7.791843287291072e-06
2022-11-04,0.00035827652483932937,0.6826049286038544,1.8340431507093724,0.0,0.0,0.0003631573622471667,0.0,1.1495227540547904e-05
2022-11-07,0.0001057263647865625,0.6826770979415411,1.874700602032868,0.0,0.0,0.0003714810232335656,0.0,8.137321604856756e-06
2022-11-08,-0.0019465259823885361,0.6813482492328162,1.8854595645627579,0.0,0.0,0.0003725341576826772,0.0,6.069527704063164e-06
2022-11-09,0.00034442048085225885,0.6815829195244448,1.8520569130925992,0.0,0.0,0.00036669199576032125,0.0,5.611838500273921e-06
2022-11-10,0.0013605937799254786,0.6825102770052532,1.9912852403199506,0.0,0.0,0.00039461938843148996,0.0,7.250099536410216e-06
2022-11-11,0.000607453455842899,0.6829248702316684,2.0432913225249787,0.0,0.0,0.000405433055876447,0.0,2.0371262897396723e-07
2022-11-14,-0.0003154817050717851,0.6827094199291718,2.029014444600778,0.0,0.0,0.00040094654188070443,3.4155344707522314e-06,0.0
2022-11-15,-0.0008805390227571985,0.6821082676437202,2.08831667103651,0.0,0.0,0.00041256179889912354,2.4257212022096224e-06,0.0
2022-11-16,-0.0018966212645521452,0.6808145665985803,2.09949948909446,0.0,0.0,0.00041573411614922236,6.548735315879222e-06,0.0
2022-11-17,-0.00043246690529452625,0.680520136829884,2.0900035345119377,0.0,0.0,0.0004134619603808038,7.211013998091587e-06,0.0
2022-11-18,0.002006155522860764,0.6818853660608033,2.068551166245789,0.0,0.0,0.00040957673783607006,6.545129228716519e-06,0.0
2022-11-21,-0.001934845997726864,0.6805660228893721,2.0322187234492,0.0,0.0,0.00040193650153373065,5.227770885632589e-06,0.0
2022-11-22,0.00015463676614824173,0.6806712634183021,2.0632177011301067,0.0,0.0,0.00040847122298191346,2.5791200780819697e-06,0.0
2022-11-23,0.00046414827587670793,0.6809871958116566,2.0930286292228373,0.0,0.0,0.0004143897620493991,4.78458470157499e-06,0.0
2022-11-25,-0.002776890636959739,0.6790961688437177,2.07523576305297,0.0,0.0,0.00041045179632961346,6.936585999196605e-06,0.0
2022-11-28,0.000195144706833128,0.6792286908664982,2.045473916764943,0.0,0.0,0.00040497352474352645,5.518693792578488e-06,0.0
2022-11-29,0.00010707255576458685,0.6793014176183778,2.0274935531938536,0.0,0.0,0.0004010540577551871,3.4808677609043093e-06,0.0
2022-11-30,0.0019452032112696749,0.6806227969173492,2.1489242349607878,0.0,0.0,0.0004255355252876802,2.2621875054374375e-06,0.0
2022-12-01,-0.0035540766719459604,0.6782038113124306,0.0,2.1505780430641406,0.002688222553830176,0.0,1.873511961786724e-05,0.0
2022-12-02,0.00019999999999997797,0.678339452074693,0.0,0.0,0.0,0.0,0.0,0.00019996000799840034
2022-12-05,0.00019999999999997797,0.678475119965108,0.0,0.0,0.0,0.0,0.0,0.00019996000799840034
2022-12-06,0.00019999999999997797,0.678610814989101,0.0,0.0,0.0,0.0,0.0,0.00019996000799840034
2022-12-07,0.00019999999999997797,0.6787465371520989,0.0,0.0,0.0,0.0,0.0,0.00019996000799840034
2022-12-08,0.00019999999999997797,0.6788822864595293,0.0,0.0,0.0,0.0,0.0,0.0001999600079984003
2022-12-09,0.00019999999999997797,0.6790180629168212,0.0,0.0,0.0,0.0,0.0,0.0001999600079984003
2022-12-12,0.00019999999999997797,0.6791538665294046,0.0,0.0,0.0,0.0,0.0,0.00019996000799840034
2022-12-13,0.00019999999999997797,0.6792896973027105,0.0,0.0,0.0,0.0,0.0,0.0001999600079984003
2022-12-14,0.00019999999999997797,0.6794255552421711,0.0,0.0,0.0,0.0,0.0,0.0001999600079984003
2022-12-15,0.00019999999999997797,0.6795614403532195,0.0,0.0,0.0,0.0,0.0,0.00019996000799840034
2022-12-16,0.00019999999999997797,0.6796973526412902,0.0,0.0,0.0,0.0,0.0,0.00019996000799840034
2022-12-19,0.00019999999999997797,0.6798332921118184,0.0,0.0,0.0,0.0,0.0,0.0001999600079984003
2022-12-20,0.00019999999999997797,0.6799692587702408,0.0,0.0,0.0,0.0,0.0,0.00019996000799840034
2022-12-21,0.00019999999999997797,0.6801052526219948,0.0,0.0,0.0,0.0,0.0,0.00019996000799840034
2022-12-22,0.00019999999999997797,0.6802412736725192,0.0,0.0,0.0,0.0,0.0,0.00019996000799840037
2022-12-23,0.00019999999999997797,0.6803773219272536,0.0,0.0,0.0,0.0,0.0,0.0001999600079984003
2022-12-27,0.00019999999999997797,0.6805133973916391,0.0,0.0,0.0,0.0,0.0,0.00019996000799840034
2022-12-28,0.00019999999999997797,0.6806495000711174,0.0,0.0,0.0,0.0,0.0,0.00019996000799840037
2022-12-29,0.00019999999999997797,0.6807856299711316,0.0,0.0,0.0,0.0,0.0,0.0001999600079984003
2022-12-30,0.00019999999999997797,0.6809217870971258,0.0,0.0,0.0,0.0,0.0,0.0001999600079984003
2023-01-03,0.00019999999999997797,0.6810579714545453,0.0,0.0,0.0,0.0,0.0,0.0001999600079984003
2023-01-04,0.00019999999999997797,0.6811941830488362,0.0,0.0,0.0,0.0,0.0,0.00019996000799840034
2023-01-05,0.00019999999999997797,0.6813304218854459,0.0,0.0,0.0,0.0,0.0,0.0001999600079984003
2023-01-06,0.00019999999999997797,0.681466687969823,0.0,0.0,0.0,0.0,0.0,0.0001999600079984003
2023-01-09,0.00019999999999997797,0.681602981307417,0.0,0.0,0.0,0.0,0.0,0.0001999600079984003
2023-01-10,0.00019999999999997797,0.6817393019036785,0.0,0.0,0.0,0.0,0.0,0.00019996000799840034
2023-01-11,0.00019999999999997797,0.6818756497640592,0.0,0.0,0.0,0.0,0.0,0.0001999600079984003
2023-01-12,0.00019999999999997797,0.682012024894012,0.0,0.0,0.0,0.0,0.0,0.00019996000799840034
2023-01-13,0.00019999999999997797,0.6821484272989908,0.0,0.0,0.0,0.0,0.0,0.0001999600079984003
2023-01-17,0.00019999999999997797,0.6822848569844506,0.0,0.0,0.0,0.0,0.0,0.0001999600079984003
2023-01-18,0.00019999999999997797,0.6824213139558475,0.0,0.0,0.0,0.0,0.0,0.00019996000799840034
2023-01-19,0.00019999999999997797,0.6825577982186386,0.0,0.0,0.0,0.0,0.0,0.00019996000799840034
2023-01-20,0.00019999999999997797,0.6826943097782824,0.0,0.0,0.0,0.0,0.0,0.0001999600079984003
2023-01-23,-0.004890876834306446,0.6793553359936749,2.0450902208306196,1.99501246882793,0.0024937655860349122,0.0004041414587426984,0.0,0.00019996000799840034
2023-01-24,-0.0015682475354016345,0.6782899386623409,2.006615719257913,0.0,0.0,0.0003983869055968239,5.1422848986903115e-06,0.0
2023-01-25,-0.0006919560801693647,0.6778205918151657,1.957423026208291,0.0,0.0,0.0003894129867820736,3.891401811426757e-07,0.0
2023-01-26,-0.001431228217693703,0.676850475857626,2.0085263944715854,0.0,0.0,0.00039991258890659866,0.0,4.637509275859599e-06
2023-01-27,0.002865849070498694,0.6787902271647291,2.037429074585648,0.0,0.0,0.00040612090566356795,4.563522091638838e-07,0.0
2023-01-30,0.00264635856186346,0.6805865494940958,1.9793586208904392,0.0,0.0,0.00039324594083867484,4.309968666465424e-06,0.0
2023-01-31,-0.00036937564244476917,0.6803351574001372,2.0189013247384593,0.0,0.0,0.0004000277478269149,0.0,1.9043998088155314e-06
2023-02-01,8.76106229728002e-05,0.6803947619871074,2.050728769026552,0.0,0.0,0.00040651307677326114,2.459716675182376e-06,0.0
2023-02-02,-0.00015909843522043943,0.680286512245143,2.2002159663448535,0.0,0.0,0.0004356787706626173,6.328668446731322e-06,0.0
2023-02-03,0.005456062213849977,0.6839981977791956,2.122221174981984,0.0,0.0,0.00041994518911011826,2.4179637427726992e-05,0.0
2023-02-06,-0.0013372902306172385,0.6830834936715456,0.0,2.069965409431741,0.0025874567617896757,0.0,1.561746725290833e-05,0.0
2023-02-07,0.00019999999999997797,0.68322011037028,0.0,0.0,0.0,0.0,0.0,0.0001999600079984003
2023-02-08,0.00019999999999997797,0.683356754392354,0.0,0.0,0.0,0.0,0.0,0.0001999600079984003
2023-02-09,0.00019999999999997797,0.6834934257432325,0.0,0.0,0.0,0.0,0.0,0.00019996000799840034
2023-02-10,0.00019999999999997797,0.6836301244283811,0.0,0.0,0.0,0.0,0.0,0.0001999600079984003
2023-02-13,0.00019999999999997797,0.6837668504532668,0.0,0.0,0.0,0.0,0.0,0.0001999600079984003
2023-02-14,0.00019999999999997797,0.6839036038233575,0.0,0.0,0.0,0.0,0.0,0.0001999600079984003
2023-02-15,0.00019999999999997797,0.6840403845441221,0.0,0.0,0.0,0.0,0.0,0.00019996000799840034
2023-02-16,0.00019999999999997797,0.6841771926210309,0.0,0.0,0.0,0.0,0.0,0.0001999600079984003
2023-02-17,0.00019999999999997797,0.6843140280595551,0.0,0.0,0.0,0.0,0.0,0.00019996000799840037
2023-02-21,0.00019999999999997797,0.684450890865167,0.0,0.0,0.0,0.0,0.0,0.00019996000799840034
2023-02-22,0.00019999999999997797,0.6845877810433401,0.0,0.0,0.0,0.0,0.0,0.0001999600079984003
2023-02-23,0.00019999999999997797,0.6847246985995488,0.0,0.0,0.0,0.0,0.0,0.0001999600079984003
2023-02-24,0.00019999999999997797,0.6848616435392687,0.0,0.0,0.0,0.0,0.0,0.0001999600079984003
2023-02-27,0.00019999999999997797,0.6849986158679766,0.0,0.0,0.0,0.0,0.0,0.00019996000799840034
2023-02-28,0.00019999999999997797,0.6851356155911502,0.0,0.0,0.0,0.0,0.0,0.00019996000799840034
2023-03-01,0.00019999999999997797,0.6852726427142685,0.0,0.0,0.0,0.0,0.0,0.00019996000799840034
2023-03-02,0.00019999999999997797,0.6854096972428113,0.0,0.0,0.0,0.0,0.0,0.00019996000799840034
2023-03-03,0.00019999999999997797,0.6855467791822599,0.0,0.0,0.0,0.0,0.0,0.0001999600079984003
2023-03-06,0.00019999999999997797,0.6856838885380964,0.0,0.0,0.0,0.0,0.0,0.00019996000799840034
2023-03-07,0.00019999999999997797,0.685821025315804,0.0,0.0,0.0,0.0,0.0,0.0001999600079984003
2023-03-08,0.00019999999999997797,0.6859581895208672,0.0,0.0,0.0,0.0,0.0,0.00019996000799840034
2023-03-09,0.00019999999999997797,0.6860953811587713,0.0,0.0,0.0,0.0,0.0,0.0001999600079984003
2023-03-10,0.00019999999999997797,0.6862326002350031,0.0,0.0,0.0,0.0,0.0,0.00019996000799840034
2023-03-13,0.00019999999999997797,0.6863698467550501,0.0,0.0,0.0,0.0,0.0,0.00019996000799840034
2023-03-14,0.00019999999999997797,0.6865071207244011,0.0,0.0,0.0,0.0,0.0,0.00019996000799840034
2023-03-15,0.00019999999999997797,0.686644422148546,0.0,0.0,0.0,0.0,0.0,0.0001999600079984003
2023-03-16,0.00019999999999997797,0.6867817510329758,0.0,0.0,0.0,0.0,0.0,0.00019996000799840034
2023-03-17,0.00019999999999997797,0.6869191073831824,0.0,0.0,0.0,0.0,0.0,0.0001999600079984003
2023-03-20,0.00019999999999997797,0.6870564912046591,0.0,0.0,0.0,0.0,0.0,0.0001999600079984003
2023-03-21,0.00019999999999997797,0.6871939025029,0.0,0.0,0.0,0.0,0.0,0.00019996000799840034
2023-03-22,0.00019999999999997797,0.6873313412834006,0.0,0.0,0.0,0.0,0.0,0.0001999600079984003
2023-03-23,0.00019999999999997797,0.6874688075516573,0.0,0.0,0.0,0.0,0.0,0.0001999600079984003
2023-03-24,0.00019999999999997797,0.6876063013131676,0.0,0.0,0.0,0.0,0.0,0.00019996000799840034
2023-03-27,0.00019999999999997797,0.6877438225734303,0.0,0.0,0.0,0.0,0.0,0.00019996000799840034
2023-03-28,0.00019999999999997797,0.6878813713379449,0.0,0.0,0.0,0.0,0.0,0.0001999600079984003
2023-03-29,0.00019999999999997797,0.6880189476122125,0.0,0.0,0.0,0.0,0.0,0.00019996000799840034
2023-03-30,0.00019999999999997797,0.6881565514017349,0.0,0.0,0.0,0.0,0.0,0.00019996000799840034
2023-03-31,0.00019999999999997797,0.6882941827120153,0.0,0.0,0.0,0.0,0.0,0.00019996000799840034
2023-04-03,0.00019999999999997797,0.6884318415485576,0.0,0.0,0.0,0.0,0.0,0.00019996000799840034
2023-04-04,0.00019999999999997797,0.6885695279168673,0.0,0.0,0.0,0.0,0.0,0.00019996000799840034
2023-04-05,0.00019999999999997797,0.6887072418224507,0.0,0.0,0.0,0.0,0.0,0.00019996000799840034
2023-04-06,0.00019999999999997797,0.6888449832708152,0.0,0.0,0.0,0.0,0.0,0.00019996000799840034
2023-04-10,0.00019999999999997797,0.6889827522674694,0.0,0.0,0.0,0.0,0.0,0.00019996000799840034
2023-04-11,0.00019999999999997797,0.689120548817923,0.0,0.0,0.0,0.0,0.0,0.0001999600079984003
2023-04-12,0.00019999999999997797,0.6892583729276865,0.0,0.0,0.0,0.0,0.0,0.00019996000799840034
2023-04-13,0.00019999999999997797,0.6893962246022721,0.0,0.0,0.0,0.0,0.0,0.0001999600079984003
2023-04-14,0.00019999999999997797,0.6895341038471926,0.0,0.0,0.0,0.0,0.0,0.0001999600079984003
2023-04-17,0.00019999999999997797,0.689672010667962,0.0,0.0,0.0,0.0,0.0,0.00019996000799840034
2023-04-18,0.00019999999999997797,0.6898099450700956,0.0,0.0,0.0,0.0,0.0,0.00019996000799840034
2023-04-19,0.00019999999999997797,0.6899479070591097,0.0,0.0,0.0,0.0,0.0,0.0001999600079984003
2023-04-20,0.00019999999999997797,0.6900858966405216,0.0,0.0,0.0,0.0,0.0,0.0001999600079984003
2023-04-21,0.00019999999999997797,0.6902239138198497,0.0,0.0,0.0,0.0,0.0,0.00019996000799840034
2023-04-24,0.00019999999999997797,0.6903619586026137,0.0,0.0,0.0,0.0,0.0,0.0001999600079984003
2023-04-25,0.00019999999999997797,0.6905000309943342,0.0,0.0,0.0,0.0,0.0,0.00019996000799840037
2023-04-26,0.00019999999999997797,0.6906381310005331,0.0,0.0,0.0,0.0,0.0,0.00019996000799840034
2023-04-27,0.00019999999999997797,0.6907762586267332,0.0,0.0,0.0,0.0,0.0,0.0001999600079984003
2023-04-28,0.00019999999999997797,0.6909144138784585,0.0,0.0,0.0,0.0,0.0,0.00019996000799840034
2023-05-01,0.00019999999999997797,0.6910525967612342,0.0,0.0,0.0,0.0,0.0,0.00019996000799840034
2023-05-02,0.00019999999999997797,0.6911908072805865,0.0,0.0,0.0,0.0,0.0,0.00019996000799840034
2023-05-03,0.00019999999999997797,0.6913290454420425,0.0,0.0,0.0,0.0,0.0,0.00019996000799840034
2023-05-04,0.00019999999999997797,0.6914673112511309,0.0,0.0,0.0,0.0,0.0,0.00019996000799840034
2023-05-05,0.00019999999999997797,0.6916056047133812,0.0,0.0,0.0,0.0,0.0,0.0001999600079984003
2023-05-08,0.00019999999999997797,0.6917439258343239,0.0,0.0,0.0,0.0,0.0,0.0001999600079984003
2023-05-09,0.00019999999999997797,0.6918822746194907,0.0,0.0,0.0,0.0,0.0,0.00019996000799840037
2023-05-10,0.00019999999999997797,0.6920206510744146,0.0,0.0,0.0,0.0,0.0,0.00019996000799840034
2023-05-11,0.00019999999999997797,0.6921590552046295,0.0,0.0,0.0,0.0,0.0,0.0001999600079984003
2023-05-12,0.00019999999999997797,0.6922974870156704,0.0,0.0,0.0,0.0,0.0,0.00019996000799840034
2023-05-15,0.00019999999999997797,0.6924359465130735,0.0,0.0,0.0,0.0,0.0,0.00019996000799840037
2023-05-16,0.00019999999999997797,0.6925744337023761,0.0,0.0,0.0,0.0,0.0,0.0001999600079984003
2023-05-17,0.00019999999999997797,0.6927129485891166,0.0,0.0,0.0,0.0,0.0,0.00019996000799840037
2023-05-18,0.00019999999999997797,0.6928514911788344,0.0,0.0,0.0,0.0,0.0,0.00019996000799840037
2023-05-19,0.00019999999999997797,0.6929900614770701,0.0,0.0,0.0,0.0,0.0,0.00019996000799840037
2023-05-22,0.00019999999999997797,0.6931286594893655,0.0,0.0,0.0,0.0,0.0,0.00019996000799840034
2023-05-23,0.00019999999999997797,0.6932672852212634,0.0,0.0,0.0,0.0,0.0,0.00019996000799840034
2023-05-24,0.00019999999999997797,0.6934059386783076,0.0,0.0,0.0,0.0,0.0,0.00019996000799840034
2023-05-25,0.00019999999999997797,0.6935446198660432,0.0,0.0,0.0,0.0,0.0,0.00019996000799840034
2023-05-26,0.00019999999999997797,0.6936833287900164,0.0,0.0,0.0,0.0,0.0,0.00019996000799840034
2023-05-30,0.00019999999999997797,0.6938220654557744,0.0,0.0,0.0,0.0,0.0,0.00019996000799840034
2023-05-31,0.00019999999999997797,0.6939608298688655,0.0,0.0,0.0,0.0,0.0,0.00019996000799840034
2023-06-01,0.00019999999999997797,0.6940996220348393,0.0,0.0,0.0,0.0,0.0,0.0001999600079984003
2023-06-02,0.00019999999999997797,0.6942384419592463,0.0,0.0,0.0,0.0,0.0,0.0001999600079984003
2023-06-05,0.00019999999999997797,0.6943772896476382,0.0,0.0,0.0,0.0,0.0,0.0001999600079984003
2023-06-06,0.00019999999999997797,0.6945161651055678,0.0,0.0,0.0,0.0,0.0,0.00019996000799840034
2023-06-07,0.00019999999999997797,0.6946550683385889,0.0,0.0,0.0,0.0,0.0,0.0001999600079984003
2023-06-08,0.00019999999999997797,0.6947939993522566,0.0,0.0,0.0,0.0,0.0,0.00019996000799840034
2023-06-09,0.00019999999999997797,0.6949329581521271,0.0,0.0,0.0,0.0,0.0,0.0001999600079984003
2023-06-12,0.00019999999999997797,0.6950719447437576,0.0,0.0,0.0,0.0,0.0,0.00019996000799840029
2023-06-13,0.00019999999999997797,0.6952109591327063,0.0,0.0,0.0,0.0,0.0,0.00019996000799840034
2023-06-14,0.00019999999999997797,0.6953500013245328,0.0,0.0,0.0,0.0,0.0,0.0001999600079984003
2023-06-15,0.00019999999999997797,0.6954890713247978,0.0,0.0,0.0,0.0,0.0,0.0001999600079984003
2023-06-16,0.00019999999999997797,0.6956281691390627,0.0,0.0,0.0,0.0,0.0,0.00019996000799840034
2023-06-20,0.00019999999999997797,0.6957672947728905,0.0,0.0,0.0,0.0,0.0,0.00019996000799840034
2023-06-21,0.00019999999999997797,0.695906448231845,0.0,0.0,0.0,0.0,0.0,0.00019996000799840034
2023-06-22,0.00019999999999997797,0.6960456295214914,0.0,0.0,0.0,0.0,0.0,0.0001999600079984003
2023-06-23,0.00019999999999997797,0.6961848386473957,0.0,0.0,0.0,0.0,0.0,0.00019996000799840037
2023-06-26,0.00019999999999997797,0.6963240756151251,0.0,0.0,0.0,0.0,0.0,0.00019996000799840034
2023-06-27,0.00019999999999997797,0.6964633404302482,0.0,0.0,0.0,0.0,0.0,0.00019996000799840034
2023-06-28,0.00019999999999997797,0.6966026330983343,0.0,0.0,0.0,0.0,0.0,0.00019996000799840034
2023-06-29,0.00019999999999997797,0.696741953624954,0.0,0.0,0.0,0.0,0.0,0.00019996000799840034
2023-06-30,0.00019999999999997797,0.6968813020156789,0.0,0.0,0.0,0.0,0.0,0.00019996000799840034
2023-07-03,0.00019999999999997797,0.697020678276082,0.0,0.0,0.0,0.0,0.0,0.00019996000799840034
2023-07-05,0.00019999999999997797,0.6971600824117372,0.0,0.0,0.0,0.0,0.0,0.00019996000799840037
2023-07-06,0.00019999999999997797,0.6972995144282196,0.0,0.0,0.0,0.0,0.0,0.00019996000799840034
2023-07-07,0.00019999999999997797,0.6974389743311052,0.0,0.0,0.0,0.0,0.0,0.0001999600079984003
2023-07-10,0.00019999999999997797,0.6975784621259714,0.0,0.0,0.0,0.0,0.0,0.00019996000799840037
2023-07-11,0.00019999999999997797,0.6977179778183966,0.0,0.0,0.0,0.0,0.0,0.00019996000799840034
2023-07-12,0.00019999999999997797,0.6978575214139603,0.0,0.0,0.0,0.0,0.0,0.0001999600079984003
2023-07-13,0.00019999999999997797,0.6979970929182431,0.0,0.0,0.0,0.0,0.0,0.00019996000799840034
2023-07-14,0.00019999999999997797,0.6981366923368267,0.0,0.0,0.0,0.0,0.0,0.00019996000799840034
2023-07-17,0.00019999999999997797,0.6982763196752941,0.0,0.0,0.0,0.0,0.0,0.0001999600079984003
2023-07-18,0.00019999999999997797,0.6984159749392292,0.0,0.0,0.0,0.0,0.0,0.00019996000799840034
2023-07-19,0.00019999999999997797,0.698555658134217,0.0,0.0,0.0,0.0,0.0,0.00019996000799840037
2023-07-20,0.00019999999999997797,0.6986953692658439,0.0,0.0,0.0,0.0,0.0,0.00019996000799840034
2023-07-21,0.00019999999999997797,0.698835108339697,0.0,0.0,0.0,0.0,0.0,0.00019996000799840034
2023-07-24,0.00019999999999997797,0.6989748753613649,0.0,0.0,0.0,0.0,0.0,0.0001999600079984003
2023-07-25,0.00019999999999997797,0.6991146703364373,0.0,0.0,0.0,0.0,0.0,0.00019996000799840034
2023-07-26,0.00019999999999997797,0.6992544932705046,0.0,0.0,0.0,0.0,0.0,0.00019996000799840034
2023-07-27,0.00019999999999997797,0.6993943441691587,0.0,0.0,0.0,0.0,0.0,0.00019996000799840034
2023-07-28,0.00019999999999997797,0.6995342230379925,0.0,0.0,0.0,0.0,0.0,0.00019996000799840034
2023-07-31,0.00019999999999997797,0.6996741298826001,0.0,0.0,0.0,0.0,0.0,0.00019996000799840034
2023-08-01,0.00019999999999997797,0.6998140647085767,0.0,0.0,0.0,0.0,0.0,0.00019996000799840034
2023-08-02,0.00019999999999997797,0.6999540275215184,0.0,0.0,0.0,0.0,0.0,0.00019996000799840034
2023-08-03,0.00019999999999997797,0.7000940183270227,0.0,0.0,0.0,0.0,0.0,0.00019996000799840034
2023-08-04,0.00019999999999997797,0.7002340371306881,0.0,0.0,0.0,0.0,0.0,0.0001999600079984003
2023-08-07,0.00019999999999997797,0.7003740839381143,0.0,0.0,0.0,0.0,0.0,0.0001999600079984003
2023-08-08,0.00019999999999997797,0.7005141587549019,0.0,0.0,0.0,0.0,0.0,0.00019996000799840037
2023-08-09,0.00019999999999997797,0.7006542615866529,0.0,0.0,0.0,0.0,0.0,0.00019996000799840029
2023-08-10,0.00019999999999997797,0.7007943924389702,0.0,0.0,0.0,0.0,0.0,0.00019996000799840034
2023-08-11,0.00019999999999997797,0.7009345513174581,0.0,0.0,0.0,0.0,0.0,0.0001999600079984003
2023-08-14,0.00019999999999997797,0.7010747382277216,0.0,0.0,0.0,0.0,0.0,0.00019996000799840034
2023-08-15,0.00019999999999997797,0.7012149531753671,0.0,0.0,0.0,0.0,0.0,0.00019996000799840037
2023-08-16,0.00019999999999997797,0.7013551961660022,0.0,0.0,0.0,0.0,0.0,0.00019996000799840034
2023-08-17,0.00019999999999997797,0.7014954672052354,0.0,0.0,0.0,0.0,0.0,0.0001999600079984003
2023-08-18,0.00019999999999997797,0.7016357662986764,0.0,0.0,0.0,0.0,0.0,0.00019996000799840034
2023-08-21,0.00019999999999997797,0.7017760934519361,0.0,0.0,0.0,0.0,0.0,0.00019996000799840034
2023-08-22,0.00019999999999997797,0.7019164486706265,0.0,0.0,0.0,0.0,0.0,0.00019996000799840034
2023-08-23,0.00019999999999997797,0.7020568319603606,0.0,0.0,0.0,0.0,0.0,0.00019996000799840034
2023-08-24,0.00019999999999997797,0.7021972433267527,0.0,0.0,0.0,0.0,0.0,0.0001999600079984003
2023-08-25,0.00019999999999997797,0.7023376827754181,0.0,0.0,0.0,0.0,0.0,0.0001999600079984003
2023-08-28,0.00019999999999997797,0.7024781503119731,0.0,0.0,0.0,0.0,0.0,0.00019996000799840034
2023-08-29,0.00019999999999997797,0.7026186459420355,0.0,0.0,0.0,0.0,0.0,0.0001999600079984003
2023-08-30,0.00019999999999997797,0.7027591696712239,0.0,0.0,0.0,0.0,0.0,0.0001999600079984003
2023-08-31,0.00019999999999997797,0.7028997215051581,0.0,0.0,0.0,0.0,0.0,0.00019996000799840034
2023-09-01,-0.004002399332476925,0.7000864361290077,1.9785177769418456,1.9950124688279303,0.002493765586034913,0.0003911749079871478,0.0,0.0001999600079984003
2023-09-05,0.0010620323440997392,0.7008299505678421,1.9765688125571999,0.0,0.0,0.00039217345103965024,0.0,2.2781533409531744e-06
2023-09-06,-0.00023564167178691253,0.700664805826652,1.9578070583867455,0.0,0.0,0.0003884551065876497,0.0,2.3310090426850796e-06
2023-09-07,-0.0005628035220324179,0.7002704692061686,1.9707430357577862,0.0,0.0,0.0003910782504881065,0.0,4.19445538837359e-06
2023-09-08,0.0005346344853174312,0.7006448579480556,1.9850755824147168,0.0,0.0,0.0003939332124897463,0.0,2.915735855731492e-06
2023-09-11,-0.002620015485096272,0.6988091575706786,0.0,1.9878114552666575,0.002484764319083322,0.0,0.0,1.389701083501622e-06
2023-09-12,0.00019999999999997797,0.6989489194021927,0.0,0.0,0.0,0.0,0.0,0.00019996000799840034
2023-09-13,0.00019999999999997797,0.6990887091860731,0.0,0.0,0.0,0.0,0.0,0.00019996000799840034
2023-09-14,0.00019999999999997797,0.6992285269279104,0.0,0.0,0.0,0.0,0.0,0.0001999600079984003
2023-09-15,0.00019999999999997797,0.699368372633296,0.0,0.0,0.0,0.0,0.0,0.0001999600079984003
2023-09-18,0.00019999999999997797,0.6995082463078226,0.0,0.0,0.0,0.0,0.0,0.00019996000799840037
2023-09-19,0.00019999999999997797,0.6996481479570842,0.0,0.0,0.0,0.0,0.0,0.0001999600079984003
2023-09-20,0.00019999999999997797,0.6997880775866756,0.0,0.0,0.0,0.0,0.0,0.00019996000799840034
2023-09-21,0.00019999999999997797,0.6999280352021929,0.0,0.0,0.0,0.0,0.0,0.0001999600079984003
2023-09-22,0.00019999999999997797,0.7000680208092334,0.0,0.0,0.0,0.0,0.0,0.0001999600079984003
2023-09-25,0.00019999999999997797,0.7002080344133952,0.0,0.0,0.0,0.0,0.0,0.0001999600079984003
2023-09-26,0.00019999999999997797,0.7003480760202778,0.0,0.0,0.0,0.0,0.0,0.00019996000799840034
2023-09-27,0.00019999999999997797,0.7004881456354819,0.0,0.0,0.0,0.0,0.0,0.00019996000799840034
2023-09-28,0.00019999999999997797,0.700628243264609,0.0,0.0,0.0,0.0,0.0,0.0001999600079984003
2023-09-29,0.00019999999999997797,0.700768368913262,0.0,0.0,0.0,0.0,0.0,0.00019996000799840034
2023-10-02,0.00019999999999997797,0.7009085225870446,0.0,0.0,0.0,0.0,0.0,0.00019996000799840034
2023-10-03,0.00019999999999997797,0.7010487042915621,0.0,0.0,0.0,0.0,0.0,0.0001999600079984003
2023-10-04,0.00019999999999997797,0.7011889140324203,0.0,0.0,0.0,0.0,0.0,0.00019996000799840034
2023-10-05,0.00019999999999997797,0.7013291518152268,0.0,0.0,0.0,0.0,0.0,0.00019996000799840034
2023-10-06,0.00019999999999997797,0.7014694176455899,0.0,0.0,0.0,0.0,0.0,0.0001999600079984003
2023-10-09,0.00019999999999997797,0.701609711529119,0.0,0.0,0.0,0.0,0.0,0.00019996000799840034
2023-10-10,0.00019999999999997797,0.7017500334714248,0.0,0.0,0.0,0.0,0.0,0.00019996000799840034
2023-10-11,0.00019999999999997797,0.7018903834781192,0.0,0.0,0.0,0.0,0.0,0.00019996000799840034
2023-10-12,0.00019999999999997797,0.7020307615548148,0.0,0.0,0.0,0.0,0.0,0.0001999600079984003
2023-10-13,-0.0024603236339962864,0.7003035386803691,1.9711179635800735,1.9950124688279303,0.0024937655860349127,0.00039001016197548575,0.0,0.00019996000799840037
2023-10-16,-0.0014896504296840751,0.6992603312130646,2.000165507796234,0.0,0.0,0.00039737871150966335,0.0,2.872531372098101e-06
2023-10-17,0.0004967003229383593,0.6996076540453962,2.0071849121946954,0.0,0.0,0.00039848474287058157,0.0,7.073588295151367e-08
2023-10-18,-0.0008641089408824021,0.6990031168164258,1.9840854309807414,0.0,0.0,0.00039350757582444864,8.639178469817444e-07,0.0
2023-10-19,0.00023589340638308087,0.6991680070427241,1.9799712701441923,0.0,0.0,0.00039283833942547634,0.0,1.6359592918640728e-06
2023-10-20,0.00011699956162147807,0.6992498093930478,1.9483357132498178,0.0,0.0,0.0003865770795177083,0.0,1.985429786107622e-06
2023-10-23,-0.0021778663170274326,0.6977269367859829,1.9673496590449697,0.0,0.0,0.0003898688243038572,0.0,5.100344956890581e-06
2023-10-24,0.00039928438283043377,0.6980055282553216,1.9990331877303498,0.0,0.0,0.000396622030043856,0.0,3.374552380697701e-06
2023-10-25,0.0005667803617415146,0.6984011440811237,1.8070183880357598,0.0,0.0,0.00035963772655215454,0.0,1.2926619657063973e-07
2023-10-26,-0.0012594680752399112,0.6975215301364426,1.7622459838710935,0.0,0.0,0.00034967193622263817,0.0,1.925967159097337e-05
2023-10-27,-0.0008325240970521453,0.6969408266543913,1.7626355060028323,0.0,0.0,0.000349556559692108,0.0,2.3804911524853367e-05
2023-10-30,-0.000612502108515045,0.6965139489285552,1.7970395193798825,0.0,0.0,0.0003565765244278496,0.0,2.3821128764356316e-05
2023-10-31,0.00014062673376646906,0.6966118974102159,1.790828760444793,0.0,0.0,0.0003552756198966792,0.0,2.0394666258277137e-05
2023-11-01,0.0005282958002941207,0.6969799145500526,1.8231899721714777,0.0,0.0,0.0003620115425331431,0.0,2.0988115328640395e-05
2023-11-02,-6.481330694918519e-05,0.6969347409769134,1.8380240134854668,0.0,0.0,0.00036456095495872683,0.0,1.7657956278129952e-05
2023-11-03,-0.0015346034453798119,0.6958652225222054,1.8652856655129657,0.0,0.0,0.0003695895317696399,0.0,1.614326560201324e-05
2023-11-06,0.0002159859999988356,0.6960155196681563,1.8809127789961804,0.0,0.0,0.00037302559054346995,0.0,1.3528622706204727e-05
2023-11-07,-0.0019624583272649376,0.6946496182156779,1.896630561597384,0.0,0.0,0.00037608545990171135,0.0,1.192362218189806e-05
2023-11-08,-0.0002403772685420913,0.6944826402378574,1.9095487224632897,0.0,0.0,0.0003789861889524763,0.0,1.0503434814242243e-05
2023-11-09,-0.0006850577357375709,0.694006879532827,1.8880065976531921,0.0,0.0,0.00037466225080467146,0.0,9.200476348463651e-06
2023-11-10,-0.00036052586519297325,0.6937566721021335,1.9227221445649954,0.0,0.0,0.0003816722950125766,0.0,1.1386592939099655e-05
2023-11-13,-0.0009796770818212286,0.6930770145901145,1.9179645413463335,0.0,0.0,0.00038098711310277595,0.0,7.92239345070923e-06
2023-11-14,-0.0021456911061047412,0.6915898854040629,1.9460950222438191,0.0,0.0,0.0003858403271690822,0.0,8.445783480757117e-06
2023-11-15,4.207817580925699e-05,0.6916189862448489,1.9601194540171527,0.0,0.0,0.00038954441399639345,0.0,5.814957330534528e-06
2023-11-16,-0.0003124063736472671,0.6914029200654105,1.9942317221032293,0.0,0.0,0.0003963154739655055,0.0,4.3722227204297274e-06
2023-11-17,0.0005115364134036238,0.6917565978353575,1.9687733531235665,0.0,0.0,0.0003915614897502702,0.0,9.534293457148063e-07
2023-11-20,-0.0006168281215205296,0.6913299029125652,1.9838805018943901,0.0,0.0,0.00039454816126897484,0.0,3.413295088754096e-06
2023-11-21,-0.0002030381813977744,0.691189536546332,1.9945614744813016,0.0,0.0,0.0003961816453136697,0.0,1.920335727348131e-06
2023-11-22,0.0005648478070814367,0.6915799534403277,2.014561647302955,0.0,0.0,0.0004002525406691461,0.0,8.333061289694878e-07
2023-11-24,-0.0005144693398284605,0.6912241567582427,1.9895443525206185,0.0,0.0,0.0003949098348260019,1.5135519943416289e-06,0.0
2023-11-27,-0.0025890953750415946,0.6894345114908629,0.0,1.980289075436337,0.002475361344295421,0.0,0.0,1.2506717242060144e-06
2023-11-28,0.00019999999999997797,0.6895723983931611,0.0,0.0,0.0,0.0,0.0,0.0001999600079984003
2023-11-29,0.00019999999999997797,0.6897103128728397,0.0,0.0,0.0,0.0,0.0,0.00019996000799840034
2023-11-30,0.00019999999999997797,0.6898482549354142,0.0,0.0,0.0,0.0,0.0,0.00019996000799840034
2023-12-01,0.00019999999999997797,0.6899862245864014,0.0,0.0,0.0,0.0,0.0,0.00019996000799840034
2023-12-04,0.00019999999999997797,0.6901242218313186,0.0,0.0,0.0,0.0,0.0,0.00019996000799840034
2023-12-05,0.00019999999999997797,0.6902622466756849,0.0,0.0,0.0,0.0,0.0,0.0001999600079984003
2023-12-06,0.00019999999999997797,0.6904002991250201,0.0,0.0,0.0,0.0,0.0,0.0001999600079984003
2023-12-07,0.00019999999999997797,0.6905383791848451,0.0,0.0,0.0,0.0,0.0,0.00019996000799840034
2023-12-08,0.00019999999999997797,0.6906764868606821,0.0,0.0,0.0,0.0,0.0,0.0001999600079984003
2023-12-11,0.00019999999999997797,0.6908146221580542,0.0,0.0,0.0,0.0,0.0,0.0001999600079984003
2023-12-12,0.00019999999999997797,0.6909527850824858,0.0,0.0,0.0,0.0,0.0,0.00019996000799840034
2023-12-13,0.00019999999999997797,0.6910909756395023,0.0,0.0,0.0,0.0,0.0,0.00019996000799840034
2023-12-14,0.00019999999999997797,0.6912291938346302,0.0,0.0,0.0,0.0,0.0,0.00019996000799840034
2023-12-15,0.00019999999999997797,0.6913674396733971,0.0,0.0,0.0,0.0,0.0,0.00019996000799840037
2023-12-18,0.00019999999999997797,0.6915057131613318,0.0,0.0,0.0,0.0,0.0,0.00019996000799840034
2023-12-19,0.00019999999999997797,0.691644014303964,0.0,0.0,0.0,0.0,0.0,0.00019996000799840034
2023-12-20,0.00019999999999997797,0.6917823431068248,0.0,0.0,0.0,0.0,0.0,0.00019996000799840034
2023-12-21,0.00019999999999997797,0.6919206995754462,0.0,0.0,0.0,0.0,0.0,0.00019996000799840034
2023-12-22,0.00019999999999997797,0.6920590837153613,0.0,0.0,0.0,0.0,0.0,0.00019996000799840034
2023-12-26,0.00019999999999997797,0.6921974955321044,0.0,0.0,0.0,0.0,0.0,0.00019996000799840034
2023-12-27,0.00019999999999997797,0.6923359350312108,0.0,0.0,0.0,0.0,0.0,0.00019996000799840034
2023-12-28,0.00019999999999997797,0.6924744022182171,0.0,0.0,0.0,0.0,0.0,0.0001999600079984003
2023-12-29,0.00019999999999997797,0.6926128970986607,0.0,0.0,0.0,0.0,0.0,0.00019996000799840037
2024-01-02,0.00019999999999997797,0.6927514196780804,0.0,0.0,0.0,0.0,0.0,0.0001999600079984003
2024-01-03,0.00019999999999997797,0.692889969962016,0.0,0.0,0.0,0.0,0.0,0.00019996000799840034
2024-01-04,0.00019999999999997797,0.6930285479560084,0.0,0.0,0.0,0.0,0.0,0.00019996000799840034
2024-01-05,0.00019999999999997797,0.6931671536655997,0.0,0.0,0.0,0.0,0.0,0.0001999600079984003
2024-01-08,0.00019999999999997797,0.6933057870963328,0.0,0.0,0.0,0.0,0.0,0.0001999600079984003
2024-01-09,0.00019999999999997797,0.6934444482537521,0.0,0.0,0.0,0.0,0.0,0.00019996000799840034
2024-01-10,0.00019999999999997797,0.6935831371434028,0.0,0.0,0.0,0.0,0.0,0.00019996000799840034
2024-01-11,0.00019999999999997797,0.6937218537708315,0.0,0.0,0.0,0.0,0.0,0.0001999600079984003
2024-01-12,0.00019999999999997797,0.6938605981415856,0.0,0.0,0.0,0.0,0.0,0.00019996000799840034
2024-01-16,0.00019999999999997797,0.6939993702612139,0.0,0.0,0.0,0.0,0.0,0.00019996000799840034
2024-01-17,0.00019999999999997797,0.6941381701352662,0.0,0.0,0.0,0.0,0.0,0.0001999600079984003
2024-01-18,0.00019999999999997797,0.6942769977692933,0.0,0.0,0.0,0.0,0.0,0.0001999600079984003
2024-01-19,0.00019999999999997797,0.6944158531688471,0.0,0.0,0.0,0.0,0.0,0.00019996000799840037
2024-01-22,0.00019999999999997797,0.694554736339481,0.0,0.0,0.0,0.0,0.0,0.00019996000799840029
2024-01-23,0.00019999999999997797,0.6946936472867489,0.0,0.0,0.0,0.0,0.0,0.0001999600079984003
2024-01-24,0.00019999999999997797,0.6948325860162062,0.0,0.0,0.0,0.0,0.0,0.00019996000799840034
2024-01-25,0.00019999999999997797,0.6949715525334095,0.0,0.0,0.0,0.0,0.0,0.00019996000799840034
2024-01-26,0.00019999999999997797,0.6951105468439162,0.0,0.0,0.0,0.0,0.0,0.0001999600079984003
2024-01-29,0.00019999999999997797,0.6952495689532849,0.0,0.0,0.0,0.0,0.0,0.00019996000799840034
2024-01-30,0.00019999999999997797,0.6953886188670756,0.0,0.0,0.0,0.0,0.0,0.00019996000799840034
2024-01-31,0.00019999999999997797,0.695527696590849,0.0,0.0,0.0,0.0,0.0,0.00019996000799840034
2024-02-01,0.00019999999999997797,0.6956668021301672,0.0,0.0,0.0,0.0,0.0,0.00019996000799840034
2024-02-02,0.00019999999999997797,0.6958059354905932,0.0,0.0,0.0,0.0,0.0,0.00019996000799840034
2024-02-05,0.00019999999999997797,0.6959450966776913,0.0,0.0,0.0,0.0,0.0,0.00019996000799840034
2024-02-06,0.00019999999999997797,0.6960842856970268,0.0,0.0,0.0,0.0,0.0,0.00019996000799840034
2024-02-07,0.00019999999999997797,0.6962235025541662,0.0,0.0,0.0,0.0,0.0,0.00019996000799840034
2024-02-08,0.00019999999999997797,0.6963627472546771,0.0,0.0,0.0,0.0,0.0,0.0001999600079984003
2024-02-09,0.00019999999999997797,0.696502019804128,0.0,0.0,0.0,0.0,0.0,0.00019996000799840034
2024-02-12,0.00019999999999997797,0.6966413202080888,0.0,0.0,0.0,0.0,0.0,0.0001999600079984003
2024-02-13,0.00019999999999997797,0.6967806484721304,0.0,0.0,0.0,0.0,0.0,0.0001999600079984003
2024-02-14,0.00019999999999997797,0.6969200046018248,0.0,0.0,0.0,0.0,0.0,0.00019996000799840034
2024-02-15,0.00019999999999997797,0.6970593886027452,0.0,0.0,0.0,0.0,0.0,0.0001999600079984003
2024-02-16,0.00019999999999997797,0.6971988004804658,0.0,0.0,0.0,0.0,0.0,0.00019996000799840034
2024-02-20,0.00019999999999997797,0.6973382402405619,0.0,0.0,0.0,0.0,0.0,0.0001999600079984003
2024-02-21,0.00019999999999997797,0.69747770788861,0.0,0.0,0.0,0.0,0.0,0.00019996000799840034
2024-02-22,0.00019999999999997797,0.6976172034301877,0.0,0.0,0.0,0.0,0.0,0.0001999600079984003
2024-02-23,0.00019999999999997797,0.6977567268708738,0.0,0.0,0.0,0.0,0.0,0.00019996000799840034
2024-02-26,0.00019999999999997797,0.6978962782162479,0.0,0.0,0.0,0.0,0.0,0.00019996000799840034
2024-02-27,0.00019999999999997797,0.6980358574718911,0.0,0.0,0.0,0.0,0.0,0.00019996000799840037
2024-02-28,0.00019999999999997797,0.6981754646433855,0.0,0.0,0.0,0.0,0.0,0.0001999600079984003
2024-02-29,0.00019999999999997797,0.6983150997363142,0.0,0.0,0.0,0.0,0.0,0.0001999600079984003
2024-03-01,0.00019999999999997797,0.6984547627562615,0.0,0.0,0.0,0.0,0.0,0.00019996000799840034
2024-03-04,0.00019999999999997797,0.6985944537088128,0.0,0.0,0.0,0.0,0.0,0.0001999600079984003
2024-03-05,0.00019999999999997797,0.6987341725995545,0.0,0.0,0.0,0.0,0.0,0.00019996000799840034
2024-03-06,0.00019999999999997797,0.6988739194340744,0.0,0.0,0.0,0.0,0.0,0.00019996000799840034
2024-03-07,0.00019999999999997797,0.6990136942179612,0.0,0.0,0.0,0.0,0.0,0.00019996000799840034
2024-03-08,0.00019999999999997797,0.6991534969568048,0.0,0.0,0.0,0.0,0.0,0.0001999600079984003
2024-03-11,0.00019999999999997797,0.6992933276561962,0.0,0.0,0.0,0.0,0.0,0.00019996000799840034
2024-03-12,0.00019999999999997797,0.6994331863217275,0.0,0.0,0.0,0.0,0.0,0.00019996000799840034
2024-03-13,0.00019999999999997797,0.6995730729589918,0.0,0.0,0.0,0.0,0.0,0.0001999600079984003
2024-03-14,0.00019999999999997797,0.6997129875735837,0.0,0.0,0.0,0.0,0.0,0.0001999600079984003
2024-03-15,0.00019999999999997797,0.6998529301710984,0.0,0.0,0.0,0.0,0.0,0.0001999600079984003
2024-03-18,0.00019999999999997797,0.6999929007571326,0.0,0.0,0.0,0.0,0.0,0.00019996000799840034
2024-03-19,-0.0021764443110530163,0.6984694051905023,1.9850236312207334,1.99501246882793,0.0024937655860349122,0.00039281679823590103,0.0,0.0001999600079984003
2024-03-20,-0.00012481635449235196,0.698382224785622,2.0086267894048526,0.0,0.0,0.0003986130770736849,0.0,1.4474754028865774e-06
2024-03-21,0.0009882633349449499,0.6990724103321548,1.9926533325473539,0.0,0.0,0.00039557832186629035,1.1285141869754472e-06,0.0
2024-03-22,-0.0014592514050841832,0.6980522879351221,2.0373197914171945,0.0,0.0,0.00040349656018039484,0.0,5.181076689174607e-07
2024-03-25,0.00015655223246779926,0.6981615695791776,2.0281111347325735,0.0,0.0,0.0004020960416191131,4.60526587182073e-06,0.0
2024-03-26,-0.000765439752307473,0.6976271689602883,2.0374148523680145,0.0,0.0,0.0004038447466067878,3.571065234833712e-06,0.0
2024-03-27,-0.00014765368829505743,0.6975241617357365,2.040680266551083,0.0,0.0,0.00040471000291865,4.643894549682534e-06,0.0
2024-03-28,0.0013352505492596478,0.698455531255816,2.040511856676425,0.0,0.0,0.0004045287378323204,5.061757753355755e-06,0.0
2024-04-01,-0.0038166425410736116,0.695789776162177,0.0,2.0385983126310157,0.00254824789078877,0.0,5.2595613738850046e-06,0.0
2024-04-02,0.00019999999999997797,0.6959289341174094,0.0,0.0,0.0,0.0,0.0,0.00019996000799840034
2024-04-03,0.00019999999999997797,0.6960681199042329,0.0,0.0,0.0,0.0,0.0,0.00019996000799840034
2024-04-04,0.00019999999999997797,0.6962073335282137,0.0,0.0,0.0,0.0,0.0,0.0001999600079984003
2024-04-05,0.00019999999999997797,0.6963465749949194,0.0,0.0,0.0,0.0,0.0,0.00019996000799840034
2024-04-08,0.00019999999999997797,0.6964858443099183,0.0,0.0,0.0,0.0,0.0,0.0001999600079984003
2024-04-09,0.00019999999999997797,0.6966251414787803,0.0,0.0,0.0,0.0,0.0,0.00019996000799840034
2024-04-10,0.00019999999999997797,0.696764466507076,0.0,0.0,0.0,0.0,0.0,0.00019996000799840037
2024-04-11,0.00019999999999997797,0.6969038194003775,0.0,0.0,0.0,0.0,0.0,0.0001999600079984003
2024-04-12,0.00019999999999997797,0.6970432001642576,0.0,0.0,0.0,0.0,0.0,0.0001999600079984003
2024-04-15,0.00019999999999997797,0.6971826088042904,0.0,0.0,0.0,0.0,0.0,0.00019996000799840034
2024-04-16,0.00019999999999997797,0.6973220453260512,0.0,0.0,0.0,0.0,0.0,0.00019996000799840034
2024-04-17,0.00019999999999997797,0.6974615097351164,0.0,0.0,0.0,0.0,0.0,0.00019996000799840034
2024-04-18,0.00019999999999997797,0.6976010020370634,0.0,0.0,0.0,0.0,0.0,0.00019996000799840034
2024-04-19,0.00019999999999997797,0.6977405222374709,0.0,0.0,0.0,0.0,0.0,0.0001999600079984003
2024-04-22,0.00019999999999997797,0.6978800703419183,0.0,0.0,0.0,0.0,0.0,0.0001999600079984003
2024-04-23,0.00019999999999997797,0.6980196463559867,0.0,0.0,0.0,0.0,0.0,0.00019996000799840034
2024-04-24,0.00019999999999997797,0.6981592502852578,0.0,0.0,0.0,0.0,0.0,0.00019996000799840034
2024-04-25,0.00019999999999997797,0.6982988821353149,0.0,0.0,0.0,0.0,0.0,0.00019996000799840034
2024-04-26,0.00019999999999997797,0.6984385419117419,0.0,0.0,0.0,0.0,0.0,0.00019996000799840034
2024-04-29,0.00019999999999997797,0.6985782296201243,0.0,0.0,0.0,0.0,0.0,0.00019996000799840034
2024-04-30,0.00019999999999997797,0.6987179452660484,0.0,0.0,0.0,0.0,0.0,0.00019996000799840029
2024-05-01,0.00019999999999997797,0.6988576888551016,0.0,0.0,0.0,0.0,0.0,0.0001999600079984003
2024-05-02,0.00019999999999997797,0.6989974603928726,0.0,0.0,0.0,0.0,0.0,0.00019996000799840034
2024-05-03,0.00019999999999997797,0.6991372598849511,0.0,0.0,0.0,0.0,0.0,0.00019996000799840034
2024-05-06,0.00019999999999997797,0.6992770873369281,0.0,0.0,0.0,0.0,0.0,0.00019996000799840034
2024-05-07,0.00019999999999997797,0.6994169427543955,0.0,0.0,0.0,0.0,0.0,0.0001999600079984003
2024-05-08,0.00019999999999997797,0.6995568261429463,0.0,0.0,0.0,0.0,0.0,0.0001999600079984003
2024-05-09,0.00019999999999997797,0.699696737508175,0.0,0.0,0.0,0.0,0.0,0.00019996000799840034
2024-05-10,0.00019999999999997797,0.6998366768556766,0.0,0.0,0.0,0.0,0.0,0.0001999600079984003
2024-05-13,0.00019999999999997797,0.6999766441910478,0.0,0.0,0.0,0.0,0.0,0.00019996000799840034
2024-05-14,0.00019999999999997797,0.700116639519886,0.0,0.0,0.0,0.0,0.0,0.0001999600079984003
2024-05-15,0.00019999999999997797,0.70025666284779,0.0,0.0,0.0,0.0,0.0,0.00019996000799840034
2024-05-16,0.00019999999999997797,0.7003967141803595,0.0,0.0,0.0,0.0,0.0,0.0001999600079984003
2024-05-17,0.00019999999999997797,0.7005367935231956,0.0,0.0,0.0,0.0,0.0,0.0001999600079984003
2024-05-20,0.00019999999999997797,0.7006769008819003,0.0,0.0,0.0,0.0,0.0,0.00019996000799840034
2024-05-21,0.00019999999999997797,0.7008170362620767,0.0,0.0,0.0,0.0,0.0,0.00019996000799840034
2024-05-22,0.00019999999999997797,0.7009571996693291,0.0,0.0,0.0,0.0,0.0,0.0001999600079984003
2024-05-23,0.00019999999999997797,0.701097391109263,0.0,0.0,0.0,0.0,0.0,0.00019996000799840034
2024-05-24,0.00019999999999997797,0.7012376105874848,0.0,0.0,0.0,0.0,0.0,0.00019996000799840034
2024-05-28,0.00019999999999997797,0.7013778581096023,0.0,0.0,0.0,0.0,0.0,0.00019996000799840034
2024-05-29,0.00019999999999997797,0.7015181336812242,0.0,0.0,0.0,0.0,0.0,0.00019996000799840034
2024-05-30,0.00019999999999997797,0.7016584373079604,0.0,0.0,0.0,0.0,0.0,0.00019996000799840034
2024-05-31,0.00019999999999997797,0.701798768995422,0.0,0.0,0.0,0.0,0.0,0.00019996000799840034
2024-06-03,0.00019999999999997797,0.7019391287492212,0.0,0.0,0.0,0.0,0.0,0.0001999600079984003
2024-06-04,0.00019999999999997797,0.702079516574971,0.0,0.0,0.0,0.0,0.0,0.00019996000799840034
2024-06-05,0.00019999999999997797,0.7022199324782861,0.0,0.0,0.0,0.0,0.0,0.00019996000799840034
2024-06-06,0.00019999999999997797,0.7023603764647818,0.0,0.0,0.0,0.0,0.0,0.0001999600079984003
2024-06-07,0.00019999999999997797,0.7025008485400748,0.0,0.0,0.0,0.0,0.0,0.0001999600079984003
2024-06-10,0.00019999999999997797,0.7026413487097828,0.0,0.0,0.0,0.0,0.0,0.00019996000799840034
2024-06-11,0.00019999999999997797,0.7027818769795248,0.0,0.0,0.0,0.0,0.0,0.0001999600079984003
2024-06-12,0.00019999999999997797,0.7029224333549207,0.0,0.0,0.0,0.0,0.0,0.00019996000799840034
2024-06-13,0.00019999999999997797,0.7030630178415916,0.0,0.0,0.0,0.0,0.0,0.0001999600079984003
2024-06-14,0.00019999999999997797,0.70320363044516,0.0,0.0,0.0,0.0,0.0,0.00019996000799840034
2024-06-17,0.00019999999999997797,0.703344271171249,0.0,0.0,0.0,0.0,0.0,0.00019996000799840034
2024-06-18,0.00019999999999997797,0.7034849400254832,0.0,0.0,0.0,0.0,0.0,0.00019996000799840034
2024-06-20,0.00019999999999997797,0.7036256370134883,0.0,0.0,0.0,0.0,0.0,0.0001999600079984003
2024-06-21,0.00019999999999997797,0.703766362140891,0.0,0.0,0.0,0.0,0.0,0.00019996000799840034
2024-06-24,-0.00017931605721810406,0.7036401655316292,1.9878654705192231,1.99501246882793,0.0024937655860349127,0.00039377049526393776,0.0,0.00019996000799840034
2024-06-25,-0.0027502500923095585,0.7017049791014232,0.0,1.9925536373102701,0.0024906920466378378,0.0,0.0,9.627787210452346e-07
2024-06-26,0.00019999999999997797,0.7018453200972434,0.0,0.0,0.0,0.0,0.0,0.0001999600079984003
2024-06-27,0.00019999999999997797,0.7019856891612629,0.0,0.0,0.0,0.0,0.0,0.00019996000799840034
2024-06-28,0.00019999999999997797,0.7021260862990951,0.0,0.0,0.0,0.0,0.0,0.00019996000799840034
2024-07-01,0.00019999999999997797,0.7022665115163549,0.0,0.0,0.0,0.0,0.0,0.00019996000799840034
2024-07-02,0.00019999999999997797,0.7024069648186582,0.0,0.0,0.0,0.0,0.0,0.0001999600079984003
2024-07-03,0.00019999999999997797,0.7025474462116219,0.0,0.0,0.0,0.0,0.0,0.00019996000799840034
2024-07-05,0.00019999999999997797,0.7026879557008643,0.0,0.0,0.0,0.0,0.0,0.0001999600079984003
2024-07-08,0.00019999999999997797,0.7028284932920045,0.0,0.0,0.0,0.0,0.0,0.00019996000799840034
2024-07-09,0.00019999999999997797,0.7029690589906629,0.0,0.0,0.0,0.0,0.0,0.00019996000799840034
2024-07-10,0.00019999999999997797,0.703109652802461,0.0,0.0,0.0,0.0,0.0,0.0001999600079984003
2024-07-11,0.00019999999999997797,0.7032502747330215,0.0,0.0,0.0,0.0,0.0,0.0001999600079984003
2024-07-12,0.00019999999999997797,0.703390924787968,0.0,0.0,0.0,0.0,0.0,0.0001999600079984003
2024-07-15,0.00019999999999997797,0.7035316029729256,0.0,0.0,0.0,0.0,0.0,0.0001999600079984003
2024-07-16,0.00019999999999997797,0.7036723092935202,0.0,0.0,0.0,0.0,0.0,0.00019996000799840034
2024-07-17,0.00019999999999997797,0.7038130437553789,0.0,0.0,0.0,0.0,0.0,0.00019996000799840034
2024-07-18,0.00019999999999997797,0.70395380636413,0.0,0.0,0.0,0.0,0.0,0.00019996000799840034
2024-07-19,0.00019999999999997797,0.7040945971254028,0.0,0.0,0.0,0.0,0.0,0.00019996000799840034
2024-07-22,0.00019999999999997797,0.7042354160448279,0.0,0.0,0.0,0.0,0.0,0.00019996000799840034
2024-07-23,0.00019999999999997797,0.7043762631280368,0.0,0.0,0.0,0.0,0.0,0.00019996000799840034
2024-07-24,0.00019999999999997797,0.7045171383806624,0.0,0.0,0.0,0.0,0.0,0.0001999600079984003
2024-07-25,0.00019999999999997797,0.7046580418083386,0.0,0.0,0.0,0.0,0.0,0.00019996000799840034
2024-07-26,0.00019999999999997797,0.7047989734167003,0.0,0.0,0.0,0.0,0.0,0.0001999600079984003
2024-07-29,0.00019999999999997797,0.7049399332113836,0.0,0.0,0.0,0.0,0.0,0.00019996000799840034
2024-07-30,0.00019999999999997797,0.7050809211980259,0.0,0.0,0.0,0.0,0.0,0.0001999600079984003
2024-07-31,0.00019999999999997797,0.7052219373822655,0.0,0.0,0.0,0.0,0.0,0.00019996000799840037
2024-08-01,0.00019999999999997797,0.7053629817697419,0.0,0.0,0.0,0.0,0.0,0.00019996000799840034
2024-08-02,0.00019999999999997797,0.7055040543660959,0.0,0.0,0.0,0.0,0.0,0.0001999600079984003
2024-08-05,0.00019999999999997797,0.7056451551769691,0.0,0.0,0.0,0.0,0.0,0.0001999600079984003
2024-08-06,0.00019999999999997797,0.7057862842080045,0.0,0.0,0.0,0.0,0.0,0.00019996000799840034
2024-08-07,-0.0017581882368449264,0.7045453790653835,1.9693626303650527,1.99501246882793,0.0024937655860349127,0.00038979786745526424,0.0,0.0001999600079984003
2024-08-08,-0.00016134840763304403,0.7044317017903661,2.007757896883497,0.0,0.0,0.00039807995099095723,0.0,2.971053226851319e-06
2024-08-09,0.00027182078490395334,0.7046231809684579,2.0268651980378305,0.0,0.0,0.00040153232100035744,1.0679344210477741e-06,0.0
2024-08-12,-0.00013836792000188058,0.7045256837245222,2.0097751072383643,0.0,0.0,0.0003980911963348256,3.437820865549869e-06,0.0
2024-08-13,-0.0009368293877471956,0.7038656633595863,2.03539626588117,0.0,0.0,0.00040340968413470014,1.4239483805568454e-06,0.0
2024-08-14,-1.1167242634502195e-05,0.7038578031209415,1.9880028096804991,0.0,0.0,0.0003942034488274839,4.431624210778419e-06,0.0
2024-08-15,-0.0016124029731083844,0.7027229007065438,2.003990909793445,0.0,0.0,0.0003969467344881897,0.0,1.0044132003930223e-06
2024-08-16,0.00027665935248100126,0.7029173155692268,2.0233842530209247,0.0,0.0,0.00040146207469136626,5.672719856242897e-07,0.0
2024-08-19,0.00017441714225396865,0.7030399163986492,2.0685330729762508,0.0,0.0,0.0004098751781121022,2.970820073825188e-06,0.0
2024-08-20,-0.0006879285566866455,0.7025562751636679,2.0765655425730363,0.0,0.0,0.0004116628439575736,8.459113819823505e-06,0.0
2024-08-21,-0.0005185900691665468,0.7021919364563374,2.061201362878101,0.0,0.0,0.00040864865968628103,9.389110046568535e-06,0.0
2024-08-22,-1.3498866756500583e-05,0.7021824576609497,2.035333344900162,0.0,0.0,0.0004033863617282873,7.530131770505196e-06,0.0
2024-08-23,-0.001011903156510563,0.7014719170155962,2.0606550758756974,0.0,0.0,0.0004084859174360859,4.482021857170724e-06,0.0
2024-08-26,-0.0001301409038700907,0.7013806268262763,2.0673608015925997,0.0,0.0,0.0004096860170389195,7.439429909339098e-06,0.0
2024-08-27,-9.64368100435653e-05,0.7013129879159988,2.0488108234259763,0.0,0.0,0.00040607864360473476,8.279732636496288e-06,0.0
2024-08-28,-0.00023877285883699972,0.7011455334089346,2.0263355379710855,0.0,0.0,0.00040160583601475485,6.095899815374933e-06,0.0
2024-08-29,-0.00029913392009051076,0.7009357969969721,2.0135061730225132,0.0,0.0,0.0003991287457051722,3.423099294095215e-06,0.0
2024-08-30,-0.000960464451115417,0.7002625730814422,2.0359535356386425,0.0,0.0,0.0004031468310467317,1.8959746822488729e-06,0.0
2024-09-03,0.0021066737975556915,0.7017377978955619,1.9542541686050667,0.0,0.0,0.00038744847414481286,4.51693087748181e-06,0.0
2024-09-04,-0.0034961239878495975,0.6992844355471585,0.0,1.9486806790121602,0.0024358508487652003,0.0,0.0,4.153620884345319e-06
2024-09-05,0.00019999999999997797,0.6994242924342678,0.0,0.0,0.0,0.0,0.0,0.00019996000799840034
2024-09-06,0.00019999999999997797,0.6995641772927547,0.0,0.0,0.0,0.0,0.0,0.00019996000799840034
2024-09-09,0.00019999999999997797,0.6997040901282132,0.0,0.0,0.0,0.0,0.0,0.0001999600079984003
2024-09-10,-0.0003014597633880234,0.6994931574987615,1.9746501584092244,1.99501246882793,0.0024937655860349127,0.0003911263127782958,0.0,0.00019996000799840037
2024-09-11,-0.0037267205360749234,0.696886341983867,0.0,1.992594141157474,0.0024907426764468428,0.0,0.0,2.2993604125664566e-06
2024-09-12,0.00019999999999997797,0.6970257192522638,0.0,0.0,0.0,0.0,0.0,0.00019996000799840034
2024-09-13,-0.0029135143991871892,0.6949949247826185,2.0271608055574273,1.99501246882793,0.0024937655860349122,0.0004010056733785167,0.0,0.00019996000799840034
2024-09-16,-0.00030191044846716864,0.6947850985531949,2.03560591632823,0.0,0.0,0.0004035055727391803,3.2264841850947674e-06,0.0
2024-09-17,-0.0002676444923619403,0.694599143148192,2.052526953789194,0.0,0.0,0.00040678459592109886,4.249794816137416e-06,0.0
2024-09-18,-0.00017777707820076927,0.6944756593420024,2.059442946291228,0.0,0.0,0.0004084266958168174,6.297456935988088e-06,0.0
2024-09-19,0.0001294009730805623,0.694565525168102,2.089745991699722,0.0,0.0,0.0004142965752491157,7.151809395367193e-06,0.0
2024-09-20,-0.0008047900101660899,0.6940065457720409,2.109748876196863,0.0,0.0,0.0004184170185117101,1.0859557881617256e-05,0.0
2024-09-23,0.0007287411974283842,0.6945122969332299,2.0869490161754505,0.0,0.0,0.0004142387477065672,1.3211138135503003e-05,0.0
2024-09-24,0.0003902899896146561,0.6947833581303872,2.092617090681049,0.0,0.0,0.0004149081660014693,1.061211875956879e-05,0.0
2024-09-25,-0.0016235086400748777,0.6936553713454823,0.0,2.0810076090670337,0.0026012595113337924,0.0,1.1377295048074493e-05,0.0
2024-09-26,0.00019999999999997797,0.6937941024197514,0.0,0.0,0.0,0.0,0.0,0.00019996000799840034
2024-09-27,0.00019999999999997797,0.6939328612402353,0.0,0.0,0.0,0.0,0.0,0.00019996000799840034
2024-09-30,0.00019999999999997797,0.6940716478124834,0.0,0.0,0.0,0.0,0.0,0.00019996000799840034
2024-10-01,0.00019999999999997797,0.694210462142046,0.0,0.0,0.0,0.0,0.0,0.0001999600079984003
2024-10-02,0.00019999999999997797,0.6943493042344744,0.0,0.0,0.0,0.0,0.0,0.0001999600079984003
2024-10-03,0.00019999999999997797,0.6944881740953213,0.0,0.0,0.0,0.0,0.0,0.00019996000799840034
2024-10-04,0.00019999999999997797,0.6946270717301404,0.0,0.0,0.0,0.0,0.0,0.0001999600079984003
2024-10-07,0.00019999999999997797,0.6947659971444864,0.0,0.0,0.0,0.0,0.0,0.00019996000799840034
2024-10-08,0.00019999999999997797,0.6949049503439153,0.0,0.0,0.0,0.0,0.0,0.00019996000799840034
2024-10-09,0.00019999999999997797,0.6950439313339841,0.0,0.0,0.0,0.0,0.0,0.0001999600079984003
2024-10-10,0.00019999999999997797,0.695182940120251,0.0,0.0,0.0,0.0,0.0,0.0001999600079984003
2024-10-11,0.00019999999999997797,0.695321976708275,0.0,0.0,0.0,0.0,0.0,0.00019996000799840034
2024-10-14,0.00019999999999997797,0.6954610411036166,0.0,0.0,0.0,0.0,0.0,0.00019996000799840034
2024-10-15,0.00019999999999997797,0.6956001333118373,0.0,0.0,0.0,0.0,0.0,0.0001999600079984003
2024-10-16,0.00019999999999997797,0.6957392533384997,0.0,0.0,0.0,0.0,0.0,0.0001999600079984003
2024-10-17,0.00019999999999997797,0.6958784011891674,0.0,0.0,0.0,0.0,0.0,0.00019996000799840034
2024-10-18,0.00019999999999997797,0.6960175768694052,0.0,0.0,0.0,0.0,0.0,0.00019996000799840034
2024-10-21,0.00019999999999997797,0.6961567803847791,0.0,0.0,0.0,0.0,0.0,0.00019996000799840034
2024-10-22,0.00019999999999997797,0.6962960117408561,0.0,0.0,0.0,0.0,0.0,0.00019996000799840034
2024-10-23,0.00019999999999997797,0.6964352709432042,0.0,0.0,0.0,0.0,0.0,0.00019996000799840034
2024-10-24,0.00019999999999997797,0.6965745579973929,0.0,0.0,0.0,0.0,0.0,0.00019996000799840034
2024-10-25,0.00019999999999997797,0.6967138729089923,0.0,0.0,0.0,0.0,0.0,0.00019996000799840034
2024-10-28,0.00019999999999997797,0.6968532156835742,0.0,0.0,0.0,0.0,0.0,0.0001999600079984003
2024-10-29,0.00019999999999997797,0.6969925863267109,0.0,0.0,0.0,0.0,0.0,0.00019996000799840034
2024-10-30,0.00019999999999997797,0.6971319848439762,0.0,0.0,0.0,0.0,0.0,0.00019996000799840034
2024-10-31,0.00019999999999997797,0.697271411240945,0.0,0.0,0.0,0.0,0.0,0.0001999600079984003
2024-11-01,0.00019999999999997797,0.6974108655231932,0.0,0.0,0.0,0.0,0.0,0.00019996000799840034
2024-11-04,0.00019999999999997797,0.6975503476962979,0.0,0.0,0.0,0.0,0.0,0.00019996000799840034
2024-11-05,0.00019999999999997797,0.6976898577658371,0.0,0.0,0.0,0.0,0.0,0.0001999600079984003
2024-11-06,0.00019999999999997797,0.6978293957373903,0.0,0.0,0.0,0.0,0.0,0.00019996000799840034
2024-11-07,0.00019999999999997797,0.6979689616165378,0.0,0.0,0.0,0.0,0.0,0.00019996000799840034
2024-11-08,0.00019999999999997797,0.6981085554088611,0.0,0.0,0.0,0.0,0.0,0.0001999600079984003
2024-11-11,0.00019999999999997797,0.6982481771199428,0.0,0.0,0.0,0.0,0.0,0.00019996000799840034
2024-11-12,0.00019999999999997797,0.6983878267553668,0.0,0.0,0.0,0.0,0.0,0.0001999600079984003
2024-11-13,0.00019999999999997797,0.6985275043207179,0.0,0.0,0.0,0.0,0.0,0.00019996000799840037
2024-11-14,0.00019999999999997797,0.698667209821582,0.0,0.0,0.0,0.0,0.0,0.0001999600079984003
2024-11-15,0.00019999999999997797,0.6988069432635463,0.0,0.0,0.0,0.0,0.0,0.00019996000799840034
2024-11-18,0.00019999999999997797,0.698946704652199,0.0,0.0,0.0,0.0,0.0,0.00019996000799840034
2024-11-19,0.00019999999999997797,0.6990864939931294,0.0,0.0,0.0,0.0,0.0,0.00019996000799840034
2024-11-20,0.00019999999999997797,0.699226311291928,0.0,0.0,0.0,0.0,0.0,0.0001999600079984003
2024-11-21,0.00019999999999997797,0.6993661565541864,0.0,0.0,0.0,0.0,0.0,0.00019996000799840034
2024-11-22,0.00019999999999997797,0.6995060297854973,0.0,0.0,0.0,0.0,0.0,0.0001999600079984003
2024-11-25,0.00019999999999997797,0.6996459309914543,0.0,0.0,0.0,0.0,0.0,0.00019996000799840034
2024-11-26,0.00019999999999997797,0.6997858601776527,0.0,0.0,0.0,0.0,0.0,0.0001999600079984003
2024-11-27,0.00019999999999997797,0.6999258173496882,0.0,0.0,0.0,0.0,0.0,0.0001999600079984003
2024-11-29,0.00019999999999997797,0.7000658025131581,0.0,0.0,0.0,0.0,0.0,0.00019996000799840034
2024-12-02,0.00019999999999997797,0.7002058156736607,0.0,0.0,0.0,0.0,0.0,0.0001999600079984003
2024-12-03,0.00019999999999997797,0.7003458568367954,0.0,0.0,0.0,0.0,0.0,0.0001999600079984003
2024-12-04,0.00019999999999997797,0.7004859260081627,0.0,0.0,0.0,0.0,0.0,0.00019996000799840034
2024-12-05,0.00019999999999997797,0.7006260231933643,0.0,0.0,0.0,0.0,0.0,0.00019996000799840037
2024-12-06,0.00019999999999997797,0.700766148398003,0.0,0.0,0.0,0.0,0.0,0.00019996000799840034
2024-12-09,0.00019999999999997797,0.7009063016276826,0.0,0.0,0.0,0.0,0.0,0.0001999600079984003
2024-12-10,0.00019999999999997797,0.7010464828880082,0.0,0.0,0.0,0.0,0.0,0.00019996000799840034
2024-12-11,0.00019999999999997797,0.7011866921845858,0.0,0.0,0.0,0.0,0.0,0.0001999600079984003
2024-12-12,0.00019999999999997797,0.7013269295230228,0.0,0.0,0.0,0.0,0.0,0.0001999600079984003
2024-12-13,0.00019999999999997797,0.7014671949089274,0.0,0.0,0.0,0.0,0.0,0.00019996000799840034
2024-12-16,0.00019999999999997797,0.7016074883479092,0.0,0.0,0.0,0.0,0.0,0.0001999600079984003
2024-12-17,0.00019999999999997797,0.7017478098455788,0.0,0.0,0.0,0.0,0.0,0.0001999600079984003
2024-12-18,0.00019999999999997797,0.7018881594075479,0.0,0.0,0.0,0.0,0.0,0.00019996000799840037
2024-12-19,0.00019999999999997797,0.7020285370394294,0.0,0.0,0.0,0.0,0.0,0.00019996000799840034
2024-12-20,0.00019999999999997797,0.7021689427468373,0.0,0.0,0.0,0.0,0.0,0.0001999600079984003
2024-12-23,0.00019999999999997797,0.7023093765353866,0.0,0.0,0.0,0.0,0.0,0.00019996000799840034
2024-12-24,0.00019999999999997797,0.7024498384106936,0.0,0.0,0.0,0.0,0.0,0.00019996000799840034
2024-12-26,0.00019999999999997797,0.7025903283783758,0.0,0.0,0.0,0.0,0.0,0.0001999600079984003
2024-12-27,0.00019999999999997797,0.7027308464440515,0.0,0.0,0.0,0.0,0.0,0.00019996000799840034
2024-12-30,0.00019999999999997797,0.7028713926133403,0.0,0.0,0.0,0.0,0.0,0.00019996000799840034
2024-12-31,0.00019999999999997797,0.703011966891863,0.0,0.0,0.0,0.0,0.0,0.00019996000799840034
2025-01-02,0.00019999999999997797,0.7031525692852413,0.0,0.0,0.0,0.0,0.0,0.00019996000799840037
2025-01-03,0.00019999999999997797,0.7032931997990983,0.0,0.0,0.0,0.0,0.0,0.00019996000799840034
2025-01-06,0.00019999999999997797,0.7034338584390581,0.0,0.0,0.0,0.0,0.0,0.0001999600079984003
2025-01-07,-0.0023370398929192238,0.701789905449856,1.9839982792541453,1.9950124688279303,0.0024937655860349127,0.00039258253718861715,0.0,0.00019996000799840034
2025-01-08,0.0007663830504016644,0.7023277453383358,1.9680187844699608,0.0,0.0,0.00039013114594171444,0.0,1.5637018449478352e-06
2025-01-10,-0.0018891640779075125,0.7010009329909248,1.9508325338829442,0.0,0.0,0.0003869659161496683,0.0,3.0525826693759864e-06
2025-01-13,0.00040808600809705275,0.7012870016633413,1.9403656630354729,0.0,0.0,0.0003846782929804058,0.0,4.9128155832423235e-06
2025-01-14,0.00021917194919440774,0.7014407041024406,1.926830311799575,0.0,0.0,0.0003821560604883899,0.0,5.885351293733e-06
2025-01-15,-0.00035991922002442944,0.7011882421113267,1.9873683616490465,0.0,0.0,0.00039419363235992125,0.0,7.184170483092614e-06
2025-01-16,4.4378542968903645e-05,0.7012193598238585,1.9609020253444045,0.0,0.0,0.0003882033229028772,0.0,1.1207501312443067e-06
2025-01-17,-0.00023060906549454696,0.7010576522825829,1.9929020169992826,0.0,0.0,0.0003949298430473311,0.0,3.7256960763744905e-06
2025-01-21,-0.0003081771308088843,0.7008416023467708,2.014436650988344,0.0,0.0,0.00039940956207422254,0.0,5.099102436256216e-07
2025-01-22,-7.482198691399766e-06,0.7008363585106508,2.0180975968673356,0.0,0.0,0.00040011432810747,1.981933182639845e-06,0.0
2025-01-23,-0.0016071994457216299,0.699709974703711,0.0,2.01483573074594,0.0025185446634324255,0.0,2.464718972609276e-06,0.0
2025-01-24,0.00019999999999997797,0.6998499166986517,0.0,0.0,0.0,0.0,0.0,0.00019996000799840034
2025-01-27,0.00019999999999997797,0.6999898866819915,0.0,0.0,0.0,0.0,0.0,0.0001999600079984003
2025-01-28,0.00019999999999997797,0.7001298846593279,0.0,0.0,0.0,0.0,0.0,0.0001999600079984003
2025-01-29,0.00019999999999997797,0.7002699106362598,0.0,0.0,0.0,0.0,0.0,0.00019996000799840034
2025-01-30,0.00019999999999997797,0.700409964618387,0.0,0.0,0.0,0.0,0.0,0.00019996000799840034
2025-01-31,0.00019999999999997797,0.7005500466113107,0.0,0.0,0.0,0.0,0.0,0.0001999600079984003
2025-02-03,0.00019999999999997797,0.7006901566206329,0.0,0.0,0.0,0.0,0.0,0.00019996000799840034
2025-02-04,0.00019999999999997797,0.7008302946519571,0.0,0.0,0.0,0.0,0.0,0.00019996000799840034
2025-02-05,0.00019999999999997797,0.7009704607108875,0.0,0.0,0.0,0.0,0.0,0.00019996000799840034
2025-02-06,0.00019999999999997797,0.7011106548030297,0.0,0.0,0.0,0.0,0.0,0.00019996000799840034
2025-02-07,0.00019999999999997797,0.7012508769339904,0.0,0.0,0.0,0.0,0.0,0.0001999600079984003
2025-02-10,0.00019999999999997797,0.7013911271093771,0.0,0.0,0.0,0.0,0.0,0.00019996000799840034
2025-02-11,0.00019999999999997797,0.701531405334799,0.0,0.0,0.0,0.0,0.0,0.0001999600079984003
2025-02-12,0.00019999999999997797,0.701671711615866,0.0,0.0,0.0,0.0,0.0,0.00019996000799840034
2025-02-13,0.00019999999999997797,0.7018120459581891,0.0,0.0,0.0,0.0,0.0,0.0001999600079984003
2025-02-14,0.00019999999999997797,0.7019524083673808,0.0,0.0,0.0,0.0,0.0,0.00019996000799840034
2025-02-18,0.00019999999999997797,0.7020927988490543,0.0,0.0,0.0,0.0,0.0,0.00019996000799840034
2025-02-19,0.00019999999999997797,0.702233217408824,0.0,0.0,0.0,0.0,0.0,0.00019996000799840034
2025-02-20,0.00019999999999997797,0.7023736640523058,0.0,0.0,0.0,0.0,0.0,0.00019996000799840034
2025-02-21,0.00019999999999997797,0.7025141387851163,0.0,0.0,0.0,0.0,0.0,0.00019996000799840034
2025-02-24,0.00019999999999997797,0.7026546416128733,0.0,0.0,0.0,0.0,0.0,0.0001999600079984003
2025-02-25,0.00019999999999997797,0.7027951725411958,0.0,0.0,0.0,0.0,0.0,0.00019996000799840034
2025-02-26,0.00019999999999997797,0.7029357315757041,0.0,0.0,0.0,0.0,0.0,0.00019996000799840034
2025-02-27,0.00019999999999997797,0.7030763187220193,0.0,0.0,0.0,0.0,0.0,0.0001999600079984003
2025-02-28,0.00019999999999997797,0.7032169339857637,0.0,0.0,0.0,0.0,0.0,0.00019996000799840034
2025-03-03,0.00019999999999997797,0.7033575773725609,0.0,0.0,0.0,0.0,0.0,0.0001999600079984003
2025-03-04,0.00019999999999997797,0.7034982488880354,0.0,0.0,0.0,0.0,0.0,0.00019996000799840034
2025-03-05,0.00019999999999997797,0.703638948537813,0.0,0.0,0.0,0.0,0.0,0.00019996000799840034
2025-03-06,0.00019999999999997797,0.7037796763275205,0.0,0.0,0.0,0.0,0.0,0.00019996000799840034
2025-03-07,0.00019999999999997797,0.703920432262786,0.0,0.0,0.0,0.0,0.0,0.0001999600079984003
2025-03-10,0.00019999999999997797,0.7040612163492386,0.0,0.0,0.0,0.0,0.0,0.00019996000799840034
2025-03-11,0.00019999999999997797,0.7042020285925085,0.0,0.0,0.0,0.0,0.0,0.0001999600079984003
2025-03-12,-0.0026558130736270558,0.7023317996384978,2.007054917356314,1.99501246882793,0.0024937655860349122,0.00039708108832543873,0.0,0.00019996000799840034
2025-03-13,-0.0011571546176613046,0.7015190931534158,1.9578422306808478,0.0,0.0,0.0003883002054436196,8.500638100045988e-07,0.0
2025-03-14,-0.0011581237992580595,0.7007066471960008,1.993745475696201,0.0,0.0,0.0003955850321898914,0.0,4.2908530970160406e-06
2025-03-17,-0.0013665668618155768,0.6997490847120889,1.9829830330267522,0.0,0.0,0.00039380127629931307,0.0,7.76440348378416e-07
2025-03-18,0.0010414016812068105,0.7004778045853309,1.9359040959462361,0.0,0.0,0.00038473240248788887,0.0,1.94970777624375e-06
2025-03-19,-0.0024907414716774934,0.6987330954674607,1.9817209061228667,0.0,0.0,0.00039317723847911144,0.0,6.520492979517664e-06
2025-03-20,0.0003731061778846634,0.698993797102072,1.9670663542136668,0.0,0.0,0.0003906593490784089,0.0,2.1431520009698777e-06
2025-03-21,-0.0003692535439769884,0.6987356911652741,1.9821382938921606,0.0,0.0,0.00039346215576146294,0.0,3.53240707359827e-06
2025-03-24,-9.092297015178552e-05,0.6986721600408823,2.0265601041651022,0.0,0.0,0.0004022294786581377,0.0,2.023325868536332e-06
2025-03-25,-9.757911120511498e-05,0.6986039842324817,2.061218216717628,0.0,0.0,0.00040912410138258833,2.9332806950600173e-06,0.0
2025-03-26,0.00011958063568062727,0.6986875237410053,1.9940462544449333,0.0,0.0,0.00039614722285786656,7.129349736921642e-06,0.0
2025-03-27,0.0008536588917942289,0.6992839645582325,1.9570873971418432,0.0,0.0,0.0003886526244731203,0.0,7.191023328679935e-07
2025-03-28,-0.00024413855955696118,0.699113242378404,1.8620034649784156,0.0,0.0,0.0003694382701644026,0.0,4.292067110627784e-06
2025-03-31,0.0005000802843107,0.6994628551274179,1.8639554857683054,0.0,0.0,0.00036978189342534994,0.0,1.3785591240074414e-05
2025-04-01,-0.0015097024975746498,0.6984068743080714,1.8972726411297898,0.0,0.0,0.0003761303760128038,0.0,1.3514347839716162e-05
2025-04-02,-0.0004280417098703193,0.6981079270354074,1.897784505535722,0.0,0.0,0.0003764738535490797,0.0,1.0290619748398796e-05
2025-04-03,-0.0013175085633057027,0.6971881638634266,1.8247883624788765,0.0,0.0,0.0003617575219725793,0.0,1.0242597044949861e-05
2025-04-04,-0.002056352999436961,0.6957544988914941,1.7681998802871366,0.0,0.0,0.00035070746544697297,0.0,1.7641586997336964e-05
2025-04-07,-0.002351502825101548,0.6941184302217737,1.7883676263651245,0.0,0.0,0.0003544336949935305,0.0,2.3436310264864972e-05
2025-04-08,0.003197677569375834,0.6963379971565842,1.7543194465068916,0.0,0.0,0.000349079148760071,0.0,2.1634319128391637e-05
2025-04-09,-0.0022207473144233436,0.6947916064194678,1.9301857732472851,0.0,0.0,0.00038284215385944763,0.0,2.4715044311690642e-05
2025-04-10,-0.001964641118304966,0.693426590260843,1.8639390423372004,0.0,0.0,0.0003698380761308541,0.0,7.306441858790165e-06
2025-04-11,0.001672804619925028,0.6945865574646102,1.9112551116916359,0.0,0.0,0.00038072256964887685,0.0,1.4108116251163687e-05
2025-04-14,-0.0010847606934062393,0.6938330972689042,1.9375047431860293,0.0,0.0,0.00038475467283997,0.0,9.161822957229273e-06
2025-04-15,-0.0003797507050058435,0.69356961366106,1.9046808270930067,0.0,0.0,0.0003785677284931634,0.0,6.608803996617605e-06
2025-04-16,0.0006379926698445448,0.6940121059906027,1.8662471614376568,0.0,0.0,0.00037111445710115296,0.0,9.892671051180507e-06
2025-04-17,-0.0006801038206393217,0.6935401057057485,1.8414523589684324,0.0,0.0,0.000365998146293879,0.0,1.3645107379569316e-05
2025-04-21,-0.0005194337858573927,0.6931798575429978,1.8001172151790723,0.0,0.0,0.00035739714811491814,0.0,1.613746094113271e-05
2025-04-22,-0.0015314990406025686,0.6921182532562057,1.8503781365137795,0.0,0.0,0.00036736528634524334,0.0,2.0294520992320516e-05
2025-04-23,0.00026488371933264254,0.6923015841133462,1.896537758058435,0.0,0.0,0.0003767156110383519,0.0,1.5374219187846013e-05
2025-04-24,-0.0023474792234418063,0.6906764205282843,0.0,1.9061934632499988,0.002382741829062498,0.0,0.0,1.071174745349348e-05
2025-04-25,0.00019999999999997797,0.6908145558123899,0.0,0.0,0.0,0.0,0.0,0.00019996000799840034
2025-04-28,0.00019999999999997797,0.6909527187235525,0.0,0.0,0.0,0.0,0.0,0.0001999600079984003
2025-04-29,0.00019999999999997797,0.6910909092672972,0.0,0.0,0.0,0.0,0.0,0.0001999600079984003
2025-04-30,0.00019999999999997797,0.6912291274491507,0.0,0.0,0.0,0.0,0.0,0.0001999600079984003
2025-05-01,0.00019999999999997797,0.6913673732746405,0.0,0.0,0.0,0.0,0.0,0.00019996000799840034
2025-05-02,0.00019999999999997797,0.6915056467492954,0.0,0.0,0.0,0.0,0.0,0.00019996000799840034
2025-05-05,0.00019999999999997797,0.6916439478786452,0.0,0.0,0.0,0.0,0.0,0.0001999600079984003
2025-05-06,0.00019999999999997797,0.691782276668221,0.0,0.0,0.0,0.0,0.0,0.0001999600079984003
2025-05-07,0.00019999999999997797,0.6919206331235547,0.0,0.0,0.0,0.0,0.0,0.0001999600079984003
2025-05-08,0.00019999999999997797,0.6920590172501794,0.0,0.0,0.0,0.0,0.0,0.0001999600079984003
2025-05-09,0.00019999999999997797,0.6921974290536295,0.0,0.0,0.0,0.0,0.0,0.0001999600079984003
2025-05-12,0.00019999999999997797,0.6923358685394402,0.0,0.0,0.0,0.0,0.0,0.00019996000799840034
2025-05-13,0.00019999999999997797,0.6924743357131481,0.0,0.0,0.0,0.0,0.0,0.00019996000799840034
2025-05-14,0.00019999999999997797,0.6926128305802908,0.0,0.0,0.0,0.0,0.0,0.00019996000799840029
2025-05-15,0.00019999999999997797,0.6927513531464068,0.0,0.0,0.0,0.0,0.0,0.00019996000799840034
2025-05-16,0.00019999999999997797,0.692889903417036,0.0,0.0,0.0,0.0,0.0,0.00019996000799840034
2025-05-19,0.00019999999999997797,0.6930284813977194,0.0,0.0,0.0,0.0,0.0,0.00019996000799840034
2025-05-20,0.00019999999999997797,0.693167087093999,0.0,0.0,0.0,0.0,0.0,0.00019996000799840034
2025-05-21,0.00019999999999997797,0.6933057205114178,0.0,0.0,0.0,0.0,0.0,0.00019996000799840034
2025-05-22,0.00019999999999997797,0.6934443816555201,0.0,0.0,0.0,0.0,0.0,0.0001999600079984003
2025-05-23,0.00019999999999997797,0.6935830705318512,0.0,0.0,0.0,0.0,0.0,0.0001999600079984003
2025-05-27,0.00019999999999997797,0.6937217871459576,0.0,0.0,0.0,0.0,0.0,0.0001999600079984003
2025-05-28,0.00019999999999997797,0.6938605315033868,0.0,0.0,0.0,0.0,0.0,0.0001999600079984003
2025-05-29,0.00019999999999997797,0.6939993036096874,0.0,0.0,0.0,0.0,0.0,0.00019996000799840034
2025-05-30,0.00019999999999997797,0.6941381034704094,0.0,0.0,0.0,0.0,0.0,0.0001999600079984003
2025-06-02,0.00019999999999997797,0.6942769310911034,0.0,0.0,0.0,0.0,0.0,0.00019996000799840034
2025-06-03,0.00019999999999997797,0.6944157864773217,0.0,0.0,0.0,0.0,0.0,0.0001999600079984003
2025-06-04,0.00019999999999997797,0.6945546696346172,0.0,0.0,0.0,0.0,0.0,0.0001999600079984003
2025-06-05,0.00019999999999997797,0.6946935805685441,0.0,0.0,0.0,0.0,0.0,0.0001999600079984003
2025-06-06,0.00019999999999997797,0.6948325192846578,0.0,0.0,0.0,0.0,0.0,0.0001999600079984003
2025-06-09,0.00019999999999997797,0.6949714857885148,0.0,0.0,0.0,0.0,0.0,0.00019996000799840034
2025-06-10,0.00019999999999997797,0.6951104800856724,0.0,0.0,0.0,0.0,0.0,0.00019996000799840034
2025-06-11,0.00019999999999997797,0.6952495021816896,0.0,0.0,0.0,0.0,0.0,0.00019996000799840034
2025-06-12,0.00019999999999997797,0.6953885520821259,0.0,0.0,0.0,0.0,0.0,0.0001999600079984003
2025-06-13,0.00019999999999997797,0.6955276297925423,0.0,0.0,0.0,0.0,0.0,0.0001999600079984003
2025-06-16,0.00019999999999997797,0.6956667353185009,0.0,0.0,0.0,0.0,0.0,0.00019996000799840034
2025-06-17,0.00019999999999997797,0.6958058686655646,0.0,0.0,0.0,0.0,0.0,0.0001999600079984003
2025-06-18,0.00019999999999997797,0.6959450298392977,0.0,0.0,0.0,0.0,0.0,0.0001999600079984003
2025-06-20,-0.0014557449000530687,0.6949319114113919,1.9155635527605401,1.9950124688279303,0.0024937655860349127,0.0003792013788174288,0.0,0.0001999600079984003
2025-06-23,-0.0018671106602035081,0.6936343966314801,1.9009561340831918,0.0,0.0,0.00037660366395812815,0.0,8.323425331656678e-06
2025-06-24,0.0004401090192094337,0.6939396713854714,1.9191078978566167,0.0,0.0,0.00038097362445613947,0.0,9.935920689710542e-06
2025-06-25,-0.001414906160232987,0.692957811869598,1.9658378252722495,0.0,0.0,0.00038949061552124664,0.0,8.033964922754238e-06
2025-06-26,-2.0816324556971466e-05,0.6929433870348819,1.9992007125863347,0.0,0.0,0.000396374604899069,0.0,3.463823099261892e-06
2025-06-27,-0.009710857093803926,0.6862143128292897,2.0647090325746955,2.0499496251031686,0.0025624370313789605,0.0004076322060421989,0.0,9.289603090179502e-08
