date,return,nav,cost,turnover,gross
2011-01-03,0.006426206903985099,1.006426206903985,0.0004997501249375312,0.9995002498750624,0.9999999999999998
2011-01-04,-0.013332918492235613,0.9930076083188845,0.00026349190228439843,0.5269838045687968,1.0000000000000002
2011-01-05,0.012911952534950366,1.0058292754243425,0.0,0.0,1.0000000000000002
2011-01-06,-0.0057865131103600476,1.0000090311353156,0.0,0.0,1.0000000000000002
2011-01-07,0.0021934664528397985,1.0022025173976477,0.0,0.0,1.0000000000000002
2011-01-10,0.0017016172446868705,1.00390788248392,0.0,0.0,1.0000000000000002
2011-01-11,0.0032665142560324156,1.007187161893797,0.0,0.0,1.0000000000000002
2011-01-12,0.006882840992390893,1.0141194709786896,0.0,0.0,1.0000000000000002
2011-01-13,-0.0011214302169298973,1.012982206760357,0.0,0.0,1.0000000000000002
2011-01-14,0.007890461976959973,1.0209751043461368,0.0,0.0,1.0000000000000002
2011-01-18,0.0014284567168909579,1.0224335230917185,0.0,0.0,1.0000000000000002
2011-01-19,-0.015294985890693225,1.006795416781859,0.0,0.0,1.0000000000000002
2011-01-20,-0.016677492771356994,0.9900045934962441,0.0,0.0,1.0000000000000002
2011-01-21,-0.0016281349245577115,0.9883927324421004,0.0,0.0,1.0000000000000002
2011-01-24,0.0018209084461593417,0.9901925051167267,0.0,0.0,1.0000000000000002
2011-01-25,-0.0025419666034006694,0.9876754688377823,0.0,0.0,1.0000000000000002
2011-01-26,0.011983672318589544,0.9995114480134437,0.0,0.0,1.0000000000000002
2011-01-27,0.00762116151543446,1.0071288861952798,0.0,0.0,1.0000000000000002
2011-01-28,-0.01991668777540412,0.987070214619338,0.0,0.0,1.0000000000000002
2011-01-31,0.011607938922052252,0.9985280653824163,0.0,0.0,1.0000000000000002
2011-02-01,0.014646459310363902,1.0131529660622962,0.0,0.0,1.0000000000000002
2011-02-02,-0.0001897085375204277,1.01296076229482,0.00022180024506018669,0.44360049012037334,1.0
2011-02-03,0.004186562158961182,1.017201585490756,0.0,0.0,1.0
2011-02-04,0.00807694946502413,1.0254174712925073,0.0,0.0,1.0
2011-02-07,0.0073536570605226,1.0329580397202607,0.0,0.0,1.0
2011-02-08,0.005848228820674706,1.0389990146987003,0.0,0.0,1.0
2011-02-09,-0.002070662075161156,1.0368475988428338,0.0,0.0,1.0
2011-02-10,0.0014197098068271519,1.0383196215470962,0.0,0.0,1.0
2011-02-11,0.013073794753898582,1.0518943991681486,0.0,0.0,1.0
2011-02-14,0.003683125689789346,1.0557686584526704,0.0,0.0,1.0
2011-02-15,-0.005763782466794876,1.0496834375700894,0.0,0.0,1.0
2011-02-16,0.006371960947606503,1.0563719794416353,0.0,0.0,1.0
2011-02-17,-0.0028492827611691363,1.0533620769712302,0.0,0.0,1.0
2011-02-18,-0.0010087743903401947,1.052299472284226,0.0,0.0,1.0
2011-02-22,-0.03208101495024962,1.018540637181736,0.0,0.0,1.0
2011-02-23,-0.01429174430304625,1.0039839148328729,0.0,0.0,1.0
2011-02-24,0.004316961793902507,1.008318075034899,0.0,0.0,1.0
2011-02-25,0.015034627933444122,1.0234777621316153,0.0,0.0,1.0
2011-02-28,0.00038671881438379074,1.023873560238335,0.0,0.0,1.0
2011-03-01,-0.018986297380980566,1.0044339923431267,0.0,0.0,1.0
2011-03-02,0.0038958094481966743,1.008347075780587,0.00020241716445400162,0.4048343289080032,1.0
2011-03-03,0.022541498162777396,1.0310767295367371,0.0,0.0,1.0
2011-03-04,-0.008007021560892835,1.0228208759324016,0.0,0.0,1.0
2011-03-07,-0.01378741401347705,1.0087188210542943,0.0,0.0,1.0
2011-03-08,0.00908594632953319,1.0178839861239837,0.0,0.0,1.0
2011-03-09,-0.00463874023559141,1.0131622867223862,0.0,0.0,1.0
2011-03-10,-0.01665281383986894,0.9962902837720223,0.0,0.0,1.0000000000000002
2011-03-11,0.009209723487134669,1.0054658417984816,0.0,0.0,1.0
2011-03-14,-0.005655427316524131,0.9997795028109425,0.0,0.0,1.0000000000000002
2011-03-15,-0.00799874402847145,0.9917825224830453,0.0,0.0,1.0000000000000002
2011-03-16,-0.017045654435161484,0.9748769403299665,0.0,0.0,1.0000000000000002
2011-03-17,0.015685480267819463,0.9901683533410645,0.0,0.0,1.0000000000000002
2011-03-18,0.001047694647126951,0.9912057474246143,0.0,0.0,1.0000000000000002
2011-03-21,0.02096516075122179,1.0119865352569064,0.0,0.0,1.0
2011-03-22,-0.007288817073154985,1.004610350520923,0.0,0.0,1.0
2011-03-23,0.008045349529334667,1.0126927919316513,0.0,0.0,1.0
2011-03-24,0.015202703235496662,1.0280884599161149,0.0,0.0,1.0
2011-03-25,0.003009435304942576,1.0311824256239905,0.0,0.0,1.0
2011-03-28,-0.004152272581223637,1.0269006751118324,0.0,0.0,1.0
2011-03-29,0.011492480946496242,1.0387023115544993,0.0,0.0,1.0
2011-03-30,0.0061024426337166204,1.0450409328242696,0.0,0.0,1.0
2011-03-31,-0.0010948297437843868,1.0438967909275414,0.0,0.0,1.0
2011-04-01,0.004862101435105126,1.0489723230128118,0.0,0.0,1.0
2011-04-04,-0.0006590627121226822,1.0482809844686654,0.0002957797498239674,0.5915594996479346,1.0
2011-04-05,-0.001271181632173768,1.0469484289358517,0.0,0.0,1.0
2011-04-06,-0.005740282198117064,1.0409386495068846,0.0,0.0,1.0
2011-04-07,-0.0021019901678656083,1.0387506067002699,0.0,0.0,1.0
2011-04-08,-0.007443066858664915,1.031019116485121,0.0,0.0,1.0
2011-04-11,-0.006616174962738253,1.0241977136205276,0.0,0.0,1.0
2011-04-12,-0.008406138241608518,1.015588166053094,0.0,0.0,1.0
2011-04-13,0.007460201320228954,1.0231646582302922,0.0,0.0,1.0
2011-04-14,-8.970061612822988e-05,1.0230728797300483,0.0,0.0,1.0
2011-04-15,0.004007516980769621,1.0271728616681315,0.0,0.0,1.0
2011-04-18,-0.012286266183271444,1.0145527424734442,0.0,0.0,1.0
2011-04-19,0.008961116709232053,1.0236442680064202,0.0,0.0,1.0
2011-04-20,0.023649617714659454,1.0478530636205745,0.0,0.0,1.0
2011-04-21,0.012006562310444835,1.0604341767211254,0.0,0.0,1.0
2011-04-25,-0.003950267946146169,1.056245177583826,0.0,0.0,1.0
2011-04-26,0.00612594413419254,1.0627156765337147,0.0,0.0,1.0
2011-04-27,0.0015827640048351466,1.0643977046539064,0.0,0.0,1.0
2011-04-28,0.00011609156960346034,1.064521272254122,0.0,0.0,1.0
2011-04-29,0.0001919484312613573,1.0647256054423755,0.0,0.0,1.0
2011-05-02,-0.004113023280796768,1.0603463642395305,0.0,0.0,1.0
2011-05-03,-0.015270013721323972,1.044154860708237,0.00019995336358644277,0.3999067271728856,0.9999999999999998
2011-05-04,-0.00812134160596334,1.0356749223948982,0.0,0.0,0.9999999999999998
2011-05-05,-0.0017464355510927732,1.0338661828910525,0.0,0.0,0.9999999999999998
2011-05-06,0.0066995284999227245,1.0407925988484374,0.0,0.0,0.9999999999999998
2011-05-09,0.010998615991574257,1.052239876970044,0.0,0.0,0.9999999999999998
2011-05-10,0.00939050998204416,1.0621209460382361,0.0,0.0,0.9999999999999998
2011-05-11,-0.01613789557861023,1.0449805491192163,0.0,0.0,0.9999999999999998
2011-05-12,0.004424065325942861,1.0496036113328595,0.0,0.0,0.9999999999999998
2011-05-13,-0.008585720769170413,1.0405920078076427,0.0,0.0,0.9999999999999998
2011-05-16,-0.009956195480345098,1.030231670362625,0.0,0.0,0.9999999999999998
2011-05-17,-0.005846167818029824,1.024208763126236,0.0,0.0,0.9999999999999998
2011-05-18,0.021048777876211178,1.0457671058801492,0.0,0.0,0.9999999999999998
2011-05-19,0.003368048726267059,1.0492893004490809,0.0,0.0,0.9999999999999998
2011-05-20,-0.005919619692211997,1.0430779068433151,0.0,0.0,0.9999999999999998
2011-05-23,-0.014177750624741692,1.028289408397913,0.0,0.0,0.9999999999999998
2011-05-24,-0.001210250400430657,1.0270449207296408,0.0,0.0,0.9999999999999998
2011-05-25,0.006588695902578712,1.0338118073906164,0.0,0.0,0.9999999999999998
2011-05-26,0.010386758924046058,1.044549761406815,0.0,0.0,0.9999999999999998
2011-05-27,0.0057612492597194365,1.0505676729464601,0.0,0.0,0.9999999999999998
2011-05-31,0.00898169480805966,1.0600035511600787,0.0,0.0,0.9999999999999998
2011-06-01,-0.025287991353046713,1.0331981905241439,0.0,0.0,0.9999999999999998
2011-06-02,0.005920920719752809,1.0393156750980295,0.0002610669167127404,0.5221338334254808,0.9999999999999998
2011-06-03,-0.012187632663703152,1.026648877428306,0.0,0.0,0.9999999999999998
2011-06-06,-0.014338036682389865,1.0119287481638046,0.0,0.0,0.9999999999999998
2011-06-07,0.0014565289586820906,1.0134026516896282,0.0,0.0,0.9999999999999998
2011-06-08,-0.008295804997206724,1.0049956609075588,0.0,0.0,0.9999999999999998
2011-06-09,0.012538661966367659,1.0175969617773448,0.0,0.0,0.9999999999999998
2011-06-10,-0.017875000922328188,0.9994074151470165,0.0,0.0,0.9999999999999998
2011-06-13,-0.006112844718796584,0.9932981928074089,0.0,0.0,0.9999999999999998
2011-06-14,0.01926627689997007,1.0124353508342763,0.0,0.0,0.9999999999999998
2011-06-15,-0.023550063001212096,0.9885924345374748,0.0,0.0,0.9999999999999998
2011-06-16,-0.006833919487458373,0.9818364734339352,0.0,0.0,0.9999999999999998
2011-06-17,0.0023013181793929416,0.9840959915594397,0.0,0.0,0.9999999999999998
2011-06-20,0.009764106057417177,0.9937048091917052,0.0,0.0,0.9999999999999998
2011-06-21,0.024405483310810938,1.017956655328306,0.0,0.0,0.9999999999999998
2011-06-22,-0.007454161687828309,1.0103686418282878,0.0,0.0,0.9999999999999998
2011-06-23,0.0018213984158779173,1.0122089256719666,0.0,0.0,0.9999999999999998
2011-06-24,-0.012861106552572776,0.9991907988254343,0.0,0.0,0.9999999999999998
2011-06-27,0.010405634561257537,1.0095880131349828,0.0,0.0,0.9999999999999998
2011-06-28,0.020389542595469434,1.0301730509326739,0.0,0.0,0.9999999999999998
2011-06-29,0.008523892023122093,1.0389541347839542,0.0,0.0,0.9999999999999998
2011-06-30,0.010958631473565683,1.0503396502649889,0.0,0.0,0.9999999999999998
2011-07-01,0.01569481225786329,1.0668245338828877,0.0,0.0,0.9999999999999998
2011-07-05,0.0028975173230381124,1.0699156764504554,0.00017579700947424119,0.3515940189484823,1.0000000000000002
2011-07-06,0.0045009481155344755,1.0747313113981558,0.0,0.0,1.0000000000000002
2011-07-07,0.010884285773192559,1.0864289941208114,0.0,0.0,1.0000000000000002
2011-07-08,-0.006453013612333747,1.0794182530329157,0.0,0.0,1.0000000000000002
2011-07-11,-0.025067828052980468,1.052359581868638,0.0,0.0,1.0000000000000002
2011-07-12,-0.008503063821626355,1.043411301180709,0.0,0.0,1.0000000000000002
2011-07-13,0.0067702926235950756,1.0504755010164684,0.0,0.0,1.0000000000000002
2011-07-14,-0.010943971289685939,1.0389791272928257,0.0,0.0,1.0000000000000002
2011-07-15,0.007993987277396863,1.0472847132178855,0.0,0.0,1.0000000000000002
2011-07-18,-0.008869353418894721,1.0379959749661503,0.0,0.0,1.0000000000000002
2011-07-19,0.020066825067079463,1.0588252586161286,0.0,0.0,1.0000000000000002
2011-07-20,-0.006574394889907298,1.051864123246578,0.0,0.0,1.0000000000000002
2011-07-21,0.007061399728427009,1.0592917562808135,0.0,0.0,1.0000000000000002
2011-07-22,0.0012126746700535929,1.0605763325618518,0.0,0.0,1.0000000000000002
2011-07-25,-0.004708025999987875,1.0555831116131789,0.0,0.0,1.0000000000000002
2011-07-26,-0.005315347470918996,1.049972320590521,0.0,0.0,1.0000000000000002
2011-07-27,-0.028734318834173433,1.019802081163616,0.0,0.0,1.0000000000000002
2011-07-28,-0.0033949560380051036,1.0163398979305993,0.0,0.0,1.0000000000000002
2011-07-29,-0.003657373711413836,1.012622763106047,0.0,0.0,1.0000000000000002
2011-08-01,-0.005063013811117956,1.0074958400709886,0.0,0.0,1.0000000000000002
2011-08-02,-0.034045427353917135,0.973195213638478,0.00024549694211190904,0.490993884223818,1.0
2011-08-03,0.01083023880276257,0.9837351502038882,0.0,0.0,1.0
2011-08-04,-0.058622207721079955,0.9260664238861082,0.0,0.0,1.0
2011-08-05,-0.0016794103260990845,0.9245111783711801,0.0,0.0,1.0
2011-08-08,-0.07713344104330022,0.8532004499004147,0.0,0.0,1.0
2011-08-09,0.06172649314542822,0.9058655216228688,0.0,0.0,1.0
2011-08-10,-0.03860945754734879,0.8708905452221637,0.0,0.0,1.0
2011-08-11,0.05012524797754936,0.9145441497627278,0.0,0.0,1.0
2011-08-12,0.015790608392218575,0.9289853582890255,0.0,0.0,1.0
2011-08-15,0.017669213852330667,0.9453997992503183,0.0,0.0,1.0
2011-08-16,-0.015118544008842605,0.9311067307794013,0.0,0.0,1.0
2011-08-17,-0.004104936351027044,0.927284596913539,0.0,0.0,1.0
2011-08-18,-0.0604984574720675,0.871185309162662,0.0,0.0,1.0
2011-08-19,-0.018780135488561167,0.8548243310209431,0.0,0.0,1.0
2011-08-22,3.170237325167413e-05,0.8548514309809498,0.0,0.0,1.0
2011-08-23,0.046896681904181614,0.8949411266149979,0.0,0.0,1.0
2011-08-24,0.011724038946776538,0.9054334512385042,0.0,0.0,1.0
2011-08-25,-0.019171971612449767,0.8880745068143971,0.0,0.0,1.0
2011-08-26,0.0259655200652944,0.9111338232405628,0.0,0.0,1.0
2011-08-29,0.02980483717103466,0.9382900184832701,0.0,0.0,1.0
2011-08-30,0.010237403851841576,0.9478956723326353,0.0,0.0,1.0
2011-08-31,0.006448067646713351,0.9540077677498628,0.0,0.0,1.0
2011-09-01,-0.01041427931240757,0.9440724643903093,0.0,0.0,1.0
2011-09-02,-0.027553139591175668,0.9180603039947779,0.0002858919974370861,0.5717839948741721,1.0
2011-09-06,-0.0012590878688555351,0.9169043854031402,0.0,0.0,1.0
2011-09-07,0.030110741850835288,0.944513056653913,0.0,0.0,1.0
2011-09-08,-0.010115013469686462,0.934959294363564,0.0,0.0,1.0
2011-09-09,-0.032920362357315325,0.9041800956037755,0.0,0.0,1.0
2011-09-12,0.008104181234839691,0.9115077349674833,0.0,0.0,1.0
2011-09-13,0.015998807938495174,0.9260907721536809,0.0,0.0,1.0
2011-09-14,0.017286182669610017,0.9420993464097696,0.0,0.0,1.0
2011-09-15,0.014564532100145744,0.955820582582081,0.0,0.0,1.0
2011-09-16,0.007971287804947602,0.9634397035357354,0.0,0.0,1.0
2011-09-19,-0.0046646654340033455,0.9589455796529058,0.0,0.0,1.0
2011-09-20,-0.008708354218923353,0.9505947418686176,0.0,0.0,1.0
2011-09-21,-0.03324154382679234,0.9189955050952736,0.0,0.0,1.0
2011-09-22,-0.03807862788394478,0.8840014172297328,0.0,0.0,1.0
2011-09-23,0.006003752495214565,0.889308742944199,0.0,0.0,1.0
2011-09-26,0.020301058023231455,0.9073626513352762,0.0,0.0,1.0
2011-09-27,0.011750709947938809,0.9180248066687098,0.0,0.0,1.0
2011-09-28,-0.02800667407730817,0.8923139851134554,0.0,0.0,1.0
2011-09-29,-0.01015614654472663,0.8832515135167341,0.0,0.0,1.0
2011-09-30,-0.03079442390656939,0.8560522919933808,0.0,0.0,1.0
2011-10-03,-0.034033211041769595,0.8269180836771796,0.0,0.0,1.0
2011-10-04,0.021828976606285355,0.8449688591810831,0.0002910175084307209,0.5820350168614418,1.0
2011-10-05,0.020456293203314546,0.8622537899121616,0.0,0.0,1.0
2011-10-06,0.0222163161585347,0.881409892717745,0.0,0.0,1.0
2011-10-07,-0.008478488673543949,0.873936868925588,0.0,0.0,1.0
2011-10-10,0.035785457367182305,0.9052110994901335,0.0,0.0,1.0
2011-10-11,0.001528880783413733,0.9065950593450768,0.0,0.0,1.0
2011-10-12,0.009236010481989965,0.9149683808161082,0.0,0.0,1.0
2011-10-13,0.0011787047483600155,0.9160468583911754,0.0,0.0,1.0
2011-10-14,0.019868695024640948,0.9342475140488301,0.0,0.0,1.0
2011-10-17,-0.018063753738835175,0.9173714970239331,0.0,0.0,1.0
2011-10-18,0.013893979095633169,0.9301174374265133,0.0,0.0,1.0
2011-10-19,-0.012370025153541242,0.9186118613298,0.0,0.0,1.0
2011-10-20,0.003656945196593764,0.9219711745636241,0.0,0.0,1.0
2011-10-21,0.023049650265690058,0.943222287692363,0.0,0.0,1.0
2011-10-24,0.01598707248470932,0.9583016507748943,0.0,0.0,1.0
2011-10-25,-0.024838770162133095,0.934498616325304,0.0,0.0,1.0
2011-10-26,0.014309880724337365,0.9478711800619775,0.0,0.0,1.0
2011-10-27,0.0341228703562797,0.9802152654536862,0.0,0.0,1.0
2011-10-28,0.001485948649634583,0.9816718150037382,0.0,0.0,1.0
2011-10-31,-0.02175804431231465,0.9603125561527366,0.0,0.0,1.0
2011-11-01,-0.02471422833322723,0.9365791723687128,0.0,0.0,1.0
2011-11-02,0.014958022858748032,0.9505885450380313,0.00034440123761004566,0.6888024752200913,1.0000000000000002
2011-11-03,0.0171859350126351,0.9669252979968102,0.0,0.0,1.0000000000000002
2011-11-04,-0.0025795121062465176,0.9644311024847914,0.0,0.0,1.0000000000000002
2011-11-07,0.004029757221607033,0.9683175256847719,0.0,0.0,1.0000000000000002
2011-11-08,0.01029827711443665,0.9782895278990392,0.0,0.0,1.0000000000000002
2011-11-09,-0.027560271054066443,0.951327603340787,0.0,0.0,1.0000000000000002
2011-11-10,0.006324339184741845,0.9573441217801217,0.0,0.0,1.0000000000000002
2011-11-11,0.018840739643411375,0.9753811931277314,0.0,0.0,1.0000000000000002
2011-11-14,-0.008329238027008579,0.9672570110031029,0.0,0.0,1.0000000000000002
2011-11-15,0.0051270729297598905,0.9722162082403374,0.0,0.0,1.0000000000000002
2011-11-16,-0.018932354031862886,0.953809866790416,0.0,0.0,1.0000000000000002
2011-11-17,-0.011407426876680504,0.942929350480748,0.0,0.0,1.0000000000000002
2011-11-18,-0.0027805141862184968,0.9403075220451345,0.0,0.0,1.0000000000000002
2011-11-21,-0.013527345777276989,0.9275876570574554,0.0,0.0,1.0000000000000002
2011-11-22,0.0015953577655398732,0.9290674912293608,0.0,0.0,1.0000000000000002
2011-11-23,-0.02000325838800332,0.9104831141424059,0.0,0.0,1.0000000000000002
2011-11-25,-0.001847505044560438,0.9088009919960407,0.0,0.0,1.0000000000000002
2011-11-28,0.025813245052381584,0.932260094706282,0.0,0.0,1.0000000000000002
2011-11-29,0.004287226145269996,0.9362569045584986,0.0,0.0,1.0000000000000002
2011-11-30,0.036816100198421964,0.9707262325681887,0.0,0.0,1.0000000000000002
2011-12-01,0.0008258098388835844,0.9715278678419058,0.0,0.0,1.0000000000000002
2011-12-02,-0.0035345836783630125,0.968093921297157,0.00019276082546096091,0.3855216509219218,1.0
2011-12-05,0.004537535446004881,0.9724866817801048,0.0,0.0,1.0
2011-12-06,-0.00031339361745330585,0.9721819106609766,0.0,0.0,1.0
2011-12-07,0.002389118317186467,0.9745045682713741,0.0,0.0,1.0
2011-12-08,-0.01675595768480842,0.9581758109617665,0.0,0.0,1.0
2011-12-09,0.01297980722206038,0.9706127482728917,0.0,0.0,1.0
2011-12-12,-0.009052100404939978,0.9618266642212108,0.0,0.0,1.0
2011-12-13,-0.009381793472188815,0.9528030051014431,0.0,0.0,1.0
2011-12-14,-0.011034005851206286,0.9422897711681069,0.0,0.0,1.0
2011-12-15,0.004318713023831133,0.9463592502750735,0.0,0.0,1.0
2011-12-16,0.0025910203002810217,0.948811286303895,0.0,0.0,1.0
2011-12-19,-0.005612135058676526,0.943486429219961,0.0,0.0,1.0
2011-12-20,0.02614385743352643,0.9681528039159546,0.0,0.0,1.0
2011-12-21,0.002591654707241986,0.9706619216875529,0.0,0.0,1.0
2011-12-22,0.0035374930430067675,0.9740956314826343,0.0,0.0,1.0
2011-12-23,0.011059174361408575,0.9848683249158872,0.0,0.0,1.0
2011-12-27,0.004388155730270293,0.9891900804994286,0.0,0.0,1.0
2011-12-28,-0.011192829781560887,0.97811824430679,0.0,0.0,1.0
2011-12-29,0.008013881035725756,0.9859567675555374,0.0,0.0,1.0
2011-12-30,-0.006388517779646774,0.9796579652160458,0.0,0.0,1.0
2012-01-03,0.0038559253810206418,0.9834354532288414,0.0,0.0,1.0
2012-01-04,0.002689540360228282,0.9860804425719797,0.00019614515072597987,0.39229030145195976,1.0000000000000002
2012-01-05,0.004645480489341658,0.9906612600288692,0.0,0.0,1.0000000000000002
2012-01-06,-0.0029821448084835778,0.9877069646953084,0.0,0.0,1.0000000000000002
2012-01-09,-7.872541497333518e-05,0.9876292070546407,0.0,0.0,1.0000000000000002
2012-01-10,0.005491093433430239,0.9930523713081624,0.0,0.0,1.0000000000000002
2012-01-11,-0.0006310435527071556,0.9924257120117478,0.0,0.0,1.0000000000000002
2012-01-12,0.00013885817418901603,0.992563518434136,0.0,0.0,1.0000000000000002
2012-01-13,-0.0015736447433787326,0.9910015760708827,0.0,0.0,1.0000000000000002
2012-01-17,0.007831843174139541,0.998762944999995,0.0,0.0,1.0000000000000002
2012-01-18,0.0077693748184684,1.0065227086744972,0.0,0.0,1.0
2012-01-19,-0.00034362442135249527,1.0061768428911508,0.0,0.0,1.0
2012-01-20,-0.0034715579562166754,1.002683841666851,0.0,0.0,1.0
2012-01-23,0.0007177959568982484,1.0034035640744468,0.0,0.0,1.0
2012-01-24,0.00038523950299484966,1.003790114764774,0.0,0.0,1.0
2012-01-25,0.006048556747301426,1.0098615962363091,0.0,0.0,1.0
2012-01-26,-0.005846625706920738,1.0039573134673219,0.0,0.0,1.0
2012-01-27,-0.0008208947949934764,1.003133170134301,0.0,0.0,1.0
2012-01-30,-0.0021518972621643595,1.0009745306119027,0.0,0.0,1.0
2012-01-31,0.003692551831210533,1.0046706809479087,0.0,0.0,1.0
2012-02-01,0.009700636184764022,1.0144166257092835,0.0,0.0,1.0
2012-02-02,-0.0012477247471949227,1.01315091298142,0.0002569000514856074,0.5138001029712148,1.0000000000000002
2012-02-03,0.007712611490318322,1.020964952354307,0.0,0.0,1.0000000000000002
2012-02-06,-0.00351682440576484,1.0173743978924368,0.0,0.0,1.0000000000000002
2012-02-07,0.00430300679419493,1.0217521668388079,0.0,0.0,1.0000000000000002
2012-02-08,0.0008597593722061703,1.0226306278403194,0.0,0.0,1.0000000000000002
2012-02-09,0.0037248092210815376,1.0264397318326595,0.0,0.0,1.0000000000000002
2012-02-10,-0.0022351809485157137,1.0241454532992675,0.0,0.0,1.0000000000000002
2012-02-13,0.004836525291157301,1.0290987586859732,0.0,0.0,1.0000000000000002
2012-02-14,0.0021778348067105213,1.0313399657821822,0.0,0.0,1.0000000000000002
2012-02-15,-0.006202424444434196,1.024943157567893,0.0,0.0,1.0000000000000002
2012-02-16,0.006433300654838714,1.031536925054647,0.0,0.0,1.0000000000000002
2012-02-17,0.003360166242805329,1.0350030606084226,0.0,0.0,1.0000000000000002
2012-02-21,-0.0012813321015897605,1.0336768779616214,0.0,0.0,1.0000000000000002
2012-02-22,0.0003912761049540414,1.0340813310242114,0.0,0.0,1.0000000000000002
2012-02-23,0.002114294419955476,1.036267683412176,0.0,0.0,1.0000000000000002
2012-02-24,0.0032775931256148194,1.0396641472476245,0.0,0.0,1.0000000000000002
2012-02-27,0.002491409739435513,1.0422543766298191,0.0,0.0,1.0000000000000002
2012-02-28,0.003319705137039497,1.045714353838019,0.0,0.0,1.0000000000000002
2012-02-29,-0.00270340041308037,1.0428873692218892,0.0,0.0,1.0000000000000002
2012-03-01,0.006097218443460228,1.0492460813239606,0.0,0.0,1.0000000000000002
2012-03-02,-0.0016752750927543358,1.0474883054977484,0.0002723950432599113,0.5447900865198226,1.0
2012-03-05,7.224530566229959e-06,1.0474958731090291,0.0,0.0,1.0
2012-03-06,-0.013575050494045171,1.0332760637392702,0.0,0.0,1.0
2012-03-07,0.007477469034984585,1.0410023535104713,0.0,0.0,1.0
2012-03-08,0.011359679795292399,1.0528278069124961,0.0,0.0,1.0
2012-03-09,0.004508182146945705,1.0575741464354271,0.0,0.0,1.0
2012-03-12,0.0009156127933607205,1.058542474853831,0.0,0.0,1.0
2012-03-13,0.011051978525769446,1.0702414635545303,0.0,0.0,1.0
2012-03-14,-0.0003015356721876028,1.0699187475754144,0.0,0.0,1.0
2012-03-15,0.002667295844604567,1.0727725374048869,0.0,0.0,1.0
2012-03-16,-0.0016108095467295414,1.0710445051601658,0.0,0.0,1.0
2012-03-19,0.0030547098384456906,1.0743162353474918,0.0,0.0,1.0
2012-03-20,-0.00048357158534106937,1.073796726542407,0.0,0.0,1.0
2012-03-21,0.0007727278264388904,1.0746264791529454,0.0,0.0,1.0
2012-03-22,-2.6240504313657098e-05,1.0745982804121836,0.0,0.0,1.0
2012-03-23,0.0008308306128372855,1.0754910895600525,0.0,0.0,1.0
2012-03-26,0.014727516627357273,1.0913304024641226,0.0,0.0,1.0
2012-03-27,0.00016385698791654413,1.0915092245766922,0.0,0.0,1.0
2012-03-28,-0.005231924512432373,1.0857985307090834,0.0,0.0,1.0
2012-03-29,0.00019021242129624305,1.0860050630766493,0.0,0.0,1.0
2012-03-30,0.003086270153898507,1.0893567680898055,0.0,0.0,1.0
2012-04-02,0.006842036641529825,1.0968101870127744,0.0,0.0,1.0
2012-04-03,0.0010325944614060223,1.0979427471370975,0.00013181591875128485,0.26363183750256974,1.0
2012-04-04,-0.006519436007109802,1.0907847796576668,0.0,0.0,1.0
2012-04-05,0.005732868325744045,1.09703810517117,0.0,0.0,1.0
2012-04-09,-0.0078771051650659,1.088396620646652,0.0,0.0,1.0
2012-04-10,-0.021546060682102852,1.0649459610120036,0.0,0.0,1.0
2012-04-11,0.010716839259075739,1.076358815695771,0.0,0.0,1.0
2012-04-12,0.011063953617208577,1.0882675997081026,0.0,0.0,1.0
2012-04-13,-0.0022137369481407543,1.0858584615131643,0.0,0.0,1.0
2012-04-16,-0.0027057286327086816,1.0829204231827791,0.0,0.0,1.0
2012-04-17,0.01094999105939709,1.094778392134669,0.0,0.0,1.0
2012-04-18,0.0007461913790454133,1.0955953063328452,0.0,0.0,1.0
2012-04-19,-0.0053287471435136124,1.089757155973777,0.0,0.0,1.0
2012-04-20,0.007465818511118494,1.0978930851214699,0.0,0.0,1.0
2012-04-23,-0.010973388606333123,1.085845477650226,0.0,0.0,1.0
2012-04-24,-0.002537586050504692,1.0830900513131372,0.0,0.0,1.0
2012-04-25,0.01857509732428908,1.1032085544272479,0.0,0.0,1.0
2012-04-26,0.010781368913612699,1.1151026528411814,0.0,0.0,1.0
2012-04-27,0.007228257878723943,1.1231629023771665,0.0,0.0,1.0
2012-04-30,-0.0064986508342742555,1.1158638588446073,0.0,0.0,1.0
2012-05-01,0.005238460175700954,1.1217092672306688,0.0,0.0,1.0
2012-05-02,0.007302029819622691,1.1299000217489341,0.0002149962382475086,0.4299924764950172,1.0
2012-05-03,-0.009371248672611632,1.1193114476699355,0.0,0.0,1.0
2012-05-04,-0.018093830886345863,1.0990588156266448,0.0,0.0,1.0
2012-05-07,0.0003615083495991378,1.0994561345651943,0.0,0.0,1.0
2012-05-08,-0.007893651159187276,1.0907774113741082,0.0,0.0,1.0
2012-05-09,-0.005393252352520195,1.0848945735341389,0.0,0.0,1.0
2012-05-10,-0.00042412539891290013,1.0844344421903602,0.0,0.0,1.0
2012-05-11,0.0005446658082379763,1.085025096552297,0.0,0.0,1.0
2012-05-14,-0.012836364031613923,1.0710973194295146,0.0,0.0,1.0
2012-05-15,-0.0010486240229357069,1.0699741410494588,0.0,0.0,1.0
2012-05-16,-0.003597653892834396,1.06612474441568,0.0,0.0,1.0
2012-05-17,-0.026761507681797747,1.0375936388782452,0.0,0.0,1.0
2012-05-18,-0.0066909329387777605,1.0306511694228084,0.0,0.0,1.0
2012-05-21,0.016232736232957068,1.0473814580042375,0.0,0.0,1.0
2012-05-22,0.0030745720185041403,1.0506017077277174,0.0,0.0,1.0
2012-05-23,0.005852628769197787,1.056750489507333,0.0,0.0,1.0
2012-05-24,0.0027520193697228024,1.0596586873234213,0.0,0.0,1.0
2012-05-25,-0.0013584687928328565,1.0582191740656381,0.0,0.0,1.0
2012-05-29,0.011993351848373468,1.0709107689529025,0.0,0.0,1.0
2012-05-30,-0.012121678728972407,1.0579295326642586,0.0,0.0,1.0
2012-05-31,-0.002469607577149091,1.0553168618743012,0.0,0.0,1.0
2012-06-01,-0.0332797069781241,1.020196225942051,0.0,0.0,1.0
2012-06-04,0.0008845491935032257,1.021098639690923,0.00021995042908733986,0.4399008581746797,1.0
2012-06-05,0.006832559191046528,1.0280753565865082,0.0,0.0,1.0
2012-06-06,0.024125428144599503,1.0528781147290696,0.0,0.0,1.0
2012-06-07,-0.00031071885719624603,1.052550965644494,0.0,0.0,1.0
2012-06-08,0.009570647927949372,1.0626245603629005,0.0,0.0,1.0
2012-06-11,-0.015834613388004626,1.0457983112729556,0.0,0.0,1.0
2012-06-12,0.01251764241332709,1.0588892405699317,0.0,0.0,1.0
2012-06-13,-0.012078654763824526,1.0460992829999591,0.0,0.0,1.0
2012-06-14,0.012538503569311965,1.0592158025937088,0.0,0.0,1.0
2012-06-15,0.011593033941983633,1.0714953273450631,0.0,0.0,1.0
2012-06-18,0.011071077054570333,1.0833579346777125,0.0,0.0,1.0
2012-06-19,0.0100874623819327,1.0942862670899423,0.0,0.0,1.0
2012-06-20,-0.002013144315922033,1.0920833109113586,0.0,0.0,1.0
2012-06-21,-0.02290724829276336,1.067066687351929,0.0,0.0,1.0
2012-06-22,0.010908453359409487,1.0787067345422872,0.0,0.0,1.0
2012-06-25,-0.014274850452888233,1.0633083572241726,0.0,0.0,1.0
2012-06-26,0.008886225777055223,1.0727571553570963,0.0,0.0,1.0
2012-06-27,-0.0015685348252296727,1.0710744983999043,0.0,0.0,1.0
2012-06-28,-0.007521471515741229,1.0630184420689526,0.0,0.0,1.0
2012-06-29,0.026339696476154195,1.091018025181603,0.0,0.0,1.0
2012-07-02,0.004566034138889119,1.0959996507307257,0.0,0.0,1.0
2012-07-03,1.163172411122737e-05,1.096012399096289,0.00032250958685427054,0.6450191737085411,1.0000000000000002
2012-07-05,0.0031080840209738447,1.0994188977207093,0.0,0.0,1.0000000000000002
2012-07-06,-0.0043631862918278586,1.0946219282571978,0.0,0.0,1.0000000000000002
2012-07-09,-0.0008172346739558911,1.0937273652625537,0.0,0.0,1.0000000000000002
2012-07-10,-0.006646701145215594,1.0864576863313093,0.0,0.0,1.0000000000000002
2012-07-11,-0.0028122138907504812,1.0834023349340958,0.0,0.0,1.0000000000000002
2012-07-12,0.004967048182271672,1.0887836465324991,0.0,0.0,1.0000000000000002
2012-07-13,0.014525160587200547,1.1045984038431016,0.0,0.0,1.0000000000000002
2012-07-16,-0.0012959717779427171,1.1031668754857604,0.0,0.0,1.0000000000000002
2012-07-17,0.006981470771381559,1.1108686027829207,0.0,0.0,1.0000000000000002
2012-07-18,0.0065896564478418185,1.1181888452339541,0.0,0.0,1.0000000000000002
2012-07-19,-0.001398992596380988,1.116624507318116,0.0,0.0,1.0000000000000002
2012-07-20,-0.014172293757561016,1.1007993767835118,0.0,0.0,1.0000000000000002
2012-07-23,-0.008883761195531248,1.0910201379959774,0.0,0.0,1.0000000000000002
2012-07-24,-0.008948186202453301,1.081257486650563,0.0,0.0,1.0000000000000002
2012-07-25,-0.0006248457303612565,1.0805818675266083,0.0,0.0,1.0000000000000002
2012-07-26,0.01598467785617519,1.0978546205762454,0.0,0.0,1.0000000000000002
2012-07-27,0.015301367016000489,1.1146532970558944,0.0,0.0,1.0000000000000002
2012-07-30,-0.0019906619741899556,1.1124343991230399,0.0,0.0,1.0000000000000002
2012-07-31,-0.009824126968456692,1.1015057023419763,0.0,0.0,1.0000000000000002
2012-08-01,-0.007863865593617292,1.092843609548156,0.0,0.0,1.0000000000000002
2012-08-02,-0.0012251821119650952,1.0915046771065622,0.0002990147553949388,0.5980295107898774,0.9999999999999998
2012-08-03,0.014086627128335527,1.1068802965017965,0.0,0.0,0.9999999999999998
2012-08-06,-0.0009491308517034502,1.105829722263244,0.0,0.0,0.9999999999999998
2012-08-07,0.00472620576948346,1.1110561010766709,0.0,0.0,0.9999999999999998
2012-08-08,-0.0009689975703069953,1.1099794904142528,0.0,0.0,0.9999999999999998
2012-08-09,-0.002439490900866703,1.1072717055472385,0.0,0.0,0.9999999999999998
2012-08-10,-0.002272714904285933,1.1047551926389472,0.0,0.0,0.9999999999999998
2012-08-13,-0.0013878100786852698,1.103222002248123,0.0,0.0,0.9999999999999998
2012-08-14,0.0040382198984745266,1.1076770552900361,0.0,0.0,0.9999999999999998
2012-08-15,0.004160743888446561,1.1122858158282065,0.0,0.0,0.9999999999999998
2012-08-16,0.009378987565134889,1.1227179306637352,0.0,0.0,0.9999999999999998
2012-08-17,0.002799500267111288,1.125860979810519,0.0,0.0,0.9999999999999998
2012-08-20,-0.005952309763636809,1.1191595065078952,0.0,0.0,0.9999999999999998
2012-08-21,-0.006624530223974245,1.1117456005315856,0.0,0.0,0.9999999999999998
2012-08-22,0.00709750833116507,1.1196362241934945,0.0,0.0,0.9999999999999998
2012-08-23,-0.007682168654951083,1.1110349898870475,0.0,0.0,0.9999999999999998
2012-08-24,0.0073250600009864275,1.1191733878511656,0.0,0.0,0.9999999999999998
2012-08-27,-0.0007601692749212852,1.1183226266284116,0.0,0.0,0.9999999999999998
2012-08-28,-0.0005049957839720065,1.1177578784168438,0.0,0.0,0.9999999999999998
2012-08-29,0.0031973941055380983,1.1213317908687126,0.0,0.0,0.9999999999999998
2012-08-30,-0.0067757594374822094,1.113733916404185,0.0,0.0,0.9999999999999998
2012-08-31,0.004066365561534058,1.1182627656465636,0.0,0.0,0.9999999999999998
2012-09-04,0.002417773907380294,1.1209664721829389,0.0,0.0,0.9999999999999998
2012-09-05,-0.0028913317037339015,1.1177253862830936,0.00035194017359495424,0.7038803471899084,1.0
2012-09-06,0.02078998795059217,1.1409628835959902,0.0,0.0,1.0
2012-09-07,-0.0003054784610986294,1.1406143440101386,0.0,0.0,1.0
2012-09-10,-0.007625338266871506,1.1319167738050155,0.0,0.0,1.0
2012-09-11,0.0005313691864154979,1.1325182395002025,0.0,0.0,1.0
2012-09-12,0.0017979754702821538,1.134554479514471,0.0,0.0,1.0
2012-09-13,0.01756968998355468,1.1544882499889935,0.0,0.0,1.0
2012-09-14,0.003975135231701232,1.1590774969061097,0.0,0.0,1.0
2012-09-17,-0.004867195602830887,1.153436040009828,0.0,0.0,1.0
2012-09-18,-0.00465562433050648,1.1480660751182752,0.0,0.0,1.0
2012-09-19,0.006101422988617822,1.1550709118614542,0.0,0.0,1.0
2012-09-20,0.002672225923910254,1.158157522296085,0.0,0.0,1.0
2012-09-21,0.0022806271904107778,1.1607988478322122,0.0,0.0,1.0
2012-09-24,-0.0029813232277162705,1.1573381312644637,0.0,0.0,1.0
2012-09-25,-0.009026086073481654,1.1468918976755482,0.0,0.0,1.0
2012-09-26,-0.009122529844567961,1.1364293421105098,0.0,0.0,1.0
2012-09-27,0.012257588761310778,1.1503592256423874,0.0,0.0,1.0
2012-09-28,-0.003924093043202848,1.1458451090078599,0.0,0.0,1.0
2012-10-01,0.0021172392542023744,1.148271137251887,0.0,0.0,1.0
2012-10-02,0.0021006307009454606,1.150683230855808,0.00019317614401238636,0.38635228802477267,1.0
2012-10-03,0.011619140522800775,1.164053181012352,0.0,0.0,1.0
2012-10-04,0.007372069141867721,1.172634661547586,0.0,0.0,1.0
2012-10-05,0.0003301822667407528,1.1730218447181946,0.0,0.0,1.0
2012-10-08,-0.0041440768990370636,1.1681607519894321,0.0,0.0,1.0
2012-10-09,-0.018948172729644108,1.1460262402847454,0.0,0.0,1.0
2012-10-10,-0.0033376764267610826,1.1422011755180974,0.0,0.0,1.0
2012-10-11,-0.003163960828111989,1.1385872957409346,0.0,0.0,1.0
2012-10-12,-0.005806101499427951,1.1319765423359036,0.0,0.0,1.0
2012-10-15,0.010343576006975441,1.1436852277396683,0.0,0.0,1.0
2012-10-16,0.00980442730713249,1.1548984064172831,0.0,0.0,1.0
2012-10-17,0.0064457387061198634,1.1623425797771632,0.0,0.0,1.0
2012-10-18,-0.002263953720600953,1.1597110899690637,0.0,0.0,1.0
2012-10-19,-0.011027245597131086,1.1469226709582583,0.0,0.0,1.0
2012-10-22,0.0008627047713893887,1.1479121266189087,0.0,0.0,1.0
2012-10-23,-0.016667412252843627,1.128779401974513,0.0,0.0,1.0
2012-10-24,-0.0005232520269516927,1.1281887658644485,0.0,0.0,1.0
2012-10-25,0.00014657542115825706,1.1283541306079512,0.0,0.0,1.0
2012-10-26,-0.0028981547774722394,1.1250839856936492,0.0,0.0,1.0
2012-10-31,-0.00026930231136401694,1.1247809979758232,0.0,0.0,1.0
2012-11-01,0.012003729439553412,1.1382825647542758,0.0,0.0,1.0
2012-11-02,-0.01297026500303422,1.1235187382410794,0.00018631737872592058,0.3726347574518411,1.0000000000000002
2012-11-05,0.007198815121021385,1.13160674192268,0.0,0.0,1.0000000000000002
2012-11-06,0.009886285562230368,1.1427941293174728,0.0,0.0,1.0000000000000002
2012-11-07,-0.021635595952200104,1.1180690972790137,0.0,0.0,1.0000000000000002
2012-11-08,-0.011193706138556858,1.105553760361471,0.0,0.0,1.0000000000000002
2012-11-09,-0.0016672901964639442,1.1037104814151564,0.0,0.0,1.0000000000000002
2012-11-12,0.0010793084102656003,1.104901725420246,0.0,0.0,1.0000000000000002
2012-11-13,-0.002203789002617973,1.1024667551487912,0.0,0.0,1.0000000000000002
2012-11-14,-0.019130621801074166,1.0813758806077822,0.0,0.0,1.0000000000000002
2012-11-15,-0.00012276330109084466,1.0812431273349588,0.0,0.0,1.0000000000000002
2012-11-16,0.009224725952656776,1.0912172988728173,0.0,0.0,1.0000000000000002
2012-11-19,0.020897143567787158,1.1140206234310155,0.0,0.0,1.0000000000000002
2012-11-20,0.005927887655817976,1.120624412532979,0.0,0.0,1.0000000000000002
2012-11-21,0.0021285013913769912,1.1230096631542663,0.0,0.0,1.0000000000000002
2012-11-23,0.01354412809228056,1.1382198498808964,0.0,0.0,1.0000000000000002
2012-11-26,-0.0032448518350490785,1.134526495112321,0.0,0.0,1.0000000000000002
2012-11-27,-0.007616836503336888,1.1258849922903467,0.0,0.0,1.0000000000000002
2012-11-28,0.006960245483793592,1.1337214282232064,0.0,0.0,1.0000000000000002
2012-11-29,0.004960179961789324,1.1393448905337304,0.0,0.0,1.0000000000000002
2012-11-30,-0.000825096063852615,1.1384048215491804,0.0,0.0,1.0000000000000002
2012-12-03,-0.005941025898332231,1.1316415290215704,0.0,0.0,1.0000000000000002
2012-12-04,-0.0016532422898197785,1.1297706513888757,0.00027383315338419675,0.5476663067683935,0.9999999999999998
2012-12-05,0.0019762222008092856,1.132003329231973,0.0,0.0,0.9999999999999998
2012-12-06,0.005806778873934437,1.1385766222493807,0.0,0.0,0.9999999999999998
2012-12-07,0.0041309712498609485,1.1432800495416566,0.0,0.0,0.9999999999999998
2012-12-10,0.0013345275660567868,1.1448057882834928,0.0,0.0,0.9999999999999998
2012-12-11,0.00690400602075214,1.152709534338394,0.0,0.0,0.9999999999999998
2012-12-12,0.00047904975130941274,1.1532617395541507,0.0,0.0,0.9999999999999998
2012-12-13,-0.007481302946223289,1.1446338391042576,0.0,0.0,0.9999999999999998
2012-12-14,0.0002351158073703452,1.1449029606134822,0.0,0.0,0.9999999999999998
2012-12-17,0.019007393988025756,1.16666458226392,0.0,0.0,0.9999999999999998
2012-12-18,0.01376843135055772,1.1827277234739477,0.0,0.0,0.9999999999999998
2012-12-19,-0.007195305295360832,1.1742176364222656,0.0,0.0,0.9999999999999998
2012-12-20,0.0074953635773333804,1.1830188245261677,0.0,0.0,0.9999999999999998
2012-12-21,-0.012233260771983945,1.1685466467475731,0.0,0.0,0.9999999999999998
2012-12-24,-0.0005964549557548882,1.1678496613090898,0.0,0.0,0.9999999999999998
2012-12-26,-0.004369294954695402,1.1627469816760894,0.0,0.0,0.9999999999999998
2012-12-27,-0.001259371054944669,1.1612826517831423,0.0,0.0,0.9999999999999998
2012-12-28,-0.009806674707816043,1.149894330573275,0.0,0.0,0.9999999999999998
2012-12-31,0.019635562088759828,1.1724731520967593,0.0,0.0,0.9999999999999998
2013-01-02,0.02696472460385735,1.204088567748465,0.0,0.0,0.9999999999999998
2013-01-03,-0.0036715219154782597,1.1996677301837997,0.0003159910444908434,0.6319820889816868,1.0
2013-01-04,0.008186242232514518,1.2094885008216152,0.0,0.0,1.0
2013-01-07,-0.0020803721688082977,1.2069723146060123,0.0,0.0,1.0
2013-01-08,-0.0010864974082689383,1.2056609423143405,0.0,0.0,1.0
2013-01-09,0.004502473699809606,1.2110893989979985,0.0,0.0,1.0
2013-01-10,0.004335018637040333,1.2163394941137768,0.0,0.0,1.0
2013-01-11,-0.002141489032624011,1.2137347164271848,0.0,0.0,1.0
2013-01-14,-0.0011363681946924276,1.212355466898643,0.0,0.0,1.0
2013-01-15,0.001961812032753807,1.2147338804415795,0.0,0.0,1.0
2013-01-16,0.0009489748012641019,1.2158866322843602,0.0,0.0,1.0
2013-01-17,0.010450621671129312,1.2285934034733477,0.0,0.0,1.0
2013-01-18,0.0009370264318011579,1.2297446279663387,0.0,0.0,1.0
2013-01-22,0.006603745806769812,1.237865548896669,0.0,0.0,1.0
2013-01-23,0.002217344604633631,1.2406103233927768,0.0,0.0,1.0
2013-01-24,0.003216689454522692,1.2446009815372063,0.0,0.0,1.0
2013-01-25,0.009060341424690366,1.2558774913674382,0.0,0.0,1.0
2013-01-28,-0.004327676232327438,1.2504424601973323,0.0,0.0,1.0
2013-01-29,0.004653895133932995,1.2562618882781078,0.0,0.0,1.0
2013-01-30,-0.002661491775045266,1.2529183575951528,0.0,0.0,1.0
2013-01-31,-0.0006766309175174623,1.2520705942972787,0.0,0.0,1.0
2013-02-01,0.011115695184033214,1.2659882293723785,0.0,0.0,1.0
2013-02-04,-0.017221126354147187,1.2441864861114937,0.0002917928041332973,0.5835856082665946,1.0
2013-02-05,0.006923350292748376,1.2528004249843474,0.0,0.0,1.0
2013-02-06,0.0011132697906863775,1.2541951298512415,0.0,0.0,1.0
2013-02-07,-0.00567157219326031,1.2470818716278547,0.0,0.0,1.0
2013-02-08,0.0039028291856337827,1.2519490191533187,0.0,0.0,1.0
2013-02-11,-0.002034310902180425,1.249402165614681,0.0,0.0,1.0
2013-02-12,0.006773190482537439,1.257864604471684,0.0,0.0,1.0
2013-02-13,0.003455672713226665,1.2622113728622903,0.0,0.0,1.0
2013-02-14,0.00906274708405852,1.2736504753011637,0.0,0.0,1.0
2013-02-15,-0.0005209600067506148,1.2729869543409529,0.0,0.0,1.0
2013-02-19,0.002881577748765851,1.276655165223051,0.0,0.0,1.0
2013-02-20,-0.023318495890481516,1.2468854869992352,0.0,0.0,1.0
2013-02-21,-0.006462219035722749,1.2388278398697823,0.0,0.0,1.0
2013-02-22,0.010087823827187758,1.2513249168706042,0.0,0.0,1.0
2013-02-25,-0.022978016393976897,1.2225719524165597,0.0,0.0,1.0
2013-02-26,0.011049458642872878,1.2360807106427227,0.0,0.0,1.0
2013-02-27,0.017122597967546227,1.2572456237064968,0.0,0.0,1.0
2013-02-28,0.0001692702446585148,1.2574584379808176,0.0,0.0,1.0
2013-03-01,0.006635058573923214,1.2658017483710942,0.0,0.0,1.0
2013-03-04,0.010270259791349101,1.278801861171209,0.00023798889051454504,0.47597778102909005,1.0000000000000002
2013-03-05,0.009636554838205358,1.2911251054335844,0.0,0.0,1.0000000000000002
2013-03-06,0.0007427011849114873,1.292084025579259,0.0,0.0,1.0000000000000002
2013-03-07,0.0003392699691067147,1.2925223908867005,0.0,0.0,1.0000000000000002
2013-03-08,0.005704358437083945,1.299895401892275,0.0,0.0,1.0000000000000002
2013-03-11,0.0019605780497438108,1.302443948284188,0.0,0.0,1.0000000000000002
2013-03-12,-0.0013036066238094612,1.3007460737260643,0.0,0.0,1.0000000000000002
2013-03-13,0.0027707970157417883,1.3043501770653825,0.0,0.0,1.0000000000000002
2013-03-14,0.006458973205865304,1.3127749399101134,0.0,0.0,1.0000000000000002
2013-03-15,-0.004224170462325039,1.3072295547852646,0.0,0.0,1.0000000000000002
2013-03-18,-0.0060864954071898625,1.2992731081039213,0.0,0.0,1.0000000000000002
2013-03-19,-0.0035959725298730927,1.2946009576983768,0.0,0.0,1.0000000000000002
2013-03-20,0.013081102853960802,1.3115357659808653,0.0,0.0,1.0000000000000002
2013-03-21,-0.010401930144069649,1.2978932625616835,0.0,0.0,1.0000000000000002
2013-03-22,0.00583632096492015,1.305468184220201,0.0,0.0,1.0000000000000002
2013-03-25,-0.002972974771183967,1.301587060243931,0.0,0.0,1.0000000000000002
2013-03-26,0.007794389164695437,1.3117321363232042,0.0,0.0,1.0000000000000002
2013-03-27,0.0022086671942682656,1.3146293160603688,0.0,0.0,1.0000000000000002
2013-03-28,0.006249477712906071,1.3228450626718211,0.0,0.0,1.0000000000000002
2013-04-01,-0.005472113350935781,1.3156063045431552,0.0,0.0,1.0000000000000002
2013-04-02,0.0056634418620487015,1.3230571643622802,0.00029248776717177334,0.5849755343435467,1.0
2013-04-03,-0.017096165055114354,1.300437960702991,0.0,0.0,1.0
2013-04-04,0.0047195349055049185,1.3065754230509725,0.0,0.0,1.0
2013-04-05,-0.0021898919093584768,1.3037141641030665,0.0,0.0,1.0
2013-04-08,0.009117868947927654,1.3156012589969153,0.0,0.0,1.0
2013-04-09,0.0021870723257240154,1.318478574102155,0.0,0.0,1.0
2013-04-10,0.011659079350622825,1.333850820419708,0.0,0.0,1.0
2013-04-11,0.006410703851726929,1.3424017430118016,0.0,0.0,1.0
2013-04-12,-8.04268585098411e-05,1.342293777856753,0.0,0.0,1.0
2013-04-15,-0.02890738494206979,1.3034915749149028,0.0,0.0,1.0
2013-04-16,0.01891572769116423,1.32814806659372,0.0,0.0,1.0
2013-04-17,-0.015628871682910828,1.3073906108850206,0.0,0.0,1.0
2013-04-18,-0.008807100335684104,1.295876290597025,0.0,0.0,1.0
2013-04-19,0.017166914775959663,1.3181224884378908,0.0,0.0,1.0
2013-04-22,0.008262892096720265,1.3290139923301134,0.0,0.0,1.0
2013-04-23,0.017741678096159008,1.3525929307673255,0.0,0.0,1.0
2013-04-24,-0.0024010097214591797,1.3493453419913761,0.0,0.0,1.0
2013-04-25,0.008968756532940603,1.3614472918425542,0.0,0.0,1.0
2013-04-26,-0.00572230257615014,1.3536566784971509,0.0,0.0,1.0
2013-04-29,0.003936308494071117,1.3589850887787753,0.0,0.0,1.0
2013-04-30,-0.001351556818932842,1.3571483432152083,0.0,0.0,1.0
2013-05-01,-0.010573170027886936,1.3427989830293288,0.0,0.0,1.0
2013-05-02,0.016345586319460814,1.364747819716119,0.0003389999074401184,0.6779998148802369,1.0
2013-05-03,0.012647338096106298,1.3820082468079926,0.0,0.0,1.0
2013-05-06,0.005314540988829108,1.3893529862825535,0.0,0.0,1.0
2013-05-07,0.0010301694616410284,1.3907842553004617,0.0,0.0,1.0
2013-05-08,0.0042873480427205735,1.3967470314552706,0.0,0.0,1.0
2013-05-09,-0.003327828845815284,1.392098896393687,0.0,0.0,1.0
2013-05-10,0.008099462275347413,1.4033741488885805,0.0,0.0,1.0
2013-05-13,0.00422467604314658,1.4093029500349612,0.0,0.0,1.0
2013-05-14,0.016293785994901056,1.4322658307048135,0.0,0.0,1.0
2013-05-15,0.0077300305452341345,1.443337289325057,0.0,0.0,1.0
2013-05-16,-0.010761137280815958,1.4278053386121092,0.0,0.0,1.0
2013-05-17,0.013998136181893273,1.4477919521832359,0.0,0.0,1.0
2013-05-20,-0.003525984292704898,1.4426870605007331,0.0,0.0,1.0
2013-05-21,-0.00032541050090717505,1.4422175949817233,0.0,0.0,1.0
2013-05-22,-0.008881803705347413,1.4294081014026974,0.0,0.0,1.0
2013-05-23,-0.00023436026925316433,1.42907310493518,0.0,0.0,1.0
2013-05-24,0.001541204821354114,1.4312755992945734,0.0,0.0,1.0
2013-05-28,0.008628186578571562,1.443624912210644,0.0,0.0,1.0
2013-05-29,-0.010146659620961618,1.428976941606102,0.0,0.0,1.0
2013-05-30,0.007102785663612332,1.4391266585405744,0.0,0.0,1.0
2013-05-31,-0.015236685691298102,1.4171991379744235,0.0,0.0,1.0
2013-06-03,-0.002897011177365738,1.4130934962311585,0.0,0.0,1.0
2013-06-04,-0.010145185858273953,1.3987574000767753,0.00031553392830105343,0.6310678566021068,1.0000000000000002
2013-06-05,-0.018426601084849947,1.3729830554510787,0.0,0.0,1.0000000000000002
2013-06-06,0.01637703364826759,1.3954684451487023,0.0,0.0,1.0000000000000002
2013-06-07,0.015149395269740795,1.4166089482107107,0.0,0.0,1.0000000000000002
2013-06-10,3.3018295521491936e-05,1.4166557222236011,0.0,0.0,1.0000000000000002
2013-06-11,-0.01394442543324903,1.3969012721404686,0.0,0.0,1.0000000000000002
2013-06-12,-0.015735505284742213,1.3749203247904391,0.0,0.0,1.0000000000000002
2013-06-13,0.01914008595825245,1.4012364179926766,0.0,0.0,1.0000000000000002
2013-06-14,-0.007227991219584173,1.391108293466864,0.0,0.0,1.0000000000000002
2013-06-17,0.00985872326082049,1.404822845157986,0.0,0.0,1.0000000000000002
2013-06-18,0.008758457110033646,1.4171269257944976,0.0,0.0,1.0000000000000002
2013-06-19,-0.013628244993796335,1.3978139728624648,0.0,0.0,1.0000000000000002
2013-06-20,-0.034962170073678744,1.3489433630118828,0.0,0.0,1.0000000000000002
2013-06-21,-0.002345432737582809,1.3457795070871297,0.0,0.0,1.0000000000000002
2013-06-24,-0.013769392570742833,1.3272489407403862,0.0,0.0,1.0000000000000002
2013-06-25,0.015088915639518863,1.3472756880398586,0.0,0.0,1.0000000000000002
2013-06-26,0.012635853386094409,1.3642996661045796,0.0,0.0,1.0000000000000002
2013-06-27,0.010641803536515004,1.3788182751161975,0.0,0.0,1.0000000000000002
2013-06-28,-0.006003759470369241,1.3705401818390504,0.0,0.0,1.0000000000000002
2013-07-01,0.007271842040807108,1.3805065335519628,0.0,0.0,1.0000000000000002
2013-07-02,-0.004171854342075121,1.374747261375701,0.00033724559480115214,0.6744911896023043,1.0000000000000002
2013-07-03,0.0008175788013300433,1.3758712255937884,0.0,0.0,1.0000000000000002
2013-07-05,0.013155565266625091,1.3939715893005589,0.0,0.0,1.0000000000000002
2013-07-08,0.005928060933006352,1.4022351378208124,0.0,0.0,1.0000000000000002
2013-07-09,0.009444943185680676,1.415479169030495,0.0,0.0,1.0000000000000002
2013-07-10,-0.003192773714062902,1.4109598643468109,0.0,0.0,1.0000000000000002
2013-07-11,0.013820552424850918,1.4304601091213764,0.0,0.0,1.0000000000000002
2013-07-12,0.01116493853918965,1.4464311083224792,0.0,0.0,1.0000000000000002
2013-07-15,0.0011374854091901199,1.4480764026035946,0.0,0.0,1.0000000000000002
2013-07-16,-0.008547127968275614,1.4356995082827015,0.0,0.0,1.0000000000000002
2013-07-17,0.005973860221540006,1.4442761764653163,0.0,0.0,1.0000000000000002
2013-07-18,0.0061653897745808095,1.4531807020353662,0.0,0.0,1.0000000000000002
2013-07-19,0.0033676293517204137,1.4580744760208941,0.0,0.0,1.0000000000000002
2013-07-22,0.004228909762640898,1.4642405414071964,0.0,0.0,1.0000000000000002
2013-07-23,-0.004908065590382149,1.4570539527898732,0.0,0.0,1.0000000000000002
2013-07-24,-0.006455587048970979,1.4476478141625908,0.0,0.0,1.0000000000000002
2013-07-25,0.004060143013499662,1.453525471321271,0.0,0.0,1.0000000000000002
2013-07-26,-0.000985299191265998,1.4520933138498937,0.0,0.0,1.0000000000000002
2013-07-29,-0.005462634112326947,1.4441610593793754,0.0,0.0,1.0000000000000002
2013-07-30,0.003742994433310498,1.4495665461854363,0.0,0.0,1.0000000000000002
2013-07-31,0.004192251248833712,1.45564349334895,0.0,0.0,1.0000000000000002
2013-08-01,0.017645224889170086,1.4813286501475493,0.0,0.0,1.0000000000000002
2013-08-02,-0.0016718054978875907,1.4788521567660542,0.00023872811878425628,0.4774562375685125,1.0
2013-08-05,2.4067610644884496e-05,1.4788877492039645,0.0,0.0,1.0
2013-08-06,-0.007675388289373419,1.4675367114924265,0.0,0.0,1.0
2013-08-07,-0.011105660926238659,1.4512387463777843,0.0,0.0,1.0
2013-08-08,0.007204178446167164,1.4616937292746817,0.0,0.0,1.0
2013-08-09,-0.002390064715754092,1.4582001866671033,0.0,0.0,1.0
2013-08-12,-0.003178549714448975,1.4535652248801632,0.0,0.0,1.0
2013-08-13,0.00725708137428982,1.4641138659999564,0.0,0.0,1.0
2013-08-14,-0.00606059035151707,1.4552404716301548,0.0,0.0,1.0
2013-08-15,-0.021601394570524013,1.4238052480074763,0.0,0.0,1.0
2013-08-16,-7.51882907805701e-05,1.4236981945244742,0.0,0.0,1.0
2013-08-19,-0.009004818565663708,1.4108780505905183,0.0,0.0,1.0
2013-08-20,0.011741766396168085,1.4274442510740333,0.0,0.0,1.0
2013-08-21,-0.002476514228353155,1.4239091650760676,0.0,0.0,1.0
2013-08-22,0.014010785801545245,1.4438592513888056,0.0,0.0,1.0
2013-08-23,0.0011942510690146069,1.4455835818432834,0.0,0.0,1.0
2013-08-26,-0.0008322724320810604,1.4443804624798462,0.0,0.0,1.0
2013-08-27,-0.02657460516149679,1.4059966219864641,0.0,0.0,1.0
2013-08-28,0.006538320398532971,1.4151894783802665,0.0,0.0,1.0
2013-08-29,0.006259346739539984,1.4240476400275972,0.0,0.0,1.0
2013-08-30,-0.006951526220567605,1.414148335518608,0.0,0.0,1.0
2013-09-03,0.01490150241256094,1.4352212703520575,0.0,0.0,1.0
2013-09-04,0.012342436394797485,1.4529353975938382,0.00027598589106655124,0.5519717821331025,0.9999999999999999
2013-09-05,0.0053558853864756895,1.4607171530573042,0.0,0.0,0.9999999999999999
2013-09-06,-0.0027777700297035857,1.4566596167276677,0.0,0.0,0.9999999999999999
2013-09-09,0.012267934824104376,1.4745298219665877,0.0,0.0,0.9999999999999999
2013-09-10,0.013993543890598481,1.4951637197482734,0.0,0.0,0.9999999999999999
2013-09-11,0.002523038922132015,1.498936076008158,0.0,0.0,0.9999999999999999
2013-09-12,-0.005977931944256665,1.4899755381569901,0.0,0.0,0.9999999999999999
2013-09-13,0.004305288649569139,1.496390312929553,0.0,0.0,0.9999999999999999
2013-09-16,0.0068871761592852465,1.5066962166177469,0.0,0.0,0.9999999999999999
2013-09-17,0.005714227903955482,1.515305822181528,0.0,0.0,0.9999999999999999
2013-09-18,0.009484252071711996,1.5296773645648305,0.0,0.0,0.9999999999999999
2013-09-19,-0.004110183512885834,1.5233901098809615,0.0,0.0,0.9999999999999999
2013-09-20,-0.004062939812307875,1.51720066755385,0.0,0.0,0.9999999999999999
2013-09-23,-0.011162075416039086,1.5002655592813492,0.0,0.0,0.9999999999999999
2013-09-24,0.00208171243115296,1.5033886807461359,0.0,0.0,0.9999999999999999
2013-09-25,0.00021902188297495684,1.5037179557658362,0.0,0.0,0.9999999999999999
2013-09-26,0.005913994736645112,1.5126109358416342,0.0,0.0,0.9999999999999999
2013-09-27,-0.0033017163403089578,1.5076167235982358,0.0,0.0,0.9999999999999999
2013-09-30,-0.00575644952000709,1.4989382040333241,0.0,0.0,0.9999999999999999
2013-10-01,0.010576628910158759,1.5147919171766444,0.0,0.0,0.9999999999999999
2013-10-02,-0.0010713112812652525,1.5131691035070036,0.0002382411961183661,0.4764823922367323,1.0000000000000002
2013-10-03,-0.008992310219835375,1.4995622175131984,0.0,0.0,1.0000000000000002
2013-10-04,0.013740302587817999,1.5201666561310891,0.0,0.0,1.0000000000000002
2013-10-07,-0.012142895179564128,1.5017074317702208,0.0,0.0,1.0000000000000002
2013-10-08,-0.01999873132011787,1.471675188320824,0.0,0.0,1.0000000000000002
2013-10-09,0.00047541236203696435,1.4723748408982547,0.0,0.0,1.0000000000000002
2013-10-10,0.03138826955814533,1.5185901392950003,0.0,0.0,1.0000000000000002
2013-10-11,0.005693046996253726,1.5272355443260544,0.0,0.0,1.0000000000000002
2013-10-14,0.007545667320829841,1.5387595556640854,0.0,0.0,1.0000000000000002
2013-10-15,-0.006503286169717848,1.528752561927214,0.0,0.0,1.0000000000000002
2013-10-16,0.018754431017410145,1.557423446392567,0.0,0.0,1.0000000000000002
2013-10-17,0.010395932000025088,1.5736143146365087,0.0,0.0,1.0000000000000002
2013-10-18,0.004046871056250678,1.5799825288601128,0.0,0.0,1.0000000000000002
2013-10-21,-0.0007117152740759858,1.5788580311615499,0.0,0.0,1.0000000000000002
2013-10-22,0.004677511840151194,1.586243158296226,0.0,0.0,1.0000000000000002
2013-10-23,-0.0070681109175085854,1.575031415711249,0.0,0.0,1.0000000000000002
2013-10-24,0.004885773733746657,1.582726662831957,0.0,0.0,1.0000000000000002
2013-10-25,0.003300782705866867,1.587950899628747,0.0,0.0,1.0000000000000002
2013-10-28,-0.004633027180633076,1.5805938799492563,0.0,0.0,1.0000000000000002
2013-10-29,0.0072876155349088645,1.5921126404631563,0.0,0.0,1.0000000000000002
2013-10-30,-0.004637871546889993,1.5847286265485083,0.0,0.0,1.0000000000000002
2013-10-31,-0.004915136550166843,1.5769394689540641,0.0,0.0,1.0000000000000002
2013-11-01,0.005648836828134884,1.5858473427020312,0.0,0.0,1.0000000000000002
2013-11-04,0.0060632691164270724,1.5954627619184045,0.0002809079367365713,0.5618158734731425,0.9999999999999999
2013-11-05,0.0015225357897075131,1.597891911074571,0.0,0.0,0.9999999999999999
2013-11-06,-0.005530412872427837,1.589054909080816,0.0,0.0,0.9999999999999999
2013-11-07,-0.018473670421287447,1.5596992324091281,0.0,0.0,0.9999999999999999
2013-11-08,0.02141753641912114,1.593104147522126,0.0,0.0,0.9999999999999999
2013-11-11,0.004638629057844401,1.6004939667129945,0.0,0.0,0.9999999999999999
2013-11-12,-0.0014417291862781623,1.5981864878487222,0.0,0.0,0.9999999999999999
2013-11-13,0.011430838782453101,1.6164550999356158,0.0,0.0,0.9999999999999999
2013-11-14,0.007482560373565317,1.6285503228120417,0.0,0.0,0.9999999999999999
2013-11-15,0.003841151070675952,1.634805830628161,0.0,0.0,0.9999999999999999
2013-11-18,-0.010543132409651323,1.6175698562917782,0.0,0.0,0.9999999999999999
2013-11-19,-0.004776163098135777,1.6098440788355006,0.0,0.0,0.9999999999999999
2013-11-20,0.000890445610149504,1.611277557428525,0.0,0.0,0.9999999999999999
2013-11-21,0.012108561500308479,1.630787810826715,0.0,0.0,0.9999999999999999
2013-11-22,0.008964011391763282,1.6454062113405146,0.0,0.0,0.9999999999999999
2013-11-25,-0.0012155074043470604,1.6434062079074716,0.0,0.0,0.9999999999999999
2013-11-26,0.00020015187110278276,1.6437351387349661,0.0,0.0,0.9999999999999999
2013-11-27,0.005043449042355652,1.6520252331463054,0.0,0.0,0.9999999999999999
2013-11-29,-0.002169175915932575,1.6484416997980516,0.0,0.0,0.9999999999999999
2013-12-02,0.0008593185747238774,1.6498582363700374,0.0,0.0,0.9999999999999999
2013-12-03,-0.00773777849375068,1.6370919987909158,0.00021849691436293846,0.4369938287258769,0.9999999999999999
2013-12-04,-0.0021903978432886717,1.633506116007499,0.0,0.0,0.9999999999999999
2013-12-05,-0.005975507212079956,1.6237450884303195,0.0,0.0,0.9999999999999999
2013-12-06,0.011503181219578051,1.6424233224369331,0.0,0.0,0.9999999999999999
2013-12-09,0.0015609980549031732,1.6449871420485846,0.0,0.0,0.9999999999999999
2013-12-10,-0.00034955582021456433,1.6444121272189034,0.0,0.0,0.9999999999999999
2013-12-11,-0.015415800556205506,1.6190621978334911,0.0,0.0,0.9999999999999999
2013-12-12,0.0024759866663925933,1.6230709742473872,0.0,0.0,0.9999999999999999
2013-12-13,0.004618845126870497,1.6305676877073547,0.0,0.0,0.9999999999999999
2013-12-16,0.005119059192206565,1.638914660217628,0.0,0.0,0.9999999999999999
2013-12-17,-0.0009427277371022447,1.6373696099086974,0.0,0.0,0.9999999999999999
2013-12-18,0.015011611636236877,1.6619491665976234,0.0,0.0,0.9999999999999999
2013-12-19,-0.0008358552190359525,1.6605600177129503,0.0,0.0,0.9999999999999999
2013-12-20,0.008372629520108754,1.6744632715371661,0.0,0.0,0.9999999999999999
2013-12-23,0.0043520811834620865,1.6817506716336215,0.0,0.0,0.9999999999999999
2013-12-24,0.0023854279680615154,1.6857623667210424,0.0,0.0,0.9999999999999999
2013-12-26,0.0052520641594751005,1.69461609882869,0.0,0.0,0.9999999999999999
2013-12-27,-0.005464449895499324,1.6853559540645342,0.0,0.0,0.9999999999999999
2013-12-30,-0.0005028264630214663,1.6845085124912198,0.0,0.0,0.9999999999999999
2013-12-31,0.004207623602110022,1.691596290266333,0.0,0.0,0.9999999999999999
2014-01-02,-0.007019757495301926,1.679721694528711,0.0,0.0,0.9999999999999999
2014-01-03,0.002640963240829075,1.6841577777787846,0.00019698170071215843,0.39396340142431685,0.9999999999999999
2014-01-06,-0.004353262879670083,1.6768261962412725,0.0,0.0,0.9999999999999999
2014-01-07,0.007753591691159967,1.689827621903968,0.0,0.0,0.9999999999999999
2014-01-08,0.008531617196313679,1.7042445843018097,0.0,0.0,0.9999999999999999
2014-01-09,0.0038656656461981687,1.7108326240440646,0.0,0.0,0.9999999999999999
2014-01-10,0.004693649163853841,1.718862672159403,0.0,0.0,0.9999999999999999
2014-01-13,-0.01862629083052636,1.6868466361300263,0.0,0.0,0.9999999999999999
2014-01-14,0.017417684152888135,1.716227598052501,0.0,0.0,0.9999999999999999
2014-01-15,0.0010717887871702914,1.718067031548326,0.0,0.0,0.9999999999999999
2014-01-16,-0.005735767235482969,1.7082125989604076,0.0,0.0,0.9999999999999999
2014-01-17,-0.002850539299615651,1.7033432718149724,0.0,0.0,0.9999999999999999
2014-01-21,0.006453117478574466,1.714335146054334,0.0,0.0,0.9999999999999999
2014-01-22,0.003012872786310572,1.719500219762497,0.0,0.0,0.9999999999999999
2014-01-23,-0.009311335961274758,1.7034893755308025,0.0,0.0,0.9999999999999999
2014-01-24,-0.027511081736615317,1.6566245400831188,0.0,0.0,0.9999999999999999
2014-01-27,-0.008793244720950444,1.6420574350914359,0.0,0.0,0.9999999999999999
2014-01-28,0.010406373659165746,1.6591452983308086,0.0,0.0,0.9999999999999999
2014-01-29,-0.01026715027808156,1.6421106042196738,0.0,0.0,0.9999999999999999
2014-01-30,0.020858605086269355,1.6763627408210673,0.0,0.0,0.9999999999999999
2014-01-31,-0.006157583375031139,1.6660403974776659,0.0,0.0,0.9999999999999999
2014-02-03,-0.026703637983179762,1.6215510578380694,0.0,0.0,0.9999999999999999
2014-02-04,0.007191193819713337,1.6332119457835441,0.0002663776951984997,0.5327553903969994,0.9999999999999999
2014-02-05,-0.0027169636173045575,1.628774568347503,0.0,0.0,0.9999999999999999
2014-02-06,0.01273592390562972,1.6495185173094018,0.0,0.0,0.9999999999999999
2014-02-07,0.02069360189908931,1.6836529968317786,0.0,0.0,0.9999999999999999
2014-02-10,0.0008362928168756945,1.6850610237391401,0.0,0.0,0.9999999999999999
2014-02-11,0.012120737740020537,1.7054852064838126,0.0,0.0,0.9999999999999999
2014-02-12,0.0014307023975661526,1.7079252482577425,0.0,0.0,0.9999999999999999
2014-02-13,0.009247332199233016,1.7237190003998395,0.0,0.0,0.9999999999999999
2014-02-14,0.003989682310122866,1.7305960916033576,0.0,0.0,0.9999999999999999
2014-02-18,0.008282326349051461,1.7449294532124096,0.0,0.0,0.9999999999999999
2014-02-19,-0.0074817588834157345,1.7318743117749038,0.0,0.0,0.9999999999999999
2014-02-20,0.010494560291877342,1.750049571157779,0.0,0.0,0.9999999999999999
2014-02-21,0.0012373017823579247,1.7522149106113873,0.0,0.0,0.9999999999999999
2014-02-24,0.009329960815286586,1.7685630070673526,0.0,0.0,0.9999999999999999
2014-02-25,-0.0016403213672310235,1.7656619953775656,0.0,0.0,0.9999999999999999
2014-02-26,-0.0019036217179607684,1.762300842856587,0.0,0.0,0.9999999999999999
2014-02-27,0.00691984298169146,1.774495687975657,0.0,0.0,0.9999999999999999
2014-02-28,0.0013425944380320853,1.776878116016645,0.0,0.0,0.9999999999999999
2014-03-03,-0.007200045880912831,1.7640845120565352,0.0,0.0,0.9999999999999999
2014-03-04,0.021629925547597573,1.802241528711988,0.00021634182921750837,0.4326836584350167,1.0
2014-03-05,0.0012716829437875443,1.8045334085246365,0.0,0.0,1.0
2014-03-06,-0.0013363616301859116,1.8021218993170955,0.0,0.0,1.0
2014-03-07,-0.0021843976557288647,1.7981853484648895,0.0,0.0,1.0
2014-03-10,-0.0013294886145542861,1.7957946815172472,0.0,0.0,1.0
2014-03-11,-0.006644893824380493,1.7838618165281779,0.0,0.0,1.0
2014-03-12,0.0006118733747479954,1.7849533140779412,0.0,0.0,1.0
2014-03-13,-0.01649824467346983,1.7555047175715626,0.0,0.0,1.0
2014-03-14,-0.0027927498743353096,1.7506020319921696,0.0,0.0,1.0
2014-03-17,0.010833114358166807,1.76956650400038,0.0,0.0,1.0
2014-03-18,0.009910471840010038,1.787103743007301,0.0,0.0,1.0
2014-03-19,0.00022314472930906604,1.7875025257882815,0.0,0.0,1.0
2014-03-20,0.005852296311845029,1.7979635202273658,0.0,0.0,1.0
2014-03-21,-0.011272082117394278,1.7776967277832836,0.0,0.0,1.0
2014-03-24,-0.0103817990259365,1.7592410376263725,0.0,0.0,1.0
2014-03-25,0.001342866136372134,1.7616034628415171,0.0,0.0,1.0
2014-03-26,-0.012728703078944692,1.7391805354201666,0.0,0.0,1.0
2014-03-27,-0.006779907473002056,1.7273890523111717,0.0,0.0,1.0
2014-03-28,0.000824113378216973,1.728812616738567,0.0,0.0,1.0
2014-03-31,0.01350709005985018,1.75216384444946,0.0,0.0,1.0
2014-04-01,0.013402006968882274,1.7756463565033953,0.0,0.0,1.0
2014-04-02,0.0026930929366932865,1.7804283371641598,0.00026286149276445704,0.525722985528914,0.9999999999999999
2014-04-03,-0.008951803395987556,1.7644902927292212,0.0,0.0,0.9999999999999999
2014-04-04,-0.023812737370498605,1.722472948795666,0.0,0.0,0.9999999999999999
2014-04-07,-0.01462319445623661,1.6972848919198198,0.0,0.0,0.9999999999999999
2014-04-08,0.00421891658773732,1.7044455953044564,0.0,0.0,0.9999999999999999
2014-04-09,0.022975017386393626,1.7436052624907383,0.0,0.0,0.9999999999999999
2014-04-10,-0.03560023155421721,1.6815325114069164,0.0,0.0,0.9999999999999999
2014-04-11,-0.01506401537392732,1.656201879803324,0.0,0.0,0.9999999999999999
2014-04-14,0.010272836422960951,1.6732157707979438,0.0,0.0,0.9999999999999999
2014-04-15,0.005769008758103489,1.682868567233874,0.0,0.0,0.9999999999999999
2014-04-16,0.016539791051186414,1.7107028617025317,0.0,0.0,0.9999999999999999
2014-04-17,0.005948730329333296,1.720879371700419,0.0,0.0,0.9999999999999999
2014-04-21,0.006786855105828771,1.7325587306507595,0.0,0.0,0.9999999999999999
2014-04-22,0.01090288208118051,1.7514486141897645,0.0,0.0,0.9999999999999999
2014-04-23,-0.0027476835227577823,1.7466361876915983,0.0,0.0,0.9999999999999999
2014-04-24,-0.0046788850865433496,1.7384638776813912,0.0,0.0,0.9999999999999999
2014-04-25,-0.020059059414677005,1.7035919274687104,0.0,0.0,0.9999999999999999
2014-04-28,-0.00906522371795282,1.688148485522108,0.0,0.0,0.9999999999999999
2014-04-29,0.013468174307035952,1.7108847635812787,0.0,0.0,0.9999999999999999
2014-04-30,0.005715056787875206,1.720662567162656,0.0,0.0,0.9999999999999999
2014-05-01,-0.00019301211180333677,1.720330458446867,0.0,0.0,0.9999999999999999
2014-05-02,0.0030702240652540347,1.7256122584205802,0.00027431532204757764,0.5486306440951553,1.0000000000000002
2014-05-05,0.0035412414716879947,1.7317230681141522,0.0,0.0,1.0000000000000002
2014-05-06,-0.011273529095083612,1.71220043772114,0.0,0.0,1.0000000000000002
2014-05-07,0.0019236214737283763,1.7154940632504676,0.0,0.0,1.0000000000000002
2014-05-08,-0.002453555396211282,1.711285003534411,0.0,0.0,1.0000000000000002
2014-05-09,0.0033140830745239658,1.7169563442003108,0.0,0.0,1.0000000000000002
2014-05-12,0.01957399816686678,1.750564044534278,0.0,0.0,1.0000000000000002
2014-05-13,-0.0003220888236001862,1.7500002074205372,0.0,0.0,1.0000000000000002
2014-05-14,-0.0068757736424520655,1.7379676021200694,0.0,0.0,1.0000000000000002
2014-05-15,-0.014709352410974486,1.712403224181629,0.0,0.0,1.0000000000000002
2014-05-16,0.004328034913898771,1.71981456512256,0.0,0.0,1.0000000000000002
2014-05-19,0.010364662777905043,1.737639863130585,0.0,0.0,1.0000000000000002
2014-05-20,-0.009133029221111366,1.7217699474848454,0.0,0.0,1.0000000000000002
2014-05-21,0.01010326012796714,1.739165437144801,0.0,0.0,1.0000000000000002
2014-05-22,0.004991729227839192,1.7478468800894447,0.0,0.0,1.0000000000000002
2014-05-23,0.009011009572230888,1.7635967450567245,0.0,0.0,1.0000000000000002
2014-05-27,0.011386512581957442,1.783677961583812,0.0,0.0,1.0000000000000002
2014-05-28,0.0007926126049893067,1.785091727219405,0.0,0.0,1.0000000000000002
2014-05-29,0.009676880526051423,1.80236584659175,0.0,0.0,1.0000000000000002
2014-05-30,-0.003924423215403872,1.7952926002207343,0.0,0.0,1.0000000000000002
2014-06-02,0.00546042585131068,1.8050956623456464,0.0,0.0,1.0000000000000002
2014-06-03,-0.001871398040017569,1.8017176098610885,0.0002915879693308707,0.5831759386617414,0.9999999999999999
2014-06-04,0.0021844698654414074,1.805653407685865,0.0,0.0,0.9999999999999999
2014-06-05,0.004740475790541598,1.814213063951109,0.0,0.0,0.9999999999999999
2014-06-06,0.004831627833996377,1.822978666287695,0.0,0.0,0.9999999999999999
2014-06-09,-0.004506509137086834,1.8147633962713552,0.0,0.0,0.9999999999999999
2014-06-10,-0.0020352199925900427,1.811069953525443,0.0,0.0,0.9999999999999999
2014-06-11,-0.00019662701253209125,1.8107138482509948,0.0,0.0,0.9999999999999999
2014-06-12,-0.010473208908373333,1.7917498638449776,0.0,0.0,0.9999999999999999
2014-06-13,0.006227050644167731,1.802907180988821,0.0,0.0,0.9999999999999999
2014-06-16,-0.00020171484065412137,1.8025435078540937,0.0,0.0,0.9999999999999999
2014-06-17,0.00340506826568987,1.808681291550213,0.0,0.0,0.9999999999999999
2014-06-18,0.009100163817539642,1.825140587597039,0.0,0.0,0.9999999999999999
2014-06-19,0.0012024762638935815,1.827335275831893,0.0,0.0,0.9999999999999999
2014-06-20,0.003316211201071617,1.83339510554172,0.0,0.0,0.9999999999999999
2014-06-23,-0.0019109949914917213,1.8298914966776043,0.0,0.0,0.9999999999999999
2014-06-24,-0.006581772662903829,1.8178475668486915,0.0,0.0,0.9999999999999999
2014-06-25,0.006370269824717445,1.829427746349724,0.0,0.0,0.9999999999999999
2014-06-26,0.000544259993383367,1.8304234306828477,0.0,0.0,0.9999999999999999
2014-06-27,0.0012750453070331513,1.8327573034880233,0.0,0.0,0.9999999999999999
2014-06-30,-0.0012283922636266986,1.8305059585953134,0.0,0.0,0.9999999999999999
2014-07-01,0.01273963279829049,1.8538259323429003,0.0,0.0,0.9999999999999999
2014-07-02,-0.0029410239760486734,1.848373785828459,0.0003742149164378631,0.7484298328757263,1.0000000000000002
2014-07-03,0.005291770223006198,1.8581549551892913,0.0,0.0,1.0000000000000002
2014-07-07,-0.008771632699658971,1.8418559024233196,0.0,0.0,1.0000000000000002
2014-07-08,-0.00985294774019907,1.8237081924717655,0.0,0.0,1.0000000000000002
2014-07-09,0.006390027391943942,1.8353617377765725,0.0,0.0,1.0000000000000002
2014-07-10,-0.004200912587726813,1.8276515435493148,0.0,0.0,1.0000000000000002
2014-07-11,0.0023951813644986775,1.8320291004672213,0.0,0.0,1.0000000000000002
2014-07-14,0.006578946866642621,1.8440819225773382,0.0,0.0,1.0000000000000002
2014-07-15,-0.002625085755370571,1.839241049390644,0.0,0.0,1.0000000000000002
2014-07-16,0.0012814307729422936,1.841597909470192,0.0,0.0,1.0000000000000002
2014-07-17,-0.011939982455795306,1.8196092627404885,0.0,0.0,1.0000000000000002
2014-07-18,0.01293334912501698,1.8431429046066259,0.0,0.0,1.0000000000000002
2014-07-21,-0.0020640941004007596,1.8393384842110319,0.0,0.0,1.0000000000000002
2014-07-22,0.010658058288818717,1.8589422609886204,0.0,0.0,1.0000000000000002
2014-07-23,0.004343157673346587,1.8670159403337412,0.0,0.0,1.0000000000000002
2014-07-24,0.002100609742271331,1.8709378122069822,0.0,0.0,1.0000000000000002
2014-07-25,-0.0037595337788930427,1.8639039583037817,0.0,0.0,1.0000000000000002
2014-07-28,-7.354866572217844e-06,1.863890249538865,0.0,0.0,1.0000000000000002
2014-07-29,-0.0058190278938017315,1.8530442201858133,0.0,0.0,1.0000000000000002
2014-07-30,-0.0004159564967982643,1.8522734344035725,0.0,0.0,1.0000000000000002
2014-07-31,-0.01916982636084774,1.816765674293245,0.0,0.0,1.0000000000000002
2014-08-01,1.6722884206954447e-05,1.8167960558552472,0.0,0.0,1.0000000000000002
2014-08-04,0.008340787935207095,1.8319495664786565,0.00023548122230530966,0.4709624446106193,1.0
2014-08-05,-0.011355859780177058,1.8111462040773687,0.0,0.0,1.0
2014-08-06,-0.003510712471675337,1.8047877905106868,0.0,0.0,1.0
2014-08-07,-0.005992219736929649,1.793973105491419,0.0,0.0,1.0
2014-08-08,0.009129770597430475,1.8103516684025154,0.0,0.0,1.0
2014-08-11,0.005873193024670709,1.820984213193578,0.0,0.0,1.0
2014-08-12,-0.002460287885978407,1.8165040677933,0.0,0.0,1.0
2014-08-13,0.009453427980333773,1.8336762581741675,0.0,0.0,1.0
2014-08-14,0.002696631857006526,1.8386210079873964,0.0,0.0,1.0
2014-08-15,0.0028857158193564825,1.843926745715947,0.0,0.0,1.0
2014-08-18,0.009521013004722967,1.8614827962416651,0.0,0.0,1.0
2014-08-19,0.0055980834718154515,1.8719035323163744,0.0,0.0,1.0
2014-08-20,0.0034463439395873152,1.8783547557104652,0.0,0.0,1.0
2014-08-21,0.0012893949389107817,1.8807766968259574,0.0,0.0,1.0
2014-08-22,-0.00030198573374018434,1.880208729095165,0.0,0.0,1.0
2014-08-25,0.005162599792968514,1.8899154942907295,0.0,0.0,1.0
2014-08-26,-8.975492899199189e-05,1.8897458650597385,0.0,0.0,1.0
2014-08-27,0.0007085921718108512,1.8910849241864318,0.0,0.0,1.0
2014-08-28,-0.0016853457035150843,1.887897792334472,0.0,0.0,1.0
2014-08-29,0.004906434777771418,1.8971606397196596,0.0,0.0,1.0
2014-09-02,-2.691066837157141e-05,1.8971095858588365,0.0,0.0,1.0
2014-09-03,-0.00042718341772030044,1.8962991721021594,0.00023360611012625246,0.4672122202525049,1.0
2014-09-04,-0.0036515240038288432,1.8893747901567877,0.0,0.0,1.0
2014-09-05,0.006025009185994357,1.9007582906232683,0.0,0.0,1.0
2014-09-08,-0.0013747026899320058,1.898145313088238,0.0,0.0,1.0
2014-09-09,-0.007989847817642337,1.8829794209008919,0.0,0.0,1.0
2014-09-10,0.0034282699359160507,1.889434782639515,0.0,0.0,1.0
2014-09-11,0.0008002994724456425,1.8909468962992817,0.0,0.0,1.0
2014-09-12,-0.008900287992487987,1.8741169243437168,0.0,0.0,1.0
2014-09-15,-0.005767810765562542,1.863307372571564,0.0,0.0,1.0
2014-09-16,0.011910527208294885,1.8855003457299944,0.0,0.0,1.0
2014-09-17,0.0018987367288214596,1.8890804144886373,0.0,0.0,1.0
2014-09-18,0.00743926393217742,1.9031337822811254,0.0,0.0,1.0
2014-09-19,-0.004582427775545739,1.894412809176621,0.0,0.0,1.0
2014-09-22,-0.013138177866883316,1.8695236767363566,0.0,0.0,1.0
2014-09-23,-0.002979496835463502,1.8639534368576964,0.0,0.0,1.0
2014-09-24,0.012392017411028577,1.8870515803005836,0.0,0.0,1.0
2014-09-25,-0.0174777922468895,1.8540700848209255,0.0,0.0,1.0
2014-09-26,0.012317572630740292,1.87690772775319,0.0,0.0,1.0
2014-09-29,-0.0013556964916447978,1.874363210531534,0.0,0.0,1.0
2014-09-30,-0.002469156982831344,1.8697351135218878,0.0,0.0,1.0
2014-10-01,-0.020437933658939422,1.8315215913119378,0.0,0.0,1.0
2014-10-02,-0.002648701133471709,1.826670437997052,0.0002368623934190978,0.4737247868381956,1.0
2014-10-03,0.013450997254417008,1.851240977043275,0.0,0.0,1.0
2014-10-06,-0.003717330689720799,1.8443593021452434,0.0,0.0,1.0
2014-10-07,-0.01826654791627713,1.8106692245777758,0.0,0.0,1.0
2014-10-08,0.01786326137470673,1.8430136821995462,0.0,0.0,1.0
2014-10-09,-0.02578545292547285,1.7954907396561874,0.0,0.0,1.0
2014-10-10,-0.024088338536480847,1.7522403508802329,0.0,0.0,1.0
2014-10-13,-0.0284347886962405,1.7024157667579272,0.0,0.0,1.0
2014-10-14,0.003797639276789333,1.7088809277391923,0.0,0.0,1.0
2014-10-15,-0.005127983871328068,1.7001178139037256,0.0,0.0,1.0
2014-10-16,0.002615313618830273,1.704564155176044,0.0,0.0,1.0
2014-10-17,0.016470966941814158,1.7326399750261499,0.0,0.0,1.0
2014-10-20,0.014886749744972949,1.7584333527325002,0.0,0.0,1.0
2014-10-21,0.027465467685237055,1.8067295471586178,0.0,0.0,1.0
2014-10-22,-0.010836470138235077,1.7871509763729665,0.0,0.0,1.0
2014-10-23,0.013855222037507664,1.8119123499651626,0.0,0.0,1.0
2014-10-24,0.011233163435507176,1.832265857523135,0.0,0.0,1.0
2014-10-27,-0.0019224877983171629,1.8287433487687736,0.0,0.0,1.0
2014-10-28,0.014494231204242425,1.8552495776790487,0.0,0.0,1.0
2014-10-29,-0.0028537977460940667,1.8499550706158263,0.0,0.0,1.0
2014-10-30,0.00518340101197845,1.859544129600971,0.0,0.0,1.0
2014-10-31,0.01569369958218969,1.888727256530753,0.0,0.0,1.0
2014-11-03,0.0002703459592916513,1.88923786631276,0.0,0.0,1.0
2014-11-04,-0.0005374430915697781,1.8882225084731783,0.0002977932843888842,0.5955865687777685,1.0000000000000002
2014-11-05,0.003410634019683112,1.8946625443973084,0.0,0.0,1.0000000000000002
2014-11-06,0.0068916563578416135,1.9077199075673683,0.0,0.0,1.0000000000000002
2014-11-07,-0.0027199101241965895,1.9025310808766445,0.0,0.0,1.0000000000000002
2014-11-10,0.0074070889537039,1.916623297829884,0.0,0.0,1.0000000000000002
2014-11-11,0.003653733759632072,1.9236261290776624,0.0,0.0,1.0000000000000002
2014-11-12,-0.0009662608577103438,1.9217674044442659,0.0,0.0,1.0000000000000002
2014-11-13,0.0011022442541797073,1.9238856615236843,0.0,0.0,1.0000000000000002
2014-11-14,-5.49622839440822e-06,1.9238750874086838,0.0,0.0,1.0000000000000002
2014-11-17,0.0005982695311279596,1.9250260832551767,0.0,0.0,1.0000000000000002
2014-11-18,0.008787697616987167,1.941942630379636,0.0,0.0,1.0000000000000002
2014-11-19,-0.005712935108349582,1.9308484381481394,0.0,0.0,1.0000000000000002
2014-11-20,0.000356650007340642,1.9315370752577787,0.0,0.0,1.0000000000000002
2014-11-21,0.003051064859235675,1.9374303201524086,0.0,0.0,1.0000000000000002
2014-11-24,0.004643655183549811,1.9464270785013507,0.0,0.0,1.0000000000000002
2014-11-25,-0.0002217241203089637,1.9459955086696243,0.0,0.0,1.0000000000000002
2014-11-26,0.006956099063197607,1.9595320462044679,0.0,0.0,1.0000000000000002
2014-11-28,-0.000560188485312918,1.9584343389155825,0.0,0.0,1.0000000000000002
2014-12-01,-0.012057281878972148,1.9348209440498187,0.0,0.0,1.0000000000000002
2014-12-02,0.009641638616141535,1.953475788379289,0.0002893983065193519,0.5787966130387039,0.9999999999999999
2014-12-03,0.006763947183901831,1.9666889954369176,0.0,0.0,0.9999999999999999
2014-12-04,0.0019029977414524168,1.9704316001533735,0.0,0.0,0.9999999999999999
2014-12-05,0.005573654700967046,1.9814141055045025,0.0,0.0,0.9999999999999999
2014-12-08,-0.00626971944407928,1.968991194960448,0.0,0.0,0.9999999999999999
2014-12-09,0.00039754472440245436,1.9697739570223993,0.0,0.0,0.9999999999999999
2014-12-10,-0.01636737399381727,1.9375339299845324,0.0,0.0,0.9999999999999999
2014-12-11,0.008715929037936387,1.9544213382268716,0.0,0.0,0.9999999999999999
2014-12-12,-0.01614070452419125,1.9228756008907772,0.0,0.0,0.9999999999999999
2014-12-15,-0.005845463566735543,1.9116355016224056,0.0,0.0,0.9999999999999999
2014-12-16,-0.010430174874553222,1.8916968090440796,0.0,0.0,0.9999999999999999
2014-12-17,0.019009560660443237,1.9276571342867699,0.0,0.0,0.9999999999999999
2014-12-18,0.024816347533066496,1.9754945436558253,0.0,0.0,0.9999999999999999
2014-12-19,0.0026661842844246664,1.9807615761620871,0.0,0.0,0.9999999999999999
2014-12-22,0.0028381251266909047,1.9863832253613765,0.0,0.0,0.9999999999999999
2014-12-23,-0.0031890094856785733,1.9800486304135063,0.0,0.0,0.9999999999999999
2014-12-24,0.0028750836481510333,1.985741435853352,0.0,0.0,0.9999999999999999
2014-12-26,0.004027941327902296,1.9937398858493538,0.0,0.0,0.9999999999999999
2014-12-29,0.0009584238693762792,1.9956507337452793,0.0,0.0,0.9999999999999999
2014-12-30,-0.005575182513676502,1.984524616671097,0.0,0.0,0.9999999999999999
2014-12-31,-0.010257769395320526,1.9641678207939481,0.0,0.0,0.9999999999999999
2015-01-02,0.0007142441117526932,1.9655707160944444,0.0,0.0,0.9999999999999999
2015-01-05,-0.01518615651444244,1.9357212515596296,0.00023494000956282495,0.46988001912564986,1.0
2015-01-06,-0.008862679924970474,1.9185655736830933,0.0,0.0,1.0
2015-01-07,0.014429314417723882,1.9462491595767877,0.0,0.0,1.0
2015-01-08,0.021630144504240834,1.988346810139691,0.0,0.0,1.0
2015-01-09,-0.005313738774259447,1.9777812545979767,0.0,0.0,1.0
2015-01-12,-0.011024979016805325,1.9559762577662032,0.0,0.0,1.0
2015-01-13,-0.0036521911492038983,1.9488326585895366,0.0,0.0,1.0
2015-01-14,-0.001098242781767067,1.9466923671893688,0.0,0.0,1.0
2015-01-15,-0.006531730932429314,1.933977096438674,0.0,0.0,1.0
2015-01-16,0.014099540165385838,1.9612452841888472,0.0,0.0,1.0
2015-01-20,0.0051914008673183965,1.9714268946582094,0.0,0.0,1.0
2015-01-21,0.0075662230445805445,1.9863431502592783,0.0,0.0,1.0
2015-01-22,0.013778053916424504,2.013711093280071,0.0,0.0,1.0
2015-01-23,-0.0017134860067414825,2.0102606275001156,0.0,0.0,1.0
2015-01-26,0.002759578558220399,2.0158080996241994,0.0,0.0,1.0
2015-01-27,-0.01380954589040917,1.9879707051661806,0.0,0.0,1.0
2015-01-28,-0.010314753557034706,1.9674652772637868,0.0,0.0,1.0
2015-01-29,0.010226449705955876,1.9875854619699393,0.0,0.0,1.0
2015-01-30,-0.02341663536926597,1.9410428979417351,0.0,0.0,1.0
2015-02-02,0.006357960764506343,1.9533839725290723,0.0,0.0,1.0
2015-02-03,0.01127320038774915,1.97540486148561,0.00033635591003741916,0.6727118200748382,1.0
2015-02-04,0.0016612157537629901,1.9786864351615698,0.0,0.0,1.0
2015-02-05,0.009853264625785618,1.998182956218669,0.0,0.0,1.0
2015-02-06,-0.00903435305112632,1.9801306659314464,0.0,0.0,1.0
2015-02-09,-0.011187317133911634,1.9579783162050877,0.0,0.0,1.0
2015-02-10,0.018113386103163265,1.993443933428132,0.0,0.0,1.0
2015-02-11,0.0031922523470166997,1.9998075095032641,0.0,0.0,1.0
2015-02-12,0.010928662839037928,2.0216627315176012,0.0,0.0,1.0
2015-02-13,0.0001073842475600717,2.0218798262488455,0.0,0.0,1.0
2015-02-17,0.002352079849714972,2.0266354490467107,0.0,0.0,1.0
2015-02-18,0.00234460175283302,2.031387102072899,0.0,0.0,1.0
2015-02-19,0.0019644103456986084,2.0353775799123297,0.0,0.0,1.0
2015-02-20,0.010123244216124538,2.0559822042258067,0.0,0.0,1.0
2015-02-23,0.0020463464313511537,2.0601894560723455,0.0,0.0,1.0
2015-02-24,0.002228439114652092,2.0647804628398507,0.0,0.0,1.0
2015-02-25,-0.004264801639745408,2.055974583736217,0.0,0.0,1.0
2015-02-26,-0.0002484105553838267,2.0554638579480162,0.0,0.0,1.0
2015-02-27,0.0003308890794908592,2.0561439884918995,0.0,0.0,1.0
2015-03-02,0.0096994859092705,2.076087528135708,0.0,0.0,1.0
2015-03-03,-0.0071940291402746714,2.061152093960539,0.00031383248041394994,0.6276649608278999,1.0
2015-03-04,-0.004405954397202039,2.0520707518288512,0.0,0.0,1.0
2015-03-05,0.002960520777602671,2.058145949926751,0.0,0.0,1.0
2015-03-06,-0.016218094912581527,2.024766743566894,0.0,0.0,1.0
2015-03-09,0.005000081000632095,2.0348907412921147,0.0,0.0,1.0
2015-03-10,-0.013295939716959637,2.0078349566652953,0.0,0.0,1.0
2015-03-11,0.0006094939504643904,2.009058719924914,0.0,0.0,1.0
2015-03-12,0.014726719889814444,2.0386455649354374,0.0,0.0,1.0
2015-03-13,-0.0026799383157137813,2.033182120573807,0.0,0.0,1.0
2015-03-16,0.01992770605551164,2.0736987762299237,0.0,0.0,1.0
2015-03-17,-0.004244269127554268,2.064897440534124,0.0,0.0,1.0
2015-03-18,0.008105690550858968,2.0816348602063544,0.0,0.0,1.0
2015-03-19,0.004296519387755771,2.090578644741459,0.0,0.0,1.0
2015-03-20,0.004441010767192166,2.099862927012418,0.0,0.0,1.0
2015-03-23,-0.003655565842533237,2.0921867398224294,0.0,0.0,1.0
2015-03-24,-0.005021492301891972,2.0816808402142906,0.0,0.0,1.0
2015-03-25,-0.023043004396405165,2.03371265946132,0.0,0.0,1.0
2015-03-26,-0.005483318483094024,2.0225611652463935,0.0,0.0,1.0
2015-03-27,0.010140558533190402,2.0430710651295323,0.0,0.0,1.0
2015-03-30,0.010748578286326804,2.065031174417606,0.0,0.0,1.0
2015-03-31,-0.009607270702959303,2.045191860914926,0.0,0.0,1.0
2015-04-01,-0.005540654429648906,2.0338601595712658,0.0,0.0,1.0
2015-04-02,0.0022785702489853676,2.0384944528214617,0.00027297981905848436,0.5459596381169687,1.0000000000000002
2015-04-06,0.003556603355605592,2.04574456903275,0.0,0.0,1.0000000000000002
2015-04-07,-0.0021635361264553676,2.0413185267521476,0.0,0.0,1.0000000000000002
2015-04-08,0.009343557792193646,2.060391704379132,0.0,0.0,1.0000000000000002
2015-04-09,0.0013449827974147954,2.063162895777458,0.0,0.0,1.0000000000000002
2015-04-10,0.005131872593454823,2.0737507848981314,0.0,0.0,1.0000000000000002
2015-04-13,-0.004215143744499716,2.0650096272495166,0.0,0.0,1.0000000000000002
2015-04-14,-0.002182031806502893,2.0605037105621236,0.0,0.0,1.0000000000000002
2015-04-15,-0.00029202124376748184,2.0599019997057777,0.0,0.0,1.0000000000000002
2015-04-16,0.005209148623590343,2.070632335372276,0.0,0.0,1.0000000000000002
2015-04-17,-0.012475174244476306,2.04480083619226,0.0,0.0,1.0000000000000002
2015-04-20,0.0066151158335845395,2.0583274305802823,0.0,0.0,1.0000000000000002
2015-04-21,0.005392215998216265,2.0694263766810246,0.0,0.0,1.0000000000000002
2015-04-22,0.0019775922943547908,2.0735188583372834,0.0,0.0,1.0000000000000002
2015-04-23,0.004486566138116377,2.0828218378338454,0.0,0.0,1.0000000000000002
2015-04-24,-0.002747209037044951,2.0770998908583937,0.0,0.0,1.0000000000000002
2015-04-27,-0.009292229689610187,2.0577990015842733,0.0,0.0,1.0000000000000002
2015-04-28,-0.0015141357345991313,2.054683214581352,0.0,0.0,1.0000000000000002
2015-04-29,-0.011178529077234045,2.0317148785226498,0.0,0.0,1.0000000000000002
2015-04-30,-0.014039009630871235,2.003191613775886,0.0,0.0,1.0000000000000002
2015-05-01,0.017218030825321362,2.0376826287309044,0.0,0.0,1.0000000000000002
2015-05-04,0.00277384609565412,2.043334846734792,0.0002997041740430518,0.5994083480861037,1.0
2015-05-05,-0.015381950615403372,2.0119043710315845,0.0,0.0,1.0
2015-05-06,0.001090352735218847,2.0140980564655377,0.0,0.0,1.0
2015-05-07,0.008819871056952255,2.031862141619622,0.0,0.0,1.0
2015-05-08,0.013807290454962873,2.059916652373407,0.0,0.0,1.0
2015-05-11,-0.002512932822260172,2.0547402202065377,0.0,0.0,1.0
2015-05-12,-0.0015188939321416628,2.0516192877539385,0.0,0.0,1.0
2015-05-13,-0.002979838103077004,2.0455057944272816,0.0,0.0,1.0
2015-05-14,0.011476093822050393,2.068980210837677,0.0,0.0,1.0
2015-05-15,0.0037011588438804477,2.0766378352428325,0.0,0.0,1.0
2015-05-18,0.006323474180825128,2.089769400976915,0.0,0.0,1.0
2015-05-19,0.0012270372501024251,2.092333625876038,0.0,0.0,1.0
2015-05-20,-0.005002080469790449,2.0818676047097577,0.0,0.0,1.0
2015-05-21,0.002877488872714773,2.0878581555767752,0.0,0.0,1.0
2015-05-22,-0.00037647273596363995,2.087072133904641,0.0,0.0,1.0
2015-05-26,-0.010557679446912771,2.065037495332292,0.0,0.0,1.0
2015-05-27,0.012075215364362846,2.089973267823914,0.0,0.0,1.0
2015-05-28,-0.0014185462310593033,2.0870085441218276,0.0,0.0,1.0
2015-05-29,0.0005559403179904443,2.0881687963154953,0.0,0.0,1.0
2015-06-01,0.004704960716187756,2.097993548470929,0.0,0.0,1.0
2015-06-02,-0.003725032601214928,2.090178454105736,0.00017838226606100492,0.35676453212200987,1.0
2015-06-03,0.0027327123102220963,2.0958903104978317,0.0,0.0,1.0
2015-06-04,-0.007285597445918279,2.0806204974047438,0.0,0.0,1.0
2015-06-05,0.0005767007162902349,2.081820392735925,0.0,0.0,1.0
2015-06-08,-0.008757616442259475,2.06358860823467,0.0,0.0,1.0
2015-06-09,-0.000483265477856043,2.062591347099813,0.0,0.0,1.0
2015-06-10,0.01137639418465497,2.086056199306279,0.0,0.0,1.0
2015-06-11,0.002009919162016205,2.0902490036343075,0.0,0.0,1.0
2015-06-12,-0.006688382154864447,2.0762686194991766,0.0,0.0,1.0
2015-06-15,0.00012681452374985192,2.076531920515335,0.0,0.0,1.0
2015-06-16,0.0054102202869157345,2.0877664156381353,0.0,0.0,1.0
2015-06-17,0.00311246790873021,2.094264521607734,0.0,0.0,1.0
2015-06-18,0.013605963319758274,2.1227590078705996,0.0,0.0,1.0
2015-06-19,-0.00200755932303065,2.1184974432338017,0.0,0.0,1.0
2015-06-22,0.00482314835579345,2.1287152706938874,0.0,0.0,1.0
2015-06-23,0.0001176057613641035,2.128965619874025,0.0,0.0,1.0
2015-06-24,-0.009332601520209205,2.1090968320935155,0.0,0.0,1.0
2015-06-25,0.006153394714710103,2.1220749373929317,0.0,0.0,1.0
2015-06-26,-0.002843617546175903,2.116040567866661,0.0,0.0,1.0
2015-06-29,-0.02380856168018297,2.0656606854888384,0.0,0.0,1.0
2015-06-30,0.0034997424022762402,2.072889965778559,0.0,0.0,1.0
2015-07-01,0.008286838239839112,2.0900676696139513,0.0,0.0,1.0
2015-07-02,-0.0016113243335073024,2.0866998927192255,0.0002146772815359528,0.42935456307190556,1.0000000000000002
2015-07-06,-8.997899360296824e-05,2.0865121335629273,0.0,0.0,1.0000000000000002
2015-07-07,0.005705186433149878,2.098416074279933,0.0,0.0,1.0000000000000002
2015-07-08,-0.018077762040087375,2.0604814078280063,0.0,0.0,1.0000000000000002
2015-07-09,0.002619594711733342,2.0658790340275774,0.0,0.0,1.0000000000000002
2015-07-10,0.017216381727520824,2.1014459960802783,0.0,0.0,1.0000000000000002
2015-07-13,0.012138107243497398,2.126953572947119,0.0,0.0,1.0000000000000002
2015-07-14,0.005318249613593284,2.1382652429645757,0.0,0.0,1.0000000000000002
2015-07-15,-0.0020948997363134936,2.133785791670921,0.0,0.0,1.0000000000000002
2015-07-16,0.009319343708627859,2.153671274864089,0.0,0.0,1.0000000000000002
2015-07-17,0.001327069550858484,2.1565293464355197,0.0,0.0,1.0000000000000002
2015-07-20,0.0005274065224727398,2.157666714078734,0.0,0.0,1.0000000000000002
2015-07-21,-0.003753921728225529,2.1495670021184847,0.0,0.0,1.0000000000000002
2015-07-22,0.0010440189116542875,2.1518111907205646,0.0,0.0,1.0000000000000002
2015-07-23,-0.003945031867881865,2.143322226999507,0.0,0.0,1.0000000000000002
2015-07-24,-0.010022965094994563,2.121839783130965,0.0,0.0,1.0000000000000002
2015-07-27,-0.011420584103666198,2.097607133433213,0.0,0.0,1.0000000000000002
2015-07-28,0.011425585657913295,2.1215735234129043,0.0,0.0,1.0000000000000002
2015-07-29,0.0052872943879680445,2.132790907196907,0.0,0.0,1.0000000000000002
2015-07-30,0.002166214955761081,2.137410990757588,0.0,0.0,1.0000000000000002
2015-07-31,0.00642874948990535,2.151151870574139,0.0,0.0,1.0000000000000002
2015-08-03,-0.0012587008196764948,2.148444213951399,0.0,0.0,1.0000000000000002
2015-08-04,-0.0008112475093292604,2.146701293933898,0.00023141646653578992,0.4628329330715798,1.0
2015-08-05,0.005645603067080618,2.158820717343037,0.0,0.0,1.0
2015-08-06,-0.0124721591446868,2.1318955617914876,0.0,0.0,1.0
2015-08-07,-0.0018604033101997652,2.1279293762313305,0.0,0.0,1.0
2015-08-10,0.010841993815415618,2.151000373368072,0.0,0.0,1.0
2015-08-11,-0.008923599852909025,2.131805706752677,0.0,0.0,1.0
2015-08-12,0.00034385527852287545,2.132538739397729,0.0,0.0,1.0
2015-08-13,0.005871321781367955,2.145059560547966,0.0,0.0,1.0
2015-08-14,0.0020259982567008006,2.1494054474781557,0.0,0.0,1.0
2015-08-17,0.010703223564238806,2.172411014512707,0.0,0.0,1.0
2015-08-18,-0.0009979212452275732,2.1702431194079583,0.0,0.0,1.0
2015-08-19,-0.002843435818378981,2.1640721723876433,0.0,0.0,1.0
2015-08-20,-0.027013790358736745,2.1056123804015874,0.0,0.0,1.0
2015-08-21,-0.034490633930990944,2.0329884745885938,0.0,0.0,1.0
2015-08-24,-0.03743206264771681,1.9568895226457073,0.0,0.0,1.0
2015-08-25,-0.00756957040460815,1.9420767096300005,0.0,0.0,1.0
2015-08-26,0.042999382251811546,2.025584808429721,0.0,0.0,1.0
2015-08-27,0.022583769075182447,2.0713301479854955,0.0,0.0,1.0
2015-08-28,-0.0030059382896765463,2.0651038573831046,0.0,0.0,1.0
2015-08-31,-0.010737377523462821,2.042930057641223,0.0,0.0,1.0
2015-09-01,-0.03118536684884854,1.9792205343471423,0.0,0.0,1.0
2015-09-02,0.02201425024353343,2.0227915904774,0.00023269764884922722,0.46539529769845445,1.0
2015-09-03,0.0001190700617494933,2.0230324443969847,0.0,0.0,1.0
2015-09-04,-0.014118367824714428,1.994470528225657,0.0,0.0,0.9999999999999999
2015-09-08,0.028000609905685758,2.0503169194548905,0.0,0.0,1.0
2015-09-09,-0.013439915352213783,2.022760833612205,0.0,0.0,1.0
2015-09-10,0.005478495888632917,2.033842520522837,0.0,0.0,1.0
2015-09-11,0.010217611563474227,2.054623533378817,0.0,0.0,1.0
2015-09-14,-0.004471786062169136,2.045435696499249,0.0,0.0,1.0
2015-09-15,0.011778278097855477,2.0695274069638976,0.0,0.0,1.0
2015-09-16,0.007944149711892834,2.0859680425176843,0.0,0.0,1.0
2015-09-17,0.004743060665774124,2.095861915490212,0.0,0.0,1.0
2015-09-18,-0.014774506103910845,2.0648965908268475,0.0,0.0,1.0
2015-09-21,0.0010324398142220748,2.0670284722794685,0.0,0.0,1.0
2015-09-22,-0.012070256600685725,2.042078908218132,0.0,0.0,1.0
2015-09-23,0.003523513824922997,2.049274201482822,0.0,0.0,1.0
2015-09-24,-0.0063719106287415395,2.0362164094171877,0.0,0.0,1.0
2015-09-25,-0.006901499040664394,2.02216346382101,0.0,0.0,1.0
2015-09-28,-0.033548144182215855,1.9543236323767337,0.0,0.0,0.9999999999999999
2015-09-29,-0.0017788221424457351,1.950847238225957,0.0,0.0,0.9999999999999999
2015-09-30,0.022335959859157484,1.9944212838303201,0.0,0.0,0.9999999999999999
2015-10-01,0.008950448382263332,2.0122722485837308,0.0,0.0,1.0
2015-10-02,0.011527779731668852,2.035469279825554,0.00021303335637162075,0.42606671274324154,1.0
2015-10-05,0.012699301620485048,2.06131831814929,0.0,0.0,1.0
2015-10-06,-0.017968651676531833,2.024279207296011,0.0,0.0,1.0
2015-10-07,0.008964050463634798,2.042424948262699,0.0,0.0,1.0
2015-10-08,0.006073996056999986,2.0548306293451652,0.0,0.0,1.0
2015-10-09,0.006380852413657934,2.0679422003260806,0.0,0.0,1.0
2015-10-12,0.006304125113394843,2.080978766684205,0.0,0.0,1.0
2015-10-13,-0.012025419601602305,2.0559541238328025,0.0,0.0,1.0
2015-10-14,-0.010782933571837794,2.0337849070887675,0.0,0.0,1.0
2015-10-15,0.011291658030187168,2.05674971076657,0.0,0.0,1.0
2015-10-16,0.007136818247139853,2.0714283596321685,0.0,0.0,1.0
2015-10-19,0.004355863637562685,2.0804512191017066,0.0,0.0,1.0
2015-10-20,-0.0015242219534966628,2.077280149680373,0.0,0.0,1.0
2015-10-21,-0.005794756627750974,2.065242816765317,0.0,0.0,1.0
2015-10-22,0.007248037666139018,2.080211774490955,0.0,0.0,1.0
2015-10-23,0.00804518726874659,2.0969474677753865,0.0,0.0,1.0
2015-10-26,0.002028660021050621,2.101201461269506,0.0,0.0,1.0
2015-10-27,-0.0011359024638686321,2.0988147013525653,0.0,0.0,1.0
2015-10-28,0.008487516206684864,2.1166284251451235,0.0,0.0,1.0
2015-10-29,-0.005560362426593635,2.1048592039788865,0.0,0.0,1.0
2015-10-30,0.003152641072561968,2.1114950695573103,0.0,0.0,1.0
2015-11-02,0.0071377853201144426,2.1265664680682903,0.0,0.0,1.0
2015-11-03,-0.0005891378266538183,2.1253136273210576,0.00023880894094357148,0.477617881887143,1.0
2015-11-04,-0.0025048166611539857,2.1199901063371662,0.0,0.0,1.0
2015-11-05,0.004753713344080701,2.13006793159498,0.0,0.0,1.0
2015-11-06,0.00628166145619069,2.1434482972199485,0.0,0.0,1.0
2015-11-09,-0.011112599700944914,2.119629014313271,0.0,0.0,1.0
2015-11-10,0.005748052684641847,2.1318127535594393,0.0,0.0,1.0
2015-11-11,-0.0034033318106716504,2.124557487400855,0.0,0.0,1.0
2015-11-12,-0.01269678949102826,2.0975824282217386,0.0,0.0,1.0
2015-11-13,-0.015768323031521203,2.0645070709082955,0.0,0.0,1.0
2015-11-16,0.0139756076526385,2.093359811727408,0.0,0.0,1.0
2015-11-17,0.004107630842633547,2.101958561054789,0.0,0.0,1.0
2015-11-18,0.014586982564283701,2.132619793935742,0.0,0.0,1.0
2015-11-19,-0.003646969877465267,2.124842193787172,0.0,0.0,1.0
2015-11-20,0.009033079391911114,2.1440360620189343,0.0,0.0,1.0
2015-11-23,0.00038189791768239445,2.1448548649264554,0.0,0.0,1.0
2015-11-24,0.0010694400516397806,2.147148658623962,0.0,0.0,1.0
2015-11-25,0.004441595507985285,2.156685424461083,0.0,0.0,1.0
2015-11-27,0.003561034782969541,2.1643654562735124,0.0,0.0,1.0
2015-11-30,-0.007620192830729566,2.1478725741405382,0.0,0.0,1.0
2015-12-01,0.014007112081040107,2.177958066022317,0.0,0.0,1.0
2015-12-02,-0.006184702167370548,2.1644880440509464,0.00019711158776787845,0.3942231755357569,1.0000000000000002
2015-12-03,-0.013913180564144811,2.134373131065133,0.0,0.0,1.0000000000000002
2015-12-04,0.024921338434443774,2.1875645662097907,0.0,0.0,1.0000000000000002
2015-12-07,-0.010044140903518461,2.165592359471235,0.0,0.0,1.0000000000000002
2015-12-08,0.0016276434463753375,2.169117171682649,0.0,0.0,1.0000000000000002
2015-12-09,-0.011841904969157935,2.1434306922686144,0.0,0.0,1.0000000000000002
2015-12-10,0.0022498374070303306,2.148253062819457,0.0,0.0,1.0000000000000002
2015-12-11,-0.01875163962767057,2.107969795556427,0.0,0.0,1.0000000000000002
2015-12-14,0.006185893712313151,2.1210094726605058,0.0,0.0,1.0000000000000002
2015-12-15,0.007708415599354312,2.1373590951659405,0.0,0.0,1.0000000000000002
2015-12-16,0.01518656146577535,2.169818230439112,0.0,0.0,1.0000000000000002
2015-12-17,-0.01333704257082613,2.140879272328791,0.0,0.0,1.0000000000000002
2015-12-18,-0.016184568495409724,2.106230065105383,0.0,0.0,1.0000000000000002
2015-12-21,0.009851242205875188,2.126979047618032,0.0,0.0,1.0000000000000002
2015-12-22,0.005392637160922309,2.1384490738707203,0.0,0.0,1.0000000000000002
2015-12-23,0.006523517839386317,2.152399284552735,0.0,0.0,1.0000000000000002
2015-12-24,-0.0015390185408877821,2.149086702146415,0.0,0.0,1.0000000000000002
2015-12-28,0.0008701992403907788,2.1509568357621567,0.0,0.0,1.0000000000000002
2015-12-29,0.01159749362763618,2.175902543958229,0.0,0.0,1.0000000000000002
2015-12-30,-0.005727214025066707,2.163440684391293,0.0,0.0,1.0000000000000002
2015-12-31,-0.011391524091241334,2.138795797715078,0.0,0.0,1.0000000000000002
2016-01-04,-0.019207509593153094,2.09771485691267,0.0,0.0,1.0000000000000002
2016-01-05,0.0018587027211023344,2.1016138852253103,0.00017779625791064564,0.35559251582129126,1.0000000000000002
2016-01-06,-0.009039293519504499,2.0826167804520925,0.0,0.0,1.0000000000000002
2016-01-07,-0.022255807123619964,2.0362664630739364,0.0,0.0,1.0000000000000002
2016-01-08,-0.01401270087605433,2.0077328702229402,0.0,0.0,1.0000000000000002
2016-01-11,0.004078476685754007,2.0159213619253666,0.0,0.0,1.0000000000000002
2016-01-12,0.012946868027137626,2.042021229751302,0.0,0.0,1.0000000000000002
2016-01-13,-0.03449711245765097,1.9715773937476606,0.0,0.0,1.0000000000000004
2016-01-14,0.014048365828423393,1.9992748342340774,0.0,0.0,1.0000000000000004
2016-01-15,-0.021688091129670073,1.9559143794359526,0.0,0.0,1.0000000000000004
2016-01-19,0.005862417274961285,1.967380765682303,0.0,0.0,1.0000000000000004
2016-01-20,-0.007655943955798272,1.9523186088005238,0.0,0.0,1.0000000000000004
2016-01-21,0.0030078652133895822,1.958190920029388,0.0,0.0,1.0000000000000004
2016-01-22,0.022724486261056276,2.002689802688121,0.0,0.0,1.0000000000000002
2016-01-25,-0.013984004667579653,1.9746841791396161,0.0,0.0,1.0000000000000004
2016-01-26,0.009269635483487138,1.9929887816752492,0.0,0.0,1.0000000000000004
2016-01-27,-0.01575087259635366,1.9615974692891203,0.0,0.0,1.0000000000000004
2016-01-28,0.005013136030295184,1.9714312242393495,0.0,0.0,1.0000000000000004
2016-01-29,0.025131534493535446,2.0209763160529537,0.0,0.0,1.0000000000000002
2016-02-01,0.006054565549737045,2.033212449632962,0.0,0.0,1.0000000000000002
2016-02-02,-0.021239906383994533,1.990027207543986,0.00022369424624580684,0.4473884924916136,0.9999999999999998
2016-02-03,-0.0061169311330177,1.9778543481626079,0.0,0.0,0.9999999999999998
2016-02-04,-0.0068617748768765585,1.9642827568862646,0.0,0.0,0.9999999999999998
2016-02-05,-0.03525165491002058,1.8950385389948061,0.0,0.0,0.9999999999999998
2016-02-08,-0.027844224693788222,1.8422726601116466,0.0,0.0,0.9999999999999998
2016-02-09,0.0064833355924027725,1.854216732019859,0.0,0.0,0.9999999999999998
2016-02-10,0.008124205291006659,1.8692807694048077,0.0,0.0,0.9999999999999998
2016-02-11,-0.008230782283928706,1.853895126364302,0.0,0.0,0.9999999999999998
2016-02-12,0.018464340251233002,1.8881260767675951,0.0,0.0,0.9999999999999998
2016-02-16,0.02099841365883326,1.927773729167591,0.0,0.0,0.9999999999999998
2016-02-17,0.022270428729685543,1.970706076609978,0.0,0.0,0.9999999999999998
2016-02-18,-0.008620731824808714,1.9537171480180024,0.0,0.0,0.9999999999999998
2016-02-19,0.006072057881511883,1.96558023162487,0.0,0.0,0.9999999999999998
2016-02-22,0.014834162487076252,1.9947379681621784,0.0,0.0,0.9999999999999998
2016-02-23,-0.009139449726934257,1.9765071607837532,0.0,0.0,0.9999999999999998
2016-02-24,0.006937196725236294,1.9902185797869485,0.0,0.0,0.9999999999999998
2016-02-25,0.017561717126681753,2.025170235505433,0.0,0.0,0.9999999999999998
2016-02-26,-0.004010871708896135,2.0170475375021457,0.0,0.0,0.9999999999999998
2016-02-29,-0.0088896161926868,1.9991167590513477,0.0,0.0,0.9999999999999998
2016-03-01,0.024806387110582362,2.0487076232556283,0.0,0.0,0.9999999999999998
2016-03-02,-0.00041463379979478354,2.047858159829129,0.00033855415550208774,0.6771083110041755,1.0
2016-03-03,0.0004864031019067294,2.048854244390335,0.0,0.0,1.0
2016-03-04,0.00035161211809420223,2.0495746463708713,0.0,0.0,1.0
2016-03-07,-0.009217482385970865,2.0306827281692152,0.0,0.0,1.0
2016-03-08,-0.0023190803159244266,2.0259734118264303,0.0,0.0,1.0
2016-03-09,0.006808419798738585,2.0397670893152275,0.0,0.0,1.0
2016-03-10,0.0027427223717784166,2.04536160414431,0.0,0.0,1.0
2016-03-11,0.014063451263967242,2.074126447381383,0.0,0.0,1.0
2016-03-14,0.0023908515450563605,2.079085375802747,0.0,0.0,1.0
2016-03-15,0.00048151552821584787,2.0800864876956826,0.0,0.0,1.0
2016-03-16,0.006430284616618653,2.0934620358387486,0.0,0.0,1.0
2016-03-17,0.00024187879345771712,2.0939683999101266,0.0,0.0,1.0
2016-03-18,0.002885823359682682,2.1000112228330248,0.0,0.0,1.0
2016-03-21,-0.0005286646654872884,2.098901021102386,0.0,0.0,1.0
2016-03-22,-0.0012319232434017113,2.0963153361488907,0.0,0.0,1.0
2016-03-23,-0.0005661683625030056,2.0951284687277334,0.0,0.0,1.0
2016-03-24,0.001061520899325874,2.0973524913840604,0.0,0.0,1.0
2016-03-28,0.0009132670274654142,2.099267934259414,0.0,0.0,1.0
2016-03-29,0.011642481266089133,2.123708621856531,0.0,0.0,1.0
2016-03-30,0.003506891627599984,2.1311562378419815,0.0,0.0,1.0
2016-03-31,-0.0014329451509939028,2.1281024078449553,0.0,0.0,1.0
2016-04-01,0.008066357594066487,2.1452684428634266,0.0,0.0,1.0
2016-04-04,-0.0010845155112213511,2.1429418659614075,0.00020971853184194807,0.41943706368389616,1.0000000000000002
2016-04-05,-0.007982191290562324,2.125836494062749,0.0,0.0,1.0000000000000002
2016-04-06,0.00901061971500483,2.1449915982870276,0.0,0.0,1.0000000000000002
2016-04-07,-0.009148548394190437,2.1253680388449667,0.0,0.0,1.0000000000000002
2016-04-08,0.0026460515289230546,2.1309918721936767,0.0,0.0,1.0000000000000002
2016-04-11,-0.003458301229666949,2.123622260381659,0.0,0.0,1.0000000000000002
2016-04-12,0.00654646879916565,2.1375244872504613,0.0,0.0,1.0000000000000002
2016-04-13,0.0024651909889685797,2.142793893355131,0.0,0.0,1.0000000000000002
2016-04-14,-0.0007286424568995198,2.1412325627480473,0.0,0.0,1.0000000000000002
2016-04-15,0.0028636190159827546,2.1473642370323742,0.0,0.0,1.0000000000000002
2016-04-18,0.00594714045927236,2.160134913767224,0.0,0.0,1.0000000000000002
2016-04-19,-0.005061440830567365,2.1492015187151483,0.0,0.0,1.0000000000000002
2016-04-20,-0.002605374638614988,2.143602043585015,0.0,0.0,1.0000000000000002
2016-04-21,-0.00915014865874375,2.1239877662210254,0.0,0.0,1.0000000000000002
2016-04-22,-0.006078388562589354,2.1110773432757477,0.0,0.0,1.0000000000000002
2016-04-25,0.0014805150941499257,2.1142028251473852,0.0,0.0,1.0000000000000002
2016-04-26,0.0008265540378438185,2.1159503280293315,0.0,0.0,1.0000000000000002
2016-04-27,0.0040555992188298084,2.12453177452677,0.0,0.0,1.0000000000000002
2016-04-28,-0.007880721365477683,2.1077889315796208,0.0,0.0,1.0000000000000002
2016-04-29,0.002955920022482461,2.114019387085644,0.0,0.0,1.0000000000000002
2016-05-02,0.011362057323162755,2.1380389965439885,0.0,0.0,1.0000000000000002
2016-05-03,-0.004734487514076902,2.1279164776102415,0.00022157288670436947,0.44314577340873895,1.0
2016-05-04,0.0002883722610871331,2.1285301096962943,0.0,0.0,1.0
2016-05-05,-0.002368538158117439,2.1234886049107766,0.0,0.0,1.0
2016-05-06,0.006741115912693552,2.137803287735764,0.0,0.0,1.0
2016-05-09,0.004511799538791106,2.147448627623396,0.0,0.0,1.0
2016-05-10,0.00932291590634593,2.1674691105919273,0.0,0.0,1.0
2016-05-11,-0.010796775901066646,2.144067432332382,0.0,0.0,1.0
2016-05-12,0.0046095956300025165,2.1539507161988922,0.0,0.0,1.0
2016-05-13,-0.006457825156193753,2.1400408790786214,0.0,0.0,1.0
2016-05-16,0.00891711570264997,2.1591238712057663,0.0,0.0,1.0
2016-05-17,-0.01543688893366979,2.1257937158119278,0.0,0.0,1.0
2016-05-18,-0.002209263899651037,2.1210972764974794,0.0,0.0,1.0
2016-05-19,-0.0017676845934271324,2.1173478455206545,0.0,0.0,1.0
2016-05-20,0.003591380244680975,2.124952046744175,0.0,0.0,1.0
2016-05-23,-0.002530347471094152,2.1195751797064997,0.0,0.0,1.0
2016-05-24,0.015456148745684128,2.1523356489617034,0.0,0.0,1.0
2016-05-25,0.0007401490741352212,2.1539286981995107,0.0,0.0,1.0
2016-05-26,0.0032882293602698454,2.161011309784858,0.0,0.0,1.0
2016-05-27,0.005938223731914993,2.173843878429559,0.0,0.0,1.0
2016-05-31,-0.003697705642935256,2.16580564365343,0.0,0.0,1.0
2016-06-01,0.0033913950453536845,2.173150746182515,0.0,0.0,1.0
2016-06-02,0.002514099304152806,2.1786142629613114,0.00027449152241816344,0.5489830448363269,1.0
2016-06-03,0.0018511170183659331,2.182647132899934,0.0,0.0,1.0
2016-06-06,8.851169494605848e-05,2.1828403226971362,0.0,0.0,1.0
2016-06-07,0.0007574540676145158,2.184493723978516,0.0,0.0,1.0
2016-06-08,0.005661753737493225,2.1968617894847817,0.0,0.0,1.0
2016-06-09,0.005037667893196707,2.20792884958746,0.0,0.0,1.0
2016-06-10,-0.006511728006024953,2.1935514174622908,0.0,0.0,1.0
2016-06-13,-0.00587406386693512,2.180666356340711,0.0,0.0,1.0
2016-06-14,0.001127336011149671,2.1831247000525167,0.0,0.0,1.0
2016-06-15,-0.0003644502370817593,2.1823290597380036,0.0,0.0,1.0
2016-06-16,0.004281491765641743,2.1916726836371927,0.0,0.0,1.0
2016-06-17,-0.005858542743553574,2.1788326755402254,0.0,0.0,1.0
2016-06-20,0.005437878956942921,2.1906809038972455,0.0,0.0,1.0
2016-06-21,0.0033014084860796267,2.1979132364236644,0.0,0.0,1.0
2016-06-22,-0.0020879972283517345,2.193323999677854,0.0,0.0,1.0
2016-06-23,0.008402168267294563,2.211752676987843,0.0,0.0,1.0
2016-06-24,-0.01812346863091041,2.1716680467271217,0.0,0.0,1.0
2016-06-27,-0.005270736838317358,2.1602217559526404,0.0,0.0,1.0
2016-06-28,0.01251629445562008,2.18725972753958,0.0,0.0,1.0
2016-06-29,0.014212744605750949,2.2183466914335446,0.0,0.0,1.0
2016-06-30,0.014841481941131995,2.2512702437936256,0.0,0.0,1.0
2016-07-01,0.001494650977959644,2.2546351070651633,0.0,0.0,1.0
2016-07-05,0.002842451999111262,2.261043799132507,0.0002418079358498722,0.48361587169974435,1.0000000000000002
2016-07-06,0.005597975796982624,2.273701067595969,0.0,0.0,1.0000000000000002
2016-07-07,-0.0026555430177601647,2.2676631566014405,0.0,0.0,1.0000000000000002
2016-07-08,0.014060929376142228,2.299548608095293,0.0,0.0,1.0000000000000002
2016-07-11,0.0024207756322085494,2.3051152993308492,0.0,0.0,1.0000000000000002
2016-07-12,0.001180513759432067,2.3078365196587867,0.0,0.0,1.0000000000000002
2016-07-13,0.0013690322529265053,2.310996022288681,0.0,0.0,1.0000000000000002
2016-07-14,0.0029664328476466384,2.317851436799979,0.0,0.0,1.0000000000000002
2016-07-15,-0.001399510246779756,2.3146075799636643,0.0,0.0,1.0000000000000002
2016-07-18,0.0017196141539217447,2.3185878119189445,0.0,0.0,1.0000000000000002
2016-07-19,0.0008610756733575808,2.320584291480331,0.0,0.0,1.0000000000000002
2016-07-20,0.003217064136955994,2.328049759981236,0.0,0.0,1.0000000000000002
2016-07-21,-0.007606601481712105,2.3103412132274634,0.0,0.0,1.0000000000000002
2016-07-22,0.007374081086181983,2.3273778566705507,0.0,0.0,1.0000000000000002
2016-07-25,-0.002138201126741346,2.322401454715065,0.0,0.0,1.0000000000000002
2016-07-26,0.0032510569037123016,2.3299517139976076,0.0,0.0,1.0000000000000002
2016-07-27,-0.0033870803650323245,2.322059980295653,0.0,0.0,1.0000000000000002
2016-07-28,0.0036300766141423857,2.33048923592676,0.0,0.0,1.0000000000000002
2016-07-29,0.0005631056950083924,2.331801547687666,0.0,0.0,1.0000000000000002
2016-08-01,0.0014948817854592011,2.33528731534861,0.0,0.0,1.0000000000000002
2016-08-02,-0.00436602085096538,2.325091402236803,0.00033924482970728264,0.6784896594145653,1.0000000000000002
2016-08-03,-0.0029572427449331418,2.318215542556232,0.0,0.0,1.0000000000000002
2016-08-04,0.0016871471753061584,2.3221267133606065,0.0,0.0,1.0000000000000002
2016-08-05,0.0006805872510526889,2.3237071231970488,0.0,0.0,1.0000000000000002
2016-08-08,-0.0008657643273655147,2.3216953404625396,0.0,0.0,1.0000000000000002
2016-08-09,0.0029099791234319383,2.3284514254342548,0.0,0.0,1.0000000000000002
2016-08-10,0.0002493803838550246,2.3290320955445174,0.0,0.0,1.0000000000000002
2016-08-11,0.0017316004845158162,2.333065048649615,0.0,0.0,1.0000000000000002
2016-08-12,0.0018239107221875717,2.337320351007408,0.0,0.0,1.0000000000000002
2016-08-15,-0.0009076020519731554,2.335198994260715,0.0,0.0,1.0000000000000002
2016-08-16,-0.008777237881038347,2.3147023971885274,0.0,0.0,1.0000000000000002
2016-08-17,0.0025054099358483573,2.3205016755729755,0.0,0.0,1.0000000000000002
2016-08-18,0.004600920128402075,2.33117811844011,0.0,0.0,1.0000000000000002
2016-08-19,-0.0008669539511799718,2.329157094359424,0.0,0.0,1.0000000000000002
2016-08-22,0.0013461867625161883,2.3322925748076715,0.0,0.0,1.0000000000000002
2016-08-23,-0.00010145955078799673,2.3320559414507254,0.0,0.0,1.0000000000000002
2016-08-24,-0.006261020895535596,2.3174548904717445,0.0,0.0,1.0000000000000002
2016-08-25,-0.0013519051414728755,2.3143219112901843,0.0,0.0,1.0000000000000002
2016-08-26,-0.005214866217418845,2.302253032138765,0.0,0.0,1.0000000000000002
2016-08-29,0.007345033666245504,2.3191631581680396,0.0,0.0,1.0000000000000002
2016-08-30,-0.008545391975022243,2.299344999927463,0.0,0.0,1.0000000000000002
2016-08-31,-0.0033768467940432645,2.2915804641360586,0.0,0.0,1.0000000000000002
2016-09-01,0.00301463529444157,2.298488743483296,0.0,0.0,1.0000000000000002
2016-09-02,0.0042325001026721765,2.30821709732608,0.00029183395139430825,0.5836679027886165,0.9999999999999998
2016-09-06,0.004797386423277983,2.3192905066907703,0.0,0.0,0.9999999999999998
2016-09-07,-0.0021852620543479917,2.3142222491534894,0.0,0.0,0.9999999999999998
2016-09-08,-0.0033359903671554836,2.3065020260228564,0.0,0.0,0.9999999999999998
2016-09-09,-0.02874753692308385,2.2401957738665965,0.0,0.0,0.9999999999999998
2016-09-12,0.01523649604912114,2.274328507924373,0.0,0.0,0.9999999999999998
2016-09-13,-0.015349394655351123,2.239418942080326,0.0,0.0,0.9999999999999998
2016-09-14,0.0024695355929829077,2.2449492668653934,0.0,0.0,0.9999999999999998
2016-09-15,0.01157257587333338,2.2709291125879774,0.0,0.0,0.9999999999999998
2016-09-16,-0.003233061235527357,2.2635870597054386,0.0,0.0,0.9999999999999998
2016-09-19,0.0021190491185560933,2.2683837118690824,0.0,0.0,0.9999999999999998
2016-09-20,-0.0012301587599083952,2.265593239775093,0.0,0.0,0.9999999999999998
2016-09-21,0.014844875210803465,2.299225688697994,0.0,0.0,0.9999999999999998
2016-09-22,0.006538828764491189,2.3142599317673094,0.0,0.0,0.9999999999999998
2016-09-23,-0.005755870927898199,2.30093935030645,0.0,0.0,0.9999999999999998
2016-09-26,-0.005687674791376662,2.2878523555672254,0.0,0.0,0.9999999999999998
2016-09-27,0.006543465724964337,2.3028228390396586,0.0,0.0,0.9999999999999998
2016-09-28,0.0037687838682389785,2.3115016806068436,0.0,0.0,0.9999999999999998
2016-09-29,-0.010076517479542746,2.288209793518216,0.0,0.0,0.9999999999999998
2016-09-30,0.0051729316472346465,2.300046546374619,0.0,0.0,0.9999999999999998
2016-10-03,-0.004330279168269446,2.2900867027288028,0.0,0.0,0.9999999999999998
2016-10-04,-0.011822189341831324,2.2630128641199327,0.00032811141291879217,0.6562228258375844,1.0000000000000004
2016-10-05,0.0043585253461746465,2.2728762630469186,0.0,0.0,1.0000000000000004
2016-10-06,0.0025809317091549655,2.278742401465202,0.0,0.0,1.0000000000000004
2016-10-07,-0.004124950323132093,2.269342702259943,0.0,0.0,1.0000000000000004
2016-10-10,0.005393124559227136,2.281581550120804,0.0,0.0,1.0000000000000004
2016-10-11,-0.014299515337836133,2.2489560397503277,0.0,0.0,1.0000000000000004
2016-10-12,0.003498892234227391,2.256824894572929,0.0,0.0,1.0000000000000004
2016-10-13,-0.00034867020771955914,2.2560380069681516,0.0,0.0,1.0000000000000004
2016-10-14,-0.0015334739544805576,2.2525784314441477,0.0,0.0,1.0000000000000004
2016-10-17,-0.002449519454856608,2.247060696752735,0.0,0.0,1.0000000000000004
2016-10-18,0.005447963555182733,2.259302601534927,0.0,0.0,1.0000000000000004
2016-10-19,-4.3473706422547664e-05,2.2592043812769083,0.0,0.0,1.0000000000000004
2016-10-20,-0.0035020144975010936,2.2512926147808585,0.0,0.0,1.0000000000000004
2016-10-21,-0.0020474403745383007,2.2466832273864563,0.0,0.0,1.0000000000000004
2016-10-24,0.004915858433362841,2.2577276040768988,0.0,0.0,1.0000000000000004
2016-10-25,-0.004936259679361177,2.2465828743379133,0.0,0.0,1.0000000000000004
2016-10-26,-0.0066913533627119826,2.231550194467101,0.0,0.0,1.0000000000000004
2016-10-27,-0.008478212903520799,2.2126306368135156,0.0,0.0,1.0000000000000004
2016-10-28,0.002948921705246077,2.2191555113241073,0.0,0.0,1.0000000000000004
2016-10-31,0.00344382560325851,2.2267978958916173,0.0,0.0,1.0000000000000004
2016-11-01,-0.008818785663003537,2.2071602425329218,0.0,0.0,1.0000000000000004
2016-11-02,-0.0054886644557313735,2.195045880561628,0.0003164861722548621,0.6329723445097242,1.0
2016-11-03,-0.0077928862361085205,2.1779401377313725,0.0,0.0,1.0
2016-11-04,0.0009452834359866547,2.1799989084681406,0.0,0.0,1.0
2016-11-07,0.02406696887161308,2.232464874338394,0.0,0.0,1.0
2016-11-08,0.006911302865792113,2.247894115222189,0.0,0.0,1.0
2016-11-09,-0.00128606484504723,2.2450031776252133,0.0,0.0,1.0
2016-11-10,-0.007337146372346504,2.228531260704594,0.0,0.0,1.0
2016-11-11,-0.00023248933270936245,2.228013150958871,0.0,0.0,1.0
2016-11-14,-0.008123419240125274,2.2099140660611196,0.0,0.0,1.0
2016-11-15,0.013803720806635944,2.240419102835685,0.0,0.0,1.0
2016-11-16,0.00306648018046074,2.247289303610456,0.0,0.0,1.0
2016-11-17,0.0047880234288195656,2.258049377447479,0.0,0.0,1.0
2016-11-18,-0.0010877712488220892,2.255593136256271,0.0,0.0,1.0
2016-11-21,0.005521616427217602,2.268047656370543,0.0,0.0,1.0
2016-11-22,0.003046083625657614,2.2749563191988242,0.0,0.0,1.0
2016-11-23,0.0015433664833626182,2.27846741053299,0.0,0.0,1.0
2016-11-25,0.0051203416410074976,2.2901339420928206,0.0,0.0,1.0
2016-11-28,-0.004629859728833563,2.2795309431806903,0.0,0.0,1.0
2016-11-29,0.002814087167399393,2.285945741955585,0.0,0.0,1.0
2016-11-30,-0.00846302323043746,2.2665997300378953,0.0,0.0,1.0
2016-12-01,-0.016462358728664528,2.229286152187717,0.0,0.0,1.0
2016-12-02,0.005678950666798466,2.2419461582681683,0.0003269067501683419,0.6538135003366838,1.0
2016-12-05,0.004575257921388021,2.2522036401881103,0.0,0.0,1.0
2016-12-06,0.0027074435218368276,2.258301354343595,0.0,0.0,1.0
2016-12-07,0.013570152984937467,2.288946849208129,0.0,0.0,1.0
2016-12-08,-0.000947050551200701,2.2867791008329172,0.0,0.0,1.0
2016-12-09,0.0014493855121144872,2.290093525331071,0.0,0.0,1.0
2016-12-12,-0.0009769265548873474,2.2878562721529994,0.0,0.0,1.0
2016-12-13,0.008475398271158063,2.307246765246663,0.0,0.0,1.0
2016-12-14,-0.008077358879948426,2.2886103050991657,0.0,0.0,1.0
2016-12-15,0.0035498505334841113,2.2967345296116592,0.0,0.0,1.0
2016-12-16,-0.001264084661293241,2.2938312627217146,0.0,0.0,1.0
2016-12-19,0.0025773142986353914,2.2997431868337843,0.0,0.0,1.0
2016-12-20,0.00400650567076033,2.3089571209531266,0.0,0.0,1.0
2016-12-21,-0.0010596998472212071,2.306510319444812,0.0,0.0,1.0
2016-12-22,-0.0019227267512414992,2.302075530351601,0.0,0.0,1.0
2016-12-23,0.002471758152166492,2.3077657043106505,0.0,0.0,1.0
2016-12-27,0.00367012696475566,2.3162354974503794,0.0,0.0,1.0
2016-12-28,-0.0110463079490839,2.290649646862943,0.0,0.0,1.0
2016-12-29,0.0030871782160708516,2.2977212905533886,0.0,0.0,1.0
2016-12-30,-0.008806043501265903,2.2774874569149905,0.0,0.0,1.0
2017-01-03,0.005786519490443842,2.2906661824736707,0.0,0.0,1.0
2017-01-04,0.008956917214892446,2.311183489837041,0.0005156199470550441,1.0312398941100882,0.9999999999999998
2017-01-05,-0.0031010544395999595,2.3040163840151515,0.0,0.0,0.9999999999999998
2017-01-06,0.0022708431966234066,2.3092484439457013,0.0,0.0,0.9999999999999998
2017-01-09,-0.00601468871333144,2.295359033393623,0.0,0.0,0.9999999999999998
2017-01-10,0.006218026587346159,2.3096316368907694,0.0,0.0,0.9999999999999998
2017-01-11,0.00585671548744271,2.3231584922688353,0.0,0.0,0.9999999999999998
2017-01-12,-0.006511384666591735,2.3080315136842136,0.0,0.0,0.9999999999999998
2017-01-13,0.003807314111976101,2.316818914637149,0.0,0.0,0.9999999999999998
2017-01-17,-0.01070817141591307,2.292010020559585,0.0,0.0,0.9999999999999998
2017-01-18,0.007871111289565524,2.310050686508209,0.0,0.0,0.9999999999999998
2017-01-19,0.0012490967268394826,2.3129361632595598,0.0,0.0,0.9999999999999998
2017-01-20,0.0036421375134347844,2.3213601948259472,0.0,0.0,0.9999999999999998
2017-01-23,-0.004016443184680085,2.312036583492251,0.0,0.0,0.9999999999999998
2017-01-24,0.01711113857490454,2.351598161862636,0.0,0.0,0.9999999999999998
2017-01-25,0.01103925559479424,2.377558055027686,0.0,0.0,0.9999999999999998
2017-01-26,0.0032382884203678852,2.3852572737460345,0.0,0.0,0.9999999999999998
2017-01-27,0.002424296401362991,2.3910398443711016,0.0,0.0,0.9999999999999998
2017-01-30,-0.009370698023067336,2.368634132028378,0.0,0.0,0.9999999999999998
2017-01-31,-0.004158510043521524,2.3587841432009102,0.0,0.0,0.9999999999999998
2017-02-01,0.0006807892320355169,2.3603899780462974,0.0,0.0,0.9999999999999998
2017-02-02,-0.0016547834768692038,2.3564840437116588,0.00020206883498658936,0.40413766997317874,1.0000000000000002
2017-02-03,0.011321690003024631,2.383163425551636,0.0,0.0,1.0000000000000002
2017-02-06,-0.003319501237200706,2.3752525116120657,0.0,0.0,1.0000000000000002
2017-02-07,-0.00425798144786238,2.365138730483633,0.0,0.0,1.0000000000000002
2017-02-08,-0.002855966346982264,2.3583839738634276,0.0,0.0,1.0000000000000002
2017-02-09,0.00884148978952104,2.379235601688111,0.0,0.0,1.0000000000000002
2017-02-10,0.002779042601911863,2.3858475987851877,0.0,0.0,1.0000000000000002
2017-02-13,0.0070330339531665675,2.402627345954525,0.0,0.0,1.0000000000000002
2017-02-14,0.0025832089788351276,2.4088338344873894,0.0,0.0,1.0000000000000002
2017-02-15,0.0049922030093645375,2.4208592220049763,0.0,0.0,1.0000000000000002
2017-02-16,-0.005730671548875965,2.4069860729375985,0.0,0.0,1.0000000000000002
2017-02-17,-0.0011135902675404319,2.40430567667267,0.0,0.0,1.0000000000000002
2017-02-21,0.007230695461684755,2.42169047881749,0.0,0.0,1.0000000000000002
2017-02-22,-0.0062685998769429485,2.4065098701799807,0.0,0.0,1.0000000000000002
2017-02-23,-0.009659949126629819,2.3832631072613095,0.0,0.0,1.0000000000000002
2017-02-24,-0.0021895605474028246,2.3780448083875694,0.0,0.0,1.0000000000000002
2017-02-27,0.006536376941080002,2.393588605637969,0.0,0.0,1.0000000000000002
2017-02-28,-0.004439916121511622,2.3829612729995304,0.0,0.0,1.0000000000000002
2017-03-01,0.02310471243168033,2.4380189079480155,0.0,0.0,1.0000000000000002
2017-03-02,-0.014304751275824645,2.4031436538640616,0.00029874451187238664,0.5974890237447733,1.0
2017-03-03,0.003282565462309428,2.411032130223204,0.0,0.0,1.0
2017-03-06,-0.0018004142266786483,2.4066912736749706,0.0,0.0,1.0
2017-03-07,-0.005662170432901403,2.3930641775040464,0.0,0.0,1.0
2017-03-08,-0.006063240235408163,2.37855445449709,0.0,0.0,1.0
2017-03-09,-0.0016549645829658788,2.3746180311162415,0.0,0.0,1.0
2017-03-10,0.005262102507986421,2.387113514613288,0.0,0.0,1.0
2017-03-13,0.005459773037077564,2.4001466126168167,0.0,0.0,1.0
2017-03-14,-0.006779286656669936,2.383875330711852,0.0,0.0,1.0
2017-03-15,0.011171759663810787,2.4105074129750523,0.0,0.0,1.0
2017-03-16,-0.0021678243897751415,2.4052818562134712,0.0,0.0,1.0
2017-03-17,-0.0014083285152155511,2.401894429188235,0.0,0.0,1.0
2017-03-20,-0.0011225972546103913,2.3991980690961645,0.0,0.0,1.0
2017-03-21,-0.02716210392182261,2.3340308018143383,0.0,0.0,1.0
2017-03-22,0.005970322723502175,2.3479657189477643,0.0,0.0,1.0
2017-03-23,-0.0003545596157811248,2.347133225124587,0.0,0.0,1.0
2017-03-24,0.0012827847219227806,2.350144091766094,0.0,0.0,1.0
2017-03-27,-0.0038074710646440746,2.3411959861389504,0.0,0.0,1.0
2017-03-28,0.012028191850456782,2.369356340619749,0.0,0.0,1.0
2017-03-29,0.005770931456408057,2.3830297336572714,0.0,0.0,1.0
2017-03-30,0.00958026108833554,2.405859780686975,0.0,0.0,1.0
2017-03-31,-0.0033369532764004894,2.3978315390092515,0.0,0.0,1.0
2017-04-03,-0.0033438890912323993,2.3898134562833455,0.0,0.0,1.0
2017-04-04,0.0021046106273625576,2.3948430830808536,0.00020148506687324834,0.4029701337464967,1.0000000000000002
2017-04-05,-0.00813335219204192,2.3753649808414816,0.0,0.0,1.0000000000000002
2017-04-06,0.006555230911909904,2.390936046790962,0.0,0.0,1.0000000000000002
2017-04-07,-0.0008047183462583929,2.389012016689379,0.0,0.0,1.0000000000000002
2017-04-10,-0.0014757658351524094,2.38548639437538,0.0,0.0,1.0000000000000002
2017-04-11,-0.0009373126928036157,2.383250447699422,0.0,0.0,1.0000000000000002
2017-04-12,-0.011708815555670271,2.3553454077843408,0.0,0.0,1.0000000000000002
2017-04-13,-0.007979173905309223,2.336551697168558,0.0,0.0,1.0000000000000002
2017-04-17,0.009965872234825035,2.3598374728526035,0.0,0.0,1.0000000000000002
2017-04-18,-0.005910136076763606,2.3458905122689986,0.0,0.0,1.0000000000000002
2017-04-19,0.0013839735680389875,2.3491371627314925,0.0,0.0,1.0000000000000002
2017-04-20,0.01048642694664359,2.3737712179761217,0.0,0.0,1.0000000000000002
2017-04-21,-0.0054962660939581465,2.360724339715946,0.0,0.0,1.0000000000000002
2017-04-24,0.015677817538132244,2.3977353451718404,0.0,0.0,1.0000000000000002
2017-04-25,0.012168341495022883,2.4269118076665777,0.0,0.0,1.0000000000000002
2017-04-26,-0.004607247039167706,2.4157304254263847,0.0,0.0,1.0000000000000002
2017-04-27,-1.4915408111160211e-05,2.415694393821203,0.0,0.0,1.0000000000000002
2017-04-28,-0.004959406912219522,2.403713982346676,0.0,0.0,1.0000000000000002
2017-05-01,0.0043261528268729865,2.414112816386399,0.0,0.0,1.0000000000000002
2017-05-02,-0.0007876427347222048,2.4122113579657727,0.00025382619392886707,0.5076523878577341,0.9999999999999998
2017-05-03,0.001295073787957568,2.4153353496664876,0.0,0.0,0.9999999999999998
2017-05-04,-0.0004517219422885965,2.414244289691058,0.0,0.0,0.9999999999999998
2017-05-05,0.0038802038877219225,2.4236120497698277,0.0,0.0,0.9999999999999998
2017-05-08,-0.0010351494521113613,2.421103249084378,0.0,0.0,0.9999999999999998
2017-05-09,0.0061959107732936225,2.436104188788636,0.0,0.0,0.9999999999999998
2017-05-10,0.008002275643426593,2.4555985660034287,0.0,0.0,0.9999999999999998
2017-05-11,-0.001049269001197728,2.453021982548736,0.0,0.0,0.9999999999999998
2017-05-12,-0.00023725905901539335,2.452439980861412,0.0,0.0,0.9999999999999998
2017-05-15,0.007631981419837119,2.471156957228612,0.0,0.0,0.9999999999999998
2017-05-16,0.007902319979411265,2.490684830223981,0.0,0.0,0.9999999999999998
2017-05-17,-0.03566543577472714,2.4018534703765404,0.0,0.0,0.9999999999999998
2017-05-18,0.008831597612036113,2.4230656737499787,0.0,0.0,0.9999999999999998
2017-05-19,0.013321263896265867,2.455343971027985,0.0,0.0,0.9999999999999998
2017-05-22,0.008100248718590164,2.4752328678830025,0.0,0.0,0.9999999999999998
2017-05-23,0.003861770862673808,2.4847916500505254,0.0,0.0,0.9999999999999998
2017-05-24,0.0026892076946045673,2.4914737708753303,0.0,0.0,0.9999999999999998
2017-05-25,0.010072182041725775,2.5165683482477714,0.0,0.0,0.9999999999999998
2017-05-26,0.0008268417911685422,2.5186491521284347,0.0,0.0,0.9999999999999998
2017-05-30,0.00014223732224638574,2.5190073980395113,0.0,0.0,0.9999999999999998
2017-05-31,-0.002336607388525369,2.5131214667415023,0.0,0.0,0.9999999999999998
2017-06-01,0.004913092750219006,2.5254686656001697,0.0,0.0,0.9999999999999998
2017-06-02,0.0037208328073048413,2.5348655122649553,0.0002006830728185426,0.40136614563708517,1.0000000000000002
2017-06-05,-0.004962683030797721,2.5222857782018835,0.0,0.0,1.0000000000000002
2017-06-06,-0.0017951953879381533,2.5177577824057935,0.0,0.0,1.0000000000000002
2017-06-07,0.004332333233042496,2.5286655481192617,0.0,0.0,1.0000000000000002
2017-06-08,0.006565797652709593,2.545268254439591,0.0,0.0,1.0000000000000002
2017-06-09,-0.014893781698979258,2.5073595846926255,0.0,0.0,1.0000000000000002
2017-06-12,-0.004316245778784311,2.4965372044693015,0.0,0.0,1.0000000000000002
2017-06-13,0.00720298001193842,2.5145197120521545,0.0,0.0,1.0000000000000002
2017-06-14,-0.006919010540117343,2.4971217236611327,0.0,0.0,1.0000000000000002
2017-06-15,-0.003212406241963728,2.4890999542491006,0.0,0.0,1.0000000000000002
2017-06-16,-0.00011167496134711907,2.4888219841079207,0.0,0.0,1.0000000000000002
2017-06-19,0.01651075220034115,2.529914307158288,0.0,0.0,1.0000000000000002
2017-06-20,-0.008195120027574054,2.509181355751649,0.0,0.0,1.0000000000000002
2017-06-21,0.005477765296432846,2.5229260623046414,0.0,0.0,1.0000000000000002
2017-06-22,-0.0011101350368829532,2.520125273687412,0.0,0.0,1.0000000000000002
2017-06-23,0.002593216677875043,2.526660504577473,0.0,0.0,1.0000000000000002
2017-06-26,-0.002529409004775607,2.5202695467451837,0.0,0.0,1.0000000000000002
2017-06-27,-0.013263593737013912,2.4868417153693874,0.0,0.0,1.0000000000000002
2017-06-28,0.014832184858070807,2.523727011404508,0.0,0.0,1.0000000000000002
2017-06-29,-0.012563739385450079,2.492019562953201,0.0,0.0,1.0000000000000002
2017-06-30,-0.0001642071296528158,2.4916103555737297,0.0,0.0,1.0000000000000002
2017-07-03,-0.0017248164992230697,2.487312784922801,0.0,0.0,1.0000000000000002
2017-07-05,0.013125418618080698,2.519959806459017,0.0001633490816628133,0.32669816332562657,1.0
2017-07-06,-0.007662175296649032,2.500651432681418,0.0,0.0,1.0
2017-07-07,0.010905770214937549,2.5279229625938964,0.0,0.0,1.0
2017-07-10,0.00602521389326105,2.543154239149211,0.0,0.0,1.0
2017-07-11,0.002443117285920282,2.5493674632316377,0.0,0.0,1.0
2017-07-12,0.009082552983582293,2.57252222829106,0.0,0.0,1.0
2017-07-13,-0.00019260812425037077,2.5720267396100764,0.0,0.0,1.0
2017-07-14,0.006585997859812842,2.5889661022125297,0.0,0.0,1.0
2017-07-17,-0.0002551802105337231,2.5883054492975024,0.0,0.0,1.0
2017-07-18,0.00338242803420008,2.597060206210279,0.0,0.0,1.0
2017-07-19,0.0066652045485877665,2.6143701437096682,0.0,0.0,1.0
2017-07-20,0.0004609776955109002,2.615575310033728,0.0,0.0,1.0
2017-07-21,-0.0006404862723611293,2.6139000699533246,0.0,0.0,1.0
2017-07-24,0.0018236716365462868,2.6186669653716645,0.0,0.0,1.0
2017-07-25,-0.00035538086658226664,2.6177363412362205,0.0,0.0,1.0
2017-07-26,0.0018158801286194404,2.6224898366402365,0.0,0.0,1.0
2017-07-27,-0.01043707379171499,2.5951187166971996,0.0,0.0,1.0
2017-07-28,-0.002113186449963944,2.5896347469890273,0.0,0.0,1.0
2017-07-31,-0.002825697323304066,2.5823172230161253,0.0,0.0,1.0
2017-08-01,0.0013547731680021435,2.585815677101137,0.0,0.0,1.0
2017-08-02,-0.002281409939227763,2.5799163715143876,0.0002051719030064131,0.41034380601282616,1.0000000000000004
2017-08-03,-0.00012323238965328276,2.57959844225482,0.0,0.0,1.0000000000000004
2017-08-04,0.004597601389859651,2.5914584076382106,0.0,0.0,1.0000000000000004
2017-08-07,0.007448342784881934,2.6107604781710645,0.0,0.0,1.0000000000000004
2017-08-08,-0.0022163717624846813,2.604974062368635,0.0,0.0,1.0000000000000004
2017-08-09,-0.004476621597902297,2.5933125792190603,0.0,0.0,1.0000000000000004
2017-08-10,-0.02393024621977302,2.5312539706735135,0.0,0.0,1.0000000000000004
2017-08-11,0.0033682950556652713,2.539779980907566,0.0,0.0,1.0000000000000004
2017-08-14,0.016444450655084264,2.581545267478371,0.0,0.0,1.0000000000000004
2017-08-15,0.0029847537042999583,2.589250544278295,0.0,0.0,1.0000000000000004
2017-08-16,0.0005570693121847992,2.5906929362980704,0.0,0.0,1.0000000000000004
2017-08-17,-0.022066267589103905,2.533526012724516,0.0,0.0,1.0000000000000004
2017-08-18,0.0012963164945485328,2.5368102642841786,0.0,0.0,1.0000000000000004
2017-08-21,-0.00188968641204168,2.532016488397833,0.0,0.0,1.0000000000000004
2017-08-22,0.015666121108778297,2.571683365354497,0.0,0.0,1.0000000000000004
2017-08-23,-0.004536984138212352,2.560015678717379,0.0,0.0,1.0000000000000004
2017-08-24,-0.0017568248779862294,2.5555181794849737,0.0,0.0,1.0000000000000004
2017-08-25,0.0013681980439668173,2.5590146344594666,0.0,0.0,1.0000000000000004
2017-08-28,0.0025710213953928918,2.5655939158357857,0.0,0.0,1.0000000000000004
2017-08-29,-0.00039126481919982137,2.564590089196166,0.0,0.0,1.0000000000000004
2017-08-30,0.011694380089610545,2.594581380473274,0.0,0.0,1.0000000000000004
2017-08-31,0.004927381459882252,2.607365872663574,0.0,0.0,1.0000000000000004
2017-09-01,0.005829314870577917,2.622565029318129,0.0,0.0,1.0000000000000004
2017-09-05,-0.014320603010656408,2.5850083166636337,0.0002376396696250508,0.47527933925010163,1.0000000000000002
2017-09-06,0.002274642312616537,2.5908882859591826,0.0,0.0,1.0000000000000002
2017-09-07,-0.0018125188377723367,2.586192252134318,0.0,0.0,1.0000000000000002
2017-09-08,-0.0033362815457700368,2.5775639866497086,0.0,0.0,1.0000000000000002
2017-09-11,0.015320759401355355,2.6170542243307673,0.0,0.0,1.0000000000000002
2017-09-12,0.004063929426921353,2.6276897480048738,0.0,0.0,1.0000000000000002
2017-09-13,0.0016912458500994987,2.632133817386536,0.0,0.0,1.0000000000000002
2017-09-14,-0.002594338272021046,2.625305171887009,0.0,0.0,1.0000000000000002
2017-09-15,0.0033905309212525214,2.6342063502500164,0.0,0.0,1.0000000000000002
2017-09-18,0.006927258325121866,2.6524541781198745,0.0,0.0,1.0000000000000002
2017-09-19,0.0012229547915330041,2.655698009666328,0.0,0.0,1.0000000000000002
2017-09-20,-0.0004192345672574538,2.654584649260479,0.0,0.0,1.0000000000000002
2017-09-21,-0.0015387200486048913,2.650499986639943,0.0,0.0,1.0000000000000002
2017-09-22,0.0006478101400577696,2.6522170074075113,0.0,0.0,1.0000000000000002
2017-09-25,-0.012771576098977722,2.6183440160664033,0.0,0.0,1.0000000000000002
2017-09-26,0.002267311625483659,2.6242806178935463,0.0,0.0,1.0000000000000002
2017-09-27,0.012939757390102224,2.658238172412636,0.0,0.0,1.0000000000000002
2017-09-28,0.00525980276591298,2.6722199809043476,0.0,0.0,1.0000000000000002
2017-09-29,0.006550640185711165,2.68972473249632,0.0,0.0,1.0000000000000002
2017-10-02,0.0026940029718363068,2.696970858919087,0.0,0.0,1.0000000000000002
2017-10-03,0.0033283147734655127,2.7059472268724334,0.0002072237729554723,0.4144475459109446,0.9999999999999999
2017-10-04,0.0018530693315472746,2.7109615346913363,0.0,0.0,0.9999999999999999
2017-10-05,0.0068248084896012084,2.72946332798828,0.0,0.0,0.9999999999999999
2017-10-06,0.00146261690306293,2.733455487188086,0.0,0.0,0.9999999999999999
2017-10-09,4.611399260223692e-06,2.7334680922426977,0.0,0.0,0.9999999999999999
2017-10-10,0.0017206422186653025,2.7381714128455847,0.0,0.0,0.9999999999999999
2017-10-11,0.0022672628892332902,2.744379567274289,0.0,0.0,0.9999999999999999
2017-10-12,-0.0015312579345884147,2.7401772142863776,0.0,0.0,0.9999999999999999
2017-10-13,0.003149295981467626,2.748806843375839,0.0,0.0,0.9999999999999999
2017-10-16,0.005043177808990551,2.762669565049553,0.0,0.0,0.9999999999999999
2017-10-17,-0.002226654390579008,2.7565180547328167,0.0,0.0,0.9999999999999999
2017-10-18,0.003468412710678326,2.7660787969910663,0.0,0.0,0.9999999999999999
2017-10-19,-0.0002700616835376035,2.7653317850943533,0.0,0.0,0.9999999999999999
2017-10-20,0.008249363581665614,2.7881440124135333,0.0,0.0,0.9999999999999999
2017-10-23,-0.00245184425809597,2.7813079175259525,0.0,0.0,0.9999999999999999
2017-10-24,0.007605462484999048,2.802461050551927,0.0,0.0,0.9999999999999999
2017-10-25,-0.009297997792787949,2.776403773889521,0.0,0.0,0.9999999999999999
2017-10-26,0.0049449133706702675,2.7901328500334066,0.0,0.0,0.9999999999999999
2017-10-27,0.010716442290518158,2.820033147703669,0.0,0.0,0.9999999999999999
2017-10-30,-0.0036907847232166002,2.80962501244316,0.0,0.0,0.9999999999999999
2017-10-31,0.005942202211455028,2.826320372405459,0.0,0.0,0.9999999999999999
2017-11-01,-0.0037089802524680193,2.815837605957059,0.0,0.0,0.9999999999999999
2017-11-02,0.0044306979036365934,2.828313731734754,0.00023728645151268853,0.4745729030253771,1.0
2017-11-03,0.004330650176268325,2.8405621690956333,0.0,0.0,1.0
2017-11-06,0.0054149228280417905,2.855943594029541,0.0,0.0,1.0
2017-11-07,-0.002254956037119338,2.8495035667805118,0.0,0.0,1.0
2017-11-08,-0.001886866743493365,2.8441269332648877,0.0,0.0,1.0
2017-11-09,-0.010104363860359622,2.8153888398661304,0.0,0.0,1.0
2017-11-10,0.0031682782211233107,2.824308775011472,0.0,0.0,1.0
2017-11-13,0.002736674212514778,2.8320379880042252,0.0,0.0,1.0
2017-11-14,-0.0002900100749112511,2.8312166684551725,0.0,0.0,1.0
2017-11-15,-0.006296958814621001,2.813388613698642,0.0,0.0,1.0
2017-11-16,0.01291689818031827,2.849728867963454,0.0,0.0,1.0
2017-11-17,-0.0033417412824083836,2.8402058113617095,0.0,0.0,1.0
2017-11-20,0.004643448506640224,2.8533941607950277,0.0,0.0,1.0
2017-11-21,0.009905949201183484,2.881659738402817,0.0,0.0,1.0
2017-11-22,-0.0014597816866791513,2.877453144289456,0.0,0.0,1.0
2017-11-24,0.002445269024238028,2.8844892913318834,0.0,0.0,1.0
2017-11-27,-0.003188702657210607,2.875291512663918,0.0,0.0,1.0
2017-11-28,0.009400480770677122,2.902320635238806,0.0,0.0,1.0
2017-11-29,-0.010257231166761915,2.872550861563098,0.0,0.0,1.0
2017-11-30,0.01084767683662169,2.9037113650060937,0.0,0.0,1.0
2017-12-01,-0.006305676828416873,2.885401499535364,0.0,0.0,1.0
2017-12-04,-0.01979039575451791,2.8282982619488797,0.0004194912158959773,0.8389824317919545,1.0
2017-12-05,0.00172743703826983,2.833183969121844,0.0,0.0,1.0
2017-12-06,0.003548764680010308,2.843238272323435,0.0,0.0,1.0
2017-12-07,0.00922602367758274,2.8694700559449,0.0,0.0,1.0
2017-12-08,0.003367509893360321,2.879133024746996,0.0,0.0,1.0
2017-12-11,0.0013381234138254428,2.882985660058928,0.0,0.0,1.0
2017-12-12,-0.003798182390452154,2.872035554692966,0.0,0.0,1.0
2017-12-13,0.002968096259424513,2.8805600326797847,0.0,0.0,1.0
2017-12-14,-0.003782289856638976,2.8696649196867403,0.0,0.0,1.0
2017-12-15,0.010234249162191622,2.8990337854868153,0.0,0.0,1.0
2017-12-18,0.009863938530382699,2.92762967654436,0.0,0.0,1.0
2017-12-19,-0.0018031248917762532,2.92235079460068,0.0,0.0,1.0
2017-12-20,0.0011524294303750793,2.925718597662258,0.0,0.0,1.0
2017-12-21,-0.006635972213110741,2.90630361034479,0.0,0.0,1.0
2017-12-22,0.0005481604399690809,2.9078967310105206,0.0,0.0,1.0
2017-12-26,-0.003139921138545887,2.898766164596112,0.0,0.0,1.0
2017-12-27,0.004380109279477518,2.911463077172695,0.0,0.0,1.0
2017-12-28,0.0026568672835549645,2.919198448169713,0.0,0.0,1.0
2017-12-29,-0.007805823356587638,2.8964117007404755,0.0,0.0,1.0
2018-01-02,0.01367362717193532,2.936016154472832,0.0,0.0,1.0
2018-01-03,0.012711094013606372,2.973336131837803,0.00023257382427037895,0.4651476485407579,1.0
2018-01-04,0.0016505739472105763,2.9782438429933142,0.0,0.0,1.0
2018-01-05,0.010129173572498429,3.0084109918202184,0.0,0.0,1.0
2018-01-08,0.0058784258823363356,3.02609571285924,0.0,0.0,1.0
2018-01-09,0.001723510166379505,3.03131121958479,0.0,0.0,1.0
2018-01-10,-0.0036864663169368095,3.020136392877638,0.0,0.0,1.0
2018-01-11,0.008375312735162233,3.045430979670833,0.0,0.0,1.0
2018-01-12,0.007648500696939342,3.068723960641326,0.0,0.0,1.0
2018-01-16,-0.0033805933928641174,3.058349852695458,0.0,0.0,1.0
2018-01-17,0.016803328048913047,3.109740308558645,0.0,0.0,1.0
2018-01-18,-0.0002431406412903847,3.1089842043057754,0.0,0.0,1.0
2018-01-19,0.005645038617318132,3.1265345401997133,0.0,0.0,1.0
2018-01-22,0.007415458374560924,3.1497192269391916,0.0,0.0,1.0
2018-01-23,0.004934923067789532,3.1652628490092742,0.0,0.0,1.0
2018-01-24,-0.001211246703603952,3.161428934817372,0.0,0.0,1.0
2018-01-25,-0.0003512202831834621,3.160318576851621,0.0,0.0,1.0
2018-01-26,0.01247014748341324,3.199728215599531,0.0,0.0,1.0
2018-01-29,-0.011558212011048452,3.162745078505898,0.0,0.0,1.0
2018-01-30,-0.011939247660072372,3.124984281727941,0.0,0.0,1.0
2018-01-31,4.284201554005662e-05,3.1251181623531012,0.0,0.0,1.0
2018-02-01,-0.00369211980050832,3.113579851706949,0.0,0.0,1.0
2018-02-02,-0.02195654144667103,3.0452164066454257,0.00026132970033260346,0.5226594006652069,1.0000000000000002
2018-02-05,-0.03918947094506897,2.9258759867557473,0.0,0.0,1.0000000000000002
2018-02-06,0.024400596405770303,2.997269105841909,0.0,0.0,1.0000000000000002
2018-02-07,-0.00363998545744304,2.9863590898846013,0.0,0.0,1.0000000000000002
2018-02-08,-0.042845301137361846,2.858407635374198,0.0,0.0,1.0000000000000002
2018-02-09,0.01672630573518674,2.9062182353992587,0.0,0.0,1.0000000000000002
2018-02-12,0.013240253123043999,2.944697300466751,0.0,0.0,1.0000000000000002
2018-02-13,0.004231307867126333,2.957157221320522,0.0,0.0,1.0000000000000002
2018-02-14,0.018896786820543188,3.013037990926646,0.0,0.0,1.0000000000000002
2018-02-15,0.01051660523603859,3.0447249220384083,0.0,0.0,1.0000000000000002
2018-02-16,0.002537513028201488,3.0524509511953704,0.0,0.0,1.0000000000000002
2018-02-20,-0.003815477858551297,3.0408043921767707,0.0,0.0,1.0000000000000002
2018-02-21,-0.006660080007293678,3.0205523916383434,0.0,0.0,1.0000000000000002
2018-02-22,0.00392848754223829,3.0324185940795725,0.0,0.0,1.0000000000000002
2018-02-23,0.017506937714678816,3.0855069575309577,0.0,0.0,1.0000000000000002
2018-02-26,0.010054983572464593,3.1165316793016564,0.0,0.0,1.0000000000000002
2018-02-27,-0.01243787049178402,3.07776866189096,0.0,0.0,1.0000000000000002
2018-02-28,-0.011441965565670342,3.0425529388425043,0.0,0.0,1.0000000000000002
2018-03-01,-0.013772023492786833,3.0006508282907176,0.0,0.0,1.0000000000000002
2018-03-02,0.0065959059678182275,3.020442838996379,0.00025219000210293166,0.5043800042058634,1.0000000000000002
2018-03-05,0.009446298260418207,3.0489748429320835,0.0,0.0,1.0000000000000002
2018-03-06,0.009114258156986743,3.0767639867647247,0.0,0.0,1.0000000000000002
2018-03-07,-0.0018761492484762332,3.0709915183232175,0.0,0.0,1.0000000000000002
2018-03-08,0.007569436050294032,3.0942371922321605,0.0,0.0,1.0000000000000002
2018-03-09,0.02208164068519025,3.1625630261057833,0.0,0.0,1.0000000000000002
2018-03-12,-0.0010482550450119366,3.1592478534584996,0.0,0.0,1.0000000000000002
2018-03-13,-0.0064763772128971775,3.1387873726504667,0.0,0.0,1.0000000000000002
2018-03-14,-0.0027763963539499947,3.1300728548332155,0.0,0.0,1.0000000000000002
2018-03-15,-0.0008488969187278039,3.127415745631354,0.0,0.0,1.0000000000000002
2018-03-16,0.003455720554428776,3.1382232205057763,0.0,0.0,1.0000000000000002
2018-03-19,-0.01335483462264353,3.0963127683869818,0.0,0.0,1.0000000000000002
2018-03-20,0.010844079759146252,3.1298894310066334,0.0,0.0,1.0000000000000002
2018-03-21,-0.002478721610608803,3.122131306435181,0.0,0.0,1.0000000000000002
2018-03-22,-0.02917745768280633,3.031035452361504,0.0,0.0,1.0000000000000002
2018-03-23,-0.023390040986606797,2.96013940889891,0.0,0.0,1.0000000000000002
2018-03-26,0.03394546324776737,3.0606227124119556,0.0,0.0,1.0000000000000002
2018-03-27,-0.025741659771251868,2.981837203860881,0.0,0.0,1.0000000000000002
2018-03-28,-0.009689059105541187,2.9529460069495714,0.0,0.0,1.0000000000000002
2018-03-29,0.020563345219531737,3.013668455105113,0.0,0.0,1.0000000000000002
2018-04-02,-0.024777355329540618,2.938997720947546,0.0,0.0,1.0000000000000002
2018-04-03,0.011073065715315744,2.9715414358487617,0.0002541789666255953,0.5083579332511906,1.0
2018-04-04,0.012285150577641568,3.0080472698358647,0.0,0.0,1.0
2018-04-05,0.005662794360646872,3.0250812229520507,0.0,0.0,1.0
2018-04-06,-0.025550838215642968,2.9477878620352236,0.0,0.0,1.0
2018-04-09,0.0037664967467951893,2.9588906954278213,0.0,0.0,1.0
2018-04-10,0.024299563032442073,3.030790446387476,0.0,0.0,1.0
2018-04-11,-0.00561959567201975,3.013758629512158,0.0,0.0,1.0
2018-04-12,0.014564428954314534,3.0576523029571403,0.0,0.0,1.0
2018-04-13,-0.007316772928942172,3.035280155360746,0.0,0.0,1.0
2018-04-16,0.00886184148196767,3.0621783269509146,0.0,0.0,1.0
2018-04-17,0.01975288004411002,3.1226651681168494,0.0,0.0,1.0
2018-04-18,0.0054285633556734325,3.139616753820526,0.0,0.0,1.0
2018-04-19,-0.012795864000359258,3.0994426448253893,0.0,0.0,1.0
2018-04-20,-0.008179592903341026,3.074090465763463,0.0,0.0,1.0
2018-04-23,-0.0032355021335609413,3.064144239502726,0.0,0.0,1.0
2018-04-24,-0.021621007216991672,2.997894354786534,0.0,0.0,1.0
2018-04-25,0.0009850897979883921,3.000847549930881,0.0,0.0,1.0
2018-04-26,0.017192527976029215,3.0524397053848666,0.0,0.0,1.0
2018-04-27,-0.0028993688128139405,3.043589556900079,0.0,0.0,1.0
2018-04-30,-0.009994771068052466,3.0131695760537474,0.0,0.0,1.0
2018-05-01,0.005209084045688872,3.028865429619324,0.0,0.0,1.0
2018-05-02,-0.006516044185868486,3.0091292086468746,0.0001826358401198686,0.3652716802397372,1.0
2018-05-03,0.0057983225413185124,3.0265771103671115,0.0,0.0,1.0
2018-05-04,0.012307145606283765,3.0638256355530453,0.0,0.0,1.0
2018-05-07,0.005217010802889943,3.079809646991897,0.0,0.0,1.0
2018-05-08,0.002785287006251025,3.08838780078339,0.0,0.0,1.0
2018-05-09,0.014014523451441496,3.1316700840446146,0.0,0.0,1.0
2018-05-10,0.011104218777664432,3.166444833797313,0.0,0.0,1.0
2018-05-11,0.0006141410325348762,3.168389477497006,0.0,0.0,1.0
2018-05-14,-8.663610507464448e-05,3.168114980573316,0.0,0.0,1.0
2018-05-15,-0.006759272944992012,3.146700826698503,0.0,0.0,1.0
2018-05-16,0.009297225490863426,3.175956413836605,0.0,0.0,1.0
2018-05-17,0.0009655093868199405,3.1790228295662954,0.0,0.0,1.0
2018-05-18,0.0002079708044218087,3.1796839735014357,0.0,0.0,1.0
2018-05-21,0.009028106640231126,3.2083904994964407,0.0,0.0,1.0
2018-05-22,-0.00610200273699768,3.188812891887156,0.0,0.0,1.0
2018-05-23,0.006628935586203699,3.209951327143932,0.0,0.0,1.0
2018-05-24,0.001027948328200523,3.2132509912442746,0.0,0.0,1.0
2018-05-25,-0.0052291753301066946,3.196448338431419,0.0,0.0,1.0
2018-05-29,-0.007473631692815008,3.172559260824872,0.0,0.0,1.0
2018-05-30,0.013303919848468126,3.2147667349454014,0.0,0.0,1.0
2018-05-31,-0.011787834969878452,3.17687159520721,0.0,0.0,1.0
2018-06-01,0.014984247360848135,3.224474625023447,0.0,0.0,1.0
2018-06-04,0.005371702166941494,3.241795542353933,0.00029104695450670836,0.5820939090134167,1.0
2018-06-05,0.004495176686621027,3.2563679860987143,0.0,0.0,1.0
2018-06-06,0.007613889380698069,3.2811616117277165,0.0,0.0,1.0
2018-06-07,-0.005406303361522591,3.263422656676534,0.0,0.0,1.0
2018-06-08,0.0037869298572674737,3.2757810093719852,0.0,0.0,1.0
2018-06-11,0.0032012006617667677,3.2862674417069897,0.0,0.0,1.0
2018-06-12,0.001112383362006586,3.2899230309322487,0.0,0.0,1.0
2018-06-13,-0.002135250189189697,3.282898222158031,0.0,0.0,1.0
2018-06-14,0.0024415444023200283,3.290913563935727,0.0,0.0,1.0
2018-06-15,-0.005129975755864047,3.274031257138093,0.0,0.0,1.0
2018-06-18,0.0014348755004425229,3.2787290843766437,0.0,0.0,1.0
2018-06-19,-0.008391401320663627,3.2512159528079074,0.0,0.0,1.0
2018-06-20,0.001903089045153683,3.257403306271125,0.0,0.0,1.0
2018-06-21,-0.009326826659601384,3.227022070273122,0.0,0.0,1.0
2018-06-22,-0.0029441224082260575,3.2175213222841905,0.0,0.0,1.0
2018-06-25,-0.022339445042583006,3.1456436815316837,0.0,0.0,1.0
2018-06-26,0.006137670056198585,3.164950604563291,0.0,0.0,1.0
2018-06-27,-0.011026516139428733,3.1300522256415793,0.0,0.0,1.0
2018-06-28,0.008323031624771993,3.156103749302782,0.0,0.0,1.0
2018-06-29,0.004624349819011719,3.170698677104652,0.0,0.0,1.0
2018-07-02,0.0014754225436792723,3.175376797412066,0.0,0.0,1.0
2018-07-03,-0.009054179372595339,3.14662636631272,0.0002422470864801191,0.48449417296023817,1.0
2018-07-05,0.008280482092263952,3.1726819495900185,0.0,0.0,1.0
2018-07-06,0.010362375867033702,3.2055584724582236,0.0,0.0,1.0
2018-07-09,0.011512684546039154,3.2424630559455183,0.0,0.0,1.0
2018-07-10,0.003638957056685488,3.2542622397639933,0.0,0.0,1.0
2018-07-11,-0.010913553655642616,3.2187466742007973,0.0,0.0,1.0
2018-07-12,0.013892603038244022,3.2634634440261374,0.0,0.0,1.0
2018-07-13,0.0009378436963864978,3.266524062645505,0.0,0.0,1.0
2018-07-16,-0.004161275779803297,3.252931155179474,0.0,0.0,1.0
2018-07-17,0.005438320868704993,3.270621638565147,0.0,0.0,1.0
2018-07-18,0.007482208388931433,3.2950931112262403,0.0,0.0,1.0
2018-07-19,-0.007480543915129534,3.2704440225032716,0.0,0.0,1.0
2018-07-20,-0.0024048442564130745,3.262579113979834,0.0,0.0,1.0
2018-07-23,0.0014735800644951613,3.2673867855210332,0.0,0.0,1.0
2018-07-24,-0.0026550198503406675,3.258711808746734,0.0,0.0,1.0
2018-07-25,0.011895923468478786,3.297477195029413,0.0,0.0,1.0
2018-07-26,0.0016723349860527925,3.302991681508372,0.0,0.0,1.0
2018-07-27,-0.01178326089419579,3.2640716687938003,0.0,0.0,1.0
2018-07-30,-0.01683523102060336,3.2091202681818505,0.0,0.0,1.0
2018-07-31,0.007446816323874561,3.233017997380224,0.0,0.0,1.0
2018-08-01,-0.0035632214051255495,3.221498038448803,0.0,0.0,1.0
2018-08-02,0.01030718295775146,3.2547026081291324,0.0002931559035708526,0.5863118071417052,0.9999999999999999
2018-08-03,0.002838938854601958,3.263942509823525,0.0,0.0,0.9999999999999999
2018-08-06,0.004347014656569614,3.278130915751928,0.0,0.0,0.9999999999999999
2018-08-07,0.005205769053529208,3.2951961082265666,0.0,0.0,0.9999999999999999
2018-08-08,0.0020377748620301617,3.3019109760213703,0.0,0.0,0.9999999999999999
2018-08-09,-0.0015555943423708474,3.2967745419880594,0.0,0.0,0.9999999999999999
2018-08-10,-0.0021871681808512955,3.2895639416103823,0.0,0.0,0.9999999999999999
2018-08-13,-0.004362055937005782,3.2752146796887205,0.0,0.0,0.9999999999999999
2018-08-14,0.009690312316447569,3.3069525328383182,0.0,0.0,0.9999999999999999
2018-08-15,-0.014389347983514433,3.259367642078343,0.0,0.0,0.9999999999999999
2018-08-16,0.004809196057864007,3.2750425800937557,0.0,0.0,0.9999999999999999
2018-08-17,0.0011539422626576368,3.278821790138929,0.0,0.0,0.9999999999999999
2018-08-20,0.006582809023424785,3.3004056478052575,0.0,0.0,0.9999999999999999
2018-08-21,0.005226778412801281,3.317656136798693,0.0,0.0,0.9999999999999999
2018-08-22,0.0035603248206759197,3.329468070289005,0.0,0.0,0.9999999999999999
2018-08-23,0.0032199504247152344,3.3401887924160083,0.0,0.0,0.9999999999999999
2018-08-24,0.009680579353485097,3.3725237550766134,0.0,0.0,0.9999999999999999
2018-08-27,0.005678288895559325,3.3916739192650747,0.0,0.0,0.9999999999999999
2018-08-28,0.0007001480815305161,3.394048593252825,0.0,0.0,0.9999999999999999
2018-08-29,0.007684956893947215,3.420131710387935,0.0,0.0,0.9999999999999999
2018-08-30,-0.0043242412924370255,3.4053422356203025,0.0,0.0,0.9999999999999999
2018-08-31,0.0027298437507410345,3.414638287841345,0.0,0.0,0.9999999999999999
2018-09-04,0.002968484062175536,3.424774587176896,0.0,0.0,0.9999999999999999
2018-09-05,-0.013021987191448536,3.38017721636908,0.00017912538298988804,0.35825076597977606,0.9999999999999999
2018-09-06,-0.0037784877766060543,3.3674052580742675,0.0,0.0,0.9999999999999999
2018-09-07,-0.002519812088889406,3.3589200295967823,0.0,0.0,0.9999999999999999
2018-09-10,0.005249087381818063,3.376551294340675,0.0,0.0,0.9999999999999999
2018-09-11,0.0034265196033615997,3.3881211135424896,0.0,0.0,0.9999999999999999
2018-09-12,0.0018740878076228817,3.3944707500121294,0.0,0.0,0.9999999999999999
2018-09-13,3.733949852002816e-05,3.3945974978476756,0.0,0.0,0.9999999999999999
2018-09-14,0.0018534982723072968,3.400889378445115,0.0,0.0,0.9999999999999999
2018-09-17,-0.009736172350232941,3.3677777333124967,0.0,0.0,0.9999999999999999
2018-09-18,0.011054606721405902,3.405007191679374,0.0,0.0,0.9999999999999999
2018-09-19,-0.0054742008631843975,3.3863674983715337,0.0,0.0,0.9999999999999999
2018-09-20,0.005935398022979488,3.40646693732645,0.0,0.0,0.9999999999999999
2018-09-21,0.001599915135590546,3.4119169953383675,0.0,0.0,0.9999999999999999
2018-09-24,0.00319980942412057,3.422834479494368,0.0,0.0,0.9999999999999999
2018-09-25,0.0020654169650395904,3.429904059896838,0.0,0.0,0.9999999999999999
2018-09-26,-0.0012783404934685327,3.42551947464836,0.0,0.0,0.9999999999999999
2018-09-27,0.001104728326311255,3.429303743044335,0.0,0.0,0.9999999999999999
2018-09-28,0.0007375064580417146,3.431832876701417,0.0,0.0,0.9999999999999999
2018-10-01,0.004903923700772195,3.4486623232825617,0.0,0.0,0.9999999999999999
2018-10-02,-0.007746802553625587,3.421946217189964,0.00025254639068396253,0.505092781367925,1.0000000000000002
2018-10-03,0.0025580740282784564,3.4306998089343232,0.0,0.0,1.0000000000000002
2018-10-04,-0.014673413958985249,3.380359730468818,0.0,0.0,1.0000000000000002
2018-10-05,-0.006887698282856736,3.35707683255783,0.0,0.0,1.0000000000000002
2018-10-08,-0.009027077298753627,3.3267722404924753,0.0,0.0,1.0000000000000002
2018-10-09,-0.001072343519197605,3.323204797840537,0.0,0.0,1.0000000000000002
2018-10-10,-0.04257533357474175,3.181718245035294,0.0,0.0,1.0000000000000002
2018-10-11,-0.016515370141170327,3.129170990533621,0.0,0.0,1.0000000000000002
2018-10-12,0.02380107480543625,3.2036486233583132,0.0,0.0,1.0000000000000002
2018-10-15,-0.010120011432780851,3.1712276626633145,0.0,0.0,1.0000000000000002
2018-10-16,0.02760171835558345,3.258758995449582,0.0,0.0,1.0000000000000002
2018-10-17,-0.0030446246846744796,3.248837297370631,0.0,0.0,1.0000000000000002
2018-10-18,-0.01394566604127756,3.2035300973990535,0.0,0.0,1.0000000000000002
2018-10-19,-0.01309181583592045,3.1615900713390768,0.0,0.0,1.0000000000000002
2018-10-22,0.0060099337962613575,3.180591018358742,0.0,0.0,1.0000000000000002
2018-10-23,-0.011229996425281996,3.144872992592289,0.0,0.0,1.0000000000000002
2018-10-24,-0.03704019857431917,3.0283862724556574,0.0,0.0,1.0000000000000002
2018-10-25,0.0170216364368887,3.079934362575862,0.0,0.0,1.0000000000000002
2018-10-26,-0.020556504803124986,3.0166216770582617,0.0,0.0,1.0000000000000002
2018-10-29,-0.009557933958896259,2.987789006289964,0.0,0.0,1.0000000000000002
2018-10-30,0.02182665181898691,3.053002436638852,0.0,0.0,1.0000000000000002
2018-10-31,0.014694566292914768,3.0978649833364718,0.0,0.0,1.0000000000000002
2018-11-01,0.01360409425606468,3.140008630562343,0.0,0.0,1.0000000000000002
2018-11-02,-0.003224737248393339,3.1298829277710922,0.0002096735398437743,0.4193470796875486,1.0000000000000002
2018-11-05,0.0007738941019710399,3.132305125708754,0.0,0.0,1.0000000000000002
2018-11-06,0.004429372631555184,3.1461792723062487,0.0,0.0,1.0000000000000002
2018-11-07,0.03125423062481647,3.244510684869925,0.0,0.0,1.0000000000000002
2018-11-08,-0.004229338785554648,3.230788549990258,0.0,0.0,1.0000000000000002
2018-11-09,-0.009568069878605923,3.1998761393809514,0.0,0.0,1.0000000000000002
2018-11-12,-0.02554944086055444,3.1181210931967387,0.0,0.0,1.0000000000000002
2018-11-13,-0.0010878870341447522,3.1147289296885567,0.0,0.0,1.0000000000000002
2018-11-14,-0.009891570646236025,3.0839193684366673,0.0,0.0,1.0000000000000002
2018-11-15,0.008082517108345177,3.108845199492814,0.0,0.0,1.0000000000000002
2018-11-16,-0.0013385869645465842,3.1046837398339795,0.0,0.0,1.0000000000000002
2018-11-19,-0.03076573709435637,3.0091658561331243,0.0,0.0,1.0000000000000002
2018-11-20,-0.02130046302703581,2.9450692300723422,0.0,0.0,1.0000000000000002
2018-11-21,0.005007909408904165,2.9598178699794957,0.0,0.0,1.0000000000000002
2018-11-23,-0.0036058417380558927,2.94914523516688,0.0,0.0,1.0000000000000002
2018-11-26,0.015481306831208519,2.9948018574422948,0.0,0.0,1.0000000000000002
2018-11-27,0.006110402904029311,3.0131013034090026,0.0,0.0,1.0000000000000002
2018-11-28,0.03184333103078374,3.1090484856427416,0.0,0.0,1.0000000000000002
2018-11-29,-0.0008264112715342664,3.1064791329304597,0.0,0.0,1.0000000000000002
2018-11-30,0.0067711735645323845,3.12751364231413,0.0,0.0,1.0000000000000002
2018-12-03,0.016401362714908663,3.178809127957549,0.0,0.0,1.0000000000000002
2018-12-04,-0.03561475162680716,3.0655966303963136,0.00016179738495092363,0.3235947699018473,0.9999999999999999
2018-12-06,0.003187325028917609,3.0753676832649415,0.0,0.0,0.9999999999999999
2018-12-07,-0.03550150845331945,2.966187491460446,0.0,0.0,0.9999999999999999
2018-12-10,0.008494657227259728,2.9913842374721877,0.0,0.0,0.9999999999999999
2018-12-11,-0.0006466014372253914,2.989450004124945,0.0,0.0,0.9999999999999999
2018-12-12,0.010264194088388301,3.0201342991848166,0.0,0.0,0.9999999999999999
2018-12-13,-0.003508012562420615,3.009539630123079,0.0,0.0,0.9999999999999999
2018-12-14,-0.025330437041837017,2.9333066759973327,0.0,0.0,0.9999999999999999
2018-12-17,-0.026003389575206648,2.8570307597578197,0.0,0.0,0.9999999999999999
2018-12-18,0.004616394828717674,2.8702199417826533,0.0,0.0,0.9999999999999999
2018-12-19,-0.016394098941842072,2.8231652720722202,0.0,0.0,0.9999999999999999
2018-12-20,-0.018282395881176527,2.7715510469302065,0.0,0.0,0.9999999999999999
2018-12-21,-0.020145011364901544,2.7157181195913926,0.0,0.0,0.9999999999999999
2018-12-24,-0.02418857724376633,2.6500287620833602,0.0,0.0,0.9999999999999998
2018-12-26,0.05760995056835716,2.802696788071707,0.0,0.0,0.9999999999999999
2018-12-27,0.00957690575802217,2.829537951079381,0.0,0.0,0.9999999999999999
2018-12-28,-0.00042713178283548814,2.828329365489736,0.0,0.0,0.9999999999999999
2018-12-31,0.013917076132592188,2.867691440597303,0.0,0.0,0.9999999999999999
2019-01-02,-0.004493407801421934,2.854805733506052,0.0,0.0,0.9999999999999999
2019-01-03,-0.031135876115183203,2.765918855854693,0.00017796800186893163,0.3559360037378632,1.0
2019-01-04,0.0357201968059917,2.864718021735226,0.0,0.0,1.0
2019-01-07,0.012499196361398734,2.900524694808932,0.0,0.0,1.0
2019-01-08,0.011145641087577207,2.932852902022927,0.0,0.0,1.0
2019-01-09,0.009344043270078872,2.960257606444206,0.0,0.0,1.0
2019-01-10,0.004162523547730501,2.9725797484383785,0.0,0.0,1.0
2019-01-11,0.0015418858722275885,2.9771631271565653,0.0,0.0,1.0
2019-01-14,-0.009065917757699937,2.950172411094507,0.0,0.0,1.0
2019-01-15,0.018826179699946488,3.0057128870515966,0.0,0.0,1.0
2019-01-16,-0.0005679010704248144,3.0040059394856504,0.0,0.0,1.0
2019-01-17,0.009493753029490959,3.032525229974251,0.0,0.0,1.0
2019-01-18,0.011754540046676532,3.06817116923254,0.0,0.0,1.0
2019-01-22,-0.010596213118790554,3.035660173638423,0.0,0.0,1.0
2019-01-23,0.0007397062345364525,3.0379056703947978,0.0,0.0,1.0
2019-01-24,-0.0009002343899785492,3.0351708432367976,0.0,0.0,1.0
2019-01-25,0.00918748278562953,3.0630564231104804,0.0,0.0,1.0
2019-01-28,-0.010593473177810897,3.030608017050138,0.0,0.0,1.0
2019-01-29,-0.001687483482039287,3.0254939160808303,0.0,0.0,1.0
2019-01-30,0.021615893952279253,3.0908926717240996,0.0,0.0,1.0
2019-01-31,0.0105531482544583,3.123511320327423,0.0,0.0,1.0
2019-02-01,0.002287896749190166,3.130657591723259,0.0,0.0,1.0
2019-02-04,0.005185756441667078,3.146892419496192,0.0002812395260152663,0.5624790520305326,1.0000000000000002
2019-02-05,0.0028717388925070253,3.1559294728477942,0.0,0.0,1.0000000000000002
2019-02-06,-0.0003800036695214004,3.1547302080673614,0.0,0.0,1.0000000000000002
2019-02-07,-0.0013549738783880105,3.1504556310420684,0.0,0.0,1.0000000000000002
2019-02-08,0.003973858334660241,3.162975095409462,0.0,0.0,1.0000000000000002
2019-02-11,0.003581353631374684,3.1743028277533543,0.0,0.0,1.0000000000000002
2019-02-12,0.010620081542150439,3.2080141826235735,0.0,0.0,1.0000000000000002
2019-02-13,0.0019912137584698897,3.2144020246013802,0.0,0.0,1.0000000000000002
2019-02-14,0.0026316886402508732,3.222861329894723,0.0,0.0,1.0000000000000002
2019-02-15,0.008911718328758811,3.251582562279394,0.0,0.0,1.0000000000000002
2019-02-19,0.00013157872675528814,3.252010401372879,0.0,0.0,1.0000000000000002
2019-02-20,0.0009241502084318398,3.25501574746313,0.0,0.0,1.0000000000000002
2019-02-21,-0.000677192544847216,3.2528114750655877,0.0,0.0,1.0000000000000002
2019-02-22,0.00868691817805356,3.281068382198116,0.0,0.0,1.0000000000000002
2019-02-25,-0.003105853106064038,3.2708778657720576,0.0,0.0,1.0000000000000002
2019-02-26,0.0009149372201469053,3.2738705136740074,0.0,0.0,1.0000000000000002
2019-02-27,-0.002692372209391891,3.265056035685844,0.0,0.0,1.0000000000000002
2019-02-28,0.002619914962319836,3.27361020484655,0.0,0.0,1.0000000000000002
2019-03-01,0.004858349914566462,3.28951454870559,0.0,0.0,1.0000000000000002
2019-03-04,-0.009243594286254098,3.259107610818625,0.00021418514211277658,0.4283702842255532,1.0
2019-03-05,0.0006956801985247285,3.261374907448333,0.0,0.0,1.0
2019-03-06,-0.0065575313487414855,3.2399883392527418,0.0,0.0,1.0
2019-03-07,-0.0063684713245493185,3.2193545664223366,0.0,0.0,1.0
2019-03-08,-0.004304510975276843,3.205496819357864,0.0,0.0,1.0
2019-03-11,0.012809810532554033,3.2465586262765425,0.0,0.0,1.0
2019-03-12,0.003660228980743696,3.2584417742481233,0.0,0.0,1.0
2019-03-13,0.007734698281756991,3.283644838240605,0.0,0.0,1.0
2019-03-14,-0.0016354292306653972,3.278274669489023,0.0,0.0,1.0
2019-03-15,0.005660967369452541,3.296832875421103,0.0,0.0,1.0
2019-03-18,0.0029566128688653937,3.306580333927071,0.0,0.0,1.0
2019-03-19,0.002158087555586441,3.313716223797266,0.0,0.0,1.0
2019-03-20,-0.0013371565357457316,3.309285266491009,0.0,0.0,1.0
2019-03-21,0.01364587175829568,3.3544433488491623,0.0,0.0,1.0
2019-03-22,-0.015232641748245013,3.3033463150513596,0.0,0.0,1.0
2019-03-25,0.0038276173501796684,3.3159902607205023,0.0,0.0,1.0
2019-03-26,0.004714498145893753,3.331623490656471,0.0,0.0,1.0
2019-03-27,-0.004909719601881801,3.315266153498305,0.0,0.0,1.0
2019-03-28,0.0036405579287348555,3.3273355719792894,0.0,0.0,1.0
2019-03-29,0.008038907623299618,3.3540837152741494,0.0,0.0,1.0
2019-04-01,0.0068854392495922845,3.3771780549337165,0.0,0.0,1.0
2019-04-02,0.00065112479440943,3.379377019300419,0.00023399422094497017,0.4679884418899404,1.0
2019-04-03,0.002521728914327559,3.387898892042403,0.0,0.0,1.0
2019-04-04,-0.0014997787695518738,3.3828177932107293,0.0,0.0,1.0
2019-04-05,0.004748535162423684,3.3988812224498632,0.0,0.0,1.0
2019-04-08,-0.001003202769720546,3.3954714553935506,0.0,0.0,1.0
2019-04-09,-0.004809773001723805,3.3791400084592746,0.0,0.0,1.0
2019-04-10,0.00611083141025115,3.399789363362604,0.0,0.0,1.0
2019-04-11,-0.0028775203170753327,3.3900064003957517,0.0,0.0,1.0
2019-04-12,0.0010355979927205716,3.3935170842193116,0.0,0.0,1.0
2019-04-15,-0.0011955448858254059,3.389459982224312,0.0,0.0,1.0
2019-04-16,-0.007132232545397854,3.3652855654277682,0.0,0.0,1.0
2019-04-17,-0.011265319956572428,3.32737454678799,0.0,0.0,1.0
2019-04-18,0.0022575664911743676,3.3348863160684052,0.0,0.0,1.0
2019-04-22,-0.000957036078102047,3.331694709547559,0.0,0.0,1.0
2019-04-23,0.008906251071781224,3.361367619125315,0.0,0.0,1.0
2019-04-24,0.0023940023953124,3.3694147412570263,0.0,0.0,1.0
2019-04-25,0.0017992859814623952,3.3754772819667025,0.0,0.0,1.0
2019-04-26,0.005070244429830284,3.3925917768536125,0.0,0.0,1.0
2019-04-29,-0.0026734612559283777,3.3835218141810133,0.0,0.0,1.0
2019-04-30,0.006438100247097234,3.405305266808951,0.0,0.0,1.0
2019-05-01,-0.01393387850499439,3.357856156948818,0.0,0.0,1.0
2019-05-02,0.003325596879051984,3.3690230329046726,0.0001998808240938371,0.3997616481876742,1.0000000000000002
2019-05-03,0.005884285647464793,3.3888473267831722,0.0,0.0,1.0000000000000002
2019-05-06,-0.0016684502668538048,3.3831932035564742,0.0,0.0,1.0000000000000002
2019-05-07,-0.017917805664834918,3.322573805208559,0.0,0.0,1.0000000000000002
2019-05-08,0.001052280052650456,3.326070083347239,0.0,0.0,1.0000000000000002
2019-05-09,0.0003125670305206274,3.3271097031964945,0.0,0.0,1.0000000000000002
2019-05-10,0.00451377382896867,3.3421275239008907,0.0,0.0,1.0000000000000002
2019-05-13,-0.022036731296162237,3.268477957699179,0.0,0.0,1.0000000000000002
2019-05-14,0.011426819063059757,3.305826263933407,0.0,0.0,1.0000000000000002
2019-05-15,0.005859695412490096,3.325197398926667,0.0,0.0,1.0000000000000002
2019-05-16,0.01088877855349013,3.361404737050221,0.0,0.0,1.0000000000000002
2019-05-17,-0.004234591374118746,3.3471705615457865,0.0,0.0,1.0000000000000002
2019-05-20,-0.005458485348557196,3.3289000800764668,0.0,0.0,1.0000000000000002
2019-05-21,0.009407124080536233,3.3602154561814532,0.0,0.0,1.0000000000000002
2019-05-22,0.00015780171086743344,3.3607457039293216,0.0,0.0,1.0000000000000002
2019-05-23,-0.012990665590349337,3.3170873803553724,0.0,0.0,1.0000000000000002
2019-05-24,0.001091838101558107,3.320709102743442,0.0,0.0,1.0000000000000002
2019-05-28,-0.004708070300093348,3.305074970841566,0.0,0.0,1.0000000000000002
2019-05-29,-0.007599176713258826,3.2799591220875723,0.0,0.0,1.0000000000000002
2019-05-30,0.008751747081092942,3.3086644947604067,0.0,0.0,1.0000000000000002
2019-05-31,-0.00917356272341896,3.278312253486973,0.0,0.0,1.0000000000000002
2019-06-03,-0.0035720470941028593,3.266601967728343,0.0,0.0,1.0000000000000002
2019-06-04,0.01850388851811613,3.327046806372247,0.00031064962307712833,0.6212992461542566,0.9999999999999999
2019-06-05,0.014455759395276102,3.3751417945019857,0.0,0.0,0.9999999999999999
2019-06-06,0.008769848323925578,3.40474127611151,0.0,0.0,0.9999999999999999
2019-06-07,0.011027097237765293,3.442285689232625,0.0,0.0,0.9999999999999999
2019-06-10,0.0005248839524576443,3.4440924897506773,0.0,0.0,0.9999999999999999
2019-06-11,-0.0021298508764802104,3.436757086342703,0.0,0.0,0.9999999999999999
2019-06-12,0.00349871415194003,3.44878131699747,0.0,0.0,0.9999999999999999
2019-06-13,0.0008977937690655136,3.45187761137474,0.0,0.0,0.9999999999999999
2019-06-14,-9.555982109554773e-05,3.451547750567753,0.0,0.0,0.9999999999999999
2019-06-17,-0.0031807758380557605,3.440569150878851,0.0,0.0,0.9999999999999999
2019-06-18,0.007609259972139126,3.4667493360000106,0.0,0.0,0.9999999999999999
2019-06-19,0.007761277629114938,3.4936557400672563,0.0,0.0,0.9999999999999999
2019-06-20,0.006832097021816752,3.517524735044223,0.0,0.0,0.9999999999999999
2019-06-21,-0.0029280011786865234,3.5072254184739546,0.0,0.0,0.9999999999999999
2019-06-24,-0.0010396813395588955,3.5035790216527407,0.0,0.0,0.9999999999999999
2019-06-25,-0.008022942491044738,3.47547000864919,0.0,0.0,0.9999999999999999
2019-06-26,-0.0073752108122912,3.4498376846636067,0.0,0.0,0.9999999999999999
2019-06-27,0.0037297708382832973,3.462704788656676,0.0,0.0,0.9999999999999999
2019-06-28,0.004761344767844289,3.479191919984736,0.0,0.0,0.9999999999999999
2019-07-01,0.00828535157929311,3.5080182482536455,0.0,0.0,0.9999999999999999
2019-07-02,0.00632055431128653,3.530190868116717,0.0002545803693789782,0.5091607387579564,1.0000000000000002
2019-07-03,0.009597884148514035,3.5640732310910437,0.0,0.0,1.0000000000000002
2019-07-05,-0.002824991721690817,3.5540047537177117,0.0,0.0,1.0000000000000002
2019-07-08,-0.001694127519500599,3.5479838164600026,0.0,0.0,1.0000000000000002
2019-07-09,0.0016788920817389918,3.553940498395596,0.0,0.0,1.0000000000000002
2019-07-10,0.005126526907539564,3.5721598699884156,0.0,0.0,1.0000000000000002
2019-07-11,-0.00010666181027985111,3.5717788569500737,0.0,0.0,1.0000000000000002
2019-07-12,0.0036285481283737653,3.584739228436425,0.0,0.0,1.0000000000000002
2019-07-15,0.002687954462889719,3.5943748442437964,0.0,0.0,1.0000000000000002
2019-07-16,-0.0022291496126969346,3.5863624449518627,0.0,0.0,1.0000000000000002
2019-07-17,-0.007196202718582456,3.560554253775678,0.0,0.0,1.0000000000000002
2019-07-18,0.0058890301879890306,3.581522465262136,0.0,0.0,1.0000000000000002
2019-07-19,-0.010105817648844106,3.545328252322958,0.0,0.0,1.0000000000000002
2019-07-22,0.001619731298621474,3.551070731457133,0.0,0.0,1.0000000000000002
2019-07-23,0.0022371718563651832,3.5590150869575106,0.0,0.0,1.0000000000000002
2019-07-24,0.003434470451718852,3.571238419110888,0.0,0.0,1.0000000000000002
2019-07-25,-0.003918884823435942,3.557243147069363,0.0,0.0,1.0000000000000002
2019-07-26,0.006400841204065477,3.580012495578004,0.0,0.0,1.0000000000000002
2019-07-29,0.00012682799812879786,3.580466541396094,0.0,0.0,1.0000000000000002
2019-07-30,-0.001967766420780337,3.5734210195652074,0.0,0.0,1.0000000000000002
2019-07-31,-0.012490534216483495,3.528787082050427,0.0,0.0,1.0000000000000002
2019-08-01,-0.005476650289165441,3.509461149257112,0.0,0.0,1.0000000000000002
2019-08-02,-0.005681863013781596,3.4895208717548445,0.00027090923716191094,0.5418184743238219,1.0000000000000002
2019-08-05,-0.025862012672738355,3.399274838747736,0.0,0.0,1.0000000000000002
2019-08-06,0.017941068908450486,3.460261462868471,0.0,0.0,1.0000000000000002
2019-08-07,0.003760267226968983,3.473272970644039,0.0,0.0,1.0000000000000002
2019-08-08,0.022472775087551078,3.5513270529309926,0.0,0.0,1.0000000000000002
2019-08-09,-0.0009449935901090223,3.547971071629592,0.0,0.0,1.0000000000000002
2019-08-12,-0.01361688027718888,3.4996587743202823,0.0,0.0,1.0000000000000002
2019-08-13,0.012382027666267392,3.5429916460864113,0.0,0.0,1.0000000000000002
2019-08-14,-0.027831328694526092,3.4443854810222203,0.0,0.0,1.0000000000000002
2019-08-15,0.008011840180431218,3.471981347015968,0.0,0.0,1.0000000000000002
2019-08-16,0.012298692844678882,3.5146821791653715,0.0,0.0,1.0000000000000002
2019-08-19,0.011629316972716186,3.555555532285242,0.0,0.0,1.0000000000000002
2019-08-20,-0.006230833909308342,3.5334014563082503,0.0,0.0,1.0000000000000002
2019-08-21,0.008146257439327398,3.5621854542078317,0.0,0.0,1.0000000000000002
2019-08-22,-0.001573860016675921,3.5565790729494693,0.0,0.0,1.0000000000000002
2019-08-23,-0.023107220954037944,3.4743964144703186,0.0,0.0,1.0000000000000002
2019-08-26,0.013298335727568666,3.520600104440606,0.0,0.0,1.0000000000000002
2019-08-27,0.0010924206020372917,3.5244460805262317,0.0,0.0,1.0000000000000002
2019-08-28,0.004242676494227382,3.539399165067252,0.0,0.0,1.0000000000000002
2019-08-29,0.01333073019873865,3.586581940402404,0.0,0.0,1.0000000000000002
2019-08-30,-0.0063516036376883855,3.5638013935028767,0.0,0.0,1.0000000000000002
2019-09-03,-0.004519399220090925,3.547695152264521,0.0,0.0,1.0000000000000002
2019-09-04,0.007762784052066429,3.5752351436141137,0.0002941033767357171,0.5882067534714343,1.0
2019-09-05,0.005941074034577554,3.5964758802933483,0.0,0.0,1.0
2019-09-06,0.0023114209369810013,3.6047888499424054,0.0,0.0,1.0
2019-09-09,-0.018656962104621422,3.537534440973868,0.0,0.0,1.0
2019-09-10,-0.01620737793525795,3.480200283330013,0.0,0.0,1.0
2019-09-11,0.0022417001020702543,3.488001848660379,0.0,0.0,1.0
2019-09-12,0.0078057494546956985,3.5152283171885372,0.0,0.0,1.0
2019-09-13,-0.004966198655693366,3.4977709950452605,0.0,0.0,1.0
2019-09-16,-0.004799363196180906,3.480983921662971,0.0,0.0,1.0
2019-09-17,0.014503292690170921,3.531469650328628,0.0,0.0,1.0
2019-09-18,0.001388204348912181,3.536372051855265,0.0,0.0,1.0
2019-09-19,0.002194193275413703,3.5441315356308065,0.0,0.0,1.0
2019-09-20,-0.002707218064487704,3.534536798714626,0.0,0.0,1.0
2019-09-23,0.0027306202784247446,3.5441882765720347,0.0,0.0,1.0
2019-09-24,-0.003551903870610107,3.5315996605143076,0.0,0.0,1.0
2019-09-25,0.0002831434553536294,3.5325996098451116,0.0,0.0,1.0
2019-09-26,0.0027686791673640077,3.5423802447915276,0.0,0.0,1.0
2019-09-27,-0.01108457865239243,3.5031144523514546,0.0,0.0,1.0
2019-09-30,0.006307939980556565,3.525211888061908,0.0,0.0,1.0
2019-10-01,-0.008825211127352128,3.4941011488811102,0.0,0.0,1.0
2019-10-02,-0.014983331893906326,3.441747871696545,0.0002527990945265424,0.5055981890530848,1.0
2019-10-03,0.009309398379968581,3.473788473757577,0.0,0.0,1.0
2019-10-04,0.016233487307674155,3.5301801748558654,0.0,0.0,1.0
2019-10-07,-0.007010308105649954,3.5054325241616686,0.0,0.0,1.0
2019-10-08,-0.011524652919273959,3.465033630988771,0.0,0.0,1.0
2019-10-09,0.01167270107630336,3.505479932782641,0.0,0.0,1.0
2019-10-10,0.0032798617345497494,3.5169774222754073,0.0,0.0,1.0
2019-10-11,0.002723258914743898,3.5265550623935717,0.0,0.0,1.0
2019-10-14,-0.0031331585079357183,3.5155058063961295,0.0,0.0,1.0
2019-10-15,0.0030235435047216708,3.52613509114287,0.0,0.0,1.0
2019-10-16,-0.0024613150651129345,3.517456161721417,0.0,0.0,1.0
2019-10-17,0.002589655578249639,3.526565161691867,0.0,0.0,1.0
2019-10-18,-0.0013734104641166534,3.5217217401964103,0.0,0.0,1.0
2019-10-21,0.0012497933768482739,3.5261231647024105,0.0,0.0,1.0
2019-10-22,-0.01433070004013759,3.4755913513244794,0.0,0.0,1.0
2019-10-23,-0.0018902603487496172,3.4690215788046137,0.0,0.0,1.0
2019-10-24,0.010253105908480054,3.5045898244509,0.0,0.0,1.0
2019-10-25,-0.001044579682727198,3.5009290011239864,0.0,0.0,1.0
2019-10-28,0.0018488612991971465,3.5074017332654015,0.0,0.0,1.0
2019-10-29,0.002915930267314515,3.5176290721390613,0.0,0.0,1.0
2019-10-30,0.004512155695067577,3.533501162190049,0.0,0.0,1.0
2019-10-31,-0.0026728218882015042,3.524056742941762,0.0,0.0,1.0
2019-11-01,-0.0006725069747233192,3.5216867902028133,0.0,0.0,1.0
2019-11-04,-0.009243257262803839,3.489134933201951,0.00035485499481610866,0.7097099896322174,1.0000000000000002
2019-11-05,-0.0071571367065571545,3.4641627174974,0.0,0.0,1.0000000000000002
2019-11-06,0.0061665410970725976,3.4855246192617946,0.0,0.0,1.0000000000000002
2019-11-07,-0.00424036680247819,3.4707447163770566,0.0,0.0,1.0000000000000002
2019-11-08,0.00184381352644869,3.477144122431963,0.0,0.0,1.0000000000000002
2019-11-11,-0.00017410593468569768,3.47653873100449,0.0,0.0,1.0000000000000002
2019-11-12,0.004768429089276882,3.4931163594194095,0.0,0.0,1.0000000000000002
2019-11-13,0.006133530049728053,3.5145414935771053,0.0,0.0,1.0000000000000002
2019-11-14,0.003889225859810219,3.528210339239301,0.0,0.0,1.0000000000000002
2019-11-15,0.008097484700840152,3.5567799684826373,0.0,0.0,1.0000000000000002
2019-11-18,0.002188994888000284,3.564565741651388,0.0,0.0,1.0000000000000002
2019-11-19,-0.00063573204837164,3.5622996329708925,0.0,0.0,1.0000000000000002
2019-11-20,0.0014441940624565497,3.56744428494952,0.0,0.0,1.0000000000000002
2019-11-21,-0.010294721349398572,3.5307184401064604,0.0,0.0,1.0000000000000002
2019-11-22,-0.0006925072399932564,3.528273392024309,0.0,0.0,1.0000000000000002
2019-11-25,0.0073678036062236885,3.5542690174458085,0.0,0.0,1.0000000000000002
2019-11-26,0.003667378832896695,3.56730386840681,0.0,0.0,1.0000000000000002
2019-11-27,0.0036876959276526122,3.5804590003550327,0.0,0.0,1.0000000000000002
2019-11-29,-0.004217224339134629,3.565359401513462,0.0,0.0,1.0000000000000002
2019-12-02,-0.012019774951197437,3.5225045838871343,0.0,0.0,1.0000000000000002
2019-12-03,-0.002987394635862173,3.5119814725884297,0.00031073757283160317,0.6214751456632064,0.9999999999999999
2019-12-04,0.006106479593591896,3.533427315783864,0.0,0.0,0.9999999999999999
2019-12-05,0.0017280623995301614,3.5395332986697428,0.0,0.0,0.9999999999999999
2019-12-06,0.004427882366863756,3.5552059357498496,0.0,0.0,0.9999999999999999
2019-12-09,-0.0019209508364901318,3.548376559933676,0.0,0.0,0.9999999999999999
2019-12-10,0.00012244706378172765,3.5488110482246316,0.0,0.0,0.9999999999999999
2019-12-11,0.006716976646810258,3.572648329159499,0.0,0.0,0.9999999999999999
2019-12-12,0.005883189172283032,3.593666895125985,0.0,0.0,0.9999999999999999
2019-12-13,9.456946329589044e-06,3.593700880240939,0.0,0.0,0.9999999999999999
2019-12-16,0.006645380488806696,3.6175823899530997,0.0,0.0,0.9999999999999999
2019-12-17,0.0007089905529962248,3.620147221692262,0.0,0.0,0.9999999999999999
2019-12-18,-0.0014129588015702188,3.615032102812392,0.0,0.0,0.9999999999999999
2019-12-19,0.005875702811752648,3.6362729571034627,0.0,0.0,0.9999999999999999
2019-12-20,0.008384395263423938,3.6667609068615175,0.0,0.0,0.9999999999999999
2019-12-23,-0.0015983290165934028,3.6609002165071702,0.0,0.0,0.9999999999999999
2019-12-24,0.002471900782783365,3.669949598618046,0.0,0.0,0.9999999999999999
2019-12-26,0.0026147539424323796,3.679545613799561,0.0,0.0,0.9999999999999999
2019-12-27,-0.0004961736930599869,3.6777199200635793,0.0,0.0,0.9999999999999999
2019-12-30,-0.004861246599483726,3.6598416166083165,0.0,0.0,0.9999999999999999
2019-12-31,0.002213456914068601,3.6679425183389944,0.0,0.0,0.9999999999999999
2020-01-02,0.008723204821668551,3.6999387322005726,0.0,0.0,0.9999999999999999
2020-01-03,-0.002655683404298226,3.690112866312547,0.0002579919899891272,0.5159839799782544,1.0
2020-01-06,0.000420663959247225,3.691665163800959,0.0,0.0,1.0
2020-01-07,0.0011231606280017736,3.695811496764706,0.0,0.0,1.0
2020-01-08,0.003022582498074744,3.7069823919110103,0.0,0.0,1.0
2020-01-09,0.007000272364886317,3.732932278306225,0.0,0.0,1.0
2020-01-10,-0.001529932694907754,3.727221143165768,0.0,0.0,1.0
2020-01-13,0.011020820076106164,3.7682981767684565,0.0,0.0,1.0
2020-01-14,-0.0017250020557352252,3.7617978546669075,0.0,0.0,1.0
2020-01-15,0.001944609492279037,3.7691130824831274,0.0,0.0,1.0
2020-01-16,0.00938486769592628,3.804485710093217,0.0,0.0,1.0
2020-01-17,0.005329981002464734,3.8247635466521626,0.0,0.0,1.0
2020-01-21,-0.00016609628556096823,3.8241282676339146,0.0,0.0,1.0
2020-01-22,0.0010748553836601449,3.8282386524901875,0.0,0.0,1.0
2020-01-23,0.0034229451721670134,3.8413425035036317,0.0,0.0,1.0
2020-01-24,-0.009431047353488653,3.8051146204521205,0.0,0.0,1.0
2020-01-27,-0.015710273128028862,3.745335230481362,0.0,0.0,1.0
2020-01-28,0.013259592469316184,3.794996849298517,0.0,0.0,1.0
2020-01-29,-0.0008840707285135974,3.791641803669251,0.0,0.0,1.0
2020-01-30,0.0022895741818795834,3.800323048849868,0.0,0.0,1.0
2020-01-31,-0.022883445984569817,3.7133585616375964,0.0,0.0,1.0
2020-02-03,0.009097459394465268,3.7471406903691844,0.0,0.0,1.0
2020-02-04,0.01891666401013259,3.8180240918075947,0.00024003553244567833,0.48007106489135665,1.0
2020-02-05,0.005073933843591671,3.8373964934626654,0.0,0.0,1.0
2020-02-06,0.0028618449925050804,3.8483785274017377,0.0,0.0,1.0
2020-02-07,-0.007564535095288982,3.8192673329712505,0.0,0.0,1.0
2020-02-10,0.01158502985270804,3.863513659039195,0.0,0.0,1.0
2020-02-11,0.004864162154921026,3.882306415964514,0.0,0.0,1.0
2020-02-12,0.00890854556205567,3.9168921195569952,0.0,0.0,1.0
2020-02-13,0.0028417902711646015,3.9280231054755537,0.0,0.0,1.0
2020-02-14,0.0019089066891817552,3.9355213350568565,0.0,0.0,1.0
2020-02-18,-0.0036075460502262846,3.921323760608991,0.0,0.0,1.0
2020-02-19,0.00951348914883643,3.958629231654619,0.0,0.0,1.0
2020-02-20,-0.005614128528841911,3.9364049783500796,0.0,0.0,1.0
2020-02-21,-0.015491623639683927,3.875423673932102,0.0,0.0,1.0
2020-02-24,-0.03352713323404777,3.745491828077798,0.0,0.0,1.0
2020-02-25,-0.03416010150592641,3.617545447041042,0.0,0.0,1.0
2020-02-26,-0.004899074856483221,3.599822821099258,0.0,0.0,1.0
2020-02-27,-0.04104950522725315,3.452051875387359,0.0,0.0,1.0
2020-02-28,-0.003295869576560251,3.440674362634562,0.0,0.0,1.0
2020-03-02,0.04383293613823391,3.5914892222443813,0.0,0.0,1.0
2020-03-03,-0.020158774207764463,3.519089201943537,0.0002741004113598071,0.5482008227196142,0.9999999999999999
2020-03-04,0.04782349745865955,3.6873843554494803,0.0,0.0,0.9999999999999999
2020-03-05,-0.03234459165870651,3.568117414183764,0.0,0.0,0.9999999999999999
2020-03-06,-0.018812521425181528,3.500992128881869,0.0,0.0,0.9999999999999999
2020-03-09,-0.07259954619880504,3.246821689079457,0.0,0.0,0.9999999999999999
2020-03-10,0.051691085015300064,3.414653425039183,0.0,0.0,0.9999999999999999
2020-03-11,-0.05011968197798711,3.2435120813111746,0.0,0.0,0.9999999999999999
2020-03-12,-0.09522857796458273,2.9346370381969673,0.0,0.0,0.9999999999999999
2020-03-13,0.08028164338357024,3.170234522357713,0.0,0.0,0.9999999999999999
2020-03-16,-0.12803824253165763,2.7643232657018424,0.0,0.0,0.9999999999999999
2020-03-17,0.0728346070412833,2.9656616644943132,0.0,0.0,0.9999999999999999
2020-03-18,-0.058528647511837506,2.792085498293756,0.0,0.0,0.9999999999999999
2020-03-19,0.0030446880331589377,2.8005865275979676,0.0,0.0,0.9999999999999999
2020-03-20,-0.0400946203288558,2.6882980740758184,0.0,0.0,0.9999999999999999
2020-03-23,-0.01810505135695384,2.6396262993818755,0.0,0.0,0.9999999999999998
2020-03-24,0.1027684886076361,2.9108967046583185,0.0,0.0,0.9999999999999999
2020-03-25,0.01524385707750664,2.955269997991515,0.0,0.0,0.9999999999999999
2020-03-26,0.06536267270495566,3.1484343436250097,0.0,0.0,0.9999999999999999
2020-03-27,-0.028871959850457096,3.0575328736640683,0.0,0.0,0.9999999999999999
2020-03-30,0.032527294881360636,3.1569861470551936,0.0,0.0,0.9999999999999999
2020-03-31,-0.027211342199533473,3.071080316688488,0.0,0.0,0.9999999999999999
2020-04-01,-0.04584044946730237,2.9303006146213026,0.0,0.0,0.9999999999999999
2020-04-02,0.02288518076245727,2.997361073875251,0.0002471965356155671,0.4943930712311342,1.0000000000000002
2020-04-03,-0.016981359817955566,2.946461806975442,0.0,0.0,1.0000000000000002
2020-04-06,0.07769519879886788,3.17538774282167,0.0,0.0,1.0000000000000002
2020-04-07,-0.009214051237289467,3.1461295574610504,0.0,0.0,1.0000000000000002
2020-04-08,0.03677059679048633,3.261814618869082,0.0,0.0,1.0000000000000002
2020-04-09,0.015319700586629903,3.3117846421992483,0.0,0.0,1.0000000000000002
2020-04-13,-0.012469360535035556,3.270488805481272,0.0,0.0,1.0000000000000002
2020-04-14,0.036471572609322545,3.389768675418359,0.0,0.0,1.0000000000000002
2020-04-15,-0.022545641956595364,3.3133441645466943,0.0,0.0,1.0000000000000002
2020-04-16,0.013639954114322839,3.3585380269160705,0.0,0.0,1.0000000000000002
2020-04-17,0.023267824495064815,3.4366839002863547,0.0,0.0,1.0000000000000002
2020-04-20,-0.02298698192678117,3.3576849095824124,0.0,0.0,1.0000000000000002
2020-04-21,-0.031489939679400836,3.251951614317228,0.0,0.0,1.0000000000000002
2020-04-22,0.027245876628941623,3.340553886804203,0.0,0.0,1.0000000000000002
2020-04-23,-0.006126101568824094,3.32008931439751,0.0,0.0,1.0000000000000002
2020-04-24,0.015151671184426618,3.3703942159921896,0.0,0.0,1.0000000000000002
2020-04-27,0.014669683359994856,3.4198368319391528,0.0,0.0,1.0000000000000002
2020-04-28,-0.005492662193367415,3.4010528234648754,0.0,0.0,1.0000000000000002
2020-04-29,0.018832499488474097,3.4651031490230513,0.0,0.0,1.0000000000000002
2020-04-30,-0.01311929769591691,3.419643429263959,0.0,0.0,1.0000000000000002
2020-05-01,-0.021705977433394308,3.3454167261581,0.0,0.0,1.0000000000000002
2020-05-04,0.00553354478866841,3.3639287394490567,0.0003776889251034701,0.7553778502069403,1.0000000000000002
2020-05-05,0.01627336328514728,3.4186711738914584,0.0,0.0,1.0000000000000002
2020-05-06,-0.010485567651220107,3.3828244660203435,0.0,0.0,1.0000000000000002
2020-05-07,0.005466117978604634,3.401315383652521,0.0,0.0,1.0000000000000002
2020-05-08,0.011745325481093749,3.441264939897371,0.0,0.0,1.0000000000000002
2020-05-11,0.010789980091711948,3.47839612008917,0.0,0.0,1.0000000000000002
2020-05-12,-0.016215221848949857,3.4219931553233978,0.0,0.0,1.0000000000000002
2020-05-13,-0.008638328398751116,3.3924328546694356,0.0,0.0,1.0000000000000002
2020-05-14,0.008651695606736842,3.421783151094329,0.0,0.0,1.0000000000000002
2020-05-15,0.006959127482680794,3.445595776260884,0.0,0.0,1.0000000000000002
2020-05-18,0.012067101169551675,3.4871741290824043,0.0,0.0,1.0000000000000002
2020-05-19,-0.005994997154867954,3.466268530100026,0.0,0.0,1.0000000000000002
2020-05-20,0.00524173212488499,3.4844377812077294,0.0,0.0,1.0000000000000002
2020-05-21,-0.011161953790905121,3.4455446477066047,0.0,0.0,1.0000000000000002
2020-05-22,0.007309781810865168,3.470730827300934,0.0,0.0,1.0000000000000002
2020-05-26,-0.0069117702316562335,3.4467419332867038,0.0,0.0,1.0000000000000002
2020-05-27,0.016768197219668712,3.5045375817893576,0.0,0.0,1.0000000000000002
2020-05-28,0.009598199064971835,3.5381748311300467,0.0,0.0,1.0000000000000002
2020-05-29,0.012702423035792831,3.5831182246096556,0.0,0.0,1.0000000000000002
2020-06-01,-0.0005484308121560533,3.5811531321716816,0.0,0.0,1.0000000000000002
2020-06-02,0.0016362543029553311,3.5870128093937397,0.0003363296258186316,0.6726592516372633,0.9999999999999999
2020-06-03,0.000536192334553709,3.588936138166083,0.0,0.0,0.9999999999999999
2020-06-04,-0.00978850401326603,3.5538058223742888,0.0,0.0,0.9999999999999999
2020-06-05,0.013497424476747621,3.601773048066812,0.0,0.0,0.9999999999999999
2020-06-08,0.003494701379944898,3.6143601693081395,0.0,0.0,0.9999999999999999
2020-06-09,0.0020602048019171537,3.6218064914848065,0.0,0.0,0.9999999999999999
2020-06-10,0.005981160804468422,3.643469098513045,0.0,0.0,0.9999999999999999
2020-06-11,-0.04953828606294264,3.462977884049414,0.0,0.0,0.9999999999999999
2020-06-12,0.007386342443276295,3.4885566245744952,0.0,0.0,0.9999999999999999
2020-06-15,0.011487591601017533,3.528631738354631,0.0,0.0,0.9999999999999999
2020-06-16,0.01731156551364399,3.5897178778666805,0.0,0.0,0.9999999999999999
2020-06-17,0.0035697892778192575,3.6025324142574853,0.0,0.0,0.9999999999999999
2020-06-18,-0.004260830955304495,3.5871826326293292,0.0,0.0,0.9999999999999999
2020-06-19,0.008779343326610123,3.6186757405364354,0.0,0.0,0.9999999999999999
2020-06-22,0.004103637460734388,3.6335254738635516,0.0,0.0,0.9999999999999999
2020-06-23,-0.0016692378327370916,3.6274602556763647,0.0,0.0,0.9999999999999999
2020-06-24,-0.01886690039668204,3.559021324339596,0.0,0.0,0.9999999999999999
2020-06-25,0.011367726451719573,3.599479305190525,0.0,0.0,0.9999999999999999
2020-06-26,-0.015589522383648302,3.5433651419927785,0.0,0.0,0.9999999999999999
2020-06-29,0.007234621483575676,3.569000047573193,0.0,0.0,0.9999999999999999
2020-06-30,0.021742595862192404,3.6465993732397224,0.0,0.0,0.9999999999999999
2020-07-01,0.0037143072110639164,3.660143963587608,0.0,0.0,0.9999999999999999
2020-07-02,0.004334045469561065,3.676007193950936,0.0002782522376430115,0.556504475286023,1.0000000000000002
2020-07-06,0.015269014246722445,3.732136200166427,0.0,0.0,1.0000000000000002
2020-07-07,-0.0045938843024226905,3.714991198261979,0.0,0.0,1.0000000000000002
2020-07-08,0.009842316178285904,3.7515553162348225,0.0,0.0,1.0000000000000002
2020-07-09,0.0021501309825082693,3.759621651552852,0.0,0.0,1.0000000000000002
2020-07-10,-0.0006276701956140496,3.757261849095387,0.0,0.0,1.0000000000000002
2020-07-13,-0.02017520418676022,3.6814583241067633,0.0,0.0,1.0000000000000002
2020-07-14,0.01768061674963506,3.746548777815049,0.0,0.0,1.0000000000000002
2020-07-15,0.0013281671186802235,3.7515248207102743,0.0,0.0,1.0000000000000002
2020-07-16,-0.0021887466916220566,3.7433136831704066,0.0,0.0,1.0000000000000002
2020-07-17,0.00853573277493802,3.775265608462718,0.0,0.0,1.0000000000000002
2020-07-20,0.014464405592915286,3.8298725814445067,0.0,0.0,1.0000000000000002
2020-07-21,-0.006486195924410798,3.8050312775157287,0.0,0.0,1.0000000000000002
2020-07-22,0.008463840804124212,3.837236456503335,0.0,0.0,1.0000000000000002
2020-07-23,-0.013913618029758879,3.783846614157682,0.0,0.0,1.0000000000000002
2020-07-24,-0.0066355110210579715,3.7587388582474457,0.0,0.0,1.0000000000000002
2020-07-27,0.013217058564225281,3.8084183298645313,0.0,0.0,1.0000000000000002
2020-07-28,-0.007889714346024479,3.7783709971317365,0.0,0.0,1.0000000000000002
2020-07-29,0.016522916983963576,3.84080070745196,0.0,0.0,1.0000000000000002
2020-07-30,-0.00040035588841114134,3.8392630202725178,0.0,0.0,1.0000000000000002
2020-07-31,0.0038863791228123112,3.85418385192149,0.0,0.0,1.0000000000000002
2020-08-03,0.005712777752770126,3.876201947685833,0.0,0.0,1.0000000000000002
2020-08-04,0.004774562692891449,3.8947091168953665,0.0002610344930410525,0.522068986082105,1.0000000000000002
2020-08-05,0.0023117826572223166,3.9037128378867307,0.0,0.0,1.0000000000000002
2020-08-06,0.0011540063520794064,3.9082177472983464,0.0,0.0,1.0000000000000002
2020-08-07,-0.004358136070465313,3.8911852025626126,0.0,0.0,1.0000000000000002
2020-08-10,-0.008809688308831998,3.8569050737760966,0.0,0.0,1.0000000000000002
2020-08-11,-0.016124630048618527,3.794713906328817,0.0,0.0,1.0000000000000002
2020-08-12,0.02276862502939614,3.881114324355853,0.0,0.0,1.0000000000000002
2020-08-13,0.003273441507447572,3.893818925080349,0.0,0.0,1.0000000000000002
2020-08-14,-0.001412893158400097,3.8883173749610545,0.0,0.0,1.0000000000000002
2020-08-17,0.013598710398790015,3.9411934768817334,0.0,0.0,1.0000000000000002
2020-08-18,0.0009539204228696807,3.944953061829812,0.0,0.0,1.0000000000000002
2020-08-19,-0.0020200414269319067,3.936984093217614,0.0,0.0,1.0000000000000002
2020-08-20,0.0034141554215458836,3.9504255688040124,0.0,0.0,1.0000000000000002
2020-08-21,0.0011008635112539356,3.954774448166633,0.0,0.0,1.0000000000000002
2020-08-24,-0.0014975028663684053,3.948852162094663,0.0,0.0,1.0000000000000002
2020-08-25,0.006694030542530038,3.97528589907566,0.0,0.0,1.0000000000000002
2020-08-26,0.015399396038827229,4.036502901003091,0.0,0.0,1.0
2020-08-27,-0.0066265556729901975,4.009754789805408,0.0,0.0,1.0
2020-08-28,0.00277904513952687,4.020898079364711,0.0,0.0,1.0
2020-08-31,0.005438024354943005,4.04276382104904,0.0,0.0,1.0
2020-09-01,0.007438924606044894,4.07283763631387,0.0,0.0,1.0
2020-09-02,0.017778870406976788,4.145248088838552,0.00020994499468359165,0.41988998936718325,1.0
2020-09-03,-0.04502437445405294,3.958610886681738,0.0,0.0,1.0000000000000002
2020-09-04,-0.017396119362375506,3.8897464191878233,0.0,0.0,1.0000000000000002
2020-09-08,-0.028789355559788232,3.777763126488412,0.0,0.0,1.0000000000000002
2020-09-09,0.025763572043984162,3.875091798962803,0.0,0.0,1.0000000000000002
2020-09-10,-0.016703810730640645,3.8103629989890706,0.0,0.0,1.0000000000000002
2020-09-11,-0.0013232341810247572,3.8053209964266963,0.0,0.0,1.0000000000000002
2020-09-14,0.013831834362089124,3.85795556614385,0.0,0.0,1.0000000000000002
2020-09-15,0.00873760395524692,3.891664853957755,0.0,0.0,1.0000000000000002
2020-09-16,-0.008271296996148036,3.8594757381411995,0.0,0.0,1.0000000000000002
2020-09-17,-0.008897417715466927,3.825136370336247,0.0,0.0,1.0000000000000002
2020-09-18,-0.005913217610519328,3.802517506588537,0.0,0.0,1.0000000000000002
2020-09-21,-0.0036004471155705042,3.788826743400034,0.0,0.0,1.0000000000000002
2020-09-22,0.012998971070863563,3.8380775926300053,0.0,0.0,1.0000000000000002
2020-09-23,-0.023582501175318682,3.7475661232908437,0.0,0.0,1.0000000000000002
2020-09-24,0.004182651828520179,3.763240887588926,0.0,0.0,1.0000000000000002
2020-09-25,0.016886785438067653,3.826789929009404,0.0,0.0,1.0000000000000002
2020-09-28,0.016473715293563673,3.8898313767881816,0.0,0.0,1.0000000000000002
2020-09-29,0.0005438931943806402,3.891947029601305,0.0,0.0,1.0000000000000002
2020-09-30,0.008846476289123162,3.9263770467171963,0.0,0.0,1.0000000000000002
2020-10-01,0.009045248557690178,3.961892103035963,0.0,0.0,1.0000000000000002
2020-10-02,-0.01575583093449151,3.8994692008798313,0.00017880366806178488,0.35760733612356976,1.0000000000000002
2020-10-05,0.019229600545014325,3.9744544359503364,0.0,0.0,1.0000000000000002
2020-10-06,-0.015262272399493071,3.9137952297094887,0.0,0.0,1.0000000000000002
2020-10-07,0.021325874084216823,3.9972603339696815,0.0,0.0,1.0000000000000002
2020-10-08,0.0028952538744073664,4.008833417438622,0.0,0.0,1.0000000000000002
2020-10-09,0.012223236639050228,4.057834336946507,0.0,0.0,1.0000000000000002
2020-10-12,0.013030236661492944,4.110708878690052,0.0,0.0,1.0000000000000002
2020-10-13,0.005853058275787415,4.134769097311822,0.0,0.0,1.0000000000000002
2020-10-14,-0.007481725030219488,4.103833891862286,0.0,0.0,1.0000000000000002
2020-10-15,-0.004662448284830756,4.084699978571942,0.0,0.0,1.0000000000000002
2020-10-16,0.0010059707283192054,4.088809067184352,0.0,0.0,1.0000000000000002
2020-10-19,-0.013854649256991536,4.032160051679706,0.0,0.0,1.0000000000000002
2020-10-20,0.0028360531113797993,4.043595471739853,0.0,0.0,1.0000000000000002
2020-10-21,-0.006293295151518663,4.01814793196285,0.0,0.0,1.0000000000000002
2020-10-22,0.001304934685450565,4.02339135257054,0.0,0.0,1.0000000000000002
2020-10-23,0.008656029426691747,4.058217946513488,0.0,0.0,1.0000000000000002
2020-10-26,-0.016596610552904956,3.990865283716394,0.0,0.0,1.0000000000000002
2020-10-27,-3.799600350029575e-05,3.9907136467851045,0.0,0.0,1.0000000000000002
2020-10-28,-0.034265214376431485,3.8539709881630624,0.0,0.0,1.0000000000000002
2020-10-29,0.005573730234407881,3.8754519827823177,0.0,0.0,1.0000000000000002
2020-10-30,-0.01878544937517279,3.8026498757538474,0.0,0.0,1.0000000000000002
2020-11-02,0.013214046039801586,3.8528982662853046,0.0,0.0,1.0000000000000002
2020-11-03,0.016590162169531464,3.916818473345684,0.00022758177213134465,0.45516354426268923,1.0000000000000002
2020-11-04,0.03306065531003011,4.046311058804924,0.0,0.0,1.0000000000000002
2020-11-05,0.021289792311746325,4.132456180875603,0.0,0.0,1.0000000000000002
2020-11-06,0.00567527396334766,4.155909001843601,0.0,0.0,1.0000000000000002
2020-11-09,-0.04347032890488112,3.9752502706347035,0.0,0.0,1.0000000000000002
2020-11-10,-0.007787482909192844,3.9442930770923716,0.0,0.0,1.0000000000000002
2020-11-11,0.019940268970029873,4.02294334194622,0.0,0.0,1.0000000000000002
2020-11-12,-0.008011739566978093,3.9907125675978388,0.0,0.0,1.0000000000000002
2020-11-13,0.007188767090766435,4.019400870772494,0.0,0.0,1.0000000000000002
2020-11-16,0.005127904822506135,4.040011975881314,0.0,0.0,1.0000000000000002
2020-11-17,-0.0019302489395809364,4.032213747048975,0.0,0.0,1.0000000000000002
2020-11-18,-0.010413357422264902,3.9902248640979843,0.0,0.0,1.0000000000000002
2020-11-19,0.008297954484489889,4.023335568403149,0.0,0.0,1.0000000000000002
2020-11-20,-0.0025702467358491576,4.012994603291235,0.0,0.0,1.0000000000000002
2020-11-23,0.0028821517799964003,4.024560662830226,0.0,0.0,1.0000000000000002
2020-11-24,-0.0020590241851677904,4.016273995090784,0.0,0.0,1.0000000000000002
2020-11-25,0.003880669919745783,4.03185982877299,0.0,0.0,1.0000000000000002
2020-11-27,0.006511634726267923,4.058113827245473,0.0,0.0,1.0000000000000002
2020-11-30,0.005884248591456087,4.08199277781741,0.0,0.0,1.0000000000000002
2020-12-01,0.004200296299108119,4.099138356975063,0.0,0.0,1.0000000000000002
2020-12-02,-0.0026181597791216094,4.088406157799776,0.00022468177090718746,0.44936354181437493,0.9999999999999996
2020-12-03,-0.002754991672579199,4.077142632880916,0.0,0.0,0.9999999999999996
2020-12-04,0.006337766082042728,4.102982609171239,0.0,0.0,0.9999999999999996
2020-12-07,0.0036504686951410736,4.117960418742727,0.0,0.0,0.9999999999999996
2020-12-08,0.0018741043079766317,4.1256779061035695,0.0,0.0,0.9999999999999996
2020-12-09,-0.015101275244569612,4.06337490847306,0.0,0.0,0.9999999999999996
2020-12-10,0.0015248849618196836,4.069571087765226,0.0,0.0,0.9999999999999996
2020-12-11,-0.0026263572711480165,4.05888294014842,0.0,0.0,0.9999999999999996
2020-12-14,0.0029676426296221248,4.0709282541902505,0.0,0.0,0.9999999999999996
2020-12-15,0.011242331161475771,4.116694977758466,0.0,0.0,0.9999999999999996
2020-12-16,0.005113528782301424,4.137745816015189,0.0,0.0,0.9999999999999996
2020-12-17,0.008888363967558544,4.174523606833175,0.0,0.0,0.9999999999999996
2020-12-18,0.0004682621547356103,4.176478378252305,0.0,0.0,0.9999999999999996
2020-12-21,-0.0027693050844047606,4.164912435444505,0.0,0.0,0.9999999999999996
2020-12-22,0.0022236117908167596,4.174173583843678,0.0,0.0,0.9999999999999996
2020-12-23,-0.005955725702946113,4.149313350941822,0.0,0.0,0.9999999999999996
2020-12-24,0.0028862494319585874,4.161289304243995,0.0,0.0,0.9999999999999996
2020-12-28,0.0013089468653972869,4.166736210834797,0.0,0.0,0.9999999999999996
2020-12-29,-0.0030304606297916203,4.154109080793135,0.0,0.0,0.9999999999999996
2020-12-30,0.0020707777809425565,4.162711317577253,0.0,0.0,0.9999999999999996
2020-12-31,0.005187653613849319,4.184306021987294,0.0,0.0,0.9999999999999996
2021-01-04,-0.01208736537347932,4.133728786265084,0.0,0.0,0.9999999999999996
2021-01-05,0.0095423744486558,4.173174374212813,0.0002562742928132414,0.5125485856264828,1.0
2021-01-06,-0.0008019462230693941,4.169827712785203,0.0,0.0,1.0
2021-01-07,0.021327080963805534,4.258757966020893,0.0,0.0,1.0
2021-01-08,0.0069222861652049605,4.288238307370036,0.0,0.0,1.0
2021-01-11,-0.0038863490851144267,4.2715727163474355,0.0,0.0,1.0
2021-01-12,-0.0008014897281229949,4.268149094692353,0.0,0.0,1.0
2021-01-13,5.914085033920102e-06,4.268174336889036,0.0,0.0,1.0
2021-01-14,-0.000438257934677333,4.266303775619308,0.0,0.0,1.0
2021-01-15,-0.007631333487265968,4.233746188749575,0.0,0.0,1.0
2021-01-19,0.012496335006244808,4.286652499455602,0.0,0.0,1.0
2021-01-20,0.015585074326351478,4.353460297270858,0.0,0.0,1.0
2021-01-21,0.0027327658651683517,4.365357284966605,0.0,0.0,1.0
2021-01-22,-0.001348144251628658,4.359472153636572,0.0,0.0,1.0
2021-01-25,0.0010228499391218282,4.363931239463523,0.0,0.0,1.0
2021-01-26,-0.006589976570964828,4.3351730348381565,0.0,0.0,1.0
2021-01-27,-0.03829546109258386,4.169155584552893,0.0,0.0,1.0
2021-01-28,0.017348485018627624,4.2414841177518365,0.0,0.0,1.0
2021-01-29,-0.014546403784261752,4.179785777130485,0.0,0.0,1.0
2021-02-01,0.020643098033092944,4.266069504685118,0.0,0.0,1.0
2021-02-02,0.017189209855213772,4.339399868658078,0.000275863364371805,0.5517267287436101,1.0000000000000002
2021-02-03,-0.011710519682449183,4.28858324108614,0.0,0.0,1.0000000000000002
2021-02-04,0.013214316769095458,4.345253938524487,0.0,0.0,1.0000000000000002
2021-02-05,0.006230364296271329,4.3723264535213024,0.0,0.0,1.0000000000000002
2021-02-08,0.014082796287041122,4.4339010362666835,0.0,0.0,1.0000000000000002
2021-02-09,-0.0027088498425881236,4.421890264142541,0.0,0.0,1.0000000000000002
2021-02-10,-0.0022302785973781214,4.412028216926469,0.0,0.0,1.0000000000000002
2021-02-11,0.010804222188029122,4.459696750081997,0.0,0.0,1.0000000000000002
2021-02-12,0.009587316657174272,4.502453275020003,0.0,0.0,1.0000000000000002
2021-02-16,-0.0002632011759684527,4.501268224023275,0.0,0.0,1.0000000000000002
2021-02-17,-0.006144713417653658,4.473609220770661,0.0,0.0,1.0000000000000002
2021-02-18,-0.00997851392577298,4.428969248862734,0.0,0.0,1.0000000000000002
2021-02-19,0.010001390180435,4.473265098417759,0.0,0.0,1.0000000000000002
2021-02-22,-0.01871986380083268,4.38952618503036,0.0,0.0,1.0000000000000002
2021-02-23,-0.00505281964275639,4.367346700900245,0.0,0.0,1.0000000000000002
2021-02-24,0.015781899568271474,4.436271727913674,0.0,0.0,1.0000000000000002
2021-02-25,-0.03397880480941906,4.285532516789351,0.0,0.0,1.0000000000000002
2021-02-26,0.004290478754812144,4.303919503005692,0.0,0.0,1.0000000000000002
2021-03-01,0.027607430998793037,4.422739663709281,0.0,0.0,1.0000000000000002
2021-03-02,-0.014707074393725095,4.35769410245103,0.00028687611224053933,0.5737522244810787,0.9999999999999998
2021-03-03,-0.02540074884813248,4.247005408997683,0.0,0.0,0.9999999999999998
2021-03-04,-0.029976882747287714,4.119693425825063,0.0,0.0,0.9999999999999998
2021-03-05,0.018854053841328655,4.197366347485336,0.0,0.0,0.9999999999999998
2021-03-08,-0.022070113753814957,4.1047299947299,0.0,0.0,0.9999999999999998
2021-03-09,0.03159736360480503,4.23442864087293,0.0,0.0,0.9999999999999998
2021-03-10,-0.0001777978062666996,4.23367576874979,0.0,0.0,0.9999999999999998
2021-03-11,0.02607288723067014,4.344059919639624,0.0,0.0,0.9999999999999998
2021-03-12,-0.00048653161650336063,4.341946397144734,0.0,0.0,0.9999999999999998
2021-03-15,0.009835100567468613,4.384649876619211,0.0,0.0,0.9999999999999998
2021-03-16,-0.00360994020220462,4.368821552757011,0.0,0.0,0.9999999999999998
2021-03-17,0.005605460689982467,4.393310810232539,0.0,0.0,0.9999999999999998
2021-03-18,-0.02105330277169637,4.300817107574547,0.0,0.0,0.9999999999999998
2021-03-19,0.006420682167666447,4.3284312872835455,0.0,0.0,0.9999999999999998
2021-03-22,0.01191078070433016,4.379986283140141,0.0,0.0,0.9999999999999998
2021-03-23,-0.020649696777313542,4.289540894504505,0.0,0.0,0.9999999999999998
2021-03-24,-0.017027516026651868,4.216500668176351,0.0,0.0,0.9999999999999998
2021-03-25,0.0035917814270873816,4.231645416963608,0.0,0.0,0.9999999999999998
2021-03-26,0.023194531074862246,4.329796448085169,0.0,0.0,0.9999999999999998
2021-03-29,-0.011895052221622682,4.2782932932261994,0.0,0.0,0.9999999999999998
2021-03-30,0.0025369986010694845,4.289147317326079,0.0,0.0,0.9999999999999998
2021-03-31,0.013059427788966627,4.345161126992939,0.0,0.0,0.9999999999999998
2021-04-01,0.016994038374229747,4.419002961927268,0.0,0.0,0.9999999999999998
2021-04-05,0.007432044523843384,4.4518451886913075,0.0005172889644566454,1.0345779289132908,1.0000000000000002
2021-04-06,0.0027303670572367267,4.464000360138428,0.0,0.0,1.0000000000000002
2021-04-07,-0.005531250897159001,4.439308854141494,0.0,0.0,1.0000000000000002
2021-04-08,0.0035257142906983674,4.454960588809365,0.0,0.0,1.0000000000000002
2021-04-09,0.0036131527865845836,4.471057042074945,0.0,0.0,1.0000000000000002
2021-04-12,-0.004741668288568701,4.449856772682157,0.0,0.0,1.0000000000000002
2021-04-13,-0.0025779094468088015,4.438385444870914,0.0,0.0,1.0000000000000002
2021-04-14,0.003051376296724362,4.4519286290131195,0.0,0.0,1.0000000000000002
2021-04-15,0.0010119879149612654,4.456433926983951,0.0,0.0,1.0000000000000002
2021-04-16,0.0016885587801624968,4.463958877619573,0.0,0.0,1.0000000000000002
2021-04-19,-0.010424198554764508,4.417425683938963,0.0,0.0,1.0000000000000002
2021-04-20,-0.027063199350192413,4.297876012039863,0.0,0.0,1.0000000000000002
2021-04-21,0.026518480485861584,4.411849153195795,0.0,0.0,1.0000000000000002
2021-04-22,-0.011371395515263671,4.3616802715211245,0.0,0.0,1.0000000000000002
2021-04-23,0.020805877450102095,4.452428856726921,0.0,0.0,1.0000000000000002
2021-04-26,0.012182757944720457,4.506671719754514,0.0,0.0,1.0000000000000002
2021-04-27,0.0027908097085802552,4.519248982943389,0.0,0.0,1.0000000000000002
2021-04-28,0.003183482144404115,4.533635931386706,0.0,0.0,1.0000000000000002
2021-04-29,1.0527146424799128e-05,4.533683657635993,0.0,0.0,1.0000000000000002
2021-04-30,-0.010942265743111745,4.484074886258937,0.0,0.0,1.0000000000000002
2021-05-03,0.0029307811084029467,4.497216728224249,0.0,0.0,1.0000000000000002
2021-05-04,-0.010634159150715305,4.449392609801053,0.0002837003035958892,0.5674006071917784,1.0000000000000002
2021-05-05,0.007181447088056903,4.481345687402331,0.0,0.0,1.0000000000000002
2021-05-06,0.0006439703994696178,4.484231541374808,0.0,0.0,1.0000000000000002
2021-05-07,0.019447012843604172,4.5714364497536195,0.0,0.0,1.0000000000000002
2021-05-10,-0.022254508471118317,4.4697013785573985,0.0,0.0,1.0000000000000002
2021-05-11,-0.010871084095457006,4.421110878989521,0.0,0.0,1.0000000000000002
2021-05-12,-0.035831689908429554,4.262695004922784,0.0,0.0,1.0000000000000002
2021-05-13,0.015682614403840445,4.329545207006165,0.0,0.0,1.0000000000000002
2021-05-14,0.028126764456389397,4.451321305246917,0.0,0.0,1.0000000000000002
2021-05-17,-0.0020483262412636094,4.4422035470090835,0.0,0.0,1.0000000000000002
2021-05-18,-0.007412491539024235,4.409275750802255,0.0,0.0,1.0000000000000002
2021-05-19,-0.0010834307234119933,4.40449860598584,0.0,0.0,1.0000000000000002
2021-05-20,0.012175533829693608,4.458125727765859,0.0,0.0,1.0000000000000002
2021-05-21,0.0020690760530706065,4.467349928950758,0.0,0.0,1.0000000000000002
2021-05-24,0.015326142252784836,4.535817169454825,0.0,0.0,1.0000000000000002
2021-05-25,0.0012244780899175467,4.541371178198694,0.0,0.0,1.0000000000000002
2021-05-26,0.012053064183090045,4.596108616488758,0.0,0.0,1.0000000000000002
2021-05-27,0.01574810138837468,4.668488600973205,0.0,0.0,1.0000000000000002
2021-05-28,-0.0030423316446883675,4.654285510369598,0.0,0.0,1.0000000000000002
2021-06-01,0.008720207454793627,4.694871845573861,0.0,0.0,1.0000000000000002
2021-06-02,-0.003868251846154358,4.676710898889762,0.0002409097961668711,0.48181959233374216,1.0000000000000002
2021-06-03,-0.005318680330542502,4.651836968620203,0.0,0.0,1.0000000000000002
2021-06-04,0.007717046282672557,4.687735409806492,0.0,0.0,1.0000000000000002
2021-06-07,-0.0022979146746489043,4.676963393817426,0.0,0.0,1.0000000000000002
2021-06-08,0.0029314006284917316,4.6906734472494955,0.0,0.0,1.0000000000000002
2021-06-09,-0.013079315409853187,4.629322649748296,0.0,0.0,1.0000000000000002
2021-06-10,-0.0051875591102993335,4.605307764862079,0.0,0.0,1.0000000000000002
2021-06-11,0.004657509576284191,4.62675702987866,0.0,0.0,1.0000000000000002
2021-06-14,-0.007639197950858656,4.59141231705689,0.0,0.0,1.0000000000000002
2021-06-15,0.0012213170858921263,4.597019887368087,0.0,0.0,1.0000000000000002
2021-06-16,-0.0028308162279239157,4.584006568870836,0.0,0.0,1.0000000000000002
2021-06-17,-0.016789686087080646,4.507042537558379,0.0,0.0,1.0000000000000002
2021-06-18,-0.01499232204096057,4.439471504382996,0.0,0.0,1.0000000000000002
2021-06-21,0.02141225878501385,4.534530617103539,0.0,0.0,1.0000000000000002
2021-06-22,0.0021023993642397265,4.544064011390063,0.0,0.0,1.0000000000000002
2021-06-23,0.007678425777082332,4.578955269627833,0.0,0.0,1.0000000000000002
2021-06-24,0.009655818935623062,4.623168832625676,0.0,0.0,1.0000000000000002
2021-06-25,0.0028409817579091445,4.6363031709429,0.0,0.0,1.0000000000000002
2021-06-28,-0.0024935634050189392,4.624742255021263,0.0,0.0,1.0000000000000002
2021-06-29,0.0007516643165823567,4.628218508747753,0.0,0.0,1.0000000000000002
2021-06-30,0.00543953811841269,4.653393879746429,0.0,0.0,1.0000000000000002
2021-07-01,0.0037361631772034887,4.670779718608962,0.0,0.0,1.0000000000000002
2021-07-02,-0.001144341670038962,4.665434750745385,0.0002830404026909348,0.5660808053818697,0.9999999999999998
2021-07-06,-0.020806781157103105,4.568362070883882,0.0,0.0,0.9999999999999998
2021-07-07,-0.004967422917190989,4.545669084438948,0.0,0.0,0.9999999999999998
2021-07-08,-0.014407511232735648,4.480177306044594,0.0,0.0,0.9999999999999998
2021-07-09,0.02685902399245932,4.600510495798118,0.0,0.0,0.9999999999999998
2021-07-12,0.009266468251771132,4.643140980249371,0.0,0.0,0.9999999999999998
2021-07-13,-0.014278594163909752,4.576843454546572,0.0,0.0,0.9999999999999998
2021-07-14,-0.010748194340080341,4.527650651632981,0.0,0.0,0.9999999999999998
2021-07-15,-0.009038234395092104,4.48672868378443,0.0,0.0,0.9999999999999998
2021-07-16,-0.02290263735940301,4.383970763809684,0.0,0.0,0.9999999999999998
2021-07-19,-0.02263905523326193,4.2847218075467906,0.0,0.0,0.9999999999999998
2021-07-20,0.03206519446679734,4.422112245541906,0.0,0.0,0.9999999999999998
2021-07-21,0.024814210405301296,4.531843469238642,0.0,0.0,0.9999999999999998
2021-07-22,-0.010625494552246373,4.483690391144614,0.0,0.0,0.9999999999999998
2021-07-23,0.0011546533987643048,4.488867499493756,0.0,0.0,0.9999999999999998
2021-07-26,0.012131419740462057,4.543323835289433,0.0,0.0,0.9999999999999998
2021-07-27,-0.010527930466440627,4.495492037864984,0.0,0.0,0.9999999999999998
2021-07-28,0.002999815966216346,4.508977686656169,0.0,0.0,0.9999999999999998
2021-07-29,0.012410080228165477,4.56493446149458,0.0,0.0,0.9999999999999998
2021-07-30,-0.007176759961848078,4.532173022622866,0.0,0.0,0.9999999999999998
2021-08-02,-0.005649700464288698,4.506567602592717,0.0,0.0,0.9999999999999998
2021-08-03,0.011411731083237342,4.557995340181934,0.00018965235284186272,0.37930470568372543,1.0000000000000002
2021-08-04,-0.0146163352416947,4.491374152259753,0.0,0.0,1.0000000000000002
2021-08-05,0.020396865205756454,4.582984105432014,0.0,0.0,1.0000000000000002
2021-08-06,0.009246020974285063,4.625358472595654,0.0,0.0,1.0000000000000002
2021-08-09,-0.005430626917056314,4.600239876373341,0.0,0.0,1.0000000000000002
2021-08-10,0.014168858428702746,4.665420023919748,0.0,0.0,1.0000000000000002
2021-08-11,0.010188048904874014,4.7129515512852205,0.0,0.0,1.0000000000000002
2021-08-12,-0.0016268564319633638,4.70528425574048,0.0,0.0,1.0000000000000002
2021-08-13,-0.010450939419863081,4.656109615030501,0.0,0.0,1.0000000000000002
2021-08-16,-0.009021692488845767,4.614103625889338,0.0,0.0,1.0000000000000002
2021-08-17,-0.020290722340075118,4.5204801303680835,0.0,0.0,1.0000000000000002
2021-08-18,-0.006733936064652668,4.490039506188652,0.0,0.0,1.0000000000000002
2021-08-19,-0.015425361885589739,4.420779021925098,0.0,0.0,1.0000000000000002
2021-08-20,0.006170663774134555,4.4480581628891445,0.0,0.0,1.0000000000000002
2021-08-23,0.02443593680611933,4.556750631067446,0.0,0.0,1.0000000000000002
2021-08-24,0.016933255162329797,4.633911252214419,0.0,0.0,1.0000000000000002
2021-08-25,0.012335294003552821,4.691071909896855,0.0,0.0,1.0000000000000002
2021-08-26,-0.010398857047643206,4.642290123705623,0.0,0.0,1.0000000000000002
2021-08-27,0.021372493566784945,4.741507439509671,0.0,0.0,1.0000000000000002
2021-08-30,-0.01216366320928175,4.683833339911171,0.0,0.0,1.0000000000000002
2021-08-31,-0.0009592248337371156,4.679340490654442,0.0,0.0,1.0000000000000002
2021-09-01,-0.009286070326405826,4.635887805777027,0.0,0.0,1.0000000000000002
2021-09-02,0.009383997288037627,4.679390964374085,0.0003402184504477075,0.6804369008954149,1.0
2021-09-03,-0.0024044338286755007,4.6681396784417455,0.0,0.0,1.0
2021-09-07,-0.005296625575534342,4.643414290430744,0.0,0.0,1.0
2021-09-08,-0.010061298725451695,4.596695512148689,0.0,0.0,1.0
2021-09-09,0.004750571259857894,4.6185324417390206,0.0,0.0,1.0
2021-09-10,-0.003021622157804882,4.604576981776521,0.0,0.0,1.0
2021-09-13,0.008276835458062903,4.642688307808669,0.0,0.0,1.0
2021-09-14,-0.012077642867671323,4.586615576481043,0.0,0.0,1.0
2021-09-15,0.02002140787510953,4.6784460777041,0.0,0.0,1.0
2021-09-16,-0.0010755277720168044,4.6734142790176465,0.0,0.0,1.0
2021-09-17,-0.009182939204897655,4.630498599814127,0.0,0.0,1.0
2021-09-20,-0.02557651483489254,4.512066583683032,0.0,0.0,1.0
2021-09-21,0.0003223807700170056,4.513521187182647,0.0,0.0,1.0
2021-09-22,0.023868504836661364,4.621252189469289,0.0,0.0,1.0
2021-09-23,0.025596680778700254,4.739540906561004,0.0,0.0,1.0
2021-09-24,0.0021282029497906585,4.749627611499,0.0,0.0,1.0
2021-09-27,0.010623545183962912,4.8000854950367575,0.0,0.0,1.0
2021-09-28,-0.017332056367289406,4.716890142668972,0.0,0.0,1.0
2021-09-29,-0.006537324777380893,4.686054299867118,0.0,0.0,1.0
2021-09-30,-0.014614108588918873,4.61757179347529,0.0,0.0,1.0
2021-10-01,0.014812945843473146,4.6859716343803886,0.0,0.0,1.0
2021-10-04,-0.006976349685125172,4.653280657644373,0.00023672050222738823,0.47344100445477644,1.0000000000000002
2021-10-05,0.013293845909222446,4.7151406536794624,0.0,0.0,1.0000000000000002
2021-10-06,-0.006219360573178068,4.6858154938009795,0.0,0.0,1.0000000000000002
2021-10-07,0.012168091761040722,4.742832926704856,0.0,0.0,1.0000000000000002
2021-10-08,0.001144743077271082,4.748262251864355,0.0,0.0,1.0000000000000002
2021-10-11,-0.006411177282460434,4.717820300784037,0.0,0.0,1.0000000000000002
2021-10-12,0.0005086783770060777,4.720220153957647,0.0,0.0,1.0000000000000002
2021-10-13,3.96198363847855e-05,4.720407168307847,0.0,0.0,1.0000000000000002
2021-10-14,0.02021696765928227,4.81583948736817,0.0,0.0,1.0000000000000002
2021-10-15,0.00830778687080791,4.855848455433246,0.0,0.0,1.0000000000000002
2021-10-18,0.006881712340650603,4.88926500767333,0.0,0.0,1.0000000000000002
2021-10-19,0.0043667362763955,4.910615138547248,0.0,0.0,1.0000000000000002
2021-10-20,0.005750105571014297,4.9388516940125164,0.0,0.0,1.0000000000000002
2021-10-21,-0.0026361881427877654,4.9258319517377736,0.0,0.0,1.0000000000000002
2021-10-22,0.0037300609697934473,4.944205605244712,0.0,0.0,1.0000000000000002
2021-10-25,0.006585298118931382,4.9767646731165405,0.0,0.0,1.0000000000000002
2021-10-26,-0.00018180822252567008,4.975859856377393,0.0,0.0,1.0000000000000002
2021-10-27,-0.014766081683676435,4.902385903291598,0.0,0.0,1.0000000000000002
2021-10-28,0.018301864036564863,4.992108703548412,0.0,0.0,1.0000000000000002
2021-10-29,-0.0019102196668258076,4.982572679323962,0.0,0.0,1.0000000000000002
2021-11-01,0.00834554388754749,5.024154958292155,0.0,0.0,1.0000000000000002
2021-11-02,0.00024356666720826148,5.025378674970884,0.0002161949457333954,0.43238989146679074,1.0000000000000002
2021-11-03,0.005032573098578963,5.050669260500715,0.0,0.0,1.0000000000000002
2021-11-04,-0.0015080006244090338,5.043052848102197,0.0,0.0,1.0000000000000002
2021-11-05,0.012943350947602461,5.10832685096249,0.0,0.0,1.0000000000000002
2021-11-08,0.005897976127832161,5.138455640782631,0.0,0.0,1.0000000000000002
2021-11-09,-0.005678578126515066,5.109276518976815,0.0,0.0,1.0000000000000002
2021-11-10,-0.017317154999926032,5.0207983855602105,0.0,0.0,1.0000000000000002
2021-11-11,0.004723803151774453,5.044515648798344,0.0,0.0,1.0000000000000002
2021-11-12,0.0012302595162665408,5.050721712180233,0.0,0.0,1.0000000000000002
2021-11-15,-0.0014970055269403204,5.043160753862062,0.0,0.0,1.0000000000000002
2021-11-16,-0.0017885149573132475,5.034140985421645,0.0,0.0,1.0000000000000002
2021-11-17,-0.008917374647184673,4.989249664227892,0.0,0.0,1.0000000000000002
2021-11-18,0.0009107554469873769,4.9937936505359675,0.0,0.0,1.0000000000000002
2021-11-19,-0.009953571899969371,4.944087566381747,0.0,0.0,1.0000000000000002
2021-11-22,0.006795975826853207,4.977687465968724,0.0,0.0,1.0000000000000002
2021-11-23,0.00826121233894983,5.01880919908202,0.0,0.0,1.0000000000000002
2021-11-24,0.0018518075915154864,5.028103068057248,0.0,0.0,1.0000000000000002
2021-11-26,-0.037957122399194576,4.837250744467233,0.0,0.0,1.0000000000000002
2021-11-29,0.013195954780811814,4.901082886554671,0.0,0.0,1.0000000000000002
2021-11-30,-0.026983012869296052,4.76883690395328,0.0,0.0,1.0000000000000002
2021-12-01,-0.019269563888241636,4.6769434965599475,0.0,0.0,1.0000000000000002
2021-12-02,0.02324473232268498,4.785657796225806,0.000257422281018943,0.514844562037886,1.0
2021-12-03,-0.016372414266789037,4.707305024246908,0.0,0.0,1.0
2021-12-06,0.008078421237143418,4.745332617124497,0.0,0.0,1.0
2021-12-07,0.03122809339930943,4.8935203073028495,0.0,0.0,1.0
2021-12-08,-0.0007714478642592004,4.8897452115130715,0.0,0.0,1.0
2021-12-09,-0.010790799079413604,4.836980953386109,0.0,0.0,1.0
2021-12-10,0.009497769826382951,4.882921485135968,0.0,0.0,1.0
2021-12-13,-0.019970596339602187,4.785406631198347,0.0,0.0,1.0
2021-12-14,-0.0035028937298638985,4.768643860315073,0.0,0.0,1.0
2021-12-15,0.0103092927264119,4.817805205779068,0.0,0.0,1.0
2021-12-16,-0.003978582915294182,4.79863716829814,0.0,0.0,1.0
2021-12-17,-0.01056353969235968,4.74794657410159,0.0,0.0,1.0
2021-12-20,-0.01974452923184722,4.654200604177992,0.0,0.0,1.0
2021-12-21,0.028751111812288954,4.788014046145537,0.0,0.0,1.0
2021-12-22,0.009333747827645844,4.832704161847485,0.0,0.0,1.0
2021-12-23,0.006765471344774232,4.865399683372235,0.0,0.0,1.0
2021-12-27,0.019355749610092232,4.95957314139661,0.0,0.0,1.0
2021-12-28,-0.005045386785523576,4.9345501766071695,0.0,0.0,1.0
2021-12-29,0.0005744889878780413,4.937385021343762,0.0,0.0,1.0
2021-12-30,-0.004584743991407403,4.914748375033891,0.0,0.0,1.0
2021-12-31,-0.00010850735393597155,4.914215088692456,0.0,0.0,1.0
2022-01-03,0.011662990554293984,4.971529532853645,0.0,0.0,1.0
2022-01-04,0.014080325334120847,5.041530286084415,0.0002451627035795683,0.4903254071591366,0.9999999999999998
2022-01-05,-0.024493765558447067,4.918044225201252,0.0,0.0,0.9999999999999998
2022-01-06,0.007784691613015093,4.956329682833614,0.0,0.0,0.9999999999999998
2022-01-07,-0.007549096466585747,4.918913871937701,0.0,0.0,0.9999999999999998
2022-01-10,0.0013271415687718946,4.925441967010358,0.0,0.0,0.9999999999999998
2022-01-11,0.015715975377317504,5.002850091686299,0.0,0.0,0.9999999999999998
2022-01-12,0.003622843706546419,5.02097463565576,0.0,0.0,0.9999999999999998
2022-01-13,-0.014183786308986979,4.949758204360775,0.0,0.0,0.9999999999999998
2022-01-14,0.002598105511177007,4.962618198430518,0.0,0.0,0.9999999999999998
2022-01-18,-0.023976492415648032,4.843632020834092,0.0,0.0,0.9999999999999998
2022-01-19,-0.018014509764537223,4.756376364498951,0.0,0.0,0.9999999999999998
2022-01-20,-0.013868395533389144,4.690413055770416,0.0,0.0,0.9999999999999998
2022-01-21,-0.023451686335312805,4.5804149600034325,0.0,0.0,0.9999999999999998
2022-01-24,0.008525885877595174,4.619467055224452,0.0,0.0,0.9999999999999998
2022-01-25,-0.0033815807918365914,4.603845954161983,0.0,0.0,0.9999999999999998
2022-01-26,-0.002774284017753481,4.5910735779111524,0.0,0.0,0.9999999999999998
2022-01-27,-0.008532105548244573,4.551902053564658,0.0,0.0,0.9999999999999998
2022-01-28,0.01840835138308705,4.635695066028071,0.0,0.0,0.9999999999999998
2022-01-31,0.02043248682335652,4.730413844381789,0.0,0.0,0.9999999999999998
2022-02-01,0.016537758125992452,4.8086442843760215,0.0,0.0,0.9999999999999998
2022-02-02,0.014799684646258804,4.879810703360821,0.00034883845158685886,0.6976769031737177,1.0000000000000002
2022-02-03,-0.018142599181791508,4.7912782536867295,0.0,0.0,1.0000000000000002
2022-02-04,0.002340626924923095,4.802492848572107,0.0,0.0,1.0000000000000002
2022-02-07,-0.0010346454885790113,4.7975239710123985,0.0,0.0,1.0000000000000002
2022-02-08,0.007973657717904592,4.835777785050694,0.0,0.0,1.0000000000000002
2022-02-09,0.018905107194105986,4.9271986824439535,0.0,0.0,1.0000000000000002
2022-02-10,-0.015203807725467144,4.852286501050901,0.0,0.0,1.0000000000000002
2022-02-11,-0.019203471790030346,4.759105754110824,0.0,0.0,1.0000000000000002
2022-02-14,-0.010840792208878236,4.707513277530432,0.0,0.0,1.0000000000000002
2022-02-15,0.018062511876999254,4.792542792016957,0.0,0.0,1.0000000000000002
2022-02-16,0.003703725618667164,4.810293055534308,0.0,0.0,1.0000000000000002
2022-02-17,-0.020279036219182367,4.712744948436247,0.0,0.0,1.0000000000000002
2022-02-18,-0.005554046068523277,4.686570145883431,0.0,0.0,1.0000000000000002
2022-02-22,-0.015107260606280093,4.615768909339958,0.0,0.0,1.0000000000000002
2022-02-23,-0.016286977011984338,4.540591987220906,0.0,0.0,1.0000000000000002
2022-02-24,0.01901456847386651,4.626929384473808,0.0,0.0,1.0000000000000002
2022-02-25,0.02570501896407129,4.7458646920471255,0.0,0.0,1.0000000000000002
2022-02-28,0.0008089290206667599,4.74970375972468,0.0,0.0,1.0000000000000002
2022-03-01,-0.017304466289928544,4.667512671127377,0.0,0.0,1.0000000000000002
2022-03-02,0.023578562859639884,4.7775659120417195,0.00040377739470497754,0.8075547894099551,0.9999999999999998
2022-03-03,0.0012385115320883155,4.783482982519095,0.0,0.0,0.9999999999999998
2022-03-04,0.005068208646796801,4.807726672332904,0.0,0.0,0.9999999999999998
2022-03-07,-0.02096043959364935,4.706954607834693,0.0,0.0,0.9999999999999998
2022-03-08,-0.007382606353801724,4.672205014839837,0.0,0.0,0.9999999999999998
2022-03-09,0.015652604657188096,4.745337192814456,0.0,0.0,0.9999999999999998
2022-03-10,0.007617079841410801,4.78148280508654,0.0,0.0,0.9999999999999998
2022-03-11,-0.008849861690909955,4.73916734358406,0.0,0.0,0.9999999999999998
2022-03-14,-0.006382682910312298,4.708918741171056,0.0,0.0,0.9999999999999998
2022-03-15,0.011600108661465436,4.763542710246651,0.0,0.0,0.9999999999999998
2022-03-16,0.011164887222495423,4.816727127386095,0.0,0.0,0.9999999999999998
2022-03-17,0.01815141136524412,4.9041575229094105,0.0,0.0,0.9999999999999998
2022-03-18,0.007279663698451788,4.939858140400424,0.0,0.0,0.9999999999999998
2022-03-21,0.006218612985886329,4.970577206380755,0.0,0.0,0.9999999999999998
2022-03-22,0.005566770614099603,4.998247269508348,0.0,0.0,0.9999999999999998
2022-03-23,-0.007485568786922525,4.960832545758396,0.0,0.0,0.9999999999999998
2022-03-24,0.011622216710733602,5.01848841667086,0.0,0.0,0.9999999999999998
2022-03-25,0.006813047022187213,5.0526796142339405,0.0,0.0,0.9999999999999998
2022-03-28,-0.0024257169536003875,5.040423243632582,0.0,0.0,0.9999999999999998
2022-03-29,0.0062856257503838275,5.072105457765592,0.0,0.0,0.9999999999999998
2022-03-30,-0.004240871904573895,5.050595308232718,0.0,0.0,0.9999999999999998
2022-03-31,-0.013692081300156644,4.981442146658206,0.0,0.0,0.9999999999999998
2022-04-01,0.001847488826092425,4.990645305361983,0.0,0.0,0.9999999999999998
2022-04-04,-0.0021711706813482,4.979809762593972,0.0003560616271308218,0.7121232542616436,0.9999999999999998
2022-04-05,-0.009994874700707812,4.930037187983484,0.0,0.0,0.9999999999999998
2022-04-06,0.0038519913317718313,4.94902764849691,0.0,0.0,0.9999999999999998
2022-04-07,0.014246149967947597,5.019532238572915,0.0,0.0,0.9999999999999998
2022-04-08,0.012695663504648902,5.0832585308245735,0.0,0.0,0.9999999999999998
2022-04-11,-0.018130075333594897,4.991098670720585,0.0,0.0,0.9999999999999998
2022-04-12,0.0031388509794720854,5.006764985671818,0.0,0.0,0.9999999999999998
2022-04-13,0.00883604091668988,5.051004965945465,0.0,0.0,0.9999999999999998
2022-04-14,-0.003955167221449729,5.031027396668778,0.0,0.0,0.9999999999999998
2022-04-18,0.0057322331031126605,5.059866418454629,0.0,0.0,0.9999999999999998
2022-04-19,0.0031257819469738823,5.075682457559534,0.0,0.0,0.9999999999999998
2022-04-20,0.004157019555892205,5.096782168795108,0.0,0.0,0.9999999999999998
2022-04-21,-0.025013628728261073,4.9692931519160455,0.0,0.0,0.9999999999999998
2022-04-22,-0.03301734680408819,4.805220276548053,0.0,0.0,0.9999999999999998
2022-04-25,-0.006737244470078285,4.772846332812372,0.0,0.0,0.9999999999999998
2022-04-26,-0.012644302651223738,4.712497019272509,0.0,0.0,0.9999999999999998
2022-04-27,0.005792106021387244,4.7397923016336065,0.0,0.0,0.9999999999999998
2022-04-28,0.013683618621217919,4.804649811832945,0.0,0.0,0.9999999999999998
2022-04-29,-0.03412375436749704,4.640697121832117,0.0,0.0,0.9999999999999998
2022-05-02,5.87410582544301e-05,4.640969721292092,0.0,0.0,0.9999999999999998
2022-05-03,0.01656379408046038,4.717841788089226,0.0002194664762665047,0.4389329525330094,1.0000000000000004
2022-05-04,0.030901050261500806,4.86362805430878,0.0,0.0,1.0000000000000004
2022-05-05,-0.029633883621571044,4.7194998665687855,0.0,0.0,1.0000000000000004
2022-05-06,0.005454435091692744,4.745242072256238,0.0,0.0,1.0000000000000004
2022-05-09,-0.05768207720828322,4.47152665267236,0.0,0.0,1.0000000000000004
2022-05-10,0.009765206397058579,4.515192033345654,0.0,0.0,1.0000000000000004
2022-05-11,-0.00531872096834396,4.491176986801799,0.0,0.0,1.0000000000000004
2022-05-12,-0.0018859083574713775,4.482707038587506,0.0,0.0,1.0000000000000004
2022-05-13,0.031360238948239694,4.623285802452566,0.0,0.0,1.0000000000000004
2022-05-16,0.006264215805535489,4.652247062449797,0.0,0.0,1.0000000000000004
2022-05-17,0.016435629247016692,4.728709670333745,0.0,0.0,1.0000000000000004
2022-05-18,-0.04353167448110784,4.52286102024911,0.0,0.0,1.0000000000000004
2022-05-19,0.0023447664390752188,4.533466072977991,0.0,0.0,1.0000000000000004
2022-05-20,-0.002142160613388233,4.523754660514326,0.0,0.0,1.0000000000000004
2022-05-23,0.022033181336795993,4.6234273672726145,0.0,0.0,1.0000000000000004
2022-05-24,-0.002524282336346495,4.611756531236027,0.0,0.0,1.0000000000000004
2022-05-25,0.011591464529177697,4.665213543485053,0.0,0.0,1.0000000000000004
2022-05-26,0.02004886792040539,4.758745793638871,0.0,0.0,1.0000000000000004
2022-05-27,0.02368157728657927,4.871440399938114,0.0,0.0,1.0000000000000004
2022-05-31,-0.010682375377974784,4.819401844954544,0.0,0.0,1.0000000000000004
2022-06-01,-0.004228410952812456,4.799023433407333,0.0,0.0,1.0000000000000004
2022-06-02,0.008165738026876701,4.8382110015493796,0.0002671947681416925,0.5343895362833849,1.0
2022-06-03,-0.004110489895937208,4.818323584113099,0.0,0.0,1.0
2022-06-06,0.0017494670584359273,4.82675308250039,0.0,0.0,1.0
2022-06-07,0.014921131715811775,4.898773701004078,0.0,0.0,1.0
2022-06-08,-0.011297803265052142,4.843428319490123,0.0,0.0,1.0
2022-06-09,-0.02130720440416478,4.7402284022698264,0.0,0.0,1.0
2022-06-10,-0.02054974948559396,4.642817896098684,0.0,0.0,1.0
2022-06-13,-0.04077118954705439,4.453524687624388,0.0,0.0,1.0
2022-06-14,0.0019503820659878546,4.462210762305565,0.0,0.0,1.0
2022-06-15,0.0013812283640577405,4.468374094376865,0.0,0.0,1.0
2022-06-16,-0.035409307093696274,4.310152063859558,0.0,0.0,1.0
2022-06-17,-0.014615045460733778,4.247158995503575,0.0,0.0,1.0
2022-06-21,0.032169012313933765,4.383785905529164,0.0,0.0,1.0
2022-06-22,-0.013726387957633923,4.323612359466663,0.0,0.0,1.0
2022-06-23,-0.005495513612526537,4.299851888889926,0.0,0.0,1.0
2022-06-24,0.02327781344136559,4.399943038985009,0.0,0.0,1.0
2022-06-27,0.010092263253917766,4.444348422436689,0.0,0.0,1.0
2022-06-28,-0.00538495017958629,4.420415827601144,0.0,0.0,1.0
2022-06-29,-0.008734714365720597,4.381804757969338,0.0,0.0,1.0
2022-06-30,-0.005524832371133326,4.357596021198523,0.0,0.0,1.0
2022-07-01,0.008536690320308127,4.394795468972502,0.0,0.0,1.0
2022-07-05,-0.024265741110097272,4.288152499890587,0.0002288693043488983,0.45773860869779665,1.0000000000000002
2022-07-06,-0.0008579053231010381,4.284473671034662,0.0,0.0,1.0000000000000002
2022-07-07,0.019604718000263865,4.368469569134851,0.0,0.0,1.0000000000000002
2022-07-08,0.001174186595088056,4.3735989675439795,0.0,0.0,1.0000000000000002
2022-07-11,-0.005145815900125195,4.35109323243602,0.0,0.0,1.0000000000000002
2022-07-12,-0.013381309574905353,4.292869906903518,0.0,0.0,1.0000000000000002
2022-07-13,-0.0032689520008194473,4.278836721232088,0.0,0.0,1.0000000000000002
2022-07-14,-0.011851205615582616,4.2281273474532615,0.0,0.0,1.0000000000000002
2022-07-15,0.01952513187152438,4.310682091481885,0.0,0.0,1.0000000000000002
2022-07-18,-0.000956704685691645,4.306558041726437,0.0,0.0,1.0000000000000002
2022-07-19,0.02394357939298608,4.409672456109017,0.0,0.0,1.0000000000000002
2022-07-20,-0.002279787549024803,4.399619339748302,0.0,0.0,1.0000000000000002
2022-07-21,-0.003941922485144689,4.382276381346871,0.0,0.0,1.0000000000000002
2022-07-22,-0.005758202445798499,4.357042346769634,0.0,0.0,1.0000000000000002
2022-07-25,0.020605669800814796,4.446822122675337,0.0,0.0,1.0000000000000002
2022-07-26,-0.007698741942974485,4.412587186686549,0.0,0.0,1.0000000000000002
2022-07-27,0.016963135621220093,4.487438501574771,0.0,0.0,1.0000000000000002
2022-07-28,0.004210118175240529,4.506331147970525,0.0,0.0,1.0000000000000002
2022-07-29,0.017234066536790493,4.583993558811461,0.0,0.0,1.0000000000000002
2022-08-01,-0.008499274842884375,4.54503293767711,0.0,0.0,1.0000000000000002
2022-08-02,-0.0017848307003839325,4.536920823355688,0.00018604219755330323,0.3720843951066065,1.0000000000000002
2022-08-03,-0.00715032403584881,4.504480369343705,0.0,0.0,1.0000000000000002
2022-08-04,-0.01345088023628116,4.443891143368983,0.0,0.0,1.0000000000000002
2022-08-05,0.010092856623737712,4.488742699530504,0.0,0.0,1.0000000000000002
2022-08-08,0.00344267009794863,4.504195959799563,0.0,0.0,1.0000000000000002
2022-08-09,0.011135708673086109,4.554353373814382,0.0,0.0,1.0000000000000002
2022-08-10,0.0069248761124796054,4.5858917067005,0.0,0.0,1.0000000000000002
2022-08-11,0.011394702018614922,4.63814657618799,0.0,0.0,1.0000000000000002
2022-08-12,0.014691069284684222,4.706285908891288,0.0,0.0,1.0000000000000002
2022-08-15,-0.004490791340034717,4.685150960887912,0.0,0.0,1.0000000000000002
2022-08-16,0.0024706277329180626,4.696726224784789,0.0,0.0,1.0000000000000002
2022-08-17,0.0019039937956426556,4.705668762376612,0.0,0.0,1.0000000000000002
2022-08-18,0.011624609752133974,4.7603703253620475,0.0,0.0,1.0000000000000002
2022-08-19,0.0010933344027541647,4.765575002008616,0.0,0.0,1.0000000000000002
2022-08-22,-0.007043905265828876,4.732006743157265,0.0,0.0,1.0000000000000002
2022-08-23,0.00814423275388676,4.7705453074665,0.0,0.0,1.0000000000000002
2022-08-24,0.007936870398605578,4.808408507302537,0.0,0.0,1.0000000000000002
2022-08-25,0.007315577102803061,4.843584790479483,0.0,0.0,1.0000000000000002
2022-08-26,-0.020612316156758292,4.743747289446054,0.0,0.0,1.0000000000000002
2022-08-29,0.002926642067472729,4.7576305398208065,0.0,0.0,1.0000000000000002
2022-08-30,-0.02055408221119126,4.659841810574855,0.0,0.0,1.0000000000000002
2022-08-31,-0.009457971706361645,4.6157691585743175,0.0,0.0,1.0000000000000002
2022-09-01,-0.0031153486838165767,4.601389428201352,0.0,0.0,1.0000000000000002
2022-09-02,0.00109259424707564,4.606416879819159,0.00022063552290990405,0.44127104581980814,1.0
2022-09-06,-0.00592272944156691,4.579134318944924,0.0,0.0,1.0
2022-09-07,0.007709940828252382,4.614439173588609,0.0,0.0,1.0
2022-09-08,0.0060773676809087185,4.6424828170876955,0.0,0.0,1.0
2022-09-09,0.01314064581206531,4.703488039475644,0.0,0.0,1.0
2022-09-12,0.007354369808404204,4.738079229907354,0.0,0.0,1.0
2022-09-13,-0.030794144347300878,4.592174134172639,0.0,0.0,1.0
2022-09-14,0.00913422985900847,4.634120108266766,0.0,0.0,1.0
2022-09-15,-0.007002047443140924,4.601671779411468,0.0,0.0,1.0
2022-09-16,-0.007634881841803054,4.566538559100902,0.0,0.0,1.0
2022-09-19,0.004235753903937933,4.585881292630097,0.0,0.0,1.0
2022-09-20,-0.007395556830907313,4.551966146910656,0.0,0.0,1.0
2022-09-21,-0.014733189514310352,4.484901167005496,0.0,0.0,1.0
2022-09-22,-0.002926717151521263,4.471775129837144,0.0,0.0,1.0
2022-09-23,-0.033838904556302896,4.3204551580213355,0.0,0.0,1.0
2022-09-26,-0.01591325226220519,4.2517026652041965,0.0,0.0,1.0
2022-09-27,0.005854189442322522,4.276592938058729,0.0,0.0,1.0
2022-09-28,0.02881604678726335,4.39982744025191,0.0,0.0,1.0
2022-09-29,-0.012320525013970962,4.34561925621713,0.0,0.0,1.0
2022-09-30,-0.010336671987709822,4.300700015382138,0.0,0.0,1.0
2022-10-03,0.03320862704036864,4.443520358205471,0.0,0.0,1.0
2022-10-04,0.027673995674065477,4.5664903213760715,0.00021324662778509433,0.4264932555701887,1.0
2022-10-05,0.0014426877574369446,4.573078341057175,0.0,0.0,1.0
2022-10-06,-0.001516419096976085,4.566143637728828,0.0,0.0,1.0
2022-10-07,-0.015425044580504643,4.495710668555874,0.0,0.0,1.0
2022-10-10,-0.0040179723827988845,4.477647027248562,0.0,0.0,1.0
2022-10-11,-0.0007177224008078076,4.474433319674195,0.0,0.0,1.0
2022-10-12,-0.004811584840610839,4.452904204142927,0.0,0.0,1.0
2022-10-13,0.02732891360529388,4.574597238430599,0.0,0.0,1.0
2022-10-14,-0.029825386006309462,4.438158109971009,0.0,0.0,1.0
2022-10-17,0.013048636083605514,4.4960700200295225,0.0,0.0,1.0
2022-10-18,0.014036241885537093,4.559177946364969,0.0,0.0,1.0
2022-10-19,0.005242291639863339,4.583078486797847,0.0,0.0,1.0
2022-10-20,-0.0025635217316782866,4.571329665498953,0.0,0.0,1.0
2022-10-21,0.02899241462492186,4.703863550548304,0.0,0.0,1.0
2022-10-24,0.013443263398774441,4.767098827250219,0.0,0.0,1.0
2022-10-25,0.009305165397023085,4.811457470301738,0.0,0.0,1.0
2022-10-26,0.008162356688101502,4.850730302363972,0.0,0.0,1.0
2022-10-27,0.0027009735394465384,4.863831996557648,0.0,0.0,1.0
2022-10-28,0.014225408908416615,4.933021995570521,0.0,0.0,1.0
2022-10-31,-0.0015409260831065197,4.925420573309008,0.0,0.0,1.0
2022-11-01,0.0035910338977065415,4.943107925548222,0.0,0.0,1.0
2022-11-02,-0.01930024603364633,4.847704726414275,0.00016231186564604413,0.32462373129208827,1.0
2022-11-03,0.008538410276699882,4.8890964182686965,0.0,0.0,1.0
2022-11-04,0.006502686602513741,4.92088868004617,0.0,0.0,1.0
2022-11-07,0.011911375716477712,4.979503233973162,0.0,0.0,1.0
2022-11-08,0.007164620296358004,5.015179483909066,0.0,0.0,1.0
2022-11-09,-0.024001548744701062,4.894807409062598,0.0,0.0,1.0
2022-11-10,0.02210532537543619,5.003008719490023,0.0,0.0,1.0
2022-11-11,-0.008804915554032178,4.958957650198826,0.0,0.0,1.0
2022-11-14,-0.002227449883201005,4.947911820560092,0.0,0.0,1.0
2022-11-15,0.0047233760632092725,4.971282668816196,0.0,0.0,1.0
2022-11-16,-0.007950870272592336,4.9317566452280515,0.0,0.0,1.0
2022-11-17,0.004513252018754077,4.954014905863131,0.0,0.0,1.0
2022-11-18,0.005928474534740769,4.983384657077267,0.0,0.0,1.0
2022-11-21,0.0001729635247402772,4.984246600852692,0.0,0.0,1.0
2022-11-22,0.015151223988690843,5.059764037517082,0.0,0.0,1.0
2022-11-23,-0.004461423814408616,5.037190285744815,0.0,0.0,1.0
2022-11-25,0.002054756676836522,5.0475404861169455,0.0,0.0,1.0
2022-11-28,-0.014116399339734853,4.976287388931439,0.0,0.0,1.0
2022-11-29,0.004315659343474332,4.997763350097294,0.0,0.0,1.0
2022-11-30,0.01598193559671146,5.077637282086155,0.0,0.0,1.0
2022-12-01,-0.005992824264138719,5.047207894177573,0.0,0.0,1.0
2022-12-02,0.0012277553823527576,5.0534046308355025,0.0002561240591899446,0.5122481183798892,1.0
2022-12-05,-0.0177864273061743,4.9635226167204625,0.0,0.0,1.0
2022-12-06,-0.011337520824946101,4.907248575688303,0.0,0.0,1.0
2022-12-07,0.0013925278518451822,4.914082056005877,0.0,0.0,1.0
2022-12-08,-0.0026782519957774253,4.900920905931965,0.0,0.0,1.0
2022-12-09,-0.01787181603121124,4.813332549117632,0.0,0.0,1.0
2022-12-12,0.015549588622680632,4.88817789016057,0.0,0.0,1.0
2022-12-13,-0.000719884353071909,4.8846589673824115,0.0,0.0,1.0
2022-12-14,-0.0013012816822921547,4.878302650143913,0.0,0.0,1.0
2022-12-15,-0.01270430553228219,4.816327202797543,0.0,0.0,1.0
2022-12-16,-0.006225301410352491,4.786344114269248,0.0,0.0,1.0
2022-12-19,-0.004181980385877471,4.766327717063314,0.0,0.0,1.0
2022-12-20,0.004972545031589837,4.790028496271726,0.0,0.0,1.0
2022-12-21,0.014491149957657656,4.8594415175126535,0.0,0.0,1.0
2022-12-22,-0.011556010231021818,4.803285761619225,0.0,0.0,1.0
2022-12-23,0.012926114758521345,4.865373584591887,0.0,0.0,1.0
2022-12-27,0.0036808630848974566,4.883282358613647,0.0,0.0,1.0
2022-12-28,-0.013810452091308822,4.8158420215516795,0.0,0.0,1.0
2022-12-29,0.00612741537090411,4.8453506859783815,0.0,0.0,1.0
2022-12-30,0.001194613047057702,4.851139005125422,0.0,0.0,1.0
2023-01-03,-0.018096637868268095,4.7633496993010365,0.0,0.0,1.0
2023-01-04,0.0035294979001989635,4.780161932062633,0.0001618076675753021,0.3236153351506042,1.0
2023-01-05,0.003625883180631284,4.797494240812792,0.0,0.0,1.0
2023-01-06,0.019253882620842155,4.8898646317995675,0.0,0.0,1.0
2023-01-09,-0.009377912092562668,4.84400791113802,0.0,0.0,1.0
2023-01-10,0.007904280388880691,4.882296307873611,0.0,0.0,1.0
2023-01-11,0.0037467285458174793,4.900588946819461,0.0,0.0,1.0
2023-01-12,0.008657724330867422,4.94301689497992,0.0,0.0,1.0
2023-01-13,0.0025696065543814317,4.955718503591678,0.0,0.0,1.0
2023-01-17,-0.0031447584945133444,4.940133965731091,0.0,0.0,1.0
2023-01-18,-0.015867827280685587,4.861744773219422,0.0,0.0,1.0
2023-01-19,-0.0009704356262700831,4.857026762885657,0.0,0.0,1.0
2023-01-20,0.0087582835254858,4.899565980365883,0.0,0.0,1.0
2023-01-23,0.004295919965550565,4.920614123683469,0.0,0.0,1.0
2023-01-24,0.00024215163520935334,4.921805658439753,0.0,0.0,1.0
2023-01-25,0.00437281712136528,4.9433278144910116,0.0,0.0,1.0
2023-01-26,0.014638880025446221,5.015692597293796,0.0,0.0,1.0
2023-01-27,-0.008498639320229429,4.973066034968252,0.0,0.0,1.0
2023-01-30,-0.010626552040523762,4.9202194899467,0.0,0.0,1.0
2023-01-31,0.009715596626484357,4.96802235782479,0.0,0.0,1.0
2023-02-01,-0.00824044835830473,4.927083626142231,0.0,0.0,1.0
2023-02-02,-0.02000646776941728,4.828510086378593,0.00020880408483087617,0.4176081696617523,1.0
2023-02-03,-0.0015805693074220084,4.820878291535485,0.0,0.0,1.0
2023-02-06,0.0006846672749407645,4.824178989138172,0.0,0.0,1.0
2023-02-07,0.010074585859525031,4.8727805945659615,0.0,0.0,1.0
2023-02-08,-0.0038430160769845623,4.854054420401426,0.0,0.0,1.0
2023-02-09,-0.004318605296979139,4.833091675269656,0.0,0.0,1.0
2023-02-10,0.02186005800019508,4.93874333961131,0.0,0.0,1.0
2023-02-13,0.004100205902727749,4.958993204204442,0.0,0.0,1.0
2023-02-14,-0.001983526430202054,4.94915691011671,0.0,0.0,1.0
2023-02-15,-0.008522421521788615,4.906978108751223,0.0,0.0,1.0
2023-02-16,-0.009337567037733252,4.861158871708069,0.0,0.0,1.0
2023-02-17,-0.0034526544294015693,4.8443749699976415,0.0,0.0,1.0
2023-02-21,-0.005848943465462053,4.816040494672626,0.0,0.0,1.0
2023-02-22,-0.002030391268553422,4.8062620481032425,0.0,0.0,1.0
2023-02-23,0.0035546055509596552,4.823346413858797,0.0,0.0,1.0
2023-02-24,-0.005517531640745088,4.796733447406057,0.0,0.0,1.0
2023-02-27,0.0031135117875711327,4.811668133536392,0.0,0.0,1.0
2023-02-28,-0.009173416130317302,4.767528699466475,0.0,0.0,1.0
2023-03-01,0.011947474306901684,4.824488626110767,0.0,0.0,1.0
2023-03-02,0.0075855073029360565,4.861084819817062,0.00031629574423434957,0.6325914884686992,1.0000000000000002
2023-03-03,0.013387810877453887,4.926164104044035,0.0,0.0,1.0000000000000002
2023-03-06,-0.00079083719764661,4.922268310228845,0.0,0.0,1.0000000000000002
2023-03-07,-0.013750342182835773,4.854585436647469,0.0,0.0,1.0000000000000002
2023-03-08,-0.0021419193092946376,4.844187306362094,0.0,0.0,1.0000000000000002
2023-03-09,-0.017896594629811968,4.757492849829251,0.0,0.0,1.0000000000000002
2023-03-10,-0.01316554071613596,4.694857884008098,0.0,0.0,1.0000000000000002
2023-03-13,-0.007909225640020612,4.657725193655648,0.0,0.0,1.0000000000000002
2023-03-14,0.010607025072746579,4.707129801566717,0.0,0.0,1.0000000000000002
2023-03-15,-0.02596247643725791,4.5849210550064265,0.0,0.0,1.0000000000000002
2023-03-16,0.01156536587366741,4.637947344509457,0.0,0.0,1.0000000000000002
2023-03-17,-0.01534404713580717,4.566782461841912,0.0,0.0,1.0000000000000002
2023-03-20,0.017196671175983225,4.645315918170454,0.0,0.0,1.0000000000000002
2023-03-21,0.012922564592522834,4.705345313175687,0.0,0.0,1.0000000000000002
2023-03-22,-0.017143133912688624,4.624680948366474,0.0,0.0,1.0000000000000002
2023-03-23,-0.002110792261861394,4.614919207607084,0.0,0.0,1.0000000000000002
2023-03-24,0.004638828503679138,4.636327026369508,0.0,0.0,1.0000000000000002
2023-03-27,0.009115359597489991,4.678588814426427,0.0,0.0,1.0000000000000002
2023-03-28,0.006538883175841281,4.70918156011176,0.0,0.0,1.0000000000000002
2023-03-29,0.009433583397742584,4.753606017094185,0.0,0.0,1.0000000000000002
2023-03-30,0.0033591838690907316,4.76957425374682,0.0,0.0,1.0000000000000002
2023-03-31,0.012749646031679385,4.830384637203903,0.0,0.0,1.0000000000000002
2023-04-03,0.016875366884694598,4.911899150150911,0.0,0.0,1.0000000000000002
2023-04-04,-0.019974956966392066,4.813784176003389,0.0003172160143505401,0.6344320287010803,1.0000000000000002
2023-04-05,-0.00017372416288985448,4.81294790537708,0.0,0.0,1.0000000000000002
2023-04-06,-0.002725117081290862,4.799832058828774,0.0,0.0,1.0000000000000002
2023-04-10,0.008478976483375256,4.840529721979734,0.0,0.0,1.0000000000000002
2023-04-11,0.004536733551369743,4.862489915575842,0.0,0.0,1.0000000000000002
2023-04-12,-0.0021769585123715407,4.851904476762808,0.0,0.0,1.0000000000000002
2023-04-13,0.006559978707625369,4.883732866821805,0.0,0.0,1.0000000000000002
2023-04-14,-0.0007836528322472391,4.879905715728781,0.0,0.0,1.0000000000000002
2023-04-17,0.003356418225771707,4.8962847202131,0.0,0.0,1.0000000000000002
2023-04-18,0.003454625136799505,4.913199548484476,0.0,0.0,1.0000000000000002
2023-04-19,-0.0028284550096249195,4.899302784608278,0.0,0.0,1.0000000000000002
2023-04-20,-0.00285032173447064,4.885338195397557,0.0,0.0,1.0000000000000002
2023-04-21,-0.00246635629957348,4.873289210763791,0.0,0.0,1.0000000000000002
2023-04-24,0.005469305166417637,4.899942716621669,0.0,0.0,1.0000000000000002
2023-04-25,-0.01517105278677,4.8256054270156525,0.0,0.0,1.0000000000000002
2023-04-26,-0.010825202252060517,4.773367272279567,0.0,0.0,1.0000000000000002
2023-04-27,0.01171351048147562,4.8292801598553465,0.0,0.0,1.0000000000000002
2023-04-28,0.00883268596801634,4.87193567495892,0.0,0.0,1.0000000000000002
2023-05-01,0.0019595387518680507,4.8814824217106105,0.0,0.0,1.0000000000000002
2023-05-02,-0.012063290269765603,4.822595682310757,0.0002828790347145207,0.5657580694290413,1.0
2023-05-03,-0.009659507129306522,4.776011784935713,0.0,0.0,1.0
2023-05-04,-0.010567133132988182,4.725543032559577,0.0,0.0,1.0
2023-05-05,0.015434089393608241,4.798477486157444,0.0,0.0,1.0
2023-05-08,0.00278505878036861,4.811841528012668,0.0,0.0,1.0
2023-05-09,-0.0006420288254963546,4.808752187047963,0.0,0.0,1.0
2023-05-10,0.0033353185307791744,4.8247909073273485,0.0,0.0,1.0
2023-05-11,-0.004083713686727886,4.805087842663496,0.0,0.0,1.0
2023-05-12,0.0044879132407023015,4.8266526600153234,0.0,0.0,1.0
2023-05-15,0.004778500320279377,4.8497168212970845,0.0,0.0,1.0
2023-05-16,-0.01027888768699814,4.799867126777226,0.0,0.0,1.0
2023-05-17,0.013864218061492961,4.866413531289057,0.0,0.0,1.0
2023-05-18,0.012526552967252247,4.9273729181493024,0.0,0.0,1.0
2023-05-19,-0.0024389172905459056,4.9153554631422605,0.0,0.0,1.0
2023-05-22,-0.0049007994018751555,4.891266292028489,0.0,0.0,1.0
2023-05-23,-0.01760532514176172,4.805153958602388,0.0,0.0,1.0
2023-05-24,-0.006243772322054308,4.775151671312457,0.0,0.0,1.0
2023-05-25,0.014303914275123786,4.843455031469625,0.0,0.0,1.0
2023-05-26,0.010507995465757425,4.894350034978907,0.0,0.0,1.0
2023-05-30,-0.0018724455248784189,4.8851856311587225,0.0,0.0,1.0
2023-05-31,-0.011619793001744871,4.82842078534956,0.0,0.0,1.0
2023-06-01,0.009894385624354074,4.876195042556455,0.0,0.0,1.0
2023-06-02,0.017400341011067244,4.961042499133413,0.00031795769745994755,0.6359153949198951,1.0
2023-06-05,-0.0008747577311134513,4.956702788852914,0.0,0.0,1.0
2023-06-06,-0.0007595932247750348,4.952937710997277,0.0,0.0,1.0
2023-06-07,-0.002845909011458425,4.938842100932358,0.0,0.0,1.0
2023-06-08,0.008365867598469245,4.9801598000385034,0.0,0.0,1.0
2023-06-09,0.0028121536792926616,4.994164774743647,0.0,0.0,1.0
2023-06-12,0.009169259842533695,5.0399575692597,0.0,0.0,1.0
2023-06-13,0.00812651990262614,5.08091488475468,0.0,0.0,1.0
2023-06-14,0.0017760734172662662,5.089938962616885,0.0,0.0,1.0
2023-06-15,0.011287385654588977,5.147391066646261,0.0,0.0,1.0
2023-06-16,-0.005598264720769852,5.118574608833849,0.0,0.0,1.0
2023-06-20,-0.003450837347396263,5.100911240408251,0.0,0.0,1.0
2023-06-21,0.0007092800643535568,5.104529215061109,0.0,0.0,1.0
2023-06-22,0.002284083532715142,5.116188386183493,0.0,0.0,1.0
2023-06-23,-0.006558950176301703,5.082631561465942,0.0,0.0,1.0
2023-06-26,-0.000798299302600558,5.078574100235048,0.0,0.0,1.0
2023-06-27,0.01027509742494348,5.130756943894758,0.0,0.0,1.0
2023-06-28,0.0015185535178456888,5.1385482729011205,0.0,0.0,1.0
2023-06-29,0.004140922908501654,5.159826605160818,0.0,0.0,1.0
2023-06-30,0.012324102416263027,5.223416836692978,0.0,0.0,1.0
2023-07-03,-0.003307579353151735,5.206139971011027,0.0,0.0,1.0
2023-07-05,-0.007233597445680751,5.168480850214865,0.00035367964983305973,0.7073592996661194,1.0
2023-07-06,-0.011827267799951136,5.107351843080455,0.0,0.0,1.0
2023-07-07,0.0005887321445667837,5.110358705284089,0.0,0.0,1.0
2023-07-10,0.017362643176168424,5.1990880399861625,0.0,0.0,1.0
2023-07-11,0.002730298275051224,5.213283101093577,0.0,0.0,1.0
2023-07-12,0.010149023667064494,5.266192834669683,0.0,0.0,1.0
2023-07-13,0.008044566699364486,5.308557074179898,0.0,0.0,1.0
2023-07-14,-0.002301466211756753,5.296339609440491,0.0,0.0,1.0
2023-07-17,0.009139216809423312,5.344744005427504,0.0,0.0,1.0
2023-07-18,0.005220741437998777,5.3726475319321345,0.0,0.0,1.0
2023-07-19,-0.005388554759261699,5.343696726504106,0.0,0.0,1.0
2023-07-20,-0.015727928297415095,5.259651447546518,0.0,0.0,1.0
2023-07-21,0.00020120203594564678,5.260709700126129,0.0,0.0,1.0
2023-07-24,-0.0004845057846207812,5.258160855845207,0.0,0.0,1.0
2023-07-25,0.006848533997613648,5.294171549231384,0.0,0.0,1.0
2023-07-26,-0.006358673520996172,5.260507640785676,0.0,0.0,1.0
2023-07-27,0.0012560568260562288,5.267115137316405,0.0,0.0,1.0
2023-07-28,0.01153370760334882,5.327864503223385,0.0,0.0,1.0
2023-07-31,0.0038323429949109755,5.3482827074301476,0.0,0.0,1.0
2023-08-01,0.002496146811959088,5.361632806259755,0.0,0.0,1.0
2023-08-02,-0.01637319393488801,5.273845752515206,0.0002589733069312666,0.5179466138625332,1.0000000000000002
2023-08-03,-0.0011353781882880165,5.267857943079405,0.0,0.0,1.0000000000000002
2023-08-04,-0.007671353110147994,5.227446344663945,0.0,0.0,1.0000000000000002
2023-08-07,0.01612862297591744,5.311757855883867,0.0,0.0,1.0000000000000002
2023-08-08,-0.0025265712591874268,5.298337321149428,0.0,0.0,1.0000000000000002
2023-08-09,-0.007864709047926577,5.256667439680817,0.0,0.0,1.0000000000000002
2023-08-10,-0.000645163092578227,5.2532760318587775,0.0,0.0,1.0000000000000002
2023-08-11,-0.004533892627881508,5.229458242385706,0.0,0.0,1.0000000000000002
2023-08-14,0.00890678400572864,5.276035897417613,0.0,0.0,1.0000000000000002
2023-08-15,-0.009392735749704673,5.2264794864272135,0.0,0.0,1.0000000000000002
2023-08-16,-0.011290903810831865,5.167467809276678,0.0,0.0,1.0000000000000002
2023-08-17,-0.015543565965896788,5.0871469325065375,0.0,0.0,1.0000000000000002
2023-08-18,0.0016079716721222326,5.095326920665932,0.0,0.0,1.0000000000000002
2023-08-21,0.008344192138853845,5.1378433075022425,0.0,0.0,1.0000000000000002
2023-08-22,-0.0025410824541196586,5.124787624021533,0.0,0.0,1.0000000000000002
2023-08-23,0.01308540350124332,5.191847537940032,0.0,0.0,1.0000000000000002
2023-08-24,-0.019102595386339738,5.0926697751151995,0.0,0.0,1.0000000000000002
2023-08-25,0.006705012937488375,5.126816191843703,0.0,0.0,1.0000000000000002
2023-08-28,0.007112364838641971,5.163279979060753,0.0,0.0,1.0000000000000002
2023-08-29,0.01764390699062024,5.2543804107778325,0.0,0.0,1.0000000000000002
2023-08-30,0.003403060909668687,5.27226138735828,0.0,0.0,1.0000000000000002
2023-08-31,-0.0020288975515585506,5.261564509138292,0.0,0.0,1.0000000000000002
2023-09-01,0.004486646774358283,5.285171290571296,0.0,0.0,1.0000000000000002
2023-09-05,-0.006251283948042086,5.252132184119895,0.00018767587688362183,0.37535175376724367,1.0000000000000002
2023-09-06,0.0007390923945227446,5.256013995072206,0.0,0.0,1.0000000000000002
2023-09-07,-0.006553246326491791,5.22157004066701,0.0,0.0,1.0000000000000002
2023-09-08,0.0002946996021624404,5.223108835280658,0.0,0.0,1.0000000000000002
2023-09-11,0.00439703547605963,5.246075030124707,0.0,0.0,1.0000000000000002
2023-09-12,-0.01189574982987407,5.183669033977595,0.0,0.0,1.0000000000000002
2023-09-13,-0.007755581350734175,5.1434666670893,0.0,0.0,1.0000000000000002
2023-09-14,0.007827729820483631,5.183728334499938,0.0,0.0,1.0000000000000002
2023-09-15,-0.01776358640496567,5.09164672833018,0.0,0.0,1.0000000000000002
2023-09-18,-6.855261699934001e-05,5.091297682622117,0.0,0.0,1.0000000000000002
2023-09-19,-0.0023478451247584964,5.079344104179278,0.0,0.0,1.0000000000000002
2023-09-20,-0.0097556028447352,5.029792040387158,0.0,0.0,1.0000000000000002
2023-09-21,-0.018900559323107524,4.934726157544927,0.0,0.0,1.0000000000000002
2023-09-22,-0.0017676858916184646,4.926003111737234,0.0,0.0,1.0000000000000002
2023-09-25,0.0035956287437837187,4.943715190117765,0.0,0.0,1.0000000000000002
2023-09-26,-0.01397886106754731,4.874607682317586,0.0,0.0,1.0000000000000002
2023-09-27,0.007463757617270472,4.910990572537688,0.0,0.0,1.0000000000000002
2023-09-28,0.013321836878975368,4.976413987859221,0.0,0.0,1.0000000000000002
2023-09-29,-0.009083820444921287,4.931209136733913,0.0,0.0,1.0000000000000002
2023-10-02,-0.0038952441786676006,4.912000873050258,0.0,0.0,1.0000000000000002
2023-10-03,-0.020788602884886376,4.809887237530201,0.00025838321280023994,0.5167664256004799,1.0000000000000002
2023-10-04,0.005875085921620782,4.838145738323998,0.0,0.0,1.0000000000000002
2023-10-05,-0.004421183957088681,4.816755406003663,0.0,0.0,1.0000000000000002
2023-10-06,0.017486394245368464,4.900983090016553,0.0,0.0,1.0000000000000002
2023-10-09,0.004237033794267875,4.921748720994089,0.0,0.0,1.0000000000000002
2023-10-10,0.009682806440295177,4.969405061207246,0.0,0.0,1.0000000000000002
2023-10-11,0.003988715899831741,4.989226606187587,0.0,0.0,1.0000000000000002
2023-10-12,-0.0071032780559525666,4.9537867423196795,0.0,0.0,1.0000000000000002
2023-10-13,-0.014963109769413063,4.879662687520087,0.0,0.0,1.0000000000000002
2023-10-16,0.011758038835484097,4.937037950904011,0.0,0.0,1.0000000000000002
2023-10-17,0.004569550335453254,4.95959799432871,0.0,0.0,1.0000000000000002
2023-10-18,-0.020319530128433128,4.858821293458031,0.0,0.0,1.0000000000000002
2023-10-19,-0.009797892983335443,4.811215082399578,0.0,0.0,1.0000000000000002
2023-10-20,-0.016417891499017623,4.732225075198304,0.0,0.0,1.0000000000000002
2023-10-23,0.0018028762942383647,4.740756691605379,0.0,0.0,1.0000000000000002
2023-10-24,0.006499330013274074,4.77156843385676,0.0,0.0,1.0000000000000002
2023-10-25,-0.021830250864627754,4.667403897927928,0.0,0.0,1.0000000000000002
2023-10-26,-0.0149374201138458,4.597684925063577,0.0,0.0,1.0000000000000002
2023-10-27,-0.001821303511822192,4.589311145363307,0.0,0.0,1.0000000000000002
2023-10-30,0.007276777207923635,4.622706540105956,0.0,0.0,1.0000000000000002
2023-10-31,0.00895048386676045,4.664082000413943,0.0,0.0,1.0000000000000002
2023-11-01,0.016772379845381158,4.742309755354891,0.0,0.0,1.0000000000000002
2023-11-02,0.019225051276705818,4.833480903571611,0.00028251158220920966,0.5650231644184193,0.9999999999999998
2023-11-03,0.014443940847464365,4.903295415830148,0.0,0.0,0.9999999999999998
2023-11-06,0.0006491803343038338,4.906478538787387,0.0,0.0,0.9999999999999998
2023-11-07,0.006705622662455113,4.939379532469929,0.0,0.0,0.9999999999999998
2023-11-08,0.003939495524485359,4.958838196031829,0.0,0.0,0.9999999999999998
2023-11-09,-0.007094984763330703,4.923655314587161,0.0,0.0,0.9999999999999998
2023-11-10,0.025996040066153636,5.0516508554170985,0.0,0.0,0.9999999999999998
2023-11-13,0.0005912755158401506,5.054637772882479,0.0,0.0,0.9999999999999998
2023-11-14,0.028552055427408574,5.198958070739293,0.0,0.0,0.9999999999999998
2023-11-15,-0.0004109587431231354,5.196821513464992,0.0,0.0,0.9999999999999998
2023-11-16,0.001036647850291894,5.202208787315276,0.0,0.0,0.9999999999999998
2023-11-17,0.004367763319617746,5.224930804037505,0.0,0.0,0.9999999999999998
2023-11-20,0.011237890879727486,5.283648006267405,0.0,0.0,0.9999999999999998
2023-11-21,-0.007279532064554006,5.245185521187964,0.0,0.0,0.9999999999999998
2023-11-22,0.004091290937259684,5.266645101175047,0.0,0.0,0.9999999999999998
2023-11-24,0.0016288178185805968,5.275223506559981,0.0,0.0,0.9999999999999998
2023-11-27,-0.0018929555666427067,5.265237742857954,0.0,0.0,0.9999999999999998
2023-11-28,-0.003177308707551396,5.248508457130243,0.0,0.0,0.9999999999999998
2023-11-29,0.005577562376724243,5.277782340434651,0.0,0.0,0.9999999999999998
2023-11-30,0.0029095726885310924,5.293138431788392,0.0,0.0,0.9999999999999998
2023-12-01,0.01072526250283068,5.3499087309331435,0.0,0.0,0.9999999999999999
2023-12-04,-0.011100805409149261,5.290520435154346,0.00024354892161019027,0.4870978432203806,1.0
2023-12-05,-0.002590598762294838,5.27681481946314,0.0,0.0,1.0
2023-12-06,-0.007263950964177424,5.238484295367515,0.0,0.0,1.0
2023-12-07,0.013387191636757168,5.308612888515743,0.0,0.0,1.0
2023-12-08,0.007823395702938774,5.350144267776322,0.0,0.0,1.0
2023-12-11,0.01443292869885826,5.427362518521743,0.0,0.0,1.0
2023-12-12,0.0066108647089528905,5.4632420778581325,0.0,0.0,1.0
2023-12-13,0.01033524379845474,5.519706016662773,0.0,0.0,1.0
2023-12-14,0.0018892876437459627,5.530134329037164,0.0,0.0,1.0
2023-12-15,0.0037707804861395466,5.550987251650828,0.0,0.0,1.0
2023-12-18,0.005696037186741831,5.5826058814593615,0.0,0.0,1.0
2023-12-19,0.006139749679771711,5.616881684132343,0.0,0.0,1.0
2023-12-20,-0.01850606976239566,5.5129352798386675,0.0,0.0,1.0
2023-12-21,0.015892680577328067,5.600550599284626,0.0,0.0,1.0
2023-12-22,0.0003103195852671714,5.602288559823863,0.0,0.0,1.0
2023-12-26,0.006422051795507366,5.638266747128431,0.0,0.0,1.0
2023-12-27,0.0003881215777612468,5.640455080114165,0.0,0.0,1.0
2023-12-28,-0.001022183108566277,5.634689502206646,0.0,0.0,1.0
2023-12-29,-0.00251379437508803,5.620525051430631,0.0,0.0,1.0
2024-01-02,-0.018773748024032866,5.515006730352308,0.0,0.0,1.0
2024-01-03,-0.013099398221975367,5.4427634609945486,0.00017934488596989487,0.3586897719397898,1.0
2024-01-04,-0.0026400497411462887,5.428394294728229,0.0,0.0,1.0
2024-01-05,0.0019775680123601536,5.439129313643962,0.0,0.0,1.0
2024-01-08,0.02228811121155294,5.5603572326804755,0.0,0.0,1.0
2024-01-09,0.00043603734633856917,5.5627817560929085,0.0,0.0,1.0
2024-01-10,0.00623795883415279,5.597482159690792,0.0,0.0,1.0
2024-01-11,0.004356637579678857,5.621868360819283,0.0,0.0,1.0
2024-01-12,-0.0023513534987129603,5.608649360979767,0.0,0.0,1.0
2024-01-16,0.0025295748723919154,5.622836859471358,0.0,0.0,1.0
2024-01-17,-0.006440363124599835,5.5866237483059775,0.0,0.0,1.0
2024-01-18,0.01518785671903844,5.671472589338427,0.0,0.0,1.0
2024-01-19,0.020207254077895476,5.786077476947008,0.0,0.0,1.0
2024-01-22,0.0039892959595684285,5.809159852447542,0.0,0.0,1.0
2024-01-23,-0.0024661027423666937,5.7948338674045745,0.0,0.0,1.0
2024-01-24,0.006684578831421817,5.833569891206233,0.0,0.0,1.0
2024-01-25,0.007795686433534232,5.879046572866184,0.0,0.0,1.0
2024-01-26,-0.0073150902971583776,5.836040816324468,0.0,0.0,1.0
2024-01-29,0.012320898108790113,5.907946080581143,0.0,0.0,1.0
2024-01-30,-0.003496099777492101,5.887291311603388,0.0,0.0,1.0
2024-01-31,-0.019523900050929743,5.772348424464936,0.0,0.0,1.0
2024-02-01,0.016724024318779396,5.868885319892156,0.0,0.0,1.0
2024-02-02,0.01521302475672015,5.958168817558027,0.0001873927437733142,0.3747854875466283,0.9999999999999999
2024-02-05,-0.0008359296817409545,5.953188207394607,0.0,0.0,0.9999999999999999
2024-02-06,-0.004093795884004381,5.928817070014472,0.0,0.0,0.9999999999999999
2024-02-07,0.013822423795337935,6.010767692161246,0.0,0.0,0.9999999999999999
2024-02-08,0.010349822861619229,6.072978073037459,0.0,0.0,0.9999999999999999
2024-02-09,0.004750065055275865,6.10182511396365,0.0,0.0,0.9999999999999999
2024-02-12,-0.003895266133225994,6.07805688124636,0.0,0.0,0.9999999999999999
2024-02-13,-0.018229156577388994,5.967259030671843,0.0,0.0,0.9999999999999999
2024-02-14,0.019148859115765138,6.081525233157456,0.0,0.0,0.9999999999999999
2024-02-15,0.0021003232180927256,6.094298401806073,0.0,0.0,0.9999999999999999
2024-02-16,-0.00948495687830242,6.036494244261435,0.0,0.0,0.9999999999999999
2024-02-20,-0.008903668899063688,5.982747298199428,0.0,0.0,0.9999999999999999
2024-02-21,-0.00674593496799325,5.942388073995837,0.0,0.0,0.9999999999999999
2024-02-22,0.03208123596190071,6.133027227974883,0.0,0.0,0.9999999999999999
2024-02-23,-0.004347075904205799,6.106366493092315,0.0,0.0,0.9999999999999999
2024-02-26,0.004276334851152308,6.132479360940635,0.0,0.0,0.9999999999999999
2024-02-27,0.002362482122244547,6.14696723379589,0.0,0.0,0.9999999999999999
2024-02-28,-0.004252474447823507,6.120827412702565,0.0,0.0,0.9999999999999999
2024-02-29,0.012102056762731017,6.194902013485971,0.0,0.0,0.9999999999999999
2024-03-01,0.018033347673678035,6.306616835299532,0.0,0.0,0.9999999999999999
2024-03-04,-7.989191581214694e-05,6.306112987598267,0.00019146878889156642,0.3829375777831328,1.0000000000000002
2024-03-05,-0.016884779496827762,6.199635660320588,0.0,0.0,1.0000000000000002
2024-03-06,0.006152037280087175,6.237776050025838,0.0,0.0,1.0000000000000002
2024-03-07,0.013552857010055153,6.322315736892585,0.0,0.0,1.0000000000000002
2024-03-08,-0.011227019543397554,6.251334974554962,0.0,0.0,1.0000000000000002
2024-03-11,-0.00840583827024588,6.1987872637857215,0.0,0.0,1.0000000000000002
2024-03-12,0.015923054395726055,6.297490890574515,0.0,0.0,1.0000000000000002
2024-03-13,-0.004644852146592826,6.268239976493281,0.0,0.0,1.0000000000000002
2024-03-14,-0.006394160354218803,6.228159844944859,0.0,0.0,1.0000000000000002
2024-03-15,-0.009882535546166249,6.166609833889986,0.0,0.0,1.0000000000000002
2024-03-18,0.007216483601922619,6.211111072635707,0.0,0.0,1.0000000000000002
2024-03-19,0.006488449545454689,6.251411553451719,0.0,0.0,1.0000000000000002
2024-03-20,0.014401193917798372,6.341439343492942,0.0,0.0,1.0000000000000002
2024-03-21,0.012133415845908102,6.418382664109144,0.0,0.0,1.0000000000000002
2024-03-22,-0.004043517248518036,6.39242982309923,0.0,0.0,1.0000000000000002
2024-03-25,-0.003899362119086036,6.36750342439812,0.0,0.0,1.0000000000000002
2024-03-26,1.1338257830173504e-05,6.36757562079368,0.0,0.0,1.0000000000000002
2024-03-27,0.0033294583595904204,6.388776198674656,0.0,0.0,1.0000000000000002
2024-03-28,-0.0009435284333932925,6.38274820667662,0.0,0.0,1.0000000000000002
2024-04-01,0.001532994558673284,6.392532924946837,0.0,0.0,1.0000000000000002
2024-04-02,-0.012004806839321147,6.3157918019688495,0.00023973834145374294,0.47947668290748585,1.0
2024-04-03,0.009753605359286377,6.3773935427366695,0.0,0.0,1.0
2024-04-04,-0.01716547573500704,6.267922548626233,0.0,0.0,1.0
2024-04-05,0.017915114924618614,6.380213101423481,0.0,0.0,1.0
2024-04-08,-0.0005089470277446217,6.376965910929134,0.0,0.0,1.0
2024-04-09,-0.00370141754626796,6.353362097414468,0.0,0.0,1.0
2024-04-10,-0.011448411800903946,6.280626191803012,0.0,0.0,1.0
2024-04-11,0.011270663860038388,6.351413018441377,0.0,0.0,1.0
2024-04-12,-0.01968533291266117,6.2263833387075485,0.0,0.0,1.0
2024-04-15,-0.015174815873546743,6.131899117984542,0.0,0.0,1.0
2024-04-16,0.0038651705525869495,6.155599953886809,0.0,0.0,1.0
2024-04-17,-0.012219280253033316,6.080382952924707,0.0,0.0,1.0
2024-04-18,-0.007793759119823496,6.032993912833331,0.0,0.0,1.0
2024-04-19,-0.022182336380151546,5.899168012479455,0.0,0.0,1.0
2024-04-22,0.010468389694386682,5.960922802106751,0.0,0.0,1.0
2024-04-23,0.021929420632811558,6.091642385593867,0.0,0.0,1.0
2024-04-24,0.0002971142349110778,6.0934522992606155,0.0,0.0,1.0
2024-04-25,-0.002362629182631082,6.079055731035412,0.0,0.0,1.0
2024-04-26,0.013018325127037933,6.158194855007414,0.0,0.0,1.0
2024-04-29,0.0016355798006115752,6.168267074120494,0.0,0.0,1.0
2024-04-30,-0.019294905452642452,6.0492509441186915,0.0,0.0,1.0
2024-05-01,-0.012513669861857202,5.973552614892462,0.0,0.0,1.0
2024-05-02,0.010153616200358595,6.034205775496729,0.00020514445784480104,0.4102889156896021,1.0000000000000002
2024-05-03,0.01230000550947441,6.108426539780641,0.0,0.0,1.0000000000000002
2024-05-06,0.01956152006066114,6.227916648077636,0.0,0.0,1.0000000000000002
2024-05-07,-0.001710859720574609,6.217261556341343,0.0,0.0,1.0000000000000002
2024-05-08,0.0020127944185344138,6.229775625700516,0.0,0.0,1.0000000000000002
2024-05-09,0.004121758872115855,6.255453258657039,0.0,0.0,1.0000000000000002
2024-05-10,0.0032231653974124086,6.275615619145474,0.0,0.0,1.0000000000000002
2024-05-13,-0.004724973020253653,6.245963504659529,0.0,0.0,1.0000000000000002
2024-05-14,0.006904097832757916,6.289086247755534,0.0,0.0,1.0000000000000002
2024-05-15,0.02232809387181023,6.42950955586333,0.0,0.0,1.0000000000000002
2024-05-16,-0.009713474606371508,6.3670566780610285,0.0,0.0,1.0000000000000002
2024-05-17,-2.271909067264044e-05,6.3669120243230415,0.0,0.0,1.0000000000000002
2024-05-20,0.009148947682360298,6.425162569331763,0.0,0.0,1.0000000000000002
2024-05-21,0.0008511533033435104,6.430631367677169,0.0,0.0,1.0000000000000002
2024-05-22,-0.00534318013984636,6.396271345866723,0.0,0.0,1.0000000000000002
2024-05-23,-0.0069547908645843926,6.3517866163430865,0.0,0.0,1.0000000000000002
2024-05-24,0.013956117984242677,6.440432899771504,0.0,0.0,1.0000000000000002
2024-05-28,0.002638404666091443,6.45742536798591,0.0,0.0,1.0000000000000002
2024-05-29,-0.0133442154978487,6.371256092314231,0.0,0.0,1.0000000000000002
2024-05-30,-0.009694735867201376,6.309488447356947,0.0,0.0,1.0000000000000002
2024-05-31,0.003462247260689111,6.331333456450158,0.0,0.0,1.0000000000000002
2024-06-03,-0.004318773974171464,6.3039898582966405,0.0,0.0,1.0000000000000002
2024-06-04,-0.004663783306750324,6.274589415629594,0.0003372957023034807,0.6745914046069613,1.0
2024-06-05,0.0199010218574438,6.399460156736524,0.0,0.0,1.0
2024-06-06,-0.007534682550469518,6.351242255961136,0.0,0.0,1.0
2024-06-07,-0.0013050260096291177,6.342953719623651,0.0,0.0,1.0
2024-06-10,0.010807251550341235,6.411503616043797,0.0,0.0,1.0
2024-06-11,-0.0052235255078530995,6.3780129633617,0.0,0.0,1.0
2024-06-12,0.014004310005806042,6.467332634121666,0.0,0.0,1.0
2024-06-13,0.006036198837860773,6.5063707398518105,0.0,0.0,1.0
2024-06-14,-0.006878176825638516,6.461618771409949,0.0,0.0,1.0
2024-06-17,0.01514108009911097,6.559454658797787,0.0,0.0,1.0
2024-06-18,0.008888888342322598,6.617760918846368,0.0,0.0,1.0
2024-06-20,-0.00977271107682487,6.5530874534109795,0.0,0.0,1.0
2024-06-21,-0.005942494705416412,6.514145765914954,0.0,0.0,1.0
2024-06-24,-0.006093971287555178,6.474448748654519,0.0,0.0,1.0
2024-06-25,0.005882993986906282,6.512537891711386,0.0,0.0,1.0
2024-06-26,-0.004485265310283815,6.483327431423784,0.0,0.0,1.0
2024-06-27,0.0006477167866585365,6.487526791434521,0.0,0.0,1.0
2024-06-28,0.0010807071892589004,6.494537908278534,0.0,0.0,1.0
2024-07-01,-0.00139805779260338,6.485458168946508,0.0,0.0,1.0
2024-07-02,0.006824530396401185,6.529718375355072,0.00023593630313043854,0.471872606260877,1.0
2024-07-03,0.00824275483650827,6.583541243074568,0.0,0.0,1.0
2024-07-05,-0.001175839724216421,6.575800053754944,0.0,0.0,1.0
2024-07-08,0.006279984256518434,6.6170959745665385,0.0,0.0,1.0
2024-07-09,0.0008650377258530018,6.622820012220129,0.0,0.0,1.0
2024-07-10,0.009105730213722296,6.683125624505447,0.0,0.0,1.0
2024-07-11,-0.010536727766236376,6.612707349172474,0.0,0.0,1.0
2024-07-12,0.003430426131467046,6.6353917532628195,0.0,0.0,1.0
2024-07-15,0.0007874580570230716,6.64061684596043,0.0,0.0,1.0
2024-07-16,0.007745556772247086,6.692052120743558,0.0,0.0,1.0
2024-07-17,-0.037710058442670946,6.439694444168918,0.0,0.0,1.0
2024-07-18,-0.007587438472608898,6.390833658791385,0.0,0.0,1.0
2024-07-19,-0.008671061256953272,6.335418348653006,0.0,0.0,1.0
2024-07-22,0.01789373982938658,6.448782676294124,0.0,0.0,1.0
2024-07-23,0.00025914888281675097,6.450453871120214,0.0,0.0,1.0
2024-07-24,-0.03442593976531794,6.228390934694067,0.0,0.0,1.0
2024-07-25,-0.012710121299151722,6.1492273304155685,0.0,0.0,1.0
2024-07-26,0.01458454495497663,6.238911012854385,0.0,0.0,1.0
2024-07-29,-0.0025666573826563788,6.222897865843506,0.0,0.0,1.0
2024-07-30,-0.009872358407058912,6.161463187781377,0.0,0.0,1.0
2024-07-31,0.030529952375207836,6.349572365465938,0.0,0.0,1.0
2024-08-01,-0.032207471323514425,6.145068695588614,0.0,0.0,1.0
2024-08-02,-0.037683666565477614,5.913499975842098,0.00027787878463191425,0.5557575692638286,1.0000000000000002
2024-08-05,-0.018490557943831476,5.8041560618879435,0.0,0.0,1.0000000000000002
2024-08-06,0.019601654438847982,5.917927123322215,0.0,0.0,1.0000000000000002
2024-08-07,-0.016937635138282614,5.817691432932437,0.0,0.0,1.0000000000000002
2024-08-08,0.03725987765500083,6.034457903958047,0.0,0.0,1.0000000000000002
2024-08-09,0.007390326441283124,6.079054517764478,0.0,0.0,1.0000000000000002
2024-08-12,0.0022677624121048012,6.092840369101,0.0,0.0,1.0000000000000002
2024-08-13,0.019327714514178584,6.210601048335447,0.0,0.0,1.0000000000000002
2024-08-14,0.004092479106608815,6.236017803365242,0.0,0.0,1.0000000000000002
2024-08-15,0.024751021635710302,6.39036561493701,0.0,0.0,1.0000000000000002
2024-08-16,-0.002648890159306805,6.373438238345231,0.0,0.0,1.0000000000000002
2024-08-19,0.01219038421101093,6.451132899215808,0.0,0.0,1.0000000000000002
2024-08-20,-0.0026499105565815917,6.434037974044265,0.0,0.0,1.0000000000000002
2024-08-21,0.007009140307814965,6.479135048950151,0.0,0.0,1.0000000000000002
2024-08-22,-0.012127124198852313,6.400561773510395,0.0,0.0,1.0000000000000002
2024-08-23,0.011281301221844675,6.47276843886639,0.0,0.0,1.0000000000000002
2024-08-26,-0.0115882053998968,6.397760668690837,0.0,0.0,1.0000000000000002
2024-08-27,0.00515865776550406,6.4307645264462145,0.0,0.0,1.0000000000000002
2024-08-28,-0.010593595039921966,6.362639611255948,0.0,0.0,1.0000000000000002
2024-08-29,0.002371493495225696,6.377728569706506,0.0,0.0,1.0000000000000002
2024-08-30,0.01365782736449117,6.464834485489141,0.0,0.0,1.0000000000000002
2024-09-03,-0.04077779229908429,6.201212807591907,0.0,0.0,1.0000000000000002
2024-09-04,-0.0025445882165741063,6.18543327455324,0.00037461307765635583,0.7492261553127115,1.0
2024-09-05,-0.008882526402951618,6.130491000178326,0.0,0.0,1.0
2024-09-06,-0.017840615884262445,6.021119265062216,0.0,0.0,1.0
2024-09-09,0.017527397894618657,6.126653818191916,0.0,0.0,1.0
2024-09-10,0.0008395866772055172,6.13179767511352,0.0,0.0,1.0
2024-09-11,0.0127497832260004,6.209976766256911,0.0,0.0,1.0
2024-09-12,0.00888534135972674,6.265154529661077,0.0,0.0,1.0
2024-09-13,0.010522386359338443,6.33107890622313,0.0,0.0,1.0
2024-09-16,0.004842891026480389,6.361739631446017,0.0,0.0,1.0
2024-09-17,-0.0012256949517056581,6.353942079295688,0.0,0.0,1.0
2024-09-18,-0.004791937389825529,6.323494386673126,0.0,0.0,1.0
2024-09-19,0.017344085845429902,6.433169616158679,0.0,0.0,1.0
2024-09-20,0.008140421620138394,6.485538329188074,0.0,0.0,1.0
2024-09-23,0.004861039138851941,6.517064784842782,0.0,0.0,1.0
2024-09-24,-0.00022034539763970962,6.515628779611323,0.0,0.0,1.0
2024-09-25,0.00105326846312348,6.522491485922307,0.0,0.0,1.0
2024-09-26,-0.002147091040063165,6.508487102893995,0.0,0.0,1.0
2024-09-27,-0.0012352611557762128,6.50044742159292,0.0,0.0,1.0
2024-09-30,0.0045912674421011435,6.5302927141987706,0.0,0.0,1.0
2024-10-01,-0.005816844111659503,6.492307019476771,0.0,0.0,1.0
2024-10-02,0.003933970470059833,6.517847563573954,0.0002602059386105821,0.5204118772211642,0.9999999999999999
2024-10-03,0.0007467253937891716,6.522714605862522,0.0,0.0,0.9999999999999999
2024-10-04,0.014807610439212304,6.619300422752294,0.0,0.0,0.9999999999999999
2024-10-07,-0.004922143246802069,6.586719277877889,0.0,0.0,0.9999999999999999
2024-10-08,0.009465952864880611,6.649068852096481,0.0,0.0,0.9999999999999999
2024-10-09,0.011472539523474934,6.725350557296465,0.0,0.0,0.9999999999999999
2024-10-10,-0.0027446476539968456,6.706891839667074,0.0,0.0,0.9999999999999999
2024-10-11,0.014415377573397503,6.803574217879814,0.0,0.0,0.9999999999999999
2024-10-14,0.0077081556731595224,6.856017227085125,0.0,0.0,0.9999999999999999
2024-10-15,-0.011346750485247581,6.778223710286832,0.0,0.0,0.9999999999999999
2024-10-16,0.007282402139540345,6.827585461136907,0.0,0.0,0.9999999999999999
2024-10-17,-0.00267467774382657,6.809323870259931,0.0,0.0,0.9999999999999999
2024-10-18,0.005533366336714529,6.847002353739414,0.0,0.0,0.9999999999999999
2024-10-21,-0.0051356569100837746,6.811838498788072,0.0,0.0,0.9999999999999999
2024-10-22,-0.005351923707818562,6.775382058832577,0.0,0.0,0.9999999999999999
2024-10-23,-0.007059502384438643,6.727551233032766,0.0,0.0,0.9999999999999999
2024-10-24,0.0017783957455177468,6.739515481523344,0.0,0.0,0.9999999999999999
2024-10-25,-0.0037905500949718673,6.713969010474791,0.0,0.0,0.9999999999999999
2024-10-28,0.005204460270776146,6.748911595449029,0.0,0.0,0.9999999999999999
2024-10-29,0.0034155008112173313,6.771962508478119,0.0,0.0,0.9999999999999999
2024-10-30,-0.014246443474827841,6.675486127387432,0.0,0.0,0.9999999999999999
2024-10-31,-0.021595076126064594,6.531328496288013,0.0,0.0,0.9999999999999999
2024-11-01,0.0007656344430744255,6.536329106343804,0.0,0.0,0.9999999999999999
2024-11-04,-0.0037465869989922185,6.511840180692842,0.0002538486008465235,0.507697201693047,1.0
2024-11-05,0.02414160646710739,6.669046463711826,0.0,0.0,1.0
2024-11-06,0.02753816257880204,6.852699749475107,0.0,0.0,1.0
2024-11-07,0.006771026200771413,6.8990995590248225,0.0,0.0,1.0
2024-11-08,0.007131705992061255,6.948301908689747,0.0,0.0,1.0
2024-11-11,0.0027726536154208947,6.967567143097911,0.0,0.0,1.0
2024-11-12,-0.010768032335254696,6.892540154802974,0.0,0.0,1.0
2024-11-13,-0.003913171815217775,6.865568460933942,0.0,0.0,1.0
2024-11-14,-0.0071251029747415595,6.81665057866965,0.0,0.0,1.0
2024-11-15,-0.00679451781784679,6.770334724854844,0.0,0.0,1.0
2024-11-18,0.004469043530706651,6.800591645457676,0.0,0.0,1.0
2024-11-19,0.010413232284188112,6.871407785931735,0.0,0.0,1.0
2024-11-20,-0.0035052450020854886,6.847321818132807,0.0,0.0,1.0
2024-11-21,0.019570792023244632,6.981329329351709,0.0,0.0,1.0
2024-11-22,0.013706130636660596,7.0770163411573535,0.0,0.0,1.0
2024-11-25,0.007082967997806389,7.127142621421724,0.0,0.0,1.0
2024-11-26,0.0016448913233806373,7.138865996480197,0.0,0.0,1.0
2024-11-27,-0.0111436333430589,7.059313091330191,0.0,0.0,1.0
2024-11-29,0.007140057933256783,7.1097169957712865,0.0,0.0,1.0
2024-12-02,0.005738592217933602,7.150516762394929,0.0,0.0,1.0
2024-12-03,0.0008395891101533604,7.1565202584006045,0.0003395386195573178,0.6790772391146355,1.0000000000000002
2024-12-04,0.0065685920359401795,7.20352852037498,0.0,0.0,1.0000000000000002
2024-12-05,-0.0006233779258920658,7.199037999706844,0.0,0.0,1.0000000000000002
2024-12-06,0.003871171601189438,7.226906711167193,0.0,0.0,1.0000000000000002
2024-12-09,-0.02170029755736602,7.070080685115539,0.0,0.0,1.0000000000000002
2024-12-10,-0.007297242581771224,7.018488591283556,0.0,0.0,1.0000000000000002
2024-12-11,0.008990146674714428,7.081585833154005,0.0,0.0,1.0000000000000002
2024-12-12,-0.006487242167130591,7.035645870927014,0.0,0.0,1.0000000000000002
2024-12-13,0.005778698080520561,7.076302744216561,0.0,0.0,1.0000000000000002
2024-12-16,0.003368798869729739,7.100141384903143,0.0,0.0,1.0000000000000002
2024-12-17,-0.011021144971115948,7.021889697384705,0.0,0.0,1.0000000000000002
2024-12-18,-0.0347846070224308,6.7776360237063225,0.0,0.0,1.0000000000000002
2024-12-19,0.004121245026286191,6.805568322459,0.0,0.0,1.0000000000000002
2024-12-20,0.017417460062844725,6.924104036920391,0.0,0.0,1.0000000000000002
2024-12-23,0.004603424175897652,6.955978624840381,0.0,0.0,1.0000000000000002
2024-12-24,0.01251842312292828,7.043056508500178,0.0,0.0,1.0000000000000002
2024-12-26,0.0004230622098204684,7.046036159550554,0.0,0.0,1.0000000000000002
2024-12-27,-0.012114278391672673,6.9606785159559665,0.0,0.0,1.0000000000000002
2024-12-30,-0.010222798745552542,6.889520900354857,0.0,0.0,1.0000000000000002
2024-12-31,-0.004248733838445373,6.860249159774843,0.0,0.0,1.0000000000000002
2025-01-02,0.0027289707744366787,6.878970579237222,0.0,0.0,1.0000000000000002
2025-01-03,0.015881176074768133,6.988216722219239,0.00021976132870771132,0.4395226574154226,1.0
2025-01-06,0.00438542260857866,7.018863005826507,0.0,0.0,1.0
2025-01-07,-0.01141038089237656,6.938775105498616,0.0,0.0,1.0
2025-01-08,0.0037790550233864906,6.9649971184172,0.0,0.0,1.0
2025-01-10,-0.0077849360998786254,6.910775060914483,0.0,0.0,1.0
2025-01-13,-0.006409318328007285,6.866481703655828,0.0,0.0,1.0
2025-01-14,0.012141084751983389,6.9498482399678565,0.0,0.0,1.0
2025-01-15,0.015529560652688845,7.05777632973742,0.0,0.0,1.0
2025-01-16,0.008152317216530758,7.115313561220762,0.0,0.0,1.0
2025-01-17,0.009121812245744598,7.180218115595817,0.0,0.0,1.0
2025-01-21,0.01959358210584572,7.320904308781625,0.0,0.0,1.0
2025-01-22,0.00841198218828576,7.38248762542924,0.0,0.0,1.0
2025-01-23,0.007620814769760287,7.438748196162685,0.0,0.0,1.0
2025-01-24,-0.0029896116695533603,7.416509227748568,0.0,0.0,1.0
2025-01-27,-0.04195045575843359,7.105383285507887,0.0,0.0,1.0
2025-01-28,0.011476520005267554,7.186928358929112,0.0,0.0,1.0
2025-01-29,0.003711536415512029,7.213602905248953,0.0,0.0,1.0
2025-01-30,0.018359839966118452,7.346043500168451,0.0,0.0,1.0
2025-01-31,-0.011950788210028596,7.2582524901162815,0.0,0.0,1.0
2025-02-03,-0.0046805576919904945,7.224279820593258,0.0,0.0,1.0
2025-02-04,0.005745766756128257,7.265788847423392,0.00019163465093957128,0.38326930187914254,1.0
2025-02-05,0.012449385682387959,7.356243455071759,0.0,0.0,1.0
2025-02-06,0.007369886130097036,7.410458131680909,0.0,0.0,1.0
2025-02-07,-0.006029668903823615,7.365775522721226,0.0,0.0,1.0
2025-02-10,0.006262549818420338,7.411904058883568,0.0,0.0,1.0
2025-02-11,-0.009981116037950044,7.337924984409698,0.0,0.0,1.0
2025-02-12,-0.0031388472577243975,7.314892358694996,0.0,0.0,1.0
2025-02-13,0.005370074876775099,7.354173878376738,0.0,0.0,1.0
2025-02-14,0.005379554801319575,7.393736059773899,0.0,0.0,1.0
2025-02-18,0.00572114323331796,7.436036682801213,0.0,0.0,1.0
2025-02-19,-0.005136410654977275,7.397842144752872,0.0,0.0,1.0
2025-02-20,-0.018105350865820324,7.263901617072168,0.0,0.0,1.0
2025-02-21,-0.02956626574136756,7.049135171542663,0.0,0.0,1.0
2025-02-24,-0.01113149294919924,6.970667773082684,0.0,0.0,1.0
2025-02-25,-0.006565085483445365,6.9249047432756985,0.0,0.0,1.0
2025-02-26,0.013525123463438371,7.018564934901053,0.0,0.0,1.0
2025-02-27,-0.02282605708923635,6.858358771012489,0.0,0.0,1.0
2025-02-28,0.018774723062767285,6.98712255760335,0.0,0.0,1.0
2025-03-03,-0.022049730144160562,6.83305839072402,0.0,0.0,1.0
2025-03-04,-0.0270746451267031,6.648055759665126,0.0002995857205699331,0.5991714411398662,1.0
2025-03-05,0.012994509413979838,6.734443982818757,0.0,0.0,1.0
2025-03-06,-0.03680660457395424,6.486571966117701,0.0,0.0,1.0
2025-03-07,0.0005442913546740424,6.49010255116033,0.0,0.0,1.0
2025-03-10,-0.04007859950425663,6.229988330270821,0.0,0.0,1.0
2025-03-11,0.0023343887782178996,6.244531545117434,0.0,0.0,1.0
2025-03-12,0.01413122575886061,6.332774430139815,0.0,0.0,1.0
2025-03-13,-0.016002636333108833,6.231433343954677,0.0,0.0,1.0
2025-03-14,0.027103348168498798,6.400326051464674,0.0,0.0,1.0
2025-03-17,0.01195958009455933,6.47687126350846,0.0,0.0,1.0
2025-03-18,-0.012928765988385438,6.393133310605661,0.0,0.0,1.0
2025-03-19,0.021057439194575922,6.527756326556557,0.0,0.0,1.0
2025-03-20,-0.002996266512581558,6.508197428873003,0.0,0.0,1.0
2025-03-21,0.001097144434985653,6.5153378614638795,0.0,0.0,1.0
2025-03-24,0.0267801689701872,6.68981971029174,0.0,0.0,1.0
2025-03-25,0.003462346618657186,6.712982184945094,0.0,0.0,1.0
2025-03-26,-0.018692576106975167,6.58749925454824,0.0,0.0,1.0
2025-03-27,-0.012642062003527799,6.504219680524048,0.0,0.0,1.0
2025-03-28,-0.022249304254752245,6.359505317912321,0.0,0.0,1.0
2025-03-31,0.0036273713298551336,6.382573605174578,0.0,0.0,1.0
2025-04-01,0.007516131611352339,6.4305458684102135,0.0,0.0,1.0
2025-04-02,0.01037684218846735,6.4972746280724065,0.0002990617268487471,0.5981234536974941,1.0000000000000002
2025-04-03,-0.05787065097313426,6.121273115794628,0.0,0.0,1.0000000000000002
2025-04-04,-0.07107084632704164,5.6862290548561365,0.0,0.0,1.0000000000000002
2025-04-07,0.0062376399383829995,5.721697704307501,0.0,0.0,1.0000000000000002
2025-04-08,-0.011082103091319517,5.658289260490999,0.0,0.0,1.0000000000000002
2025-04-09,0.10243799798912256,6.23791308437905,0.0,0.0,1.0000000000000002
2025-04-10,-0.03710093640511669,6.0064806677348574,0.0,0.0,1.0000000000000002
2025-04-11,0.014382000087385993,6.0928658732231025,0.0,0.0,1.0000000000000002
2025-04-14,0.009828917564835837,6.152752149624614,0.0,0.0,1.0000000000000002
2025-04-15,0.006411248199316599,6.192198970764736,0.0,0.0,1.0000000000000002
2025-04-16,-0.01528698701221265,6.097538905521619,0.0,0.0,1.0000000000000002
2025-04-17,0.002802191425867795,6.114625376761566,0.0,0.0,1.0000000000000002
2025-04-21,-0.026464579960088108,5.952804384552276,0.0,0.0,1.0000000000000002
2025-04-22,0.02941822451257381,6.127925320416468,0.0,0.0,1.0000000000000002
2025-04-23,0.021678374469242145,6.260768780232007,0.0,0.0,1.0000000000000002
2025-04-24,0.017722265560619288,6.3717237871689125,0.0,0.0,1.0000000000000002
2025-04-25,0.0032243876805861937,6.392268694852358,0.0,0.0,1.0000000000000002
2025-04-28,0.006687497378305318,6.4350169749906065,0.0,0.0,1.0000000000000002
2025-04-29,0.006531052156832473,6.477044406484373,0.0,0.0,1.0000000000000002
2025-04-30,0.0012859362952448716,6.485373472972584,0.0,0.0,1.0000000000000002
2025-05-01,0.004702874995413886,6.515873373714547,0.0,0.0,1.0000000000000002
2025-05-02,0.020096423234261085,6.646819122773568,0.0002888341887562427,0.5776683775124853,1.0
2025-05-05,-0.0010688373224363446,6.639714754419664,0.0,0.0,1.0
2025-05-06,-0.006572645825063228,6.596074260959417,0.0,0.0,1.0
2025-05-07,0.003061852424496081,6.616270466927492,0.0,0.0,1.0
2025-05-08,0.0017257677621294043,6.627688613204844,0.0,0.0,1.0
2025-05-09,-0.0005538124865800409,6.624018116493687,0.0,0.0,1.0
2025-05-12,0.013769725212241735,6.715229025758717,0.0,0.0,1.0
2025-05-13,0.009514409793990097,6.779120466570283,0.0,0.0,1.0
2025-05-14,-0.002021530237500735,6.765416269563451,0.0,0.0,1.0
2025-05-15,0.0072083815634111925,6.814183971469774,0.0,0.0,1.0
2025-05-16,0.009799164889334744,6.880957283792467,0.0,0.0,1.0
2025-05-19,0.004537851586752462,6.912182046721101,0.0,0.0,1.0
2025-05-20,-0.002271158014652719,6.896483389066952,0.0,0.0,1.0
2025-05-21,-0.016304935707564083,6.784036670799932,0.0,0.0,1.0
2025-05-22,-0.0011267638413053893,6.776392663581184,0.0,0.0,1.0
2025-05-23,-0.00039876386277748477,6.773690483066957,0.0,0.0,1.0
2025-05-27,0.017467103848181953,6.892007238170129,0.0,0.0,1.0
2025-05-28,-0.004640296823546941,6.860026278874986,0.0,0.0,1.0
2025-05-29,-0.0012600185922745366,6.851382518220111,0.0,0.0,1.0
2025-05-30,0.0074147064364478155,6.902183508276524,0.0,0.0,1.0
2025-06-02,0.0066528115405954935,6.948102434375693,0.0,0.0,1.0
2025-06-03,0.0009062517332889541,6.954399164249915,0.00029678396158777355,0.5935679231755472,1.0
2025-06-04,-0.00422258901146455,6.925033594757616,0.0,0.0,1.0
2025-06-05,-0.0034016781157472087,6.901476859527515,0.0,0.0,1.0
2025-06-06,0.006820007974219777,6.948544986743386,0.0,0.0,1.0
2025-06-09,-0.008895455670922647,6.886734512836398,0.0,0.0,1.0
2025-06-10,-0.0017614853609198011,6.874603630807496,0.0,0.0,1.0
2025-06-11,0.002993251393337948,6.895181047704056,0.0,0.0,1.0
2025-06-12,0.0025529917395283874,6.912784387961397,0.0,0.0,1.0
2025-06-13,-0.008834506597109049,6.851713348681559,0.0,0.0,1.0
2025-06-16,0.007994084450177352,6.906486523819327,0.0,0.0,1.0
2025-06-17,-0.008388090852807006,6.848554287383843,0.0,0.0,1.0
2025-06-18,0.0005024048014361515,6.851995033940721,0.0,0.0,1.0
2025-06-20,0.0051268257169632125,6.887124018293232,0.0,0.0,1.0
2025-06-23,0.014494741899510943,6.986951103368314,0.0,0.0,1.0
2025-06-24,0.00978426729512738,7.0553133005416555,0.0,0.0,1.0
2025-06-25,-0.009428531597732936,6.988792056155593,0.0,0.0,1.0
2025-06-26,0.006653381440680173,7.035291155514791,0.0,0.0,1.0
2025-06-27,0.006270071564784541,7.079402934538965,0.0,0.0,1.0
2025-06-30,0.009966153191210081,7.1499573486868835,0.0,0.0,1.0
2025-07-01,-0.010397259854759144,7.0756173841821415,0.0,0.0,1.0
2025-07-02,-0.00048298830914716984,7.072199943705583,0.0003346178813624572,0.6692357627249144,1.0
2025-07-03,0.010865313875012106,7.149041615880787,0.0,0.0,1.0
2025-07-07,-0.0015218173682830516,7.138162080183161,0.0,0.0,1.0
2025-07-08,-0.008768001120093571,7.075574667068706,0.0,0.0,1.0
2025-07-09,0.004652237189287867,7.108491918670426,0.0,0.0,1.0
2025-07-10,0.0007600233058913108,7.113894538198355,0.0,0.0,1.0
2025-07-11,-0.004047808894334093,7.085098852613282,0.0,0.0,1.0
2025-07-14,0.013375155883623258,7.179863154217864,0.0,0.0,1.0
2025-07-15,-0.009908195354774163,7.108723667465329,0.0,0.0,1.0
2025-07-16,0.0036604858149238417,7.134745049612299,0.0,0.0,1.0
2025-07-17,0.004732121758604935,7.168507531903668,0.0,0.0,1.0
2025-07-18,0.003607421850075232,7.194367362606686,0.0,0.0,1.0
2025-07-21,-0.0022449152806053307,7.178216617380082,0.0,0.0,1.0
2025-07-22,-0.002536002883300692,7.160012639341449,0.0,0.0,1.0
2025-07-23,0.01259660966252829,7.250204523738002,0.0,0.0,1.0
2025-07-24,-0.0031840067268844585,7.2271198237631324,0.0,0.0,1.0
2025-07-25,0.0032367294845769834,7.250512055585277,0.0,0.0,1.0
2025-07-28,-0.0048584285419371875,7.215285960870762,0.0,0.0,1.0
2025-07-29,-0.0049228256201305776,7.179766366286019,0.0,0.0,1.0
2025-07-30,0.005666685970660668,7.220451847626473,0.0,0.0,1.0
2025-07-31,-0.002386737255344218,7.203218526201324,0.0,0.0,1.0
2025-08-01,-0.010921892532516408,7.124545747569922,0.0,0.0,1.0
2025-08-04,0.013894121326789133,7.2235350505849185,0.00025983935795308735,0.5196787159061748,1.0000000000000002
2025-08-05,-0.005243052324814701,7.185661678344569,0.0,0.0,1.0000000000000002
2025-08-06,0.001946571792325269,7.199649084676827,0.0,0.0,1.0000000000000002
2025-08-07,-0.004860216875720136,7.164657228696218,0.0,0.0,1.0000000000000002
2025-08-08,0.0024940162116693365,7.182525999975639,0.0,0.0,1.0000000000000002
2025-08-11,0.0008572765030299134,7.188683410747819,0.0,0.0,1.0000000000000002
2025-08-12,0.015083691845026115,7.29711529608699,0.0,0.0,1.0000000000000002
2025-08-13,-0.007108078969218723,7.24524682431491,0.0,0.0,1.0000000000000002
2025-08-14,-0.003619809542235286,7.219020410724405,0.0,0.0,1.0000000000000002
2025-08-15,-0.005595201317939891,7.178628538208085,0.0,0.0,1.0000000000000002
2025-08-18,0.005021699009764902,7.214677450029874,0.0,0.0,1.0000000000000002
2025-08-19,-0.011636461168372025,7.130724136040272,0.0,0.0,1.0000000000000002
2025-08-20,0.0009286293772861054,7.137345935954323,0.0,0.0,1.0000000000000002
2025-08-21,-0.005267176504299975,7.099752275137403,0.0,0.0,1.0000000000000002
2025-08-22,0.012879089337240135,7.191190618961172,0.0,0.0,1.0000000000000002
2025-08-25,-0.0022478694877064997,7.175025760988528,0.0,0.0,1.0000000000000002
2025-08-26,0.009449503280290816,7.24282619045316,0.0,0.0,1.0000000000000002
2025-08-27,0.000475417607329609,7.246269557550929,0.0,0.0,1.0000000000000002
2025-08-28,0.006778180180115223,7.295386078245693,0.0,0.0,1.0000000000000002
2025-08-29,-0.013560359995670512,7.196458016717279,0.0,0.0,1.0000000000000002
2025-09-02,-0.005559217168359276,7.156451343759367,0.0,0.0,1.0000000000000002
2025-09-03,0.002786966770772281,7.176396135851074,0.0001424398417150428,0.2848796834300856,1.0
2025-09-04,0.012230292961912914,7.264165563003273,0.0,0.0,1.0
2025-09-05,-0.0042443570880392745,7.233333850407249,0.0,0.0,1.0
2025-09-08,0.006271998915257759,7.2787013124707,0.0,0.0,1.0
2025-09-09,0.0073893156240743,7.33248593380191,0.0,0.0,1.0
2025-09-10,0.019125202592905177,7.4727212127954985,0.0,0.0,1.0
2025-09-11,0.011813190325327572,7.5609978907303645,0.0,0.0,1.0
2025-09-12,0.00070475092042388,7.56632651095318,0.0,0.0,1.0
2025-09-15,0.009146507827982209,7.635531975614683,0.0,0.0,1.0
2025-09-16,-0.006824188061093528,7.583425669466595,0.0,0.0,1.0
2025-09-17,0.0007526751193689396,7.589133525287586,0.0,0.0,1.0
2025-09-18,0.014442307505343477,7.698738125358901,0.0,0.0,1.0
2025-09-19,0.006826112984078314,7.7512905816374325,0.0,0.0,1.0
2025-09-22,0.005775818621344131,7.796060630118303,0.0,0.0,1.0
2025-09-23,-0.004728723959182002,7.759195211429427,0.0,0.0,1.0
2025-09-24,-0.006651954735405141,7.707581396099826,0.0,0.0,1.0
2025-09-25,-0.0075895570360583475,7.6490842674840644,0.0,0.0,1.0
2025-09-26,0.004292025289033052,7.681914330598051,0.0,0.0,1.0
2025-09-29,0.004601755170734023,7.717264619590016,0.0,0.0,1.0
2025-09-30,0.0025290304938958563,7.736781817142423,0.0,0.0,1.0
2025-10-01,0.0029295022454816078,7.759446736848544,0.0,0.0,1.0
2025-10-02,0.002523272054884007,7.779025931960994,0.00026167386339280444,0.5233477267856088,1.0000000000000002
2025-10-03,-0.0027090184758612468,7.7579524069871075,0.0,0.0,1.0000000000000002
2025-10-06,0.003412701614583291,7.784427983692292,0.0,0.0,1.0000000000000002
2025-10-07,-0.005905843136112865,7.738454373116238,0.0,0.0,1.0000000000000002
2025-10-08,0.0069037481195655115,7.7918787129429825,0.0,0.0,1.0000000000000002
2025-10-09,-0.0026010269499534555,7.771611826419849,0.0,0.0,1.0000000000000002
2025-10-10,-0.024984013647505354,7.577445770485461,0.0,0.0,1.0000000000000002
2025-10-13,0.019919174800016037,7.728382237325403,0.0,0.0,1.0000000000000002
2025-10-14,0.00020260804886351735,7.729948069771378,0.0,0.0,1.0000000000000002
2025-10-15,0.006187604716095807,7.777777932903071,0.0,0.0,1.0000000000000002
2025-10-16,-0.008864964405927545,7.708828208370677,0.0,0.0,1.0000000000000002
2025-10-17,8.31116304869095e-05,7.709468901652218,0.0,0.0,1.0000000000000002
2025-10-20,0.009773957138296874,7.784820920256,0.0,0.0,1.0000000000000002
2025-10-21,-0.00014311046973569663,7.783706830877294,0.0,0.0,1.0000000000000002
2025-10-22,-0.00936402927496216,7.710819972245235,0.0,0.0,1.0000000000000002
2025-10-23,0.009879322135818436,7.786997646682349,0.0,0.0,1.0000000000000002
2025-10-24,0.010779848301486705,7.870940300037618,0.0,0.0,1.0000000000000002
2025-10-27,0.006472105367062664,7.921881854997321,0.0,0.0,1.0000000000000002
2025-10-28,-0.007033232152635516,7.866165420825374,0.0,0.0,1.0000000000000002
2025-10-29,0.005940483073751279,7.912894243363115,0.0,0.0,1.0000000000000002
2025-10-30,-0.014229986102239911,7.800293868251564,0.0,0.0,1.0000000000000002
2025-10-31,0.004253871006383081,7.833475312178987,0.0,0.0,1.0000000000000002
2025-11-03,0.0018398904888770051,7.847888048900718,0.0,0.0,1.0000000000000002
2025-11-04,-0.021370580263241234,7.6801741274547535,0.0003244425212510122,0.6488850425020244,0.9999999999999998
2025-11-05,0.012784965635428192,7.778364889748367,0.0,0.0,0.9999999999999998
2025-11-06,-0.01674600213680899,7.648108374683761,0.0,0.0,0.9999999999999998
2025-11-07,0.004871417020358093,7.685365499993738,0.0,0.0,0.9999999999999998
2025-11-10,0.021022718743220592,7.8469327773389566,0.0,0.0,0.9999999999999998
2025-11-11,-0.009871206180416592,7.769474086009975,0.0,0.0,0.9999999999999998
2025-11-12,-0.0006294567735147805,7.764583537919888,0.0,0.0,0.9999999999999998
2025-11-13,-0.035173899128603026,7.491472859781482,0.0,0.0,0.9999999999999998
2025-11-14,0.0014903259748859643,7.502637596374568,0.0,0.0,0.9999999999999998
2025-11-17,-0.010682712385384208,7.422489076800729,0.0,0.0,0.9999999999999998
2025-11-18,-0.008505630645128659,7.35935612624596,0.0,0.0,0.9999999999999998
2025-11-19,0.008961540175129734,7.425307291834401,0.0,0.0,0.9999999999999998
2025-11-20,-0.034988492943438754,7.165506980051189,0.0,0.0,0.9999999999999998
2025-11-21,0.004532993820378861,7.197988178911643,0.0,0.0,0.9999999999999998
2025-11-24,0.028395850533299072,7.402381175380471,0.0,0.0,0.9999999999999998
2025-11-25,0.008907123635155667,7.468315099704133,0.0,0.0,0.9999999999999998
2025-11-26,0.01862354242807185,7.607401582829683,0.0,0.0,0.9999999999999998
2025-11-28,0.011925399215557686,7.698122883697993,0.0,0.0,0.9999999999999998
2025-12-01,-0.010853729450844951,7.614569540638977,0.0,0.0,0.9999999999999998
2025-12-02,0.010223574838567728,7.692417662201177,0.0002457699376743265,0.49153987534865295,1.0000000000000002
2025-12-03,0.0058392487979053165,7.73733560278817,0.0,0.0,1.0000000000000002
2025-12-04,0.005847593921992411,7.78258039943145,0.0,0.0,1.0000000000000002
2025-12-05,0.007018041784323081,7.837198873864513,0.0,0.0,1.0000000000000002
2025-12-08,0.004402769482874769,7.871704253897584,0.0,0.0,1.0000000000000002
2025-12-09,0.0036884176849465433,7.900738387078328,0.0,0.0,1.0000000000000002
2025-12-10,0.012542434949079695,7.999832884347955,0.0,0.0,1.0000000000000002
2025-12-11,0.0015721084742803537,8.012409489418266,0.0,0.0,1.0000000000000002
2025-12-12,-0.026979057664646477,7.796242231770489,0.0,0.0,1.0000000000000002
2025-12-15,-0.0015429870035381654,7.784212731330432,0.0,0.0,1.0000000000000002
2025-12-16,-0.002238374025791745,7.766788751741385,0.0,0.0,1.0000000000000002
2025-12-17,-0.02702007632014225,7.55692952690691,0.0,0.0,1.0000000000000002
2025-12-18,0.017338242851404173,7.687953406255369,0.0,0.0,1.0000000000000002
2025-12-19,0.021104582297269525,7.850204451615259,0.0,0.0,1.0000000000000002
2025-12-22,0.007033417975932377,7.905418220719994,0.0,0.0,1.0000000000000002
2025-12-23,0.0022073976742802426,7.922868622514625,0.0,0.0,1.0000000000000002
2025-12-24,0.004456151354119919,7.9581741242553585,0.0,0.0,1.0000000000000002
2025-12-26,-0.0009776108851705656,7.950394126605404,0.0,0.0,1.0000000000000002
2025-12-29,-0.005581553289354835,7.906018578116382,0.0,0.0,1.0000000000000002
2025-12-30,-0.004430164028148664,7.870993619005736,0.0,0.0,1.0000000000000002
2025-12-31,-0.01109205722390838,7.783688107374706,0.0,0.0,1.0000000000000002
2026-01-02,0.021410379386497036,7.950339822779763,0.0,0.0,1.0000000000000002
2026-01-05,0.011678492284006525,8.043187805055327,0.000249166249727291,0.4983324994545819,0.9999999999999998
2026-01-06,0.01866219434455929,8.193291339023059,0.0,0.0,0.9999999999999998
2026-01-07,-0.011292765662726967,8.100766419925021,0.0,0.0,0.9999999999999998
2026-01-08,-0.011293874842041696,8.009277377853774,0.0,0.0,0.9999999999999998
2026-01-09,0.013735678055528444,8.1192902333734,0.0,0.0,0.9999999999999998
2026-01-12,0.010737965963251384,8.206474895545123,0.0,0.0,0.9999999999999998
2026-01-13,0.008246108712264055,8.274146379678253,0.0,0.0,0.9999999999999998
2026-01-14,-0.005036529214952901,8.232473399708207,0.0,0.0,0.9999999999999998
2026-01-15,0.009908721981075619,8.314046689842515,0.0,0.0,0.9999999999999998
2026-01-16,0.001328800526477103,8.325094399461133,0.0,0.0,0.9999999999999998
2026-01-20,-0.014923626421517455,8.200853800719708,0.0,0.0,0.9999999999999998
2026-01-21,0.01839849922177894,8.351737202990172,0.0,0.0,0.9999999999999998
2026-01-22,-0.002306734668557686,8.332471961241351,0.0,0.0,0.9999999999999998
2026-01-23,-0.008017900478674012,8.265663030314776,0.0,0.0,0.9999999999999998
2026-01-26,0.0046830855815844785,8.30437183767428,0.0,0.0,0.9999999999999998
2026-01-27,0.018020207330687876,8.454018339940296,0.0,0.0,0.9999999999999998
2026-01-28,0.00801300050837983,8.52176039319609,0.0,0.0,0.9999999999999998
2026-01-29,0.004491507972622877,8.560035947942911,0.0,0.0,0.9999999999999998
2026-01-30,-0.02515090318427815,8.344743312562258,0.0,0.0,0.9999999999999998
2026-02-02,0.018348353830494712,8.497855615485804,0.0,0.0,0.9999999999999998
2026-02-03,0.0013680798106801006,8.509481360187424,0.0001797767138899957,0.3595534277799914,1.0
2026-02-04,-0.032591359364225525,8.232145795174377,0.0,0.0,1.0
2026-02-05,-0.009201914598864436,8.156394292601782,0.0,0.0,1.0
2026-02-06,0.041058338032714525,8.49128228659553,0.0,0.0,1.0
2026-02-09,0.01353993360583039,8.606253684984397,0.0,0.0,1.0
2026-02-10,-0.010356854927771941,8.517119964097411,0.0,0.0,1.0
2026-02-11,0.013338572654871594,8.630726187548781,0.0,0.0,1.0
2026-02-12,-0.017912072261020096,8.47613199641233,0.0,0.0,1.0
2026-02-13,0.013185988008580507,8.587898171276168,0.0,0.0,1.0
2026-02-17,-0.0007810909348410222,8.581190241865245,0.0,0.0,1.0
2026-02-18,0.007496163602265904,8.645516247820435,0.0,0.0,1.0
2026-02-19,-0.0022438071734426357,8.62611737644546,0.0,0.0,1.0
2026-02-20,0.008281239570679944,8.69755232100461,0.0,0.0,1.0
2026-02-23,-0.007495077802396555,8.632363489668265,0.0,0.0,1.0
2026-02-24,0.011958228922740455,8.735591268422025,0.0,0.0,1.0
2026-02-25,0.012484502526172614,8.84465077968025,0.0,0.0,1.0
2026-02-26,-0.01168928544127612,8.741263132088163,0.0,0.0,1.0
2026-02-27,-0.005579682703601541,8.69248965738242,0.0,0.0,1.0
2026-03-02,0.00029989451238909837,8.695096487329668,0.0,0.0,1.0
2026-03-03,-0.028746491759068515,8.44514296781234,0.00024552009029167224,0.4910401805833445,0.9999999999999998
2026-03-04,0.018309599947760935,8.59977015705463,0.0,0.0,0.9999999999999998
2026-03-05,-0.016813140777723556,8.455181010748005,0.0,0.0,0.9999999999999998
2026-03-06,-0.028996997959058524,8.210006144235875,0.0,0.0,0.9999999999999998
2026-03-09,0.028176008555966803,8.441331347600405,0.0,0.0,0.9999999999999998
2026-03-10,0.004437337643970363,8.47878838495434,0.0,0.0,0.9999999999999998
2026-03-11,0.003728718111346785,8.510403396767597,0.0,0.0,0.9999999999999998
2026-03-12,-0.0282243276657671,8.270202982729371,0.0,0.0,0.9999999999999998
2026-03-13,-0.003636462394996376,8.24012870058369,0.0,0.0,0.9999999999999998
2026-03-16,0.018669538167503497,8.393968097864377,0.0,0.0,0.9999999999999998
2026-03-17,0.007790972571713128,8.459365273082673,0.0,0.0,0.9999999999999998
2026-03-18,-0.008494946135739756,8.387503420745288,0.0,0.0,0.9999999999999998
2026-03-19,0.0032337559749591183,8.414626560047113,0.0,0.0,0.9999999999999998
2026-03-20,-0.025504636367018496,8.200014569468856,0.0,0.0,0.9999999999999998
2026-03-23,0.018044049730593592,8.347976040151943,0.0,0.0,0.9999999999999998
2026-03-24,0.006764131711131771,8.404442849608904,0.0,0.0,0.9999999999999998
2026-03-25,0.007141174830695984,8.464460445352554,0.0,0.0,0.9999999999999998
2026-03-26,-0.04348955805452248,8.096344801414185,0.0,0.0,0.9999999999999998
2026-03-27,-0.009231832307199372,8.021600703906264,0.0,0.0,0.9999999999999998
2026-03-30,-0.02885279850474609,7.790155075110928,0.0,0.0,0.9999999999999998
2026-03-31,0.050828620390505286,8.186117910206908,0.0,0.0,0.9999999999999998
2026-04-01,0.0263820050564314,8.40208411430653,0.0,0.0,0.9999999999999998
2026-04-02,0.001288108009169564,8.412906906147885,0.00017859867699279345,0.35719735398558694,1.0
2026-04-06,0.010498518431443893,8.5012299643641,0.0,0.0,1.0
2026-04-07,0.007125502232693703,8.561805497455818,0.0,0.0,1.0
2026-04-08,0.051154668187614494,8.999781816765065,0.0,0.0,1.0
2026-04-09,0.00962636730919586,9.086417022235867,0.0,0.0,1.0
2026-04-10,0.007158793375418915,9.151464804220943,0.0,0.0,1.0
2026-04-13,0.013740010861760688,9.277206030031959,0.0,0.0,1.0
2026-04-14,0.012173427260492531,9.390141422819156,0.0,0.0,1.0
2026-04-15,-0.003943845679292068,9.353108154140829,0.0,0.0,1.0
2026-04-16,0.008459864723753707,9.432234183871499,0.0,0.0,1.0
2026-04-17,0.018271677615847137,9.604576926076371,0.0,0.0,1.0
2026-04-20,6.474258036770486e-05,9.605198751169905,0.0,0.0,1.0
2026-04-21,-0.0069532876226856555,9.538411041579959,0.0,0.0,1.0
2026-04-22,0.015592418023192112,9.687137933817304,0.0,0.0,1.0
2026-04-23,0.002659039041098543,9.712896411779832,0.0,0.0,1.0
2026-04-24,0.017165705688605648,9.879625132968359,0.0,0.0,1.0
2026-04-27,0.0007350675593396083,9.88688732490204,0.0,0.0,1.0
2026-04-28,-0.02531368596339345,9.636613764004014,0.0,0.0,1.0
2026-04-29,0.001967353630902613,9.655572391082234,0.0,0.0,1.0
2026-04-30,0.03267966748592954,9.971113286209123,0.0,0.0,1.0
2026-05-01,0.004678961598590936,10.017767742370495,0.0,0.0,1.0
2026-05-04,0.0007249463700722547,10.025030086731553,0.0003067769120802686,0.6135538241605372,0.9999999999999998
2026-05-05,0.023039943032005628,10.25600620882399,0.0,0.0,0.9999999999999998
2026-05-06,0.022154832956885917,10.483226313185272,0.0,0.0,0.9999999999999998
2026-05-07,-0.02418603250054152,10.22967866086404,0.0,0.0,0.9999999999999998
2026-05-08,0.024460295224355333,10.479899620959063,0.0,0.0,0.9999999999999998
2026-05-11,0.025437198926086202,10.746478912342814,0.0,0.0,0.9999999999999999
2026-05-12,-0.01077396920271878,10.630696679503567,0.0,0.0,0.9999999999999998
2026-05-13,0.009262331166753235,10.729161712682432,0.0,0.0,0.9999999999999999
2026-05-14,0.002256203969095205,10.753368889923651,0.0,0.0,0.9999999999999999
2026-05-15,-0.021653883097083493,10.52051669708143,0.0,0.0,0.9999999999999998
2026-05-18,-0.021037025399245457,10.299196320111742,0.0,0.0,0.9999999999999998
2026-05-19,-0.0061071027376148335,10.236298070069955,0.0,0.0,0.9999999999999998
2026-05-20,0.018187447481509578,10.42247020362443,0.0,0.0,0.9999999999999998
2026-05-21,0.008590639590453142,10.512005888786005,0.0,0.0,0.9999999999999998
2026-05-22,0.008073649372742686,10.596876138536269,0.0,0.0,0.9999999999999998
2026-05-26,0.025343409213089974,10.865437106895621,0.0,0.0,0.9999999999999999
2026-05-27,-0.0066225276838731695,10.793480448857823,0.0,0.0,0.9999999999999999
2026-05-28,0.004602936197902752,10.843162150717225,0.0,0.0,0.9999999999999999
2026-05-29,0.0035620196512426983,10.88178570737969,0.0,0.0,0.9999999999999999
2026-06-01,0.01090826364593478,11.000487094814352,0.0,0.0,0.9999999999999999
2026-06-02,0.02367945935088933,11.260972681815991,0.0002135952055722969,0.4271904111445938,1.0000000000000002
2026-06-03,0.006455717577957598,11.33367034110289,0.0,0.0,1.0000000000000002
2026-06-04,-0.006610344708049776,11.2587508733408,0.0,0.0,1.0000000000000002
2026-06-05,-0.06141634317964384,10.567279565929587,0.0,0.0,1.0000000000000002
2026-06-08,0.024808479634409464,10.829437705832063,0.0,0.0,1.0000000000000002
2026-06-09,-0.014221439055632557,10.675427517491803,0.0,0.0,1.0000000000000002
2026-06-10,-0.02262710403369661,10.433873508449329,0.0,0.0,1.0000000000000002
2026-06-11,0.04567724733487144,10.910464129355532,0.0,0.0,1.0000000000000002
2026-06-12,0.01733477950550255,11.099594619340605,0.0,0.0,1.0000000000000002
2026-06-15,0.027231222980914405,11.401850155417627,0.0,0.0,1.0000000000000002
2026-06-16,-0.023207806146065546,11.137238227304207,0.0,0.0,1.0000000000000002
2026-06-17,-0.0019113531235080972,11.115951032231196,0.0,0.0,1.0000000000000002
2026-06-18,0.023617892812370922,11.378486372217997,0.0,0.0,1.0000000000000002
2026-06-22,0.02451034855745915,11.65737703925736,0.0,0.0,1.0000000000000002
2026-06-23,-0.04948813522913609,11.080475187921566,0.0,0.0,1.0000000000000002
2026-06-24,-0.0031682863244616444,11.045369069915138,0.0,0.0,1.0000000000000002
2026-06-25,0.03185037625519649,11.397168230669443,0.0,0.0,1.0000000000000002
2026-06-26,-0.04476388495381445,10.886986703192488,0.0,0.0,1.0000000000000002
2026-06-29,0.029807547576302884,11.211501077310475,0.0,0.0,1.0000000000000002
2026-06-30,0.020365522274165215,11.439829152227269,0.0,0.0,1.0000000000000002
2026-07-01,-0.04020461129484476,10.979895267882538,0.0,0.0,1.0000000000000002
2026-07-02,-0.04248620374510681,10.513401200431346,0.00026794697222041493,0.5358939444408299,1.0000000000000002
2026-07-06,0.01889840995204084,10.712087766307375,0.0,0.0,1.0000000000000002
2026-07-07,-0.030376611615065663,10.38669083664376,0.0,0.0,1.0000000000000002
2026-07-08,0.01863101110597909,10.58020538897564,0.0,0.0,1.0000000000000002
2026-07-09,0.02694931580148352,10.865334685247703,0.0,0.0,1.0000000000000002
2026-07-10,-0.002180984275225839,10.841637561154112,0.0,0.0,1.0000000000000002
2026-07-13,-0.028314891300997957,10.534657772085216,0.0,0.0,1.0000000000000002
2026-07-14,0.02091178016054851,10.754956219481675,0.0,0.0,1.0000000000000002
2026-07-15,-0.021903282825291193,10.519387371632744,0.0,0.0,1.0000000000000002
2026-07-16,-0.03433051067547477,10.158251431171452,0.0,0.0,1.0000000000000002
2026-07-17,-0.0042636236473074796,10.114940470154215,0.0,0.0,1.0000000000000002
2026-07-20,0.0020615819385449985,10.135793248736944,0.0,0.0,1.0000000000000002
2026-07-21,0.03967871951288404,10.53796854609416,0.0,0.0,1.0000000000000002
2026-07-22,4.9132715997046716e-05,10.53848630510992,0.0,0.0,1.0000000000000002
2026-07-23,-0.006077433373983365,10.474439356727979,0.0,0.0,1.0000000000000002
2026-07-24,-0.023287632217709464,10.230514465301797,0.0,0.0,1.0000000000000002
2026-07-27,-0.008052201750868182,10.14813629881201,0.0,0.0,1.0000000000000002
2026-07-28,-0.03295253030228318,9.813729529913708,0.0,0.0,1.0000000000000002
2026-07-29,-0.03338956044123387,9.486053414620732,0.0,0.0,1.0000000000000002
2026-07-30,0.05977741402833736,10.05310515708144,0.0,0.0,1.0000000000000002
2026-07-31,0.010265121478451933,10.156301502754532,0.0,0.0,1.0000000000000002
2026-08-03,0.01651248631271396,10.324007292306563,0.0,0.0,1.0000000000000002
2026-08-04,0.03675636086633549,10.703480229929262,0.0002517901516073913,0.5035803032147826,0.9999999999999999
2026-08-05,-0.01186812655483882,10.576449971983246,0.0,0.0,0.9999999999999998
2026-08-06,-0.011002568852710115,10.460081852949257,0.0,0.0,0.9999999999999998
2026-08-07,0.011589539453617181,10.581309384272078,0.0,0.0,0.9999999999999998
2026-08-10,-0.004748206738810712,10.531067139748236,0.0,0.0,0.9999999999999998
2026-08-11,0.0029017319154207577,10.561625473371082,0.0,0.0,0.9999999999999998
2026-08-12,0.029063973699421375,10.868588278352279,0.0,0.0,0.9999999999999999
2026-08-13,0.0043583241572309195,10.91595710920082,0.0,0.0,0.9999999999999999
2026-08-14,0.006627967650833622,10.98830771979849,0.0,0.0,0.9999999999999999
2026-08-17,0.013449556537262986,11.136095585724762,0.0,0.0,0.9999999999999999
2026-08-18,-0.036921134542979406,10.724938302320739,0.0,0.0,0.9999999999999999
2026-08-19,-0.019705571295313806,10.513597265966515,0.0,0.0,0.9999999999999998
2026-08-20,-0.003936521544210647,10.472210263821884,0.0,0.0,0.9999999999999998
2026-08-21,0.001787080139006303,10.490924942795859,0.0,0.0,0.9999999999999998
2026-08-24,-0.017156708111251695,10.31093520573526,0.0,0.0,0.9999999999999998
2026-08-25,0.00852004601541978,10.398784848150136,0.0,0.0,0.9999999999999998
2026-08-26,0.008329129670211488,10.485397675563009,0.0,0.0,0.9999999999999998
2026-08-27,0.007494830687522436,10.563983955832695,0.0,0.0,0.9999999999999998
2026-08-28,-0.023402571590081966,10.316759565029843,0.0,0.0,0.9999999999999998
2026-08-31,0.0016218010755637557,10.333491296788742,0.0,0.0,0.9999999999999998
2026-09-01,-0.015719927784640375,10.171049559840013,0.0,0.0,0.9999999999999998
2026-09-02,0.00015252627265582852,10.172600912118373,0.00024056085518193898,0.4811217103638779,1.0
2026-09-03,0.007409766218275271,10.247977506708985,0.0,0.0,1.0
2026-09-04,0.018222829318988776,10.434724651678579,0.0,0.0,1.0
2026-09-08,0.013371398106247767,10.57425150912525,0.0,0.0,1.0
2026-09-09,-0.0028760686550911574,10.543839235808806,0.0,0.0,1.0
2026-09-10,-0.019670342342069214,10.336438308440705,0.0,0.0,1.0
2026-09-11,0.019153222466506525,10.534414410873591,0.0,0.0,1.0
2026-09-14,-0.031297230413408816,10.204716415786146,0.0,0.0,1.0
2026-09-15,0.00021449046111698955,10.206905230115737,0.0,0.0,1.0
2026-09-16,0.00578875688520486,10.265990523043204,0.0,0.0,1.0
2026-09-17,0.019595320200673116,10.46715589451931,0.0005100526864435583,1.0201053728871168,1.0
