date,return,nav,cost,turnover,gross
2011-01-03,0.009395130197357382,1.0093951301973574,0.0004997501249375311,0.9995002498750621,0.9999999999999996
2011-01-04,-0.008283866255106132,1.001033435940247,0.00035262269667091066,0.7052453933418213,1.0
2011-01-05,0.018798586597292166,1.0198514496725548,0.0,0.0,1.0
2011-01-06,-0.006350493612092611,1.0133748895561259,0.0,0.0,1.0
2011-01-07,0.002546885676230737,1.0159558395469883,0.0,0.0,1.0
2011-01-10,0.003943876055216622,1.0199626434557352,0.0,0.0,1.0
2011-01-11,0.0017586401510927274,1.021756390713131,0.0,0.0,1.0
2011-01-12,0.0065391660492017945,1.0284378254138373,0.0,0.0,1.0
2011-01-13,0.0009668226673782421,1.0294321424154367,0.0,0.0,1.0
2011-01-14,0.005573765262042896,1.0351699555304623,0.0,0.0,1.0
2011-01-18,0.004006264402209636,1.039317120073541,0.0,0.0,1.0
2011-01-19,-0.019295282231139632,1.0192632029140667,0.0,0.0,1.0
2011-01-20,-0.028905698475897745,0.9898006881030549,0.0,0.0,0.9999999999999999
2011-01-21,0.0033588251058689345,0.9931252555040618,0.0,0.0,0.9999999999999999
2011-01-24,-0.004752998557584487,0.9884049325971503,0.0,0.0,0.9999999999999999
2011-01-25,-0.004309128689860775,0.9841457685448961,0.0,0.0,0.9999999999999999
2011-01-26,0.010462191436821477,0.9944420899771506,0.0,0.0,0.9999999999999999
2011-01-27,0.01998942302261364,1.0143204135851958,0.0,0.0,1.0
2011-01-28,-0.02371619397319913,0.9902645939056337,0.0,0.0,0.9999999999999999
2011-01-31,0.009429088577154854,0.9996018864763901,0.0,0.0,0.9999999999999999
2011-02-01,0.015859383720812525,1.0154549563620674,0.0,0.0,1.0
2011-02-02,0.0010591475590362442,1.0165304730004094,0.00027534285301234666,0.5506857060246932,0.9999999999999996
2011-02-03,0.006236481009197714,1.0228700459905473,0.0,0.0,0.9999999999999996
2011-02-04,0.008246019695448581,1.0313046525356697,0.0,0.0,0.9999999999999996
2011-02-07,0.006406713427255628,1.0379119259006613,0.0,0.0,0.9999999999999996
2011-02-08,0.0073445286328026604,1.0455348997587661,0.0,0.0,0.9999999999999996
2011-02-09,0.001048697971967938,1.0466313500877649,0.0,0.0,0.9999999999999996
2011-02-10,-0.001963313933418087,1.0445764841749854,0.0,0.0,0.9999999999999996
2011-02-11,0.016252051665211376,1.061552995164062,0.0,0.0,0.9999999999999996
2011-02-14,0.006959758004348782,1.0689411471191956,0.0,0.0,0.9999999999999996
2011-02-15,-0.007641434026880334,1.0607729038648666,0.0,0.0,0.9999999999999996
2011-02-16,0.004111248568822168,1.0651340049477263,0.0,0.0,0.9999999999999996
2011-02-17,-0.007679605206516338,1.056954196297692,0.0,0.0,0.9999999999999996
2011-02-18,-0.0019022948150293484,1.0549435578103514,0.0,0.0,0.9999999999999996
2011-02-22,-0.03780948080362245,1.0150566896124158,0.0,0.0,0.9999999999999996
2011-02-23,-0.01677125317862682,0.9980329168802672,0.0,0.0,0.9999999999999997
2011-02-24,0.010587058654134784,1.0085991499100357,0.0,0.0,0.9999999999999996
2011-02-25,0.013668787402040694,1.022385477264035,0.0,0.0,0.9999999999999996
2011-02-28,-0.0066124195466470415,1.0156250355499663,0.0,0.0,0.9999999999999996
2011-03-01,-0.0173371893986618,0.9980169519506139,0.0,0.0,0.9999999999999997
2011-03-02,0.004327050156941903,1.0023354213591824,0.00022853158991046778,0.45706317982093553,0.9999999999999996
2011-03-03,0.021676558123531642,1.0240626033795492,0.0,0.0,0.9999999999999996
2011-03-04,-0.005854590550226857,1.0180671361389626,0.0,0.0,0.9999999999999996
2011-03-07,-0.016539115382496528,1.0012292063072326,0.0,0.0,0.9999999999999996
2011-03-08,0.008376467531838072,1.0096159702457932,0.0,0.0,0.9999999999999996
2011-03-09,-0.0026396436614123386,1.0069509438494733,0.0,0.0,0.9999999999999996
2011-03-10,-0.017097670916625174,0.9897344279823499,0.0,0.0,0.9999999999999996
2011-03-11,0.011535807029050549,1.001151813353562,0.0,0.0,0.9999999999999996
2011-03-14,-0.007847401501777873,0.9932953731099435,0.0,0.0,0.9999999999999996
2011-03-15,-0.004659103707098766,0.988667506954843,0.0,0.0,0.9999999999999996
2011-03-16,-0.01715650021024273,0.9717054326639121,0.0,0.0,0.9999999999999996
2011-03-17,0.012097298032236026,0.9834604428823902,0.0,0.0,0.9999999999999996
2011-03-18,-0.0021384141539438906,0.9813573971514866,0.0,0.0,0.9999999999999996
2011-03-21,0.019673003982970005,1.000663645134365,0.0,0.0,0.9999999999999996
2011-03-22,-0.008653531482519905,0.9920043707777816,0.0,0.0,0.9999999999999996
2011-03-23,0.006404192918429752,0.9983573581441679,0.0,0.0,0.9999999999999996
2011-03-24,0.014529133341700584,1.0128626253233124,0.0,0.0,0.9999999999999996
2011-03-25,0.005862036057794784,1.0188000625545504,0.0,0.0,0.9999999999999996
2011-03-28,-0.006135517832187132,1.0125491966033136,0.0,0.0,0.9999999999999996
2011-03-29,0.010101025760211435,1.022776982121685,0.0,0.0,0.9999999999999996
2011-03-30,0.00997085463011893,1.0329749427294521,0.0,0.0,0.9999999999999996
2011-03-31,-0.0012724097597154316,1.0316605753307817,0.0,0.0,0.9999999999999996
2011-04-01,0.008284687009863623,1.0402075602978131,0.0,0.0,0.9999999999999996
2011-04-04,0.0012534597692968052,1.0415114186263648,0.00041135997266754105,0.8227199453350821,0.9999999999999998
2011-04-05,-0.001237561841468171,1.0402224838372194,0.0,0.0,0.9999999999999998
2011-04-06,-0.01042288980553574,1.0293803595149433,0.0,0.0,0.9999999999999998
2011-04-07,-0.0007614279260860224,1.0285965605626441,0.0,0.0,0.9999999999999998
2011-04-08,-0.006689639425577543,1.0217156204580908,0.0,0.0,0.9999999999999998
2011-04-11,-0.006979048528457654,1.0145850175606306,0.0,0.0,0.9999999999999998
2011-04-12,-0.011623204443823698,1.0027922884758829,0.0,0.0,0.9999999999999998
2011-04-13,0.011053242964218501,1.0138763952830514,0.0,0.0,0.9999999999999998
2011-04-14,0.0002470420737936685,1.0141268654103126,0.0,0.0,0.9999999999999998
2011-04-15,0.004535850638453187,1.0187267934002564,0.0,0.0,0.9999999999999998
2011-04-18,-0.011354305771267836,1.0071598578906067,0.0,0.0,0.9999999999999998
2011-04-19,0.008656084721220259,1.01587791894832,0.0,0.0,0.9999999999999998
2011-04-20,0.030305931490986593,1.0466650455631739,0.0,0.0,0.9999999999999998
2011-04-21,0.010799168736122855,1.0579681580004123,0.0,0.0,0.9999999999999998
2011-04-25,-0.00561477648365738,1.0520279032664133,0.0,0.0,0.9999999999999998
2011-04-26,0.0035817127959210104,1.0557959650692086,0.0,0.0,0.9999999999999998
2011-04-27,-0.0015984294553872402,1.054108349699763,0.0,0.0,0.9999999999999998
2011-04-28,-0.010399921506947685,1.0431457056030673,0.0,0.0,0.9999999999999998
2011-04-29,0.0035804872932636567,1.0468806755470017,0.0,0.0,0.9999999999999998
2011-05-02,-0.005598213343640301,1.0410200141799553,0.0,0.0,0.9999999999999998
2011-05-03,-0.01699385306668577,1.023329073019502,0.0003607782800925129,0.7215565601850258,1.0
2011-05-04,-0.008098667376993385,1.01504147123991,0.0,0.0,1.0
2011-05-05,-0.001499992726856303,1.0135189164155927,0.0,0.0,1.0
2011-05-06,0.008295348982614748,1.0219264095277416,0.0,0.0,1.0
2011-05-09,0.014013543780160065,1.0362472200077604,0.0,0.0,1.0
2011-05-10,0.010734696395611865,1.0473710193053405,0.0,0.0,1.0
2011-05-11,-0.020109215227280264,1.0263092100553135,0.0,0.0,1.0
2011-05-12,0.0014825992833422674,1.0278308153546292,0.0,0.0,1.0
2011-05-13,-0.01181329300368894,1.0156887487746245,0.0,0.0,1.0
2011-05-16,-0.011383424994993119,1.00412673208469,0.0,0.0,1.0
2011-05-17,-0.0042591998975423095,0.9998499556102755,0.0,0.0,0.9999999999999999
2011-05-18,0.023340595921379936,1.0231870494061845,0.0,0.0,1.0
2011-05-19,0.0019698664801122145,1.0252025912776948,0.0,0.0,1.0
2011-05-20,-0.00295888507916775,1.022169134627239,0.0,0.0,1.0
2011-05-23,-0.011793492502889746,1.0101141906013273,0.0,0.0,1.0
2011-05-24,-8.925407015913933e-06,1.0101051749210437,0.0,0.0,1.0
2011-05-25,0.013480936577462188,1.0237223387207206,0.0,0.0,1.0
2011-05-26,0.011263580495860515,1.035253117688312,0.0,0.0,1.0
2011-05-27,0.004398439137079491,1.0398066155179357,0.0,0.0,1.0
2011-05-31,0.0072356563567617105,1.047330298865311,0.0,0.0,1.0
2011-06-01,-0.02568302632539088,1.0204316872281738,0.0,0.0,1.0
2011-06-02,0.01138064404367567,1.032044857031405,0.00027548261084181416,0.5509652216836283,0.9999999999999996
2011-06-03,-0.009254328629697772,1.0224939747638468,0.0,0.0,0.9999999999999996
2011-06-06,-0.01722069977820817,1.0048859129994119,0.0,0.0,0.9999999999999996
2011-06-07,0.0008657364865665151,1.0057558793991321,0.0,0.0,0.9999999999999996
2011-06-08,-0.010787850522149034,0.9949059353104017,0.0,0.0,0.9999999999999996
2011-06-09,0.015565895633711468,1.0103925372648035,0.0,0.0,0.9999999999999996
2011-06-10,-0.019494551582475372,0.9906953878285466,0.0,0.0,0.9999999999999996
2011-06-13,-0.008442372778746265,0.9823315680543134,0.0,0.0,0.9999999999999996
2011-06-14,0.02106210912045836,1.0030215427331444,0.0,0.0,0.9999999999999996
2011-06-15,-0.02338318056760391,0.9795677088862186,0.0,0.0,0.9999999999999996
2011-06-16,-0.011240182482193828,0.9685571890846729,0.0,0.0,0.9999999999999996
2011-06-17,-9.096111892925585e-05,0.9684690880390068,0.0,0.0,0.9999999999999996
2011-06-20,0.013984560000408486,0.9820127021092292,0.0,0.0,0.9999999999999996
2011-06-21,0.02748867180303649,1.0090069269839228,0.0,0.0,0.9999999999999996
2011-06-22,-0.009381775941054271,0.9995406500719879,0.0,0.0,0.9999999999999996
2011-06-23,0.004855853126801923,1.0043942726630055,0.0,0.0,0.9999999999999996
2011-06-24,-0.010785463292892539,0.9935614151036072,0.0,0.0,0.9999999999999996
2011-06-27,0.012454894102304825,1.0059361173128587,0.0,0.0,0.9999999999999996
2011-06-28,0.02384736294087597,1.029925040997754,0.0,0.0,0.9999999999999996
2011-06-29,0.007208546209538369,1.0373493032481471,0.0,0.0,0.9999999999999996
2011-06-30,0.006525621153191885,1.0441186518046721,0.0,0.0,0.9999999999999996
2011-07-01,0.01640976716074949,1.0612523957689826,0.0,0.0,0.9999999999999996
2011-07-05,0.006502532127400595,1.0681532235677513,0.00026348687382242816,0.5269737476448563,0.9999999999999998
2011-07-06,0.0032127144980360622,1.0715848949152313,0.0,0.0,0.9999999999999998
2011-07-07,0.010056647613502667,1.082361446591346,0.0,0.0,0.9999999999999998
2011-07-08,-0.003733777087216006,1.0783201502219772,0.0,0.0,0.9999999999999998
2011-07-11,-0.026039746012071485,1.0502409673904982,0.0,0.0,0.9999999999999998
2011-07-12,-0.006369403766757209,1.0435515586167985,0.0,0.0,0.9999999999999998
2011-07-13,0.009889247551979397,1.053871498313214,0.0,0.0,0.9999999999999998
2011-07-14,-0.011525254519795247,1.0417253610639963,0.0,0.0,0.9999999999999998
2011-07-15,0.010791135316950973,1.0529667603983375,0.0,0.0,0.9999999999999998
2011-07-18,-0.006642731696166249,1.04597218472403,0.0,0.0,0.9999999999999998
2011-07-19,0.020654331491453126,1.0675760409581596,0.0,0.0,0.9999999999999998
2011-07-20,-0.005239672941578788,1.0619822916632733,0.0,0.0,0.9999999999999998
2011-07-21,0.009196175410588703,1.0717484671003477,0.0,0.0,0.9999999999999998
2011-07-22,0.0033978269214509638,1.075390082894885,0.0,0.0,0.9999999999999998
2011-07-25,-0.004215555166199203,1.070856716675258,0.0,0.0,0.9999999999999998
2011-07-26,-0.005342702083596773,1.0651354482638435,0.0,0.0,0.9999999999999998
2011-07-27,-0.021708204395782915,1.0420132702437381,0.0,0.0,0.9999999999999998
2011-07-28,-0.002604760500641956,1.0392990752362625,0.0,0.0,0.9999999999999998
2011-07-29,-0.00422922622184696,1.034903644334932,0.0,0.0,0.9999999999999998
2011-08-01,-0.0006721774590445762,1.034208005432927,0.0,0.0,0.9999999999999998
2011-08-02,-0.031494799720539146,1.0016358314324387,0.00017280494191890296,0.34560988383780594,1.0
2011-08-03,0.008640371502862676,1.0102903371265937,0.0,0.0,1.0
2011-08-04,-0.06820729682133397,0.9413811642264746,0.0,0.0,0.9999999999999999
2011-08-05,0.0010892263139201663,0.9424065413619788,0.0,0.0,0.9999999999999999
2011-08-08,-0.08027980201686935,0.8667503308020366,0.0,0.0,0.9999999999999999
2011-08-09,0.06663210672349185,0.9245037313466598,0.0,0.0,0.9999999999999999
2011-08-10,-0.037620913750301965,0.8897230562078348,0.0,0.0,0.9999999999999999
2011-08-11,0.05494066361677352,0.938605031351037,0.0,0.0,0.9999999999999999
2011-08-12,0.014836489145127585,0.9525306347102388,0.0,0.0,0.9999999999999999
2011-08-15,0.013582270010304542,0.96546816298396,0.0,0.0,0.9999999999999999
2011-08-16,-0.01804589027379022,0.9480454304519136,0.0,0.0,0.9999999999999999
2011-08-17,-0.005282856485819942,0.9430370425007988,0.0,0.0,0.9999999999999999
2011-08-18,-0.06839393606867339,0.8785390273056083,0.0,0.0,0.9999999999999999
2011-08-19,-0.02426737214000796,0.8572191937904625,0.0,0.0,0.9999999999999999
2011-08-22,-0.0021905092343637023,0.8553414472305907,0.0,0.0,0.9999999999999999
2011-08-23,0.0563247197012835,0.903518314494744,0.0,0.0,0.9999999999999999
2011-08-24,0.010847636551952977,0.9133193527884161,0.0,0.0,0.9999999999999999
2011-08-25,-0.015820841088328264,0.8988698724450558,0.0,0.0,0.9999999999999999
2011-08-26,0.028950831514028108,0.9248929026752486,0.0,0.0,0.9999999999999999
2011-08-29,0.03140822828993772,0.953942150106216,0.0,0.0,0.9999999999999999
2011-08-30,0.018013879952717415,0.9711263494800665,0.0,0.0,0.9999999999999999
2011-08-31,0.004646320817615068,0.9756385140541902,0.0,0.0,0.9999999999999999
2011-09-01,-0.012431229368988994,0.963510127904763,0.0,0.0,0.9999999999999999
2011-09-02,-0.029770147537547476,0.934826289243117,0.00032427038960972055,0.6485407792194411,0.9999999999999998
2011-09-06,0.002474549401489279,0.93713956307766,0.0,0.0,0.9999999999999998
2011-09-07,0.028049472105776907,0.9634258331114267,0.0,0.0,0.9999999999999998
2011-09-08,-0.007251496233352195,0.956439554311505,0.0,0.0,0.9999999999999998
2011-09-09,-0.03280194963882821,0.9250664722183957,0.0,0.0,0.9999999999999998
2011-09-12,0.01042700132123553,0.9347121415464476,0.0,0.0,0.9999999999999998
2011-09-13,0.01718217278615075,0.9507725270678116,0.0,0.0,0.9999999999999998
2011-09-14,0.017661194836071648,0.9675643059131405,0.0,0.0,0.9999999999999998
2011-09-15,0.0051019249906953945,0.9725007464255836,0.0,0.0,0.9999999999999998
2011-09-16,0.0031884495845244665,0.975601516026474,0.0,0.0,0.9999999999999998
2011-09-19,2.1602199423931268e-05,0.9756225911649816,0.0,0.0,0.9999999999999998
2011-09-20,-0.013112327998649254,0.9628299077467343,0.0,0.0,0.9999999999999998
2011-09-21,-0.03204478024913704,0.9319762349356933,0.0,0.0,0.9999999999999998
2011-09-22,-0.03921756113500752,0.8954263999657286,0.0,0.0,0.9999999999999998
2011-09-23,0.003757597604550744,0.8987910520612913,0.0,0.0,0.9999999999999998
2011-09-26,0.018151837681050997,0.9151057613474889,0.0,0.0,0.9999999999999998
2011-09-27,0.006496205743957262,0.9210504766506827,0.0,0.0,0.9999999999999998
2011-09-28,-0.03070079076548471,0.8927734986825802,0.0,0.0,0.9999999999999998
2011-09-29,-0.022040703891178848,0.8730961423562257,0.0,0.0,0.9999999999999998
2011-09-30,-0.0358436680785843,0.8418011740289167,0.0,0.0,0.9999999999999998
2011-10-03,-0.03757074227632773,0.8101740790715662,0.0,0.0,0.9999999999999998
2011-10-04,0.02286008030612474,0.8286947235810829,0.0002508593401125688,0.5017186802251375,0.9999999999999998
2011-10-05,0.03244764790205967,0.8555839181901365,0.0,0.0,0.9999999999999998
2011-10-06,0.02875543475367759,0.8801866057259488,0.0,0.0,0.9999999999999998
2011-10-07,-0.013444488773681873,0.8683529467865211,0.0,0.0,0.9999999999999998
2011-10-10,0.03902882995609147,0.9022437462885231,0.0,0.0,0.9999999999999998
2011-10-11,0.006723270378911073,0.9083097749425025,0.0,0.0,0.9999999999999998
2011-10-12,0.007444332948016719,0.9150715353271126,0.0,0.0,0.9999999999999998
2011-10-13,0.0068883424513814795,0.9213748614299572,0.0,0.0,0.9999999999999998
2011-10-14,0.021717051309906976,0.94138440657129,0.0,0.0,0.9999999999999998
2011-10-17,-0.017694666673714,0.9247269232851789,0.0,0.0,0.9999999999999998
2011-10-18,0.011275431809442349,0.9351536186510363,0.0,0.0,0.9999999999999998
2011-10-19,-0.016120468468345694,0.9200785042285129,0.0,0.0,0.9999999999999998
2011-10-20,0.006390397195502384,0.9259581713215768,0.0,0.0,0.9999999999999998
2011-10-21,0.02387256490936429,0.9480631678698073,0.0,0.0,0.9999999999999998
2011-10-24,0.021846508712852986,0.9687750381270099,0.0,0.0,0.9999999999999998
2011-10-25,-0.03835058708554584,0.931621946661017,0.0,0.0,0.9999999999999998
2011-10-26,0.023155927779506147,0.9531945171757026,0.0,0.0,0.9999999999999998
2011-10-27,0.031677248954021575,0.9833890971978858,0.0,0.0,0.9999999999999998
2011-10-28,0.0034442885914758303,0.9867761730463462,0.0,0.0,0.9999999999999998
2011-10-31,-0.023378355974689846,0.9637069684055266,0.0,0.0,0.9999999999999998
2011-11-01,-0.02666120360353319,0.9380133807067231,0.0,0.0,0.9999999999999998
2011-11-02,0.02091167673898764,0.957628813300907,0.0006124220935196714,1.224844187039343,0.9999999999999998
2011-11-03,0.021194168729959495,0.9779249599506772,0.0,0.0,0.9999999999999998
2011-11-04,-0.007003988267971772,0.9710755850042259,0.0,0.0,0.9999999999999998
2011-11-07,0.0026083548589679317,0.9736084947247967,0.0,0.0,0.9999999999999998
2011-11-08,0.009951924735466022,0.9832977731861083,0.0,0.0,0.9999999999999998
2011-11-09,-0.027967041062145315,0.9557978439870964,0.0,0.0,0.9999999999999998
2011-11-10,0.00490941464300243,0.9604902519181168,0.0,0.0,0.9999999999999998
2011-11-11,0.01787490962096072,0.977658928362967,0.0,0.0,0.9999999999999998
2011-11-14,-0.005373255450022318,0.9724057171978777,0.0,0.0,0.9999999999999998
2011-11-15,0.003405760130925417,0.9757174978205942,0.0,0.0,0.9999999999999998
2011-11-16,-0.019632217077799052,0.9565620000967734,0.0,0.0,0.9999999999999998
2011-11-17,-0.011212391618071194,0.9458366523447229,0.0,0.0,0.9999999999999998
2011-11-18,-0.00497636286225589,0.9411298259542342,0.0,0.0,0.9999999999999998
2011-11-21,-0.014943366491180443,0.9270661780492192,0.0,0.0,0.9999999999999998
2011-11-22,0.00374508730292189,0.9305381218215996,0.0,0.0,0.9999999999999998
2011-11-23,-0.017566893535988726,0.9141914577043806,0.0,0.0,0.9999999999999998
2011-11-25,-0.0023572515676669736,0.9120364784575592,0.0,0.0,0.9999999999999998
2011-11-28,0.027492619764984738,0.9371107505715885,0.0,0.0,0.9999999999999998
2011-11-29,0.001863842491001133,0.9388573774072778,0.0,0.0,0.9999999999999998
2011-11-30,0.03539105246632257,0.9720845281094929,0.0,0.0,0.9999999999999998
2011-12-01,0.004257321443380979,0.9762230044157922,0.0,0.0,0.9999999999999998
2011-12-02,-0.004756296172429231,0.9715797986764521,0.00036331418906359654,0.726628378127193,0.9999999999999998
2011-12-05,0.0038836169090472605,0.9753530424110806,0.0,0.0,0.9999999999999998
2011-12-06,0.00030328262532131056,0.9756488500423982,0.0,0.0,0.9999999999999998
2011-12-07,0.001329444079464448,0.9769459206297233,0.0,0.0,0.9999999999999998
2011-12-08,-0.01697687298559014,0.960360433821402,0.0,0.0,0.9999999999999998
2011-12-09,0.014175543626015363,0.9739740650477364,0.0,0.0,0.9999999999999998
2011-12-12,-0.010625308863227101,0.9636252897818314,0.0,0.0,0.9999999999999998
2011-12-13,-0.010814626549942363,0.9532040421387609,0.0,0.0,0.9999999999999998
2011-12-14,-0.015697274817667695,0.938241336331997,0.0,0.0,0.9999999999999998
2011-12-15,0.001603655713032559,0.9397459524112091,0.0,0.0,0.9999999999999998
2011-12-16,0.0020579669375804244,0.9416799185109964,0.0,0.0,0.9999999999999998
2011-12-19,-0.004951960636487618,0.9370167566223591,0.0,0.0,0.9999999999999998
2011-12-20,0.02784663271200749,0.9631095180890185,0.0,0.0,0.9999999999999998
2011-12-21,0.001166065552713702,0.9642325669215528,0.0,0.0,0.9999999999999998
2011-12-22,0.0031403869380310923,0.9672606302799375,0.0,0.0,0.9999999999999998
2011-12-23,0.013563965771223208,0.9803805203609063,0.0,0.0,0.9999999999999998
2011-12-27,0.005824252021452647,0.9860905035884111,0.0,0.0,0.9999999999999998
2011-12-28,-0.011308149092244646,0.9749396451553868,0.0,0.0,0.9999999999999998
2011-12-29,0.007764458888877224,0.9825095239493323,0.0,0.0,0.9999999999999998
2011-12-30,-0.006586905138580734,0.976037826917326,0.0,0.0,0.9999999999999998
2012-01-03,0.005425365702821372,0.9813331890681396,0.0,0.0,0.9999999999999998
2012-01-04,0.004805218649325926,0.9860487096094523,0.0003147633063790211,0.6295266127580421,0.9999999999999998
2012-01-05,0.0093714593815859,0.9952894250398225,0.0,0.0,0.9999999999999998
2012-01-06,-0.00475482070087152,0.9905570022782847,0.0,0.0,0.9999999999999998
2012-01-09,-0.0034943159910176824,0.9870956831052091,0.0,0.0,0.9999999999999998
2012-01-10,0.0029844157121334813,0.9900415869712473,0.0,0.0,0.9999999999999998
2012-01-11,-0.00353505705551882,0.9865417334739676,0.0,0.0,0.9999999999999998
2012-01-12,0.0018599311479545744,0.988376633172813,0.0,0.0,0.9999999999999998
2012-01-13,0.00036976885461514897,0.9887421040683897,0.0,0.0,0.9999999999999998
2012-01-17,0.008957840378083892,0.9975990980117252,0.0,0.0,0.9999999999999998
2012-01-18,0.0055565122589051885,1.0031422696293002,0.0,0.0,0.9999999999999998
2012-01-19,-0.002052832389735748,1.0010829866866922,0.0,0.0,0.9999999999999998
2012-01-20,-0.007630075559400762,0.9934446478570421,0.0,0.0,0.9999999999999998
2012-01-23,0.0053899099229486325,0.9987992250224269,0.0,0.0,0.9999999999999998
2012-01-24,0.00042873057680403726,0.9992274407902823,0.0,0.0,0.9999999999999998
2012-01-25,0.003626723423393541,1.0028513623550939,0.0,0.0,0.9999999999999998
2012-01-26,-0.007962598335820692,0.9948660597661296,0.0,0.0,0.9999999999999998
2012-01-27,0.0006891656666168089,0.9955516872974027,0.0,0.0,0.9999999999999998
2012-01-30,0.00037719773926192524,0.9959272071431696,0.0,0.0,0.9999999999999998
2012-01-31,0.003359252588372774,0.9992727781915962,0.0,0.0,0.9999999999999998
2012-02-01,0.011245368297754021,1.0105099686122805,0.0,0.0,0.9999999999999998
2012-02-02,0.005056564417491138,1.0156196773630854,0.0003574995685020709,0.7149991370041417,0.9999999999999998
2012-02-03,0.008148430812928265,1.0238953840363272,0.0,0.0,0.9999999999999998
2012-02-06,-0.004478228513613236,1.0193101465325787,0.0,0.0,0.9999999999999998
2012-02-07,0.004414361189330807,1.0238097496833232,0.0,0.0,0.9999999999999998
2012-02-08,-0.002244172107330411,1.021512144399871,0.0,0.0,0.9999999999999998
2012-02-09,0.00603676054861868,1.027678768613119,0.0,0.0,0.9999999999999998
2012-02-10,-0.0007120518985879176,1.0269470079947896,0.0,0.0,0.9999999999999998
2012-02-13,0.0045316282214391546,1.0316007500381412,0.0,0.0,0.9999999999999998
2012-02-14,0.001524039838672664,1.0331729506788039,0.0,0.0,0.9999999999999998
2012-02-15,-0.006524341755519858,1.0264321772560165,0.0,0.0,0.9999999999999998
2012-02-16,0.004597631040659689,1.0311513336953007,0.0,0.0,0.9999999999999998
2012-02-17,0.00406140201150107,1.0353392537961328,0.0,0.0,0.9999999999999998
2012-02-21,-0.002062849293973934,1.033203504947416,0.0,0.0,0.9999999999999998
2012-02-22,0.002505656913077914,1.0357923584522037,0.0,0.0,0.9999999999999998
2012-02-23,0.0014811538578938244,1.037326526299902,0.0,0.0,0.9999999999999998
2012-02-24,0.006050738516000687,1.0436031178662541,0.0,0.0,0.9999999999999998
2012-02-27,0.0019140557907006972,1.0456006324571994,0.0,0.0,0.9999999999999998
2012-02-28,0.0033208774903654703,1.0490729440614384,0.0,0.0,0.9999999999999998
2012-02-29,-0.003989324558382412,1.0448878516021596,0.0,0.0,0.9999999999999998
2012-03-01,0.008583356320508218,1.0538564963474313,0.0,0.0,0.9999999999999998
2012-03-02,-0.0025380978179152525,1.051181705473656,0.0003642408087633725,0.728481617526745,0.9999999999999998
2012-03-05,-0.0006726695975339814,1.0504746074989,0.0,0.0,0.9999999999999998
2012-03-06,-0.012033757879151175,1.0378334504140618,0.0,0.0,0.9999999999999998
2012-03-07,0.008014020811963007,1.0461506692850315,0.0,0.0,0.9999999999999998
2012-03-08,0.01162699155138558,1.058314254278285,0.0,0.0,0.9999999999999998
2012-03-09,0.002906629074872491,1.0613903812601224,0.0,0.0,0.9999999999999998
2012-03-12,0.0014501611210198107,1.0629295683252502,0.0,0.0,0.9999999999999998
2012-03-13,0.01143094842238801,1.0750798613974073,0.0,0.0,0.9999999999999998
2012-03-14,0.0002346040341039135,1.075332079469875,0.0,0.0,0.9999999999999998
2012-03-15,0.0015662091617596463,1.0770162744246747,0.0,0.0,0.9999999999999998
2012-03-16,-0.0013305239821848058,1.0755832784423494,0.0,0.0,0.9999999999999998
2012-03-19,0.0042686212815996605,1.0801745361148412,0.0,0.0,0.9999999999999998
2012-03-20,-0.0003684140938043923,1.0797765845919678,0.0,0.0,0.9999999999999998
2012-03-21,0.002566209104361672,1.0825475170940242,0.0,0.0,0.9999999999999998
2012-03-22,0.0006734508905694714,1.083276559683495,0.0,0.0,0.9999999999999998
2012-03-23,0.0028499697663957324,1.0863638651272383,0.0,0.0,0.9999999999999998
2012-03-26,0.016149249371931296,1.103907826093833,0.0,0.0,0.9999999999999998
2012-03-27,0.0007574465233868288,1.1047439772388474,0.0,0.0,0.9999999999999998
2012-03-28,-0.004245203190068381,1.1000541145824643,0.0,0.0,0.9999999999999998
2012-03-29,0.00010812565158668797,1.1001730586503842,0.0,0.0,0.9999999999999998
2012-03-30,2.6076798937069157e-05,1.1002017476420305,0.0,0.0,0.9999999999999998
2012-04-02,0.010575063574016275,1.1118364510675887,0.0,0.0,0.9999999999999998
2012-04-03,-0.0005245068840741274,1.1112532851950392,0.000310786212429135,0.6215724248582699,1.0
2012-04-04,-0.007774254089042532,1.1026141197986497,0.0,0.0,1.0
2012-04-05,0.0072613599405377816,1.1106205977980268,0.0,0.0,1.0
2012-04-09,-0.010216125723534142,1.0992743581397755,0.0,0.0,1.0
2012-04-10,-0.02165069471572567,1.0754743046028659,0.0,0.0,1.0
2012-04-11,0.0072516024370579135,1.0832732166911172,0.0,0.0,1.0
2012-04-12,0.010340730158624467,1.0944750527129852,0.0,0.0,1.0
2012-04-13,-0.004343625502196358,1.0897210629625034,0.0,0.0,1.0
2012-04-16,-0.0017642231882808446,1.0877985517944668,0.0,0.0,1.0
2012-04-17,0.014429685794793201,1.103495143104892,0.0,0.0,1.0
2012-04-18,0.001644156586094514,1.1053094619121513,0.0,0.0,1.0
2012-04-19,-0.003768959749260059,1.1011435950397281,0.0,0.0,1.0
2012-04-20,0.006718470406071875,1.1085415956958382,0.0,0.0,1.0
2012-04-23,-0.012598973453095463,1.0945751095600142,0.0,0.0,1.0
2012-04-24,-0.004828519314889368,1.0892899325019065,0.0,0.0,1.0
2012-04-25,0.022899613416333287,1.114234250854504,0.0,0.0,1.0
2012-04-26,0.011616318061708819,1.1271775503076797,0.0,0.0,1.0
2012-04-27,0.012657552477481238,1.141444859302138,0.0,0.0,1.0
2012-04-30,-0.008554659484892979,1.1316801872100266,0.0,0.0,1.0
2012-05-01,0.00503726214722322,1.1373807569798222,0.0,0.0,1.0
2012-05-02,0.0060926521921684795,1.1443104223421656,0.00031685577448697634,0.6337115489739527,0.9999999999999997
2012-05-03,-0.012059999657000109,1.1305100390412175,0.0,0.0,0.9999999999999996
2012-05-04,-0.0218125370429606,1.105850746937192,0.0,0.0,0.9999999999999996
2012-05-07,7.23481900588574e-05,1.1059307532372082,0.0,0.0,0.9999999999999996
2012-05-08,-0.00789551146170453,1.0971988642991723,0.0,0.0,0.9999999999999996
2012-05-09,-0.005481755992835957,1.0911842878494675,0.0,0.0,0.9999999999999996
2012-05-10,0.0028016872280385297,1.0942414449321718,0.0,0.0,0.9999999999999996
2012-05-11,0.0015724326990196325,1.0959620659608056,0.0,0.0,0.9999999999999996
2012-05-14,-0.016036277142911226,1.0783869145329406,0.0,0.0,0.9999999999999996
2012-05-15,-0.0033285039217354484,1.0747974994587695,0.0,0.0,0.9999999999999996
2012-05-16,-0.006467589756236736,1.067846150161241,0.0,0.0,0.9999999999999996
2012-05-17,-0.030761299974484402,1.0349978144095329,0.0,0.0,0.9999999999999996
2012-05-18,-0.00660578312572746,1.0281608433119416,0.0,0.0,0.9999999999999996
2012-05-21,0.024631217071779288,1.0534856962282617,0.0,0.0,0.9999999999999996
2012-05-22,0.000751181667139722,1.0542770553698624,0.0,0.0,0.9999999999999996
2012-05-23,0.010831804391607802,1.065696778208189,0.0,0.0,0.9999999999999996
2012-05-24,-0.0010086700930883596,1.0646218417397098,0.0,0.0,0.9999999999999996
2012-05-25,-0.0014973714494641577,1.0630277073894128,0.0,0.0,0.9999999999999996
2012-05-29,0.014071497370604868,1.077986098978823,0.0,0.0,0.9999999999999996
2012-05-30,-0.009994597918702941,1.0672120613575786,0.0,0.0,0.9999999999999996
2012-05-31,-0.0037801916615541886,1.0631777952221246,0.0,0.0,0.9999999999999996
2012-06-01,-0.03412925492312968,1.0268923292203778,0.0,0.0,0.9999999999999996
2012-06-04,0.0078058577605304436,1.0349081046776518,0.0002599105168267406,0.5198210336534812,0.9999999999999998
2012-06-05,-0.0002489296939734986,1.0346504853198637,0.0,0.0,0.9999999999999998
2012-06-06,0.02087486911264569,1.0562486787782512,0.0,0.0,0.9999999999999998
2012-06-07,-0.0018046670791553865,1.0543425015602588,0.0,0.0,0.9999999999999998
2012-06-08,0.010184397465054618,1.0650803446604484,0.0,0.0,0.9999999999999998
2012-06-11,-0.014065365201439639,1.050099600643924,0.0,0.0,0.9999999999999998
2012-06-12,0.012893493924897914,1.0636390534653641,0.0,0.0,0.9999999999999998
2012-06-13,-0.011452828816024607,1.0514573774639868,0.0,0.0,0.9999999999999998
2012-06-14,0.010470904728971053,1.062467087489986,0.0,0.0,0.9999999999999998
2012-06-15,0.011556689169962775,1.0747456893734233,0.0,0.0,0.9999999999999998
2012-06-18,0.012587349110656731,1.08827388857074,0.0,0.0,0.9999999999999998
2012-06-19,0.010858507583950905,1.100090918843201,0.0,0.0,0.9999999999999998
2012-06-20,-0.0022777540379251837,1.0975851823107212,0.0,0.0,0.9999999999999998
2012-06-21,-0.02568733426520553,1.0693911448481692,0.0,0.0,0.9999999999999998
2012-06-22,0.013293890340181136,1.0836075134585414,0.0,0.0,0.9999999999999998
2012-06-25,-0.01346793269467872,1.0690135603998336,0.0,0.0,0.9999999999999998
2012-06-26,0.009593753552695095,1.0792694130427989,0.0,0.0,0.9999999999999998
2012-06-27,-0.00923856750201102,1.0692985097175471,0.0,0.0,0.9999999999999998
2012-06-28,-0.010633203220030696,1.0579284413608445,0.0,0.0,0.9999999999999998
2012-06-29,0.02591634251916397,1.0853460772079175,0.0,0.0,0.9999999999999998
2012-07-02,0.005839468161498829,1.091683921069981,0.0,0.0,0.9999999999999998
2012-07-03,0.0034865520168938513,1.095490133846798,0.00032237472550485216,0.6447494510097044,0.9999999999999996
2012-07-05,0.008696674758761347,1.1050172552422954,0.0,0.0,0.9999999999999996
2012-07-06,-0.00512375038133317,1.099355422659368,0.0,0.0,0.9999999999999996
2012-07-09,-0.0021794858334187595,1.0969593930897898,0.0,0.0,0.9999999999999996
2012-07-10,-0.00823953651846987,1.087920956111148,0.0,0.0,0.9999999999999996
2012-07-11,-0.003939932626602749,1.0836346208410008,0.0,0.0,0.9999999999999996
2012-07-12,0.01067449437809831,1.0952018725090809,0.0,0.0,0.9999999999999996
2012-07-13,0.012505488646683993,1.10889790709157,0.0,0.0,0.9999999999999996
2012-07-16,-0.00034644231736624675,1.1085137379309147,0.0,0.0,0.9999999999999996
2012-07-17,0.006777034748483013,1.1160261740520432,0.0,0.0,0.9999999999999996
2012-07-18,0.006607044337835877,1.1233998084661905,0.0,0.0,0.9999999999999996
2012-07-19,-0.005285297685987733,1.117462306058065,0.0,0.0,0.9999999999999996
2012-07-20,-0.014430766114201576,1.1013364688779048,0.0,0.0,0.9999999999999996
2012-07-23,-0.006204823264532644,1.094502870733733,0.0,0.0,0.9999999999999996
2012-07-24,-0.00960127891591156,1.0839942433975525,0.0,0.0,0.9999999999999996
2012-07-25,-0.00185933811229122,1.081978731587299,0.0,0.0,0.9999999999999996
2012-07-26,0.014366209805419805,1.0975226650502843,0.0,0.0,0.9999999999999996
2012-07-27,0.017350084924521836,1.1165647764954942,0.0,0.0,0.9999999999999996
2012-07-30,0.00017420935598244647,1.1167592925261203,0.0,0.0,0.9999999999999996
2012-07-31,-0.00826635880510529,1.1075277595151638,0.0,0.0,0.9999999999999996
2012-08-01,-0.008744982338175444,1.0978424488191647,0.0,0.0,0.9999999999999996
2012-08-02,0.0011651225663815712,1.0991215698306156,0.0005217998575165623,1.0435997150331247,0.9999999999999998
2012-08-03,0.01825710267467051,1.1191883451829583,0.0,0.0,0.9999999999999998
2012-08-06,-0.0010326703703921192,1.1180325925399996,0.0,0.0,0.9999999999999998
2012-08-07,0.007436750903599965,1.1263471224328256,0.0,0.0,0.9999999999999998
2012-08-08,0.005317196379555078,1.1323361312743476,0.0,0.0,0.9999999999999998
2012-08-09,-0.003027122725179132,1.1289084108388256,0.0,0.0,0.9999999999999998
2012-08-10,-0.00327405382593815,1.125212303937185,0.0,0.0,0.9999999999999998
2012-08-13,-0.0006054888041956419,1.124531000484808,0.0,0.0,0.9999999999999998
2012-08-14,0.00926339455922398,1.1349479748363775,0.0,0.0,0.9999999999999998
2012-08-15,0.002756761098930083,1.138076755262716,0.0,0.0,0.9999999999999998
2012-08-16,0.011508088090086632,1.1511738428155593,0.0,0.0,0.9999999999999998
2012-08-17,0.004868750172312808,1.1567786206611297,0.0,0.0,0.9999999999999998
2012-08-20,-0.006375156836542439,1.1494039755292558,0.0,0.0,0.9999999999999998
2012-08-21,-0.006758304152348349,1.1416359538687106,0.0,0.0,0.9999999999999998
2012-08-22,0.010686611647820587,1.1538361739508949,0.0,0.0,0.9999999999999998
2012-08-23,-0.007447375618225838,1.145243122561586,0.0,0.0,0.9999999999999998
2012-08-24,0.007532631339980167,1.1538698167984902,0.0,0.0,0.9999999999999998
2012-08-27,-0.0037134169507831993,1.1495850170617936,0.0,0.0,0.9999999999999998
2012-08-28,-0.001359630754066199,1.1480220059181827,0.0,0.0,0.9999999999999998
2012-08-29,0.0023301535188575695,1.1506970734349988,0.0,0.0,0.9999999999999998
2012-08-30,-0.009250732546923213,1.1400522825661243,0.0,0.0,0.9999999999999998
2012-08-31,0.006214583706705135,1.1471372329061518,0.0,0.0,0.9999999999999998
2012-09-04,0.0029077416845706416,1.150472811656196,0.0,0.0,0.9999999999999998
2012-09-05,-0.0025562656484175994,1.1475318975283209,0.0004643574408940078,0.9287148817880158,0.9999999999999998
2012-09-06,0.023906515598817846,1.1749653867367227,0.0,0.0,0.9999999999999998
2012-09-07,3.875214691451134e-05,1.175010919168009,0.0,0.0,0.9999999999999998
2012-09-10,-0.011087342955968249,1.1619831701301857,0.0,0.0,0.9999999999999998
2012-09-11,0.0008709552333536763,1.1629952054532795,0.0,0.0,0.9999999999999998
2012-09-12,0.004557422031911118,1.1682954654256192,0.0,0.0,0.9999999999999998
2012-09-13,0.01964169196140708,1.191242765077418,0.0,0.0,0.9999999999999998
2012-09-14,0.007980255723835317,1.2007491869719045,0.0,0.0,0.9999999999999998
2012-09-17,-0.00835761159453785,1.1907137916447361,0.0,0.0,0.9999999999999998
2012-09-18,-0.007228497772910902,1.1821067196536579,0.0,0.0,0.9999999999999998
2012-09-19,0.013010230860191818,1.197486200977736,0.0,0.0,0.9999999999999998
2012-09-20,0.004736935149938448,1.2031586154547138,0.0,0.0,0.9999999999999998
2012-09-21,0.0010192900330578958,1.2043849830396345,0.0,0.0,0.9999999999999998
2012-09-24,-0.004056472191109495,1.1994994288485443,0.0,0.0,0.9999999999999998
2012-09-25,-0.011518030772097343,1.1856835575159537,0.0,0.0,0.9999999999999998
2012-09-26,-0.015662157241555175,1.1671131951994123,0.0,0.0,0.9999999999999998
2012-09-27,0.013719530341918862,1.1831254400934046,0.0,0.0,0.9999999999999998
2012-09-28,-0.006131025049132766,1.1758716683839257,0.0,0.0,0.9999999999999998
2012-10-01,0.0010623261193831723,1.1771208275702925,0.0,0.0,0.9999999999999998
2012-10-02,0.0026344963687354728,1.1802219481160894,0.0003622246577004727,0.7244493154009455,0.9999999999999997
2012-10-03,0.016072262727138353,1.1991907853425463,0.0,0.0,0.9999999999999997
2012-10-04,0.007554116057074012,1.2082496117095975,0.0,0.0,0.9999999999999997
2012-10-05,0.0001260578056061501,1.208401921004274,0.0,0.0,0.9999999999999997
2012-10-08,-0.006880214415381003,1.2000878566878064,0.0,0.0,0.9999999999999997
2012-10-09,-0.019351746774057488,1.1768640603785625,0.0,0.0,0.9999999999999997
2012-10-10,-0.0054480532794602965,1.170452442274938,0.0,0.0,0.9999999999999997
2012-10-11,-0.007932831126416073,1.1611674407088697,0.0,0.0,0.9999999999999997
2012-10-12,-0.00611012087533469,1.1540725672896355,0.0,0.0,0.9999999999999997
2012-10-15,0.01365046464984454,1.1698261940727779,0.0,0.0,0.9999999999999997
2012-10-16,0.012123395113892821,1.1840084592381037,0.0,0.0,0.9999999999999997
2012-10-17,0.011034219759784802,1.197073068774781,0.0,0.0,0.9999999999999997
2012-10-18,-0.00567022130509609,1.1902853995564575,0.0,0.0,0.9999999999999997
2012-10-19,-0.010048016067969678,1.1783253927362445,0.0,0.0,0.9999999999999997
2012-10-22,0.0016387843556286974,1.1802564139557006,0.0,0.0,0.9999999999999997
2012-10-23,-0.01994576897075162,1.1567152921966923,0.0,0.0,0.9999999999999997
2012-10-24,0.0019637946582236054,1.1589868435085937,0.0,0.0,0.9999999999999997
2012-10-25,-0.0020435739866387914,1.156618368144343,0.0,0.0,0.9999999999999997
2012-10-26,-0.0056258095603810565,1.150111453471124,0.0,0.0,0.9999999999999997
2012-10-31,-0.004445201993118264,1.144998975745846,0.0,0.0,0.9999999999999997
2012-11-01,0.01288355647738304,1.1597506347164135,0.0,0.0,0.9999999999999997
2012-11-02,-0.014733857258646177,1.1426630344088775,0.00031980330268916677,0.6396066053783336,0.9999999999999998
2012-11-05,0.009463163158386578,1.1534762411385457,0.0,0.0,0.9999999999999998
2012-11-06,0.011726434569365063,1.167002404807574,0.0,0.0,0.9999999999999998
2012-11-07,-0.016106766167089503,1.1482057699569073,0.0,0.0,0.9999999999999998
2012-11-08,-0.011369607978415353,1.1351511204739426,0.0,0.0,0.9999999999999998
2012-11-09,-0.006269245725073147,1.1280345791645994,0.0,0.0,0.9999999999999998
2012-11-12,0.0033904896604466384,1.1318591687418833,0.0,0.0,0.9999999999999998
2012-11-13,-0.0018603719963290466,1.1297534896405677,0.0,0.0,0.9999999999999998
2012-11-14,-0.020285619182822567,1.1068357405792542,0.0,0.0,0.9999999999999998
2012-11-15,-0.0009093815046423703,1.1058292046280942,0.0,0.0,0.9999999999999998
2012-11-16,0.013065893725555,1.1202778514943799,0.0,0.0,0.9999999999999998
2012-11-19,0.019354685382339643,1.1419604768508569,0.0,0.0,0.9999999999999998
2012-11-20,0.00891148336787495,1.1521370386470837,0.0,0.0,0.9999999999999998
2012-11-21,0.0006936463983417962,1.1529362143543376,0.0,0.0,0.9999999999999998
2012-11-23,0.012425395542657203,1.1672619028531441,0.0,0.0,0.9999999999999998
2012-11-26,-0.00558252718008434,1.1607456315541895,0.0,0.0,0.9999999999999998
2012-11-27,-0.0057064915072327915,1.154121846465668,0.0,0.0,0.9999999999999998
2012-11-28,0.0030226480304480496,1.1576103505917845,0.0,0.0,0.9999999999999998
2012-11-29,0.0012534474830681042,1.1590613543721073,0.0,0.0,0.9999999999999998
2012-11-30,-0.005770564065169959,1.1523729165712404,0.0,0.0,0.9999999999999998
2012-12-03,-0.0015228826451333388,1.1506179878558724,0.0,0.0,0.9999999999999998
2012-12-04,-0.0007093785769377581,1.1498017641050482,0.00031592227208808796,0.6318445441761759,0.9999999999999997
2012-12-05,-0.0010216962553251108,1.1486270159482959,0.0,0.0,0.9999999999999997
2012-12-06,0.0035442529940497014,1.152698040688617,0.0,0.0,0.9999999999999997
2012-12-07,0.005956997499835026,1.1595646600350638,0.0,0.0,0.9999999999999997
2012-12-10,0.0010123525002712075,1.1607385482178765,0.0,0.0,0.9999999999999997
2012-12-11,0.007722509502064101,1.169702362685901,0.0,0.0,0.9999999999999997
2012-12-12,0.001117155862942809,1.1710091025382736,0.0,0.0,0.9999999999999997
2012-12-13,-0.010682689811989499,1.158499575528841,0.0,0.0,0.9999999999999997
2012-12-14,-0.0002489045399471923,1.158211219724965,0.0,0.0,0.9999999999999997
2012-12-17,0.02128522609393757,1.1828640074013461,0.0,0.0,0.9999999999999997
2012-12-18,0.015121174275460225,1.200750300201431,0.0,0.0,0.9999999999999997
2012-12-19,-0.005802893691149502,1.1937824738597462,0.0,0.0,0.9999999999999997
2012-12-20,0.008481958758795205,1.203908087569997,0.0,0.0,0.9999999999999997
2012-12-21,-0.013724598085281148,1.1873849329364794,0.0,0.0,0.9999999999999997
2012-12-24,0.00027812734309162757,1.187715177153104,0.0,0.0,0.9999999999999997
2012-12-26,-0.0030778515055237543,1.18405956620697,0.0,0.0,0.9999999999999997
2012-12-27,-0.0017760200906653534,1.1819566526288419,0.0,0.0,0.9999999999999997
2012-12-28,-0.009492977852067153,1.1707363643033328,0.0,0.0,0.9999999999999997
2012-12-31,0.02217845087909276,1.196701483251402,0.0,0.0,0.9999999999999997
2013-01-02,0.029425005294448248,1.2319144307319485,0.0,0.0,0.9999999999999997
2013-01-03,-0.008279678192665618,1.221714575684587,0.0003156728830352974,0.6313457660705949,0.9999999999999998
2013-01-04,0.013101541744415579,1.2377209201976798,0.0,0.0,0.9999999999999998
2013-01-07,-0.0022469539706598818,1.2349398182614728,0.0,0.0,0.9999999999999998
2013-01-08,0.003168455115788893,1.2388526696463347,0.0,0.0,0.9999999999999998
2013-01-09,0.006185085109193134,1.2465150788458483,0.0,0.0,0.9999999999999998
2013-01-10,0.0043444893561335185,1.251930550338154,0.0,0.0,0.9999999999999998
2013-01-11,-0.0018651294092922877,1.2495955378503267,0.0,0.0,0.9999999999999998
2013-01-14,0.001040903699252027,1.250896246468244,0.0,0.0,0.9999999999999998
2013-01-15,0.0036669565889868583,1.2554832287013697,0.0,0.0,0.9999999999999998
2013-01-16,-0.00014422645999856432,1.2553021547997065,0.0,0.0,0.9999999999999998
2013-01-17,0.012889147144190982,1.27148192898334,0.0,0.0,0.9999999999999998
2013-01-18,0.0016682116554636028,1.2736030299569814,0.0,0.0,0.9999999999999998
2013-01-22,0.008211349529615442,1.2840610295979353,0.0,0.0,0.9999999999999998
2013-01-23,0.002594595166819813,1.287392648139232,0.0,0.0,0.9999999999999998
2013-01-24,0.006326462994144855,1.2955372900866189,0.0,0.0,0.9999999999999998
2013-01-25,0.011009461470716575,1.309800457965704,0.0,0.0,0.9999999999999998
2013-01-28,-0.007882075863339,1.2994765113901823,0.0,0.0,0.9999999999999998
2013-01-29,0.00525430132653093,1.3063043525477755,0.0,0.0,0.9999999999999998
2013-01-30,-0.003614553091609518,1.301582646111691,0.0,0.0,0.9999999999999998
2013-01-31,-0.0018676456722693802,1.2991517509155797,0.0,0.0,0.9999999999999998
2013-02-01,0.0111085073692192,1.3135833877143595,0.0,0.0,0.9999999999999998
2013-02-04,-0.012777139328016496,1.296799549750565,0.00016833350627385086,0.3366670125477017,0.9999999999999997
2013-02-05,0.011454013636997828,1.3116531094778607,0.0,0.0,0.9999999999999997
2013-02-06,-0.001637947803006301,1.3095046901488852,0.0,0.0,0.9999999999999997
2013-02-07,-0.003337404700430646,1.3051343430407463,0.0,0.0,0.9999999999999997
2013-02-08,0.008328149939098584,1.3160036975402565,0.0,0.0,0.9999999999999997
2013-02-11,-0.00419440130471771,1.3104838499142804,0.0,0.0,0.9999999999999997
2013-02-12,0.00597537880165655,1.3183144873309713,0.0,0.0,0.9999999999999997
2013-02-13,0.007109172397865349,1.3276866122960107,0.0,0.0,0.9999999999999997
2013-02-14,0.019633622015292174,1.3537539093965942,0.0,0.0,0.9999999999999997
2013-02-15,-0.0011744063742826771,1.3521640521761888,0.0,0.0,0.9999999999999997
2013-02-19,0.001915082708809468,1.3547535581719852,0.0,0.0,0.9999999999999997
2013-02-20,-0.030439087566424106,1.3135160959838634,0.0,0.0,0.9999999999999997
2013-02-21,-0.006240460357785915,1.3053191508575623,0.0,0.0,0.9999999999999997
2013-02-22,0.01260069839962874,1.321767083792778,0.0,0.0,0.9999999999999997
2013-02-25,-0.027639496267135355,1.285234107414265,0.0,0.0,0.9999999999999997
2013-02-26,0.014035925188297993,1.3032735571953806,0.0,0.0,0.9999999999999997
2013-02-27,0.016301463658091375,1.3245188237245527,0.0,0.0,0.9999999999999997
2013-02-28,-0.0011730034758739016,1.3229651585404634,0.0,0.0,0.9999999999999997
2013-03-01,0.008748372349675515,1.334538950353023,0.0,0.0,0.9999999999999997
2013-03-04,0.012155349031837792,1.3507607370911465,0.00036931703529482324,0.7386340705896465,0.9999999999999997
2013-03-05,0.011256589900107139,1.365965696761748,0.0,0.0,0.9999999999999997
2013-03-06,0.0007771296829375274,1.367027229250576,0.0,0.0,0.9999999999999997
2013-03-07,0.0011483284424178564,1.3685970254994841,0.0,0.0,0.9999999999999997
2013-03-08,0.005987473050936387,1.376791463307254,0.0,0.0,0.9999999999999997
2013-03-11,-0.0009506508586623053,1.375482615320462,0.0,0.0,0.9999999999999997
2013-03-12,-0.00012630094418131232,1.375308890567442,0.0,0.0,0.9999999999999997
2013-03-13,0.0037627491937315405,1.3804838329865565,0.0,0.0,0.9999999999999997
2013-03-14,0.009857263027679641,1.3940916252337643,0.0,0.0,0.9999999999999997
2013-03-15,0.00027952234456729563,1.3944813049933913,0.0,0.0,0.9999999999999997
2013-03-18,-0.0011471984898702159,1.3928815581461507,0.0,0.0,0.9999999999999997
2013-03-19,-0.0032144000876686007,1.3884042795435336,0.0,0.0,0.9999999999999997
2013-03-20,0.015284271922731074,1.4096250280907605,0.0,0.0,0.9999999999999997
2013-03-21,-0.013901622353557075,1.3900289532901204,0.0,0.0,0.9999999999999997
2013-03-22,0.0026049822601872386,1.393649954054588,0.0,0.0,0.9999999999999997
2013-03-25,-0.005608169162894749,1.3858341293583893,0.0,0.0,0.9999999999999997
2013-03-26,0.005617996723501051,1.3936197409564408,0.0,0.0,0.9999999999999997
2013-03-27,0.0025261323440999295,1.397140208859447,0.0,0.0,0.9999999999999997
2013-03-28,0.0039605223074341556,1.4026736138232478,0.0,0.0,0.9999999999999997
2013-04-01,-0.008874217113840177,1.3902259836343256,0.0,0.0,0.9999999999999997
2013-04-02,-0.0008629751499511507,1.3890262531576327,0.000214932420819384,0.42986484163876804,0.9999999999999999
2013-04-03,-0.019692063682594352,1.3616734597236573,0.0,0.0,0.9999999999999999
2013-04-04,0.005222392319764291,1.368784652741745,0.0,0.0,0.9999999999999999
2013-04-05,-0.0025287333624867125,1.3653233613242972,0.0,0.0,0.9999999999999999
2013-04-08,0.007618885162287148,1.375725603223615,0.0,0.0,0.9999999999999999
2013-04-09,0.003578021164909684,1.3806479785490573,0.0,0.0,0.9999999999999999
2013-04-10,0.008656401995962737,1.3925994224662914,0.0,0.0,0.9999999999999999
2013-04-11,0.007708301423212882,1.4033339985764537,0.0,0.0,0.9999999999999999
2013-04-12,-0.002369466633928119,1.40000884549057,0.0,0.0,0.9999999999999999
2013-04-15,-0.03178309326582729,1.3555122337813599,0.0,0.0,0.9999999999999999
2013-04-16,0.01928362107698245,1.3816514180628137,0.0,0.0,0.9999999999999999
2013-04-17,-0.017390057428368744,1.3576244205567143,0.0,0.0,0.9999999999999999
2013-04-18,-0.012279078768306806,1.3409540433589215,0.0,0.0,0.9999999999999999
2013-04-19,0.01918433587652224,1.3666793561216997,0.0,0.0,0.9999999999999999
2013-04-22,0.010897029955114323,1.3815721020043943,0.0,0.0,0.9999999999999999
2013-04-23,0.025878532537078724,1.4173251605984352,0.0,0.0,0.9999999999999999
2013-04-24,-0.005503523830279744,1.4095248778018266,0.0,0.0,0.9999999999999999
2013-04-25,0.006289561739510896,1.4183901715441378,0.0,0.0,0.9999999999999999
2013-04-26,-0.0030577713978892085,1.414053058646543,0.0,0.0,0.9999999999999999
2013-04-29,-0.0014429671567196545,1.412012626525057,0.0,0.0,0.9999999999999999
2013-04-30,-0.006706272765631072,1.4025432847030648,0.0,0.0,0.9999999999999999
2013-05-01,-0.013396472817988503,1.383754151713488,0.0,0.0,0.9999999999999999
2013-05-02,0.01939842181565332,1.4105967984375878,0.0004733409731730943,0.9466819463461886,1.0
2013-05-03,0.015850958630800438,1.4329561099343615,0.0,0.0,1.0
2013-05-06,0.007683191168404546,1.4439657856629207,0.0,0.0,1.0
2013-05-07,-0.0027492833172199083,1.4399959146177612,0.0,0.0,1.0
2013-05-08,-0.0020384020337330666,1.437060624016837,0.0,0.0,1.0
2013-05-09,-0.002625860870289154,1.433287102755998,0.0,0.0,1.0
2013-05-10,0.009489430880499139,1.4468881816495118,0.0,0.0,1.0
2013-05-13,0.007552532176364535,1.4578158511970214,0.0,0.0,1.0
2013-05-14,0.022884580637299035,1.4911773555980725,0.0,0.0,1.0
2013-05-15,0.005914178775171308,1.4999964450645669,0.0,0.0,1.0
2013-05-16,-0.013033680519663915,1.4804459706189637,0.0,0.0,1.0
2013-05-17,0.017730711796633658,1.5066953314544962,0.0,0.0,1.0
2013-05-20,0.001540452910217649,1.5090163246626465,0.0,0.0,1.0
2013-05-21,-0.0033482830227536953,1.5039637109217203,0.0,0.0,1.0
2013-05-22,-0.013257873702488987,1.4840243499891934,0.0,0.0,1.0
2013-05-23,0.0007791664576162205,1.4851806519849906,0.0,0.0,1.0
2013-05-24,0.003187273147651437,1.489914328396474,0.0,0.0,1.0
2013-05-28,0.004234814002035625,1.4962238384562008,0.0,0.0,1.0
2013-05-29,-0.009570319277955486,1.481904498610887,0.0,0.0,1.0
2013-05-30,0.010615729535296436,1.4976359959652792,0.0,0.0,1.0
2013-05-31,-0.012759877907126405,1.4785263435074445,0.0,0.0,1.0
2013-06-03,-0.011159484902095174,1.4620267510997231,0.0,0.0,1.0
2013-06-04,-0.01339693827470223,1.4424400689592767,0.00036026699607814806,0.7205339921562961,0.9999999999999997
2013-06-05,-0.019418177718042107,1.4144305113526006,0.0,0.0,0.9999999999999997
2013-06-06,0.022002573203615317,1.4455516222200633,0.0,0.0,0.9999999999999997
2013-06-07,0.012694996592246932,1.463902895138064,0.0,0.0,0.9999999999999997
2013-06-10,-0.0013527763371223855,1.4619225619416762,0.0,0.0,0.9999999999999997
2013-06-11,-0.02041211656833175,1.4320816281934485,0.0,0.0,0.9999999999999997
2013-06-12,-0.021178847881242135,1.401751789236418,0.0,0.0,0.9999999999999997
2013-06-13,0.019272259063227937,1.4287667128609256,0.0,0.0,0.9999999999999997
2013-06-14,-0.007371951181076031,1.4182339144045684,0.0,0.0,0.9999999999999997
2013-06-17,0.008839574095431901,1.430770498175602,0.0,0.0,0.9999999999999997
2013-06-18,0.01053513974618192,1.4458438653185963,0.0,0.0,0.9999999999999997
2013-06-19,-0.017617806739100517,1.4203712675244993,0.0,0.0,0.9999999999999997
2013-06-20,-0.04065064781799399,1.3626322553575632,0.0,0.0,0.9999999999999997
2013-06-21,-0.010037702922646274,1.3489545575854685,0.0,0.0,0.9999999999999997
2013-06-24,-0.0161973215604595,1.3271051068458093,0.0,0.0,0.9999999999999997
2013-06-25,0.020386210040485686,1.354159750299769,0.0,0.0,0.9999999999999997
2013-06-26,0.01233583046959752,1.3708644354082196,0.0,0.0,0.9999999999999997
2013-06-27,0.012252867815970125,1.3876614561288911,0.0,0.0,0.9999999999999997
2013-06-28,-0.00872012230921837,1.3755608785076592,0.0,0.0,0.9999999999999997
2013-07-01,0.010817962821288551,1.390441644949774,0.0,0.0,0.9999999999999997
2013-07-02,-0.008883754233543262,1.3780893030999566,0.00022222641269322886,0.4444528253864577,0.9999999999999999
2013-07-03,-0.0008923081465557203,1.3768596227881191,0.0,0.0,0.9999999999999999
2013-07-05,0.01027692062826091,1.39100949984777,0.0,0.0,0.9999999999999999
2013-07-08,0.005588801803289689,1.3987835762489123,0.0,0.0,0.9999999999999999
2013-07-09,0.008996592057284536,1.4113678614608531,0.0,0.0,0.9999999999999999
2013-07-10,-0.006827515960340147,1.401731724860818,0.0,0.0,0.9999999999999999
2013-07-11,0.01883706501720539,1.4281362364987007,0.0,0.0,0.9999999999999999
2013-07-12,0.017009348417386105,1.4524279033328016,0.0,0.0,0.9999999999999999
2013-07-15,0.0051159780076659445,1.4598584925439726,0.0,0.0,0.9999999999999999
2013-07-16,-0.011652625704922759,1.442847307948205,0.0,0.0,0.9999999999999999
2013-07-17,0.005953179689051957,1.4514368372362854,0.0,0.0,0.9999999999999999
2013-07-18,0.0027767661896511697,1.4554671379723372,0.0,0.0,0.9999999999999999
2013-07-19,0.006465075536698617,1.464876842960511,0.0,0.0,0.9999999999999999
2013-07-22,0.0030352657360166457,1.4693231334494332,0.0,0.0,0.9999999999999999
2013-07-23,-0.008372972052788086,1.4570205319165461,0.0,0.0,0.9999999999999999
2013-07-24,-0.010126546077169563,1.4422659463647112,0.0,0.0,0.9999999999999999
2013-07-25,-0.0025294922840521927,1.4386177457818303,0.0,0.0,0.9999999999999999
2013-07-26,-0.003945267724788981,1.4329420136210886,0.0,0.0,0.9999999999999999
2013-07-29,-0.004448052784386425,1.4265682119075371,0.0,0.0,0.9999999999999999
2013-07-30,0.006991271757872619,1.4365417379581251,0.0,0.0,0.9999999999999999
2013-07-31,0.007127659819571086,1.4467809187829062,0.0,0.0,0.9999999999999999
2013-08-01,0.015107866669971326,1.468638692004537,0.0,0.0,0.9999999999999999
2013-08-02,-0.003496209957763785,1.4635040227851934,0.000409140245063877,0.8182804901277542,0.9999999999999999
2013-08-05,0.003122179878851661,1.468073345597752,0.0,0.0,0.9999999999999999
2013-08-06,-0.010428014589565104,1.452764255331307,0.0,0.0,0.9999999999999999
2013-08-07,-0.01605639032717754,1.4294381053943361,0.0,0.0,0.9999999999999999
2013-08-08,0.009167540406256558,1.4425425369837817,0.0,0.0,0.9999999999999999
2013-08-09,-0.0022142886257368044,1.439348331451997,0.0,0.0,0.9999999999999999
2013-08-12,-0.001277666254931531,1.4375093246598087,0.0,0.0,0.9999999999999999
2013-08-13,0.00852726601943865,1.4497673490766065,0.0,0.0,0.9999999999999999
2013-08-14,-0.003672261283207967,1.4444434245709334,0.0,0.0,0.9999999999999999
2013-08-15,-0.02680690058422497,1.405722373288923,0.0,0.0,0.9999999999999999
2013-08-16,0.00019653477950654086,1.4059986466256047,0.0,0.0,0.9999999999999999
2013-08-19,-0.007237104061980748,1.3958232881089712,0.0,0.0,0.9999999999999999
2013-08-20,0.017723349731455285,1.4205619524074364,0.0,0.0,0.9999999999999999
2013-08-21,-0.0052713071899895825,1.4130737339738855,0.0,0.0,0.9999999999999999
2013-08-22,0.013416270868463753,1.4320319139459907,0.0,0.0,0.9999999999999999
2013-08-23,0.0023714878915159776,1.435427960290178,0.0,0.0,0.9999999999999999
2013-08-26,0.0017856513575869037,1.4379911341761884,0.0,0.0,0.9999999999999999
2013-08-27,-0.02900823823351406,1.3962775447783244,0.0,0.0,0.9999999999999999
2013-08-28,0.00893714045419336,1.4087562733090446,0.0,0.0,0.9999999999999999
2013-08-29,0.008121812074828316,1.4201979270200962,0.0,0.0,0.9999999999999999
2013-08-30,-0.006626693412493001,1.410786710772676,0.0,0.0,0.9999999999999999
2013-09-03,0.01786788342571266,1.4359944832593068,0.0,0.0,0.9999999999999999
2013-09-04,0.012206492433617377,1.4535229390539277,0.00022909493250420772,0.45818986500841546,0.9999999999999999
2013-09-05,0.012686184921720134,1.471962599846728,0.0,0.0,0.9999999999999999
2013-09-06,-0.0032495389517528395,1.4671794000430027,0.0,0.0,0.9999999999999999
2013-09-09,0.01515916495887426,1.4894206145925166,0.0,0.0,0.9999999999999999
2013-09-10,0.012539192801589216,1.5080967468415538,0.0,0.0,0.9999999999999999
2013-09-11,0.002807747008540362,1.5123311009710876,0.0,0.0,0.9999999999999999
2013-09-12,-0.007223198135059561,1.5014072337829607,0.0,0.0,0.9999999999999999
2013-09-13,0.006165230151853551,1.5106637549308903,0.0,0.0,0.9999999999999999
2013-09-16,0.0027983675442624367,1.5148911473529825,0.0,0.0,0.9999999999999999
2013-09-17,0.008231242425304819,1.527360583634793,0.0,0.0,0.9999999999999999
2013-09-18,0.01103391448411628,1.5442133497010293,0.0,0.0,0.9999999999999999
2013-09-19,-0.005158242340780328,1.5362479230174033,0.0,0.0,0.9999999999999999
2013-09-20,-0.0051948524504066285,1.5282673417300843,0.0,0.0,0.9999999999999999
2013-09-23,-0.011350796587804135,1.510920290002322,0.0,0.0,0.9999999999999999
2013-09-24,0.0021113907455594383,1.514110433119911,0.0,0.0,0.9999999999999999
2013-09-25,-0.000298828774189408,1.5136579733551943,0.0,0.0,0.9999999999999999
2013-09-26,0.008917156468642329,1.5271554983436106,0.0,0.0,0.9999999999999999
2013-09-27,-0.0030565440986454195,1.5224876802174345,0.0,0.0,0.9999999999999999
2013-09-30,-0.006618588691427729,1.5124109604743095,0.0,0.0,0.9999999999999999
2013-10-01,0.011769764990998244,1.530211682048902,0.0,0.0,0.9999999999999999
2013-10-02,-0.000332319977058404,1.529703162137829,0.0002668317347433077,0.5336634694866152,0.9999999999999997
2013-10-03,-0.007461029595431934,1.5182900015728928,0.0,0.0,0.9999999999999997
2013-10-04,0.016000386161911795,1.5425832279038287,0.0,0.0,0.9999999999999997
2013-10-07,-0.014209492808632151,1.5206639026202127,0.0,0.0,0.9999999999999997
2013-10-08,-0.02547499987848889,1.4819249898857403,0.0,0.0,0.9999999999999997
2013-10-09,0.00252938920176371,1.485673354952981,0.0,0.0,0.9999999999999997
2013-10-10,0.031218366093034966,1.5320536496425707,0.0,0.0,0.9999999999999997
2013-10-11,0.0013010620290330177,1.5340469464725621,0.0,0.0,0.9999999999999997
2013-10-14,0.01169968621743811,1.55199481438911,0.0,0.0,0.9999999999999997
2013-10-15,-0.00396113334933712,1.545847155971835,0.0,0.0,0.9999999999999997
2013-10-16,0.02267746255790337,1.5809030469716276,0.0,0.0,0.9999999999999997
2013-10-17,0.010414467749161771,1.597367310768865,0.0,0.0,0.9999999999999997
2013-10-18,0.003280164926438678,1.602606938996289,0.0,0.0,0.9999999999999998
2013-10-21,0.002188517688994418,1.6061142726307873,0.0,0.0,0.9999999999999998
2013-10-22,-0.0002407112646033438,1.605727662833125,0.0,0.0,0.9999999999999998
2013-10-23,-0.007921666597893173,1.5930076236411468,0.0,0.0,0.9999999999999997
2013-10-24,0.005079271459127677,1.60109894179808,0.0,0.0,0.9999999999999998
2013-10-25,-0.0002470166129669993,1.6007034437604521,0.0,0.0,0.9999999999999998
2013-10-28,-0.007901296820845616,1.5880558107291511,0.0,0.0,0.9999999999999997
2013-10-29,0.007848576377063932,1.6005197880506992,0.0,0.0,0.9999999999999998
2013-10-30,-0.004650085352982614,1.5930772344271258,0.0,0.0,0.9999999999999997
2013-10-31,-0.004509170739903312,1.5858937771752408,0.0,0.0,0.9999999999999997
2013-11-01,0.012335744400026494,1.6054569574560673,0.0,0.0,0.9999999999999998
2013-11-04,0.00590582376183213,1.6149385033040102,0.00032486974843661643,0.6497394968732328,0.9999999999999999
2013-11-05,0.006603363983523902,1.625602530052334,0.0,0.0,0.9999999999999999
2013-11-06,-0.013091672095610907,1.6043206747710934,0.0,0.0,0.9999999999999999
2013-11-07,-0.0243068259073268,1.5653247314299075,0.0,0.0,0.9999999999999999
2013-11-08,0.024810516000626004,1.6041612457252248,0.0,0.0,0.9999999999999999
2013-11-11,0.003936899757083001,1.6104766677438425,0.0,0.0,0.9999999999999999
2013-11-12,0.0017609372381006683,1.6133126160791649,0.0,0.0,0.9999999999999999
2013-11-13,0.01103922175157468,1.6311223318026757,0.0,0.0,0.9999999999999999
2013-11-14,0.01222765570437745,1.6510671340876801,0.0,0.0,0.9999999999999999
2013-11-15,0.0031958598158627893,1.6563437131948027,0.0,0.0,0.9999999999999999
2013-11-18,-0.012478718124561361,1.6356746668804554,0.0,0.0,0.9999999999999999
2013-11-19,-0.0070605863353804255,1.6241258446783513,0.0,0.0,0.9999999999999999
2013-11-20,0.0006194145233819892,1.6251318518143452,0.0,0.0,0.9999999999999999
2013-11-21,0.015158974370451217,1.6497671839046026,0.0,0.0,0.9999999999999999
2013-11-22,0.014480141706923133,1.6736560465109729,0.0,0.0,0.9999999999999999
2013-11-25,-0.001762471101685037,1.6707062760948368,0.0,0.0,0.9999999999999999
2013-11-26,0.0022768969448607734,1.6745103021106367,0.0,0.0,0.9999999999999999
2013-11-27,0.008242308861467373,1.6883121332123416,0.0,0.0,0.9999999999999999
2013-11-29,-0.001414091420856245,1.6859247055090385,0.0,0.0,0.9999999999999999
2013-12-02,0.003433544212342099,1.6917134025240836,0.0,0.0,0.9999999999999999
2013-12-03,-0.005170474162336625,1.6829664420862542,0.00032456289639409044,0.6491257927881808,0.9999999999999999
2013-12-04,-0.0005818834404696105,1.6819871517827383,0.0,0.0,0.9999999999999999
2013-12-05,-0.00626176336105877,1.6714549462619335,0.0,0.0,0.9999999999999999
2013-12-06,0.012501595387708564,1.6923507997088842,0.0,0.0,0.9999999999999999
2013-12-09,0.004872391851464819,1.7005965959552058,0.0,0.0,0.9999999999999999
2013-12-10,0.0007490242261192215,1.701870384004432,0.0,0.0,0.9999999999999999
2013-12-11,-0.01825966688851899,1.6707947977050752,0.0,0.0,0.9999999999999999
2013-12-12,0.00823849265346488,1.684559628371416,0.0,0.0,0.9999999999999999
2013-12-13,0.005733658830432864,1.6942183185600184,0.0,0.0,0.9999999999999999
2013-12-16,0.006197702447178877,1.7047185795790132,0.0,0.0,0.9999999999999999
2013-12-17,0.0014675223099951396,1.7072202921268087,0.0,0.0,0.9999999999999999
2013-12-18,0.011175826354974383,1.7262998896613064,0.0,0.0,0.9999999999999999
2013-12-19,-0.00036092828292100254,1.7256768192063243,0.0,0.0,0.9999999999999999
2013-12-20,0.007449674412982166,1.738532549651442,0.0,0.0,0.9999999999999999
2013-12-23,0.007978563224624757,1.7524035415169041,0.0,0.0,0.9999999999999999
2013-12-24,0.0015283118891817882,1.7550817606840488,0.0,0.0,0.9999999999999999
2013-12-26,0.004634653526657262,1.763215956555775,0.0,0.0,0.9999999999999999
2013-12-27,-0.010960488161444015,1.7438902489378763,0.0,0.0,0.9999999999999999
2013-12-30,-0.00017140217395361645,1.7435913423580718,0.0,0.0,0.9999999999999999
2013-12-31,0.004607029295853771,1.7516241187523125,0.0,0.0,0.9999999999999999
2014-01-02,-0.006193199210149047,1.7407759616435776,0.0,0.0,0.9999999999999999
2014-01-03,0.004344758191185072,1.7483392122619466,0.00036243918743845944,0.7248783748769188,0.9999999999999999
2014-01-06,-0.005236257345130002,1.7391844582199611,0.0,0.0,0.9999999999999999
2014-01-07,0.004789601980694114,1.747514459545844,0.0,0.0,0.9999999999999999
2014-01-08,0.015027122859802455,1.7737745740287207,0.0,0.0,0.9999999999999999
2014-01-09,0.0036157718020981555,1.7801881381167726,0.0,0.0,0.9999999999999999
2014-01-10,0.005291017174684498,1.7896071441297179,0.0,0.0,0.9999999999999999
2014-01-13,-0.01936737759118068,1.754947146829483,0.0,0.0,0.9999999999999999
2014-01-14,0.018994329655522835,1.7882811914643815,0.0,0.0,0.9999999999999999
2014-01-15,0.00012972375859621188,1.788513174021965,0.0,0.0,0.9999999999999999
2014-01-16,-0.007718462744338406,1.774708601720518,0.0,0.0,0.9999999999999999
2014-01-17,-0.007516168634911113,1.7613695925921593,0.0,0.0,0.9999999999999999
2014-01-21,0.014290230368765533,1.7865399698348399,0.0,0.0,0.9999999999999999
2014-01-22,0.006257697860471145,1.7977195971817215,0.0,0.0,0.9999999999999999
2014-01-23,-0.004062625150996202,1.7904161363317723,0.0,0.0,0.9999999999999999
2014-01-24,-0.026221122547935516,1.7434694154092156,0.0,0.0,0.9999999999999999
2014-01-27,-0.010094170774305411,1.7258705373902965,0.0,0.0,0.9999999999999999
2014-01-28,0.015752470083820524,1.7530572613990845,0.0,0.0,0.9999999999999999
2014-01-29,-0.015645223991360035,1.7256302878748155,0.0,0.0,0.9999999999999999
2014-01-30,0.024862573805150445,1.768533898267506,0.0,0.0,0.9999999999999999
2014-01-31,0.001033476186058646,1.770361635935603,0.0,0.0,0.9999999999999999
2014-02-03,-0.02749211000287688,1.7216906590955883,0.0,0.0,0.9999999999999999
2014-02-04,0.010221623160820315,1.7392891322123676,0.0002890302418942832,0.5780604837885664,0.9999999999999998
2014-02-05,-0.007087139325871461,1.7269625478044044,0.0,0.0,0.9999999999999998
2014-02-06,0.013298676663467957,1.749928864337574,0.0,0.0,0.9999999999999998
2014-02-07,0.02903343391466784,1.800735308375689,0.0,0.0,0.9999999999999998
2014-02-10,0.00227989640959092,1.8048407983398782,0.0,0.0,0.9999999999999998
2014-02-11,0.011398091945203914,1.8254125397058112,0.0,0.0,0.9999999999999998
2014-02-12,0.00019895835927896677,1.8257757207897183,0.0,0.0,0.9999999999999998
2014-02-13,0.011061593410828241,1.845971709472456,0.0,0.0,0.9999999999999998
2014-02-14,-0.00013650174896306932,1.8457197311055766,0.0,0.0,0.9999999999999998
2014-02-18,0.008361539603541468,1.8611527897342537,0.0,0.0,0.9999999999999998
2014-02-19,-0.009464471002804342,1.8435379631240254,0.0,0.0,0.9999999999999998
2014-02-20,0.009888986132283728,1.8617686844756975,0.0,0.0,0.9999999999999998
2014-02-21,0.0018133130676243336,1.865144653960151,0.0,0.0,0.9999999999999998
2014-02-24,0.011940037672864667,1.8874145513937775,0.0,0.0,0.9999999999999998
2014-02-25,-0.0004866482023376806,1.8864960444952756,0.0,0.0,0.9999999999999998
2014-02-26,-0.0065606751044523515,1.8741193568615075,0.0,0.0,0.9999999999999998
2014-02-27,0.007325185086807906,1.8878476280252876,0.0,0.0,0.9999999999999998
2014-02-28,-0.0012044932817162346,1.8855737282404272,0.0,0.0,0.9999999999999998
2014-03-03,-0.00562323783870855,1.8749706987041108,0.0,0.0,0.9999999999999998
2014-03-04,0.02241757517801357,1.9170029952988827,0.00030748035221504923,0.6149607044300984,0.9999999999999998
2014-03-05,0.002444996887992268,1.9216900616566603,0.0,0.0,0.9999999999999998
2014-03-06,-0.004463889317842806,1.9131118499182265,0.0,0.0,0.9999999999999998
2014-03-07,-0.005316813725495306,1.9029401905761736,0.0,0.0,0.9999999999999998
2014-03-10,0.0005247618307169244,1.9039387809543251,0.0,0.0,0.9999999999999998
2014-03-11,-0.010317306640196033,1.8842952607270582,0.0,0.0,0.9999999999999998
2014-03-12,0.0017407275565071156,1.8875753054120015,0.0,0.0,0.9999999999999998
2014-03-13,-0.018714179394188957,1.8522508825264803,0.0,0.0,0.9999999999999998
2014-03-14,-0.002152987751462332,1.8482630090637655,0.0,0.0,0.9999999999999998
2014-03-17,0.009645598170283876,1.8660906113621945,0.0,0.0,0.9999999999999998
2014-03-18,0.009629314209860684,1.8840597842030722,0.0,0.0,0.9999999999999998
2014-03-19,0.0038536261984285503,1.8913202463468828,0.0,0.0,0.9999999999999998
2014-03-20,0.004918531497245304,1.9006227645499176,0.0,0.0,0.9999999999999998
2014-03-21,-0.014785482697705077,1.8725211395498005,0.0,0.0,0.9999999999999998
2014-03-24,-0.009816531172190723,1.8541394774128237,0.0,0.0,0.9999999999999998
2014-03-25,0.004252147266314177,1.8620235515230696,0.0,0.0,0.9999999999999998
2014-03-26,-0.015752584003044245,1.8326918691120557,0.0,0.0,0.9999999999999998
2014-03-27,-0.006907942254825938,1.8200317395093406,0.0,0.0,0.9999999999999998
2014-03-28,-0.006254802058933473,1.8086478012377334,0.0,0.0,0.9999999999999998
2014-03-31,0.020911542423394103,1.8464694164622946,0.0,0.0,0.9999999999999998
2014-04-01,0.019983007499481564,1.883367428659024,0.0,0.0,0.9999999999999998
2014-04-02,0.003346924327754186,1.8896709169241028,0.0003751309507750149,0.7502619015500299,0.9999999999999999
2014-04-03,-0.015386917872350359,1.8605947057196226,0.0,0.0,0.9999999999999999
2014-04-04,-0.028570699384183884,1.8074362137067033,0.0,0.0,0.9999999999999999
2014-04-07,-0.014028487869149564,1.782080616708457,0.0,0.0,0.9999999999999999
2014-04-08,0.007763141652966654,1.7959151609729709,0.0,0.0,0.9999999999999999
2014-04-09,0.026635434347921372,1.843750141337503,0.0,0.0,0.9999999999999999
2014-04-10,-0.038381691939429974,1.7729838913994065,0.0,0.0,0.9999999999999999
2014-04-11,-0.015561716613515353,1.7453932185211212,0.0,0.0,0.9999999999999999
2014-04-14,0.009082942258042515,1.7612465243425275,0.0,0.0,0.9999999999999999
2014-04-15,0.0013172441493822795,1.7635665160223375,0.0,0.0,0.9999999999999999
2014-04-16,0.020586933564694432,1.799872942724609,0.0,0.0,0.9999999999999999
2014-04-17,0.004262739720908959,1.8075453326101505,0.0,0.0,0.9999999999999999
2014-04-21,0.01142976804382334,1.82820515649058,0.0,0.0,0.9999999999999999
2014-04-22,0.01766709160286184,1.8605042244591232,0.0,0.0,0.9999999999999999
2014-04-23,-0.0052396597318541405,1.8507558153932802,0.0,0.0,0.9999999999999999
2014-04-24,-0.0067238782255768514,1.8383115586652976,0.0,0.0,0.9999999999999999
2014-04-25,-0.022780767994353246,1.7964334095460055,0.0,0.0,0.9999999999999999
2014-04-28,-0.014302899398866642,1.770739203212506,0.0,0.0,0.9999999999999999
2014-04-29,0.0177706789285621,1.8022064410590133,0.0,0.0,0.9999999999999999
2014-04-30,0.007505098270894184,1.8157321775035997,0.0,0.0,0.9999999999999999
2014-05-01,-0.0007641744184779808,1.8143446414227442,0.0,0.0,0.9999999999999999
2014-05-02,0.0061335890683340555,1.825473085881565,0.0004104734479182187,0.8209468958364374,1.0
2014-05-05,0.00033707994948906084,1.8260884162571478,0.0,0.0,1.0
2014-05-06,-0.010716732585469901,1.8065187150226958,0.0,0.0,1.0
2014-05-07,-0.00503046706753707,1.7974310821198847,0.0,0.0,1.0
2014-05-08,-0.004901852384594174,1.7886203402838516,0.0,0.0,1.0
2014-05-09,0.0029691149049697607,1.7939309595955204,0.0,0.0,1.0
2014-05-12,0.0204896582965568,1.8306879919652468,0.0,0.0,1.0
2014-05-13,0.004874164927438862,1.839611067168767,0.0,0.0,1.0
2014-05-14,-0.006472867476355559,1.8277035085229467,0.0,0.0,1.0
2014-05-15,-0.012167801807947298,1.8054643744675496,0.0,0.0,1.0
2014-05-16,0.0003905719077057501,1.80616953813258,0.0,0.0,1.0
2014-05-19,0.011414284262515118,1.8267856706671208,0.0,0.0,1.0
2014-05-20,-0.009030741593977876,1.8102884413277445,0.0,0.0,1.0
2014-05-21,0.012087160580708911,1.8321696884154743,0.0,0.0,1.0
2014-05-22,0.002145053358199478,1.836099790158401,0.0,0.0,1.0
2014-05-23,0.013128046330773468,1.860204193271524,0.0,0.0,1.0
2014-05-27,0.011137943621569057,1.8809230427007888,0.0,0.0,1.0
2014-05-28,0.006556342256384129,1.8932550179266545,0.0,0.0,1.0
2014-05-29,0.012725039627178525,1.9173467630541259,0.0,0.0,1.0
2014-05-30,-0.004346108351029221,1.9090137662753974,0.0,0.0,1.0
2014-06-02,0.004654682637103447,1.917899619507271,0.0,0.0,1.0
2014-06-03,-0.003108920170693863,1.911937022694819,0.00021743676637682308,0.4348735327536462,0.9999999999999997
2014-06-04,0.0011837900177587013,1.9142003546568684,0.0,0.0,0.9999999999999997
2014-06-05,0.0018927958436139036,1.9178235451320071,0.0,0.0,0.9999999999999997
2014-06-06,0.0036481362116835836,1.9248200266546225,0.0,0.0,0.9999999999999997
2014-06-09,-0.009555092201542825,1.9064281938285614,0.0,0.0,0.9999999999999997
2014-06-10,-0.0035082859791800702,1.8997398985258391,0.0,0.0,0.9999999999999997
2014-06-11,0.003155253300658911,1.9057340591110563,0.0,0.0,0.9999999999999997
2014-06-12,-0.0147904232948457,1.8775474456893992,0.0,0.0,0.9999999999999997
2014-06-13,0.006801409018185822,1.8903174138185828,0.0,0.0,0.9999999999999997
2014-06-16,0.0016295803125807584,1.8933978378606702,0.0,0.0,0.9999999999999997
2014-06-17,0.004691871833407912,1.902281417845564,0.0,0.0,0.9999999999999997
2014-06-18,0.0113584413938852,1.9238883698448397,0.0,0.0,0.9999999999999997
2014-06-19,0.0015062826769067783,1.9267862895686392,0.0,0.0,0.9999999999999997
2014-06-20,0.0062099349032658235,1.9387515069993655,0.0,0.0,0.9999999999999997
2014-06-23,-0.002883051370814016,1.9331619868094432,0.0,0.0,0.9999999999999997
2014-06-24,-0.006215967438809922,1.9211455148454906,0.0,0.0,0.9999999999999997
2014-06-25,0.005454134178942693,1.931623700260732,0.0,0.0,0.9999999999999997
2014-06-26,0.0011338164402303619,1.9338138069684263,0.0,0.0,0.9999999999999997
2014-06-27,-0.0006252909170227916,1.9326046107597157,0.0,0.0,0.9999999999999997
2014-06-30,-0.0013435980144125281,1.9300079670420545,0.0,0.0,0.9999999999999997
2014-07-01,0.01787058508180772,1.9644983386256463,0.0,0.0,0.9999999999999997
2014-07-02,-0.004857009551805902,1.9549567514304347,0.0003241271241940521,0.6482542483881042,0.9999999999999999
2014-07-03,0.004533177031492697,1.9638189164735806,0.0,0.0,0.9999999999999999
2014-07-07,-0.010761853953909717,1.9426845841025668,0.0,0.0,0.9999999999999999
2014-07-08,-0.012007529749008317,1.9193577411660154,0.0,0.0,0.9999999999999999
2014-07-09,0.007751857896179937,1.9342363296274672,0.0,0.0,0.9999999999999999
2014-07-10,-0.0017146601422594054,1.9309197716873447,0.0,0.0,0.9999999999999999
2014-07-11,0.0021081479498408218,1.9349904362453347,0.0,0.0,0.9999999999999999
2014-07-14,0.009043536728968737,1.9524895933257227,0.0,0.0,0.9999999999999999
2014-07-15,-0.001926940427928625,1.9487272621932334,0.0,0.0,0.9999999999999999
2014-07-16,-0.00017434381285164058,1.9483875136521347,0.0,0.0,0.9999999999999999
2014-07-17,-0.01516777630964028,1.918834807680563,0.0,0.0,0.9999999999999999
2014-07-18,0.014736765611351732,1.9471122264882548,0.0,0.0,0.9999999999999999
2014-07-21,-0.0020551950500116156,1.943110531078559,0.0,0.0,0.9999999999999999
2014-07-22,0.009113937059853194,1.960819918159147,0.0,0.0,0.9999999999999999
2014-07-23,0.0064415044335697225,1.973450548355401,0.0,0.0,0.9999999999999999
2014-07-24,0.0032913925654740606,1.9799459488185887,0.0,0.0,0.9999999999999999
2014-07-25,-0.0014473557667071812,1.9770802626317976,0.0,0.0,0.9999999999999999
2014-07-28,0.002066509455487031,1.9811659176887828,0.0,0.0,0.9999999999999999
2014-07-29,-0.002506858625429653,1.9761994148196174,0.0,0.0,0.9999999999999999
2014-07-30,0.0015830233001326022,1.9793277845389854,0.0,0.0,0.9999999999999999
2014-07-31,-0.020982486638451703,1.93779656574678,0.0,0.0,0.9999999999999999
2014-08-01,0.0014060059810767633,1.9405211193083298,0.0,0.0,0.9999999999999999
2014-08-04,0.008087490569338218,1.9562150655603376,0.00036673459627928454,0.733469192558569,0.9999999999999999
2014-08-05,-0.013666021784842997,1.929481387858552,0.0,0.0,0.9999999999999999
2014-08-06,-0.003601970395392895,1.9225314530210238,0.0,0.0,0.9999999999999999
2014-08-07,-0.007887803111465197,1.9073669034439948,0.0,0.0,0.9999999999999999
2014-08-08,0.009142098537939125,1.9248042396232838,0.0,0.0,0.9999999999999999
2014-08-11,0.006795528507968829,1.937884301705903,0.0,0.0,0.9999999999999999
2014-08-12,-0.00194307211008804,1.9341188527666808,0.0,0.0,0.9999999999999999
2014-08-13,0.012156886118148025,1.9576317153987286,0.0,0.0,0.9999999999999999
2014-08-14,0.003064224393379833,1.9636303382543072,0.0,0.0,0.9999999999999999
2014-08-15,0.002566614798113376,1.968670220938495,0.0,0.0,0.9999999999999999
2014-08-18,0.011055628449488708,1.9904351074407638,0.0,0.0,0.9999999999999999
2014-08-19,0.00566266029161655,2.001706265286708,0.0,0.0,0.9999999999999998
2014-08-20,0.004905499424656901,2.0115256342194043,0.0,0.0,0.9999999999999998
2014-08-21,-0.0028755048476366563,2.005741482507061,0.0,0.0,0.9999999999999998
2014-08-22,0.0017252401967879916,2.009201868337047,0.0,0.0,0.9999999999999998
2014-08-25,0.004156096496354289,2.017552305182511,0.0,0.0,0.9999999999999998
2014-08-26,0.0011606026807358116,2.0198938817964307,0.0,0.0,0.9999999999999998
2014-08-27,-0.0031157099844228986,2.0136004782614427,0.0,0.0,0.9999999999999998
2014-08-28,-0.002136344222687936,2.009298734512907,0.0,0.0,0.9999999999999998
2014-08-29,0.006322223795772519,2.0220019707850603,0.0,0.0,0.9999999999999998
2014-09-02,0.0033867908346951747,2.0288500685274506,0.0,0.0,0.9999999999999998
2014-09-03,6.649585571438799e-05,2.0289849786488734,0.0002659505121342228,0.5319010242684457,1.0
2014-09-04,-0.0030410894069460292,2.0228146539234517,0.0,0.0,1.0
2014-09-05,0.005679556471423153,2.034303343981632,0.0,0.0,1.0
2014-09-08,8.52655534551161e-05,2.0344767999821523,0.0,0.0,1.0
2014-09-09,-0.008455886615357344,2.017273494839928,0.0,0.0,1.0
2014-09-10,0.006842692148163021,2.0310770763437667,0.0,0.0,1.0
2014-09-11,0.0004132575736830457,2.0319164343283,0.0,0.0,1.0
2014-09-12,-0.008228379776010097,2.0151970542335302,0.0,0.0,1.0
2014-09-15,-0.013932230473067797,1.9871208644253013,0.0,0.0,0.9999999999999999
2014-09-16,0.012493888359698113,2.0119477306626576,0.0,0.0,1.0
2014-09-17,-0.00010287569027234156,2.011740750151074,0.0,0.0,1.0
2014-09-18,0.011111087653501439,2.0340933779621233,0.0,0.0,1.0
2014-09-19,-0.005068181041106734,2.023784224468095,0.0,0.0,1.0
2014-09-22,-0.01626934067230501,1.9908585894729869,0.0,0.0,0.9999999999999999
2014-09-23,-0.0008828544313332909,1.9891009511451128,0.0,0.0,0.9999999999999999
2014-09-24,0.016423051305501923,2.0217680581175914,0.0,0.0,1.0
2014-09-25,-0.019027724526401002,1.9832984124514532,0.0,0.0,0.9999999999999999
2014-09-26,0.01482371146703132,2.0126982558706548,0.0,0.0,1.0
2014-09-29,-0.0029251596830744964,2.0068107920783875,0.0,0.0,1.0
2014-09-30,-0.002874872702019582,2.001041466514123,0.0,0.0,1.0
2014-10-01,-0.022979271670566015,1.9550589910310274,0.0,0.0,0.9999999999999999
2014-10-02,-0.003982711675028505,1.9472725547620786,0.0003136134639423252,0.6272269278846504,1.0
2014-10-03,0.012778603848878634,1.9721559793251768,0.0,0.0,1.0
2014-10-06,-0.004764068906335628,1.9627604923456299,0.0,0.0,1.0
2014-10-07,-0.016755650781179354,1.9298731629687909,0.0,0.0,1.0
2014-10-08,0.020046319095707643,1.9685600162079058,0.0,0.0,1.0
2014-10-09,-0.03239836692047349,1.9047818864978288,0.0,0.0,1.0
2014-10-10,-0.026955268086426565,1.8534379801011105,0.0,0.0,1.0
2014-10-13,-0.03613614515783181,1.7864618762111382,0.0,0.0,1.0
2014-10-14,0.004791911806380389,1.7950224439674027,0.0,0.0,1.0
2014-10-15,-0.005231550722752387,1.7856316930033083,0.0,0.0,1.0
2014-10-16,0.006530166898645273,1.7972921659781302,0.0,0.0,1.0
2014-10-17,0.015641168465007294,1.825403915527032,0.0,0.0,1.0
2014-10-20,0.021420744935688685,1.864505427206144,0.0,0.0,1.0
2014-10-21,0.03209530455862475,1.9243472967435342,0.0,0.0,1.0
2014-10-22,-0.010010936822834049,1.9050827775306431,0.0,0.0,1.0
2014-10-23,0.007418845227821436,1.9192162918033313,0.0,0.0,1.0
2014-10-24,0.010392719691255659,1.9391621687509346,0.0,0.0,1.0
2014-10-27,-0.0017731954513559023,1.935723655213864,0.0,0.0,1.0
2014-10-28,0.01643932899954037,1.9675456532341173,0.0,0.0,1.0
2014-10-29,-0.008374234986729512,1.9510689635868166,0.0,0.0,1.0
2014-10-30,0.004718056895479883,1.9602742179640242,0.0,0.0,1.0
2014-10-31,0.017544632066611276,1.9946665078678674,0.0,0.0,1.0
2014-11-03,-0.0010553252407525804,1.9925614859552305,0.0,0.0,1.0
2014-11-04,-0.0025000602240731196,1.9875799622401737,0.00042005622334175474,0.8401124466835095,0.9999999999999997
2014-11-05,-0.0010543036092051095,1.9854844495124002,0.0,0.0,0.9999999999999997
2014-11-06,0.01042607848308541,2.006185266209962,0.0,0.0,0.9999999999999998
2014-11-07,-0.0020449954057132347,2.002082626557553,0.0,0.0,0.9999999999999998
2014-11-10,0.005418535241285438,2.0129309818255203,0.0,0.0,0.9999999999999998
2014-11-11,0.004104703200406679,2.021193466068817,0.0,0.0,0.9999999999999998
2014-11-12,-0.0015734201594407304,2.0180132795231747,0.0,0.0,0.9999999999999998
2014-11-13,-0.0005601480012779048,2.0168828934180976,0.0,0.0,0.9999999999999998
2014-11-14,-0.0003843264693299542,2.016107751936618,0.0,0.0,0.9999999999999998
2014-11-17,0.0010376052458096474,2.018199675916145,0.0,0.0,0.9999999999999998
2014-11-18,0.010285470358821103,2.0389578088609626,0.0,0.0,0.9999999999999998
2014-11-19,-0.0078037673073835245,2.023046256571039,0.0,0.0,0.9999999999999998
2014-11-20,0.0025066071759771713,2.028117238835094,0.0,0.0,0.9999999999999998
2014-11-21,-0.0025946125493579997,2.022855060395643,0.0,0.0,0.9999999999999998
2014-11-24,0.005169851474218223,2.0333129206117593,0.0,0.0,0.9999999999999998
2014-11-25,0.0020476200143257905,2.037476372843391,0.0,0.0,0.9999999999999998
2014-11-26,0.006608907745942361,2.0509418662260503,0.0,0.0,0.9999999999999998
2014-11-28,0.00021344292823322064,2.0513796252636136,0.0,0.0,0.9999999999999998
2014-12-01,-0.015519068823227178,2.0195441236765816,0.0,0.0,0.9999999999999998
2014-12-02,0.007724385795883304,2.0351438616196686,0.00040998116600382187,0.8199623320076437,0.9999999999999998
2014-12-03,0.00786436523061429,2.0511489762442885,0.0,0.0,0.9999999999999998
2014-12-04,0.006067269387172836,2.063593849636386,0.0,0.0,0.9999999999999998
2014-12-05,0.0030151342979276574,2.0698158622294174,0.0,0.0,0.9999999999999998
2014-12-08,-0.006940008581375889,2.0554513223836772,0.0,0.0,0.9999999999999998
2014-12-09,0.00098607423265884,2.0574781499691643,0.0,0.0,0.9999999999999998
2014-12-10,-0.015493090679719823,2.02560145442015,0.0,0.0,0.9999999999999998
2014-12-11,0.007012777323425201,2.0398065463660044,0.0,0.0,0.9999999999999998
2014-12-12,-0.017814338129653162,2.0034687428299605,0.0,0.0,0.9999999999999998
2014-12-15,-0.007934055291042297,1.9875731110504726,0.0,0.0,0.9999999999999998
2014-12-16,-0.010553065245423987,1.9665981223295066,0.0,0.0,0.9999999999999998
2014-12-17,0.01720764646425077,2.000438647555812,0.0,0.0,0.9999999999999998
2014-12-18,0.025033037879628184,2.050515703995949,0.0,0.0,0.9999999999999998
2014-12-19,0.002234235263275819,2.0550970384897176,0.0,0.0,0.9999999999999998
2014-12-22,-0.0042347319029768515,2.046394253497112,0.0,0.0,0.9999999999999998
2014-12-23,-0.004607970936038819,2.0369645282533204,0.0,0.0,0.9999999999999998
2014-12-24,0.0036314507250896355,2.044361664566428,0.0,0.0,0.9999999999999998
2014-12-26,0.004801494305747056,2.0541776554577313,0.0,0.0,0.9999999999999998
2014-12-29,0.002943618074500609,2.060224369932572,0.0,0.0,0.9999999999999998
2014-12-30,-0.007802382880479297,2.044149710578664,0.0,0.0,0.9999999999999998
2014-12-31,-0.009938018136038118,2.023834913682156,0.0,0.0,0.9999999999999998
2015-01-02,0.003690846472980125,2.031304577635214,0.0,0.0,0.9999999999999998
2015-01-05,-0.01580692532054717,1.9991958978732485,0.00021619619567868396,0.43239239135736796,0.9999999999999998
2015-01-06,-0.013996007978987923,1.9712151361350545,0.0,0.0,0.9999999999999998
2015-01-07,0.013043047102704763,1.9969257880052287,0.0,0.0,0.9999999999999998
2015-01-08,0.021854263361472226,2.0405671300896104,0.0,0.0,0.9999999999999998
2015-01-09,-0.006315850651641974,2.027679212851315,0.0,0.0,0.9999999999999998
2015-01-12,-0.012702852089277461,2.001921903725962,0.0,0.0,0.9999999999999998
2015-01-13,-0.003965125350210763,1.9939840324363558,0.0,0.0,0.9999999999999998
2015-01-14,-0.0022296618906926247,1.9895381222285828,0.0,0.0,0.9999999999999998
2015-01-15,-0.008306263502453781,1.9730124943371752,0.0,0.0,0.9999999999999998
2015-01-16,0.014127454338122902,2.0008861382594696,0.0,0.0,0.9999999999999998
2015-01-20,0.01050596442914098,2.021907376854785,0.0,0.0,0.9999999999999998
2015-01-21,0.0076308332978056725,2.0373362149911673,0.0,0.0,0.9999999999999998
2015-01-22,0.017172732463112128,2.07232284474862,0.0,0.0,0.9999999999999998
2015-01-23,-0.00046462980496353445,2.0713599817894432,0.0,0.0,0.9999999999999998
2015-01-26,0.0027110044305571623,2.0769754478773534,0.0,0.0,0.9999999999999998
2015-01-27,-0.01192570338923793,2.0522060547392384,0.0,0.0,0.9999999999999998
2015-01-28,-0.010337818677832011,2.030990720655795,0.0,0.0,0.9999999999999998
2015-01-29,0.008114332227368903,2.0474708541138997,0.0,0.0,0.9999999999999998
2015-01-30,-0.025665512400193435,1.9949214655186047,0.0,0.0,0.9999999999999998
2015-02-02,0.0029347831666639568,2.0007761274544253,0.0,0.0,0.9999999999999998
2015-02-03,0.0059566401204831365,2.0126940308073253,0.00046280995031203773,0.9256199006240754,0.9999999999999996
2015-02-04,0.010119697789511939,2.03306188614185,0.0,0.0,0.9999999999999996
2015-02-05,0.004130466983201853,2.041459381137365,0.0,0.0,0.9999999999999996
2015-02-06,-0.007379676958741754,2.0263940703801784,0.0,0.0,0.9999999999999996
2015-02-09,-0.01251581380527178,2.0010320994991933,0.0,0.0,0.9999999999999996
2015-02-10,0.021335063416024758,2.0437242462395098,0.0,0.0,0.9999999999999996
2015-02-11,0.004735820708334559,2.053402957846976,0.0,0.0,0.9999999999999996
2015-02-12,0.010241863236373883,2.0744336301104105,0.0,0.0,0.9999999999999996
2015-02-13,0.001493888637554619,2.077532602939794,0.0,0.0,0.9999999999999996
2015-02-17,0.0030849721391288387,2.083941733137995,0.0,0.0,0.9999999999999996
2015-02-18,0.0034451785363140974,2.091121284467931,0.0,0.0,0.9999999999999996
2015-02-19,0.0030513487261387695,2.097502024735494,0.0,0.0,0.9999999999999996
2015-02-20,0.01143223854003561,2.1214811682204777,0.0,0.0,0.9999999999999996
2015-02-23,0.0028843496879251695,2.1276002617659735,0.0,0.0,0.9999999999999996
2015-02-24,0.0038630335700884366,2.1358192530009044,0.0,0.0,0.9999999999999996
2015-02-25,-0.005354634570836514,2.1243827213917275,0.0,0.0,0.9999999999999996
2015-02-26,0.006516769493213337,2.1382268339024026,0.0,0.0,0.9999999999999996
2015-02-27,-0.0002058516335191607,2.1377866764158093,0.0,0.0,0.9999999999999996
2015-03-02,0.011995902960437954,2.1634313579362106,0.0,0.0,0.9999999999999996
2015-03-03,-0.004548156450396523,2.153591733650623,0.00021692370218857028,0.43384740437714053,0.9999999999999998
2015-03-04,-0.0015044150013223678,2.150351837939795,0.0,0.0,0.9999999999999998
2015-03-05,0.0034940085739545435,2.1578651856985753,0.0,0.0,0.9999999999999998
2015-03-06,-0.016242445506727154,2.1228161780090025,0.0,0.0,0.9999999999999998
2015-03-09,0.0053663324098325305,2.134207915265169,0.0,0.0,0.9999999999999998
2015-03-10,-0.0138937257890549,2.104555815713644,0.0,0.0,0.9999999999999998
2015-03-11,0.000963940681604214,2.106584482681117,0.0,0.0,0.9999999999999998
2015-03-12,0.014448761361201212,2.1370220191585863,0.0,0.0,0.9999999999999998
2015-03-13,-0.0035203993998904615,2.1294988481247876,0.0,0.0,0.9999999999999998
2015-03-16,0.02283256541431511,2.1781207698743055,0.0,0.0,0.9999999999999998
2015-03-17,-0.004796114844732635,2.167674252516291,0.0,0.0,0.9999999999999998
2015-03-18,0.00589512599885289,2.180452965359344,0.0,0.0,0.9999999999999998
2015-03-19,0.00571027478390751,2.1929039509449315,0.0,0.0,0.9999999999999998
2015-03-20,0.003543958650715995,2.200675511872072,0.0,0.0,0.9999999999999998
2015-03-23,-0.0021190132726611743,2.196012251253595,0.0,0.0,0.9999999999999998
2015-03-24,-0.005206488888398697,2.1845787378686556,0.0,0.0,0.9999999999999998
2015-03-25,-0.027261911595732546,2.1250229454429634,0.0,0.0,0.9999999999999998
2015-03-26,-0.0050943953201204595,2.11419723849455,0.0,0.0,0.9999999999999998
2015-03-27,0.015474834064045595,2.146914089938917,0.0,0.0,0.9999999999999998
2015-03-30,0.010136202066590272,2.1686756449741478,0.0,0.0,0.9999999999999998
2015-03-31,-0.010903117582811372,2.1450303194180154,0.0,0.0,0.9999999999999998
2015-04-01,-0.0067700233750901395,2.1305084140152784,0.0,0.0,0.9999999999999998
2015-04-02,0.0028597848513494117,2.1366012097033518,0.0003171218937264734,0.6342437874529469,1.0
2015-04-06,0.0025237908923716468,2.1419935443770313,0.0,0.0,1.0
2015-04-07,-0.003137593843379305,2.1352728386196356,0.0,0.0,1.0
2015-04-08,0.010362588638070047,2.157399792676295,0.0,0.0,1.0
2015-04-09,0.0020902472699702024,2.161909291703171,0.0,0.0,1.0
2015-04-10,0.004697780025686438,2.1720654659910803,0.0,0.0,1.0
2015-04-13,-0.006408603548026082,2.158145559539185,0.0,0.0,1.0
2015-04-14,-0.005655573232750344,2.145940009280276,0.0,0.0,1.0
2015-04-15,-0.002110779372426097,2.1414104033742234,0.0,0.0,1.0
2015-04-16,-0.0017003513034028472,2.1377692534037256,0.0,0.0,1.0
2015-04-17,-0.013827464744522122,2.108209324420362,0.0,0.0,1.0
2015-04-20,0.009285337549595596,2.12778475962281,0.0,0.0,1.0
2015-04-21,0.009609730752163204,2.1482321982613417,0.0,0.0,1.0
2015-04-22,0.002236219029250419,2.153036115982342,0.0,0.0,1.0
2015-04-23,0.0029911787489684816,2.15947623185823,0.0,0.0,1.0
2015-04-24,-0.0037094885470349004,2.151465679508558,0.0,0.0,1.0
2015-04-27,-0.0104433829012881,2.12899709961847,0.0,0.0,1.0
2015-04-28,-0.006695569331867879,2.114742251930629,0.0,0.0,1.0
2015-04-29,-0.011393147633416145,2.0906486812477603,0.0,0.0,1.0
2015-04-30,-0.012904673181703075,2.0636695432784995,0.0,0.0,1.0
2015-05-01,0.02088884231072874,2.1067772109494975,0.0,0.0,1.0
2015-05-04,0.0017313045783049485,2.1104246839802827,0.0002663232050164494,0.5326464100328988,0.9999999999999998
2015-05-05,-0.019571696032823382,2.069120093565253,0.0,0.0,0.9999999999999998
2015-05-06,0.001561446242169584,2.0723509133599483,0.0,0.0,0.9999999999999998
2015-05-07,0.014768013903243782,2.102955420460848,0.0,0.0,0.9999999999999998
2015-05-08,0.011368874007202878,2.126863655678832,0.0,0.0,0.9999999999999998
2015-05-11,-0.0010057572354471578,2.124724547168323,0.0,0.0,0.9999999999999998
2015-05-12,0.0012750895359825432,2.1274337612052627,0.0,0.0,0.9999999999999998
2015-05-13,-0.006736368908530355,2.113102582561322,0.0,0.0,0.9999999999999998
2015-05-14,0.006532215774901484,2.1269058245851142,0.0,0.0,0.9999999999999998
2015-05-15,0.005016760202572579,2.1375760010805127,0.0,0.0,0.9999999999999998
2015-05-18,0.007290170998023537,2.153159295649661,0.0,0.0,0.9999999999999998
2015-05-19,-0.0010800727840184488,2.1508337268947733,0.0,0.0,0.9999999999999998
2015-05-20,-0.011061916157193652,2.127041384539799,0.0,0.0,0.9999999999999998
2015-05-21,0.004726828119358428,2.1370955435672805,0.0,0.0,0.9999999999999998
2015-05-22,-0.0009080271297976505,2.1351550028347517,0.0,0.0,0.9999999999999998
2015-05-26,-0.010438382162976878,2.1128674389379705,0.0,0.0,0.9999999999999998
2015-05-27,0.01894312748146265,2.152891756185204,0.0,0.0,0.9999999999999998
2015-05-28,-0.002075193953130494,2.148424088231024,0.0,0.0,0.9999999999999998
2015-05-29,0.0092708285392753,2.168341759582663,0.0,0.0,0.9999999999999998
2015-06-01,0.0027865376700000333,2.174383925577174,0.0,0.0,0.9999999999999998
2015-06-02,-0.004041209970410797,2.1655967835776306,0.0003731867459640134,0.7463734919280267,1.0
2015-06-03,0.0023716581093347067,2.170732838750952,0.0,0.0,1.0
2015-06-04,-0.006354750665942932,2.156938372798315,0.0,0.0,1.0
2015-06-05,0.001598073365003616,2.1603853185618385,0.0,0.0,1.0
2015-06-08,-0.012058248954071926,2.134334854553898,0.0,0.0,1.0
2015-06-09,-0.0034867573171474264,2.1268929468825393,0.0,0.0,1.0
2015-06-10,0.00934283863271812,2.146764164474329,0.0,0.0,1.0
2015-06-11,0.00014280473499383994,2.147070732561931,0.0,0.0,1.0
2015-06-12,-0.005541727350960923,2.1351722519588447,0.0,0.0,1.0
2015-06-15,-0.0004741846312056319,2.134159786091989,0.0,0.0,1.0
2015-06-16,0.007744327464292988,2.150687418336611,0.0,0.0,1.0
2015-06-17,0.00644839770806005,2.1645559061557664,0.0,0.0,1.0
2015-06-18,0.014727902382729807,2.1964352742435898,0.0,0.0,1.0
2015-06-19,-0.0013575547891526707,2.1934534930179765,0.0,0.0,1.0
2015-06-22,0.002971596506378571,2.1999715517547327,0.0,0.0,1.0
2015-06-23,-0.0006219853369061612,2.1986032017079307,0.0,0.0,1.0
2015-06-24,-0.007845090641352526,2.181354960306164,0.0,0.0,1.0
2015-06-25,0.0012568421364544946,2.184096579134841,0.0,0.0,1.0
2015-06-26,-0.0013397017195135863,2.18117054119219,0.0,0.0,1.0
2015-06-29,-0.02623614678251429,2.1239450307157757,0.0,0.0,1.0
2015-06-30,0.0018309567970866691,2.1278338823064034,0.0,0.0,1.0
2015-07-01,0.008648488608521632,2.1462364293983565,0.0,0.0,1.0
2015-07-02,-0.0022147106770181724,2.1414831366627625,0.00031632049692675043,0.6326409938535009,0.9999999999999998
2015-07-06,0.000835075374091554,2.143271436494222,0.0,0.0,0.9999999999999998
2015-07-07,0.0057723009552288485,2.155643044254412,0.0,0.0,0.9999999999999998
2015-07-08,-0.018609424360577997,2.1155277680739535,0.0,0.0,0.9999999999999998
2015-07-09,-0.0015618502982138738,2.1122236303985074,0.0,0.0,0.9999999999999998
2015-07-10,0.021196060123171767,2.1569944494620183,0.0,0.0,0.9999999999999998
2015-07-13,0.01329809461442566,2.185678365733755,0.0,0.0,0.9999999999999998
2015-07-14,0.004620794229348579,2.1957779357133496,0.0,0.0,0.9999999999999998
2015-07-15,-0.0023714838329382815,2.1905706838380827,0.0,0.0,0.9999999999999998
2015-07-16,0.005965989282495698,2.20363960506041,0.0,0.0,0.9999999999999998
2015-07-17,0.0047270611844991706,2.2140563443021164,0.0,0.0,0.9999999999999998
2015-07-20,0.0018088519592751595,2.218061244458453,0.0,0.0,0.9999999999999998
2015-07-21,-0.004466357940506205,2.208154589006737,0.0,0.0,0.9999999999999998
2015-07-22,-0.001469799946413275,2.204909043510143,0.0,0.0,0.9999999999999998
2015-07-23,-0.002564869867422326,2.1992537387440367,0.0,0.0,0.9999999999999998
2015-07-24,-0.012971109347017507,2.1707269780169507,0.0,0.0,0.9999999999999998
2015-07-27,-0.011022295909923763,2.1468005829255934,0.0,0.0,0.9999999999999998
2015-07-28,0.010156481006713403,2.1686045222712784,0.0,0.0,0.9999999999999998
2015-07-29,0.006534651905172328,2.1827755979443038,0.0,0.0,0.9999999999999998
2015-07-30,-0.0022593567796782565,2.177843929098572,0.0,0.0,0.9999999999999998
2015-07-31,0.005918358365863519,2.1907331899358975,0.0,0.0,0.9999999999999998
2015-08-03,-0.002019896550030098,2.1863081355235097,0.0,0.0,0.9999999999999998
2015-08-04,0.00044089410498204806,2.1872720658921363,0.00047454634752110646,0.949092695042213,0.9999999999999996
2015-08-05,0.005192803349310493,2.1986301396017542,0.0,0.0,0.9999999999999996
2015-08-06,-0.0150506353565103,2.165539359086775,0.0,0.0,0.9999999999999996
2015-08-07,-0.001354153073594988,2.1626068873076765,0.0,0.0,0.9999999999999996
2015-08-10,0.010156989597072119,2.184572462964617,0.0,0.0,0.9999999999999996
2015-08-11,-0.009178808969185215,2.1645206896477225,0.0,0.0,0.9999999999999996
2015-08-12,0.003149744094448348,2.1713383759072515,0.0,0.0,0.9999999999999996
2015-08-13,0.0055464212881675135,2.183381533299199,0.0,0.0,0.9999999999999996
2015-08-14,0.0002347583408985887,2.183894100325505,0.0,0.0,0.9999999999999996
2015-08-17,0.010813692777060124,2.2075100601840587,0.0,0.0,0.9999999999999996
2015-08-18,-0.004932638629036701,2.1966212107872076,0.0,0.0,0.9999999999999996
2015-08-19,-0.0033493598456729723,2.1892639359076433,0.0,0.0,0.9999999999999996
2015-08-20,-0.03258354020601939,2.1179299664304083,0.0,0.0,0.9999999999999996
2015-08-21,-0.040843539972334586,2.0314262091879027,0.0,0.0,0.9999999999999996
2015-08-24,-0.033598405287672994,1.9631735280996063,0.0,0.0,0.9999999999999997
2015-08-25,-0.004462698489967054,1.9544124765602129,0.0,0.0,0.9999999999999997
2015-08-26,0.04894768185094289,2.0500764366683955,0.0,0.0,0.9999999999999996
2015-08-27,0.0247247454810664,2.100764054781753,0.0,0.0,0.9999999999999996
2015-08-28,-0.0014844311235566732,2.097645615235586,0.0,0.0,0.9999999999999996
2015-08-31,-0.010294264598903702,2.0760518962376207,0.0,0.0,0.9999999999999996
2015-09-01,-0.03669549329311983,1.9998701478030643,0.0,0.0,0.9999999999999997
2015-09-02,0.02194304668558611,2.043753391821417,0.0003664792103218608,0.7329584206437216,1.0
2015-09-03,-0.004409434370216236,2.0347415953712735,0.0,0.0,1.0
2015-09-04,-0.012322005113476475,2.0096694990285053,0.0,0.0,1.0
2015-09-08,0.028114478631950934,2.0661703092162256,0.0,0.0,1.0
2015-09-09,-0.011946207401633324,2.0414874101752316,0.0,0.0,1.0
2015-09-10,0.00659831728178939,2.0549577918343465,0.0,0.0,1.0
2015-09-11,0.011919893920216973,2.0794526707235352,0.0,0.0,1.0
2015-09-14,-0.003538905130478609,2.0720936849985243,0.0,0.0,1.0
2015-09-15,0.011034020747658246,2.09495720970989,0.0,0.0,1.0
2015-09-16,0.0073513064641046455,2.1103578821876527,0.0,0.0,1.0
2015-09-17,0.0017168696157963126,2.113981091514037,0.0,0.0,1.0
2015-09-18,-0.014850497824446585,2.0825874199135868,0.0,0.0,1.0
2015-09-21,0.0009358037018052379,2.084536312930475,0.0,0.0,1.0
2015-09-22,-0.009853008560332777,2.0639973587948464,0.0,0.0,1.0
2015-09-23,0.00277957752003144,2.069734399454757,0.0,0.0,1.0
2015-09-24,-0.005911513173628702,2.0574991372864675,0.0,0.0,1.0
2015-09-25,-0.0016735788886406144,2.0540557501669086,0.0,0.0,1.0
2015-09-28,-0.032166653333442485,1.9879836509237254,0.0,0.0,1.0
2015-09-29,-0.0028865031046706457,1.9822453299432996,0.0,0.0,1.0
2015-09-30,0.024187138356565052,2.0301901719952933,0.0,0.0,1.0
2015-10-01,0.010046199718168891,2.050585867929022,0.0,0.0,1.0
2015-10-02,0.011841151296456687,2.0748671654375452,0.00026413715690787006,0.5282743138157401,0.9999999999999998
2015-10-05,0.01346283494714684,2.102800759623085,0.0,0.0,0.9999999999999998
2015-10-06,-0.016568784128102032,2.0679599077724813,0.0,0.0,0.9999999999999998
2015-10-07,0.011328313877253304,2.091386406693304,0.0,0.0,0.9999999999999998
2015-10-08,0.005164709313393079,2.1021878095458564,0.0,0.0,0.9999999999999998
2015-10-09,0.004905436985453315,2.1124999593771716,0.0,0.0,0.9999999999999998
2015-10-12,0.00666807073248088,2.1265862585286617,0.0,0.0,0.9999999999999998
2015-10-13,-0.017263066203026867,2.089874859161234,0.0,0.0,0.9999999999999998
2015-10-14,-0.008975511187287677,2.071117163982801,0.0,0.0,0.9999999999999998
2015-10-15,0.010557625343421195,2.0929832430424606,0.0,0.0,0.9999999999999998
2015-10-16,0.005122320282810788,2.1037041735598803,0.0,0.0,0.9999999999999998
2015-10-19,0.002142969324091748,2.1082123470707828,0.0,0.0,0.9999999999999998
2015-10-20,0.00034154564649213626,2.108932397819806,0.0,0.0,0.9999999999999998
2015-10-21,-0.006878861089095745,2.0944253448089096,0.0,0.0,0.9999999999999998
2015-10-22,0.008623831432462259,2.1124873159304185,0.0,0.0,0.9999999999999998
2015-10-23,0.013169825510046973,2.1403084052734096,0.0,0.0,0.9999999999999998
2015-10-26,-0.00025105826004956366,2.139771063169212,0.0,0.0,0.9999999999999998
2015-10-27,-0.0012932211992534581,2.1370038658687727,0.0,0.0,0.9999999999999998
2015-10-28,0.02012675360714944,2.1800148161346393,0.0,0.0,0.9999999999999998
2015-10-29,-0.007175618713651133,2.164371861023947,0.0,0.0,0.9999999999999998
2015-10-30,0.0034802893493175446,2.171904501359831,0.0,0.0,0.9999999999999998
2015-11-02,0.007663575386950283,2.1885490552392586,0.0,0.0,0.9999999999999998
2015-11-03,-0.006066700924036494,2.1752717826635393,0.0002768988164888268,0.5537976329776535,0.9999999999999998
2015-11-04,-0.0014688482631252109,2.1720766384837487,0.0,0.0,0.9999999999999998
2015-11-05,0.006889927714212929,2.1870420895126323,0.0,0.0,0.9999999999999998
2015-11-06,0.01779333027091501,2.2259568517277226,0.0,0.0,0.9999999999999998
2015-11-09,-0.011521705101535717,2.200310033313373,0.0,0.0,0.9999999999999998
2015-11-10,0.0023892067156758845,2.2055670288215343,0.0,0.0,0.9999999999999998
2015-11-11,-0.0033656132086377077,2.1981439432967966,0.0,0.0,0.9999999999999998
2015-11-12,-0.014609293288391001,2.1660306137390735,0.0,0.0,0.9999999999999998
2015-11-13,-0.016483153201111267,2.130327599294515,0.0,0.0,0.9999999999999998
2015-11-16,0.016616805273787394,2.1657268381813672,0.0,0.0,0.9999999999999998
2015-11-17,0.005343789140494604,2.1773000257405184,0.0,0.0,0.9999999999999998
2015-11-18,0.015782832760252274,2.211663987915674,0.0,0.0,0.9999999999999998
2015-11-19,-0.005684878426260087,2.1990909470246356,0.0,0.0,0.9999999999999998
2015-11-20,0.009389825017533715,2.2197400262148395,0.0,0.0,0.9999999999999998
2015-11-23,0.002191928323413972,2.2246055372489155,0.0,0.0,0.9999999999999998
2015-11-24,0.0006226749896141026,2.2259907434787176,0.0,0.0,0.9999999999999998
2015-11-25,0.004923905288307884,2.2369513110722568,0.0,0.0,0.9999999999999998
2015-11-27,0.00509210761742418,2.248342107883175,0.0,0.0,0.9999999999999998
2015-11-30,-0.008691498426983912,2.2288006459891867,0.0,0.0,0.9999999999999998
2015-12-01,0.017222506265788473,2.267186179079929,0.0,0.0,0.9999999999999998
2015-12-02,-0.004631806110363512,2.2566850122823348,0.0003639136015571999,0.7278272031143997,0.9999999999999996
2015-12-03,-0.011340857041968633,2.2310922701692877,0.0,0.0,0.9999999999999996
2015-12-04,0.02422003265687178,2.285129397813282,0.0,0.0,0.9999999999999996
2015-12-07,-0.01143396581537337,2.25900130639498,0.0,0.0,0.9999999999999996
2015-12-08,0.00460145908925047,2.26939600848892,0.0,0.0,0.9999999999999996
2015-12-09,-0.013956405892028179,2.2377233966647,0.0,0.0,0.9999999999999996
2015-12-10,0.0019634073917693673,2.242116959322447,0.0,0.0,0.9999999999999996
2015-12-11,-0.02117323019459494,2.1946441008195077,0.0,0.0,0.9999999999999996
2015-12-14,0.008124106010272802,2.212473622149385,0.0,0.0,0.9999999999999996
2015-12-15,0.005258402351515201,2.224107698646761,0.0,0.0,0.9999999999999996
2015-12-16,0.01678498656988303,2.2614393164985205,0.0,0.0,0.9999999999999996
2015-12-17,-0.011270216118614784,2.2359524066624497,0.0,0.0,0.9999999999999996
2015-12-18,-0.015704621866080237,2.200837619605264,0.0,0.0,0.9999999999999996
2015-12-21,0.009446262371343828,2.221627309196779,0.0,0.0,0.9999999999999996
2015-12-22,0.0036874338669834472,2.2298194129765267,0.0,0.0,0.9999999999999996
2015-12-23,0.005030024685468648,2.241035459667936,0.0,0.0,0.9999999999999996
2015-12-24,-0.0009246894702100716,2.2389631977760134,0.0,0.0,0.9999999999999996
2015-12-28,0.003255588281037891,2.246252340124368,0.0,0.0,0.9999999999999996
2015-12-29,0.012122114367387749,2.273481667889368,0.0,0.0,0.9999999999999996
2015-12-30,-0.007005498621006634,2.257554795200085,0.0,0.0,0.9999999999999996
2015-12-31,-0.011561340794883579,2.2314544348496534,0.0,0.0,0.9999999999999996
2016-01-04,-0.022824729868884175,2.1805220901594864,0.0,0.0,0.9999999999999996
2016-01-05,0.0036640807037635614,2.1885116990741698,0.0001663032316051334,0.3326064632102668,0.9999999999999998
2016-01-06,-0.0023561718053902725,2.1833551895130445,0.0,0.0,0.9999999999999998
2016-01-07,-0.02169295108653746,2.1359917721824004,0.0,0.0,0.9999999999999998
2016-01-08,-0.015705567346999683,2.1024448095517525,0.0,0.0,0.9999999999999998
2016-01-11,0.0015087494819905345,2.1056168720690773,0.0,0.0,0.9999999999999998
2016-01-12,0.014015100159420646,2.1351273034284914,0.0,0.0,0.9999999999999998
2016-01-13,-0.03904125449045026,2.051769255005831,0.0,0.0,0.9999999999999998
2016-01-14,0.013803163621560088,2.0800901617463627,0.0,0.0,0.9999999999999998
2016-01-15,-0.022016608798643866,2.034293630389285,0.0,0.0,0.9999999999999998
2016-01-19,0.003780405913952567,2.041984086060325,0.0,0.0,0.9999999999999998
2016-01-20,-0.0051602262690801926,2.0314469861383926,0.0,0.0,0.9999999999999998
2016-01-21,0.001825135845954673,2.03515465285195,0.0,0.0,0.9999999999999998
2016-01-22,0.025944380286727187,2.0879554791078436,0.0,0.0,0.9999999999999998
2016-01-25,-0.01679289568602993,2.052892660550111,0.0,0.0,0.9999999999999998
2016-01-26,0.00614945434483416,2.065516830241009,0.0,0.0,0.9999999999999998
2016-01-27,-0.024195931411950755,2.0155397266862676,0.0,0.0,0.9999999999999998
2016-01-28,0.0152412838629159,2.046259139797677,0.0,0.0,0.9999999999999998
2016-01-29,0.019287863134204386,2.0857271060232097,0.0,0.0,0.9999999999999998
2016-02-01,0.007593228375861294,2.101564508268968,0.0,0.0,0.9999999999999998
2016-02-02,-0.019170967146055262,2.0612754841256278,0.000279677491007442,0.559354982014884,0.9999999999999998
2016-02-03,-0.01624229066632532,2.027795648569089,0.0,0.0,0.9999999999999998
2016-02-04,-0.004815090302916936,2.0180316294053666,0.0,0.0,0.9999999999999998
2016-02-05,-0.04039809842074782,1.9365069890244666,0.0,0.0,0.9999999999999999
2016-02-08,-0.02245986699848057,1.893013299609349,0.0,0.0,0.9999999999999999
2016-02-09,0.0028209783778183617,1.8983534491964693,0.0,0.0,0.9999999999999999
2016-02-10,0.01054311606493985,1.9183680099436264,0.0,0.0,0.9999999999999999
2016-02-11,-0.0045953644380136716,1.9095524098117085,0.0,0.0,0.9999999999999999
2016-02-12,0.014229149434047184,1.9367237164030642,0.0,0.0,0.9999999999999999
2016-02-16,0.022129025376193878,1.9795815246700241,0.0,0.0,0.9999999999999999
2016-02-17,0.02184110741245937,2.022817777382062,0.0,0.0,0.9999999999999998
2016-02-18,-0.008279145312279579,2.0060705750628536,0.0,0.0,0.9999999999999998
2016-02-19,0.005890314472286828,2.0178869616035753,0.0,0.0,0.9999999999999998
2016-02-22,0.01559251688107155,2.049350898116473,0.0,0.0,0.9999999999999998
2016-02-23,-0.012401024781517944,2.0239368468429046,0.0,0.0,0.9999999999999998
2016-02-24,0.014112741089818526,2.0525001435445422,0.0,0.0,0.9999999999999998
2016-02-25,0.017175656102626613,2.087753180160655,0.0,0.0,0.9999999999999998
2016-02-26,-0.005461985276697168,2.07634990302924,0.0,0.0,0.9999999999999998
2016-02-29,-0.0064828626560490266,2.0628892117820006,0.0,0.0,0.9999999999999998
2016-03-01,0.026273971231270732,2.11708950358566,0.0,0.0,0.9999999999999998
2016-03-02,-0.0026644017713972623,2.1114487265620996,0.00037270807399291,0.74541614798582,1.0
2016-03-03,-0.0007829854482828136,2.1097954929344063,0.0,0.0,1.0
2016-03-04,5.495137830968666e-05,2.1099114291046948,0.0,0.0,1.0
2016-03-07,-0.016074918590324172,2.0759947746490424,0.0,0.0,1.0
2016-03-08,-0.0018637869720412592,2.072125562634026,0.0,0.0,1.0
2016-03-09,0.008549204922450482,2.089840588694032,0.0,0.0,1.0
2016-03-10,0.002883555375304603,2.09586675975709,0.0,0.0,1.0
2016-03-11,0.016342348745649327,2.1301181452694546,0.0,0.0,1.0
2016-03-14,0.003915020960014504,2.1384576024554915,0.0,0.0,1.0
2016-03-15,0.002645336069569515,2.1441145414845124,0.0,0.0,1.0
2016-03-16,0.00899729589886289,2.1634057744553035,0.0,0.0,1.0
2016-03-17,0.00017183958874755767,2.1637775332138798,0.0,0.0,1.0
2016-03-18,0.0015371798500682932,2.1671036484379664,0.0,0.0,1.0
2016-03-21,0.0012910597484305786,2.169901508729142,0.0,0.0,1.0
2016-03-22,0.001499955072354009,2.1731562635036688,0.0,0.0,1.0
2016-03-23,-0.00041371530509770604,2.1722571954970884,0.0,0.0,1.0
2016-03-24,0.0034285899372175077,2.179704974658618,0.0,0.0,1.0
2016-03-28,0.0019758478218554476,2.1840117399850847,0.0,0.0,1.0
2016-03-29,0.013591479949761176,2.213695691759135,0.0,0.0,1.0
2016-03-30,0.0013150636526764181,2.2166068425014536,0.0,0.0,1.0
2016-03-31,-0.0024323212061032606,2.2112153426728436,0.0,0.0,1.0
2016-04-01,0.009694044221146392,2.2326509619871913,0.0,0.0,1.0
2016-04-04,0.0008954960954374869,2.2346502922061258,0.00021292175798088916,0.42584351596177833,0.9999999999999998
2016-04-05,-0.005432876840163026,2.2225097123877355,0.0,0.0,0.9999999999999998
2016-04-06,0.011433209658036736,2.2479201318964876,0.0,0.0,0.9999999999999998
2016-04-07,-0.0069981172091176935,2.2321889233367407,0.0,0.0,0.9999999999999998
2016-04-08,-0.0006426996204024205,2.230754296363046,0.0,0.0,0.9999999999999998
2016-04-11,-0.005123584269636772,2.2193248387407754,0.0,0.0,0.9999999999999998
2016-04-12,0.006085264290612846,2.2328300169312345,0.0,0.0,0.9999999999999998
2016-04-13,0.003157159730841519,2.239879417946504,0.0,0.0,0.9999999999999998
2016-04-14,-0.0007422433980920351,2.238216882236011,0.0,0.0,0.9999999999999998
2016-04-15,0.003899041322261043,2.2469437823480316,0.0,0.0,0.9999999999999998
2016-04-18,0.005993473033806707,2.260410779316014,0.0,0.0,0.9999999999999998
2016-04-19,-0.012591438851035641,2.2319489552100347,0.0,0.0,0.9999999999999998
2016-04-20,-0.0008204088207507398,2.230117844599715,0.0,0.0,0.9999999999999998
2016-04-21,-0.006645394098823143,2.2152978326355317,0.0,0.0,0.9999999999999998
2016-04-22,-0.015968578596043836,2.1799226750814458,0.0,0.0,0.9999999999999998
2016-04-25,0.004013734621261866,2.188672306194094,0.0,0.0,0.9999999999999998
2016-04-26,-0.002989796391500432,2.182128621630858,0.0,0.0,0.9999999999999998
2016-04-27,-0.001035080083252593,2.1798699437555125,0.0,0.0,0.9999999999999998
2016-04-28,-0.0052654269453925595,2.1683919978162107,0.0,0.0,0.9999999999999998
2016-04-29,0.003850661847706105,2.1767417421530726,0.0,0.0,0.9999999999999998
2016-05-02,0.013361024013294198,2.2058252408407197,0.0,0.0,0.9999999999999998
2016-05-03,-0.007077218573463995,2.190214133476426,0.00031363127605762845,0.6272625521152568,0.9999999999999998
2016-05-04,0.0007992889025418837,2.1919647473275043,0.0,0.0,0.9999999999999998
2016-05-05,-0.001639586541409388,2.1883708314285424,0.0,0.0,0.9999999999999998
2016-05-06,0.01123580849060768,2.2129589469969053,0.0,0.0,0.9999999999999998
2016-05-09,0.00452130792588501,2.2229644158236206,0.0,0.0,0.9999999999999998
2016-05-10,0.011634540022191553,2.248827584287428,0.0,0.0,0.9999999999999998
2016-05-11,-0.009522020128705289,2.2274142027638555,0.0,0.0,0.9999999999999998
2016-05-12,0.0024228144148841224,2.2328108140022294,0.0,0.0,0.9999999999999998
2016-05-13,0.0006683480734710479,2.234303108808193,0.0,0.0,0.9999999999999998
2016-05-16,0.008771849645575314,2.2539020797413,0.0,0.0,0.9999999999999998
2016-05-17,-0.01659197860728201,2.216505384651324,0.0,0.0,0.9999999999999998
2016-05-18,-0.001073201695639625,2.214126627314122,0.0,0.0,0.9999999999999998
2016-05-19,-0.003090041746187655,2.2072848836043755,0.0,0.0,0.9999999999999998
2016-05-20,0.005113438864424058,2.218571699913054,0.0,0.0,0.9999999999999998
2016-05-23,-9.295517071306048e-05,2.2183654722019495,0.0,0.0,0.9999999999999998
2016-05-24,0.016053390786435306,2.2539777600343425,0.0,0.0,0.9999999999999998
2016-05-25,0.0018097484349572923,2.258056892757993,0.0,0.0,0.9999999999999998
2016-05-26,0.005764908713354,2.2710743846143027,0.0,0.0,0.9999999999999998
2016-05-27,0.00727063795484395,2.287586544233353,0.0,0.0,0.9999999999999998
2016-05-31,-0.004194476795042257,2.2779913155569154,0.0,0.0,0.9999999999999998
2016-06-01,0.004728855606161986,2.288763607560275,0.0,0.0,0.9999999999999998
2016-06-02,0.003364349400899025,2.2964638080321698,0.0002721421593250187,0.5442843186500373,0.9999999999999998
2016-06-03,0.0025225080514306164,2.30225665647775,0.0,0.0,0.9999999999999998
2016-06-06,-1.672249869955067e-05,2.302218156993806,0.0,0.0,0.9999999999999998
2016-06-07,-0.0011363123806322761,2.2996021179990973,0.0,0.0,0.9999999999999998
2016-06-08,0.004992869517827403,2.3110837313171864,0.0,0.0,0.9999999999999998
2016-06-09,0.004073363365745264,2.3204976151235037,0.0,0.0,0.9999999999999998
2016-06-10,-0.00918343958596568,2.2991874654656397,0.0,0.0,0.9999999999999998
2016-06-13,-0.004372987283626006,2.2891331479164863,0.0,0.0,0.9999999999999998
2016-06-14,0.001626960010751466,2.292857476007432,0.0,0.0,0.9999999999999998
2016-06-15,0.0015136661165517928,2.296328096678947,0.0,0.0,0.9999999999999998
2016-06-16,0.0041582622578162365,2.30587683113493,0.0,0.0,0.9999999999999998
2016-06-17,-0.008997006561785703,2.285130842154539,0.0,0.0,0.9999999999999998
2016-06-20,0.005256888723210507,2.2971435207097217,0.0,0.0,0.9999999999999998
2016-06-21,0.001711484396970775,2.301075046003019,0.0,0.0,0.9999999999999998
2016-06-22,-0.0006116559288189549,2.299667579808474,0.0,0.0,0.9999999999999998
2016-06-23,0.010091759460764571,2.32287527186362,0.0,0.0,0.9999999999999998
2016-06-24,-0.019875822890827344,2.276706214362576,0.0,0.0,0.9999999999999998
2016-06-27,-0.0063022581051956905,2.26235782416996,0.0,0.0,0.9999999999999998
2016-06-28,0.012590875551231395,2.290842889986439,0.0,0.0,0.9999999999999998
2016-06-29,0.013529424450611227,2.32183667579473,0.0,0.0,0.9999999999999998
2016-06-30,0.014540456404324109,2.3555972407570844,0.0,0.0,0.9999999999999998
2016-07-01,0.0017079598709472954,2.359620506316412,0.0,0.0,0.9999999999999998
2016-07-05,0.004479935995097106,2.3701914551574284,0.0001245756717989564,0.24915134359791277,0.9999999999999997
2016-07-06,0.010904671282886857,2.3960376138534274,0.0,0.0,0.9999999999999997
2016-07-07,-0.002944725749510102,2.3889819401951184,0.0,0.0,0.9999999999999997
2016-07-08,0.012656767505045075,2.4192187291859195,0.0,0.0,0.9999999999999997
2016-07-11,0.002397467104630513,2.425018726508049,0.0,0.0,0.9999999999999997
2016-07-12,-0.00037053215387916616,2.4241201790961187,0.0,0.0,0.9999999999999997
2016-07-13,0.0007499026855908308,2.425938033328618,0.0,0.0,0.9999999999999997
2016-07-14,0.002571497518925492,2.4321763269623897,0.0,0.0,0.9999999999999997
2016-07-15,-0.003737795363596419,2.4230853495640208,0.0,0.0,0.9999999999999997
2016-07-18,0.0044583754354532434,2.433888373764524,0.0,0.0,0.9999999999999997
2016-07-19,0.0032439226058726955,2.441783719280349,0.0,0.0,0.9999999999999997
2016-07-20,0.003562831433654212,2.450483383069586,0.0,0.0,0.9999999999999997
2016-07-21,-0.006922255449943515,2.4335205111161367,0.0,0.0,0.9999999999999997
2016-07-22,0.0096497233886641,2.457003310909048,0.0,0.0,0.9999999999999997
2016-07-25,-0.001128575533943632,2.4542303970855377,0.0,0.0,0.9999999999999997
2016-07-26,0.0027945936090871815,2.4610889736684607,0.0,0.0,0.9999999999999997
2016-07-27,0.00021831802487648488,2.461626273752237,0.0,0.0,0.9999999999999997
2016-07-28,0.0066606010364900214,2.478022184262642,0.0,0.0,0.9999999999999997
2016-07-29,0.0024621685099868174,2.4841234924517823,0.0,0.0,0.9999999999999997
2016-08-01,0.0012620895796371379,2.4872586788261373,0.0,0.0,0.9999999999999997
2016-08-02,-0.0069025296729992025,2.470090301991115,0.0003708427287238459,0.7416854574476918,0.9999999999999998
2016-08-03,-0.005489262966506536,2.456531326772468,0.0,0.0,0.9999999999999998
2016-08-04,0.003102277819296395,2.464152169419921,0.0,0.0,0.9999999999999998
2016-08-05,-0.0003132213166596731,2.4633803444329656,0.0,0.0,0.9999999999999998
2016-08-08,-0.0023349422128088326,2.4576284936805455,0.0,0.0,0.9999999999999998
2016-08-09,0.005229599621496828,2.470480906720877,0.0,0.0,0.9999999999999998
2016-08-10,0.0005738169200617538,2.471898510465843,0.0,0.0,0.9999999999999998
2016-08-11,0.0025486973251527267,2.4781986315875164,0.0,0.0,0.9999999999999998
2016-08-12,0.005556896202489892,2.491969724152401,0.0,0.0,0.9999999999999998
2016-08-15,-0.0008370134159331188,2.489883912061186,0.0,0.0,0.9999999999999998
2016-08-16,-0.010015869184226367,2.4649455605140713,0.0,0.0,0.9999999999999998
2016-08-17,-0.00022619250116673317,2.4643880083124987,0.0,0.0,0.9999999999999998
2016-08-18,0.004513533029481653,2.4755111049854754,0.0,0.0,0.9999999999999998
2016-08-19,0.0044183629287830595,2.486448811481534,0.0,0.0,0.9999999999999998
2016-08-22,0.0003770050983671336,2.4873862153602917,0.0,0.0,0.9999999999999998
2016-08-23,0.001420856428417494,2.490920434054343,0.0,0.0,0.9999999999999998
2016-08-24,-0.010166080785211862,2.4655975356922117,0.0,0.0,0.9999999999999998
2016-08-25,0.0011749023968754546,2.4684943721466266,0.0,0.0,0.9999999999999998
2016-08-26,-0.004746898979764325,2.4567766787299297,0.0,0.0,0.9999999999999998
2016-08-29,0.007959281355645942,2.4763308555439303,0.0,0.0,0.9999999999999998
2016-08-30,-0.009576004953970929,2.4526174990035705,0.0,0.0,0.9999999999999998
2016-08-31,-0.0027214274232424396,2.445942878483058,0.0,0.0,0.9999999999999998
2016-09-01,0.0066351830812492185,2.462172157288071,0.0,0.0,0.9999999999999998
2016-09-02,0.004234434239615226,2.472598063374719,0.0003145465382872428,0.6290930765744857,0.9999999999999997
2016-09-06,0.008692950974026337,2.4940922371181076,0.0,0.0,0.9999999999999997
2016-09-07,-0.0033719306411027494,2.4856823310820326,0.0,0.0,0.9999999999999997
2016-09-08,-0.005880899077693069,2.4710642841537345,0.0,0.0,0.9999999999999997
2016-09-09,-0.033769120800065,2.387618615837421,0.0,0.0,0.9999999999999997
2016-09-12,0.016252856718283137,2.426424239098532,0.0,0.0,0.9999999999999997
2016-09-13,-0.017819417875888588,2.3831867716378503,0.0,0.0,0.9999999999999997
2016-09-14,0.0011900124077426355,2.3860227934660676,0.0,0.0,0.9999999999999997
2016-09-15,0.012470121774323273,2.4157767882569003,0.0,0.0,0.9999999999999997
2016-09-16,-0.0028813712547224313,2.4088160384613913,0.0,0.0,0.9999999999999997
2016-09-19,0.005915765699724185,2.4230660297586666,0.0,0.0,0.9999999999999997
2016-09-20,-0.003032856062817002,2.415717219259707,0.0,0.0,0.9999999999999997
2016-09-21,0.019385655274533953,2.4625474805130314,0.0,0.0,0.9999999999999997
2016-09-22,0.0073652339901992825,2.4806847189189853,0.0,0.0,0.9999999999999997
2016-09-23,-0.00587445087180527,2.4661120584092577,0.0,0.0,0.9999999999999997
2016-09-26,-0.004130022028851155,2.455926961282412,0.0,0.0,0.9999999999999997
2016-09-27,0.0077427922612500755,2.474942693552425,0.0,0.0,0.9999999999999997
2016-09-28,0.004891569438597587,2.4870490475944864,0.0,0.0,0.9999999999999997
2016-09-29,-0.009651650374344789,2.463044919723257,0.0,0.0,0.9999999999999997
2016-09-30,0.006871243548410844,2.479969101237352,0.0,0.0,0.9999999999999997
2016-10-03,-0.007683852631742871,2.4609133841321684,0.0,0.0,0.9999999999999997
2016-10-04,-0.014507669270392043,2.4252112666520977,0.0003633937457396496,0.7267874914792992,0.9999999999999998
2016-10-05,0.004803328046815825,2.4368603519486616,0.0,0.0,0.9999999999999998
2016-10-06,0.00525239330275129,2.449659700940977,0.0,0.0,0.9999999999999998
2016-10-07,-0.00926723808815244,2.4269581212574045,0.0,0.0,0.9999999999999998
2016-10-10,0.006290637887340855,2.4422252359659757,0.0,0.0,0.9999999999999998
2016-10-11,-0.01649361805357863,2.401944105723142,0.0,0.0,0.9999999999999998
2016-10-12,0.004878233926721487,2.4136613509497695,0.0,0.0,0.9999999999999998
2016-10-13,0.00017144189316375957,2.4140751536212326,0.0,0.0,0.9999999999999998
2016-10-14,-0.00432523383871708,2.403633714077584,0.0,0.0,0.9999999999999998
2016-10-17,-0.0023519529418298823,2.3979804806926777,0.0,0.0,0.9999999999999998
2016-10-18,0.009331358767307174,2.420356896875021,0.0,0.0,0.9999999999999998
2016-10-19,0.0003975250754839621,2.421319049433149,0.0,0.0,0.9999999999999998
2016-10-20,0.0016153986682623245,2.425230445001042,0.0,0.0,0.9999999999999998
2016-10-21,-0.0014827840725486485,2.421634351924934,0.0,0.0,0.9999999999999998
2016-10-24,0.00747193785781608,2.43972865331687,0.0,0.0,0.9999999999999998
2016-10-25,-0.006708411342772114,2.423361949945673,0.0,0.0,0.9999999999999998
2016-10-26,-0.0136203813943091,2.3903548359309563,0.0,0.0,0.9999999999999998
2016-10-27,-0.016287108146172402,2.3514228682104226,0.0,0.0,0.9999999999999998
2016-10-28,0.004090657733539338,2.361041734351089,0.0,0.0,0.9999999999999998
2016-10-31,0.00793202136605764,2.3797695678341158,0.0,0.0,0.9999999999999998
2016-11-01,-0.012929306633870707,2.3490007973736344,0.0,0.0,0.9999999999999998
2016-11-02,-0.007973309249778127,2.330271487588199,0.000365302742476922,0.730605484953844,0.9999999999999998
2016-11-03,-0.012640105934800805,2.3008166091282383,0.0,0.0,0.9999999999999998
2016-11-04,-0.002019851506658288,2.2961693012337463,0.0,0.0,0.9999999999999998
2016-11-07,0.021543550782390675,2.345636941179842,0.0,0.0,0.9999999999999998
2016-11-08,0.003581609707975719,2.354038097219758,0.0,0.0,0.9999999999999998
2016-11-09,0.0008400001400343804,2.356015489551069,0.0,0.0,0.9999999999999998
2016-11-10,-0.014201429143277933,2.3225567025157443,0.0,0.0,0.9999999999999998
2016-11-11,0.008488749483701818,2.342272304525093,0.0,0.0,0.9999999999999998
2016-11-14,-0.011255751311038398,2.315908269962626,0.0,0.0,0.9999999999999998
2016-11-15,0.019994605004129085,2.3622139410463245,0.0,0.0,0.9999999999999998
2016-11-16,0.0057053416048831185,2.375691178523811,0.0,0.0,0.9999999999999998
2016-11-17,0.004119804857926512,2.3854785625820267,0.0,0.0,0.9999999999999998
2016-11-18,0.0008817352164425252,2.387581923038724,0.0,0.0,0.9999999999999998
2016-11-21,0.003564909934085536,2.3960934375546077,0.0,0.0,0.9999999999999998
2016-11-22,0.003565384700337626,2.4046364324374445,0.0,0.0,0.9999999999999998
2016-11-23,0.0059762688342039905,2.419007186206212,0.0,0.0,0.9999999999999998
2016-11-25,0.0028595759800920106,2.425924521051557,0.0,0.0,0.9999999999999998
2016-11-28,-0.004573831773304504,2.414828750397533,0.0,0.0,0.9999999999999998
2016-11-29,0.0005344425998221602,2.416119337753021,0.0,0.0,0.9999999999999998
2016-11-30,-0.006277423022944206,2.4009523345960293,0.0,0.0,0.9999999999999998
2016-12-01,-0.01835858908847654,2.3568742372641625,0.0,0.0,0.9999999999999998
2016-12-02,0.0075598049991914,2.3746917469054973,0.0004245751160326828,0.8491502320653657,0.9999999999999998
2016-12-05,0.006435482099650391,2.3899740331348953,0.0,0.0,0.9999999999999998
2016-12-06,0.0016231338066938772,2.393853280785197,0.0,0.0,0.9999999999999998
2016-12-07,0.01095976127292042,2.4200893412649997,0.0,0.0,0.9999999999999998
2016-12-08,-0.00627178230439307,2.4049110677594037,0.0,0.0,0.9999999999999998
2016-12-09,-0.0014234675555843124,2.4014877548803826,0.0,0.0,0.9999999999999998
2016-12-12,-0.0056318214081518825,2.3879630047310325,0.0,0.0,0.9999999999999998
2016-12-13,0.009306223526486912,2.4101859222260407,0.0,0.0,0.9999999999999998
2016-12-14,-0.009230058296095023,2.3879397656594668,0.0,0.0,0.9999999999999998
2016-12-15,0.0033695879873796297,2.395986138808419,0.0,0.0,0.9999999999999998
2016-12-16,-0.005444493909261494,2.3829412068690017,0.0,0.0,0.9999999999999998
2016-12-19,-0.00025568198039671586,2.3823319317420606,0.0,0.0,0.9999999999999998
2016-12-20,0.00453341154113418,2.3931320228162325,0.0,0.0,0.9999999999999998
2016-12-21,-0.0007862789271990689,2.391250353536687,0.0,0.0,0.9999999999999998
2016-12-22,-0.004072164295893632,2.381512789224472,0.0,0.0,0.9999999999999998
2016-12-23,0.003398798356285093,2.3896070709779598,0.0,0.0,0.9999999999999998
2016-12-27,0.0055981089371361925,2.402984351678245,0.0,0.0,0.9999999999999998
2016-12-28,-0.014907506832182338,2.3671618460379746,0.0,0.0,0.9999999999999998
2016-12-29,0.005197146257218899,2.3794643323663425,0.0,0.0,0.9999999999999998
2016-12-30,-0.011480122424931238,2.3521477905250197,0.0,0.0,0.9999999999999998
2017-01-03,0.005681063961555877,2.3655104925700248,0.0,0.0,0.9999999999999998
2017-01-04,0.013055645951797867,2.396393760056282,0.0004174655296521964,0.8349310593043928,0.9999999999999998
2017-01-05,-0.00015413995685675808,2.3960243800254952,0.0,0.0,0.9999999999999998
2017-01-06,0.0002602087783885043,2.3966478466024106,0.0,0.0,0.9999999999999998
2017-01-09,-0.004920088596497951,2.3848561268625206,0.0,0.0,0.9999999999999998
2017-01-10,0.010843758436672513,2.4107169306084364,0.0,0.0,0.9999999999999998
2017-01-11,0.003936296624470925,2.4202062275249454,0.0,0.0,0.9999999999999998
2017-01-12,-0.00772088719339159,2.4015200882574814,0.0,0.0,0.9999999999999998
2017-01-13,0.001443523063864971,2.4049867378932164,0.0,0.0,0.9999999999999998
2017-01-17,-0.0037723903759181443,2.3959141890689772,0.0,0.0,0.9999999999999998
2017-01-18,0.006869875772884226,2.412373821910372,0.0,0.0,0.9999999999999998
2017-01-19,-0.004001683567798731,2.4027202652278454,0.0,0.0,0.9999999999999998
2017-01-20,0.003615316028764859,2.411406858315362,0.0,0.0,0.9999999999999998
2017-01-23,-0.0023056327371093754,2.40584703972034,0.0,0.0,0.9999999999999998
2017-01-24,0.018748573991542505,2.45095324095687,0.0,0.0,0.9999999999999998
2017-01-25,0.007066800778087412,2.46827363922712,0.0,0.0,0.9999999999999998
2017-01-26,0.0026559710152356253,2.474829302470577,0.0,0.0,0.9999999999999998
2017-01-27,0.003284253809428872,2.4829572700349023,0.0,0.0,0.9999999999999998
2017-01-30,-0.01111608303903544,2.4553565108388176,0.0,0.0,0.9999999999999998
2017-01-31,0.0027524321610397084,2.4621147130660685,0.0,0.0,0.9999999999999998
2017-02-01,-0.0035489457486498344,2.4533768015224444,0.0,0.0,0.9999999999999998
2017-02-02,0.0020068516075049114,2.458300364700395,0.00041586709940274856,0.8317341988054971,0.9999999999999998
2017-02-03,0.010535193630946349,2.4841990350455396,0.0,0.0,0.9999999999999998
2017-02-06,-0.002766214217932883,2.4773272083546214,0.0,0.0,0.9999999999999998
2017-02-07,-0.004952332441993446,2.4650586604512537,0.0,0.0,0.9999999999999998
2017-02-08,-0.0031498895816969297,2.4572939978584265,0.0,0.0,0.9999999999999998
2017-02-09,0.006270338957386157,2.472702064142949,0.0,0.0,0.9999999999999998
2017-02-10,0.0017811062424326618,2.47710620922507,0.0,0.0,0.9999999999999998
2017-02-13,0.0023235175114733053,2.4828618088799836,0.0,0.0,0.9999999999999998
2017-02-14,0.0009721835267673118,2.4852756062298162,0.0,0.0,0.9999999999999998
2017-02-15,-0.0012164154885243583,2.4822524784891464,0.0,0.0,0.9999999999999998
2017-02-16,-0.006105199473020018,2.467097831965572,0.0,0.0,0.9999999999999998
2017-02-17,-0.0008598813047053788,2.4649764206629854,0.0,0.0,0.9999999999999998
2017-02-21,0.009388567143549409,2.488119017295646,0.0,0.0,0.9999999999999998
2017-02-22,-0.00982394668735831,2.463675868717931,0.0,0.0,0.9999999999999998
2017-02-23,-0.013935435572870802,2.429343472376976,0.0,0.0,0.9999999999999998
2017-02-24,-0.005688130621475551,2.415525049381667,0.0,0.0,0.9999999999999998
2017-02-27,0.004192020248519501,2.4256509792994807,0.0,0.0,0.9999999999999998
2017-02-28,-0.00108323491897655,2.4230234294574537,0.0,0.0,0.9999999999999998
2017-03-01,0.02415239346735354,2.4815452447063264,0.0,0.0,0.9999999999999998
2017-03-02,-0.01691075874377279,2.439580431761341,0.00012692460141444723,0.25384920282889445,0.9999999999999998
2017-03-03,0.005957957766026256,2.4541153489405994,0.0,0.0,0.9999999999999998
2017-03-06,-0.002333776448599556,2.448387992337095,0.0,0.0,0.9999999999999998
2017-03-07,-0.008442456105819729,2.427717584181773,0.0,0.0,0.9999999999999998
2017-03-08,-0.01065562060301839,2.4018487466734557,0.0,0.0,0.9999999999999998
2017-03-09,-0.001394512303078077,2.398499339046087,0.0,0.0,0.9999999999999998
2017-03-10,0.004213186390422674,2.4086046638187937,0.0,0.0,0.9999999999999998
2017-03-13,0.0055728420559415515,2.4220274371854598,0.0,0.0,0.9999999999999998
2017-03-14,-0.00805721809902793,2.402512633882227,0.0,0.0,0.9999999999999998
2017-03-15,0.011952420047944168,2.43122847405288,0.0,0.0,0.9999999999999998
2017-03-16,-0.0032851786475665,2.4232414541825658,0.0,0.0,0.9999999999999998
2017-03-17,-0.001937250828501269,2.418547027667792,0.0,0.0,0.9999999999999998
2017-03-20,-0.001178372659242699,2.4156970779752953,0.0,0.0,0.9999999999999998
2017-03-21,-0.027155460162316958,2.3500977122101117,0.0,0.0,0.9999999999999998
2017-03-22,0.007111920323735088,2.366811419892342,0.0,0.0,0.9999999999999998
2017-03-23,0.0008189675968266474,2.368749761753033,0.0,0.0,0.9999999999999998
2017-03-24,0.004625617487376887,2.3797066920742176,0.0,0.0,0.9999999999999998
2017-03-27,-0.005903190536298619,2.3656588300503985,0.0,0.0,0.9999999999999998
2017-03-28,0.013339391847826176,2.397215280162711,0.0,0.0,0.9999999999999998
2017-03-29,0.008493149603098438,2.4175751881679663,0.0,0.0,0.9999999999999998
2017-03-30,0.009288491853445269,2.4400308156083557,0.0,0.0,0.9999999999999998
2017-03-31,-0.0026159296291952128,2.4336478667016563,0.0,0.0,0.9999999999999998
2017-04-03,-0.0022275038262562497,2.428226906766818,0.0,0.0,0.9999999999999998
2017-04-04,0.0008460638270535448,2.4302813417165114,0.00022626632845904195,0.4525326569180839,0.9999999999999994
2017-04-05,-0.009741085871784017,2.4066077624742563,0.0,0.0,0.9999999999999994
2017-04-06,0.010207274075586081,2.431172667498264,0.0,0.0,0.9999999999999994
2017-04-07,-0.00077393394813563,2.4292911004371076,0.0,0.0,0.9999999999999994
2017-04-10,-0.003319376659618678,2.421227368258897,0.0,0.0,0.9999999999999994
2017-04-11,-0.002004270777223427,2.416374572999682,0.0,0.0,0.9999999999999994
2017-04-12,-0.011661043111358849,2.3881971249307417,0.0,0.0,0.9999999999999994
2017-04-13,-0.009254999602643643,2.366094361488473,0.0,0.0,0.9999999999999994
2017-04-17,0.00785448865854077,2.3846788228158213,0.0,0.0,0.9999999999999994
2017-04-18,-0.007179287358145547,2.3675585282899423,0.0,0.0,0.9999999999999994
2017-04-19,0.00043446750943565426,2.368587155547172,0.0,0.0,0.9999999999999994
2017-04-20,0.010320273176864125,2.3930316220356302,0.0,0.0,0.9999999999999994
2017-04-21,-0.0054360610123204145,2.3800229561338324,0.0,0.0,0.9999999999999994
2017-04-24,0.013348470540733626,2.4117926224500548,0.0,0.0,0.9999999999999994
2017-04-25,0.010592743262332283,2.4373401225016553,0.0,0.0,0.9999999999999994
2017-04-26,-0.0023700370901683643,2.4315635360099708,0.0,0.0,0.9999999999999994
2017-04-27,-0.0003429726396053656,2.4307295762456573,0.0,0.0,0.9999999999999994
2017-04-28,-0.0009132882134057496,2.4285096195736955,0.0,0.0,0.9999999999999994
2017-05-01,0.003994952086919801,2.438211399146516,0.0,0.0,0.9999999999999994
2017-05-02,-0.005325069446382558,2.4252277541210994,0.0005160770295255494,1.032154059051099,0.9999999999999998
2017-05-03,0.0006418444409275192,2.426784373073065,0.0,0.0,0.9999999999999998
2017-05-04,0.0006683160494773688,2.4284062320182107,0.0,0.0,0.9999999999999998
2017-05-05,0.00518269770869928,2.4409919274326826,0.0,0.0,0.9999999999999998
2017-05-08,-0.004684109352605215,2.4295580543157613,0.0,0.0,0.9999999999999998
2017-05-09,0.00952801279168125,2.452706914535414,0.0,0.0,0.9999999999999998
2017-05-10,0.015414452703868653,2.490514049265972,0.0,0.0,0.9999999999999998
2017-05-11,-0.0006735771472463625,2.4888364959174902,0.0,0.0,0.9999999999999998
2017-05-12,-0.0030809816065776596,2.481168436451789,0.0,0.0,0.9999999999999998
2017-05-15,0.00909883343404827,2.503744174776882,0.0,0.0,0.9999999999999998
2017-05-16,0.00877316019865293,2.5257099235186438,0.0,0.0,0.9999999999999998
2017-05-17,-0.04061893901628433,2.4231182661624158,0.0,0.0,0.9999999999999998
2017-05-18,0.012057285580031829,2.4523344950917276,0.0,0.0,0.9999999999999998
2017-05-19,0.011038964386145489,2.479405728245961,0.0,0.0,0.9999999999999998
2017-05-22,0.005825090943626154,2.4938484920991413,0.0,0.0,0.9999999999999998
2017-05-23,0.005571534506583653,2.5077430550270634,0.0,0.0,0.9999999999999998
2017-05-24,0.002228135334600312,2.5133306459380678,0.0,0.0,0.9999999999999998
2017-05-25,0.020909880167442996,2.5658840885657948,0.0,0.0,0.9999999999999998
2017-05-26,-0.00046256086393492435,2.564697211005031,0.0,0.0,0.9999999999999998
2017-05-30,-0.0008344732010806544,2.562557039913561,0.0,0.0,0.9999999999999998
2017-05-31,-0.001482086065920929,2.5587591098315774,0.0,0.0,0.9999999999999998
2017-06-01,0.00601281287439881,2.574144449549658,0.0,0.0,0.9999999999999998
2017-06-02,0.0027291441299461816,2.5811696607637797,0.00022623800819361955,0.45247601638723906,1.0
2017-06-05,-0.006085249058824238,2.5654626005149512,0.0,0.0,1.0
2017-06-06,-0.001297283132995486,2.5621344691549726,0.0,0.0,1.0
2017-06-07,0.006058667045473642,2.5776575888293136,0.0,0.0,1.0
2017-06-08,0.009925040492768655,2.603240944774937,0.0,0.0,1.0
2017-06-09,-0.012672352743845816,2.5702517572455266,0.0,0.0,1.0
2017-06-12,-0.004606068436187494,2.5584130017534226,0.0,0.0,1.0
2017-06-13,0.007165924777293942,2.5767463968732383,0.0,0.0,1.0
2017-06-14,-0.007507976705776409,2.5574002449488207,0.0,0.0,1.0
2017-06-15,-0.003717547049794656,2.547892989213067,0.0,0.0,1.0
2017-06-16,-0.002281862023081893,2.5420790489621052,0.0,0.0,1.0
2017-06-19,0.018866328954104672,2.590038748527162,0.0,0.0,1.0
2017-06-20,-0.007694687474039674,2.5701092098115925,0.0,0.0,1.0
2017-06-21,0.011937374577042137,2.6007895661530194,0.0,0.0,1.0
2017-06-22,0.0005880455913516158,2.602318948991429,0.0,0.0,1.0
2017-06-23,-0.0023895863069390844,2.596100483264631,0.0,0.0,1.0
2017-06-26,0.00156245598134519,2.6001567759928808,0.0,0.0,1.0
2017-06-27,-0.015517068330188288,2.5598099656305973,0.0,0.0,1.0
2017-06-28,0.014871164099768297,2.597877319693712,0.0,0.0,1.0
2017-06-29,-0.011523866503956093,2.5679397282679064,0.0,0.0,1.0
2017-06-30,-0.0030408018831481476,2.5601311323063785,0.0,0.0,1.0
2017-07-03,-0.0022722705399575993,2.5543138217560104,0.0,0.0,1.0
2017-07-05,0.016522811409898086,2.596518267314581,0.00022251230586681615,0.4450246117336323,0.9999999999999997
2017-07-06,-0.00846103027726508,2.57454904763936,0.0,0.0,0.9999999999999997
2017-07-07,0.009155323481395028,2.598119876989216,0.0,0.0,0.9999999999999997
2017-07-10,0.003942991026468112,2.608364240349873,0.0,0.0,0.9999999999999997
2017-07-11,0.0010664662874999564,2.6111459728777264,0.0,0.0,0.9999999999999997
2017-07-12,0.008579671463897043,2.633548747469295,0.0,0.0,0.9999999999999997
2017-07-13,-0.0012478461633184113,2.6302624837688535,0.0,0.0,0.9999999999999997
2017-07-14,0.0069657011071775354,2.64858410606421,0.0,0.0,0.9999999999999997
2017-07-17,-0.00018010792546063747,2.6481070750754587,0.0,0.0,0.9999999999999997
2017-07-18,0.006136945722599041,2.6643583644628275,0.0,0.0,0.9999999999999997
2017-07-19,-0.0017084011909010988,2.659806571459992,0.0,0.0,0.9999999999999997
2017-07-20,-0.0003112345729920918,2.658978747697482,0.0,0.0,0.9999999999999997
2017-07-21,0.0012823100550873878,2.662388382881918,0.0,0.0,0.9999999999999997
2017-07-24,0.0013671970499271602,2.6660283924247548,0.0,0.0,0.9999999999999997
2017-07-25,0.00039283960658997863,2.6670757139695924,0.0,0.0,0.9999999999999997
2017-07-26,0.00475090809625156,2.679746745572406,0.0,0.0,0.9999999999999997
2017-07-27,-0.008793611538419954,2.6561820936704974,0.0,0.0,0.9999999999999997
2017-07-28,0.0004896145064086088,2.6574825989552213,0.0,0.0,0.9999999999999997
2017-07-31,-0.0017271179427581496,2.652892813075998,0.0,0.0,0.9999999999999997
2017-08-01,0.0028740926108237197,2.660517472707367,0.0,0.0,0.9999999999999997
2017-08-02,-0.0033516012328517197,2.6516004790658174,0.0003238642413322874,0.6477284826645748,0.9999999999999997
2017-08-03,0.002908083910403425,2.6593115557558065,0.0,0.0,0.9999999999999997
2017-08-04,0.0019097123059330645,2.6643900757591434,0.0,0.0,0.9999999999999997
2017-08-07,0.0072117464365237804,2.6836049813935086,0.0,0.0,0.9999999999999997
2017-08-08,-0.0019830797944005996,2.6782831785787544,0.0,0.0,0.9999999999999997
2017-08-09,-0.0014853427811341025,2.6743050099936196,0.0,0.0,0.9999999999999997
2017-08-10,-0.024618182494893115,2.60846848121059,0.0,0.0,0.9999999999999997
2017-08-11,-0.002094528863112566,2.603004968688175,0.0,0.0,0.9999999999999997
2017-08-14,0.019020064214841925,2.6525142903441763,0.0,0.0,0.9999999999999997
2017-08-15,0.0015619441570500214,2.6566573695414712,0.0,0.0,0.9999999999999997
2017-08-16,0.0010050860425405705,2.6593275387834097,0.0,0.0,0.9999999999999997
2017-08-17,-0.023858500519814863,2.5958799713169878,0.0,0.0,0.9999999999999997
2017-08-18,-0.00131526572712104,2.5924656993589945,0.0,0.0,0.9999999999999997
2017-08-21,-0.0013085415308377035,2.589073350324111,0.0,0.0,0.9999999999999997
2017-08-22,0.015839114501279505,2.6300819795721058,0.0,0.0,0.9999999999999997
2017-08-23,-0.0024275533122626314,2.623697315351073,0.0,0.0,0.9999999999999997
2017-08-24,-0.001966363558818185,2.6185381725607977,0.0,0.0,0.9999999999999997
2017-08-25,0.0027755452069124775,2.6258060436347663,0.0,0.0,0.9999999999999997
2017-08-28,0.002353949020890589,2.631987057200229,0.0,0.0,0.9999999999999997
2017-08-29,-0.007653268184245721,2.611843754394012,0.0,0.0,0.9999999999999997
2017-08-30,0.007213238639243835,2.6306836066828745,0.0,0.0,0.9999999999999997
2017-08-31,0.005630996246115627,2.6454969761968234,0.0,0.0,0.9999999999999997
2017-09-01,0.005098417551363754,2.6589848244123453,0.0,0.0,0.9999999999999997
2017-09-05,-0.015389567621563849,2.6180641976523393,0.00031996615453736845,0.6399323090747369,0.9999999999999997
2017-09-06,0.00231321754807845,2.624120349696345,0.0,0.0,0.9999999999999997
2017-09-07,-0.00043172661126267275,2.622987447110225,0.0,0.0,0.9999999999999997
2017-09-08,-0.005504062200791027,2.6085503610494363,0.0,0.0,0.9999999999999997
2017-09-11,0.01669839598654299,2.6521089679290792,0.0,0.0,0.9999999999999997
2017-09-12,0.003456841598706184,2.661276888533718,0.0,0.0,0.9999999999999997
2017-09-13,0.002399868456858467,2.6676636029934766,0.0,0.0,0.9999999999999997
2017-09-14,-0.0017690430426416937,2.6629443912564925,0.0,0.0,0.9999999999999997
2017-09-15,0.00780277522111783,2.6837227477678036,0.0,0.0,0.9999999999999997
2017-09-18,0.009347264506980757,2.7088082141545904,0.0,0.0,0.9999999999999997
2017-09-19,-0.00042568278828647443,2.7076551211210558,0.0,0.0,0.9999999999999997
2017-09-20,0.003876875246826117,2.7181523622370722,0.0,0.0,0.9999999999999997
2017-09-21,-0.00015308403197111797,2.717736256513949,0.0,0.0,0.9999999999999997
2017-09-22,-0.0024690054502261027,2.711026150884339,0.0,0.0,0.9999999999999997
2017-09-25,-0.016316497462177337,2.6667916995735386,0.0,0.0,0.9999999999999997
2017-09-26,0.00128037620238719,2.670206196202396,0.0,0.0,0.9999999999999997
2017-09-27,0.016164348126250117,2.713368338726682,0.0,0.0,0.9999999999999997
2017-09-28,0.004643470515804493,2.7259677846060764,0.0,0.0,0.9999999999999997
2017-09-29,0.009496215423703047,2.7518541619267705,0.0,0.0,0.9999999999999997
2017-10-02,4.466938351077587e-05,2.751977085555695,0.0,0.0,0.9999999999999997
2017-10-03,0.004717558384478293,2.764959698129551,0.00041480914018100263,0.8296182803620052,0.9999999999999997
2017-10-04,0.0004959412563534382,2.7663309557160076,0.0,0.0,0.9999999999999997
2017-10-05,0.00856809926864277,2.790033153954502,0.0,0.0,0.9999999999999997
2017-10-06,0.0027678427451609533,2.7977555269784333,0.0,0.0,0.9999999999999997
2017-10-09,0.0033687793051770942,2.807180547898663,0.0,0.0,0.9999999999999997
2017-10-10,0.0025260200007715117,2.814271542108432,0.0,0.0,0.9999999999999997
2017-10-11,0.003938478936204914,2.8253554912977874,0.0,0.0,0.9999999999999997
2017-10-12,-0.0007836842206230266,2.8231413047816067,0.0,0.0,0.9999999999999997
2017-10-13,0.002840985305145871,2.8311618077428418,0.0,0.0,0.9999999999999997
2017-10-16,0.006055621409154943,2.848306251798591,0.0,0.0,0.9999999999999997
2017-10-17,-0.0020791962716687484,2.8423840640592806,0.0,0.0,0.9999999999999997
2017-10-18,0.002508254842308988,2.8495134876516595,0.0,0.0,0.9999999999999997
2017-10-19,-0.0031804870981092526,2.840450646768295,0.0,0.0,0.9999999999999997
2017-10-20,0.007633003796472249,2.8621318173387698,0.0,0.0,0.9999999999999997
2017-10-23,-0.0032825485008296518,2.8527367308325875,0.0,0.0,0.9999999999999997
2017-10-24,0.006771052721600723,2.872052761637902,0.0,0.0,0.9999999999999997
2017-10-25,-0.014553195402617458,2.8302552165911585,0.0,0.0,0.9999999999999997
2017-10-26,-0.000297347007676696,2.8294136486715438,0.0,0.0,0.9999999999999997
2017-10-27,0.01972880094085605,2.885234587325526,0.0,0.0,0.9999999999999997
2017-10-30,-0.007714848734445501,2.862975438920919,0.0,0.0,0.9999999999999997
2017-10-31,0.005407294209500035,2.878456389433737,0.0,0.0,0.9999999999999997
2017-11-01,-0.0045331142907354405,2.8654080176395365,0.0,0.0,0.9999999999999997
2017-11-02,0.0037280981992611206,2.876090540110247,0.00027460717101979344,0.5492143420395869,0.9999999999999999
2017-11-03,0.006898362220363996,2.8959308544344897,0.0,0.0,0.9999999999999999
2017-11-06,0.009538842325115926,2.9235546822393785,0.0,0.0,0.9999999999999999
2017-11-07,0.004971097134191194,2.93808795654191,0.0,0.0,0.9999999999999999
2017-11-08,-0.0044484794271015815,2.9250179327122185,0.0,0.0,0.9999999999999999
2017-11-09,-0.015223275484411936,2.8804895789256952,0.0,0.0,0.9999999999999999
2017-11-10,0.00557503014480587,2.896548395160005,0.0,0.0,0.9999999999999999
2017-11-13,0.0007700042717089239,2.8987787497974895,0.0,0.0,0.9999999999999999
2017-11-14,0.0011704645839127892,2.9021716676607263,0.0,0.0,0.9999999999999999
2017-11-15,-0.0080342735933715,2.878854826467809,0.0,0.0,0.9999999999999999
2017-11-16,0.015362721824451198,2.9230818723398126,0.0,0.0,0.9999999999999999
2017-11-17,-0.0016133057616746216,2.91836604751332,0.0,0.0,0.9999999999999999
2017-11-20,0.005623715666068563,2.934778108374043,0.0,0.0,0.9999999999999999
2017-11-21,0.009870528334335216,2.963745918847736,0.0,0.0,0.9999999999999999
2017-11-22,-0.002696732570544924,2.95575348869756,0.0,0.0,0.9999999999999999
2017-11-24,0.002582062126507134,2.9633854278360174,0.0,0.0,0.9999999999999999
2017-11-27,-0.002884059957546037,2.95483884658482,0.0,0.0,0.9999999999999999
2017-11-28,0.007266538215052076,2.976310295982849,0.0,0.0,0.9999999999999999
2017-11-29,-0.014669709401647135,2.9326486888516503,0.0,0.0,0.9999999999999999
2017-11-30,0.012164144497952556,2.968321851264573,0.0,0.0,0.9999999999999999
2017-12-01,-0.009984018205197343,2.9386860718626626,0.0,0.0,0.9999999999999999
2017-12-04,-0.022673543383922246,2.8720556457205566,0.0004700003772868384,0.9400007545736769,0.9999999999999997
2017-12-05,0.0026986791017191702,2.879806402270637,0.0,0.0,0.9999999999999997
2017-12-06,0.00421108846607221,2.89193352179576,0.0,0.0,0.9999999999999997
2017-12-07,0.013837857105876372,2.9319516846300635,0.0,0.0,0.9999999999999997
2017-12-08,0.0022972601361870293,2.938687140356391,0.0,0.0,0.9999999999999997
2017-12-11,-0.001456963842766834,2.9344055794476875,0.0,0.0,0.9999999999999997
2017-12-12,-0.006490756205079884,2.9153590682246664,0.0,0.0,0.9999999999999997
2017-12-13,0.0021390109593364404,2.921595053222,0.0,0.0,0.9999999999999997
2017-12-14,-0.002752464662091114,2.9135534660810665,0.0,0.0,0.9999999999999997
2017-12-15,0.009774665169922425,2.942032475666676,0.0,0.0,0.9999999999999997
2017-12-18,0.009097805866914,2.9687985159844477,0.0,0.0,0.9999999999999997
2017-12-19,-0.0030599278463337987,2.9597142067352324,0.0,0.0,0.9999999999999997
2017-12-20,0.0038286813280123955,2.9710460092548123,0.0,0.0,0.9999999999999997
2017-12-21,-0.009812766494549874,2.9418918285214306,0.0,0.0,0.9999999999999997
2017-12-22,0.0019119522038928416,2.9475165850865865,0.0,0.0,0.9999999999999997
2017-12-26,-0.0031198186315916088,2.938320867927508,0.0,0.0,0.9999999999999997
2017-12-27,0.003475591573121939,2.9485332711752053,0.0,0.0,0.9999999999999997
2017-12-28,0.00197307896727561,2.9543509601568734,0.0,0.0,0.9999999999999997
2017-12-29,-0.008841820463579064,2.928229119380764,0.0,0.0,0.9999999999999997
2018-01-02,0.01692123165354653,2.9777783626444663,0.0,0.0,0.9999999999999997
2018-01-03,0.018722580137677136,3.0335300566713186,0.00026614181116062436,0.5322836223212487,0.9999999999999999
2018-01-04,0.003061892948738487,3.0428184009616266,0.0,0.0,0.9999999999999999
2018-01-05,0.0143171272368392,3.0863828191667895,0.0,0.0,0.9999999999999999
2018-01-08,0.01116650028786137,3.1208469138054657,0.0,0.0,0.9999999999999999
2018-01-09,0.0017875718097166704,3.1264256517710254,0.0,0.0,0.9999999999999999
2018-01-10,-0.004044650490464652,3.1137803527251884,0.0,0.0,0.9999999999999999
2018-01-11,0.005900983677331828,3.1321547197614166,0.0,0.0,0.9999999999999999
2018-01-12,0.00745238268343007,3.1554967353567904,0.0,0.0,0.9999999999999999
2018-01-16,-0.0033299924808183334,3.1449889549548056,0.0,0.0,0.9999999999999999
2018-01-17,0.0193707421838627,3.2059097251723307,0.0,0.0,0.9999999999999999
2018-01-18,-0.005511271961190833,3.1882410847938796,0.0,0.0,0.9999999999999999
2018-01-19,0.005255571915946611,3.2049971151003898,0.0,0.0,0.9999999999999999
2018-01-22,0.010228224334305702,3.2377785445844394,0.0,0.0,0.9999999999999999
2018-01-23,0.007758654709945967,3.2628993503391412,0.0,0.0,0.9999999999999999
2018-01-24,-0.0032293041195536887,3.252362456025402,0.0,0.0,0.9999999999999999
2018-01-25,0.0009416678597171657,3.2554251012183917,0.0,0.0,0.9999999999999999
2018-01-26,0.004168898438476454,3.268996637839438,0.0,0.0,0.9999999999999999
2018-01-29,-0.01579946591163406,3.2173482368946478,0.0,0.0,0.9999999999999999
2018-01-30,-0.005886952049150573,3.19840786209863,0.0,0.0,0.9999999999999999
2018-01-31,0.005765000418311628,3.2168466847615593,0.0,0.0,0.9999999999999999
2018-02-01,-0.009774842677274909,3.1854025145011016,0.0,0.0,0.9999999999999999
2018-02-02,-0.019263309072796275,3.1240411213430046,0.0003195117051981574,0.6390234103963147,1.0
2018-02-05,-0.039915239741942665,2.9993442710209113,0.0,0.0,1.0
2018-02-06,0.026087592223759337,3.077589941301974,0.0,0.0,1.0
2018-02-07,-0.002715368025272058,3.0692331519804634,0.0,0.0,1.0
2018-02-08,-0.04183705500663082,2.940825475772882,0.0,0.0,1.0
2018-02-09,0.015063664834205515,2.9851250850758175,0.0,0.0,1.0
2018-02-12,0.013595301472560495,3.0257087605407262,0.0,0.0,1.0
2018-02-13,0.006232145690997726,3.044565418354944,0.0,0.0,1.0
2018-02-14,0.02035761766489852,3.1065455170975858,0.0,0.0,1.0
2018-02-15,0.012729062893629184,3.146088930366643,0.0,0.0,1.0
2018-02-16,0.0034415794536741817,3.1569164453888248,0.0,0.0,1.0
2018-02-20,-0.003686737811605889,3.1452777221615293,0.0,0.0,1.0
2018-02-21,-0.008502035117813111,3.118536460512437,0.0,0.0,1.0
2018-02-22,0.0036500798581748928,3.129919367633937,0.0,0.0,1.0
2018-02-23,0.01905058227400125,3.1895461540580374,0.0,0.0,1.0
2018-02-26,0.009201625579535966,3.2188951635363288,0.0,0.0,1.0
2018-02-27,-0.014372450173832263,3.1726317531836132,0.0,0.0,1.0
2018-02-28,-0.01103725420980739,3.137614610009619,0.0,0.0,1.0
2018-03-01,-0.01778438534364024,3.0818140627253725,0.0,0.0,1.0
2018-03-02,0.009568537266010368,3.111302515431475,0.000211073025104017,0.422146050208034,0.9999999999999999
2018-03-05,0.015760705066746983,3.1603388367506184,0.0,0.0,0.9999999999999999
2018-03-06,0.010721443986910995,3.1942222325685,0.0,0.0,0.9999999999999999
2018-03-07,0.001974984961902182,3.200530773442796,0.0,0.0,0.9999999999999999
2018-03-08,0.0097816042944745,3.2318370990009018,0.0,0.0,0.9999999999999999
2018-03-09,0.02355518436432802,3.307963617703343,0.0,0.0,0.9999999999999999
2018-03-12,0.0008326712179986817,3.310718063797992,0.0,0.0,0.9999999999999999
2018-03-13,-0.009512141822941134,3.279226044039372,0.0,0.0,0.9999999999999999
2018-03-14,-0.0009386988914139582,3.2761478381871365,0.0,0.0,0.9999999999999999
2018-03-15,-0.0034246547454215293,3.2649281629463864,0.0,0.0,0.9999999999999999
2018-03-16,0.004645388066162992,3.2800950212714173,0.0,0.0,0.9999999999999999
2018-03-19,-0.016921230308626023,3.224591777982306,0.0,0.0,0.9999999999999999
2018-03-20,0.014272696952768005,3.2706153992258344,0.0,0.0,0.9999999999999999
2018-03-21,-0.00494474772600817,3.2544430311678654,0.0,0.0,0.9999999999999999
2018-03-22,-0.03503955610380949,3.140408791990607,0.0,0.0,0.9999999999999999
2018-03-23,-0.025509285322371622,3.0602992080868345,0.0,0.0,0.9999999999999999
2018-03-26,0.03510914425840461,3.1677436944574366,0.0,0.0,0.9999999999999999
2018-03-27,-0.0344647815207898,3.0585681001141016,0.0,0.0,0.9999999999999999
2018-03-28,-0.010626531244294468,3.026066130635437,0.0,0.0,0.9999999999999999
2018-03-29,0.022256916980927244,3.0934170332837856,0.0,0.0,0.9999999999999999
2018-04-02,-0.029047919948768763,3.0035597029328005,0.0,0.0,0.9999999999999999
2018-04-03,0.01062696545344477,3.035478428133226,0.0001239166334324609,0.2478332668649218,0.9999999999999997
2018-04-04,0.011880093464347263,3.071540195568459,0.0,0.0,0.9999999999999997
2018-04-05,0.0009351676104312201,3.074412600473492,0.0,0.0,0.9999999999999997
2018-04-06,-0.02640403490783949,2.9932357028494883,0.0,0.0,0.9999999999999997
2018-04-09,0.003727360026327009,3.0043925699576643,0.0,0.0,0.9999999999999997
2018-04-10,0.028755904672179478,3.0907865962971712,0.0,0.0,0.9999999999999997
2018-04-11,-0.006291816395686989,3.071339934515019,0.0,0.0,0.9999999999999997
2018-04-12,0.018820531011483954,3.1291441829993683,0.0,0.0,0.9999999999999997
2018-04-13,-0.00758505876659854,3.105409440482158,0.0,0.0,0.9999999999999997
2018-04-16,0.005006528072233785,3.120956760021712,0.0,0.0,0.9999999999999997
2018-04-17,0.0255845920882265,3.2008051656518606,0.0,0.0,0.9999999999999998
2018-04-18,0.009909261468068031,3.2325227809466477,0.0,0.0,0.9999999999999998
2018-04-19,-0.018132892865562966,3.1739077916742504,0.0,0.0,0.9999999999999997
2018-04-20,-0.009469888117572656,3.143851239991603,0.0,0.0,0.9999999999999997
2018-04-23,-0.0051407210506676515,3.127689577742011,0.0,0.0,0.9999999999999997
2018-04-24,-0.026469697256990332,3.044900581505336,0.0,0.0,0.9999999999999997
2018-04-25,0.0012077064458231312,3.0485779275645104,0.0,0.0,0.9999999999999997
2018-04-26,0.022788071835531776,3.118049140374067,0.0,0.0,0.9999999999999997
2018-04-27,-0.003617959421747141,3.1067681651091803,0.0,0.0,0.9999999999999997
2018-04-30,-0.008057860016881913,3.0817342621298254,0.0,0.0,0.9999999999999997
2018-05-01,0.008252610020769158,3.1071666131828257,0.0,0.0,0.9999999999999997
2018-05-02,-0.0029884893057904316,3.0978808789880197,0.00036369235549408446,0.7273847109881688,1.0
2018-05-03,0.009474815982199125,3.1272327302512046,0.0,0.0,1.0
2018-05-04,0.014846800239378677,3.173662129899291,0.0,0.0,1.0
2018-05-07,0.012415554556196362,3.2130649052159903,0.0,0.0,1.0
2018-05-08,0.0024305808252444994,3.220874519164874,0.0,0.0,1.0
2018-05-09,0.0182256771196867,3.279577138194199,0.0,0.0,1.0
2018-05-10,0.012080862155558814,3.319197257529245,0.0,0.0,1.0
2018-05-11,-0.002313964312569472,3.311516753528944,0.0,0.0,1.0
2018-05-14,-0.0002526766962688276,3.3106800104160232,0.0,0.0,1.0
2018-05-15,-0.005429282595347917,3.292705393056705,0.0,0.0,1.0
2018-05-16,0.00937723498304499,3.3235818652573377,0.0,0.0,1.0
2018-05-17,0.0037890564650693292,3.336175104611078,0.0,0.0,1.0
2018-05-18,0.0005693292481776524,3.3380744866751755,0.0,0.0,1.0
2018-05-21,0.013828704187922147,3.384235731308656,0.0,0.0,1.0
2018-05-22,-0.006548464952758626,3.362074182230308,0.0,0.0,1.0
2018-05-23,0.011936246076576174,3.4022047269971125,0.0,0.0,1.0
2018-05-24,0.0045099858913475455,3.417548622315345,0.0,0.0,1.0
2018-05-25,-0.006053775789968907,3.396859549204531,0.0,0.0,1.0
2018-05-29,-0.002767147453535679,3.387459937952931,0.0,0.0,1.0
2018-05-30,0.012829395629574636,3.430919001676264,0.0,0.0,1.0
2018-05-31,-0.00987447493173299,3.397040478001405,0.0,0.0,1.0
2018-06-01,0.015971190311272032,3.45129525797066,0.0,0.0,1.0
2018-06-04,0.004941397134484049,3.468349478468655,0.0003162400691537745,0.632480138307549,0.9999999999999998
2018-06-05,0.001992536918741905,3.475260292851603,0.0,0.0,0.9999999999999998
2018-06-06,0.003404602992388428,3.4870921744439745,0.0,0.0,0.9999999999999998
2018-06-07,-0.004375442755275016,3.4718346022523274,0.0,0.0,0.9999999999999998
2018-06-08,0.004806355282510166,3.488521472832865,0.0,0.0,0.9999999999999998
2018-06-11,0.0041785481533624935,3.5030984277911363,0.0,0.0,0.9999999999999998
2018-06-12,0.0008876334171905587,3.5062078950193514,0.0,0.0,0.9999999999999998
2018-06-13,0.0009016930992205019,3.5093694184827227,0.0,0.0,0.9999999999999998
2018-06-14,0.003742045495843893,3.522501638508408,0.0,0.0,0.9999999999999998
2018-06-15,-0.007485807606004369,3.4961328689506987,0.0,0.0,0.9999999999999998
2018-06-18,0.004014312359976513,3.5101674383386476,0.0,0.0,0.9999999999999998
2018-06-19,-0.00509989458928628,3.4922659544123755,0.0,0.0,0.9999999999999998
2018-06-20,0.004271803596775703,3.507184228677332,0.0,0.0,0.9999999999999998
2018-06-21,-0.013076213284584526,3.461323539674816,0.0,0.0,0.9999999999999998
2018-06-22,-0.005151400459466271,3.443492876002174,0.0,0.0,0.9999999999999998
2018-06-25,-0.02736205958347626,3.3492718187537265,0.0,0.0,0.9999999999999998
2018-06-26,0.009593951220547403,3.381404569207204,0.0,0.0,0.9999999999999998
2018-06-27,-0.01435720862115053,3.3328570383745846,0.0,0.0,0.9999999999999998
2018-06-28,0.008987928641144283,3.362812519606631,0.0,0.0,0.9999999999999998
2018-06-29,0.002319852603846373,3.3706137489864876,0.0,0.0,0.9999999999999998
2018-07-02,0.0009633278491185671,3.3738607550795083,0.0,0.0,0.9999999999999998
2018-07-03,-0.01092405641437344,3.3370045098567793,0.00017080659953802428,0.3416131990760486,0.9999999999999998
2018-07-05,0.008578176584703945,3.365629923806284,0.0,0.0,0.9999999999999998
2018-07-06,0.010066018567079782,3.399508417109238,0.0,0.0,0.9999999999999998
2018-07-09,0.012493850069838164,3.4419813655837537,0.0,0.0,0.9999999999999998
2018-07-10,0.004427534057545479,3.4572208553053123,0.0,0.0,0.9999999999999998
2018-07-11,-0.00842971194392561,3.4280774793685564,0.0,0.0,0.9999999999999998
2018-07-12,0.01709888152236161,3.486693770037755,0.0,0.0,0.9999999999999998
2018-07-13,0.0033488770974712256,3.49837027895013,0.0,0.0,0.9999999999999998
2018-07-16,-0.006005180872598714,3.477361932665711,0.0,0.0,0.9999999999999998
2018-07-17,0.0052601268663010625,3.495653297591579,0.0,0.0,0.9999999999999998
2018-07-18,0.0077329318504395506,3.522684946314619,0.0,0.0,0.9999999999999998
2018-07-19,-0.005763768723032636,3.502381004999953,0.0,0.0,0.9999999999999998
2018-07-20,-0.0029762271194568868,3.4919571236702014,0.0,0.0,0.9999999999999998
2018-07-23,0.0015929183947460679,3.4975195264061605,0.0,0.0,0.9999999999999998
2018-07-24,-0.003108267922653396,3.486648298653378,0.0,0.0,0.9999999999999998
2018-07-25,0.015725929565644003,3.541479084218174,0.0,0.0,0.9999999999999998
2018-07-26,0.000820193951263537,3.544383783941576,0.0,0.0,0.9999999999999998
2018-07-27,-0.009920874732377905,3.50922039641762,0.0,0.0,0.9999999999999998
2018-07-30,-0.020857864923682246,3.436025551401711,0.0,0.0,0.9999999999999998
2018-07-31,0.007345301759243528,3.4612641959292274,0.0,0.0,0.9999999999999998
2018-08-01,1.8989435988103764e-06,3.4612707686747157,0.0,0.0,0.9999999999999998
2018-08-02,0.013758745392167704,3.508893511914264,0.00022284659378788205,0.44569318757576404,0.9999999999999999
2018-08-03,0.0019537863279068812,3.515749140083923,0.0,0.0,0.9999999999999999
2018-08-06,0.003981370808663787,3.529746641080838,0.0,0.0,0.9999999999999999
2018-08-07,0.0048737613538558655,3.5469497838490405,0.0,0.0,0.9999999999999999
2018-08-08,0.0021805916584984875,3.5546842329608146,0.0,0.0,0.9999999999999999
2018-08-09,-0.0023387169100884675,3.5463708328351644,0.0,0.0,0.9999999999999999
2018-08-10,-0.002568142235887416,3.537263248115241,0.0,0.0,0.9999999999999999
2018-08-13,-0.005333569265427496,3.5183970095713675,0.0,0.0,0.9999999999999999
2018-08-14,0.01093479905335859,3.556869973860968,0.0,0.0,0.9999999999999999
2018-08-15,-0.022652474193260885,3.476298068569298,0.0,0.0,0.9999999999999999
2018-08-16,0.0023795074216068635,3.4845699456231767,0.0,0.0,0.9999999999999999
2018-08-17,0.0008132743626683148,3.487403857024877,0.0,0.0,0.9999999999999999
2018-08-20,0.010748506429427263,3.524888239804118,0.0,0.0,0.9999999999999999
2018-08-21,0.0057608312473818035,3.54519452611951,0.0,0.0,0.9999999999999999
2018-08-22,0.006915994968165418,3.5697130736233205,0.0,0.0,0.9999999999999999
2018-08-23,0.0015792124653200013,3.5753504090068025,0.0,0.0,0.9999999999999999
2018-08-24,0.013291546406153154,3.622872344886375,0.0,0.0,0.9999999999999999
2018-08-27,0.009235433409710447,3.656331141179455,0.0,0.0,0.9999999999999999
2018-08-28,0.0013095801707383448,3.661119399939597,0.0,0.0,0.9999999999999999
2018-08-29,0.008932253386534361,3.6938214460982137,0.0,0.0,0.9999999999999999
2018-08-30,-0.002933965783010861,3.6829839003668097,0.0,0.0,0.9999999999999999
2018-08-31,-0.0006219206242773501,3.6806933767202903,0.0,0.0,0.9999999999999999
2018-09-04,0.002786443624524626,3.690949421313683,0.0,0.0,0.9999999999999999
2018-09-05,-0.02023366123008641,3.6162680011054382,0.0003088653120214342,0.6177306240428685,0.9999999999999997
2018-09-06,-0.006518547711040212,3.5926951856043243,0.0,0.0,0.9999999999999997
2018-09-07,-0.0029249493785151737,3.5821867340539963,0.0,0.0,0.9999999999999997
2018-09-10,0.005466164732657042,3.6017675568454743,0.0,0.0,0.9999999999999997
2018-09-11,0.006498432272999066,3.62517339937672,0.0,0.0,0.9999999999999997
2018-09-12,-0.0005782387266259903,3.623077183726466,0.0,0.0,0.9999999999999997
2018-09-13,0.004930596431061085,3.6409411151580064,0.0,0.0,0.9999999999999997
2018-09-14,0.003933671602590394,3.6552633818294074,0.0,0.0,0.9999999999999997
2018-09-17,-0.014640990208576898,3.6017467064462734,0.0,0.0,0.9999999999999997
2018-09-18,0.013400247875494209,3.650011005097398,0.0,0.0,0.9999999999999997
2018-09-19,-0.01216249692577076,3.6056177574688717,0.0,0.0,0.9999999999999997
2018-09-20,0.006679537367262345,3.6297016160119493,0.0,0.0,0.9999999999999997
2018-09-21,0.0004046981452003884,3.6311705495235804,0.0,0.0,0.9999999999999997
2018-09-24,0.006779261639095813,3.6557872047349798,0.0,0.0,0.9999999999999997
2018-09-25,0.004638829757552809,3.6727457792075855,0.0,0.0,0.9999999999999997
2018-09-26,-4.281988415066884e-05,3.672588512658805,0.0,0.0,0.9999999999999997
2018-09-27,0.0018785968169416911,3.6794878257486228,0.0,0.0,0.9999999999999997
2018-09-28,-0.0006300630123433626,3.6771695165652507,0.0,0.0,0.9999999999999997
2018-10-01,0.005346450532201841,3.696829321484087,0.0,0.0,0.9999999999999997
2018-10-02,-0.01350728575988469,3.646895191433281,0.00020712384461011465,0.4142476892202293,0.9999999999999999
2018-10-03,0.003164982812776218,3.658437552034164,0.0,0.0,0.9999999999999999
2018-10-04,-0.01768329180486128,3.5937443332516814,0.0,0.0,0.9999999999999999
2018-10-05,-0.0052714160671074595,3.574800211632302,0.0,0.0,0.9999999999999999
2018-10-08,-0.012609695390642162,3.5297230698812156,0.0,0.0,0.9999999999999999
2018-10-09,-0.0005174357216413128,3.5278966650773578,0.0,0.0,0.9999999999999999
2018-10-10,-0.04692145783928503,3.3623626104455764,0.0,0.0,0.9999999999999999
2018-10-11,-0.015674870871331348,3.3096580107042493,0.0,0.0,0.9999999999999999
2018-10-12,0.028304166897291205,3.4033351234121794,0.0,0.0,0.9999999999999999
2018-10-15,-0.013450417682391524,3.357558844489132,0.0,0.0,0.9999999999999999
2018-10-16,0.02500503407953447,3.4415147178196253,0.0,0.0,0.9999999999999999
2018-10-17,-0.005203811723544227,3.4236057231842856,0.0,0.0,0.9999999999999999
2018-10-18,-0.014395661769279977,3.3743206531619534,0.0,0.0,0.9999999999999999
2018-10-19,-0.024827023592592035,3.290546314696931,0.0,0.0,0.9999999999999999
2018-10-22,0.009697014005486393,3.3224547883962487,0.0,0.0,0.9999999999999999
2018-10-23,-0.0121216729983179,3.282181077899614,0.0,0.0,0.9999999999999999
2018-10-24,-0.0452894868457735,3.1335327811466325,0.0,0.0,0.9999999999999999
2018-10-25,0.008005142937684395,3.1586171589596312,0.0,0.0,0.9999999999999999
2018-10-26,-0.02099893633639771,3.0922895583275847,0.0,0.0,0.9999999999999999
2018-10-29,-0.012209018537121308,3.0545357377878166,0.0,0.0,0.9999999999999999
2018-10-30,0.02458826230011857,3.1296414637136296,0.0,0.0,0.9999999999999999
2018-10-31,0.015346617685621622,3.177670874750312,0.0,0.0,0.9999999999999999
2018-11-01,0.016147892137206687,3.2289835612833233,0.0,0.0,0.9999999999999999
2018-11-02,-0.006475560830190852,3.208074081812547,0.0002898319490692852,0.5796638981385703,0.9999999999999998
2018-11-05,0.0008422462133914621,3.210776070060233,0.0,0.0,0.9999999999999998
2018-11-06,0.005536378996643165,3.2285521432574384,0.0,0.0,0.9999999999999998
2018-11-07,0.03721564535212063,3.3487047948217366,0.0,0.0,0.9999999999999998
2018-11-08,-0.004860841008323735,3.3324272732302966,0.0,0.0,0.9999999999999998
2018-11-09,-0.010587129703046871,3.2971464334626366,0.0,0.0,0.9999999999999998
2018-11-12,-0.03178656828978832,3.1923414631939444,0.0,0.0,0.9999999999999997
2018-11-13,-0.0009732173100275299,3.1892346212224454,0.0,0.0,0.9999999999999997
2018-11-14,-0.005109359209531705,3.172939675939145,0.0,0.0,0.9999999999999997
2018-11-15,0.0007182228224440479,3.1752185536286426,0.0,0.0,0.9999999999999997
2018-11-16,0.0006438411521429988,3.1772628900005166,0.0,0.0,0.9999999999999997
2018-11-19,-0.04020646824047913,3.049516370522058,0.0,0.0,0.9999999999999997
2018-11-20,-0.01949926666695756,2.990053037607996,0.0,0.0,0.9999999999999997
2018-11-21,0.006992172295316568,3.010960003619086,0.0,0.0,0.9999999999999997
2018-11-23,-0.005092727680536258,2.9956260042636673,0.0,0.0,0.9999999999999997
2018-11-26,0.02099927308446925,3.0585319727861378,0.0,0.0,0.9999999999999997
2018-11-27,0.004428891950614355,3.072077880421107,0.0,0.0,0.9999999999999997
2018-11-28,0.04043665606991431,3.1963024370916866,0.0,0.0,0.9999999999999997
2018-11-29,-0.00364314274673061,3.1846578510516386,0.0,0.0,0.9999999999999997
2018-11-30,0.003280808912778266,3.195106104913518,0.0,0.0,0.9999999999999997
2018-12-03,0.024168728053955535,3.272327755466706,0.0,0.0,0.9999999999999998
2018-12-04,-0.03834415673741942,3.1468531071148824,0.00032735506175489974,0.6547101235097995,0.9999999999999997
2018-12-06,0.003421869967119795,3.1576212292530568,0.0,0.0,0.9999999999999997
2018-12-07,-0.0358393964862419,3.044453990064482,0.0,0.0,0.9999999999999997
2018-12-10,0.011179150547621308,3.078488399554719,0.0,0.0,0.9999999999999997
2018-12-11,-0.003377917949718756,3.0680895183318624,0.0,0.0,0.9999999999999997
2018-12-12,0.012889662642954436,3.1076361571815445,0.0,0.0,0.9999999999999997
2018-12-13,-0.005333408847902565,3.0910618630047706,0.0,0.0,0.9999999999999997
2018-12-14,-0.02234698284140435,3.0219859565904836,0.0,0.0,0.9999999999999997
2018-12-17,-0.02793532600004922,2.937565793725558,0.0,0.0,0.9999999999999997
2018-12-18,0.011003967561324712,2.969890672428971,0.0,0.0,0.9999999999999997
2018-12-19,-0.021080695502593505,2.9072833114875034,0.0,0.0,0.9999999999999997
2018-12-20,-0.02037149910813507,2.8480575921004396,0.0,0.0,0.9999999999999997
2018-12-21,-0.023477042271414894,2.7811936236192736,0.0,0.0,0.9999999999999997
2018-12-24,-0.023563460900707378,2.715659076411824,0.0,0.0,0.9999999999999997
2018-12-26,0.058322298823892726,2.874042556570131,0.0,0.0,0.9999999999999997
2018-12-27,0.00944729923981047,2.9011944966299987,0.0,0.0,0.9999999999999997
2018-12-28,0.0005910170234102452,2.9029091519657313,0.0,0.0,0.9999999999999997
2018-12-31,0.014918405135188939,2.946215926765404,0.0,0.0,0.9999999999999997
2019-01-02,-0.0014019180355552274,2.9420855735210316,0.0,0.0,0.9999999999999997
2019-01-03,-0.028157034992597696,2.859245167076183,0.0004643735635600458,0.9287471271200917,0.9999999999999996
2019-01-04,0.040626573363416574,2.975406500620398,0.0,0.0,0.9999999999999996
2019-01-07,0.021585269611819502,3.0396314521410495,0.0,0.0,0.9999999999999996
2019-01-08,0.010907903730038804,3.072787459395802,0.0,0.0,0.9999999999999996
2019-01-09,0.010752046276796712,3.1058262123579863,0.0,0.0,0.9999999999999996
2019-01-10,0.0026447463576968477,3.1140403349207593,0.0,0.0,0.9999999999999996
2019-01-11,-1.0935459257566116e-05,3.11400628145955,0.0,0.0,0.9999999999999996
2019-01-14,-0.009076648981855895,3.0857415395154475,0.0,0.0,0.9999999999999996
2019-01-15,0.02509919434518193,3.1631911661147463,0.0,0.0,0.9999999999999996
2019-01-16,-0.0018646121438896657,3.1572930414529643,0.0,0.0,0.9999999999999996
2019-01-17,0.010062904210691004,3.189064578894187,0.0,0.0,0.9999999999999996
2019-01-18,0.011115906353286409,3.2245139221077577,0.0,0.0,0.9999999999999996
2019-01-22,-0.015232586375439339,3.1753962352704446,0.0,0.0,0.9999999999999996
2019-01-23,-0.000645608318291524,3.1733461730470824,0.0,0.0,0.9999999999999996
2019-01-24,0.002848653453103589,3.1823859365808262,0.0,0.0,0.9999999999999996
2019-01-25,0.011262477686474481,3.2182274871813177,0.0,0.0,0.9999999999999996
2019-01-28,-0.01345889717769111,3.174913694336925,0.0,0.0,0.9999999999999996
2019-01-29,-0.004575307435665699,3.1603874881036282,0.0,0.0,0.9999999999999996
2019-01-30,0.02746968938620542,3.247202350741885,0.0,0.0,0.9999999999999996
2019-01-31,0.01245770188354789,3.2876550295829836,0.0,0.0,0.9999999999999996
2019-02-01,-0.00042483315025232393,3.286258324739823,0.0,0.0,0.9999999999999996
2019-02-04,0.004736802178787025,3.301824680332508,0.0005168586889430563,1.0337173778861124,0.9999999999999999
2019-02-05,0.0041799282025811735,3.3156260704338085,0.0,0.0,0.9999999999999999
2019-02-06,-0.0008255394063390042,3.3128888904559806,0.0,0.0,0.9999999999999999
2019-02-07,0.0041097488657682035,3.326504031815948,0.0,0.0,0.9999999999999999
2019-02-08,0.006755638221926041,3.348976689598675,0.0,0.0,0.9999999999999999
2019-02-11,0.004795479417490256,3.3650366383833004,0.0,0.0,0.9999999999999999
2019-02-12,0.008833148262704427,3.3947605059195727,0.0,0.0,0.9999999999999999
2019-02-13,0.0021099961492578867,3.4019234375147156,0.0,0.0,0.9999999999999999
2019-02-14,0.001452042165259515,3.4068631737889716,0.0,0.0,0.9999999999999999
2019-02-15,0.006704694916418674,3.4297051519912087,0.0,0.0,0.9999999999999999
2019-02-19,0.00012101726925606293,3.4301202055430564,0.0,0.0,0.9999999999999999
2019-02-20,0.0016472905192115306,3.435770610037403,0.0,0.0,0.9999999999999999
2019-02-21,0.0012448550632300215,3.4400476464774052,0.0,0.0,0.9999999999999999
2019-02-22,0.011903313515506664,3.4809956121217067,0.0,0.0,0.9999999999999999
2019-02-25,-0.005410816935463414,3.462160582111365,0.0,0.0,0.9999999999999999
2019-02-26,0.0010295660022097142,3.4657251049408972,0.0,0.0,0.9999999999999999
2019-02-27,-0.0014738004604661903,3.460617317685386,0.0,0.0,0.9999999999999999
2019-02-28,0.003611143687758611,3.473114104067894,0.0,0.0,0.9999999999999999
2019-03-01,0.005077251677231942,3.4907479784779905,0.0,0.0,0.9999999999999999
2019-03-04,-0.007119527351603816,3.4658955027676606,0.0004119423548147759,0.8238847096295517,0.9999999999999999
2019-03-05,8.456530575684518e-05,3.4661885972805737,0.0,0.0,0.9999999999999999
2019-03-06,-0.008781430187649208,3.4357505040963288,0.0,0.0,0.9999999999999999
2019-03-07,-0.006393422502349977,3.413784299510979,0.0,0.0,0.9999999999999999
2019-03-08,-0.002668295627997863,3.404675313789666,0.0,0.0,0.9999999999999999
2019-03-11,0.010070612628211517,3.438962479999676,0.0,0.0,0.9999999999999999
2019-03-12,0.0034651919567705303,3.4508791451250063,0.0,0.0,0.9999999999999999
2019-03-13,0.007625312808111628,3.477193178069573,0.0,0.0,0.9999999999999999
2019-03-14,-0.004144728028556033,3.4627811580437244,0.0,0.0,0.9999999999999999
2019-03-15,0.009842488206593503,3.496863540753784,0.0,0.0,0.9999999999999999
2019-03-18,0.0027133855344232405,3.5063518797011173,0.0,0.0,0.9999999999999999
2019-03-19,0.005976866281096838,3.5273088760205633,0.0,0.0,0.9999999999999999
2019-03-20,-0.0022724830822877795,3.519293126273803,0.0,0.0,0.9999999999999999
2019-03-21,0.01712865845616207,3.579573896240866,0.0,0.0,0.9999999999999999
2019-03-22,-0.015543700690465623,3.523934070998294,0.0,0.0,0.9999999999999999
2019-03-25,0.004121090867057031,3.5384565235143963,0.0,0.0,0.9999999999999999
2019-03-26,0.0030156887562604595,3.5491274070668752,0.0,0.0,0.9999999999999999
2019-03-27,-0.003244062355583943,3.5376138164504383,0.0,0.0,0.9999999999999999
2019-03-28,0.004399859473301682,3.5531788201136303,0.0,0.0,0.9999999999999999
2019-03-29,0.010280103515625916,3.589705866193928,0.0,0.0,0.9999999999999999
2019-04-01,0.009033677394710837,3.622134110931025,0.0,0.0,0.9999999999999999
2019-04-02,0.0018252752366769709,3.628745502627631,0.00036309856249798603,0.726197124995972,0.9999999999999997
2019-04-03,0.002708787019293002,3.6385750013414664,0.0,0.0,0.9999999999999997
2019-04-04,-0.004008724226821969,3.62398895758248,0.0,0.0,0.9999999999999997
2019-04-05,0.004028080574913551,3.6385866771062196,0.0,0.0,0.9999999999999997
2019-04-08,-0.0006731369559982436,3.6361374099462567,0.0,0.0,0.9999999999999997
2019-04-09,-0.007346824901748317,3.609423345076685,0.0,0.0,0.9999999999999997
2019-04-10,0.005941149904631349,3.6308674702390618,0.0,0.0,0.9999999999999997
2019-04-11,-0.0014013719742209663,3.625779274324158,0.0,0.0,0.9999999999999997
2019-04-12,0.0021871356746514525,3.6337093455234446,0.0,0.0,0.9999999999999997
2019-04-15,-0.0005140192397843357,3.6318415490080613,0.0,0.0,0.9999999999999997
2019-04-16,-0.006384066936598876,3.6086556294560728,0.0,0.0,0.9999999999999997
2019-04-17,-0.008362412596277902,3.57847856216468,0.0,0.0,0.9999999999999997
2019-04-18,-0.0007101924637907819,3.575937153657994,0.0,0.0,0.9999999999999997
2019-04-22,0.0025122311722067803,3.584920734445266,0.0,0.0,0.9999999999999997
2019-04-23,0.0074870655225889315,3.6117612708773454,0.0,0.0,0.9999999999999997
2019-04-24,0.0028998885015067977,3.62223497585695,0.0,0.0,0.9999999999999997
2019-04-25,-0.0008442313572522009,3.619176971506996,0.0,0.0,0.9999999999999997
2019-04-26,0.0029687484064293557,3.6299213973737436,0.0,0.0,0.9999999999999997
2019-04-29,-0.00429902839390639,3.6143162622187854,0.0,0.0,0.9999999999999997
2019-04-30,0.005336137103581162,3.633602749329688,0.0,0.0,0.9999999999999997
2019-05-01,-0.016273068854717576,3.5744728815991547,0.0,0.0,0.9999999999999997
2019-05-02,0.00727921479883209,3.600492237496915,0.00021631485699659747,0.43262971399319494,0.9999999999999998
2019-05-03,0.005716739453761388,3.621075313523975,0.0,0.0,0.9999999999999998
2019-05-06,-0.0028360091362055195,3.6108059108519326,0.0,0.0,0.9999999999999998
2019-05-07,-0.017045526617752715,3.5492578225869673,0.0,0.0,0.9999999999999998
2019-05-08,0.0020768295924897817,3.556629026264292,0.0,0.0,0.9999999999999998
2019-05-09,0.0010204031325862228,3.5602582216641396,0.0,0.0,0.9999999999999998
2019-05-10,0.005118749137792422,3.578482290366601,0.0,0.0,0.9999999999999998
2019-05-13,-0.02332071926465329,3.495029509479428,0.0,0.0,0.9999999999999998
2019-05-14,0.014522403449024113,3.545785738082333,0.0,0.0,0.9999999999999998
2019-05-15,0.004170868085666468,3.560574742655912,0.0,0.0,0.9999999999999998
2019-05-16,0.010063134391127049,3.5964052848009107,0.0,0.0,0.9999999999999998
2019-05-17,-0.007054861457657768,3.571033143771052,0.0,0.0,0.9999999999999998
2019-05-20,-0.004393869415257434,3.5553424904597657,0.0,0.0,0.9999999999999998
2019-05-21,0.00807052906862471,3.5840359853779375,0.0,0.0,0.9999999999999998
2019-05-22,0.0023444060475008577,3.592438421016518,0.0,0.0,0.9999999999999998
2019-05-23,-0.01829423083638182,3.5267175232769548,0.0,0.0,0.9999999999999998
2019-05-24,0.004288539925502599,3.5418419921814976,0.0,0.0,0.9999999999999998
2019-05-28,0.004052823238308134,3.5561964517138263,0.0,0.0,0.9999999999999998
2019-05-29,-0.012616337941815714,3.5113302754915185,0.0,0.0,0.9999999999999998
2019-05-30,0.01017215476692157,3.547048070491596,0.0,0.0,0.9999999999999998
2019-05-31,-0.008760008262044594,3.51597590008822,0.0,0.0,0.9999999999999998
2019-06-03,-0.008058896327667542,3.4876410148188315,0.0,0.0,0.9999999999999998
2019-06-04,0.01686146595477722,3.546447755052684,0.0004031222796661589,0.8062445593323178,0.9999999999999999
2019-06-05,0.009650490614608653,3.5806727158280203,0.0,0.0,0.9999999999999999
2019-06-06,0.008444358043139477,3.6109091982757726,0.0,0.0,0.9999999999999999
2019-06-07,0.012170576456679294,3.654856044751514,0.0,0.0,0.9999999999999999
2019-06-10,0.0030692317411777914,3.6660736449335007,0.0,0.0,0.9999999999999999
2019-06-11,-0.004365743800173738,3.650068506647152,0.0,0.0,0.9999999999999999
2019-06-12,0.004681963162393998,3.6671579929354885,0.0,0.0,0.9999999999999999
2019-06-13,0.0007617409618463356,3.6699514173922694,0.0,0.0,0.9999999999999999
2019-06-14,-0.00019592910903898364,3.6692323670808435,0.0,0.0,0.9999999999999999
2019-06-17,-0.002455483333291486,3.660222628157503,0.0,0.0,0.9999999999999999
2019-06-18,0.009099419328328695,3.6935285286861457,0.0,0.0,0.9999999999999999
2019-06-19,0.009018613663989816,3.7268390355432905,0.0,0.0,0.9999999999999999
2019-06-20,0.005571504103092595,3.747603134521386,0.0,0.0,0.9999999999999999
2019-06-21,-0.004420870842601787,3.731035465094337,0.0,0.0,0.9999999999999999
2019-06-24,-0.00403189359807421,3.7159923270884354,0.0,0.0,0.9999999999999999
2019-06-25,-0.007331978772021408,3.6887467502292286,0.0,0.0,0.9999999999999999
2019-06-26,-0.005294558869245236,3.669216463406403,0.0,0.0,0.9999999999999999
2019-06-27,0.002836226304216982,3.679623191655782,0.0,0.0,0.9999999999999999
2019-06-28,0.004313634140791667,3.6954957398805575,0.0,0.0,0.9999999999999999
2019-07-01,0.008173783856761263,3.7257019233019233,0.0,0.0,0.9999999999999999
2019-07-02,0.005092700558669838,3.74467580756816,0.0004129282676207805,0.8258565352415609,0.9999999999999998
2019-07-03,0.01070748152592449,3.7847718545982723,0.0,0.0,0.9999999999999998
2019-07-05,-0.0038822230156866366,3.7700785261952277,0.0,0.0,0.9999999999999998
2019-07-08,0.00044521102685557423,3.771757006727201,0.0,0.0,0.9999999999999998
2019-07-09,0.000822200147373886,3.7748581458939903,0.0,0.0,0.9999999999999998
2019-07-10,0.004760655944264336,3.7928289467649954,0.0,0.0,0.9999999999999998
2019-07-11,-0.0033583042407682173,3.780091473228566,0.0,0.0,0.9999999999999998
2019-07-12,0.0029039753185078343,3.7910687655685242,0.0,0.0,0.9999999999999998
2019-07-15,0.00576694861356275,3.8129316643300406,0.0,0.0,0.9999999999999998
2019-07-16,-0.0011134993396462178,3.808685967439693,0.0,0.0,0.9999999999999998
2019-07-17,-0.01023250987515334,3.7697135506665083,0.0,0.0,0.9999999999999998
2019-07-18,0.006624135268350484,3.794684643149057,0.0,0.0,0.9999999999999998
2019-07-19,-0.011285466581070769,3.7518598564230956,0.0,0.0,0.9999999999999998
2019-07-22,0.0015073046786375777,3.7575150523382748,0.0,0.0,0.9999999999999998
2019-07-23,0.004075208760691229,3.772827710597993,0.0,0.0,0.9999999999999998
2019-07-24,0.00023848381022495424,3.7737274689257383,0.0,0.0,0.9999999999999998
2019-07-25,-0.0018206340914596053,3.7668568920439345,0.0,0.0,0.9999999999999998
2019-07-26,0.00972781281011148,3.803500170772216,0.0,0.0,0.9999999999999998
2019-07-29,0.0003830587972044608,3.804957134972799,0.0,0.0,0.9999999999999998
2019-07-30,0.0046723609467087535,3.822735268094147,0.0,0.0,0.9999999999999998
2019-07-31,-0.014625690765128208,3.7668251241860524,0.0,0.0,0.9999999999999998
2019-08-01,-0.007073800493113791,3.740179354765112,0.0,0.0,0.9999999999999998
2019-08-02,-0.008816194382673004,3.7072052065474423,0.000309273255164584,0.6185465103291681,0.9999999999999997
2019-08-05,-0.02483315444543055,3.6151436070923455,0.0,0.0,0.9999999999999997
2019-08-06,0.01650030026059257,3.674794562094531,0.0,0.0,0.9999999999999997
2019-08-07,0.006907389143771647,3.7001777981583333,0.0,0.0,0.9999999999999997
2019-08-08,0.025951485530756768,3.7962029087484663,0.0,0.0,0.9999999999999997
2019-08-09,-0.001991437218772374,3.788643008985973,0.0,0.0,0.9999999999999997
2019-08-12,-0.014010331416040134,3.7355628648130157,0.0,0.0,0.9999999999999997
2019-08-13,0.011120695202986752,3.7771049208441974,0.0,0.0,0.9999999999999997
2019-08-14,-0.030224480969864742,3.6629438850429596,0.0,0.0,0.9999999999999997
2019-08-15,0.0062192793393971435,3.6857247562685784,0.0,0.0,0.9999999999999997
2019-08-16,0.011979141813131644,3.72987657580809,0.0,0.0,0.9999999999999997
2019-08-19,0.00939395100357765,3.7649148536106236,0.0,0.0,0.9999999999999997
2019-08-20,-0.0061275089591682486,3.741845304114619,0.0,0.0,0.9999999999999997
2019-08-21,0.01224906698707362,3.787679417899986,0.0,0.0,0.9999999999999997
2019-08-22,0.00013841287546090264,3.788203681499542,0.0,0.0,0.9999999999999997
2019-08-23,-0.0273068119444716,3.684759915961479,0.0,0.0,0.9999999999999997
2019-08-26,0.014840001071792175,3.7394417570636436,0.0,0.0,0.9999999999999997
2019-08-27,-0.00016777246398347323,3.7388143817061383,0.0,0.0,0.9999999999999997
2019-08-28,0.006896629616691685,3.764599599702326,0.0,0.0,0.9999999999999997
2019-08-29,0.015960046340909972,3.8246827837685466,0.0,0.0,0.9999999999999997
2019-08-30,-0.015529937905382596,3.765285697628835,0.0,0.0,0.9999999999999997
2019-09-03,-0.00307655270631102,3.753701597725761,0.0,0.0,0.9999999999999997
2019-09-04,0.003860208767875406,3.7681916695452897,0.000418237826096014,0.8364756521920279,0.9999999999999999
2019-09-05,0.007941933480160257,3.7981183971253123,0.0,0.0,0.9999999999999999
2019-09-06,0.0010845840879709634,3.8022377759030643,0.0,0.0,0.9999999999999999
2019-09-09,-0.018391486972752502,3.732308969380236,0.0,0.0,0.9999999999999999
2019-09-10,-0.016752996495979056,3.6697816102942977,0.0,0.0,0.9999999999999999
2019-09-11,0.001499588523581119,3.6752847726811444,0.0,0.0,0.9999999999999999
2019-09-12,0.008197716052127824,3.7054137136582934,0.0,0.0,0.9999999999999999
2019-09-13,-0.004924832440492133,3.6871651719958245,0.0,0.0,0.9999999999999999
2019-09-16,-0.007830649895230302,3.6582922724280387,0.0,0.0,0.9999999999999999
2019-09-17,0.01564432553093531,3.7155237876252083,0.0,0.0,0.9999999999999999
2019-09-18,0.001056564470891308,3.719449478049965,0.0,0.0,0.9999999999999999
2019-09-19,0.002042867240689583,3.7270478195420735,0.0,0.0,0.9999999999999999
2019-09-20,-0.001708293840461561,3.720680926708844,0.0,0.0,0.9999999999999999
2019-09-23,0.0012198746283993422,3.7252196909717052,0.0,0.0,0.9999999999999999
2019-09-24,-0.0046349637351831285,3.7079534327984613,0.0,0.0,0.9999999999999999
2019-09-25,-0.002495604156922626,3.698699848797894,0.0,0.0,0.9999999999999999
2019-09-26,0.003086335755591696,3.710115278390441,0.0,0.0,0.9999999999999999
2019-09-27,-0.008551143571045583,3.6783895499797947,0.0,0.0,0.9999999999999999
2019-09-30,0.010393294144807275,3.7166201345519196,0.0,0.0,0.9999999999999999
2019-10-01,-0.006788000270638306,3.6913917160727214,0.0,0.0,0.9999999999999999
2019-10-02,-0.017063253549927326,3.6284045632692714,0.00046114702233129515,0.9222940446625902,0.9999999999999997
2019-10-03,0.006278587650034195,3.651185819349542,0.0,0.0,0.9999999999999997
2019-10-04,0.014059195133741653,3.7025185532533276,0.0,0.0,0.9999999999999997
2019-10-07,-0.0044726719051267905,3.685958402541981,0.0,0.0,0.9999999999999997
2019-10-08,-0.01091265581162204,3.645734807159084,0.0,0.0,0.9999999999999997
2019-10-09,0.011181095351206372,3.6864981156631416,0.0,0.0,0.9999999999999997
2019-10-10,0.0033558372708744066,3.698869403438692,0.0,0.0,0.9999999999999997
2019-10-11,0.0012625691860164157,3.7035394819705725,0.0,0.0,0.9999999999999997
2019-10-14,-0.0034285703378553745,3.6908416363576118,0.0,0.0,0.9999999999999997
2019-10-15,0.0005631574716975507,3.692920161401979,0.0,0.0,0.9999999999999997
2019-10-16,-0.0034873591969986073,3.680041622313332,0.0,0.0,0.9999999999999997
2019-10-17,0.0038540158328865814,3.6942245609914095,0.0,0.0,0.9999999999999997
2019-10-18,0.003720038569625217,3.7079672188431547,0.0,0.0,0.9999999999999997
2019-10-21,0.0020820808742672003,3.715687506471918,0.0,0.0,0.9999999999999997
2019-10-22,-0.009250509134016927,3.681315505254147,0.0,0.0,0.9999999999999997
2019-10-23,-0.007090140660175548,3.65521446050741,0.0,0.0,0.9999999999999997
2019-10-24,0.016909270863854076,3.7170214718856056,0.0,0.0,0.9999999999999997
2019-10-25,-0.0032136756641171216,3.705076170438406,0.0,0.0,0.9999999999999997
2019-10-28,0.0014905387054191532,3.7105987298769705,0.0,0.0,0.9999999999999997
2019-10-29,0.002430716305996228,3.7196181427146913,0.0,0.0,0.9999999999999997
2019-10-30,0.004264242339885316,3.7354794958870605,0.0,0.0,0.9999999999999997
2019-10-31,-0.002785940563274636,3.725072672036188,0.0,0.0,0.9999999999999997
2019-11-01,-0.0023013348666164335,3.716500032415351,0.0,0.0,0.9999999999999997
2019-11-04,-0.014712521441898052,3.6618209459996254,0.0004129742388600421,0.8259484777200841,0.9999999999999998
2019-11-05,-0.0057505434885469775,3.6407634854023825,0.0,0.0,0.9999999999999998
2019-11-06,0.008919195528344304,3.673236166801143,0.0,0.0,0.9999999999999998
2019-11-07,-0.002964466104906416,3.6623469826893444,0.0,0.0,0.9999999999999998
2019-11-08,0.003382365230565565,3.67473437778586,0.0,0.0,0.9999999999999998
2019-11-11,0.0030897182771825182,3.6860882717566956,0.0,0.0,0.9999999999999998
2019-11-12,0.009387727728159767,3.7206922648339105,0.0,0.0,0.9999999999999998
2019-11-13,0.008679903536046973,3.752987514779985,0.0,0.0,0.9999999999999998
2019-11-14,0.004621072331136844,3.7703303415436364,0.0,0.0,0.9999999999999998
2019-11-15,0.012553425075003899,3.817660900994218,0.0,0.0,0.9999999999999998
2019-11-18,0.004675658566867025,3.835510979891345,0.0,0.0,0.9999999999999998
2019-11-19,0.0003938369514289164,3.8370215458428376,0.0,0.0,0.9999999999999998
2019-11-20,-0.00042556770974833125,3.835388633371318,0.0,0.0,0.9999999999999998
2019-11-21,-0.017975724914522373,3.7664447423575496,0.0,0.0,0.9999999999999998
2019-11-22,-0.004229306235486008,3.7505152941230833,0.0,0.0,0.9999999999999998
2019-11-25,0.00893532378078521,3.78402736262086,0.0,0.0,0.9999999999999998
2019-11-26,0.005606490940525122,3.805242477748093,0.0,0.0,0.9999999999999998
2019-11-27,0.005717703153529818,3.826999724663059,0.0,0.0,0.9999999999999998
2019-11-29,-0.0034559904309695577,3.8137736502353006,0.0,0.0,0.9999999999999998
2019-12-02,-0.012406556446964867,3.7664578521677092,0.0,0.0,0.9999999999999998
2019-12-03,-0.002188856803168382,3.758213615274145,0.00036417607941597257,0.7283521588319452,1.0
2019-12-04,0.005449398155392471,3.778693617616791,0.0,0.0,1.0
2019-12-05,0.00409353128801393,3.794161818168324,0.0,0.0,1.0
2019-12-06,6.600307903026348e-05,3.7944122445306623,0.0,0.0,1.0
2019-12-09,-0.002173129876257396,3.786166493919236,0.0,0.0,1.0
2019-12-10,0.0014443611020471536,3.7916350855289274,0.0,0.0,1.0
2019-12-11,0.008607250033120462,3.8242706367444272,0.0,0.0,1.0
2019-12-12,0.004115128879296437,3.8400080032839394,0.0,0.0,1.0
2019-12-13,0.0022850083392182974,3.8487824535941084,0.0,0.0,1.0
2019-12-16,0.005808361857356781,3.8711375747948282,0.0,0.0,1.0
2019-12-17,0.005370323374481956,3.8919268353985843,0.0,0.0,1.0
2019-12-18,-0.005256641807364293,3.871468370084425,0.0,0.0,1.0
2019-12-19,0.005273387394379547,3.891884122584967,0.0,0.0,1.0
2019-12-20,0.011143841228984153,3.935254661328658,0.0,0.0,1.0
2019-12-23,-0.0032418847182508204,3.9224970193796715,0.0,0.0,1.0
2019-12-24,0.0041195306939803,3.9386558662480526,0.0,0.0,1.0
2019-12-26,0.0014379783213829267,3.9443195679991048,0.0,0.0,1.0
2019-12-27,-0.0005404748121926595,3.9421877626213626,0.0,0.0,1.0
2019-12-30,-0.006070618773681535,3.918256243580216,0.0,0.0,1.0
2019-12-31,0.0018781005124759442,3.9256151226392957,0.0,0.0,1.0
2020-01-02,0.011033979672187444,3.9689302801033297,0.0,0.0,1.0
2020-01-03,-0.00035012142115320444,3.967540672593202,0.0002639774331428731,0.5279548662857462,0.9999999999999998
2020-01-06,-0.0009601178105619335,3.9637313661293163,0.0,0.0,0.9999999999999998
2020-01-07,0.0007982512720263735,3.9668954197343,0.0,0.0,0.9999999999999998
2020-01-08,0.0029077636373573412,3.978430213989003,0.0,0.0,0.9999999999999998
2020-01-09,0.006804396868613782,4.005501032079068,0.0,0.0,0.9999999999999998
2020-01-10,-0.0013207125027014932,4.0002109167864175,0.0,0.0,0.9999999999999998
2020-01-13,0.009481475313906751,4.038138817844348,0.0,0.0,0.9999999999999998
2020-01-14,-0.0018437255809844455,4.030693598006322,0.0,0.0,0.9999999999999998
2020-01-15,0.0025442849718579907,4.0409488311538935,0.0,0.0,0.9999999999999998
2020-01-16,0.00984163847409425,4.080718388642424,0.0,0.0,0.9999999999999998
2020-01-17,0.004682251123655723,4.099825336902968,0.0,0.0,0.9999999999999998
2020-01-21,-0.0014175155673288309,4.094013770664579,0.0,0.0,0.9999999999999998
2020-01-22,0.0028188171034175813,4.105554046702955,0.0,0.0,0.9999999999999998
2020-01-23,0.002949986040261532,4.117665373828268,0.0,0.0,0.9999999999999998
2020-01-24,-0.01114056740797309,4.071792245167657,0.0,0.0,0.9999999999999998
2020-01-27,-0.015201917028242362,4.009893197300378,0.0,0.0,0.9999999999999998
2020-01-28,0.013670615170854994,4.0647109040769,0.0,0.0,0.9999999999999998
2020-01-29,-0.005256640465313822,4.043344180258727,0.0,0.0,0.9999999999999998
2020-01-30,0.0063261558137164275,4.068923005551528,0.0,0.0,0.9999999999999998
2020-01-31,-0.023408751936522476,3.973674596265763,0.0,0.0,0.9999999999999998
2020-02-03,0.01166461026742227,4.020025961760759,0.0,0.0,0.9999999999999998
2020-02-04,0.017724616809718707,4.09127938149809,0.00031697139320730074,0.6339427864146014,0.9999999999999996
2020-02-05,0.0031306950118850096,4.104087929449975,0.0,0.0,0.9999999999999996
2020-02-06,0.0029017428744206875,4.115996937355252,0.0,0.0,0.9999999999999996
2020-02-07,-0.004480699731928106,4.097554390981427,0.0,0.0,0.9999999999999996
2020-02-10,0.012522112659730356,4.14886442869467,0.0,0.0,0.9999999999999996
2020-02-11,0.0036298527713540807,4.163924195739139,0.0,0.0,0.9999999999999996
2020-02-12,0.008822921781700188,4.2006621732230744,0.0,0.0,0.9999999999999996
2020-02-13,0.003584532268731344,4.215719582333032,0.0,0.0,0.9999999999999996
2020-02-14,0.004623779802035655,4.235212141388869,0.0,0.0,0.9999999999999996
2020-02-18,-0.003427380865476337,4.22069645633424,0.0,0.0,0.9999999999999996
2020-02-19,0.006753243228012407,4.249199846095475,0.0,0.0,0.9999999999999996
2020-02-20,-0.006450798670961544,4.221789113375633,0.0,0.0,0.9999999999999996
2020-02-21,-0.014602579350517897,4.1601401028464124,0.0,0.0,0.9999999999999996
2020-02-24,-0.034136515544851864,4.018127415556834,0.0,0.0,0.9999999999999996
2020-02-25,-0.035098446131282324,3.8770973869132836,0.0,0.0,0.9999999999999996
2020-02-26,-0.0031585668735729655,3.864851315541363,0.0,0.0,0.9999999999999996
2020-02-27,-0.04223099857690371,3.7016347851347913,0.0,0.0,0.9999999999999996
2020-02-28,-0.007156094659109047,3.675145536218916,0.0,0.0,0.9999999999999996
2020-03-02,0.045158828665626816,3.8411108038102695,0.0,0.0,0.9999999999999996
2020-03-03,-0.0166287621693888,3.7772378857874385,0.0003093470821134933,0.6186941642269866,0.9999999999999997
2020-03-04,0.05251424011776629,3.9755966631036035,0.0,0.0,0.9999999999999997
2020-03-05,-0.033799334463634034,3.8412241417948576,0.0,0.0,0.9999999999999997
2020-03-06,-0.018118502470658382,3.771626912691395,0.0,0.0,0.9999999999999997
2020-03-09,-0.07589839081321392,3.4853664992703077,0.0,0.0,0.9999999999999997
2020-03-10,0.04879929054561871,3.655449911726165,0.0,0.0,0.9999999999999997
2020-03-11,-0.0498373918567081,3.473271822062899,0.0,0.0,0.9999999999999997
2020-03-12,-0.09968359383761849,3.127043604464736,0.0,0.0,0.9999999999999996
2020-03-13,0.07904326930289485,3.374215354214337,0.0,0.0,0.9999999999999996
2020-03-16,-0.1297481238654633,2.936417242486987,0.0,0.0,0.9999999999999996
2020-03-17,0.058602813685273425,3.108499555050676,0.0,0.0,0.9999999999999996
2020-03-18,-0.06233221651215837,2.9147398877573094,0.0,0.0,0.9999999999999996
2020-03-19,0.0005537683262266668,2.9163539783863386,0.0,0.0,0.9999999999999996
2020-03-20,-0.03483063105108841,2.8147755289507903,0.0,0.0,0.9999999999999996
2020-03-23,-0.017016668746821395,2.7668774261779756,0.0,0.0,0.9999999999999996
2020-03-24,0.10795803360529854,3.065584072335039,0.0,0.0,0.9999999999999996
2020-03-25,0.01811300307153929,3.121111006053306,0.0,0.0,0.9999999999999996
2020-03-26,0.06773162227338081,3.3325089177886,0.0,0.0,0.9999999999999996
2020-03-27,-0.02888978972946843,3.236233435882109,0.0,0.0,0.9999999999999996
2020-03-30,0.02921398575448464,3.330776713376156,0.0,0.0,0.9999999999999996
2020-03-31,-0.029156528133491677,3.233662828426225,0.0,0.0,0.9999999999999996
2020-04-01,-0.04547250599164976,3.0866200760856386,0.0,0.0,0.9999999999999996
2020-04-02,0.018009981475462178,3.1422100464777305,0.0004747212701109944,0.9494425402219888,0.9999999999999999
2020-04-03,-0.01411493373270245,3.0978579598974654,0.0,0.0,0.9999999999999999
2020-04-06,0.08009250874331597,3.345973175636104,0.0,0.0,0.9999999999999999
2020-04-07,-0.012583143170270539,3.30387031612319,0.0,0.0,0.9999999999999999
2020-04-08,0.03567628297387504,3.4217401284301867,0.0,0.0,0.9999999999999999
2020-04-09,0.02587270197628655,3.5102697910133616,0.0,0.0,0.9999999999999999
2020-04-13,-0.01619275296824385,3.453428859435593,0.0,0.0,0.9999999999999999
2020-04-14,0.03649756986888253,3.579470620520059,0.0,0.0,0.9999999999999999
2020-04-15,-0.0184760040053088,3.513336306998445,0.0,0.0,0.9999999999999999
2020-04-16,0.01517222594045231,3.56664143925302,0.0,0.0,0.9999999999999999
2020-04-17,0.024235817388853054,3.6530819098662723,0.0,0.0,0.9999999999999999
2020-04-20,-0.020912172165454934,3.57668803203264,0.0,0.0,0.9999999999999999
2020-04-21,-0.03187159089139602,3.462693294329543,0.0,0.0,0.9999999999999999
2020-04-22,0.023755083780560682,3.5449498636427275,0.0,0.0,0.9999999999999999
2020-04-23,-0.0033450164137721616,3.533091948162843,0.0,0.0,0.9999999999999999
2020-04-24,0.015808339597545906,3.5889442655087564,0.0,0.0,0.9999999999999999
2020-04-27,0.01738364019513905,3.651333181300768,0.0,0.0,0.9999999999999999
2020-04-28,0.0014002150557754778,3.656445832994878,0.0,0.0,0.9999999999999999
2020-04-29,0.01161429237741074,3.698912863961446,0.0,0.0,0.9999999999999999
2020-04-30,-0.01784045163685155,3.6329225879030136,0.0,0.0,0.9999999999999999
2020-05-01,-0.019402294849872437,3.562435552685758,0.0,0.0,0.9999999999999999
2020-05-04,0.012001851942277542,3.6051913767429977,0.0005649550699100518,1.1299101398201037,0.9999999999999998
2020-05-05,0.014036928661086856,3.6557971909079043,0.0,0.0,0.9999999999999998
2020-05-06,-0.007530005332972545,3.6282690185641018,0.0,0.0,0.9999999999999998
2020-05-07,0.009412333303530751,3.662419495881702,0.0,0.0,0.9999999999999998
2020-05-08,0.012925827865069905,3.7097592998551447,0.0,0.0,0.9999999999999998
2020-05-11,0.01591709774824257,3.768807901253391,0.0,0.0,0.9999999999999998
2020-05-12,-0.019589016071550502,3.694980662705152,0.0,0.0,0.9999999999999998
2020-05-13,-0.0013076355028206477,3.6901489748083627,0.0,0.0,0.9999999999999998
2020-05-14,0.005250910760601801,3.7095256177684073,0.0,0.0,0.9999999999999998
2020-05-15,0.009445027386743687,3.7445621888200575,0.0,0.0,0.9999999999999998
2020-05-18,0.007895743320114557,3.774128290709187,0.0,0.0,0.9999999999999998
2020-05-19,-0.004757357880314728,3.756173411744063,0.0,0.0,0.9999999999999998
2020-05-20,0.005741953568261904,3.777741185068637,0.0,0.0,0.9999999999999998
2020-05-21,-0.01760358135955986,3.7112394107619213,0.0,0.0,0.9999999999999998
2020-05-22,0.012071765248081956,3.756040621708069,0.0,0.0,0.9999999999999998
2020-05-26,-0.019280021393580316,3.683624078166381,0.0,0.0,0.9999999999999998
2020-05-27,0.01629953898098635,3.743665452419754,0.0,0.0,0.9999999999999998
2020-05-28,0.010508597001805509,3.783006123968815,0.0,0.0,0.9999999999999998
2020-05-29,0.01968271119372611,3.857465940950991,0.0,0.0,0.9999999999999998
2020-06-01,-0.00219988149476269,3.8489799730108154,0.0,0.0,0.9999999999999998
2020-06-02,-0.00044461164387454843,3.847268671697775,0.00036457113458981315,0.7291422691796262,0.9999999999999998
2020-06-03,-0.00436275838426381,3.83048396804381,0.0,0.0,0.9999999999999998
2020-06-04,-0.014228299774332154,3.7759826938657093,0.0,0.0,0.9999999999999998
2020-06-05,0.007535723501737701,3.8044374553940283,0.0,0.0,0.9999999999999998
2020-06-08,0.004939518059137837,3.8232295429098078,0.0,0.0,0.9999999999999998
2020-06-09,0.010152602590572268,3.8620452730715065,0.0,0.0,0.9999999999999998
2020-06-10,0.007843200788200777,3.8923360696013276,0.0,0.0,0.9999999999999998
2020-06-11,-0.04278568778882519,3.725799793758182,0.0,0.0,0.9999999999999998
2020-06-12,0.008669427443537714,3.758100344739317,0.0,0.0,0.9999999999999998
2020-06-15,0.016816162068721274,3.82129716920697,0.0,0.0,0.9999999999999998
2020-06-16,0.00884138308698712,3.8550827213691488,0.0,0.0,0.9999999999999998
2020-06-17,0.005211059309156774,3.875171786071909,0.0,0.0,0.9999999999999998
2020-06-18,-0.004624448124687652,3.857251255172966,0.0,0.0,0.9999999999999998
2020-06-19,0.011144865772075407,3.900239802661038,0.0,0.0,0.9999999999999998
2020-06-22,0.006048571519846613,3.923830682051986,0.0,0.0,0.9999999999999998
2020-06-23,-0.000522583099349605,3.9217801544528363,0.0,0.0,0.9999999999999998
2020-06-24,-0.01701872101852675,3.8550364721082087,0.0,0.0,0.9999999999999998
2020-06-25,0.011480830429611233,3.89929549214445,0.0,0.0,0.9999999999999998
2020-06-26,-0.01721200514641219,3.832180798066278,0.0,0.0,0.9999999999999998
2020-06-29,0.008207662250013348,3.8636340437377923,0.0,0.0,0.9999999999999998
2020-06-30,0.01834675499466276,3.934519190927288,0.0,0.0,0.9999999999999998
2020-07-01,0.0062641547558774935,3.9591656280292264,0.0,0.0,0.9999999999999998
2020-07-02,0.0009922244036615346,3.9630940087834947,0.0001705968949281932,0.3411937898563864,0.9999999999999998
2020-07-06,0.015123241368248275,4.023028836043387,0.0,0.0,0.9999999999999998
2020-07-07,0.0019323446534693645,4.030802714305468,0.0,0.0,0.9999999999999998
2020-07-08,0.008741735534657069,4.066038925626304,0.0,0.0,0.9999999999999998
2020-07-09,0.00978483137308217,4.105824430869946,0.0,0.0,0.9999999999999998
2020-07-10,-0.0034936973338487443,4.091479923002565,0.0,0.0,0.9999999999999998
2020-07-13,-0.025791139494980353,3.985955993567494,0.0,0.0,0.9999999999999998
2020-07-14,0.02223653235468781,4.074589832982819,0.0,0.0,0.9999999999999998
2020-07-15,0.0014390105200241532,4.080453210617265,0.0,0.0,0.9999999999999998
2020-07-16,-0.005619689963102803,4.057522328664649,0.0,0.0,0.9999999999999998
2020-07-17,0.007832676742861366,4.0893035894420215,0.0,0.0,0.9999999999999998
2020-07-20,0.014286188679082157,4.147724152086838,0.0,0.0,0.9999999999999998
2020-07-21,-0.008042440146545426,4.114366328849299,0.0,0.0,0.9999999999999998
2020-07-22,0.011804775797402023,4.162935500909746,0.0,0.0,0.9999999999999998
2020-07-23,-0.01565117850935871,4.097780654262061,0.0,0.0,0.9999999999999998
2020-07-24,0.007679197662932236,4.129248321885479,0.0,0.0,0.9999999999999998
2020-07-27,0.010841182380805892,4.174014256038676,0.0,0.0,0.9999999999999998
2020-07-28,-0.008434427163458214,4.138808836816882,0.0,0.0,0.9999999999999998
2020-07-29,0.02126942878677296,4.226838936633625,0.0,0.0,0.9999999999999998
2020-07-30,-0.0016402594973922158,4.219905823923864,0.0,0.0,0.9999999999999998
2020-07-31,0.010152410401625511,4.262748039704548,0.0,0.0,0.9999999999999998
2020-08-03,0.006063653749273312,4.28859586783771,0.0,0.0,0.9999999999999998
2020-08-04,0.01224857671847146,4.34112506333944,0.0003641584190187815,0.728316838037563,0.9999999999999998
2020-08-05,0.0005564805774267434,4.3435408151213695,0.0,0.0,0.9999999999999998
2020-08-06,0.002088060126470115,4.35261038950512,0.0,0.0,0.9999999999999998
2020-08-07,-0.003133267012466301,4.338972498953566,0.0,0.0,0.9999999999999998
2020-08-10,-0.011247890526328685,4.290168211288585,0.0,0.0,0.9999999999999998
2020-08-11,-0.02491231678863337,4.183290181732439,0.0,0.0,0.9999999999999998
2020-08-12,0.02687908275463835,4.2957331847138915,0.0,0.0,0.9999999999999998
2020-08-13,0.0030079781108147685,4.308654656103411,0.0,0.0,0.9999999999999998
2020-08-14,-0.001214612169177287,4.303421311725326,0.0,0.0,0.9999999999999998
2020-08-17,0.01972544804896459,4.388308225242571,0.0,0.0,0.9999999999999998
2020-08-18,0.00025994352045666247,4.38944893753149,0.0,0.0,0.9999999999999998
2020-08-19,0.00222792276779038,4.39922829075747,0.0,0.0,0.9999999999999998
2020-08-20,0.004647768081283532,4.419674883589532,0.0,0.0,0.9999999999999998
2020-08-21,0.0030621968635708985,4.433208798156063,0.0,0.0,0.9999999999999998
2020-08-24,-0.001598483462813327,4.4261223872050115,0.0,0.0,0.9999999999999998
2020-08-25,0.006497667207002067,4.454881857494532,0.0,0.0,0.9999999999999998
2020-08-26,0.011771369468691395,4.50732191777847,0.0,0.0,0.9999999999999998
2020-08-27,-0.00890590044127526,4.467180157521957,0.0,0.0,0.9999999999999998
2020-08-28,0.000626951975033041,4.469980864944544,0.0,0.0,0.9999999999999998
2020-08-31,0.015368526129010851,4.538677882663623,0.0,0.0,0.9999999999999998
2020-09-01,0.005813042769305499,4.565061411311647,0.0,0.0,0.9999999999999998
2020-09-02,0.015936177135423835,4.637811038596397,0.0003340846066341954,0.6681692132683907,0.9999999999999998
2020-09-03,-0.04763696252640748,4.416879807946222,0.0,0.0,0.9999999999999998
2020-09-04,-0.01674837960331821,4.342904228260507,0.0,0.0,0.9999999999999998
2020-09-08,-0.024128821060959815,4.238115069251924,0.0,0.0,0.9999999999999998
2020-09-09,0.030843387725763227,4.368832895559261,0.0,0.0,0.9999999999999998
2020-09-10,-0.0204755890219811,4.279378468684078,0.0,0.0,0.9999999999999998
2020-09-11,-0.005069550689034474,4.257683942619521,0.0,0.0,0.9999999999999998
2020-09-14,0.012760493494937686,4.312014090872818,0.0,0.0,0.9999999999999998
2020-09-15,0.0066240643695434365,4.340577149773138,0.0,0.0,0.9999999999999998
2020-09-16,-0.007965859575634449,4.306000721720837,0.0,0.0,0.9999999999999998
2020-09-17,-0.007616317423867591,4.273204853396808,0.0,0.0,0.9999999999999998
2020-09-18,-0.005653473677565857,4.249046402239283,0.0,0.0,0.9999999999999998
2020-09-21,0.0007494134392314056,4.2522306947170385,0.0,0.0,0.9999999999999998
2020-09-22,0.016938378587790126,4.324256588066778,0.0,0.0,0.9999999999999998
2020-09-23,-0.029980602594537054,4.194612769783139,0.0,0.0,0.9999999999999998
2020-09-24,0.005273959370836412,4.216734987107366,0.0,0.0,0.9999999999999998
2020-09-25,0.016920180364159654,4.288082903637085,0.0,0.0,0.9999999999999998
2020-09-28,0.016819117299349262,4.360204672982691,0.0,0.0,0.9999999999999998
2020-09-29,0.0010893821361674938,4.364954602063473,0.0,0.0,0.9999999999999998
2020-09-30,0.010131102923944368,4.409176406395322,0.0,0.0,0.9999999999999998
2020-10-01,0.011124420372679245,4.458225938237363,0.0,0.0,0.9999999999999998
2020-10-02,-0.017039489744469227,4.382260043084241,0.0003210576846685047,0.6421153693370094,1.0
2020-10-05,0.020859671244995548,4.473672546893058,0.0,0.0,1.0
2020-10-06,-0.020428886467278806,4.382280398340797,0.0,0.0,1.0
2020-10-07,0.023149917345010484,4.483729827345046,0.0,0.0,1.0
2020-10-08,-0.0014713694265647836,4.477132604360114,0.0,0.0,1.0
2020-10-09,0.006580761288776715,4.506595545287607,0.0,0.0,1.0
2020-10-12,0.015655558595619512,4.577148815913615,0.0,0.0,1.0
2020-10-13,0.006831137451388747,4.608415948610582,0.0,0.0,1.0
2020-10-14,-0.006652564377203074,4.577758164835521,0.0,0.0,1.0
2020-10-15,-0.010920649642991664,4.527766071767007,0.0,0.0,1.0
2020-10-16,-0.0016654777492580708,4.520225178120634,0.0,0.0,1.0
2020-10-19,-0.012364705006313814,4.46433392723106,0.0,0.0,1.0
2020-10-20,0.0034289890561534087,4.479642079410549,0.0,0.0,1.0
2020-10-21,-0.004808484385544931,4.4581017904188736,0.0,0.0,1.0
2020-10-22,0.01238795458410169,4.5133285529298846,0.0,0.0,1.0
2020-10-23,0.01309765633230442,4.572442579230937,0.0,0.0,1.0
2020-10-26,-0.015744142182671506,4.500453393141424,0.0,0.0,1.0
2020-10-27,0.0008298482835986665,4.504188086665138,0.0,0.0,1.0
2020-10-28,-0.03866046056836492,4.3300541007481215,0.0,0.0,1.0
2020-10-29,0.014615930962899704,4.393341872550277,0.0,0.0,1.0
2020-10-30,-0.027343605671923843,4.2732120648053105,0.0,0.0,1.0
2020-11-02,0.011290583882002103,4.3214591240685785,0.0,0.0,1.0
2020-11-03,0.01739377112566043,4.396625595001524,0.0002814466999515305,0.562893399903061,0.9999999999999998
2020-11-04,0.02774228268139378,4.518598025102308,0.0,0.0,0.9999999999999998
2020-11-05,0.02379630894355156,4.626123979699364,0.0,0.0,0.9999999999999998
2020-11-06,0.01068401793001117,4.675549571244926,0.0,0.0,0.9999999999999998
2020-11-09,-0.050997087703952726,4.43711015969597,0.0,0.0,0.9999999999999998
2020-11-10,-0.012863055320289862,4.38003536624958,0.0,0.0,0.9999999999999998
2020-11-11,0.026028284172089355,4.494040171446126,0.0,0.0,0.9999999999999998
2020-11-12,-0.0059319276153940725,4.467381850448434,0.0,0.0,0.9999999999999998
2020-11-13,0.003950645705055766,4.485030893368752,0.0,0.0,0.9999999999999998
2020-11-16,0.008328209087208771,4.522383168411318,0.0,0.0,0.9999999999999998
2020-11-17,-0.001962396535128641,4.513508459351104,0.0,0.0,0.9999999999999998
2020-11-18,-0.01151429743345933,4.4615385804817,0.0,0.0,0.9999999999999998
2020-11-19,0.005732332272444296,4.487113602071351,0.0,0.0,0.9999999999999998
2020-11-20,-0.00413769493512417,4.468547294846734,0.0,0.0,0.9999999999999998
2020-11-23,0.004326379048147588,4.487879924238816,0.0,0.0,0.9999999999999998
2020-11-24,-0.003338328726375961,4.472897905767203,0.0,0.0,0.9999999999999998
2020-11-25,0.009483034034785343,4.5153145488417135,0.0,0.0,0.9999999999999998
2020-11-27,0.004759750100242766,4.536806317718191,0.0,0.0,0.9999999999999998
2020-11-30,0.007853900447422957,4.572437942886789,0.0,0.0,0.9999999999999998
2020-12-01,0.008597356641392606,4.611748822602422,0.0,0.0,0.9999999999999998
2020-12-02,-0.000526021973550006,4.60932294138524,0.0002788346957609724,0.5576693915219447,0.9999999999999998
2020-12-03,-0.0036443000186721086,4.592525185703884,0.0,0.0,0.9999999999999998
2020-12-04,0.004189856243369983,4.611767206026039,0.0,0.0,0.9999999999999998
2020-12-07,0.004404076182622729,4.632077780137899,0.0,0.0,0.9999999999999998
2020-12-08,-7.25632930254072e-05,4.631741661320622,0.0,0.0,0.9999999999999998
2020-12-09,-0.014060306565780278,4.566617953628958,0.0,0.0,0.9999999999999998
2020-12-10,0.004374570267006828,4.586594944749683,0.0,0.0,0.9999999999999998
2020-12-11,-0.0021453191039706443,4.576755234992536,0.0,0.0,0.9999999999999998
2020-12-14,0.00214039494698004,4.586551298771078,0.0,0.0,0.9999999999999998
2020-12-15,0.014183707428940817,4.651605600500676,0.0,0.0,0.9999999999999998
2020-12-16,0.007100020487901038,4.684632095565866,0.0,0.0,0.9999999999999998
2020-12-17,0.009696925623015273,4.730058624567758,0.0,0.0,0.9999999999999998
2020-12-18,-0.0008490432857359842,4.726042600051431,0.0,0.0,0.9999999999999998
2020-12-21,-0.0023144797408344298,4.715104270199292,0.0,0.0,0.9999999999999998
2020-12-22,0.003931042554791819,4.733639545735726,0.0,0.0,0.9999999999999998
2020-12-23,-0.009622101273092487,4.6880919866363415,0.0,0.0,0.9999999999999998
2020-12-24,0.0025170144068431544,4.699891981707311,0.0,0.0,0.9999999999999998
2020-12-28,-0.0015661484370852463,4.692531253225691,0.0,0.0,0.9999999999999998
2020-12-29,-0.002308476342756438,4.681698655839974,0.0,0.0,0.9999999999999998
2020-12-30,0.004142757874729508,4.701093799813566,0.0,0.0,0.9999999999999998
2020-12-31,0.0025436871629587188,4.713051911764016,0.0,0.0,0.9999999999999998
2021-01-04,-0.0068942858898303205,4.680558784470704,0.0,0.0,0.9999999999999998
2021-01-05,0.014044546801416091,4.746295111375982,0.00031575849886753715,0.6315169977350743,0.9999999999999997
2021-01-06,-0.004445776756815123,4.725194142888841,0.0,0.0,0.9999999999999997
2021-01-07,0.021681755257856983,4.827644645840817,0.0,0.0,0.9999999999999997
2021-01-08,0.010489767566609354,4.878285516069873,0.0,0.0,0.9999999999999997
2021-01-11,-0.007033617261492542,4.843973522857555,0.0,0.0,0.9999999999999997
2021-01-12,-0.004310398213070554,4.823094068040469,0.0,0.0,0.9999999999999997
2021-01-13,0.0031068144835777467,4.838078526546715,0.0,0.0,0.9999999999999997
2021-01-14,-0.006466094264766076,4.8067950547337235,0.0,0.0,0.9999999999999997
2021-01-15,-0.009246883548257534,4.76234718062226,0.0,0.0,0.9999999999999997
2021-01-19,0.011084223864278764,4.815134102891694,0.0,0.0,0.9999999999999997
2021-01-20,0.021913361057555925,4.920649875028911,0.0,0.0,0.9999999999999997
2021-01-21,0.002522920321808897,4.933064282595128,0.0,0.0,0.9999999999999997
2021-01-22,-0.0030164485074881675,4.91818394820255,0.0,0.0,0.9999999999999997
2021-01-25,-0.002844141486798568,4.904195937195761,0.0,0.0,0.9999999999999997
2021-01-26,-0.010326092870493575,4.85355475449318,0.0,0.0,0.9999999999999997
2021-01-27,-0.03895193337047931,4.6644994130861885,0.0,0.0,0.9999999999999997
2021-01-28,0.024497056354001456,4.778765918071768,0.0,0.0,0.9999999999999997
2021-01-29,-0.00906524082350002,4.735445254185313,0.0,0.0,0.9999999999999997
2021-02-01,0.023263048366074512,4.845606146168324,0.0,0.0,0.9999999999999997
2021-02-02,0.01843178363093312,4.934919310215218,0.00026880698017049285,0.5376139603409856,1.0
2021-02-03,-0.010495461676772844,4.8831250537168875,0.0,0.0,1.0
2021-02-04,0.012228364178468842,4.942837685202743,0.0,0.0,1.0
2021-02-05,0.008607021717496721,4.9853807965053445,0.0,0.0,1.0
2021-02-08,0.01288490274651033,5.049616943222636,0.0,0.0,1.0
2021-02-09,-0.0015398075931788435,5.041841504710818,0.0,0.0,1.0
2021-02-10,-0.003430638642364814,5.024544768416078,0.0,0.0,1.0
2021-02-11,0.0016353060433735855,5.03276143684107,0.0,0.0,1.0
2021-02-12,0.01039107013696583,5.0850572139139025,0.0,0.0,1.0
2021-02-16,-0.0023549644285975058,5.073082085057752,0.0,0.0,1.0
2021-02-17,-0.006844983861515663,5.038356920057388,0.0,0.0,1.0
2021-02-18,-0.012192985760533404,4.976924305874643,0.0,0.0,1.0
2021-02-19,0.012513916544395487,5.039205121286132,0.0,0.0,1.0
2021-02-22,-0.017444406174637828,4.951299180353102,0.0,0.0,1.0
2021-02-23,-0.010188062382314844,4.90085503543016,0.0,0.0,1.0
2021-02-24,0.014833099074998524,4.973549903722901,0.0,0.0,1.0
2021-02-25,-0.03321188623997395,4.808368930111623,0.0,0.0,1.0
2021-02-26,0.004220252097742572,4.828661459175647,0.0,0.0,1.0
2021-03-01,0.0251025399070528,4.9498731261522515,0.0,0.0,1.0
2021-03-02,-0.014307676957534876,4.879051940482482,0.0002851995074945549,0.5703990149891097,0.9999999999999997
2021-03-03,-0.027483095804987867,4.74496048856469,0.0,0.0,0.9999999999999997
2021-03-04,-0.029056238355730013,4.607089785620433,0.0,0.0,0.9999999999999997
2021-03-05,0.014155385023056244,4.672304915371679,0.0,0.0,0.9999999999999997
2021-03-08,-0.019968027782329423,4.579008201014023,0.0,0.0,0.9999999999999997
2021-03-09,0.03417419886495776,4.735492137879749,0.0,0.0,0.9999999999999997
2021-03-10,0.0022916310761236236,4.746344138823654,0.0,0.0,0.9999999999999997
2021-03-11,0.03397806070388576,4.907615708094136,0.0,0.0,0.9999999999999997
2021-03-12,-0.00019759718565470763,4.906645977041942,0.0,0.0,0.9999999999999997
2021-03-15,0.0096052535465041,4.953775555714364,0.0,0.0,0.9999999999999997
2021-03-16,-0.008199534202324,4.913156903614647,0.0,0.0,0.9999999999999997
2021-03-17,0.0009325380747529088,4.917738609494503,0.0,0.0,0.9999999999999997
2021-03-18,-0.019034735476948117,4.8241307559180004,0.0,0.0,0.9999999999999997
2021-03-19,0.007402312305547332,4.859840478376102,0.0,0.0,0.9999999999999997
2021-03-22,0.011861308395899162,4.917484545044995,0.0,0.0,0.9999999999999997
2021-03-23,-0.021240318473515818,4.813035607219647,0.0,0.0,0.9999999999999997
2021-03-24,-0.029509129080337093,4.671007118217944,0.0,0.0,0.9999999999999997
2021-03-25,0.0024100856097737378,4.682264645256712,0.0,0.0,0.9999999999999997
2021-03-26,0.009237656728450228,4.725517798761352,0.0,0.0,0.9999999999999997
2021-03-29,-0.01250793275619011,4.666411339896266,0.0,0.0,0.9999999999999997
2021-03-30,0.004835021129703465,4.688973537324552,0.0,0.0,0.9999999999999997
2021-03-31,0.0128044468018913,4.7490132495387,0.0,0.0,0.9999999999999997
2021-04-01,0.013664303977837244,4.813905210175173,0.0,0.0,0.9999999999999997
2021-04-05,0.001049226580790208,4.818956087479093,0.0006700221221873353,1.3400442443746705,0.9999999999999998
2021-04-06,0.0066081692693606975,4.850800565006772,0.0,0.0,0.9999999999999998
2021-04-07,-0.006094771852836356,4.821236042259446,0.0,0.0,0.9999999999999998
2021-04-08,0.0009862066782071466,4.825990777441535,0.0,0.0,0.9999999999999998
2021-04-09,0.002709937730806411,4.839068911937848,0.0,0.0,0.9999999999999998
2021-04-12,-0.007369177632290391,4.803408953550884,0.0,0.0,0.9999999999999998
2021-04-13,0.0007384031834869464,4.806955806013775,0.0,0.0,0.9999999999999998
2021-04-14,0.008674084237675572,4.848651745601922,0.0,0.0,0.9999999999999998
2021-04-15,-0.0004829335021876435,4.84631016923353,0.0,0.0,0.9999999999999998
2021-04-16,-0.0005931183888466807,4.843435733554103,0.0,0.0,0.9999999999999998
2021-04-19,-0.008931345142664027,4.800177337341419,0.0,0.0,0.9999999999999998
2021-04-20,-0.02774176097421932,4.667011965015029,0.0,0.0,0.9999999999999998
2021-04-21,0.03175646253429676,4.815219755629144,0.0,0.0,0.9999999999999998
2021-04-22,-0.013299116971145053,4.751181584857264,0.0,0.0,0.9999999999999998
2021-04-23,0.023091018324965296,4.860891205898441,0.0,0.0,0.9999999999999998
2021-04-26,0.017842043633979676,4.947619438894109,0.0,0.0,0.9999999999999998
2021-04-27,0.0015259486944505518,4.9551692523175275,0.0,0.0,0.9999999999999998
2021-04-28,0.00917501635406115,5.000633011244681,0.0,0.0,0.9999999999999998
2021-04-29,-0.002986824332794513,4.98569699888732,0.0,0.0,0.9999999999999998
2021-04-30,-0.0068022739399770105,4.951782922119167,0.0,0.0,0.9999999999999998
2021-05-03,0.001759971407372607,4.960497918477613,0.0,0.0,0.9999999999999998
2021-05-04,-0.009124120371199251,4.91523773836834,0.00041955049956939457,0.8391009991387891,0.9999999999999997
2021-05-05,0.010071485064471197,4.964741481838642,0.0,0.0,0.9999999999999997
2021-05-06,0.0006276641088984736,4.967857671876752,0.0,0.0,0.9999999999999997
2021-05-07,0.021398239845618283,5.074161081858465,0.0,0.0,0.9999999999999997
2021-05-10,-0.028024665185785724,4.9319594164406375,0.0,0.0,0.9999999999999997
2021-05-11,-0.006123225711633817,4.9017599157331535,0.0,0.0,0.9999999999999997
2021-05-12,-0.03811164556393698,4.714945779185218,0.0,0.0,0.9999999999999997
2021-05-13,0.014923423873003827,4.7853089135862295,0.0,0.0,0.9999999999999997
2021-05-14,0.02481790239358106,4.904070243126746,0.0,0.0,0.9999999999999997
2021-05-17,-0.005174603220729601,4.878693625451978,0.0,0.0,0.9999999999999997
2021-05-18,-0.0055040875059081396,4.851840868822975,0.0,0.0,0.9999999999999997
2021-05-19,-0.004181633072561031,4.831552250583101,0.0,0.0,0.9999999999999997
2021-05-20,0.017130021906521797,4.914316846478094,0.0,0.0,0.9999999999999997
2021-05-21,0.0011107555704175098,4.919775451290116,0.0,0.0,0.9999999999999997
2021-05-24,0.016540561294815515,5.001151298698908,0.0,0.0,0.9999999999999997
2021-05-25,-0.0019010091434379373,4.991644064352365,0.0,0.0,0.9999999999999997
2021-05-26,0.010687756190539854,5.044993539102119,0.0,0.0,0.9999999999999997
2021-05-27,0.013392875942187743,5.112560511700453,0.0,0.0,0.9999999999999997
2021-05-28,-0.005940669896965178,5.082188477372181,0.0,0.0,0.9999999999999997
2021-06-01,0.00908602950180315,5.128365391811309,0.0,0.0,0.9999999999999997
2021-06-02,-0.007731883649292781,5.088713467290765,0.00027351398696037825,0.5470279739207565,0.9999999999999997
2021-06-03,-0.00733927847199245,5.0513659820901395,0.0,0.0,0.9999999999999997
2021-06-04,0.009419630758197073,5.098947984465946,0.0,0.0,0.9999999999999997
2021-06-07,-0.0013699837860142727,5.0919625084014974,0.0,0.0,0.9999999999999997
2021-06-08,0.004555606663629863,5.115159486735725,0.0,0.0,0.9999999999999997
2021-06-09,-0.013704282937525125,5.045059893858933,0.0,0.0,0.9999999999999997
2021-06-10,-0.0027451588923853576,5.031210402828689,0.0,0.0,0.9999999999999997
2021-06-11,0.005756555776303296,5.06017284613489,0.0,0.0,0.9999999999999997
2021-06-14,-0.007555438200638975,5.021941022911366,0.0,0.0,0.9999999999999997
2021-06-15,-0.00017821341896606668,5.021046045631827,0.0,0.0,0.9999999999999997
2021-06-16,-0.005450568020462732,4.993678492626236,0.0,0.0,0.9999999999999997
2021-06-17,-0.0174761343086689,4.906408296594789,0.0,0.0,0.9999999999999997
2021-06-18,-0.01485112915082698,4.833542593315371,0.0,0.0,0.9999999999999997
2021-06-21,0.024925567795890613,4.954021386919377,0.0,0.0,0.9999999999999997
2021-06-22,0.0024457260588131025,4.966137566121284,0.0,0.0,0.9999999999999997
2021-06-23,0.013467322881639099,5.033018144198877,0.0,0.0,0.9999999999999997
2021-06-24,0.011601015038308793,5.091406263377809,0.0,0.0,0.9999999999999997
2021-06-25,-0.0006295573999892667,5.088200930888348,0.0,0.0,0.9999999999999997
2021-06-28,-0.001171744744620784,5.082238858188005,0.0,0.0,0.9999999999999997
2021-06-29,-0.0019339005020504452,5.072410313908615,0.0,0.0,0.9999999999999997
2021-06-30,0.006350361469698251,5.1046219529245604,0.0,0.0,0.9999999999999997
2021-07-01,0.0026958128261092007,5.118383058257693,0.0,0.0,0.9999999999999997
2021-07-02,-0.0013547035578013178,5.111449166518481,0.0003201781193288215,0.6403562386576429,0.9999999999999998
2021-07-06,-0.021604486864507333,5.001018930141836,0.0,0.0,0.9999999999999998
2021-07-07,-0.0014388414298586172,4.9938232569136405,0.0,0.0,0.9999999999999998
2021-07-08,-0.01317316326494733,4.928038807834026,0.0,0.0,0.9999999999999998
2021-07-09,0.02953785997213232,5.073602528077061,0.0,0.0,0.9999999999999998
2021-07-12,0.012815458877094343,5.1386230726343545,0.0,0.0,0.9999999999999998
2021-07-13,-0.01141317935924635,5.079975045846817,0.0,0.0,0.9999999999999998
2021-07-14,-0.014041035781328093,5.008646934459828,0.0,0.0,0.9999999999999998
2021-07-15,-0.00784527643462607,4.969352714695549,0.0,0.0,0.9999999999999998
2021-07-16,-0.0219943620581462,4.860054971893903,0.0,0.0,0.9999999999999998
2021-07-19,-0.02116499776972469,4.757191919253029,0.0,0.0,0.9999999999999998
2021-07-20,0.03723335321378718,4.934318126288351,0.0,0.0,0.9999999999999998
2021-07-21,0.02181774935930636,5.041973842426792,0.0,0.0,0.9999999999999998
2021-07-22,-0.01033260131190139,4.98987713688796,0.0,0.0,0.9999999999999998
2021-07-23,0.003781102506533074,5.00874437383754,0.0,0.0,0.9999999999999998
2021-07-26,0.011739677515888891,5.067545417545915,0.0,0.0,0.9999999999999998
2021-07-27,-0.01006859815403971,5.0165223391093,0.0,0.0,0.9999999999999998
2021-07-28,0.003858619856011769,5.035879191815114,0.0,0.0,0.9999999999999998
2021-07-29,0.016687815647798976,5.119917015392711,0.0,0.0,0.9999999999999998
2021-07-30,-0.0010326214515994359,5.1146300792522075,0.0,0.0,0.9999999999999998
2021-08-02,-0.005590373766003021,5.086037385434346,0.0,0.0,0.9999999999999998
2021-08-03,0.015079431206302063,5.162731936300684,0.00012938201318590694,0.2587640263718139,0.9999999999999997
2021-08-04,-0.015474838420084347,5.082839493780222,0.0,0.0,0.9999999999999997
2021-08-05,0.01527333801491948,5.16047141944431,0.0,0.0,0.9999999999999997
2021-08-06,0.012154670750328389,5.223195250464135,0.0,0.0,0.9999999999999997
2021-08-09,-0.0017631459896745305,5.213985994704992,0.0,0.0,0.9999999999999997
2021-08-10,0.017134513710095334,5.3033251092155105,0.0,0.0,0.9999999999999997
2021-08-11,0.01192485783675834,5.366566507205016,0.0,0.0,0.9999999999999997
2021-08-12,0.0035184752219379334,5.385448638487499,0.0,0.0,0.9999999999999997
2021-08-13,-0.010236225645060104,5.330321971024059,0.0,0.0,0.9999999999999997
2021-08-16,-0.012939817699937683,5.261348576437035,0.0,0.0,0.9999999999999997
2021-08-17,-0.026061842199020746,5.124228140083891,0.0,0.0,0.9999999999999997
2021-08-18,-0.006409155408580336,5.091386165585073,0.0,0.0,0.9999999999999997
2021-08-19,-0.019605150521813552,4.991568773444098,0.0,0.0,0.9999999999999997
2021-08-20,0.004267372057872754,5.012869654552844,0.0,0.0,0.9999999999999997
2021-08-23,0.023636937721364326,5.131358542382827,0.0,0.0,0.9999999999999997
2021-08-24,0.015877968838982293,5.212834093420428,0.0,0.0,0.9999999999999997
2021-08-25,0.010156784109676353,5.265779723906859,0.0,0.0,0.9999999999999997
2021-08-26,-0.011951946806154856,5.2028434047537955,0.0,0.0,0.9999999999999997
2021-08-27,0.025570876130670772,5.335884668984032,0.0,0.0,0.9999999999999997
2021-08-30,-0.009349310047751858,5.285997828834654,0.0,0.0,0.9999999999999997
2021-08-31,-0.002002833861129427,5.275410853393208,0.0,0.0,0.9999999999999997
2021-09-01,-0.008803424283092554,5.228969173383156,0.0,0.0,0.9999999999999997
2021-09-02,0.011742554934184746,5.290370631150767,0.0003207806612067097,0.6415613224134195,0.9999999999999997
2021-09-03,-0.0029345736950797674,5.274845648659369,0.0,0.0,0.9999999999999997
2021-09-07,-0.0035320241646468187,5.256214766363522,0.0,0.0,0.9999999999999997
2021-09-08,-0.01271290354508603,5.189393015026486,0.0,0.0,0.9999999999999997
2021-09-09,0.010801539525643555,5.245446448792393,0.0,0.0,0.9999999999999997
2021-09-10,-0.0014273085240987804,5.237959578363328,0.0,0.0,0.9999999999999997
2021-09-13,0.0039978904407551585,5.258900366890728,0.0,0.0,0.9999999999999997
2021-09-14,-0.010309431116451329,5.204684095809988,0.0,0.0,0.9999999999999997
2021-09-15,0.023149961648428308,5.3251723330201735,0.0,0.0,0.9999999999999997
2021-09-16,0.0006294880375170564,5.328524465301527,0.0,0.0,0.9999999999999997
2021-09-17,-0.012960047149575549,5.2594665369935525,0.0,0.0,0.9999999999999997
2021-09-20,-0.03169519522415065,5.0927667183286545,0.0,0.0,0.9999999999999997
2021-09-21,0.00013079401645188504,5.0934328217425975,0.0,0.0,0.9999999999999997
2021-09-22,0.026382508443020702,5.22781035616618,0.0,0.0,0.9999999999999997
2021-09-23,0.029092354440395596,5.379899667994938,0.0,0.0,0.9999999999999997
2021-09-24,-0.0005555838760992193,5.376910682484368,0.0,0.0,0.9999999999999997
2021-09-27,0.01106973051266591,5.436431634730145,0.0,0.0,0.9999999999999997
2021-09-28,-0.02185567810210387,5.317614734897388,0.0,0.0,0.9999999999999997
2021-09-29,-0.0052751947382435604,5.289563281627851,0.0,0.0,0.9999999999999997
2021-09-30,-0.012491383984619575,5.223489315566093,0.0,0.0,0.9999999999999997
2021-10-01,0.008612281261835886,5.268475474719943,0.0,0.0,0.9999999999999997
2021-10-04,-0.007698094943399791,5.2279182503085755,0.0003423443975821333,0.6846887951642666,0.9999999999999998
2021-10-05,0.01673360766429055,5.315400183210223,0.0,0.0,0.9999999999999998
2021-10-06,-0.011719733566945778,5.253105109261305,0.0,0.0,0.9999999999999998
2021-10-07,0.014441511871019053,5.328967889056413,0.0,0.0,0.9999999999999998
2021-10-08,0.0009341347798419442,5.333945863302241,0.0,0.0,0.9999999999999999
2021-10-11,-0.004793138844498501,5.308379520190395,0.0,0.0,0.9999999999999998
2021-10-12,0.0013648100801999519,5.315624450069079,0.0,0.0,0.9999999999999998
2021-10-13,0.0008005934088528566,5.3198801039677415,0.0,0.0,0.9999999999999998
2021-10-14,0.02015572698713486,5.427106154947606,0.0,0.0,0.9999999999999999
2021-10-15,0.008068895406127208,5.470896906869828,0.0,0.0,0.9999999999999999
2021-10-18,0.011725872895425926,5.535047948623762,0.0,0.0,0.9999999999999999
2021-10-19,0.0035971935697587387,5.554958587512858,0.0,0.0,0.9999999999999999
2021-10-20,0.006642456138959751,5.59185715628415,0.0,0.0,0.9999999999999999
2021-10-21,-0.005690989105983091,5.560033958125524,0.0,0.0,0.9999999999999999
2021-10-22,0.0014356744930918985,5.568016357059929,0.0,0.0,0.9999999999999999
2021-10-25,0.012286079292128438,5.636425447522636,0.0,0.0,0.9999999999999999
2021-10-26,-0.0012140508107004733,5.629582540638618,0.0,0.0,0.9999999999999999
2021-10-27,-0.017623925919895478,5.530367194982467,0.0,0.0,0.9999999999999999
2021-10-28,0.021189769061247032,5.647554398668041,0.0,0.0,0.9999999999999999
2021-10-29,0.0010057836150245691,5.653234616347182,0.0,0.0,0.9999999999999999
2021-11-01,0.009104028776713458,5.704701826975919,0.0,0.0,0.9999999999999999
2021-11-02,-0.0012830734261636279,5.697382275657539,0.00031132522124886807,0.622650442497736,0.9999999999999997
2021-11-03,0.0014106481289355433,5.705419277304525,0.0,0.0,0.9999999999999997
2021-11-04,-0.0068648206996558825,5.6662525969494695,0.0,0.0,0.9999999999999997
2021-11-05,0.005471924174193177,5.697257901511803,0.0,0.0,0.9999999999999997
2021-11-08,0.01073433819008085,5.758414194582741,0.0,0.0,0.9999999999999997
2021-11-09,-0.0144975692521212,5.67493118601438,0.0,0.0,0.9999999999999997
2021-11-10,-0.023197832065743884,5.543285085376565,0.0,0.0,0.9999999999999997
2021-11-11,0.010175430882207959,5.599690399623189,0.0,0.0,0.9999999999999997
2021-11-12,0.0011669438393120402,5.606224923837083,0.0,0.0,0.9999999999999997
2021-11-15,-0.0043781224116391515,5.581680184853342,0.0,0.0,0.9999999999999997
2021-11-16,-0.0012270847339964641,5.574830990308458,0.0,0.0,0.9999999999999997
2021-11-17,-0.009546101201289958,5.521613089494886,0.0,0.0,0.9999999999999997
2021-11-18,0.0026064143982302834,5.536004701352802,0.0,0.0,0.9999999999999997
2021-11-19,-0.011958353374083908,5.469803200853435,0.0,0.0,0.9999999999999997
2021-11-22,0.016648735037599005,5.560868505052255,0.0,0.0,0.9999999999999997
2021-11-23,0.006714447347553776,5.598206663836099,0.0,0.0,0.9999999999999997
2021-11-24,0.001700571182583266,5.607726812762764,0.0,0.0,0.9999999999999997
2021-11-26,-0.029222768749518235,5.443853508902925,0.0,0.0,0.9999999999999997
2021-11-29,0.01655338708264753,5.533967723257024,0.0,0.0,0.9999999999999997
2021-11-30,-0.027134690243454385,5.38380522326917,0.0,0.0,0.9999999999999997
2021-12-01,-0.025461904154862047,5.2467232906858445,0.0,0.0,0.9999999999999997
2021-12-02,0.01884671495036705,5.345606788968852,0.0004111881544992976,0.8223763089985953,0.9999999999999999
2021-12-03,-0.023255111020650032,5.221294109618641,0.0,0.0,0.9999999999999998
2021-12-06,-0.003957715315464516,5.200629713954458,0.0,0.0,0.9999999999999998
2021-12-07,0.03985236986652141,5.407887132853793,0.0,0.0,0.9999999999999999
2021-12-08,-0.0012328726450890892,5.401219896739969,0.0,0.0,0.9999999999999999
2021-12-09,-0.018004761905698885,5.303972218498842,0.0,0.0,0.9999999999999998
2021-12-10,0.010746850174575329,5.3609732132611585,0.0,0.0,0.9999999999999999
2021-12-13,-0.02490734892652957,5.227445582852685,0.0,0.0,0.9999999999999998
2021-12-14,-0.007798420136417739,5.186679765957338,0.0,0.0,0.9999999999999998
2021-12-15,0.011152013674183836,5.244521689630907,0.0,0.0,0.9999999999999998
2021-12-16,-0.00450036002941967,5.220919453845467,0.0,0.0,0.9999999999999998
2021-12-17,-0.008454512360160926,5.176779125791526,0.0,0.0,0.9999999999999998
2021-12-20,-0.028732193223939384,5.028038907671628,0.0,0.0,0.9999999999999998
2021-12-21,0.031525799326856285,5.186551853282509,0.0,0.0,0.9999999999999998
2021-12-22,0.011010155359656437,5.243656594968064,0.0,0.0,0.9999999999999998
2021-12-23,0.00705755468663205,5.28066398814497,0.0,0.0,0.9999999999999998
2021-12-27,0.024773456020706686,5.411484285215409,0.0,0.0,0.9999999999999999
2021-12-28,-0.009559624072853268,5.359752529772597,0.0,0.0,0.9999999999999999
2021-12-29,-0.0007508475047210972,5.355728172959695,0.0,0.0,0.9999999999999999
2021-12-30,-0.004968944153842192,5.329115858765099,0.0,0.0,0.9999999999999998
2021-12-31,-0.0008490623060882774,5.324591107364644,0.0,0.0,0.9999999999999998
2022-01-03,0.0164108489704462,5.4119721678569865,0.0,0.0,0.9999999999999999
2022-01-04,0.015531172327374776,5.496026440226929,0.00043500727423223485,0.8700145484644698,0.9999999999999997
2022-01-05,-0.028652015212154658,5.338554207055143,0.0,0.0,0.9999999999999997
2022-01-06,0.011768252186944883,5.401379659277444,0.0,0.0,0.9999999999999997
2022-01-07,-0.005842576785401787,5.369821683871008,0.0,0.0,0.9999999999999997
2022-01-10,0.0040711156664261505,5.3916828490541295,0.0,0.0,0.9999999999999997
2022-01-11,0.011211627070034869,5.452132386437627,0.0,0.0,0.9999999999999997
2022-01-12,0.005715411986993102,5.483293569233746,0.0,0.0,0.9999999999999997
2022-01-13,-0.014749248100257462,5.402419111974571,0.0,0.0,0.9999999999999997
2022-01-14,0.0036458100778797853,5.422115306017938,0.0,0.0,0.9999999999999997
2022-01-18,-0.02255301840765822,5.29983023971287,0.0,0.0,0.9999999999999997
2022-01-19,-0.018635330603761324,5.201066151052009,0.0,0.0,0.9999999999999997
2022-01-20,-0.01898220343596979,5.102338455288804,0.0,0.0,0.9999999999999997
2022-01-21,-0.028600955894138802,4.95640669817212,0.0,0.0,0.9999999999999997
2022-01-24,0.009771249214362454,5.004836983227696,0.0,0.0,0.9999999999999997
2022-01-25,-0.004504109197253858,4.9822946509407835,0.0,0.0,0.9999999999999997
2022-01-26,-0.001174797792725557,4.97644146218215,0.0,0.0,0.9999999999999997
2022-01-27,-0.000970273442900349,4.971612953191246,0.0,0.0,0.9999999999999997
2022-01-28,0.021311550997866746,5.0775657361848365,0.0,0.0,0.9999999999999997
2022-01-31,0.020939297546655133,5.183886395947512,0.0,0.0,0.9999999999999997
2022-02-01,0.01826594833524453,5.278574997031667,0.0,0.0,0.9999999999999997
2022-02-02,0.023757084037809628,5.403978546836029,0.0003362246020169805,0.672449204033961,0.9999999999999997
2022-02-03,-0.018414220785996083,5.304468492751805,0.0,0.0,0.9999999999999997
2022-02-04,-0.0029387569031896765,5.288879949350978,0.0,0.0,0.9999999999999997
2022-02-07,-0.0012919336421333139,5.282047067415207,0.0,0.0,0.9999999999999997
2022-02-08,-0.0018694894365592907,5.272172336219265,0.0,0.0,0.9999999999999997
2022-02-09,0.024792807435080055,5.402884289715706,0.0,0.0,0.9999999999999997
2022-02-10,-0.011302825644892378,5.341816430609521,0.0,0.0,0.9999999999999997
2022-02-11,-0.011221463039036705,5.281873434972117,0.0,0.0,0.9999999999999997
2022-02-14,-0.016028985384819783,5.197210362878481,0.0,0.0,0.9999999999999997
2022-02-15,0.017741254777051685,5.289415396056242,0.0,0.0,0.9999999999999997
2022-02-16,0.005926207305808395,5.320761568219806,0.0,0.0,0.9999999999999997
2022-02-17,-0.01642743374186617,5.233355110101607,0.0,0.0,0.9999999999999997
2022-02-18,-0.004608635665388605,5.20923648309155,0.0,0.0,0.9999999999999997
2022-02-22,-0.02041738536190918,5.102877494374953,0.0,0.0,0.9999999999999997
2022-02-23,-0.018959721720370193,5.006128357108464,0.0,0.0,0.9999999999999997
2022-02-24,0.02547057113292217,5.133637305528734,0.0,0.0,0.9999999999999997
2022-02-25,0.02641471858499944,5.26924089027173,0.0,0.0,0.9999999999999997
2022-02-28,0.01076949066472821,5.325987930849715,0.0,0.0,0.9999999999999997
2022-03-01,-0.01560444865064392,5.2428788256688215,0.0,0.0,0.9999999999999997
2022-03-02,0.02545405916252297,5.376331373479335,0.00033013767757112533,0.6602753551422507,0.9999999999999997
2022-03-03,-0.004274587352961268,5.353349775384931,0.0,0.0,0.9999999999999997
2022-03-04,0.0008845790925109398,5.358085236671135,0.0,0.0,0.9999999999999997
2022-03-07,-0.025600945424722465,5.220913188946106,0.0,0.0,0.9999999999999997
2022-03-08,-0.011009157832149508,5.163435331621048,0.0,0.0,0.9999999999999997
2022-03-09,0.01521113847662603,5.241977061465438,0.0,0.0,0.9999999999999997
2022-03-10,0.009892409735311913,5.293832846380561,0.0,0.0,0.9999999999999997
2022-03-11,-0.009943392895424008,5.2411941864662985,0.0,0.0,0.9999999999999997
2022-03-14,-0.007924493243683606,5.199660378546812,0.0,0.0,0.9999999999999997
2022-03-15,0.01803927498057556,5.293458481921022,0.0,0.0,0.9999999999999997
2022-03-16,0.012513605702983543,5.359698734168896,0.0,0.0,0.9999999999999997
2022-03-17,0.019501615722961496,5.464221519273501,0.0,0.0,0.9999999999999997
2022-03-18,0.011697668149069251,5.528140169298965,0.0,0.0,0.9999999999999997
2022-03-21,0.006234792000176181,5.562606973402362,0.0,0.0,0.9999999999999997
2022-03-22,0.003274710758058408,5.580822902301014,0.0,0.0,0.9999999999999997
2022-03-23,-0.0066654041551704735,5.543624462138746,0.0,0.0,0.9999999999999997
2022-03-24,0.0162271898215256,5.633581908585125,0.0,0.0,0.9999999999999997
2022-03-25,0.0064476195116065504,5.669905101219152,0.0,0.0,0.9999999999999997
2022-03-28,-0.0029378554164621873,5.653247739806709,0.0,0.0,0.9999999999999997
2022-03-29,0.006578900746610605,5.690439895582898,0.0,0.0,0.9999999999999997
2022-03-30,-0.008596850021213243,5.641520037245844,0.0,0.0,0.9999999999999997
2022-03-31,-0.013331097997465458,5.566312380774654,0.0,0.0,0.9999999999999997
2022-04-01,0.0013452255121197965,5.5738003261977,0.0,0.0,0.9999999999999997
2022-04-04,-0.0019362595018429518,5.563008002354724,0.0004621537029210485,0.924307405842097,1.0
2022-04-05,-0.011080146921726541,5.501369056361893,0.0,0.0,1.0
2022-04-06,0.0042910729867529085,5.524975832509806,0.0,0.0,1.0
2022-04-07,0.016631826783861214,5.616866273541129,0.0,0.0,1.0
2022-04-08,0.014200308713425036,5.696627508627438,0.0,0.0,1.0
2022-04-11,-0.02247265431550516,5.568609167861856,0.0,0.0,1.0
2022-04-12,0.006549235554518251,5.605079301013234,0.0,0.0,1.0
2022-04-13,0.008242856114102581,5.65128116319962,0.0,0.0,1.0
2022-04-14,-0.0029930054281881446,5.634366848001946,0.0,0.0,1.0
2022-04-18,0.008707484978071944,5.683428012691869,0.0,0.0,1.0
2022-04-19,0.0017236500457473714,5.693224253645948,0.0,0.0,1.0
2022-04-20,0.002419343518450745,5.706998118843093,0.0,0.0,1.0
2022-04-21,-0.030349308683673804,5.533794671277178,0.0,0.0,1.0
2022-04-22,-0.03484548965940937,5.340966886281895,0.0,0.0,1.0
2022-04-25,-0.007716553324203734,5.299753030501094,0.0,0.0,1.0
2022-04-26,-0.012948007369437686,5.231131789205966,0.0,0.0,1.0
2022-04-27,0.008175133180676308,5.273896988268394,0.0,0.0,1.0
2022-04-28,0.018061573116907148,5.369151864333039,0.0,0.0,1.0
2022-04-29,-0.036865960000680764,5.171212926464957,0.0,0.0,1.0
2022-05-02,-8.421954568271772e-05,5.170777409261661,0.0,0.0,1.0
2022-05-03,0.02155377554658866,5.282227184942258,0.00022086970757018818,0.4417394151403764,0.9999999999999997
2022-05-04,0.027308313527143913,5.426475901030264,0.0,0.0,0.9999999999999997
2022-05-05,-0.03244690813876705,5.250403535952302,0.0,0.0,0.9999999999999997
2022-05-06,0.004812599747416657,5.275671626683261,0.0,0.0,0.9999999999999997
2022-05-09,-0.06312573427234347,4.942640981469111,0.0,0.0,0.9999999999999997
2022-05-10,0.015507036147226039,5.019286693831513,0.0,0.0,0.9999999999999997
2022-05-11,-0.006061652556558661,4.9888615218117485,0.0,0.0,0.9999999999999997
2022-05-12,-0.0019443527549247719,4.979161415167876,0.0,0.0,0.9999999999999997
2022-05-13,0.037000343068930075,5.163392095724666,0.0,0.0,0.9999999999999997
2022-05-16,0.0064638308067159755,5.196767388620165,0.0,0.0,0.9999999999999997
2022-05-17,0.01881739261695836,5.294557000910836,0.0,0.0,0.9999999999999997
2022-05-18,-0.04810554297787195,5.039859461554727,0.0,0.0,0.9999999999999997
2022-05-19,-0.004089413496106031,5.019249392254167,0.0,0.0,0.9999999999999997
2022-05-20,-0.005154019769770368,4.993380081657081,0.0,0.0,0.9999999999999997
2022-05-23,0.024171940110256473,5.114079765938643,0.0,0.0,0.9999999999999997
2022-05-24,-0.005986435746993757,5.083464656014851,0.0,0.0,0.9999999999999997
2022-05-25,0.01775363410965558,5.173714627527104,0.0,0.0,0.9999999999999997
2022-05-26,0.01658678232216859,5.259529905850917,0.0,0.0,0.9999999999999997
2022-05-27,0.022904669836360858,5.379997701838898,0.0,0.0,0.9999999999999997
2022-05-31,-0.008496840144304851,5.334284721389645,0.0,0.0,0.9999999999999997
2022-06-01,-0.011170911188330135,5.274695900513735,0.0,0.0,0.9999999999999997
2022-06-02,0.009014792457127552,5.322246189331328,0.00018492147620551846,0.36984295241103693,0.9999999999999998
2022-06-03,-0.008373454927560253,5.277680600751583,0.0,0.0,0.9999999999999998
2022-06-06,-0.0007813787174255626,5.273556733452786,0.0,0.0,0.9999999999999998
2022-06-07,0.01249373077367788,5.3394431315002615,0.0,0.0,0.9999999999999999
2022-06-08,-0.011661994684112553,5.277174574084584,0.0,0.0,0.9999999999999998
2022-06-09,-0.02125013626225125,5.165033895305599,0.0,0.0,0.9999999999999998
2022-06-10,-0.019013832734214975,5.066826804753707,0.0,0.0,0.9999999999999998
2022-06-13,-0.041310713492990425,4.8575125743039225,0.0,0.0,0.9999999999999998
2022-06-14,0.010296552417911942,4.907528207145909,0.0,0.0,0.9999999999999998
2022-06-15,0.00476440160800351,4.930909642427358,0.0,0.0,0.9999999999999998
2022-06-16,-0.0350349651687718,4.758155394854555,0.0,0.0,0.9999999999999998
2022-06-17,-0.017574381748245993,4.6745337555279045,0.0,0.0,0.9999999999999998
2022-06-21,0.03327442334085107,4.830076170630439,0.0,0.0,0.9999999999999998
2022-06-22,-0.012608692698440449,4.7691752244849,0.0,0.0,0.9999999999999998
2022-06-23,-0.009112873151435497,4.7257143356272,0.0,0.0,0.9999999999999998
2022-06-24,0.025652667731376866,4.846941515272449,0.0,0.0,0.9999999999999998
2022-06-27,0.010587968388593216,4.898260778817513,0.0,0.0,0.9999999999999998
2022-06-28,-0.005739764107974166,4.870145917407759,0.0,0.0,0.9999999999999998
2022-06-29,-0.007939673107629441,4.831478550837085,0.0,0.0,0.9999999999999998
2022-06-30,-0.00587215479241554,4.803107360910334,0.0,0.0,0.9999999999999998
2022-07-01,0.008090736179040547,4.841968035407068,0.0,0.0,0.9999999999999998
2022-07-05,-0.025030127020884252,4.720772960449768,0.00034265657028693686,0.6853131405738737,0.9999999999999997
2022-07-06,0.0007874342724081274,4.724490258871084,0.0,0.0,0.9999999999999997
2022-07-07,0.018338437099520988,4.811130026310691,0.0,0.0,0.9999999999999997
2022-07-08,0.0026611943408232364,4.823933378309674,0.0,0.0,0.9999999999999997
2022-07-11,-0.008189981074437802,4.784425455236969,0.0,0.0,0.9999999999999997
2022-07-12,-0.013550817646432955,4.719592578350101,0.0,0.0,0.9999999999999997
2022-07-13,0.0012111661230596038,4.725308788995642,0.0,0.0,0.9999999999999997
2022-07-14,-0.01222149742075418,4.667558439818665,0.0,0.0,0.9999999999999997
2022-07-15,0.014557605891703629,4.7355069160620396,0.0,0.0,0.9999999999999997
2022-07-18,-0.0005866829846254973,4.73272867473081,0.0,0.0,0.9999999999999997
2022-07-19,0.02469715714086962,4.849613618515736,0.0,0.0,0.9999999999999997
2022-07-20,0.002082193915774022,4.859711454486065,0.0,0.0,0.9999999999999997
2022-07-21,-0.00582602202375182,4.83139866852315,0.0,0.0,0.9999999999999997
2022-07-22,-0.004991322268650289,4.807283600760223,0.0,0.0,0.9999999999999997
2022-07-25,0.02326541746163402,4.919127060588377,0.0,0.0,0.9999999999999997
2022-07-26,-0.00813312631363483,4.879119178851792,0.0,0.0,0.9999999999999997
2022-07-27,0.01670277956239774,4.960614030954821,0.0,0.0,0.9999999999999997
2022-07-28,0.003626866739198098,4.97860551698969,0.0,0.0,0.9999999999999997
2022-07-29,0.019523117930919653,5.075803419629407,0.0,0.0,0.9999999999999997
2022-08-01,-0.008517873127798614,5.032568370079358,0.0,0.0,0.9999999999999997
2022-08-02,-0.0022339581459847047,5.021325822973794,0.0002228739640389302,0.44574792807786046,0.9999999999999998
2022-08-03,-0.012171699534859859,4.960207753789924,0.0,0.0,0.9999999999999998
2022-08-04,-0.011524254728740413,4.903045056127776,0.0,0.0,0.9999999999999998
2022-08-05,0.011989299495178463,4.961829131744046,0.0,0.0,0.9999999999999998
2022-08-08,0.004750879758983029,4.985402185333581,0.0,0.0,0.9999999999999998
2022-08-09,0.013350718827479291,5.0519608881518705,0.0,0.0,0.9999999999999998
2022-08-10,0.005862479523237374,5.081577905410857,0.0,0.0,0.9999999999999998
2022-08-11,0.010136207095946093,5.133085831434285,0.0,0.0,0.9999999999999998
2022-08-12,0.012705231857355725,5.198302877066365,0.0,0.0,0.9999999999999998
2022-08-15,-0.0029475497245193827,5.1829806208531,0.0,0.0,0.9999999999999998
2022-08-16,0.005291711548920164,5.210407459262298,0.0,0.0,0.9999999999999998
2022-08-17,0.0034244258995657084,5.228250113513086,0.0,0.0,0.9999999999999998
2022-08-18,0.011421858286305264,5.287966445394992,0.0,0.0,0.9999999999999998
2022-08-19,0.0034897515957346137,5.306420134736,0.0,0.0,0.9999999999999998
2022-08-22,-0.004855720368861172,5.280653642402028,0.0,0.0,0.9999999999999998
2022-08-23,0.007847502106930193,5.322093582986747,0.0,0.0,0.9999999999999998
2022-08-24,0.010197723409930859,5.376366821307813,0.0,0.0,0.9999999999999999
2022-08-25,0.006393637221082216,5.410741360330718,0.0,0.0,0.9999999999999999
2022-08-26,-0.021353559854166315,5.2952027708374825,0.0,0.0,0.9999999999999998
2022-08-29,0.0007704573177254037,5.299282498561114,0.0,0.0,0.9999999999999998
2022-08-30,-0.023318036837920664,5.175713634045118,0.0,0.0,0.9999999999999998
2022-08-31,-0.012628550533426597,5.110351872871034,0.0,0.0,0.9999999999999998
2022-09-01,-0.003178926517872993,5.094106439786702,0.0,0.0,0.9999999999999998
2022-09-02,-0.00020112314667952713,5.093081897070012,0.00031609861279483577,0.6321972255896716,0.9999999999999998
2022-09-06,-0.00827678435279422,5.050927556516843,0.0,0.0,0.9999999999999998
2022-09-07,0.011091601119499028,5.106950430257214,0.0,0.0,0.9999999999999998
2022-09-08,0.004995054358792883,5.132459925264009,0.0,0.0,0.9999999999999998
2022-09-09,0.011572423922948216,5.191854927286708,0.0,0.0,0.9999999999999998
2022-09-12,0.002300241734866537,5.203797448671826,0.0,0.0,0.9999999999999998
2022-09-13,-0.030511776127097323,5.045020345907191,0.0,0.0,0.9999999999999998
2022-09-14,0.008892696026941538,5.089884178293079,0.0,0.0,0.9999999999999998
2022-09-15,-0.004640185221955195,5.0662661729475,0.0,0.0,0.9999999999999998
2022-09-16,-0.006377492920960459,5.033956096293825,0.0,0.0,0.9999999999999998
2022-09-19,0.007205902825575983,5.070230294751934,0.0,0.0,0.9999999999999998
2022-09-20,-0.009047637324551827,5.024356689893064,0.0,0.0,0.9999999999999998
2022-09-21,-0.012439196659264407,4.961857728941193,0.0,0.0,0.9999999999999998
2022-09-22,-0.007548731975359546,4.9244019948455495,0.0,0.0,0.9999999999999998
2022-09-23,-0.03468231330699956,4.753612342010703,0.0,0.0,0.9999999999999998
2022-09-26,-0.016548155584016788,4.6749488253890075,0.0,0.0,0.9999999999999998
2022-09-27,0.007921055774892105,4.71197935577968,0.0,0.0,0.9999999999999998
2022-09-28,0.025706490685258876,4.833107809198163,0.0,0.0,0.9999999999999998
2022-09-29,-0.016654716930243674,4.752613766742617,0.0,0.0,0.9999999999999998
2022-09-30,-0.009473114510779257,4.707591712304758,0.0,0.0,0.9999999999999998
2022-10-03,0.03059032674411588,4.8515984809620525,0.0,0.0,0.9999999999999998
2022-10-04,0.03105461803706655,5.002263018657541,0.0003611288743761782,0.7222577487523564,0.9999999999999998
2022-10-05,-0.0018671436388350005,4.992923075082476,0.0,0.0,0.9999999999999998
2022-10-06,0.0009927994835485787,4.997880046532815,0.0,0.0,0.9999999999999998
2022-10-07,-0.015912465229027117,4.918351454073513,0.0,0.0,0.9999999999999998
2022-10-10,-0.005956501161944461,4.889055287922473,0.0,0.0,0.9999999999999998
2022-10-11,-0.008296449643279358,4.848493486923016,0.0,0.0,0.9999999999999998
2022-10-12,-0.010806366227926967,4.796098890649607,0.0,0.0,0.9999999999999998
2022-10-13,0.028422131752507296,4.932414245217704,0.0,0.0,0.9999999999999998
2022-10-14,-0.035907788333672586,4.755302158526436,0.0,0.0,0.9999999999999998
2022-10-17,0.01527650000843006,4.827946531991253,0.0,0.0,0.9999999999999998
2022-10-18,0.01539399499744376,4.902267916752652,0.0,0.0,0.9999999999999998
2022-10-19,0.0027320429535884205,4.915661123271218,0.0,0.0,0.9999999999999998
2022-10-20,-0.00229919793787714,4.90435904535329,0.0,0.0,0.9999999999999998
2022-10-21,0.0317234516278202,5.059942242294018,0.0,0.0,0.9999999999999998
2022-10-24,0.007173403755154295,5.096239250975754,0.0,0.0,0.9999999999999998
2022-10-25,0.01695737069668346,5.182658069113538,0.0,0.0,0.9999999999999998
2022-10-26,0.0045042520254803264,5.206002067218715,0.0,0.0,0.9999999999999998
2022-10-27,0.0002939764580831561,5.207532509267209,0.0,0.0,0.9999999999999998
2022-10-28,0.017747472536292053,5.299953049457277,0.0,0.0,0.9999999999999998
2022-10-31,-0.006739080360180227,5.264236239951802,0.0,0.0,0.9999999999999998
2022-11-01,0.0060959662663238046,5.296326846488507,0.0,0.0,0.9999999999999998
2022-11-02,-0.024424156330275726,5.166968531613636,0.00041840448412529724,0.8368089682505945,0.9999999999999997
2022-11-03,0.006621397624595016,5.20118108477522,0.0,0.0,0.9999999999999997
2022-11-04,0.004540698160407031,5.224798078158802,0.0,0.0,0.9999999999999997
2022-11-07,0.011959407288594015,5.287283566376166,0.0,0.0,0.9999999999999997
2022-11-08,0.0053048725601227975,5.315331931885023,0.0,0.0,0.9999999999999997
2022-11-09,-0.02518090085600544,5.181487085491466,0.0,0.0,0.9999999999999997
2022-11-10,0.022622226639246623,5.298703860667784,0.0,0.0,0.9999999999999997
2022-11-11,-0.017501022270881905,5.205971126395429,0.0,0.0,0.9999999999999997
2022-11-14,-0.0019162173982940622,5.195995353948014,0.0,0.0,0.9999999999999997
2022-11-15,0.007070655750414767,5.232734448376535,0.0,0.0,0.9999999999999997
2022-11-16,-0.005878539549576289,5.201973611969323,0.0,0.0,0.9999999999999997
2022-11-17,0.0048152847035314306,5.227022595931213,0.0,0.0,0.9999999999999997
2022-11-18,0.007097735002465688,5.264122617169033,0.0,0.0,0.9999999999999997
2022-11-21,0.0008549747995119095,5.268623309348253,0.0,0.0,0.9999999999999997
2022-11-22,0.01446518099574634,5.344834899116384,0.0,0.0,0.9999999999999997
2022-11-23,-0.003998840490425204,5.323461756907159,0.0,0.0,0.9999999999999997
2022-11-25,0.004470119425320052,5.347258266716658,0.0,0.0,0.9999999999999997
2022-11-28,-0.015113270276533308,5.266443707293342,0.0,0.0,0.9999999999999997
2022-11-29,0.0047120709849051146,5.291259563880115,0.0,0.0,0.9999999999999997
2022-11-30,0.016159317091435366,5.376762704985944,0.0,0.0,0.9999999999999997
2022-12-01,-0.007795532952758144,5.3348479741400645,0.0,0.0,0.9999999999999997
2022-12-02,0.004106667520015872,5.356756421039687,0.0002128656066882111,0.42573121337642217,1.0
2022-12-05,-0.018125253406488184,5.25966385347151,0.0,0.0,1.0
2022-12-06,-0.010949390509076729,5.202073739993375,0.0,0.0,1.0
2022-12-07,0.0014823256911489224,5.209784907545419,0.0,0.0,1.0
2022-12-08,-0.00206944487380345,5.199003544874881,0.0,0.0,1.0
2022-12-09,-0.015246700541382552,5.119735894712587,0.0,0.0,1.0
2022-12-12,0.013058033709601347,5.1865895786100005,0.0,0.0,1.0
2022-12-13,-0.008277982323031008,5.14365508176145,0.0,0.0,1.0
2022-12-14,0.00028959996541511046,5.145144684095236,0.0,0.0,1.0
2022-12-15,-0.011505041040845931,5.08594958334363,0.0,0.0,1.0
2022-12-16,-0.004302867310789549,5.064065417137137,0.0,0.0,1.0
2022-12-19,-0.005194655126108949,5.037759343759054,0.0,0.0,1.0
2022-12-20,0.000993380664439547,5.042763756483244,0.0,0.0,1.0
2022-12-21,0.013895803690786801,5.11283701170235,0.0,0.0,1.0
2022-12-22,-0.011804078311560717,5.052484683221969,0.0,0.0,1.0
2022-12-23,0.009682464466831409,5.101405186636476,0.0,0.0,1.0
2022-12-27,0.003842713097195416,5.121008423161264,0.0,0.0,1.0
2022-12-28,-0.014236040182588505,5.048105541473766,0.0,0.0,1.0
2022-12-29,0.0036829413180137216,5.066697417950153,0.0,0.0,1.0
2022-12-30,-0.0007968435872052204,5.06266005260435,0.0,0.0,1.0
2023-01-03,-0.018025723220812084,4.971401943735042,0.0,0.0,1.0
2023-01-04,0.006418206853233244,5.0033094297605,0.0002748662806194806,0.5497325612389612,0.9999999999999998
2023-01-05,0.002785842597400112,5.017247862297901,0.0,0.0,0.9999999999999998
2023-01-06,0.01868764602776296,5.111008414382074,0.0,0.0,0.9999999999999998
2023-01-09,-0.007077900688064798,5.074833204409215,0.0,0.0,0.9999999999999998
2023-01-10,0.01020770143419858,5.126635586588181,0.0,0.0,0.9999999999999998
2023-01-11,0.001300546222776422,5.13330301313587,0.0,0.0,0.9999999999999998
2023-01-12,0.011406177938016793,5.191854380713456,0.0,0.0,0.9999999999999998
2023-01-13,0.0014759527455878718,5.199517312441362,0.0,0.0,0.9999999999999998
2023-01-17,-0.005047057207849925,5.173275051112264,0.0,0.0,0.9999999999999998
2023-01-18,-0.01626506778726855,5.089131381723738,0.0,0.0,0.9999999999999998
2023-01-19,-0.006373848717767805,5.056694028191786,0.0,0.0,0.9999999999999998
2023-01-20,0.009044055493572012,5.102427049596766,0.0,0.0,0.9999999999999998
2023-01-23,0.004666534686256663,5.126237702407804,0.0,0.0,0.9999999999999998
2023-01-24,0.0009236598077178027,5.130972602138326,0.0,0.0,0.9999999999999998
2023-01-25,0.0028710142390182547,5.145703697539077,0.0,0.0,0.9999999999999998
2023-01-26,0.017840804544366318,5.237507191450095,0.0,0.0,0.9999999999999998
2023-01-27,-0.005427211717768499,5.20908213104876,0.0,0.0,0.9999999999999998
2023-01-30,-0.009167813081781495,5.161326239743657,0.0,0.0,0.9999999999999998
2023-01-31,0.012922672985508976,5.228024370911391,0.0,0.0,0.9999999999999998
2023-02-01,-0.0051382165331482765,5.201161649653072,0.0,0.0,0.9999999999999998
2023-02-02,-0.016684675442559693,5.114381955604322,0.00038099309027622057,0.7619861805524412,0.9999999999999997
2023-02-03,-0.0037947024442224198,5.094974397896703,0.0,0.0,0.9999999999999997
2023-02-06,-0.0034425088503996504,5.077434903439384,0.0,0.0,0.9999999999999997
2023-02-07,0.008403840774086069,5.120104857908675,0.0,0.0,0.9999999999999997
2023-02-08,-0.0010560119277893687,5.114697966107191,0.0,0.0,0.9999999999999997
2023-02-09,-0.000605375652111495,5.111601652490606,0.0,0.0,0.9999999999999997
2023-02-10,0.019691774627593084,5.212258160217483,0.0,0.0,0.9999999999999997
2023-02-13,0.0053573967454632054,5.240182295121546,0.0,0.0,0.9999999999999997
2023-02-14,0.0021556630227868023,5.251478362327801,0.0,0.0,0.9999999999999997
2023-02-15,-0.00621118834991774,5.218860441103866,0.0,0.0,0.9999999999999997
2023-02-16,-0.005714087619226538,5.189039415270883,0.0,0.0,0.9999999999999997
2023-02-17,-0.0027134451226135115,5.174959241578467,0.0,0.0,0.9999999999999997
2023-02-21,-0.004430402697013891,5.1520320881976405,0.0,0.0,0.9999999999999997
2023-02-22,-0.000536847363460935,5.149266233354625,0.0,0.0,0.9999999999999997
2023-02-23,0.0027941589907483078,5.163654101896309,0.0,0.0,0.9999999999999997
2023-02-24,-0.006467047085750632,5.130260507684817,0.0,0.0,0.9999999999999997
2023-02-27,0.00454826911808337,5.153594313119642,0.0,0.0,0.9999999999999997
2023-02-28,-0.009381161599673282,5.1052476120491095,0.0,0.0,0.9999999999999997
2023-03-01,0.013818761833764404,5.17579581290241,0.0,0.0,0.9999999999999997
2023-03-02,0.008986639751315195,5.22230882529933,0.00045924478550866363,0.9184895710173272,0.9999999999999998
2023-03-03,0.01568049691013096,5.3041972226981855,0.0,0.0,0.9999999999999998
2023-03-06,-0.0013450866884788804,5.297062617620868,0.0,0.0,0.9999999999999998
2023-03-07,-0.013285774907411452,5.226687036012693,0.0,0.0,0.9999999999999998
2023-03-08,-0.0022034925657313797,5.215170069985435,0.0,0.0,0.9999999999999998
2023-03-09,-0.020593880862307734,5.107769478887482,0.0,0.0,0.9999999999999998
2023-03-10,-0.017041079903872047,5.0207275710672015,0.0,0.0,0.9999999999999998
2023-03-13,-0.012736518151410414,4.956780983225017,0.0,0.0,0.9999999999999998
2023-03-14,0.010919839197384817,5.01090823449849,0.0,0.0,0.9999999999999998
2023-03-15,-0.03396104945693479,4.840732532122525,0.0,0.0,0.9999999999999998
2023-03-16,0.013510824844437996,4.906134821482805,0.0,0.0,0.9999999999999998
2023-03-17,-0.02012860840314057,4.807381154888166,0.0,0.0,0.9999999999999998
2023-03-20,0.018043156219215817,4.894121484071127,0.0,0.0,0.9999999999999998
2023-03-21,0.01744307929146416,4.979490033179839,0.0,0.0,0.9999999999999998
2023-03-22,-0.018676720827314752,4.886489487967743,0.0,0.0,0.9999999999999998
2023-03-23,-0.0017088750880884795,4.878139087813548,0.0,0.0,0.9999999999999998
2023-03-24,0.003612837585434292,4.895763012056977,0.0,0.0,0.9999999999999998
2023-03-27,0.008606763528088646,4.937899686591315,0.0,0.0,0.9999999999999998
2023-03-28,0.011616260781677656,4.995259617064524,0.0,0.0,0.9999999999999998
2023-03-29,0.008252133007019768,5.036481163829135,0.0,0.0,0.9999999999999998
2023-03-30,0.003886357286120079,5.056054729096589,0.0,0.0,0.9999999999999998
2023-03-31,0.013750904773057515,5.125580056203763,0.0,0.0,0.9999999999999998
2023-04-03,0.009473270633316488,5.174136063228911,0.0,0.0,0.9999999999999998
2023-04-04,-0.03097684968276948,5.013857628160072,0.00046351871683558346,0.927037433671167,0.9999999999999998
2023-04-05,0.002628172402496576,5.0270349104084495,0.0,0.0,0.9999999999999998
2023-04-06,-0.003362843277075589,5.010129779856358,0.0,0.0,0.9999999999999998
2023-04-10,0.00859187381005233,5.053176182696869,0.0,0.0,0.9999999999999998
2023-04-11,0.0016052412691609508,5.0612877496456745,0.0,0.0,0.9999999999999998
2023-04-12,-0.002411601994272705,5.049081938015041,0.0,0.0,0.9999999999999998
2023-04-13,0.004038198047096264,5.069471130836763,0.0,0.0,0.9999999999999998
2023-04-14,-0.00024200285383446651,5.068244304355669,0.0,0.0,0.9999999999999998
2023-04-17,0.0053907476971577495,5.095565930668006,0.0,0.0,0.9999999999999998
2023-04-18,0.00619035663781875,5.12710930105036,0.0,0.0,0.9999999999999998
2023-04-19,-0.006292332282628044,5.094847825678798,0.0,0.0,0.9999999999999998
2023-04-20,0.0012168764556161893,5.1010476260428135,0.0,0.0,0.9999999999999998
2023-04-21,-0.002905861465387294,5.08622468831319,0.0,0.0,0.9999999999999998
2023-04-24,0.006081447276011787,5.117156295589116,0.0,0.0,0.9999999999999998
2023-04-25,-0.018043693569064545,5.024823895446497,0.0,0.0,0.9999999999999998
2023-04-26,-0.011488810077485034,4.967094648038904,0.0,0.0,0.9999999999999998
2023-04-27,0.006884230862116425,5.001289274309987,0.0,0.0,0.9999999999999998
2023-04-28,0.006234389771681004,5.0324692610069635,0.0,0.0,0.9999999999999998
2023-05-01,0.00507236231393704,5.057995768432542,0.0,0.0,0.9999999999999998
2023-05-02,-0.020139561300390074,4.956129952597081,0.0004121344498564519,0.8242688997129037,0.9999999999999998
2023-05-03,-0.01892669997580876,4.8623267679431565,0.0,0.0,0.9999999999999998
2023-05-04,-0.005782235434205862,4.834211649812868,0.0,0.0,0.9999999999999998
2023-05-05,0.019754134663391598,4.929707317734608,0.0,0.0,0.9999999999999998
2023-05-08,0.003028851535175292,4.944638669311893,0.0,0.0,0.9999999999999998
2023-05-09,0.002056023265649465,4.954804961456229,0.0,0.0,0.9999999999999998
2023-05-10,0.0005106326914330328,4.957335046849223,0.0,0.0,0.9999999999999998
2023-05-11,-0.005053715683468574,4.932282084974752,0.0,0.0,0.9999999999999998
2023-05-12,0.012074504508657435,4.991836947247751,0.0,0.0,0.9999999999999998
2023-05-15,-0.0015680798149224628,4.984009348491387,0.0,0.0,0.9999999999999998
2023-05-16,-0.014108114622644052,4.913694373322541,0.0,0.0,0.9999999999999998
2023-05-17,0.016786937504767785,4.9961802536850355,0.0,0.0,0.9999999999999998
2023-05-18,0.011625539044706867,5.054263542298644,0.0,0.0,0.9999999999999998
2023-05-19,-0.004298173110499959,5.032539442647756,0.0,0.0,0.9999999999999998
2023-05-22,-0.0035931752436210163,5.014456646509887,0.0,0.0,0.9999999999999998
2023-05-23,-0.021326764330059644,4.90751451136647,0.0,0.0,0.9999999999999998
2023-05-24,-0.0040304301663617315,4.887735116838001,0.0,0.0,0.9999999999999998
2023-05-25,0.01579771902917071,4.964950182902818,0.0,0.0,0.9999999999999998
2023-05-26,0.014199717776475884,5.035451074274301,0.0,0.0,0.9999999999999998
2023-05-30,1.3759781293476436e-05,5.035520360979797,0.0,0.0,0.9999999999999998
2023-05-31,-0.01261746835492128,4.971984842174573,0.0,0.0,0.9999999999999998
2023-06-01,0.012837447726975926,5.035812437685306,0.0,0.0,0.9999999999999998
2023-06-02,0.016412570651434644,5.118463065106189,0.00043697342589215575,0.8739468517843114,1.0
2023-06-05,-0.0009623255708464118,5.1135374372152045,0.0,0.0,1.0
2023-06-06,-0.0026030278754352043,5.100226756724052,0.0,0.0,1.0
2023-06-07,-0.005749633162137835,5.070902323829168,0.0,0.0,1.0
2023-06-08,0.009649789508214157,5.119835463870833,0.0,0.0,1.0
2023-06-09,0.0030210320774235466,5.135302651038318,0.0,0.0,1.0
2023-06-12,0.013286178664919213,5.203531199558446,0.0,0.0,1.0
2023-06-13,0.006862303697251937,5.239239410947942,0.0,0.0,1.0
2023-06-14,0.005190786872305786,5.266435186103157,0.0,0.0,1.0
2023-06-15,0.01026258193342211,5.320482408697599,0.0,0.0,1.0
2023-06-16,-0.004290527674201461,5.29765473168298,0.0,0.0,1.0
2023-06-20,-0.0044803446030784455,5.273919412896911,0.0,0.0,1.0
2023-06-21,-0.001335986847615267,5.266873525925898,0.0,0.0,1.0
2023-06-22,-0.0016099465383934142,5.258394141124677,0.0,0.0,1.0
2023-06-23,-0.008770819134745644,5.212273717173667,0.0,0.0,1.0
2023-06-26,-0.00494369411951423,5.186505830248777,0.0,0.0,1.0
2023-06-27,0.00954358999659477,5.2360037154076196,0.0,0.0,1.0
2023-06-28,7.945287033539472e-05,5.236419730931895,0.0,0.0,1.0
2023-06-29,0.0015707298783491641,5.244644731858847,0.0,0.0,1.0
2023-06-30,0.013273122325844877,5.314257542940408,0.0,0.0,1.0
2023-07-03,-0.0026688418882290232,5.300074629804971,0.0,0.0,1.0
2023-07-05,-0.006238945444201893,5.26700775333942,0.00036467900463225196,0.729358009264504,0.9999999999999998
2023-07-06,-0.01285874603139292,5.199280638293851,0.0,0.0,0.9999999999999998
2023-07-07,0.0033073569734722863,5.216476515369951,0.0,0.0,0.9999999999999998
2023-07-10,0.018651161814798867,5.313769862961214,0.0,0.0,0.9999999999999998
2023-07-11,0.004584696392940124,5.338131884484846,0.0,0.0,0.9999999999999999
2023-07-12,0.012206219253133144,5.403290292669008,0.0,0.0,0.9999999999999999
2023-07-13,0.009517946977596337,5.454718523179193,0.0,0.0,0.9999999999999999
2023-07-14,-0.005041089025314305,5.427220801495816,0.0,0.0,0.9999999999999999
2023-07-17,0.007989581691606906,5.470582025447754,0.0,0.0,0.9999999999999999
2023-07-18,0.004547472724639956,5.495459347996383,0.0,0.0,0.9999999999999999
2023-07-19,-0.004635038825308135,5.469987680555517,0.0,0.0,0.9999999999999999
2023-07-20,-0.015859885920565864,5.3832342999550065,0.0,0.0,0.9999999999999999
2023-07-21,-0.004634695927805743,5.358284645866581,0.0,0.0,0.9999999999999999
2023-07-24,-0.0004594629424600205,5.355822712636653,0.0,0.0,0.9999999999999999
2023-07-25,0.00940413542514551,5.406189594739358,0.0,0.0,0.9999999999999999
2023-07-26,-0.002469351659276753,5.392839811493223,0.0,0.0,0.9999999999999999
2023-07-27,0.0020485655751858456,5.4038873974835395,0.0,0.0,0.9999999999999999
2023-07-28,0.010182889658176819,5.458914586577327,0.0,0.0,0.9999999999999999
2023-07-31,0.0022132032150263825,5.470996273890894,0.0,0.0,0.9999999999999999
2023-08-01,0.008923552701691984,5.519816997471721,0.0,0.0,0.9999999999999999
2023-08-02,-0.015985985998432595,5.431577280236228,0.00046770145155824734,0.9354029031164947,1.0
2023-08-03,-0.0059583330664995104,5.399214133724149,0.0,0.0,1.0
2023-08-04,-0.003424244421965539,5.380725904843747,0.0,0.0,1.0
2023-08-07,0.019138420341769047,5.483704498954491,0.0,0.0,1.0
2023-08-08,-0.0015332633639616455,5.475296535747453,0.0,0.0,1.0
2023-08-09,-0.01230897235945494,5.407901262029118,0.0,0.0,1.0
2023-08-10,0.0001993443780474724,5.40897929674274,0.0,0.0,1.0
2023-08-11,-0.006267270027992433,5.375079762914233,0.0,0.0,1.0
2023-08-14,0.012738941661307068,5.44355259043887,0.0,0.0,1.0
2023-08-15,-0.008675898311898078,5.396324881708753,0.0,0.0,1.0
2023-08-16,-0.017853266388046518,5.299982856079163,0.0,0.0,1.0
2023-08-17,-0.020849560393945477,5.189480543434465,0.0,0.0,1.0
2023-08-18,-0.0006593956312697102,5.186058622635565,0.0,0.0,1.0
2023-08-21,0.010248076006328821,5.239205745573612,0.0,0.0,1.0
2023-08-22,-0.0029867487139288995,5.223557554551011,0.0,0.0,1.0
2023-08-23,0.015955245668649143,5.3069006985982,0.0,0.0,1.0
2023-08-24,-0.0214631343750582,5.192997975789097,0.0,0.0,1.0
2023-08-25,0.004107151532828368,5.214326405385333,0.0,0.0,1.0
2023-08-28,0.0060806949161409385,5.246033133449659,0.0,0.0,1.0
2023-08-29,0.02083753554794754,5.355347535353626,0.0,0.0,1.0
2023-08-30,0.0014931559798754268,5.363343904550351,0.0,0.0,1.0
2023-08-31,-0.0006347030579024748,5.35993977377355,0.0,0.0,1.0
2023-09-01,-0.00037049433372682294,5.35795394645825,0.0,0.0,1.0
2023-09-05,-0.012537948409926836,5.290776196294792,0.0003700662804400363,0.7401325608800726,0.9999999999999997
2023-09-06,0.0037153924052912846,5.310433505992602,0.0,0.0,0.9999999999999997
2023-09-07,-0.012451269347326765,5.2443118680584195,0.0,0.0,0.9999999999999997
2023-09-08,-0.0025545909283531953,5.230914796534822,0.0,0.0,0.9999999999999997
2023-09-11,0.008001990149293592,5.272772525208488,0.0,0.0,0.9999999999999997
2023-09-12,-0.010886677208126305,5.215369552734666,0.0,0.0,0.9999999999999997
2023-09-13,-0.009373342441057808,5.166484107960217,0.0,0.0,0.9999999999999997
2023-09-14,0.008900668150709334,5.212469268511085,0.0,0.0,0.9999999999999997
2023-09-15,-0.023394786219762098,5.090524664297188,0.0,0.0,0.9999999999999997
2023-09-18,0.002081201819314815,5.101119073489791,0.0,0.0,0.9999999999999997
2023-09-19,-0.004848155875174842,5.076388053083685,0.0,0.0,0.9999999999999997
2023-09-20,-0.014210879709770974,5.004248113101194,0.0,0.0,0.9999999999999997
2023-09-21,-0.02336869060835023,4.887305387218712,0.0,0.0,0.9999999999999997
2023-09-22,5.554717691480526e-05,4.887576863235692,0.0,0.0,0.9999999999999997
2023-09-25,0.0045695585896896596,4.909910932073859,0.0,0.0,0.9999999999999997
2023-09-26,-0.010397882630705624,4.858858254474937,0.0,0.0,0.9999999999999997
2023-09-27,0.009517315677697535,4.905101542315961,0.0,0.0,0.9999999999999997
2023-09-28,0.015113834432519235,4.979236434901219,0.0,0.0,0.9999999999999997
2023-09-29,-0.012590115406784785,4.9165472735481455,0.0,0.0,0.9999999999999997
2023-10-02,-0.00127231644046788,4.910291869621672,0.0,0.0,0.9999999999999997
2023-10-03,-0.020909237140250947,4.8076214124919066,0.00031581420212271877,0.6316284042454375,1.0
2023-10-04,0.0025064428995511534,4.819671441044977,0.0,0.0,1.0
2023-10-05,-0.0032612820442808887,4.803953133114963,0.0,0.0,1.0
2023-10-06,0.01938198070920527,4.897063260068924,0.0,0.0,1.0
2023-10-09,0.006457594623123564,4.928686509446241,0.0,0.0,1.0
2023-10-10,0.007554018646229288,4.965917899240017,0.0,0.0,1.0
2023-10-11,0.005310691354976083,4.992290356497032,0.0,0.0,1.0
2023-10-12,-0.009130079610623287,4.946710348102867,0.0,0.0,1.0
2023-10-13,-0.014074616514072713,4.877087296947124,0.0,0.0,1.0
2023-10-16,0.009677680753406692,4.924286190813474,0.0,0.0,1.0
2023-10-17,0.002480078141469555,4.936498805357651,0.0,0.0,1.0
2023-10-18,-0.019154395635093135,4.841943154187666,0.0,0.0,1.0
2023-10-19,-0.004500372494561922,4.820152606396327,0.0,0.0,1.0
2023-10-20,-0.01927201705899828,4.727258543138882,0.0,0.0,1.0
2023-10-23,0.009161187987805519,4.770565847319538,0.0,0.0,1.0
2023-10-24,0.00624864461172514,4.800375417896271,0.0,0.0,1.0
2023-10-25,-0.02051475995515406,4.701896868503507,0.0,0.0,1.0
2023-10-26,-0.021574478128756014,4.600455897350312,0.0,0.0,1.0
2023-10-27,-0.002514797682294234,4.588886681522158,0.0,0.0,1.0
2023-10-30,0.014528745980304958,4.655557450450399,0.0,0.0,1.0
2023-10-31,0.0018167140112146374,4.6640152669006465,0.0,0.0,1.0
2023-11-01,0.014005531301834795,4.729337278713459,0.0,0.0,1.0
2023-11-02,0.019282927281734974,4.820532745549689,0.000479098736145837,0.9581974722916741,0.9999999999999998
2023-11-03,0.014619266430486721,4.891005398093766,0.0,0.0,0.9999999999999998
2023-11-06,0.0037597095908088463,4.909394157997677,0.0,0.0,0.9999999999999998
2023-11-07,0.007054912815675607,4.944029505760137,0.0,0.0,0.9999999999999998
2023-11-08,0.005318499646849828,4.970324324940537,0.0,0.0,0.9999999999999998
2023-11-09,-0.012503277880591801,4.908178978749141,0.0,0.0,0.9999999999999998
2023-11-10,0.025428681279004772,5.032987497660064,0.0,0.0,0.9999999999999998
2023-11-13,0.0014912355974159297,5.040492867777924,0.0,0.0,0.9999999999999998
2023-11-14,0.028466653598250957,5.183978832209412,0.0,0.0,0.9999999999999998
2023-11-15,-0.0022112098746164266,5.172515967025828,0.0,0.0,0.9999999999999998
2023-11-16,0.003884238456232758,5.192607252460427,0.0,0.0,0.9999999999999998
2023-11-17,0.004215781071044145,5.214498147824717,0.0,0.0,0.9999999999999998
2023-11-20,0.008315812373149267,5.257860936042161,0.0,0.0,0.9999999999999998
2023-11-21,-0.0055357084496278075,5.2287549508315445,0.0,0.0,0.9999999999999998
2023-11-22,0.004451931500385697,5.25203300970495,0.0,0.0,0.9999999999999998
2023-11-24,-0.0012369891296224456,5.245536301963527,0.0,0.0,0.9999999999999998
2023-11-27,-0.0029687870536108107,5.229963421701012,0.0,0.0,0.9999999999999998
2023-11-28,-0.0039543064318436905,5.209282543704272,0.0,0.0,0.9999999999999998
2023-11-29,-0.001355195748265814,5.202222946149528,0.0,0.0,0.9999999999999998
2023-11-30,-0.0010550619852326415,5.196734278480341,0.0,0.0,0.9999999999999998
2023-12-01,0.012090217748256027,5.259563927486995,0.0,0.0,0.9999999999999998
2023-12-04,-0.006120927413629906,5.227370518459501,0.00032660605590326234,0.6532121118065247,1.0
2023-12-05,-0.0002463489115669404,5.226082761421921,0.0,0.0,1.0
2023-12-06,-0.008961697088012865,5.179248190757172,0.0,0.0,1.0
2023-12-07,0.0143279278970887,5.253456085395468,0.0,0.0,1.0
2023-12-08,0.009502042820517698,5.3033746500746055,0.0,0.0,1.0
2023-12-11,0.005808031927157842,5.334176819363918,0.0,0.0,1.0
2023-12-12,0.0094714270991898,5.384699086242712,0.0,0.0,1.0
2023-12-13,0.00803330587083706,5.427956021024916,0.0,0.0,1.0
2023-12-14,0.0003992549702371839,5.430123159444539,0.0,0.0,1.0
2023-12-15,0.004587751902327186,5.455035217299152,0.0,0.0,1.0
2023-12-18,0.011930822807497687,5.520118275885407,0.0,0.0,1.0
2023-12-19,0.00690557110673673,5.558237845157131,0.0,0.0,1.0
2023-12-20,-0.01682028358300136,5.464746708379818,0.0,0.0,1.0
2023-12-21,0.013855091207163106,5.540461272448464,0.0,0.0,1.0
2023-12-22,0.0008063455147104825,5.54492879854493,0.0,0.0,1.0
2023-12-26,0.005006336238634779,5.572688576529735,0.0,0.0,1.0
2023-12-27,0.00027650763916708954,5.574229467491845,0.0,0.0,1.0
2023-12-28,-0.0007243574481581305,5.570191732859325,0.0,0.0,1.0
2023-12-29,-0.0036105209415986383,5.5500804389591165,0.0,0.0,1.0
2024-01-02,-0.015858046920327884,5.462067002946509,0.0,0.0,1.0
2024-01-03,-0.01096974940559381,5.402149496687623,0.0004095985679320348,0.8191971358640695,0.9999999999999997
2024-01-04,-0.0004931800428833455,5.3994852643671845,0.0,0.0,0.9999999999999997
2024-01-05,0.006216311075094572,5.43305014441588,0.0,0.0,0.9999999999999997
2024-01-08,0.020319346146382422,5.5434461709309195,0.0,0.0,0.9999999999999997
2024-01-09,0.0025297210099222145,5.557469543176897,0.0,0.0,0.9999999999999997
2024-01-10,0.010265626333902489,5.614520448869194,0.0,0.0,0.9999999999999997
2024-01-11,0.004262635253090785,5.6384531016637425,0.0,0.0,0.9999999999999997
2024-01-12,-0.002590948729643161,5.623844158762834,0.0,0.0,0.9999999999999997
2024-01-16,0.0012484041991518424,5.630864989426009,0.0,0.0,0.9999999999999997
2024-01-17,-0.007207700716771015,5.590279399805683,0.0,0.0,0.9999999999999997
2024-01-18,0.00954490279438458,5.643638073270279,0.0,0.0,0.9999999999999997
2024-01-19,0.01668819048594483,5.737820180470744,0.0,0.0,0.9999999999999997
2024-01-22,-0.0008855390582943601,5.732739116591468,0.0,0.0,0.9999999999999997
2024-01-23,-0.0026875818862143186,5.717331910783324,0.0,0.0,0.9999999999999997
2024-01-24,0.0106522328083003,5.778234261339312,0.0,0.0,0.9999999999999997
2024-01-25,0.006210159575665619,5.814118018167807,0.0,0.0,0.9999999999999997
2024-01-26,-0.0007661802326550671,5.8096633558719635,0.0,0.0,0.9999999999999997
2024-01-29,0.013021992214031552,5.8853167468582726,0.0,0.0,0.9999999999999997
2024-01-30,-0.0018022610014052365,5.874709870004493,0.0,0.0,0.9999999999999997
2024-01-31,-0.017518469321431196,5.77179394537451,0.0,0.0,0.9999999999999997
2024-02-01,0.018035912902230056,5.875893518262903,0.0,0.0,0.9999999999999997
2024-02-02,0.022058706390293503,6.0055081281628935,0.0004672489286970773,0.9344978573941547,0.9999999999999996
2024-02-05,-0.0006611145610336822,6.001537799292959,0.0,0.0,0.9999999999999996
2024-02-06,-0.002526261271750374,5.986376346779659,0.0,0.0,0.9999999999999996
2024-02-07,0.011657273855404826,6.056161175255588,0.0,0.0,0.9999999999999996
2024-02-08,0.0071568340652203855,6.099504115859123,0.0,0.0,0.9999999999999996
2024-02-09,-0.00042066375616289786,6.096938275547014,0.0,0.0,0.9999999999999996
2024-02-12,-0.002329568470884835,6.082735040371369,0.0,0.0,0.9999999999999996
2024-02-13,-0.013883953927821158,5.998282627315709,0.0,0.0,0.9999999999999996
2024-02-14,0.02243063318842542,6.132827904689533,0.0,0.0,0.9999999999999996
2024-02-15,0.001655081518473045,6.142978234810561,0.0,0.0,0.9999999999999996
2024-02-16,-0.012668013023067526,6.06515890653156,0.0,0.0,0.9999999999999996
2024-02-20,-0.012009314548050987,5.9923205054391095,0.0,0.0,0.9999999999999996
2024-02-21,-0.0016838309441521426,5.982230450744773,0.0,0.0,0.9999999999999996
2024-02-22,0.038234053190578265,6.2109553679968466,0.0,0.0,0.9999999999999996
2024-02-23,-0.0018262549438754494,6.199612580049853,0.0,0.0,0.9999999999999996
2024-02-26,-0.003142981190298544,6.1801273143236175,0.0,0.0,0.9999999999999996
2024-02-27,0.00434121534114662,6.206956577830798,0.0,0.0,0.9999999999999996
2024-02-28,-0.00690885780736894,6.164073597418052,0.0,0.0,0.9999999999999996
2024-02-29,0.015031699236580875,6.25673009780659,0.0,0.0,0.9999999999999996
2024-03-01,0.021028927752105186,6.3883024229977865,0.0,0.0,0.9999999999999996
2024-03-04,3.628397984734022e-06,6.388325602301424,0.0004157580758045275,0.831516151609055,0.9999999999999999
2024-03-05,-0.014120001381455416,6.298122435971741,0.0,0.0,0.9999999999999999
2024-03-06,0.004300800156251228,6.325209401928457,0.0,0.0,0.9999999999999999
2024-03-07,0.016904251233480494,6.432132330763029,0.0,0.0,0.9999999999999999
2024-03-08,-0.013267597803836573,6.346793385977411,0.0,0.0,0.9999999999999999
2024-03-11,-0.01210831442987248,6.269944416038562,0.0,0.0,0.9999999999999999
2024-03-12,0.0194447422495323,6.391861869127326,0.0,0.0,0.9999999999999999
2024-03-13,-0.0028326325512254558,6.373756073133899,0.0,0.0,0.9999999999999999
2024-03-14,-0.008058818436834092,6.322391130179844,0.0,0.0,0.9999999999999999
2024-03-15,-0.009281465939361189,6.2637100722497605,0.0,0.0,0.9999999999999999
2024-03-18,0.010687070448240243,6.330650783059246,0.0,0.0,0.9999999999999999
2024-03-19,0.005458756090033878,6.365208261575149,0.0,0.0,0.9999999999999999
2024-03-20,0.013449418008814273,6.450816608198232,0.0,0.0,0.9999999999999999
2024-03-21,0.00572020504536086,6.487716601907144,0.0,0.0,0.9999999999999999
2024-03-22,0.003379074651974401,6.509639080625842,0.0,0.0,0.9999999999999999
2024-03-25,-0.0017057658191468317,6.498535160787128,0.0,0.0,0.9999999999999999
2024-03-26,-0.001814195865358803,6.4867455451675395,0.0,0.0,0.9999999999999999
2024-03-27,0.0025338902711729006,6.503182246596014,0.0,0.0,0.9999999999999999
2024-03-28,-0.002745904997927817,6.4853251259626505,0.0,0.0,0.9999999999999999
2024-04-01,0.0013862119062431066,6.494315160868118,0.0,0.0,0.9999999999999999
2024-04-02,-0.010643396360636381,6.4251935905201085,0.00037181466538383266,0.7436293307676652,0.9999999999999999
2024-04-03,0.010798548221638171,6.494576353340701,0.0,0.0,0.9999999999999999
2024-04-04,-0.020342306817018763,6.36246168851449,0.0,0.0,0.9999999999999999
2024-04-05,0.022727854524009716,6.507066792185632,0.0,0.0,0.9999999999999999
2024-04-08,-0.004045767786430066,6.480740710973659,0.0,0.0,0.9999999999999999
2024-04-09,-0.008993431078637593,6.422456616050996,0.0,0.0,0.9999999999999999
2024-04-10,-0.007126125958751284,6.376689381240402,0.0,0.0,0.9999999999999999
2024-04-11,0.014739009798948599,6.470675468515355,0.0,0.0,0.9999999999999999
2024-04-12,-0.017796690324200393,6.355518861013787,0.0,0.0,0.9999999999999999
2024-04-15,-0.0157583685910625,6.255366252214483,0.0,0.0,0.9999999999999999
2024-04-16,0.008104241941137902,6.306061253752858,0.0,0.0,0.9999999999999999
2024-04-17,-0.012676875535562737,6.226120100119399,0.0,0.0,0.9999999999999999
2024-04-18,-0.006698015476200081,6.184417451332119,0.0,0.0,0.9999999999999999
2024-04-19,-0.03881360500147768,5.944377915211869,0.0,0.0,0.9999999999999999
2024-04-22,0.011925428287204776,6.015267167751772,0.0,0.0,0.9999999999999999
2024-04-23,0.027207695598402193,6.178928725795025,0.0,0.0,0.9999999999999999
2024-04-24,-0.006831275568883632,6.136718760948628,0.0,0.0,0.9999999999999999
2024-04-25,0.003798143678089394,6.160026900514738,0.0,0.0,0.9999999999999999
2024-04-26,0.018548377083395406,6.274285402309345,0.0,0.0,0.9999999999999999
2024-04-29,0.0035401322523269663,6.296497202422365,0.0,0.0,0.9999999999999999
2024-04-30,-0.01751499011215174,6.186214116180746,0.0,0.0,0.9999999999999999
2024-05-01,-0.014948556644233113,6.093739144051663,0.0,0.0,0.9999999999999999
2024-05-02,0.010254117399427054,6.156225060636253,0.0003717849206816184,0.7435698413632368,0.9999999999999999
2024-05-03,0.011842657250610511,6.2291311239869875,0.0,0.0,0.9999999999999999
2024-05-06,0.023556404061430003,6.375867053695255,0.0,0.0,0.9999999999999999
2024-05-07,-0.004301506543534339,6.34844121984308,0.0,0.0,0.9999999999999999
2024-05-08,0.0024314290633915547,6.363877004332239,0.0,0.0,0.9999999999999999
2024-05-09,0.006428460992395024,6.404786939414989,0.0,0.0,0.9999999999999999
2024-05-10,-0.0038739860690875094,6.379974884036222,0.0,0.0,0.9999999999999999
2024-05-13,-0.004025878582082698,6.3542898797963545,0.0,0.0,0.9999999999999999
2024-05-14,0.009107217117378053,6.412159777358418,0.0,0.0,0.9999999999999999
2024-05-15,0.02435159806197973,6.568306114965843,0.0,0.0,0.9999999999999999
2024-05-16,-0.015118344749151191,6.469004198701831,0.0,0.0,0.9999999999999999
2024-05-17,0.0017802949945515678,6.4805209344965125,0.0,0.0,0.9999999999999999
2024-05-20,0.01114076770321426,6.552718912823555,0.0,0.0,0.9999999999999999
2024-05-21,0.003339357205218496,6.574600781938863,0.0,0.0,0.9999999999999999
2024-05-22,-0.008154239701733346,6.52098991121973,0.0,0.0,0.9999999999999999
2024-05-23,-0.0026510052639804327,6.503702732638724,0.0,0.0,0.9999999999999999
2024-05-24,0.020003668196677538,6.633800644152253,0.0,0.0,0.9999999999999999
2024-05-28,0.008693907012168989,6.69147429008978,0.0,0.0,0.9999999999999999
2024-05-29,-0.01494937566730059,6.5914409271591445,0.0,0.0,0.9999999999999999
2024-05-30,-0.005542685292444505,6.554906644476163,0.0,0.0,0.9999999999999999
2024-05-31,-0.0016778605699278026,6.543908425077839,0.0,0.0,0.9999999999999999
2024-06-03,-0.003039816942214779,6.5240161413789854,0.0,0.0,0.9999999999999999
2024-06-04,-0.0023086100537387244,6.508954732124244,0.0003755032886588165,0.751006577317633,0.9999999999999999
2024-06-05,0.019949856375180097,6.638807444182672,0.0,0.0,0.9999999999999999
2024-06-06,-0.008248090646169826,6.584049958600586,0.0,0.0,0.9999999999999999
2024-06-07,-0.000894912692789962,6.578157808722671,0.0,0.0,0.9999999999999999
2024-06-10,0.011511184634428906,6.6538801978132875,0.0,0.0,0.9999999999999999
2024-06-11,-0.0037021307981134344,6.629246663006006,0.0,0.0,0.9999999999999999
2024-06-12,0.006232377759037844,6.6705626324677,0.0,0.0,0.9999999999999999
2024-06-13,0.008705258768807012,6.728631606316865,0.0,0.0,0.9999999999999999
2024-06-14,-0.008787776254978064,6.669501897258379,0.0,0.0,0.9999999999999999
2024-06-17,0.013605926910437827,6.760246652601503,0.0,0.0,0.9999999999999999
2024-06-18,0.014504650458766033,6.8583016673125305,0.0,0.0,0.9999999999999999
2024-06-20,-0.011732873180139602,6.777834083618813,0.0,0.0,0.9999999999999999
2024-06-21,-0.009474084851542885,6.7136203084009285,0.0,0.0,0.9999999999999999
2024-06-24,-0.005086116739507762,6.679474051767671,0.0,0.0,0.9999999999999999
2024-06-25,0.012867482371066608,6.765422066376789,0.0,0.0,0.9999999999999999
2024-06-26,-0.007306796151618555,6.715988506458111,0.0,0.0,0.9999999999999999
2024-06-27,-0.002960433730231915,6.696106267551743,0.0,0.0,0.9999999999999999
2024-06-28,-0.0055221819370969705,6.659129150472187,0.0,0.0,0.9999999999999999
2024-07-01,-0.0013647012642044043,6.650041428502037,0.0,0.0,0.9999999999999999
2024-07-02,0.006417574789830738,6.692718566724922,0.00021606545962697544,0.43213091925395086,0.9999999999999998
2024-07-03,0.011368260964605525,6.768803137954112,0.0,0.0,0.9999999999999998
2024-07-05,-0.0032712489925553756,6.746660697508275,0.0,0.0,0.9999999999999998
2024-07-08,0.0052045928333745994,6.781774319423736,0.0,0.0,0.9999999999999998
2024-07-09,-0.003564406076763782,6.757601321828341,0.0,0.0,0.9999999999999998
2024-07-10,0.009434694056799753,6.821357222857618,0.0,0.0,0.9999999999999998
2024-07-11,-0.012083690856960039,6.738930050951715,0.0,0.0,0.9999999999999998
2024-07-12,0.004944636443373174,6.772251610070993,0.0,0.0,0.9999999999999998
2024-07-15,-0.005694951156609118,6.733683967931371,0.0,0.0,0.9999999999999998
2024-07-16,-0.0014662764596183875,6.7238105256426834,0.0,0.0,0.9999999999999998
2024-07-17,-0.04071003002781348,6.450083997242442,0.0,0.0,0.9999999999999998
2024-07-18,-0.0054534896273483735,6.4149085310679546,0.0,0.0,0.9999999999999998
2024-07-19,-0.003918227191353041,6.389773462031481,0.0,0.0,0.9999999999999997
2024-07-22,0.016864234240371756,6.497532098438092,0.0,0.0,0.9999999999999998
2024-07-23,0.0021787949334040047,6.511688888453799,0.0,0.0,0.9999999999999998
2024-07-24,-0.03774898411314109,6.265879248053839,0.0,0.0,0.9999999999999997
2024-07-25,-0.01224346020901057,6.189163204805826,0.0,0.0,0.9999999999999997
2024-07-26,0.012686639003875566,6.2676828841212675,0.0,0.0,0.9999999999999997
2024-07-29,-0.0032927095988057875,6.247045224526451,0.0,0.0,0.9999999999999997
2024-07-30,-0.012817683348863018,6.1669725769724435,0.0,0.0,0.9999999999999997
2024-07-31,0.03777441437818152,6.399926354553883,0.0,0.0,0.9999999999999997
2024-08-01,-0.02431495938527739,6.2443124051741385,0.0,0.0,0.9999999999999997
2024-08-02,-0.03367529054572049,6.0340333706716525,0.00033206259463754075,0.6641251892750815,0.9999999999999997
2024-08-05,-0.021237371212472378,5.905886364070253,0.0,0.0,0.9999999999999997
2024-08-06,0.030921527187786735,6.08850538984483,0.0,0.0,0.9999999999999997
2024-08-07,-0.018629777215729337,5.975077890855253,0.0,0.0,0.9999999999999997
2024-08-08,0.03343742813232908,6.174869128415795,0.0,0.0,0.9999999999999997
2024-08-09,0.00920303912700593,6.2316966906087465,0.0,0.0,0.9999999999999997
2024-08-12,0.007064879431258664,6.275722876380071,0.0,0.0,0.9999999999999997
2024-08-13,0.01552691325571387,6.373165481098523,0.0,0.0,0.9999999999999997
2024-08-14,0.0065733652446664514,6.4150586255704845,0.0,0.0,0.9999999999999998
2024-08-15,0.025445912391057757,6.57829564534025,0.0,0.0,0.9999999999999998
2024-08-16,-0.004785135979741506,6.546817606162356,0.0,0.0,0.9999999999999998
2024-08-19,0.011026619393444959,6.619006872143812,0.0,0.0,0.9999999999999998
2024-08-20,-0.003895061403802358,6.593225433944622,0.0,0.0,0.9999999999999998
2024-08-21,0.010117715018859164,6.659933809940368,0.0,0.0,0.9999999999999998
2024-08-22,-0.007728395895059137,6.608463204822259,0.0,0.0,0.9999999999999998
2024-08-23,0.007916986633788925,6.660782319684723,0.0,0.0,0.9999999999999998
2024-08-26,-0.011694812024983348,6.582885722516678,0.0,0.0,0.9999999999999998
2024-08-27,0.005550483442138043,6.619423920720994,0.0,0.0,0.9999999999999998
2024-08-28,-0.01671776015473525,6.508761979251863,0.0,0.0,0.9999999999999998
2024-08-29,0.0016839681886009483,6.5197225273721,0.0,0.0,0.9999999999999998
2024-08-30,0.010763689208917793,6.589898794385112,0.0,0.0,0.9999999999999998
2024-09-03,-0.04033076207886743,6.324123153984951,0.0,0.0,0.9999999999999997
2024-09-04,-0.0014248993480270311,6.315111915025995,0.00042887598698015077,0.8577519739603016,0.9999999999999999
2024-09-05,-0.010793597933681842,6.246949136109001,0.0,0.0,0.9999999999999999
2024-09-06,-0.02504100347592364,6.090519261077778,0.0,0.0,0.9999999999999999
2024-09-09,0.02013030837900387,6.213123291991536,0.0,0.0,0.9999999999999999
2024-09-10,0.0024952297659224243,6.22862646216906,0.0,0.0,0.9999999999999999
2024-09-11,0.022929449527659296,6.371445438260008,0.0,0.0,0.9999999999999999
2024-09-12,0.013457532161934349,6.457189370163403,0.0,0.0,0.9999999999999999
2024-09-13,0.019311662166922483,6.581888429827841,0.0,0.0,0.9999999999999999
2024-09-16,0.004160250021324918,6.609270731308391,0.0,0.0,0.9999999999999999
2024-09-17,0.0008194674807118218,6.614686813743918,0.0,0.0,0.9999999999999999
2024-09-18,-0.0019898728231313445,6.601524428219724,0.0,0.0,0.9999999999999999
2024-09-19,0.02005693865077607,6.733930798678126,0.0,0.0,0.9999999999999999
2024-09-20,0.021927956951408145,6.881592143345302,0.0,0.0,0.9999999999999999
2024-09-23,0.008107646270304691,6.937385658220054,0.0,0.0,0.9999999999999999
2024-09-24,-0.0023465287047153005,6.921106883637361,0.0,0.0,0.9999999999999999
2024-09-25,0.005892180195943952,6.96188729255114,0.0,0.0,0.9999999999999999
2024-09-26,-0.008210108940288507,6.904729439449285,0.0,0.0,0.9999999999999999
2024-09-27,0.001214830349959506,6.913117514330586,0.0,0.0,0.9999999999999999
2024-09-30,0.005416957121507915,6.950565575481661,0.0,0.0,0.9999999999999999
2024-10-01,-0.003951696995363463,6.923099046380953,0.0,0.0,0.9999999999999999
2024-10-02,0.0057291087182511635,6.962762233484891,0.0004144078085560433,0.8288156171120865,0.9999999999999999
2024-10-03,0.005931519263729479,7.004061991801574,0.0,0.0,0.9999999999999999
2024-10-04,0.01857196410134998,7.134141179676943,0.0,0.0,0.9999999999999999
2024-10-07,-0.013224959664995817,7.03979245033133,0.0,0.0,0.9999999999999999
2024-10-08,0.012022962259201853,7.124431609274277,0.0,0.0,0.9999999999999999
2024-10-09,0.006605260774064758,7.171490337920523,0.0,0.0,0.9999999999999999
2024-10-10,-0.004175828522712477,7.141543424017078,0.0,0.0,0.9999999999999999
2024-10-11,0.007865069211919096,7.197712157326897,0.0,0.0,0.9999999999999999
2024-10-14,0.007825492433516601,7.254037799352689,0.0,0.0,0.9999999999999999
2024-10-15,-0.012416905552304902,7.163965097125277,0.0,0.0,0.9999999999999999
2024-10-16,0.008798269107599843,7.226995589927238,0.0,0.0,0.9999999999999999
2024-10-17,-0.0031713149384353656,7.204076510852896,0.0,0.0,0.9999999999999999
2024-10-18,0.012649446313407253,7.295204089914608,0.0,0.0,0.9999999999999999
2024-10-21,-0.0032307067451586846,7.271635424854012,0.0,0.0,0.9999999999999999
2024-10-22,-0.01308640596516819,7.176475851653675,0.0,0.0,0.9999999999999999
2024-10-23,-0.007905895952504793,7.119739380264837,0.0,0.0,0.9999999999999999
2024-10-24,0.002098387913819222,7.134679355329928,0.0,0.0,0.9999999999999999
2024-10-25,0.003113255759354061,7.156891436924053,0.0,0.0,0.9999999999999999
2024-10-28,0.004639320772456879,7.190094552033593,0.0,0.0,0.9999999999999999
2024-10-29,0.0021715316683610375,7.205708070051845,0.0,0.0,0.9999999999999999
2024-10-30,-0.010757821698564873,7.128190347422317,0.0,0.0,0.9999999999999999
2024-10-31,-0.025657283549028076,6.945300346487057,0.0,0.0,0.9999999999999999
2024-11-01,-0.005047641951842707,6.910242957089982,0.0,0.0,0.9999999999999999
2024-11-04,-0.005959516607957904,6.86906124942218,0.0002289781959248946,0.45795639184978915,0.9999999999999999
2024-11-05,0.03214946104534988,7.0898978664786005,0.0,0.0,0.9999999999999999
2024-11-06,0.027682152966580276,7.286161503735893,0.0,0.0,0.9999999999999999
2024-11-07,0.008808316027714369,7.350340316889765,0.0,0.0,0.9999999999999999
2024-11-08,0.01090909656238992,7.430525889173143,0.0,0.0,0.9999999999999999
2024-11-11,-0.0010194477181979522,7.422950856510415,0.0,0.0,0.9999999999999999
2024-11-12,-0.010498948267969377,7.345017679472233,0.0,0.0,0.9999999999999999
2024-11-13,-0.00395953304280916,7.315934839270345,0.0,0.0,0.9999999999999999
2024-11-14,-0.006722225707797569,7.26675547401723,0.0,0.0,0.9999999999999999
2024-11-15,-0.0031271413771246648,7.2440313022969836,0.0,0.0,0.9999999999999999
2024-11-18,-5.767474037843279e-05,7.2436135046723304,0.0,0.0,0.9999999999999999
2024-11-19,0.011045308580072799,7.323621451066219,0.0,0.0,0.9999999999999999
2024-11-20,-0.002289524896867956,7.306853837418767,0.0,0.0,0.9999999999999999
2024-11-21,0.014825046497102257,7.4151782853060295,0.0,0.0,0.9999999999999999
2024-11-22,0.0052988408549099475,7.4544701349506495,0.0,0.0,0.9999999999999999
2024-11-25,0.001893599030559967,7.4685859123715295,0.0,0.0,0.9999999999999999
2024-11-26,0.011291157452277378,7.552914891853978,0.0,0.0,0.9999999999999999
2024-11-27,-0.01286112132648376,7.4557759370612375,0.0,0.0,0.9999999999999999
2024-11-29,0.009702986650789613,7.52811923144982,0.0,0.0,0.9999999999999999
2024-12-02,-0.0030147399094442306,7.505423909959714,0.0,0.0,0.9999999999999999
2024-12-03,0.005623482282830716,7.5476305283425065,0.00036548923488817926,0.7309784697763586,0.9999999999999999
2024-12-04,0.011999140911516326,7.6381956106001505,0.0,0.0,0.9999999999999999
2024-12-05,0.000239579403388257,7.640025564947501,0.0,0.0,0.9999999999999999
2024-12-06,0.009463709431168699,7.7123285469408644,0.0,0.0,0.9999999999999999
2024-12-09,-0.030485024144563333,7.477218024976567,0.0,0.0,0.9999999999999999
2024-12-10,-0.011030492511110324,7.394740627548124,0.0,0.0,0.9999999999999999
2024-12-11,0.015536353974098027,7.509627935484356,0.0,0.0,0.9999999999999999
2024-12-12,-0.006766194114024016,7.4588163351487715,0.0,0.0,0.9999999999999999
2024-12-13,0.015794550401049046,7.576624985686446,0.0,0.0,0.9999999999999999
2024-12-16,0.009461683490910255,7.648312613230333,0.0,0.0,0.9999999999999999
2024-12-17,-0.014278000700257865,7.5391100003828395,0.0,0.0,0.9999999999999999
2024-12-18,-0.03932180827443643,7.242658562387899,0.0,0.0,0.9999999999999999
2024-12-19,0.007697992867933268,7.298412496346038,0.0,0.0,0.9999999999999999
2024-12-20,0.019862803590723566,7.4433794302850425,0.0,0.0,0.9999999999999999
2024-12-23,0.009209760313881876,7.511931170763246,0.0,0.0,0.9999999999999999
2024-12-24,0.016735972507396557,7.637650644314595,0.0,0.0,0.9999999999999999
2024-12-26,0.00031653265036934997,7.6400682101156345,0.0,0.0,0.9999999999999999
2024-12-27,-0.014875031522242121,7.526421954658084,0.0,0.0,0.9999999999999999
2024-12-30,-0.010529686505672653,7.447171090966123,0.0,0.0,0.9999999999999999
2024-12-31,-0.009264302656173173,7.378178244047109,0.0,0.0,0.9999999999999999
2025-01-02,0.0076358576527433275,7.434516962855221,0.0,0.0,0.9999999999999999
2025-01-03,0.01940016018908608,7.57874778286309,0.00031670308249528664,0.6334061649905732,0.9999999999999998
2025-01-06,0.004123805508671863,7.610001064718895,0.0,0.0,0.9999999999999998
2025-01-07,-0.0166928290956615,7.482968617527741,0.0,0.0,0.9999999999999998
2025-01-08,0.0038281536935147464,7.5116145714793845,0.0,0.0,0.9999999999999998
2025-01-10,0.004146403101990215,7.542760753439522,0.0,0.0,0.9999999999999998
2025-01-13,-0.013197389756561706,7.443215999935884,0.0,0.0,0.9999999999999998
2025-01-14,0.014324797994758498,7.54983856556632,0.0,0.0,0.9999999999999998
2025-01-15,0.01739992410538349,7.681205183615071,0.0,0.0,0.9999999999999998
2025-01-16,0.008653526445507653,7.747674695804855,0.0,0.0,0.9999999999999998
2025-01-17,0.009431789303360416,7.8207491311266635,0.0,0.0,0.9999999999999998
2025-01-21,0.018805587611528285,7.96782291409985,0.0,0.0,0.9999999999999998
2025-01-22,0.012332927788239134,8.066089498728921,0.0,0.0,0.9999999999999998
2025-01-23,0.010852701853939939,8.153628363185822,0.0,0.0,0.9999999999999998
2025-01-24,-0.0049184666371390184,8.113525014109863,0.0,0.0,0.9999999999999998
2025-01-27,-0.057259268021030874,7.648950510731607,0.0,0.0,0.9999999999999998
2025-01-28,0.02663646291644528,7.852691497360436,0.0,0.0,0.9999999999999998
2025-01-29,0.007432205358972821,7.911054313189478,0.0,0.0,0.9999999999999998
2025-01-30,0.023834310266708014,8.099608836226814,0.0,0.0,0.9999999999999998
2025-01-31,-0.020820081386236255,7.930974321059893,0.0,0.0,0.9999999999999998
2025-02-03,-0.0023964255602144657,7.911968331479501,0.0,0.0,0.9999999999999998
2025-02-04,0.015410626086269197,8.033896717042335,0.0003783283987224847,0.7566567974449694,0.9999999999999998
2025-02-05,0.014487733514579881,8.150289671762502,0.0,0.0,0.9999999999999998
2025-02-06,0.0040383815776439125,8.18320365142541,0.0,0.0,0.9999999999999998
2025-02-07,-0.0066881769472108,8.128472937409615,0.0,0.0,0.9999999999999998
2025-02-10,0.006688071818668817,8.182836748191116,0.0,0.0,0.9999999999999998
2025-02-11,-0.0181971515314171,8.033932427927434,0.0,0.0,0.9999999999999998
2025-02-12,-0.003941312363538896,8.002268190721407,0.0,0.0,0.9999999999999998
2025-02-13,0.0076072947784706635,8.063143803744603,0.0,0.0,0.9999999999999998
2025-02-14,0.005653802860206003,8.108731229244468,0.0,0.0,0.9999999999999998
2025-02-18,0.009434489560447679,8.185232969375251,0.0,0.0,0.9999999999999998
2025-02-19,-0.015509983076439582,8.058280144543525,0.0,0.0,0.9999999999999998
2025-02-20,-0.027196270461756322,7.839124978275919,0.0,0.0,0.9999999999999997
2025-02-21,-0.04010181447382233,7.524761842759991,0.0,0.0,0.9999999999999997
2025-02-24,-0.02582527700707471,7.330432783758448,0.0,0.0,0.9999999999999997
2025-02-25,-0.011362258397722313,7.24714251230225,0.0,0.0,0.9999999999999997
2025-02-26,0.024668142472450194,7.425916056313873,0.0,0.0,0.9999999999999997
2025-02-27,-0.037101689301963,7.150402026010057,0.0,0.0,0.9999999999999997
2025-02-28,0.022889970659822456,7.3140745185913625,0.0,0.0,0.9999999999999997
2025-03-03,-0.03188808249466801,7.080842706970372,0.0,0.0,0.9999999999999997
2025-03-04,-0.029096477654464326,6.874815125372232,0.00029733045431332963,0.5946609086266592,0.9999999999999998
2025-03-05,0.01718204312065552,6.992938495302912,0.0,0.0,0.9999999999999998
2025-03-06,-0.05049782573764805,6.639810305773015,0.0,0.0,0.9999999999999998
2025-03-07,0.002393679042716368,6.655703880549556,0.0,0.0,0.9999999999999998
2025-03-10,-0.04980018681544118,6.324248583909931,0.0,0.0,0.9999999999999997
2025-03-11,0.013174014457285388,6.4075643261858275,0.0,0.0,0.9999999999999998
2025-03-12,0.02156717935005026,6.545757415205661,0.0,0.0,0.9999999999999998
2025-03-13,-0.021079005985782162,6.407779355469063,0.0,0.0,0.9999999999999998
2025-03-14,0.03409871811070753,6.626276417426813,0.0,0.0,0.9999999999999998
2025-03-17,0.013657530507080962,6.71677498974617,0.0,0.0,0.9999999999999998
2025-03-18,-0.020639443422758474,6.578144492361905,0.0,0.0,0.9999999999999998
2025-03-19,0.027627841667832387,6.759884426865003,0.0,0.0,0.9999999999999998
2025-03-20,-0.0013502628584385334,6.750756805996071,0.0,0.0,0.9999999999999998
2025-03-21,0.004261864018221928,6.779527613523313,0.0,0.0,0.9999999999999998
2025-03-24,0.036980272537694425,7.03023639234823,0.0,0.0,0.9999999999999998
2025-03-25,0.0007490292572875923,7.035502245091747,0.0,0.0,0.9999999999999998
2025-03-26,-0.027713051314136705,6.840527010352796,0.0,0.0,0.9999999999999998
2025-03-27,-0.019842609614435402,6.704793103329364,0.0,0.0,0.9999999999999998
2025-03-28,-0.02453129159871148,6.540315868602562,0.0,0.0,0.9999999999999998
2025-03-31,-0.0025864761260662172,6.523399497751489,0.0,0.0,0.9999999999999998
2025-04-01,0.013046189665995023,6.6085050048662115,0.0,0.0,0.9999999999999998
2025-04-02,0.010066227003658224,6.675027716400007,0.0005172621355062991,1.0345242710125981,0.9999999999999999
2025-04-03,-0.05148301810335332,6.3313771436362005,0.0,0.0,0.9999999999999999
2025-04-04,-0.07157897796141732,5.878183638606443,0.0,0.0,0.9999999999999999
2025-04-07,0.011851933469118503,5.947851480010468,0.0,0.0,0.9999999999999999
2025-04-08,-0.013638905006133517,5.866729298684015,0.0,0.0,0.9999999999999999
2025-04-09,0.10283662321740206,6.470043929091276,0.0,0.0,0.9999999999999999
2025-04-10,-0.034687420333799124,6.245614795744742,0.0,0.0,0.9999999999999999
2025-04-11,0.015490389960938433,6.342361804476634,0.0,0.0,0.9999999999999999
2025-04-14,0.012765882582263632,6.423327650566817,0.0,0.0,0.9999999999999999
2025-04-15,0.013835519906710836,6.51219772814356,0.0,0.0,0.9999999999999999
2025-04-16,-0.016371314354550415,6.405584491997133,0.0,0.0,0.9999999999999999
2025-04-17,0.0029501981007460376,6.424482235199591,0.0,0.0,0.9999999999999999
2025-04-21,-0.026305965019563504,6.255480030251623,0.0,0.0,0.9999999999999999
2025-04-22,0.03269744510928985,6.460018245173035,0.0,0.0,0.9999999999999999
2025-04-23,0.025182279969374388,6.622696233230249,0.0,0.0,0.9999999999999999
2025-04-24,0.0253230384314449,6.7904030244641245,0.0,0.0,0.9999999999999999
2025-04-25,0.0038326124439855835,6.816428007595364,0.0,0.0,0.9999999999999999
2025-04-28,0.008366151558744761,6.873455277396179,0.0,0.0,0.9999999999999999
2025-04-29,0.0073723504435661,6.924128798459322,0.0,0.0,0.9999999999999999
2025-04-30,0.0037696654225440884,6.950230447372117,0.0,0.0,0.9999999999999999
2025-05-01,0.003501273945293093,6.974565108151283,0.0,0.0,0.9999999999999999
2025-05-02,0.022853159402117962,7.133955956328315,0.00024005919911637035,0.4801183982327407,0.9999999999999997
2025-05-05,0.0013630619819313683,7.143679980473159,0.0,0.0,0.9999999999999997
2025-05-06,-0.007621665977822545,7.089233237809535,0.0,0.0,0.9999999999999997
2025-05-07,0.00200615858658848,7.103455363941896,0.0,0.0,0.9999999999999997
2025-05-08,0.002644338358251952,7.122239303436898,0.0,0.0,0.9999999999999997
2025-05-09,-0.0034637803312231874,7.0975694310233886,0.0,0.0,0.9999999999999997
2025-05-12,0.017791795086137707,7.223847931949791,0.0,0.0,0.9999999999999997
2025-05-13,0.014787463885985508,7.33067032236135,0.0,0.0,0.9999999999999997
2025-05-14,0.0012983554780816586,7.340188138332398,0.0,0.0,0.9999999999999997
2025-05-15,0.007396611887027005,7.3944806611694025,0.0,0.0,0.9999999999999997
2025-05-16,0.010425101075645538,7.471568869464,0.0,0.0,0.9999999999999997
2025-05-19,0.007966030270282642,7.531087613244652,0.0,0.0,0.9999999999999997
2025-05-20,-0.000673755384213437,7.526013502416245,0.0,0.0,0.9999999999999997
2025-05-21,-0.019078312635428918,7.382429863918689,0.0,0.0,0.9999999999999997
2025-05-22,-0.001225827023346171,7.37338028189354,0.0,0.0,0.9999999999999997
2025-05-23,0.004425515589707718,7.406011291279904,0.0,0.0,0.9999999999999997
2025-05-27,0.01884634843121935,7.545587560560909,0.0,0.0,0.9999999999999997
2025-05-28,-0.0021805379325400276,7.529134120661804,0.0,0.0,0.9999999999999997
2025-05-29,-0.006946304383633306,7.476834463314488,0.0,0.0,0.9999999999999997
2025-05-30,0.010754069489512741,7.557240860694556,0.0,0.0,0.9999999999999997
2025-06-02,0.008275563605537828,7.619781288119603,0.0,0.0,0.9999999999999997
2025-06-03,0.004777231085706823,7.656182744155496,0.00022533960432040485,0.4506792086408097,0.9999999999999999
2025-06-04,-0.003096192555315125,7.632477728140909,0.0,0.0,0.9999999999999999
2025-06-05,-0.004680552968425289,7.596753511854019,0.0,0.0,0.9999999999999999
2025-06-06,0.00953081965955982,7.669156799573628,0.0,0.0,0.9999999999999999
2025-06-09,-0.004858789707243072,7.631893979452626,0.0,0.0,0.9999999999999999
2025-06-10,-0.00267616096914014,7.6114698026642,0.0,0.0,0.9999999999999999
2025-06-11,0.007647422407440541,7.66967792738665,0.0,0.0,0.9999999999999999
2025-06-12,-0.0011313810800542834,7.661000598889495,0.0,0.0,0.9999999999999999
2025-06-13,-0.004815244127820528,7.624111010742463,0.0,0.0,0.9999999999999999
2025-06-16,0.012314152970607228,7.717995479993637,0.0,0.0,0.9999999999999999
2025-06-17,-0.009657036041543665,7.643462519474867,0.0,0.0,0.9999999999999999
2025-06-18,0.0028790579248096915,7.665468490814547,0.0,0.0,0.9999999999999999
2025-06-20,0.003293803075353985,7.690717034503621,0.0,0.0,0.9999999999999999
2025-06-23,0.02056692804620419,7.848891458375974,0.0,0.0,0.9999999999999999
2025-06-24,0.011365191516180317,7.938095612990128,0.0,0.0,0.9999999999999999
2025-06-25,-0.01006161147754503,7.858225579060616,0.0,0.0,0.9999999999999999
2025-06-26,0.007588297570338742,7.917856133129376,0.0,0.0,0.9999999999999999
2025-06-27,0.006012164141611542,7.965459583851415,0.0,0.0,0.9999999999999999
2025-06-30,0.01178409071495845,8.059325282173855,0.0,0.0,0.9999999999999998
2025-07-01,-0.022624203356943373,7.876989468070199,0.0,0.0,0.9999999999999999
2025-07-02,0.002520196194364832,7.896841026950681,0.00031724489421099,0.6344897884219799,0.9999999999999997
2025-07-03,0.015878885445502533,8.022234060998976,0.0,0.0,0.9999999999999996
2025-07-07,0.003803171483915291,8.052743992817062,0.0,0.0,0.9999999999999996
2025-07-08,-0.009555470883976569,7.975796232057581,0.0,0.0,0.9999999999999997
2025-07-09,0.008642642854143512,8.044728190368678,0.0,0.0,0.9999999999999996
2025-07-10,-0.001837508118028186,8.029945937011545,0.0,0.0,0.9999999999999996
2025-07-11,-0.005032296912806267,7.989536864862721,0.0,0.0,0.9999999999999997
2025-07-14,0.015263306255794529,8.111483612873082,0.0,0.0,0.9999999999999996
2025-07-15,-0.007904907761963065,8.047363083100645,0.0,0.0,0.9999999999999996
2025-07-16,-0.0008199210289150383,8.040764880881497,0.0,0.0,0.9999999999999996
2025-07-17,0.007745081743642412,8.103041262165334,0.0,0.0,0.9999999999999996
2025-07-18,0.008362760747399722,8.170805057567131,0.0,0.0,0.9999999999999996
2025-07-21,-0.00046836385887405463,8.166978147780261,0.0,0.0,0.9999999999999996
2025-07-22,-0.013179603851047883,8.059340611132352,0.0,0.0,0.9999999999999996
2025-07-23,0.019269147426585587,8.21463723352933,0.0,0.0,0.9999999999999996
2025-07-24,-0.010074057514505408,8.131882505577959,0.0,0.0,0.9999999999999996
2025-07-25,0.011506313746163954,8.225450497034082,0.0,0.0,0.9999999999999996
2025-07-28,-0.0008795644129938607,8.218215683496048,0.0,0.0,0.9999999999999996
2025-07-29,-0.001796269009833762,8.203453557347654,0.0,0.0,0.9999999999999996
2025-07-30,0.01229455587046635,8.30431137543924,0.0,0.0,0.9999999999999996
2025-07-31,-0.011383694007340295,8.209777635799565,0.0,0.0,0.9999999999999996
2025-08-01,-0.007616744266275344,8.147245859064693,0.0,0.0,0.9999999999999996
2025-08-04,0.01512235958661079,8.270451440585996,0.0002752791886803366,0.5505583773606733,0.9999999999999998
2025-08-05,-0.0015127224660582694,8.257940542887377,0.0,0.0,0.9999999999999998
2025-08-06,0.0010543453473790265,8.266647264077703,0.0,0.0,0.9999999999999998
2025-08-07,-0.008222220388224066,8.198677068400746,0.0,0.0,0.9999999999999998
2025-08-08,-0.005810948504484603,8.15103497815137,0.0,0.0,0.9999999999999998
2025-08-11,-0.0005883484053539334,8.146239329719991,0.0,0.0,0.9999999999999998
2025-08-12,0.021084011973898642,8.317994737290052,0.0,0.0,0.9999999999999998
2025-08-13,-0.007165714519248412,8.25839036163002,0.0,0.0,0.9999999999999998
2025-08-14,-0.007185852320143127,8.199046788089253,0.0,0.0,0.9999999999999998
2025-08-15,-0.004464512237131624,8.162442043371014,0.0,0.0,0.9999999999999998
2025-08-18,0.006991892077461648,8.219512957226799,0.0,0.0,0.9999999999999998
2025-08-19,-0.021730349373509816,8.04090006898617,0.0,0.0,0.9999999999999998
2025-08-20,-0.0006955769617325025,8.03530700414659,0.0,0.0,0.9999999999999998
2025-08-21,-0.00433094514481136,8.000506530289913,0.0,0.0,0.9999999999999998
2025-08-22,0.014427525661242058,8.115934043558605,0.0,0.0,0.9999999999999998
2025-08-25,-0.005848378419950118,8.068468990040518,0.0,0.0,0.9999999999999998
2025-08-26,0.012825584025911274,8.171951817032742,0.0,0.0,0.9999999999999998
2025-08-27,5.320349326898288e-05,8.172386593416233,0.0,0.0,0.9999999999999998
2025-08-28,0.011968849834057549,8.270200661338697,0.0,0.0,0.9999999999999998
2025-08-29,-0.016693008948056143,8.13214612769675,0.0,0.0,0.9999999999999998
2025-09-02,-0.006963285684734033,8.075519670979594,0.0,0.0,0.9999999999999998
2025-09-03,0.0026982352610982474,8.097309322907524,0.0002293991688818031,0.45879833776360623,0.9999999999999998
2025-09-04,0.010038384431168446,8.178593226748953,0.0,0.0,0.9999999999999998
2025-09-05,-0.0006931393727694912,8.172924321769628,0.0,0.0,0.9999999999999998
2025-09-08,0.009936612232682052,8.254135501562109,0.0,0.0,0.9999999999999998
2025-09-09,0.006624227599572263,8.308812773762165,0.0,0.0,0.9999999999999998
2025-09-10,0.042089242846249375,8.658524412361059,0.0,0.0,0.9999999999999998
2025-09-11,0.011160845736480907,8.755160867632975,0.0,0.0,0.9999999999999998
2025-09-12,0.008987266192708177,8.833845828910375,0.0,0.0,0.9999999999999998
2025-09-15,0.009686424919011616,8.91941421327824,0.0,0.0,0.9999999999999998
2025-09-16,-0.009464343840355438,8.83499781030922,0.0,0.0,0.9999999999999998
2025-09-17,-0.005087660684732209,8.790048339300014,0.0,0.0,0.9999999999999998
2025-09-18,0.019735872293860535,8.9635276107813,0.0,0.0,0.9999999999999998
2025-09-19,0.008863953241701417,9.042979900403965,0.0,0.0,0.9999999999999998
2025-09-22,0.008712721737547113,9.121768867954417,0.0,0.0,0.9999999999999998
2025-09-23,-0.009045770606344261,9.039255439250809,0.0,0.0,0.9999999999999998
2025-09-24,-0.011759861235357771,8.932955049614266,0.0,0.0,0.9999999999999998
2025-09-25,-0.01258977536653072,8.820491152180306,0.0,0.0,0.9999999999999998
2025-09-26,0.004267411520040065,8.858131817735531,0.0,0.0,0.9999999999999998
2025-09-29,-0.000774425834815462,8.851271851607676,0.0,0.0,0.9999999999999998
2025-09-30,0.0018011077317476865,8.867213945775406,0.0,0.0,0.9999999999999998
2025-10-01,0.002971631210453518,8.89356403548644,0.0,0.0,0.9999999999999998
2025-10-02,0.007129283896144534,8.956968778343963,0.00029949990589381043,0.5989998117876209,0.9999999999999996
2025-10-03,-0.007035872518141195,8.893948687870564,0.0,0.0,0.9999999999999996
2025-10-06,0.006054208918156556,8.947794511334298,0.0,0.0,0.9999999999999996
2025-10-07,-0.006703215966778919,8.887815512298465,0.0,0.0,0.9999999999999996
2025-10-08,0.012419946277274496,8.998201703483538,0.0,0.0,0.9999999999999996
2025-10-09,-0.0006099087932432967,8.992713621141206,0.0,0.0,0.9999999999999996
2025-10-10,-0.038569382798488205,8.645870207090232,0.0,0.0,0.9999999999999996
2025-10-13,0.02949877991385952,8.900912829492981,0.0,0.0,0.9999999999999996
2025-10-14,0.002808776946062519,8.925913508247373,0.0,0.0,0.9999999999999996
2025-10-15,6.655348099426917e-05,8.9265075588624,0.0,0.0,0.9999999999999996
2025-10-16,-0.01664574875251723,8.777919156800131,0.0,0.0,0.9999999999999996
2025-10-17,0.0016381986341935661,8.792299131973863,0.0,0.0,0.9999999999999996
2025-10-20,0.010737420016673216,8.886705740666098,0.0,0.0,0.9999999999999996
2025-10-21,-0.0005449973950651943,8.881862509186725,0.0,0.0,0.9999999999999996
2025-10-22,-0.017858373397681593,8.723246892030799,0.0,0.0,0.9999999999999996
2025-10-23,0.014221051882970182,8.847300638670328,0.0,0.0,0.9999999999999996
2025-10-24,0.014774463028619067,8.97801475485944,0.0,0.0,0.9999999999999996
2025-10-27,0.00939235169357544,9.06233942694719,0.0,0.0,0.9999999999999996
2025-10-28,-0.015156421483157323,8.924986790968944,0.0,0.0,0.9999999999999996
2025-10-29,0.0129561535272118,9.040620290061076,0.0,0.0,0.9999999999999996
2025-10-30,-0.013550454763655906,8.918115773785214,0.0,0.0,0.9999999999999996
2025-10-31,0.0073477181893963905,8.983643575271397,0.0,0.0,0.9999999999999996
2025-11-03,0.002785676500686396,9.008669100069573,0.0,0.0,0.9999999999999996
2025-11-04,-0.03656024465574126,8.679309953748414,0.0004238020298623783,0.8476040597247566,0.9999999999999998
2025-11-05,0.014422460582846464,8.804486959442658,0.0,0.0,0.9999999999999998
2025-11-06,-0.029834935836183685,8.54180565593717,0.0,0.0,0.9999999999999998
2025-11-07,0.012673041393183038,8.650056312587386,0.0,0.0,0.9999999999999998
2025-11-10,0.02687886793354166,8.88256003383112,0.0,0.0,0.9999999999999998
2025-11-11,-0.01482030819587521,8.75091775656138,0.0,0.0,0.9999999999999998
2025-11-12,-0.002946050033461267,8.725137115011846,0.0,0.0,0.9999999999999998
2025-11-13,-0.04150751893714999,8.362978320981261,0.0,0.0,0.9999999999999998
2025-11-14,0.00327921758987193,8.39040234659514,0.0,0.0,0.9999999999999998
2025-11-17,-0.0129726948816008,8.281556217018894,0.0,0.0,0.9999999999999998
2025-11-18,-0.008174701010363883,8.213856971044244,0.0,0.0,0.9999999999999998
2025-11-19,0.00753403852894774,8.275740485935357,0.0,0.0,0.9999999999999998
2025-11-20,-0.044025063008838905,7.911400489597254,0.0,0.0,0.9999999999999998
2025-11-21,0.0004323647262043373,7.914821100103831,0.0,0.0,0.9999999999999998
2025-11-24,0.03620482987418816,8.201375851517724,0.0,0.0,0.9999999999999998
2025-11-25,0.008067769455979423,8.267542661109607,0.0,0.0,0.9999999999999998
2025-11-26,0.026944502660386727,8.490307486336736,0.0,0.0,0.9999999999999998
2025-11-28,0.012727968036732262,8.598371848644858,0.0,0.0,0.9999999999999998
2025-12-01,-0.010357651134865531,8.509312912708745,0.0,0.0,0.9999999999999998
2025-12-02,0.009007740410691856,8.585962594499774,0.0004162083289862396,0.8324166579724792,1.0
2025-12-03,0.005004897016535947,8.628934453073075,0.0,0.0,1.0
2025-12-04,0.013770310287942511,8.747757557946208,0.0,0.0,1.0
2025-12-05,0.011808583346374801,8.851056182163097,0.0,0.0,1.0
2025-12-08,0.0017381029204006637,8.866440228761945,0.0,0.0,1.0
2025-12-09,0.00975861342259865,8.95296439138901,0.0,0.0,1.0
2025-12-10,0.02066880480567934,9.138011464826826,0.0,0.0,1.0
2025-12-11,0.007249994977306606,9.204262002049392,0.0,0.0,1.0
2025-12-12,-0.02368549599333014,8.98625449127829,0.0,0.0,1.0
2025-12-15,-0.002735465881426702,8.96167289871558,0.0,0.0,1.0
2025-12-16,-0.00043318972621753105,8.957790794086135,0.0,0.0,1.0
2025-12-17,-0.031140773569657054,8.67883825928314,0.0,0.0,1.0
2025-12-18,0.020708311081730546,8.858562341784399,0.0,0.0,1.0
2025-12-19,0.01902059117019661,9.02705743444318,0.0,0.0,1.0
2025-12-22,0.005177659297365134,9.073796462296473,0.0,0.0,1.0
2025-12-23,0.0021960106185978656,9.093722615678672,0.0,0.0,1.0
2025-12-24,0.004019229142760317,9.130272370631786,0.0,0.0,1.0
2025-12-26,-0.0031497888165659127,9.10151394082657,0.0,0.0,1.0
2025-12-29,-0.011046121344642335,9.000977513416245,0.0,0.0,1.0
2025-12-30,-0.0036433338767987156,8.968183947117312,0.0,0.0,1.0
2025-12-31,-0.011328932147801507,8.866583999691418,0.0,0.0,1.0
2026-01-02,0.012420814210941655,8.976714192237294,0.0,0.0,1.0
2026-01-05,0.009952980877614648,9.066059256936445,0.0002791024730257139,0.5582049460514278,0.9999999999999994
2026-01-06,0.024791013647529114,9.290816055704465,0.0,0.0,0.9999999999999994
2026-01-07,-0.015376532030291434,9.147955525036378,0.0,0.0,0.9999999999999994
2026-01-08,-0.01555613235606823,9.005648718101487,0.0,0.0,0.9999999999999994
2026-01-09,0.01631049836591103,9.15253533680205,0.0,0.0,0.9999999999999994
2026-01-12,0.012469883686675454,9.266666387890158,0.0,0.0,0.9999999999999994
2026-01-13,0.008588341758194007,9.346251685788529,0.0,0.0,0.9999999999999994
2026-01-14,-0.006179336070172847,9.288498055625622,0.0,0.0,0.9999999999999994
2026-01-15,0.001344328359935476,9.300984846983004,0.0,0.0,0.9999999999999994
2026-01-16,-0.005225059772052565,9.252386645218563,0.0,0.0,0.9999999999999994
2026-01-20,-0.008176087325215131,9.1767383240406,0.0,0.0,0.9999999999999994
2026-01-21,0.012558078632409542,9.291980525502948,0.0,0.0,0.9999999999999994
2026-01-22,-0.0019036605137676688,9.27429174908185,0.0,0.0,0.9999999999999994
2026-01-23,0.0005782142575381233,9.279654276799738,0.0,0.0,0.9999999999999994
2026-01-26,0.005212116692272728,9.328020917754365,0.0,0.0,0.9999999999999994
2026-01-27,0.008255160078316948,9.405025223644317,0.0,0.0,0.9999999999999994
2026-01-28,0.020852016950231755,9.601138969025106,0.0,0.0,0.9999999999999994
2026-01-29,0.0005911044760444906,9.606814245244822,0.0,0.0,0.9999999999999994
2026-01-30,-0.029341016677611353,9.324940548256379,0.0,0.0,0.9999999999999994
2026-02-02,0.01802814422378818,9.493051921338596,0.0,0.0,0.9999999999999994
2026-02-03,0.0005134234460097975,9.4979258767692,0.00044289929800681634,0.8857985960136328,0.9999999999999998
2026-02-04,-0.03413954887505366,9.173670972087601,0.0,0.0,0.9999999999999998
2026-02-05,-0.02610521202444882,8.934190346318722,0.0,0.0,0.9999999999999998
2026-02-06,0.04669706534269569,9.351390816704848,0.0,0.0,0.9999999999999998
2026-02-09,0.013890164186477705,9.481283170520799,0.0,0.0,0.9999999999999998
2026-02-10,-0.008743824132011802,9.398380497931962,0.0,0.0,0.9999999999999998
2026-02-11,0.004999784716229527,9.445370377102831,0.0,0.0,0.9999999999999998
2026-02-12,-0.019962412521935757,9.256817997212632,0.0,0.0,0.9999999999999998
2026-02-13,0.012715124619578244,9.374519591627946,0.0,0.0,0.9999999999999998
2026-02-17,-0.0036645350395779763,9.340166336105215,0.0,0.0,0.9999999999999998
2026-02-18,0.012690705333796126,9.458699634845368,0.0,0.0,0.9999999999999998
2026-02-19,-0.003502060216158953,9.425574699157579,0.0,0.0,0.9999999999999998
2026-02-20,0.0034491364842708094,9.458084792737663,0.0,0.0,0.9999999999999998
2026-02-23,-0.013905751929253696,9.326563011884007,0.0,0.0,0.9999999999999998
2026-02-24,0.007570135431072655,9.397166356990402,0.0,0.0,0.9999999999999998
2026-02-25,0.022653376434007555,9.610043903888297,0.0,0.0,0.9999999999999998
2026-02-26,-0.000776919928944908,9.602577669261331,0.0,0.0,0.9999999999999998
2026-02-27,-0.004172464895247252,9.562511251032452,0.0,0.0,0.9999999999999998
2026-03-02,0.001234498997936484,9.574316161589609,0.0,0.0,0.9999999999999998
2026-03-03,-0.03284402870844316,9.259857046714648,0.00038110795716685174,0.7622159143337035,0.9999999999999998
2026-03-04,0.01665582959415124,9.414087647750929,0.0,0.0,0.9999999999999998
2026-03-05,-0.02357519835406141,9.19214866413268,0.0,0.0,0.9999999999999998
2026-03-06,-0.029898890492586427,8.917313617832203,0.0,0.0,0.9999999999999998
2026-03-09,0.03555472128266568,9.234366218104347,0.0,0.0,0.9999999999999998
2026-03-10,0.007370408255587657,9.302427267113382,0.0,0.0,0.9999999999999998
2026-03-11,0.005313861849547852,9.35185908047629,0.0,0.0,0.9999999999999998
2026-03-12,-0.028844883933529908,9.082105790737224,0.0,0.0,0.9999999999999998
2026-03-13,-0.0028086956687737308,9.056596919539436,0.0,0.0,0.9999999999999998
2026-03-16,0.027126611886755247,9.302271709190565,0.0,0.0,0.9999999999999998
2026-03-17,0.01930771311223589,9.481877302643685,0.0,0.0,0.9999999999999998
2026-03-18,-0.015053340958537276,9.339143370679974,0.0,0.0,0.9999999999999998
2026-03-19,0.002521184239757668,9.36268907175897,0.0,0.0,0.9999999999999998
2026-03-20,-0.03390581516058422,9.045239466685889,0.0,0.0,0.9999999999999998
2026-03-23,0.016500156900424168,9.194487337088114,0.0,0.0,0.9999999999999998
2026-03-24,0.00601968319294599,9.249835237978939,0.0,0.0,0.9999999999999998
2026-03-25,0.005444767696866748,9.300198442084026,0.0,0.0,0.9999999999999998
2026-03-26,-0.04454301849214293,8.885939530897678,0.0,0.0,0.9999999999999998
2026-03-27,-0.00334784866260196,8.8561907501232,0.0,0.0,0.9999999999999998
2026-03-30,-0.030382498952293835,8.587117543936268,0.0,0.0,0.9999999999999998
2026-03-31,0.053905685124462366,9.050011998386443,0.0,0.0,0.9999999999999998
2026-04-01,0.0340331830072913,9.358012712945712,0.0,0.0,0.9999999999999998
2026-04-02,-0.0008904692991279495,9.349679689923985,0.000216875156621876,0.43375031324375196,0.9999999999999997
2026-04-06,0.006462406953992694,9.410101124969753,0.0,0.0,0.9999999999999997
2026-04-07,0.004156497575836138,9.449214187484063,0.0,0.0,0.9999999999999997
2026-04-08,0.046564339872023686,9.88921060843362,0.0,0.0,0.9999999999999997
2026-04-09,0.009445001675183029,9.982614219196513,0.0,0.0,0.9999999999999997
2026-04-10,0.009621640956472666,10.078663349020601,0.0,0.0,0.9999999999999997
2026-04-13,0.010646441987135491,10.185965253673817,0.0,0.0,0.9999999999999997
2026-04-14,0.021325369478472744,10.403184726203298,0.0,0.0,0.9999999999999997
2026-04-15,-0.002406561418427655,10.378148823212442,0.0,0.0,0.9999999999999997
2026-04-16,0.0026488277737823918,10.405638752055815,0.0,0.0,0.9999999999999997
2026-04-17,0.016103526575591776,10.573206232235552,0.0,0.0,0.9999999999999997
2026-04-20,-0.0018745055942643862,10.553386698003916,0.0,0.0,0.9999999999999997
2026-04-21,-0.014048468767192568,10.405127774588902,0.0,0.0,0.9999999999999997
2026-04-22,0.026859831132142187,10.684607749522723,0.0,0.0,0.9999999999999997
2026-04-23,-0.005096231416913399,10.630156515832208,0.0,0.0,0.9999999999999997
2026-04-24,0.01127222858531951,10.749982069976394,0.0,0.0,0.9999999999999997
2026-04-27,0.010012268590109175,10.857613777799855,0.0,0.0,0.9999999999999997
2026-04-28,-0.022400751594904844,10.614395068649944,0.0,0.0,0.9999999999999997
2026-04-29,-0.004590029949358754,10.565674677390515,0.0,0.0,0.9999999999999997
2026-04-30,0.04655594733908819,11.057569671273045,0.0,0.0,0.9999999999999997
2026-05-01,0.006325798984669451,11.127517634272495,0.0,0.0,0.9999999999999997
2026-05-04,0.007973919592100032,11.21624756514786,0.00031232648912175214,0.6246529782435043,1.0
2026-05-05,0.022620670324868586,11.46996660360118,0.0,0.0,1.0
2026-05-06,0.01151807812459582,11.602078575027964,0.0,0.0,1.0
2026-05-07,-0.02549947041582623,11.306231715641946,0.0,0.0,1.0
2026-05-08,0.019169383719142896,11.522965209816629,0.0,0.0,1.0
2026-05-11,0.0278053618699039,11.843365427289893,0.0,0.0,1.0
2026-05-12,-0.008546331050720335,11.742148105593618,0.0,0.0,1.0
2026-05-13,0.004079968174183435,11.790055696160987,0.0,0.0,1.0
2026-05-14,-8.851866345105375e-05,11.78901205618875,0.0,0.0,1.0
2026-05-15,-0.014580349111510182,11.617124144729715,0.0,0.0,1.0
2026-05-18,-0.022010023705551163,11.361430966913883,0.0,0.0,1.0
2026-05-19,-0.0047721998624089546,11.307211947616807,0.0,0.0,1.0
2026-05-20,0.007266306969898828,11.389373620601898,0.0,0.0,1.0
2026-05-21,0.008600299822429047,11.487325648528738,0.0,0.0,1.0
2026-05-22,-0.0027333427456718296,11.455926850300163,0.0,0.0,1.0
2026-05-26,0.01507299860801048,11.628602019768207,0.0,0.0,1.0
2026-05-27,-0.006431496569273998,11.553812705772616,0.0,0.0,1.0
2026-05-28,0.002823049026380975,11.586429685482637,0.0,0.0,1.0
2026-05-29,-0.003838322364600577,11.541957233294976,0.0,0.0,1.0
2026-06-01,0.009803280291265759,11.655106275162769,0.0,0.0,1.0
2026-06-02,0.0204822442139887,11.893829008230645,0.00019060454489905858,0.38120908979811713,0.9999999999999996
2026-06-03,0.0003228696039467849,11.897669164091944,0.0,0.0,0.9999999999999996
2026-06-04,0.001894995711462455,11.920215196134297,0.0,0.0,0.9999999999999996
2026-06-05,-0.048761316291204615,11.33896981269637,0.0,0.0,0.9999999999999996
2026-06-08,0.009902219639579268,11.451250782268248,0.0,0.0,0.9999999999999996
2026-06-09,-0.012516361442946211,11.307922788503559,0.0,0.0,0.9999999999999996
2026-06-10,-0.021027457670949823,11.07014592072193,0.0,0.0,0.9999999999999996
2026-06-11,0.039499466468967404,11.507410778324063,0.0,0.0,0.9999999999999996
2026-06-12,0.009944292750722283,11.621843839906536,0.0,0.0,0.9999999999999996
2026-06-15,0.022878956284519525,11.88773949706527,0.0,0.0,0.9999999999999996
2026-06-16,-0.010796193960519673,11.759397155702823,0.0,0.0,0.9999999999999996
2026-06-17,-0.006267449047710261,11.685695733197667,0.0,0.0,0.9999999999999996
2026-06-18,0.009005238784136171,11.790928213633872,0.0,0.0,0.9999999999999996
2026-06-22,0.014959261027305937,11.967311786535848,0.0,0.0,0.9999999999999996
2026-06-23,-0.041690403889846794,11.468389724679446,0.0,0.0,0.9999999999999996
2026-06-24,-0.00849971483083467,11.370911682450796,0.0,0.0,0.9999999999999996
2026-06-25,0.027060638699484718,11.678615815173346,0.0,0.0,0.9999999999999996
2026-06-26,-0.03541239136209218,11.265048101358909,0.0,0.0,0.9999999999999996
2026-06-29,0.020501524791214365,11.495998764283142,0.0,0.0,0.9999999999999996
2026-06-30,0.015037115910218501,11.668865430205397,0.0,0.0,0.9999999999999996
2026-07-01,-0.031098832690916844,11.305977336498616,0.0,0.0,0.9999999999999996
2026-07-02,-0.02832339771137271,10.9857536438812,0.00023773565808153402,0.47547131616306804,0.9999999999999999
2026-07-06,0.015719709379525826,11.158446498478078,0.0,0.0,0.9999999999999999
2026-07-07,-0.02049596474087767,10.929743372482301,0.0,0.0,0.9999999999999999
2026-07-08,0.012412227470927295,11.065405833420412,0.0,0.0,0.9999999999999999
2026-07-09,0.019484354275316473,11.28100812087893,0.0,0.0,0.9999999999999999
2026-07-10,0.0038730727297136003,11.324700285795585,0.0,0.0,0.9999999999999999
2026-07-13,-0.019898237281656406,11.099358712365182,0.0,0.0,0.9999999999999999
2026-07-14,0.017469611613925018,11.293260198233837,0.0,0.0,0.9999999999999999
2026-07-15,-0.01066033155853685,11.172870300143837,0.0,0.0,0.9999999999999999
2026-07-16,-0.028989600022894746,10.848973259034986,0.0,0.0,0.9999999999999999
2026-07-17,-0.004096127643231751,10.804534479767971,0.0,0.0,0.9999999999999999
2026-07-20,0.001904582875839278,10.825112611119552,0.0,0.0,0.9999999999999999
2026-07-21,0.03598614663648836,11.2146667008998,0.0,0.0,0.9999999999999999
2026-07-22,0.003033434957038006,11.24868566290184,0.0,0.0,0.9999999999999999
2026-07-23,-0.008668210471060589,11.151179688053006,0.0,0.0,0.9999999999999999
2026-07-24,-0.013729005360645474,10.998085082338205,0.0,0.0,0.9999999999999999
2026-07-27,-0.0035250569425280265,10.959316206164194,0.0,0.0,0.9999999999999999
2026-07-28,-0.023825092391562497,10.698209485003984,0.0,0.0,0.9999999999999999
2026-07-29,-0.02777488640810677,10.401067931787868,0.0,0.0,0.9999999999999998
2026-07-30,0.04147260250649909,10.832427287766,0.0,0.0,0.9999999999999999
2026-07-31,0.00907887468231694,10.930773537616938,0.0,0.0,0.9999999999999999
2026-08-03,0.015389457366294268,11.098992210954712,0.0,0.0,0.9999999999999999
2026-08-04,0.020822891108263075,11.330105317174883,0.00035221370119466595,0.7044274023893319,0.9999999999999999
2026-08-05,-0.010710988901004748,11.208748684875408,0.0,0.0,0.9999999999999999
2026-08-06,-0.01332005252420776,11.059447563662223,0.0,0.0,0.9999999999999999
2026-08-07,0.00013466031745035245,11.060936832381971,0.0,0.0,0.9999999999999999
2026-08-10,0.006592884581617442,11.133860312282428,0.0,0.0,0.9999999999999999
2026-08-11,0.001874434686548243,11.154730006246954,0.0,0.0,0.9999999999999999
2026-08-12,0.026581482194909523,11.45123926329703,0.0,0.0,0.9999999999999999
2026-08-13,0.010089017380622511,11.566771015254101,0.0,0.0,0.9999999999999999
2026-08-14,0.01453676303048379,11.73491442453072,0.0,0.0,0.9999999999999999
2026-08-17,0.015784315264603554,11.920142013410658,0.0,0.0,0.9999999999999999
2026-08-18,-0.026172434987236648,11.608162871526039,0.0,0.0,0.9999999999999999
2026-08-19,-0.0031284233757562507,11.571847623449171,0.0,0.0,0.9999999999999999
2026-08-20,4.8960963924260525e-05,11.572414192263201,0.0,0.0,0.9999999999999999
2026-08-21,0.004824213987087322,11.628241994673886,0.0,0.0,0.9999999999999999
2026-08-24,-0.013847148779949636,11.467223997724378,0.0,0.0,0.9999999999999999
2026-08-25,0.005198642367192363,11.526837994233034,0.0,0.0,0.9999999999999999
2026-08-26,0.005156295153259993,11.586273773115112,0.0,0.0,0.9999999999999999
2026-08-27,-0.0037328009369105297,11.543024519519525,0.0,0.0,0.9999999999999999
2026-08-28,-0.009697038909911693,11.43109136161568,0.0,0.0,0.9999999999999999
2026-08-31,0.00175660993393989,11.451171330257269,0.0,0.0,0.9999999999999999
2026-09-01,-0.006335892628790307,11.378617938234877,0.0,0.0,0.9999999999999999
2026-09-02,0.008891035516532808,11.47978563445278,0.00034125976526692297,0.682519530533846,0.9999999999999996
2026-09-03,0.00485944860752574,11.535571062768815,0.0,0.0,0.9999999999999996
2026-09-04,0.014700915123201375,11.705154513860238,0.0,0.0,0.9999999999999996
2026-09-08,0.008418564928446282,11.803695117132667,0.0,0.0,0.9999999999999996
2026-09-09,-0.009736005221081312,11.688774279844212,0.0,0.0,0.9999999999999996
2026-09-10,-0.017798246597390377,11.480734592790311,0.0,0.0,0.9999999999999996
2026-09-11,0.009721053259164059,11.592339425221153,0.0,0.0,0.9999999999999996
2026-09-14,-0.019709358903419183,11.363861846959214,0.0,0.0,0.9999999999999996
2026-09-15,-0.003173249406925094,11.327801479092972,0.0,0.0,0.9999999999999996
2026-09-16,0.00799338993487253,11.418349013420189,0.0,0.0,0.9999999999999996
2026-09-17,0.01797207976779358,11.623560492705884,0.0005092406602140036,1.0184813204280072,0.9999999999999996
